# Blender 5.0.1
# www.blender.org
mtllib mouse_1.mtl
o Ch14
v 0.007886 0.289882 -0.173520
v 0.006353 0.288523 -0.174841
v 0.003973 0.287465 -0.175900
v 0.000977 0.286811 -0.176595
v -0.002340 0.286625 -0.176857
v -0.005655 0.286926 -0.176660
v -0.008642 0.287683 -0.176024
v -0.011009 0.288823 -0.175011
v -0.012524 0.290233 -0.173721
v -0.013040 0.291778 -0.172279
v -0.012505 0.293304 -0.170826
v -0.010973 0.294662 -0.169506
v -0.008592 0.295720 -0.168447
v -0.005596 0.296374 -0.167752
v -0.002279 0.296560 -0.167490
v 0.001035 0.296260 -0.167687
v 0.004022 0.295503 -0.168323
v 0.006390 0.294363 -0.169335
v 0.007905 0.292952 -0.170626
v 0.008421 0.291408 -0.172068
v 0.017884 0.290111 -0.176849
v 0.014857 0.287427 -0.179457
v 0.010154 0.285337 -0.181550
v 0.004236 0.284045 -0.182922
v -0.002317 0.283678 -0.183439
v -0.008865 0.284271 -0.183051
v -0.014765 0.285766 -0.181795
v -0.019441 0.288018 -0.179794
v -0.022435 0.290806 -0.177245
v -0.023453 0.293856 -0.174397
v -0.022397 0.296870 -0.171528
v -0.019370 0.299554 -0.168919
v -0.014667 0.301644 -0.166827
v -0.008749 0.302936 -0.165455
v -0.002196 0.303304 -0.164937
v 0.004352 0.302710 -0.165326
v 0.010252 0.301215 -0.166582
v 0.014928 0.298963 -0.168582
v 0.017922 0.296175 -0.171132
v 0.018941 0.293125 -0.173980
v 0.027420 0.291636 -0.181400
v 0.022972 0.287694 -0.185233
v 0.016063 0.284623 -0.188307
v 0.007369 0.282725 -0.190323
v -0.002259 0.282185 -0.191082
v -0.011878 0.283057 -0.190512
v -0.020546 0.285254 -0.188667
v -0.027416 0.288562 -0.185728
v -0.031814 0.292657 -0.181982
v -0.033311 0.297138 -0.177798
v -0.031759 0.301567 -0.173583
v -0.027311 0.305510 -0.169751
v -0.020402 0.308581 -0.166676
v -0.011708 0.310479 -0.164661
v -0.002080 0.311018 -0.163901
v 0.007539 0.310147 -0.164471
v 0.016208 0.307949 -0.166316
v 0.023077 0.304641 -0.169255
v 0.027476 0.300546 -0.173001
v 0.028972 0.296065 -0.177186
v 0.040302 0.294352 -0.187023
v 0.030500 0.289317 -0.192024
v 0.021554 0.285341 -0.196005
v 0.012044 0.276674 -0.208965
v -0.002166 0.282184 -0.199598
v -0.014619 0.283312 -0.198859
v -0.025843 0.286157 -0.196470
v -0.034737 0.290440 -0.192665
v -0.040432 0.295742 -0.187816
v -0.042370 0.301544 -0.182398
v -0.040361 0.307278 -0.176941
v -0.034602 0.312383 -0.171980
v -0.025656 0.316358 -0.167999
v -0.014400 0.318816 -0.165389
v -0.001935 0.319514 -0.164405
v 0.010519 0.318386 -0.165144
v 0.021742 0.315541 -0.167533
v 0.030636 0.311259 -0.171338
v 0.036331 0.305957 -0.176187
v 0.038268 0.300155 -0.181606
v 0.044183 0.298396 -0.193697
v 0.037254 0.292256 -0.199665
v 0.026493 0.287473 -0.204454
v 0.012953 0.284516 -0.207593
v -0.002042 0.283675 -0.208776
v -0.017033 0.282217 -0.211212
v -0.030525 0.288454 -0.205013
v -0.041235 0.290792 -0.203761
v -0.048076 0.299985 -0.194602
v -0.050407 0.306965 -0.188084
v -0.047990 0.313863 -0.181520
v -0.041062 0.320004 -0.175551
v -0.030301 0.324787 -0.170763
v -0.016759 0.327743 -0.167623
v -0.001764 0.328584 -0.166439
v 0.013218 0.327226 -0.167328
v 0.026720 0.323804 -0.170202
v 0.037420 0.318651 -0.174779
v 0.044270 0.312273 -0.180613
v 0.046600 0.305294 -0.187131
v 0.051009 0.297285 -0.211506
v 0.043082 0.290259 -0.218335
v 0.030770 0.284787 -0.223813
v 0.015267 0.287584 -0.217037
v -0.001889 0.286620 -0.218390
v -0.019029 0.288172 -0.217373
v -0.034477 0.292088 -0.214085
v -0.046719 0.297983 -0.208848
v -0.054558 0.305281 -0.202174
v -0.057225 0.313267 -0.194717
v -0.054460 0.321160 -0.187206
v -0.046533 0.328186 -0.180377
v -0.034221 0.333658 -0.174899
v -0.018728 0.337040 -0.171306
v -0.001571 0.338002 -0.169952
v 0.015570 0.336449 -0.170969
v 0.031018 0.332533 -0.174257
v 0.043260 0.326638 -0.179494
v 0.051097 0.319341 -0.186169
v 0.053764 0.311355 -0.193626
v 0.056536 0.309499 -0.209203
v 0.047805 0.301762 -0.216725
v 0.034245 0.295736 -0.222759
v 0.017183 0.292010 -0.226714
v -0.001699 0.284769 -0.238572
v -0.020589 0.292658 -0.227084
v -0.037590 0.290791 -0.233831
v -0.051073 0.297284 -0.228063
v -0.059718 0.311501 -0.210345
v -0.067761 0.330133 -0.209166
v -0.059610 0.328988 -0.193860
v -0.050880 0.336726 -0.186339
v -0.037320 0.342753 -0.180305
v -0.020257 0.346478 -0.176349
v -0.001361 0.347537 -0.174858
v 0.017517 0.345827 -0.175977
v 0.034531 0.341515 -0.179598
v 0.048013 0.335022 -0.185367
v 0.056645 0.326985 -0.192717
v 0.059593 0.312012 -0.211299
v 0.060660 0.316353 -0.217695
v 0.051340 0.308095 -0.225724
v 0.036878 0.295484 -0.242532
v 0.018654 0.297686 -0.236387
v -0.001513 0.296553 -0.237977
v -0.021663 0.298378 -0.236781
v -0.039823 0.302980 -0.232916
v -0.054214 0.309911 -0.226759
v -0.063429 0.318490 -0.218914
v -0.066565 0.327878 -0.210148
v -0.068420 0.346993 -0.208352
v -0.053996 0.345416 -0.193290
v -0.039522 0.351849 -0.186850
v -0.021309 0.355825 -0.182627
v -0.001140 0.356955 -0.181035
v 0.019011 0.355130 -0.182230
v 0.037171 0.350527 -0.186095
v 0.051562 0.343597 -0.192252
v 0.060776 0.335018 -0.200098
v 0.063911 0.325630 -0.208865
v 0.063269 0.323858 -0.226404
v 0.053590 0.315282 -0.234742
v 0.038559 0.308603 -0.241431
v 0.019645 0.304473 -0.245815
v -0.001299 0.303296 -0.247467
v -0.022214 0.299012 -0.256594
v -0.041084 0.309970 -0.242211
v -0.056030 0.317167 -0.235817
v -0.073554 0.328932 -0.234566
v -0.068857 0.335827 -0.218566
v -0.065481 0.345462 -0.209396
v -0.055804 0.354040 -0.201059
v -0.040772 0.360721 -0.194371
v -0.021857 0.364850 -0.189985
v -0.000911 0.366024 -0.188332
v 0.020016 0.364128 -0.189573
v 0.038875 0.359347 -0.193587
v 0.053821 0.352151 -0.199981
v 0.069518 0.347905 -0.212465
v 0.072773 0.338156 -0.221570
v 0.064298 0.331829 -0.235115
v 0.054511 0.316966 -0.253924
v 0.039280 0.316383 -0.250329
v 0.020131 0.312202 -0.254769
v -0.001064 0.304832 -0.266809
v -0.022262 0.312929 -0.255184
v -0.041356 0.317767 -0.251119
v -0.056489 0.325054 -0.244646
v -0.066178 0.334075 -0.236397
v -0.069475 0.343946 -0.227179
v -0.066057 0.353702 -0.217896
v -0.056106 0.369201 -0.213201
v -0.041040 0.369150 -0.202683
v -0.021890 0.373331 -0.198242
v -0.000682 0.374520 -0.196568
v 0.020506 0.372600 -0.197825
v 0.039600 0.367760 -0.201889
v 0.054732 0.360474 -0.208363
v 0.070549 0.356117 -0.220949
v 0.067717 0.341584 -0.225830
v 0.063723 0.340069 -0.243614
v 0.054045 0.331492 -0.251951
v 0.039013 0.324813 -0.258640
v 0.020080 0.319374 -0.263231
v -0.000846 0.319507 -0.264678
v -0.021772 0.321402 -0.263436
v -0.040620 0.320001 -0.269790
v -0.055577 0.333377 -0.253028
v -0.065147 0.342287 -0.244880
v -0.068403 0.352036 -0.235776
v -0.070133 0.371509 -0.233640
v -0.055351 0.370249 -0.218270
v -0.040319 0.376930 -0.211581
v -0.021252 0.387874 -0.210942
v -0.000306 0.389048 -0.209289
v 0.020469 0.380337 -0.206783
v 0.045456 0.380221 -0.215134
v 0.054275 0.368361 -0.217191
v 0.063844 0.359452 -0.225339
v 0.073228 0.354366 -0.238780
v 0.061557 0.348375 -0.251691
v 0.052250 0.333937 -0.270088
v 0.037764 0.333685 -0.266161
v 0.019551 0.329708 -0.270383
v -0.000606 0.322396 -0.282342
v -0.020768 0.330399 -0.270779
v -0.038928 0.335001 -0.266913
v -0.053319 0.341931 -0.260757
v -0.062534 0.350510 -0.252911
v -0.065670 0.359898 -0.244145
v -0.062419 0.369176 -0.235316
v -0.053101 0.377436 -0.227288
v -0.038415 0.393274 -0.226138
v -0.020414 0.387845 -0.216624
v -0.000244 0.388976 -0.215032
v 0.019907 0.387150 -0.216227
v 0.038067 0.382547 -0.220092
v 0.052459 0.375618 -0.226249
v 0.067801 0.371702 -0.238431
v 0.064808 0.357652 -0.242862
v 0.057854 0.356543 -0.259149
v 0.049123 0.348806 -0.266670
v 0.035563 0.342780 -0.272704
v 0.018512 0.332874 -0.287028
v -0.000395 0.337993 -0.278151
v -0.019273 0.339702 -0.277031
v -0.036275 0.337835 -0.283778
v -0.049770 0.350506 -0.267642
v -0.058403 0.358543 -0.260292
v -0.061340 0.367338 -0.252079
v -0.058143 0.382845 -0.247554
v -0.049565 0.383768 -0.236286
v -0.036005 0.389795 -0.230252
v -0.018789 0.400335 -0.230042
v -0.000046 0.394580 -0.224805
v 0.018985 0.399683 -0.229671
v 0.035846 0.388557 -0.229545
v 0.049482 0.388878 -0.239059
v 0.057962 0.374029 -0.242663
v 0.067028 0.369896 -0.255213
v 0.058743 0.366181 -0.271189
v 0.044777 0.357346 -0.272632
v 0.032465 0.351874 -0.278111
v 0.017002 0.347120 -0.286565
v -0.000185 0.347528 -0.283056
v -0.017326 0.349080 -0.282040
v -0.032774 0.352996 -0.278752
v -0.045017 0.358891 -0.273515
v -0.052855 0.366188 -0.266841
v -0.055522 0.374173 -0.259384
v -0.052757 0.382065 -0.251873
v -0.044831 0.389091 -0.245044
v -0.032366 0.401378 -0.243312
v -0.017025 0.397946 -0.235973
v 0.000284 0.405722 -0.238365
v 0.017273 0.397354 -0.235635
v 0.032874 0.400253 -0.242670
v 0.044964 0.387544 -0.244160
v 0.052802 0.380248 -0.250834
v 0.055470 0.372263 -0.258292
v 0.046235 0.371667 -0.271489
v 0.039307 0.365527 -0.277457
v 0.028612 0.360807 -0.288323
v 0.015004 0.357787 -0.285386
v 0.000075 0.357008 -0.292646
v -0.014974 0.358302 -0.285681
v -0.028409 0.361788 -0.288884
v -0.039176 0.366878 -0.278230
v -0.046028 0.373256 -0.272397
v -0.051824 0.381825 -0.271121
v -0.049408 0.388722 -0.264557
v -0.039014 0.393274 -0.253345
v -0.028253 0.398056 -0.248557
v -0.014711 0.401013 -0.245417
v 0.000285 0.401853 -0.244233
v 0.015267 0.400496 -0.245122
v 0.028769 0.397073 -0.247995
v 0.039622 0.398734 -0.256319
v 0.046321 0.385544 -0.258406
v 0.048652 0.378565 -0.264924
v 0.044644 0.380061 -0.281454
v 0.032914 0.373210 -0.287106
v 0.023901 0.369171 -0.285009
v 0.012644 0.366713 -0.287619
v 0.000179 0.366014 -0.288603
v -0.012208 0.367206 -0.293941
v -0.023498 0.369988 -0.285476
v -0.035858 0.375860 -0.286914
v -0.038088 0.379573 -0.276822
v -0.040026 0.385374 -0.271404
v -0.038017 0.391107 -0.265947
v -0.032106 0.403026 -0.264732
v -0.023313 0.400188 -0.257005
v -0.011904 0.409460 -0.258142
v 0.000409 0.403344 -0.253411
v 0.013012 0.408142 -0.258890
v 0.024086 0.399370 -0.256539
v 0.032981 0.395087 -0.260343
v 0.038676 0.389785 -0.265192
v 0.040614 0.383985 -0.270610
v 0.030004 0.383961 -0.279425
v 0.025555 0.380019 -0.283258
v 0.018713 0.377011 -0.292409
v 0.009952 0.375050 -0.288348
v 0.000324 0.374510 -0.289108
v -0.009295 0.375382 -0.288537
v -0.017964 0.377580 -0.286693
v -0.024834 0.380888 -0.283754
v -0.032698 0.386573 -0.285251
v -0.030729 0.389464 -0.275824
v -0.029178 0.393892 -0.271609
v -0.024730 0.397834 -0.267777
v -0.017821 0.400905 -0.264702
v -0.009126 0.402803 -0.262687
v 0.000501 0.403343 -0.261927
v 0.010121 0.402471 -0.262497
v 0.024828 0.402085 -0.269729
v 0.025659 0.396965 -0.267281
v 0.036097 0.394681 -0.276413
v 0.031555 0.388389 -0.275211
v 0.026680 0.390468 -0.286868
v 0.017614 0.385974 -0.284089
v 0.012911 0.383884 -0.286182
v 0.006993 0.382592 -0.287554
v 0.000507 0.382288 -0.294148
v -0.006108 0.382819 -0.287683
v -0.012009 0.384314 -0.286427
v -0.016685 0.386566 -0.284427
v -0.019679 0.389354 -0.281878
v -0.020698 0.392404 -0.279029
v -0.023107 0.397008 -0.281403
v -0.016614 0.398101 -0.273552
v -0.011911 0.400191 -0.271459
v -0.005841 0.408297 -0.273834
v 0.000560 0.401850 -0.269570
v 0.007256 0.407183 -0.274698
v 0.013008 0.399761 -0.271214
v 0.023723 0.399320 -0.278601
v 0.020678 0.394722 -0.275763
v 0.021697 0.391672 -0.278612
v 0.014584 0.392107 -0.284248
v 0.009216 0.390866 -0.283503
v 0.006907 0.391328 -0.288869
v 0.003840 0.389154 -0.285257
v 0.000522 0.388968 -0.285519
v -0.002741 0.389149 -0.290213
v -0.005779 0.390026 -0.284686
v -0.008146 0.391166 -0.283674
v -0.009580 0.394575 -0.286965
v -0.010178 0.394121 -0.280941
v -0.009643 0.395647 -0.279489
v -0.008864 0.398791 -0.277515
v -0.005730 0.398064 -0.277109
v -0.002734 0.398717 -0.276414
v 0.000583 0.398903 -0.276153
v 0.003898 0.398602 -0.276349
v 0.006885 0.397845 -0.276985
v 0.010065 0.396747 -0.275668
v 0.010768 0.395295 -0.279288
v 0.011351 0.395201 -0.284724
v -0.002328 0.290955 -0.171496
v 0.000657 0.398397 -0.283659
v 0.005918 0.393843 -0.280783
v 0.000538 0.391452 -0.283177
v -0.004812 0.394029 -0.280888
v -0.027737 0.982479 0.041127
v -0.019987 0.989984 0.052779
v -0.056196 1.004973 0.028537
v -0.057135 0.998355 0.027433
v -0.020003 0.957532 0.059000
v -0.012810 0.958292 0.069079
v -0.033950 0.935060 0.070741
v -0.032645 0.934819 0.081374
v -0.058248 0.930537 0.069122
v -0.059223 0.927273 0.073165
v -0.082983 0.940656 0.051462
v -0.088346 0.936733 0.051180
v -0.089968 0.963289 0.028678
v -0.095762 0.963168 0.022537
v -0.084438 0.986244 0.020426
v -0.088705 0.988325 0.013727
v -0.055398 1.013094 0.029053
v -0.095526 0.992420 0.004244
v -0.009399 0.997094 0.060408
v -0.002520 0.958814 0.081735
v -0.030208 0.932533 0.096402
v -0.066044 0.918061 0.083277
v -0.100111 0.929007 0.055092
v -0.106516 0.962087 0.011228
v -0.030556 0.933524 0.113319
v -0.066809 0.912316 0.090138
v -0.008809 0.941141 0.124442
v -0.003807 0.944952 0.108845
v -0.092410 0.908124 0.074586
v -0.084344 0.903965 0.080087
v -0.102218 0.885151 0.071232
v -0.090282 0.884688 0.075596
v -0.093684 0.856290 0.073750
v -0.081263 0.869770 0.081298
v -0.062032 0.843937 0.101246
v -0.055658 0.858278 0.109793
v -0.030642 0.833403 0.125153
v -0.027029 0.852219 0.137504
v 0.027700 0.943336 0.112712
v 0.000959 0.827597 0.137256
v 0.002927 0.846051 0.147407
v -0.081179 0.884036 0.076385
v -0.063696 0.887375 0.103815
v -0.073792 0.896624 0.088208
v -0.046045 0.878868 0.134572
v -0.022008 0.874393 0.158910
v 0.006593 0.884370 0.171056
v -0.022065 0.884854 0.166516
v -0.044676 0.888861 0.143145
v -0.059528 0.897852 0.113580
v -0.066220 0.907231 0.100227
v -0.014004 0.937629 0.138214
v 0.020584 0.938993 0.151076
v -0.034573 0.928557 0.126469
v -0.030969 0.910721 0.156642
v -0.038562 0.919093 0.137202
v -0.015910 0.906113 0.172465
v 0.009726 0.906476 0.178463
v -0.018274 0.932067 0.149017
v -0.015873 0.923314 0.163020
v -0.009256 0.916183 0.172622
v 0.011846 0.917395 0.178613
v -0.099975 0.819393 0.047630
v -0.057306 0.805316 0.079838
v -0.019274 0.797760 0.101641
v 0.000541 0.799787 0.112273
v 0.012721 0.922755 0.179700
v -0.001525 0.927608 0.171574
v -0.010329 0.927221 0.166472
v 0.017351 0.945104 0.112280
v 0.010453 0.942101 0.130036
v 0.002707 0.940391 0.145078
v -0.001462 0.935836 0.158344
v 0.015366 0.932340 0.175034
v -0.000788 0.933424 0.168003
v -0.012613 0.932431 0.159988
v 0.032584 0.955344 0.097243
v 0.023454 0.956646 0.096059
v 0.008557 0.958376 0.091277
v 0.015682 0.995246 0.074062
v 0.031074 0.992408 0.079564
v 0.041933 0.990275 0.082004
v -0.142938 0.862326 0.037890
v -0.152247 0.843028 0.019538
v -0.151146 0.884566 0.034450
v -0.171992 0.856580 0.004282
v -0.174904 0.916492 -0.025941
v -0.187788 0.886479 -0.063439
v -0.170377 0.916620 -0.090711
v -0.021815 1.049879 0.041451
v -0.069842 1.057666 0.006040
v 0.009424 1.045796 0.058371
v 0.031420 1.042700 0.067963
v 0.052855 1.038876 0.073587
v -0.030932 1.097592 0.024688
v -0.088442 1.093255 -0.022196
v 0.000459 1.096409 0.043966
v 0.032353 1.095035 0.058523
v 0.064180 1.090977 0.066957
v -0.113546 1.034986 -0.037488
v -0.132825 1.068179 -0.072678
v -0.152431 1.036063 -0.100584
v -0.128436 1.020812 -0.059393
v -0.156733 0.990877 -0.094138
v -0.135545 0.986735 -0.048853
v -0.128271 0.910222 0.047784
v -0.140023 0.938426 -0.001140
v -0.041332 0.782969 -0.269536
v -0.064461 0.764387 -0.219855
v -0.117536 0.829553 -0.235872
v -0.091433 0.832555 -0.274878
v -0.134567 0.898686 -0.232205
v -0.111814 0.892979 -0.274029
v -0.163251 0.961101 -0.243640
v -0.111495 0.952244 -0.282423
v -0.162140 1.038969 -0.232317
v -0.155904 1.034992 -0.263079
v -0.155976 1.086737 -0.225151
v -0.131957 1.084096 -0.267392
v -0.085662 1.155774 -0.221402
v -0.077333 1.125443 -0.280131
v -0.016373 1.150657 -0.284962
v -0.029608 1.133852 -0.299504
v 0.033970 1.124444 -0.331070
v 0.006159 1.117966 -0.331049
v 0.043756 1.060474 -0.371942
v 0.008972 1.063214 -0.368113
v 0.024994 0.996341 -0.387895
v -0.009035 1.004656 -0.383572
v 0.001953 0.920422 -0.381116
v -0.037370 0.938201 -0.374591
v -0.019082 0.857293 -0.352848
v -0.050028 0.872279 -0.344765
v -0.016409 0.792129 -0.302259
v -0.042065 0.808921 -0.300718
v -0.171548 0.994538 -0.189657
v -0.172850 1.047707 -0.185837
v -0.161655 1.093570 -0.176054
v -0.153658 0.904325 -0.188634
v -0.086203 1.159037 -0.132707
v -0.014449 1.180885 -0.046372
v 0.020597 1.181246 -0.021621
v 0.054577 1.178040 -0.004504
v 0.010212 1.199834 -0.102465
v -0.050537 1.182612 -0.154355
v 0.044375 1.199678 -0.077687
v 0.072214 1.196565 -0.056331
v -0.034771 1.182850 -0.204726
v 0.015430 1.171283 -0.264084
v 0.069770 1.136432 -0.317945
v 0.077965 1.061471 -0.369360
v 0.066688 0.982741 -0.388535
v 0.039830 1.202039 -0.158949
v 0.076508 1.201940 -0.133306
v 0.086631 1.198744 -0.095420
v 0.111074 1.195549 -0.094490
v 0.067585 1.191949 -0.209328
v 0.091053 1.193995 -0.186706
v 0.126829 1.051858 -0.363935
v 0.132444 1.118897 -0.317777
v 0.094707 1.178595 -0.242932
v 0.127486 1.181208 -0.212564
v 0.049050 0.906530 -0.383190
v 0.098371 0.894573 -0.378859
v 0.031152 0.839896 -0.359898
v 0.081370 0.826470 -0.356659
v 0.014272 0.780785 -0.306318
v 0.061332 0.768210 -0.304011
v -0.022331 0.744347 -0.219759
v -0.042007 0.737136 -0.144543
v -0.088267 0.758051 -0.166372
v -0.076877 0.754611 -0.060649
v -0.118176 0.772096 -0.078459
v -0.062000 0.770561 0.024368
v -0.109234 0.789634 -0.001574
v 0.037946 0.729168 -0.211925
v 0.025964 0.722258 -0.153291
v -0.052357 0.744124 -0.058208
v -0.035897 0.734342 -0.120774
v 0.020911 0.725891 -0.119023
v -0.054554 0.760946 0.012737
v 0.008212 0.745769 0.032482
v 0.002716 0.765642 0.072109
v -0.139026 0.823030 -0.189845
v -0.153269 0.804085 -0.147273
v -0.188762 0.854386 -0.089454
v -0.175328 0.859266 -0.127627
v -0.171872 0.829459 -0.023975
v -0.155704 0.827036 -0.002426
v 0.016979 0.727552 -0.077172
v -0.009796 0.731287 -0.071875
v -0.026365 0.736201 -0.049139
v -0.022072 0.741355 -0.012271
v 0.011187 0.738919 0.010372
v -0.007560 0.726138 -0.020221
v -0.014414 0.724472 -0.044150
v 0.015405 0.718532 -0.063484
v -0.003061 0.721836 -0.058741
v 0.012849 0.713956 -0.008722
v -0.005495 0.714595 -0.017550
v 0.031572 0.711345 -0.015709
v -0.013615 0.712875 -0.040615
v 0.041290 0.708048 -0.037875
v -0.003419 0.707289 -0.054903
v 0.031985 0.704290 -0.053255
v 0.014494 0.704476 -0.060492
v -0.159601 0.997497 -0.263978
v -0.115743 0.987190 -0.290551
v -0.153593 1.030333 -0.271018
v -0.111749 0.958907 -0.330952
v -0.112321 0.984829 -0.335603
v -0.142550 1.051831 -0.284157
v -0.129261 1.061680 -0.296891
v -0.122286 1.058715 -0.315697
v -0.115967 1.017291 -0.336169
v -0.119013 1.041546 -0.333180
v -0.060826 0.828468 -0.298415
v -0.096569 0.889736 -0.308345
v -0.066212 0.879048 0.092470
v -0.069293 0.875705 0.088713
v -0.066701 0.878591 0.089276
v -0.047744 0.866578 0.119760
v -0.045034 0.870193 0.118572
v -0.045540 0.871394 0.123958
v -0.021486 0.863411 0.145056
v -0.020032 0.865535 0.142064
v -0.020757 0.866978 0.148521
v 0.005896 0.863971 0.150777
v 0.006985 0.866305 0.146916
v -0.167430 1.180739 -0.374767
v -0.174507 1.109936 -0.333777
v -0.158873 1.244691 -0.419186
v -0.158577 1.260716 -0.460455
v -0.178691 1.258667 -0.514917
v -0.201061 1.177493 -0.555232
v -0.235382 1.063133 -0.550057
v -0.240359 0.961228 -0.499344
v -0.183260 0.878231 -0.370079
v -0.172040 1.106159 -0.339008
v -0.162944 1.174905 -0.380013
v -0.159068 1.233998 -0.422053
v -0.162705 1.249779 -0.462027
v -0.185055 1.249402 -0.513234
v -0.206340 1.175189 -0.549763
v -0.191433 0.886963 -0.367129
v -0.244736 0.966736 -0.494328
v -0.238320 1.065554 -0.543876
v -0.166380 1.067767 -0.298214
v -0.164303 1.063728 -0.304784
v -0.147854 1.124759 -0.322763
v -0.127689 1.165123 -0.344077
v -0.111838 1.172550 -0.371645
v -0.116367 1.161244 -0.418746
v -0.132927 1.113565 -0.443072
v -0.154914 1.046803 -0.446776
v -0.170374 0.976529 -0.424811
v -0.148479 0.905483 -0.361143
v -0.137853 0.892875 -0.367652
v -0.152482 0.970632 -0.428184
v -0.136174 1.043572 -0.453240
v -0.110763 1.124741 -0.449145
v -0.101182 1.187737 -0.416546
v -0.104688 1.196151 -0.377225
v -0.125307 1.181852 -0.348117
v -0.151083 1.128467 -0.320166
v -0.151953 1.072392 -0.283576
v -0.138775 1.101929 -0.291256
v -0.164246 1.087044 -0.304926
v -0.159258 1.051123 -0.280345
v -0.121725 1.128010 -0.299951
v -0.100511 1.148976 -0.311473
v -0.140007 1.157046 -0.332618
v -0.083077 1.158811 -0.322596
v -0.068411 1.161435 -0.335615
v -0.115833 1.191745 -0.358984
v -0.057165 1.159680 -0.351889
v -0.050249 1.149064 -0.369572
v -0.102402 1.198040 -0.392709
v -0.048575 1.125106 -0.386818
v -0.052668 1.092869 -0.401597
v -0.102171 1.157492 -0.438015
v -0.061665 1.059068 -0.409584
v -0.074291 1.023981 -0.411068
v -0.122165 1.079631 -0.456314
v -0.102177 0.924216 -0.380084
v -0.106550 0.888691 -0.359369
v -0.147886 0.932497 -0.399685
v -0.096573 0.960893 -0.397234
v -0.112393 0.864406 -0.343612
v -0.120181 0.848057 -0.331703
v -0.166971 0.888894 -0.372252
v -0.086319 0.993565 -0.407621
v -0.147807 1.000722 -0.444039
v -0.160862 1.042384 -0.281954
v -0.167705 1.058516 -0.299305
v -0.157508 1.047498 -0.286301
v -0.149967 1.067790 -0.291290
v -0.158458 1.088908 -0.312535
v -0.137598 1.096469 -0.298462
v -0.125122 1.112366 -0.304867
v -0.136345 1.147681 -0.333539
v -0.116338 1.120159 -0.312553
v -0.108681 1.119938 -0.320585
v -0.116568 1.172085 -0.359301
v -0.101116 1.115999 -0.330553
v -0.096630 1.107492 -0.347829
v -0.111438 1.171457 -0.389970
v -0.097979 1.097794 -0.365209
v -0.108219 1.081182 -0.380345
v -0.125266 1.140594 -0.433005
v -0.112193 1.064574 -0.388005
v -0.127631 0.847700 -0.326651
v -0.128910 0.864209 -0.329013
v -0.192200 0.878820 -0.367956
v -0.124683 0.883423 -0.333754
v -0.122413 0.901608 -0.341736
v -0.173223 0.897001 -0.365596
v -0.131042 0.935863 -0.363146
v -0.138577 0.970376 -0.383236
v -0.162756 0.941188 -0.395457
v -0.133289 0.995861 -0.391574
v -0.125022 1.023904 -0.395346
v -0.166084 1.007692 -0.440813
v -0.116301 1.048007 -0.395731
v -0.141980 1.082180 -0.450574
v -0.172112 1.144934 -0.360503
v -0.172712 1.139925 -0.350351
v -0.167113 1.186117 -0.385781
v -0.168663 1.134737 -0.357141
v -0.175497 1.105284 -0.335969
v -0.164452 1.220006 -0.406157
v -0.163077 1.215054 -0.394597
v -0.163327 1.249067 -0.431352
v -0.160255 1.206707 -0.398651
v -0.163559 1.260517 -0.451668
v -0.156586 1.256448 -0.438893
v -0.167950 1.264853 -0.473865
v -0.158967 1.245192 -0.441167
v -0.179410 1.270027 -0.501469
v -0.167634 1.265380 -0.487447
v -0.192276 1.264285 -0.529240
v -0.173218 1.254673 -0.487659
v -0.200887 1.235870 -0.551942
v -0.186683 1.228803 -0.537913
v -0.215900 1.183799 -0.569037
v -0.192767 1.223496 -0.533921
v -0.231900 1.128055 -0.571185
v -0.217050 1.122885 -0.558255
v -0.250285 1.066019 -0.561990
v -0.220958 1.123489 -0.551915
v -0.259149 1.007276 -0.541709
v -0.244632 1.006661 -0.531227
v -0.253935 0.960716 -0.507563
v -0.247799 1.010371 -0.525515
v -0.234760 0.914406 -0.437702
v -0.223252 0.914598 -0.434627
v -0.229742 0.921048 -0.430911
v -0.173169 1.074454 -0.314905
v -0.172924 1.086154 -0.315756
v -0.170410 1.081282 -0.322865
v -0.163151 1.110745 -0.336895
v -0.155069 1.149069 -0.352706
v -0.148098 1.176513 -0.367196
v -0.143080 1.199318 -0.383555
v -0.136541 1.208595 -0.400672
v -0.136001 1.211620 -0.416664
v -0.141113 1.214391 -0.437557
v -0.149461 1.206584 -0.465138
v -0.157232 1.184609 -0.481845
v -0.167845 1.147722 -0.494981
v -0.180109 1.106242 -0.500479
v -0.195354 1.060525 -0.494926
v -0.206566 1.012599 -0.483036
v -0.208117 0.975758 -0.459647
v -0.196507 0.924979 -0.419580
v -0.204725 0.969719 -0.466790
v -0.203767 1.009854 -0.490931
v -0.192803 1.057638 -0.504736
v -0.176116 1.107991 -0.509708
v -0.162257 1.155047 -0.505369
v -0.151055 1.199717 -0.489564
v -0.145527 1.228088 -0.469049
v -0.139321 1.235690 -0.445073
v -0.135855 1.232482 -0.421721
v -0.138544 1.228425 -0.403080
v -0.145075 1.216887 -0.386120
v -0.154138 1.188890 -0.365174
v -0.161369 1.156492 -0.348670
v -0.168437 1.117649 -0.329218
v -0.201315 0.930529 -0.413824
v -0.305684 0.480650 0.008012
v -0.320214 0.496393 0.006991
v -0.297474 0.465418 -0.004908
v -0.341739 0.502806 -0.030641
v -0.333131 0.483905 -0.052743
v -0.317549 0.467735 -0.052824
v -0.300740 0.458245 -0.035167
v -0.311393 0.488625 0.011056
v -0.330492 0.503199 -0.001040
v -0.339593 0.495116 -0.043048
v -0.338493 0.505414 -0.014983
v -0.307345 0.460781 -0.045009
v -0.297248 0.458525 -0.024694
v -0.301798 0.474475 0.004503
v -0.324436 0.473702 -0.054609
v 0.157730 0.114026 0.025387
v 0.129044 0.106942 0.042973
v 0.096473 0.104553 0.030966
v 0.078530 0.109526 -0.006710
v 0.085239 0.120000 -0.046996
v 0.112624 0.127790 -0.062855
v 0.145709 0.129676 -0.049233
v 0.163555 0.122775 -0.013319
v 0.177926 0.197579 0.003506
v 0.165783 0.193661 0.055880
v 0.155759 0.194603 -0.042668
v 0.113500 0.182352 -0.055605
v 0.075927 0.166101 -0.031856
v 0.061459 0.159435 0.017482
v 0.082188 0.163060 0.066154
v 0.125696 0.179749 0.080974
v 0.106617 0.257248 -0.096690
v 0.158466 0.286574 -0.081103
v 0.178872 0.294511 -0.024496
v 0.155375 0.287299 0.036326
v 0.110820 0.257969 0.065377
v 0.056548 0.221653 0.056810
v 0.056884 0.217684 -0.058150
v 0.039688 0.205286 0.004406
v -0.006678 0.201561 0.002288
v 0.163422 0.317371 0.047729
v 0.111672 0.291397 0.095666
v 0.184496 0.326601 -0.029092
v 0.165342 0.321472 -0.095393
v 0.112155 0.296540 -0.133956
v 0.039700 0.255843 -0.136499
v -0.004683 0.210431 -0.060965
v -0.001657 0.238161 -0.122626
v 0.035775 0.253996 0.113178
v -0.009666 0.237414 0.106668
v 0.033879 0.304353 0.151233
v -0.008496 0.299597 0.152821
v 0.114016 0.328686 0.123126
v 0.035598 0.337789 0.163666
v -0.007442 0.335419 0.165933
v 0.114476 0.351322 0.130471
v 0.167987 0.349775 0.058887
v 0.166555 0.367560 0.062548
v 0.187209 0.366511 -0.030612
v 0.185209 0.388911 -0.029388
v 0.166778 0.370356 -0.109139
v 0.163809 0.399066 -0.110722
v 0.113751 0.353397 -0.165159
v 0.112621 0.389319 -0.169577
v 0.039563 0.325689 -0.189267
v 0.000252 0.321159 -0.191950
v 0.001269 0.370782 -0.202497
v 0.040561 0.372904 -0.198499
v 0.035935 0.403689 0.165842
v -0.005292 0.404090 0.173834
v 0.111356 0.407098 0.129621
v 0.161237 0.416775 0.064725
v 0.175299 0.429843 -0.018643
v 0.151477 0.443316 -0.093194
v 0.103222 0.448127 -0.142452
v 0.037873 0.451110 -0.163646
v 0.003055 0.452552 -0.166692
v 0.092828 0.634183 0.063942
v 0.067479 0.633955 0.092796
v 0.094064 0.565604 0.132762
v 0.135744 0.541666 0.077517
v 0.029381 0.642068 0.107438
v 0.036332 0.574692 0.166198
v 0.003472 0.577246 0.170445
v 0.143374 0.521543 -0.018756
v 0.101796 0.516296 -0.088558
v 0.066791 0.521111 -0.112885
v 0.026579 0.522035 -0.127018
v 0.006614 0.522744 -0.129274
v 0.132579 0.565589 0.052242
v 0.100385 0.635763 0.052146
v 0.137783 0.542262 -0.019930
v 0.111105 0.549187 -0.079339
v 0.071963 0.604763 -0.095071
v 0.083382 0.614792 -0.093729
v 0.053334 0.578742 -0.107918
v 0.021727 0.586448 -0.114896
v 0.009296 0.575518 -0.117269
v 0.086795 0.667923 0.037597
v 0.077321 0.665907 0.044876
v 0.059136 0.656838 0.072546
v 0.024835 0.675087 0.069794
v 0.010229 0.665615 0.083298
v 0.012041 0.627590 -0.111022
v 0.064270 0.638971 -0.095538
v 0.075794 0.645652 -0.092371
v 0.005767 0.606756 0.149315
v 0.032802 0.604947 0.145756
v 0.079347 0.600405 0.118311
v 0.110807 0.597027 0.077692
v 0.118215 0.600303 0.056869
v 0.164014 0.118286 0.007693
v 0.176146 0.196522 0.031932
v 0.171454 0.292207 0.009649
v 0.176854 0.323730 0.012523
v 0.180526 0.358555 0.016617
v 0.179325 0.377315 0.018629
v 0.173018 0.423642 0.023086
v 0.145739 0.530898 0.028977
v 0.139035 0.550933 0.018857
v 0.157286 0.127241 -0.033093
v 0.170410 0.197415 -0.022989
v 0.174062 0.293596 -0.056502
v 0.181011 0.326293 -0.066133
v 0.182767 0.371071 -0.073916
v 0.179480 0.396970 -0.074643
v 0.166902 0.437850 -0.062572
v 0.129830 0.518268 -0.052925
v 0.127812 0.542645 -0.051921
v 0.095087 0.580903 -0.089159
v 0.082929 0.568806 -0.094870
v 0.058785 0.554794 -0.109629
v 0.024815 0.553952 -0.119640
v 0.008090 0.552327 -0.121648
v -0.000436 0.518184 0.181262
v 0.038942 0.514885 0.177062
v 0.109326 0.501631 0.141640
v 0.158751 0.477469 0.079333
v 0.169053 0.461857 0.037251
v 0.166484 0.451395 -0.014279
v 0.152789 0.447829 -0.058435
v 0.133861 0.449804 -0.093262
v 0.086799 0.455392 -0.138139
v 0.034609 0.464721 -0.164343
v 0.129989 0.129663 -0.059644
v 0.135841 0.189232 -0.054188
v 0.134093 0.275467 -0.094544
v 0.141333 0.311657 -0.118319
v 0.143306 0.363750 -0.139896
v 0.141169 0.395535 -0.142780
v 0.129789 0.446217 -0.120549
v 0.111541 0.452569 -0.119188
v 0.084451 0.519660 -0.104084
v 0.071795 0.559760 -0.102846
v 0.060309 0.594051 -0.102751
v 0.044377 0.626652 -0.105216
v 0.096920 0.124415 -0.058126
v 0.092703 0.173874 -0.047412
v 0.081607 0.235621 -0.082931
v 0.078217 0.278406 -0.140318
v 0.077969 0.341401 -0.181888
v 0.078423 0.382021 -0.187881
v 0.072235 0.449623 -0.156075
v 0.061208 0.460063 -0.153757
v 0.046808 0.521517 -0.122146
v 0.042786 0.554713 -0.115494
v 0.040553 0.587544 -0.111011
v 0.145390 0.110132 0.037761
v 0.148087 0.188003 0.073273
v 0.134975 0.274437 0.053781
v 0.141680 0.305526 0.075864
v 0.145985 0.339463 0.095064
v 0.145313 0.358946 0.100261
v 0.140638 0.412492 0.100533
v 0.138218 0.491044 0.113735
v 0.117245 0.556746 0.108470
v 0.097364 0.597936 0.099300
v 0.081124 0.634099 0.078454
v 0.065493 0.666022 0.056213
v 0.111630 0.104915 0.040556
v 0.102628 0.170574 0.078276
v 0.085292 0.238106 0.066247
v 0.076037 0.275874 0.108798
v 0.074608 0.318680 0.143437
v 0.076469 0.345496 0.153329
v 0.075696 0.404366 0.151800
v 0.074207 0.509706 0.163797
v 0.066905 0.571008 0.152892
v 0.057982 0.602760 0.134603
v 0.050015 0.638433 0.101242
v 0.043877 0.669155 0.067697
v 0.079262 0.115262 -0.030383
v 0.065663 0.161275 -0.011722
v 0.046925 0.209745 -0.031931
v -0.005948 0.203520 -0.032537
v 0.083935 0.106235 0.012149
v 0.065900 0.159005 0.042575
v 0.046164 0.211028 0.030822
v -0.007745 0.204599 0.028926
v 0.154986 0.227999 -0.053422
v 0.170486 0.232406 -0.032576
v 0.177444 0.233064 -0.004088
v 0.173664 0.231892 0.026244
v 0.160827 0.228465 0.051444
v 0.141690 0.220728 0.069548
v 0.118371 0.209732 0.078831
v 0.094360 0.197145 0.077382
v 0.070979 0.186548 0.065623
v 0.058847 0.181155 0.042170
v 0.054807 0.179429 0.015614
v 0.060275 0.181922 -0.016320
v 0.069004 0.186810 -0.036124
v 0.087595 0.197297 -0.055266
v 0.109434 0.209516 -0.065676
v 0.133289 0.220665 -0.064894
v 0.171369 0.151443 0.000489
v 0.164207 0.152975 -0.022104
v 0.151449 0.152700 -0.039508
v 0.134290 0.150646 -0.050367
v 0.115047 0.147567 -0.053327
v 0.096781 0.143967 -0.047805
v 0.082386 0.140367 -0.035429
v 0.074190 0.137299 -0.017106
v 0.071506 0.135391 0.008871
v 0.077777 0.132849 0.030423
v 0.092002 0.132825 0.051168
v 0.109738 0.135367 0.061871
v 0.129901 0.139375 0.064667
v 0.148883 0.143588 0.058863
v 0.163490 0.147088 0.045002
v 0.171324 0.149554 0.024796
v 0.148325 0.093891 -0.002313
v 0.154852 0.095663 -0.015469
v 0.155516 0.098281 -0.028574
v 0.150851 0.100827 -0.043311
v 0.141235 0.104757 -0.054926
v 0.128541 0.106422 -0.061668
v 0.115168 0.105042 -0.063025
v 0.103090 0.101797 -0.059154
v 0.093711 0.099352 -0.050399
v 0.088283 0.096024 -0.036866
v 0.087478 0.092356 -0.020778
v 0.093219 0.090571 -0.005634
v 0.103689 0.091283 0.006216
v 0.114932 0.093094 0.011997
v 0.127230 0.094100 0.011835
v 0.138956 0.094368 0.007150
v 0.081520 0.686602 0.017813
v 0.068482 0.686700 0.023143
v 0.081564 0.695426 -0.007864
v 0.067079 0.695965 -0.004901
v 0.082354 0.694528 -0.032826
v 0.069465 0.694242 -0.031279
v 0.081612 0.687452 -0.058720
v 0.065287 0.687319 -0.060910
v 0.077367 0.673224 -0.082975
v 0.063814 0.671276 -0.086820
v 0.115672 0.570606 -0.000921
v 0.114904 0.564523 -0.025884
v 0.110143 0.570316 -0.050055
v 0.112037 0.585917 0.017825
v 0.107601 0.607898 0.028464
v 0.100320 0.633715 0.030357
v 0.094101 0.658006 0.022314
v 0.092145 0.676012 0.006724
v 0.093709 0.683334 -0.011385
v 0.095808 0.684033 -0.032387
v 0.091947 0.677110 -0.054559
v 0.085687 0.661447 -0.070404
v 0.083822 0.644608 -0.080442
v 0.089986 0.624045 -0.083768
v 0.094188 0.599767 -0.077513
v 0.103307 0.582641 -0.066548
v 0.048814 0.239156 0.086862
v 0.080631 0.258990 0.084090
v 0.111207 0.275590 0.077157
v 0.138094 0.290487 0.062651
v 0.159133 0.302328 0.040562
v 0.173981 0.307277 0.010190
v 0.181780 0.308746 -0.027193
v 0.177795 0.307291 -0.061091
v 0.162075 0.300920 -0.087619
v 0.137811 0.290522 -0.105199
v 0.109843 0.274588 -0.113798
v 0.079658 0.255420 -0.109598
v 0.049170 0.236485 -0.103038
v 0.013313 0.224407 0.083312
v 0.025128 0.214732 0.057652
v 0.020752 0.206269 0.030321
v 0.017997 0.202389 0.003661
v 0.022365 0.204489 -0.031115
v 0.025987 0.211247 -0.059327
v 0.015683 0.222586 -0.092957
v 0.103258 0.648217 -0.081006
v 0.105276 0.665410 -0.070220
v 0.107851 0.678582 -0.053409
v 0.109004 0.685193 -0.031890
v 0.106907 0.683514 -0.011072
v 0.105303 0.675457 0.006016
v 0.106831 0.658625 0.020915
v 0.112498 0.636657 0.027803
v 0.119401 0.613993 0.024822
v 0.123192 0.595239 0.013372
v 0.126355 0.580641 -0.004991
v 0.126881 0.574069 -0.028520
v 0.124461 0.578937 -0.051683
v 0.120478 0.589972 -0.067668
v 0.113242 0.605875 -0.078878
v 0.108864 0.629103 -0.084376
v 0.008856 0.643242 0.110056
v -0.008694 0.212273 0.056422
v 0.004333 0.467398 -0.168274
v -0.177776 0.117637 -0.008937
v -0.152727 0.107711 0.012397
v -0.119386 0.103727 0.005580
v -0.095935 0.108867 -0.027966
v -0.095531 0.120575 -0.069124
v -0.119364 0.130636 -0.088985
v -0.153794 0.134984 -0.080561
v -0.177237 0.128380 -0.047759
v -0.189162 0.205060 -0.023282
v -0.183292 0.195032 0.029326
v -0.162065 0.204825 -0.067430
v -0.119019 0.190576 -0.077393
v -0.085471 0.169904 -0.049728
v -0.077686 0.159485 0.000995
v -0.103828 0.160215 0.046122
v -0.147414 0.176556 0.056623
v -0.110206 0.265348 -0.102940
v -0.161443 0.297613 -0.088421
v -0.184685 0.303859 -0.032934
v -0.165924 0.291130 0.027939
v -0.125513 0.257760 0.056605
v -0.072870 0.221319 0.049749
v -0.064058 0.222364 -0.063950
v -0.052265 0.206866 -0.001970
v -0.172898 0.322647 0.041876
v -0.125885 0.292355 0.090445
v -0.189328 0.336057 -0.035134
v -0.168061 0.330778 -0.100887
v -0.114842 0.302641 -0.138197
v -0.043319 0.257476 -0.138282
v -0.053835 0.253327 0.110324
v -0.050188 0.304955 0.149699
v -0.126996 0.331913 0.119294
v -0.050013 0.338988 0.162373
v -0.126180 0.355693 0.126949
v -0.176400 0.356949 0.053787
v -0.174202 0.375592 0.057643
v -0.190885 0.376544 -0.036117
v -0.188038 0.399261 -0.034850
v -0.167521 0.380078 -0.114284
v -0.163129 0.409155 -0.115604
v -0.113336 0.360566 -0.168875
v -0.110291 0.397039 -0.172877
v -0.039279 0.328425 -0.190670
v -0.038141 0.375810 -0.199707
v -0.046187 0.405955 0.164810
v -0.119807 0.413716 0.126404
v -0.166406 0.426762 0.059905
v -0.176367 0.441378 -0.024030
v -0.148712 0.453966 -0.097929
v -0.098162 0.455764 -0.145690
v -0.031943 0.453857 -0.164813
v -0.075938 0.645644 0.061613
v -0.050763 0.641132 0.091047
v -0.088256 0.577173 0.130566
v -0.133319 0.561047 0.075064
v -0.011867 0.644392 0.106791
v -0.029510 0.578642 0.165344
v -0.136598 0.540812 -0.020668
v -0.090295 0.528027 -0.089200
v -0.054029 0.527839 -0.114067
v -0.013393 0.524213 -0.127485
v -0.127362 0.586476 0.050521
v -0.083243 0.649176 0.049670
v -0.128543 0.562451 -0.020710
v -0.095400 0.562849 -0.079715
v -0.050102 0.611820 -0.096462
v -0.059935 0.623409 -0.095290
v -0.034365 0.583447 -0.108960
v -0.001991 0.587580 -0.115166
v -0.063985 0.677942 0.035205
v -0.055060 0.674051 0.042824
v -0.039064 0.662437 0.070937
v -0.003048 0.676786 0.068858
v -0.038495 0.644812 -0.097046
v -0.048950 0.653010 -0.094404
v -0.021320 0.608208 0.145044
v -0.068333 0.609863 0.116513
v -0.100556 0.612221 0.075384
v -0.107577 0.617845 0.054552
v -0.181073 0.123120 -0.027218
v -0.190673 0.201067 0.004997
v -0.179728 0.298821 0.001116
v -0.183986 0.331197 0.006561
v -0.186563 0.367329 0.011290
v -0.184626 0.386703 0.013374
v -0.176117 0.434678 0.017823
v -0.141885 0.551547 0.026651
v -0.133033 0.572561 0.017586
v -0.167794 0.133012 -0.066305
v -0.178722 0.206885 -0.048901
v -0.177985 0.304505 -0.064388
v -0.184334 0.336402 -0.072015
v -0.184671 0.381345 -0.079443
v -0.180240 0.407490 -0.080023
v -0.165731 0.449206 -0.067756
v -0.120444 0.534635 -0.054250
v -0.115040 0.559907 -0.052373
v -0.075378 0.591643 -0.090193
v -0.064983 0.577625 -0.095811
v -0.042375 0.560415 -0.110617
v -0.008427 0.555734 -0.120023
v -0.039950 0.519288 0.176018
v -0.111191 0.514216 0.138830
v -0.161675 0.496213 0.075271
v -0.171639 0.481745 0.033076
v -0.167129 0.470512 -0.018193
v -0.151097 0.464840 -0.061875
v -0.129952 0.464229 -0.096292
v -0.080257 0.464277 -0.140229
v -0.026203 0.467933 -0.165200
v -0.136757 0.133940 -0.088531
v -0.141133 0.198993 -0.077631
v -0.137043 0.285236 -0.101200
v -0.143858 0.319601 -0.123247
v -0.143278 0.372497 -0.144397
v -0.139474 0.404744 -0.146929
v -0.125726 0.455611 -0.124639
v -0.106047 0.464242 -0.121796
v -0.072039 0.528617 -0.105257
v -0.054890 0.566927 -0.103905
v -0.039730 0.599259 -0.103952
v -0.020160 0.630058 -0.106079
v -0.104942 0.125941 -0.081852
v -0.099769 0.179911 -0.067182
v -0.086470 0.242548 -0.089331
v -0.081139 0.282599 -0.143577
v -0.077349 0.346556 -0.184520
v -0.075857 0.387599 -0.190181
v -0.066640 0.455008 -0.158376
v -0.053649 0.466142 -0.155225
v -0.033787 0.525936 -0.122993
v -0.026357 0.558447 -0.116227
v -0.020606 0.590803 -0.111800
v -0.167739 0.112262 0.004935
v -0.168121 0.186560 0.047551
v -0.147670 0.275980 0.045148
v -0.153606 0.308504 0.070180
v -0.156773 0.344705 0.090435
v -0.155103 0.365243 0.095861
v -0.147544 0.421009 0.096404
v -0.140720 0.507173 0.110143
v -0.112737 0.572098 0.105881
v -0.086829 0.610342 0.097149
v -0.064302 0.643334 0.076352
v -0.043742 0.672280 0.054363
v -0.135508 0.104663 0.012601
v -0.124932 0.167069 0.055906
v -0.101321 0.237367 0.057651
v -0.092306 0.275499 0.104488
v -0.089455 0.320193 0.140720
v -0.089791 0.348063 0.150897
v -0.085270 0.408851 0.149642
v -0.075569 0.518140 0.161847
v -0.060377 0.578838 0.151354
v -0.046623 0.609237 0.133318
v -0.032820 0.643201 0.099944
v -0.022362 0.672687 0.066545
v -0.092610 0.115121 -0.051669
v -0.078096 0.163241 -0.028416
v -0.056139 0.213209 -0.038206
v -0.104327 0.105436 -0.010247
v -0.085173 0.157513 0.024937
v -0.060875 0.211687 0.024027
v -0.159930 0.238836 -0.070785
v -0.177116 0.242594 -0.051064
v -0.186702 0.241152 -0.023290
v -0.185904 0.236975 0.006937
v -0.175832 0.230373 0.032426
v -0.159140 0.219868 0.050913
v -0.137668 0.207031 0.060887
v -0.114515 0.193934 0.060552
v -0.090757 0.183780 0.050561
v -0.076528 0.179958 0.028475
v -0.069676 0.179932 0.002693
v -0.071442 0.184710 -0.029327
v -0.077768 0.191333 -0.049665
v -0.093812 0.204338 -0.069911
v -0.114023 0.218794 -0.081329
v -0.137535 0.230815 -0.081163
v -0.184650 0.157925 -0.032190
v -0.174519 0.160401 -0.053671
v -0.159614 0.160205 -0.069489
v -0.141296 0.157446 -0.078301
v -0.122059 0.153008 -0.078848
v -0.105021 0.147770 -0.070821
v -0.092795 0.142641 -0.056390
v -0.087497 0.138311 -0.036926
v -0.088594 0.135174 -0.010781
v -0.097845 0.131919 0.009364
v -0.114553 0.131337 0.027499
v -0.133158 0.133929 0.035508
v -0.153026 0.138673 0.035716
v -0.170629 0.144361 0.027838
v -0.182964 0.149835 0.012609
v -0.187896 0.154337 -0.008155
v -0.166886 0.096810 -0.034224
v -0.171053 0.099418 -0.048200
v -0.169332 0.102597 -0.061456
v -0.162227 0.105334 -0.075321
v -0.150705 0.108978 -0.085200
v -0.137077 0.109948 -0.089773
v -0.123815 0.107730 -0.088938
v -0.112768 0.103655 -0.083062
v -0.105090 0.100515 -0.072782
v -0.102095 0.096623 -0.058508
v -0.104059 0.092571 -0.042538
v -0.112132 0.090747 -0.028689
v -0.124206 0.091631 -0.018968
v -0.136082 0.093784 -0.015248
v -0.148309 0.095430 -0.017053
v -0.159117 0.096482 -0.023480
v -0.054129 0.694983 0.015340
v -0.041945 0.692972 0.021205
v -0.051970 0.703616 -0.010328
v -0.038052 0.701987 -0.006635
v -0.051745 0.702691 -0.035323
v -0.039792 0.700792 -0.033440
v -0.050926 0.695419 -0.061168
v -0.035196 0.693455 -0.062562
v -0.047854 0.680531 -0.085228
v -0.034462 0.677222 -0.088383
v -0.107350 0.592557 0.002873
v -0.102655 0.584934 -0.021116
v -0.092782 0.587725 -0.045765
v -0.104218 0.607076 0.019946
v -0.096903 0.626866 0.028597
v -0.084798 0.649636 0.029091
v -0.073230 0.671126 0.020120
v -0.065923 0.686736 0.003853
v -0.065500 0.694205 -0.014423
v -0.066270 0.695113 -0.035603
v -0.062199 0.687311 -0.057510
v -0.057710 0.670454 -0.072933
v -0.056108 0.653774 -0.081713
v -0.063583 0.634451 -0.084074
v -0.070544 0.611663 -0.075996
v -0.082304 0.597141 -0.063640
v -0.066275 0.237996 0.082099
v -0.096577 0.258036 0.078153
v -0.125432 0.275705 0.070620
v -0.150221 0.292560 0.055941
v -0.168993 0.306782 0.033891
v -0.181605 0.314224 0.003373
v -0.187138 0.317977 -0.034069
v -0.181593 0.317511 -0.067600
v -0.165137 0.310863 -0.093584
v -0.140822 0.299172 -0.110501
v -0.113467 0.281129 -0.118354
v -0.083880 0.260586 -0.113480
v -0.054410 0.239055 -0.105547
v -0.031403 0.223340 0.080970
v -0.041890 0.214633 0.054026
v -0.035695 0.206691 0.026853
v -0.030793 0.203271 0.000425
v -0.032244 0.206257 -0.034200
v -0.033887 0.213178 -0.061500
v -0.021765 0.223199 -0.093786
v -0.139281 0.677922 -0.075420
v -0.135641 0.662625 -0.085155
v -0.133623 0.646226 -0.088414
v -0.130740 0.622257 -0.083426
v -0.129524 0.605042 -0.069009
v -0.128376 0.595579 -0.050344
v -0.131944 0.593420 -0.028595
v -0.136190 0.601206 -0.009078
v -0.141352 0.618372 0.008702
v -0.144434 0.634974 0.016369
v -0.144607 0.653460 0.017384
v -0.145044 0.671854 0.010651
v -0.144751 0.686095 -0.002861
v -0.144679 0.694421 -0.020525
v -0.142979 0.696441 -0.041289
v -0.141863 0.690025 -0.059941
v -0.204182 0.626289 -0.070703
v -0.196631 0.617296 -0.077135
v -0.190268 0.610110 -0.079155
v -0.179801 0.595321 -0.075640
v -0.172267 0.583961 -0.064547
v -0.168160 0.577899 -0.049857
v -0.168424 0.578076 -0.032806
v -0.172663 0.584169 -0.017654
v -0.181700 0.596927 -0.005042
v -0.189422 0.607389 -0.001948
v -0.197377 0.617264 -0.003324
v -0.204966 0.625736 -0.009717
v -0.210422 0.634544 -0.020054
v -0.213608 0.637473 -0.033463
v -0.213077 0.638122 -0.047514
v -0.210434 0.634230 -0.059406
v -0.276971 0.566495 -0.082784
v -0.263353 0.552720 -0.092123
v -0.249642 0.539582 -0.094168
v -0.228828 0.521205 -0.085928
v -0.213465 0.509407 -0.065359
v -0.205426 0.505086 -0.041425
v -0.204240 0.508231 -0.015168
v -0.211265 0.518412 0.007759
v -0.226586 0.535570 0.026122
v -0.242281 0.550838 0.031026
v -0.258364 0.564747 0.027753
v -0.273667 0.576968 0.016279
v -0.285376 0.585155 -0.001792
v -0.291669 0.588010 -0.023567
v -0.292136 0.585647 -0.046131
v -0.287690 0.578497 -0.065724
v -0.296363 0.460940 -0.014262
v -0.072892 0.660503 -0.083215
v -0.074425 0.678025 -0.073710
v -0.077168 0.691999 -0.057753
v -0.079801 0.699410 -0.036547
v -0.080199 0.698078 -0.015335
v -0.081561 0.690513 0.002330
v -0.087399 0.675252 0.017971
v -0.097838 0.655963 0.025698
v -0.109010 0.636470 0.023893
v -0.115019 0.620006 0.014265
v -0.116975 0.606151 -0.002290
v -0.112542 0.597867 -0.024660
v -0.104174 0.599453 -0.048323
v -0.096348 0.607487 -0.065865
v -0.086485 0.620745 -0.078441
v -0.079559 0.642413 -0.085723
v 0.001255 0.548601 0.182933
v -0.034936 0.549866 0.177533
v -0.068957 0.549443 0.162675
v -0.100993 0.546949 0.139765
v -0.127998 0.542079 0.111882
v -0.147589 0.533985 0.078637
v -0.157623 0.522102 0.034714
v -0.151482 0.510065 -0.019546
v -0.133832 0.502486 -0.057084
v -0.109870 0.498375 -0.087955
v -0.087029 0.495590 -0.108043
v -0.064129 0.493420 -0.123069
v -0.040951 0.492508 -0.135680
v -0.018344 0.492119 -0.143986
v 0.005186 0.491117 -0.146607
v 0.028571 0.489607 -0.143440
v 0.050670 0.487567 -0.134770
v 0.073273 0.485914 -0.121746
v 0.095544 0.485384 -0.106440
v 0.117403 0.485207 -0.086155
v 0.139489 0.485986 -0.054757
v 0.154946 0.490907 -0.016537
v 0.158539 0.501732 0.038138
v 0.147747 0.514919 0.081975
v 0.128746 0.525988 0.114920
v 0.102498 0.534552 0.142190
v 0.070991 0.541124 0.164412
v 0.037318 0.545632 0.178439
v -0.000672 0.516352 0.176828
v 0.035784 0.513384 0.172710
v -0.005280 0.403145 0.165568
v 0.034575 0.402953 0.157777
v 0.072231 0.405461 0.143124
v 0.070192 0.508518 0.159776
v 0.133146 0.413134 0.092901
v 0.133448 0.490851 0.111099
v 0.104844 0.500817 0.138151
v 0.105663 0.407723 0.120600
v 0.163313 0.423571 0.020715
v 0.164259 0.462637 0.037212
v 0.153946 0.477959 0.077884
v 0.152319 0.417161 0.058128
v 0.165585 0.428200 -0.016919
v 0.161661 0.452020 -0.013557
v 0.158387 0.433896 -0.059086
v 0.148344 0.448320 -0.056426
v 0.144139 0.438876 -0.088084
v 0.128412 0.449991 -0.083731
v 0.123710 0.442968 -0.113684
v 0.105831 0.453029 -0.107615
v 0.069660 0.447841 -0.147135
v 0.057130 0.458761 -0.138377
v 0.082054 0.456299 -0.125293
v 0.098778 0.445681 -0.133897
v 0.031026 0.460757 -0.146769
v 0.003661 0.462354 -0.149949
v 0.036835 0.449774 -0.154858
v 0.002908 0.451319 -0.157884
v -0.044696 0.405611 0.156794
v -0.037200 0.517185 0.171747
v -0.081568 0.410592 0.141030
v -0.071771 0.515919 0.157932
v -0.139952 0.422460 0.088927
v -0.113942 0.415118 0.117490
v -0.106632 0.511940 0.135406
v -0.135504 0.505065 0.107479
v -0.166492 0.435265 0.015693
v -0.157468 0.427932 0.053510
v -0.156096 0.494413 0.073659
v -0.166064 0.480143 0.032747
v -0.157600 0.445745 -0.064066
v -0.166916 0.440301 -0.022064
v -0.161857 0.468989 -0.017834
v -0.146598 0.463634 -0.060252
v -0.119984 0.452671 -0.117603
v -0.141778 0.449927 -0.092650
v -0.125032 0.463058 -0.086974
v -0.100992 0.463650 -0.110282
v -0.064268 0.453418 -0.149316
v -0.094023 0.453540 -0.137035
v -0.076114 0.464409 -0.127357
v -0.050467 0.464284 -0.139767
v -0.031079 0.452634 -0.155939
v -0.023852 0.463573 -0.147536
v 0.036554 0.373842 0.167808
v 0.076904 0.374421 0.155021
v 0.113091 0.375209 0.131542
v 0.142737 0.379148 0.101264
v 0.163576 0.385660 0.064154
v 0.176292 0.396030 0.020816
v 0.180756 0.410509 -0.024887
v 0.173449 0.421631 -0.069723
v 0.158250 0.426081 -0.103600
v 0.136702 0.425699 -0.134247
v 0.109587 0.423688 -0.159662
v 0.077254 0.421073 -0.176936
v 0.040533 0.418230 -0.187465
v 0.002331 0.418199 -0.191514
v -0.036015 0.421110 -0.188655
v -0.072897 0.426652 -0.179242
v -0.105698 0.431462 -0.162954
v -0.133555 0.435096 -0.138291
v -0.156243 0.436564 -0.108278
v -0.173011 0.432690 -0.074842
v -0.182703 0.421553 -0.030233
v -0.180875 0.406325 0.015593
v -0.170509 0.394738 0.059319
v -0.151622 0.386648 0.097069
v -0.123629 0.380866 0.128236
v -0.088631 0.378128 0.152782
v -0.048949 0.375661 0.166581
v -0.006383 0.374262 0.173265
v -0.003616 0.456620 0.181072
v -0.041047 0.457973 0.174922
v -0.076116 0.459000 0.159812
v -0.109168 0.458037 0.136297
v -0.136297 0.457615 0.106824
v -0.155383 0.455374 0.070375
v -0.165145 0.453229 0.028225
v -0.163750 0.452877 -0.019678
v -0.152007 0.453802 -0.061989
v -0.133520 0.455768 -0.089692
v -0.110674 0.457704 -0.113693
v -0.085310 0.458730 -0.131859
v -0.057629 0.458781 -0.144199
v -0.027586 0.458063 -0.151384
v 0.003338 0.456955 -0.153671
v 0.034023 0.455141 -0.150476
v 0.063664 0.453077 -0.142293
v 0.090626 0.450538 -0.129100
v 0.114924 0.447378 -0.110174
v 0.136323 0.443608 -0.085512
v 0.153210 0.440258 -0.057298
v 0.162886 0.438553 -0.014716
v 0.162183 0.438966 0.033112
v 0.150928 0.442103 0.074837
v 0.130781 0.446067 0.110638
v 0.102878 0.448869 0.139216
v 0.069347 0.452733 0.161836
v 0.033941 0.454742 0.175959
v -0.175520 0.277868 -0.058069
v -0.183610 0.277164 -0.028226
v -0.180382 0.273152 0.003567
v -0.167961 0.266368 0.029423
v -0.150542 0.254056 0.047080
v -0.129185 0.238558 0.058048
v -0.105699 0.221737 0.058857
v -0.078910 0.208204 0.049992
v -0.067745 0.202250 0.026534
v -0.059718 0.199229 0.000374
v -0.062938 0.204591 -0.034385
v -0.069258 0.211260 -0.055674
v -0.088372 0.227601 -0.079300
v -0.110089 0.245870 -0.091746
v -0.135382 0.261610 -0.091435
v -0.158922 0.271922 -0.080018
v 0.170502 0.266784 -0.047033
v 0.176416 0.268287 -0.016626
v 0.170628 0.267372 0.015384
v 0.155790 0.263771 0.041199
v 0.136155 0.254151 0.059034
v 0.112836 0.240630 0.070098
v 0.088162 0.224399 0.070629
v 0.061335 0.210476 0.060405
v 0.051988 0.202693 0.036282
v 0.046398 0.198086 0.009499
v 0.053184 0.200950 -0.025270
v 0.061582 0.205875 -0.046388
v 0.083184 0.219272 -0.069420
v 0.106167 0.236222 -0.082430
v 0.131904 0.250513 -0.081837
v 0.155067 0.260283 -0.069842
v -0.009198 0.268390 0.135469
v -0.050615 0.274984 0.132541
v -0.089785 0.295402 0.126353
v -0.126721 0.310340 0.108181
v -0.156159 0.325526 0.082859
v -0.175746 0.339025 0.049200
v -0.185896 0.348362 0.009630
v -0.191000 0.354241 -0.035451
v -0.185834 0.355891 -0.075732
v -0.169116 0.351850 -0.107763
v -0.144589 0.341975 -0.134714
v -0.114742 0.326990 -0.155515
v -0.079170 0.309550 -0.167511
v -0.040875 0.286717 -0.167956
v -0.000377 0.278187 -0.166811
v 0.038882 0.284678 -0.166326
v 0.077683 0.305158 -0.164578
v 0.113313 0.320575 -0.151557
v 0.143045 0.333972 -0.130004
v 0.167053 0.342857 -0.102428
v 0.182964 0.346083 -0.070088
v 0.186603 0.344788 -0.029785
v 0.179295 0.340407 0.015117
v 0.166805 0.332911 0.054518
v 0.144742 0.321593 0.087831
v 0.112967 0.308534 0.112488
v 0.073965 0.295180 0.129600
v 0.033201 0.275205 0.134524
v -0.002151 0.488958 0.183536
v -0.039564 0.489592 0.178169
v -0.074796 0.487924 0.163584
v -0.109008 0.484408 0.140101
v -0.137111 0.479825 0.110599
v -0.156911 0.473297 0.074681
v -0.166626 0.465380 0.031735
v -0.163493 0.460724 -0.018816
v -0.149653 0.459144 -0.061298
v -0.129456 0.459933 -0.088619
v -0.105863 0.461233 -0.112378
v -0.080644 0.462138 -0.130041
v -0.053906 0.462089 -0.142407
v -0.025601 0.461387 -0.149868
v 0.003577 0.460147 -0.152149
v 0.032603 0.458482 -0.148961
v 0.060406 0.456409 -0.140704
v 0.086397 0.453909 -0.127537
v 0.110518 0.450693 -0.109166
v 0.132621 0.447273 -0.084756
v 0.151195 0.444713 -0.056895
v 0.162983 0.445112 -0.014046
v 0.164117 0.449538 0.036537
v 0.153360 0.458435 0.079128
v 0.133012 0.466889 0.114386
v 0.104682 0.474169 0.142988
v 0.070400 0.480964 0.165588
v 0.035231 0.486006 0.179199
v 0.033567 0.423914 0.166032
v 0.069551 0.425077 0.151942
v 0.102672 0.424575 0.129656
v 0.130174 0.426464 0.101847
v 0.149911 0.427042 0.066474
v 0.161350 0.429545 0.027058
v 0.163542 0.432243 -0.015731
v 0.155635 0.436195 -0.057996
v 0.140329 0.440423 -0.086520
v 0.119543 0.444489 -0.111499
v 0.095022 0.447555 -0.131045
v 0.066965 0.449987 -0.144295
v 0.035634 0.452120 -0.152341
v 0.003068 0.453718 -0.155474
v -0.029517 0.455058 -0.153397
v -0.061243 0.455731 -0.146407
v -0.089986 0.455674 -0.134099
v -0.115592 0.454578 -0.115355
v -0.137799 0.452049 -0.091030
v -0.154700 0.448827 -0.062956
v -0.164708 0.445296 -0.020882
v -0.164505 0.442262 0.022065
v -0.154880 0.438819 0.061891
v -0.136558 0.436697 0.097939
v -0.110233 0.432719 0.126635
v -0.077885 0.430724 0.149946
v -0.042575 0.426814 0.164952
v -0.004651 0.424425 0.172327
v -0.304137 0.526699 -0.068522
v -0.314833 0.538381 -0.055228
v -0.319204 0.545293 -0.038935
v -0.317910 0.546801 -0.019366
v -0.310669 0.542838 -0.001049
v -0.298855 0.534076 0.012605
v -0.285262 0.522957 0.020099
v -0.272455 0.511861 0.021430
v -0.261009 0.500760 0.017531
v -0.249029 0.487527 0.003793
v -0.243933 0.480279 -0.012427
v -0.244784 0.477928 -0.031047
v -0.250699 0.480905 -0.048613
v -0.262553 0.489490 -0.064536
v -0.279685 0.503674 -0.073425
v -0.291165 0.514119 -0.073780
v -0.244162 0.597115 -0.078560
v -0.232600 0.585259 -0.086087
v -0.221528 0.574111 -0.087762
v -0.203867 0.557161 -0.081088
v -0.190877 0.545738 -0.064741
v -0.183749 0.540817 -0.044991
v -0.182425 0.542757 -0.023093
v -0.188363 0.551306 -0.004245
v -0.201862 0.566579 0.010653
v -0.214946 0.579690 0.014122
v -0.228469 0.591928 0.011288
v -0.241430 0.603017 0.001853
v -0.251359 0.610860 -0.012864
v -0.256880 0.614220 -0.030673
v -0.257270 0.612938 -0.049097
v -0.253565 0.607261 -0.064735
v -0.170406 0.662424 -0.073528
v -0.165543 0.648876 -0.081987
v -0.160589 0.635413 -0.085062
v -0.153555 0.614314 -0.081077
v -0.148291 0.598844 -0.068088
v -0.144768 0.590664 -0.050984
v -0.146542 0.589057 -0.030913
v -0.150899 0.596332 -0.012832
v -0.158372 0.612269 0.003053
v -0.164525 0.627252 0.008669
v -0.169137 0.643235 0.008554
v -0.173576 0.658628 0.001999
v -0.175811 0.670778 -0.010039
v -0.176567 0.677736 -0.025861
v -0.174863 0.679429 -0.043837
v -0.173797 0.673574 -0.059756
v -0.223806 0.610030 -0.074938
v -0.214568 0.600182 -0.082032
v -0.206112 0.590297 -0.083793
v -0.192580 0.576617 -0.079132
v -0.182602 0.566273 -0.065424
v -0.177328 0.561622 -0.048308
v -0.176589 0.562905 -0.028838
v -0.181498 0.570043 -0.011812
v -0.192521 0.583197 0.001974
v -0.202562 0.594216 0.005397
v -0.213090 0.604533 0.003389
v -0.223057 0.613947 -0.004353
v -0.230586 0.620771 -0.016861
v -0.234654 0.623838 -0.032341
v -0.234658 0.623027 -0.048593
v -0.231477 0.618559 -0.062360
v -0.188102 0.645588 -0.072559
v -0.193065 0.654977 -0.060054
v -0.195136 0.659842 -0.046215
v -0.196185 0.659045 -0.030180
v -0.194263 0.653991 -0.015611
v -0.190309 0.644426 -0.004424
v -0.184133 0.632471 0.002040
v -0.177733 0.619685 0.002821
v -0.170853 0.607181 -0.001547
v -0.162778 0.593116 -0.015803
v -0.158516 0.586459 -0.032397
v -0.157568 0.587152 -0.050970
v -0.161091 0.593780 -0.066760
v -0.167315 0.606680 -0.078753
v -0.176015 0.624039 -0.082501
v -0.181815 0.634469 -0.079990
v 0.319457 0.459187 0.072450
v 0.322791 0.466466 0.079164
v 0.317786 0.453937 0.066338
v 0.317958 0.447778 0.053584
v 0.330640 0.476163 0.079899
v 0.340988 0.486314 0.077231
v 0.352327 0.493255 0.067601
v 0.363784 0.491293 0.039586
v 0.362402 0.482648 0.025592
v 0.356548 0.472585 0.018450
v 0.360508 0.495392 0.053638
v 0.340548 0.455654 0.018530
v 0.332175 0.449728 0.024692
v 0.325779 0.446771 0.033039
v 0.350934 0.465558 0.016429
v 0.320736 0.446089 0.043093
v 0.171576 0.641058 -0.070386
v 0.173013 0.655474 -0.058636
v 0.170313 0.625023 -0.076095
v 0.165647 0.600565 -0.075565
v 0.159874 0.581684 -0.065061
v 0.152519 0.570108 -0.049620
v 0.148199 0.565104 -0.028867
v 0.145601 0.570416 -0.008201
v 0.145965 0.586008 0.012781
v 0.148964 0.603543 0.023241
v 0.151362 0.623388 0.026706
v 0.155697 0.643223 0.022784
v 0.160203 0.658976 0.011793
v 0.168805 0.671705 -0.023607
v 0.165158 0.668374 -0.003987
v 0.172111 0.666555 -0.042127
v 0.203004 0.636841 -0.045441
v 0.201428 0.624480 -0.056336
v 0.216198 0.610583 -0.046417
v 0.218453 0.620717 -0.035848
v 0.198076 0.611723 -0.062339
v 0.212367 0.600491 -0.052367
v 0.190126 0.590608 -0.063994
v 0.203437 0.582821 -0.054853
v 0.180292 0.573967 -0.056279
v 0.193135 0.568498 -0.048402
v 0.170229 0.563990 -0.043379
v 0.183431 0.559767 -0.036698
v 0.163768 0.559829 -0.025000
v 0.176387 0.556377 -0.020038
v 0.160703 0.564668 -0.006282
v 0.173135 0.560520 -0.002785
v 0.162110 0.578564 0.012852
v 0.174393 0.572477 0.014991
v 0.166753 0.592974 0.022040
v 0.178893 0.584410 0.023224
v 0.172354 0.609325 0.025541
v 0.185024 0.597488 0.026776
v 0.179849 0.625604 0.023008
v 0.193053 0.610516 0.025158
v 0.186620 0.639035 0.014374
v 0.201101 0.621683 0.017890
v 0.192849 0.647474 0.001224
v 0.197302 0.650897 -0.015270
v 0.213789 0.631591 -0.008013
v 0.208399 0.628719 0.006490
v 0.201529 0.646506 -0.030574
v 0.217602 0.628478 -0.021616
v 0.273901 0.582916 -0.017321
v 0.268927 0.571501 -0.030794
v 0.305024 0.546190 -0.027479
v 0.310536 0.559290 -0.011192
v 0.261686 0.559760 -0.038801
v 0.296233 0.532223 -0.037289
v 0.245984 0.540151 -0.043252
v 0.277862 0.510214 -0.041955
v 0.229373 0.524337 -0.036275
v 0.258019 0.492626 -0.032368
v 0.215711 0.514840 -0.022785
v 0.241991 0.482426 -0.015478
v 0.205191 0.512051 -0.003804
v 0.229670 0.479675 0.007618
v 0.201190 0.517030 0.016699
v 0.224590 0.485389 0.032465
v 0.204197 0.530189 0.038076
v 0.227229 0.499819 0.058010
v 0.211931 0.543655 0.048871
v 0.236034 0.515436 0.071558
v 0.222868 0.557693 0.054163
v 0.248803 0.531605 0.077850
v 0.236225 0.571923 0.053221
v 0.264583 0.547852 0.076302
v 0.249782 0.583763 0.045793
v 0.280723 0.561177 0.066742
v 0.261602 0.591405 0.033016
v 0.270038 0.593982 0.016753
v 0.304939 0.572050 0.030668
v 0.294706 0.569443 0.050725
v 0.274470 0.591216 0.000493
v 0.310569 0.568709 0.010361
v 0.330004 0.509079 -0.004764
v 0.336840 0.521781 0.007477
v 0.321799 0.497448 -0.011088
v 0.305880 0.479688 -0.012947
v 0.290662 0.466501 -0.005431
v 0.278915 0.459082 0.007004
v 0.270145 0.457181 0.023409
v 0.266613 0.461260 0.041062
v 0.268936 0.472515 0.060478
v 0.275209 0.483817 0.070665
v 0.284814 0.496441 0.076840
v 0.297616 0.510554 0.077895
v 0.311843 0.523524 0.072376
v 0.334359 0.535298 0.043020
v 0.324914 0.532303 0.059982
v 0.338541 0.531593 0.025676
v 0.252504 0.591483 -0.021194
v 0.248894 0.582186 -0.032944
v 0.243478 0.572484 -0.039744
v 0.231194 0.556633 -0.043556
v 0.217677 0.543215 -0.037450
v 0.206244 0.535012 -0.025427
v 0.197049 0.532421 -0.008442
v 0.193140 0.536440 0.009765
v 0.195030 0.547526 0.028725
v 0.200854 0.558519 0.037805
v 0.209476 0.569999 0.042216
v 0.220176 0.581703 0.041195
v 0.231244 0.591565 0.034511
v 0.241141 0.598037 0.023117
v 0.248432 0.600392 0.008683
v 0.252433 0.598259 -0.005489
v 0.229476 0.595116 -0.035001
v 0.232439 0.603471 -0.024554
v 0.225256 0.587549 -0.041291
v 0.215229 0.572213 -0.044804
v 0.204191 0.559279 -0.039843
v 0.194428 0.550999 -0.029410
v 0.186905 0.548307 -0.014617
v 0.183606 0.551876 0.001371
v 0.185282 0.562558 0.018141
v 0.190052 0.572651 0.025705
v 0.196837 0.583038 0.029618
v 0.205080 0.593072 0.029371
v 0.214589 0.603457 0.022994
v 0.222688 0.608995 0.013697
v 0.228760 0.611755 0.000975
v 0.232177 0.609723 -0.010839
v -0.316170 0.505423 -0.057795
v -0.324729 0.515349 -0.047353
v -0.328281 0.521512 -0.034223
v -0.326770 0.522749 -0.018138
v -0.320456 0.519386 -0.003612
v -0.310713 0.512056 0.006255
v -0.300198 0.503537 0.011537
v -0.291190 0.495282 0.010770
v -0.283901 0.487770 0.007572
v -0.275748 0.478284 -0.002765
v -0.272449 0.473307 -0.014304
v -0.273006 0.471341 -0.027539
v -0.276918 0.472881 -0.040269
v -0.285026 0.478224 -0.052066
v -0.297456 0.487843 -0.059835
v -0.305861 0.495323 -0.060936
v 0.347044 0.500933 0.019140
v 0.348655 0.509214 0.033716
v 0.345433 0.512627 0.047898
v 0.337478 0.510002 0.061773
v 0.326796 0.502686 0.071466
v 0.315710 0.492183 0.074880
v 0.306004 0.481354 0.073877
v 0.299935 0.472482 0.067943
v 0.296187 0.465081 0.060552
v 0.294979 0.457301 0.046064
v 0.297691 0.454624 0.033535
v 0.303833 0.455744 0.021779
v 0.311989 0.460571 0.012477
v 0.322693 0.469399 0.006403
v 0.334727 0.482052 0.006429
v 0.341096 0.490595 0.010277
v -0.104699 0.647701 -0.088765
v -0.102652 0.665704 -0.085699
v -0.104286 0.682329 -0.075410
v -0.105611 0.695307 -0.058986
v -0.106302 0.702366 -0.038292
v -0.107911 0.700226 -0.016195
v -0.109069 0.691545 0.002193
v -0.112573 0.676230 0.017009
v -0.117414 0.656712 0.024062
v -0.122888 0.637510 0.022136
v -0.123587 0.620942 0.012810
v -0.120952 0.605241 -0.005087
v -0.116222 0.597144 -0.026432
v -0.111435 0.598980 -0.049586
v -0.110330 0.607741 -0.068361
v -0.107056 0.623636 -0.082652
v 0.137892 0.630297 -0.083929
v 0.136160 0.648424 -0.079176
v 0.137167 0.664564 -0.067551
v 0.136983 0.676961 -0.050404
v 0.134959 0.683173 -0.029643
v 0.132833 0.680385 -0.008220
v 0.130134 0.671234 0.009269
v 0.129059 0.654411 0.022757
v 0.129228 0.632777 0.028372
v 0.130826 0.610875 0.024879
v 0.129794 0.591965 0.012996
v 0.129861 0.576682 -0.008299
v 0.131615 0.570892 -0.031204
v 0.133937 0.575912 -0.053241
v 0.137659 0.587158 -0.069159
v 0.137875 0.605244 -0.080744
v -0.121405 0.590495 0.007377
v -0.116222 0.605912 0.028165
v -0.105053 0.627287 0.038265
v -0.088532 0.651605 0.038893
v -0.073794 0.675262 0.028232
v -0.065354 0.693154 0.008936
v -0.064340 0.700635 -0.012114
v -0.064832 0.701372 -0.036482
v -0.061240 0.692206 -0.061795
v -0.057774 0.674652 -0.079953
v -0.057219 0.653234 -0.090060
v -0.067538 0.630727 -0.092435
v -0.078770 0.605559 -0.083935
v -0.093512 0.591548 -0.070164
v -0.106587 0.582517 -0.049480
v -0.117371 0.581688 -0.021118
v 0.129300 0.568102 0.007074
v 0.124276 0.584636 0.029026
v 0.116874 0.608743 0.040329
v 0.105775 0.636622 0.041546
v 0.095988 0.662946 0.030953
v 0.092414 0.682727 0.011863
v 0.093472 0.690227 -0.009075
v 0.095342 0.690771 -0.033284
v 0.091771 0.682404 -0.058835
v 0.086688 0.665646 -0.077343
v 0.084413 0.644442 -0.088076
v 0.092120 0.620651 -0.090552
v 0.100212 0.593710 -0.082891
v 0.112556 0.576916 -0.069869
v 0.122366 0.564697 -0.050138
v 0.128703 0.560756 -0.022116
v -0.306868 0.472805 0.014168
v -0.321286 0.489188 0.015931
v -0.349180 0.497351 0.001213
v -0.341581 0.423389 0.007187
v -0.341517 0.420187 -0.021054
v -0.328593 0.430220 -0.026585
v -0.329598 0.429264 -0.005539
v -0.337030 0.440775 -0.042947
v -0.350398 0.427886 -0.038972
v -0.353933 0.411545 -0.018591
v -0.351991 0.412691 -0.002803
v -0.364104 0.417435 -0.033296
v -0.388059 0.462511 -0.000381
v -0.379252 0.472728 -0.007201
v -0.379701 0.458545 -0.025019
v -0.389207 0.454188 -0.010625
v -0.378184 0.475522 0.017053
v -0.386989 0.465824 0.011843
v -0.382170 0.466427 0.045780
v -0.372974 0.472643 0.038979
v -0.386806 0.466686 0.029202
v -0.346842 0.438729 0.033274
v -0.355311 0.450275 0.040023
v -0.356284 0.451339 0.043891
v -0.348071 0.439226 0.033075
v -0.374576 0.428174 -0.036708
v -0.383152 0.437528 -0.033106
v -0.372050 0.449974 -0.038186
v -0.361208 0.439548 -0.043202
v -0.348369 0.453085 -0.047380
v -0.360891 0.459046 -0.042317
v -0.362472 0.480213 0.033337
v -0.361085 0.464442 0.049827
v -0.355903 0.464458 0.046388
v -0.353962 0.478153 0.041494
v -0.302761 0.455485 0.002652
v -0.314146 0.439233 0.000992
v -0.314458 0.441565 -0.010824
v -0.349239 0.417638 0.016744
v -0.338519 0.425761 0.018202
v -0.347804 0.422920 0.029000
v -0.362464 0.406517 -0.017594
v -0.373913 0.409440 -0.028535
v -0.401606 0.444637 0.010881
v -0.395543 0.453263 0.005680
v -0.397459 0.442918 -0.005816
v -0.401290 0.434767 0.000517
v -0.398237 0.448708 0.029066
v -0.394828 0.457902 0.037245
v -0.393588 0.458027 0.019397
v -0.390977 0.458738 0.052275
v -0.363269 0.449591 0.056015
v -0.366730 0.446078 0.064292
v -0.352289 0.436394 0.057435
v -0.348348 0.438953 0.050938
v -0.385160 0.418078 -0.030885
v -0.392468 0.425627 -0.028494
v -0.345349 0.429803 0.039745
v -0.349433 0.428656 0.046274
v -0.381519 0.454049 0.060779
v -0.375451 0.459025 0.057556
v -0.353060 0.421553 0.032452
v -0.353926 0.423826 0.037544
v -0.389611 0.443838 -0.022391
v -0.397555 0.432733 -0.018375
v -0.364011 0.471183 -0.035035
v -0.368183 0.484110 -0.015474
v -0.399279 0.446437 0.025634
v -0.401167 0.432567 -0.003591
v -0.353786 0.414419 0.020374
v -0.359602 0.407599 -0.005666
v -0.374572 0.339153 0.020329
v -0.360220 0.346548 0.016237
v -0.363907 0.349838 0.026525
v -0.375935 0.344611 0.027981
v -0.393025 0.401738 -0.019153
v -0.381191 0.397068 -0.018462
v -0.383506 0.390748 -0.013677
v -0.394165 0.393987 -0.013101
v -0.381072 0.346664 0.004354
v -0.370620 0.350060 -0.000404
v -0.365263 0.344665 0.006833
v -0.377932 0.339460 0.011332
v -0.402536 0.403959 0.006862
v -0.402672 0.412736 0.003827
v -0.403466 0.411461 -0.007611
v -0.403279 0.402458 -0.002632
v -0.382942 0.344259 0.025994
v -0.386503 0.351458 0.024709
v -0.388492 0.348941 0.017504
v -0.383922 0.340625 0.020677
v -0.381442 0.405001 0.012274
v -0.383342 0.399616 0.014880
v -0.370826 0.397909 0.009499
v -0.367163 0.403655 0.006818
v -0.355959 0.357854 0.021497
v -0.357786 0.364705 0.021451
v -0.368845 0.358513 0.028571
v -0.367140 0.396047 -0.000268
v -0.365362 0.401032 -0.003555
v -0.353912 0.356619 0.013090
v -0.354645 0.363736 0.010024
v -0.380587 0.353873 0.028521
v -0.395514 0.409427 0.010346
v -0.396001 0.402160 0.012572
v -0.359901 0.357903 0.000942
v -0.357898 0.353070 0.005776
v -0.373052 0.392046 -0.008216
v -0.369805 0.397736 -0.012109
v -0.382212 0.371775 -0.006318
v -0.390939 0.370161 -0.002878
v -0.398375 0.372770 0.009749
v -0.395734 0.373790 0.017413
v -0.379195 0.380007 0.022131
v -0.369552 0.384164 0.015470
v -0.367273 0.382718 0.005399
v -0.390012 0.376090 0.021507
v -0.372907 0.377141 -0.002991
v -0.361761 0.410221 0.004343
v -0.365389 0.407897 0.004361
v -0.363069 0.404567 -0.005503
v -0.402581 0.422313 -0.013669
v -0.402958 0.422345 0.000006
v -0.393782 0.421142 0.004278
v -0.395031 0.416061 0.007336
v -0.379450 0.410242 0.009302
v -0.377558 0.414395 0.006843
v -0.378502 0.402937 -0.023763
v -0.367148 0.402401 -0.015909
v -0.399802 0.406295 -0.016596
v -0.400245 0.398017 -0.010304
v -0.390740 0.409495 -0.025435
v -0.396596 0.371331 0.002263
v -0.386942 0.347305 0.010127
v -0.397992 0.415613 -0.023302
v -0.384094 0.340729 0.014143
v -0.392655 0.422922 0.003672
v -0.374399 0.417064 0.005185
v -0.358644 0.411611 0.010322
v -0.391427 0.369080 0.095509
v -0.379240 0.373939 0.089881
v -0.378641 0.382026 0.098045
v -0.391101 0.376948 0.101976
v -0.388057 0.418293 0.043629
v -0.392147 0.414298 0.047164
v -0.406094 0.420218 0.047620
v -0.403157 0.426416 0.041414
v -0.382315 0.370626 0.080340
v -0.393630 0.367115 0.086555
v -0.398995 0.372346 0.079826
v -0.386853 0.374564 0.072948
v -0.406880 0.441513 0.050296
v -0.410156 0.433265 0.056693
v -0.405606 0.435668 0.067116
v -0.401345 0.444293 0.061824
v -0.398085 0.375860 0.100794
v -0.402187 0.384472 0.098818
v -0.405705 0.379522 0.092548
v -0.399442 0.370439 0.096495
v -0.365754 0.429267 0.064544
v -0.377352 0.437067 0.071284
v -0.382827 0.431580 0.074418
v -0.372217 0.427381 0.066818
v -0.371302 0.387941 0.090323
v -0.371391 0.396672 0.088999
v -0.380861 0.392264 0.099293
v -0.368695 0.420158 0.057491
v -0.361556 0.422149 0.054254
v -0.370012 0.392021 0.076884
v -0.370343 0.383204 0.082416
v -0.394444 0.388023 0.101637
v -0.392105 0.442108 0.068600
v -0.397029 0.434473 0.072903
v -0.375569 0.383611 0.069917
v -0.374307 0.378720 0.076201
v -0.377252 0.415388 0.050333
v -0.370936 0.417404 0.047050
v -0.406907 0.397107 0.063917
v -0.393099 0.395299 0.058831
v -0.408198 0.410798 0.083435
v -0.413126 0.406552 0.076122
v -0.373488 0.414013 0.077714
v -0.385239 0.414152 0.087230
v -0.371225 0.409041 0.065958
v -0.399168 0.412582 0.087604
v -0.378474 0.401158 0.058835
v -0.358835 0.433107 0.061089
v -0.354721 0.425461 0.050234
v -0.396606 0.451959 0.057078
v -0.401961 0.449687 0.043866
v -0.371005 0.442434 0.067350
v -0.386291 0.449192 0.064266
v -0.362856 0.420005 0.042948
v -0.383307 0.422579 0.040070
v -0.379807 0.425772 0.037886
v -0.411280 0.427286 0.049097
v -0.407980 0.435253 0.041448
v -0.396167 0.436481 0.033430
v -0.398744 0.432581 0.036310
v -0.412990 0.401582 0.068826
v -0.405057 0.375006 0.085381
v -0.401917 0.443226 0.034079
v -0.399932 0.368754 0.089934
v -0.379237 0.425381 0.037154
v -0.396077 0.435143 0.033182
v -0.375170 0.347817 0.070906
v -0.374002 0.341664 0.062613
v -0.363425 0.350440 0.057516
v -0.364647 0.356577 0.067678
v -0.381837 0.404754 0.011489
v -0.386055 0.397246 0.016867
v -0.401549 0.401132 0.018323
v -0.399374 0.409809 0.011093
v -0.385502 0.345501 0.047570
v -0.374269 0.351339 0.040746
v -0.366925 0.347989 0.047497
v -0.377629 0.340316 0.053700
v -0.408054 0.412846 0.042079
v -0.406814 0.424143 0.037127
v -0.410372 0.422760 0.024070
v -0.411089 0.411202 0.031085
v -0.389602 0.351966 0.069455
v -0.393023 0.348722 0.061752
v -0.382905 0.340298 0.064277
v -0.382584 0.344899 0.069984
v -0.383654 0.407686 0.050400
v -0.369409 0.404725 0.043570
v -0.364335 0.410415 0.039993
v -0.380932 0.413725 0.047342
v -0.359781 0.364043 0.061452
v -0.361500 0.370226 0.062410
v -0.370950 0.364794 0.070934
v -0.364138 0.400735 0.031767
v -0.358161 0.406823 0.026631
v -0.357733 0.360879 0.052351
v -0.358357 0.365650 0.050243
v -0.382755 0.356549 0.072574
v -0.397813 0.418736 0.045171
v -0.399418 0.410262 0.048540
v -0.363958 0.360021 0.040910
v -0.361312 0.356818 0.045463
v -0.365108 0.403270 0.017813
v -0.371056 0.397465 0.022934
v -0.383985 0.373675 0.029313
v -0.397965 0.372202 0.034706
v -0.403647 0.381366 0.056937
v -0.406504 0.377957 0.048744
v -0.379689 0.387460 0.061127
v -0.367234 0.391248 0.051674
v -0.364532 0.388541 0.038928
v -0.395154 0.383584 0.061413
v -0.370514 0.381347 0.030702
v -0.354819 0.412122 0.022831
v -0.359966 0.414815 0.034920
v -0.406856 0.434517 0.016925
v -0.404099 0.434376 0.031874
v -0.396560 0.427389 0.039324
v -0.379971 0.420310 0.040330
v -0.376350 0.413663 0.007426
v -0.361188 0.409917 0.013049
v -0.408425 0.416187 0.013589
v -0.409366 0.406019 0.021859
v -0.393500 0.420603 0.006907
v -0.405101 0.374373 0.040688
v -0.392082 0.345919 0.054004
v -0.403754 0.428542 0.006732
v -0.384271 0.339691 0.057642
v -0.344398 0.443537 0.088517
v -0.350833 0.444396 0.087700
v -0.350478 0.436884 0.089727
v -0.341402 0.437026 0.090288
v -0.348431 0.474164 0.048775
v -0.353228 0.461563 0.047185
v -0.352006 0.458092 0.050900
v -0.347063 0.468159 0.054878
v -0.357068 0.445338 0.078409
v -0.362037 0.437571 0.076376
v -0.358808 0.436689 0.084587
v -0.356497 0.443356 0.084403
v -0.336905 0.471946 0.056455
v -0.325718 0.468304 0.057975
v -0.322948 0.477156 0.048345
v -0.337138 0.479720 0.047517
v -0.341371 0.444266 0.084442
v -0.349566 0.447055 0.081410
v -0.315660 0.445527 0.049410
v -0.321952 0.435082 0.041930
v -0.317723 0.435983 0.034700
v -0.309814 0.449527 0.039805
v -0.338867 0.426532 0.089004
v -0.338621 0.417119 0.083488
v -0.334469 0.415350 0.076679
v -0.331821 0.426321 0.083520
v -0.334161 0.432491 0.039383
v -0.332607 0.433209 0.035571
v -0.346724 0.415170 0.081851
v -0.345239 0.412195 0.072719
v -0.349054 0.426320 0.088148
v -0.335365 0.437483 0.085250
v -0.318677 0.457131 0.055648
v -0.313325 0.464525 0.046090
v -0.356806 0.416104 0.071127
v -0.355098 0.417381 0.078881
v -0.358748 0.426465 0.082836
v -0.363112 0.427070 0.074093
v -0.345802 0.436422 0.041424
v -0.353707 0.446588 0.045654
v -0.354308 0.448703 0.041848
v -0.345860 0.437986 0.037013
v -0.356603 0.445997 0.063297
v -0.350934 0.453428 0.067802
v -0.349066 0.457982 0.064302
v -0.354242 0.450216 0.059327
v -0.331311 0.456168 0.069255
v -0.340647 0.459373 0.067685
v -0.342805 0.454570 0.071447
v -0.333746 0.451428 0.073540
v -0.328546 0.424486 0.055827
v -0.326686 0.428883 0.051763
v -0.322648 0.436093 0.061149
v -0.324907 0.431484 0.066050
v -0.339399 0.422534 0.050985
v -0.337505 0.426714 0.047077
v -0.332300 0.436173 0.079669
v -0.338734 0.443775 0.080404
v -0.362844 0.428391 0.067171
v -0.355797 0.417585 0.063950
v -0.361113 0.438943 0.069826
v -0.355348 0.446518 0.072447
v -0.347557 0.448243 0.075723
v -0.332244 0.416766 0.067148
v -0.329032 0.425751 0.076168
v -0.343537 0.413806 0.063816
v -0.327677 0.441842 0.071666
v -0.325273 0.446379 0.067023
v -0.358676 0.435607 0.057709
v -0.356051 0.439946 0.053841
v -0.349167 0.430208 0.048954
v -0.351796 0.424653 0.053167
v -0.316152 0.434189 0.022250
v -0.333454 0.431599 0.031129
v -0.336709 0.430359 0.031713
v -0.330158 0.428300 0.020745
v -0.340393 0.486913 0.036097
v -0.322010 0.483950 0.037529
v -0.322984 0.487919 0.026173
v -0.345035 0.491880 0.022045
v -0.309678 0.469297 0.035792
v -0.307564 0.472051 0.025276
v -0.305969 0.451310 0.027894
v -0.313796 0.436702 0.010732
v -0.304535 0.453342 0.015604
v -0.320013 0.440730 0.056062
v -0.324824 0.432482 0.047549
v -0.328807 0.461285 0.064464
v -0.322647 0.451147 0.062049
v -0.347135 0.433568 0.045602
v -0.354266 0.443504 0.050057
v -0.352534 0.454068 0.055353
v -0.347629 0.462457 0.060061
v -0.338562 0.464716 0.062973
v -0.335834 0.429956 0.043732
v -0.361373 0.430534 0.062173
v -0.354274 0.420351 0.057933
v -0.353151 0.449107 0.070501
v -0.359153 0.441601 0.066225
v -0.330443 0.420076 0.060405
v -0.327022 0.427583 0.070969
v -0.330039 0.437743 0.075947
v -0.336242 0.447238 0.076877
v -0.345208 0.450760 0.073162
v -0.341503 0.417472 0.056766
v -0.348581 0.439907 0.039730
v -0.359331 0.451192 0.048962
v -0.368178 0.462349 0.053964
v -0.341087 0.429692 0.033642
v -0.354125 0.412738 0.006695
v -0.355029 0.493416 -0.023905
v -0.365717 0.486944 0.009219
v -0.346502 0.474773 -0.046929
v -0.327108 0.453953 -0.046882
v -0.315195 0.442823 -0.032044
v -0.327442 0.429178 0.004989
v -0.323907 0.430026 0.011802
v -0.312723 0.481445 0.016412
v -0.338315 0.500046 0.000017
v -0.332893 0.494722 0.010707
v -0.340663 0.420835 -0.007535
v -0.335023 0.424968 -0.023646
v -0.328629 0.428888 -0.015436
v -0.335542 0.426132 0.000306
v -0.331915 0.434644 -0.036021
v -0.345227 0.422980 -0.031645
v -0.343409 0.434086 -0.041169
v -0.347992 0.415511 -0.019434
v -0.347093 0.417370 0.001842
v -0.352067 0.411947 -0.010370
v -0.358402 0.413602 -0.026842
v -0.357526 0.422344 -0.036203
v -0.383859 0.467416 -0.003654
v -0.379395 0.466910 -0.016737
v -0.386053 0.455671 -0.016163
v -0.388842 0.457864 -0.006430
v -0.378643 0.475431 0.003845
v -0.387524 0.464790 0.006537
v -0.383837 0.469746 0.013593
v -0.377401 0.469610 0.042271
v -0.375168 0.475381 0.028936
v -0.382801 0.470793 0.024546
v -0.384488 0.467714 0.037429
v -0.351901 0.443970 0.036066
v -0.355661 0.451015 0.041764
v -0.353048 0.444516 0.036051
v -0.347613 0.438815 0.032131
v -0.379137 0.433148 -0.035741
v -0.377841 0.443816 -0.035568
v -0.366985 0.444993 -0.041669
v -0.368196 0.433650 -0.040038
v -0.354012 0.445759 -0.045643
v -0.365812 0.455413 -0.040868
v -0.355231 0.457152 -0.045385
v -0.362495 0.471687 0.043361
v -0.358070 0.464854 0.047635
v -0.355480 0.471517 0.045061
v -0.357523 0.479402 0.038000
v -0.307381 0.447002 0.001345
v -0.314513 0.440586 -0.004003
v -0.305828 0.450844 -0.013308
v -0.300676 0.457861 -0.004804
v -0.345738 0.420546 0.013610
v -0.339832 0.425083 0.013346
v -0.343638 0.424188 0.023769
v -0.348103 0.420164 0.022393
v -0.367560 0.407319 -0.023769
v -0.396549 0.448469 -0.000160
v -0.401182 0.441373 0.004328
v -0.396503 0.454575 0.031668
v -0.389995 0.463173 0.023676
v -0.393314 0.459044 0.044908
v -0.359420 0.441564 0.060375
v -0.356969 0.444117 0.049022
v -0.389290 0.421859 -0.030393
v -0.345923 0.434094 0.044932
v -0.349144 0.432000 0.052029
v -0.374427 0.450241 0.063569
v -0.368753 0.454103 0.060785
v -0.355300 0.423410 0.035128
v -0.386442 0.441421 -0.028619
v -0.385033 0.450139 -0.024118
v -0.375986 0.454336 -0.033039
v -0.395107 0.429644 -0.024333
v -0.379531 0.463247 0.052516
v -0.387000 0.457020 0.057265
v -0.371740 0.465969 -0.030187
v -0.374066 0.478552 -0.011250
v -0.366519 0.478337 -0.026400
v -0.369458 0.422589 -0.036214
v -0.379930 0.413478 -0.030572
v -0.355701 0.433609 -0.042555
v -0.342385 0.447244 -0.046602
v -0.394572 0.456116 0.012290
v -0.401157 0.446192 0.018341
v -0.397878 0.446802 0.027758
v -0.393813 0.443828 -0.014549
v -0.399914 0.433786 -0.011159
v -0.400396 0.432795 -0.001161
v -0.352242 0.417999 0.026160
v -0.360029 0.406862 -0.011575
v -0.366933 0.341624 0.018557
v -0.361112 0.347782 0.021827
v -0.370288 0.346493 0.027842
v -0.374522 0.341253 0.024722
v -0.387334 0.398852 -0.019136
v -0.389106 0.392018 -0.013892
v -0.376053 0.347715 0.001537
v -0.371886 0.341005 0.009134
v -0.403776 0.412658 -0.001643
v -0.403487 0.403643 0.002314
v -0.387910 0.350159 0.021354
v -0.383399 0.342177 0.024077
v -0.376539 0.398747 0.013000
v -0.373739 0.404136 0.010355
v -0.362874 0.362075 0.025828
v -0.358444 0.354539 0.024064
v -0.367734 0.397060 0.004740
v -0.365342 0.402432 0.001725
v -0.355177 0.365030 0.015919
v -0.354028 0.357725 0.017993
v -0.355795 0.352572 0.014149
v -0.375163 0.355803 0.029268
v -0.389021 0.406963 0.012081
v -0.390165 0.400723 0.014465
v -0.365150 0.353764 -0.000628
v -0.360312 0.349487 0.005663
v -0.378027 0.390858 -0.011546
v -0.375155 0.396768 -0.015850
v -0.386738 0.370516 -0.005133
v -0.397639 0.373361 0.013805
v -0.373690 0.382558 0.019492
v -0.367474 0.384009 0.010610
v -0.385212 0.377945 0.022547
v -0.377298 0.374212 -0.005491
v -0.359990 0.408632 -0.000288
v -0.363190 0.406156 -0.000181
v -0.403656 0.423407 -0.006742
v -0.399966 0.403327 0.010244
v -0.400019 0.411466 0.007724
v -0.387881 0.412671 0.009123
v -0.386376 0.416989 0.006334
v -0.366298 0.414723 0.005299
v -0.369921 0.409778 0.007633
v -0.371822 0.402142 -0.020409
v -0.396882 0.403977 -0.018433
v -0.397695 0.395928 -0.012111
v -0.385176 0.405874 -0.025263
v -0.394398 0.370623 -0.000494
v -0.384718 0.346711 0.007129
v -0.393509 0.374821 0.019873
v -0.380230 0.343869 0.027352
v -0.384228 0.352571 0.027048
v -0.399030 0.426111 0.001422
v -0.400051 0.419588 0.004501
v -0.394830 0.412766 -0.025213
v -0.382179 0.339551 0.013060
v -0.380077 0.338937 0.020994
v -0.364392 0.403178 -0.010808
v -0.369145 0.394061 -0.004516
v -0.366850 0.399353 -0.008180
v -0.369348 0.380121 0.000791
v -0.356438 0.361265 0.004804
v -0.355325 0.354834 0.008590
v -0.361801 0.345317 0.011094
v -0.376308 0.338490 0.015813
v -0.384286 0.340129 0.017041
v -0.388180 0.348021 0.013672
v -0.398408 0.372467 0.005663
v -0.402140 0.400422 -0.007013
v -0.402135 0.409146 -0.012879
v -0.400560 0.419212 -0.019291
v -0.376705 0.361877 -0.004304
v -0.367472 0.369073 -0.001885
v -0.385528 0.359218 -0.000133
v -0.391021 0.359999 0.005754
v -0.374227 0.370213 0.025249
v -0.364113 0.376058 0.017853
v -0.385286 0.366016 0.024741
v -0.390962 0.363650 0.020412
v -0.392965 0.361579 0.013155
v -0.362357 0.375172 0.006996
v -0.383844 0.389970 0.018611
v -0.373435 0.390064 0.013274
v -0.395153 0.388346 0.017360
v -0.370154 0.387218 0.004234
v -0.401647 0.388958 0.012629
v -0.386050 0.381107 -0.008356
v -0.395521 0.382906 -0.006723
v -0.375944 0.383766 -0.004124
v -0.401088 0.385823 -0.003099
v -0.403298 0.388157 0.004220
v -0.393072 0.422509 0.003556
v -0.375724 0.416453 0.005722
v -0.384053 0.419627 0.004582
v -0.366717 0.413646 0.007074
v -0.361991 0.411634 0.006862
v -0.398509 0.427526 0.002345
v -0.385471 0.370798 0.093144
v -0.378580 0.377534 0.094543
v -0.384994 0.379076 0.100720
v -0.390850 0.372404 0.099393
v -0.400235 0.416578 0.047354
v -0.396595 0.421716 0.042489
v -0.388137 0.368124 0.083539
v -0.393323 0.372594 0.076356
v -0.408098 0.435131 0.061920
v -0.404523 0.443487 0.056253
v -0.404468 0.382149 0.095952
v -0.398765 0.373010 0.099384
v -0.370950 0.433473 0.068779
v -0.376914 0.429878 0.071374
v -0.375273 0.395197 0.094790
v -0.373667 0.385484 0.093977
v -0.369170 0.423785 0.062079
v -0.362303 0.425552 0.059350
v -0.369731 0.395307 0.082698
v -0.370142 0.385934 0.086884
v -0.373885 0.378304 0.086118
v -0.387781 0.389865 0.101397
v -0.390065 0.433234 0.074504
v -0.384851 0.439849 0.070859
v -0.380738 0.378725 0.070429
v -0.377185 0.374841 0.077603
v -0.384164 0.413880 0.048311
v -0.379011 0.416967 0.044987
v -0.400581 0.395484 0.061106
v -0.411166 0.408938 0.079972
v -0.378620 0.414549 0.083303
v -0.371181 0.412106 0.071642
v -0.392380 0.413397 0.088338
v -0.385562 0.397546 0.058045
v -0.355360 0.428884 0.055750
v -0.399881 0.451386 0.050762
v -0.397424 0.443711 0.065770
v -0.402261 0.435221 0.070753
v -0.378907 0.446216 0.066703
v -0.364158 0.437833 0.065212
v -0.372572 0.420529 0.041104
v -0.367915 0.424537 0.037805
v -0.409572 0.423928 0.047790
v -0.406670 0.431012 0.040671
v -0.390130 0.430378 0.036246
v -0.392837 0.426927 0.038527
v -0.411010 0.399186 0.066312
v -0.402804 0.373262 0.082611
v -0.404287 0.411806 0.086000
v -0.395421 0.375782 0.101913
v -0.399088 0.386395 0.100716
v -0.392186 0.451178 0.061324
v -0.399978 0.438590 0.033625
v -0.396337 0.442030 0.030719
v -0.397640 0.367354 0.088719
v -0.395827 0.368823 0.096637
v -0.350326 0.425896 0.041247
v -0.356961 0.421975 0.046026
v -0.364825 0.419330 0.050132
v -0.371761 0.417447 0.053473
v -0.373689 0.405185 0.061588
v -0.371975 0.388082 0.072346
v -0.371889 0.380622 0.078489
v -0.380483 0.371469 0.084992
v -0.392132 0.367204 0.090979
v -0.399818 0.368840 0.092958
v -0.405955 0.377111 0.088861
v -0.413719 0.404086 0.072242
v -0.408140 0.438734 0.045067
v -0.411310 0.430558 0.052212
v -0.401934 0.447357 0.037524
v -0.378195 0.391922 0.064315
v -0.391939 0.384672 0.065387
v -0.404694 0.385407 0.071115
v -0.410545 0.389055 0.077102
v -0.372975 0.405468 0.084067
v -0.384187 0.404364 0.094012
v -0.397969 0.401526 0.094966
v -0.406394 0.399251 0.090682
v -0.410819 0.394053 0.084273
v -0.371292 0.400257 0.071800
v -0.374788 0.421630 0.071706
v -0.385740 0.423113 0.080294
v -0.399853 0.422753 0.080443
v -0.372804 0.417250 0.060855
v -0.408751 0.421867 0.076097
v -0.394235 0.406142 0.052927
v -0.408029 0.408643 0.056838
v -0.380233 0.410245 0.054393
v -0.414241 0.413128 0.060775
v -0.413878 0.418240 0.067988
v -0.379143 0.426111 0.037281
v -0.365464 0.422417 0.036324
v -0.389729 0.429564 0.036045
v -0.395779 0.436399 0.033025
v -0.396242 0.440825 0.029649
v -0.373833 0.344312 0.067257
v -0.368476 0.345390 0.060311
v -0.363236 0.353199 0.063009
v -0.369802 0.351770 0.069849
v -0.394450 0.398776 0.017054
v -0.389312 0.409091 0.012006
v -0.380103 0.347693 0.043816
v -0.372132 0.343435 0.050490
v -0.409209 0.424091 0.030929
v -0.410140 0.412703 0.036748
v -0.391691 0.350216 0.065934
v -0.382594 0.342356 0.067913
v -0.375979 0.407025 0.047641
v -0.372643 0.411840 0.043571
v -0.361296 0.361153 0.064522
v -0.365829 0.368723 0.067333
v -0.365346 0.402675 0.037783
v -0.359661 0.408619 0.033504
v -0.358897 0.368834 0.056316
v -0.358121 0.362942 0.057475
v -0.359637 0.356023 0.054652
v -0.376971 0.360396 0.072533
v -0.389939 0.415829 0.047322
v -0.391950 0.408751 0.050411
v -0.363171 0.353107 0.045797
v -0.368907 0.355856 0.039672
v -0.378035 0.397007 0.019137
v -0.369225 0.407079 0.015033
v -0.391471 0.372269 0.031558
v -0.405755 0.379875 0.053069
v -0.372554 0.389825 0.057297
v -0.364570 0.390779 0.045097
v -0.387721 0.385386 0.062155
v -0.376795 0.377034 0.029132
v -0.354812 0.414139 0.029368
v -0.406119 0.435584 0.024573
v -0.404606 0.411959 0.045812
v -0.403189 0.421965 0.041798
v -0.389004 0.423568 0.040835
v -0.370069 0.417614 0.037651
v -0.364435 0.414741 0.009176
v -0.404885 0.412745 0.011698
v -0.406382 0.403543 0.019609
v -0.384984 0.417435 0.007099
v -0.402803 0.373304 0.037517
v -0.389396 0.345030 0.050822
v -0.400308 0.382690 0.059565
v -0.379482 0.345423 0.070986
v -0.386791 0.353909 0.071608
v -0.400974 0.431719 0.036184
v -0.399944 0.424517 0.006023
v -0.381752 0.339100 0.056150
v -0.378480 0.339845 0.063940
v -0.355229 0.412610 0.015135
v -0.356986 0.410048 0.017522
v -0.360022 0.404759 0.021948
v -0.366212 0.398774 0.027015
v -0.366452 0.385336 0.034019
v -0.360344 0.363418 0.044580
v -0.358974 0.358640 0.048066
v -0.364577 0.348585 0.052212
v -0.375147 0.340240 0.057927
v -0.383566 0.339273 0.060563
v -0.393481 0.347437 0.057657
v -0.406480 0.375984 0.044582
v -0.410169 0.419654 0.018083
v -0.410873 0.408781 0.025897
v -0.406330 0.431913 0.010438
v -0.367845 0.370227 0.035470
v -0.381035 0.361873 0.034663
v -0.394262 0.359197 0.040796
v -0.400853 0.361880 0.046949
v -0.364485 0.380749 0.057424
v -0.377068 0.376442 0.066981
v -0.391228 0.371157 0.067490
v -0.399125 0.368352 0.062888
v -0.402097 0.364787 0.055059
v -0.361353 0.377668 0.044200
v -0.371543 0.399008 0.047276
v -0.383501 0.397932 0.055429
v -0.398425 0.395655 0.055222
v -0.368877 0.394845 0.036243
v -0.406992 0.394749 0.050573
v -0.401527 0.385548 0.028762
v -0.388051 0.386043 0.024620
v -0.374961 0.390318 0.027954
v -0.408710 0.388093 0.033678
v -0.410340 0.392452 0.041634
v -0.347213 0.444214 0.088586
v -0.350829 0.441200 0.089234
v -0.345753 0.436942 0.090702
v -0.343038 0.441259 0.089696
v -0.351371 0.468135 0.048822
v -0.349991 0.463626 0.053209
v -0.359932 0.442047 0.077312
v -0.357808 0.440881 0.084760
v -0.331024 0.471271 0.057282
v -0.329878 0.479671 0.047919
v -0.345331 0.445997 0.083243
v -0.317756 0.439696 0.045369
v -0.312568 0.441924 0.036503
v -0.338257 0.420792 0.086385
v -0.332092 0.420232 0.080214
v -0.325014 0.433249 0.034555
v -0.327763 0.432791 0.040008
v -0.341780 0.415674 0.083097
v -0.339229 0.412808 0.074249
v -0.343763 0.426429 0.089292
v -0.347874 0.420244 0.085540
v -0.338137 0.441847 0.084883
v -0.317461 0.471554 0.047932
v -0.321701 0.463168 0.057414
v -0.357117 0.420889 0.080760
v -0.360820 0.421150 0.072464
v -0.350694 0.441002 0.043323
v -0.351009 0.442814 0.039211
v -0.354103 0.450266 0.065590
v -0.352004 0.454727 0.061988
v -0.335869 0.458402 0.068857
v -0.338114 0.453677 0.073012
v -0.323681 0.432055 0.056356
v -0.325778 0.427424 0.060890
v -0.331483 0.427141 0.048748
v -0.333325 0.423034 0.052439
v -0.335189 0.440255 0.080433
v -0.360281 0.422534 0.065451
v -0.358442 0.443261 0.071408
v -0.343037 0.446587 0.078547
v -0.329558 0.420630 0.071624
v -0.337132 0.414768 0.064410
v -0.330323 0.447152 0.073046
v -0.327799 0.451882 0.068551
v -0.353549 0.434596 0.051205
v -0.356188 0.430328 0.054823
v -0.325243 0.431307 0.027645
v -0.335090 0.431013 0.030155
v -0.333396 0.428603 0.026136
v -0.324078 0.430353 0.020613
v -0.331009 0.487059 0.036422
v -0.322202 0.486455 0.031614
v -0.333910 0.491815 0.023221
v -0.342689 0.489627 0.029477
v -0.314826 0.477498 0.037729
v -0.308432 0.471024 0.030359
v -0.313687 0.481051 0.027104
v -0.309235 0.442464 0.024251
v -0.314318 0.435717 0.015939
v -0.308372 0.444378 0.012224
v -0.305050 0.452527 0.021548
v -0.341436 0.434442 0.030908
v -0.342265 0.434622 0.031718
v -0.340224 0.433671 0.039962
v -0.340047 0.434741 0.035398
v -0.345802 0.423439 0.051075
v -0.343566 0.427397 0.047590
v -0.351364 0.413197 0.071382
v -0.349949 0.414782 0.063342
v -0.351660 0.415749 0.080233
v -0.354300 0.426348 0.086020
v -0.355057 0.436696 0.087659
v -0.354259 0.444198 0.086161
v -0.353535 0.446911 0.079796
v -0.351752 0.448080 0.073778
v -0.347099 0.454679 0.069889
v -0.345169 0.459370 0.066199
v -0.343633 0.477980 0.047797
v -0.342377 0.471137 0.055701
v -0.354320 0.487939 0.025678
v -0.348567 0.483712 0.038109
v -0.321403 0.436207 0.051625
v -0.325346 0.456568 0.063827
v -0.351602 0.438041 0.047654
v -0.350475 0.458827 0.057874
v -0.333436 0.463883 0.063993
v -0.343459 0.464341 0.061719
v -0.341667 0.430985 0.044211
v -0.329862 0.430424 0.045009
v -0.358657 0.425414 0.059822
v -0.356418 0.446028 0.068674
v -0.327817 0.423064 0.065601
v -0.332744 0.442945 0.076989
v -0.340667 0.449909 0.074931
v -0.349493 0.450599 0.071351
v -0.348117 0.418320 0.056547
v -0.335313 0.418464 0.057260
v -0.346053 0.426102 0.034493
v -0.348638 0.439736 0.044725
v -0.354063 0.444853 0.041962
v -0.361303 0.450618 0.052124
v -0.371956 0.460928 0.055817
v -0.370695 0.467972 0.047148
v -0.389718 0.462772 0.015046
v -0.391962 0.457712 0.002761
v -0.392713 0.449386 -0.008888
v -0.343476 0.429482 0.036156
v -0.344343 0.434601 0.035963
v -0.339969 0.426948 0.026967
v -0.352651 0.413268 0.002573
v -0.351366 0.415073 0.011114
v -0.313770 0.437807 0.005952
v -0.304081 0.453638 0.010434
v -0.307365 0.472227 0.020668
v -0.323213 0.489057 0.021158
v -0.347424 0.494005 0.013176
v -0.361848 0.488950 -0.019692
v -0.367639 0.486770 -0.003363
v -0.358714 0.492351 0.004605
v -0.352951 0.497133 -0.011774
v -0.356394 0.474237 -0.040771
v -0.352887 0.486286 -0.035777
v -0.361960 0.464350 -0.040319
v -0.331875 0.447242 -0.045146
v -0.320054 0.446960 -0.040938
v -0.322237 0.436134 -0.029396
v -0.328909 0.429187 0.000730
v -0.333205 0.427000 0.010532
v -0.334436 0.426962 0.019573
v -0.338769 0.430065 0.032403
v -0.371829 0.481467 0.013285
v -0.363938 0.484797 0.021206
v -0.339594 0.478707 -0.049787
v -0.348251 0.497611 -0.027855
v -0.346460 0.462201 -0.048405
v -0.308518 0.450439 -0.033578
v -0.322691 0.460834 -0.049697
v -0.314105 0.441537 -0.020986
v -0.322451 0.434348 -0.008771
v -0.320710 0.433240 0.002176
v -0.348339 0.439696 0.035872
v -0.357485 0.451394 0.046462
v -0.368361 0.475938 0.035993
v -0.364428 0.463598 0.051761
v -0.326604 0.429014 0.015558
v -0.319415 0.432109 0.011019
v -0.325418 0.429406 0.008963
v -0.335410 0.463429 -0.049526
v -0.303366 0.463385 0.008166
v -0.304502 0.462613 0.020683
v -0.306356 0.460489 0.032205
v -0.310392 0.457227 0.043104
v -0.316347 0.451259 0.052867
v -0.320634 0.445798 0.059514
v -0.323386 0.440956 0.064653
v -0.325831 0.436281 0.069463
v -0.327996 0.432542 0.074048
v -0.330081 0.431371 0.078572
v -0.333090 0.432042 0.084969
v -0.339971 0.431969 0.090155
v -0.349904 0.431894 0.089453
v -0.359219 0.431786 0.084020
v -0.363306 0.432572 0.075354
v -0.362929 0.433872 0.068455
v -0.361222 0.436210 0.063983
v -0.358483 0.440960 0.060496
v -0.355914 0.445288 0.056639
v -0.354183 0.448849 0.052676
v -0.353679 0.452340 0.048304
v -0.354608 0.455032 0.044737
v -0.356587 0.456922 0.041991
v -0.359293 0.458175 0.047063
v -0.363313 0.456828 0.059049
v -0.305209 0.473448 0.008773
v -0.317587 0.488862 0.012459
v -0.310276 0.480967 0.011623
v -0.328154 0.495445 0.007096
v -0.334822 0.424751 -0.010941
v -0.338401 0.428591 -0.033909
v -0.346527 0.416127 -0.008149
v -0.352092 0.417931 -0.029140
v -0.384431 0.462179 -0.011354
v -0.383374 0.469879 0.005279
v -0.379783 0.471495 0.033027
v -0.352531 0.444188 0.035219
v -0.373330 0.439021 -0.038720
v -0.360270 0.450753 -0.044145
v -0.359034 0.472014 0.043971
v -0.306537 0.448896 -0.004422
v -0.344283 0.422694 0.018544
v -0.381486 0.447909 -0.030605
v -0.373421 0.472803 -0.021671
v -0.362870 0.427812 -0.039487
v -0.348517 0.440005 -0.044857
v -0.368174 0.343418 0.023865
v -0.356118 0.353569 0.019373
v -0.379545 0.340781 0.024730
v -0.357041 0.351365 0.009181
v -0.369158 0.340554 0.013755
v -0.381187 0.338480 0.016981
v -0.371757 0.365245 -0.004037
v -0.381408 0.359987 -0.002738
v -0.388825 0.359384 0.002662
v -0.368603 0.373461 0.022380
v -0.380180 0.367791 0.025781
v -0.388691 0.364690 0.022974
v -0.392374 0.362548 0.016997
v -0.392548 0.360781 0.009330
v -0.364466 0.372360 0.002125
v -0.361895 0.376700 0.012350
v -0.378452 0.390288 0.016757
v -0.389790 0.389057 0.018661
v -0.370708 0.388525 0.009089
v -0.399157 0.388691 0.015425
v -0.391132 0.381734 -0.008074
v -0.380705 0.382034 -0.006944
v -0.398707 0.384165 -0.005162
v -0.402638 0.387255 0.000151
v -0.402844 0.388317 0.008793
v -0.372191 0.385465 -0.000236
v -0.385072 0.418705 0.005112
v -0.368082 0.413014 0.006147
v -0.398564 0.427401 0.001465
v -0.384846 0.374402 0.097557
v -0.373445 0.381471 0.090595
v -0.395309 0.371759 0.099903
v -0.375293 0.375824 0.081759
v -0.386506 0.368606 0.088255
v -0.396348 0.367197 0.092672
v -0.384746 0.387789 0.063882
v -0.398830 0.384105 0.068086
v -0.408476 0.387087 0.074007
v -0.378093 0.405767 0.089774
v -0.391366 0.402779 0.095561
v -0.402835 0.400653 0.093184
v -0.409107 0.397089 0.087524
v -0.411287 0.391514 0.080572
v -0.373463 0.396026 0.067197
v -0.370837 0.403420 0.077786
v -0.379463 0.422711 0.076774
v -0.393068 0.423086 0.081224
v -0.372608 0.419939 0.066028
v -0.404945 0.422484 0.078798
v -0.401665 0.406770 0.054597
v -0.386729 0.407541 0.052906
v -0.412117 0.410772 0.058636
v -0.414775 0.415617 0.064096
v -0.411793 0.420464 0.072193
v -0.375396 0.413985 0.056847
v -0.365279 0.423416 0.036929
v -0.389621 0.430494 0.035913
v -0.396031 0.441813 0.030017
v -0.368491 0.348166 0.065596
v -0.359771 0.358372 0.059933
v -0.378297 0.342195 0.067958
v -0.360786 0.354127 0.049848
v -0.369804 0.343691 0.055178
v -0.379476 0.338707 0.059843
v -0.373962 0.365641 0.034077
v -0.388241 0.360122 0.037153
v -0.398177 0.359795 0.043969
v -0.370042 0.379162 0.063141
v -0.384570 0.373364 0.068304
v -0.395896 0.369252 0.065873
v -0.400969 0.365962 0.059497
v -0.402184 0.363670 0.050683
v -0.363299 0.374147 0.039015
v -0.361552 0.379987 0.050735
v -0.376825 0.398783 0.052288
v -0.391444 0.396844 0.056139
v -0.369162 0.397108 0.041860
v -0.403432 0.395010 0.053507
v -0.395593 0.385597 0.026120
v -0.381331 0.387335 0.025810
v -0.405849 0.386281 0.031136
v -0.410124 0.390180 0.037362
v -0.409421 0.394305 0.046163
v -0.371075 0.391944 0.031980
v -0.346758 0.441152 0.090105
v -0.342826 0.420506 0.086666
v -0.329229 0.429665 0.025866
v -0.332304 0.489843 0.029833
v -0.314136 0.479664 0.032064
v -0.308565 0.443308 0.018046
v -0.341540 0.434680 0.031217
v -0.352911 0.420509 0.083634
v -0.354725 0.440959 0.087447
v -0.351602 0.485794 0.032648
v -0.355278 0.444632 0.045364
v -0.374725 0.465851 0.049497
v -0.391249 0.460255 0.009150
v -0.392980 0.453083 -0.002878
v -0.386448 0.467117 0.019369
v -0.389532 0.449594 -0.016451
v -0.344902 0.434374 0.040781
v -0.343178 0.426299 0.030276
v -0.348855 0.416775 0.007731
v -0.308154 0.445225 0.007008
v -0.313457 0.481588 0.022710
v -0.335320 0.493524 0.016614
v -0.361105 0.491908 -0.007529
v -0.359570 0.482731 -0.031420
v -0.369395 0.460312 -0.036390
v -0.325964 0.440618 -0.038544
v -0.334834 0.426629 0.006667
v -0.336704 0.427801 0.026253
v -0.373468 0.481195 0.000707
v -0.356713 0.490447 0.016037
v -0.345907 0.490161 -0.040006
v -0.344521 0.501950 -0.014477
v -0.354312 0.465188 -0.044889
v -0.311889 0.456087 -0.043533
v -0.321806 0.434501 -0.018538
v -0.306159 0.450139 -0.023119
v -0.321896 0.433774 -0.002384
v -0.343717 0.434461 0.032054
v -0.353533 0.444810 0.038504
v -0.366487 0.470073 0.044708
v -0.370132 0.479796 0.025347
v -0.320831 0.431334 0.015572
v -0.330472 0.427617 0.013560
v -0.319546 0.432616 0.006628
v -0.338682 0.455220 -0.048434
v -0.301619 0.464181 0.001280
v -0.304022 0.462856 0.015633
v -0.305201 0.461834 0.026232
v -0.344744 0.431995 0.090539
v -0.354964 0.431795 0.087271
v -0.357858 0.457473 0.041124
v -0.360982 0.457832 0.055177
v -0.365927 0.455588 0.059785
v -0.330603 0.468385 -0.051712
v 0.321775 0.449084 0.077351
v 0.320671 0.451640 0.071627
v 0.323553 0.458431 0.077732
v 0.325473 0.457246 0.083264
v 0.329107 0.466427 0.082649
v 0.332528 0.465697 0.087023
v 0.339512 0.475411 0.082335
v 0.350575 0.482765 0.079892
v 0.362295 0.480194 0.082677
v 0.344193 0.473647 0.086618
v 0.364844 0.407643 0.062633
v 0.366966 0.410154 0.048063
v 0.361436 0.414587 0.045022
v 0.359882 0.412171 0.055973
v 0.370411 0.414178 0.035602
v 0.364035 0.419083 0.033454
v 0.357791 0.424512 0.031149
v 0.355790 0.419559 0.040965
v 0.354769 0.416639 0.050393
v 0.367797 0.440411 0.021323
v 0.362295 0.432012 0.024614
v 0.368780 0.426147 0.025883
v 0.374281 0.434075 0.022029
v 0.375599 0.420629 0.027502
v 0.381329 0.428048 0.023423
v 0.383227 0.406154 0.037583
v 0.376992 0.409703 0.036881
v 0.373404 0.406322 0.047167
v 0.379880 0.403548 0.044885
v 0.371964 0.404088 0.056889
v 0.378279 0.401603 0.052078
v 0.382445 0.415561 0.029585
v 0.388453 0.422483 0.025663
v 0.388808 0.411256 0.031582
v 0.395025 0.417489 0.028079
v 0.406372 0.449880 0.078083
v 0.402219 0.455327 0.075806
v 0.404831 0.453100 0.067083
v 0.408810 0.447683 0.071132
v 0.397658 0.461238 0.073334
v 0.400268 0.459042 0.062618
v 0.403172 0.454033 0.052334
v 0.408137 0.448785 0.060877
v 0.410413 0.445710 0.066133
v 0.392065 0.455372 0.096312
v 0.394742 0.459929 0.084291
v 0.399840 0.454506 0.084775
v 0.398915 0.451426 0.092474
v 0.404331 0.449559 0.085104
v 0.402761 0.448601 0.090212
v 0.393861 0.433544 0.120062
v 0.388989 0.439354 0.117184
v 0.392066 0.445333 0.109939
v 0.397089 0.438888 0.113610
v 0.384352 0.444526 0.114151
v 0.387370 0.450912 0.106422
v 0.396205 0.448150 0.102642
v 0.400148 0.442160 0.106326
v 0.367162 0.417382 0.093921
v 0.370690 0.421581 0.098866
v 0.371420 0.422130 0.098242
v 0.368124 0.417953 0.093002
v 0.372484 0.425992 0.104954
v 0.372177 0.425280 0.106622
v 0.372118 0.424050 0.108544
v 0.371559 0.421814 0.099037
v 0.368129 0.417767 0.093854
v 0.404374 0.429362 0.030633
v 0.407986 0.434018 0.034097
v 0.402075 0.440029 0.032067
v 0.398029 0.435085 0.028030
v 0.410854 0.437541 0.038796
v 0.405253 0.443757 0.037468
v 0.399292 0.449943 0.035854
v 0.395692 0.446121 0.030002
v 0.391078 0.441130 0.025588
v 0.377931 0.454245 0.023642
v 0.383846 0.447247 0.023931
v 0.388948 0.451862 0.028248
v 0.383550 0.457904 0.028204
v 0.393072 0.455512 0.033933
v 0.388153 0.459057 0.032828
v 0.373321 0.454441 0.108823
v 0.373856 0.442894 0.115496
v 0.370442 0.443854 0.115263
v 0.368019 0.452987 0.111425
v 0.373078 0.432496 0.119022
v 0.370791 0.435259 0.116596
v 0.369547 0.436683 0.115001
v 0.367366 0.444167 0.115368
v 0.364429 0.451473 0.113301
v 0.323237 0.436041 0.060545
v 0.329491 0.428863 0.057972
v 0.329488 0.432641 0.052841
v 0.322406 0.440723 0.053261
v 0.337335 0.422370 0.056657
v 0.338359 0.425415 0.052459
v 0.339567 0.428672 0.046421
v 0.330631 0.437360 0.044839
v 0.371413 0.399186 0.071021
v 0.368075 0.402909 0.068432
v 0.365622 0.403351 0.073352
v 0.369014 0.399566 0.076752
v 0.361948 0.407216 0.068510
v 0.359948 0.406312 0.072970
v 0.364029 0.403175 0.078475
v 0.367244 0.400158 0.083390
v 0.392764 0.402055 0.038389
v 0.398855 0.405597 0.033981
v 0.405612 0.409920 0.031606
v 0.421010 0.430664 0.078176
v 0.419201 0.432413 0.085340
v 0.413679 0.439918 0.082144
v 0.416431 0.437562 0.075429
v 0.419275 0.434509 0.068604
v 0.423554 0.425749 0.072512
v 0.412564 0.428043 0.102245
v 0.410845 0.429039 0.105661
v 0.404266 0.441537 0.100756
v 0.408660 0.439281 0.095818
v 0.408981 0.427244 0.111128
v 0.406037 0.424512 0.117944
v 0.402151 0.420852 0.123699
v 0.370925 0.413197 0.109557
v 0.374723 0.413926 0.118501
v 0.375593 0.405140 0.124083
v 0.369565 0.403689 0.117610
v 0.363577 0.400947 0.111627
v 0.362326 0.407569 0.107437
v 0.419016 0.423266 0.037369
v 0.421231 0.426335 0.041037
v 0.415556 0.419501 0.034777
v 0.361998 0.403712 0.094298
v 0.361370 0.405845 0.100305
v 0.361962 0.399991 0.104642
v 0.363410 0.399631 0.098480
v 0.390996 0.413196 0.127240
v 0.383393 0.408836 0.126685
v 0.378880 0.414070 0.125379
v 0.385988 0.419630 0.125966
v 0.373237 0.398213 0.088859
v 0.372408 0.396928 0.085966
v 0.370967 0.397870 0.090497
v 0.412742 0.439912 0.044889
v 0.407352 0.446156 0.044122
v 0.414399 0.440270 0.052063
v 0.409336 0.446288 0.051549
v 0.401593 0.452574 0.042838
v 0.422490 0.428777 0.046746
v 0.423444 0.429778 0.053734
v 0.390616 0.426585 0.124198
v 0.397105 0.417275 0.126522
v 0.388159 0.468230 0.044146
v 0.395408 0.462221 0.048397
v 0.394554 0.465872 0.058786
v 0.387971 0.472243 0.055002
v 0.392517 0.467785 0.070442
v 0.386736 0.474111 0.067224
v 0.411079 0.414723 0.032400
v 0.400044 0.423622 0.028197
v 0.393517 0.429067 0.025524
v 0.386389 0.434976 0.023092
v 0.379136 0.441214 0.021621
v 0.372805 0.448076 0.021188
v 0.416990 0.431589 0.092592
v 0.414101 0.428674 0.098941
v 0.411099 0.440219 0.088900
v 0.412508 0.427519 0.100560
v 0.424490 0.428487 0.061205
v 0.424960 0.424977 0.067973
v 0.417156 0.437953 0.060136
v 0.423816 0.424226 0.070110
v 0.373748 0.395326 0.080062
v 0.376731 0.394191 0.074281
v 0.389062 0.399911 0.043589
v 0.387324 0.398404 0.049186
v 0.426423 0.329749 0.049579
v 0.419395 0.330947 0.047068
v 0.418761 0.330484 0.052678
v 0.424991 0.329656 0.054228
v 0.412336 0.334637 0.045074
v 0.411521 0.333485 0.050665
v 0.412152 0.334008 0.056303
v 0.418798 0.331971 0.057849
v 0.424555 0.331509 0.058684
v 0.426263 0.403183 0.040756
v 0.421532 0.400163 0.038376
v 0.424580 0.392635 0.040663
v 0.428993 0.394748 0.043274
v 0.415873 0.397554 0.036972
v 0.419370 0.390629 0.039150
v 0.431641 0.344578 0.039526
v 0.427019 0.345683 0.036196
v 0.424639 0.335659 0.039571
v 0.430173 0.334633 0.042379
v 0.421446 0.347433 0.034000
v 0.418096 0.338404 0.037297
v 0.434056 0.398425 0.062831
v 0.432547 0.396716 0.066838
v 0.430808 0.405619 0.067476
v 0.432506 0.407840 0.062797
v 0.433145 0.409020 0.056935
v 0.434686 0.399336 0.057885
v 0.432709 0.332669 0.056119
v 0.431333 0.333571 0.058476
v 0.432584 0.341180 0.060843
v 0.434757 0.341775 0.057706
v 0.436181 0.342471 0.053944
v 0.434134 0.332886 0.052631
v 0.404007 0.391212 0.063654
v 0.411185 0.392325 0.067380
v 0.414147 0.386725 0.068096
v 0.407778 0.385696 0.064531
v 0.402737 0.385595 0.059819
v 0.398096 0.391341 0.058892
v 0.405989 0.337933 0.054452
v 0.402894 0.341443 0.052784
v 0.401952 0.348218 0.055847
v 0.406965 0.345062 0.060015
v 0.413334 0.342028 0.062622
v 0.396313 0.391870 0.053894
v 0.400266 0.386356 0.054627
v 0.400434 0.387442 0.049684
v 0.396760 0.392608 0.048877
v 0.401811 0.342348 0.049094
v 0.402869 0.343484 0.044305
v 0.400855 0.351633 0.044520
v 0.400127 0.350340 0.050385
v 0.405454 0.338391 0.049279
v 0.406517 0.339726 0.044218
v 0.419983 0.340676 0.063773
v 0.425763 0.340434 0.063705
v 0.420576 0.388926 0.069687
v 0.418098 0.395262 0.069642
v 0.423982 0.399097 0.070474
v 0.426059 0.391860 0.069805
v 0.412161 0.342009 0.036773
v 0.415172 0.349633 0.033832
v 0.408832 0.351516 0.035527
v 0.408543 0.344579 0.037571
v 0.408128 0.388026 0.042288
v 0.413689 0.389050 0.039923
v 0.409705 0.395443 0.037904
v 0.403779 0.394073 0.040496
v 0.429081 0.381726 0.042471
v 0.424202 0.380468 0.040807
v 0.425359 0.371099 0.039101
v 0.430123 0.370420 0.040846
v 0.434041 0.369982 0.043780
v 0.433027 0.382924 0.045171
v 0.438967 0.368422 0.057984
v 0.437724 0.367143 0.061765
v 0.437600 0.382687 0.063203
v 0.438327 0.384371 0.058983
v 0.435508 0.365697 0.064828
v 0.435831 0.381456 0.066597
v 0.417062 0.365701 0.067213
v 0.411259 0.367969 0.064420
v 0.412155 0.376833 0.065340
v 0.417899 0.376743 0.068405
v 0.407052 0.370296 0.060327
v 0.407589 0.377315 0.060936
v 0.405403 0.371865 0.055325
v 0.405311 0.377337 0.055844
v 0.406107 0.372937 0.050087
v 0.405572 0.378154 0.050875
v 0.421516 0.353696 0.066319
v 0.427047 0.353650 0.065990
v 0.415217 0.354819 0.065290
v 0.417968 0.362458 0.036519
v 0.412376 0.364027 0.038805
v 0.423735 0.360620 0.036230
v 0.432493 0.358342 0.041186
v 0.428632 0.359267 0.038104
v 0.435830 0.355390 0.059503
v 0.437138 0.356278 0.055814
v 0.433728 0.354613 0.062638
v 0.404742 0.361041 0.058348
v 0.409235 0.357736 0.062537
v 0.404434 0.364555 0.047769
v 0.403102 0.363517 0.053106
v 0.424031 0.377016 0.069561
v 0.429590 0.377919 0.069414
v 0.428777 0.364762 0.067910
v 0.423361 0.364915 0.068274
v 0.418777 0.379873 0.041338
v 0.413366 0.379471 0.043484
v 0.414166 0.372653 0.041783
v 0.419717 0.371970 0.039534
v 0.386870 0.397433 0.054516
v 0.392047 0.395491 0.053864
v 0.392426 0.395986 0.048628
v 0.388178 0.397314 0.059553
v 0.394199 0.395661 0.058683
v 0.430136 0.419982 0.055433
v 0.430135 0.418669 0.062310
v 0.429038 0.415338 0.067824
v 0.428129 0.402590 0.069907
v 0.429876 0.394454 0.069024
v 0.413820 0.406182 0.067874
v 0.420161 0.411665 0.069242
v 0.422220 0.406092 0.070255
v 0.415922 0.401370 0.068985
v 0.408218 0.397970 0.066406
v 0.405664 0.402505 0.065501
v 0.399345 0.396866 0.062611
v 0.395060 0.401774 0.061706
v 0.405156 0.401174 0.035454
v 0.411906 0.403879 0.034159
v 0.399160 0.398678 0.038933
v 0.431782 0.407395 0.046141
v 0.429572 0.405538 0.043018
v 0.431874 0.396575 0.045668
v 0.433671 0.398062 0.048647
v 0.417811 0.407526 0.035383
v 0.422531 0.411342 0.037718
v 0.436831 0.370011 0.046875
v 0.438438 0.369899 0.050183
v 0.437279 0.384859 0.050798
v 0.435693 0.383914 0.047804
v 0.435186 0.357960 0.044546
v 0.434639 0.344159 0.042884
v 0.436154 0.343855 0.046328
v 0.436702 0.357637 0.048095
v 0.433345 0.379678 0.068559
v 0.432737 0.365081 0.066855
v 0.428813 0.332062 0.058901
v 0.429782 0.340679 0.062790
v 0.430932 0.353963 0.064767
v 0.424137 0.417617 0.069722
v 0.426473 0.410935 0.070169
v 0.425881 0.414608 0.039942
v 0.428298 0.417012 0.043320
v 0.433711 0.334842 0.044938
v 0.435001 0.335809 0.046815
v 0.429619 0.330341 0.055278
v 0.431199 0.330461 0.051390
v 0.394872 0.396874 0.043538
v 0.399402 0.393223 0.044298
v 0.403359 0.387724 0.045547
v 0.409344 0.373006 0.045440
v 0.408597 0.378775 0.046699
v 0.404004 0.352081 0.039374
v 0.407825 0.364584 0.042836
v 0.405360 0.344257 0.040041
v 0.414819 0.336255 0.040501
v 0.408850 0.341200 0.039754
v 0.422107 0.332648 0.042919
v 0.428584 0.331508 0.045672
v 0.432728 0.332021 0.047848
v 0.435032 0.334088 0.049253
v 0.436654 0.343231 0.050082
v 0.437439 0.357103 0.051958
v 0.438166 0.385066 0.054689
v 0.439337 0.369745 0.054064
v 0.432970 0.408771 0.051070
v 0.434554 0.399128 0.052922
v 0.429558 0.419061 0.048786
v 0.418734 0.413350 0.069159
v 0.419238 0.413078 0.068983
v 0.412340 0.408057 0.067179
v 0.411226 0.408970 0.066852
v 0.403567 0.404563 0.064917
v 0.401790 0.405441 0.064568
v 0.383972 0.395769 0.065118
v 0.392927 0.400086 0.064057
v 0.394521 0.400041 0.063250
v 0.387738 0.397687 0.062450
v 0.423383 0.418693 0.070153
v 0.423192 0.418455 0.070983
v 0.403172 0.320579 0.119847
v 0.397199 0.321981 0.117210
v 0.395227 0.323094 0.122473
v 0.401374 0.321680 0.124534
v 0.390676 0.324956 0.114276
v 0.388645 0.325956 0.119754
v 0.387202 0.328392 0.124708
v 0.393865 0.325831 0.127212
v 0.400213 0.324552 0.128719
v 0.408309 0.392051 0.098201
v 0.399831 0.388525 0.096209
v 0.402752 0.382865 0.097758
v 0.410412 0.385044 0.100258
v 0.416564 0.388327 0.103383
v 0.415098 0.396714 0.100639
v 0.395436 0.326800 0.105044
v 0.401403 0.324323 0.108087
v 0.406012 0.332295 0.104528
v 0.399555 0.334369 0.100980
v 0.406682 0.323163 0.111493
v 0.411256 0.331561 0.108666
v 0.414139 0.404871 0.121916
v 0.417583 0.405788 0.116215
v 0.419284 0.395627 0.118255
v 0.416197 0.394910 0.123291
v 0.412407 0.393075 0.127503
v 0.409895 0.403127 0.126577
v 0.408900 0.323662 0.126367
v 0.407394 0.325388 0.128637
v 0.409641 0.334316 0.131214
v 0.412708 0.333924 0.128158
v 0.414853 0.333366 0.124292
v 0.410488 0.322816 0.122890
v 0.374109 0.389360 0.115963
v 0.378142 0.390795 0.122337
v 0.382347 0.385012 0.123248
v 0.378554 0.384866 0.117355
v 0.384014 0.392723 0.127259
v 0.388139 0.385525 0.127888
v 0.381887 0.332265 0.121446
v 0.379339 0.335599 0.118712
v 0.377505 0.344060 0.121238
v 0.381030 0.340868 0.126543
v 0.386764 0.337302 0.130497
v 0.376997 0.384381 0.111317
v 0.372015 0.388877 0.109301
v 0.377863 0.383699 0.105769
v 0.372538 0.388493 0.103308
v 0.378516 0.345086 0.108282
v 0.376852 0.345356 0.114739
v 0.379062 0.335103 0.114585
v 0.380389 0.334675 0.109520
v 0.383040 0.330152 0.116757
v 0.384726 0.329398 0.111568
v 0.393927 0.335493 0.132811
v 0.400913 0.334900 0.133630
v 0.391691 0.395339 0.129508
v 0.399381 0.398274 0.129850
v 0.402635 0.389183 0.130411
v 0.395439 0.387175 0.130026
v 0.392814 0.338041 0.099188
v 0.389643 0.330720 0.103242
v 0.386635 0.341670 0.099701
v 0.385989 0.334212 0.102970
v 0.387480 0.382349 0.098600
v 0.394838 0.381955 0.097318
v 0.391055 0.387080 0.095447
v 0.382972 0.387003 0.096251
v 0.410657 0.359911 0.102377
v 0.416275 0.360818 0.106715
v 0.416637 0.374124 0.105851
v 0.410804 0.372861 0.101879
v 0.403777 0.372325 0.098824
v 0.403591 0.359883 0.098929
v 0.416700 0.364404 0.126833
v 0.413059 0.364143 0.130160
v 0.413430 0.377062 0.128895
v 0.417194 0.377845 0.125402
v 0.420023 0.377990 0.121064
v 0.419460 0.364282 0.122749
v 0.383134 0.364115 0.126249
v 0.378890 0.365542 0.120184
v 0.379959 0.375706 0.118750
v 0.383806 0.374791 0.124508
v 0.389653 0.374185 0.128954
v 0.389229 0.362783 0.130726
v 0.378698 0.376617 0.112611
v 0.377642 0.366341 0.113583
v 0.378890 0.366218 0.107257
v 0.379935 0.376698 0.106935
v 0.395829 0.349876 0.134023
v 0.402812 0.349904 0.134282
v 0.388668 0.350922 0.131977
v 0.395776 0.349894 0.098332
v 0.388536 0.352453 0.099291
v 0.403316 0.347499 0.099705
v 0.415256 0.347276 0.107571
v 0.410013 0.346730 0.103210
v 0.412185 0.350837 0.131147
v 0.415592 0.350731 0.127929
v 0.418089 0.349897 0.124060
v 0.382779 0.353201 0.127628
v 0.378725 0.354848 0.121659
v 0.379387 0.355547 0.108248
v 0.377745 0.355601 0.114857
v 0.396910 0.374433 0.131107
v 0.403785 0.375084 0.131472
v 0.403323 0.362816 0.132955
v 0.396350 0.362435 0.132706
v 0.396147 0.372874 0.098103
v 0.389115 0.374061 0.099465
v 0.388198 0.363306 0.098838
v 0.395839 0.361329 0.097834
v 0.368487 0.395343 0.113936
v 0.366531 0.394566 0.107012
v 0.367213 0.394294 0.100667
v 0.410931 0.414524 0.120259
v 0.406439 0.412284 0.125438
v 0.414357 0.416101 0.113869
v 0.405219 0.400894 0.129051
v 0.408117 0.390976 0.129763
v 0.386964 0.403443 0.128122
v 0.379007 0.400058 0.125602
v 0.394869 0.406942 0.128666
v 0.372739 0.397261 0.120503
v 0.376748 0.392378 0.093102
v 0.385927 0.392779 0.092965
v 0.381761 0.398185 0.091207
v 0.396064 0.394411 0.094535
v 0.393147 0.398550 0.093655
v 0.418935 0.401022 0.102826
v 0.420211 0.391522 0.105971
v 0.421712 0.393874 0.109004
v 0.420293 0.404308 0.105785
v 0.409876 0.409609 0.097456
v 0.403111 0.403033 0.095921
v 0.405392 0.398746 0.096693
v 0.412081 0.404645 0.098573
v 0.420294 0.375543 0.109156
v 0.419704 0.362026 0.110491
v 0.420978 0.363196 0.114105
v 0.421919 0.376809 0.112499
v 0.419545 0.348722 0.115520
v 0.418289 0.348023 0.111553
v 0.414473 0.331809 0.112288
v 0.415985 0.332493 0.115922
v 0.408695 0.363444 0.132134
v 0.409151 0.376052 0.130839
v 0.404706 0.324365 0.129068
v 0.405970 0.334638 0.133078
v 0.408117 0.350495 0.133292
v 0.401248 0.409816 0.128014
v 0.414844 0.410906 0.099633
v 0.412076 0.418139 0.099477
v 0.416531 0.414990 0.102579
v 0.410291 0.323171 0.114333
v 0.412034 0.324285 0.116443
v 0.405811 0.321721 0.125633
v 0.407382 0.320693 0.121644
v 0.365993 0.398784 0.093535
v 0.370470 0.393142 0.095787
v 0.381599 0.382990 0.101477
v 0.376509 0.387701 0.098918
v 0.383424 0.375773 0.102387
v 0.382491 0.365065 0.102168
v 0.382891 0.354181 0.102793
v 0.381820 0.343937 0.102999
v 0.382933 0.334409 0.105278
v 0.392999 0.325159 0.109168
v 0.387158 0.329393 0.106962
v 0.404780 0.321053 0.115188
v 0.399247 0.322385 0.112169
v 0.411604 0.323035 0.119162
v 0.408691 0.321105 0.117552
v 0.416022 0.332945 0.120066
v 0.419430 0.349412 0.119783
v 0.420896 0.363928 0.118349
v 0.421687 0.377549 0.116614
v 0.421247 0.395294 0.113283
v 0.419775 0.405729 0.110590
v 0.415893 0.416951 0.107460
v 0.380153 0.398061 0.089821
v 0.380438 0.397434 0.088852
v 0.392579 0.399172 0.093178
v 0.392730 0.398573 0.092749
v 0.409815 0.408534 0.096588
v 0.402805 0.402406 0.095312
v 0.402661 0.403313 0.095604
v 0.409521 0.409747 0.096990
v 0.411870 0.418684 0.098899
v 0.412287 0.417369 0.097932
v 0.416821 0.320617 0.102235
v 0.416813 0.318740 0.097329
v 0.410976 0.321915 0.096186
v 0.410860 0.323603 0.101667
v 0.418182 0.318326 0.092174
v 0.412264 0.321620 0.090361
v 0.406581 0.326370 0.088721
v 0.405043 0.326524 0.094670
v 0.405033 0.327832 0.100466
v 0.416659 0.398883 0.071285
v 0.409767 0.394704 0.068516
v 0.415819 0.387243 0.071809
v 0.423328 0.390629 0.074184
v 0.429192 0.393976 0.077536
v 0.425000 0.403553 0.073370
v 0.430150 0.330169 0.082482
v 0.424918 0.332550 0.078812
v 0.417497 0.324582 0.081553
v 0.423135 0.321491 0.084412
v 0.418815 0.335809 0.076210
v 0.411792 0.328911 0.079508
v 0.432153 0.399297 0.100128
v 0.429680 0.396905 0.104677
v 0.425347 0.408322 0.103643
v 0.428229 0.411171 0.098410
v 0.430439 0.412604 0.091898
v 0.434023 0.400353 0.094601
v 0.429776 0.327823 0.105485
v 0.432627 0.328158 0.102079
v 0.425622 0.318339 0.099012
v 0.424754 0.319781 0.101845
v 0.434778 0.328869 0.098022
v 0.426863 0.318051 0.095019
v 0.407525 0.383114 0.105786
v 0.400704 0.381660 0.101505
v 0.394394 0.386056 0.097251
v 0.403151 0.388889 0.104400
v 0.395294 0.379456 0.095559
v 0.388916 0.384594 0.093145
v 0.401147 0.332501 0.098680
v 0.403154 0.338539 0.104957
v 0.408648 0.334831 0.107812
v 0.399382 0.335891 0.096699
v 0.399099 0.340581 0.100125
v 0.385271 0.384396 0.085431
v 0.392504 0.378828 0.088696
v 0.392466 0.379110 0.082251
v 0.383936 0.385534 0.077533
v 0.398561 0.336229 0.092358
v 0.399337 0.336388 0.086887
v 0.398536 0.340224 0.086707
v 0.397579 0.340929 0.093516
v 0.402012 0.331751 0.087496
v 0.400906 0.331701 0.093165
v 0.415298 0.331544 0.108844
v 0.421756 0.329279 0.108622
v 0.411036 0.393002 0.106877
v 0.415001 0.386111 0.107776
v 0.417767 0.398333 0.107432
v 0.421744 0.390020 0.108035
v 0.412656 0.338949 0.075814
v 0.406632 0.340767 0.077425
v 0.404589 0.336255 0.079883
v 0.407216 0.333356 0.079158
v 0.397871 0.391568 0.068588
v 0.393675 0.386883 0.070450
v 0.400864 0.381327 0.074420
v 0.408033 0.384140 0.072201
v 0.421613 0.361826 0.075292
v 0.428926 0.361681 0.078373
v 0.428444 0.376272 0.078549
v 0.421363 0.375338 0.075847
v 0.434811 0.362096 0.082548
v 0.434039 0.376893 0.082228
v 0.438075 0.363699 0.103580
v 0.435279 0.362937 0.107219
v 0.434346 0.377954 0.106471
v 0.437076 0.379822 0.102710
v 0.438953 0.380201 0.098115
v 0.439792 0.363946 0.099115
v 0.410413 0.360488 0.108360
v 0.403265 0.362187 0.104227
v 0.404313 0.372974 0.103370
v 0.410705 0.372777 0.107325
v 0.398237 0.364214 0.098473
v 0.399647 0.373736 0.097779
v 0.398239 0.373469 0.091601
v 0.396425 0.365646 0.091736
v 0.397594 0.366041 0.085286
v 0.399095 0.373542 0.085585
v 0.419084 0.346413 0.111146
v 0.426057 0.346464 0.110943
v 0.411079 0.347813 0.109456
v 0.414517 0.350313 0.074961
v 0.407166 0.352213 0.076588
v 0.422310 0.348596 0.075610
v 0.435117 0.347115 0.082980
v 0.429430 0.347933 0.078732
v 0.434750 0.347781 0.107325
v 0.437544 0.347331 0.103761
v 0.439369 0.348440 0.099513
v 0.403925 0.349880 0.105461
v 0.398641 0.352032 0.099632
v 0.396640 0.353160 0.092617
v 0.397768 0.353605 0.085788
v 0.426177 0.360967 0.110384
v 0.418524 0.360365 0.110190
v 0.418466 0.373591 0.109177
v 0.425584 0.374744 0.109350
v 0.413750 0.362953 0.074828
v 0.414285 0.374171 0.075960
v 0.407224 0.374386 0.077717
v 0.406312 0.364494 0.076488
v 0.376168 0.391538 0.080794
v 0.379792 0.390481 0.076046
v 0.376049 0.391971 0.083663
v 0.422719 0.422395 0.095835
v 0.420180 0.418591 0.101734
v 0.424859 0.423850 0.088597
v 0.422148 0.403782 0.106476
v 0.426349 0.393839 0.107119
v 0.413328 0.405326 0.103125
v 0.405932 0.398833 0.100626
v 0.396190 0.394003 0.095715
v 0.384673 0.392172 0.088416
v 0.392732 0.399864 0.064782
v 0.403488 0.402249 0.066101
v 0.387847 0.393551 0.067286
v 0.431511 0.410213 0.079634
v 0.429310 0.407224 0.076011
v 0.432915 0.396805 0.080493
v 0.434794 0.398862 0.084004
v 0.412138 0.406192 0.068503
v 0.419729 0.410086 0.071316
v 0.439556 0.379070 0.089030
v 0.437711 0.377771 0.085536
v 0.438719 0.363172 0.086452
v 0.440324 0.363527 0.090214
v 0.433579 0.329232 0.086037
v 0.438305 0.347376 0.086866
v 0.435528 0.329336 0.089792
v 0.439855 0.348834 0.090835
v 0.430687 0.376158 0.108564
v 0.431453 0.362246 0.109403
v 0.426364 0.328118 0.107582
v 0.421519 0.319235 0.102295
v 0.431173 0.346502 0.109728
v 0.417346 0.412364 0.103400
v 0.424572 0.414773 0.073474
v 0.426553 0.419156 0.076475
v 0.427083 0.320166 0.087018
v 0.429165 0.320551 0.089109
v 0.421517 0.317361 0.098087
v 0.422751 0.316951 0.093612
v 0.379405 0.394532 0.069186
v 0.382910 0.391100 0.070895
v 0.395457 0.379706 0.077630
v 0.388073 0.385403 0.073741
v 0.400886 0.365638 0.080077
v 0.402429 0.373172 0.081103
v 0.401775 0.341234 0.081214
v 0.401187 0.353032 0.080215
v 0.401598 0.336364 0.082438
v 0.404161 0.332244 0.082687
v 0.408794 0.327106 0.083483
v 0.414605 0.322466 0.085380
v 0.420215 0.319205 0.087657
v 0.424503 0.317827 0.089705
v 0.428213 0.318808 0.091427
v 0.436039 0.329550 0.093945
v 0.440191 0.349305 0.095135
v 0.440772 0.363771 0.094618
v 0.439881 0.379829 0.093394
v 0.435021 0.400135 0.088961
v 0.431730 0.412057 0.085295
v 0.426392 0.422821 0.081658
v 0.353752 0.403307 0.145190
v 0.356306 0.404419 0.145984
v 0.356348 0.401044 0.146539
v 0.352786 0.400593 0.145444
v 0.359886 0.405502 0.145908
v 0.360394 0.402089 0.146538
v 0.360989 0.397849 0.145841
v 0.356268 0.396750 0.145831
v 0.352082 0.396161 0.144596
v 0.360040 0.445884 0.118276
v 0.364866 0.440819 0.117489
v 0.363835 0.434596 0.120380
v 0.359973 0.438325 0.122634
v 0.368171 0.434903 0.114658
v 0.366867 0.430031 0.116998
v 0.367089 0.410142 0.138647
v 0.370732 0.407922 0.137326
v 0.367843 0.404352 0.143625
v 0.366066 0.406521 0.143657
v 0.373908 0.404402 0.135716
v 0.369803 0.400688 0.142601
v 0.348792 0.440197 0.123354
v 0.342992 0.438514 0.123029
v 0.340658 0.448500 0.115883
v 0.347759 0.449799 0.116639
v 0.338242 0.434873 0.122082
v 0.334419 0.444935 0.114582
v 0.355021 0.407272 0.141199
v 0.359070 0.409525 0.140481
v 0.351366 0.404698 0.141128
v 0.333344 0.414814 0.106142
v 0.337055 0.410834 0.101105
v 0.332972 0.413593 0.092477
v 0.328322 0.419345 0.097224
v 0.342419 0.408163 0.097226
v 0.339241 0.409547 0.089829
v 0.352229 0.386243 0.140207
v 0.353320 0.381518 0.136151
v 0.347990 0.381958 0.128962
v 0.345962 0.386605 0.133594
v 0.354878 0.378994 0.132545
v 0.351888 0.378777 0.124814
v 0.348615 0.407450 0.095614
v 0.354798 0.408166 0.095856
v 0.353865 0.409523 0.092142
v 0.346752 0.408577 0.090054
v 0.358414 0.378300 0.132457
v 0.357519 0.377842 0.122813
v 0.363515 0.379081 0.132148
v 0.363844 0.378694 0.122424
v 0.357833 0.381981 0.137270
v 0.362966 0.382988 0.137161
v 0.356996 0.386943 0.141440
v 0.362314 0.388149 0.141397
v 0.348604 0.401761 0.140181
v 0.346784 0.397113 0.138833
v 0.335269 0.429766 0.119537
v 0.333512 0.424283 0.115719
v 0.327927 0.432308 0.107683
v 0.330312 0.439006 0.111909
v 0.377054 0.389936 0.127603
v 0.374458 0.384831 0.124237
v 0.371534 0.383552 0.131585
v 0.372405 0.386676 0.134656
v 0.372387 0.391614 0.138355
v 0.377676 0.395433 0.131105
v 0.364831 0.412184 0.100618
v 0.368642 0.416137 0.104540
v 0.369432 0.419314 0.101310
v 0.365544 0.415231 0.097014
v 0.370563 0.420778 0.108914
v 0.371506 0.424126 0.106101
v 0.370637 0.414465 0.125600
v 0.367332 0.417657 0.128589
v 0.365549 0.423001 0.126354
v 0.368592 0.419692 0.122845
v 0.363537 0.419731 0.131086
v 0.361966 0.425174 0.129022
v 0.343932 0.420619 0.130165
v 0.348210 0.423187 0.131211
v 0.350238 0.417452 0.133981
v 0.346133 0.414898 0.133085
v 0.352984 0.424832 0.131190
v 0.354876 0.419071 0.133485
v 0.342815 0.395778 0.112549
v 0.346753 0.394774 0.107420
v 0.345298 0.400157 0.104858
v 0.341172 0.401475 0.109576
v 0.338840 0.403740 0.115061
v 0.340674 0.397823 0.118393
v 0.352210 0.394841 0.104647
v 0.358544 0.395198 0.104125
v 0.356829 0.400445 0.101548
v 0.350740 0.399848 0.102313
v 0.344925 0.397773 0.133168
v 0.347126 0.401793 0.135742
v 0.350167 0.405449 0.137427
v 0.378102 0.398400 0.124852
v 0.377141 0.393002 0.121208
v 0.374057 0.388056 0.117623
v 0.370372 0.410120 0.132035
v 0.373918 0.407090 0.129829
v 0.366476 0.412432 0.133252
v 0.353973 0.408989 0.137025
v 0.358129 0.411941 0.135357
v 0.350063 0.383367 0.115943
v 0.345988 0.385407 0.120738
v 0.343918 0.388662 0.126273
v 0.355852 0.382772 0.113734
v 0.362737 0.382662 0.114085
v 0.341069 0.416540 0.127632
v 0.343280 0.410818 0.130741
v 0.341422 0.406104 0.127366
v 0.339407 0.411710 0.124119
v 0.373295 0.402474 0.112802
v 0.374612 0.406670 0.117508
v 0.372256 0.411836 0.114855
v 0.370845 0.407528 0.110345
v 0.367457 0.403865 0.106200
v 0.370228 0.397366 0.108807
v 0.338551 0.410862 0.076526
v 0.347461 0.408130 0.082410
v 0.351240 0.407485 0.080525
v 0.346544 0.408820 0.074739
v 0.355254 0.409006 0.087325
v 0.356386 0.408620 0.086111
v 0.356845 0.407137 0.087077
v 0.354441 0.406594 0.080674
v 0.351949 0.407421 0.074853
v 0.350213 0.459653 0.108278
v 0.341095 0.458386 0.107082
v 0.342496 0.462807 0.101913
v 0.352621 0.464034 0.103327
v 0.332928 0.453844 0.105852
v 0.333165 0.457759 0.100936
v 0.333727 0.461026 0.096490
v 0.344347 0.466724 0.096925
v 0.355579 0.468212 0.097972
v 0.327325 0.446694 0.103217
v 0.326709 0.450092 0.098237
v 0.324240 0.438649 0.098408
v 0.323127 0.441581 0.093388
v 0.322362 0.443988 0.088546
v 0.326304 0.452848 0.093780
v 0.325173 0.423313 0.085476
v 0.330310 0.416778 0.079889
v 0.329797 0.419353 0.073736
v 0.324377 0.426260 0.079249
v 0.336779 0.413828 0.070289
v 0.336335 0.416412 0.065217
v 0.329740 0.422303 0.068100
v 0.324104 0.428937 0.073394
v 0.362667 0.413284 0.089689
v 0.362734 0.412729 0.089943
v 0.363340 0.413661 0.089715
v 0.360190 0.409680 0.097606
v 0.360911 0.412245 0.093718
v 0.362634 0.401289 0.103183
v 0.364682 0.396457 0.105520
v 0.368970 0.384665 0.115158
v 0.369773 0.381074 0.122641
v 0.368397 0.380997 0.131760
v 0.367679 0.389767 0.140447
v 0.368042 0.384721 0.136438
v 0.365744 0.399115 0.144755
v 0.364463 0.403091 0.145567
v 0.363460 0.406395 0.145085
v 0.363139 0.410576 0.139672
v 0.362408 0.412972 0.134201
v 0.359341 0.419975 0.132795
v 0.357679 0.425627 0.130561
v 0.354477 0.440370 0.123313
v 0.354424 0.449088 0.117453
v 0.364901 0.464231 0.101922
v 0.361644 0.460430 0.106931
v 0.358512 0.457149 0.110671
v 0.336775 0.409338 0.111435
v 0.339510 0.406544 0.106217
v 0.344028 0.404644 0.101874
v 0.341574 0.426765 0.126798
v 0.338855 0.422240 0.124259
v 0.337144 0.417471 0.120549
v 0.365678 0.408098 0.103818
v 0.369159 0.411897 0.107806
v 0.370757 0.416387 0.112161
v 0.367163 0.424630 0.120059
v 0.364242 0.428279 0.123494
v 0.360681 0.430884 0.126132
v 0.350971 0.431413 0.127963
v 0.345864 0.429802 0.127847
v 0.356060 0.431881 0.127504
v 0.355575 0.404520 0.099252
v 0.360988 0.405782 0.100904
v 0.349627 0.403999 0.099688
v 0.377067 0.401341 0.120498
v 0.375751 0.396812 0.116411
v 0.372661 0.392090 0.112405
v 0.365237 0.414932 0.132356
v 0.369158 0.412911 0.130325
v 0.372656 0.409955 0.127115
v 0.348337 0.389115 0.110501
v 0.344468 0.390149 0.115778
v 0.342362 0.392465 0.121936
v 0.343343 0.400837 0.130285
v 0.345306 0.405579 0.133336
v 0.348218 0.409830 0.135060
v 0.352172 0.413157 0.134497
v 0.356611 0.414922 0.133770
v 0.361033 0.415769 0.132753
v 0.367150 0.389908 0.109443
v 0.360764 0.388372 0.108243
v 0.354022 0.388844 0.107925
v 0.364040 0.401761 0.088777
v 0.370607 0.416007 0.106689
v 0.374114 0.417568 0.115555
v 0.364735 0.411897 0.103048
v 0.366319 0.414800 0.099278
v 0.370611 0.418376 0.103949
v 0.373310 0.420318 0.112989
v 0.382940 0.423045 0.124838
v 0.386067 0.432021 0.121771
v 0.379535 0.426306 0.123253
v 0.382111 0.436060 0.119646
v 0.408007 0.444736 0.086752
v 0.410211 0.444618 0.080192
v 0.405211 0.444802 0.092689
v 0.412829 0.442349 0.073699
v 0.414194 0.440948 0.066908
v 0.400967 0.446834 0.097469
v 0.412422 0.443498 0.059362
v 0.361803 0.408116 0.097211
v 0.362928 0.410653 0.093450
v 0.361422 0.404674 0.091284
v 0.359819 0.405708 0.088911
v 0.362308 0.403341 0.084912
v 0.359960 0.404922 0.081699
v 0.377960 0.400212 0.057340
v 0.378840 0.398298 0.061222
v 0.374890 0.398842 0.065473
v 0.372705 0.401593 0.062444
v 0.329747 0.425114 0.063110
v 0.323858 0.431292 0.068137
v 0.336492 0.419231 0.060824
v 0.326037 0.454927 0.089650
v 0.334094 0.463811 0.092260
v 0.322008 0.445986 0.083896
v 0.346123 0.470644 0.092049
v 0.358955 0.473002 0.091734
v 0.373996 0.485004 0.059987
v 0.380572 0.479756 0.063768
v 0.377125 0.478416 0.075684
v 0.368757 0.484517 0.071975
v 0.383613 0.472481 0.079147
v 0.379331 0.468398 0.090110
v 0.372256 0.474746 0.086150
v 0.373451 0.474201 0.030894
v 0.381545 0.472481 0.038340
v 0.381580 0.477611 0.050470
v 0.375521 0.481943 0.046312
v 0.395049 0.458844 0.040381
v 0.388114 0.463437 0.036647
v 0.356581 0.437890 0.023037
v 0.351646 0.430452 0.029179
v 0.362752 0.446685 0.020400
v 0.358136 0.452963 0.019983
v 0.351107 0.443924 0.021615
v 0.345161 0.436782 0.027436
v 0.358082 0.410507 0.061849
v 0.355986 0.409523 0.065233
v 0.353028 0.414418 0.056016
v 0.351022 0.412875 0.059690
v 0.357102 0.405854 0.080834
v 0.358142 0.406526 0.087682
v 0.355978 0.406806 0.073946
v 0.389436 0.466140 0.082236
v 0.385563 0.462076 0.093384
v 0.368494 0.469225 0.095174
v 0.375783 0.462543 0.099669
v 0.369410 0.486370 0.042509
v 0.367318 0.489985 0.056483
v 0.367483 0.478036 0.028175
v 0.359568 0.489788 0.069001
v 0.381563 0.465196 0.031143
v 0.375240 0.462940 0.025339
v 0.344025 0.451930 0.019976
v 0.354620 0.459402 0.018651
v 0.338799 0.443539 0.026599
v 0.349182 0.425352 0.038547
v 0.341548 0.432002 0.036923
v 0.347794 0.421929 0.047623
v 0.333845 0.439854 0.035554
v 0.346148 0.419169 0.053225
v 0.344347 0.416997 0.057073
v 0.363768 0.412366 0.090264
v 0.367384 0.416686 0.096195
v 0.372445 0.422294 0.110813
v 0.371201 0.420515 0.101138
v 0.379580 0.449160 0.111396
v 0.377817 0.440030 0.117183
v 0.376152 0.429664 0.121130
v 0.382201 0.456435 0.103391
v 0.349109 0.409296 0.069523
v 0.343594 0.410794 0.069520
v 0.346841 0.411097 0.065786
v 0.342378 0.412756 0.064969
v 0.348620 0.411592 0.063139
v 0.353003 0.408953 0.067793
v 0.342749 0.414779 0.060888
v 0.368856 0.455765 0.021431
v 0.365280 0.463384 0.022488
v 0.321256 0.441723 0.068162
v 0.320611 0.444842 0.060975
v 0.321246 0.438315 0.075703
v 0.321489 0.436236 0.080863
v 0.322270 0.433580 0.086428
v 0.323199 0.430842 0.092110
v 0.326895 0.425768 0.102465
v 0.332587 0.419284 0.111110
v 0.336211 0.413072 0.116263
v 0.338475 0.407268 0.119934
v 0.340471 0.401450 0.123243
v 0.342193 0.396304 0.126496
v 0.343678 0.393239 0.130272
v 0.345751 0.391750 0.136706
v 0.351869 0.391205 0.142896
v 0.356474 0.391980 0.144224
v 0.361642 0.393151 0.144207
v 0.366862 0.394631 0.143135
v 0.371424 0.396341 0.140910
v 0.376421 0.400264 0.133733
v 0.376812 0.403185 0.127502
v 0.375680 0.406005 0.123760
v 0.373395 0.410763 0.121722
v 0.371145 0.415967 0.119101
v 0.369718 0.420604 0.116232
v 0.369531 0.425409 0.113136
v 0.370694 0.429320 0.110749
v 0.372831 0.432252 0.109049
v 0.374135 0.433164 0.108598
v 0.373761 0.428875 0.114177
v 0.373190 0.422005 0.121283
v 0.374432 0.417777 0.124471
v 0.376601 0.416105 0.124861
v 0.361149 0.468049 0.021012
v 0.126555 0.119502 0.032721
v 0.111886 0.117998 0.031411
v 0.098728 0.117498 0.024143
v 0.088681 0.118480 0.009475
v 0.084193 0.120823 -0.005893
v 0.084815 0.124918 -0.025154
v 0.090146 0.128331 -0.038838
v 0.100181 0.131501 -0.047990
v 0.113276 0.134107 -0.052108
v 0.127528 0.135719 -0.049930
v 0.140378 0.135746 -0.041619
v 0.149894 0.134134 -0.028699
v 0.155091 0.131003 -0.012989
v 0.155502 0.127768 0.003456
v 0.150354 0.124675 0.017743
v 0.140177 0.121834 0.028008
v -0.148527 0.120418 0.003665
v -0.133989 0.118127 0.004604
v -0.120032 0.117259 -0.000249
v -0.107946 0.118224 -0.012826
v -0.101077 0.120737 -0.027128
v -0.098444 0.125330 -0.046264
v -0.101311 0.129359 -0.060738
v -0.109510 0.133360 -0.071523
v -0.121533 0.136967 -0.077791
v -0.135753 0.139571 -0.077899
v -0.149663 0.140335 -0.071621
v -0.161124 0.138976 -0.060247
v -0.168876 0.135622 -0.045498
v -0.172034 0.131751 -0.029328
v -0.169350 0.127723 -0.014518
v -0.161066 0.123781 -0.002980
v 0.127948 0.107533 0.036275
v 0.112357 0.105942 0.034132
v 0.098719 0.105748 0.025834
v 0.087982 0.107539 0.009031
v 0.083015 0.110485 -0.007752
v 0.083485 0.115591 -0.028989
v 0.088778 0.119628 -0.043794
v 0.099194 0.123411 -0.053502
v 0.113224 0.126489 -0.057983
v 0.128733 0.128102 -0.055223
v 0.142788 0.128030 -0.045930
v 0.153156 0.125771 -0.031319
v 0.158850 0.121720 -0.013927
v 0.159263 0.117603 0.004801
v 0.153643 0.113747 0.020567
v 0.142600 0.110259 0.031459
v -0.150883 0.108586 0.006298
v -0.135462 0.106050 0.006553
v -0.120933 0.105275 0.000512
v -0.107928 0.106958 -0.013910
v -0.100286 0.110023 -0.029597
v -0.097114 0.115578 -0.050646
v -0.099676 0.120243 -0.066106
v -0.108061 0.124848 -0.077315
v -0.120913 0.129010 -0.083865
v -0.136431 0.131861 -0.083590
v -0.151663 0.132731 -0.076546
v -0.164216 0.130972 -0.063720
v -0.172757 0.126829 -0.047427
v -0.176213 0.122124 -0.029146
v -0.173294 0.117253 -0.012853
v -0.164339 0.112524 -0.000544
v 0.110432 0.113974 0.040382
v 0.126952 0.116024 0.042530
v 0.142275 0.118975 0.037719
v 0.153890 0.122460 0.026223
v 0.159864 0.126199 0.009856
v 0.159515 0.130088 -0.009634
v 0.153635 0.133849 -0.027755
v 0.142890 0.135532 -0.042642
v 0.128169 0.135606 -0.052519
v 0.111993 0.133686 -0.055350
v 0.096916 0.130189 -0.050875
v 0.085316 0.125947 -0.040492
v 0.079187 0.121688 -0.025026
v 0.078317 0.116774 -0.003133
v 0.083342 0.114021 0.014517
v 0.094950 0.112976 0.031808
v -0.133362 0.113638 0.012538
v -0.149700 0.116600 0.012207
v -0.163802 0.120851 0.005340
v -0.173317 0.125800 -0.007532
v -0.176567 0.130804 -0.024467
v -0.173142 0.135556 -0.043546
v -0.164386 0.139631 -0.060612
v -0.151478 0.141064 -0.073876
v -0.135514 0.140137 -0.081452
v -0.119331 0.136933 -0.081853
v -0.105478 0.132166 -0.074839
v -0.095980 0.126929 -0.062516
v -0.092634 0.121931 -0.046071
v -0.095434 0.116430 -0.024160
v -0.103146 0.113474 -0.007672
v -0.117022 0.112355 0.007003
v 0.042586 0.666269 -0.091477
v 0.014051 0.665533 -0.098136
v -0.014452 0.668320 -0.092410
v 0.012530 0.690322 0.040367
v -0.022337 0.691340 0.031931
v 0.047675 0.687417 0.033217
v 0.013186 0.700059 -0.006237
v 0.014079 0.699078 0.006940
v -0.011050 0.700497 -0.015673
v -0.019698 0.700877 -0.005407
v 0.037522 0.697021 -0.014076
v 0.048563 0.697003 -0.004160
v -0.020244 0.701807 -0.038766
v -0.032076 0.700712 -0.034489
v 0.048180 0.696901 -0.036508
v 0.060942 0.694793 -0.032182
v -0.008793 0.695265 -0.053854
v -0.016175 0.691127 -0.063911
v 0.036933 0.691998 -0.052357
v 0.045679 0.687382 -0.062589
v 0.013970 0.689323 -0.059133
v 0.014623 0.685498 -0.073499
v 0.013930 0.694316 0.007548
v 0.048283 0.692376 -0.003529
v -0.019980 0.696250 -0.004773
v 0.060625 0.690182 -0.031527
v -0.032416 0.696103 -0.033831
v 0.045429 0.682792 -0.061979
v -0.016434 0.686502 -0.063265
v 0.014362 0.680920 -0.072863
v 0.064973 0.040195 0.072713
v 0.064084 0.046681 0.055386
v 0.058745 0.023720 0.050142
v 0.056731 0.019691 0.066811
v 0.084187 0.058267 0.067645
v 0.084891 0.046282 0.080946
v 0.105068 0.042547 0.073274
v 0.104577 0.053904 0.063742
v 0.134741 0.056284 0.088801
v 0.132192 0.070928 0.073271
v 0.163130 0.055166 0.079710
v 0.159413 0.068073 0.064295
v 0.177133 0.038363 0.057574
v 0.175067 0.045428 0.048381
v 0.190851 0.047219 0.056185
v 0.185958 0.056770 0.042254
v 0.209109 0.043175 0.046142
v 0.204573 0.050659 0.033366
v 0.217828 0.031954 0.039436
v 0.217080 0.033923 0.024881
v 0.062069 0.024259 0.033666
v 0.066557 0.048911 0.036816
v 0.084514 0.062619 0.048436
v 0.103480 0.059850 0.049552
v 0.126481 0.074271 0.055227
v 0.151471 0.071159 0.048153
v 0.168417 0.049383 0.035769
v 0.180461 0.057318 0.027847
v 0.198318 0.052162 0.019823
v 0.209726 0.033878 0.012361
v 0.071096 0.028955 0.084876
v 0.085932 0.029510 0.088232
v 0.086025 0.013697 0.087409
v 0.104580 0.027710 0.077189
v 0.104198 0.013018 0.074597
v 0.137160 0.036217 0.094594
v 0.138864 0.015736 0.090690
v 0.162592 0.035825 0.086083
v 0.159373 0.015929 0.082871
v 0.152953 0.000603 0.068535
v 0.169955 0.000295 0.046571
v 0.174657 0.012086 0.059011
v 0.138477 0.000943 0.077082
v 0.103393 0.002188 0.064837
v 0.087588 0.002516 0.079609
v 0.068950 0.002218 0.062235
v 0.066895 0.003414 0.049203
v 0.071170 0.003409 0.035451
v 0.176707 0.025357 0.061555
v 0.192951 0.013413 0.063184
v 0.193262 0.031053 0.063911
v 0.208500 0.031135 0.055384
v 0.210565 0.012636 0.049608
v 0.214380 0.012638 0.021259
v 0.207396 0.014276 0.010439
v 0.189780 -0.000379 0.052710
v 0.207486 -0.000768 0.035576
v 0.202127 -0.002908 0.024218
v 0.194397 -0.000155 0.011902
v 0.071398 0.013677 0.083027
v 0.075672 0.003404 0.074212
v 0.076301 0.021247 0.009435
v 0.082625 0.004318 0.010682
v 0.079428 0.020173 -0.039077
v 0.084034 0.004841 -0.039316
v 0.079618 0.043724 0.010522
v 0.081714 0.041477 -0.037551
v 0.158472 0.018257 -0.054628
v 0.155842 0.038199 -0.051789
v 0.182642 0.033102 -0.006098
v 0.183029 0.014833 -0.009418
v 0.154925 0.003975 -0.054482
v 0.175491 0.001433 -0.009946
v 0.175340 0.048492 -0.001628
v 0.154347 0.056257 -0.047446
v 0.087167 0.060855 0.015906
v 0.082898 0.058128 -0.033581
v 0.134319 0.068429 0.017887
v 0.117574 0.069580 0.021598
v 0.151129 0.060816 0.009131
v 0.162759 0.057371 0.002623
v 0.101575 0.066884 0.019554
v 0.128728 0.074333 0.009649
v 0.142768 0.072715 0.003258
v 0.115255 0.075730 0.011790
v 0.084282 0.005298 -0.005507
v 0.081579 0.020615 -0.003787
v 0.085790 0.041397 -0.001350
v 0.087280 0.059289 -0.000571
v 0.164280 0.050996 -0.015070
v 0.170084 0.034719 -0.018876
v 0.171986 0.015273 -0.022759
v 0.166490 0.001397 -0.023201
v 0.155480 0.068372 -0.007404
v 0.099166 0.072354 0.006040
v 0.086529 0.073341 -0.028278
v 0.088709 0.071596 -0.010973
v 0.083566 0.004820 -0.022261
v 0.080602 0.019984 -0.021183
v 0.084340 0.040930 -0.019563
v 0.085191 0.058379 -0.017671
v 0.161246 0.002043 -0.039058
v 0.165576 0.016396 -0.039410
v 0.162881 0.036696 -0.036252
v 0.158755 0.053805 -0.032126
v 0.154531 0.074236 -0.038588
v 0.154076 0.071450 -0.023997
v 0.106586 0.004096 -0.041307
v 0.117513 0.003738 -0.042524
v 0.121911 0.003054 -0.025663
v 0.109799 0.003439 -0.023623
v 0.128286 0.003479 -0.046683
v 0.133690 0.002745 -0.029786
v 0.126721 0.002409 -0.007785
v 0.113078 0.002840 -0.005202
v 0.139847 0.002058 -0.012879
v 0.131055 0.001815 0.008576
v 0.115396 0.002258 0.011918
v 0.145388 0.001508 0.000789
v 0.139785 -0.000095 0.037833
v 0.157903 -0.000067 0.023163
v 0.131160 -0.002038 0.060765
v 0.146232 -0.001867 0.054020
v 0.122099 0.000171 0.042861
v 0.164001 -0.001392 0.034827
v 0.097576 0.003901 -0.022399
v 0.097702 0.004369 -0.039648
v 0.099111 0.003581 -0.004321
v 0.098940 0.003327 0.011818
v 0.097896 0.001777 0.039678
v 0.100039 0.000413 0.052389
v 0.178783 -0.000419 0.008450
v 0.159702 0.001086 -0.006135
v 0.152759 0.001721 -0.017679
v 0.146294 0.002400 -0.033308
v 0.138344 0.003219 -0.049726
v 0.112429 0.004642 -0.064797
v 0.123907 0.004279 -0.066224
v 0.105543 0.006011 -0.095517
v 0.117627 0.005567 -0.094870
v 0.105371 0.023975 -0.101656
v 0.120899 0.023100 -0.101043
v 0.108025 0.047943 -0.096893
v 0.126101 0.046852 -0.096384
v 0.114540 0.083144 -0.071363
v 0.127783 0.084520 -0.070991
v 0.100351 0.005004 -0.062510
v 0.095841 0.006168 -0.090346
v 0.092136 0.023968 -0.095631
v 0.091275 0.048077 -0.090634
v 0.101288 0.083492 -0.068238
v 0.148864 0.077254 -0.052930
v 0.139214 0.082082 -0.063513
v 0.089195 0.083135 -0.061471
v 0.086015 0.078130 -0.045787
v 0.127085 0.065646 -0.085358
v 0.111550 0.066264 -0.085463
v 0.096071 0.067376 -0.081387
v 0.141208 0.062679 -0.077267
v 0.148037 0.058948 -0.062552
v 0.080545 0.062721 -0.053083
v 0.081349 0.067934 -0.072051
v 0.149499 0.040210 -0.068616
v 0.142493 0.043563 -0.086630
v 0.149502 0.018812 -0.072090
v 0.140808 0.020807 -0.088686
v 0.130713 0.004839 -0.087703
v 0.142898 0.003843 -0.071791
v 0.078512 0.043796 -0.057594
v 0.075462 0.047267 -0.078415
v 0.076736 0.021792 -0.059702
v 0.075915 0.023399 -0.080125
v 0.082312 0.005933 -0.060923
v 0.086813 0.006149 -0.080922
v -0.092144 0.016648 0.048240
v -0.100794 0.037254 0.053162
v -0.096785 0.044005 0.036469
v -0.091181 0.021015 0.031607
v -0.121694 0.043764 0.057995
v -0.118427 0.055944 0.045354
v -0.140353 0.040771 0.046871
v -0.137957 0.052251 0.037894
v -0.171937 0.055006 0.057399
v -0.166416 0.069845 0.042921
v -0.198371 0.054810 0.043555
v -0.191760 0.067894 0.029349
v -0.208748 0.038795 0.018974
v -0.204968 0.045984 0.010464
v -0.221816 0.048036 0.015482
v -0.214373 0.057766 0.002884
v -0.238166 0.044676 0.002389
v -0.231321 0.052348 -0.009184
v -0.245859 0.033825 -0.005969
v -0.242571 0.036120 -0.020094
v -0.095980 0.046659 0.017892
v -0.091633 0.021964 0.014862
v -0.115326 0.060656 0.026602
v -0.134283 0.058436 0.024344
v -0.157578 0.073387 0.026328
v -0.181063 0.071124 0.014994
v -0.196147 0.050080 -0.000639
v -0.206457 0.058533 -0.010274
v -0.222788 0.054039 -0.021353
v -0.233179 0.036231 -0.031123
v -0.109179 0.025987 0.063800
v -0.124358 0.026903 0.064577
v -0.140880 0.025851 0.050462
v -0.124672 0.011115 0.063368
v -0.140394 0.011198 0.047627
v -0.175769 0.034917 0.062218
v -0.177238 0.014565 0.057613
v -0.199372 0.035353 0.049472
v -0.196095 0.015444 0.046408
v -0.207147 0.012440 0.020209
v -0.187659 0.000218 0.033036
v -0.200650 0.000774 0.008489
v -0.174857 0.000017 0.043935
v -0.138176 0.000522 0.037889
v -0.125132 0.000130 0.055147
v -0.103806 -0.000383 0.041202
v -0.099536 0.000985 0.028750
v -0.101412 0.001370 0.014483
v -0.209306 0.025709 0.022664
v -0.225852 0.014163 0.021223
v -0.225887 0.031788 0.022287
v -0.239430 0.032431 0.011294
v -0.240891 0.014107 0.004828
v -0.239786 0.014845 -0.023728
v -0.231022 0.016608 -0.033124
v -0.221242 0.000497 0.011134
v -0.235756 0.000920 -0.008778
v -0.228583 -0.001100 -0.019104
v -0.218814 0.001798 -0.029833
v -0.109513 0.010762 0.061551
v -0.112450 0.000779 0.051885
v -0.101618 0.019913 -0.011427
v -0.108485 0.003171 -0.011818
v -0.103889 0.004640 -0.044356
v -0.100750 0.019643 -0.042242
v -0.096569 0.020296 -0.059642
v -0.101474 0.005186 -0.061221
v -0.104483 0.042451 -0.010168
v -0.104131 0.040639 -0.040519
v -0.098482 0.041563 -0.057761
v -0.188771 0.037350 -0.054740
v -0.190502 0.018022 -0.059561
v -0.181350 0.019621 -0.074763
v -0.178675 0.039770 -0.070454
v -0.185389 0.003964 -0.059530
v -0.177551 0.005104 -0.074198
v -0.203637 0.017279 -0.048403
v -0.196466 0.003658 -0.048043
v -0.203356 0.035478 -0.044510
v -0.196528 0.050589 -0.038376
v -0.174828 0.056711 -0.065055
v -0.183263 0.053422 -0.049427
v -0.112367 0.059705 -0.005616
v -0.104779 0.058025 -0.038192
v -0.099826 0.058073 -0.053475
v -0.158952 0.068869 -0.011546
v -0.143058 0.069374 -0.004976
v -0.174222 0.061999 -0.023250
v -0.184640 0.059052 -0.031743
v -0.127015 0.066159 -0.004304
v -0.163980 0.074433 -0.027954
v -0.151106 0.075281 -0.019364
v -0.138074 0.076037 -0.015024
v -0.104614 0.019811 -0.025302
v -0.107380 0.004644 -0.027987
v -0.108619 0.040658 -0.022883
v -0.109709 0.058578 -0.021745
v -0.174965 0.070883 -0.040493
v -0.121531 0.072096 -0.017842
v -0.108366 0.071393 -0.032909
v -0.103312 0.073468 -0.049503
v -0.168671 0.007350 -0.088227
v -0.171731 0.021762 -0.088449
v -0.169065 0.041539 -0.084468
v -0.167803 0.059487 -0.079269
v -0.170569 0.074655 -0.056606
v -0.168420 0.078001 -0.071085
v -0.129479 0.004210 -0.050223
v -0.123317 0.005326 -0.067055
v -0.133870 0.005400 -0.070124
v -0.141061 0.004300 -0.054306
v -0.143776 0.005656 -0.076056
v -0.151966 0.004529 -0.060375
v -0.148817 0.003184 -0.037563
v -0.135816 0.003110 -0.032684
v -0.160889 0.003411 -0.044819
v -0.140992 0.002078 -0.016258
v -0.155852 0.002183 -0.022229
v -0.168651 0.002513 -0.032343
v -0.184800 0.000633 -0.012508
v -0.169461 -0.000221 0.005028
v -0.164924 -0.002861 0.029038
v -0.178609 -0.002157 0.019825
v -0.152884 -0.000558 0.012995
v -0.192822 -0.000808 -0.002099
v -0.117656 0.004218 -0.046917
v -0.114858 0.005229 -0.063897
v -0.122207 0.003382 -0.029410
v -0.124754 0.002657 -0.013516
v -0.128486 0.000438 0.014042
v -0.132792 -0.001116 0.026159
v -0.202862 0.001225 -0.030566
v -0.181582 0.002729 -0.041609
v -0.172797 0.003663 -0.051751
v -0.163791 0.004750 -0.065992
v -0.153170 0.005853 -0.080766
v -0.136130 0.006880 -0.094522
v -0.125067 0.006780 -0.091156
v -0.113043 0.008756 -0.120191
v -0.125057 0.008745 -0.121618
v -0.111300 0.026826 -0.125578
v -0.126711 0.026525 -0.127634
v -0.131925 0.050248 -0.123094
v -0.114023 0.050626 -0.120506
v -0.136319 0.087711 -0.098407
v -0.134194 0.068664 -0.111769
v -0.118881 0.068604 -0.109242
v -0.123317 0.085623 -0.096567
v -0.113564 0.006631 -0.086838
v -0.104375 0.008402 -0.113444
v -0.099309 0.026144 -0.117397
v -0.098615 0.049918 -0.111500
v -0.104316 0.068939 -0.102584
v -0.110795 0.085207 -0.091208
v -0.160338 0.081144 -0.084265
v -0.148891 0.085727 -0.092988
v -0.100038 0.084102 -0.082481
v -0.099724 0.078614 -0.066561
v -0.149570 0.066117 -0.106251
v -0.158927 0.062319 -0.093003
v -0.094040 0.062995 -0.072176
v -0.091408 0.068649 -0.090878
v -0.159896 0.043792 -0.099897
v -0.149825 0.047353 -0.116357
v -0.159922 0.022505 -0.104100
v -0.148480 0.024642 -0.118908
v -0.139174 0.008302 -0.116803
v -0.153901 0.007299 -0.103232
v -0.091846 0.044270 -0.076899
v -0.085175 0.048155 -0.096804
v -0.090363 0.022383 -0.079449
v -0.086022 0.024518 -0.099385
v -0.097100 0.007778 -0.102629
v -0.096084 0.006829 -0.082168
v -0.020495 0.970827 0.048979
v -0.012021 0.975466 0.061267
v -0.002516 0.976919 0.070948
v 0.014658 0.975905 0.081269
v 0.028444 0.973675 0.085815
v 0.037463 0.972133 0.087559
v -0.040654 0.993158 0.033374
v -0.036150 1.001214 0.040834
v -0.032659 1.007608 0.043898
v -0.041707 1.054136 0.028424
v -0.058935 1.097214 0.003314
v -0.050388 1.175380 -0.080082
v -0.023719 1.193860 -0.129634
v 0.005276 1.195783 -0.185273
v 0.043508 1.183976 -0.241481
v 0.085551 1.162419 -0.283828
v 0.133151 1.158073 -0.275035
v -0.023895 0.945041 0.065735
v -0.019685 0.945246 0.076830
v -0.012678 0.944401 0.089070
v 0.002646 0.950206 0.098847
v 0.020712 0.949548 0.103170
v 0.030064 0.948029 0.103878
v -0.108683 1.110150 -0.271756
v -0.129383 1.123230 -0.223189
v -0.130662 1.125420 -0.155021
v -0.113159 1.082302 -0.049615
v -0.093268 1.050800 -0.015244
v -0.076749 1.007545 0.016415
v -0.075080 0.999797 0.018719
v -0.074116 0.995913 0.022423
v -0.088595 0.975105 0.022648
v -0.094297 0.976123 0.015535
v -0.103279 0.977410 0.003593
v -0.149304 0.956019 -0.038205
v -0.164307 0.949247 -0.085577
v -0.163919 0.941682 -0.189804
v -0.139522 0.929566 -0.233131
v -0.114616 0.921090 -0.275781
v -0.088835 0.950356 0.039406
v -0.094825 0.948239 0.036130
v -0.107791 0.942768 0.032055
v -0.139845 0.920170 0.022189
v -0.170146 0.900346 -0.001132
v -0.188835 0.876295 -0.029666
v -0.186778 0.840724 -0.053139
v -0.146034 0.786793 -0.118139
v -0.117563 0.784967 -0.182316
v -0.096473 0.794352 -0.229063
v -0.072333 0.808921 -0.273106
v -0.052728 0.817700 -0.299429
v -0.072428 0.933227 0.061749
v -0.075721 0.929714 0.063277
v -0.083357 0.922201 0.069669
v -0.115088 0.908759 0.060914
v -0.118712 0.888012 0.061301
v -0.121673 0.860324 0.053920
v -0.130445 0.831988 0.030983
v -0.139756 0.810904 -0.004261
v -0.154837 0.802618 -0.047569
v -0.171436 0.810084 -0.084111
v -0.178213 0.824489 -0.114890
v -0.165532 0.840109 -0.155874
v -0.162080 0.911530 -0.138770
v -0.166450 0.946394 -0.139207
v -0.168002 0.999472 -0.145100
v -0.169090 1.046600 -0.142090
v -0.152865 1.086198 -0.121159
v -0.128098 1.109727 -0.094678
v -0.096040 1.130696 -0.065923
v -0.061562 1.140010 -0.032780
v -0.028871 1.142798 -0.004564
v 0.005508 1.143538 0.017486
v 0.039781 1.140894 0.034076
v 0.076800 1.135911 0.043827
v -0.045226 0.930609 0.071523
v -0.045641 0.929213 0.079223
v -0.046096 0.925684 0.090310
v -0.049142 0.923327 0.101992
v -0.051090 0.917668 0.114429
v -0.051078 0.907870 0.125579
v -0.040336 0.899329 0.150311
v -0.020160 0.895691 0.170727
v 0.007881 0.895418 0.176458
v -0.111068 0.926229 -0.318909
v -0.120223 1.022768 -0.299334
v 0.118401 1.194192 -0.141118
v 0.031835 1.017192 0.073539
v 0.013626 1.020365 0.066122
v -0.015221 1.024200 0.051101
v -0.032662 1.030601 0.040112
v -0.059395 1.035752 0.020309
v -0.083142 1.030034 0.002627
v -0.108548 1.002084 -0.019303
v -0.125557 0.968685 -0.016376
v 0.047357 1.014132 0.077482
v -0.176171 0.884778 -0.103848
v -0.160021 0.874991 -0.143685
v -0.143935 0.862630 -0.187583
v -0.126510 0.860959 -0.232255
v -0.103760 0.862954 -0.274341
v -0.078174 0.861213 -0.304045
v -0.291800 0.547052 -0.077861
v -0.277904 0.533255 -0.085710
v -0.264592 0.520722 -0.086719
v -0.244657 0.503439 -0.077731
v -0.230401 0.492646 -0.058356
v -0.223169 0.488818 -0.036433
v -0.222168 0.491731 -0.012760
v -0.228537 0.500962 0.007892
v -0.242744 0.516984 0.024849
v -0.257041 0.531061 0.029577
v -0.272224 0.544369 0.026956
v -0.287436 0.556647 0.016894
v -0.299675 0.565415 0.000057
v -0.306658 0.568806 -0.020975
v -0.307521 0.566692 -0.043024
v -0.302930 0.559363 -0.061874
v -0.261599 0.582639 -0.082007
v -0.271760 0.593991 -0.066174
v -0.275879 0.600543 -0.048140
v -0.275500 0.602465 -0.027215
v -0.269565 0.599372 -0.006915
v -0.258518 0.591204 0.010087
v -0.243931 0.579226 0.021060
v -0.228477 0.565702 0.024348
v -0.213330 0.551001 0.020087
v -0.198310 0.534346 0.003013
v -0.191564 0.524659 -0.018539
v -0.192939 0.521973 -0.043397
v -0.200975 0.526669 -0.065992
v -0.215892 0.538644 -0.085150
v -0.235896 0.556858 -0.092758
v -0.248741 0.569412 -0.090750
v 0.288460 0.559837 -0.030511
v 0.293723 0.572557 -0.015056
v 0.293867 0.581659 0.005202
v 0.288626 0.584782 0.024038
v 0.279096 0.582173 0.042753
v 0.265917 0.574046 0.057713
v 0.250603 0.561026 0.066707
v 0.235416 0.545134 0.068172
v 0.222923 0.529315 0.062206
v 0.214096 0.514082 0.049443
v 0.211011 0.499812 0.025067
v 0.215673 0.494243 0.001455
v 0.227592 0.497084 -0.020407
v 0.243192 0.507283 -0.036168
v 0.262393 0.524686 -0.044753
v 0.280151 0.546381 -0.039882
v 0.319021 0.527917 -0.018031
v 0.325338 0.541324 -0.003047
v 0.326151 0.551242 0.017680
v 0.321001 0.554870 0.037317
v 0.310790 0.552030 0.056612
v 0.296736 0.543271 0.071497
v 0.280909 0.529614 0.079543
v 0.265984 0.513737 0.079840
v 0.254331 0.498549 0.073488
v 0.246559 0.484359 0.060997
v 0.244152 0.470978 0.037520
v 0.248716 0.465849 0.015283
v 0.259690 0.468263 -0.005421
v 0.274117 0.477450 -0.020863
v 0.292383 0.493578 -0.029974
v 0.310177 0.514454 -0.026569
v -0.095890 0.020662 0.002197
v -0.106153 0.001612 0.003924
v -0.126732 0.001650 0.002401
v -0.146685 0.000856 -0.000113
v -0.163126 0.001041 -0.007068
v -0.177337 0.001560 -0.020602
v -0.192274 0.001881 -0.033977
v -0.209171 0.003172 -0.037961
v -0.218904 0.016936 -0.039336
v -0.220305 0.035009 -0.036995
v -0.211774 0.050471 -0.029241
v -0.197674 0.054487 -0.021073
v -0.187634 0.053801 -0.011093
v -0.170105 0.068007 0.002529
v -0.150160 0.068375 0.011473
v -0.130387 0.061053 0.012370
v -0.113907 0.060683 0.010678
v -0.098404 0.044840 0.002589
v 0.068376 0.022528 0.021912
v 0.077634 0.003260 0.025849
v 0.098175 0.002730 0.027876
v 0.118249 0.001381 0.028844
v 0.135632 0.000982 0.024801
v 0.151944 0.000774 0.013882
v 0.168941 0.000339 0.003254
v 0.186307 0.001132 0.002200
v 0.196525 0.014619 0.002206
v 0.198023 0.032691 0.004342
v 0.188748 0.048522 0.010156
v 0.173581 0.053068 0.015679
v 0.161963 0.052928 0.023824
v 0.142784 0.067895 0.033922
v 0.121641 0.069004 0.039276
v 0.101818 0.062243 0.036898
v 0.085889 0.062275 0.032370
v 0.071524 0.046643 0.022103
v 0.005966 0.874737 0.163308
v 0.023756 0.940347 0.133272
v 0.017366 0.935315 0.166364
v 0.090067 1.171891 0.006174
v 0.103029 1.192042 -0.049231
v 0.114406 0.972388 -0.383453
v 0.012803 0.725106 -0.008271
v 0.006253 0.867845 0.153256
v 0.033954 0.721920 -0.017557
v 0.042952 0.718571 -0.040395
v 0.033272 0.718157 -0.056424
v 0.003036 0.762108 -0.271745
v 0.051525 0.748337 -0.267855
v -0.042495 0.990092 0.035626
v -0.057525 0.994448 0.030592
v -0.071936 0.992427 0.025405
v -0.031533 0.980646 0.042890
v -0.024985 0.970613 0.049148
v -0.024686 0.958657 0.057920
v -0.028167 0.947844 0.063567
v -0.036225 0.939375 0.067738
v -0.045836 0.935252 0.068505
v -0.057138 0.935343 0.066476
v -0.069409 0.937726 0.060240
v -0.078680 0.944284 0.051439
v -0.084457 0.952647 0.040577
v -0.085793 0.964108 0.030568
v -0.084776 0.974423 0.025518
v -0.080925 0.984363 0.023713
v -0.041546 0.992721 0.034985
v -0.057641 0.997538 0.029464
v -0.073628 0.995235 0.024358
v -0.083463 0.986441 0.022275
v -0.087340 0.975549 0.024057
v -0.088593 0.964560 0.029952
v -0.087309 0.952141 0.040428
v -0.081479 0.943095 0.052195
v -0.071341 0.936147 0.061951
v -0.058078 0.933657 0.068907
v -0.045624 0.933577 0.071138
v -0.035074 0.937947 0.070339
v -0.026050 0.947167 0.065751
v -0.022232 0.958912 0.059447
v -0.022655 0.971605 0.049971
v -0.029703 0.982604 0.042673
v 0.130373 0.959564 0.061294
v 0.127105 0.969146 0.067486
v 0.149852 0.964500 0.062174
v 0.148574 0.957948 0.061015
v 0.105120 0.965410 0.073203
v 0.112724 0.954889 0.064058
v 0.099665 0.947225 0.068595
v 0.090174 0.955393 0.077950
v 0.091259 0.935678 0.077164
v 0.088003 0.923062 0.084003
v 0.080984 0.925472 0.093264
v 0.082137 0.939642 0.084579
v 0.091611 0.910397 0.091240
v 0.099626 0.902156 0.095170
v 0.097114 0.901172 0.102528
v 0.087118 0.911294 0.100926
v 0.111761 0.897143 0.096877
v 0.127457 0.893964 0.094381
v 0.128583 0.889583 0.096630
v 0.110174 0.893999 0.100819
v 0.142611 0.896343 0.088291
v 0.155020 0.902456 0.079216
v 0.160499 0.898087 0.077812
v 0.145957 0.890710 0.089431
v 0.164072 0.913389 0.070150
v 0.169073 0.924493 0.064713
v 0.176632 0.922906 0.059765
v 0.170994 0.910771 0.066086
v 0.167523 0.952144 0.058324
v 0.164110 0.949119 0.061314
v 0.172551 0.958576 0.057114
v 0.151988 0.972358 0.062909
v 0.125461 0.976549 0.069711
v 0.096113 0.976369 0.077633
v 0.079402 0.960828 0.084321
v 0.070772 0.928010 0.102694
v 0.069421 0.944683 0.093480
v 0.092814 0.898399 0.112987
v 0.079530 0.910977 0.114317
v 0.130553 0.880184 0.104590
v 0.109663 0.883548 0.111961
v 0.171109 0.887985 0.077586
v 0.152233 0.879441 0.096288
v 0.188649 0.920068 0.051251
v 0.183498 0.905121 0.058573
v 0.091037 0.895792 0.124877
v 0.075016 0.912786 0.130554
v 0.055332 0.928542 0.134914
v 0.057129 0.932982 0.118793
v 0.121501 0.863532 0.113692
v 0.106113 0.878350 0.118368
v 0.131799 0.864084 0.111188
v 0.120979 0.843191 0.110085
v 0.132962 0.838955 0.109626
v 0.114057 0.815484 0.107664
v 0.105815 0.833023 0.111839
v 0.073299 0.817355 0.123339
v 0.070374 0.833522 0.130368
v 0.034523 0.840129 0.147552
v 0.034540 0.820599 0.135794
v 0.037566 0.941133 0.115580
v 0.037069 0.936873 0.134381
v 0.095227 0.843389 0.115572
v 0.112509 0.845990 0.108004
v 0.092605 0.847852 0.118397
v 0.089991 0.857188 0.128904
v 0.107045 0.861103 0.117730
v 0.061937 0.857658 0.152201
v 0.031734 0.863837 0.167684
v 0.033310 0.873977 0.175557
v 0.061793 0.867948 0.160526
v 0.087204 0.869030 0.137534
v 0.100628 0.874458 0.127465
v 0.072678 0.907490 0.143978
v 0.054375 0.924197 0.149377
v 0.086847 0.890574 0.136947
v 0.069399 0.897887 0.154827
v 0.079806 0.882161 0.146946
v 0.059649 0.879689 0.166633
v 0.053690 0.894092 0.170463
v 0.033926 0.896324 0.180601
v 0.034345 0.884984 0.179624
v 0.052759 0.918114 0.160613
v 0.038625 0.933336 0.150942
v 0.036538 0.928372 0.164548
v 0.043132 0.911724 0.172653
v 0.031753 0.908128 0.179317
v 0.114965 0.777863 0.081885
v 0.063825 0.782443 0.098649
v 0.021099 0.790146 0.107900
v 0.029503 0.921513 0.176640
v 0.038650 0.917601 0.174467
v 0.032096 0.926965 0.173371
v 0.044563 0.921201 0.169322
v 0.039047 0.945947 0.106163
v 0.041439 0.953113 0.098995
v 0.056615 0.948936 0.099122
v 0.056469 0.939634 0.107633
v 0.069236 0.984726 0.082805
v 0.060793 0.966842 0.088801
v 0.052997 0.988102 0.083143
v 0.046480 0.970132 0.088759
v 0.146427 0.807377 0.097411
v 0.150553 0.776707 0.076717
v 0.170645 0.800606 0.088959
v 0.187054 0.818107 0.089660
v 0.204232 0.782663 0.065641
v 0.177263 0.778229 0.073261
v 0.220382 0.823628 0.062598
v 0.236619 0.792715 0.039797
v 0.135104 0.997647 0.067501
v 0.166533 0.991374 0.057192
v 0.082738 1.006789 0.077404
v 0.114070 0.998804 0.072208
v 0.063316 1.011009 0.078678
v 0.074802 1.034188 0.075043
v 0.226229 1.031462 0.029200
v 0.188157 1.006985 0.048156
v 0.155303 1.015438 0.060586
v 0.193965 1.047577 0.044616
v 0.098184 1.028364 0.072859
v 0.129131 1.071140 0.064969
v 0.162973 1.059557 0.056352
v 0.132287 1.019615 0.066607
v 0.096185 1.082487 0.068945
v 0.246037 0.947256 0.001740
v 0.231484 0.967213 0.018839
v 0.271430 0.988762 -0.006687
v 0.285343 0.950073 -0.029117
v 0.252280 1.010487 0.010066
v 0.212702 0.990699 0.034707
v 0.270478 0.906962 -0.024395
v 0.236477 0.913660 0.011881
v 0.190682 0.976248 0.047329
v 0.211101 0.902556 0.038584
v 0.207966 0.870072 0.055670
v 0.151613 0.834858 0.105372
v 0.156124 0.855486 0.105190
v 0.172191 0.851114 0.096945
v 0.193927 0.854611 0.076677
v 0.254014 0.833258 -0.021428
v 0.238088 0.835370 0.041480
v 0.233959 0.880737 0.024364
v 0.259147 0.866070 -0.016447
v 0.186477 0.738773 -0.182870
v 0.184167 0.758538 -0.231232
v 0.146297 0.746114 -0.238906
v 0.144513 0.723339 -0.185740
v 0.238378 0.789286 -0.172687
v 0.232050 0.796993 -0.219519
v 0.210186 0.773310 -0.225638
v 0.220029 0.763246 -0.180764
v 0.275366 0.848071 -0.165400
v 0.263457 0.846827 -0.214060
v 0.250095 0.821891 -0.214947
v 0.259346 0.821312 -0.167898
v 0.335312 0.941257 -0.151107
v 0.345323 0.988269 -0.143313
v 0.336219 0.992135 -0.190961
v 0.337802 0.938015 -0.182481
v 0.307438 1.049864 -0.217316
v 0.326742 1.024621 -0.200672
v 0.334844 1.032044 -0.147403
v 0.307932 1.078462 -0.157147
v 0.264724 1.095443 -0.239073
v 0.274598 1.074098 -0.249842
v 0.225010 1.086920 -0.299882
v 0.247022 1.070654 -0.291728
v 0.205360 1.028731 -0.345559
v 0.235721 1.018674 -0.331095
v 0.234666 0.956787 -0.343787
v 0.203062 0.961364 -0.358825
v 0.193206 0.882855 -0.349894
v 0.179719 0.818244 -0.320393
v 0.209923 0.821218 -0.302327
v 0.232269 0.885237 -0.330572
v 0.166069 0.768038 -0.266739
v 0.137835 0.761831 -0.277078
v 0.333686 0.948210 -0.103144
v 0.314106 0.899144 -0.110373
v 0.299157 0.907710 -0.068835
v 0.316569 0.951204 -0.062806
v 0.311040 0.867938 -0.166211
v 0.337777 0.995468 -0.094521
v 0.310516 0.995176 -0.045508
v 0.259587 0.828704 -0.069932
v 0.276414 0.859404 -0.066908
v 0.287963 0.852921 -0.116034
v 0.264823 0.822125 -0.120316
v 0.315873 1.037717 -0.082120
v 0.289294 1.027755 -0.026590
v 0.260110 1.060820 -0.007835
v 0.282409 1.086666 -0.072557
v 0.223127 1.084250 0.013602
v 0.240838 1.118232 -0.032591
v 0.201001 1.138606 -0.011226
v 0.186805 1.100510 0.030617
v 0.150183 1.115166 0.041076
v 0.162813 1.153318 0.001608
v 0.114088 1.126304 0.046197
v 0.126687 1.163868 0.007265
v 0.239421 1.142203 -0.086726
v 0.266463 1.120350 -0.102605
v 0.203512 1.161885 -0.070910
v 0.165909 1.175825 -0.057784
v 0.133864 1.184464 -0.046168
v 0.268319 1.123264 -0.155088
v 0.238110 1.127402 -0.227856
v 0.194020 1.112612 -0.297273
v 0.174925 1.042521 -0.353465
v 0.161656 0.964087 -0.373031
v 0.231824 1.151288 -0.148264
v 0.155556 1.186397 -0.120158
v 0.195673 1.171427 -0.133450
v 0.133961 1.189441 -0.087629
v 0.211155 1.151054 -0.214115
v 0.156221 1.181230 -0.175771
v 0.183027 1.169321 -0.190225
v 0.179258 1.144042 -0.268448
v 0.164593 1.164981 -0.231111
v 0.147390 0.887213 -0.367136
v 0.131382 0.820209 -0.343536
v 0.107971 0.762380 -0.291022
v 0.100346 0.742994 -0.255859
v 0.099582 0.720656 -0.200108
v 0.090574 0.713483 -0.125250
v 0.146496 0.713139 -0.128405
v 0.152355 0.721595 -0.037092
v 0.106379 0.723768 -0.036128
v 0.075820 0.746808 0.043286
v 0.128793 0.745393 0.034551
v 0.077431 0.715351 -0.105695
v 0.081930 0.724117 -0.042952
v 0.070513 0.740333 0.029015
v 0.222374 0.752042 -0.130846
v 0.240592 0.787099 -0.124808
v 0.187195 0.725105 -0.132563
v 0.193181 0.720162 -0.062761
v 0.234325 0.743455 -0.047542
v 0.241519 0.760154 -0.089422
v 0.214837 0.731779 -0.087179
v 0.245812 0.795276 -0.077432
v 0.185317 0.736014 0.007691
v 0.213632 0.734447 -0.021248
v 0.162036 0.752022 0.044492
v 0.181078 0.760859 0.052489
v 0.202721 0.755865 0.037155
v 0.228901 0.759074 0.014721
v 0.042651 0.725066 -0.067581
v 0.056120 0.726251 -0.042212
v 0.047024 0.732769 -0.006205
v 0.327493 0.901819 -0.184458
v 0.293351 0.906834 -0.223766
v 0.274244 0.876475 -0.219450
v 0.336489 0.934069 -0.191011
v 0.313095 0.937654 -0.228594
v 0.178268 0.772327 -0.261718
v 0.063436 0.844739 0.137910
v 0.031472 0.853009 0.153702
v 0.061991 0.850272 0.141513
v 0.031086 0.856795 0.156984
v 0.093844 0.847055 0.115485
v 0.062755 0.849020 0.136169
v 0.031897 0.855335 0.150541
v 0.351986 0.950701 -0.196883
v 0.354410 0.972929 -0.200911
v 0.353415 1.034680 -0.222384
v 0.346063 1.061258 -0.238569
v 0.337801 1.076140 -0.253887
v 0.329889 1.083199 -0.270592
v 0.324361 1.084739 -0.289604
v 0.319798 1.076378 -0.309161
v 0.314778 1.053734 -0.327500
v 0.311012 1.021433 -0.342226
v 0.308889 0.986282 -0.349090
v 0.299530 0.883088 -0.332570
v 0.285665 0.848034 -0.316768
v 0.258548 0.773665 -0.269875
v 0.261393 0.790985 -0.282591
v 0.307484 0.948991 -0.348743
v 0.305765 0.916550 -0.343612
v 0.350664 0.941908 -0.198446
v 0.345316 1.030762 -0.246469
v 0.340281 1.029297 -0.258494
v 0.333178 0.969250 -0.241342
v 0.349655 1.028626 -0.236478
v 0.348645 0.974054 -0.312772
v 0.318631 0.931925 -0.265220
v 0.329333 0.953480 -0.259986
v 0.348935 0.991385 -0.305714
v 0.263405 0.770890 -0.262813
v 0.246039 0.822439 -0.252413
v 0.283331 0.821910 -0.275498
v 0.276169 0.804685 -0.268314
v 0.310098 0.849212 -0.291129
v 0.275458 0.850305 -0.255808
v 0.291799 0.879640 -0.265072
v 0.335596 0.877236 -0.305827
v 0.303286 0.903193 -0.267754
v 0.342910 0.902323 -0.313834
v 0.347154 0.931156 -0.318262
v 0.348508 0.956707 -0.319850
v 0.403259 0.991601 -0.241486
v 0.403435 0.996413 -0.239427
v 0.418000 1.023894 -0.253916
v 0.422432 1.028150 -0.263442
v 0.440981 1.066672 -0.286509
v 0.435900 1.062229 -0.276272
v 0.450813 1.094470 -0.294379
v 0.457389 1.097861 -0.304640
v 0.474842 1.123714 -0.327170
v 0.465591 1.122030 -0.317241
v 0.473960 1.132593 -0.335955
v 0.485495 1.133027 -0.345708
v 0.497751 1.134092 -0.365188
v 0.483891 1.134518 -0.355571
v 0.501832 1.133880 -0.378155
v 0.518177 1.133003 -0.387586
v 0.535862 1.121260 -0.410371
v 0.517478 1.121921 -0.401265
v 0.520526 1.089889 -0.422460
v 0.539897 1.090361 -0.431007
v 0.539107 1.035496 -0.445780
v 0.519529 1.035951 -0.437594
v 0.514347 0.979220 -0.438853
v 0.533248 0.977761 -0.446273
v 0.523685 0.913992 -0.435638
v 0.505885 0.917529 -0.429043
v 0.487404 0.862871 -0.411721
v 0.503583 0.857456 -0.417192
v 0.412017 0.794991 -0.326143
v 0.461462 0.828021 -0.379039
v 0.471370 0.818247 -0.389156
v 0.416052 0.786569 -0.331456
v 0.367937 0.953302 -0.211860
v 0.369851 0.962438 -0.210673
v 0.387751 0.976023 -0.224225
v 0.383390 0.965132 -0.224046
v 0.406611 1.038741 -0.261010
v 0.382137 1.020655 -0.236241
v 0.375086 0.984106 -0.225433
v 0.394723 1.001165 -0.245821
v 0.424077 1.087914 -0.290965
v 0.385860 1.064249 -0.260239
v 0.383794 1.045512 -0.248626
v 0.415056 1.065895 -0.275260
v 0.432551 1.099942 -0.323846
v 0.383139 1.075324 -0.290839
v 0.383335 1.073891 -0.277691
v 0.427007 1.097900 -0.308672
v 0.457363 1.087389 -0.366073
v 0.397382 1.060330 -0.334876
v 0.388003 1.073354 -0.308436
v 0.444462 1.099369 -0.341960
v 0.460935 1.024214 -0.392331
v 0.401786 1.008534 -0.355779
v 0.401945 1.037037 -0.346937
v 0.461198 1.063133 -0.380885
v 0.452900 0.933191 -0.389097
v 0.397593 0.938277 -0.356578
v 0.400455 0.975632 -0.362021
v 0.458084 0.980885 -0.396293
v 0.422024 0.851982 -0.356775
v 0.378511 0.868714 -0.335205
v 0.391144 0.898238 -0.349844
v 0.441419 0.885318 -0.377251
v 0.327096 0.791847 -0.291595
v 0.336791 0.776080 -0.285180
v 0.405081 0.791177 -0.332050
v 0.380829 0.811576 -0.325328
v 0.419010 0.847201 -0.364963
v 0.457127 0.824224 -0.385478
v 0.440371 0.883328 -0.385774
v 0.452603 0.930864 -0.399372
v 0.458054 0.983424 -0.406179
v 0.461916 1.032444 -0.403471
v 0.463716 1.078961 -0.389202
v 0.463039 1.108550 -0.369699
v 0.453049 1.119333 -0.348367
v 0.441666 1.119042 -0.327440
v 0.436816 1.115409 -0.309151
v 0.433093 1.103320 -0.291733
v 0.424302 1.075270 -0.270742
v 0.413640 1.043546 -0.254799
v 0.399555 1.006081 -0.236492
v 0.333532 0.797461 -0.282867
v 0.313582 0.814722 -0.285711
v 0.349795 0.840510 -0.311782
v 0.385331 0.815297 -0.318053
v 0.356093 1.004724 -0.210468
v 0.385541 1.023060 -0.232561
v 0.377144 0.980701 -0.216543
v 0.391178 1.080401 -0.263800
v 0.390179 1.052904 -0.246064
v 0.387280 1.099516 -0.296910
v 0.389844 1.092417 -0.276431
v 0.393152 1.090637 -0.335845
v 0.390716 1.101179 -0.312207
v 0.388320 1.026708 -0.367669
v 0.389446 1.060925 -0.357757
v 0.381939 0.941801 -0.368657
v 0.383885 0.980229 -0.373701
v 0.270051 0.814717 -0.297888
v 0.301602 0.806555 -0.295911
v 0.334837 0.837678 -0.320879
v 0.361669 0.869640 -0.344248
v 0.373524 0.898319 -0.358931
v 0.368553 0.959062 -0.217794
v 0.350939 0.947626 -0.203296
v 0.338754 0.957291 -0.205583
v 0.353335 0.968928 -0.209125
v 0.355255 0.999660 -0.218003
v 0.334628 0.970561 -0.221160
v 0.352134 1.018621 -0.226954
v 0.338502 1.022021 -0.276793
v 0.341436 1.011482 -0.293474
v 0.189035 0.779389 -0.257625
v 0.271340 0.785590 -0.263671
v 0.346280 0.781342 -0.279346
v 0.344203 0.773457 -0.280388
v 0.218060 0.803025 -0.255684
v 0.431419 1.058157 -0.282982
v 0.414615 1.020166 -0.261920
v 0.401480 0.993505 -0.245380
v 0.462697 1.111868 -0.320549
v 0.446501 1.087525 -0.299597
v 0.483961 1.122757 -0.356457
v 0.472596 1.121137 -0.338063
v 0.519130 1.111082 -0.398274
v 0.502847 1.121876 -0.377290
v 0.521635 1.032196 -0.430919
v 0.522685 1.082963 -0.417122
v 0.507462 0.919063 -0.422126
v 0.516055 0.978721 -0.431596
v 0.489800 0.865488 -0.405100
v 0.385928 0.972003 -0.232042
v 0.209390 0.939633 0.032601
v 0.187181 0.936889 0.050396
v 0.176779 0.936177 0.057068
v 0.170214 0.936224 0.061999
v 0.249819 0.800522 0.008001
v 0.246811 0.768829 -0.018346
v 0.248523 0.776011 -0.058433
v 0.251383 0.800795 -0.034049
v 0.146507 0.954371 0.063900
v 0.130168 0.956176 0.063814
v 0.130502 0.958926 0.063072
v 0.148094 0.957127 0.063051
v 0.159997 0.946869 0.063269
v 0.162838 0.948787 0.062961
v 0.114838 0.951895 0.066786
v 0.114021 0.954373 0.066136
v 0.103474 0.945380 0.070120
v 0.101544 0.947209 0.070247
v 0.096114 0.934928 0.077641
v 0.093587 0.936162 0.078355
v 0.093451 0.923955 0.083421
v 0.090674 0.924239 0.084806
v 0.096120 0.913379 0.089343
v 0.093786 0.912636 0.091375
v 0.102798 0.906057 0.092770
v 0.101187 0.904739 0.095105
v 0.113371 0.901850 0.094312
v 0.112829 0.900087 0.096808
v 0.126929 0.899160 0.092293
v 0.127518 0.897086 0.094415
v 0.141967 0.899204 0.088673
v 0.140181 0.901294 0.087169
v 0.151664 0.906267 0.079124
v 0.154025 0.904737 0.079827
v 0.162943 0.915152 0.071016
v 0.160131 0.915803 0.070715
v 0.164591 0.925441 0.066227
v 0.167703 0.925452 0.065693
v 0.165430 0.935973 0.063931
v 0.168865 0.936877 0.063468
v -0.041828 0.948891 0.015053
v -0.043233 0.950746 0.014032
v -0.044993 0.951989 0.013261
v -0.046912 0.952603 0.012783
v -0.048778 0.952613 0.012616
v -0.050441 0.951894 0.012817
v -0.051749 0.950471 0.013381
v -0.052559 0.948544 0.014233
v -0.052791 0.946302 0.015289
v -0.052424 0.943964 0.016446
v -0.051491 0.941760 0.017591
v -0.050086 0.939905 0.018612
v -0.048346 0.938580 0.019409
v -0.046440 0.937916 0.019903
v -0.044556 0.937976 0.020047
v -0.042878 0.938756 0.019827
v -0.041570 0.940180 0.019263
v -0.040760 0.942107 0.018412
v -0.040528 0.944349 0.017356
v -0.040895 0.946686 0.016198
v -0.037287 0.952336 0.014722
v -0.040194 0.955471 0.012872
v -0.043714 0.957756 0.011403
v -0.047503 0.958968 0.010457
v -0.051191 0.958987 0.010129
v -0.054415 0.957812 0.010449
v -0.056860 0.955559 0.011386
v -0.058387 0.952049 0.012975
v -0.058846 0.947621 0.015061
v -0.058119 0.943003 0.017347
v -0.056278 0.938649 0.019609
v -0.053502 0.934984 0.021626
v -0.050064 0.932367 0.023200
v -0.046300 0.931054 0.024177
v -0.042578 0.931175 0.024461
v -0.039263 0.932716 0.024025
v -0.036679 0.935528 0.022912
v -0.035079 0.939334 0.021230
v -0.034620 0.943763 0.019144
v -0.035347 0.948380 0.016858
v -0.033109 0.955514 0.015054
v -0.037380 0.960120 0.012337
v -0.042552 0.963477 0.010178
v -0.048119 0.965257 0.008789
v -0.053536 0.965286 0.008306
v -0.058273 0.963560 0.008776
v -0.061866 0.960250 0.010154
v -0.063974 0.955633 0.012318
v -0.064649 0.949126 0.015382
v -0.063581 0.942343 0.018741
v -0.060876 0.935945 0.022064
v -0.056799 0.930561 0.025027
v -0.051747 0.926716 0.027339
v -0.046217 0.924788 0.028775
v -0.040749 0.924965 0.029193
v -0.035879 0.927229 0.028553
v -0.032083 0.931359 0.026917
v -0.029732 0.936952 0.024446
v -0.029058 0.943458 0.021381
v -0.030158 0.950111 0.018064
v -0.029310 0.958702 0.015930
v -0.034839 0.964665 0.012412
v -0.041535 0.969012 0.009617
v -0.048743 0.971316 0.007819
v -0.055756 0.971353 0.007194
v -0.061889 0.969119 0.007803
v -0.066541 0.964833 0.009586
v -0.069257 0.958914 0.012369
v -0.070058 0.950782 0.016245
v -0.068675 0.941998 0.020593
v -0.065173 0.933716 0.024896
v -0.059894 0.926745 0.028732
v -0.053354 0.921767 0.031726
v -0.046194 0.919271 0.033584
v -0.039115 0.919500 0.034126
v -0.032809 0.922431 0.033297
v -0.027894 0.927779 0.031179
v -0.024851 0.935019 0.027980
v -0.023978 0.943443 0.024012
v -0.025489 0.951706 0.019827
v -0.025982 0.961821 0.017329
v -0.032634 0.968995 0.013096
v -0.040690 0.974224 0.009734
v -0.049360 0.976996 0.007571
v -0.057797 0.977041 0.006819
v -0.065175 0.974354 0.007551
v -0.070772 0.969197 0.009697
v -0.074038 0.962076 0.013045
v -0.074939 0.952546 0.017628
v -0.073276 0.941980 0.022859
v -0.069063 0.932016 0.028035
v -0.062712 0.923629 0.032650
v -0.054845 0.917642 0.036251
v -0.046231 0.914638 0.038487
v -0.037715 0.914914 0.039138
v -0.030129 0.918440 0.038141
v -0.024216 0.924874 0.035593
v -0.020555 0.933584 0.031745
v -0.019505 0.943718 0.026971
v -0.021385 0.953405 0.022017
v -0.023208 0.964795 0.019215
v -0.030818 0.973002 0.014373
v -0.040035 0.978985 0.010526
v -0.049955 0.982157 0.008051
v -0.059609 0.982208 0.007190
v -0.068050 0.979134 0.008028
v -0.074453 0.973234 0.010483
v -0.078190 0.965087 0.014314
v -0.079173 0.954375 0.019497
v -0.077271 0.942287 0.025482
v -0.072450 0.930886 0.031404
v -0.065184 0.921292 0.036683
v -0.056183 0.914441 0.040804
v -0.046328 0.911005 0.043362
v -0.036584 0.911319 0.044107
v -0.027904 0.915355 0.042966
v -0.021140 0.922715 0.040052
v -0.016951 0.932680 0.035648
v -0.015750 0.944275 0.030186
v -0.017949 0.955166 0.024579
v -0.021056 0.967550 0.021543
v -0.029438 0.976589 0.016210
v -0.039588 0.983178 0.011973
v -0.050514 0.986672 0.009247
v -0.061145 0.986728 0.008299
v -0.070442 0.983342 0.009222
v -0.077494 0.976844 0.011926
v -0.081610 0.967871 0.016145
v -0.082655 0.956226 0.021806
v -0.080560 0.942912 0.028397
v -0.075251 0.930356 0.034919
v -0.067248 0.919789 0.040734
v -0.057335 0.912244 0.045272
v -0.046481 0.908459 0.048089
v -0.035749 0.908806 0.048910
v -0.026191 0.913250 0.047654
v -0.018740 0.921356 0.044443
v -0.014128 0.932332 0.039593
v -0.012804 0.945101 0.033578
v -0.015264 0.956945 0.027450
v -0.019579 0.970019 0.024255
v -0.028525 0.979667 0.018562
v -0.039360 0.986700 0.014040
v -0.051022 0.990429 0.011130
v -0.062370 0.990489 0.010119
v -0.072293 0.986875 0.011104
v -0.079820 0.979939 0.013989
v -0.084214 0.970361 0.018493
v -0.085299 0.958050 0.024497
v -0.083063 0.943839 0.031533
v -0.077396 0.930438 0.038495
v -0.068854 0.919158 0.044701
v -0.058273 0.911104 0.049545
v -0.046687 0.907065 0.052553
v -0.035233 0.907435 0.053428
v -0.025030 0.912179 0.052088
v -0.017077 0.920832 0.048661
v -0.012154 0.932546 0.043484
v -0.010741 0.946177 0.037064
v -0.013396 0.958699 0.030560
v -0.018812 0.972140 0.027284
v -0.028104 0.982160 0.021372
v -0.039356 0.989464 0.016675
v -0.051467 0.993336 0.013654
v -0.063252 0.993399 0.012603
v -0.073557 0.989645 0.013626
v -0.081374 0.982442 0.016623
v -0.085937 0.972496 0.021300
v -0.087041 0.959805 0.027506
v -0.084719 0.945047 0.034812
v -0.078834 0.931129 0.042042
v -0.069963 0.919415 0.048488
v -0.058973 0.911051 0.053519
v -0.046942 0.906856 0.056642
v -0.035046 0.907240 0.057551
v -0.024450 0.912167 0.056159
v -0.016191 0.921153 0.052600
v -0.011078 0.933319 0.047224
v -0.009611 0.947474 0.040556
v -0.012392 0.960384 0.033832
v -0.018776 0.973861 0.030555
v -0.028183 0.984006 0.024570
v -0.039576 0.991401 0.019815
v -0.051838 0.995322 0.016756
v -0.063770 0.995386 0.015692
v -0.074204 0.991585 0.016728
v -0.082118 0.984292 0.019762
v -0.086738 0.974222 0.024497
v -0.087838 0.961447 0.030757
v -0.085486 0.946504 0.038155
v -0.079528 0.932413 0.045475
v -0.070546 0.920553 0.052001
v -0.059420 0.912085 0.057094
v -0.047238 0.907837 0.060256
v -0.035194 0.908226 0.061177
v -0.024466 0.913214 0.059767
v -0.016104 0.922312 0.056164
v -0.010927 0.934630 0.050721
v -0.009442 0.948962 0.043970
v -0.012276 0.961959 0.037186
v -0.019472 0.975141 0.033989
v -0.028763 0.985161 0.028077
v -0.040015 0.992465 0.023381
v -0.052126 0.996338 0.020360
v -0.063911 0.996400 0.019309
v -0.074216 0.992646 0.020332
v -0.082033 0.985444 0.023329
v -0.086596 0.975497 0.028006
v -0.087668 0.962935 0.034171
v -0.085346 0.948176 0.041478
v -0.079461 0.934258 0.048708
v -0.070590 0.922544 0.055153
v -0.059601 0.914180 0.060184
v -0.047569 0.909985 0.063307
v -0.035673 0.910370 0.064217
v -0.025077 0.915296 0.062824
v -0.016819 0.924282 0.059266
v -0.011705 0.936448 0.053889
v -0.010238 0.950603 0.047221
v -0.013051 0.963386 0.040538
v -0.020880 0.975947 0.037501
v -0.029827 0.985596 0.031808
v -0.040662 0.992629 0.027286
v -0.052324 0.996358 0.024377
v -0.063672 0.996418 0.023365
v -0.073595 0.992803 0.024350
v -0.081122 0.985868 0.027236
v -0.085516 0.976290 0.031739
v -0.086539 0.964232 0.037664
v -0.084302 0.950021 0.044699
v -0.078636 0.936620 0.051661
v -0.070093 0.925340 0.057868
v -0.059512 0.917286 0.062712
v -0.047927 0.913247 0.065719
v -0.036472 0.913617 0.066595
v -0.026269 0.918360 0.065254
v -0.018316 0.927013 0.061827
v -0.013393 0.938728 0.056651
v -0.011980 0.952358 0.050230
v -0.014698 0.964628 0.043807
v -0.022969 0.976260 0.041004
v -0.031350 0.985299 0.035670
v -0.041501 0.991888 0.031434
v -0.052426 0.995382 0.028708
v -0.063058 0.995438 0.027760
v -0.072355 0.992052 0.028683
v -0.079406 0.985554 0.031387
v -0.083523 0.976581 0.035606
v -0.084476 0.965308 0.041149
v -0.082380 0.951994 0.047740
v -0.077072 0.939438 0.054263
v -0.069069 0.928871 0.060077
v -0.059155 0.921326 0.064616
v -0.048301 0.917541 0.067433
v -0.037570 0.917888 0.068254
v -0.028011 0.922332 0.066997
v -0.020561 0.930438 0.063787
v -0.015948 0.941414 0.058937
v -0.014625 0.954183 0.052922
v -0.017176 0.965655 0.046911
v -0.025684 0.976072 0.044411
v -0.033295 0.984279 0.039569
v -0.042511 0.990262 0.035722
v -0.052432 0.993434 0.033247
v -0.062085 0.993485 0.032386
v -0.070526 0.990410 0.033224
v -0.076929 0.984511 0.035679
v -0.080666 0.976363 0.039510
v -0.081530 0.966134 0.044541
v -0.079627 0.954045 0.050526
v -0.074807 0.942645 0.056448
v -0.067541 0.933050 0.061728
v -0.058540 0.926199 0.065848
v -0.048685 0.922763 0.068406
v -0.038941 0.923078 0.069151
v -0.030261 0.927113 0.068011
v -0.023497 0.934474 0.065096
v -0.019308 0.944439 0.060692
v -0.018106 0.956033 0.055231
v -0.020425 0.966443 0.049775
v -0.028961 0.975387 0.047640
v -0.035613 0.982561 0.043407
v -0.043669 0.987790 0.040045
v -0.052339 0.990562 0.037882
v -0.060777 0.990607 0.037130
v -0.068154 0.987920 0.037862
v -0.073750 0.982763 0.040007
v -0.077017 0.975642 0.043356
v -0.077774 0.966691 0.047756
v -0.076112 0.956125 0.052987
v -0.071899 0.946161 0.058163
v -0.065547 0.937775 0.062778
v -0.057680 0.931787 0.066380
v -0.049067 0.928784 0.068615
v -0.040550 0.929059 0.069267
v -0.032964 0.932586 0.068270
v -0.027051 0.939019 0.065722
v -0.023391 0.947729 0.061873
v -0.022340 0.957863 0.057099
v -0.024365 0.966971 0.052328
v -0.032718 0.974223 0.050610
v -0.038248 0.980186 0.047091
v -0.044944 0.984533 0.044297
v -0.052151 0.986838 0.042498
v -0.059165 0.986875 0.041873
v -0.065298 0.984641 0.042482
v -0.069950 0.980354 0.044265
v -0.072665 0.974435 0.047049
v -0.073302 0.966966 0.050716
v -0.071919 0.958183 0.055064
v -0.068417 0.949900 0.059367
v -0.063138 0.942929 0.063203
v -0.056598 0.937951 0.066196
v -0.049438 0.935455 0.068055
v -0.042359 0.935684 0.068596
v -0.036053 0.938615 0.067768
v -0.031138 0.943963 0.065650
v -0.028095 0.951203 0.062450
v -0.027222 0.959627 0.058482
v -0.028897 0.967227 0.054507
v -0.036863 0.972608 0.053248
v -0.041134 0.977214 0.050531
v -0.046306 0.980571 0.048372
v -0.051873 0.982351 0.046983
v -0.057290 0.982380 0.046500
v -0.062027 0.980654 0.046970
v -0.065620 0.977344 0.048348
v -0.067717 0.972772 0.050498
v -0.068222 0.966951 0.053347
v -0.067154 0.960167 0.056705
v -0.064449 0.953770 0.060028
v -0.060371 0.948385 0.062991
v -0.055320 0.944541 0.065303
v -0.049790 0.942612 0.066739
v -0.044322 0.942789 0.067157
v -0.039452 0.945053 0.066517
v -0.035655 0.949184 0.064881
v -0.033305 0.954776 0.062410
v -0.032631 0.961282 0.059345
v -0.033912 0.967205 0.056258
v -0.041294 0.970582 0.055490
v -0.044201 0.973717 0.053640
v -0.047721 0.976002 0.052171
v -0.051510 0.977214 0.051225
v -0.055197 0.977233 0.050897
v -0.058422 0.976059 0.051217
v -0.060867 0.973805 0.052154
v -0.062295 0.970693 0.053618
v -0.062659 0.966646 0.055584
v -0.061933 0.962029 0.057870
v -0.060091 0.957674 0.060132
v -0.057316 0.954009 0.062148
v -0.053878 0.951392 0.063722
v -0.050113 0.950080 0.064699
v -0.046392 0.950200 0.064984
v -0.043077 0.951742 0.064548
v -0.040493 0.954553 0.063435
v -0.038893 0.958359 0.061753
v -0.038434 0.962788 0.059667
v -0.039285 0.966904 0.057539
v -0.045901 0.968195 0.057280
v -0.047372 0.969782 0.056343
v -0.049154 0.970939 0.055600
v -0.051072 0.971552 0.055121
v -0.052939 0.971562 0.054955
v -0.054571 0.970967 0.055117
v -0.055809 0.969826 0.055591
v -0.056532 0.968251 0.056332
v -0.056752 0.966060 0.057372
v -0.056384 0.963723 0.058529
v -0.055452 0.961518 0.059674
v -0.054047 0.959663 0.060695
v -0.052307 0.958338 0.061492
v -0.050401 0.957674 0.061987
v -0.048517 0.957735 0.062131
v -0.046838 0.958515 0.061910
v -0.045530 0.959938 0.061347
v -0.044720 0.961865 0.060495
v -0.044488 0.964107 0.059439
v -0.044884 0.966333 0.058317
v -0.046635 0.945202 0.016060
v -0.050645 0.965207 0.058668
v 0.120694 0.916967 0.041585
v 0.122924 0.918109 0.041158
v 0.125164 0.918566 0.041040
v 0.127220 0.918399 0.041210
v 0.128912 0.917710 0.041624
v 0.130045 0.916442 0.042282
v 0.130495 0.914673 0.043133
v 0.130234 0.912638 0.044074
v 0.129288 0.910537 0.045013
v 0.127748 0.908574 0.045859
v 0.125766 0.906942 0.046529
v 0.123536 0.905801 0.046956
v 0.121276 0.905262 0.047100
v 0.119207 0.905378 0.046945
v 0.117532 0.906138 0.046508
v 0.116415 0.907467 0.045832
v 0.115965 0.909236 0.044981
v 0.116226 0.911271 0.044040
v 0.117172 0.913372 0.043100
v 0.118712 0.915335 0.042254
v 0.118081 0.921818 0.040086
v 0.122355 0.923542 0.039408
v 0.126737 0.924275 0.039229
v 0.130799 0.923944 0.039566
v 0.134143 0.922583 0.040385
v 0.136441 0.920324 0.041606
v 0.137468 0.917388 0.043111
v 0.137027 0.913665 0.044876
v 0.135157 0.909514 0.046732
v 0.132115 0.905636 0.048403
v 0.128201 0.902412 0.049725
v 0.123795 0.900158 0.050570
v 0.119331 0.899093 0.050854
v 0.115244 0.899323 0.050549
v 0.111935 0.900824 0.049686
v 0.109728 0.903451 0.048349
v 0.108838 0.906944 0.046668
v 0.109354 0.910964 0.044809
v 0.111224 0.915115 0.042953
v 0.114265 0.918993 0.041282
v 0.115485 0.926326 0.039312
v 0.121765 0.928860 0.038317
v 0.128203 0.929936 0.038054
v 0.134170 0.929451 0.038548
v 0.139082 0.927450 0.039751
v 0.142459 0.924131 0.041546
v 0.143968 0.919818 0.043757
v 0.143453 0.914889 0.046181
v 0.140706 0.908790 0.048907
v 0.136238 0.903093 0.051362
v 0.130486 0.898357 0.053304
v 0.124014 0.895045 0.054545
v 0.117455 0.893481 0.054962
v 0.111451 0.893818 0.054514
v 0.106590 0.896024 0.053246
v 0.103347 0.899882 0.051282
v 0.102040 0.905014 0.048813
v 0.102798 0.910920 0.046082
v 0.105545 0.917019 0.043355
v 0.109980 0.922584 0.040942
v 0.113059 0.930737 0.039172
v 0.121188 0.934017 0.037884
v 0.129524 0.935411 0.037543
v 0.137250 0.934782 0.038183
v 0.143610 0.932193 0.039741
v 0.147981 0.927896 0.042064
v 0.149936 0.922311 0.044926
v 0.149283 0.915987 0.048046
v 0.145798 0.908382 0.051484
v 0.140013 0.901007 0.054662
v 0.132567 0.894875 0.057177
v 0.124187 0.890587 0.058784
v 0.115695 0.888562 0.059323
v 0.107922 0.888998 0.058744
v 0.101628 0.891854 0.057102
v 0.097429 0.896849 0.054559
v 0.095738 0.903495 0.051362
v 0.096718 0.911140 0.047826
v 0.100275 0.919037 0.044296
v 0.105931 0.925892 0.041282
v 0.110860 0.934942 0.039669
v 0.120640 0.938888 0.038119
v 0.130668 0.940565 0.037708
v 0.139962 0.939809 0.038478
v 0.147613 0.936693 0.040352
v 0.152872 0.931524 0.043148
v 0.155223 0.924806 0.046591
v 0.154438 0.917198 0.050344
v 0.150308 0.908301 0.054400
v 0.143349 0.899429 0.058224
v 0.134391 0.892052 0.061249
v 0.124311 0.886893 0.063181
v 0.114095 0.884458 0.063831
v 0.104743 0.884983 0.063134
v 0.097171 0.888418 0.061159
v 0.092121 0.894427 0.058099
v 0.090086 0.902422 0.054254
v 0.091266 0.911619 0.049999
v 0.095544 0.921119 0.045753
v 0.102286 0.929113 0.042207
v 0.108944 0.938837 0.040789
v 0.120134 0.943352 0.039016
v 0.131607 0.945270 0.038547
v 0.142241 0.944405 0.039427
v 0.150994 0.940841 0.041572
v 0.157011 0.934926 0.044770
v 0.159701 0.927240 0.048709
v 0.158802 0.918535 0.053003
v 0.154125 0.908550 0.057583
v 0.146164 0.898399 0.061958
v 0.135914 0.889958 0.065420
v 0.124381 0.884056 0.067630
v 0.112693 0.881269 0.068373
v 0.101993 0.881870 0.067576
v 0.093331 0.885801 0.065316
v 0.087552 0.892676 0.061815
v 0.085224 0.901823 0.057416
v 0.086573 0.912345 0.052548
v 0.091469 0.923214 0.047690
v 0.099134 0.932168 0.043693
v 0.107358 0.942326 0.042507
v 0.119682 0.947298 0.040554
v 0.132318 0.949411 0.040037
v 0.144029 0.948459 0.041007
v 0.153670 0.944533 0.043368
v 0.160296 0.938019 0.046891
v 0.163259 0.929554 0.051229
v 0.162269 0.919967 0.055958
v 0.157156 0.909121 0.060955
v 0.148387 0.897941 0.065773
v 0.137099 0.888645 0.069586
v 0.124397 0.882145 0.072020
v 0.111524 0.879075 0.072838
v 0.099740 0.879737 0.071960
v 0.090200 0.884066 0.069471
v 0.083836 0.891638 0.065616
v 0.081271 0.901712 0.060770
v 0.082758 0.913301 0.055410
v 0.088149 0.925271 0.050059
v 0.096554 0.934982 0.045705
v 0.106141 0.945324 0.044779
v 0.119295 0.950631 0.042694
v 0.132783 0.952887 0.042142
v 0.145283 0.951870 0.043177
v 0.155574 0.947680 0.045698
v 0.162646 0.940727 0.049458
v 0.165809 0.931691 0.054089
v 0.164752 0.921458 0.059137
v 0.159324 0.910000 0.064433
v 0.149965 0.898067 0.069575
v 0.137916 0.888145 0.073645
v 0.124357 0.881206 0.076243
v 0.110617 0.877930 0.077117
v 0.098039 0.878637 0.076179
v 0.087856 0.883257 0.073523
v 0.081063 0.891339 0.069407
v 0.078326 0.902092 0.064236
v 0.079912 0.914462 0.058514
v 0.085667 0.927240 0.052802
v 0.094608 0.937484 0.048192
v 0.105323 0.947756 0.047549
v 0.118983 0.953268 0.045384
v 0.132990 0.955611 0.044811
v 0.145972 0.954554 0.045886
v 0.156659 0.950203 0.048504
v 0.164005 0.942982 0.052409
v 0.167289 0.933599 0.057218
v 0.166191 0.922971 0.062460
v 0.160578 0.911167 0.067930
v 0.150857 0.898773 0.073271
v 0.138345 0.888470 0.077497
v 0.124264 0.881264 0.080196
v 0.109994 0.877861 0.081103
v 0.096932 0.878595 0.080129
v 0.086356 0.883394 0.077371
v 0.079302 0.891787 0.073096
v 0.076459 0.902954 0.067726
v 0.078107 0.915801 0.061783
v 0.084083 0.929070 0.055852
v 0.093346 0.939615 0.051094
v 0.104923 0.949564 0.050750
v 0.118754 0.955144 0.048558
v 0.132936 0.957516 0.047978
v 0.146080 0.956446 0.049066
v 0.156900 0.952040 0.051717
v 0.164336 0.944730 0.055670
v 0.167662 0.935229 0.060539
v 0.166551 0.924470 0.065847
v 0.160885 0.912591 0.071362
v 0.151044 0.900044 0.076769
v 0.138375 0.889611 0.081048
v 0.124119 0.882316 0.083780
v 0.109671 0.878871 0.084699
v 0.096446 0.879614 0.083713
v 0.085739 0.884472 0.080920
v 0.078596 0.892970 0.076592
v 0.075718 0.904276 0.071154
v 0.077386 0.917283 0.065138
v 0.083437 0.930718 0.059133
v 0.092797 0.941320 0.054339
v 0.104952 0.950701 0.054302
v 0.118613 0.956213 0.052137
v 0.132620 0.958555 0.051564
v 0.145602 0.957499 0.052639
v 0.156289 0.953147 0.055257
v 0.163634 0.945926 0.059162
v 0.166919 0.936543 0.063971
v 0.165821 0.925916 0.069213
v 0.160239 0.914239 0.074643
v 0.150519 0.901846 0.079983
v 0.138006 0.891542 0.084210
v 0.123926 0.884336 0.086909
v 0.109656 0.880934 0.087816
v 0.096594 0.881668 0.086842
v 0.086018 0.886467 0.084083
v 0.078963 0.894860 0.079809
v 0.076121 0.906027 0.074438
v 0.077768 0.918873 0.068496
v 0.083745 0.932143 0.062564
v 0.092976 0.942559 0.057847
v 0.105410 0.951141 0.058118
v 0.118564 0.956448 0.056033
v 0.132051 0.958703 0.055482
v 0.144552 0.957686 0.056517
v 0.154842 0.953496 0.059038
v 0.161915 0.946543 0.062798
v 0.165078 0.937508 0.067428
v 0.164021 0.927275 0.072476
v 0.158656 0.916070 0.077693
v 0.149296 0.904136 0.082835
v 0.137247 0.894215 0.086904
v 0.123689 0.887276 0.089503
v 0.109948 0.884000 0.090377
v 0.097371 0.884707 0.089439
v 0.087187 0.889327 0.086783
v 0.080394 0.897409 0.082667
v 0.077657 0.908162 0.077495
v 0.079243 0.920532 0.071774
v 0.084998 0.933309 0.066062
v 0.093877 0.943301 0.061532
v 0.106284 0.950871 0.062104
v 0.118607 0.955844 0.060151
v 0.131243 0.957957 0.059634
v 0.142955 0.957004 0.060604
v 0.152595 0.953078 0.062966
v 0.159222 0.946564 0.066488
v 0.162184 0.938100 0.070827
v 0.161195 0.928512 0.075556
v 0.156174 0.918038 0.080436
v 0.147405 0.906858 0.085253
v 0.136117 0.897562 0.089066
v 0.123415 0.891062 0.091501
v 0.110542 0.887993 0.092319
v 0.098758 0.888655 0.091441
v 0.089217 0.892984 0.088952
v 0.082853 0.900555 0.085096
v 0.080289 0.910629 0.080251
v 0.081775 0.922218 0.074890
v 0.087167 0.934189 0.069540
v 0.095479 0.943527 0.065302
v 0.107553 0.949901 0.066163
v 0.118743 0.954415 0.064389
v 0.130216 0.956334 0.063920
v 0.140850 0.955469 0.064800
v 0.149603 0.951904 0.066945
v 0.155620 0.945990 0.070143
v 0.158310 0.938304 0.074082
v 0.157411 0.929599 0.078377
v 0.152854 0.920095 0.082805
v 0.144892 0.909944 0.087179
v 0.134643 0.901504 0.090641
v 0.123109 0.895602 0.092852
v 0.111421 0.892815 0.093595
v 0.100722 0.893416 0.092797
v 0.092059 0.897346 0.090537
v 0.086281 0.904221 0.087037
v 0.083952 0.913368 0.082637
v 0.085302 0.923891 0.077770
v 0.090197 0.934760 0.072911
v 0.097743 0.943232 0.069066
v 0.109187 0.948251 0.070193
v 0.118967 0.952197 0.068643
v 0.128995 0.953874 0.068232
v 0.138289 0.953118 0.069002
v 0.145940 0.950003 0.070876
v 0.151198 0.944833 0.073672
v 0.153550 0.938115 0.077115
v 0.152764 0.930507 0.080868
v 0.148779 0.922191 0.084742
v 0.141820 0.913318 0.088565
v 0.132861 0.905941 0.091591
v 0.122781 0.900782 0.093523
v 0.112565 0.898347 0.094172
v 0.103213 0.898872 0.093475
v 0.095642 0.902307 0.091500
v 0.090591 0.908316 0.088440
v 0.088556 0.916311 0.084595
v 0.089736 0.925508 0.080341
v 0.094015 0.935008 0.076095
v 0.100612 0.942423 0.072731
v 0.111144 0.945965 0.074096
v 0.119274 0.949245 0.072807
v 0.127609 0.950639 0.072466
v 0.135335 0.950010 0.073106
v 0.141695 0.947421 0.074664
v 0.146066 0.943124 0.076988
v 0.148021 0.937539 0.079850
v 0.147368 0.931215 0.082970
v 0.144048 0.924273 0.086199
v 0.138263 0.916897 0.089377
v 0.130816 0.910766 0.091892
v 0.122437 0.906477 0.093498
v 0.113945 0.904452 0.094038
v 0.106171 0.904889 0.093458
v 0.099878 0.907745 0.091817
v 0.095679 0.912740 0.089273
v 0.093988 0.919385 0.086077
v 0.094968 0.927030 0.082541
v 0.098525 0.934927 0.079011
v 0.104016 0.941120 0.076205
v 0.113377 0.943097 0.077775
v 0.119656 0.945631 0.076780
v 0.126094 0.946707 0.076517
v 0.132062 0.946222 0.077011
v 0.136974 0.944222 0.078214
v 0.140350 0.940903 0.080009
v 0.141860 0.936590 0.082219
v 0.141355 0.931705 0.084629
v 0.138778 0.926291 0.087140
v 0.134310 0.920594 0.089594
v 0.128559 0.915858 0.091537
v 0.122086 0.912546 0.092778
v 0.115527 0.910982 0.093194
v 0.109523 0.911319 0.092747
v 0.104662 0.913525 0.091479
v 0.101419 0.917383 0.089514
v 0.100113 0.922515 0.087046
v 0.100870 0.928421 0.084314
v 0.103617 0.934520 0.081588
v 0.107872 0.939355 0.079405
v 0.115830 0.939719 0.081141
v 0.120104 0.941443 0.080463
v 0.124487 0.942176 0.080284
v 0.128548 0.941846 0.080620
v 0.131892 0.940484 0.081439
v 0.134190 0.938225 0.082661
v 0.135218 0.935289 0.084166
v 0.134874 0.931964 0.085806
v 0.133099 0.928194 0.087542
v 0.130058 0.924317 0.089212
v 0.126143 0.921093 0.090535
v 0.121738 0.918839 0.091379
v 0.117273 0.917774 0.091663
v 0.113186 0.918004 0.091358
v 0.109877 0.919505 0.090495
v 0.107670 0.922131 0.089158
v 0.106781 0.925625 0.087478
v 0.107296 0.929644 0.085618
v 0.109166 0.933796 0.083763
v 0.112083 0.937172 0.082250
v 0.118444 0.935913 0.084109
v 0.120608 0.936786 0.083766
v 0.122826 0.937157 0.083676
v 0.124882 0.936990 0.083846
v 0.126575 0.936301 0.084261
v 0.127738 0.935157 0.084879
v 0.128259 0.933671 0.085641
v 0.128085 0.931988 0.086471
v 0.127151 0.929937 0.087394
v 0.125611 0.927974 0.088240
v 0.123629 0.926342 0.088910
v 0.121399 0.925201 0.089337
v 0.119139 0.924662 0.089481
v 0.117070 0.924778 0.089327
v 0.115395 0.925538 0.088890
v 0.114278 0.926868 0.088213
v 0.113828 0.928636 0.087362
v 0.114089 0.930671 0.086421
v 0.115035 0.932773 0.085481
v 0.116547 0.934624 0.084671
v 0.123243 0.911834 0.043793
v 0.121080 0.931476 0.086702
vn 0.1898 -0.7520 0.6313
vn 0.1524 -0.8149 0.5592
vn 0.2619 -0.8634 0.4312
vn 0.3245 -0.7695 0.5501
vn 0.1007 -0.8575 0.5045
vn 0.1767 -0.9234 0.3406
vn 0.0417 -0.8810 0.4712
vn 0.0807 -0.9551 0.2851
vn -0.0197 -0.8878 0.4597
vn -0.0192 -0.9638 0.2659
vn -0.0812 -0.8790 0.4699
vn -0.1191 -0.9517 0.2829
vn -0.1400 -0.8535 0.5020
vn -0.2150 -0.9169 0.3363
vn -0.1913 -0.8092 0.5555
vn -0.2998 -0.8540 0.4251
vn -0.2279 -0.7451 0.6268
vn -0.3616 -0.7581 0.5427
vn -0.2413 -0.6649 0.7069
vn -0.3844 -0.6320 0.6729
vn -0.2267 -0.5803 0.7822
vn -0.3596 -0.4947 0.7912
vn -0.1890 -0.5056 0.8418
vn -0.2962 -0.3721 0.8797
vn -0.1369 -0.4499 0.8825
vn -0.2101 -0.2802 0.9367
vn -0.0777 -0.4167 0.9057
vn -0.1134 -0.2254 0.9676
vn -0.0160 -0.4065 0.9135
vn -0.0132 -0.2084 0.9780
vn 0.0454 -0.4187 0.9070
vn 0.0865 -0.2287 0.9696
vn 0.1039 -0.4538 0.8850
vn 0.1818 -0.2867 0.9406
vn 0.1548 -0.5113 0.8454
vn 0.2657 -0.3812 0.8855
vn 0.1911 -0.5871 0.7866
vn 0.3266 -0.5059 0.7984
vn 0.2043 -0.6722 0.7116
vn 0.3490 -0.6440 0.6808
vn 0.3421 -0.8955 0.2848
vn 0.4073 -0.7799 0.4753
vn 0.2787 -0.9219 0.2690
vn 0.0893 -0.9660 0.2428
vn -0.0864 -0.9859 0.1432
vn -0.1506 -0.9841 0.0942
vn -0.2807 -0.9459 0.1628
vn -0.4004 -0.8725 0.2802
vn -0.4914 -0.7512 0.4407
vn -0.5261 -0.5816 0.6204
vn -0.4888 -0.3924 0.7792
vn -0.3955 -0.2256 0.8903
vn -0.2742 -0.1048 0.9559
vn -0.1432 -0.0348 0.9891
vn -0.0101 -0.0134 0.9999
vn 0.1224 -0.0392 0.9917
vn 0.2515 -0.1134 0.9612
vn 0.3697 -0.2381 0.8981
vn 0.4593 -0.4079 0.7891
vn 0.4711 -0.5695 0.6736
vn 0.4191 -0.9001 0.1192
vn 0.6095 -0.7229 0.3255
vn 0.3978 -0.9132 0.0885
vn 0.1173 -0.9800 -0.1610
vn -0.1096 -0.9938 -0.0195
vn -0.1633 -0.9863 0.0220
vn -0.3204 -0.9444 0.0736
vn -0.4626 -0.8645 0.1968
vn -0.5998 -0.7181 0.3530
vn -0.6536 -0.5170 0.5528
vn -0.6019 -0.2826 0.7469
vn -0.4773 -0.0822 0.8749
vn -0.3235 0.0557 0.9446
vn -0.1646 0.1322 0.9775
vn -0.0071 0.1548 0.9879
vn 0.1497 0.1270 0.9805
vn 0.3064 0.0453 0.9508
vn 0.4565 -0.0975 0.8844
vn 0.5767 -0.3018 0.7592
vn 0.6191 -0.4777 0.6233
vn 0.4474 -0.8792 0.1637
vn 0.6825 -0.6766 0.2765
vn 0.2929 -0.9553 0.0401
vn 0.1226 -0.9406 -0.3167
vn -0.0187 -0.9349 -0.3545
vn -0.1771 -0.9531 -0.2456
vn -0.3696 -0.9175 -0.1471
vn -0.5306 -0.8459 -0.0531
vn -0.7128 -0.6623 0.2310
vn -0.7624 -0.4414 0.4733
vn -0.6958 -0.1702 0.6978
vn -0.5408 0.0517 0.8395
vn -0.3593 0.1961 0.9124
vn -0.1792 0.2727 0.9453
vn -0.0043 0.2946 0.9556
vn 0.1697 0.2669 0.9487
vn 0.3475 0.1843 0.9194
vn 0.5252 0.0341 0.8503
vn 0.6751 -0.1927 0.7121
vn 0.7598 -0.4529 0.4664
vn 0.5569 -0.8034 -0.2109
vn 0.7510 -0.6600 0.0194
vn 0.2160 -0.9116 -0.3499
vn 0.1048 -0.9747 -0.1972
vn 0.0061 -0.9834 -0.1815
vn -0.2051 -0.9565 -0.2076
vn -0.3127 -0.9454 -0.0915
vn -0.6095 -0.7908 0.0561
vn -0.7948 -0.5869 0.1544
vn -0.8698 -0.3408 0.3568
vn -0.7863 -0.0704 0.6138
vn -0.5880 0.1739 0.7899
vn -0.3842 0.3173 0.8670
vn -0.1886 0.3902 0.9012
vn -0.0019 0.4104 0.9119
vn 0.1841 0.3839 0.9049
vn 0.3774 0.3045 0.8745
vn 0.5774 0.1546 0.8017
vn 0.7998 -0.0996 0.5920
vn 0.8554 -0.3558 0.3766
vn 0.7030 -0.6359 -0.3184
vn 0.8267 -0.5618 -0.0313
vn 0.3956 -0.8026 -0.4464
vn 0.1816 -0.8857 -0.4272
vn -0.0097 -0.8684 -0.4958
vn -0.2021 -0.8987 -0.3893
vn -0.2581 -0.8569 -0.4462
vn -0.6490 -0.6967 -0.3055
vn -0.8581 -0.5100 0.0590
vn -0.9165 -0.2012 0.3457
vn -0.8128 0.0312 0.5817
vn -0.6244 0.2738 0.7316
vn -0.4008 0.4221 0.8132
vn -0.1944 0.4894 0.8501
vn 0.0003 0.5074 0.8617
vn 0.1943 0.4828 0.8539
vn 0.3986 0.4085 0.8211
vn 0.6156 0.2638 0.7426
vn 0.8492 -0.0548 0.5252
vn 0.9133 -0.3287 0.2404
vn 0.7082 -0.6554 -0.2623
vn 0.8192 -0.5574 -0.1349
vn 0.3392 -0.7830 -0.5214
vn 0.1207 -0.7897 -0.6015
vn 0.0613 -0.7726 -0.6319
vn -0.2160 -0.8353 -0.5055
vn -0.4532 -0.6318 -0.6289
vn -0.7166 -0.5729 -0.3979
vn -0.8514 -0.5210 -0.0609
vn -0.9468 -0.2688 0.1771
vn -0.8478 0.2364 0.4747
vn -0.6271 0.3685 0.6862
vn -0.4109 0.5136 0.7532
vn -0.1975 0.5747 0.7942
vn 0.0022 0.5904 0.8071
vn 0.2015 0.5678 0.7981
vn 0.4130 0.4996 0.7615
vn 0.6279 0.3471 0.6967
vn 0.8218 0.0258 0.5691
vn 0.9026 -0.2927 0.3155
vn 0.7167 -0.6238 -0.3117
vn 0.8533 -0.4990 -0.1511
vn 0.4017 -0.6606 -0.6343
vn 0.1905 -0.7827 -0.5925
vn 0.1226 -0.9043 -0.4088
vn -0.2489 -0.8248 -0.5077
vn -0.5341 -0.6852 -0.4951
vn -0.5932 -0.6702 -0.4460
vn -0.9000 -0.3517 -0.2575
vn -0.9890 -0.0375 0.1432
vn -0.8847 0.3274 0.3317
vn -0.6268 0.5099 0.5892
vn -0.4135 0.5861 0.6967
vn -0.1985 0.6494 0.7341
vn 0.0040 0.6630 0.7486
vn 0.2061 0.6424 0.7381
vn 0.4219 0.5803 0.6965
vn 0.6112 0.4446 0.6548
vn 0.8413 0.2196 0.4940
vn 0.9771 -0.1986 0.0764
vn 0.5681 -0.5865 -0.5773
vn 0.8882 -0.3549 -0.2917
vn 0.2821 -0.7303 -0.6222
vn 0.3254 -0.7239 -0.6083
vn 0.0611 -0.6319 -0.7727
vn -0.2949 -0.5897 -0.7518
vn -0.5132 -0.6799 -0.5237
vn -0.6612 -0.5539 -0.5059
vn -0.8618 -0.1739 -0.4764
vn -0.9971 0.0762 0.0083
vn -0.8969 0.2634 0.3553
vn -0.6227 0.5593 0.5472
vn -0.4034 0.6453 0.6487
vn -0.2058 0.6726 0.7108
vn 0.0113 0.6844 0.7291
vn 0.2104 0.6804 0.7020
vn 0.4074 0.6227 0.6680
vn 0.6027 0.5675 0.5610
vn 0.8470 0.4509 0.2815
vn 0.9701 -0.1375 -0.2002
vn 0.7422 -0.3984 -0.5390
vn 0.8866 -0.2680 -0.3770
vn 0.2821 -0.6383 -0.7162
vn 0.3323 -0.6152 -0.7149
vn -0.0196 -0.6538 -0.7564
vn -0.2038 -0.6550 -0.7276
vn -0.3580 -0.5954 -0.7192
vn -0.7441 -0.4059 -0.5307
vn -0.8833 -0.2220 -0.4129
vn -0.9928 0.0024 -0.1201
vn -0.8811 0.4581 0.1172
vn -0.6074 0.6341 0.4785
vn -0.4305 0.6923 0.5791
vn -0.2034 0.7534 0.6254
vn 0.0376 0.7915 0.6100
vn 0.2152 0.7493 0.6263
vn 0.4796 0.7208 0.5004
vn 0.6555 0.5906 0.4706
vn 0.8023 0.5073 0.3145
vn 0.9818 0.0074 -0.1899
vn 0.5554 -0.4451 -0.7024
vn 0.8615 -0.1820 -0.4739
vn 0.3366 -0.6377 -0.6929
vn 0.3510 -0.7160 -0.6034
vn -0.0775 -0.6787 -0.7303
vn -0.2018 -0.5982 -0.7755
vn -0.4802 -0.4399 -0.7589
vn -0.7276 -0.2704 -0.6305
vn -0.8572 -0.1243 -0.4998
vn -0.9254 0.1675 -0.3400
vn -0.8005 0.5982 -0.0358
vn -0.6078 0.7106 0.3544
vn -0.4354 0.7985 0.4157
vn -0.1555 0.8561 0.4928
vn 0.0437 0.8677 0.4952
vn 0.2184 0.8253 0.5208
vn 0.3808 0.7978 0.4675
vn 0.6353 0.6757 0.3740
vn 0.8350 0.5169 0.1887
vn 0.9437 0.0435 -0.3280
vn 0.5976 -0.1704 -0.7835
vn 0.8186 -0.1517 -0.5540
vn 0.4920 -0.3680 -0.7890
vn 0.2531 -0.4176 -0.8727
vn -0.2017 -0.2871 -0.9364
vn -0.1116 -0.3803 -0.9181
vn -0.3346 -0.4540 -0.8258
vn -0.7162 -0.2126 -0.6647
vn -0.8145 -0.0221 -0.5798
vn -0.9176 0.2469 -0.3115
vn -0.7803 0.6250 -0.0200
vn -0.6313 0.7477 0.2059
vn -0.4615 0.8432 0.2757
vn -0.1410 0.8752 0.4628
vn 0.0088 0.8309 0.5563
vn 0.2038 0.8419 0.4997
vn 0.4222 0.7730 0.4735
vn 0.5962 0.7705 0.2257
vn 0.7244 0.6891 -0.0174
vn 0.9120 0.2597 -0.3176
vn 0.5326 -0.2893 -0.7954
vn 0.6977 0.0476 -0.7148
vn 0.5398 -0.2142 -0.8141
vn 0.1808 -0.2227 -0.9580
vn -0.1706 -0.3856 -0.9068
vn -0.0929 -0.4021 -0.9108
vn -0.3800 -0.1231 -0.9167
vn -0.6269 -0.0048 -0.7791
vn -0.7616 -0.0087 -0.6480
vn -0.8816 0.2527 -0.3986
vn -0.7315 0.6750 -0.0966
vn -0.5858 0.7960 0.1524
vn -0.3893 0.9119 0.1303
vn -0.1580 0.9553 0.2500
vn 0.0148 0.9808 0.1942
vn 0.1860 0.9493 0.2536
vn 0.3474 0.9143 0.2082
vn 0.6693 0.7416 0.0443
vn 0.7234 0.6640 -0.1889
vn 0.7208 0.5917 -0.3612
vn 0.5749 -0.2412 -0.7818
vn 0.6932 0.1889 -0.6955
vn 0.3478 -0.1987 -0.9163
vn 0.1648 -0.1908 -0.9677
vn -0.0000 -0.2990 -0.9542
vn -0.1951 -0.4362 -0.8784
vn -0.3514 -0.3183 -0.8805
vn -0.6527 -0.0884 -0.7524
vn -0.6846 0.0501 -0.7272
vn -0.7656 0.3218 -0.5570
vn -0.7000 0.6903 -0.1829
vn -0.5516 0.8341 -0.0072
vn -0.3106 0.9449 0.1031
vn -0.1737 0.9694 0.1738
vn 0.0234 0.9818 0.1882
vn 0.1978 0.9676 0.1569
vn 0.2644 0.9613 0.0773
vn 0.5402 0.8267 -0.1577
vn 0.7705 0.5937 -0.2322
vn 0.7369 0.5841 -0.3404
vn 0.4295 0.0733 -0.9001
vn 0.7041 0.2141 -0.6770
vn 0.1988 -0.0606 -0.9782
vn 0.1127 -0.0614 -0.9917
vn 0.1339 0.0194 -0.9908
vn -0.1272 0.0384 -0.9911
vn -0.2539 0.0438 -0.9662
vn -0.4820 0.0903 -0.8715
vn -0.6747 0.3167 -0.6667
vn -0.4506 0.5873 -0.6724
vn -0.5226 0.7308 -0.4391
vn -0.3797 0.9109 -0.1618
vn -0.3312 0.9328 0.1421
vn -0.1334 0.9902 0.0409
vn 0.0331 0.9709 0.2372
vn 0.1547 0.9844 0.0836
vn 0.3794 0.9240 0.0475
vn 0.4179 0.8861 -0.2004
vn 0.6432 0.6643 -0.3808
vn 0.7246 0.5660 -0.3931
vn 0.2618 0.3063 -0.9152
vn 0.3349 0.6371 -0.6942
vn 0.1669 0.0776 -0.9829
vn 0.0578 -0.1150 -0.9917
vn 0.1009 -0.0135 -0.9948
vn -0.1384 0.2255 -0.9644
vn -0.2154 0.2876 -0.9332
vn -0.1058 0.2031 -0.9734
vn -0.4610 0.5514 -0.6953
vn -0.5695 0.6574 -0.4935
vn -0.4733 0.6645 -0.5783
vn -0.2058 0.8993 -0.3858
vn -0.2798 0.8836 -0.3755
vn -0.0978 0.9616 -0.2564
vn 0.0388 0.9950 -0.0921
vn 0.0518 0.9848 -0.1658
vn 0.3829 0.9002 -0.2074
vn 0.5288 0.8433 -0.0957
vn 0.6181 0.6491 -0.4434
vn 0.5299 0.5770 -0.6216
vn 0.2442 0.2638 -0.9332
vn 0.4889 0.3460 -0.8008
vn 0.1650 0.4750 -0.8643
vn 0.1496 0.1459 -0.9779
vn 0.0780 0.0832 -0.9935
vn -0.3426 0.1325 -0.9301
vn -0.2393 0.2856 -0.9280
vn -0.1350 0.1644 -0.9771
vn -0.1846 0.6195 -0.7630
vn -0.3637 0.6191 -0.6960
vn -0.3824 0.7432 -0.5491
vn -0.2058 0.9420 -0.2652
vn -0.4390 0.8386 -0.3225
vn -0.0706 0.9553 -0.2871
vn 0.0386 0.9992 0.0053
vn 0.0418 0.9415 -0.3343
vn 0.2606 0.8773 -0.4031
vn 0.2537 0.8105 -0.5279
vn 0.2428 0.5706 -0.7845
vn 0.3901 0.7461 -0.5396
vn 0.1218 0.5255 -0.8420
vn -0.0167 0.4608 -0.8874
vn 0.1060 0.4956 -0.8620
vn 0.1039 0.3523 -0.9301
vn 0.1633 0.6997 -0.6956
vn -0.2318 0.5570 -0.7975
vn -0.1985 0.6012 -0.7740
vn -0.0126 0.3688 -0.9294
vn -0.2162 0.5155 -0.8292
vn -0.1441 0.6275 -0.7651
vn -0.0133 0.6841 -0.7292
vn -0.0887 0.9022 -0.4222
vn -0.3878 0.5575 -0.7341
vn 0.0409 0.7473 -0.6632
vn 0.0327 0.8666 -0.4980
vn -0.0143 0.7523 -0.6587
vn 0.4574 0.5019 -0.7341
vn -0.0033 0.7368 -0.6761
vn 0.0831 0.8610 -0.5018
vn 0.0436 0.8213 -0.5688
vn -0.0190 -0.6858 0.7276
vn -0.0001 0.5412 -0.8409
vn -0.0821 0.5140 -0.8539
vn 0.0595 0.5117 -0.8571
vn 0.1621 0.6881 -0.7072
vn -0.5530 -0.1710 0.8154
vn -0.6023 -0.1569 0.7827
vn -0.5064 -0.0464 0.8611
vn -0.4484 0.1005 0.8882
vn -0.6925 -0.0563 0.7192
vn -0.6841 -0.1268 0.7183
vn -0.7525 0.1308 0.6455
vn -0.7534 0.1720 0.6346
vn -0.7049 0.4329 0.5619
vn -0.6171 0.6600 0.4285
vn -0.6146 0.7168 0.3294
vn -0.7335 0.4529 0.5067
vn -0.4823 0.8181 0.3133
vn -0.2922 0.8523 0.4338
vn -0.3852 0.8795 0.2795
vn -0.4928 0.8430 0.2155
vn -0.2755 0.6544 0.7041
vn -0.3932 0.5045 0.7687
vn -0.2601 0.7309 0.6310
vn -0.2948 0.8237 0.4843
vn -0.5136 0.4782 0.7124
vn -0.5968 0.4912 0.6345
vn -0.4850 0.6255 0.6112
vn -0.3463 0.6850 0.6410
vn -0.6564 0.4489 0.6064
vn -0.7027 0.3949 0.5918
vn -0.6937 0.3988 0.5997
vn -0.6088 0.5189 0.6001
vn -0.5651 0.2465 0.7874
vn -0.5346 0.4592 0.7095
vn -0.6552 0.2497 0.7130
vn -0.5535 0.1737 0.8145
vn -0.5365 0.1188 0.8355
vn -0.4991 0.1955 0.8442
vn -0.5587 0.3302 0.7608
vn -0.5249 0.7930 0.3092
vn -0.5744 0.5560 0.6007
vn -0.4546 0.8686 0.1973
vn -0.4461 0.8886 0.1068
vn -0.3751 0.6272 0.6826
vn -0.4298 0.7315 0.5293
vn -0.5705 0.6236 0.5345
vn -0.4885 0.6254 0.6085
vn -0.6820 0.4439 0.5812
vn -0.6222 0.5589 0.5483
vn -0.5678 0.8051 0.1713
vn -0.4562 0.8862 0.0815
vn -0.2726 0.9561 0.1080
vn -0.2964 0.9412 0.1624
vn -0.5422 0.1618 0.8245
vn -0.6490 0.5906 0.4796
vn -0.4744 0.3325 0.8151
vn -0.4469 -0.0133 0.8945
vn -0.5222 -0.0321 0.8522
vn -0.6275 -0.3104 0.7140
vn -0.6138 0.0851 0.7848
vn -0.6441 -0.3568 0.6766
vn -0.7049 -0.0490 0.7076
vn -0.5298 -0.2958 0.7949
vn -0.5204 -0.4790 0.7069
vn 0.1387 0.9470 0.2898
vn 0.0047 0.9609 0.2770
vn -0.0134 0.9888 0.1488
vn 0.1653 0.9734 0.1588
vn -0.2231 -0.3955 0.8910
vn -0.2395 -0.5674 0.7879
vn -0.6756 0.2842 0.6802
vn -0.5739 -0.0386 0.8180
vn -0.7874 -0.4376 0.4342
vn -0.8558 -0.2491 0.4534
vn -0.7752 -0.0638 0.6285
vn -0.7651 -0.4345 0.4753
vn -0.4098 -0.6505 0.6395
vn -0.4657 -0.4064 0.7861
vn -0.8219 -0.1570 0.5475
vn -0.8822 0.0435 0.4689
vn -0.8195 0.3337 0.4659
vn -0.5826 0.7741 0.2475
vn -0.3846 0.8990 0.2094
vn -0.7223 0.6034 0.3379
vn -0.7193 0.5496 0.4250
vn -0.8336 0.3179 0.4517
vn -0.8004 0.1360 0.5838
vn -0.7081 0.3962 0.5845
vn -0.4679 0.1289 0.8744
vn -0.4851 -0.1299 0.8647
vn -0.2016 -0.2366 0.9504
vn -0.1645 -0.0180 0.9862
vn -0.5656 0.7299 0.3839
vn 0.1520 0.9621 0.2263
vn -0.1116 0.9749 0.1924
vn -0.1706 0.9522 0.2533
vn 0.1349 0.9420 0.3073
vn -0.6547 0.4781 0.5855
vn -0.4353 0.2416 0.8673
vn -0.1406 0.1025 0.9847
vn -0.5858 -0.5766 0.5695
vn -0.5376 -0.6271 0.5637
vn -0.4294 -0.6841 0.5896
vn -0.2396 -0.6757 0.6971
vn -0.1011 0.2791 0.9549
vn -0.3880 0.3808 0.8393
vn -0.5835 0.4441 0.6799
vn -0.2474 0.8277 0.5036
vn 0.0442 0.7619 0.6462
vn -0.5096 0.7762 0.3713
vn -0.0430 0.8212 0.5691
vn 0.0551 0.7890 0.6119
vn -0.0209 0.5739 0.8187
vn -0.1192 0.6059 0.7865
vn -0.3485 0.6174 0.7053
vn -0.3447 0.8369 0.4251
vn -0.3847 0.2698 0.8827
vn -0.3604 0.4211 0.8324
vn -0.2333 0.2802 0.9312
vn -0.1735 0.4395 0.8813
vn -0.1067 0.2553 0.9610
vn -0.0667 0.4148 0.9075
vn -0.5838 -0.2952 0.7563
vn -0.5593 -0.5607 0.6105
vn -0.6446 -0.2506 0.7223
vn -0.7682 0.1319 0.6265
vn -0.8598 -0.1579 0.4855
vn -0.6649 -0.4329 0.6087
vn -0.8351 0.3153 0.4508
vn -0.9652 0.0297 0.2599
vn -0.5224 0.1917 0.8309
vn -0.5880 0.2177 0.7790
vn -0.3997 0.2176 0.8904
vn -0.4629 0.1973 0.8642
vn -0.2703 0.2213 0.9370
vn -0.1198 0.1987 0.9727
vn -0.1277 0.1630 0.9783
vn -0.3002 0.1842 0.9359
vn -0.6929 0.3768 0.6147
vn -0.6512 0.2161 0.7275
vn -0.5727 0.2109 0.7922
vn -0.6069 0.3884 0.6934
vn -0.4235 0.1888 0.8860
vn -0.4284 0.3499 0.8331
vn -0.5200 0.3685 0.7706
vn -0.4920 0.1962 0.8482
vn -0.2849 0.3568 0.8897
vn -0.0867 0.3376 0.9373
vn -0.8413 0.1708 0.5128
vn -0.8074 0.1662 0.5662
vn -0.8436 0.2041 0.4967
vn -0.9040 0.1233 0.4094
vn -0.7748 0.3130 0.5492
vn -0.7497 0.1873 0.6348
vn -0.9395 0.1650 0.3003
vn -0.8329 0.3291 0.4449
vn -0.7060 0.2293 0.6701
vn -0.7035 0.5007 0.5043
vn -0.6664 0.5728 0.4773
vn -0.5991 -0.0014 0.8007
vn -0.5530 0.3260 0.7667
vn -0.6506 0.4398 0.6191
vn -0.6723 0.5308 0.5160
vn -0.9602 0.2651 -0.0879
vn -0.8760 0.4401 0.1975
vn -0.8355 0.4558 0.3068
vn -0.9618 0.2444 0.1236
vn -0.6207 -0.6395 -0.4535
vn -0.5747 -0.6161 -0.5386
vn -0.4397 -0.7462 -0.4999
vn -0.4450 -0.8177 -0.3651
vn -0.8831 -0.1965 -0.4261
vn -0.8028 -0.2937 -0.5189
vn -0.7069 -0.4129 -0.5744
vn -0.7980 -0.3768 -0.4703
vn -0.8637 -0.2990 -0.4059
vn -0.8919 -0.2361 -0.3857
vn -0.8771 -0.2460 -0.4126
vn -0.8885 -0.1909 -0.4172
vn -0.9593 0.1322 -0.2493
vn -0.8590 0.4364 -0.2678
vn -0.8373 0.5168 -0.1785
vn -0.9578 0.2096 -0.1967
vn -0.3563 0.9298 -0.0925
vn -0.6100 0.7840 -0.1152
vn -0.6494 0.7300 -0.2131
vn -0.4894 0.8371 -0.2445
vn -0.2568 0.8248 -0.5038
vn -0.0381 0.9759 -0.2148
vn -0.0405 0.6734 -0.7382
vn 0.2802 0.6843 -0.6732
vn 0.0165 0.3959 -0.9181
vn 0.3045 0.3219 -0.8965
vn 0.1647 -0.0304 -0.9859
vn -0.0547 0.0781 -0.9954
vn -0.1792 -0.1924 -0.9648
vn -0.3128 -0.4452 -0.8390
vn -0.1124 -0.4897 -0.8646
vn 0.0177 -0.2938 -0.9557
vn -0.3355 -0.6213 -0.7081
vn -0.3654 -0.6402 -0.6757
vn -0.9916 0.1138 -0.0619
vn -0.9941 -0.0703 -0.0824
vn -0.9913 -0.0016 0.1313
vn -0.9679 0.1216 0.2201
vn -0.8782 -0.2671 -0.3968
vn -0.8794 0.4761 0.0009
vn -0.8736 0.3890 0.2924
vn -0.9853 -0.0506 -0.1632
vn -0.9993 -0.0353 0.0154
vn -0.9660 -0.2263 -0.1254
vn -0.9440 -0.1878 -0.2713
vn -0.6782 0.7321 0.0641
vn -0.7418 0.5898 0.3192
vn -0.6736 0.6417 0.3667
vn -0.5884 0.8032 0.0933
vn -0.5911 0.6440 0.4857
vn -0.5000 0.8265 0.2587
vn -0.3511 0.8634 0.3622
vn -0.4851 0.6318 0.6046
vn -0.3663 0.6304 0.6844
vn -0.2333 0.8695 0.4354
vn -0.2135 0.6264 0.7497
vn -0.0944 0.8588 0.5035
vn -0.0108 0.6058 0.7955
vn 0.0728 0.8302 0.5526
vn -0.3102 0.9499 0.0379
vn -0.4454 0.8946 -0.0361
vn -0.1667 0.9805 0.1045
vn -0.0709 0.9843 0.1618
vn 0.0142 0.9699 0.2430
vn 0.1418 0.9511 0.2744
vn -0.3314 0.9071 -0.2595
vn -0.1664 0.8696 -0.4649
vn 0.0794 0.6952 -0.7144
vn 0.1335 0.4176 -0.8988
vn 0.0623 0.0626 -0.9961
vn -0.1494 0.9720 -0.1811
vn 0.0809 0.9962 -0.0320
vn -0.0357 0.9958 -0.0848
vn 0.1040 0.9926 0.0627
vn 0.1834 0.9814 0.0572
vn -0.0491 0.9289 -0.3671
vn 0.1509 0.9756 -0.1595
vn 0.0589 0.9704 -0.2343
vn 0.2424 0.6066 -0.7571
vn 0.2234 0.3967 -0.8903
vn 0.1717 0.0563 -0.9835
vn 0.0977 0.8381 -0.5368
vn 0.1477 0.9317 -0.3320
vn 0.2252 0.9434 -0.2434
vn 0.2454 0.8187 -0.5191
vn -0.0409 -0.1970 -0.9795
vn -0.1580 -0.4771 -0.8645
vn 0.1156 -0.2171 -0.9693
vn 0.0363 -0.5229 -0.8516
vn -0.2329 -0.6889 -0.6864
vn -0.0361 -0.7410 -0.6705
vn -0.2732 -0.8477 -0.4547
vn -0.2925 -0.9104 -0.2927
vn -0.3222 -0.9433 -0.0804
vn -0.4519 -0.8817 -0.1360
vn -0.4861 -0.8692 0.0905
vn -0.4430 -0.8874 0.1277
vn -0.4746 -0.7811 0.4058
vn -0.5142 -0.7852 0.3450
vn -0.1079 -0.9007 -0.4208
vn -0.1455 -0.9598 -0.2400
vn -0.1651 -0.9813 -0.0993
vn -0.2759 -0.9609 0.0238
vn -0.3841 -0.9159 0.1168
vn -0.1680 -0.9852 0.0342
vn -0.3915 -0.8722 0.2932
vn -0.1920 -0.9102 0.3671
vn -0.2210 -0.8295 0.5130
vn -0.8267 -0.3545 -0.4370
vn -0.9183 -0.0942 -0.3844
vn -0.6173 -0.7278 -0.2987
vn -0.6057 -0.7896 -0.0981
vn -0.8971 -0.3789 -0.2274
vn -0.8821 -0.1062 -0.4589
vn -0.7611 -0.5429 -0.3550
vn -0.9363 0.0616 -0.3459
vn -0.6025 -0.7665 0.2224
vn -0.7555 -0.6538 0.0424
vn -0.5435 -0.7442 0.3884
vn -0.6472 -0.6122 0.4543
vn -0.8002 -0.5101 0.3153
vn -0.9322 -0.3380 0.1294
vn -0.2326 -0.9724 -0.0203
vn -0.1355 -0.9894 -0.0518
vn -0.3658 -0.9241 0.1107
vn -0.3576 -0.8955 0.2649
vn -0.1617 -0.9302 0.3296
vn -0.6363 -0.6168 0.4634
vn -0.1097 -0.6904 0.7150
vn -0.7878 -0.6149 -0.0364
vn -0.0277 -0.6618 -0.7492
vn -0.5041 -0.6375 -0.5827
vn 0.0320 -0.1261 -0.9915
vn -0.5158 -0.0389 -0.8559
vn -0.9765 0.1853 -0.1099
vn -0.7015 0.2134 0.6800
vn -0.0369 0.1486 0.9882
vn -0.8278 -0.2119 -0.5195
vn -0.8638 -0.2291 -0.4488
vn -0.7084 -0.1950 -0.6784
vn -0.7374 -0.1326 -0.6623
vn -0.8434 -0.1537 -0.5148
vn -0.6664 -0.7395 -0.0954
vn -0.7027 0.1148 0.7021
vn -0.4320 -0.0334 0.9012
vn -0.1662 -0.0271 0.9857
vn -0.6674 -0.6521 0.3595
vn -0.3267 -0.8371 0.4387
vn -0.2421 -0.8618 0.4458
vn -0.2465 -0.6872 0.6834
vn -0.7383 0.2155 0.6391
vn -0.7805 -0.0827 0.6197
vn -0.5132 -0.4420 0.7357
vn -0.2454 -0.6506 0.7187
vn -0.7864 0.3032 0.5382
vn -0.6957 0.3946 0.6002
vn -0.3701 0.6266 0.6859
vn -0.1039 0.7327 0.6726
vn 0.1254 0.8077 0.5762
vn 0.4261 0.8600 0.2807
vn 0.5845 0.8108 0.0316
vn 0.7281 0.5423 -0.4193
vn 0.6910 0.3323 -0.6420
vn 0.6427 0.1770 -0.7454
vn 0.5282 -0.0444 -0.8480
vn 0.3105 -0.3947 -0.8647
vn 0.1955 -0.4882 -0.8506
vn 0.0311 -0.6393 -0.7684
vn 0.0896 -0.5705 -0.8164
vn 0.4676 -0.1652 -0.8684
vn 0.3689 -0.3193 -0.8729
vn -0.9372 -0.3489 0.0052
vn -0.7510 -0.2422 -0.6142
vn -0.9319 -0.0773 -0.3544
vn -0.9145 0.1115 -0.3889
vn -0.5581 -0.3188 -0.7660
vn -0.9591 0.0924 0.2674
vn -0.9997 0.0040 0.0261
vn -0.9818 0.1164 -0.1499
vn -0.9520 0.1538 0.2648
vn -0.5676 -0.5728 0.5913
vn -0.9578 -0.2318 0.1700
vn -0.7366 0.1951 0.6475
vn -0.4881 0.2841 0.8252
vn -0.7783 0.2141 0.5902
vn -0.9778 -0.0451 0.2045
vn -0.9692 0.0578 0.2394
vn -0.7907 0.2642 0.5522
vn -0.9867 0.0394 0.1578
vn -0.7932 0.3084 0.5251
vn -0.8623 0.2473 0.4419
vn -0.8875 0.2004 0.4149
vn -0.9402 -0.1934 -0.2805
vn -0.9096 0.2360 0.3418
vn -0.8295 0.3469 0.4378
vn -0.8712 -0.1693 -0.4607
vn -0.8943 -0.1543 -0.4199
vn -0.8245 0.3626 0.4343
vn -0.6111 0.5392 0.5795
vn -0.9905 -0.0322 -0.1337
vn -0.9770 0.1866 0.1031
vn -0.1929 0.7757 0.6010
vn 0.4811 0.8286 0.2862
vn -0.9106 0.3488 0.2217
vn -0.8314 0.4031 0.3825
vn 0.7415 0.6697 -0.0424
vn 0.8333 0.4433 -0.3303
vn -0.7503 0.6170 0.2374
vn -0.6120 0.6800 -0.4038
vn 0.8275 0.2598 -0.4977
vn 0.7960 0.0861 -0.5991
vn -0.5682 0.4595 -0.6826
vn -0.6692 0.3042 -0.6780
vn 0.7429 -0.0762 -0.6650
vn 0.6812 -0.2289 -0.6954
vn -0.7576 0.1904 -0.6243
vn -0.8483 0.0803 -0.5234
vn 0.6438 -0.3151 -0.6973
vn 0.6261 -0.3744 -0.6840
vn -0.8717 -0.1545 -0.4650
vn -0.6841 0.4500 0.5740
vn -0.7221 0.4065 0.5597
vn -0.8132 -0.4742 -0.3375
vn -0.7646 -0.6355 -0.1074
vn -0.9079 -0.4179 -0.0323
vn -0.7980 0.2433 0.5514
vn -0.8547 0.2381 0.4612
vn -0.9229 -0.3703 -0.1052
vn 0.6412 -0.4659 -0.6098
vn 0.5988 -0.4679 -0.6500
vn 0.6811 -0.3955 -0.6162
vn 0.7074 -0.4123 -0.5740
vn -0.0001 -0.7504 -0.6610
vn -0.1100 -0.6852 -0.7200
vn 0.3560 -0.5804 -0.7324
vn 0.5156 -0.5410 -0.6644
vn -0.8482 -0.5290 0.0266
vn -0.8997 -0.4159 -0.1324
vn -0.6061 -0.6343 -0.4798
vn -0.5686 -0.7378 -0.3638
vn -0.8743 -0.1708 0.4543
vn -0.9190 -0.1056 0.3798
vn -0.9525 -0.2632 0.1533
vn -0.8973 -0.3295 0.2937
vn -0.7921 0.0880 0.6040
vn -0.8440 0.0816 0.5302
vn -0.8660 0.0413 0.4984
vn -0.8331 -0.0219 0.5526
vn -0.6869 0.3142 0.6554
vn -0.7122 0.3120 0.6288
vn -0.7734 0.2135 0.5969
vn -0.7300 0.2269 0.6447
vn -0.6188 0.4820 0.6203
vn -0.6254 0.4425 0.6428
vn -0.6905 0.3524 0.6316
vn -0.6728 0.3600 0.6463
vn 0.3175 -0.5882 -0.7438
vn 0.2160 -0.7267 -0.6521
vn 0.4566 -0.6572 -0.5997
vn 0.4794 -0.5685 -0.6686
vn 0.5726 -0.4912 -0.6564
vn 0.5687 -0.5194 -0.6378
vn 0.6206 -0.3686 -0.6921
vn 0.6364 -0.3121 -0.7054
vn 0.6822 -0.2088 -0.7007
vn 0.7449 -0.0597 -0.6645
vn 0.8049 0.1135 -0.5824
vn 0.8427 0.2902 -0.4536
vn 0.8308 0.5076 -0.2284
vn 0.6715 0.7288 0.1337
vn 0.3820 0.8099 0.4452
vn -0.1490 0.7171 0.6808
vn -0.4468 0.5674 0.6917
vn -0.6116 0.4605 0.6434
vn -0.6720 0.4106 0.6162
vn -0.4370 0.5210 0.7332
vn -0.4861 0.4833 0.7281
vn -0.5665 0.4619 0.6825
vn -0.5341 0.5517 0.6405
vn -0.5724 0.5073 0.6442
vn -0.5496 0.4799 0.6838
vn -0.6580 0.4026 0.6364
vn -0.1484 0.6904 0.7081
vn -0.3780 0.5798 0.7217
vn 0.4853 0.8200 0.3033
vn 0.2181 0.8121 0.5413
vn 0.8010 0.4271 -0.4196
vn 0.7251 0.6822 -0.0937
vn 0.6944 0.0084 -0.7196
vn 0.7632 0.1969 -0.6154
vn 0.5532 -0.2859 -0.7825
vn 0.6183 -0.1564 -0.7702
vn 0.1476 -0.5018 -0.8523
vn 0.2314 -0.5654 -0.7917
vn 0.3423 -0.5539 -0.7590
vn 0.4377 -0.4974 -0.7490
vn 0.5102 -0.3758 -0.7736
vn 0.5752 -0.4815 -0.6613
vn 0.3500 -0.5236 -0.7767
vn -0.4626 -0.2215 -0.8584
vn 0.3063 -0.3951 -0.8661
vn 0.3300 -0.4039 -0.8532
vn -0.7049 -0.1097 -0.7008
vn -0.3608 -0.3432 -0.8672
vn -0.9981 0.0379 -0.0482
vn -0.9671 0.1339 0.2164
vn -0.8023 -0.5884 -0.1010
vn -0.4793 0.1250 0.8687
vn -0.5822 0.3631 0.7274
vn -0.6754 -0.6169 0.4041
vn -0.9308 -0.3556 0.0849
vn 0.4181 -0.4992 -0.7589
vn 0.4407 -0.4854 -0.7551
vn 0.0845 -0.5363 -0.8398
vn -0.3920 -0.7224 -0.5697
vn 0.2789 -0.5893 -0.7583
vn -0.9159 -0.3467 0.2021
vn -0.8196 -0.5595 -0.1234
vn -0.8833 -0.1085 0.4561
vn -0.8998 -0.1999 0.3879
vn -0.8095 0.1149 0.5758
vn -0.8540 -0.0067 0.5202
vn -0.7262 0.3137 0.6117
vn -0.7545 0.2441 0.6092
vn -0.7276 0.3366 0.5978
vn 0.4899 -0.5133 -0.7047
vn 0.2223 -0.4278 0.8761
vn 0.5558 -0.3387 0.7592
vn 0.4955 -0.5355 0.6839
vn 0.1864 -0.6122 0.7685
vn -0.1409 -0.6186 0.7730
vn -0.5225 -0.5412 0.6589
vn -0.6250 -0.2817 0.7281
vn -0.1729 -0.4144 0.8935
vn -0.9927 -0.0658 0.1014
vn -0.8883 -0.1595 0.4306
vn -0.8111 -0.3869 0.4387
vn -0.9724 -0.1961 0.1266
vn -0.5415 0.2511 -0.8024
vn -0.1303 0.3436 -0.9300
vn -0.1351 0.3623 -0.9222
vn -0.4864 0.3430 -0.8036
vn -0.9827 -0.0402 -0.1810
vn -0.8512 0.1037 -0.5145
vn -0.8377 0.2396 -0.4908
vn -0.9861 0.0549 -0.1569
vn 0.6687 0.2755 -0.6906
vn 0.3014 0.3543 -0.8852
vn 0.3221 0.3632 -0.8743
vn 0.6831 0.3036 -0.6643
vn 0.8948 0.1992 -0.3996
vn 0.9910 0.0606 -0.1193
vn 0.9878 0.0475 -0.1483
vn 0.8833 0.1683 -0.4376
vn 0.8596 -0.1732 0.4807
vn 0.9901 -0.0539 0.1293
vn 0.9652 -0.1555 0.2103
vn 0.7865 -0.3734 0.4920
vn 0.8261 -0.2697 0.4948
vn 0.9652 -0.1982 0.1706
vn 0.9709 -0.0152 0.2389
vn 0.8199 0.0028 0.5725
vn 0.9939 -0.0624 -0.0910
vn 0.9800 -0.1450 -0.1366
vn 0.8997 -0.0919 -0.4266
vn 0.9055 -0.1178 -0.4077
vn 0.6965 -0.1664 -0.6980
vn 0.7024 -0.0161 -0.7116
vn 0.3542 0.0869 -0.9311
vn 0.3712 -0.1983 -0.9071
vn -0.0364 -0.2156 -0.9758
vn -0.1065 0.1664 -0.9803
vn -0.5263 0.1473 -0.8374
vn -0.4415 -0.2154 -0.8710
vn -0.7429 -0.2348 -0.6269
vn -0.8219 0.0053 -0.5696
vn -0.9515 -0.1885 -0.2434
vn -0.9157 -0.2921 -0.2760
vn -0.9354 -0.3532 0.0152
vn -0.9378 -0.3457 0.0335
vn -0.8032 -0.4703 0.3656
vn -0.8247 -0.4106 0.3890
vn -0.5684 -0.3756 0.7320
vn -0.5590 -0.5236 0.6429
vn -0.1804 -0.5081 0.8422
vn -0.2019 -0.2615 0.9439
vn 0.1733 -0.1379 0.9752
vn 0.1953 -0.4455 0.8737
vn 0.5517 -0.3580 0.7533
vn 0.5366 -0.0415 0.8428
vn 0.3974 -0.3697 -0.8399
vn 0.6963 -0.2656 -0.6668
vn 0.9151 -0.1291 -0.3820
vn 0.9988 0.0179 -0.0445
vn 0.9433 0.1464 0.2978
vn 0.7508 0.2365 0.6167
vn 0.4472 0.2534 0.8578
vn 0.0767 0.1885 0.9791
vn -0.2827 0.0478 0.9580
vn -0.6514 -0.1427 0.7452
vn -0.3271 -0.4677 -0.8211
vn 0.0567 -0.4384 -0.8970
vn -0.8686 -0.3967 -0.2969
vn -0.6416 -0.4467 -0.6235
vn -0.8914 -0.2768 0.3589
vn -0.9415 -0.3371 -0.0014
vn -0.0227 -0.9512 0.3078
vn 0.1064 -0.9700 0.2187
vn 0.0957 -0.9949 0.0312
vn -0.0197 -0.9998 0.0021
vn 0.5447 -0.5831 0.6027
vn 0.6886 -0.5028 0.5225
vn 0.7041 -0.5209 0.4827
vn 0.5513 -0.6177 0.5608
vn 0.8295 -0.3652 0.4225
vn 0.9366 -0.2167 0.2753
vn 0.9507 -0.2063 0.2314
vn 0.8567 -0.3640 0.3655
vn 0.9810 -0.1887 0.0440
vn 0.9263 -0.2674 -0.2654
vn 0.9444 -0.1914 -0.2672
vn 0.9884 -0.1472 0.0374
vn 0.7571 -0.3922 -0.5225
vn 0.5945 -0.5245 -0.6095
vn 0.6545 -0.4326 -0.6201
vn 0.7982 -0.3005 -0.5221
vn 0.4598 -0.6531 -0.6017
vn 0.3564 -0.7491 -0.5584
vn 0.3910 -0.6654 -0.6359
vn 0.5133 -0.5665 -0.6447
vn 0.1493 -0.8838 -0.4433
vn 0.0071 -0.9857 -0.1685
vn 0.1100 -0.9847 -0.1352
vn 0.1279 -0.9362 -0.3274
vn 0.2268 -0.7467 -0.6253
vn 0.2583 -0.8259 -0.5012
vn 0.1053 -0.8933 -0.4369
vn -0.0042 -0.8081 -0.5891
vn 0.3266 -0.7439 0.5831
vn 0.4424 -0.6483 0.6197
vn 0.4559 -0.6518 0.6060
vn 0.2819 -0.7044 0.6514
vn 0.1397 -0.8504 0.5073
vn -0.0218 -0.7737 0.6332
vn 0.2328 -0.5904 0.7728
vn -0.0190 -0.6058 0.7954
vn 0.4213 -0.5445 0.7253
vn 0.1898 -0.4208 0.8871
vn 0.1789 -0.2410 0.9539
vn -0.0186 -0.2510 0.9678
vn -0.0199 -0.4207 0.9070
vn 0.3980 -0.3922 0.8293
vn 0.3994 -0.1955 0.8957
vn 0.7772 -0.2127 0.5922
vn 0.7865 -0.0430 0.6160
vn 0.6090 -0.1365 0.7813
vn 0.5875 -0.3299 0.7389
vn 0.7441 -0.3900 0.5424
vn 0.5657 -0.4993 0.6563
vn 0.9785 -0.0113 0.2059
vn 0.9719 0.0937 0.2158
vn 0.9153 0.0423 0.4006
vn 0.9189 -0.0896 0.3843
vn 0.9695 -0.1285 0.2087
vn 0.8962 -0.2461 0.3692
vn 0.9644 0.0298 -0.2627
vn 0.9514 0.1835 -0.2473
vn 0.9890 0.1467 0.0163
vn 0.9994 0.0314 0.0167
vn 0.9602 -0.0938 -0.2630
vn 0.9967 -0.0754 0.0287
vn 0.8557 -0.0326 -0.5165
vn 0.7327 -0.1165 -0.6705
vn 0.7254 0.1364 -0.6747
vn 0.8488 0.1744 -0.4992
vn 0.7065 -0.2923 -0.6445
vn 0.8362 -0.1808 -0.5178
vn 0.3887 -0.4996 -0.7741
vn 0.5521 -0.4063 -0.7281
vn 0.0020 -0.6321 -0.7749
vn 0.2076 -0.5970 -0.7749
vn 0.1763 0.0132 -0.9843
vn 0.1957 -0.3419 -0.9192
vn 0.0059 -0.3619 -0.9322
vn 0.0162 0.0015 -0.9999
vn 0.5679 -0.2017 -0.7980
vn 0.3772 -0.2718 -0.8853
vn 0.3484 0.0590 -0.9355
vn 0.5525 0.0946 -0.8281
vn -0.0161 -0.0736 0.9972
vn 0.2074 -0.0427 0.9773
vn 0.2273 0.2941 0.9283
vn -0.0128 0.2367 0.9715
vn 0.4154 0.0149 0.9095
vn 0.3994 0.3372 0.8525
vn 0.5778 0.3400 0.7420
vn 0.6171 0.0436 0.7856
vn 0.7847 0.0644 0.6165
vn 0.7300 0.3388 0.5936
vn 0.9098 0.0858 0.4060
vn 0.9675 0.1263 0.2192
vn 0.8808 0.4099 0.2371
vn 0.8538 0.3455 0.3894
vn 0.9740 0.2259 0.0190
vn 0.9185 0.3306 -0.2172
vn 0.6990 0.7117 -0.0694
vn 0.8254 0.5609 0.0642
vn 0.8013 0.3941 -0.4501
vn 0.6689 0.4132 -0.6180
vn 0.4868 0.7767 -0.3998
vn 0.5620 0.7858 -0.2583
vn 0.4957 0.4194 -0.7605
vn 0.2995 0.4157 -0.8588
vn 0.2301 0.7368 -0.6358
vn 0.3646 0.7555 -0.5443
vn 0.1263 0.7172 -0.6853
vn 0.1525 0.3975 -0.9048
vn 0.0293 0.3908 -0.9200
vn 0.0394 0.7070 -0.7061
vn 0.5915 0.5582 0.5818
vn 0.7199 0.5023 0.4790
vn 0.6120 0.6008 0.5144
vn 0.5214 0.6416 0.5626
vn 0.2498 0.6376 0.7288
vn 0.4414 0.6024 0.6651
vn 0.3820 0.6915 0.6132
vn 0.2297 0.7242 0.6502
vn 0.0326 0.7433 0.6681
vn 0.0293 0.6595 0.7511
vn 0.2786 -0.0106 0.9604
vn 0.2598 0.1776 0.9492
vn -0.0024 0.1768 0.9842
vn -0.0198 0.0107 0.9997
vn 0.4918 0.2042 0.8464
vn 0.5055 0.0027 0.8628
vn 0.8048 0.2878 0.5191
vn 0.6588 0.2408 0.7127
vn 0.6577 0.0494 0.7517
vn 0.8391 0.0791 0.5381
vn 0.9491 0.1121 0.2942
vn 0.9946 0.1037 0.0094
vn 0.9483 0.3174 0.0025
vn 0.9114 0.3252 0.2520
vn 0.8364 0.3207 -0.4445
vn 0.9277 0.2983 -0.2244
vn 0.9729 0.1061 -0.2056
vn 0.8752 0.1436 -0.4620
vn 0.7859 0.1623 -0.5967
vn 0.6366 0.1734 -0.7515
vn 0.5969 0.4129 -0.6880
vn 0.7289 0.3702 -0.5759
vn 0.4037 0.5054 -0.7626
vn 0.4936 0.4525 -0.7427
vn 0.5466 0.1565 -0.8226
vn 0.4490 0.1177 -0.8858
vn 0.0411 0.5822 -0.8120
vn 0.2388 0.5565 -0.7958
vn 0.2663 0.0689 -0.9614
vn 0.0155 0.0516 -0.9985
vn 0.8092 0.4437 0.3852
vn 0.8795 0.3990 0.2595
vn 0.7340 0.5026 0.4567
vn 0.6677 0.5578 0.4930
vn 0.9366 0.3502 -0.0088
vn 0.9435 0.3305 -0.0226
vn 0.9253 0.3471 0.1526
vn 0.8858 0.3971 0.2402
vn 0.8462 0.2024 -0.4929
vn 0.8932 0.1375 -0.4281
vn 0.9410 0.2787 -0.1919
vn 0.9288 0.2918 -0.2282
vn 0.5315 0.0626 -0.8448
vn 0.4969 0.0971 -0.8623
vn 0.3517 0.0836 -0.9324
vn 0.3172 0.0466 -0.9472
vn 0.5096 0.1618 -0.8451
vn 0.4111 0.1282 -0.9025
vn 0.3615 0.1384 -0.9221
vn 0.3921 0.1727 -0.9036
vn 0.2818 0.1852 -0.9414
vn 0.2439 0.1358 -0.9602
vn 0.1315 0.1378 -0.9817
vn 0.1625 0.1959 -0.9671
vn 0.0227 0.2126 -0.9769
vn 0.0192 0.1528 -0.9881
vn 0.4664 0.6862 0.5582
vn 0.5181 0.6364 0.5714
vn 0.4531 0.7241 0.5200
vn 0.4546 0.7000 0.5507
vn 0.3090 0.7910 0.5281
vn 0.1816 0.8316 0.5248
vn 0.0312 0.7860 0.6174
vn 0.0255 0.2477 -0.9685
vn -0.0930 0.1495 -0.9844
vn 0.2454 0.2154 -0.9452
vn 0.2384 0.2032 -0.9497
vn 0.2750 0.2107 -0.9381
vn 0.2765 0.4716 0.8373
vn 0.0186 0.4905 0.8713
vn 0.4948 0.4533 0.7414
vn 0.7843 0.4227 0.4542
vn 0.6506 0.4400 0.6190
vn 0.7243 0.0603 -0.6868
vn 0.7014 0.1885 -0.6874
vn 0.5658 0.2187 -0.7950
vn 0.3502 0.2994 -0.8875
vn 0.4477 0.2467 -0.8595
vn 0.1992 0.3472 -0.9164
vn 0.0311 0.3770 -0.9257
vn 0.2348 -0.2027 0.9507
vn -0.0219 -0.1853 0.9824
vn -0.0247 -0.3000 0.9536
vn 0.2473 -0.3114 0.9175
vn 0.4355 -0.3117 0.8445
vn 0.4362 -0.2181 0.8730
vn 0.6018 -0.2948 0.7422
vn 0.7618 -0.2646 0.5913
vn 0.7511 -0.2417 0.6143
vn 0.5981 -0.2301 0.7676
vn 0.8984 -0.1944 0.3937
vn 0.9826 -0.0391 0.1815
vn 0.9697 -0.1742 0.1710
vn 0.8796 -0.2443 0.4081
vn 0.9653 0.2597 -0.0261
vn 0.9960 0.0565 -0.0699
vn 0.7873 0.5949 -0.1618
vn 0.8739 0.4098 -0.2615
vn 0.5068 0.8371 -0.2061
vn 0.6191 0.7054 -0.3452
vn 0.3821 0.8911 -0.2446
vn 0.4809 0.7916 -0.3769
vn 0.3212 0.8739 -0.3650
vn 0.2596 0.7991 -0.5423
vn 0.3059 0.6803 -0.6660
vn 0.3941 0.7742 -0.4953
vn 0.0364 0.4846 -0.8740
vn 0.1865 0.5444 -0.8178
vn 0.1676 0.6862 -0.7078
vn 0.0389 0.6238 -0.7806
vn 0.1449 -0.9092 0.3903
vn 0.1072 -0.7835 0.6121
vn 0.7036 -0.3349 -0.6267
vn 0.9166 -0.1968 -0.3479
vn 0.9992 -0.0370 -0.0140
vn 0.9387 0.1094 0.3268
vn 0.7418 0.2215 0.6330
vn 0.4360 0.2908 0.8517
vn 0.0742 0.2835 0.9561
vn -0.2817 0.1808 0.9423
vn -0.6558 -0.0510 0.7532
vn -0.8895 -0.2952 0.3488
vn -0.8813 -0.4726 -0.0043
vn -0.7636 -0.5654 -0.3119
vn -0.4993 -0.6020 -0.6231
vn -0.1837 -0.5905 -0.7858
vn 0.1637 -0.5211 -0.8377
vn 0.4382 -0.4368 -0.7856
vn 0.9667 -0.1623 -0.1978
vn 0.8816 -0.0278 -0.4713
vn 0.6539 0.1597 -0.7395
vn 0.2743 0.3467 -0.8970
vn -0.1552 0.4347 -0.8871
vn -0.5248 0.3829 -0.7602
vn -0.8184 0.1975 -0.5397
vn -0.9686 -0.0618 -0.2407
vn -0.9655 -0.2599 0.0176
vn -0.8493 -0.4161 0.3248
vn -0.6277 -0.5170 0.5819
vn -0.2332 -0.5726 0.7860
vn 0.1617 -0.5570 0.8146
vn 0.5353 -0.4957 0.6839
vn 0.8192 -0.3952 0.4156
vn 0.9566 -0.2766 0.0914
vn 0.2215 0.8809 0.4182
vn 0.3355 0.8303 0.4450
vn 0.2071 0.9678 0.1429
vn 0.0866 0.9832 0.1607
vn 0.0230 0.9884 -0.1504
vn 0.1548 0.9758 -0.1543
vn 0.2068 0.8890 -0.4086
vn 0.0167 0.9062 -0.4225
vn 0.2801 0.6220 -0.7312
vn 0.1004 0.6007 -0.7932
vn 0.9103 0.3733 -0.1790
vn 0.9041 0.4196 -0.0813
vn 0.9056 0.2311 -0.3557
vn 0.9258 0.3777 -0.0181
vn 0.9139 0.3826 0.1358
vn 0.8058 0.4574 0.3761
vn 0.6670 0.5584 0.4933
vn 0.5153 0.7565 0.4026
vn 0.3888 0.9086 0.1525
vn 0.3402 0.9282 -0.1505
vn 0.4606 0.7667 -0.4472
vn 0.5720 0.4458 -0.6885
vn 0.4642 0.2208 -0.8578
vn 0.4578 0.0862 -0.8849
vn 0.6549 0.0742 -0.7521
vn 0.8163 0.1501 -0.5577
vn 0.2237 -0.4105 0.8840
vn 0.4102 -0.2213 0.8848
vn 0.6298 -0.1365 0.7647
vn 0.8165 -0.0977 0.5691
vn 0.9440 -0.0758 0.3211
vn 0.9881 -0.1529 0.0176
vn 0.9131 -0.2784 -0.2978
vn 0.7248 -0.3995 -0.5614
vn 0.5198 -0.5111 -0.6845
vn 0.3421 -0.6293 -0.6978
vn 0.1965 -0.7793 -0.5950
vn -0.0201 -0.9788 0.2038
vn -0.0210 -0.9996 0.0214
vn -0.0234 -0.9891 -0.1457
vn -0.0157 -0.9477 -0.3187
vn -0.0137 -0.9377 0.3473
vn -0.0147 0.6679 -0.7441
vn -0.0266 0.3790 -0.9250
vn -0.0877 0.3244 -0.9418
vn -0.1054 0.6120 -0.7838
vn -0.0856 0.8473 -0.5241
vn 0.0020 0.8804 -0.4742
vn -0.0625 0.9884 -0.1387
vn 0.0140 0.9934 -0.1141
vn 0.0234 0.9672 0.2530
vn -0.0153 0.9710 0.2384
vn 0.0367 0.7978 0.6018
vn 0.0367 0.7861 0.6170
vn 0.0801 0.5005 0.8620
vn 0.0483 0.5136 0.8566
vn 0.1856 0.1486 0.9713
vn 0.0805 0.1537 0.9848
vn 0.4023 -0.1964 0.8942
vn 0.1531 -0.2266 0.9619
vn 0.6078 -0.4459 0.6571
vn 0.2667 -0.5575 0.7862
vn 0.6862 -0.6342 0.3564
vn 0.2854 -0.8303 0.4788
vn 0.1536 -0.9878 -0.0259
vn 0.6177 -0.7855 -0.0386
vn 0.0931 -0.8784 -0.4688
vn 0.4325 -0.7896 -0.4354
vn 0.0263 -0.6491 -0.7603
vn 0.2206 -0.6201 -0.7528
vn 0.0027 -0.3433 -0.9392
vn 0.0739 -0.3733 -0.9248
vn -0.0175 -0.0770 -0.9969
vn -0.0112 -0.0143 -0.9998
vn -0.2210 -0.9571 -0.1875
vn -0.1786 -0.9646 -0.1942
vn -0.1792 -0.9645 -0.1939
vn -0.2163 -0.9583 -0.1867
vn -0.1522 -0.9591 -0.2385
vn -0.1582 -0.9632 -0.2171
vn -0.1571 -0.9627 -0.2203
vn -0.1518 -0.9585 -0.2414
vn -0.1516 -0.9557 -0.2524
vn -0.1515 -0.9518 -0.2667
vn -0.1511 -0.9521 -0.2657
vn -0.1516 -0.9560 -0.2511
vn -0.1594 -0.9251 -0.3446
vn -0.1334 -0.9390 -0.3169
vn -0.1323 -0.9402 -0.3140
vn -0.1319 -0.9486 -0.2878
vn -0.1461 -0.9514 -0.2711
vn -0.1477 -0.9510 -0.2715
vn -0.1340 -0.9497 -0.2831
vn -0.2045 -0.9076 -0.3666
vn -0.2387 -0.8978 -0.3701
vn -0.2370 -0.8981 -0.3706
vn -0.2013 -0.9087 -0.3656
vn -0.2841 -0.9030 -0.3223
vn -0.2575 -0.8946 -0.3652
vn -0.2582 -0.8945 -0.3650
vn -0.2810 -0.9013 -0.3297
vn -0.2909 -0.9193 -0.2649
vn -0.2648 -0.9405 -0.2129
vn -0.2578 -0.9440 -0.2061
vn -0.2876 -0.9238 -0.2528
vn -0.8990 -0.2391 0.3668
vn -0.8816 -0.0256 0.4713
vn -0.9921 0.0153 0.1246
vn -0.9910 -0.1297 0.0324
vn -0.9788 0.0128 -0.2045
vn -0.8585 -0.0024 -0.5128
vn -0.8410 0.0175 -0.5408
vn -0.9623 -0.0502 -0.2674
vn -0.6187 -0.0167 -0.7854
vn -0.2620 -0.0363 -0.9644
vn -0.2158 0.1706 -0.9614
vn -0.6012 0.0933 -0.7936
vn 0.1757 -0.0718 -0.9818
vn 0.5732 -0.1155 -0.8112
vn 0.6533 0.1417 -0.7438
vn 0.2575 0.2032 -0.9447
vn 0.8232 -0.1945 -0.5334
vn 0.9336 -0.3114 -0.1773
vn 0.9639 -0.2385 -0.1183
vn 0.8940 -0.0263 -0.4474
vn 0.9063 -0.4108 0.0995
vn 0.7427 -0.5027 0.4424
vn 0.7157 -0.5461 0.4354
vn 0.9018 -0.4101 0.1364
vn 0.4447 -0.4918 0.7486
vn 0.0583 -0.3843 0.9214
vn 0.0375 -0.5749 0.8173
vn 0.4346 -0.6027 0.6692
vn -0.3055 -0.2529 0.9180
vn -0.6402 -0.1176 0.7591
vn -0.6668 -0.3698 0.6470
vn -0.3331 -0.4897 0.8058
vn -0.3166 -0.1903 -0.9293
vn -0.6421 -0.1101 -0.7587
vn -0.8810 -0.0163 -0.4728
vn -0.9883 0.0764 -0.1318
vn -0.8078 0.1724 0.5636
vn -0.9640 0.1462 0.2222
vn -0.1999 0.0337 0.9792
vn -0.5392 0.1378 0.8308
vn 0.1503 -0.1152 0.9819
vn 0.5368 -0.2911 0.7919
vn 0.0662 -0.2655 -0.9618
vn 0.4634 -0.3244 -0.8246
vn 0.7346 -0.3604 -0.5749
vn 0.8967 -0.3836 -0.2209
vn 0.9194 -0.3859 0.0754
vn 0.8211 -0.3799 0.4260
vn -0.0437 -0.9655 0.2568
vn -0.0016 -0.9999 -0.0118
vn -0.1349 -0.9909 0.0017
vn -0.1446 -0.9715 0.1881
vn -0.6007 -0.5758 0.5546
vn -0.6064 -0.5892 0.5340
vn -0.7583 -0.4803 0.4409
vn -0.7416 -0.4815 0.4670
vn -0.8705 -0.3391 0.3566
vn -0.8951 -0.3200 0.3106
vn -0.9695 -0.1725 0.1743
vn -0.9583 -0.1950 0.2091
vn -0.9858 -0.1675 -0.0129
vn -0.9924 -0.1223 -0.0116
vn -0.9393 -0.1694 -0.2983
vn -0.9202 -0.2467 -0.3040
vn -0.7559 -0.3765 -0.5355
vn -0.7948 -0.2813 -0.5377
vn -0.6593 -0.4112 -0.6294
vn -0.6091 -0.5105 -0.6070
vn -0.4848 -0.6405 -0.5956
vn -0.5251 -0.5464 -0.6525
vn -0.4058 -0.6474 -0.6451
vn -0.3908 -0.7310 -0.5593
vn -0.1336 -0.8643 -0.4850
vn -0.1628 -0.9278 -0.3358
vn -0.1531 -0.9750 -0.1613
vn -0.0212 -0.9706 -0.2397
vn -0.2385 -0.7378 -0.6314
vn -0.1265 -0.8896 -0.4389
vn -0.2914 -0.8122 -0.5054
vn -0.3708 -0.7496 0.5483
vn -0.3227 -0.6975 0.6398
vn -0.5013 -0.6365 0.5862
vn -0.4906 -0.6526 0.5775
vn -0.1690 -0.8561 0.4883
vn -0.2714 -0.5816 0.7669
vn -0.4657 -0.5224 0.7142
vn -0.2291 -0.4087 0.8834
vn -0.2148 -0.2294 0.9494
vn -0.4358 -0.1720 0.8835
vn -0.4408 -0.3649 0.8201
vn -0.8124 -0.1658 0.5591
vn -0.6323 -0.2896 0.7185
vn -0.6435 -0.1024 0.7585
vn -0.8117 -0.0044 0.5840
vn -0.6172 -0.4640 0.6355
vn -0.7898 -0.3455 0.5068
vn -0.9863 0.0267 0.1626
vn -0.9385 -0.0453 0.3424
vn -0.9284 0.0815 0.3626
vn -0.9755 0.1319 0.1761
vn -0.9253 -0.2006 0.3218
vn -0.9829 -0.0919 0.1597
vn -0.9531 0.0680 -0.2949
vn -0.9975 0.0676 -0.0220
vn -0.9824 0.1854 -0.0215
vn -0.9333 0.2240 -0.2806
vn -0.9988 -0.0467 -0.0145
vn -0.9539 -0.0651 -0.2930
vn -0.8389 0.0076 -0.5443
vn -0.8220 0.2146 -0.5275
vn -0.6945 0.1737 -0.6982
vn -0.7150 -0.0765 -0.6949
vn -0.8275 -0.1500 -0.5411
vn -0.7006 -0.2584 -0.6651
vn -0.5486 -0.3751 -0.7472
vn -0.3872 -0.4745 -0.7905
vn -0.2074 -0.5843 -0.7846
vn -0.1433 0.0230 -0.9894
vn -0.1823 -0.3276 -0.9271
vn -0.5506 -0.1666 -0.8180
vn -0.5190 0.1247 -0.8456
vn -0.3134 0.0787 -0.9463
vn -0.3606 -0.2464 -0.8996
vn -0.2366 -0.0305 0.9711
vn -0.2476 0.2866 0.9255
vn -0.4427 0.0371 0.8959
vn -0.4193 0.3277 0.8466
vn -0.5889 0.3324 0.7367
vn -0.7508 0.3396 0.5666
vn -0.8042 0.1015 0.5856
vn -0.6425 0.0747 0.7626
vn -0.9690 0.1690 0.1805
vn -0.9206 0.1268 0.3692
vn -0.8602 0.3464 0.3743
vn -0.8891 0.4156 0.1915
vn -0.8951 0.3689 -0.2505
vn -0.9635 0.2672 -0.0189
vn -0.8251 0.5631 0.0447
vn -0.6826 0.7210 -0.1189
vn -0.6264 0.4430 -0.6413
vn -0.7659 0.4281 -0.4797
vn -0.5429 0.7908 -0.2826
vn -0.4357 0.7843 -0.4416
vn -0.2443 0.4285 -0.8699
vn -0.4458 0.4420 -0.7784
vn -0.3123 0.7606 -0.5691
vn -0.1530 0.7367 -0.6587
vn -0.0502 0.7160 -0.6963
vn -0.0945 0.4034 -0.9101
vn -0.5078 0.6395 0.5773
vn -0.4285 0.7155 0.5518
vn -0.5075 0.6939 0.5108
vn -0.6296 0.6064 0.4858
vn -0.1859 0.6674 0.7211
vn -0.1600 0.7500 0.6417
vn -0.3028 0.7398 0.6008
vn -0.3679 0.6598 0.6552
vn -0.2876 0.0445 0.9567
vn -0.2589 0.2086 0.9431
vn -0.4785 0.2597 0.8388
vn -0.5022 0.0998 0.8590
vn -0.6335 0.3077 0.7099
vn -0.7728 0.3540 0.5268
vn -0.8206 0.2399 0.5187
vn -0.6986 0.1642 0.6964
vn -0.9486 0.2665 0.1710
vn -0.8876 0.3910 0.2434
vn -0.9210 0.3871 -0.0448
vn -0.9540 0.2912 -0.0710
vn -0.8789 0.3774 -0.2918
vn -0.7666 0.4021 -0.5006
vn -0.8242 0.3017 -0.4792
vn -0.9153 0.2936 -0.2757
vn -0.7307 0.2773 -0.6238
vn -0.6546 0.4476 -0.6092
vn -0.5274 0.4777 -0.7026
vn -0.6030 0.2530 -0.7565
vn -0.4229 0.5026 -0.7540
vn -0.3292 0.5439 -0.7719
vn -0.4159 0.1671 -0.8939
vn -0.4935 0.2210 -0.8412
vn -0.1596 0.5776 -0.8006
vn -0.2311 0.0975 -0.9680
vn -0.2958 -0.2878 0.9109
vn -0.2776 -0.1803 0.9436
vn -0.4828 -0.2727 0.8322
vn -0.4773 -0.1787 0.8604
vn -0.8003 -0.2049 0.5634
vn -0.6466 -0.2444 0.7226
vn -0.6382 -0.1790 0.7488
vn -0.7886 -0.1811 0.5876
vn -0.9902 0.0067 0.1396
vn -0.9247 -0.1326 0.3568
vn -0.9109 -0.1758 0.3733
vn -0.9859 -0.1078 0.1280
vn -0.8028 0.5492 -0.2321
vn -0.9647 0.2519 -0.0773
vn -0.9887 0.0933 -0.1174
vn -0.8558 0.4018 -0.3258
vn -0.3664 0.8693 -0.3318
vn -0.5216 0.7996 -0.2977
vn -0.5952 0.6876 -0.4158
vn -0.4367 0.7837 -0.4418
vn -0.1849 0.7860 -0.5900
vn -0.2707 0.8574 -0.4377
vn -0.3264 0.7748 -0.5414
vn -0.2262 0.6871 -0.6905
vn -0.1110 0.5532 -0.8256
vn -0.0858 0.6811 -0.7271
vn -0.7145 0.5643 0.4136
vn -0.5513 0.6663 0.5021
vn -0.6099 0.6299 0.4810
vn -0.7847 0.5397 0.3050
vn -0.9094 0.4110 -0.0635
vn -0.8437 0.4756 0.2489
vn -0.8817 0.4420 0.1652
vn -0.9181 0.3862 -0.0892
vn -0.7771 0.3005 -0.5530
vn -0.8739 0.3731 -0.3117
vn -0.8872 0.3535 -0.2966
vn -0.8286 0.2448 -0.5035
vn -0.5238 0.1188 -0.8435
vn -0.3109 0.0689 -0.9480
vn -0.3330 0.1134 -0.9361
vn -0.4849 0.1509 -0.8615
vn -0.3821 0.1687 -0.9086
vn -0.4825 0.2172 -0.8485
vn -0.3298 0.1731 -0.9280
vn -0.2063 0.1596 -0.9654
vn -0.2404 0.2124 -0.9471
vn -0.3576 0.2127 -0.9093
vn -0.1186 0.2110 -0.9703
vn -0.3561 0.7555 0.5499
vn -0.3950 0.7282 0.5601
vn -0.3671 0.7578 0.5394
vn -0.3588 0.7832 0.5078
vn -0.1077 0.8485 0.5182
vn -0.2299 0.8232 0.5192
vn -0.1846 0.2201 -0.9578
vn -0.1980 0.2379 -0.9509
vn -0.2224 0.2266 -0.9483
vn -0.2341 0.5055 0.8305
vn -0.4425 0.5150 0.7341
vn -0.7194 0.5119 0.4696
vn -0.5893 0.5190 0.6192
vn -0.6908 0.1536 -0.7066
vn -0.6518 0.2747 -0.7069
vn -0.5257 0.2846 -0.8016
vn -0.2971 0.3339 -0.8946
vn -0.4029 0.2940 -0.8667
vn -0.1406 0.3651 -0.9203
vn -0.1827 -0.9161 0.3569
vn -0.2414 -0.8094 0.5353
vn -0.9023 -0.2448 -0.3550
vn -0.7163 -0.3637 -0.5955
vn -0.6784 -0.2299 -0.6978
vn -0.8997 -0.1140 -0.4213
vn -0.9906 -0.1258 -0.0530
vn -0.9963 0.0108 -0.0857
vn -0.9580 0.1083 0.2656
vn -0.9655 -0.0660 0.2519
vn -0.7895 0.1644 0.5913
vn -0.8564 -0.1106 0.5043
vn -0.5176 0.1781 0.8369
vn -0.6868 -0.1837 0.7033
vn -0.1897 0.1278 0.9735
vn -0.4859 -0.3059 0.8187
vn -0.3137 -0.5244 0.7916
vn 0.1525 0.0008 0.9883
vn 0.5512 -0.2181 0.8054
vn 0.8208 -0.3998 0.4079
vn 0.8604 -0.5075 0.0472
vn 0.7996 -0.5367 -0.2694
vn 0.5867 -0.5210 -0.6200
vn 0.2810 -0.4836 -0.8290
vn -0.2137 -0.7387 -0.6393
vn -0.1014 -0.4133 -0.9049
vn -0.3526 -0.5962 -0.7213
vn -0.5270 -0.4779 -0.7028
vn -0.4046 -0.3282 -0.8536
vn -0.8083 0.0762 -0.5838
vn -0.9412 -0.0567 -0.3330
vn -0.5331 0.2391 -0.8115
vn -0.1194 0.3785 -0.9179
vn 0.3195 0.4163 -0.8512
vn 0.6657 0.3295 -0.6696
vn 0.9050 0.1249 -0.4067
vn 0.9852 -0.1406 -0.0979
vn 0.9297 -0.3392 0.1437
vn 0.7598 -0.4951 0.4214
vn 0.4973 -0.5887 0.6373
vn 0.0791 -0.6229 0.7783
vn -0.3152 -0.5778 0.7529
vn -0.6644 -0.4780 0.5746
vn -0.9006 -0.3360 0.2758
vn -0.9811 -0.1854 -0.0547
vn -0.1092 0.9062 0.4085
vn -0.1970 0.8816 0.4289
vn 0.0326 0.9855 0.1668
vn -0.0543 0.9890 0.1374
vn 0.1008 0.9846 -0.1430
vn 0.0040 0.9873 -0.1585
vn 0.1095 0.8963 -0.4296
vn -0.0637 0.9060 -0.4184
vn 0.0163 0.6056 -0.7956
vn -0.1784 0.6393 -0.7480
vn -0.2577 0.9529 -0.1601
vn -0.2488 0.9471 -0.2027
vn -0.2979 0.8453 -0.4436
vn -0.2809 0.8643 -0.4172
vn -0.3440 0.9384 0.0315
vn -0.3714 0.9263 0.0637
vn -0.4723 0.6592 -0.5851
vn -0.4663 0.6656 -0.5827
vn -0.6483 0.5041 -0.5705
vn -0.6600 0.4983 -0.5622
vn -0.7924 0.4243 -0.4382
vn -0.8083 0.4136 -0.4189
vn -0.9029 0.3192 -0.2879
vn -0.9116 0.3064 -0.2741
vn -0.9738 0.1932 -0.1200
vn -0.9769 0.1856 -0.1062
vn -0.9872 0.1579 0.0219
vn -0.9861 0.1644 0.0239
vn -0.9838 0.1566 -0.0873
vn -0.9854 0.0008 -0.1700
vn -0.9841 0.0229 -0.1759
vn -0.9958 -0.0854 -0.0340
vn -0.9954 -0.0855 -0.0442
vn -0.9657 0.2149 0.1459
vn -0.9873 0.1072 0.1169
vn -0.8526 0.4236 0.3059
vn -0.8762 0.4056 0.2604
vn -0.7072 0.6543 0.2681
vn -0.7613 0.5721 0.3052
vn -0.5096 0.8426 0.1739
vn -0.5437 0.8186 0.1853
vn 0.2144 0.6295 -0.7469
vn 0.1735 0.3170 -0.9324
vn 0.0458 0.3604 -0.9317
vn 0.0231 0.6650 -0.7464
vn 0.0511 -0.0592 -0.9969
vn 0.0827 -0.1054 -0.9910
vn -0.0163 -0.4422 -0.8968
vn 0.0586 -0.4333 -0.8993
vn -0.1374 -0.7187 -0.6816
vn 0.0866 -0.7779 -0.6223
vn -0.3141 -0.8574 -0.4076
vn 0.1235 -0.9563 -0.2650
vn -0.4810 -0.8745 -0.0623
vn 0.1066 -0.9861 0.1275
vn -0.6148 -0.6928 0.3769
vn -0.0394 -0.8503 0.5248
vn -0.5044 -0.4341 0.7464
vn -0.1625 -0.5982 0.7847
vn -0.2768 -0.1169 0.9538
vn -0.1988 -0.2160 0.9559
vn -0.1030 0.2434 0.9645
vn -0.1730 0.1988 0.9646
vn 0.0165 0.5724 0.8198
vn -0.1291 0.5569 0.8205
vn 0.0999 0.8167 0.5684
vn -0.0918 0.8143 0.5731
vn 0.1616 0.9583 0.2358
vn 0.1999 0.9720 -0.1239
vn -0.0260 0.9924 -0.1200
vn -0.0648 0.9664 0.2489
vn 0.2200 0.8514 -0.4761
vn 0.0012 0.8772 -0.4801
vn -0.4055 0.5402 -0.7374
vn -0.2854 0.2989 -0.9106
vn -0.3563 0.2215 -0.9077
vn -0.5211 0.4309 -0.7367
vn -0.1026 -0.0474 -0.9936
vn -0.1263 -0.0969 -0.9873
vn 0.0605 -0.3947 -0.9168
vn 0.0983 -0.3921 -0.9147
vn 0.2228 -0.7340 -0.6415
vn 0.3277 -0.6922 -0.6430
vn 0.2811 -0.9244 -0.2579
vn 0.4385 -0.8645 -0.2456
vn 0.2360 -0.9562 0.1733
vn 0.4206 -0.8830 0.2083
vn 0.1036 -0.8060 0.5828
vn 0.2547 -0.7369 0.6261
vn -0.0521 -0.5850 0.8094
vn 0.0343 -0.5319 0.8461
vn -0.2563 -0.2408 0.9361
vn -0.2235 -0.2237 0.9487
vn -0.4073 0.1023 0.9075
vn -0.4355 0.0631 0.8980
vn -0.5088 0.4139 0.7549
vn -0.5993 0.3235 0.7322
vn -0.5647 0.6563 0.5004
vn -0.7047 0.5351 0.4659
vn -0.5829 0.7908 0.1869
vn -0.5536 0.8201 -0.1446
vn -0.7216 0.6732 -0.1613
vn -0.7430 0.6528 0.1473
vn -0.4961 0.7218 -0.4827
vn -0.6447 0.5882 -0.4882
vn -0.2586 0.5552 -0.7905
vn -0.0601 0.3383 -0.9391
vn -0.1192 0.2785 -0.9530
vn -0.3511 0.4770 -0.8057
vn 0.2199 0.0663 -0.9733
vn 0.1837 0.0197 -0.9828
vn 0.5001 -0.1655 -0.8500
vn 0.4654 -0.2204 -0.8572
vn 0.7576 -0.3408 -0.5567
vn 0.7067 -0.4328 -0.5597
vn 0.9014 -0.3867 -0.1948
vn 0.8301 -0.5267 -0.1830
vn 0.9265 -0.3251 0.1894
vn 0.8456 -0.4825 0.2282
vn 0.8134 -0.1598 0.5593
vn 0.7367 -0.2902 0.6107
vn 0.6192 0.0409 0.7842
vn 0.5527 -0.0409 0.8323
vn 0.3264 0.3036 0.8952
vn 0.2770 0.2644 0.9238
vn 0.0632 0.5228 0.8501
vn 0.0123 0.4972 0.8675
vn -0.1698 0.7046 0.6890
vn -0.2388 0.6704 0.7026
vn -0.3510 0.8319 0.4298
vn -0.4517 0.7761 0.4400
vn -0.4570 0.8826 0.1104
vn -0.4760 0.8515 -0.2197
vn -0.6142 0.7569 -0.2234
vn -0.5857 0.8025 0.1133
vn -0.4026 0.7295 -0.5529
vn -0.5264 0.6390 -0.5609
vn -0.6033 0.1337 -0.7862
vn -0.4056 -0.1196 -0.9062
vn -0.4235 -0.2488 -0.8710
vn -0.6349 -0.0024 -0.7726
vn -0.1382 -0.4008 -0.9057
vn -0.1793 -0.5196 -0.8354
vn 0.1332 -0.6230 -0.7708
vn 0.0372 -0.7272 -0.6855
vn 0.3995 -0.7796 -0.4823
vn 0.2359 -0.8823 -0.4072
vn 0.5552 -0.8236 -0.1158
vn 0.3421 -0.9373 -0.0663
vn 0.5779 -0.7664 0.2805
vn 0.3492 -0.8915 0.2888
vn 0.4461 -0.6109 0.6541
vn 0.2398 -0.7417 0.6264
vn 0.2305 -0.4168 0.8793
vn 0.0679 -0.5565 0.8281
vn -0.0736 -0.1613 0.9842
vn -0.1687 -0.3093 0.9359
vn -0.3338 0.0621 0.9406
vn -0.3811 -0.0894 0.9202
vn -0.5555 0.2716 0.7859
vn -0.5863 0.1224 0.8008
vn -0.7289 0.4469 0.5186
vn -0.7698 0.3014 0.5627
vn -0.8249 0.5393 0.1696
vn -0.8333 0.5173 -0.1950
vn -0.9085 0.3832 -0.1669
vn -0.8893 0.4030 0.2161
vn -0.7540 0.3620 -0.5481
vn -0.8119 0.2260 -0.5383
vn 0.2770 0.5540 -0.7851
vn 0.1898 0.2435 -0.9512
vn 0.3044 0.8033 -0.5120
vn 0.2919 0.9476 -0.1301
vn 0.2361 0.9430 0.2346
vn 0.1453 0.7932 0.5914
vn 0.0330 0.5525 0.8328
vn -0.1517 0.2383 0.9593
vn -0.4350 -0.0733 0.8974
vn -0.7105 -0.3356 0.6185
vn -0.8201 -0.5236 0.2307
vn -0.7547 -0.6375 -0.1553
vn -0.5896 -0.6766 -0.4411
vn -0.3550 -0.6164 -0.7028
vn -0.1423 -0.4389 -0.8872
vn 0.0282 -0.1636 -0.9861
vn -0.0571 -0.9233 0.3799
vn -0.0302 -0.9364 0.3497
vn -0.0220 0.9993 -0.0296
vn 0.0288 0.9958 -0.0869
vn -0.0247 -0.9501 0.3111
vn -0.0170 0.9974 0.0707
vn -0.0530 -0.9568 0.2858
vn -0.1106 -0.9537 0.2798
vn -0.0430 0.9927 0.1127
vn -0.0375 0.9928 0.1141
vn -0.1578 -0.9423 0.2954
vn -0.1468 -0.9552 0.2568
vn -0.0738 0.9874 0.1399
vn -0.0430 0.9906 0.1295
vn -0.1103 -0.9805 0.1629
vn -0.1618 0.9736 0.1609
vn -0.0833 -0.9955 0.0453
vn -0.2650 0.9334 0.2419
vn -0.0919 -0.9956 -0.0162
vn -0.2783 0.9080 0.3131
vn -0.1123 -0.9936 -0.0130
vn -0.1908 0.9373 0.2918
vn -0.1199 -0.9926 -0.0214
vn -0.0885 -0.9901 -0.1089
vn -0.0153 0.9800 0.1985
vn -0.0872 0.9660 0.2435
vn -0.0519 -0.9760 -0.2115
vn -0.0471 -0.9674 -0.2490
vn 0.0376 0.9893 0.1410
vn 0.0198 0.9867 0.1613
vn 0.0655 0.9976 0.0234
vn -0.0941 -0.9153 0.3916
vn 0.0331 0.9883 0.1487
vn -0.1322 -0.9112 0.3901
vn 0.0286 0.9803 0.1953
vn 0.0082 0.9832 0.1821
vn -0.1675 -0.9048 0.3916
vn -0.1549 -0.9078 0.3897
vn -0.0116 0.9839 0.1784
vn 0.0109 0.9860 0.1664
vn -0.2494 -0.9306 0.2678
vn -0.1947 -0.9045 0.3794
vn 0.1048 0.9800 0.1694
vn 0.2256 0.9457 0.2339
vn -0.2054 -0.9779 -0.0403
vn -0.2711 -0.9573 0.1008
vn 0.2588 0.9215 0.2897
vn 0.1959 0.9468 0.2552
vn -0.0276 -0.9987 -0.0435
vn -0.1063 -0.9913 -0.0770
vn 0.1199 0.9720 0.2019
vn 0.0719 0.9841 0.1623
vn -0.0180 -0.9929 -0.1178
vn 0.0016 -0.9993 -0.0384
vn 0.0507 0.9888 0.1403
vn -0.0456 -0.9754 -0.2156
vn -0.0103 0.0635 0.9979
vn -0.2642 0.0686 0.9620
vn -0.4783 0.0625 0.8760
vn -0.6422 0.0431 0.7653
vn -0.7963 0.0061 0.6049
vn -0.9236 -0.0357 0.3817
vn -0.9936 -0.0238 0.1104
vn -0.9799 0.1254 -0.1552
vn -0.8228 0.4301 -0.3715
vn -0.5453 0.7184 -0.4320
vn -0.3930 0.8162 -0.4236
vn -0.2932 0.8169 -0.4967
vn -0.2085 0.7457 -0.6328
vn -0.1026 0.6372 -0.7638
vn 0.0417 0.5791 -0.8142
vn 0.1888 0.6292 -0.7540
vn 0.2962 0.7338 -0.6114
vn 0.3705 0.8096 -0.4553
vn 0.4474 0.8181 -0.3613
vn 0.5787 0.7318 -0.3600
vn 0.8488 0.4300 -0.3078
vn 0.9904 0.0891 -0.1061
vn 0.9847 -0.0851 0.1521
vn 0.9051 -0.0993 0.4134
vn 0.7766 -0.0528 0.6278
vn 0.6239 -0.0078 0.7815
vn 0.4603 0.0226 0.8875
vn 0.2445 0.0461 0.9686
vn -0.0013 0.2354 0.9719
vn -0.2538 0.2371 0.9378
vn -0.4694 0.2188 0.8555
vn -0.6327 0.1830 0.7525
vn -0.7871 0.1288 0.6032
vn -0.9178 0.0717 0.3904
vn -0.9908 0.0613 0.1207
vn -0.9704 0.1847 -0.1554
vn -0.7699 0.5169 -0.3743
vn -0.4536 0.8048 -0.3827
vn -0.3109 0.8853 -0.3457
vn -0.2282 0.8876 -0.4001
vn -0.1630 0.8404 -0.5169
vn -0.0726 0.7626 -0.6428
vn 0.0468 0.7209 -0.6915
vn 0.1670 0.7506 -0.6393
vn 0.2575 0.8244 -0.5040
vn 0.3124 0.8767 -0.3658
vn 0.3698 0.8844 -0.2848
vn 0.4803 0.8239 -0.3007
vn 0.7775 0.5475 -0.3096
vn 0.9791 0.1686 -0.1135
vn 0.9879 0.0123 0.1548
vn 0.9093 0.0162 0.4157
vn 0.7796 0.0754 0.6217
vn 0.6289 0.1360 0.7655
vn 0.4679 0.1812 0.8650
vn 0.2517 0.2160 0.9434
vn 0.4595 -0.3183 0.8292
vn 0.2688 -0.3336 0.9036
vn 0.6349 -0.2780 0.7209
vn 0.8070 -0.1963 0.5570
vn 0.9322 -0.0550 0.3577
vn 0.9655 0.2062 0.1590
vn 0.8811 0.4728 0.0097
vn 0.6697 0.7382 -0.0811
vn 0.4017 0.9099 -0.1037
vn 0.2983 0.9436 -0.1436
vn 0.2631 0.9290 -0.2602
vn 0.2236 0.8757 -0.4279
vn 0.1517 0.7833 -0.6029
vn 0.0410 0.7239 -0.6887
vn -0.0721 0.7677 -0.6367
vn -0.1602 0.8534 -0.4960
vn -0.2324 0.9077 -0.3495
vn -0.3109 0.9185 -0.2441
vn -0.4557 0.8656 -0.2075
vn -0.7246 0.6699 -0.1619
vn -0.9032 0.4273 -0.0399
vn -0.9714 0.2040 0.1214
vn -0.9463 -0.0081 0.3233
vn -0.8363 -0.1393 0.5302
vn -0.6760 -0.2251 0.7017
vn -0.5061 -0.2765 0.8169
vn -0.3166 -0.3068 0.8976
vn -0.0245 -0.3261 0.9450
vn -0.5640 0.0378 -0.8249
vn -0.7740 0.2657 -0.5747
vn -0.8919 0.4200 -0.1677
vn -0.8591 0.4471 0.2492
vn -0.7102 0.3469 0.6126
vn -0.5049 0.1736 0.8455
vn -0.2857 -0.0642 0.9562
vn -0.0803 -0.3205 0.9438
vn 0.0861 -0.5721 0.8157
vn 0.2164 -0.7570 0.6166
vn 0.3064 -0.9065 0.2907
vn 0.3238 -0.9453 -0.0386
vn 0.2669 -0.8858 -0.3796
vn 0.1204 -0.7181 -0.6854
vn -0.0594 -0.5081 -0.8592
vn -0.3151 -0.2203 -0.9231
vn -0.2540 0.5694 -0.7818
vn -0.0746 0.3481 -0.9345
vn 0.2032 0.0557 -0.9775
vn 0.4705 -0.1698 -0.8659
vn 0.7395 -0.3528 -0.5733
vn 0.8967 -0.3933 -0.2031
vn 0.9292 -0.3225 0.1808
vn 0.8161 -0.1687 0.5527
vn 0.6163 0.0012 0.7875
vn 0.3113 0.2469 0.9177
vn 0.0387 0.4717 0.8809
vn -0.1893 0.6627 0.7246
vn -0.3632 0.8099 0.4606
vn -0.4562 0.8806 0.1283
vn -0.4635 0.8625 -0.2031
vn -0.3848 0.7447 -0.5453
vn -0.1429 0.3593 -0.9222
vn -0.2093 0.6358 -0.7429
vn -0.0485 -0.0303 -0.9984
vn 0.0417 -0.3994 -0.9158
vn 0.1651 -0.7526 -0.6374
vn 0.2404 -0.9360 -0.2570
vn 0.2250 -0.9593 0.1706
vn 0.0874 -0.8179 0.5687
vn -0.0755 -0.5961 0.7994
vn -0.2377 -0.2305 0.9436
vn -0.3151 0.1630 0.9350
vn -0.3377 0.5100 0.7911
vn -0.3373 0.7685 0.5438
vn -0.3311 0.9157 0.2277
vn -0.2978 0.9458 -0.1293
vn -0.2590 0.8360 -0.4837
vn -0.2253 0.2908 -0.9299
vn -0.4115 0.4901 -0.7684
vn 0.0535 0.0037 -0.9986
vn 0.3339 -0.2598 -0.9061
vn 0.6150 -0.4978 -0.6115
vn 0.7697 -0.6022 -0.2120
vn 0.7903 -0.5789 0.2007
vn 0.6659 -0.4429 0.6003
vn 0.4383 -0.2668 0.8583
vn 0.0990 0.0124 0.9950
vn -0.1919 0.2698 0.9436
vn -0.4080 0.4918 0.7692
vn -0.5915 0.6468 0.4815
vn -0.6576 0.7400 0.1410
vn -0.6577 0.7314 -0.1803
vn -0.5597 0.6417 -0.5244
vn 0.1721 0.4247 -0.8888
vn 0.2112 0.6870 -0.6953
vn 0.4722 0.6480 -0.5976
vn 0.4286 0.4192 -0.8003
vn 0.3536 0.0714 -0.9327
vn 0.1283 0.0501 -0.9905
vn 0.0516 -0.3021 -0.9519
vn 0.2275 -0.2734 -0.9346
vn -0.0670 -0.6529 -0.7545
vn 0.0363 -0.6420 -0.7658
vn -0.2275 -0.8641 -0.4490
vn -0.1605 -0.8714 -0.4635
vn -0.3650 -0.9285 -0.0676
vn -0.3117 -0.9483 -0.0593
vn -0.3888 -0.8434 0.3709
vn -0.3493 -0.8500 0.3944
vn -0.2152 -0.6597 0.7201
vn -0.2653 -0.6468 0.7150
vn -0.0553 -0.3165 0.9470
vn -0.1004 -0.3233 0.9409
vn 0.0456 0.0764 0.9960
vn 0.0617 0.0230 0.9978
vn 0.1028 0.4524 0.8858
vn 0.1921 0.3650 0.9110
vn 0.1499 0.7485 0.6460
vn 0.3010 0.6539 0.6942
vn 0.2151 0.9748 -0.0593
vn 0.1953 0.9291 0.3141
vn 0.3904 0.8360 0.3855
vn 0.4444 0.8953 0.0315
vn 0.2255 0.8781 -0.4220
vn 0.4792 0.8155 -0.3245
vn 0.6816 0.5527 -0.4796
vn 0.7998 0.4626 -0.3824
vn 0.7450 0.2747 -0.6079
vn 0.6304 0.3478 -0.6940
vn 0.6023 -0.0261 -0.7978
vn 0.5153 0.0285 -0.8565
vn 0.4099 -0.3265 -0.8517
vn 0.3525 -0.2982 -0.8870
vn 0.1189 -0.6532 -0.7478
vn 0.1124 -0.6554 -0.7469
vn -0.1611 -0.8573 -0.4890
vn -0.1092 -0.8804 -0.4615
vn -0.4009 -0.9093 -0.1116
vn -0.2843 -0.9562 -0.0693
vn -0.5356 -0.7742 0.3372
vn -0.3826 -0.8415 0.3814
vn -0.5165 -0.5542 0.6527
vn -0.3582 -0.6267 0.6921
vn -0.3622 -0.2521 0.8973
vn -0.2181 -0.3034 0.9276
vn -0.1501 0.0164 0.9885
vn -0.0239 0.0035 0.9997
vn 0.1177 0.2769 0.9537
vn 0.1875 0.2976 0.9361
vn 0.3818 0.4898 0.7838
vn 0.3841 0.5479 0.7431
vn 0.5367 0.7088 0.4578
vn 0.5858 0.6211 0.5207
vn 0.7171 0.6595 0.2254
vn 0.6288 0.7657 0.1354
vn 0.7944 0.5983 -0.1048
vn 0.6851 0.6989 -0.2052
vn 0.4283 0.4952 -0.7559
vn 0.5338 0.6831 -0.4984
vn 0.7099 0.5418 -0.4499
vn 0.6261 0.3270 -0.7078
vn 0.2281 0.2162 -0.9493
vn 0.4320 0.0270 -0.9015
vn -0.0169 -0.0798 -0.9967
vn 0.1751 -0.2726 -0.9461
vn -0.3043 -0.3878 -0.8701
vn -0.1457 -0.5619 -0.8143
vn -0.5468 -0.5849 -0.5990
vn -0.4118 -0.7336 -0.5406
vn -0.7348 -0.6384 -0.2292
vn -0.6047 -0.7780 -0.1703
vn -0.8316 -0.5229 0.1870
vn -0.6909 -0.6781 0.2507
vn -0.8111 -0.3059 0.4986
vn -0.6539 -0.4838 0.5817
vn -0.6696 0.0087 0.7427
vn -0.4933 -0.1863 0.8497
vn -0.4634 0.2837 0.8395
vn -0.2752 0.0938 0.9568
vn -0.2130 0.5229 0.8254
vn -0.0286 0.3549 0.9345
vn 0.0582 0.7128 0.6990
vn 0.2260 0.5742 0.7869
vn 0.4753 0.8621 0.1754
vn 0.3036 0.8287 0.4702
vn 0.4508 0.7144 0.5351
vn 0.6127 0.7568 0.2277
vn 0.5587 0.8093 -0.1813
vn 0.7091 0.6928 -0.1313
vn 0.7543 0.1323 -0.6431
vn 0.8281 0.3766 -0.4153
vn 0.8779 0.2473 -0.4100
vn 0.7838 0.0028 -0.6211
vn 0.5764 -0.1733 -0.7986
vn 0.6104 -0.2961 -0.7347
vn 0.3275 -0.4514 -0.8301
vn 0.4013 -0.5567 -0.7273
vn 0.0068 -0.7013 -0.7128
vn 0.1418 -0.7935 -0.5918
vn -0.2701 -0.8453 -0.4609
vn -0.0827 -0.9350 -0.3449
vn -0.4618 -0.8800 -0.1114
vn -0.2453 -0.9691 -0.0272
vn -0.5287 -0.7950 0.2972
vn -0.3196 -0.8848 0.3390
vn -0.4708 -0.6314 0.6162
vn -0.2946 -0.7289 0.6180
vn -0.3004 -0.3702 0.8790
vn -0.1864 -0.4810 0.8567
vn -0.1014 -0.1114 0.9886
vn -0.0377 -0.2320 0.9720
vn 0.1130 0.1548 0.9815
vn 0.1521 0.0289 0.9879
vn 0.3391 0.4081 0.8476
vn 0.3784 0.2785 0.8827
vn 0.7110 0.6503 0.2676
vn 0.5488 0.5894 0.5928
vn 0.6098 0.4681 0.6396
vn 0.7909 0.5323 0.3020
vn 0.8173 0.5665 -0.1053
vn 0.8912 0.4438 -0.0943
vn 0.4468 0.7347 -0.5104
vn 0.4214 0.7441 -0.5185
vn 0.3509 0.5447 -0.7617
vn 0.3975 0.5331 -0.7468
vn 0.1761 0.2584 -0.9498
vn 0.2341 0.2260 -0.9456
vn -0.0685 -0.0232 -0.9974
vn -0.0088 -0.0518 -0.9986
vn -0.3742 -0.2947 -0.8793
vn -0.3325 -0.3224 -0.8863
vn -0.6378 -0.4492 -0.6256
vn -0.6182 -0.4692 -0.6306
vn -0.8282 -0.4866 -0.2780
vn -0.8243 -0.4923 -0.2794
vn -0.9095 -0.3946 0.1306
vn -0.9093 -0.3938 0.1348
vn -0.8687 -0.2190 0.4444
vn -0.8662 -0.2269 0.4451
vn -0.7093 0.0567 0.7026
vn -0.7035 0.0338 0.7099
vn -0.5072 0.3168 0.8015
vn -0.5004 0.2804 0.8191
vn -0.2779 0.5600 0.7805
vn -0.2679 0.5269 0.8066
vn -0.0423 0.7634 0.6445
vn -0.0337 0.7414 0.6702
vn 0.1685 0.8949 0.4132
vn 0.1739 0.8842 0.4335
vn 0.3252 0.9376 0.1228
vn 0.3310 0.9335 0.1378
vn 0.4185 0.8806 -0.2224
vn 0.4300 0.8758 -0.2192
vn 0.8268 0.2852 -0.4848
vn 0.8658 0.4794 -0.1434
vn 0.7794 0.5859 -0.2218
vn 0.7150 0.3821 -0.5854
vn 0.7734 0.5639 0.2894
vn 0.6924 0.6820 0.2356
vn 0.5646 0.5084 0.6502
vn 0.4658 0.6261 0.6253
vn 0.2925 0.3246 0.8995
vn 0.1536 0.4363 0.8866
vn 0.0393 0.0890 0.9953
vn -0.1189 0.2041 0.9717
vn -0.1670 -0.2038 0.9647
vn -0.3604 -0.1155 0.9256
vn -0.2925 -0.4920 0.8200
vn -0.4904 -0.4361 0.7545
vn -0.3236 -0.7415 0.5878
vn -0.4913 -0.6882 0.5339
vn -0.2971 -0.8972 0.3268
vn -0.4501 -0.8495 0.2752
vn -0.1942 -0.9809 -0.0120
vn -0.3325 -0.9407 -0.0677
vn -0.0607 -0.9496 -0.3074
vn -0.2021 -0.9122 -0.3565
vn 0.1153 -0.8127 -0.5712
vn -0.0400 -0.7717 -0.6347
vn 0.3296 -0.5654 -0.7561
vn 0.1693 -0.5080 -0.8445
vn 0.5097 -0.2978 -0.8071
vn 0.3540 -0.2342 -0.9055
vn 0.6995 0.0272 -0.7141
vn 0.5613 0.1131 -0.8198
vn 0.6110 0.4173 -0.6727
vn 0.6727 0.6031 -0.4288
vn 0.4452 0.1116 -0.8884
vn 0.1936 -0.1950 -0.9615
vn -0.1485 -0.5004 -0.8530
vn -0.4565 -0.6728 -0.5822
vn -0.6869 -0.6924 -0.2206
vn -0.8027 -0.5618 0.1999
vn -0.7797 -0.3654 0.5085
vn -0.6161 -0.0842 0.7832
vn -0.3979 0.1631 0.9028
vn -0.1282 0.4093 0.9033
vn 0.1772 0.6168 0.7669
vn 0.4068 0.7475 0.5251
vn 0.5788 0.7823 0.2302
vn 0.6678 0.7328 -0.1302
vn -0.4796 0.1158 -0.8698
vn -0.6772 0.3855 -0.6267
vn -0.7650 0.6012 -0.2309
vn -0.6735 0.7058 0.2197
vn -0.4634 0.6263 0.6269
vn -0.2295 0.4420 0.8672
vn 0.0387 0.1178 0.9923
vn 0.2890 -0.1811 0.9400
vn 0.4254 -0.4639 0.7771
vn 0.4770 -0.6760 0.5617
vn 0.5129 -0.8270 0.2303
vn 0.4993 -0.8655 -0.0400
vn 0.4229 -0.8258 -0.3731
vn 0.2490 -0.6726 -0.6968
vn 0.0514 -0.4720 -0.8801
vn -0.2242 -0.1799 -0.9578
vn -0.8756 0.4831 -0.0061
vn -0.8715 0.4652 -0.1550
vn -0.8151 0.5447 0.1973
vn -0.6819 0.6052 0.4107
vn -0.5397 0.6878 0.4854
vn -0.3732 0.8466 0.3795
vn -0.2266 0.9641 0.1386
vn -0.1637 0.9723 -0.1671
vn -0.3131 0.8250 -0.4704
vn -0.4916 0.5037 -0.7103
vn -0.4314 0.2588 -0.8642
vn -0.4446 0.1303 -0.8862
vn -0.6484 0.1452 -0.7473
vn -0.7754 0.2512 -0.5794
vn -0.8335 0.3380 -0.4371
vn -0.8495 0.4364 -0.2965
vn 0.5845 0.5869 -0.5603
vn 0.4106 0.8243 -0.3898
vn 0.3784 0.8615 -0.3386
vn 0.5590 0.6258 -0.5440
vn 0.7245 0.3764 -0.5774
vn 0.7190 0.3832 -0.5798
vn 0.8473 0.2289 -0.4793
vn 0.8435 0.2330 -0.4839
vn 0.9535 0.0816 -0.2901
vn 0.9498 0.0875 -0.3005
vn 0.9975 -0.0124 -0.0692
vn 0.9969 -0.0112 -0.0773
vn 0.9973 0.0074 0.0728
vn 0.9976 0.0007 0.0696
vn 0.9993 0.0139 -0.0353
vn 0.9993 0.0141 -0.0344
vn 0.9850 -0.1094 -0.1337
vn 0.9830 -0.1295 -0.1301
vn 0.9824 -0.1851 -0.0228
vn 0.9835 -0.1807 -0.0120
vn 0.9948 0.0364 0.0955
vn 0.9859 0.1318 0.1034
vn 0.9283 0.3050 0.2126
vn 0.9079 0.3117 0.2805
vn 0.8324 0.4322 0.3470
vn 0.7643 0.5518 0.3337
vn 0.6136 0.7212 0.3215
vn 0.5495 0.7693 0.3258
vn 0.4213 0.8745 0.2403
vn 0.3783 0.9080 0.1801
vn 0.3212 0.9412 -0.1046
vn 0.3240 0.9457 -0.0249
vn 0.9116 0.3637 0.1916
vn 0.8724 0.1366 0.4693
vn 0.6760 0.3500 0.6485
vn 0.7401 0.6277 0.2413
vn 0.3215 0.6723 0.6668
vn 0.4264 0.8572 0.2887
vn 0.0060 0.7991 0.6011
vn -0.2352 0.8895 0.3918
vn -0.2971 0.9314 0.2102
vn 0.0764 0.9359 0.3438
vn 0.5847 -0.8019 0.1226
vn 0.6022 -0.7937 0.0857
vn 0.5795 -0.8134 0.0507
vn 0.5323 -0.8405 0.1013
vn 0.5401 -0.8183 -0.1966
vn 0.5334 -0.8122 -0.2364
vn 0.5503 -0.7802 -0.2975
vn 0.6025 -0.7981 -0.0086
vn 0.5643 -0.8248 0.0358
vn 0.2510 -0.4840 -0.8383
vn 0.4085 -0.6630 -0.6274
vn 0.4132 -0.7034 -0.5784
vn 0.2556 -0.5313 -0.8077
vn 0.3929 -0.7455 -0.5385
vn 0.2041 -0.5882 -0.7826
vn 0.4889 -0.8286 -0.2726
vn 0.5341 -0.8178 -0.2143
vn 0.6083 -0.7920 0.0518
vn 0.5604 -0.8282 -0.0076
vn 0.6247 -0.7686 0.1375
vn 0.5534 -0.8236 0.1244
vn 0.3666 -0.7653 -0.5290
vn 0.1525 -0.6234 -0.7668
vn 0.3418 -0.7639 -0.5473
vn 0.1252 -0.6222 -0.7728
vn -0.8102 0.5475 -0.2094
vn -0.8005 0.5613 -0.2101
vn -0.8086 0.4832 -0.3358
vn -0.8188 0.4887 -0.3012
vn -0.7935 0.5705 -0.2120
vn -0.7907 0.4793 -0.3808
vn -0.7573 0.4349 -0.4873
vn -0.7993 0.4590 -0.3879
vn -0.8174 0.4692 -0.3341
vn -0.6634 0.7433 0.0854
vn -0.7436 0.6679 -0.0324
vn -0.7678 0.6372 -0.0668
vn -0.7397 0.6729 -0.0104
vn -0.7905 0.6045 -0.0985
vn -0.7748 0.6304 -0.0478
vn -0.3966 0.8457 0.3570
vn -0.3133 0.8694 0.3820
vn -0.5133 0.8341 0.2019
vn -0.5730 0.8038 0.1596
vn -0.3137 0.8524 0.4184
vn -0.5208 0.8213 0.2329
vn -0.6452 0.7599 0.0794
vn -0.6979 0.7151 0.0384
vn -0.5948 -0.7944 0.1228
vn -0.6135 -0.7364 0.2852
vn 0.6546 -0.0625 0.7534
vn 0.1210 -0.0860 0.9889
vn -0.3959 -0.4624 0.7934
vn 0.8210 0.1100 0.5603
vn 0.9335 0.2436 0.2631
vn 0.9059 0.3713 0.2035
vn 0.7375 0.6342 0.2322
vn -0.2803 -0.2296 -0.9320
vn -0.4190 -0.0493 -0.9066
vn -0.4256 -0.0149 -0.9048
vn -0.2779 -0.2018 -0.9392
vn -0.5883 0.1678 -0.7910
vn -0.5775 0.1868 -0.7947
vn -0.5539 0.2004 -0.8081
vn -0.3958 0.0137 -0.9182
vn -0.2323 -0.1665 -0.9583
vn -0.1655 -0.0905 -0.9820
vn -0.1732 -0.1285 -0.9765
vn -0.3440 0.0384 -0.9382
vn -0.3526 0.0613 -0.9338
vn -0.5061 0.2079 -0.8371
vn -0.4702 0.1959 -0.8606
vn -0.3820 0.8098 0.4452
vn -0.1366 0.7245 0.6756
vn -0.1528 0.6002 0.7851
vn -0.3590 0.7354 0.5748
vn 0.5186 0.4935 0.6983
vn 0.3586 0.1354 0.9236
vn -0.3568 -0.0986 0.9290
vn -0.3468 0.4023 0.8473
vn -0.3725 0.6513 0.6612
vn 0.9490 -0.2979 0.1037
vn 0.8223 -0.5653 -0.0651
vn 0.7750 -0.6310 -0.0353
vn 0.8653 -0.4746 0.1610
vn 0.6984 -0.6863 -0.2032
vn 0.6884 -0.7117 -0.1398
vn 0.7018 -0.7119 -0.0274
vn 0.7395 -0.6727 0.0229
vn 0.6559 -0.7394 0.1521
vn 0.6533 -0.7483 0.1149
vn 0.5871 -0.7982 0.1353
vn 0.6328 -0.7287 0.2618
vn 0.4554 -0.8878 0.0669
vn 0.3514 -0.9304 0.1043
vn 0.5274 -0.8239 0.2077
vn 0.5121 -0.7957 0.3234
vn 0.4993 -0.7972 -0.3392
vn 0.3504 -0.7325 -0.5837
vn 0.1012 -0.6157 -0.7815
vn -0.9062 0.3150 -0.2822
vn -0.8844 0.4453 -0.1397
vn -0.8414 0.5103 -0.1780
vn -0.8614 0.4239 -0.2798
vn -0.8837 0.3812 -0.2716
vn -0.9252 0.1233 -0.3588
vn -0.9107 0.3272 -0.2522
vn -0.8459 0.5210 -0.1137
vn -0.7955 0.6046 -0.0409
vn -0.8426 0.5384 -0.0149
vn -0.7576 0.6527 -0.0068
vn -0.6592 0.7364 0.1519
vn -0.5037 0.7739 0.3838
vn 0.7034 0.6017 0.3785
vn 0.7552 0.2998 0.5830
vn 0.4971 0.4308 0.7532
vn 0.6379 0.4296 0.6391
vn 0.7155 0.1661 0.6786
vn 0.8104 0.4616 0.3608
vn -0.4502 -0.1325 -0.8830
vn -0.6536 0.0906 -0.7514
vn -0.2963 -0.2968 -0.9078
vn 0.8099 -0.4719 0.3484
vn 0.9610 -0.0267 0.2753
vn 0.7911 -0.3593 0.4950
vn 0.7126 -0.6131 0.3411
vn -0.0719 0.6280 0.7749
vn 0.1450 0.5437 0.8267
vn 0.3231 0.4740 0.8191
vn -0.0388 0.6625 0.7481
vn 0.2194 -0.8106 0.5429
vn 0.5148 -0.6423 0.5678
vn 0.3317 -0.9371 0.1087
vn -0.7116 0.3279 -0.6214
vn -0.6974 0.3506 -0.6250
vn -0.7777 0.4100 -0.4765
vn -0.7611 0.4299 -0.4858
vn -0.6822 0.3581 -0.6374
vn -0.7796 0.2475 -0.5753
vn -0.8475 0.3257 -0.4190
vn -0.1847 0.7881 0.5872
vn -0.2569 0.7227 0.6416
vn -0.6557 0.4143 -0.6312
vn -0.7100 0.4326 -0.5556
vn -0.7535 0.4957 -0.4319
vn -0.7049 0.5155 -0.4872
vn -0.7653 0.5999 -0.2333
vn -0.7146 0.6461 -0.2683
vn -0.1553 -0.4379 -0.8855
vn -0.1235 -0.4051 -0.9059
vn -0.0948 -0.4005 -0.9114
vn -0.0330 -0.3689 -0.9289
vn 0.0387 -0.3238 -0.9453
vn 0.0533 -0.2765 -0.9595
vn -0.8641 0.4997 0.0597
vn -0.8239 0.4973 0.2717
vn -0.8289 0.5581 -0.0374
vn -0.9824 0.0587 0.1775
vn -0.9098 0.3338 -0.2469
vn -0.9499 0.3053 -0.0674
vn -0.8316 0.4353 -0.3449
vn -0.9991 0.0435 0.0033
vn 0.7283 -0.6064 0.3190
vn 0.7701 -0.6322 0.0847
vn 0.5763 -0.8149 -0.0619
vn 0.5770 -0.8081 0.1188
vn 0.2419 -0.9401 0.2404
vn 0.4979 -0.8486 0.1791
vn 0.4552 -0.7318 0.5072
vn 0.2342 -0.7922 0.5636
vn 0.7162 -0.6903 0.1025
vn 0.6783 -0.6054 0.4164
vn 0.4282 -0.2109 0.8787
vn 0.1737 -0.3073 0.9356
vn -0.0326 -0.3191 0.9471
vn -0.3723 -0.5310 -0.7612
vn -0.2016 -0.5871 -0.7840
vn -0.2053 -0.5031 -0.8395
vn -0.3943 -0.4649 -0.7927
vn 0.0842 -0.6596 -0.7469
vn 0.1077 -0.5592 -0.8220
vn -0.3611 -0.5865 -0.7250
vn -0.1397 -0.5873 -0.7972
vn 0.1144 -0.8275 -0.5497
vn -0.1327 -0.8436 -0.5204
vn 0.1184 -0.4955 -0.8605
vn 0.3521 -0.7266 -0.5900
vn -0.9951 0.0223 0.0963
vn -0.9075 0.1283 0.4000
vn -0.9158 0.1334 0.3787
vn -0.9990 0.0090 0.0432
vn -0.9864 -0.0576 -0.1542
vn -0.9933 -0.0556 -0.1015
vn -0.7463 -0.5079 0.4302
vn -0.6719 -0.3178 0.6690
vn -0.7844 -0.1631 0.5984
vn -0.8980 -0.2779 0.3411
vn -0.9270 -0.3485 0.1384
vn -0.7844 -0.5702 0.2440
vn 0.3691 0.2480 0.8957
vn 0.1633 0.3815 0.9098
vn 0.1384 0.3528 0.9254
vn 0.4065 0.2641 0.8746
vn 0.7026 0.0510 0.7098
vn 0.7229 -0.0368 0.6900
vn 0.5923 -0.0788 0.8018
vn 0.7693 0.1024 0.6307
vn 0.6531 0.4245 0.6271
vn 0.3840 0.2816 0.8793
vn 0.1911 0.1599 0.9685
vn 0.9089 -0.2980 0.2918
vn 0.9244 -0.1974 0.3263
vn 0.9360 -0.3504 -0.0331
vn 0.8868 -0.4622 0.0052
vn 0.9725 0.0236 0.2316
vn 0.9920 -0.0863 -0.0925
vn 0.9188 0.3004 -0.2562
vn 0.8934 0.4142 0.1743
vn 0.8413 -0.4416 0.3117
vn 0.8554 -0.5168 0.0354
vn -0.0207 0.0889 0.9958
vn -0.2353 0.0454 0.9708
vn -0.1085 0.3519 0.9297
vn -0.0137 0.4047 0.9143
vn -0.2085 0.3701 0.9053
vn -0.3003 0.3163 0.8999
vn 0.5404 -0.5626 -0.6256
vn 0.3497 -0.3146 -0.8825
vn 0.5881 -0.0588 -0.8067
vn 0.7167 -0.3393 -0.6093
vn 0.6361 -0.5636 -0.5270
vn 0.4263 -0.5816 -0.6928
vn 0.3867 -0.6914 -0.6103
vn 0.6134 -0.6646 -0.4266
vn -0.2564 -0.4031 -0.8785
vn 0.0539 -0.3530 -0.9341
vn 0.0217 -0.1971 -0.9802
vn -0.2815 -0.3460 -0.8950
vn -0.4765 -0.4194 -0.7727
vn -0.4421 -0.4150 -0.7952
vn -0.9335 -0.3466 0.0922
vn -0.9095 -0.2806 0.3068
vn -0.9716 -0.1195 0.2042
vn -0.9869 -0.1609 -0.0069
vn -0.8115 -0.1793 0.5562
vn -0.8715 -0.0100 0.4904
vn 0.1035 0.3645 0.9254
vn 0.3566 0.4791 0.8021
vn 0.3648 0.3941 0.8436
vn 0.0993 0.3596 0.9278
vn 0.6111 0.5836 0.5348
vn 0.6541 0.3695 0.6600
vn 0.7998 0.5913 0.1039
vn 0.9200 0.2777 0.2764
vn 0.8201 0.4618 -0.3379
vn 0.9815 0.0576 -0.1824
vn -0.1250 0.2378 0.9632
vn -0.3361 0.1487 0.9300
vn 0.1095 0.3368 0.9352
vn 0.2803 -0.0566 -0.9583
vn 0.5137 0.1611 -0.8427
vn 0.0061 -0.2553 -0.9668
vn -0.4760 -0.4379 -0.7627
vn -0.2776 -0.3862 -0.8797
vn -0.9051 -0.2662 0.3314
vn -0.9304 -0.3495 0.1108
vn -0.8108 -0.1511 0.5655
vn 0.6154 0.5489 0.5657
vn 0.3452 0.4424 0.8277
vn 0.8152 0.4635 -0.3474
vn 0.8183 0.5665 0.0977
vn -0.1504 0.2943 0.9438
vn -0.3362 0.2269 0.9140
vn -0.3460 0.1495 0.9263
vn -0.1475 0.2521 0.9564
vn 0.3997 -0.2804 -0.8727
vn 0.6355 -0.2137 -0.7420
vn 0.5359 0.1610 -0.8288
vn 0.3193 -0.0040 -0.9476
vn 0.5041 -0.8225 0.2636
vn 0.7486 -0.5794 0.3223
vn 0.7533 -0.6533 0.0759
vn 0.3547 -0.8455 0.3991
vn 0.6300 -0.2119 0.7471
vn -0.9484 0.1300 -0.2893
vn -0.9852 0.1536 -0.0756
vn -0.9171 0.2215 0.3315
vn -0.5499 0.2901 0.7833
vn -0.5908 0.2549 0.7655
vn 0.0713 0.5004 0.8629
vn -0.0294 0.4905 0.8709
vn -0.0980 0.4581 0.8835
vn 0.0496 0.4723 0.8800
vn 0.1485 0.4224 0.8942
vn 0.1239 0.4731 0.8723
vn 0.3282 0.2305 0.9160
vn 0.0453 -0.2671 0.9626
vn 0.3721 -0.7120 -0.5955
vn 0.0806 -0.6536 -0.7526
vn 0.5648 -0.7220 -0.3997
vn -0.8197 -0.2714 -0.5043
vn -0.5726 -0.4416 -0.6908
vn -0.6022 -0.4016 -0.6900
vn -0.8339 -0.2635 -0.4849
vn -0.1947 -0.5376 -0.8204
vn -0.3388 -0.4426 -0.8303
vn -0.6576 -0.4562 -0.5996
vn -0.8102 -0.4496 -0.3760
vn -0.8400 -0.3129 -0.4434
vn -0.6414 -0.3943 -0.6581
vn -0.6632 -0.4568 -0.5928
vn -0.6069 -0.5287 -0.5934
vn -0.8179 -0.4519 -0.3560
vn -0.8152 -0.4487 -0.3663
vn -0.5918 0.1154 0.7978
vn -0.5857 -0.0006 0.8105
vn -0.2765 -0.3257 0.9041
vn -0.5004 -0.0263 0.8654
vn -0.5866 0.0174 0.8097
vn -0.4732 0.4113 0.7790
vn -0.4565 0.3826 0.8032
vn -0.5188 -0.3062 -0.7982
vn -0.7656 -0.0968 -0.6359
vn -0.4172 -0.7847 -0.4585
vn -0.7547 -0.5920 -0.2828
vn -0.0800 -0.8046 0.5884
vn -0.1147 -0.9454 0.3051
vn 0.7000 -0.6981 -0.1502
vn 0.7851 -0.5787 -0.2207
vn 0.8121 -0.4898 -0.3171
vn 0.7028 0.2967 -0.6466
vn 0.8261 -0.1110 -0.5525
vn 0.8037 0.1594 -0.5733
vn 0.6939 0.3316 -0.6392
vn 0.9053 -0.2029 -0.3732
vn 0.6303 -0.7553 -0.1799
vn 0.7914 -0.5652 -0.2330
vn 0.3879 -0.9142 -0.1176
vn 0.1475 -0.9869 -0.0647
vn -0.1846 -0.9828 0.0103
vn -0.8038 -0.5948 0.0113
vn -0.9108 -0.4012 -0.0976
vn -0.9001 -0.4147 -0.1337
vn -0.9493 -0.2264 -0.2183
vn -0.9068 -0.3967 -0.1427
vn -0.9388 -0.1345 -0.3172
vn -0.9492 -0.1421 -0.2809
vn -0.8891 0.0527 -0.4547
vn -0.3443 -0.7623 -0.5481
vn -0.1126 0.3446 0.9320
vn 0.0535 0.4692 0.8814
vn -0.3071 -0.8451 -0.4377
vn 0.0704 0.4727 0.8784
vn -0.2080 -0.9330 -0.2938
vn 0.1787 -0.9826 -0.0513
vn -0.1327 -0.9800 -0.1485
vn -0.1883 -0.1499 0.9706
vn -0.1445 -0.9833 0.1109
vn -0.8448 -0.1082 0.5240
vn -0.6451 -0.4995 -0.5782
vn 0.3126 -0.8279 0.4657
vn 0.4871 -0.7770 0.3988
vn 0.4916 -0.6056 0.6257
vn 0.3172 -0.6239 0.7143
vn 0.6387 -0.7009 0.3175
vn 0.6518 -0.5556 0.5163
vn 0.5486 -0.1520 0.8221
vn 0.3200 -0.1687 0.9323
vn 0.1078 -0.1454 0.9835
vn -0.2008 -0.5561 -0.8065
vn -0.0659 -0.6328 -0.7715
vn -0.0747 -0.6079 -0.7905
vn -0.2849 -0.5508 -0.7845
vn -0.4442 -0.5067 -0.7388
vn -0.3498 -0.5023 -0.7908
vn 0.2895 -0.8703 -0.3985
vn 0.0674 -0.9356 -0.3464
vn -0.2165 -0.7476 -0.6278
vn 0.0121 -0.7116 -0.7025
vn -0.1359 -0.9400 -0.3129
vn -0.4071 -0.7304 -0.5485
vn -0.7911 0.5662 0.2316
vn -0.8727 0.4858 0.0496
vn -0.9134 0.3899 0.1169
vn -0.8340 0.4804 0.2715
vn -0.6855 0.5542 0.4723
vn -0.6319 0.6307 0.4505
vn -0.6701 -0.3718 0.6424
vn -0.5605 -0.1513 0.8142
vn -0.6718 0.0558 0.7386
vn -0.8231 -0.0999 0.5591
vn -0.8899 -0.2491 0.3822
vn -0.7218 -0.5128 0.4648
vn 0.4959 -0.3771 0.7822
vn 0.4602 -0.0831 0.8839
vn 0.5579 0.1181 0.8215
vn 0.6710 -0.2182 0.7086
vn 0.2688 0.2810 0.9213
vn 0.2708 0.4007 0.8753
vn 0.7423 -0.0798 0.6652
vn 0.9005 0.0127 0.4348
vn 0.8450 0.3121 0.4342
vn 0.6019 0.3262 0.7289
vn 0.3596 0.2641 0.8949
vn 0.6472 -0.5161 0.5611
vn 0.5165 -0.5823 0.6278
vn 0.5749 -0.7419 0.3449
vn 0.4919 -0.7657 0.4144
vn 0.9786 -0.0223 -0.2048
vn 0.9872 0.1432 0.0708
vn 0.9780 -0.1277 0.1648
vn 0.9667 -0.2525 -0.0420
vn 0.7978 -0.4597 0.3901
vn 0.7838 -0.5842 0.2104
vn 0.1054 0.2376 0.9656
vn -0.1191 0.2331 0.9651
vn 0.0214 0.4998 0.8659
vn -0.1390 0.5768 0.8050
vn -0.1714 0.5722 0.8020
vn -0.0002 0.5294 0.8483
vn 0.2521 -0.5958 -0.7626
vn 0.4851 -0.7468 -0.4549
vn 0.5434 -0.4142 -0.7302
vn 0.6800 -0.5510 -0.4837
vn 0.3860 -0.8517 -0.3545
vn 0.1799 -0.7180 -0.6724
vn 0.0824 -0.8114 -0.5787
vn 0.2207 -0.9490 -0.2252
vn -0.3518 -0.5122 -0.7835
vn -0.5213 -0.5006 -0.6911
vn -0.4829 -0.4917 -0.7246
vn -0.3233 -0.5150 -0.7939
vn -0.0892 -0.5281 -0.8445
vn -0.0990 -0.5084 -0.8554
vn -0.8656 0.2024 0.4581
vn -0.7062 0.3326 0.6251
vn -0.7072 0.4277 0.5630
vn -0.8658 0.3326 0.3738
vn -0.9518 0.2256 0.2077
vn -0.9580 0.0664 0.2790
vn 0.5393 0.5368 0.6489
vn 0.8180 0.3982 0.4151
vn 0.8214 0.2734 0.5005
vn 0.5716 0.4489 0.6868
vn 0.2538 0.5479 0.7971
vn 0.2320 0.5859 0.7765
vn 0.9594 -0.0349 0.2798
vn 0.9797 0.1763 0.0953
vn 0.9726 -0.0398 -0.2291
vn 0.9285 -0.3711 -0.0101
vn -0.0256 0.4814 0.8761
vn -0.2338 0.4487 0.8625
vn 0.2396 0.5068 0.8281
vn 0.1846 -0.5111 -0.8394
vn 0.5062 -0.4052 -0.7613
vn -0.1017 -0.5785 -0.8093
vn -0.5240 -0.5706 -0.6323
vn -0.3432 -0.5923 -0.7290
vn -0.7172 0.2319 0.6572
vn -0.8621 0.0942 0.4980
vn -0.9464 -0.0573 0.3179
vn 0.5334 0.4942 0.6864
vn 0.8236 0.3710 0.4290
vn 0.9785 -0.0525 -0.1994
vn 0.9855 0.1455 0.0878
vn -0.0191 0.5702 0.8213
vn -0.1981 0.5560 0.8072
vn -0.2304 0.5354 0.8125
vn -0.0387 0.5737 0.8181
vn 0.1979 -0.5299 -0.8246
vn 0.4775 -0.5268 -0.7032
vn 0.4967 -0.3805 -0.7800
vn 0.1944 -0.4651 -0.8637
vn 0.5771 -0.1970 0.7926
vn 0.6054 -0.5331 0.5910
vn 0.5954 -0.7138 0.3688
vn -0.7337 0.6554 0.1792
vn -0.5767 0.6995 0.4220
vn -0.8163 0.5771 -0.0227
vn -0.3518 0.6312 0.6913
vn -0.4080 0.5890 0.6975
vn 0.0574 0.5327 0.8443
vn 0.3067 0.3398 0.8891
vn -0.0981 0.6083 0.7876
vn 0.5114 0.0718 0.8563
vn 0.1980 -0.9189 -0.3411
vn 0.0217 -0.7399 -0.6724
vn -0.0203 -0.9217 -0.3874
vn -0.0670 -0.5837 -0.8092
vn -0.0826 -0.6360 -0.7672
vn -0.6010 -0.3272 -0.7292
vn -0.6881 -0.3595 -0.6303
vn -0.9365 -0.0133 -0.3505
vn -0.8712 0.0746 -0.4852
vn -0.2848 -0.4236 -0.8599
vn -0.1292 -0.5244 -0.8416
vn -0.1430 -0.5213 -0.8413
vn -0.2548 -0.4745 -0.8425
vn -0.7076 -0.4016 -0.5814
vn -0.7360 -0.4421 -0.5127
vn -0.9379 -0.2776 -0.2080
vn -0.9480 -0.1589 -0.2759
vn -0.9175 -0.3650 -0.1581
vn -0.7351 -0.5049 -0.4524
vn -0.6316 -0.6678 -0.3939
vn -0.8452 -0.5251 -0.0999
vn -0.4536 0.4602 0.7632
vn -0.4295 0.5152 0.7417
vn -0.1650 -0.1422 0.9760
vn -0.3897 0.1886 0.9014
vn -0.4763 0.3700 0.7976
vn -0.3025 0.6731 0.6749
vn -0.4657 -0.3245 -0.8233
vn -0.6869 -0.3372 -0.6438
vn -0.8091 0.0986 -0.5793
vn -0.3902 -0.8908 -0.2328
vn -0.7147 -0.6990 -0.0237
vn -0.0088 -0.6286 0.7777
vn -0.0460 -0.8424 0.5369
vn 0.5436 -0.8040 0.2410
vn 0.4786 -0.8689 0.1266
vn 0.4975 -0.8669 0.0322
vn 0.3712 -0.9161 0.1516
vn 0.7504 -0.5238 -0.4031
vn 0.8003 -0.2333 -0.5523
vn 0.8297 -0.2322 -0.5076
vn 0.8508 -0.1928 -0.4889
vn 0.8874 -0.3844 -0.2543
vn 0.5715 -0.8155 0.0913
vn 0.7236 -0.6902 0.0102
vn 0.2155 -0.9603 0.1771
vn 0.4002 -0.9049 0.1450
vn -0.7364 -0.6253 0.2584
vn -0.1010 -0.9654 0.2404
vn -0.9071 -0.3826 0.1752
vn -0.9732 -0.2081 0.0980
vn -0.9935 -0.0957 0.0616
vn -0.9976 0.0686 0.0089
vn -0.9658 0.2490 -0.0724
vn -0.9183 0.3587 -0.1677
vn -0.8678 0.4401 -0.2306
vn 0.0589 -0.7839 0.6180
vn 0.2417 -0.0752 0.9674
vn -0.1556 -0.7763 0.6109
vn 0.1302 0.2665 0.9550
vn -0.0542 0.5057 0.8610
vn 0.0577 0.4527 0.8898
vn -0.5483 -0.5149 0.6590
vn -0.9658 -0.0158 0.2588
vn -0.9764 -0.0928 0.1950
vn -0.5976 0.4317 0.6756
vn 0.2431 -0.2795 0.9288
vn 0.5285 -0.6537 0.5417
vn 0.6685 -0.5757 0.4708
vn 0.4207 -0.2232 0.8793
vn 0.5417 -0.7961 0.2698
vn 0.6806 -0.7009 0.2135
vn 0.7962 -0.5850 0.1543
vn 0.7978 -0.4633 0.3860
vn 0.5972 -0.1240 0.7924
vn -0.1272 -0.4240 -0.8967
vn 0.0278 -0.5132 -0.8578
vn 0.0223 -0.5482 -0.8360
vn -0.1904 -0.5057 -0.8414
vn -0.3322 -0.5178 -0.7883
vn -0.1861 -0.4574 -0.8696
vn -0.2745 -0.7042 -0.6548
vn -0.0968 -0.6706 -0.7355
vn 0.2585 -0.8174 -0.5147
vn 0.0605 -0.8793 -0.4723
vn 0.1105 -0.5820 -0.8057
vn 0.4346 -0.7055 -0.5599
vn -0.9551 0.1550 0.2523
vn -0.8091 0.2681 0.5229
vn -0.7697 0.3918 0.5040
vn -0.9354 0.2816 0.2137
vn -0.9829 0.1841 -0.0011
vn -0.9973 0.0495 0.0541
vn -0.6289 -0.2683 0.7298
vn -0.7511 -0.4317 0.4994
vn -0.4715 -0.6941 0.5440
vn -0.4251 -0.4716 0.7726
vn -0.7919 -0.5201 0.3200
vn -0.4957 -0.7777 0.3867
vn 0.1925 0.4237 0.8851
vn 0.4651 0.3399 0.8174
vn 0.4273 0.4330 0.7937
vn 0.2832 0.5013 0.8176
vn 0.7021 0.0690 0.7087
vn 0.6208 0.1457 0.7703
vn 0.7346 -0.0050 0.6784
vn 0.4872 0.3577 0.7967
vn 0.2693 0.2264 0.9361
vn 0.8657 0.1362 0.4816
vn 0.7528 0.3921 0.5288
vn 0.8099 -0.3400 0.4780
vn 0.8303 -0.3438 0.4386
vn 0.8019 -0.5801 0.1429
vn 0.8120 -0.5720 0.1160
vn 0.9834 0.0572 0.1721
vn 0.9957 -0.0416 -0.0824
vn 0.9715 0.1401 -0.1912
vn 0.9440 0.2861 0.1645
vn 0.8976 -0.4312 0.0916
vn 0.9007 -0.3118 0.3024
vn 0.0666 0.1267 0.9897
vn -0.1132 0.0580 0.9919
vn 0.0596 0.5181 0.8532
vn -0.0542 0.4259 0.9031
vn -0.1181 0.4925 0.8623
vn -0.2342 0.4041 0.8842
vn 0.3466 -0.4094 -0.8440
vn 0.5710 -0.2547 -0.7804
vn 0.7250 -0.3314 -0.6038
vn 0.5723 -0.5674 -0.5921
vn 0.1747 -0.6140 -0.7698
vn 0.3487 -0.7195 -0.6006
vn 0.4454 -0.6951 -0.5642
vn 0.3001 -0.6164 -0.7280
vn -0.0130 -0.3828 -0.9238
vn -0.2755 -0.4473 -0.8509
vn -0.2565 -0.4936 -0.8310
vn -0.0000 -0.4774 -0.8787
vn -0.4461 -0.4724 -0.7602
vn -0.4095 -0.4905 -0.7693
vn -0.9226 -0.0980 0.3730
vn -0.7811 0.0599 0.6216
vn -0.7933 0.1483 0.5905
vn -0.9465 0.0137 0.3223
vn -0.9880 -0.0948 0.1218
vn -0.9633 -0.2034 0.1753
vn 0.1344 0.5005 0.8552
vn 0.4111 0.5441 0.7315
vn 0.4166 0.4943 0.7629
vn 0.1474 0.4813 0.8641
vn 0.7011 0.5409 0.4646
vn 0.7125 0.3974 0.5783
vn 0.9488 0.1849 0.2561
vn 0.8891 0.4528 0.0667
vn 0.9018 0.3044 -0.3068
vn 0.9866 -0.0968 -0.1315
vn -0.0946 0.3449 0.9339
vn -0.2719 0.2676 0.9244
vn 0.1289 0.4334 0.8919
vn 0.2745 -0.3504 -0.8955
vn 0.5569 -0.2178 -0.8015
vn -0.0146 -0.4621 -0.8867
vn -0.4378 -0.5485 -0.7123
vn -0.2590 -0.5199 -0.8140
vn -0.7569 -0.0552 0.6512
vn -0.8747 -0.2184 0.4327
vn -0.9237 -0.3068 0.2294
vn 0.4105 0.4901 0.7690
vn 0.7281 0.4555 0.5122
vn 0.9388 0.3168 0.1350
vn 0.9637 0.1532 -0.2187
vn -0.2756 0.3638 0.8898
vn -0.0976 0.4357 0.8948
vn -0.0814 0.4346 0.8970
vn -0.2542 0.3869 0.8864
vn 0.2676 -0.2679 -0.9255
vn 0.2823 -0.4205 -0.8622
vn 0.5270 -0.4020 -0.7487
vn 0.5251 -0.1095 -0.8439
vn 0.8324 -0.4005 0.3830
vn 0.8603 -0.5076 0.0465
vn 0.5864 0.0001 0.8100
vn -0.8970 0.4147 0.1532
vn -0.6804 0.5205 0.5160
vn -0.9408 0.3303 -0.0768
vn -0.3998 0.4685 0.7878
vn -0.4946 0.3622 0.7900
vn 0.0278 0.5810 0.8135
vn 0.1579 0.6004 0.7840
vn 0.2666 0.5415 0.7973
vn 0.3240 0.3979 0.8583
vn -0.1420 -0.8452 -0.5153
vn 0.0007 -0.6089 -0.7932
vn 0.1896 -0.8148 -0.5479
vn -0.8119 -0.1696 -0.5587
vn -0.4598 -0.3907 -0.7975
vn -0.5885 -0.4595 -0.6652
vn -0.8750 -0.2626 -0.4067
vn -0.1582 -0.5143 -0.8429
vn -0.1877 -0.5289 -0.8277
vn -0.8703 -0.3445 -0.3521
vn -0.6184 -0.4615 -0.6361
vn -0.6550 -0.4709 -0.5910
vn -0.8612 -0.4083 -0.3027
vn -0.5053 -0.7137 -0.4851
vn -0.6490 -0.5506 -0.5250
vn -0.7282 -0.6616 -0.1787
vn -0.8383 -0.4844 -0.2505
vn -0.4924 0.3016 0.8164
vn -0.5097 0.2468 0.8242
vn -0.3516 -0.0623 0.9341
vn -0.0033 -0.3570 0.9341
vn -0.5111 0.1211 0.8510
vn -0.2476 0.5659 0.7864
vn -0.4322 -0.4219 -0.7970
vn -0.8023 -0.1042 -0.5878
vn -0.1874 -0.9094 -0.3714
vn -0.5335 -0.8394 -0.1040
vn 0.2555 -0.7573 0.6010
vn 0.2439 -0.9030 0.3536
vn 0.6064 -0.7938 -0.0477
vn 0.6876 -0.6809 -0.2520
vn 0.6608 -0.7202 -0.2112
vn 0.6679 -0.7068 -0.2333
vn 0.7706 0.1042 -0.6288
vn 0.7973 -0.2387 -0.5543
vn 0.8501 -0.0206 -0.5262
vn 0.8307 -0.0348 -0.5556
vn 0.9202 -0.1687 -0.3531
vn 0.8357 -0.5273 -0.1534
vn 0.7291 -0.6773 -0.0987
vn 0.5958 -0.8009 -0.0600
vn 0.4449 -0.8951 -0.0288
vn 0.1758 -0.9824 0.0637
vn -0.5200 -0.8315 0.1953
vn -0.8082 -0.5781 0.1119
vn -0.9202 -0.3912 0.0118
vn -0.9523 -0.3034 -0.0329
vn -0.9757 -0.2049 -0.0781
vn -0.9870 -0.0750 -0.1422
vn -0.9702 0.0421 -0.2386
vn -0.9309 0.1839 -0.3155
vn 0.3244 0.7521 0.5737
vn 0.0216 0.8072 0.5899
vn -0.0726 0.2536 0.9646
vn 0.4300 0.4481 0.7838
vn -0.1864 0.7975 0.5738
vn -0.3117 0.2251 0.9231
vn -0.3095 -0.0094 0.9509
vn -0.0625 0.0313 0.9976
vn 0.4487 0.2191 0.8664
vn -0.4887 0.5555 0.6728
vn -0.6820 0.2536 0.6859
vn -0.8679 0.3013 0.3949
vn -0.6331 0.5150 0.5779
vn -0.8065 0.0067 0.5913
vn -0.9435 0.1960 0.2673
vn -0.6422 0.7572 0.1192
vn -0.8604 0.4953 0.1196
vn -0.8180 0.3274 0.4729
vn -0.6706 0.6381 0.3783
vn -0.9414 0.2838 0.1825
vn -0.8392 0.1239 0.5294
vn -0.1047 0.7095 0.6968
vn 0.1134 0.6850 0.7197
vn 0.1158 0.7906 0.6013
vn -0.0946 0.7899 0.6059
vn 0.4388 0.5385 0.7194
vn 0.4390 0.6775 0.5901
vn 0.2083 0.9336 0.2917
vn -0.0267 0.9611 0.2748
vn 0.4673 0.8150 0.3427
vn 0.8610 -0.3292 0.3877
vn 0.7655 -0.5975 0.2387
vn 0.7895 -0.5661 0.2371
vn 0.9030 -0.2798 0.3259
vn 0.5562 -0.8270 0.0821
vn 0.5749 -0.7968 0.1862
vn 0.4377 -0.2315 0.8688
vn 0.4481 -0.4674 0.7621
vn 0.7690 -0.4537 0.4504
vn 0.7881 -0.1605 0.5943
vn 0.3982 -0.7208 0.5673
vn 0.5890 -0.7732 0.2352
vn 0.2379 -0.9606 -0.1440
vn -0.0582 -0.9431 -0.3274
vn -0.0613 -0.9966 0.0549
vn 0.2484 -0.9573 0.1476
vn 0.0743 -0.8423 0.5339
vn 0.2340 -0.9673 0.0976
vn -0.1459 -0.8571 0.4941
vn -0.0397 -0.9977 0.0548
vn -0.0522 -0.4989 0.8651
vn -0.2456 -0.5138 0.8220
vn -0.0659 -0.3251 0.9434
vn -0.2747 -0.3451 0.8975
vn 0.6623 0.5993 0.4497
vn 0.7383 0.3630 0.5685
vn 0.6870 0.3079 0.6582
vn 0.7908 0.1322 0.5976
vn 0.8337 0.2304 0.5019
vn 0.7097 0.4408 0.5496
vn -0.8568 -0.5048 0.1054
vn -0.6427 -0.7661 -0.0084
vn -0.6006 -0.7174 0.3529
vn -0.7221 -0.5018 0.4762
vn -0.7806 -0.3072 0.5443
vn -0.9467 -0.2548 0.1970
vn -0.6113 -0.6763 -0.4111
vn -0.8133 -0.4867 -0.3189
vn -0.7981 -0.5966 -0.0844
vn -0.6171 -0.7810 -0.0961
vn -0.9727 -0.2032 -0.1118
vn -0.9351 -0.3401 0.0994
vn -0.8906 0.4512 -0.0568
vn -0.8315 0.5353 0.1486
vn -0.8590 0.4909 0.1451
vn -0.9123 0.4075 -0.0397
vn -0.6471 0.6065 0.4619
vn -0.6703 0.6128 0.4186
vn 0.4305 0.4868 0.7601
vn 0.0830 0.6350 0.7680
vn 0.0075 0.5849 0.8111
vn 0.3622 0.4728 0.8033
vn -0.1446 0.6739 0.7245
vn -0.2034 0.5971 0.7760
vn 0.9003 -0.4348 -0.0207
vn 0.7153 -0.6240 -0.3146
vn 0.7083 -0.6416 -0.2945
vn 0.8879 -0.4598 -0.0149
vn 0.9411 -0.2446 0.2336
vn 0.9476 -0.2193 0.2324
vn 0.3846 -0.7275 -0.5682
vn 0.0535 -0.7172 -0.6948
vn 0.0448 -0.7031 -0.7097
vn 0.3929 -0.7384 -0.5481
vn 0.8147 0.3218 0.4824
vn 0.7008 0.4948 0.5140
vn 0.4684 0.7249 0.5051
vn -0.9647 -0.1662 -0.2045
vn -0.8454 -0.4518 -0.2849
vn -0.6055 -0.7156 -0.3483
vn -0.8079 0.5882 -0.0357
vn -0.9021 0.4234 -0.0839
vn -0.6331 0.7665 0.1085
vn 0.1582 0.8639 0.4781
vn -0.1001 0.9021 0.4198
vn 0.6464 -0.7598 -0.0695
vn 0.8690 -0.4701 0.1544
vn 0.9293 -0.1719 0.3269
vn 0.3119 -0.9176 -0.2462
vn 0.0271 -0.9495 -0.3127
vn 0.6951 0.2798 0.6623
vn 0.6573 0.2893 0.6959
vn 0.8029 0.1495 0.5771
vn 0.8153 0.1341 0.5633
vn -0.7333 -0.1902 -0.6528
vn -0.8654 0.0561 -0.4980
vn -0.8828 0.0490 -0.4671
vn -0.7311 -0.1862 -0.6563
vn -0.5397 -0.3728 -0.7548
vn -0.5238 -0.4269 -0.7372
vn 0.6099 -0.7806 0.1363
vn 0.3079 -0.9185 0.2481
vn 0.2867 -0.9056 0.3125
vn 0.3846 -0.9148 0.1232
vn -0.0119 -0.9169 0.3990
vn 0.2305 -0.6170 0.7525
vn 0.4723 -0.2827 0.8349
vn 0.3107 -0.8772 0.3660
vn 0.2928 -0.9452 0.1447
vn -0.1159 0.8658 0.4867
vn 0.1006 0.8801 0.4639
vn 0.1125 0.9435 0.3116
vn -0.1360 0.9198 0.3680
vn 0.4267 0.7890 0.4421
vn 0.4327 0.8580 0.2769
vn 0.4152 0.8897 0.1898
vn 0.1098 0.9631 0.2458
vn -0.1490 0.9423 0.2998
vn 0.7250 0.5528 0.4109
vn 0.7277 0.6306 0.2699
vn 0.8754 0.3126 0.3689
vn 0.8970 0.3647 0.2497
vn 0.9056 0.3972 0.1486
vn 0.7189 0.6743 0.1690
vn 0.9456 -0.2552 0.2016
vn 0.8297 -0.5408 0.1383
vn 0.8667 -0.4988 0.0101
vn 0.9729 -0.2194 0.0730
vn 0.7028 -0.7114 0.0009
vn 0.7387 -0.6694 -0.0786
vn 0.8715 -0.4894 -0.0325
vn 0.9719 -0.2312 0.0436
vn 0.0464 -0.1441 0.9885
vn 0.5063 0.5628 0.6534
vn -0.4012 -0.7968 0.4519
vn -0.3462 -0.8408 -0.4163
vn -0.3719 -0.9283 -0.0022
vn -0.2763 -0.5633 -0.7787
vn -0.2487 -0.6022 -0.7586
vn -0.2617 -0.8970 -0.3563
vn -0.3108 -0.9505 -0.0028
vn -0.3470 -0.8307 0.4353
vn -0.4576 -0.3436 0.8201
vn -0.4158 -0.5064 0.7555
vn -0.5211 -0.0034 0.8535
vn -0.5209 0.2079 0.8279
vn -0.3972 0.7624 0.5109
vn -0.3058 0.9291 0.2080
vn -0.3418 0.8862 0.3128
vn -0.3814 0.6070 0.6972
vn -0.3680 0.6777 0.6366
vn -0.3137 0.6703 0.6725
vn -0.2673 0.7294 0.6298
vn -0.3453 0.8663 0.3609
vn -0.3080 0.8395 0.4477
vn -0.2723 0.7931 0.5448
vn 0.9052 -0.3026 0.2983
vn 0.8345 -0.5449 0.0818
vn 0.6440 -0.7493 -0.1542
vn 0.4383 0.4841 0.7573
vn 0.6948 0.2694 0.6668
vn 0.8025 0.1176 0.5849
vn -0.5780 -0.4954 -0.6484
vn -0.7792 -0.3185 -0.5399
vn -0.9423 -0.0623 -0.3289
vn -0.9447 0.3218 0.0638
vn -0.8889 0.4062 0.2119
vn -0.6826 0.5641 0.4646
vn -0.1245 0.6739 0.7283
vn 0.1040 0.6348 0.7657
vn -0.3575 0.6643 0.6564
vn -0.0019 -0.8101 -0.5862
vn -0.3235 -0.6663 -0.6718
vn 0.3341 -0.8504 -0.4064
vn -0.9026 -0.0642 -0.4257
vn -0.7866 -0.3217 -0.5271
vn -0.5642 -0.5802 -0.5874
vn -0.6223 0.6840 0.3807
vn -0.8064 0.5861 0.0786
vn -0.8798 0.4641 -0.1025
vn 0.6846 -0.6854 -0.2478
vn 0.8878 -0.4596 0.0236
vn 0.9437 -0.2087 0.2568
vn 0.7921 0.2022 0.5759
vn 0.6258 0.3325 0.7056
vn 0.3141 0.5194 0.7947
vn -0.0429 0.6270 0.7779
vn -0.2277 0.6527 0.7226
vn -0.3875 0.6721 0.6310
vn -0.2373 -0.7568 -0.6090
vn 0.0478 -0.8300 -0.5558
vn 0.3481 -0.8111 -0.4700
vn 0.5146 -0.7929 0.3263
vn 0.7483 0.5787 0.3243
vn 0.8149 -0.0271 0.5790
vn 0.7475 0.6510 0.1318
vn 0.7538 0.6526 0.0768
vn 0.8162 0.5201 0.2518
vn 0.8684 -0.0115 0.4958
vn -0.0047 0.7065 0.7077
vn -0.1113 0.8191 0.5628
vn 0.0969 0.7440 0.6611
vn -0.0825 0.8111 0.5791
vn -0.8019 0.5897 -0.0960
vn -0.8207 0.5342 -0.2028
vn -0.7840 0.6185 -0.0531
vn -0.8260 0.4816 -0.2928
vn -0.8214 0.4717 -0.3205
vn -0.7412 0.6711 -0.0165
vn -0.7983 0.4636 -0.3845
vn 0.9468 0.2197 0.2352
vn 0.8599 0.4544 0.2328
vn 0.8273 -0.3754 0.4178
vn 0.8032 -0.2795 0.5261
vn 0.5367 -0.7823 0.3161
vn 0.3999 -0.8721 0.2820
vn 0.5065 -0.8465 0.1638
vn 0.4150 -0.9010 0.1266
vn 0.5772 -0.8127 0.0797
vn 0.6424 -0.7587 0.1084
vn 0.8494 -0.5249 -0.0548
vn 0.9636 -0.2599 0.0629
vn 0.7280 -0.6656 -0.1644
vn 0.7226 0.6797 0.1261
vn 0.4112 0.8912 0.1916
vn 0.9073 0.4099 0.0942
vn 0.0877 0.9669 0.2394
vn -0.1626 0.9514 0.2615
vn -0.6175 0.7253 -0.3043
vn -0.6592 0.6922 -0.2939
vn -0.5743 0.8183 -0.0234
vn -0.4870 0.8734 0.0029
vn -0.6571 0.7535 -0.0214
vn -0.5713 0.8073 0.1480
vn -0.4665 0.8699 0.1600
vn -0.4653 0.2226 -0.8567
vn -0.5709 0.3720 -0.7319
vn -0.6487 0.5243 -0.5517
vn -0.6093 0.5087 -0.6082
vn -0.6385 0.3569 -0.6818
vn -0.5751 0.3005 -0.7609
vn 0.3902 -0.6267 -0.6745
vn 0.5708 -0.7494 -0.3355
vn 0.2093 -0.4174 -0.8843
vn 0.1626 -0.3983 -0.9027
vn 0.4018 -0.5827 -0.7064
vn 0.6143 -0.7003 -0.3636
vn 0.3784 -0.9256 0.0098
vn 0.2793 -0.9600 -0.0196
vn 0.4438 -0.8919 -0.0873
vn 0.3723 -0.9180 -0.1364
vn 0.2637 -0.9208 0.2876
vn 0.4709 -0.3534 0.8083
vn 0.2525 -0.9602 0.1198
vn -0.7125 0.7014 -0.0179
vn -0.6281 0.7680 0.1252
vn -0.3882 0.8799 0.2739
vn -0.4821 0.8285 0.2848
vn -0.6277 0.4585 -0.6291
vn -0.6252 0.7218 -0.2969
vn -0.4868 0.1363 -0.8628
vn -0.4690 0.8799 0.0760
vn -0.4676 0.1749 -0.8665
vn -0.2297 0.0417 -0.9724
vn 0.4070 -0.5787 -0.7067
vn 0.1030 -0.4383 -0.8929
vn 0.6358 -0.6807 -0.3639
vn 0.6481 -0.7601 -0.0467
vn 0.6985 -0.7128 -0.0629
vn 0.6348 -0.7726 -0.0120
vn 0.7127 -0.6989 -0.0607
vn 0.5797 -0.8005 -0.1521
vn 0.5462 -0.8057 -0.2292
vn 0.7070 0.5557 0.4374
vn 0.7555 0.6503 0.0793
vn 0.9228 0.1800 0.3407
vn 0.8731 0.4516 0.1838
vn -0.3360 0.8226 0.4587
vn -0.0857 0.7814 0.6181
vn 0.3339 0.7001 0.6312
vn -0.5155 0.8142 0.2671
vn 0.3392 -0.9392 0.0539
vn 0.4757 -0.8793 0.0240
vn 0.3915 -0.9199 -0.0242
vn 0.5515 -0.8317 -0.0639
vn 0.3666 -0.9246 -0.1034
vn 0.2793 -0.9601 0.0118
vn 0.5527 -0.8117 -0.1891
vn 0.0114 -0.1659 -0.9861
vn -0.1277 -0.1297 -0.9833
vn 0.9792 0.0709 0.1903
vn 0.9118 -0.1264 0.3907
vn 0.9876 0.1195 0.1018
vn 0.9885 0.1076 0.1061
vn 0.9807 0.0916 0.1730
vn 0.9535 0.0613 0.2952
vn 0.9022 0.0167 0.4310
vn 0.8521 -0.0555 0.5205
vn 0.8738 -0.0513 0.4836
vn 0.8970 -0.0212 0.4416
vn 0.8977 0.0017 0.4405
vn 0.8976 0.0426 0.4388
vn 0.8955 0.1275 0.4264
vn 0.7687 0.1312 0.6260
vn 0.4434 -0.0082 0.8963
vn -0.0663 -0.1426 0.9876
vn -0.2956 -0.1763 0.9389
vn -0.4939 -0.1693 0.8529
vn -0.8228 -0.0802 0.5627
vn -0.9741 0.0385 0.2226
vn -0.9759 0.1757 -0.1297
vn -0.9269 0.2592 -0.2714
vn -0.9136 0.3127 -0.2601
vn -0.9331 0.2889 -0.2140
vn -0.9753 0.2054 -0.0816
vn -0.9878 0.0839 0.1311
vn -0.9079 -0.1034 0.4062
vn -0.3257 -0.2732 0.9051
vn 0.6852 -0.1015 0.7213
vn 0.9135 0.1565 0.3755
vn 0.7751 0.2766 0.5681
vn 0.5488 0.2122 0.8086
vn 0.4431 0.2574 0.8587
vn -0.2305 -0.2096 -0.9502
vn -0.9839 0.1068 0.1432
vn -0.8695 0.3631 0.3349
vn -0.8336 0.0219 0.5520
vn -0.9549 -0.1401 0.2619
vn -0.7868 -0.1942 0.5859
vn -0.8884 -0.3573 0.2883
vn -0.5463 0.3496 0.7611
vn -0.5447 0.0052 0.8386
vn -0.5948 0.6223 0.5090
vn -0.2461 0.5298 0.8116
vn -0.2605 0.3589 0.8963
vn 0.0171 0.7081 0.7059
vn -0.0141 0.5866 0.8098
vn -0.2567 0.7319 0.6312
vn 0.1270 0.8108 0.5714
vn -0.5054 -0.8223 -0.2615
vn -0.4326 -0.8563 -0.2821
vn -0.4705 -0.8147 -0.3390
vn -0.5030 -0.8086 -0.3051
vn -0.3769 -0.7105 -0.5942
vn -0.3879 -0.7313 -0.5609
vn -0.4829 -0.7803 -0.3974
vn -0.3866 -0.6592 -0.6450
vn -0.4475 -0.8223 -0.3515
vn -0.0400 -0.1753 -0.9837
vn -0.0441 -0.2315 -0.9718
vn -0.2154 -0.4825 -0.8490
vn -0.2062 -0.4267 -0.8806
vn -0.1936 -0.5369 -0.8211
vn 0.0135 -0.2940 -0.9557
vn -0.3013 -0.7214 -0.6236
vn -0.4203 -0.8139 -0.4011
vn -0.4975 -0.7980 -0.3401
vn -0.3729 -0.7273 -0.5762
vn -0.5373 -0.8025 -0.2594
vn -0.4420 -0.8527 -0.2784
vn 0.0690 -0.3304 -0.9413
vn -0.1612 -0.5596 -0.8130
vn -0.1255 -0.5540 -0.8230
vn 0.0941 -0.3223 -0.9419
vn 0.7549 0.6366 0.1576
vn 0.7848 0.6173 0.0553
vn 0.7841 0.6204 0.0182
vn 0.7453 0.6479 0.1577
vn 0.7755 0.6307 -0.0287
vn 0.7375 0.6569 0.1568
vn 0.7838 0.6200 -0.0372
vn 0.7656 0.6263 -0.1472
vn 0.7888 0.6143 0.0207
vn 0.5445 0.6997 0.4626
vn 0.6397 0.6735 0.3703
vn 0.6794 0.6655 0.3091
vn 0.6460 0.6813 0.3444
vn 0.7101 0.6476 0.2764
vn 0.6840 0.6503 0.3305
vn 0.3259 0.5419 0.7747
vn 0.5163 0.6109 0.6001
vn 0.4090 0.6854 0.6025
vn 0.2196 0.5986 0.7703
vn 0.3918 0.6991 0.5981
vn 0.1886 0.6183 0.7630
vn 0.5375 0.6956 0.4766
vn 0.6158 0.6261 0.4784
vn 0.7006 -0.7135 -0.0109
vn -0.2810 -0.4468 0.8493
vn -0.9187 -0.1335 0.3718
vn 0.5826 -0.8031 0.1246
vn -0.9667 0.0325 0.2537
vn 0.0762 -0.6334 0.7701
vn -0.9478 0.3038 0.0973
vn -0.9820 0.1677 0.0869
vn -0.8399 0.4793 0.2546
vn 0.4554 0.1378 -0.8795
vn 0.4612 0.1549 -0.8737
vn 0.5729 0.3288 -0.7508
vn 0.5570 0.3112 -0.7700
vn 0.6728 0.4921 -0.5525
vn 0.6693 0.4926 -0.5562
vn 0.5447 0.3572 -0.7588
vn 0.6544 0.5038 -0.5638
vn 0.4164 0.1914 -0.8888
vn 0.3449 0.2684 -0.8994
vn 0.5024 0.4040 -0.7644
vn 0.4949 0.3843 -0.7794
vn 0.3559 0.2309 -0.9055
vn 0.6133 0.5177 -0.5966
vn 0.5858 0.5123 -0.6280
vn 0.2293 0.6389 0.7343
vn 0.1983 0.5644 0.8013
vn -0.0179 0.3122 0.9498
vn -0.0412 0.4380 0.8981
vn -0.6314 -0.2772 0.7242
vn -0.7507 0.1245 0.6489
vn 0.2287 0.2624 0.9375
vn 0.1322 -0.3302 0.9346
vn 0.2156 0.5142 0.8302
vn -0.8804 -0.4262 -0.2079
vn -0.7803 -0.5829 -0.2269
vn -0.6375 -0.6492 -0.4149
vn -0.6951 -0.5908 -0.4097
vn -0.5387 -0.6726 -0.5074
vn -0.5466 -0.6378 -0.5426
vn -0.6027 -0.6992 -0.3845
vn -0.5707 -0.7044 -0.4220
vn -0.6437 -0.6971 -0.3157
vn -0.5881 -0.7699 -0.2479
vn -0.6173 -0.7772 -0.1220
vn -0.5479 -0.8028 -0.2351
vn -0.5855 -0.7644 -0.2700
vn -0.3801 -0.8767 -0.2949
vn -0.5314 -0.8333 -0.1524
vn -0.2961 -0.9253 -0.2369
vn -0.5469 -0.8341 -0.0721
vn -0.2726 -0.6821 -0.6786
vn -0.1204 -0.5166 -0.8477
vn 0.1104 -0.2852 -0.9521
vn 0.8419 0.5382 0.0390
vn 0.8076 0.5861 0.0658
vn 0.7628 0.6220 0.1770
vn 0.7728 0.6051 0.1912
vn 0.9008 0.4335 -0.0240
vn 0.8200 0.5671 0.0773
vn 0.8683 0.4493 0.2101
vn 0.7253 0.5736 0.3807
vn 0.7046 0.5949 0.3868
vn 0.8015 0.4808 0.3556
vn 0.7350 0.5031 0.4547
vn 0.6256 0.5010 0.5980
vn 0.4287 0.4341 0.7923
vn -0.7863 0.4177 0.4553
vn -0.7537 0.1498 0.6399
vn -0.6365 0.0914 0.7659
vn -0.8726 0.0996 0.4781
vn -0.8593 0.3713 0.3518
vn -0.8631 -0.0855 0.4978
vn 0.7027 0.4618 -0.5413
vn 0.5649 0.2709 -0.7794
vn 0.4547 0.1113 -0.8836
vn -0.9309 -0.3541 -0.0896
vn -0.8376 -0.5213 -0.1635
vn -0.9271 -0.3669 0.0770
vn -0.9971 0.0752 0.0076
vn -0.0739 0.1692 0.9828
vn -0.0947 0.2001 0.9752
vn -0.4745 0.0815 0.8765
vn -0.2990 0.1056 0.9484
vn -0.2000 -0.9721 0.1223
vn -0.3547 -0.8249 -0.4402
vn -0.5234 -0.8147 0.2497
vn 0.7369 0.5976 -0.3162
vn 0.7367 0.5966 -0.3183
vn 0.7623 0.6306 -0.1458
vn 0.7618 0.6326 -0.1395
vn 0.7290 0.6012 -0.3272
vn 0.7727 0.5636 -0.2922
vn 0.8005 0.5907 -0.1016
vn 0.1335 0.2914 0.9472
vn 0.0791 0.3717 0.9250
vn 0.6975 0.6481 -0.3056
vn 0.7056 0.6965 -0.1301
vn 0.7461 0.6612 -0.0780
vn 0.7337 0.6426 -0.2208
vn 0.7097 0.6904 0.1405
vn 0.6602 0.7424 0.1139
vn 0.3409 -0.0391 -0.9393
vn 0.3244 -0.0482 -0.9447
vn 0.2427 -0.0226 -0.9698
vn 0.3049 -0.0546 -0.9508
vn 0.1665 0.0243 -0.9857
vn 0.1483 0.0736 -0.9862
vn 0.7040 0.5871 0.3996
vn 0.7181 0.6143 0.3270
vn 0.6237 0.4775 0.6189
vn 0.9270 0.1423 0.3469
vn 0.8294 0.5531 0.0780
vn 0.7800 0.6258 0.0078
vn 0.8297 0.4866 0.2735
vn 0.9262 0.2514 0.2809
vn -0.6956 -0.7096 -0.1126
vn -0.6156 -0.7291 -0.2992
vn -0.3800 -0.8080 -0.4503
vn -0.3991 -0.8748 -0.2747
vn 0.0309 -0.9791 -0.2011
vn -0.0510 -0.9886 0.1418
vn -0.2799 -0.9589 0.0461
vn -0.2246 -0.9261 -0.3031
vn -0.5025 -0.8617 -0.0703
vn -0.4572 -0.8053 -0.3774
vn -0.2480 -0.6993 0.6705
vn -0.4243 -0.6940 0.5816
vn -0.0382 -0.6741 0.7376
vn 0.5505 -0.0682 -0.8320
vn 0.5726 0.0146 -0.8197
vn 0.4131 -0.0370 -0.9099
vn 0.4152 -0.1338 -0.8998
vn 0.1248 -0.1651 -0.9783
vn 0.1549 -0.2759 -0.9486
vn 0.6187 -0.1205 -0.7764
vn 0.4496 -0.4816 -0.7522
vn 0.2203 -0.5138 -0.8292
vn 0.4140 -0.1413 -0.8992
vn -0.0323 -0.4735 -0.8802
vn 0.1446 -0.0987 -0.9846
vn 0.9344 0.1977 0.2963
vn 0.9520 0.1886 0.2412
vn 0.8048 0.1283 0.5796
vn 0.7777 0.1503 0.6104
vn 0.9755 0.2072 0.0733
vn 0.9765 0.2132 0.0302
vn 0.8046 -0.4430 0.3954
vn 0.8872 -0.1843 0.4230
vn 0.7097 -0.2208 0.6691
vn 0.6457 -0.4015 0.6495
vn 0.8903 -0.4110 0.1961
vn 0.9647 -0.1514 0.2153
vn -0.5079 -0.2343 0.8289
vn -0.5590 -0.2229 0.7986
vn -0.3446 -0.1011 0.9333
vn -0.3622 -0.0805 0.9286
vn -0.6821 -0.5073 0.5268
vn -0.7474 -0.3980 0.5320
vn -0.6368 -0.5861 0.5010
vn -0.5823 -0.2193 0.7828
vn -0.8319 -0.0814 0.5489
vn -0.8437 -0.3996 0.3584
vn -0.3712 -0.3189 0.8721
vn -0.7351 -0.6764 0.0447
vn -0.8485 -0.5244 0.0718
vn -0.6570 -0.6878 -0.3086
vn -0.7728 -0.5327 -0.3449
vn -0.9280 -0.3638 -0.0811
vn -0.9968 0.0390 0.0703
vn -0.9305 0.1073 -0.3502
vn -0.8583 -0.3380 -0.3862
vn -0.6547 -0.7404 -0.1526
vn -0.6020 -0.6875 -0.4061
vn -0.1412 -0.3421 0.9290
vn 0.0716 -0.3213 0.9443
vn -0.1199 -0.0408 0.9919
vn -0.2028 -0.0282 0.9788
vn 0.0803 -0.0158 0.9966
vn -0.0081 -0.0193 0.9998
vn -0.2552 -0.3874 -0.8859
vn -0.1352 0.0093 -0.9908
vn -0.4855 -0.2685 -0.8320
vn -0.4455 0.1286 -0.8860
vn -0.3966 -0.4117 -0.8205
vn -0.3479 -0.5406 -0.7659
vn -0.1377 -0.4299 -0.8923
vn -0.1866 -0.3132 -0.9312
vn 0.4433 0.0944 -0.8914
vn 0.4812 0.1529 -0.8632
vn 0.1731 0.2128 -0.9616
vn 0.1392 0.0541 -0.9888
vn 0.6132 0.1018 -0.7833
vn 0.6666 0.0985 -0.7389
vn 0.9860 -0.0743 0.1495
vn 0.9836 0.1357 0.1189
vn 0.9319 0.0863 0.3524
vn 0.9174 -0.1186 0.3799
vn 0.7640 0.0378 0.6441
vn 0.7565 -0.1651 0.6328
vn -0.3218 -0.0932 0.9422
vn -0.3136 -0.0857 0.9457
vn -0.5588 -0.1153 0.8212
vn -0.5724 -0.0336 0.8193
vn -0.7873 -0.1856 0.5879
vn -0.8154 0.0393 0.5775
vn -0.9555 -0.2519 0.1534
vn -0.9850 0.0954 0.1441
vn -0.8910 -0.2784 -0.3587
vn -0.9245 0.1330 -0.3572
vn -0.0840 -0.1689 0.9820
vn 0.1423 -0.1872 0.9719
vn -0.3280 -0.1260 0.9363
vn -0.1196 0.2705 -0.9553
vn -0.4227 0.3406 -0.8398
vn 0.2006 0.1788 -0.9632
vn 0.4943 0.1010 -0.8634
vn 0.6818 0.0566 -0.7294
vn 0.9747 -0.1314 0.1809
vn 0.8982 -0.1657 0.4071
vn 0.7392 -0.1914 0.6457
vn -0.8207 0.0709 0.5670
vn -0.5662 -0.0499 0.8228
vn -0.8905 0.3065 -0.3363
vn -0.9706 0.2134 0.1111
vn -0.0744 -0.0709 0.9947
vn -0.0670 -0.1322 0.9890
vn 0.1533 -0.1582 0.9754
vn 0.1291 -0.0670 0.9894
vn -0.2087 -0.0300 -0.9775
vn -0.1737 0.2543 -0.9514
vn -0.4506 0.2567 -0.8550
vn -0.4496 -0.1127 -0.8861
vn -0.5004 -0.8219 -0.2723
vn -0.4944 -0.8692 0.0021
vn -0.3275 -0.9360 -0.1294
vn -0.4781 -0.6475 0.5935
vn -0.1391 -0.9903 0.0049
vn 0.9047 0.4247 -0.0339
vn 0.9093 0.3739 0.1827
vn 0.7844 0.2661 0.5602
vn 0.3583 0.0283 0.9332
vn 0.3946 0.0443 0.9178
vn -0.2898 0.0650 0.9549
vn -0.2672 0.0314 0.9631
vn -0.1276 0.0465 0.9907
vn -0.1987 0.0678 0.9777
vn -0.2949 -0.1162 0.9484
vn -0.3535 -0.0406 0.9346
vn -0.4148 -0.2377 0.8783
vn -0.0482 -0.7212 0.6911
vn -0.1225 -0.4694 -0.8745
vn 0.1472 -0.2821 -0.9480
vn -0.3041 -0.6097 -0.7320
vn 0.8973 0.1356 -0.4201
vn 0.9119 0.1451 -0.3839
vn 0.7401 0.0643 -0.6694
vn 0.7083 0.0095 -0.7058
vn 0.4994 0.0062 -0.8664
vn 0.3872 -0.0966 -0.9169
vn 0.8270 0.0471 -0.5602
vn 0.7816 0.1092 -0.6142
vn 0.9259 0.1372 -0.3520
vn 0.9465 0.0038 -0.3228
vn 0.8415 0.0131 -0.5401
vn 0.8115 -0.0734 -0.5798
vn 0.9533 -0.0394 -0.2994
vn 0.9551 -0.0589 -0.2905
vn 0.4214 -0.0342 0.9062
vn 0.4475 -0.1763 0.8767
vn 0.3653 -0.2772 0.8887
vn 0.2252 -0.6090 0.7606
vn 0.4365 -0.1978 0.8777
vn 0.2523 0.0885 0.9636
vn 0.2494 0.1364 0.9587
vn 0.6326 0.1381 -0.7621
vn 0.8129 0.3161 -0.4891
vn 0.9288 -0.2214 -0.2971
vn 0.6989 -0.3908 -0.5990
vn 0.2607 -0.9346 0.2418
vn 0.3723 -0.9265 -0.0548
vn -0.4373 -0.7382 -0.5136
vn -0.5239 -0.6292 -0.5742
vn -0.5939 -0.4851 -0.6419
vn -0.6697 -0.1957 -0.7163
vn -0.6943 0.2053 -0.6898
vn -0.6861 0.3505 -0.6375
vn -0.7379 0.1508 -0.6578
vn -0.7231 -0.3066 -0.6190
vn -0.5074 -0.6198 -0.5987
vn -0.3339 -0.7293 -0.5972
vn -0.0739 -0.8312 -0.5511
vn 0.1734 -0.8622 -0.4760
vn 0.4824 -0.8105 -0.3322
vn 0.9408 -0.3387 -0.0132
vn 0.9946 -0.1016 -0.0211
vn 0.9941 -0.0880 -0.0630
vn 0.9832 0.1499 -0.1039
vn 0.9962 -0.0219 -0.0839
vn 0.9655 0.2043 -0.1613
vn 0.9726 0.1924 -0.1304
vn 0.8818 0.4104 -0.2323
vn 0.6243 -0.3708 -0.6876
vn 0.4687 -0.5530 -0.6889
vn -0.2638 0.0214 0.9643
vn -0.1024 -0.0701 0.9923
vn -0.1294 -0.3285 0.9356
vn 0.4267 -0.6977 -0.5754
vn -0.1051 -0.8387 -0.5343
vn 0.2024 -0.9663 -0.1589
vn 0.2554 -0.8471 0.4660
vn 0.3031 -0.7286 -0.6142
vn 0.7475 -0.1436 0.6485
vn 0.8438 -0.0782 -0.5310
vn -0.1325 -0.9910 0.0206
vn -0.2148 -0.9226 0.3204
vn -0.3765 -0.9005 0.2175
vn -0.3038 -0.9513 -0.0522
vn -0.5313 -0.8400 0.1101
vn -0.4601 -0.8792 -0.1234
vn -0.3634 -0.6169 0.6981
vn -0.5651 -0.5991 0.5672
vn -0.1753 -0.5838 0.7927
vn 0.3557 -0.1219 -0.9266
vn 0.4375 -0.1251 -0.8905
vn 0.2338 -0.1310 -0.9634
vn 0.2133 -0.1727 -0.9616
vn 0.4897 -0.1119 -0.8647
vn 0.5814 -0.1375 -0.8019
vn -0.0063 -0.6485 -0.7612
vn 0.2296 -0.3085 -0.9231
vn 0.4528 -0.3495 -0.8202
vn 0.2028 -0.6834 -0.7013
vn 0.6202 -0.3450 -0.7045
vn 0.3912 -0.6687 -0.6323
vn 0.7323 0.2949 0.6138
vn 0.7612 0.1881 0.6206
vn 0.8772 0.1776 0.4460
vn 0.8508 0.3023 0.4298
vn 0.5298 0.2559 0.8086
vn 0.5634 0.1697 0.8086
vn 0.6636 -0.4991 0.5573
vn 0.7556 -0.2336 0.6120
vn 0.5548 -0.1989 0.8078
vn 0.4878 -0.4081 0.7717
vn 0.7674 -0.5366 0.3508
vn 0.8738 -0.2727 0.4025
vn -0.7220 -0.5486 0.4216
vn -0.8443 -0.3371 0.4166
vn -0.7003 -0.1823 0.6902
vn -0.6414 -0.3531 0.6812
vn -0.4284 -0.0465 0.9024
vn -0.4227 -0.1331 0.8964
vn -0.7543 -0.5036 0.4212
vn -0.7366 -0.1231 0.6651
vn -0.9339 -0.0243 0.3566
vn -0.9161 -0.3367 0.2176
vn -0.5042 -0.2253 0.8337
vn -0.7221 -0.6793 0.1309
vn -0.8702 -0.4852 0.0862
vn -0.6426 -0.7465 -0.1725
vn -0.7723 -0.5686 -0.2832
vn -0.9207 -0.0213 -0.3897
vn -0.8662 -0.3744 -0.3308
vn -0.9288 -0.3576 -0.0973
vn -0.9975 -0.0046 -0.0710
vn -0.6215 -0.7570 -0.2015
vn -0.6860 -0.7275 0.0080
vn -0.2623 -0.2443 0.9335
vn -0.0490 -0.2183 0.9746
vn -0.1785 0.0211 0.9837
vn -0.1649 0.0376 0.9856
vn 0.0096 0.0789 0.9968
vn -0.0125 0.0944 0.9955
vn -0.2199 -0.5501 -0.8056
vn -0.0192 -0.2032 -0.9789
vn -0.4597 -0.3903 -0.7977
vn -0.3495 -0.0825 -0.9333
vn -0.2902 -0.3707 -0.8822
vn -0.2019 -0.6032 -0.7716
vn 0.0292 -0.3535 -0.9350
vn -0.0251 -0.2091 -0.9776
vn 0.5214 -0.0607 -0.8512
vn 0.4813 -0.0710 -0.8737
vn 0.6245 -0.0952 -0.7752
vn 0.6736 -0.0824 -0.7345
vn 0.2859 -0.0398 -0.9574
vn 0.2567 -0.0473 -0.9653
vn 0.7613 0.0166 0.6481
vn 0.7655 0.0757 0.6390
vn 0.5582 0.0816 0.8257
vn 0.5573 0.0470 0.8290
vn 0.8963 -0.0152 0.4433
vn 0.8906 0.0564 0.4513
vn -0.6943 0.1311 0.7077
vn -0.7107 0.0691 0.7001
vn -0.9125 0.0257 0.4083
vn -0.9140 0.1003 0.3930
vn -0.4204 0.1338 0.8974
vn -0.4337 0.0925 0.8963
vn -0.9981 -0.0571 0.0215
vn -0.9988 0.0467 -0.0135
vn -0.9074 -0.1196 -0.4029
vn -0.9164 0.0102 -0.4002
vn -0.1753 0.0218 0.9843
vn 0.0340 0.0193 0.9992
vn -0.4279 0.0364 0.9031
vn 0.0255 -0.0685 -0.9973
vn -0.3178 -0.0232 -0.9479
vn 0.3081 -0.1224 -0.9434
vn 0.5320 -0.1543 -0.8326
vn 0.6924 -0.1609 -0.7033
vn 0.5763 -0.0282 0.8168
vn 0.7675 -0.0641 0.6378
vn 0.8977 -0.1047 0.4279
vn -0.6929 0.0680 0.7178
vn -0.9182 0.0715 0.3896
vn -0.9207 -0.0000 -0.3903
vn -0.9987 0.0353 -0.0359
vn -0.1699 0.0987 0.9805
vn -0.1610 0.1235 0.9792
vn 0.0335 0.1086 0.9935
vn 0.0143 0.0937 0.9955
vn -0.0253 -0.0356 -0.9990
vn -0.0039 -0.0143 -0.9999
vn -0.3228 0.0018 -0.9465
vn -0.3063 -0.0441 -0.9509
vn -0.7660 -0.6324 0.1154
vn -0.7569 -0.4490 0.4748
vn -0.7060 -0.6844 -0.1821
vn 0.6897 0.4032 0.6015
vn 0.4846 0.3465 0.8032
vn 0.8088 0.4138 0.4178
vn 0.2503 0.1198 0.9607
vn 0.2144 0.1699 0.9618
vn -0.2125 0.0727 0.9745
vn -0.4657 -0.0753 0.8817
vn -0.0519 0.1464 0.9879
vn -0.6754 -0.2565 0.6914
vn -0.1724 -0.5650 -0.8068
vn 0.0973 -0.5850 -0.8052
vn 0.0814 -0.3108 -0.9470
vn 0.2211 -0.1902 -0.9565
vn 0.2127 -0.1329 -0.9680
vn 0.7230 -0.0255 -0.6904
vn 0.7950 -0.0976 -0.5987
vn 0.9563 0.1767 -0.2331
vn 0.9874 0.0425 -0.1523
vn 0.4133 0.0372 -0.9098
vn 0.3972 -0.0439 -0.9167
vn 0.2970 -0.0740 -0.9520
vn 0.2835 -0.0793 -0.9557
vn 0.8138 -0.1000 -0.5725
vn 0.8517 -0.1031 -0.5138
vn 0.9877 -0.0494 -0.1481
vn 0.9864 -0.0914 -0.1370
vn 0.9795 -0.1609 -0.1208
vn 0.9418 -0.3046 -0.1421
vn 0.8018 -0.3287 -0.4991
vn 0.8647 -0.1699 -0.4727
vn 0.2490 0.0875 0.9645
vn 0.2692 0.0818 0.9596
vn 0.2355 -0.1911 0.9529
vn 0.0807 -0.5355 0.8407
vn 0.2954 0.0084 0.9553
vn 0.1683 0.2341 0.9575
vn 0.7194 0.1695 -0.6736
vn 0.5912 0.0841 -0.8021
vn 0.9024 0.2859 -0.3223
vn 0.6104 -0.6203 -0.4926
vn 0.8561 -0.4879 -0.1706
vn 0.2013 -0.9683 0.1477
vn 0.0889 -0.8959 0.4352
vn -0.5223 -0.7103 -0.4718
vn -0.6343 -0.7156 -0.2924
vn -0.5637 -0.5225 -0.6397
vn -0.4546 -0.7514 -0.4783
vn -0.6350 -0.0950 -0.7667
vn -0.6720 0.0029 -0.7405
vn -0.7227 -0.0293 -0.6905
vn -0.6975 -0.0061 -0.7166
vn -0.7337 -0.3830 -0.5612
vn -0.5150 -0.7511 -0.4130
vn -0.3435 -0.8681 -0.3584
vn -0.1628 -0.9364 -0.3109
vn 0.0217 -0.9633 -0.2675
vn 0.3142 -0.9369 -0.1529
vn 0.8320 -0.5416 0.1200
vn 0.9413 -0.2929 0.1678
vn 0.9748 -0.1349 0.1779
vn 0.9763 0.0143 0.2158
vn 0.9803 -0.0543 0.1901
vn 0.9655 0.1383 0.2208
vn 0.9409 0.2815 0.1886
vn 0.9014 0.3780 0.2112
vn -0.3108 -0.5047 0.8054
vn -0.0684 -0.9756 0.2087
vn 0.0877 -0.9876 0.1299
vn -0.3322 -0.1512 0.9310
vn -0.3945 0.1483 0.9068
vn 0.7668 -0.4270 0.4793
vn 0.4458 -0.7888 0.4231
vn -0.3654 0.1435 0.9197
vn 0.9469 -0.1369 0.2911
vn -0.0679 0.0142 0.9976
vn -0.2770 -0.6730 0.6858
vn -0.4456 -0.6422 0.6237
vn -0.5584 -0.8267 0.0685
vn -0.4133 -0.9005 0.1356
vn -0.5095 -0.8330 -0.2160
vn -0.3576 -0.9181 -0.1709
vn -0.7002 -0.7139 0.0057
vn -0.6414 -0.7256 -0.2493
vn -0.6295 -0.5558 0.5431
vn 0.3626 -0.0853 -0.9281
vn 0.4241 -0.0999 -0.9001
vn 0.2350 -0.2080 -0.9495
vn 0.2340 -0.1984 -0.9518
vn 0.4542 -0.0680 -0.8883
vn 0.5577 -0.0711 -0.8270
vn 0.5333 -0.3019 -0.7902
vn 0.2138 -0.5945 -0.7751
vn 0.0283 -0.5718 -0.8199
vn 0.3485 -0.2735 -0.8965
vn -0.1657 -0.4922 -0.8545
vn 0.1306 -0.2138 -0.9681
vn 0.8238 0.3106 0.4743
vn 0.7774 0.4118 0.4755
vn 0.5124 0.3610 0.7792
vn 0.6232 0.2711 0.7336
vn 0.9156 0.3035 0.2637
vn 0.8744 0.4130 0.2548
vn 0.6045 -0.3999 0.6890
vn 0.4504 -0.6553 0.6065
vn 0.5687 -0.7464 0.3457
vn 0.7857 -0.4225 0.4518
vn 0.6322 -0.7564 0.1679
vn 0.8689 -0.4179 0.2653
vn -0.3956 -0.0151 0.9183
vn -0.5079 0.1412 0.8498
vn -0.6064 0.0173 0.7950
vn -0.6121 -0.1483 0.7768
vn -0.6841 -0.2973 0.6660
vn -0.7247 -0.4357 0.5338
vn -0.4317 -0.2262 0.8732
vn -0.6360 -0.1406 0.7588
vn -0.7883 -0.4188 0.4508
vn -0.8656 -0.0919 0.4922
vn -0.9181 -0.2726 0.2876
vn -0.6409 -0.7583 0.1197
vn -0.6835 -0.7180 0.1311
vn -0.5739 -0.7714 -0.2748
vn -0.5557 -0.8035 -0.2134
vn -0.9662 -0.2573 -0.0141
vn -0.9949 -0.0884 0.0495
vn -0.9430 -0.0901 -0.3203
vn -0.9206 -0.2500 -0.3001
vn -0.8221 -0.5684 -0.0336
vn -0.7635 -0.5878 -0.2675
vn -0.2110 -0.2975 0.9311
vn -0.0170 -0.3231 0.9462
vn -0.1671 0.0552 0.9844
vn -0.3382 0.1917 0.9213
vn 0.0079 0.0949 0.9955
vn -0.1896 0.1904 0.9632
vn -0.1070 -0.1420 -0.9841
vn -0.3554 -0.3533 -0.8654
vn -0.5251 -0.2322 -0.8188
vn -0.4144 -0.0612 -0.9080
vn 0.0670 -0.3778 -0.9234
vn 0.0030 -0.3970 -0.9178
vn -0.1480 -0.5755 -0.8043
vn -0.0999 -0.5633 -0.8202
vn 0.2171 0.0195 -0.9760
vn 0.2340 -0.0917 -0.9679
vn 0.4677 -0.0442 -0.8828
vn 0.4766 0.0107 -0.8791
vn 0.6062 -0.0205 -0.7950
vn 0.6376 0.0019 -0.7703
vn 0.8684 0.0301 0.4950
vn 0.8546 0.1723 0.4898
vn 0.6426 0.1421 0.7529
vn 0.6637 0.0328 0.7473
vn 0.9573 0.0246 0.2880
vn 0.9455 0.1637 0.2815
vn -0.3597 0.0741 0.9301
vn -0.3652 0.0549 0.9293
vn -0.6141 0.0136 0.7891
vn -0.6244 0.0795 0.7771
vn -0.8378 -0.1086 0.5350
vn -0.8744 0.0893 0.4769
vn -0.9573 -0.2636 0.1190
vn -0.9943 0.0967 0.0460
vn -0.8646 -0.3759 -0.3335
vn -0.9287 0.0974 -0.3577
vn 0.0942 -0.0617 0.9936
vn -0.0998 -0.0368 0.9943
vn -0.3383 0.0005 0.9410
vn -0.3843 -0.0452 -0.9221
vn -0.0752 -0.0434 -0.9962
vn 0.2346 -0.0613 -0.9702
vn 0.6514 -0.0910 -0.7533
vn 0.4806 -0.0754 -0.8737
vn 0.6747 -0.1096 0.7299
vn 0.8553 -0.1461 0.4971
vn 0.9484 -0.1270 0.2904
vn -0.6131 0.0203 0.7898
vn -0.8774 -0.0023 0.4797
vn -0.9981 -0.0383 0.0473
vn -0.9376 -0.0540 -0.3436
vn 0.0673 0.0568 0.9961
vn 0.0340 0.0830 0.9960
vn -0.1412 0.0722 0.9873
vn -0.1241 0.0684 0.9899
vn -0.0866 0.0359 -0.9956
vn -0.0513 -0.1361 -0.9894
vn -0.3825 0.0619 -0.9219
vn -0.2911 -0.2493 -0.9236
vn -0.7278 -0.6827 -0.0651
vn -0.6307 -0.7110 -0.3108
vn -0.6759 -0.6023 0.4247
vn 0.2598 0.4337 0.8628
vn 0.7128 0.5291 0.4604
vn 0.8115 0.5399 0.2237
vn 0.0730 0.2448 0.9668
vn 0.2710 0.1673 0.9479
vn -0.5085 0.3239 0.7978
vn -0.5241 0.4202 0.7407
vn -0.5345 0.2839 0.7961
vn -0.4958 -0.0022 0.8685
vn 0.1785 -0.4522 -0.8739
vn 0.2572 -0.2711 -0.9276
vn -0.0407 -0.5749 -0.8172
vn 0.8958 0.2434 -0.3719
vn 0.9408 0.1637 -0.2967
vn 0.7536 0.0052 -0.6573
vn 0.6679 0.0383 -0.7433
vn 0.3785 -0.1851 -0.9069
vn 0.4569 -0.1529 -0.8763
vn 0.9586 0.0854 -0.2717
vn 0.9695 -0.0024 -0.2450
vn 0.8199 -0.0066 -0.5724
vn 0.7851 0.0109 -0.6192
vn 0.8367 -0.1140 -0.5356
vn 0.7371 -0.3296 -0.5900
vn 0.9678 -0.1151 -0.2239
vn 0.9017 -0.3566 -0.2445
vn 0.3295 0.0445 0.9431
vn 0.2898 0.1039 0.9514
vn 0.2646 -0.3559 0.8963
vn -0.0313 -0.7023 0.7112
vn 0.3732 -0.1034 0.9220
vn -0.3015 0.2726 0.9137
vn 0.6721 0.0012 -0.7404
vn 0.8841 0.3082 -0.3512
vn 0.4495 -0.6209 -0.6422
vn 0.7458 -0.5973 -0.2951
vn -0.0498 -0.9963 -0.0705
vn -0.1258 -0.9702 0.2069
vn -0.4042 -0.7017 -0.5866
vn -0.4335 -0.7956 -0.4231
vn -0.3526 -0.7501 -0.5595
vn -0.3571 -0.7233 -0.5911
vn -0.7040 0.0866 -0.7049
vn -0.6096 -0.2704 -0.7452
vn -0.7345 -0.0612 -0.6758
vn -0.7175 -0.0560 -0.6943
vn -0.7830 -0.2256 -0.5796
vn -0.6532 -0.5606 -0.5089
vn -0.5236 -0.6917 -0.4974
vn -0.3682 -0.7946 -0.4827
vn -0.2006 -0.8645 -0.4608
vn 0.0736 -0.9321 -0.3548
vn 0.6895 -0.7242 -0.0144
vn 0.9236 -0.3780 0.0645
vn 0.9914 -0.1147 0.0631
vn 0.9982 0.0120 0.0590
vn 0.9888 0.1389 0.0540
vn 0.9639 0.2642 0.0343
vn 0.9302 0.3671 0.0013
vn 0.8727 0.4880 -0.0176
vn -0.5509 0.4876 0.6773
vn -0.6211 0.1063 0.7765
vn -0.1253 -0.0321 0.9916
vn -0.2876 0.5832 0.7597
vn 0.1164 -0.0011 0.9932
vn -0.0901 0.6149 0.7835
vn -0.0863 -0.2491 0.9646
vn 0.1644 -0.2285 0.9595
vn -0.5982 -0.1352 0.7899
vn 0.3128 0.4623 0.8297
vn 0.4511 0.4187 0.7881
vn 0.7459 0.2641 0.6114
vn 0.5474 0.2071 0.8108
vn 0.8622 0.1711 0.4768
vn 0.7166 -0.0570 0.6951
vn 0.4315 0.7884 0.4384
vn 0.4417 0.6124 0.6557
vn 0.6450 0.3156 0.6959
vn 0.6988 0.5807 0.4178
vn 0.7040 0.1143 0.7009
vn 0.8171 0.3769 0.4361
vn -0.0993 0.4987 0.8611
vn -0.1207 0.6098 0.7833
vn -0.3311 0.5705 0.7516
vn -0.3092 0.4370 0.8447
vn -0.6232 0.4055 0.6687
vn -0.5986 0.2510 0.7607
vn -0.2208 0.8300 0.5122
vn -0.4297 0.7645 0.4805
vn -0.6637 0.5938 0.4549
vn -0.8301 -0.5424 0.1291
vn -0.8402 -0.5293 0.1180
vn -0.6601 -0.7512 -0.0064
vn -0.6659 -0.7434 -0.0628
vn -0.4004 -0.9145 -0.0575
vn -0.3985 -0.8884 -0.2280
vn -0.4838 -0.5609 0.6718
vn -0.8000 -0.4696 0.3735
vn -0.7074 -0.6904 0.1515
vn -0.4336 -0.7339 0.5229
vn -0.4448 -0.8883 -0.1148
vn -0.3094 -0.9115 0.2710
vn -0.0391 -0.9080 -0.4172
vn -0.0592 -0.9952 -0.0783
vn 0.2466 -0.9592 -0.1381
vn 0.2550 -0.7956 -0.5495
vn -0.0499 -0.9724 -0.2278
vn 0.0426 -0.9617 0.2708
vn 0.2359 -0.9480 -0.2136
vn 0.2623 -0.9254 0.2737
vn 0.2369 -0.6771 0.6967
vn 0.0409 -0.7120 0.7010
vn 0.0043 -0.5672 0.8236
vn 0.2161 -0.5339 0.8175
vn -0.8213 0.3244 0.4693
vn -0.8588 0.0518 0.5096
vn -0.8007 0.0136 0.5990
vn -0.8347 0.1412 0.5323
vn -0.9080 -0.0678 0.4134
vn -0.8684 -0.1475 0.4734
vn 0.9257 -0.3518 0.1389
vn 0.7433 -0.4777 0.4684
vn 0.6916 -0.6705 0.2684
vn 0.7899 -0.6076 -0.0831
vn 0.9420 -0.1250 0.3115
vn 0.7448 -0.3020 0.5951
vn 0.7491 -0.4689 -0.4679
vn 0.7298 -0.6561 -0.1924
vn 0.8707 -0.4796 -0.1091
vn 0.9053 -0.3080 -0.2927
vn 0.9436 -0.2894 0.1610
vn 0.9948 -0.1016 0.0096
vn 0.8389 0.4640 0.2845
vn 0.8640 0.4278 0.2656
vn 0.7716 0.4424 0.4571
vn 0.7352 0.4550 0.5025
vn 0.5305 0.4615 0.7110
vn 0.4923 0.3869 0.7797
vn -0.5833 0.1949 0.7885
vn -0.5031 0.1624 0.8488
vn -0.1481 0.2543 0.9557
vn -0.2560 0.3494 0.9013
vn 0.0533 0.2565 0.9651
vn -0.0336 0.4056 0.9134
vn -0.8356 -0.4307 -0.3410
vn -0.8202 -0.4562 -0.3452
vn -0.5789 -0.5235 -0.6252
vn -0.5877 -0.4946 -0.6403
vn -0.9470 -0.3185 -0.0416
vn -0.9376 -0.3448 -0.0462
vn -0.2194 -0.4962 -0.8400
vn -0.2274 -0.5148 -0.8266
vn 0.1249 -0.4230 -0.8975
vn 0.1193 -0.4324 -0.8938
vn -0.8362 0.2324 0.4968
vn -0.9134 0.0586 0.4028
vn -0.6355 0.4868 0.5993
vn 0.9527 -0.2034 -0.2259
vn 0.9973 0.0608 -0.0417
vn 0.7793 -0.4720 -0.4122
vn 0.6833 0.6451 0.3420
vn 0.8093 0.5377 0.2363
vn 0.4472 0.7147 0.5378
vn -0.3371 0.6480 0.6830
vn -0.0923 0.7021 0.7061
vn -0.5021 -0.7508 -0.4291
vn -0.7903 -0.5892 -0.1679
vn -0.9209 -0.3821 0.0765
vn -0.1284 -0.8055 -0.5785
vn 0.1817 -0.7906 -0.5848
vn -0.8112 0.0171 0.5846
vn -0.7784 0.0195 0.6275
vn -0.9022 -0.0919 0.4214
vn -0.8938 -0.0779 0.4416
vn 0.8414 0.0941 -0.5321
vn 0.8413 0.0814 -0.5345
vn 0.9373 0.2394 -0.2534
vn 0.9204 0.2714 -0.2814
vn 0.6744 -0.1143 -0.7294
vn 0.6819 -0.0678 -0.7283
vn -0.4724 -0.8726 -0.1239
vn -0.2781 -0.9508 -0.1367
vn -0.2570 -0.9602 0.1092
vn -0.1689 -0.9853 0.0263
vn -0.3481 -0.7050 0.6179
vn 0.1465 -0.9632 0.2253
vn -0.3795 -0.9135 0.1464
vn -0.5797 -0.5427 0.6078
vn -0.2300 -0.9650 -0.1261
vn -0.0963 0.7129 0.6946
vn -0.0644 0.7848 0.6165
vn -0.3095 0.7793 0.5449
vn -0.3181 0.6948 0.6451
vn -0.6148 0.6488 0.4484
vn -0.6201 0.5539 0.5556
vn -0.2851 0.8008 0.5267
vn -0.5882 0.6893 0.4229
vn -0.0391 0.7978 0.6017
vn -0.8639 0.3800 0.3306
vn -0.8600 0.2803 0.4265
vn -0.9706 0.1037 0.2173
vn -0.9516 0.0314 0.3056
vn -0.8540 0.4290 0.2942
vn -0.9753 0.1382 0.1721
vn -0.8787 -0.4773 0.0067
vn -0.9065 -0.4084 -0.1070
vn -0.7545 -0.6169 -0.2241
vn -0.7087 -0.6989 -0.0964
vn -0.5693 -0.7788 -0.2634
vn -0.7627 -0.5781 -0.2901
vn -0.6097 -0.7045 -0.3632
vn -0.9000 -0.4073 -0.1555
vn -0.6612 0.2446 0.7093
vn -0.3439 -0.3115 0.8858
vn 0.5634 -0.8252 0.0399
vn 0.5257 -0.8337 -0.1692
vn 0.5208 -0.6426 -0.5620
vn 0.4403 -0.2546 -0.8610
vn 0.4156 -0.2913 -0.8616
vn 0.4752 -0.6914 -0.5442
vn 0.5046 -0.8409 -0.1954
vn 0.4604 -0.8466 0.2669
vn 0.4097 -0.6187 0.6703
vn 0.4031 -0.4759 0.7817
vn 0.3351 0.0496 0.9409
vn 0.3800 -0.1551 0.9119
vn 0.1301 0.6395 0.7577
vn 0.0577 0.8671 0.4948
vn 0.1211 0.7252 0.6778
vn 0.1948 0.4412 0.8760
vn 0.2125 0.2902 0.9331
vn 0.1124 0.5003 0.8585
vn 0.0656 0.5856 0.8079
vn 0.1323 0.7072 0.6946
vn 0.1608 0.7336 0.6602
vn 0.0841 0.6537 0.7521
vn -0.7615 -0.5909 -0.2661
vn -0.8979 -0.4402 0.0060
vn -0.5146 -0.6869 -0.5132
vn -0.5922 0.1933 0.7822
vn -0.8082 -0.0040 0.5889
vn -0.8883 -0.1276 0.4411
vn 0.8860 -0.0835 -0.4561
vn 0.7234 -0.2262 -0.6524
vn 0.9841 0.0934 -0.1508
vn 0.8855 0.3267 0.3304
vn 0.7940 0.3657 0.4857
vn 0.5268 0.4351 0.7302
vn -0.0654 0.4278 0.9015
vn -0.2852 0.3620 0.8875
vn 0.1687 0.4542 0.8748
vn 0.4921 -0.3934 -0.7766
vn 0.1791 -0.5710 -0.8012
vn -0.1631 -0.6818 -0.7132
vn 0.9545 0.1782 -0.2390
vn 0.8984 -0.0385 -0.4375
vn 0.7267 -0.2887 -0.6234
vn 0.4316 0.4504 0.7816
vn 0.6945 0.5200 0.4974
vn 0.8184 0.5163 0.2523
vn -0.8204 -0.4882 -0.2977
vn -0.5554 -0.5897 -0.5863
vn -0.9416 -0.3366 -0.0111
vn -0.7530 0.0525 0.6559
vn -0.8867 -0.0413 0.4604
vn -0.4557 0.2106 0.8649
vn 0.0853 0.3015 0.9497
vn -0.0871 0.2969 0.9509
vn 0.1949 0.3217 0.9266
vn 0.4282 -0.4788 -0.7664
vn 0.1406 -0.5855 -0.7984
vn -0.1790 -0.6129 -0.7697
vn -0.6215 -0.7757 -0.1096
vn -0.9559 -0.1637 0.2437
vn -0.8329 0.4161 0.3648
vn -0.7790 0.5776 0.2439
vn -0.8843 0.3981 0.2439
vn -0.7999 0.5774 0.1637
vn -0.9820 -0.0935 0.1640
vn 0.0018 0.4392 0.8984
vn -0.1193 0.2574 0.9589
vn -0.0458 0.4677 0.8827
vn -0.2294 0.3234 0.9180
vn 0.7607 0.6281 0.1637
vn 0.7187 0.6365 0.2801
vn 0.6934 0.6403 0.3306
vn 0.7830 0.6187 0.0646
vn 0.7783 0.6267 0.0387
vn 0.6457 0.6651 0.3752
vn 0.7719 0.6350 -0.0299
vn -0.8903 0.4222 0.1709
vn -0.9609 0.2686 0.0670
vn -0.9280 -0.3655 0.0727
vn -0.9006 -0.3631 0.2391
vn -0.5966 -0.8014 -0.0434
vn -0.4311 -0.9013 -0.0429
vn -0.4051 -0.8822 -0.2399
vn -0.3076 -0.9048 -0.2944
vn -0.4811 -0.8105 -0.3342
vn -0.5536 -0.7802 -0.2913
vn -0.8941 -0.4086 -0.1835
vn -0.7336 -0.5777 -0.3578
vn -0.5892 -0.6513 -0.4782
vn -0.5729 0.6952 0.4342
vn -0.8547 0.4390 0.2772
vn -0.9788 0.1604 0.1275
vn -0.2521 0.8023 0.5411
vn -0.0137 0.8050 0.5931
vn 0.5601 0.8236 0.0888
vn 0.3568 0.8457 0.3969
vn 0.4583 0.8081 0.3701
vn 0.6039 0.7913 0.0957
vn 0.5454 0.7540 0.3660
vn 0.3096 0.7863 0.5347
vn 0.4232 0.7423 0.5195
vn 0.5902 0.5322 -0.6069
vn 0.6374 0.7264 -0.2571
vn 0.6608 0.7244 -0.1964
vn 0.6397 0.6390 -0.4272
vn 0.6961 0.6109 -0.3771
vn 0.6575 0.5815 -0.4791
vn -0.4011 -0.6181 -0.6760
vn -0.1798 -0.3770 -0.9086
vn 0.0074 -0.0962 -0.9953
vn -0.1721 -0.3350 -0.9264
vn 0.0783 -0.0789 -0.9938
vn -0.4317 -0.5700 -0.6991
vn -0.1609 -0.9211 -0.3546
vn -0.2656 -0.8986 -0.3492
vn -0.3015 -0.8407 -0.4498
vn -0.2213 -0.8508 -0.4766
vn -0.6208 -0.5597 0.5489
vn -0.2835 -0.9590 0.0018
vn -0.1840 -0.9645 -0.1894
vn 0.4943 0.7145 0.4952
vn 0.6073 0.7072 0.3621
vn 0.3137 0.7145 0.6254
vn 0.2090 0.7570 0.6191
vn 0.5543 0.8202 0.1412
vn 0.5527 0.8264 0.1077
vn 0.6762 0.6862 -0.2682
vn 0.7002 0.6669 -0.2549
vn 0.6579 0.4384 -0.6123
vn 0.6871 0.4149 -0.5964
vn 0.2996 0.8349 0.4617
vn 0.2653 0.7976 0.5417
vn 0.5903 0.4939 -0.6384
vn 0.3900 0.3921 -0.8332
vn 0.2741 -0.1784 -0.9450
vn 0.1970 -0.1462 -0.9695
vn -0.1179 -0.3651 -0.9235
vn -0.0688 -0.4081 -0.9103
vn -0.4171 -0.5784 -0.7011
vn -0.3671 -0.6322 -0.6823
vn -0.5223 -0.7333 -0.4353
vn -0.5659 -0.6870 -0.4558
vn -0.5099 -0.7602 -0.4027
vn -0.5550 -0.6937 -0.4591
vn -0.5173 -0.7271 -0.4514
vn -0.3857 -0.7271 -0.5679
vn -0.4293 -0.7410 -0.5164
vn -0.8210 0.5485 0.1584
vn -0.8148 0.3903 0.4287
vn -0.9196 0.3707 0.1299
vn -0.9863 0.1067 0.1260
vn -0.0606 0.4698 0.8807
vn 0.1872 0.6143 0.7666
vn -0.5144 0.3043 0.8018
vn 0.3681 0.6989 0.6133
vn -0.3480 -0.8987 -0.2669
vn -0.2290 -0.9405 -0.2509
vn -0.4102 -0.8299 -0.3781
vn -0.2556 -0.9047 -0.3408
vn -0.1645 -0.9363 -0.3104
vn -0.2189 -0.8746 -0.4326
vn -0.3995 -0.7586 -0.5148
vn 0.3386 0.2214 -0.9145
vn 0.1842 0.1871 -0.9649
vn -0.9347 -0.3474 0.0746
vn -0.9886 -0.1502 -0.0045
vn -0.8656 -0.4996 0.0337
vn -0.9933 -0.1151 -0.0119
vn -0.9905 -0.1358 0.0208
vn -0.9857 -0.1547 0.0673
vn -0.9649 -0.2038 0.1657
vn -0.9210 -0.2683 0.2825
vn -0.8889 -0.3116 0.3358
vn -0.9261 -0.2576 0.2757
vn -0.9502 -0.2013 0.2378
vn -0.9535 -0.1781 0.2430
vn -0.9540 -0.1569 0.2555
vn -0.9526 -0.1277 0.2762
vn -0.8474 -0.1993 0.4921
vn -0.5461 -0.3346 0.7680
vn -0.0417 -0.4081 0.9120
vn 0.1912 -0.3837 0.9035
vn 0.7297 -0.0873 0.6782
vn 0.3926 -0.3150 0.8641
vn 0.8973 0.1461 0.4166
vn 0.9271 0.3528 0.1261
vn 0.9095 0.4153 0.0151
vn 0.9061 0.4211 0.0409
vn 0.9235 0.3778 0.0669
vn 0.9507 0.2625 0.1651
vn 0.9417 0.0924 0.3236
vn 0.8497 -0.1468 0.5064
vn 0.0111 -0.6044 0.7966
vn -0.9943 0.0053 0.1063
vn -0.8908 -0.3662 0.2690
vn -0.7485 -0.1498 0.6460
vn -0.8848 0.0414 0.4642
vn -0.6430 -0.1041 0.7588
vn 0.4970 0.1133 -0.8603
vn 0.5317 0.0825 -0.8429
vn -0.1629 0.5810 -0.7974
vn 0.2050 0.6453 -0.7359
vn 0.3158 -0.0276 -0.9484
vn -0.0843 -0.1075 -0.9906
vn 0.5316 0.6872 -0.4952
vn 0.6878 0.0631 -0.7232
vn 0.9005 0.0895 -0.4255
vn 0.7080 0.6690 -0.2262
vn 0.9916 0.0564 -0.1163
vn 0.8200 0.5697 0.0554
vn 0.8728 0.3917 0.2911
vn 0.9889 -0.0432 0.1424
vn 0.7796 0.1010 0.6181
vn 0.8620 -0.2241 0.4547
vn 0.4985 -0.1635 0.8513
vn 0.5557 -0.4526 0.6973
vn 0.1006 -0.3142 0.9440
vn 0.1554 -0.5928 0.7902
vn -0.2673 -0.6237 0.7346
vn -0.3238 -0.3493 0.8793
vn -0.6075 -0.5721 0.5510
vn -0.6625 -0.2838 0.6932
vn -0.8838 -0.1539 0.4418
vn -0.8001 -0.5268 0.2870
vn -0.9823 -0.0195 0.1861
vn -0.8980 -0.4372 0.0487
vn -0.9014 -0.3582 -0.2433
vn -0.9878 0.1252 -0.0923
vn -0.7627 -0.2746 -0.5855
vn -0.8567 0.3024 -0.4178
vn -0.5572 0.4699 -0.6847
vn -0.4607 -0.1879 -0.8674
vn -0.0066 -0.6286 0.7777
vn -0.3343 -0.5959 0.7302
vn -0.3824 -0.3976 0.8341
vn 0.0096 -0.4088 0.9126
vn 0.3871 -0.5769 0.7192
vn 0.4833 -0.3162 0.8163
vn 0.7976 -0.2202 0.5615
vn 0.7129 -0.4412 0.5451
vn 0.9590 -0.1328 0.2503
vn 0.9287 -0.2605 0.2640
vn 0.9935 -0.1098 -0.0310
vn 0.9999 -0.0146 -0.0007
vn 0.9273 0.0369 -0.3725
vn 0.9199 0.1685 -0.3540
vn 0.6840 0.1999 -0.7015
vn 0.6377 0.2880 -0.7144
vn 0.3043 0.3213 -0.8968
vn 0.3081 0.3311 -0.8919
vn -0.1350 0.3555 -0.9249
vn -0.1567 0.3758 -0.9134
vn -0.5362 0.3068 -0.7863
vn -0.5539 0.3455 -0.7575
vn -0.8094 0.2602 -0.5265
vn -0.7938 0.2201 -0.5669
vn -0.9533 0.1359 -0.2698
vn -0.9469 0.1155 -0.3000
vn -0.9994 0.0183 -0.0293
vn -0.9962 -0.0705 0.0505
vn -0.9389 -0.0982 0.3300
vn -0.8848 -0.2987 0.3576
vn -0.6358 -0.4884 0.5977
vn -0.6944 -0.2836 0.6614
vn 0.1219 -0.9828 -0.1388
vn 0.1208 -0.9822 -0.1437
vn 0.1396 -0.9837 -0.1132
vn 0.1408 -0.9837 -0.1122
vn 0.1260 -0.9775 -0.1689
vn 0.1316 -0.9756 -0.1755
vn 0.1484 -0.9683 -0.2010
vn 0.1466 -0.9694 -0.1969
vn 0.1512 -0.9632 -0.2223
vn 0.1513 -0.9635 -0.2209
vn 0.1386 -0.9642 -0.2260
vn 0.1408 -0.9638 -0.2263
vn 0.1210 -0.9628 -0.2418
vn 0.1222 -0.9635 -0.2381
vn 0.1206 -0.9573 -0.2628
vn 0.1204 -0.9575 -0.2620
vn 0.1380 -0.9514 -0.2751
vn 0.1387 -0.9513 -0.2753
vn 0.1709 -0.9433 -0.2846
vn 0.1689 -0.9437 -0.2843
vn 0.1971 -0.9370 -0.2885
vn 0.1965 -0.9371 -0.2884
vn 0.2167 -0.9328 -0.2879
vn 0.2166 -0.9328 -0.2879
vn 0.2419 -0.9395 -0.2424
vn 0.2384 -0.9373 -0.2542
vn 0.2449 -0.9516 -0.1858
vn 0.2412 -0.9551 -0.1723
vn 0.2197 -0.9665 -0.1326
vn 0.2130 -0.9690 -0.1253
vn 0.1747 -0.9790 -0.1046
vn 0.1784 -0.9783 -0.1054
vn -0.1618 0.0242 -0.9865
vn 0.1637 -0.0819 -0.9831
vn -0.0965 -0.9053 -0.4137
vn -0.1758 -0.8692 -0.4623
vn -0.5615 0.1200 -0.8187
vn -0.3054 -0.8433 -0.4423
vn -0.4078 -0.8288 -0.3831
vn -0.8211 0.1416 -0.5530
vn -0.4679 -0.8309 -0.3010
vn -0.9596 0.1047 -0.2611
vn -0.9999 0.0009 -0.0113
vn -0.4822 -0.8499 -0.2125
vn -0.9332 -0.1866 0.3070
vn -0.4293 -0.8968 -0.1069
vn -0.6895 -0.4230 0.5880
vn -0.3243 -0.9434 -0.0691
vn -0.3234 -0.5894 0.7403
vn -0.2245 -0.9689 -0.1038
vn -0.1595 -0.9745 -0.1576
vn 0.0898 -0.6788 0.7288
vn -0.1374 -0.9679 -0.2105
vn 0.4369 -0.6883 0.5791
vn 0.6682 -0.6574 0.3485
vn -0.1360 -0.9557 -0.2610
vn 0.8148 -0.5628 0.1392
vn -0.1210 -0.9523 -0.2803
vn -0.0735 -0.9641 -0.2552
vn 0.8780 -0.4598 -0.1329
vn -0.0429 -0.9586 -0.2816
vn 0.8073 -0.3424 -0.4807
vn 0.5663 -0.2111 -0.7967
vn -0.0498 -0.9381 -0.3427
vn 0.2018 -0.9069 -0.3699
vn 0.1044 -0.9358 -0.3368
vn 0.0326 -0.9567 -0.2892
vn -0.0200 -0.9698 -0.2432
vn -0.0553 -0.9778 -0.2020
vn -0.0510 -0.9811 -0.1867
vn -0.0706 -0.9929 -0.0959
vn -0.0541 -0.9985 0.0129
vn 0.0268 -0.9974 0.0673
vn 0.1579 -0.9837 0.0866
vn 0.2945 -0.9517 0.0872
vn 0.4206 -0.9069 0.0258
vn 0.4888 -0.8667 -0.0997
vn 0.4832 -0.8520 -0.2016
vn 0.4331 -0.8534 -0.2902
vn 0.3390 -0.8749 -0.3459
vn -0.0485 0.6446 -0.7630
vn 0.3246 0.5374 -0.7783
vn 0.6951 0.3846 -0.6074
vn 0.9346 0.1939 -0.2982
vn 0.9990 0.0215 0.0402
vn 0.9434 -0.0993 0.3163
vn 0.8066 -0.1903 0.5597
vn 0.5541 -0.2601 0.7908
vn 0.1853 -0.2679 0.9455
vn -0.2568 -0.1905 0.9475
vn -0.6313 -0.0326 0.7749
vn -0.8475 0.2097 0.4876
vn -0.8691 0.4677 0.1611
vn -0.7766 0.6279 -0.0514
vn -0.6218 0.7202 -0.3077
vn -0.4061 0.7236 -0.5581
vn 0.0391 0.5247 -0.8504
vn 0.1598 0.5428 -0.8245
vn -0.0753 0.5447 -0.8353
vn 0.2082 0.9087 0.3619
vn -0.1098 0.9293 0.3527
vn 0.0465 0.9372 0.3458
vn -0.0499 0.8956 -0.4420
vn -0.2043 0.9662 -0.1574
vn 0.3034 0.9419 -0.1444
vn 0.1719 0.8741 -0.4542
vn 0.0393 0.8492 -0.5265
vn 0.0265 0.9937 0.1093
vn 0.0885 0.9903 0.1066
vn 0.0080 0.9888 0.1492
vn 0.0337 0.7774 0.6281
vn 0.4376 0.8143 0.3812
vn 0.6551 0.1865 0.7322
vn 0.0540 0.9417 0.3321
vn 0.2779 0.9356 0.2178
vn -0.4110 0.8168 0.4048
vn -0.1983 0.9441 0.2634
vn 0.6305 0.7603 -0.1563
vn 0.9828 0.1810 -0.0374
vn 0.4213 0.9024 -0.0905
vn -0.6207 0.7586 -0.1981
vn -0.3791 0.9210 -0.0899
vn 0.4087 0.6186 -0.6711
vn 0.5726 -0.0445 -0.8186
vn 0.2679 0.8014 -0.5348
vn -0.3357 0.5970 -0.7286
vn -0.1687 0.7941 -0.5840
vn 0.0598 0.5830 -0.8103
vn 0.0639 0.8095 -0.5836
vn -0.3106 -0.1104 -0.9441
vn 0.3323 -0.1387 -0.9329
vn -0.9148 0.0028 -0.4039
vn 0.9137 -0.1161 -0.3893
vn -0.8992 0.1135 0.4224
vn 0.8806 0.0099 0.4738
vn -0.3353 0.1452 0.9308
vn 0.3143 0.1136 0.9425
vn -0.9582 -0.1299 0.2548
vn -0.7580 0.4520 0.4702
vn -0.8174 0.5659 0.1074
vn -0.9947 -0.0240 -0.1000
vn -0.0495 0.6217 0.7817
vn -0.2212 0.8752 0.4303
vn -0.2513 0.4565 0.8535
vn -0.2959 0.7792 0.5525
vn -0.1536 0.5066 0.8484
vn -0.1697 0.8427 0.5109
vn 0.5974 0.4917 0.6335
vn 0.5381 0.8095 0.2350
vn 0.6549 0.4435 0.6119
vn 0.5205 0.8268 0.2132
vn 0.1645 0.6934 0.7016
vn 0.0456 0.9468 0.3184
vn 0.6765 0.5898 0.4411
vn 0.5733 0.8190 0.0230
vn 0.9794 0.0784 0.1862
vn 0.9597 0.2153 -0.1809
vn -0.8183 0.5517 -0.1613
vn -0.9512 -0.0514 -0.3043
vn -0.3166 0.9443 0.0900
vn -0.2601 0.9408 0.2171
vn -0.2321 0.9672 0.1035
vn 0.4013 0.9039 -0.1480
vn 0.3856 0.9161 -0.1103
vn -0.0350 0.9990 -0.0285
vn 0.4413 0.8129 -0.3800
vn 0.7159 0.3348 -0.6126
vn -0.5605 0.1808 0.8082
vn 0.1519 0.1852 0.9709
vn -0.1487 0.0315 0.9884
vn 0.2066 -0.3232 0.9235
vn -0.0637 -0.4571 0.8871
vn -0.1193 0.0633 0.9908
vn -0.0743 -0.4088 0.9096
vn 0.6035 0.0476 0.7959
vn 0.5469 -0.4263 0.7205
vn 0.4000 -0.5619 0.7241
vn 0.3516 -0.8414 0.4105
vn 0.1192 -0.9630 0.2418
vn -0.0361 -0.8110 0.5840
vn -0.0785 -0.9166 0.3920
vn 0.1466 -0.8607 0.4875
vn -0.4591 -0.8816 0.1097
vn -0.5617 -0.8211 -0.1014
vn -0.5347 -0.8143 -0.2257
vn 0.5967 -0.0279 0.8020
vn 0.2518 -0.4014 0.8806
vn 0.2465 0.1706 0.9540
vn 0.6618 0.1529 0.7339
vn 0.7766 -0.3851 0.4986
vn 0.9143 -0.3330 -0.2308
vn 0.7057 -0.2715 -0.6545
vn 0.1218 -0.8723 0.4735
vn 0.5068 -0.8412 0.1888
vn 0.2933 -0.9517 -0.0910
vn 0.2450 -0.9264 -0.2859
vn -0.6086 -0.3248 0.7239
vn -0.3423 -0.8787 0.3329
vn -0.8732 -0.1148 -0.4736
vn -0.4716 -0.8430 -0.2589
vn -0.6853 -0.7280 0.0212
vn -0.9978 -0.0002 0.0666
vn -0.9929 -0.0670 0.0983
vn -0.6170 -0.7869 0.0135
vn -0.8061 0.4355 -0.4007
vn -0.9890 0.1087 0.1002
vn -0.9874 0.0788 0.1373
vn 0.8340 0.2824 -0.4741
vn 0.8657 -0.0388 -0.4990
vn 0.9231 -0.0163 -0.3842
vn 0.9134 0.2244 -0.3396
vn 0.4805 -0.8326 -0.2753
vn 0.5163 -0.8155 -0.2615
vn 0.4547 -0.7177 -0.5275
vn 0.6203 -0.1701 -0.7657
vn 0.5604 0.3057 -0.7697
vn 0.3911 0.7243 -0.5679
vn 0.9362 0.2860 -0.2045
vn 0.8391 0.4667 -0.2794
vn -0.4189 0.9020 -0.1047
vn -0.9768 0.1450 0.1578
vn -0.9824 0.1218 0.1417
vn 0.3134 0.9294 -0.1947
vn -0.1700 0.9846 -0.0413
vn 0.3759 0.9229 -0.0834
vn 0.1674 0.9810 -0.0983
vn -0.2167 0.9720 0.0911
vn 0.6011 0.3472 0.7198
vn 0.3311 0.4163 0.8468
vn 0.3321 0.9259 0.1799
vn 0.4824 0.8484 0.2180
vn -0.1649 0.4742 0.8648
vn -0.0954 0.9594 0.2653
vn -0.8980 -0.0860 -0.4314
vn -0.9921 0.0091 -0.1255
vn -0.6535 -0.7550 -0.0548
vn -0.5379 -0.8157 -0.2130
vn -0.8588 0.2988 -0.4161
vn -0.9771 0.1744 -0.1218
vn -0.9269 0.3618 0.0999
vn -0.6692 0.7370 -0.0950
vn 0.6020 0.6609 -0.4481
vn 0.6517 0.3085 -0.6930
vn 0.7043 -0.0878 -0.7045
vn 0.4504 -0.7928 -0.4105
vn 0.8905 0.3865 0.2402
vn 0.5369 0.8417 0.0581
vn -0.3416 0.9098 0.2359
vn -0.7022 0.4647 0.5395
vn -0.9242 0.1931 0.3296
vn -0.9819 0.1420 0.1254
vn 0.5159 -0.7954 -0.3182
vn 0.9012 -0.0282 -0.4326
vn 0.9153 0.1687 -0.3658
vn 0.9397 0.1800 -0.2907
vn 0.9890 0.1478 0.0055
vn 0.9790 0.0785 -0.1880
vn -0.0403 -0.9989 -0.0257
vn -0.0370 -0.9988 -0.0309
vn -0.0364 -0.9988 -0.0316
vn -0.0365 -0.9989 -0.0286
vn -0.0361 -0.9988 -0.0322
vn -0.0362 -0.9989 -0.0296
vn -0.0361 -0.9990 -0.0268
vn -0.0448 -0.9987 -0.0237
vn -0.0366 -0.9990 -0.0267
vn -0.0495 -0.9982 -0.0348
vn -0.0370 -0.9987 -0.0352
vn -0.0406 -0.9987 -0.0321
vn -0.0431 -0.9973 -0.0597
vn -0.0491 -0.9954 -0.0817
vn -0.0414 -0.9976 -0.0550
vn -0.0479 -0.9978 -0.0461
vn -0.0538 -0.9954 0.0791
vn 0.0342 -0.9991 0.0238
vn -0.0478 -0.9949 -0.0889
vn -0.0501 -0.9970 -0.0587
vn -0.0156 -0.9996 -0.0215
vn -0.0590 -0.9982 -0.0117
vn -0.0450 -0.9985 -0.0301
vn -0.0704 -0.9973 -0.0193
vn -0.0600 -0.9973 -0.0420
vn -0.0501 -0.9972 -0.0559
vn -0.0581 -0.9959 -0.0693
vn -0.0666 -0.9978 0.0057
vn -0.0101 -0.9969 -0.0781
vn -0.0211 -0.9980 -0.0598
vn -0.0300 -0.9992 -0.0264
vn -0.0222 -0.9992 -0.0340
vn -0.0290 -0.9986 -0.0448
vn -0.0141 -0.9990 -0.0418
vn -0.0274 -0.9991 -0.0335
vn -0.0360 -0.9988 -0.0345
vn -0.1347 -0.8251 -0.5487
vn 0.1455 -0.8096 -0.5686
vn -0.1820 0.0013 -0.9833
vn 0.2939 -0.0651 -0.9536
vn 0.3218 0.2733 -0.9065
vn -0.1375 0.3491 -0.9269
vn 0.2943 0.4697 -0.8323
vn 0.2892 0.5318 -0.7959
vn -0.0909 0.5770 -0.8116
vn -0.1015 0.5318 -0.8408
vn -0.0411 -0.9986 -0.0341
vn -0.3553 -0.8104 -0.4659
vn -0.5556 -0.0453 -0.8302
vn -0.4888 0.2902 -0.8227
vn -0.3451 0.5606 -0.7528
vn -0.3406 0.5683 -0.7490
vn 0.8827 0.1675 -0.4390
vn 0.6887 0.3190 -0.6511
vn -0.7720 0.5042 -0.3872
vn -0.9669 0.2552 -0.0059
vn 0.7243 0.3749 -0.5786
vn 0.9026 0.2160 -0.3724
vn -0.9725 0.2126 0.0947
vn -0.8100 0.4569 -0.3676
vn 0.9179 0.1224 -0.3775
vn 0.7372 0.1627 -0.6558
vn 0.8765 -0.1294 -0.4638
vn 0.7087 -0.1486 -0.6897
vn 0.3522 -0.8037 -0.4796
vn 0.4335 -0.8463 -0.3096
vn -0.9895 0.0812 0.1198
vn -0.9013 0.1893 -0.3897
vn -0.9879 -0.1418 0.0635
vn -0.9137 -0.1346 -0.3834
vn -0.5563 -0.7729 -0.3053
vn -0.6253 -0.7798 -0.0308
vn 0.8968 -0.1616 0.4119
vn 0.9962 -0.0502 0.0707
vn 0.8006 0.5402 0.2593
vn 0.6765 0.4212 0.6041
vn -0.0705 0.6043 0.7936
vn 0.1654 0.8600 0.4828
vn 0.2152 0.7591 0.6144
vn 0.1118 0.4320 0.8949
vn 0.0981 0.8272 0.5533
vn 0.0169 0.4857 0.8740
vn -0.5520 0.8186 0.1586
vn -0.6860 0.4951 0.5331
vn -0.5311 0.8347 0.1455
vn -0.7396 0.4484 0.5020
vn -0.0794 0.9397 0.3326
vn -0.2669 0.6822 0.6807
vn -0.5512 0.8327 -0.0529
vn -0.7288 0.5978 0.3339
vn -0.9093 0.2445 -0.3369
vn -0.9948 0.1001 0.0178
vn 0.8472 0.5312 -0.0055
vn 0.9876 -0.0721 -0.1396
vn 0.3202 0.9324 0.1676
vn 0.2426 0.9276 0.2841
vn 0.2333 0.9578 0.1682
vn -0.3490 0.9175 -0.1909
vn -0.3425 0.9282 -0.1451
vn 0.0594 0.9982 0.0087
vn -0.3525 0.8327 -0.4270
vn -0.5920 0.3676 -0.7172
vn -0.3118 0.1700 0.9348
vn 0.4173 0.1490 0.8965
vn -0.0225 0.0083 0.9997
vn -0.1003 -0.4755 0.8740
vn -0.3697 -0.3355 0.8664
vn -0.0513 0.0413 0.9978
vn -0.0923 -0.4275 0.8993
vn -0.7298 0.0484 0.6819
vn -0.6718 -0.4252 0.6065
vn -0.5306 -0.5648 0.6320
vn -0.1800 -0.9644 0.1937
vn -0.4358 -0.8394 0.3248
vn -0.0835 -0.8223 0.5629
vn -0.0123 -0.9256 0.3784
vn -0.2489 -0.8654 0.4350
vn 0.4116 -0.8961 0.1663
vn 0.5502 -0.8347 -0.0243
vn 0.5448 -0.8246 -0.1525
vn -0.7256 -0.0275 0.6875
vn -0.4023 0.1586 0.9017
vn -0.4079 -0.4112 0.8151
vn -0.7741 0.1558 0.6136
vn -0.8678 -0.3032 -0.3937
vn -0.8592 -0.3742 0.3489
vn -0.5872 -0.2368 -0.7740
vn -0.2205 -0.8782 0.4245
vn -0.5504 -0.8313 0.0781
vn -0.2937 -0.9415 -0.1655
vn -0.2109 -0.9120 -0.3519
vn 0.4671 -0.3557 0.8095
vn 0.2583 -0.8940 0.3661
vn 0.9375 -0.1292 -0.3230
vn 0.4873 -0.8504 -0.1985
vn 0.5448 -0.8260 -0.1447
vn 0.9552 -0.1023 -0.2777
vn 0.6509 -0.7511 0.1106
vn 0.5822 -0.8081 0.0893
vn 0.9594 -0.1034 0.2624
vn 0.9720 -0.0347 0.2325
vn 0.8732 0.4200 -0.2471
vn 0.9243 0.2819 -0.2574
vn 0.9516 0.0409 0.3045
vn 0.9604 0.0721 0.2690
vn -0.7331 0.3218 -0.5991
vn -0.8358 0.2645 -0.4811
vn -0.8444 0.0269 -0.5351
vn -0.7665 0.0042 -0.6423
vn -0.4852 -0.7877 -0.3797
vn -0.4427 -0.8066 -0.3917
vn -0.5715 -0.0475 -0.8192
vn -0.3864 -0.7650 -0.5152
vn -0.3694 -0.6889 -0.6237
vn -0.4811 -0.1336 -0.8664
vn -0.4118 0.3390 -0.8459
vn -0.5149 0.3455 -0.7846
vn -0.2728 0.7481 -0.6049
vn -0.5048 0.6887 -0.5205
vn -0.7687 0.4995 -0.3996
vn -0.8787 0.3254 -0.3493
vn 0.6988 0.7138 0.0465
vn 0.4550 0.8905 -0.0060
vn 0.9483 0.0776 0.3079
vn 0.9396 0.1032 0.3265
vn -0.2549 0.9426 -0.2159
vn 0.1988 0.9798 0.0214
vn 0.0754 0.9493 0.3051
vn -0.3281 0.9332 0.1464
vn -0.4953 0.8537 0.1607
vn -0.3395 0.9337 -0.1136
vn -0.1310 0.9873 -0.0901
vn -0.5243 0.8515 0.0009
vn 0.3226 0.8897 0.3230
vn 0.2236 0.9618 0.1579
vn -0.6880 0.3795 0.6186
vn -0.4461 0.4426 0.7779
vn 0.0339 0.4726 0.8806
vn 0.6328 -0.7738 0.0291
vn 0.9989 -0.0190 0.0427
vn 0.9882 0.1452 0.0496
vn 0.9063 0.3272 0.2675
vn -0.8997 0.4241 0.1032
vn 0.6044 0.4241 0.6744
vn 0.8624 0.1407 0.4863
vn 0.9537 0.0848 0.2886
vn -0.8146 0.0165 -0.5798
vn -0.4769 -0.7657 -0.4315
vn -0.8343 0.2109 -0.5093
vn -0.8728 0.2176 -0.4370
vn -0.9687 0.1982 -0.1492
vn -0.9303 0.1250 -0.3449
vn 0.0164 -0.9982 -0.0568
vn 0.0142 -0.9980 -0.0614
vn 0.0119 -0.9980 -0.0623
vn 0.0121 -0.9981 -0.0607
vn 0.0140 -0.9979 -0.0638
vn 0.0116 -0.9979 -0.0632
vn 0.0230 -0.9984 -0.0524
vn 0.0162 -0.9981 -0.0588
vn 0.0174 -0.9979 -0.0618
vn 0.0305 -0.9978 -0.0584
vn 0.0196 -0.9979 -0.0620
vn 0.0243 -0.9978 -0.0624
vn 0.0275 -0.9967 -0.0768
vn 0.0337 -0.9970 -0.0696
vn -0.0606 -0.9981 -0.0067
vn 0.0158 -0.9978 0.0638
vn 0.0386 -0.9938 -0.1046
vn 0.0397 -0.9943 -0.0987
vn 0.0354 -0.9963 -0.0777
vn -0.0026 -0.9989 -0.0458
vn 0.0309 -0.9963 -0.0806
vn 0.0190 -0.9981 -0.0579
vn 0.0320 -0.9988 -0.0380
vn 0.0457 -0.9981 -0.0422
vn 0.0410 -0.9972 -0.0625
vn 0.0337 -0.9967 -0.0743
vn 0.0443 -0.9955 -0.0834
vn 0.0401 -0.9992 -0.0065
vn 0.0020 -0.9942 -0.1076
vn 0.0078 -0.9974 -0.0722
vn 0.0105 -0.9957 -0.0923
vn 0.0119 -0.9978 -0.0654
vn 0.0098 -0.9967 -0.0812
vn -0.0085 -0.9970 -0.0765
vn 0.0016 -0.9980 -0.0633
vn 0.0100 -0.9980 -0.0626
vn -0.0722 -0.7871 -0.6126
vn 0.2009 -0.8134 -0.5459
vn -0.1290 -0.0263 -0.9913
vn 0.3471 0.0239 -0.9375
vn -0.1536 0.3119 -0.9376
vn 0.3055 0.3720 -0.8765
vn -0.1323 0.4566 -0.8798
vn 0.2719 0.4982 -0.8233
vn 0.2539 0.5744 -0.7782
vn -0.1312 0.5426 -0.8297
vn 0.0146 -0.9980 -0.0612
vn 0.4044 -0.8092 -0.4262
vn 0.6877 -0.0403 -0.7249
vn 0.6319 0.2978 -0.7155
vn 0.5015 0.5241 -0.6883
vn 0.4961 0.5476 -0.6738
vn -0.7932 0.1999 -0.5752
vn -0.5592 0.3331 -0.7592
vn 0.8565 0.4489 -0.2549
vn 0.9676 0.1976 0.1572
vn -0.6062 0.3994 -0.6878
vn -0.8207 0.2467 -0.5153
vn 0.9502 0.1678 0.2628
vn 0.8837 0.4168 -0.2129
vn -0.8359 0.1660 -0.5232
vn -0.6090 0.2089 -0.7652
vn -0.7886 -0.0846 -0.6090
vn -0.5857 -0.1029 -0.8040
vn -0.2906 -0.7762 -0.5595
vn -0.4003 -0.8206 -0.4079
vn 0.9566 0.0436 0.2883
vn 0.9600 0.1691 -0.2232
vn 0.9581 -0.1775 0.2247
vn 0.9614 -0.1554 -0.2273
vn 0.5759 -0.7836 -0.2331
vn 0.5970 -0.8008 0.0491
vn -0.7703 0.2987 0.5634
vn -0.7215 0.3203 0.6138
vn -0.6635 0.3564 0.6579
vn -0.6766 0.4591 0.5757
vn -0.9676 0.2429 -0.0696
vn -0.9870 -0.0591 -0.1497
vn -0.9154 0.1523 -0.3727
vn -0.9313 0.2490 -0.2659
vn -0.2314 -0.4703 0.8516
vn 0.2052 0.9752 -0.0826
vn -0.2798 0.0951 -0.9553
vn -0.4960 0.3227 -0.8061
vn 0.0187 -0.1836 -0.9828
vn 0.3081 -0.4254 -0.8509
vn 0.5744 -0.6144 -0.5409
vn 0.7154 -0.6811 -0.1559
vn 0.7329 -0.6290 0.2592
vn 0.6120 -0.4534 0.6480
vn 0.4062 -0.2246 0.8858
vn 0.1040 0.0669 0.9923
vn -0.1756 0.3051 0.9360
vn -0.4202 0.4996 0.7575
vn -0.6105 0.6337 0.4750
vn -0.7180 0.6836 0.1312
vn -0.7330 0.6457 -0.2142
vn -0.6539 0.5133 -0.5558
vn 0.4438 -0.7057 -0.5523
vn 0.6888 -0.7242 0.0329
vn 0.4544 -0.6917 0.5613
vn -0.2745 0.2798 0.9200
vn -0.2576 0.3314 0.9077
vn 0.0156 0.6648 0.7468
vn -0.1918 0.6403 0.7438
vn -0.3415 0.2076 0.9167
vn -0.4086 0.5624 0.7188
vn -0.3252 0.3367 0.8837
vn 0.0793 0.6256 0.7761
vn -0.4263 0.4257 0.7981
vn 0.0930 0.6094 0.7874
vn -0.4935 0.5184 0.6984
vn 0.0126 0.5525 0.8334
vn -0.4664 0.6077 0.6427
vn -0.0239 0.4840 0.8747
vn -0.3633 0.7360 0.5712
vn -0.0624 0.4660 0.8826
vn -0.1873 0.8172 0.5450
vn -0.1400 0.4486 0.8827
vn -0.1127 0.8278 0.5496
vn -0.2620 0.4583 0.8493
vn -0.1156 0.7878 0.6050
vn -0.3920 0.4460 0.8046
vn -0.4716 0.4996 0.7266
vn -0.1250 0.7483 0.6515
vn -0.1338 0.6992 0.7023
vn -0.5080 0.5309 0.6783
vn -0.4962 0.4891 0.7173
vn -0.1421 0.5798 0.8023
vn -0.2591 0.3871 0.8849
vn -0.5480 0.3798 0.7453
vn -0.3392 0.2244 0.9135
vn -0.5586 0.4052 0.7237
vn 0.1722 -0.3135 0.9338
vn 0.1583 -0.0187 0.9872
vn 0.1633 -0.1779 0.9704
vn 0.2308 -0.3206 0.9187
vn 0.3665 -0.2643 0.8921
vn 0.5301 -0.0801 0.8442
vn 0.5107 -0.1173 0.8517
vn 0.3333 -0.3267 0.8844
vn 0.6060 0.1754 0.7758
vn 0.6554 0.1801 0.7335
vn 0.7027 0.4581 0.5444
vn 0.6536 0.4105 0.6359
vn 0.6289 0.5998 0.4947
vn 0.6773 0.6132 0.4065
vn 0.5767 0.6905 0.4365
vn 0.4378 0.7089 0.5529
vn 0.2673 0.5478 0.7928
vn 0.4141 0.6845 0.6000
vn 0.3044 0.6200 0.7231
vn 0.2955 0.3692 0.8811
vn 0.4087 0.2971 0.8630
vn 0.3601 0.5463 0.7563
vn 0.4689 0.4381 0.7669
vn 0.5104 0.2738 0.8152
vn 0.5557 0.2108 0.8042
vn 0.5417 0.2929 0.7879
vn 0.5720 0.1501 0.8064
vn 0.5809 0.1428 0.8014
vn 0.3454 0.0676 0.9360
vn 0.4210 0.2715 0.8655
vn 0.4485 0.0329 0.8932
vn 0.3001 0.0061 0.9539
vn 0.2585 -0.0373 0.9653
vn 0.2513 0.0481 0.9667
vn 0.3788 0.1461 0.9139
vn 0.5250 0.3401 0.7802
vn 0.6583 0.5606 0.5023
vn 0.6864 0.6661 0.2917
vn 0.6588 0.6499 0.3791
vn 0.4847 0.5519 0.6786
vn 0.3511 0.4846 0.8012
vn 0.4729 0.4366 0.7653
vn 0.5668 0.4002 0.7201
vn 0.5840 0.3219 0.7452
vn 0.5840 0.1952 0.7879
vn 0.7021 0.6586 0.2706
vn 0.7427 0.5477 0.3853
vn 0.5574 0.7734 0.3018
vn 0.5587 0.7928 0.2437
vn 0.2827 -0.0002 0.9592
vn 0.2891 0.1822 0.9398
vn 0.6403 0.3374 0.6901
vn 0.1131 -0.1232 0.9859
vn 0.1860 -0.1726 0.9673
vn 0.3295 -0.1002 0.9388
vn 0.2166 -0.4804 0.8499
vn 0.3836 -0.2629 0.8853
vn 0.2283 -0.5308 0.8162
vn 0.1122 -0.4219 0.8997
vn 0.0656 -0.5945 0.8014
vn 0.3308 0.9212 0.2050
vn 0.2653 0.9097 0.3195
vn 0.2386 -0.1982 0.9507
vn 0.4892 0.0554 0.8704
vn 0.4640 -0.3072 0.8308
vn 0.5201 -0.5194 0.6780
vn 0.3964 -0.6701 0.6275
vn 0.3655 -0.6566 0.6598
vn 0.4955 -0.4158 0.7626
vn 0.0178 -0.5014 0.8651
vn -0.0763 -0.7160 0.6939
vn 0.6465 -0.2567 0.7184
vn 0.6994 0.0353 0.7139
vn 0.7209 0.5181 0.4603
vn 0.6049 0.7046 0.3710
vn 0.7528 0.3136 0.5787
vn 0.7036 0.2701 0.6573
vn 0.5883 0.1415 0.7962
vn 0.5736 -0.1339 0.8081
vn 0.7103 0.0146 0.7037
vn 0.1901 -0.0004 0.9818
vn 0.1127 -0.2474 0.9623
vn 0.6478 0.4916 0.5820
vn 0.4233 0.8356 0.3503
vn 0.3985 0.8747 0.2757
vn 0.5714 0.2373 0.7856
vn 0.2053 0.1158 0.9718
vn 0.0849 -0.7547 0.6506
vn 0.1139 -0.7337 0.6698
vn -0.0345 -0.7602 0.6487
vn 0.2237 0.2607 0.9392
vn 0.4674 0.2376 0.8515
vn 0.3680 0.7069 0.6041
vn 0.6196 0.5544 0.5556
vn 0.1662 0.7801 0.6032
vn 0.0870 0.5654 0.8202
vn 0.3173 0.4866 0.8139
vn 0.4809 0.6747 0.5599
vn 0.1666 0.1616 0.9727
vn 0.2164 0.3078 0.9265
vn 0.0227 0.2299 0.9730
vn 0.0442 0.3968 0.9169
vn 0.0789 -0.7025 0.7072
vn 0.1671 -0.4478 0.8784
vn 0.2512 -0.4274 0.8685
vn 0.2350 -0.6134 0.7540
vn 0.5480 -0.4348 0.7146
vn 0.5310 -0.1228 0.8384
vn 0.7784 -0.3129 0.5442
vn 0.7114 0.0118 0.7027
vn 0.3576 0.0320 0.9333
vn 0.2744 0.0352 0.9610
vn 0.2141 0.0643 0.9747
vn 0.1581 0.1080 0.9815
vn 0.0316 0.1620 0.9863
vn 0.0445 0.1164 0.9922
vn 0.5588 0.1316 0.8188
vn 0.4635 0.1788 0.8679
vn 0.3375 0.0325 0.9408
vn 0.4280 0.0042 0.9038
vn 0.1698 0.0723 0.9828
vn 0.2442 0.0517 0.9684
vn 0.3562 0.1968 0.9135
vn 0.2498 0.2168 0.9437
vn 0.1090 0.2794 0.9540
vn 0.6441 -0.1209 0.7553
vn 0.7132 -0.1943 0.6735
vn 0.6635 -0.0912 0.7426
vn 0.5962 -0.1095 0.7953
vn 0.6274 0.0382 0.7778
vn 0.5324 -0.0645 0.8441
vn 0.7159 0.0248 0.6978
vn 0.7932 -0.1753 0.5831
vn 0.4987 -0.0073 0.8667
vn 0.6497 0.3143 0.6921
vn 0.6474 0.2354 0.7249
vn 0.2785 -0.1760 0.9442
vn 0.3693 0.1445 0.9180
vn 0.6277 0.2761 0.7279
vn 0.5429 0.2053 0.8143
vn 0.9673 -0.1135 0.2268
vn 0.8962 -0.1205 0.4269
vn 0.8072 0.1331 0.5750
vn 0.8705 0.0971 0.4826
vn 0.4451 -0.8516 -0.2768
vn 0.1920 -0.9491 -0.2498
vn 0.2627 -0.8850 -0.3844
vn 0.4422 -0.8159 -0.3726
vn 0.8331 -0.5336 -0.1459
vn 0.7055 -0.6721 -0.2249
vn 0.6441 -0.6782 -0.3538
vn 0.7552 -0.5998 -0.2646
vn 0.7720 -0.6202 -0.1388
vn 0.8372 -0.5299 -0.1355
vn 0.8054 -0.5765 -0.1380
vn 0.8138 -0.5711 -0.1073
vn 0.9670 -0.2462 0.0651
vn 0.9781 -0.1706 0.1193
vn 0.9800 0.1599 0.1182
vn 0.9968 0.0719 0.0351
vn 0.6839 0.7254 0.0773
vn 0.8132 0.5811 -0.0320
vn 0.9044 0.4248 0.0406
vn 0.8598 0.4952 0.1248
vn 0.4592 0.8782 -0.1337
vn 0.6844 0.6395 -0.3501
vn 0.2128 0.6975 -0.6842
vn 0.5103 0.5641 -0.6491
vn 0.1263 0.3569 -0.9256
vn 0.4127 0.3182 -0.8535
vn 0.1465 -0.0268 -0.9889
vn 0.3818 -0.0075 -0.9242
vn 0.3821 -0.3026 -0.8732
vn 0.1690 -0.3235 -0.9310
vn 0.1831 -0.5477 -0.8164
vn 0.3675 -0.5788 -0.7280
vn 0.2916 -0.7693 -0.5685
vn 0.2824 -0.7426 -0.6072
vn 0.9311 -0.2639 0.2520
vn 0.8268 -0.2308 0.5130
vn 0.8291 -0.3592 0.4285
vn 0.8717 -0.4368 0.2222
vn 0.7938 -0.5955 -0.1238
vn 0.9469 0.1175 0.2992
vn 0.8202 0.0567 0.5692
vn 0.8960 -0.4201 0.1440
vn 0.8423 -0.5387 0.0203
vn 0.8026 -0.5737 0.1634
vn 0.8591 -0.4004 0.3188
vn 0.8454 0.4328 0.3131
vn 0.7839 0.5335 0.3177
vn 0.7153 0.3690 0.5935
vn 0.7705 0.2929 0.5662
vn 0.6641 0.5982 0.4484
vn 0.6074 0.4091 0.6810
vn 0.5157 0.6934 0.5033
vn 0.3922 0.7464 0.5376
vn 0.3442 0.4908 0.8004
vn 0.4734 0.4437 0.7609
vn 0.2453 0.7919 0.5592
vn 0.1887 0.5472 0.8154
vn 0.7317 0.6634 0.1567
vn 0.6105 0.7693 0.1883
vn 0.4758 0.8543 0.2093
vn 0.3759 0.8965 0.2346
vn 0.2707 0.9194 0.2852
vn 0.7050 0.7034 -0.0900
vn 0.6097 0.7171 -0.3377
vn 0.4062 0.6319 -0.6601
vn 0.3125 0.3832 -0.8692
vn 0.2737 0.0212 -0.9616
vn 0.5451 0.8356 -0.0681
vn 0.4243 0.9055 -0.0097
vn 0.3063 0.9519 0.0051
vn 0.2553 0.9629 0.0872
vn 0.4977 0.8220 -0.2768
vn 0.3776 0.9080 -0.1818
vn 0.2762 0.9511 -0.1384
vn 0.3866 0.7828 -0.4876
vn 0.3156 0.8989 -0.3038
vn 0.2635 -0.2568 -0.9299
vn 0.2277 -0.5528 -0.8016
vn 0.1607 -0.7662 -0.6221
vn 0.0089 -0.9724 -0.2331
vn 0.0660 -0.9149 -0.3982
vn 0.0866 -0.9958 -0.0281
vn -0.0458 -0.9989 -0.0133
vn 0.0397 -0.9830 0.1792
vn -0.0081 -0.9809 0.1946
vn 0.0210 -0.9127 0.4080
vn 0.0218 -0.8854 0.4644
vn -0.1099 -0.9903 0.0855
vn -0.0361 -0.9843 0.1727
vn -0.0305 -0.9492 0.3131
vn 0.7286 -0.6600 -0.1831
vn 0.8889 -0.4492 -0.0894
vn 0.3530 -0.9259 -0.1347
vn 0.2484 -0.9675 0.0479
vn 0.7172 -0.6960 0.0361
vn 0.5765 -0.8056 -0.1367
vn 0.8756 -0.4514 -0.1720
vn 0.9503 -0.3090 -0.0379
vn 0.3965 -0.8880 0.2330
vn 0.1483 -0.9277 0.3426
vn 0.0541 -0.8784 0.4749
vn 0.1968 -0.7832 0.5898
vn 0.4139 -0.7517 0.5134
vn 0.6533 -0.6500 0.3883
vn -0.0671 -0.9977 0.0102
vn 0.0383 -0.9885 0.1465
vn 0.0234 -0.9617 0.2731
vn 0.7576 -0.4829 -0.4390
vn 0.8012 -0.4348 -0.4111
vn 0.8075 -0.5331 -0.2525
vn 0.8111 -0.5581 -0.1753
vn 0.8412 -0.4846 -0.2397
vn 0.3413 -0.9374 0.0691
vn 0.4438 -0.1104 0.8893
vn 0.0905 -0.1360 0.9866
vn 0.2350 -0.8294 0.5068
vn -0.1565 -0.8705 0.4665
vn 0.5315 -0.0339 0.8464
vn 0.4644 -0.3272 0.8230
vn 0.0619 -0.5550 0.8295
vn 0.6369 0.0236 0.7706
vn 0.5720 0.1455 0.8072
vn 0.3456 0.4860 0.8027
vn 0.1552 0.6818 0.7149
vn 0.0112 0.8301 0.5575
vn -0.1428 0.9718 0.1878
vn -0.2236 0.9695 -0.1003
vn -0.3104 0.7463 -0.5888
vn -0.2870 0.5244 -0.8016
vn -0.2702 0.3563 -0.8944
vn -0.2199 0.1025 -0.9701
vn -0.1530 -0.3037 -0.9404
vn -0.0908 -0.4319 -0.8973
vn -0.0388 -0.5453 -0.8373
vn -0.0275 -0.6278 -0.7779
vn -0.2051 -0.0330 -0.9782
vn -0.1738 -0.2127 -0.9615
vn 0.6922 -0.6689 0.2712
vn 0.7580 -0.5386 -0.3679
vn 0.6070 -0.5477 -0.5758
vn 0.9628 -0.2573 -0.0824
vn 0.8979 -0.4367 -0.0557
vn 0.7938 -0.2519 0.5536
vn 0.8109 -0.1925 0.5526
vn 0.9504 -0.2632 0.1655
vn 0.8707 -0.3634 0.3314
vn 0.1056 -0.7051 0.7012
vn 0.7029 -0.5580 0.4411
vn 0.2802 0.1332 0.9507
vn 0.5199 -0.0517 0.8527
vn 0.5810 -0.0529 0.8122
vn 0.6221 -0.0133 0.7828
vn 0.7984 -0.2894 0.5280
vn 0.7787 -0.3901 0.4913
vn 0.6488 0.0251 0.7605
vn 0.8320 -0.3178 0.4547
vn 0.7125 -0.0620 0.6989
vn 0.7255 -0.1165 0.6783
vn 0.8397 -0.5430 0.0101
vn 0.8433 -0.5061 -0.1808
vn 0.7216 0.0422 0.6910
vn 0.7805 -0.0960 0.6177
vn 0.8566 -0.4983 -0.1341
vn 0.8983 -0.4032 0.1746
vn 0.5575 0.3096 0.7703
vn 0.7242 0.0584 0.6871
vn 0.8945 -0.1810 0.4087
vn 0.8598 0.0011 0.5107
vn -0.2043 0.9633 0.1743
vn 0.2711 0.6845 0.6767
vn 0.7609 0.0903 0.6425
vn 0.8132 0.3099 0.4926
vn -0.4665 0.6986 -0.5425
vn -0.3907 0.8920 -0.2272
vn 0.9116 0.3807 -0.1551
vn 0.8773 0.1756 -0.4467
vn -0.4832 0.3374 -0.8079
vn -0.4778 0.5162 -0.7108
vn 0.9072 -0.0055 -0.4207
vn 0.9264 -0.1403 -0.3494
vn -0.4691 -0.0029 -0.8832
vn -0.4762 0.1633 -0.8641
vn 0.9344 -0.2699 -0.2323
vn 0.8505 -0.4928 -0.1839
vn -0.4778 -0.1575 -0.8642
vn -0.4675 -0.0968 -0.8787
vn 0.5903 0.1997 0.7821
vn 0.4695 -0.8779 0.0941
vn 0.6421 -0.7601 -0.0999
vn 0.6121 0.1445 0.7775
vn 0.6525 -0.7244 0.2224
vn 0.7055 -0.6902 0.1607
vn 0.6965 -0.0666 0.7144
vn 0.6209 -0.0354 0.7831
vn -0.5475 -0.2324 -0.8039
vn -0.5969 -0.1562 -0.7870
vn -0.5547 -0.1528 -0.8179
vn -0.4988 -0.2523 -0.8292
vn -0.0741 -0.7359 -0.6731
vn -0.4484 -0.3517 -0.8217
vn -0.3020 -0.4512 -0.8398
vn 0.0645 -0.7195 -0.6915
vn 0.5410 -0.8019 0.2534
vn 0.3384 -0.9159 -0.2158
vn 0.4450 -0.8408 -0.3082
vn 0.6767 -0.7255 0.1250
vn 0.5650 -0.4535 0.6893
vn 0.5758 -0.6189 0.5342
vn 0.6917 -0.5862 0.4217
vn 0.6511 -0.4140 0.6361
vn 0.5424 -0.1742 0.8219
vn 0.5536 -0.2943 0.7790
vn 0.6224 -0.2510 0.7414
vn 0.6082 -0.2037 0.7672
vn 0.5177 0.0776 0.8520
vn 0.5267 -0.0200 0.8498
vn 0.5745 -0.0512 0.8169
vn 0.5473 0.0646 0.8344
vn 0.5307 0.2562 0.8079
vn 0.5250 0.1248 0.8419
vn 0.5423 0.1102 0.8329
vn 0.5149 0.2185 0.8289
vn -0.2675 -0.4732 -0.8393
vn -0.4254 -0.3907 -0.8163
vn -0.4593 -0.4773 -0.7492
vn -0.2577 -0.6337 -0.7294
vn -0.4824 -0.2840 -0.8287
vn -0.4684 -0.1546 -0.8699
vn -0.4951 -0.3105 -0.8115
vn -0.4575 -0.0973 -0.8839
vn -0.4609 0.0157 -0.8873
vn -0.4720 0.1794 -0.8632
vn -0.4860 0.3671 -0.7931
vn -0.4934 0.5527 -0.6717
vn -0.4718 0.7635 -0.4410
vn -0.3614 0.9317 -0.0349
vn -0.1730 0.9189 0.3546
vn 0.1866 0.6512 0.7356
vn 0.3893 0.4032 0.8282
vn 0.5093 0.2403 0.8263
vn 0.5523 0.1702 0.8161
vn 0.3508 0.3662 0.8618
vn 0.4758 0.3534 0.8054
vn 0.4583 0.2606 0.8498
vn 0.3816 0.3128 0.8698
vn 0.4919 0.2983 0.8179
vn 0.5308 0.1691 0.8304
vn 0.4497 0.2836 0.8469
vn 0.3243 0.4419 0.8364
vn 0.1678 0.6283 0.7597
vn -0.0578 0.8663 0.4962
vn -0.2164 0.9579 0.1887
vn -0.3560 0.8946 -0.2702
vn -0.4168 0.6662 -0.6184
vn -0.4085 0.4271 -0.8067
vn -0.3857 0.2206 -0.8959
vn -0.3642 0.0366 -0.9306
vn -0.3510 -0.1083 -0.9301
vn -0.0534 -0.4624 -0.8851
vn -0.2720 -0.4333 -0.8592
vn -0.1688 -0.4867 -0.8571
vn -0.3379 -0.3450 -0.8756
vn -0.3491 -0.2070 -0.9139
vn -0.2622 -0.4033 -0.8767
vn -0.4796 -0.2743 -0.8335
vn 0.5874 -0.4277 -0.6870
vn -0.1490 -0.3056 -0.9404
vn -0.1770 -0.3042 -0.9360
vn 0.7929 -0.4039 -0.4563
vn 0.4558 -0.5036 -0.7339
vn 0.9046 -0.3358 0.2624
vn 0.8317 -0.2194 0.5100
vn 0.2004 -0.0085 0.9797
vn 0.5179 -0.8477 0.1145
vn 0.2412 -0.7970 0.5538
vn 0.4219 0.1659 0.8913
vn 0.6596 -0.6680 0.3445
vn -0.3343 -0.3332 -0.8816
vn -0.3184 -0.3545 -0.8792
vn -0.0145 -0.5169 -0.8559
vn -0.2296 -0.4894 -0.8413
vn 0.2522 -0.8489 -0.4645
vn 0.5506 -0.8287 0.1003
vn 0.6140 -0.6472 0.4519
vn 0.5969 -0.4939 0.6322
vn 0.5953 -0.3989 0.6975
vn 0.5875 -0.2899 0.7555
vn 0.5762 -0.1573 0.8020
vn 0.5654 -0.0151 0.8247
vn 0.5655 0.0600 0.8226
vn 0.5794 0.0799 0.8111
vn -0.4032 -0.3379 -0.8504
vn 0.5631 0.0680 0.8236
vn 0.6134 0.0269 0.7893
vn 0.5120 0.1255 0.8498
vn 0.5865 0.2110 0.7820
vn 0.9600 -0.1357 0.2451
vn 0.8902 -0.4278 0.1567
vn 0.9736 -0.2188 -0.0644
vn 0.9905 -0.1285 0.0479
vn 0.0619 0.2139 0.9749
vn 0.1764 0.5680 0.8039
vn 0.0026 0.6674 0.7447
vn 0.0700 0.2671 0.9611
vn 0.0953 0.1218 0.9880
vn 0.3456 0.4143 0.8420
vn -0.0767 0.6562 0.7507
vn 0.1387 0.2456 0.9594
vn -0.0981 0.6470 0.7561
vn 0.2865 0.2857 0.9145
vn -0.0628 0.5673 0.8211
vn 0.4101 0.3409 0.8459
vn -0.0686 0.4928 0.8674
vn 0.4364 0.4304 0.7901
vn -0.0439 0.4623 0.8856
vn 0.4152 0.5831 0.6983
vn 0.0177 0.4176 0.9084
vn 0.2987 0.7218 0.6244
vn 0.1386 0.3797 0.9147
vn 0.2357 0.7594 0.6065
vn 0.2618 0.3175 0.9114
vn 0.2064 0.7244 0.6578
vn 0.3754 0.3333 0.8649
vn 0.1860 0.6871 0.7023
vn 0.4337 0.3459 0.8320
vn 0.1601 0.6415 0.7502
vn 0.3959 0.3139 0.8630
vn 0.0926 0.5337 0.8406
vn 0.3925 0.1951 0.8988
vn 0.0989 0.3168 0.9433
vn 0.4179 0.2134 0.8831
vn 0.1005 0.1381 0.9853
vn 0.1907 -0.3769 -0.9064
vn 0.1700 -0.3604 -0.9172
vn 0.2332 -0.2934 -0.9271
vn 0.2686 -0.3251 -0.9067
vn 0.1404 -0.3506 -0.9259
vn 0.1828 -0.2753 -0.9438
vn 0.1036 -0.3493 -0.9313
vn 0.1202 -0.2735 -0.9543
vn 0.0632 -0.3567 -0.9321
vn 0.0513 -0.2889 -0.9560
vn 0.0241 -0.3730 -0.9275
vn -0.0157 -0.3201 -0.9473
vn -0.0079 -0.3930 -0.9195
vn -0.0723 -0.3604 -0.9300
vn -0.0294 -0.4139 -0.9099
vn -0.1098 -0.3982 -0.9107
vn -0.0396 -0.4372 -0.8985
vn -0.1267 -0.4361 -0.8910
vn -0.0392 -0.4609 -0.8866
vn -0.1260 -0.4772 -0.8697
vn -0.0283 -0.4819 -0.8757
vn -0.1069 -0.5141 -0.8511
vn -0.0074 -0.4991 -0.8665
vn -0.0703 -0.5440 -0.8361
vn 0.0228 -0.5104 -0.8596
vn -0.0183 -0.5638 -0.8257
vn 0.0603 -0.5140 -0.8557
vn 0.0454 -0.5701 -0.8203
vn 0.1013 -0.5081 -0.8553
vn 0.1144 -0.5604 -0.8203
vn 0.1403 -0.4929 -0.8587
vn 0.1799 -0.5348 -0.8256
vn 0.1719 -0.4709 -0.8653
vn 0.2335 -0.4973 -0.8355
vn 0.1934 -0.4455 -0.8741
vn 0.2704 -0.4534 -0.8493
vn 0.2038 -0.4197 -0.8845
vn 0.2882 -0.4086 -0.8660
vn 0.2027 -0.3971 -0.8951
vn 0.2877 -0.3661 -0.8850
vn 0.3053 -0.2089 -0.9291
vn 0.3572 -0.2566 -0.8981
vn 0.2306 -0.1830 -0.9557
vn 0.1386 -0.1811 -0.9737
vn 0.0371 -0.2043 -0.9782
vn -0.0622 -0.2512 -0.9659
vn -0.1460 -0.3154 -0.9376
vn -0.2010 -0.3767 -0.9043
vn -0.2252 -0.4316 -0.8735
vn -0.2250 -0.4912 -0.8415
vn -0.1966 -0.5462 -0.8143
vn -0.1426 -0.5915 -0.7936
vn -0.0660 -0.6220 -0.7802
vn 0.0278 -0.6325 -0.7741
vn 0.1292 -0.6188 -0.7748
vn 0.2253 -0.5810 -0.7821
vn 0.3038 -0.5248 -0.7951
vn 0.3577 -0.4589 -0.8133
vn 0.3836 -0.3917 -0.8363
vn 0.3846 -0.3225 -0.8649
vn 0.3809 -0.1120 -0.9178
vn 0.4506 -0.1755 -0.8753
vn 0.2814 -0.0766 -0.9565
vn 0.1579 -0.0737 -0.9847
vn 0.0204 -0.1052 -0.9942
vn -0.1145 -0.1694 -0.9789
vn -0.2275 -0.2576 -0.9391
vn -0.3021 -0.3473 -0.8878
vn -0.3331 -0.4227 -0.8428
vn -0.3324 -0.5005 -0.7994
vn -0.2943 -0.5754 -0.7631
vn -0.2223 -0.6383 -0.7369
vn -0.1195 -0.6824 -0.7211
vn 0.0073 -0.6993 -0.7148
vn 0.1454 -0.6819 -0.7168
vn 0.2759 -0.6298 -0.7261
vn 0.3814 -0.5516 -0.7418
vn 0.4523 -0.4603 -0.7639
vn 0.4865 -0.3671 -0.7928
vn 0.4875 -0.2682 -0.8309
vn 0.4591 -0.0005 -0.8884
vn 0.5466 -0.0822 -0.8334
vn 0.3347 0.0464 -0.9412
vn 0.1778 0.0524 -0.9827
vn 0.0004 0.0128 -0.9999
vn -0.1749 -0.0705 -0.9821
vn -0.3201 -0.1856 -0.9290
vn -0.4144 -0.3063 -0.8570
vn -0.4520 -0.4060 -0.7943
vn -0.4483 -0.5030 -0.7390
vn -0.4003 -0.5994 -0.6932
vn -0.3104 -0.6829 -0.6613
vn -0.1803 -0.7442 -0.6432
vn -0.0168 -0.7707 -0.6370
vn 0.1632 -0.7504 -0.6405
vn 0.3330 -0.6812 -0.6520
vn 0.4675 -0.5764 -0.6703
vn 0.5549 -0.4555 -0.6961
vn 0.5958 -0.3325 -0.7311
vn 0.5945 -0.2009 -0.7786
vn 0.5375 0.1267 -0.8337
vn 0.6423 0.0254 -0.7660
vn 0.3886 0.1883 -0.9020
vn 0.1976 0.2014 -0.9594
vn -0.0239 0.1564 -0.9874
vn -0.2451 0.0520 -0.9681
vn -0.4261 -0.0952 -0.8997
vn -0.5384 -0.2506 -0.8046
vn -0.5799 -0.3774 -0.7220
vn -0.5720 -0.4952 -0.6539
vn -0.5142 -0.6147 -0.5981
vn -0.4073 -0.7217 -0.5597
vn -0.2497 -0.8050 -0.5381
vn -0.0461 -0.8459 -0.5313
vn 0.1833 -0.8241 -0.5359
vn 0.3981 -0.7340 -0.5502
vn 0.5633 -0.5963 -0.5720
vn 0.6652 -0.4410 -0.6025
vn 0.7096 -0.2850 -0.6444
vn 0.7028 -0.1189 -0.7014
vn 0.6106 0.2686 -0.7450
vn 0.7313 0.1469 -0.6661
vn 0.4396 0.3488 -0.8277
vn 0.2150 0.3751 -0.9017
vn -0.0540 0.3297 -0.9425
vn -0.3273 0.2039 -0.9226
vn -0.5451 0.0195 -0.8382
vn -0.6719 -0.1760 -0.7194
vn -0.7130 -0.3327 -0.6172
vn -0.6990 -0.4720 -0.5372
vn -0.6325 -0.6155 -0.4702
vn -0.5113 -0.7481 -0.4230
vn -0.3282 -0.8583 -0.3946
vn -0.0817 -0.9198 -0.3837
vn 0.2039 -0.8986 -0.3885
vn 0.4710 -0.7830 -0.4063
vn 0.6668 -0.6055 -0.4345
vn 0.7790 -0.4116 -0.4731
vn 0.8222 -0.2210 -0.5245
vn 0.8057 -0.0213 -0.5919
vn 0.6686 0.4184 -0.6148
vn 0.8029 0.2777 -0.5274
vn 0.4800 0.5200 -0.7066
vn 0.2262 0.5670 -0.7920
vn -0.0888 0.5301 -0.8433
vn -0.4156 0.3864 -0.8234
vn -0.6693 0.1614 -0.7253
vn -0.8049 -0.0785 -0.5881
vn -0.8406 -0.2670 -0.4713
vn -0.8196 -0.4276 -0.3812
vn -0.7461 -0.5926 -0.3036
vn -0.6149 -0.7501 -0.2435
vn -0.4114 -0.8891 -0.2006
vn -0.1238 -0.9764 -0.1772
vn 0.2229 -0.9586 -0.1773
vn 0.5455 -0.8135 -0.2019
vn 0.7684 -0.5916 -0.2442
vn 0.8842 -0.3596 -0.2982
vn 0.9211 -0.1377 -0.3641
vn 0.8911 0.0905 -0.4447
vn 0.6995 0.5619 -0.4416
vn 0.8428 0.4070 -0.3522
vn 0.4993 0.6834 -0.5326
vn 0.2253 0.7543 -0.6167
vn -0.1247 0.7342 -0.6673
vn -0.4946 0.5823 -0.6452
vn -0.7760 0.3219 -0.5425
vn -0.9149 0.0400 -0.4017
vn -0.9428 -0.1784 -0.2816
vn -0.9152 -0.3567 -0.1874
vn -0.8375 -0.5372 -0.0996
vn -0.7021 -0.7118 -0.0219
vn -0.4868 -0.8723 0.0455
vn -0.1682 -0.9812 0.0948
vn 0.2313 -0.9669 0.1077
vn 0.6018 -0.7954 0.0722
vn 0.8434 -0.5373 0.0035
vn 0.9573 -0.2786 -0.0770
vn 0.9858 -0.0361 -0.1638
vn 0.9423 0.2095 -0.2609
vn 0.6936 0.6804 -0.2368
vn 0.8406 0.5202 -0.1511
vn 0.4893 0.8127 -0.3163
vn 0.2089 0.8998 -0.3830
vn -0.1528 0.8960 -0.4170
vn -0.5382 0.7478 -0.3887
vn -0.8307 0.4730 -0.2937
vn -0.9714 0.1665 -0.1690
vn -0.9956 -0.0722 -0.0602
vn -0.9652 -0.2597 0.0312
vn -0.8864 -0.4454 0.1258
vn -0.7510 -0.6221 0.2215
vn -0.5336 -0.7837 0.3179
vn -0.2045 -0.8932 0.4003
vn 0.2169 -0.8756 0.4317
vn 0.6082 -0.6949 0.3837
vn 0.8575 -0.4299 0.2826
vn 0.9706 -0.1694 0.1709
vn 0.9953 0.0756 0.0607
vn 0.9450 0.3226 -0.0541
vn 0.6503 0.7593 -0.0231
vn 0.7945 0.6047 0.0552
vn 0.4502 0.8888 -0.0853
vn 0.1787 0.9756 -0.1272
vn -0.1659 0.9766 -0.1371
vn -0.5312 0.8412 -0.1008
vn -0.8136 0.5810 -0.0216
vn -0.9570 0.2800 0.0763
vn -0.9855 0.0386 0.1654
vn -0.9573 -0.1478 0.2484
vn -0.8808 -0.3255 0.3438
vn -0.7481 -0.4878 0.4499
vn -0.5367 -0.6274 0.5641
vn -0.2216 -0.7124 0.6659
vn 0.1772 -0.6837 0.7080
vn 0.5502 -0.5185 0.6546
vn 0.7955 -0.2823 0.5361
vn 0.9128 -0.0467 0.4056
vn 0.9423 0.1827 0.2804
vn 0.8957 0.4175 0.1533
vn 0.5792 0.7959 0.1762
vn 0.7147 0.6553 0.2447
vn 0.3911 0.9111 0.1300
vn 0.1416 0.9840 0.1086
vn -0.1654 0.9793 0.1167
vn -0.4857 0.8600 0.1567
vn -0.7405 0.6347 0.2210
vn -0.8829 0.3651 0.2954
vn -0.9202 0.1393 0.3659
vn -0.8981 -0.0347 0.4384
vn -0.8264 -0.1953 0.5281
vn -0.6995 -0.3335 0.6321
vn -0.5016 -0.4414 0.7441
vn -0.2186 -0.4946 0.8412
vn 0.1271 -0.4571 0.8803
vn 0.4530 -0.3206 0.8319
vn 0.6812 -0.1292 0.7206
vn 0.8019 0.0687 0.5934
vn 0.8407 0.2722 0.4680
vn 0.8060 0.4849 0.3395
vn 0.4933 0.7977 0.3469
vn 0.6148 0.6758 0.4067
vn 0.3237 0.8932 0.3122
vn 0.1040 0.9474 0.3027
vn -0.1571 0.9348 0.3185
vn -0.4244 0.8322 0.3569
vn -0.6431 0.6471 0.4095
vn -0.7770 0.4204 0.4685
vn -0.8210 0.2218 0.5261
vn -0.8057 0.0678 0.5884
vn -0.7412 -0.0710 0.6675
vn -0.6241 -0.1841 0.7594
vn -0.4462 -0.2636 0.8552
vn -0.2040 -0.2934 0.9340
vn 0.0808 -0.2547 0.9636
vn 0.3508 -0.1467 0.9249
vn 0.5516 0.0031 0.8341
vn 0.6685 0.1642 0.7253
vn 0.7143 0.3391 0.6122
vn 0.6928 0.5268 0.4925
vn 0.4034 0.7753 0.4861
vn 0.5088 0.6736 0.5361
vn 0.2562 0.8508 0.4587
vn 0.0696 0.8882 0.4541
vn -0.1456 0.8703 0.4705
vn -0.3629 0.7837 0.5041
vn -0.5436 0.6361 0.5476
vn -0.6627 0.4525 0.5968
vn -0.7084 0.2852 0.6456
vn -0.6991 0.1538 0.6983
vn -0.6430 0.0383 0.7649
vn -0.5394 -0.0522 0.8404
vn -0.3860 -0.1108 0.9158
vn -0.1855 -0.1274 0.9744
vn 0.0429 -0.0923 0.9948
vn 0.2603 -0.0081 0.9655
vn 0.4293 0.1085 0.8966
vn 0.5350 0.2379 0.8107
vn 0.5825 0.3850 0.7159
vn 0.5724 0.5464 0.6114
vn 0.3155 0.7380 0.5965
vn 0.4032 0.6559 0.6382
vn 0.1926 0.7958 0.5741
vn 0.0394 0.8203 0.5706
vn -0.1335 0.8004 0.5843
vn -0.3058 0.7296 0.6117
vn -0.4514 0.6137 0.6478
vn -0.5521 0.4687 0.6896
vn -0.5950 0.3325 0.7317
vn -0.5897 0.2243 0.7759
vn -0.5429 0.1309 0.8295
vn -0.4553 0.0594 0.8883
vn -0.3280 0.0157 0.9445
vn -0.1667 0.0060 0.9860
vn 0.0129 0.0350 0.9993
vn 0.1841 0.1004 0.9778
vn 0.3211 0.1909 0.9276
vn 0.4114 0.2937 0.8629
vn 0.4559 0.4149 0.7874
vn 0.4536 0.5502 0.7011
vn 0.2322 0.6920 0.6835
vn 0.3021 0.6281 0.7172
vn 0.1339 0.7348 0.6649
vn 0.0129 0.7501 0.6612
vn -0.1217 0.7311 0.6713
vn -0.2548 0.6749 0.6925
vn -0.3680 0.5863 0.7217
vn -0.4492 0.4747 0.7569
vn -0.4862 0.3673 0.7929
vn -0.4836 0.2815 0.8288
vn -0.4462 0.2086 0.8703
vn -0.3758 0.1535 0.9139
vn -0.2747 0.1206 0.9539
vn -0.1492 0.1143 0.9822
vn -0.0114 0.1371 0.9905
vn 0.1201 0.1867 0.9751
vn 0.2271 0.2560 0.9396
vn 0.2996 0.3359 0.8930
vn 0.3382 0.4330 0.8356
vn 0.3404 0.5431 0.7676
vn 0.1539 0.6409 0.7520
vn 0.2063 0.5937 0.7778
vn 0.0800 0.6712 0.7370
vn -0.0106 0.6802 0.7329
vn -0.1104 0.6642 0.7393
vn -0.2087 0.6218 0.7549
vn -0.2926 0.5567 0.7774
vn -0.3546 0.4738 0.8061
vn -0.3838 0.3927 0.8357
vn -0.3827 0.3280 0.8637
vn -0.3547 0.2741 0.8939
vn -0.3016 0.2333 0.9245
vn -0.2259 0.2091 0.9514
vn -0.1329 0.2044 0.9698
vn -0.0316 0.2211 0.9747
vn 0.0650 0.2576 0.9641
vn 0.1444 0.3088 0.9401
vn 0.1992 0.3683 0.9081
vn 0.2297 0.4427 0.8668
vn 0.2340 0.5281 0.8163
vn 0.0810 0.5870 0.8056
vn 0.1165 0.5551 0.8236
vn 0.0305 0.6068 0.7943
vn -0.0314 0.6119 0.7903
vn -0.0996 0.6000 0.7937
vn -0.1668 0.5706 0.8041
vn -0.2241 0.5264 0.8202
vn -0.2676 0.4678 0.8423
vn -0.2883 0.4104 0.8651
vn -0.2878 0.3660 0.8850
vn -0.2689 0.3296 0.9050
vn -0.2327 0.3017 0.9246
vn -0.1812 0.2848 0.9413
vn -0.1178 0.2813 0.9524
vn -0.0488 0.2923 0.9551
vn 0.0169 0.3173 0.9482
vn 0.0709 0.3526 0.9331
vn 0.1082 0.3934 0.9130
vn 0.1299 0.4457 0.8857
vn 0.1347 0.5073 0.8512
vn 0.0140 0.5324 0.8464
vn 0.0338 0.5149 0.8566
vn -0.0145 0.5435 0.8393
vn -0.0499 0.5463 0.8361
vn -0.0895 0.5393 0.8373
vn -0.1288 0.5222 0.8431
vn -0.1625 0.4965 0.8527
vn -0.1903 0.4580 0.8684
vn -0.2036 0.4215 0.8837
vn -0.2032 0.3956 0.8957
vn -0.1925 0.3747 0.9070
vn -0.1717 0.3582 0.9177
vn -0.1416 0.3479 0.9268
vn -0.1043 0.3453 0.9327
vn -0.0633 0.3516 0.9340
vn -0.0242 0.3666 0.9301
vn 0.0075 0.3878 0.9217
vn 0.0292 0.4122 0.9106
vn 0.0421 0.4436 0.8952
vn 0.0452 0.4834 0.8742
vn 0.0826 -0.4319 -0.8981
vn -0.0813 0.4384 0.8951
vn -0.0285 -0.3339 -0.9422
vn -0.0777 -0.2571 -0.9633
vn -0.0287 -0.2420 -0.9699
vn -0.0010 -0.3268 -0.9451
vn 0.0273 -0.2447 -0.9692
vn 0.0313 -0.3291 -0.9438
vn 0.0862 -0.2668 -0.9599
vn 0.0657 -0.3418 -0.9375
vn 0.1415 -0.3066 -0.9413
vn 0.0987 -0.3637 -0.9263
vn 0.1861 -0.3597 -0.9143
vn 0.1256 -0.3929 -0.9110
vn 0.2156 -0.4170 -0.8830
vn 0.1438 -0.4228 -0.8947
vn 0.2286 -0.4647 -0.8555
vn 0.1520 -0.4495 -0.8802
vn 0.2234 -0.5048 -0.8338
vn 0.1489 -0.4742 -0.8677
vn 0.2012 -0.5414 -0.8163
vn 0.1361 -0.4953 -0.8580
vn 0.1651 -0.5675 -0.8067
vn 0.1155 -0.5102 -0.8523
vn 0.1173 -0.5809 -0.8055
vn 0.0880 -0.5178 -0.8510
vn 0.0612 -0.5794 -0.8127
vn 0.0552 -0.5168 -0.8543
vn 0.0013 -0.5614 -0.8275
vn 0.0198 -0.5060 -0.8623
vn -0.0557 -0.5270 -0.8481
vn -0.0141 -0.4854 -0.8742
vn -0.1021 -0.4794 -0.8716
vn -0.0417 -0.4572 -0.8884
vn -0.1322 -0.4255 -0.8953
vn -0.0593 -0.4255 -0.9030
vn -0.1442 -0.3720 -0.9170
vn -0.0661 -0.3945 -0.9165
vn -0.1382 -0.3248 -0.9356
vn -0.0625 -0.3674 -0.9280
vn -0.1163 -0.2868 -0.9509
vn -0.0498 -0.3473 -0.9364
vn -0.1328 -0.1604 -0.9781
vn -0.0602 -0.1371 -0.9887
vn 0.0230 -0.1422 -0.9896
vn 0.1100 -0.1755 -0.9783
vn 0.1919 -0.2347 -0.9529
vn 0.2580 -0.3141 -0.9136
vn 0.2992 -0.4029 -0.8650
vn 0.3146 -0.4780 -0.8201
vn 0.3062 -0.5360 -0.7868
vn 0.2742 -0.5892 -0.7600
vn 0.2207 -0.6282 -0.7461
vn 0.1503 -0.6490 -0.7458
vn 0.0677 -0.6483 -0.7584
vn -0.0204 -0.6230 -0.7820
vn -0.1041 -0.5730 -0.8129
vn -0.1723 -0.5029 -0.8470
vn -0.2165 -0.4226 -0.8801
vn -0.2338 -0.3428 -0.9099
vn -0.2247 -0.2723 -0.9356
vn -0.1913 -0.2094 -0.9589
vn -0.1919 -0.0493 -0.9802
vn -0.0942 -0.0187 -0.9954
vn 0.0179 -0.0249 -0.9995
vn 0.1361 -0.0694 -0.9883
vn 0.2480 -0.1500 -0.9571
vn 0.3380 -0.2583 -0.9050
vn 0.3926 -0.3793 -0.8378
vn 0.4091 -0.4870 -0.7716
vn 0.3948 -0.5657 -0.7240
vn 0.3521 -0.6350 -0.6876
vn 0.2800 -0.6882 -0.6694
vn 0.1855 -0.7184 -0.6704
vn 0.0743 -0.7205 -0.6895
vn -0.0452 -0.6890 -0.7234
vn -0.1593 -0.6221 -0.7666
vn -0.2518 -0.5262 -0.8123
vn -0.3107 -0.4157 -0.8548
vn -0.3325 -0.3062 -0.8920
vn -0.3193 -0.2089 -0.9243
vn -0.2721 -0.1190 -0.9549
vn -0.2545 0.0751 -0.9642
vn -0.1308 0.1153 -0.9847
vn 0.0120 0.1097 -0.9939
vn 0.1645 0.0550 -0.9848
vn 0.3109 -0.0480 -0.9492
vn 0.4285 -0.1890 -0.8835
vn 0.4972 -0.3462 -0.7956
vn 0.5134 -0.4885 -0.7056
vn 0.4903 -0.5911 -0.6404
vn 0.4344 -0.6763 -0.5949
vn 0.3427 -0.7453 -0.5719
vn 0.2232 -0.7877 -0.5742
vn 0.0809 -0.7955 -0.6005
vn -0.0742 -0.7595 -0.6463
vn -0.2236 -0.6743 -0.7038
vn -0.3436 -0.5483 -0.7624
vn -0.4174 -0.4026 -0.8147
vn -0.4416 -0.2597 -0.8588
vn -0.4214 -0.1327 -0.8971
vn -0.3571 -0.0139 -0.9340
vn -0.3194 0.2143 -0.9231
vn -0.1694 0.2656 -0.9491
vn 0.0050 0.2637 -0.9646
vn 0.1950 0.2020 -0.9598
vn 0.3814 0.0767 -0.9212
vn 0.5314 -0.1009 -0.8411
vn 0.6145 -0.2997 -0.7297
vn 0.6266 -0.4795 -0.6144
vn 0.5910 -0.6074 -0.5308
vn 0.5197 -0.7096 -0.4757
vn 0.4078 -0.7958 -0.4476
vn 0.2628 -0.8533 -0.4503
vn 0.0872 -0.8712 -0.4831
vn -0.1087 -0.8336 -0.5415
vn -0.3005 -0.7291 -0.6149
vn -0.4514 -0.5671 -0.6889
vn -0.5388 -0.3799 -0.7519
vn -0.5617 -0.2000 -0.8028
vn -0.5302 -0.0414 -0.8468
vn -0.4456 0.1066 -0.8889
vn -0.3834 0.3659 -0.8480
vn -0.2081 0.4294 -0.8788
vn -0.0034 0.4358 -0.9000
vn 0.2260 0.3730 -0.8999
vn 0.4578 0.2292 -0.8590
vn 0.6452 0.0128 -0.7639
vn 0.7424 -0.2334 -0.6280
vn 0.7452 -0.4543 -0.4881
vn 0.6922 -0.6087 -0.3878
vn 0.6040 -0.7279 -0.3245
vn 0.4724 -0.8324 -0.2899
vn 0.3024 -0.9079 -0.2902
vn 0.0924 -0.9409 -0.3259
vn -0.1500 -0.9064 -0.3948
vn -0.3913 -0.7817 -0.4856
vn -0.5775 -0.5770 -0.5775
vn -0.6752 -0.3418 -0.6537
vn -0.6904 -0.1230 -0.7129
vn -0.6423 0.0667 -0.7636
vn -0.5334 0.2418 -0.8106
vn -0.4401 0.5217 -0.7309
vn -0.2440 0.5976 -0.7638
vn -0.0128 0.6168 -0.7870
vn 0.2535 0.5617 -0.7876
vn 0.5319 0.4081 -0.7420
vn 0.7596 0.1556 -0.6315
vn 0.8691 -0.1408 -0.4741
vn 0.8577 -0.4051 -0.3167
vn 0.7836 -0.5860 -0.2061
vn 0.6785 -0.7218 -0.1365
vn 0.5292 -0.8431 -0.0954
vn 0.3376 -0.9372 -0.0880
vn 0.0946 -0.9885 -0.1180
vn -0.1972 -0.9619 -0.1892
vn -0.4947 -0.8176 -0.2945
vn -0.7168 -0.5655 -0.4080
vn -0.8176 -0.2801 -0.5031
vn -0.8171 -0.0255 -0.5760
vn -0.7474 0.1901 -0.6365
vn -0.6123 0.3858 -0.6902
vn -0.4817 0.6673 -0.5681
vn -0.2712 0.7526 -0.6001
vn -0.0229 0.7859 -0.6179
vn 0.2694 0.7456 -0.6095
vn 0.5848 0.5949 -0.5515
vn 0.8465 0.3188 -0.4263
vn 0.9659 -0.0203 -0.2581
vn 0.9407 -0.3245 -0.0987
vn 0.8479 -0.5301 0.0107
vn 0.7292 -0.6795 0.0813
vn 0.5673 -0.8132 0.1298
vn 0.3603 -0.9205 0.1515
vn 0.0915 -0.9859 0.1399
vn -0.2433 -0.9664 0.0826
vn -0.5925 -0.8051 -0.0268
vn -0.8435 -0.5115 -0.1638
vn -0.9393 -0.1871 -0.2876
vn -0.9192 0.0901 -0.3833
vn -0.8282 0.3202 -0.4600
vn -0.6697 0.5262 -0.5241
vn -0.4995 0.7835 -0.3696
vn -0.2850 0.8726 -0.3966
vn -0.0327 0.9153 -0.4015
vn 0.2659 0.8886 -0.3737
vn 0.5923 0.7496 -0.2954
vn 0.8672 0.4719 -0.1590
vn 0.9934 0.1147 0.0041
vn 0.9657 -0.2139 0.1473
vn 0.8655 -0.4377 0.2436
vn 0.7414 -0.5952 0.3099
vn 0.5751 -0.7324 0.3643
vn 0.3617 -0.8406 0.4031
vn 0.0818 -0.9046 0.4183
vn -0.2726 -0.8799 0.3892
vn -0.6455 -0.7062 0.2909
vn -0.9076 -0.3972 0.1362
vn -0.9976 -0.0655 -0.0203
vn -0.9666 0.2111 -0.1454
vn -0.8642 0.4408 -0.2428
vn -0.6937 0.6445 -0.3217
vn -0.4911 0.8572 -0.1549
vn -0.2835 0.9428 -0.1756
vn -0.0411 0.9853 -0.1655
vn 0.2420 0.9632 -0.1169
vn 0.5478 0.8364 -0.0206
vn 0.8073 0.5783 0.1178
vn 0.9349 0.2376 0.2639
vn 0.9196 -0.0886 0.3827
vn 0.8283 -0.3177 0.4615
vn 0.7095 -0.4752 0.5204
vn 0.5474 -0.6062 0.5770
vn 0.3387 -0.7012 0.6274
vn 0.0668 -0.7460 0.6626
vn -0.2724 -0.7024 0.6576
vn -0.6246 -0.5261 0.5771
vn -0.8746 -0.2386 0.4220
vn -0.9665 0.0639 0.2485
vn -0.9426 0.3177 0.1027
vn -0.8455 0.5339 -0.0115
vn -0.6790 0.7267 -0.1038
vn -0.4605 0.8861 0.0529
vn -0.2687 0.9625 0.0377
vn -0.0471 0.9972 0.0584
vn 0.2054 0.9714 0.1190
vn 0.4706 0.8544 0.2205
vn 0.6953 0.6280 0.3495
vn 0.8162 0.3289 0.4751
vn 0.8188 0.0309 0.5732
vn 0.7467 -0.1881 0.6381
vn 0.6413 -0.3371 0.6893
vn 0.4913 -0.4541 0.7433
vn 0.2971 -0.5292 0.7948
vn 0.0493 -0.5496 0.8340
vn -0.2484 -0.4887 0.8363
vn -0.5499 -0.3242 0.7698
vn -0.7707 -0.0802 0.6321
vn -0.8663 0.1748 0.4679
vn -0.8603 0.3953 0.3221
vn -0.7808 0.5908 0.2033
vn -0.6319 0.7680 0.1047
vn -0.4150 0.8782 0.2379
vn -0.2451 0.9427 0.2264
vn -0.0505 0.9666 0.2512
vn 0.1653 0.9354 0.3127
vn 0.3850 0.8283 0.4070
vn 0.5701 0.6368 0.5191
vn 0.6775 0.3877 0.6251
vn 0.6933 0.1316 0.7086
vn 0.6410 -0.0654 0.7647
vn 0.5517 -0.1988 0.8100
vn 0.4197 -0.2991 0.8570
vn 0.2471 -0.3551 0.9016
vn 0.0323 -0.3576 0.9333
vn -0.2155 -0.2912 0.9321
vn -0.4602 -0.1484 0.8753
vn -0.6454 0.0491 0.7622
vn -0.7386 0.2566 0.6235
vn -0.7484 0.4426 0.4940
vn -0.6894 0.6147 0.3831
vn -0.5646 0.7738 0.2871
vn -0.3624 0.8447 0.3939
vn -0.2171 0.8971 0.3847
vn -0.0517 0.9113 0.4085
vn 0.1273 0.8769 0.4635
vn 0.3046 0.7819 0.5440
vn 0.4530 0.6234 0.6373
vn 0.5438 0.4225 0.7251
vn 0.5655 0.2112 0.7973
vn 0.5290 0.0422 0.8476
vn 0.4561 -0.0731 0.8869
vn 0.3439 -0.1556 0.9260
vn 0.1965 -0.1968 0.9605
vn 0.0172 -0.1900 0.9816
vn -0.1829 -0.1278 0.9748
vn -0.3771 -0.0102 0.9261
vn -0.5274 0.1466 0.8369
vn -0.6115 0.3130 0.7267
vn -0.6302 0.4669 0.6204
vn -0.5886 0.6150 0.5247
vn -0.4881 0.7547 0.4383
vn -0.3076 0.7955 0.5221
vn -0.1875 0.8368 0.5143
vn -0.0515 0.8438 0.5342
vn 0.0931 0.8097 0.5794
vn 0.2333 0.7283 0.6443
vn 0.3500 0.6008 0.7187
vn 0.4237 0.4418 0.7907
vn 0.4459 0.2727 0.8525
vn 0.4204 0.1330 0.8975
vn 0.3624 0.0373 0.9313
vn 0.2704 -0.0289 0.9623
vn 0.1492 -0.0593 0.9870
vn 0.0042 -0.0496 0.9988
vn -0.1537 0.0034 0.9881
vn -0.3047 0.0974 0.9474
vn -0.4242 0.2199 0.8785
vn -0.4958 0.3514 0.7942
vn -0.5172 0.4761 0.7113
vn -0.4884 0.6004 0.6333
vn -0.4099 0.7198 0.5602
vn -0.2533 0.7372 0.6265
vn -0.1580 0.7687 0.6198
vn -0.0503 0.7710 0.6348
vn 0.0627 0.7403 0.6694
vn 0.1707 0.6737 0.7190
vn 0.2602 0.5738 0.7766
vn 0.3179 0.4516 0.8337
vn 0.3373 0.3202 0.8853
vn 0.3191 0.2091 0.9244
vn 0.2741 0.1327 0.9525
vn 0.2018 0.0813 0.9760
vn 0.1063 0.0587 0.9926
vn -0.0068 0.0680 0.9977
vn -0.1280 0.1101 0.9856
vn -0.2431 0.1825 0.9527
vn -0.3354 0.2762 0.9007
vn -0.3929 0.3778 0.8384
vn -0.4129 0.4759 0.7766
vn -0.3931 0.5767 0.7162
vn -0.3337 0.6755 0.6575
vn -0.2005 0.6736 0.7114
vn -0.1292 0.6965 0.7058
vn -0.0486 0.6964 0.7160
vn 0.0355 0.6712 0.7404
vn 0.1152 0.6199 0.7762
vn 0.1811 0.5453 0.8185
vn 0.2239 0.4553 0.8617
vn 0.2388 0.3573 0.9030
vn 0.2255 0.2730 0.9352
vn 0.1920 0.2152 0.9575
vn 0.1384 0.1772 0.9744
vn 0.0673 0.1608 0.9847
vn -0.0163 0.1679 0.9857
vn -0.1052 0.1990 0.9743
vn -0.1895 0.2521 0.9490
vn -0.2575 0.3210 0.9114
vn -0.3009 0.3963 0.8674
vn -0.3173 0.4697 0.8238
vn -0.3040 0.5475 0.7796
vn -0.2608 0.6253 0.7355
vn -0.1499 0.6075 0.7801
vn -0.1015 0.6228 0.7758
vn -0.0464 0.6219 0.7817
vn 0.0110 0.6036 0.7972
vn 0.0654 0.5676 0.8207
vn 0.1103 0.5162 0.8494
vn 0.1394 0.4550 0.8795
vn 0.1492 0.3859 0.9104
vn 0.1392 0.3265 0.9349
vn 0.1163 0.2866 0.9510
vn 0.0801 0.2610 0.9620
vn 0.0321 0.2497 0.9678
vn -0.0245 0.2541 0.9669
vn -0.0848 0.2748 0.9578
vn -0.1421 0.3107 0.9398
vn -0.1884 0.3576 0.9147
vn -0.2182 0.4093 0.8859
vn -0.2297 0.4598 0.8578
vn -0.2211 0.5146 0.8284
vn -0.1920 0.5714 0.7979
vn -0.1026 0.5415 0.8344
vn -0.0753 0.5500 0.8318
vn -0.0441 0.5493 0.8344
vn -0.0110 0.5387 0.8424
vn 0.0208 0.5177 0.8553
vn 0.0471 0.4878 0.8717
vn 0.0643 0.4519 0.8897
vn 0.0698 0.4068 0.9108
vn 0.0633 0.3691 0.9272
vn 0.0497 0.3459 0.9369
vn 0.0291 0.3312 0.9431
vn 0.0015 0.3242 0.9460
vn -0.0315 0.3262 0.9448
vn -0.0670 0.3380 0.9388
vn -0.1011 0.3591 0.9278
vn -0.1286 0.3871 0.9130
vn -0.1461 0.4180 0.8966
vn -0.1527 0.4479 0.8809
vn -0.1477 0.4809 0.8642
vn -0.1293 0.5177 0.8457
vn 0.0435 -0.4242 -0.9045
vn -0.0413 0.4305 0.9017
vt 0.227393 0.977957
vt 0.224998 0.978183
vt 0.222280 0.971829
vt 0.226720 0.971607
vt 0.222852 0.978944
vt 0.218150 0.972991
vt 0.221137 0.980222
vt 0.214637 0.975163
vt 0.220031 0.981952
vt 0.212032 0.978246
vt 0.332192 0.742083
vt 0.331502 0.743979
vt 0.323520 0.741774
vt 0.324411 0.737921
vt 0.331530 0.746099
vt 0.323934 0.745823
vt 0.332224 0.748264
vt 0.325472 0.749796
vt 0.333497 0.750313
vt 0.327934 0.753483
vt 0.335235 0.752108
vt 0.331139 0.756705
vt 0.337307 0.753528
vt 0.334889 0.759337
vt 0.339569 0.754471
vt 0.338988 0.761244
vt 0.341862 0.754843
vt 0.343233 0.762258
vt 0.344013 0.754567
vt 0.347400 0.762195
vt 0.345829 0.753596
vt 0.351201 0.760850
vt 0.237248 0.985756
vt 0.236951 0.983754
vt 0.244968 0.981988
vt 0.246047 0.985797
vt 0.235918 0.981889
vt 0.242651 0.978619
vt 0.234286 0.980289
vt 0.239408 0.975818
vt 0.232210 0.979053
vt 0.235512 0.973666
vt 0.229855 0.978258
vt 0.231207 0.972236
vt 0.220244 0.965454
vt 0.226401 0.965434
vt 0.214262 0.966748
vt 0.208946 0.969656
vt 0.204651 0.973412
vt 0.315564 0.740570
vt 0.316186 0.734830
vt 0.316634 0.746320
vt 0.319108 0.751799
vt 0.322667 0.756810
vt 0.327135 0.761161
vt 0.332273 0.764812
vt 0.337864 0.767650
vt 0.343723 0.769460
vt 0.349656 0.769974
vt 0.355411 0.768833
vt 0.252491 0.979305
vt 0.254758 0.984609
vt 0.248754 0.974812
vt 0.243981 0.971154
vt 0.238501 0.968333
vt 0.232580 0.966376
vt 0.218817 0.959146
vt 0.227282 0.957563
vt 0.211192 0.960117
vt 0.198438 0.957600
vt 0.197986 0.967651
vt 0.307711 0.740273
vt 0.307670 0.732864
vt 0.309609 0.747479
vt 0.313107 0.754234
vt 0.317623 0.760325
vt 0.323202 0.765546
vt 0.329512 0.770036
vt 0.336307 0.773754
vt 0.343449 0.776431
vt 0.350843 0.777768
vt 0.358352 0.777317
vt 0.259460 0.975794
vt 0.263188 0.982200
vt 0.254271 0.970543
vt 0.248087 0.966319
vt 0.241238 0.963031
vt 0.234030 0.960603
vt 0.218136 0.952851
vt 0.226772 0.952898
vt 0.209303 0.953707
vt 0.200820 0.954272
vt 0.192982 0.959512
vt 0.296064 0.740578
vt 0.299035 0.732086
vt 0.302824 0.749192
vt 0.303941 0.755312
vt 0.312776 0.763973
vt 0.319324 0.769883
vt 0.326656 0.775057
vt 0.334391 0.779604
vt 0.342504 0.783166
vt 0.351031 0.785472
vt 0.359983 0.786077
vt 0.265832 0.971549
vt 0.271160 0.978624
vt 0.259240 0.965878
vt 0.251787 0.961332
vt 0.243717 0.957744
vt 0.235348 0.954792
vt 0.210116 0.941385
vt 0.218495 0.941840
vt 0.202062 0.941478
vt 0.197522 0.947193
vt 0.188909 0.951715
vt 0.291146 0.743018
vt 0.290398 0.732800
vt 0.296436 0.751520
vt 0.301719 0.760361
vt 0.308037 0.767843
vt 0.315512 0.774218
vt 0.323767 0.779921
vt 0.332162 0.785248
vt 0.340956 0.789664
vt 0.350296 0.792996
vt 0.360311 0.794900
vt 0.271576 0.966656
vt 0.278513 0.973971
vt 0.263693 0.960872
vt 0.255146 0.956218
vt 0.246033 0.952541
vt 0.236739 0.949114
vt 0.217675 0.937636
vt 0.228040 0.940568
vt 0.206668 0.936288
vt 0.195243 0.938373
vt 0.177563 0.937668
vt 0.283135 0.745211
vt 0.272775 0.730555
vt 0.282791 0.754076
vt 0.287815 0.761002
vt 0.303419 0.771855
vt 0.309722 0.784773
vt 0.320908 0.784633
vt 0.329604 0.790713
vt 0.338853 0.795916
vt 0.348711 0.800269
vt 0.359376 0.803598
vt 0.276669 0.961193
vt 0.285112 0.968349
vt 0.267651 0.955565
vt 0.258199 0.950970
vt 0.248201 0.947432
vt 0.229318 0.938784
vt 0.218405 0.931429
vt 0.229306 0.934577
vt 0.202016 0.925441
vt 0.194619 0.929889
vt 0.183312 0.929406
vt 0.275535 0.750352
vt 0.269177 0.739610
vt 0.280427 0.762230
vt 0.290514 0.769233
vt 0.299562 0.776044
vt 0.308260 0.783270
vt 0.315331 0.794586
vt 0.326846 0.796047
vt 0.336226 0.801925
vt 0.346352 0.807232
vt 0.357249 0.812007
vt 0.281091 0.955229
vt 0.290843 0.961887
vt 0.271128 0.949993
vt 0.260967 0.945567
vt 0.250382 0.942162
vt 0.239845 0.938224
vt 0.219996 0.925729
vt 0.230833 0.928662
vt 0.208501 0.921327
vt 0.195517 0.920801
vt 0.183294 0.921337
vt 0.261443 0.756706
vt 0.262059 0.742437
vt 0.275736 0.766252
vt 0.285941 0.773821
vt 0.292508 0.783096
vt 0.304495 0.788058
vt 0.313473 0.794734
vt 0.323484 0.801211
vt 0.333132 0.807647
vt 0.343294 0.813831
vt 0.354016 0.819989
vt 0.284824 0.948822
vt 0.295632 0.954733
vt 0.274129 0.944192
vt 0.263510 0.940014
vt 0.253038 0.933385
vt 0.243017 0.929717
vt 0.215106 0.915447
vt 0.232491 0.922657
vt 0.208901 0.914654
vt 0.196633 0.912567
vt 0.178735 0.906737
vt 0.260441 0.767833
vt 0.248278 0.753706
vt 0.272476 0.771762
vt 0.282056 0.779337
vt 0.291058 0.787189
vt 0.300944 0.792969
vt 0.310696 0.799240
vt 0.319263 0.810261
vt 0.329724 0.813174
vt 0.339608 0.820043
vt 0.349780 0.827446
vt 0.287843 0.942023
vt 0.299461 0.947056
vt 0.276637 0.938195
vt 0.265704 0.934193
vt 0.254854 0.928548
vt 0.243314 0.926192
vt 0.224054 0.912777
vt 0.234408 0.916709
vt 0.211687 0.907971
vt 0.199481 0.905457
vt 0.189182 0.898562
vt 0.256345 0.774433
vt 0.245819 0.767909
vt 0.265010 0.777279
vt 0.278368 0.784766
vt 0.287757 0.791789
vt 0.297491 0.797829
vt 0.305575 0.808079
vt 0.316294 0.811458
vt 0.325760 0.818463
vt 0.333139 0.829748
vt 0.340897 0.838351
vt 0.290335 0.934891
vt 0.304009 0.934090
vt 0.277217 0.928136
vt 0.267453 0.928170
vt 0.256798 0.924957
vt 0.246741 0.918626
vt 0.219421 0.903364
vt 0.236381 0.910790
vt 0.214227 0.900987
vt 0.203565 0.897789
vt 0.191217 0.884155
vt 0.252790 0.781767
vt 0.235267 0.776095
vt 0.265269 0.786129
vt 0.275239 0.790752
vt 0.284622 0.796720
vt 0.293954 0.802622
vt 0.302201 0.809781
vt 0.311891 0.816182
vt 0.318974 0.827559
vt 0.329235 0.832151
vt 0.336052 0.841814
vt 0.291979 0.927450
vt 0.303998 0.928501
vt 0.280672 0.924554
vt 0.269117 0.921900
vt 0.257859 0.916611
vt 0.246871 0.913971
vt 0.229367 0.900058
vt 0.238683 0.905318
vt 0.218512 0.894573
vt 0.203934 0.886324
vt 0.204016 0.872291
vt 0.250538 0.790431
vt 0.239921 0.790171
vt 0.257769 0.789904
vt 0.272311 0.796841
vt 0.281654 0.801883
vt 0.290564 0.807408
vt 0.298669 0.817470
vt 0.307367 0.820715
vt 0.314170 0.828065
vt 0.320057 0.838612
vt 0.328618 0.846485
vt 0.293264 0.916041
vt 0.304236 0.920111
vt 0.281574 0.918115
vt 0.272424 0.913143
vt 0.259887 0.911667
vt 0.249908 0.907279
vt 0.232275 0.894690
vt 0.240985 0.898968
vt 0.223514 0.888955
vt 0.214174 0.880674
vt 0.211570 0.870309
vt 0.249965 0.798136
vt 0.239732 0.798110
vt 0.260310 0.800698
vt 0.270078 0.803018
vt 0.278912 0.807257
vt 0.287457 0.812165
vt 0.294862 0.818677
vt 0.302503 0.825241
vt 0.308494 0.835214
vt 0.314954 0.842392
vt 0.318073 0.853294
vt 0.291156 0.909913
vt 0.302386 0.907389
vt 0.281980 0.908319
vt 0.270600 0.908347
vt 0.260946 0.905877
vt 0.251513 0.902050
vt 0.236117 0.889799
vt 0.244805 0.893372
vt 0.228185 0.882367
vt 0.223493 0.875696
vt 0.218491 0.865685
vt 0.249135 0.805811
vt 0.238754 0.807015
vt 0.256883 0.807101
vt 0.268254 0.809276
vt 0.276217 0.812832
vt 0.282113 0.816744
vt 0.288232 0.821932
vt 0.297635 0.829260
vt 0.302745 0.836664
vt 0.307719 0.844761
vt 0.309801 0.853596
vt 0.289402 0.902283
vt 0.298153 0.899808
vt 0.280186 0.902530
vt 0.272699 0.900316
vt 0.262017 0.900027
vt 0.253388 0.896773
vt 0.238306 0.882549
vt 0.246122 0.887895
vt 0.235592 0.877708
vt 0.231033 0.871792
vt 0.228655 0.864824
vt 0.250602 0.813232
vt 0.244004 0.816721
vt 0.259583 0.815503
vt 0.266682 0.815670
vt 0.274109 0.818869
vt 0.280424 0.823242
vt 0.286689 0.827769
vt 0.292057 0.835194
vt 0.296782 0.839614
vt 0.299131 0.847363
vt 0.301099 0.854648
vt 0.286353 0.892461
vt 0.294249 0.891659
vt 0.278971 0.895513
vt 0.270833 0.895065
vt 0.262992 0.894220
vt 0.255427 0.891235
vt 0.246404 0.878253
vt 0.251751 0.882242
vt 0.239141 0.872794
vt 0.238850 0.867997
vt 0.236499 0.862678
vt 0.253661 0.823074
vt 0.247822 0.824503
vt 0.259784 0.822510
vt 0.265576 0.823420
vt 0.271045 0.824034
vt 0.277412 0.828360
vt 0.282402 0.832066
vt 0.286081 0.836802
vt 0.289693 0.842044
vt 0.291254 0.848023
vt 0.292008 0.853932
vt 0.282687 0.886319
vt 0.288425 0.883929
vt 0.272643 0.887948
vt 0.269889 0.889432
vt 0.260960 0.887702
vt 0.257152 0.884892
vt 0.251493 0.873323
vt 0.253063 0.877890
vt 0.248783 0.870215
vt 0.247085 0.866363
vt 0.242732 0.860947
vt 0.257064 0.830066
vt 0.250268 0.830765
vt 0.261133 0.829724
vt 0.265314 0.830122
vt 0.269546 0.831319
vt 0.273161 0.833245
vt 0.276084 0.834207
vt 0.280495 0.839856
vt 0.282466 0.843262
vt 0.283920 0.848624
vt 0.283119 0.853139
vt 0.278381 0.878903
vt 0.282521 0.876615
vt 0.273866 0.881090
vt 0.266035 0.882988
vt 0.264021 0.880116
vt 0.259871 0.879159
vt 0.258021 0.870135
vt 0.257703 0.873397
vt 0.254449 0.867381
vt 0.255186 0.865013
vt 0.255182 0.863110
vt 0.258146 0.835188
vt 0.259600 0.839667
vt 0.263162 0.837310
vt 0.265311 0.837310
vt 0.267071 0.836622
vt 0.270440 0.838917
vt 0.272399 0.840443
vt 0.275849 0.842993
vt 0.274898 0.844751
vt 0.275363 0.847015
vt 0.274964 0.849057
vt 0.272625 0.873218
vt 0.274179 0.871804
vt 0.270359 0.874045
vt 0.269354 0.876051
vt 0.265118 0.874086
vt 0.260566 0.872405
vt 0.228483 0.984582
vt 0.339477 0.747228
vt 0.263395 0.842029
vt 0.268647 0.841692
vt 0.267947 0.846162
vt 0.263263 0.846874
vt 0.264007 0.870036
vt 0.268345 0.867557
vt 0.259503 0.864952
vt 0.137920 0.176400
vt 0.140248 0.180113
vt 0.129705 0.180564
vt 0.129590 0.177024
vt 0.149495 0.175681
vt 0.145429 0.172805
vt 0.150226 0.166816
vt 0.155509 0.168162
vt 0.152407 0.160091
vt 0.151733 0.153421
vt 0.156057 0.152790
vt 0.156944 0.160147
vt 0.149172 0.147610
vt 0.144925 0.143287
vt 0.146590 0.140393
vt 0.152910 0.146329
vt 0.139369 0.140560
vt 0.132991 0.140427
vt 0.131761 0.136590
vt 0.139395 0.137155
vt 0.126434 0.142797
vt 0.120672 0.147694
vt 0.117482 0.145012
vt 0.124350 0.139425
vt 0.116633 0.154296
vt 0.115185 0.161473
vt 0.110993 0.161542
vt 0.112654 0.152588
vt 0.120292 0.177201
vt 0.121949 0.174112
vt 0.116491 0.182607
vt 0.128715 0.187173
vt 0.141346 0.186519
vt 0.156356 0.181512
vt 0.162278 0.169780
vt 0.162954 0.152686
vt 0.164369 0.160642
vt 0.149250 0.136919
vt 0.158566 0.143416
vt 0.129174 0.130191
vt 0.138710 0.129440
vt 0.111205 0.138910
vt 0.119090 0.132760
vt 0.103601 0.160302
vt 0.105181 0.148501
vt 0.151783 0.131643
vt 0.161100 0.137736
vt 0.169940 0.141470
vt 0.170351 0.147667
vt 0.138010 0.117878
vt 0.143788 0.125574
vt 0.132793 0.119498
vt 0.138092 0.109258
vt 0.130062 0.108445
vt 0.135131 0.093849
vt 0.142547 0.101564
vt 0.152450 0.087154
vt 0.155367 0.095717
vt 0.170057 0.093683
vt 0.169553 0.083649
vt 0.185996 0.150151
vt 0.178694 0.149454
vt 0.178580 0.144054
vt 0.185802 0.144560
vt 0.183982 0.092534
vt 0.183690 0.084256
vt 0.146975 0.104324
vt 0.142971 0.108938
vt 0.149642 0.108284
vt 0.151067 0.112629
vt 0.144454 0.115339
vt 0.161524 0.110001
vt 0.173131 0.108393
vt 0.174172 0.112640
vt 0.163872 0.114321
vt 0.154858 0.117597
vt 0.148356 0.121580
vt 0.162520 0.132129
vt 0.171103 0.135963
vt 0.155047 0.127030
vt 0.165936 0.127036
vt 0.159798 0.122544
vt 0.166812 0.118923
vt 0.170455 0.123286
vt 0.177320 0.121225
vt 0.175526 0.116935
vt 0.184816 0.116203
vt 0.184956 0.120210
vt 0.172495 0.132077
vt 0.185613 0.139103
vt 0.178485 0.138523
vt 0.179043 0.133592
vt 0.185415 0.133291
vt 0.175602 0.127396
vt 0.178972 0.124317
vt 0.185104 0.124393
vt 0.128530 0.077083
vt 0.148692 0.068968
vt 0.171321 0.072000
vt 0.183339 0.074273
vt 0.185174 0.126358
vt 0.180668 0.128245
vt 0.177698 0.128362
vt 0.180421 0.130585
vt 0.185304 0.130089
vt 0.176233 0.130702
vt 0.179429 0.155099
vt 0.186182 0.155408
vt 0.186407 0.161575
vt 0.180084 0.161560
vt 0.172347 0.161024
vt 0.171456 0.153820
vt 0.169191 0.181139
vt 0.172119 0.170089
vt 0.179287 0.180624
vt 0.180041 0.169978
vt 0.187105 0.180318
vt 0.186713 0.169800
vt 0.120044 0.096866
vt 0.114780 0.083776
vt 0.110927 0.099172
vt 0.102585 0.108528
vt 0.093034 0.094859
vt 0.103828 0.089727
vt 0.088810 0.116494
vt 0.076774 0.100151
vt 0.138499 0.197965
vt 0.123717 0.197529
vt 0.166511 0.194349
vt 0.152606 0.195692
vt 0.177811 0.193542
vt 0.187581 0.193073
vt 0.188185 0.209228
vt 0.175613 0.209862
vt 0.102512 0.234562
vt 0.114838 0.213791
vt 0.130802 0.213945
vt 0.120526 0.234917
vt 0.161703 0.210836
vt 0.155989 0.231797
vt 0.138380 0.233450
vt 0.146393 0.212282
vt 0.172999 0.230577
vt 0.188956 0.229786
vt 0.071461 0.191840
vt 0.083268 0.200002
vt 0.068639 0.217317
vt 0.056010 0.199955
vt 0.084224 0.228916
vt 0.099147 0.209332
vt 0.051653 0.175861
vt 0.072141 0.173719
vt 0.109012 0.192490
vt 0.090687 0.157084
vt 0.092194 0.140632
vt 0.120943 0.108838
vt 0.122356 0.120260
vt 0.113404 0.122709
vt 0.100972 0.129315
vt 0.046269 0.126842
vt 0.073251 0.126481
vt 0.071103 0.151898
vt 0.049407 0.149788
vt 0.449052 0.075746
vt 0.448286 0.100675
vt 0.429826 0.107266
vt 0.428296 0.077103
vt 0.454507 0.576495
vt 0.475879 0.580312
vt 0.476487 0.595584
vt 0.455851 0.593043
vt 0.458148 0.538004
vt 0.481146 0.544418
vt 0.477121 0.562612
vt 0.455213 0.558155
vt 0.466255 0.478535
vt 0.461615 0.449033
vt 0.481740 0.441682
vt 0.483355 0.466346
vt 0.462412 0.393815
vt 0.470767 0.415430
vt 0.449524 0.430622
vt 0.434259 0.404604
vt 0.434959 0.370114
vt 0.466024 0.367846
vt 0.427604 0.335401
vt 0.473440 0.336705
vt 0.431213 0.298585
vt 0.462549 0.297663
vt 0.466370 0.256412
vt 0.433774 0.257281
vt 0.435761 0.213368
vt 0.431352 0.167197
vt 0.461075 0.165055
vt 0.464792 0.211012
vt 0.461286 0.136880
vt 0.428915 0.129986
vt 0.011221 0.222641
vt 0.003488 0.185296
vt 0.028513 0.181040
vt 0.035855 0.210034
vt 0.442183 0.498519
vt 0.449629 0.474539
vt 0.469417 0.505084
vt 0.023403 0.253464
vt 0.047944 0.234347
vt 0.441831 0.458397
vt 0.024439 0.123780
vt 0.025525 0.149727
vt 0.001056 0.146672
vt 0.001056 0.119391
vt 0.431509 0.553285
vt 0.434693 0.530321
vt 0.045497 0.272397
vt 0.066663 0.249843
vt 0.089237 0.258887
vt 0.077105 0.289191
vt 0.111342 0.260107
vt 0.108836 0.288955
vt 0.130990 0.286410
vt 0.132242 0.258627
vt 0.151833 0.256642
vt 0.152040 0.284036
vt 0.171171 0.255108
vt 0.171616 0.281790
vt 0.189874 0.254119
vt 0.190874 0.280457
vt 0.424654 0.449753
vt 0.401428 0.441548
vt 0.118912 0.320206
vt 0.102146 0.324204
vt 0.138028 0.316418
vt 0.157792 0.313172
vt 0.174716 0.307596
vt 0.191920 0.307777
vt 0.397296 0.415159
vt 0.416273 0.396433
vt 0.420338 0.370279
vt 0.406710 0.342271
vt 0.405162 0.341531
vt 0.410496 0.296532
vt 0.413819 0.256276
vt 0.108913 0.359629
vt 0.130586 0.352536
vt 0.170669 0.340365
vt 0.149607 0.346689
vt 0.179166 0.329182
vt 0.192720 0.328520
vt 0.149454 0.380682
vt 0.134850 0.393237
vt 0.175485 0.366761
vt 0.161612 0.372480
vt 0.375837 0.329220
vt 0.390921 0.290045
vt 0.391990 0.255585
vt 0.162589 0.426875
vt 0.170462 0.402754
vt 0.175774 0.387439
vt 0.194669 0.378307
vt 0.195655 0.403286
vt 0.196645 0.428271
vt 0.412989 0.211817
vt 0.410992 0.167860
vt 0.388550 0.210949
vt 0.385777 0.168077
vt 0.406586 0.132083
vt 0.384286 0.129235
vt 0.406640 0.105482
vt 0.404375 0.079511
vt 0.399635 0.042103
vt 0.430132 0.044314
vt 0.437174 0.002910
vt 0.408681 0.000278
vt 0.107646 0.016533
vt 0.140147 0.046705
vt 0.111073 0.056448
vt 0.071781 0.035325
vt 0.382062 0.111574
vt 0.375876 0.084808
vt 0.369124 0.055737
vt 0.387335 0.025514
vt 0.397192 0.001926
vt 0.366787 0.037788
vt 0.121278 0.008133
vt 0.148843 0.025867
vt 0.181878 0.032362
vt 0.182496 0.050141
vt 0.432096 0.595993
vt 0.430639 0.575889
vt 0.449115 0.047077
vt 0.449868 0.014469
vt 0.041381 0.074275
vt 0.025883 0.083962
vt 0.003148 0.068910
vt 0.028788 0.058456
vt 0.023109 0.101720
vt 0.001393 0.092269
vt 0.079259 0.062849
vt 0.059145 0.066315
vt 0.048213 0.045502
vt 0.102088 0.070864
vt 0.097415 0.080249
vt 0.084202 0.080487
vt 0.067637 0.083667
vt 0.378174 0.012309
vt 0.365889 0.015971
vt 0.384770 0.000000
vt 0.136047 0.003221
vt 0.151555 0.016854
vt 0.181498 0.021463
vt 0.409341 0.494197
vt 0.413399 0.504560
vt 0.406973 0.513471
vt 0.399406 0.497157
vt 0.405590 0.481773
vt 0.398481 0.483094
vt 0.393930 0.473268
vt 0.393527 0.461298
vt 0.401243 0.463068
vt 0.402704 0.472423
vt 0.406990 0.461810
vt 0.410280 0.471059
vt 0.411947 0.480783
vt 0.415383 0.493850
vt 0.417858 0.504277
vt 0.498575 0.510778
vt 0.487433 0.526355
vt 0.486596 0.494278
vt 0.495262 0.476773
vt 0.522198 0.499635
vt 0.448100 0.117247
vt 0.157325 0.100932
vt 0.170846 0.098877
vt 0.184182 0.098202
vt 0.159942 0.106251
vt 0.172343 0.104848
vt 0.184394 0.104188
vt 0.184520 0.107784
vt 0.148409 0.106219
vt 0.158706 0.103666
vt 0.171668 0.102035
vt 0.184292 0.101311
vt 0.495965 0.455509
vt 0.491897 0.436399
vt 0.488419 0.404371
vt 0.486542 0.388091
vt 0.483764 0.371869
vt 0.484212 0.363603
vt 0.482646 0.349589
vt 0.483861 0.340150
vt 0.484330 0.327970
vt 0.485759 0.305637
vt 0.486371 0.289986
vt 0.487537 0.219339
vt 0.483997 0.200780
vt 0.481356 0.142050
vt 0.482148 0.160243
vt 0.488467 0.265653
vt 0.488166 0.248385
vt 0.498340 0.463373
vt 0.863417 0.085848
vt 0.866669 0.098823
vt 0.856728 0.127130
vt 0.857955 0.101296
vt 0.895438 0.116702
vt 0.874772 0.147881
vt 0.868913 0.134917
vt 0.886423 0.105731
vt 0.486473 0.137613
vt 0.873119 0.223899
vt 0.894011 0.212070
vt 0.896486 0.221210
vt 0.899636 0.193044
vt 0.878168 0.201730
vt 0.880282 0.181435
vt 0.903178 0.173197
vt 0.879294 0.166115
vt 0.905524 0.152145
vt 0.904343 0.142208
vt 0.898597 0.126343
vt 0.517284 0.422331
vt 0.516202 0.420692
vt 0.521898 0.408878
vt 0.526772 0.406017
vt 0.538030 0.390936
vt 0.530654 0.394777
vt 0.541295 0.382573
vt 0.549295 0.380312
vt 0.563329 0.371947
vt 0.552044 0.373483
vt 0.561447 0.367158
vt 0.572770 0.366801
vt 0.582389 0.362390
vt 0.570668 0.362361
vt 0.581138 0.356519
vt 0.595896 0.357440
vt 0.607045 0.348137
vt 0.589696 0.346776
vt 0.593724 0.330760
vt 0.610458 0.332113
vt 0.610458 0.307906
vt 0.593545 0.309241
vt 0.591236 0.285463
vt 0.606669 0.284534
vt 0.602445 0.258841
vt 0.587087 0.260707
vt 0.579704 0.235397
vt 0.594459 0.232501
vt 0.950486 0.190797
vt 0.968400 0.160613
vt 0.991060 0.158898
vt 0.964267 0.199262
vt 0.504613 0.449106
vt 0.503211 0.442764
vt 0.510287 0.429699
vt 0.510393 0.437830
vt 0.847240 0.071579
vt 0.843580 0.090301
vt 0.833747 0.101122
vt 0.836920 0.084701
vt 0.871920 0.052829
vt 0.862437 0.075189
vt 0.853106 0.080558
vt 0.860876 0.060022
vt 0.890654 0.043194
vt 0.876891 0.070600
vt 0.868309 0.072519
vt 0.881072 0.046996
vt 0.912806 0.042487
vt 0.894867 0.073586
vt 0.887259 0.070910
vt 0.902050 0.041358
vt 0.938855 0.063599
vt 0.916165 0.089324
vt 0.906328 0.079206
vt 0.927101 0.050026
vt 0.956937 0.106311
vt 0.930052 0.121124
vt 0.923582 0.102550
vt 0.949406 0.082704
vt 0.953086 0.162229
vt 0.928702 0.163903
vt 0.931568 0.140343
vt 0.958560 0.131333
vt 0.507109 0.165776
vt 0.515494 0.159021
vt 0.543861 0.182110
vt 0.529040 0.188731
vt 0.545781 0.214238
vt 0.565748 0.209246
vt 0.555590 0.238902
vt 0.560733 0.263731
vt 0.563084 0.286646
vt 0.564610 0.309743
vt 0.564446 0.329469
vt 0.561785 0.345677
vt 0.555135 0.355919
vt 0.547487 0.362073
vt 0.540724 0.368723
vt 0.534039 0.376215
vt 0.526348 0.387264
vt 0.518787 0.401233
vt 0.513390 0.417899
vt 0.916065 0.209814
vt 0.912409 0.203514
vt 0.920097 0.190705
vt 0.937046 0.186653
vt 0.490748 0.422496
vt 0.504485 0.412143
vt 0.502799 0.428059
vt 0.510385 0.381964
vt 0.506970 0.395056
vt 0.516302 0.363362
vt 0.513318 0.370912
vt 0.523761 0.343012
vt 0.520560 0.353963
vt 0.525672 0.307443
vt 0.525554 0.328037
vt 0.525061 0.264722
vt 0.525790 0.287947
vt 0.479186 0.171009
vt 0.499493 0.174805
vt 0.508469 0.193287
vt 0.517585 0.218765
vt 0.523221 0.243348
vt 0.820931 0.118534
vt 0.825725 0.110364
vt 0.825128 0.125488
vt 0.820750 0.132156
vt 0.831786 0.129904
vt 0.820645 0.141936
vt 0.831512 0.114961
vt 0.842196 0.109398
vt 0.844437 0.125192
vt 0.847601 0.103164
vt 0.875531 0.101234
vt 0.887769 0.089335
vt 0.891811 0.246394
vt 0.857236 0.257447
vt 0.879529 0.240114
vt 0.923108 0.216826
vt 0.928600 0.229422
vt 0.521058 0.152471
vt 0.865265 0.240617
vt 0.858226 0.044690
vt 0.851817 0.058668
vt 0.838464 0.071934
vt 0.838548 0.062522
vt 0.828671 0.083971
vt 0.824073 0.084107
vt 0.890383 0.021183
vt 0.878877 0.037120
vt 0.867480 0.045339
vt 0.875507 0.032739
vt 0.908696 0.009539
vt 0.900314 0.024966
vt 0.890482 0.030212
vt 0.898825 0.014502
vt 0.936563 0.000000
vt 0.925703 0.023092
vt 0.911381 0.021957
vt 0.921560 0.002530
vt 0.972771 0.030500
vt 0.954484 0.046996
vt 0.941203 0.031619
vt 0.952922 0.009111
vt 0.997793 0.089554
vt 0.975682 0.096916
vt 0.968190 0.070187
vt 0.987162 0.057146
vt 0.580091 0.207618
vt 0.977199 0.126895
vt 0.999213 0.124493
vt 0.552994 0.177553
vt 0.827111 0.094938
vt 0.820645 0.104736
vt 0.454317 0.120483
vt 0.663423 0.068260
vt 0.663381 0.060741
vt 0.680279 0.062043
vt 0.680246 0.067927
vt 0.679823 0.073696
vt 0.679988 0.079376
vt 0.664213 0.082830
vt 0.663806 0.075581
vt 0.669684 0.098310
vt 0.666360 0.091011
vt 0.680885 0.086509
vt 0.682519 0.093693
vt 0.869242 0.297066
vt 0.869151 0.290373
vt 0.884278 0.290739
vt 0.884887 0.297376
vt 0.867636 0.311019
vt 0.868682 0.303732
vt 0.884399 0.304071
vt 0.883366 0.311645
vt 0.883728 0.276883
vt 0.883777 0.283976
vt 0.868540 0.283481
vt 0.867633 0.276213
vt 0.866828 0.268424
vt 0.866355 0.260143
vt 0.883353 0.261541
vt 0.884098 0.269291
vt 0.663280 0.053084
vt 0.665349 0.045038
vt 0.681536 0.049002
vt 0.680702 0.055880
vt 0.145338 0.880996
vt 0.144753 0.891523
vt 0.122326 0.889775
vt 0.124477 0.877419
vt 0.825895 0.684331
vt 0.848231 0.685411
vt 0.848270 0.697093
vt 0.825484 0.698145
vt 0.827128 0.710727
vt 0.849728 0.707612
vt 0.852673 0.717139
vt 0.831182 0.722374
vt 0.837114 0.732942
vt 0.856713 0.725750
vt 0.861546 0.733666
vt 0.844784 0.742053
vt 0.853455 0.750279
vt 0.867043 0.741105
vt 0.873564 0.748493
vt 0.862092 0.757871
vt 0.164564 0.821829
vt 0.176477 0.830885
vt 0.168839 0.838711
vt 0.155959 0.830538
vt 0.146760 0.839891
vt 0.161088 0.847376
vt 0.155535 0.854826
vt 0.139690 0.847870
vt 0.133422 0.856387
vt 0.150895 0.862857
vt 0.147424 0.871533
vt 0.128199 0.866219
vt 0.814025 0.726236
vt 0.809363 0.713061
vt 0.807647 0.699369
vt 0.808876 0.684831
vt 0.105344 0.889552
vt 0.108208 0.875686
vt 0.113290 0.863066
vt 0.120102 0.851670
vt 0.128192 0.841865
vt 0.137185 0.832259
vt 0.831822 0.748782
vt 0.821647 0.738498
vt 0.852459 0.764705
vt 0.843364 0.758196
vt 0.146726 0.823545
vt 0.156404 0.814989
vt 0.137285 0.810400
vt 0.136135 0.799015
vt 0.149079 0.795981
vt 0.149990 0.804067
vt 0.084478 0.848030
vt 0.076205 0.864104
vt 0.065854 0.862520
vt 0.072306 0.845014
vt 0.069990 0.880163
vt 0.067500 0.897439
vt 0.058714 0.898734
vt 0.060949 0.880139
vt 0.769859 0.683166
vt 0.767245 0.699468
vt 0.757077 0.699417
vt 0.759849 0.681641
vt 0.769036 0.715029
vt 0.774251 0.730400
vt 0.762325 0.732031
vt 0.758093 0.715763
vt 0.783006 0.745517
vt 0.794559 0.759730
vt 0.777660 0.764828
vt 0.769149 0.748295
vt 0.825707 0.768892
vt 0.838719 0.775972
vt 0.839531 0.789261
vt 0.827463 0.786460
vt 0.788774 0.783266
vt 0.804991 0.775408
vt 0.812992 0.793395
vt 0.799018 0.803781
vt 0.102677 0.814991
vt 0.093660 0.831854
vt 0.079057 0.826811
vt 0.088232 0.807285
vt 0.108799 0.796579
vt 0.095786 0.786120
vt 0.073395 0.804795
vt 0.075825 0.786120
vt 0.065176 0.823204
vt 0.057111 0.804391
vt 0.039947 0.804461
vt 0.040963 0.786120
vt 0.059031 0.786120
vt 0.051557 0.822340
vt 0.037509 0.822374
vt 0.045779 0.860765
vt 0.035625 0.860373
vt 0.036903 0.841382
vt 0.048792 0.841749
vt 0.055682 0.861033
vt 0.060379 0.842466
vt 0.040470 0.901144
vt 0.030814 0.901671
vt 0.033706 0.880071
vt 0.042968 0.880237
vt 0.049863 0.899834
vt 0.052006 0.879928
vt 0.734118 0.700226
vt 0.721062 0.700764
vt 0.724591 0.678852
vt 0.737224 0.679501
vt 0.746862 0.699617
vt 0.749510 0.680360
vt 0.733476 0.718029
vt 0.735281 0.735402
vt 0.719913 0.736173
vt 0.719378 0.718781
vt 0.750506 0.733739
vt 0.747326 0.716781
vt 0.761763 0.768088
vt 0.755613 0.750757
vt 0.773621 0.803781
vt 0.770829 0.785654
vt 0.727718 0.786866
vt 0.749490 0.786674
vt 0.751676 0.803781
vt 0.729111 0.803782
vt 0.738733 0.752613
vt 0.743007 0.769796
vt 0.724018 0.770005
vt 0.721666 0.753257
vt 0.022249 0.786120
vt 0.022602 0.804906
vt 0.008255 0.805113
vt 0.008352 0.786120
vt 0.023540 0.823307
vt 0.009052 0.824276
vt 0.009574 0.843328
vt 0.025108 0.842043
vt 0.025489 0.860798
vt 0.009256 0.862146
vt 0.024439 0.880236
vt 0.021175 0.901565
vt 0.007360 0.901197
vt 0.009069 0.880997
vt 0.712280 0.677791
vt 0.708196 0.700110
vt 0.699026 0.698724
vt 0.701345 0.676839
vt 0.705526 0.717527
vt 0.704735 0.734880
vt 0.692724 0.732757
vt 0.695552 0.715426
vt 0.704776 0.751970
vt 0.705040 0.768771
vt 0.688249 0.767523
vt 0.690505 0.750170
vt 0.686488 0.785676
vt 0.705816 0.786281
vt 0.706188 0.803782
vt 0.685734 0.803782
vt 0.294011 0.474500
vt 0.305798 0.478408
vt 0.298514 0.498680
vt 0.289889 0.494570
vt 0.269067 0.469833
vt 0.281773 0.471406
vt 0.280313 0.494077
vt 0.269777 0.494095
vt 0.259827 0.494503
vt 0.256524 0.470430
vt 0.271216 0.425939
vt 0.269402 0.439376
vt 0.252377 0.440759
vt 0.250485 0.427222
vt 0.286677 0.440044
vt 0.290741 0.426563
vt 0.322811 0.445094
vt 0.304934 0.442262
vt 0.311705 0.428612
vt 0.331494 0.430938
vt 0.350923 0.433100
vt 0.371632 0.435856
vt 0.362007 0.452848
vt 0.340745 0.448151
vt 0.367403 0.669537
vt 0.385516 0.660086
vt 0.395463 0.677691
vt 0.375545 0.687614
vt 0.357955 0.693586
vt 0.342693 0.698077
vt 0.335028 0.680689
vt 0.349342 0.676242
vt 0.309867 0.687413
vt 0.322208 0.684359
vt 0.328790 0.701592
vt 0.315327 0.703934
vt 0.287420 0.691784
vt 0.298586 0.689796
vt 0.302687 0.705564
vt 0.289570 0.707200
vt 0.316618 0.483717
vt 0.324526 0.490424
vt 0.311746 0.506883
vt 0.306419 0.502900
vt 0.357352 0.467824
vt 0.355141 0.478459
vt 0.337523 0.476504
vt 0.334577 0.460423
vt 0.360441 0.654612
vt 0.357163 0.643252
vt 0.373171 0.637213
vt 0.377212 0.646525
vt 0.325349 0.633225
vt 0.320415 0.640835
vt 0.310076 0.624741
vt 0.313933 0.618573
vt 0.314843 0.647038
vt 0.304916 0.631777
vt 0.302853 0.640226
vt 0.308246 0.651373
vt 0.299871 0.653548
vt 0.295379 0.637550
vt 0.286173 0.640269
vt 0.290909 0.656097
vt 0.282781 0.658653
vt 0.281127 0.646914
vt 0.297965 0.521188
vt 0.302869 0.524249
vt 0.290987 0.517523
vt 0.286766 0.509132
vt 0.279188 0.515143
vt 0.269514 0.516827
vt 0.261791 0.510110
vt 0.277578 0.621875
vt 0.274448 0.641985
vt 0.293282 0.618369
vt 0.301836 0.609287
vt 0.306517 0.604487
vt 0.269431 0.453361
vt 0.254285 0.454408
vt 0.284834 0.454507
vt 0.316508 0.459150
vt 0.300530 0.456924
vt 0.667441 0.038062
vt 0.682519 0.040958
vt 0.145479 0.903474
vt 0.121390 0.903624
vt 0.103814 0.904471
vt 0.067634 0.916529
vt 0.058575 0.919672
vt 0.049178 0.922259
vt 0.026319 0.925302
vt 0.037972 0.924564
vt 0.004519 0.921052
vt 0.014837 0.923858
vt 0.395500 0.441887
vt 0.387555 0.461003
vt 0.373721 0.484350
vt 0.379790 0.475572
vt 0.339994 0.645640
vt 0.338379 0.662906
vt 0.325871 0.665037
vt 0.305069 0.669791
vt 0.315846 0.666987
vt 0.294837 0.672047
vt 0.284912 0.673816
vt 0.024908 0.364012
vt 0.025366 0.381920
vt 0.010169 0.381961
vt 0.010166 0.363106
vt 0.010640 0.344290
vt 0.023967 0.345976
vt 0.009726 0.324947
vt 0.009444 0.305946
vt 0.019319 0.307915
vt 0.021696 0.326824
vt 0.007620 0.286371
vt 0.005900 0.266488
vt 0.011069 0.268227
vt 0.015509 0.288592
vt 0.003592 0.245805
vt 0.006872 0.245525
vt 0.064243 0.291771
vt 0.078402 0.307120
vt 0.076767 0.309007
vt 0.061852 0.294028
vt 0.087235 0.320335
vt 0.085667 0.322446
vt 0.094415 0.334564
vt 0.092744 0.336834
vt 0.099415 0.349049
vt 0.102105 0.363904
vt 0.100135 0.365556
vt 0.097477 0.351154
vt 0.101764 0.395346
vt 0.101389 0.380398
vt 0.103338 0.379549
vt 0.103722 0.395346
vt 0.866355 0.320625
vt 0.882135 0.319686
vt 0.881992 0.757951
vt 0.872987 0.767875
vt 0.865664 0.774347
vt 0.855542 0.792639
vt 0.855473 0.783290
vt 0.122278 0.803221
vt 0.121736 0.819502
vt 0.791141 0.714535
vt 0.789313 0.699963
vt 0.791523 0.685077
vt 0.087179 0.908286
vt 0.088194 0.892030
vt 0.091210 0.876575
vt 0.097336 0.862451
vt 0.105713 0.848726
vt 0.115946 0.836285
vt 0.127375 0.823575
vt 0.139285 0.815026
vt 0.150869 0.807635
vt 0.858461 0.780434
vt 0.842943 0.771963
vt 0.832903 0.765625
vt 0.818408 0.754068
vt 0.805814 0.742516
vt 0.796517 0.728829
vt 0.863934 0.688477
vt 0.863291 0.698588
vt 0.864048 0.707642
vt 0.866275 0.715287
vt 0.869562 0.721672
vt 0.873515 0.727277
vt 0.878076 0.732631
vt 0.883536 0.738544
vt 0.891903 0.746259
vt 0.189119 0.841269
vt 0.181970 0.847243
vt 0.175124 0.853935
vt 0.170481 0.860196
vt 0.166693 0.867305
vt 0.163894 0.875171
vt 0.162193 0.883787
vt 0.161661 0.893173
vt 0.162661 0.903346
vt 0.293656 0.535990
vt 0.300178 0.537879
vt 0.301251 0.551176
vt 0.294250 0.550417
vt 0.297199 0.563377
vt 0.303160 0.563314
vt 0.304224 0.576492
vt 0.296631 0.578472
vt 0.303823 0.590040
vt 0.297826 0.593166
vt 0.368346 0.492393
vt 0.353823 0.488514
vt 0.354019 0.632859
vt 0.368924 0.628905
vt 0.339840 0.490906
vt 0.327239 0.498517
vt 0.316067 0.510302
vt 0.308775 0.524614
vt 0.306281 0.539205
vt 0.307364 0.550805
vt 0.309250 0.563181
vt 0.309499 0.577099
vt 0.309934 0.590398
vt 0.311071 0.603513
vt 0.317227 0.614658
vt 0.327449 0.625902
vt 0.339855 0.631392
vt 0.108136 0.834825
vt 0.095730 0.849311
vt 0.086063 0.864589
vt 0.078665 0.879463
vt 0.075566 0.895845
vt 0.074850 0.913566
vt 0.774889 0.699688
vt 0.777878 0.684336
vt 0.776860 0.714888
vt 0.782897 0.729786
vt 0.793842 0.744116
vt 0.808862 0.755972
vt 0.135940 0.786121
vt 0.149096 0.786121
vt 0.839963 0.803782
vt 0.855793 0.803782
vt 0.827749 0.803780
vt 0.122198 0.786121
vt 0.596713 0.450879
vt 0.586897 0.453323
vt 0.583292 0.446103
vt 0.594129 0.444576
vt 0.605038 0.443785
vt 0.606877 0.449023
vt 0.616158 0.442593
vt 0.617439 0.447100
vt 0.627060 0.444360
vt 0.625645 0.439421
vt 0.636024 0.442400
vt 0.634636 0.436933
vt 0.646626 0.436031
vt 0.647070 0.442280
vt 0.659442 0.438235
vt 0.658477 0.444790
vt 0.671797 0.441686
vt 0.669538 0.448648
vt 0.682708 0.443607
vt 0.679869 0.451513
vt 0.693216 0.445254
vt 0.691029 0.453923
vt 0.703162 0.454233
vt 0.705448 0.445672
vt 0.554258 0.485388
vt 0.545543 0.495041
vt 0.539724 0.488530
vt 0.548421 0.478707
vt 0.561880 0.476636
vt 0.555835 0.469652
vt 0.569118 0.467541
vt 0.563278 0.460279
vt 0.574240 0.452727
vt 0.579062 0.459693
vt 0.166494 0.696199
vt 0.169167 0.703939
vt 0.166694 0.704937
vt 0.163895 0.697070
vt 0.175125 0.718306
vt 0.170482 0.712045
vt 0.172779 0.710971
vt 0.177161 0.717291
vt 0.183465 0.723724
vt 0.189947 0.729176
vt 0.189120 0.730973
vt 0.181971 0.724998
vt 0.869562 0.885893
vt 0.873515 0.880288
vt 0.876103 0.881585
vt 0.872279 0.887450
vt 0.878076 0.874934
vt 0.883536 0.869021
vt 0.885507 0.869929
vt 0.880440 0.875882
vt 0.868937 0.893773
vt 0.866675 0.901126
vt 0.864048 0.899924
vt 0.866275 0.892278
vt 0.863934 0.919088
vt 0.863291 0.908978
vt 0.865824 0.909601
vt 0.866362 0.918746
vt 0.164112 0.678945
vt 0.164715 0.687843
vt 0.162194 0.688454
vt 0.161663 0.679067
vt 0.145340 0.691244
vt 0.124478 0.694820
vt 0.122328 0.682464
vt 0.144755 0.680717
vt 0.825895 0.923234
vt 0.825483 0.909421
vt 0.848269 0.910473
vt 0.848231 0.922154
vt 0.827128 0.896839
vt 0.831181 0.885192
vt 0.852673 0.890427
vt 0.849728 0.899953
vt 0.837113 0.874623
vt 0.844784 0.865512
vt 0.861547 0.873899
vt 0.856713 0.881815
vt 0.853455 0.857285
vt 0.862092 0.849693
vt 0.873564 0.859071
vt 0.867043 0.866460
vt 0.164565 0.750412
vt 0.155960 0.741703
vt 0.168840 0.733530
vt 0.176478 0.741356
vt 0.146761 0.732350
vt 0.139691 0.724371
vt 0.155536 0.717415
vt 0.161089 0.724865
vt 0.133423 0.715853
vt 0.128200 0.706021
vt 0.147425 0.700708
vt 0.150896 0.709383
vt 0.814024 0.881329
vt 0.809362 0.894504
vt 0.807646 0.908197
vt 0.808875 0.922734
vt 0.108209 0.696553
vt 0.105346 0.682687
vt 0.120103 0.720569
vt 0.113291 0.709174
vt 0.128192 0.730374
vt 0.137185 0.739982
vt 0.821646 0.869067
vt 0.831823 0.858784
vt 0.843364 0.849368
vt 0.852459 0.842860
vt 0.156404 0.757253
vt 0.146727 0.748696
vt 0.137286 0.761840
vt 0.149990 0.768174
vt 0.149079 0.776261
vt 0.136135 0.773226
vt 0.084478 0.724208
vt 0.072305 0.727224
vt 0.065854 0.709718
vt 0.076205 0.708134
vt 0.069990 0.692075
vt 0.060949 0.692100
vt 0.058714 0.673505
vt 0.067501 0.674799
vt 0.769857 0.924399
vt 0.759847 0.925925
vt 0.757075 0.908148
vt 0.767243 0.908097
vt 0.769034 0.892536
vt 0.758092 0.891802
vt 0.762323 0.875535
vt 0.774250 0.877166
vt 0.783005 0.862049
vt 0.769148 0.859270
vt 0.777659 0.842738
vt 0.794557 0.847838
vt 0.825707 0.838673
vt 0.827465 0.821105
vt 0.839531 0.818304
vt 0.838720 0.831593
vt 0.788774 0.824297
vt 0.812985 0.814161
vt 0.804993 0.832150
vt 0.102680 0.757253
vt 0.088232 0.764955
vt 0.079056 0.745427
vt 0.093659 0.740383
vt 0.108796 0.775668
vt 0.073395 0.767444
vt 0.065176 0.749035
vt 0.057111 0.767848
vt 0.039947 0.767778
vt 0.037508 0.749864
vt 0.051556 0.749898
vt 0.045779 0.711473
vt 0.048792 0.730490
vt 0.036903 0.730857
vt 0.035625 0.711865
vt 0.060379 0.729773
vt 0.055682 0.711206
vt 0.040470 0.671094
vt 0.042968 0.692001
vt 0.033706 0.692168
vt 0.030814 0.670567
vt 0.052006 0.692310
vt 0.049864 0.672404
vt 0.734116 0.907339
vt 0.737222 0.928064
vt 0.724589 0.928713
vt 0.721060 0.906800
vt 0.749508 0.927205
vt 0.746860 0.907948
vt 0.733475 0.889535
vt 0.719376 0.888784
vt 0.719912 0.871391
vt 0.735280 0.872163
vt 0.747324 0.890784
vt 0.750504 0.873826
vt 0.755612 0.856808
vt 0.761762 0.839477
vt 0.770829 0.821908
vt 0.727718 0.820697
vt 0.749490 0.820889
vt 0.738732 0.854952
vt 0.721665 0.854307
vt 0.724017 0.837560
vt 0.743006 0.837769
vt 0.022601 0.767333
vt 0.008255 0.767126
vt 0.023539 0.748932
vt 0.009051 0.747963
vt 0.009574 0.728911
vt 0.009256 0.710093
vt 0.025489 0.711441
vt 0.025108 0.730196
vt 0.021175 0.670673
vt 0.024439 0.692003
vt 0.009069 0.691242
vt 0.007361 0.671041
vt 0.708194 0.907454
vt 0.712277 0.929773
vt 0.701342 0.930725
vt 0.699024 0.908840
vt 0.704733 0.872684
vt 0.705524 0.890037
vt 0.695550 0.892137
vt 0.692723 0.874806
vt 0.705039 0.838793
vt 0.704775 0.855594
vt 0.690504 0.857393
vt 0.688248 0.840040
vt 0.686487 0.821887
vt 0.705815 0.821283
vt 0.221591 0.484618
vt 0.230895 0.502783
vt 0.223736 0.509091
vt 0.211328 0.491606
vt 0.244297 0.473294
vt 0.250019 0.496844
vt 0.239904 0.499694
vt 0.232511 0.478289
vt 0.230197 0.431671
vt 0.235626 0.444095
vt 0.219195 0.449473
vt 0.211590 0.437622
vt 0.202247 0.456611
vt 0.185831 0.464235
vt 0.173598 0.453003
vt 0.191992 0.445341
vt 0.155506 0.460410
vt 0.169422 0.472092
vt 0.150263 0.482441
vt 0.136346 0.468740
vt 0.184397 0.688128
vt 0.204405 0.692262
vt 0.201520 0.711877
vt 0.179647 0.707783
vt 0.220071 0.712809
vt 0.223610 0.693770
vt 0.238595 0.694132
vt 0.235979 0.712954
vt 0.251929 0.694156
vt 0.264635 0.693717
vt 0.263903 0.711102
vt 0.250313 0.712531
vt 0.276137 0.692925
vt 0.276506 0.709214
vt 0.010268 0.400815
vt 0.025005 0.399830
vt 0.010844 0.419629
vt 0.024162 0.417871
vt 0.009856 0.457978
vt 0.010035 0.438976
vt 0.021994 0.437034
vt 0.019720 0.455956
vt 0.006526 0.497455
vt 0.008138 0.477563
vt 0.016014 0.475299
vt 0.011685 0.495688
vt 0.078402 0.483572
vt 0.064243 0.498921
vt 0.061852 0.496664
vt 0.076767 0.481686
vt 0.094415 0.456128
vt 0.087235 0.470357
vt 0.085667 0.468246
vt 0.092744 0.453858
vt 0.102105 0.426788
vt 0.099415 0.441643
vt 0.097478 0.439538
vt 0.100135 0.425136
vt 0.101389 0.410294
vt 0.103338 0.411143
vt 0.202377 0.499676
vt 0.217349 0.515301
vt 0.213413 0.520618
vt 0.196610 0.508293
vt 0.158847 0.495565
vt 0.178719 0.482202
vt 0.180296 0.498474
vt 0.163889 0.505185
vt 0.207018 0.676002
vt 0.188675 0.672813
vt 0.190014 0.662750
vt 0.207064 0.664179
vt 0.234921 0.645830
vt 0.241867 0.628637
vt 0.247272 0.633509
vt 0.241745 0.651801
vt 0.254126 0.639066
vt 0.248792 0.656282
vt 0.258435 0.646509
vt 0.264880 0.641855
vt 0.264962 0.658453
vt 0.256323 0.658626
vt 0.274264 0.658433
vt 0.230288 0.530530
vt 0.226545 0.534840
vt 0.237652 0.515940
vt 0.235861 0.525168
vt 0.256021 0.518928
vt 0.246381 0.519675
vt 0.250988 0.616368
vt 0.261615 0.622846
vt 0.245168 0.613059
vt 0.239432 0.457552
vt 0.224934 0.462876
vt 0.195747 0.476023
vt 0.210502 0.469503
vt 0.165011 0.669709
vt 0.162663 0.668894
vt 0.121392 0.668615
vt 0.145482 0.668766
vt 0.103815 0.667768
vt 0.058575 0.652567
vt 0.067634 0.655710
vt 0.049178 0.649980
vt 0.026319 0.646937
vt 0.037972 0.647675
vt 0.004519 0.651187
vt 0.014837 0.648381
vt 0.004329 0.518150
vt 0.007611 0.518413
vt 0.127931 0.497291
vt 0.115048 0.481087
vt 0.147638 0.515948
vt 0.139395 0.509171
vt 0.224231 0.661778
vt 0.230507 0.677944
vt 0.243121 0.676571
vt 0.264424 0.675456
vt 0.253296 0.675704
vt 0.274880 0.674825
vt 0.891903 0.861306
vt 0.893033 0.862893
vt 0.872987 0.839690
vt 0.881992 0.849614
vt 0.865665 0.833218
vt 0.855542 0.814925
vt 0.855473 0.824274
vt 0.122279 0.769019
vt 0.121737 0.752738
vt 0.774888 0.907877
vt 0.776859 0.892678
vt 0.791140 0.893031
vt 0.789312 0.907602
vt 0.777877 0.923230
vt 0.791522 0.922488
vt 0.087179 0.663953
vt 0.088194 0.680208
vt 0.075566 0.676394
vt 0.074851 0.658673
vt 0.091211 0.695664
vt 0.078665 0.692775
vt 0.097336 0.709787
vt 0.086063 0.707650
vt 0.105713 0.723513
vt 0.095731 0.722928
vt 0.108136 0.737414
vt 0.115947 0.735954
vt 0.127375 0.748666
vt 0.139286 0.757215
vt 0.150869 0.764606
vt 0.858461 0.827130
vt 0.842943 0.835602
vt 0.832903 0.841938
vt 0.818408 0.853498
vt 0.808861 0.851594
vt 0.805814 0.865050
vt 0.793841 0.863450
vt 0.782896 0.877780
vt 0.796516 0.878737
vt 0.238532 0.543633
vt 0.233027 0.547256
vt 0.242080 0.557619
vt 0.235634 0.560332
vt 0.242846 0.570935
vt 0.237117 0.572526
vt 0.247516 0.585182
vt 0.239697 0.585491
vt 0.250497 0.599584
vt 0.243769 0.598418
vt 0.157919 0.527335
vt 0.155013 0.522207
vt 0.167915 0.514493
vt 0.168656 0.520555
vt 0.207244 0.653322
vt 0.191826 0.653597
vt 0.193623 0.648098
vt 0.206907 0.647424
vt 0.182017 0.512958
vt 0.180844 0.519254
vt 0.196221 0.516821
vt 0.193775 0.522271
vt 0.210194 0.525091
vt 0.206861 0.529425
vt 0.221126 0.536860
vt 0.217284 0.539720
vt 0.227520 0.550201
vt 0.223757 0.551770
vt 0.229652 0.561649
vt 0.226154 0.562705
vt 0.231223 0.574063
vt 0.227992 0.574786
vt 0.234786 0.587515
vt 0.231339 0.587939
vt 0.237989 0.600429
vt 0.234096 0.600773
vt 0.240496 0.613349
vt 0.235999 0.612668
vt 0.237649 0.625751
vt 0.233467 0.623771
vt 0.230902 0.639361
vt 0.226976 0.635370
vt 0.220468 0.648035
vt 0.218107 0.642926
vt 0.508977 0.662749
vt 0.518793 0.665230
vt 0.513035 0.678492
vt 0.504031 0.675707
vt 0.520686 0.683217
vt 0.526615 0.671625
vt 0.536530 0.679508
vt 0.531119 0.690023
vt 0.543720 0.688631
vt 0.539849 0.697069
vt 0.551283 0.697414
vt 0.548539 0.703303
vt 0.559922 0.707122
vt 0.557462 0.711281
vt 0.402816 0.665910
vt 0.414921 0.665611
vt 0.414089 0.669989
vt 0.402769 0.670590
vt 0.426009 0.663219
vt 0.425764 0.668673
vt 0.436276 0.660358
vt 0.435360 0.667671
vt 0.447298 0.656516
vt 0.445363 0.665768
vt 0.458681 0.654030
vt 0.455849 0.665253
vt 0.469704 0.654169
vt 0.466030 0.665860
vt 0.478648 0.656152
vt 0.488257 0.658914
vt 0.485106 0.669879
vt 0.475212 0.667740
vt 0.498814 0.660860
vt 0.494683 0.672854
vt 0.493219 0.706451
vt 0.501210 0.709114
vt 0.498585 0.718075
vt 0.490668 0.715747
vt 0.508167 0.711494
vt 0.505079 0.720077
vt 0.518811 0.715771
vt 0.515357 0.723540
vt 0.528554 0.719710
vt 0.524664 0.727080
vt 0.537590 0.723058
vt 0.533184 0.730129
vt 0.545998 0.728124
vt 0.541520 0.734075
vt 0.404141 0.690572
vt 0.413718 0.690480
vt 0.414050 0.698658
vt 0.405295 0.697954
vt 0.424940 0.691366
vt 0.424700 0.700075
vt 0.433120 0.692491
vt 0.432303 0.701302
vt 0.441437 0.693401
vt 0.439967 0.702694
vt 0.450296 0.695118
vt 0.448191 0.704546
vt 0.459134 0.696686
vt 0.456660 0.706401
vt 0.467822 0.698572
vt 0.476827 0.700268
vt 0.474070 0.710474
vt 0.465234 0.708510
vt 0.484711 0.703334
vt 0.481910 0.713095
vt 0.481455 0.745969
vt 0.489597 0.747768
vt 0.486965 0.758429
vt 0.478920 0.756473
vt 0.496755 0.749572
vt 0.494216 0.760075
vt 0.508265 0.752804
vt 0.505716 0.763009
vt 0.519181 0.755976
vt 0.517065 0.766094
vt 0.528960 0.758630
vt 0.527576 0.768998
vt 0.539290 0.759981
vt 0.539053 0.771230
vt 0.394091 0.721463
vt 0.403605 0.725375
vt 0.399668 0.735098
vt 0.388721 0.731318
vt 0.415233 0.728564
vt 0.411978 0.738495
vt 0.423964 0.730623
vt 0.421025 0.740877
vt 0.432361 0.732922
vt 0.429454 0.743322
vt 0.441057 0.735244
vt 0.438002 0.745873
vt 0.449483 0.737696
vt 0.446466 0.748137
vt 0.457624 0.740002
vt 0.465521 0.742216
vt 0.462803 0.752336
vt 0.454707 0.750322
vt 0.472861 0.744076
vt 0.470313 0.754438
vt 0.473818 0.778472
vt 0.482091 0.780145
vt 0.479190 0.792253
vt 0.470858 0.790457
vt 0.489332 0.781571
vt 0.486196 0.793476
vt 0.500554 0.783922
vt 0.497061 0.795390
vt 0.511241 0.787027
vt 0.506697 0.797959
vt 0.520911 0.790624
vt 0.514787 0.801262
vt 0.531010 0.795276
vt 0.522275 0.805958
vt 0.383427 0.756010
vt 0.394420 0.757155
vt 0.394045 0.769402
vt 0.385208 0.769487
vt 0.406430 0.759507
vt 0.404670 0.771364
vt 0.414965 0.761825
vt 0.412170 0.773636
vt 0.423011 0.764479
vt 0.419725 0.776431
vt 0.431472 0.767283
vt 0.428088 0.779426
vt 0.440069 0.769899
vt 0.436835 0.781956
vt 0.448600 0.772291
vt 0.457043 0.774302
vt 0.454020 0.786264
vt 0.445519 0.784286
vt 0.464895 0.776442
vt 0.461811 0.788393
vt 0.511590 0.656457
vt 0.522429 0.658025
vt 0.500675 0.655629
vt 0.489555 0.654412
vt 0.480084 0.651218
vt 0.471111 0.648706
vt 0.459144 0.647780
vt 0.446351 0.649958
vt 0.434034 0.653391
vt 0.423178 0.655306
vt 0.412722 0.656942
vt 0.400508 0.657361
vt 0.557166 0.690775
vt 0.565791 0.700658
vt 0.549803 0.681680
vt 0.542401 0.672274
vt 0.531463 0.664678
vt 0.250220 0.425325
vt 0.270100 0.423825
vt 0.003997 0.805628
vt 0.004035 0.786120
vt 0.289866 0.424127
vt 0.004312 0.824874
vt 0.311065 0.425995
vt 0.331048 0.428196
vt 0.004036 0.863033
vt 0.004229 0.844086
vt 0.350763 0.430269
vt 0.371941 0.432983
vt 0.002537 0.901240
vt 0.003773 0.882261
vt 0.396025 0.438966
vt 0.000167 0.919400
vt 0.396025 0.680641
vt 0.376366 0.690196
vt 0.694480 0.697986
vt 0.696514 0.676850
vt 0.361590 0.697642
vt 0.691045 0.714683
vt 0.346197 0.703476
vt 0.688297 0.732082
vt 0.331956 0.707756
vt 0.318333 0.711415
vt 0.683897 0.766978
vt 0.685996 0.749491
vt 0.304726 0.714620
vt 0.290953 0.717118
vt 0.681603 0.803782
vt 0.682345 0.785291
vt 0.003997 0.766611
vt 0.230690 0.429331
vt 0.004312 0.747365
vt 0.211764 0.435040
vt 0.004229 0.728153
vt 0.004036 0.709206
vt 0.173275 0.450243
vt 0.191889 0.442648
vt 0.003773 0.689977
vt 0.002537 0.670999
vt 0.135261 0.466062
vt 0.154883 0.457644
vt 0.696512 0.930714
vt 0.694478 0.909578
vt 0.201437 0.714586
vt 0.179914 0.710775
vt 0.691043 0.892880
vt 0.688296 0.875481
vt 0.234086 0.719106
vt 0.217685 0.717705
vt 0.685995 0.858072
vt 0.683896 0.840585
vt 0.263057 0.719120
vt 0.248953 0.719326
vt 0.682344 0.822272
vt 0.277021 0.718482
vt 0.000131 0.652838
vt 0.113742 0.478422
vt 0.040058 0.381880
vt 0.039347 0.399745
vt 0.037275 0.417666
vt 0.033918 0.437151
vt 0.029736 0.456127
vt 0.024204 0.475054
vt 0.017226 0.495213
vt 0.010991 0.518793
vt 0.059333 0.494389
vt 0.075073 0.479765
vt 0.084063 0.466088
vt 0.091076 0.451525
vt 0.095548 0.437358
vt 0.098151 0.423420
vt 0.099398 0.409416
vt 0.099757 0.395346
vt 0.099398 0.381276
vt 0.098151 0.367272
vt 0.095548 0.353334
vt 0.091076 0.339167
vt 0.084063 0.324604
vt 0.075073 0.310927
vt 0.059333 0.296303
vt 0.010249 0.245126
vt 0.016613 0.268672
vt 0.023699 0.288793
vt 0.029334 0.307689
vt 0.033619 0.326643
vt 0.037082 0.346110
vt 0.039250 0.364019
vt 0.052490 0.381846
vt 0.051961 0.400289
vt 0.050027 0.418724
vt 0.046300 0.438985
vt 0.040880 0.458222
vt 0.033391 0.476788
vt 0.023604 0.495927
vt 0.014527 0.519192
vt 0.056765 0.491948
vt 0.073585 0.478023
vt 0.082574 0.464126
vt 0.089430 0.449426
vt 0.093636 0.435426
vt 0.096249 0.421919
vt 0.097566 0.408645
vt 0.097932 0.395346
vt 0.097566 0.382047
vt 0.096249 0.368773
vt 0.093636 0.355266
vt 0.089430 0.341266
vt 0.082574 0.326566
vt 0.073585 0.312669
vt 0.056765 0.298744
vt 0.013783 0.244708
vt 0.022986 0.267924
vt 0.032876 0.287009
vt 0.040467 0.305534
vt 0.045991 0.324741
vt 0.049827 0.344982
vt 0.051861 0.363407
vt 0.000958 0.341618
vt 0.000000 0.361664
vt 0.001250 0.321759
vt 0.002538 0.302557
vt 0.002242 0.283204
vt 0.002341 0.264149
vt 0.001171 0.245851
vt 0.079706 0.305680
vt 0.065956 0.290072
vt 0.088650 0.318644
vt 0.096078 0.332751
vt 0.101319 0.347430
vt 0.103919 0.362676
vt 0.104984 0.378922
vt 0.105321 0.395346
vt 0.104984 0.411770
vt 0.103919 0.428016
vt 0.101319 0.443262
vt 0.096078 0.457941
vt 0.088650 0.472048
vt 0.079706 0.485012
vt 0.065956 0.500620
vt 0.001909 0.518117
vt 0.002980 0.499814
vt 0.002777 0.480759
vt 0.002968 0.461405
vt 0.001576 0.442210
vt 0.001177 0.422353
vt 0.000110 0.402313
vt 0.000000 0.381988
vt 0.467727 0.802952
vt 0.458777 0.801077
vt 0.450886 0.799113
vt 0.442288 0.796975
vt 0.433714 0.794599
vt 0.425445 0.792000
vt 0.417926 0.789376
vt 0.411525 0.787052
vt 0.405735 0.785202
vt 0.397186 0.783597
vt 0.390637 0.783836
vt 0.509579 0.815184
vt 0.504341 0.811542
vt 0.498245 0.809097
vt 0.490720 0.807225
vt 0.481645 0.805598
vt 0.475665 0.804439
vt 0.485034 0.735336
vt 0.492978 0.737520
vt 0.499451 0.739451
vt 0.509920 0.742234
vt 0.519817 0.745006
vt 0.528830 0.747408
vt 0.538178 0.748775
vt 0.400735 0.712357
vt 0.409340 0.715723
vt 0.420039 0.718726
vt 0.427735 0.720691
vt 0.435270 0.722674
vt 0.443358 0.724608
vt 0.451691 0.726637
vt 0.460145 0.728693
vt 0.468615 0.730663
vt 0.476213 0.732966
vt 0.506896 0.693598
vt 0.498454 0.690897
vt 0.514231 0.697129
vt 0.524912 0.702780
vt 0.534323 0.708485
vt 0.543319 0.713432
vt 0.551928 0.720003
vt 0.413419 0.680317
vt 0.403133 0.680680
vt 0.425276 0.680038
vt 0.434128 0.679999
vt 0.443238 0.679452
vt 0.452962 0.680041
vt 0.462416 0.681123
vt 0.471440 0.683013
vt 0.480967 0.684892
vt 0.489612 0.687923
vt 0.495673 0.726924
vt 0.487682 0.724761
vt 0.502037 0.728683
vt 0.512515 0.731802
vt 0.522052 0.734767
vt 0.530378 0.737457
vt 0.538801 0.739879
vt 0.412891 0.706288
vt 0.404626 0.704296
vt 0.423279 0.708556
vt 0.430707 0.710226
vt 0.438246 0.712017
vt 0.446328 0.714040
vt 0.454659 0.716095
vt 0.463058 0.718173
vt 0.471394 0.720368
vt 0.478884 0.722414
vt 0.592606 0.466614
vt 0.601596 0.463861
vt 0.607125 0.479077
vt 0.598698 0.481757
vt 0.591357 0.485250
vt 0.584952 0.471306
vt 0.574489 0.478078
vt 0.580649 0.490861
vt 0.565718 0.485101
vt 0.571196 0.496535
vt 0.556979 0.491313
vt 0.562155 0.501459
vt 0.547975 0.499280
vt 0.553482 0.508022
vt 0.691876 0.458460
vt 0.703276 0.458994
vt 0.702838 0.469140
vt 0.692474 0.468713
vt 0.680216 0.457133
vt 0.680624 0.468365
vt 0.670394 0.456023
vt 0.671543 0.468323
vt 0.660362 0.454066
vt 0.662403 0.467754
vt 0.649855 0.453518
vt 0.652666 0.468320
vt 0.639639 0.454111
vt 0.643187 0.469374
vt 0.620541 0.458081
vt 0.630430 0.455968
vt 0.634150 0.471258
vt 0.624630 0.473118
vt 0.610954 0.461032
vt 0.615972 0.476115
vt 0.612325 0.494647
vt 0.614853 0.503953
vt 0.606927 0.506258
vt 0.604328 0.497288
vt 0.600424 0.508240
vt 0.597364 0.499646
vt 0.590130 0.511673
vt 0.586701 0.503889
vt 0.580805 0.515187
vt 0.576935 0.507798
vt 0.572272 0.518212
vt 0.567880 0.511120
vt 0.563924 0.522135
vt 0.559456 0.516167
vt 0.701622 0.479074
vt 0.700379 0.486431
vt 0.691618 0.487072
vt 0.692033 0.478895
vt 0.680944 0.488442
vt 0.680760 0.479730
vt 0.673319 0.489649
vt 0.672535 0.480840
vt 0.665635 0.491022
vt 0.664187 0.481733
vt 0.657391 0.492854
vt 0.655307 0.483427
vt 0.648907 0.494689
vt 0.646453 0.484970
vt 0.637752 0.486836
vt 0.640319 0.496779
vt 0.631472 0.498723
vt 0.628738 0.488510
vt 0.623621 0.501324
vt 0.620843 0.491553
vt 0.618449 0.546696
vt 0.626527 0.544786
vt 0.628769 0.555076
vt 0.620708 0.556829
vt 0.611203 0.548465
vt 0.613536 0.558447
vt 0.599697 0.551319
vt 0.602374 0.560929
vt 0.588329 0.554368
vt 0.591147 0.563996
vt 0.577789 0.557250
vt 0.580502 0.567300
vt 0.566251 0.559478
vt 0.568549 0.570969
vt 0.705907 0.523608
vt 0.716925 0.519843
vt 0.720614 0.530897
vt 0.708546 0.533686
vt 0.693572 0.526988
vt 0.695925 0.536729
vt 0.684513 0.529354
vt 0.687001 0.539133
vt 0.676071 0.531778
vt 0.678890 0.541684
vt 0.667507 0.534303
vt 0.670528 0.544238
vt 0.659023 0.536528
vt 0.662117 0.546666
vt 0.642657 0.540668
vt 0.650766 0.538684
vt 0.653733 0.548939
vt 0.645357 0.550951
vt 0.635141 0.542763
vt 0.637552 0.553130
vt 0.623284 0.568461
vt 0.631519 0.566710
vt 0.634524 0.578778
vt 0.626179 0.580501
vt 0.616056 0.569903
vt 0.619172 0.581702
vt 0.604848 0.572235
vt 0.608303 0.583596
vt 0.594181 0.575303
vt 0.598669 0.586150
vt 0.584536 0.578868
vt 0.590583 0.589440
vt 0.574493 0.583485
vt 0.583089 0.594121
vt 0.710980 0.545682
vt 0.721909 0.544577
vt 0.720171 0.557913
vt 0.711337 0.557812
vt 0.698999 0.548007
vt 0.700715 0.559744
vt 0.690491 0.550300
vt 0.693214 0.561996
vt 0.682461 0.552926
vt 0.685657 0.564775
vt 0.674003 0.555704
vt 0.677291 0.567755
vt 0.665394 0.558295
vt 0.668543 0.570270
vt 0.648373 0.562693
vt 0.656842 0.560670
vt 0.659860 0.572584
vt 0.651361 0.574534
vt 0.640535 0.564902
vt 0.643530 0.576595
vt 0.620438 0.523568
vt 0.623990 0.534213
vt 0.615841 0.536045
vt 0.612494 0.525727
vt 0.608664 0.537702
vt 0.606002 0.527619
vt 0.597156 0.540964
vt 0.595516 0.530388
vt 0.586226 0.544125
vt 0.585610 0.533144
vt 0.576431 0.546766
vt 0.576588 0.535528
vt 0.566094 0.548093
vt 0.567235 0.536871
vt 0.704845 0.500807
vt 0.711466 0.509911
vt 0.701939 0.513801
vt 0.696231 0.504142
vt 0.690289 0.516951
vt 0.685516 0.507105
vt 0.681543 0.518983
vt 0.677808 0.509046
vt 0.673135 0.521260
vt 0.670262 0.511008
vt 0.664431 0.523557
vt 0.662163 0.512921
vt 0.655999 0.525995
vt 0.653820 0.514933
vt 0.647850 0.528287
vt 0.645356 0.516973
vt 0.639945 0.530489
vt 0.636877 0.518927
vt 0.632595 0.532331
vt 0.629268 0.521214
vt 0.637629 0.591228
vt 0.646580 0.589336
vt 0.648896 0.601666
vt 0.639917 0.603495
vt 0.654467 0.587390
vt 0.657117 0.599649
vt 0.663069 0.585272
vt 0.666240 0.597497
vt 0.671646 0.582912
vt 0.674958 0.595119
vt 0.679916 0.580327
vt 0.682855 0.592521
vt 0.687436 0.577717
vt 0.689487 0.589893
vt 0.693838 0.575406
vt 0.695029 0.587299
vt 0.699629 0.573568
vt 0.699384 0.585410
vt 0.708178 0.571980
vt 0.706699 0.583216
vt 0.714727 0.572229
vt 0.712092 0.583008
vt 0.595753 0.603384
vt 0.601000 0.599752
vt 0.609196 0.608574
vt 0.604864 0.609955
vt 0.607100 0.597315
vt 0.614031 0.607536
vt 0.614628 0.595454
vt 0.619923 0.606616
vt 0.623704 0.593843
vt 0.627506 0.605567
vt 0.629687 0.592696
vt 0.632501 0.604776
vt 0.609817 0.515117
vt 0.617817 0.512978
vt 0.603443 0.516855
vt 0.592948 0.519946
vt 0.583399 0.522889
vt 0.575062 0.525558
vt 0.566632 0.527957
vt 0.692723 0.494704
vt 0.701000 0.492756
vt 0.682318 0.496929
vt 0.674876 0.498575
vt 0.667323 0.500346
vt 0.659226 0.502350
vt 0.650882 0.504386
vt 0.642471 0.506446
vt 0.634124 0.508623
vt 0.626625 0.510652
vt 0.465427 0.815225
vt 0.456450 0.813393
vt 0.448228 0.811364
vt 0.439106 0.809198
vt 0.430389 0.806807
vt 0.422493 0.804198
vt 0.415861 0.801559
vt 0.410320 0.798956
vt 0.405965 0.797059
vt 0.398651 0.794851
vt 0.393259 0.794636
vt 0.500460 0.821721
vt 0.496132 0.820338
vt 0.491301 0.819296
vt 0.485413 0.818370
vt 0.477832 0.817312
vt 0.472840 0.816514
vt 0.354773 0.494546
vt 0.342695 0.496639
vt 0.331086 0.503088
vt 0.320460 0.513557
vt 0.313253 0.526313
vt 0.310330 0.539684
vt 0.311018 0.550864
vt 0.312555 0.562992
vt 0.312931 0.576564
vt 0.313774 0.589665
vt 0.315209 0.601624
vt 0.320704 0.611606
vt 0.330131 0.620987
vt 0.340728 0.625832
vt 0.352730 0.627094
vt 0.365691 0.624107
vt 0.366958 0.498121
vt 0.407209 0.802702
vt 0.406881 0.799986
vt 0.411824 0.802482
vt 0.412312 0.805568
vt 0.417430 0.805861
vt 0.417750 0.809201
vt 0.424394 0.809587
vt 0.431037 0.813116
vt 0.432627 0.819908
vt 0.424290 0.813502
vt 0.505847 0.845072
vt 0.497669 0.844394
vt 0.496439 0.841026
vt 0.502437 0.841755
vt 0.490514 0.843290
vt 0.490018 0.839491
vt 0.489406 0.835572
vt 0.494722 0.837397
vt 0.499722 0.838535
vt 0.479165 0.832397
vt 0.484237 0.833846
vt 0.484384 0.838038
vt 0.479304 0.836857
vt 0.484527 0.842210
vt 0.479362 0.841359
vt 0.490224 0.850168
vt 0.490541 0.846916
vt 0.496754 0.847661
vt 0.494983 0.850579
vt 0.502345 0.848418
vt 0.499236 0.851155
vt 0.484750 0.846239
vt 0.479536 0.845694
vt 0.484908 0.849879
vt 0.479750 0.849649
vt 0.441320 0.848784
vt 0.441975 0.844849
vt 0.446768 0.846018
vt 0.445294 0.850080
vt 0.442654 0.840549
vt 0.448321 0.841492
vt 0.454115 0.843405
vt 0.450554 0.848230
vt 0.448227 0.850977
vt 0.430415 0.841874
vt 0.436859 0.840675
vt 0.437131 0.844812
vt 0.433035 0.845952
vt 0.437392 0.848544
vt 0.434491 0.848553
vt 0.417508 0.846175
vt 0.418401 0.844046
vt 0.423098 0.844639
vt 0.421685 0.847337
vt 0.419128 0.841656
vt 0.424334 0.841502
vt 0.427521 0.845893
vt 0.425746 0.849046
vt 0.529211 0.834934
vt 0.533043 0.834846
vt 0.532954 0.835400
vt 0.528945 0.835837
vt 0.536704 0.834708
vt 0.536698 0.835005
vt 0.536790 0.835284
vt 0.533006 0.835872
vt 0.528910 0.836568
vt 0.471205 0.849453
vt 0.467522 0.849603
vt 0.467118 0.845425
vt 0.471030 0.845200
vt 0.464037 0.849979
vt 0.463332 0.845938
vt 0.462979 0.841581
vt 0.466955 0.840947
vt 0.470983 0.840584
vt 0.470474 0.831148
vt 0.471107 0.835771
vt 0.467096 0.836365
vt 0.466476 0.832222
vt 0.463183 0.837118
vt 0.463507 0.833893
vt 0.420080 0.835249
vt 0.414226 0.837974
vt 0.413013 0.836712
vt 0.416819 0.833945
vt 0.409457 0.839235
vt 0.408695 0.838323
vt 0.407690 0.837551
vt 0.411314 0.835704
vt 0.414300 0.833082
vt 0.504377 0.822287
vt 0.503931 0.826618
vt 0.501754 0.826205
vt 0.502443 0.822043
vt 0.503714 0.830893
vt 0.501397 0.830748
vt 0.498365 0.830279
vt 0.498336 0.825552
vt 0.510840 0.850045
vt 0.509153 0.847680
vt 0.512176 0.846408
vt 0.514320 0.848890
vt 0.509404 0.843969
vt 0.512210 0.842935
vt 0.515227 0.845466
vt 0.518317 0.848048
vt 0.489343 0.855061
vt 0.484727 0.855403
vt 0.480057 0.855791
vt 0.443498 0.861440
vt 0.438963 0.859885
vt 0.439978 0.855659
vt 0.444241 0.857190
vt 0.448801 0.858639
vt 0.447831 0.863800
vt 0.426750 0.859376
vt 0.424936 0.856462
vt 0.428775 0.851515
vt 0.431535 0.854494
vt 0.422175 0.853940
vt 0.418660 0.851741
vt 0.415149 0.850015
vt 0.534558 0.838810
vt 0.538341 0.837078
vt 0.540009 0.838179
vt 0.536475 0.840636
vt 0.532921 0.842504
vt 0.530693 0.840112
vt 0.468666 0.856402
vt 0.465682 0.856631
vt 0.471876 0.856259
vt 0.524062 0.844034
vt 0.527270 0.841899
vt 0.529936 0.844428
vt 0.527432 0.846745
vt 0.408880 0.847237
vt 0.405169 0.845602
vt 0.405985 0.843427
vt 0.410055 0.844308
vt 0.401379 0.843832
vt 0.401919 0.842573
vt 0.524035 0.853589
vt 0.521714 0.853528
vt 0.524781 0.852292
vt 0.460406 0.850630
vt 0.459523 0.846666
vt 0.456667 0.852141
vt 0.455772 0.848303
vt 0.459049 0.842214
vt 0.462138 0.857143
vt 0.458273 0.858288
vt 0.413798 0.845224
vt 0.412095 0.848658
vt 0.456385 0.831572
vt 0.454966 0.836977
vt 0.449416 0.836272
vt 0.450514 0.830977
vt 0.443408 0.835768
vt 0.444237 0.830844
vt 0.475830 0.856058
vt 0.475333 0.849486
vt 0.475158 0.845319
vt 0.475061 0.840778
vt 0.475076 0.836031
vt 0.474688 0.831361
vt 0.434260 0.859529
vt 0.429470 0.860401
vt 0.435803 0.854921
vt 0.427779 0.860370
vt 0.454523 0.860507
vt 0.451308 0.863466
vt 0.452886 0.855128
vt 0.449768 0.864181
vt 0.517248 0.853485
vt 0.513391 0.854302
vt 0.493105 0.854989
vt 0.496542 0.855392
vt 0.476864 0.898991
vt 0.478117 0.901086
vt 0.475626 0.902091
vt 0.475136 0.899833
vt 0.479863 0.903837
vt 0.476139 0.905015
vt 0.472537 0.905033
vt 0.473117 0.902223
vt 0.473323 0.899979
vt 0.473506 0.864881
vt 0.476877 0.864483
vt 0.477434 0.868430
vt 0.474406 0.868860
vt 0.480444 0.863981
vt 0.480635 0.867904
vt 0.479966 0.892003
vt 0.482097 0.892055
vt 0.481716 0.897251
vt 0.479548 0.896309
vt 0.484394 0.891912
vt 0.484581 0.897955
vt 0.463112 0.872204
vt 0.461686 0.873761
vt 0.458671 0.870275
vt 0.460216 0.868419
vt 0.462678 0.866831
vt 0.465138 0.870849
vt 0.474297 0.897044
vt 0.473380 0.897341
vt 0.471379 0.895001
vt 0.472507 0.893873
vt 0.473864 0.892961
vt 0.475400 0.896398
vt 0.500420 0.868448
vt 0.503471 0.870591
vt 0.503447 0.872465
vt 0.500276 0.871127
vt 0.497551 0.869228
vt 0.498271 0.865890
vt 0.498638 0.896196
vt 0.497600 0.894133
vt 0.498525 0.890147
vt 0.501204 0.892101
vt 0.504015 0.894496
vt 0.500053 0.899240
vt 0.496473 0.863721
vt 0.495307 0.867414
vt 0.493011 0.866251
vt 0.494142 0.862393
vt 0.496077 0.893983
vt 0.494020 0.893838
vt 0.493623 0.888642
vt 0.496070 0.889095
vt 0.497178 0.900330
vt 0.496509 0.897014
vt 0.493824 0.900690
vt 0.493980 0.897047
vt 0.468430 0.899904
vt 0.469580 0.897740
vt 0.466523 0.902325
vt 0.458334 0.879875
vt 0.456201 0.882244
vt 0.455372 0.880573
vt 0.456783 0.877668
vt 0.457637 0.874599
vt 0.459796 0.877362
vt 0.489151 0.895480
vt 0.487333 0.898092
vt 0.486617 0.890490
vt 0.488891 0.889308
vt 0.490256 0.893665
vt 0.487228 0.866796
vt 0.483905 0.867354
vt 0.484100 0.863481
vt 0.487771 0.862946
vt 0.478331 0.874196
vt 0.481109 0.873655
vt 0.481897 0.879379
vt 0.479433 0.879960
vt 0.477106 0.880375
vt 0.475739 0.874668
vt 0.469905 0.882343
vt 0.468286 0.883404
vt 0.466222 0.878053
vt 0.467952 0.876858
vt 0.466870 0.884595
vt 0.464818 0.879375
vt 0.505230 0.881438
vt 0.501646 0.880518
vt 0.500767 0.875637
vt 0.504209 0.876392
vt 0.498271 0.879177
vt 0.497598 0.874315
vt 0.495402 0.878033
vt 0.494944 0.872961
vt 0.492782 0.877328
vt 0.492489 0.872051
vt 0.464319 0.894407
vt 0.466183 0.892365
vt 0.461852 0.896293
vt 0.485258 0.883887
vt 0.487818 0.882894
vt 0.482919 0.884908
vt 0.478594 0.885765
vt 0.480741 0.885474
vt 0.470127 0.888405
vt 0.471685 0.887407
vt 0.468731 0.889571
vt 0.498793 0.884040
vt 0.502094 0.885682
vt 0.505536 0.887216
vt 0.493205 0.882287
vt 0.495916 0.882888
vt 0.460286 0.884244
vt 0.462311 0.882251
vt 0.464210 0.887337
vt 0.462122 0.889271
vt 0.459462 0.890939
vt 0.457768 0.886018
vt 0.484011 0.873024
vt 0.487013 0.872434
vt 0.487306 0.877752
vt 0.484512 0.878537
vt 0.499844 0.856464
vt 0.498298 0.860023
vt 0.495419 0.858711
vt 0.502788 0.858418
vt 0.500080 0.862376
vt 0.460179 0.862734
vt 0.456981 0.864576
vt 0.454991 0.866897
vt 0.458089 0.872217
vt 0.460794 0.875373
vt 0.453078 0.875252
vt 0.452213 0.871181
vt 0.454997 0.872321
vt 0.454960 0.875920
vt 0.454274 0.879705
vt 0.453514 0.879724
vt 0.501355 0.865653
vt 0.503154 0.863479
vt 0.504184 0.867613
vt 0.503753 0.868898
vt 0.484382 0.859568
vt 0.480263 0.860119
vt 0.488473 0.858993
vt 0.468405 0.865162
vt 0.470809 0.864999
vt 0.472042 0.869103
vt 0.469929 0.869354
vt 0.476329 0.860565
vt 0.472641 0.860865
vt 0.475168 0.880645
vt 0.473418 0.880950
vt 0.471859 0.875389
vt 0.473689 0.875024
vt 0.476734 0.885895
vt 0.478269 0.891931
vt 0.476780 0.891946
vt 0.475010 0.886144
vt 0.463693 0.880682
vt 0.465660 0.885835
vt 0.473373 0.898418
vt 0.470496 0.896198
vt 0.467537 0.890829
vt 0.451402 0.867287
vt 0.454817 0.869340
vt 0.469689 0.860970
vt 0.467011 0.861132
vt 0.478106 0.895631
vt 0.477235 0.895113
vt 0.474744 0.898262
vt 0.476025 0.897563
vt 0.492113 0.858539
vt 0.491166 0.862368
vt 0.490315 0.866243
vt 0.490123 0.877290
vt 0.489889 0.871989
vt 0.491218 0.888733
vt 0.490513 0.882311
vt 0.491931 0.893757
vt 0.490421 0.899836
vt 0.491409 0.896693
vt 0.480281 0.899442
vt 0.482888 0.901220
vt 0.478436 0.897858
vt 0.477240 0.896757
vt 0.476467 0.895738
vt 0.475298 0.892315
vt 0.473314 0.886637
vt 0.469892 0.875983
vt 0.471633 0.881512
vt 0.465590 0.865764
vt 0.467536 0.869923
vt 0.463736 0.861659
vt 0.451088 0.871306
vt 0.451351 0.871155
vt 0.452296 0.875584
vt 0.451945 0.875986
vt 0.453214 0.880345
vt 0.453118 0.880991
vt 0.507013 0.857454
vt 0.504767 0.862039
vt 0.504082 0.862532
vt 0.504634 0.858816
vt 0.504632 0.866405
vt 0.504459 0.866903
vt 0.450515 0.867076
vt 0.449963 0.867261
vt 0.380320 0.874464
vt 0.377824 0.875534
vt 0.376920 0.872640
vt 0.379620 0.872417
vt 0.374565 0.876923
vt 0.373542 0.872766
vt 0.373636 0.868653
vt 0.376819 0.869685
vt 0.379525 0.870260
vt 0.413640 0.872814
vt 0.413160 0.877013
vt 0.410838 0.877799
vt 0.410433 0.873890
vt 0.410664 0.870266
vt 0.414796 0.868890
vt 0.379653 0.882787
vt 0.381148 0.879956
vt 0.385949 0.881724
vt 0.385570 0.885255
vt 0.382613 0.877755
vt 0.386792 0.878893
vt 0.411312 0.857772
vt 0.413610 0.859867
vt 0.409107 0.862034
vt 0.407258 0.860051
vt 0.405226 0.858229
vt 0.408914 0.855913
vt 0.382759 0.871864
vt 0.382466 0.870755
vt 0.384762 0.868387
vt 0.385952 0.869847
vt 0.386911 0.871496
vt 0.383265 0.873187
vt 0.540192 0.846453
vt 0.542886 0.843861
vt 0.546634 0.845165
vt 0.544182 0.847859
vt 0.545359 0.840788
vt 0.548808 0.842078
vt 0.572793 0.858165
vt 0.570394 0.858447
vt 0.566814 0.855595
vt 0.569701 0.853851
vt 0.573163 0.852257
vt 0.576292 0.857983
vt 0.541803 0.850123
vt 0.537460 0.848520
vt 0.540103 0.852342
vt 0.535432 0.850585
vt 0.563796 0.860541
vt 0.564946 0.857882
vt 0.569742 0.860183
vt 0.568944 0.862401
vt 0.572872 0.860886
vt 0.572100 0.863588
vt 0.576395 0.861448
vt 0.575672 0.864947
vt 0.376004 0.862195
vt 0.378827 0.864413
vt 0.381542 0.865979
vt 0.401408 0.850067
vt 0.404276 0.852578
vt 0.401115 0.854802
vt 0.398644 0.852231
vt 0.396418 0.849191
vt 0.398549 0.847250
vt 0.571946 0.870256
vt 0.566430 0.872591
vt 0.564801 0.869147
vt 0.569488 0.867898
vt 0.563626 0.866017
vt 0.567853 0.866172
vt 0.539944 0.858177
vt 0.540089 0.861917
vt 0.536617 0.859994
vt 0.535683 0.856288
vt 0.539653 0.865942
vt 0.536697 0.864236
vt 0.399664 0.878850
vt 0.399271 0.875404
vt 0.404896 0.872758
vt 0.405307 0.876173
vt 0.406209 0.879787
vt 0.400624 0.882513
vt 0.396213 0.865080
vt 0.394742 0.863210
vt 0.399681 0.861017
vt 0.401387 0.862843
vt 0.402884 0.864786
vt 0.397456 0.867050
vt 0.557748 0.848082
vt 0.555417 0.850913
vt 0.550087 0.849484
vt 0.552287 0.846674
vt 0.554229 0.843569
vt 0.559967 0.844999
vt 0.548046 0.852047
vt 0.553503 0.853661
vt 0.552167 0.856493
vt 0.546574 0.854600
vt 0.383948 0.859563
vt 0.386335 0.861938
vt 0.381865 0.856567
vt 0.557478 0.868558
vt 0.557028 0.864770
vt 0.557947 0.872549
vt 0.393504 0.877758
vt 0.393515 0.881119
vt 0.394036 0.884779
vt 0.389779 0.865437
vt 0.391128 0.867255
vt 0.392214 0.869203
vt 0.563480 0.850068
vt 0.566284 0.847410
vt 0.560860 0.852658
vt 0.557639 0.858376
vt 0.558923 0.855399
vt 0.393969 0.854634
vt 0.396117 0.857396
vt 0.391299 0.859506
vt 0.389099 0.856751
vt 0.387344 0.853536
vt 0.392235 0.851477
vt 0.545567 0.864487
vt 0.545840 0.860715
vt 0.551358 0.862871
vt 0.551318 0.866758
vt 0.551012 0.870784
vt 0.544912 0.868359
vt 0.536215 0.844644
vt 0.533336 0.846575
vt 0.531017 0.848708
vt 0.415222 0.855021
vt 0.412327 0.853120
vt 0.418143 0.857261
vt 0.406707 0.854377
vt 0.403270 0.856669
vt 0.403848 0.847532
vt 0.400357 0.845157
vt 0.407148 0.849753
vt 0.542053 0.839267
vt 0.539174 0.842262
vt 0.530626 0.854498
vt 0.532561 0.858122
vt 0.528758 0.857229
vt 0.533756 0.862620
vt 0.531846 0.861372
vt 0.415750 0.866111
vt 0.410995 0.867719
vt 0.411083 0.865853
vt 0.416154 0.864048
vt 0.422109 0.868036
vt 0.418901 0.872568
vt 0.416883 0.872303
vt 0.419087 0.868067
vt 0.415824 0.877082
vt 0.415071 0.876731
vt 0.404730 0.870353
vt 0.399126 0.872899
vt 0.398940 0.870928
vt 0.404527 0.868545
vt 0.393491 0.873187
vt 0.393566 0.875251
vt 0.387399 0.876786
vt 0.387670 0.875047
vt 0.393149 0.861511
vt 0.397988 0.859372
vt 0.381334 0.870655
vt 0.383399 0.867164
vt 0.388227 0.863796
vt 0.409841 0.851522
vt 0.420740 0.864723
vt 0.424848 0.863665
vt 0.421516 0.862172
vt 0.383688 0.876326
vt 0.384436 0.875410
vt 0.381416 0.872247
vt 0.381974 0.873761
vt 0.525606 0.849270
vt 0.530047 0.851396
vt 0.539704 0.854986
vt 0.535006 0.853192
vt 0.546005 0.857427
vt 0.551546 0.859507
vt 0.557041 0.861469
vt 0.563351 0.863251
vt 0.568289 0.864526
vt 0.574023 0.867938
vt 0.571065 0.866043
vt 0.381247 0.876335
vt 0.379254 0.878063
vt 0.376868 0.880313
vt 0.383865 0.874477
vt 0.382644 0.875206
vt 0.387482 0.873271
vt 0.393033 0.871180
vt 0.398382 0.869002
vt 0.403933 0.866713
vt 0.410445 0.863994
vt 0.415383 0.861990
vt 0.420469 0.859691
vt 0.527811 0.857115
vt 0.527359 0.857527
vt 0.531461 0.861158
vt 0.531321 0.861258
vt 0.422465 0.868929
vt 0.419164 0.873101
vt 0.418997 0.872781
vt 0.422305 0.868285
vt 0.415911 0.877414
vt 0.415858 0.877279
vt 0.425466 0.863789
vt 0.425658 0.864584
vt 0.424180 0.907578
vt 0.425988 0.908798
vt 0.424665 0.911275
vt 0.422173 0.909628
vt 0.428169 0.909415
vt 0.427664 0.912347
vt 0.427164 0.915877
vt 0.422942 0.914485
vt 0.419573 0.911865
vt 0.448461 0.878205
vt 0.450959 0.881780
vt 0.449620 0.883988
vt 0.446407 0.881760
vt 0.443599 0.879664
vt 0.446106 0.875187
vt 0.435749 0.906090
vt 0.437941 0.908405
vt 0.433387 0.911742
vt 0.432266 0.909031
vt 0.440807 0.910795
vt 0.434984 0.914901
vt 0.432279 0.876241
vt 0.429745 0.877105
vt 0.429794 0.871417
vt 0.432849 0.870199
vt 0.436373 0.869832
vt 0.435035 0.875887
vt 0.425914 0.902053
vt 0.427753 0.901785
vt 0.427358 0.905535
vt 0.426268 0.905188
vt 0.429651 0.901881
vt 0.428825 0.905865
vt 0.534491 0.867834
vt 0.530317 0.868247
vt 0.528499 0.864895
vt 0.533042 0.865195
vt 0.526342 0.867841
vt 0.524490 0.863564
vt 0.543326 0.898241
vt 0.540595 0.896174
vt 0.541237 0.890894
vt 0.545095 0.892054
vt 0.538521 0.894745
vt 0.537753 0.890201
vt 0.520814 0.862378
vt 0.522758 0.867239
vt 0.519658 0.867164
vt 0.517423 0.862091
vt 0.536702 0.895502
vt 0.534432 0.896441
vt 0.531859 0.891488
vt 0.534660 0.890470
vt 0.537718 0.902997
vt 0.535952 0.899451
vt 0.538550 0.898125
vt 0.540933 0.900917
vt 0.415741 0.905976
vt 0.419362 0.904936
vt 0.422165 0.903565
vt 0.417421 0.881225
vt 0.417402 0.879185
vt 0.421257 0.877546
vt 0.421309 0.880691
vt 0.424756 0.875460
vt 0.424854 0.879555
vt 0.526249 0.898370
vt 0.527808 0.895328
vt 0.531013 0.898337
vt 0.530995 0.900736
vt 0.530985 0.904230
vt 0.524737 0.901960
vt 0.509885 0.867642
vt 0.512461 0.865032
vt 0.514965 0.870039
vt 0.512176 0.872357
vt 0.509107 0.874853
vt 0.506941 0.870789
vt 0.446898 0.895986
vt 0.443326 0.894903
vt 0.444484 0.888381
vt 0.447920 0.889589
vt 0.440221 0.893418
vt 0.441474 0.886969
vt 0.429927 0.889956
vt 0.427735 0.890143
vt 0.428839 0.884277
vt 0.431088 0.883880
vt 0.433422 0.883817
vt 0.432142 0.890071
vt 0.540543 0.877586
vt 0.536398 0.878195
vt 0.533324 0.873181
vt 0.537284 0.872377
vt 0.532402 0.878445
vt 0.529447 0.873431
vt 0.525924 0.873577
vt 0.528861 0.878888
vt 0.525762 0.879799
vt 0.522897 0.874119
vt 0.418498 0.897604
vt 0.421955 0.896946
vt 0.414658 0.897617
vt 0.521058 0.892194
vt 0.523496 0.889238
vt 0.518530 0.895331
vt 0.438836 0.899653
vt 0.441688 0.901388
vt 0.445131 0.902804
vt 0.426601 0.895902
vt 0.428761 0.895761
vt 0.430927 0.895943
vt 0.543515 0.883868
vt 0.539279 0.883781
vt 0.535261 0.883695
vt 0.531732 0.884159
vt 0.528568 0.885263
vt 0.422954 0.891081
vt 0.419334 0.891413
vt 0.420522 0.885849
vt 0.424099 0.885463
vt 0.415475 0.890984
vt 0.416739 0.885555
vt 0.517990 0.886169
vt 0.514979 0.888806
vt 0.512235 0.881950
vt 0.515314 0.879679
vt 0.518140 0.877419
vt 0.520742 0.883509
vt 0.519131 0.857448
vt 0.515231 0.857616
vt 0.523126 0.858567
vt 0.433332 0.864282
vt 0.429389 0.865633
vt 0.437816 0.864198
vt 0.427425 0.873325
vt 0.427518 0.878294
vt 0.423775 0.871422
vt 0.420377 0.874630
vt 0.416732 0.877799
vt 0.527213 0.860886
vt 0.531824 0.862758
vt 0.506950 0.863611
vt 0.505224 0.867429
vt 0.509465 0.860699
vt 0.442391 0.871471
vt 0.444220 0.872972
vt 0.441579 0.878071
vt 0.439868 0.876948
vt 0.450947 0.876386
vt 0.449306 0.872046
vt 0.452499 0.881112
vt 0.437581 0.884847
vt 0.439315 0.885776
vt 0.437984 0.892156
vt 0.436165 0.891167
vt 0.434220 0.904416
vt 0.436679 0.898248
vt 0.432885 0.903241
vt 0.434864 0.897159
vt 0.426720 0.884873
vt 0.425597 0.890589
vt 0.424222 0.902624
vt 0.425470 0.906116
vt 0.424496 0.896343
vt 0.426597 0.868275
vt 0.447597 0.868941
vt 0.445460 0.866824
vt 0.431621 0.907209
vt 0.431277 0.906076
vt 0.426859 0.906996
vt 0.428527 0.907412
vt 0.510184 0.855567
vt 0.512125 0.858760
vt 0.517274 0.868185
vt 0.514786 0.863086
vt 0.523214 0.881354
vt 0.520521 0.875456
vt 0.529621 0.893121
vt 0.525901 0.886948
vt 0.532483 0.897440
vt 0.533473 0.900428
vt 0.534303 0.904060
vt 0.431281 0.915899
vt 0.430673 0.912411
vt 0.430300 0.909539
vt 0.430131 0.907560
vt 0.430219 0.906047
vt 0.431383 0.902383
vt 0.432958 0.896414
vt 0.434234 0.890479
vt 0.435627 0.884169
vt 0.437665 0.876179
vt 0.439749 0.870325
vt 0.442049 0.865210
vt 0.381914 0.825228
vt 0.381983 0.826290
vt 0.380408 0.826076
vt 0.380763 0.824657
vt 0.382164 0.827657
vt 0.380521 0.827698
vt 0.378546 0.827765
vt 0.378515 0.825612
vt 0.379038 0.823718
vt 0.409422 0.831580
vt 0.407607 0.834033
vt 0.404073 0.833314
vt 0.405255 0.831028
vt 0.405143 0.836297
vt 0.402338 0.835668
vt 0.385384 0.830978
vt 0.384565 0.832765
vt 0.381608 0.830817
vt 0.382617 0.830118
vt 0.383351 0.834610
vt 0.380066 0.831935
vt 0.405145 0.825940
vt 0.404205 0.823189
vt 0.408350 0.822072
vt 0.409638 0.825369
vt 0.402810 0.820654
vt 0.406527 0.819129
vt 0.385141 0.825845
vt 0.385514 0.827581
vt 0.384390 0.824194
vt 0.519199 0.816266
vt 0.520865 0.819659
vt 0.517550 0.822242
vt 0.516277 0.818067
vt 0.522543 0.822967
vt 0.519084 0.826004
vt 0.538892 0.803241
vt 0.537969 0.806067
vt 0.534011 0.806808
vt 0.533703 0.803525
vt 0.537550 0.808055
vt 0.534713 0.809728
vt 0.524388 0.825539
vt 0.526665 0.827507
vt 0.524311 0.830495
vt 0.521390 0.828620
vt 0.538655 0.809206
vt 0.536075 0.812024
vt 0.540310 0.810718
vt 0.537947 0.813995
vt 0.540110 0.806944
vt 0.542187 0.808518
vt 0.541690 0.804309
vt 0.544330 0.806210
vt 0.383159 0.822562
vt 0.381512 0.820929
vt 0.400889 0.818284
vt 0.398692 0.815824
vt 0.401696 0.813751
vt 0.404268 0.816419
vt 0.545300 0.817237
vt 0.542429 0.816726
vt 0.543417 0.813315
vt 0.545327 0.812702
vt 0.547982 0.811717
vt 0.548404 0.817326
vt 0.532155 0.829740
vt 0.535205 0.830976
vt 0.533814 0.833067
vt 0.530451 0.832352
vt 0.538023 0.832322
vt 0.537056 0.833748
vt 0.392922 0.835742
vt 0.394130 0.833318
vt 0.397307 0.833140
vt 0.396137 0.835534
vt 0.394933 0.831127
vt 0.398071 0.830981
vt 0.396365 0.822251
vt 0.397357 0.824446
vt 0.394389 0.824838
vt 0.393514 0.822712
vt 0.397951 0.826720
vt 0.394868 0.827003
vt 0.526782 0.812878
vt 0.528331 0.816040
vt 0.526589 0.818163
vt 0.524898 0.815114
vt 0.522996 0.812266
vt 0.525013 0.809888
vt 0.530107 0.818650
vt 0.532282 0.820739
vt 0.530547 0.822757
vt 0.528409 0.820722
vt 0.384637 0.819346
vt 0.386417 0.821461
vt 0.387803 0.823494
vt 0.547176 0.821146
vt 0.544039 0.820341
vt 0.540924 0.819493
vt 0.388078 0.833402
vt 0.386836 0.835626
vt 0.388908 0.831284
vt 0.388606 0.825454
vt 0.389010 0.827431
vt 0.532140 0.811928
vt 0.530990 0.808721
vt 0.529904 0.805411
vt 0.533692 0.814534
vt 0.535748 0.816693
vt 0.394827 0.820006
vt 0.392040 0.820496
vt 0.390226 0.818090
vt 0.393015 0.817585
vt 0.540843 0.824789
vt 0.543624 0.826374
vt 0.541464 0.828669
vt 0.538897 0.826915
vt 0.535962 0.825449
vt 0.537768 0.823514
vt 0.513855 0.829931
vt 0.517868 0.832572
vt 0.517299 0.835430
vt 0.513911 0.834349
vt 0.521776 0.834234
vt 0.521033 0.836316
vt 0.520708 0.838315
vt 0.517139 0.838377
vt 0.513903 0.837841
vt 0.415731 0.824616
vt 0.413840 0.820333
vt 0.416752 0.819312
vt 0.419047 0.824175
vt 0.411049 0.816735
vt 0.413292 0.815307
vt 0.415235 0.813818
vt 0.419639 0.818139
vt 0.422702 0.823421
vt 0.407896 0.813674
vt 0.409565 0.811967
vt 0.404508 0.810773
vt 0.405716 0.808967
vt 0.406528 0.807149
vt 0.410864 0.810245
vt 0.512313 0.819736
vt 0.512917 0.824710
vt 0.510504 0.825626
vt 0.510150 0.820536
vt 0.510738 0.830159
vt 0.508277 0.830548
vt 0.508200 0.826314
vt 0.508220 0.821366
vt 0.524925 0.836306
vt 0.524720 0.837571
vt 0.525479 0.834864
vt 0.529268 0.828741
vt 0.527305 0.831620
vt 0.533104 0.824204
vt 0.534867 0.822278
vt 0.538189 0.818334
vt 0.540076 0.815598
vt 0.542022 0.812227
vt 0.546545 0.808773
vt 0.544043 0.810470
vt 0.379044 0.829968
vt 0.380848 0.829359
vt 0.382415 0.829030
vt 0.385629 0.829294
vt 0.389166 0.829362
vt 0.395111 0.829092
vt 0.398236 0.828909
vt 0.405549 0.828604
vt 0.410042 0.828658
vt 0.422654 0.829212
vt 0.418946 0.829455
vt 0.415808 0.829169
vt 0.521228 0.814334
vt 0.523091 0.817271
vt 0.524830 0.820322
vt 0.399331 0.821638
vt 0.397667 0.819362
vt 0.395747 0.816961
vt 0.534134 0.827360
vt 0.537033 0.828834
vt 0.539614 0.830522
vt 0.399150 0.835452
vt 0.400458 0.833087
vt 0.401305 0.830912
vt 0.401150 0.826394
vt 0.400448 0.823950
vt 0.401482 0.828742
vt 0.528840 0.824797
vt 0.531346 0.826157
vt 0.526694 0.822829
vt 0.545635 0.823797
vt 0.542620 0.822559
vt 0.539457 0.821510
vt 0.391858 0.831263
vt 0.391011 0.833450
vt 0.389752 0.835822
vt 0.530203 0.813911
vt 0.528835 0.810664
vt 0.527335 0.807478
vt 0.387376 0.818619
vt 0.389202 0.820933
vt 0.390641 0.823100
vt 0.391454 0.825164
vt 0.391866 0.827243
vt 0.392066 0.829259
vt 0.536584 0.820322
vt 0.534027 0.818706
vt 0.531874 0.816567
vt 0.521087 0.845973
vt 0.533928 0.837940
vt 0.537749 0.836541
vt 0.529983 0.839052
vt 0.529469 0.838121
vt 0.533484 0.837144
vt 0.537301 0.836056
vt 0.410203 0.842972
vt 0.414238 0.843524
vt 0.410137 0.841706
vt 0.414479 0.841758
vt 0.436796 0.851959
vt 0.440630 0.852505
vt 0.433277 0.851035
vt 0.444561 0.853913
vt 0.448564 0.854257
vt 0.430554 0.848453
vt 0.452226 0.851530
vt 0.526253 0.840757
vt 0.525460 0.839706
vt 0.522537 0.842710
vt 0.521361 0.841397
vt 0.518796 0.844288
vt 0.517165 0.842559
vt 0.502417 0.852057
vt 0.504740 0.853344
vt 0.507455 0.851563
vt 0.505585 0.849748
vt 0.506150 0.826748
vt 0.506656 0.822233
vt 0.506011 0.830817
vt 0.411767 0.808500
vt 0.416807 0.812160
vt 0.406934 0.805354
vt 0.422524 0.816669
vt 0.426885 0.822090
vt 0.446222 0.821174
vt 0.445147 0.826023
vt 0.438830 0.826026
vt 0.439398 0.819999
vt 0.438070 0.831114
vt 0.431951 0.831911
vt 0.432819 0.826487
vt 0.463047 0.822658
vt 0.458890 0.826971
vt 0.452099 0.826101
vt 0.453706 0.821800
vt 0.459378 0.837279
vt 0.460816 0.832631
vt 0.484025 0.829837
vt 0.488998 0.831564
vt 0.478745 0.828363
vt 0.478407 0.824449
vt 0.484063 0.825853
vt 0.489072 0.827387
vt 0.505962 0.841518
vt 0.508242 0.840599
vt 0.503074 0.838548
vt 0.505485 0.837920
vt 0.516856 0.840673
vt 0.520783 0.839973
vt 0.513157 0.840450
vt 0.437299 0.836043
vt 0.431148 0.836817
vt 0.427373 0.827906
vt 0.426178 0.833393
vt 0.455263 0.817522
vt 0.447281 0.816318
vt 0.464363 0.818862
vt 0.439454 0.813927
vt 0.463738 0.829062
vt 0.467949 0.827138
vt 0.484786 0.820758
vt 0.477900 0.820876
vt 0.489892 0.823211
vt 0.493961 0.833428
vt 0.493894 0.829080
vt 0.498606 0.834661
vt 0.494495 0.824472
vt 0.501778 0.834899
vt 0.504148 0.834599
vt 0.524920 0.838671
vt 0.529099 0.837303
vt 0.536985 0.835633
vt 0.533181 0.836448
vt 0.419738 0.838856
vt 0.414601 0.839778
vt 0.409913 0.840410
vt 0.425255 0.837823
vt 0.511111 0.836786
vt 0.511103 0.833769
vt 0.509144 0.835813
vt 0.508699 0.833675
vt 0.507681 0.836815
vt 0.509982 0.839015
vt 0.506460 0.834102
vt 0.473291 0.827177
vt 0.471719 0.823107
vt 0.401781 0.800234
vt 0.400664 0.797634
vt 0.397179 0.799227
vt 0.396269 0.797275
vt 0.402124 0.802845
vt 0.397305 0.801229
vt 0.402123 0.804486
vt 0.397455 0.802555
vt 0.401707 0.806219
vt 0.400901 0.807985
vt 0.396818 0.805588
vt 0.397298 0.804017
vt 0.398950 0.811090
vt 0.395792 0.808675
vt 0.396630 0.813399
vt 0.394532 0.810902
vt 0.394010 0.814513
vt 0.392630 0.811925
vt 0.391360 0.815052
vt 0.390229 0.812343
vt 0.388475 0.815550
vt 0.387303 0.812743
vt 0.385527 0.816199
vt 0.384162 0.813484
vt 0.382767 0.817146
vt 0.381203 0.814691
vt 0.379650 0.819127
vt 0.377748 0.816929
vt 0.376986 0.822634
vt 0.374706 0.821212
vt 0.376309 0.825052
vt 0.373728 0.824324
vt 0.376233 0.827849
vt 0.373542 0.827911
vt 0.376216 0.834743
vt 0.374380 0.831581
vt 0.376961 0.830679
vt 0.378248 0.833190
vt 0.382015 0.836538
vt 0.380552 0.838734
vt 0.384284 0.840285
vt 0.385498 0.837884
vt 0.388394 0.838281
vt 0.387307 0.840933
vt 0.391606 0.838323
vt 0.390614 0.841084
vt 0.394835 0.838116
vt 0.393831 0.840902
vt 0.396464 0.840714
vt 0.397678 0.837974
vt 0.398791 0.840674
vt 0.400462 0.838075
vt 0.400374 0.840781
vt 0.402660 0.838476
vt 0.404312 0.839181
vt 0.401339 0.840899
vt 0.401818 0.841119
vt 0.401608 0.840989
vt 0.404892 0.839601
vt 0.405357 0.840111
vt 0.402075 0.841655
vt 0.401987 0.841337
vt 0.405732 0.840775
vt 0.405977 0.841572
vt 0.406071 0.842450
vt 0.402058 0.842069
vt 0.471932 0.819860
vt 0.698135 0.591044
vt 0.693032 0.593902
vt 0.693522 0.590820
vt 0.698466 0.588332
vt 0.687916 0.594190
vt 0.687594 0.597527
vt 0.680951 0.597905
vt 0.674306 0.601424
vt 0.681052 0.601817
vt 0.672714 0.608211
vt 0.599491 0.633341
vt 0.602900 0.630020
vt 0.608898 0.629288
vt 0.607669 0.632658
vt 0.615318 0.627751
vt 0.614823 0.631552
vt 0.610613 0.625655
vt 0.615928 0.623828
vt 0.605614 0.626796
vt 0.626170 0.620657
vt 0.626031 0.625118
vt 0.620951 0.626298
vt 0.621097 0.622103
vt 0.620809 0.630472
vt 0.625974 0.629623
vt 0.615115 0.638435
vt 0.610357 0.638847
vt 0.608586 0.635927
vt 0.614797 0.635181
vt 0.602995 0.636687
vt 0.606105 0.639424
vt 0.625801 0.633960
vt 0.620587 0.634504
vt 0.620430 0.638146
vt 0.625588 0.637916
vt 0.664016 0.637072
vt 0.660042 0.638365
vt 0.658568 0.634303
vt 0.663361 0.633137
vt 0.657015 0.629775
vt 0.662682 0.628837
vt 0.654782 0.636511
vt 0.651222 0.631685
vt 0.657109 0.639259
vt 0.674921 0.630171
vt 0.672300 0.634246
vt 0.668205 0.633104
vt 0.668477 0.628968
vt 0.667943 0.636835
vt 0.670845 0.636844
vt 0.687827 0.634475
vt 0.683651 0.635636
vt 0.682238 0.632938
vt 0.686935 0.632347
vt 0.681002 0.629802
vt 0.686207 0.629958
vt 0.677814 0.634189
vt 0.679590 0.637342
vt 0.576120 0.623222
vt 0.576386 0.624124
vt 0.572377 0.623691
vt 0.572288 0.623136
vt 0.568632 0.623298
vt 0.568626 0.623002
vt 0.572325 0.624162
vt 0.568541 0.623577
vt 0.576422 0.624855
vt 0.634132 0.637723
vt 0.634306 0.633469
vt 0.638218 0.633696
vt 0.637815 0.637875
vt 0.642004 0.634212
vt 0.641300 0.638253
vt 0.638381 0.629217
vt 0.642356 0.629854
vt 0.634353 0.628851
vt 0.634862 0.619414
vt 0.638860 0.620492
vt 0.638240 0.624635
vt 0.634228 0.624038
vt 0.642153 0.625391
vt 0.641830 0.622165
vt 0.685257 0.623555
vt 0.688518 0.622252
vt 0.692324 0.625020
vt 0.691111 0.626280
vt 0.696641 0.626630
vt 0.695879 0.627541
vt 0.694024 0.624013
vt 0.697648 0.625860
vt 0.691038 0.621391
vt 0.600944 0.610544
vt 0.602879 0.610293
vt 0.603575 0.614457
vt 0.601397 0.614876
vt 0.603935 0.619005
vt 0.601618 0.619152
vt 0.606993 0.613795
vt 0.606968 0.618531
vt 0.594501 0.638320
vt 0.591021 0.637166
vt 0.593164 0.634683
vt 0.596187 0.635953
vt 0.595935 0.632241
vt 0.590111 0.633743
vt 0.593128 0.631209
vt 0.587024 0.636327
vt 0.615997 0.643330
vt 0.620612 0.643672
vt 0.625282 0.644061
vt 0.661839 0.649724
vt 0.661096 0.645475
vt 0.665359 0.643946
vt 0.666373 0.648172
vt 0.657506 0.652082
vt 0.656536 0.646921
vt 0.678586 0.647668
vt 0.673801 0.642785
vt 0.676561 0.639809
vt 0.680400 0.644756
vt 0.683161 0.642236
vt 0.686675 0.640038
vt 0.690186 0.638314
vt 0.570775 0.627101
vt 0.568860 0.628929
vt 0.565323 0.626475
vt 0.566991 0.625372
vt 0.574641 0.628401
vt 0.572415 0.630794
vt 0.639656 0.644905
vt 0.636672 0.644674
vt 0.633462 0.644531
vt 0.581275 0.632318
vt 0.577907 0.635031
vt 0.575400 0.632716
vt 0.578066 0.630185
vt 0.696455 0.635539
vt 0.695280 0.632611
vt 0.699349 0.631731
vt 0.700165 0.633904
vt 0.703415 0.630878
vt 0.703954 0.632134
vt 0.581307 0.641873
vt 0.580561 0.640577
vt 0.583628 0.641810
vt 0.645813 0.634941
vt 0.644930 0.638905
vt 0.649564 0.636581
vt 0.648670 0.640419
vt 0.646287 0.630490
vt 0.643200 0.645418
vt 0.647065 0.646564
vt 0.693241 0.636958
vt 0.691537 0.633526
vt 0.648952 0.619849
vt 0.654823 0.619259
vt 0.655921 0.624555
vt 0.650370 0.625255
vt 0.661928 0.624056
vt 0.661100 0.619132
vt 0.629508 0.644328
vt 0.630004 0.637755
vt 0.630274 0.629044
vt 0.630178 0.633586
vt 0.630260 0.624295
vt 0.630647 0.619624
vt 0.671076 0.647818
vt 0.669533 0.643211
vt 0.675866 0.648691
vt 0.677558 0.648662
vt 0.650815 0.648786
vt 0.652451 0.643408
vt 0.654030 0.651746
vt 0.655570 0.652462
vt 0.588095 0.641764
vt 0.591951 0.642579
vt 0.612235 0.643258
vt 0.608799 0.643662
vt 0.628491 0.687266
vt 0.630219 0.688107
vt 0.629730 0.690365
vt 0.627239 0.689361
vt 0.629220 0.693290
vt 0.625495 0.692113
vt 0.632240 0.690496
vt 0.632822 0.693305
vt 0.632032 0.688252
vt 0.631834 0.653154
vt 0.630935 0.657133
vt 0.627907 0.656703
vt 0.628464 0.652755
vt 0.624707 0.656177
vt 0.624897 0.652253
vt 0.625385 0.680279
vt 0.625806 0.684585
vt 0.623638 0.685528
vt 0.623254 0.680331
vt 0.620774 0.686233
vt 0.620957 0.680188
vt 0.642228 0.660479
vt 0.645124 0.656695
vt 0.646668 0.658551
vt 0.643655 0.662035
vt 0.640203 0.659123
vt 0.642661 0.655106
vt 0.631057 0.685317
vt 0.632844 0.682146
vt 0.633973 0.683273
vt 0.631973 0.685614
vt 0.629953 0.684672
vt 0.631487 0.681235
vt 0.604925 0.656725
vt 0.605069 0.659405
vt 0.601900 0.660745
vt 0.601875 0.658869
vt 0.607073 0.654165
vt 0.607793 0.657504
vt 0.606719 0.684478
vt 0.604150 0.680384
vt 0.606828 0.678429
vt 0.607755 0.682414
vt 0.605306 0.687523
vt 0.601341 0.682781
vt 0.608870 0.651995
vt 0.610036 0.655689
vt 0.611200 0.650666
vt 0.612332 0.654525
vt 0.609278 0.682264
vt 0.609282 0.677376
vt 0.611729 0.676921
vt 0.611335 0.682118
vt 0.608848 0.685295
vt 0.608181 0.688611
vt 0.611377 0.685327
vt 0.611535 0.688970
vt 0.636925 0.688175
vt 0.635774 0.686011
vt 0.638833 0.690594
vt 0.647008 0.668149
vt 0.648558 0.665943
vt 0.649969 0.668848
vt 0.649141 0.670518
vt 0.645545 0.665637
vt 0.647703 0.662874
vt 0.616204 0.683757
vt 0.618735 0.678766
vt 0.618023 0.686369
vt 0.615098 0.681942
vt 0.616461 0.677585
vt 0.618114 0.655070
vt 0.617571 0.651218
vt 0.621241 0.651753
vt 0.621437 0.655627
vt 0.627012 0.662470
vt 0.625912 0.668234
vt 0.623448 0.667653
vt 0.624234 0.661929
vt 0.629604 0.662941
vt 0.628239 0.668649
vt 0.635440 0.670616
vt 0.637390 0.665131
vt 0.639120 0.666326
vt 0.637059 0.671677
vt 0.640525 0.667648
vt 0.638476 0.672867
vt 0.600119 0.669723
vt 0.601138 0.664674
vt 0.604580 0.663917
vt 0.603702 0.668800
vt 0.607748 0.662593
vt 0.607077 0.667456
vt 0.610401 0.661238
vt 0.609945 0.666311
vt 0.612855 0.660327
vt 0.612564 0.665605
vt 0.641032 0.682677
vt 0.639167 0.680635
vt 0.643500 0.684561
vt 0.620090 0.672163
vt 0.617530 0.671170
vt 0.622429 0.673184
vt 0.624607 0.673749
vt 0.626754 0.674040
vt 0.633663 0.675680
vt 0.635221 0.676677
vt 0.636617 0.677843
vt 0.606556 0.672321
vt 0.603257 0.673965
vt 0.599815 0.675501
vt 0.612143 0.670565
vt 0.609433 0.671167
vt 0.645059 0.672516
vt 0.643225 0.677542
vt 0.641137 0.675608
vt 0.643033 0.670523
vt 0.647577 0.674289
vt 0.645886 0.679208
vt 0.621333 0.661298
vt 0.620834 0.666812
vt 0.618040 0.666027
vt 0.618330 0.660709
vt 0.609923 0.646982
vt 0.607045 0.648296
vt 0.605498 0.644735
vt 0.605263 0.650650
vt 0.602555 0.646691
vt 0.645159 0.651010
vt 0.648357 0.652853
vt 0.650348 0.655175
vt 0.647251 0.660493
vt 0.644547 0.663647
vt 0.652262 0.663531
vt 0.650381 0.664197
vt 0.650343 0.660599
vt 0.653126 0.659461
vt 0.651825 0.668003
vt 0.651065 0.667982
vt 0.603989 0.653928
vt 0.602191 0.651753
vt 0.601592 0.657174
vt 0.601161 0.655889
vt 0.620958 0.647838
vt 0.625076 0.648390
vt 0.616867 0.647264
vt 0.636935 0.653435
vt 0.635411 0.657627
vt 0.633299 0.657376
vt 0.634530 0.653272
vt 0.632698 0.649137
vt 0.629010 0.648836
vt 0.630177 0.668918
vt 0.631654 0.663298
vt 0.633483 0.663663
vt 0.631928 0.669223
vt 0.628614 0.674169
vt 0.627082 0.680206
vt 0.630337 0.674417
vt 0.628571 0.680220
vt 0.641651 0.668954
vt 0.639686 0.674107
vt 0.634856 0.684470
vt 0.631981 0.686691
vt 0.637812 0.679100
vt 0.650523 0.657618
vt 0.653937 0.655567
vt 0.635650 0.649243
vt 0.638328 0.649405
vt 0.628117 0.683388
vt 0.627247 0.683906
vt 0.630610 0.686536
vt 0.629329 0.685837
vt 0.613228 0.646810
vt 0.614176 0.650641
vt 0.615027 0.654517
vt 0.615454 0.660264
vt 0.615222 0.665566
vt 0.614835 0.670588
vt 0.614133 0.677011
vt 0.613423 0.682036
vt 0.613947 0.684971
vt 0.614937 0.688114
vt 0.622469 0.689498
vt 0.625074 0.687718
vt 0.626919 0.686133
vt 0.628114 0.685032
vt 0.628886 0.684013
vt 0.630053 0.680589
vt 0.632034 0.674911
vt 0.635451 0.664257
vt 0.633712 0.669785
vt 0.639749 0.654038
vt 0.637805 0.658197
vt 0.641603 0.649934
vt 0.654252 0.659586
vt 0.653395 0.664267
vt 0.653044 0.663864
vt 0.653989 0.659435
vt 0.652125 0.668626
vt 0.652222 0.669272
vt 0.598331 0.645728
vt 0.600710 0.647090
vt 0.601263 0.650807
vt 0.600577 0.650313
vt 0.600886 0.655178
vt 0.600713 0.654680
vt 0.654824 0.655356
vt 0.655376 0.655543
vt 0.725021 0.662748
vt 0.725721 0.660700
vt 0.728420 0.660922
vt 0.727518 0.663817
vt 0.731798 0.661047
vt 0.730778 0.665205
vt 0.728521 0.657968
vt 0.731703 0.656934
vt 0.725814 0.658544
vt 0.691699 0.661105
vt 0.694906 0.662182
vt 0.694502 0.666091
vt 0.692179 0.665304
vt 0.690542 0.657182
vt 0.694675 0.658558
vt 0.725691 0.671071
vt 0.719776 0.673540
vt 0.719396 0.670010
vt 0.724196 0.668240
vt 0.718551 0.667179
vt 0.722730 0.666039
vt 0.694025 0.646068
vt 0.698079 0.648346
vt 0.696230 0.650329
vt 0.691727 0.648162
vt 0.696422 0.644209
vt 0.700110 0.646524
vt 0.722581 0.660149
vt 0.719387 0.658133
vt 0.720577 0.656673
vt 0.722874 0.659040
vt 0.722076 0.661472
vt 0.718429 0.659783
vt 0.565146 0.634749
vt 0.561157 0.636158
vt 0.558703 0.633466
vt 0.562450 0.632159
vt 0.556527 0.630380
vt 0.559974 0.629088
vt 0.532554 0.646486
vt 0.535643 0.642170
vt 0.538531 0.643911
vt 0.534954 0.646765
vt 0.529055 0.646306
vt 0.532179 0.640578
vt 0.567880 0.636814
vt 0.563538 0.638420
vt 0.569909 0.638877
vt 0.565239 0.640638
vt 0.541552 0.648854
vt 0.536407 0.650718
vt 0.535606 0.648502
vt 0.540401 0.646196
vt 0.533252 0.651908
vt 0.532477 0.649206
vt 0.528955 0.649772
vt 0.529681 0.653270
vt 0.726510 0.652697
vt 0.729333 0.650477
vt 0.723796 0.654263
vt 0.703926 0.638364
vt 0.706690 0.640525
vt 0.704220 0.643097
vt 0.701059 0.640875
vt 0.706784 0.635547
vt 0.708914 0.637485
vt 0.533411 0.658576
vt 0.535866 0.656216
vt 0.540555 0.657461
vt 0.538928 0.660906
vt 0.537500 0.654489
vt 0.541728 0.654331
vt 0.565403 0.646473
vt 0.569661 0.644580
vt 0.568731 0.648287
vt 0.565260 0.650213
vt 0.568653 0.652529
vt 0.565699 0.654237
vt 0.705678 0.667141
vt 0.700033 0.664464
vt 0.700444 0.661050
vt 0.706070 0.663695
vt 0.704719 0.670803
vt 0.699133 0.668079
vt 0.709125 0.653370
vt 0.703950 0.651136
vt 0.705656 0.649309
vt 0.710595 0.651501
vt 0.707883 0.655341
vt 0.702454 0.653078
vt 0.547592 0.636391
vt 0.553051 0.634979
vt 0.555253 0.637787
vt 0.549925 0.639220
vt 0.545370 0.633310
vt 0.551107 0.631876
vt 0.557297 0.640349
vt 0.551840 0.641967
vt 0.558770 0.642901
vt 0.553179 0.644798
vt 0.721387 0.647849
vt 0.719002 0.650225
vt 0.723469 0.644852
vt 0.547877 0.656867
vt 0.548324 0.653078
vt 0.547411 0.660858
vt 0.711829 0.669408
vt 0.711839 0.666047
vt 0.711309 0.673068
vt 0.715559 0.653725
vt 0.714211 0.655544
vt 0.713126 0.657492
vt 0.541861 0.638382
vt 0.539055 0.635726
vt 0.544483 0.640970
vt 0.547708 0.646685
vt 0.546422 0.643709
vt 0.711366 0.642925
vt 0.716235 0.645039
vt 0.714038 0.647796
vt 0.709218 0.645688
vt 0.713098 0.639767
vt 0.717989 0.641824
vt 0.559784 0.652787
vt 0.554035 0.655062
vt 0.553992 0.651175
vt 0.559508 0.649015
vt 0.560443 0.656658
vt 0.554345 0.659088
vt 0.572003 0.634866
vt 0.569123 0.632937
vt 0.574323 0.636997
vt 0.690114 0.643318
vt 0.693009 0.641418
vt 0.687193 0.645556
vt 0.702066 0.644964
vt 0.698629 0.642674
vt 0.701486 0.635832
vt 0.704976 0.633456
vt 0.698187 0.638052
vt 0.566162 0.630557
vt 0.563280 0.627564
vt 0.574717 0.642786
vt 0.576587 0.645517
vt 0.572785 0.646412
vt 0.573502 0.649662
vt 0.571592 0.650911
vt 0.689588 0.654404
vt 0.694343 0.656011
vt 0.689184 0.652341
vt 0.694256 0.654146
vt 0.683229 0.656326
vt 0.686250 0.656358
vt 0.688455 0.660593
vt 0.686437 0.660857
vt 0.690267 0.665020
vt 0.689514 0.665370
vt 0.700609 0.658645
vt 0.706214 0.661189
vt 0.700812 0.656837
vt 0.706400 0.659219
vt 0.711850 0.661476
vt 0.717671 0.663334
vt 0.717943 0.665072
vt 0.711775 0.663540
vt 0.707348 0.647665
vt 0.712188 0.649801
vt 0.721940 0.655449
vt 0.724006 0.658939
vt 0.717110 0.652084
vt 0.695494 0.639820
vt 0.680489 0.651957
vt 0.684597 0.653015
vt 0.683821 0.650465
vt 0.721654 0.664611
vt 0.720906 0.663695
vt 0.723367 0.662046
vt 0.723924 0.660531
vt 0.575295 0.639684
vt 0.579734 0.637555
vt 0.565640 0.643281
vt 0.570337 0.641484
vt 0.559341 0.645727
vt 0.553802 0.647811
vt 0.542000 0.651565
vt 0.548309 0.649778
vt 0.537063 0.652843
vt 0.534288 0.654363
vt 0.531332 0.656260
vt 0.726089 0.666347
vt 0.724095 0.664619
vt 0.728476 0.668595
vt 0.722698 0.663491
vt 0.721476 0.662762
vt 0.717859 0.661558
vt 0.712308 0.659469
vt 0.701406 0.655006
vt 0.706957 0.657292
vt 0.694892 0.652288
vt 0.689954 0.650284
vt 0.684868 0.647984
vt 0.577987 0.645814
vt 0.577533 0.645402
vt 0.573886 0.649447
vt 0.574026 0.649547
vt 0.682873 0.657218
vt 0.683033 0.656575
vt 0.686341 0.661070
vt 0.686174 0.661389
vt 0.689481 0.665568
vt 0.689428 0.665702
vt 0.679871 0.652080
vt 0.679679 0.652875
vt 0.681173 0.695859
vt 0.683180 0.697907
vt 0.680690 0.699556
vt 0.679365 0.697080
vt 0.677692 0.700629
vt 0.677184 0.697698
vt 0.682415 0.702765
vt 0.678194 0.704159
vt 0.685782 0.700143
vt 0.656878 0.666490
vt 0.658932 0.670046
vt 0.655720 0.672274
vt 0.654380 0.670064
vt 0.659233 0.663471
vt 0.661740 0.667950
vt 0.669603 0.694377
vt 0.673088 0.697316
vt 0.671968 0.700028
vt 0.667412 0.696692
vt 0.670373 0.703188
vt 0.664548 0.699085
vt 0.673059 0.664527
vt 0.672489 0.658486
vt 0.675544 0.659704
vt 0.675593 0.665391
vt 0.670303 0.664173
vt 0.668964 0.658119
vt 0.679436 0.690335
vt 0.679083 0.693470
vt 0.677993 0.693817
vt 0.677597 0.690068
vt 0.676527 0.694148
vt 0.675699 0.690165
vt 0.570861 0.656127
vt 0.572308 0.653487
vt 0.576850 0.653183
vt 0.575035 0.656536
vt 0.580858 0.651849
vt 0.579009 0.656127
vt 0.562050 0.686542
vt 0.560275 0.680356
vt 0.564133 0.679193
vt 0.564779 0.684472
vt 0.567616 0.678497
vt 0.566851 0.683042
vt 0.584534 0.650661
vt 0.582592 0.655523
vt 0.587924 0.650371
vt 0.585692 0.655446
vt 0.568671 0.683797
vt 0.570709 0.678763
vt 0.573511 0.679779
vt 0.570942 0.684734
vt 0.567661 0.691293
vt 0.564444 0.689215
vt 0.566825 0.686422
vt 0.569424 0.687746
vt 0.685990 0.693215
vt 0.689611 0.694252
vt 0.683185 0.691845
vt 0.687919 0.669508
vt 0.684030 0.668976
vt 0.684082 0.665832
vt 0.687936 0.667471
vt 0.680485 0.667840
vt 0.680582 0.663747
vt 0.579126 0.686656
vt 0.574382 0.689026
vt 0.574362 0.686628
vt 0.577565 0.683616
vt 0.580642 0.690245
vt 0.574395 0.692520
vt 0.595463 0.655917
vt 0.593177 0.660634
vt 0.590387 0.658318
vt 0.592887 0.653309
vt 0.598409 0.659062
vt 0.596247 0.663128
vt 0.658448 0.684278
vt 0.657423 0.677879
vt 0.660858 0.676669
vt 0.662019 0.683192
vt 0.663868 0.675256
vt 0.665124 0.681706
vt 0.675417 0.678240
vt 0.674253 0.672165
vt 0.676502 0.672562
vt 0.677608 0.678427
vt 0.673201 0.678356
vt 0.671919 0.672103
vt 0.564816 0.665884
vt 0.568071 0.660672
vt 0.572031 0.661473
vt 0.568962 0.666489
vt 0.575909 0.661720
vt 0.572957 0.666736
vt 0.579432 0.661863
vt 0.576498 0.667177
vt 0.582459 0.662403
vt 0.579598 0.668085
vt 0.683392 0.685226
vt 0.686849 0.685883
vt 0.690689 0.685894
vt 0.581872 0.677522
vt 0.584312 0.680476
vt 0.586842 0.683611
vt 0.666512 0.687941
vt 0.663661 0.689677
vt 0.660219 0.691095
vt 0.678745 0.684184
vt 0.676585 0.684045
vt 0.674419 0.684228
vt 0.561849 0.672169
vt 0.566085 0.672078
vt 0.570102 0.671989
vt 0.573631 0.672450
vt 0.576797 0.673551
vt 0.682390 0.679363
vt 0.681242 0.673746
vt 0.684819 0.674131
vt 0.686010 0.679693
vt 0.688601 0.673835
vt 0.689869 0.679262
vt 0.587375 0.674450
vt 0.590045 0.667957
vt 0.593126 0.670226
vt 0.590388 0.677083
vt 0.584621 0.671791
vt 0.587218 0.665699
vt 0.586214 0.645729
vt 0.590114 0.645894
vt 0.582219 0.646851
vt 0.675948 0.653922
vt 0.672005 0.652571
vt 0.667521 0.652484
vt 0.677913 0.661612
vt 0.677821 0.666580
vt 0.681562 0.659710
vt 0.684961 0.662918
vt 0.688606 0.666086
vt 0.578135 0.649173
vt 0.573525 0.651048
vt 0.598396 0.651885
vt 0.600123 0.655702
vt 0.595880 0.648974
vt 0.662947 0.659757
vt 0.665471 0.665234
vt 0.663759 0.666357
vt 0.661118 0.661256
vt 0.654392 0.664667
vt 0.656032 0.660328
vt 0.652840 0.669393
vt 0.667760 0.673133
vt 0.669179 0.679454
vt 0.667360 0.680443
vt 0.666026 0.674063
vt 0.668668 0.686535
vt 0.671130 0.692702
vt 0.670483 0.685446
vt 0.672465 0.691527
vt 0.679747 0.678872
vt 0.678620 0.673158
vt 0.681128 0.690905
vt 0.679882 0.694398
vt 0.680851 0.684625
vt 0.678741 0.656563
vt 0.657742 0.657224
vt 0.659878 0.655107
vt 0.673732 0.695494
vt 0.674075 0.694360
vt 0.676825 0.695695
vt 0.678493 0.695278
vt 0.593220 0.647037
vt 0.595159 0.643842
vt 0.588076 0.656466
vt 0.590561 0.651365
vt 0.582147 0.669638
vt 0.584835 0.663738
vt 0.575750 0.681410
vt 0.579465 0.675234
vt 0.572892 0.685731
vt 0.571904 0.688721
vt 0.571077 0.692352
vt 0.674683 0.700695
vt 0.674077 0.704184
vt 0.675054 0.697823
vt 0.675222 0.695844
vt 0.675133 0.694331
vt 0.673967 0.690668
vt 0.672388 0.684700
vt 0.671109 0.678765
vt 0.669714 0.672455
vt 0.667674 0.664465
vt 0.665589 0.658611
vt 0.663288 0.653495
vt 0.723426 0.613541
vt 0.724576 0.612969
vt 0.724932 0.614388
vt 0.723357 0.614603
vt 0.724819 0.616010
vt 0.723176 0.615970
vt 0.726824 0.613923
vt 0.726794 0.616076
vt 0.726301 0.612029
vt 0.695917 0.619893
vt 0.700084 0.619342
vt 0.701266 0.621628
vt 0.697732 0.622345
vt 0.703002 0.623981
vt 0.700195 0.624608
vt 0.719957 0.619292
vt 0.722725 0.618431
vt 0.723734 0.619129
vt 0.720778 0.621079
vt 0.725276 0.620247
vt 0.721992 0.622923
vt 0.700195 0.614258
vt 0.695701 0.613686
vt 0.696990 0.610393
vt 0.701135 0.611509
vt 0.698813 0.607452
vt 0.702530 0.608977
vt 0.719827 0.615896
vt 0.720199 0.614159
vt 0.720950 0.612508
vt 0.586117 0.604546
vt 0.589039 0.606344
vt 0.587771 0.610520
vt 0.584454 0.607941
vt 0.586241 0.614283
vt 0.582778 0.611250
vt 0.566416 0.591536
vt 0.571606 0.591816
vt 0.571300 0.595099
vt 0.567341 0.594361
vt 0.570599 0.598020
vt 0.567762 0.596349
vt 0.580935 0.613823
vt 0.583937 0.616902
vt 0.581017 0.618779
vt 0.578660 0.615793
vt 0.569239 0.600317
vt 0.566657 0.597500
vt 0.567368 0.602289
vt 0.565003 0.599013
vt 0.563125 0.596815
vt 0.565201 0.595239
vt 0.563619 0.592606
vt 0.560980 0.594508
vt 0.722179 0.610876
vt 0.723826 0.609242
vt 0.704451 0.606608
vt 0.701071 0.604746
vt 0.703643 0.602080
vt 0.706647 0.604149
vt 0.560018 0.605537
vt 0.559987 0.601001
vt 0.561898 0.601613
vt 0.562888 0.605023
vt 0.556914 0.605627
vt 0.557332 0.600018
vt 0.573172 0.618030
vt 0.574877 0.620641
vt 0.571515 0.621358
vt 0.570122 0.619268
vt 0.568273 0.622041
vt 0.567306 0.620617
vt 0.712420 0.624058
vt 0.709204 0.623849
vt 0.708034 0.621456
vt 0.711212 0.621634
vt 0.707270 0.619298
vt 0.710409 0.619443
vt 0.708975 0.610571
vt 0.711825 0.611031
vt 0.710951 0.613156
vt 0.707983 0.612765
vt 0.710473 0.615320
vt 0.707389 0.615039
vt 0.578532 0.601164
vt 0.580417 0.603399
vt 0.578729 0.606449
vt 0.576986 0.604328
vt 0.580299 0.598173
vt 0.582317 0.600550
vt 0.575212 0.606939
vt 0.576910 0.609009
vt 0.574774 0.611046
vt 0.573038 0.609029
vt 0.718921 0.609776
vt 0.720701 0.607660
vt 0.717536 0.611810
vt 0.561281 0.608639
vt 0.558144 0.609447
vt 0.564395 0.607790
vt 0.717264 0.621717
vt 0.718507 0.623940
vt 0.716433 0.619599
vt 0.716734 0.613770
vt 0.716331 0.615747
vt 0.573174 0.600218
vt 0.574322 0.597010
vt 0.575406 0.593700
vt 0.571624 0.602826
vt 0.569569 0.604986
vt 0.710512 0.608327
vt 0.713299 0.608814
vt 0.712324 0.605905
vt 0.715112 0.606409
vt 0.564480 0.613085
vt 0.566428 0.615210
vt 0.563861 0.616966
vt 0.561700 0.614672
vt 0.567554 0.611808
vt 0.569362 0.613742
vt 0.591474 0.618205
vt 0.591421 0.622624
vt 0.588034 0.623707
vt 0.587463 0.620850
vt 0.584300 0.624597
vt 0.583555 0.622516
vt 0.588196 0.626654
vt 0.584626 0.626596
vt 0.591432 0.626116
vt 0.689608 0.612931
vt 0.686292 0.612488
vt 0.688588 0.607630
vt 0.691500 0.608652
vt 0.692049 0.603631
vt 0.694291 0.605059
vt 0.685701 0.606456
vt 0.690106 0.602142
vt 0.682637 0.611732
vt 0.695776 0.600297
vt 0.697444 0.602003
vt 0.699624 0.597301
vt 0.700831 0.599105
vt 0.694477 0.598575
vt 0.698813 0.595486
vt 0.593005 0.608008
vt 0.595169 0.608805
vt 0.594822 0.613896
vt 0.592406 0.612983
vt 0.594592 0.618429
vt 0.597127 0.614580
vt 0.597054 0.618814
vt 0.597100 0.609632
vt 0.580613 0.625855
vt 0.580407 0.624591
vt 0.579852 0.623149
vt 0.578024 0.619906
vt 0.576058 0.617029
vt 0.572218 0.612495
vt 0.570454 0.610570
vt 0.567129 0.606629
vt 0.565241 0.603893
vt 0.563292 0.600524
vt 0.561270 0.598769
vt 0.558767 0.597073
vt 0.724493 0.617671
vt 0.726298 0.618279
vt 0.722926 0.617343
vt 0.719712 0.617608
vt 0.716175 0.617678
vt 0.707104 0.617226
vt 0.710230 0.617409
vt 0.699791 0.616921
vt 0.695297 0.616973
vt 0.686392 0.617765
vt 0.682684 0.617519
vt 0.689530 0.617481
vt 0.582226 0.605554
vt 0.584086 0.602616
vt 0.580489 0.608607
vt 0.706009 0.609960
vt 0.707672 0.607684
vt 0.709591 0.605284
vt 0.568293 0.617127
vt 0.571191 0.615652
vt 0.565713 0.618818
vt 0.706190 0.623767
vt 0.704883 0.621403
vt 0.704035 0.619228
vt 0.704190 0.614713
vt 0.704892 0.612270
vt 0.703858 0.617059
vt 0.573978 0.614446
vt 0.576483 0.613084
vt 0.578628 0.611115
vt 0.559688 0.612096
vt 0.562702 0.610857
vt 0.565863 0.609805
vt 0.713484 0.619579
vt 0.714331 0.621766
vt 0.715590 0.624137
vt 0.576478 0.598952
vt 0.575112 0.602200
vt 0.577976 0.595765
vt 0.716137 0.609250
vt 0.717961 0.606935
vt 0.714698 0.611418
vt 0.713475 0.615560
vt 0.713887 0.613482
vt 0.713275 0.617576
vt 0.568735 0.608615
vt 0.571291 0.606997
vt 0.573443 0.604857
vt 0.584252 0.634255
vt 0.567582 0.624835
vt 0.571404 0.626231
vt 0.575350 0.627340
vt 0.571848 0.625435
vt 0.575864 0.626409
vt 0.568030 0.624350
vt 0.691097 0.631827
vt 0.695132 0.631275
vt 0.690857 0.630062
vt 0.695198 0.630011
vt 0.664706 0.640792
vt 0.668539 0.640248
vt 0.672058 0.639327
vt 0.660775 0.642198
vt 0.656772 0.642540
vt 0.674782 0.636747
vt 0.653110 0.639810
vt 0.579875 0.627991
vt 0.579082 0.629043
vt 0.582800 0.630993
vt 0.583975 0.629678
vt 0.586542 0.632567
vt 0.588172 0.630837
vt 0.602924 0.640328
vt 0.600601 0.641616
vt 0.597886 0.639836
vt 0.599756 0.638019
vt 0.598665 0.610496
vt 0.599178 0.615010
vt 0.599321 0.619080
vt 0.688535 0.600484
vt 0.693576 0.596832
vt 0.698408 0.593693
vt 0.682817 0.604984
vt 0.678454 0.610398
vt 0.659119 0.609461
vt 0.665942 0.608294
vt 0.666509 0.614320
vt 0.660191 0.614311
vt 0.667267 0.619408
vt 0.672519 0.614788
vt 0.673387 0.620210
vt 0.642293 0.610930
vt 0.651635 0.610079
vt 0.653240 0.614382
vt 0.646448 0.615246
vt 0.645958 0.625554
vt 0.644521 0.620905
vt 0.616335 0.619817
vt 0.621308 0.618092
vt 0.626589 0.616622
vt 0.621271 0.614105
vt 0.626928 0.612706
vt 0.616260 0.615636
vt 0.597095 0.628868
vt 0.599376 0.629785
vt 0.602262 0.626812
vt 0.599851 0.626186
vt 0.584552 0.628254
vt 0.588481 0.628950
vt 0.592179 0.628725
vt 0.674188 0.625115
vt 0.668038 0.624336
vt 0.679159 0.621696
vt 0.677965 0.616210
vt 0.658061 0.604604
vt 0.650080 0.605798
vt 0.640978 0.607132
vt 0.665889 0.602224
vt 0.641599 0.617334
vt 0.637388 0.615405
vt 0.627437 0.609132
vt 0.620548 0.609006
vt 0.615440 0.611456
vt 0.611373 0.621682
vt 0.611438 0.617329
vt 0.606728 0.622918
vt 0.610835 0.612715
vt 0.601186 0.622862
vt 0.603557 0.623159
vt 0.576234 0.625591
vt 0.580414 0.626955
vt 0.572151 0.624739
vt 0.568346 0.623927
vt 0.690736 0.628083
vt 0.685598 0.627160
vt 0.695423 0.628716
vt 0.680082 0.626125
vt 0.594230 0.622040
vt 0.594224 0.625058
vt 0.596634 0.621943
vt 0.596190 0.624081
vt 0.595354 0.627285
vt 0.597654 0.625083
vt 0.598874 0.622367
vt 0.633618 0.611370
vt 0.632045 0.615439
vt 0.704682 0.585990
vt 0.703563 0.588584
vt 0.709078 0.585638
vt 0.708166 0.587583
vt 0.708037 0.589579
vt 0.703218 0.591190
vt 0.703218 0.592828
vt 0.707886 0.590901
vt 0.703633 0.594558
vt 0.704439 0.596321
vt 0.708042 0.592358
vt 0.708521 0.593925
vt 0.706388 0.599421
vt 0.709546 0.597006
vt 0.708708 0.601726
vt 0.710804 0.599228
vt 0.711327 0.602836
vt 0.712705 0.600247
vt 0.713977 0.603372
vt 0.715106 0.600662
vt 0.716861 0.603868
vt 0.718031 0.601060
vt 0.719809 0.604515
vt 0.721173 0.601799
vt 0.722570 0.605460
vt 0.724132 0.603004
vt 0.725687 0.607439
vt 0.727587 0.605240
vt 0.728352 0.610945
vt 0.730632 0.609521
vt 0.731611 0.612632
vt 0.729031 0.613362
vt 0.729107 0.616159
vt 0.731798 0.616219
vt 0.729128 0.623053
vt 0.727095 0.621501
vt 0.728380 0.618989
vt 0.730963 0.619890
vt 0.723329 0.624851
vt 0.724792 0.627046
vt 0.721060 0.628598
vt 0.719846 0.626198
vt 0.716949 0.626595
vt 0.718037 0.629247
vt 0.713736 0.626638
vt 0.714729 0.629398
vt 0.710506 0.626431
vt 0.711511 0.629217
vt 0.708876 0.629029
vt 0.707663 0.626289
vt 0.706547 0.628988
vt 0.704877 0.626388
vt 0.704963 0.629093
vt 0.702679 0.626787
vt 0.701025 0.627489
vt 0.703998 0.629209
vt 0.703517 0.629427
vt 0.699979 0.628418
vt 0.700444 0.627909
vt 0.703728 0.629299
vt 0.703259 0.629962
vt 0.699358 0.629877
vt 0.699604 0.629081
vt 0.703348 0.629645
vt 0.699264 0.630754
vt 0.703276 0.630375
vt 0.633407 0.608123
vt 0.953574 0.295282
vt 0.958224 0.288512
vt 0.961549 0.291383
vt 0.957293 0.297607
vt 0.963795 0.282580
vt 0.966595 0.285910
vt 0.973823 0.280227
vt 0.971353 0.276686
vt 0.981373 0.275752
vt 0.978793 0.272098
vt 0.978820 0.387666
vt 0.970059 0.381379
vt 0.972387 0.377675
vt 0.981294 0.384032
vt 0.963488 0.375853
vt 0.966257 0.372440
vt 0.958136 0.369946
vt 0.961455 0.367019
vt 0.953719 0.363331
vt 0.957498 0.361033
vt 0.954612 0.354246
vt 0.950315 0.355835
vt 0.952460 0.346717
vt 0.948100 0.347531
vt 0.946625 0.338585
vt 0.951050 0.338342
vt 0.945868 0.329093
vt 0.950304 0.329240
vt 0.950579 0.320064
vt 0.946189 0.319543
vt 0.951833 0.311858
vt 0.947563 0.310792
vt 0.950013 0.302730
vt 0.954057 0.304438
vt 0.477015 0.073694
vt 0.476593 0.067927
vt 0.493414 0.068258
vt 0.493031 0.075580
vt 0.476850 0.079373
vt 0.492623 0.082828
vt 0.490475 0.091008
vt 0.475952 0.086505
vt 0.487150 0.098307
vt 0.474316 0.093688
vt 0.304027 0.305205
vt 0.302746 0.295600
vt 0.318527 0.296538
vt 0.319757 0.304579
vt 0.305074 0.312492
vt 0.320790 0.312153
vt 0.305634 0.319158
vt 0.321278 0.318849
vt 0.305542 0.325851
vt 0.320669 0.325485
vt 0.320169 0.332248
vt 0.304931 0.332743
vt 0.320120 0.339342
vt 0.304024 0.340011
vt 0.303219 0.347800
vt 0.320489 0.346934
vt 0.302746 0.356081
vt 0.319744 0.354683
vt 0.491487 0.045038
vt 0.475301 0.049004
vt 0.474316 0.040961
vt 0.489394 0.038063
vt 0.493557 0.053084
vt 0.476136 0.055881
vt 0.476559 0.062044
vt 0.493457 0.060740
vt 0.172777 0.861270
vt 0.169166 0.868302
vt 0.177160 0.854951
vt 0.183464 0.848518
vt 0.189946 0.843066
vt 0.885507 0.737636
vt 0.893033 0.744672
vt 0.880440 0.731683
vt 0.876103 0.725980
vt 0.872279 0.720116
vt 0.868937 0.713792
vt 0.866675 0.706439
vt 0.865824 0.697964
vt 0.866362 0.688819
vt 0.164110 0.893296
vt 0.165009 0.902532
vt 0.164713 0.884398
vt 0.166493 0.876042
vt 0.857854 0.151809
vt 0.862110 0.158033
vt 0.859241 0.159617
vt 0.855192 0.153466
vt 0.852808 0.146335
vt 0.850368 0.147960
vt 0.843729 0.142551
vt 0.845581 0.140653
vt 0.837015 0.138533
vt 0.838031 0.136178
vt 0.847016 0.238099
vt 0.838109 0.244456
vt 0.837015 0.242138
vt 0.844906 0.236459
vt 0.853147 0.232864
vt 0.850605 0.231330
vt 0.857948 0.227443
vt 0.855172 0.225869
vt 0.861905 0.221457
vt 0.858941 0.219859
vt 0.861967 0.213201
vt 0.864791 0.214670
vt 0.864230 0.205892
vt 0.866943 0.207141
vt 0.868353 0.198767
vt 0.865705 0.197987
vt 0.869099 0.189665
vt 0.866464 0.189619
vt 0.866135 0.181187
vt 0.868824 0.180489
vt 0.864811 0.173417
vt 0.867571 0.172283
vt 0.865346 0.164863
vt 0.862515 0.166234
vt 0.964211 0.293041
vt 0.960162 0.299191
vt 0.956888 0.305809
vt 0.954592 0.312992
vt 0.953269 0.320763
vt 0.952940 0.329195
vt 0.953698 0.337563
vt 0.955173 0.345467
vt 0.957436 0.352777
vt 0.960462 0.359435
vt 0.964232 0.365445
vt 0.968798 0.370906
vt 0.974497 0.376035
vt 0.982388 0.381714
vt 0.982388 0.278108
vt 0.975674 0.282125
vt 0.969035 0.287534
vt 0.861180 0.148937
vt 0.865829 0.155707
vt 0.869390 0.163155
vt 0.871840 0.171217
vt 0.873215 0.179968
vt 0.873535 0.189517
vt 0.872778 0.199009
vt 0.871304 0.207956
vt 0.869089 0.216260
vt 0.865684 0.223755
vt 0.861267 0.230370
vt 0.855915 0.236277
vt 0.849344 0.241803
vt 0.840584 0.248090
vt 0.840611 0.132524
vt 0.848051 0.137111
vt 0.855608 0.143005
vt 0.274946 0.602658
vt 0.288358 0.598162
vt 0.260848 0.602460
vt 0.282872 0.532728
vt 0.247719 0.537663
vt 0.264826 0.532037
vt 0.287600 0.580850
vt 0.293475 0.564387
vt 0.246728 0.570910
vt 0.256895 0.585159
vt 0.272982 0.588313
vt 0.285264 0.550748
vt 0.250898 0.555546
vt 0.267277 0.547394
vt 0.424298 0.504194
vt 0.423590 0.517659
vt 0.417029 0.514523
vt 0.431024 0.504028
vt 0.430931 0.519430
vt 0.422407 0.491266
vt 0.429781 0.489810
vt 0.417826 0.529406
vt 0.411991 0.526135
vt 0.424579 0.531042
vt 0.418884 0.479201
vt 0.425529 0.479328
vt 0.411540 0.537633
vt 0.406033 0.533436
vt 0.416215 0.543059
vt 0.416951 0.469658
vt 0.423450 0.466934
vt 0.401874 0.544854
vt 0.398078 0.538801
vt 0.403860 0.552349
vt 0.412521 0.458802
vt 0.417755 0.453125
vt 0.283905 0.552477
vt 0.267575 0.549533
vt 0.252678 0.556837
vt 0.291312 0.564634
vt 0.248876 0.570558
vt 0.285884 0.579557
vt 0.258188 0.583439
vt 0.272684 0.586176
vt 0.609083 0.112126
vt 0.613052 0.103671
vt 0.620706 0.104201
vt 0.616391 0.114215
vt 0.610725 0.095623
vt 0.618820 0.094034
vt 0.608865 0.088178
vt 0.617728 0.086760
vt 0.608851 0.074495
vt 0.618312 0.074408
vt 0.608555 0.063825
vt 0.617624 0.063925
vt 0.606524 0.052707
vt 0.614167 0.052168
vt 0.609311 0.047458
vt 0.617316 0.046693
vt 0.609095 0.039830
vt 0.615593 0.039228
vt 0.606738 0.034613
vt 0.611418 0.031575
vt 0.628465 0.105194
vt 0.623330 0.116310
vt 0.627768 0.094099
vt 0.626923 0.085914
vt 0.626568 0.075104
vt 0.626039 0.064046
vt 0.623164 0.052067
vt 0.624440 0.045376
vt 0.621433 0.037436
vt 0.616266 0.029051
vt 0.605581 0.103260
vt 0.602994 0.098189
vt 0.599854 0.089882
vt 0.596528 0.101431
vt 0.591813 0.092267
vt 0.599876 0.074724
vt 0.590657 0.074403
vt 0.599521 0.064045
vt 0.590614 0.064408
vt 0.589405 0.051165
vt 0.580980 0.063713
vt 0.580617 0.048820
vt 0.581503 0.074553
vt 0.584840 0.094611
vt 0.591518 0.104123
vt 0.602219 0.118778
vt 0.609751 0.122890
vt 0.617545 0.125747
vt 0.597607 0.052392
vt 0.593415 0.043675
vt 0.601139 0.046491
vt 0.602764 0.040138
vt 0.596960 0.033982
vt 0.605720 0.024452
vt 0.611567 0.021968
vt 0.586190 0.039242
vt 0.594980 0.025087
vt 0.600135 0.018137
vt 0.608895 0.014252
vt 0.600372 0.107226
vt 0.596537 0.111886
vt 0.628592 0.118433
vt 0.623101 0.127905
vt 0.643740 0.134266
vt 0.647450 0.127284
vt 0.654677 0.132173
vt 0.650240 0.139048
vt 0.634575 0.106903
vt 0.651951 0.116836
vt 0.659356 0.121952
vt 0.638186 0.024932
vt 0.633191 0.014924
vt 0.640406 0.010750
vt 0.645715 0.020328
vt 0.630177 0.007994
vt 0.636403 0.004313
vt 0.616270 0.012440
vt 0.617488 0.019722
vt 0.621928 0.027520
vt 0.626941 0.036129
vt 0.650061 0.029265
vt 0.643059 0.034592
vt 0.635110 0.094861
vt 0.655366 0.107569
vt 0.661532 0.113091
vt 0.634199 0.064427
vt 0.634141 0.076091
vt 0.630870 0.051511
vt 0.630885 0.043997
vt 0.634061 0.086499
vt 0.650840 0.057168
vt 0.651326 0.067721
vt 0.643203 0.065876
vt 0.641480 0.053217
vt 0.652269 0.077191
vt 0.643325 0.076826
vt 0.634621 0.120663
vt 0.640501 0.123100
vt 0.637565 0.130614
vt 0.630721 0.129131
vt 0.640137 0.108843
vt 0.645056 0.111941
vt 0.649040 0.101561
vt 0.642422 0.097078
vt 0.634951 0.036007
vt 0.630187 0.026618
vt 0.625632 0.017619
vt 0.624001 0.010567
vt 0.649772 0.045944
vt 0.639870 0.044765
vt 0.643404 0.086981
vt 0.652724 0.088892
vt 0.658438 0.098971
vt 0.664724 0.105411
vt 0.643028 0.000000
vt 0.647135 0.006202
vt 0.652502 0.015204
vt 0.656239 0.023997
vt 0.655185 0.038346
vt 0.659800 0.031870
vt 0.973692 0.221393
vt 0.976737 0.213360
vt 0.981553 0.215597
vt 0.979200 0.223593
vt 0.987028 0.216593
vt 0.985076 0.224863
vt 0.976782 0.232088
vt 0.970513 0.229720
vt 0.983447 0.233309
vt 0.967252 0.237276
vt 0.974535 0.239845
vt 0.982371 0.240270
vt 0.981970 0.252592
vt 0.970854 0.254023
vt 0.972400 0.247625
vt 0.981828 0.247276
vt 0.968506 0.270063
vt 0.960363 0.269906
vt 0.961595 0.261273
vt 0.969436 0.262312
vt 0.962343 0.251618
vt 0.964236 0.244907
vt 0.981566 0.258950
vt 0.981040 0.265315
vt 0.968323 0.218842
vt 0.972639 0.211826
vt 0.964513 0.226582
vt 0.960477 0.233102
vt 0.956183 0.239473
vt 0.953128 0.244259
vt 0.950841 0.250051
vt 0.949007 0.256031
vt 0.999236 0.270314
vt 0.987639 0.272822
vt 0.999508 0.264221
vt 0.999401 0.257114
vt 0.994229 0.251810
vt 0.991478 0.247197
vt 0.998933 0.251075
vt 0.989957 0.234590
vt 0.989986 0.241039
vt 0.996977 0.235777
vt 0.997447 0.243419
vt 0.991137 0.226590
vt 0.998714 0.228003
vt 0.991925 0.217871
vt 0.999613 0.220071
vt 0.938793 0.258057
vt 0.935238 0.252841
vt 0.935596 0.246210
vt 0.937996 0.240332
vt 0.943178 0.235792
vt 0.948222 0.233500
vt 0.954013 0.228550
vt 0.958630 0.222367
vt 0.962460 0.215403
vt 0.966873 0.208565
vt 0.990080 0.207478
vt 0.984990 0.205188
vt 0.989783 0.190852
vt 0.994606 0.194145
vt 0.934602 0.294174
vt 0.925937 0.293406
vt 0.926120 0.286546
vt 0.934848 0.287244
vt 0.914952 0.284599
vt 0.914818 0.292304
vt 0.894730 0.283897
vt 0.905019 0.283962
vt 0.904739 0.291334
vt 0.895112 0.290872
vt 0.979427 0.203107
vt 0.984482 0.190554
vt 0.934031 0.300486
vt 0.925516 0.299830
vt 0.914060 0.299853
vt 0.903991 0.298844
vt 0.894623 0.298007
vt 0.895709 0.269004
vt 0.895080 0.261261
vt 0.894953 0.276684
vt 0.894074 0.305189
vt 0.893351 0.313643
vt 0.892081 0.322517
vt 0.905300 0.276069
vt 0.904785 0.268187
vt 0.903850 0.260317
vt 0.902144 0.316170
vt 0.900809 0.325642
vt 0.903215 0.307042
vt 0.913277 0.259125
vt 0.914446 0.267545
vt 0.915094 0.276258
vt 0.923793 0.257985
vt 0.925247 0.267286
vt 0.925773 0.276015
vt 0.934524 0.278926
vt 0.998217 0.200368
vt 0.999268 0.209963
vt 0.933339 0.268236
vt 0.931205 0.257907
vt 0.911753 0.317835
vt 0.909983 0.327170
vt 0.913052 0.308360
vt 0.922743 0.318797
vt 0.921527 0.328697
vt 0.923789 0.309640
vt 0.933252 0.307894
vt 0.931223 0.318953
vt 0.929554 0.329641
vt 0.971530 0.199266
vt 0.978395 0.192173
vt 0.547750 0.112127
vt 0.540442 0.114216
vt 0.536128 0.104202
vt 0.543782 0.103672
vt 0.546110 0.095624
vt 0.538015 0.094034
vt 0.539108 0.086760
vt 0.547970 0.088179
vt 0.538524 0.074408
vt 0.547985 0.074496
vt 0.539212 0.063925
vt 0.548282 0.063825
vt 0.542670 0.052168
vt 0.550312 0.052707
vt 0.539521 0.046692
vt 0.547525 0.047458
vt 0.541244 0.039228
vt 0.547742 0.039829
vt 0.545418 0.031575
vt 0.550098 0.034612
vt 0.528368 0.105194
vt 0.533502 0.116311
vt 0.529067 0.094099
vt 0.529912 0.085914
vt 0.530268 0.075104
vt 0.530798 0.064046
vt 0.533672 0.052066
vt 0.532397 0.045375
vt 0.535404 0.037436
vt 0.540571 0.029050
vt 0.553840 0.098191
vt 0.551253 0.103262
vt 0.556981 0.089884
vt 0.565022 0.092270
vt 0.560306 0.101434
vt 0.556960 0.074725
vt 0.566179 0.074405
vt 0.557315 0.064046
vt 0.566222 0.064409
vt 0.567431 0.051166
vt 0.576220 0.048822
vt 0.575856 0.063715
vt 0.575332 0.074555
vt 0.571995 0.094614
vt 0.565316 0.104126
vt 0.554613 0.118781
vt 0.547081 0.122892
vt 0.539286 0.125748
vt 0.559229 0.052393
vt 0.555698 0.046491
vt 0.563422 0.043675
vt 0.554072 0.040138
vt 0.551116 0.024451
vt 0.559877 0.033982
vt 0.545269 0.021967
vt 0.570646 0.039243
vt 0.561857 0.025087
vt 0.556702 0.018137
vt 0.547942 0.014251
vt 0.556462 0.107228
vt 0.560296 0.111889
vt 0.528240 0.118434
vt 0.533730 0.127906
vt 0.526110 0.129131
vt 0.522211 0.120663
vt 0.513090 0.134264
vt 0.506588 0.139045
vt 0.502153 0.132170
vt 0.509381 0.127282
vt 0.522259 0.106902
vt 0.516697 0.108843
vt 0.497476 0.121949
vt 0.504881 0.116834
vt 0.518650 0.024931
vt 0.511120 0.020328
vt 0.516428 0.010750
vt 0.523645 0.014922
vt 0.520430 0.004312
vt 0.526657 0.007992
vt 0.531204 0.017617
vt 0.532834 0.010565
vt 0.540566 0.012439
vt 0.539348 0.019721
vt 0.534908 0.027519
vt 0.526650 0.026617
vt 0.529896 0.036128
vt 0.521886 0.036006
vt 0.513777 0.034592
vt 0.506775 0.029265
vt 0.514412 0.097077
vt 0.521724 0.094861
vt 0.495301 0.113088
vt 0.501467 0.107567
vt 0.522638 0.064427
vt 0.522696 0.076090
vt 0.513511 0.076825
vt 0.513633 0.065875
vt 0.515357 0.053216
vt 0.525967 0.051510
vt 0.525952 0.043996
vt 0.516967 0.044764
vt 0.513432 0.086980
vt 0.522774 0.086499
vt 0.505997 0.057167
vt 0.505511 0.067720
vt 0.504567 0.077190
vt 0.519266 0.130614
vt 0.516330 0.123099
vt 0.511777 0.111940
vt 0.507794 0.101559
vt 0.507065 0.045943
vt 0.504111 0.088891
vt 0.498396 0.098968
vt 0.492110 0.105408
vt 0.509698 0.006203
vt 0.513804 0.000000
vt 0.504332 0.015205
vt 0.500596 0.023998
vt 0.501651 0.038345
vt 0.497035 0.031870
vt 0.583354 0.177385
vt 0.588862 0.175186
vt 0.591215 0.183181
vt 0.586399 0.185418
vt 0.594739 0.173915
vt 0.596690 0.182185
vt 0.580176 0.169058
vt 0.586444 0.166690
vt 0.593109 0.165469
vt 0.576914 0.161502
vt 0.584197 0.158933
vt 0.592033 0.158508
vt 0.582062 0.151153
vt 0.591490 0.151502
vt 0.578168 0.128715
vt 0.579098 0.136466
vt 0.571258 0.137505
vt 0.570025 0.128872
vt 0.572005 0.147160
vt 0.580517 0.144755
vt 0.573898 0.153872
vt 0.591228 0.139828
vt 0.591633 0.146186
vt 0.590703 0.133463
vt 0.582301 0.186952
vt 0.577985 0.179936
vt 0.574175 0.172196
vt 0.570139 0.165676
vt 0.565845 0.159305
vt 0.562790 0.154519
vt 0.560504 0.148727
vt 0.558669 0.142747
vt 0.608898 0.128465
vt 0.609590 0.134558
vt 0.597302 0.125956
vt 0.609483 0.141664
vt 0.603891 0.146968
vt 0.607109 0.155359
vt 0.599648 0.157739
vt 0.601140 0.151581
vt 0.608595 0.147703
vt 0.599619 0.164188
vt 0.606639 0.163001
vt 0.600799 0.172188
vt 0.608376 0.170775
vt 0.601587 0.180907
vt 0.609590 0.178707
vt 0.548456 0.140721
vt 0.545258 0.152568
vt 0.544900 0.145937
vt 0.547658 0.158446
vt 0.552840 0.162986
vt 0.557884 0.165278
vt 0.563675 0.170228
vt 0.568292 0.176411
vt 0.572122 0.183376
vt 0.576535 0.190213
vt 0.599742 0.191300
vt 0.594652 0.193590
vt 0.604269 0.204633
vt 0.599446 0.207926
vt 0.370994 0.322050
vt 0.371239 0.328980
vt 0.362511 0.329678
vt 0.362328 0.322818
vt 0.351343 0.331626
vt 0.351209 0.323921
vt 0.331121 0.332327
vt 0.331503 0.325352
vt 0.341130 0.324890
vt 0.341410 0.332263
vt 0.589089 0.195671
vt 0.594144 0.208224
vt 0.370422 0.315738
vt 0.361907 0.316394
vt 0.350452 0.316371
vt 0.331014 0.318217
vt 0.340382 0.317380
vt 0.332100 0.347220
vt 0.331471 0.354964
vt 0.331344 0.339541
vt 0.330465 0.311035
vt 0.329742 0.302582
vt 0.328472 0.293707
vt 0.341691 0.340155
vt 0.341177 0.348037
vt 0.340242 0.355908
vt 0.338535 0.300054
vt 0.337200 0.290582
vt 0.339606 0.309183
vt 0.349668 0.357099
vt 0.350837 0.348679
vt 0.351485 0.339966
vt 0.361638 0.348938
vt 0.360184 0.358239
vt 0.362164 0.340209
vt 0.370915 0.337298
vt 0.608930 0.188815
vt 0.607879 0.198410
vt 0.369730 0.347988
vt 0.367596 0.358317
vt 0.348144 0.298389
vt 0.346374 0.289054
vt 0.349443 0.307864
vt 0.357919 0.287527
vt 0.359135 0.297427
vt 0.360180 0.306585
vt 0.369643 0.308331
vt 0.367614 0.297271
vt 0.365945 0.286584
vt 0.581192 0.199512
vt 0.588057 0.206605
vt 0.093017 0.179629
vt 0.106657 0.173308
vt 0.113591 0.170352
vt 0.116862 0.168416
vt 0.059839 0.106090
vt 0.051626 0.088895
vt 0.461508 0.026352
vt 0.469605 0.049342
vt 0.470051 0.075834
vt 0.465840 0.101109
vt 0.039008 0.093161
vt 0.042488 0.105927
vt 0.184667 0.111941
vt 0.495408 0.585670
vt 0.492215 0.604698
vt 0.501773 0.545958
vt 0.496315 0.566386
vt 0.508396 0.531151
vt 0.514293 0.521847
vt 0.522195 0.512367
vt 0.535152 0.496514
vt 0.531781 0.486531
vt 0.519706 0.478761
vt 0.193574 0.350412
vt 0.530633 0.506838
vt 0.484699 0.768606
vt 0.476667 0.766814
vt 0.491870 0.770194
vt 0.503020 0.772701
vt 0.514244 0.775787
vt 0.524884 0.779107
vt 0.536839 0.782767
vt 0.396932 0.745223
vt 0.384879 0.742374
vt 0.409542 0.748309
vt 0.418459 0.750740
vt 0.426560 0.753315
vt 0.434916 0.755880
vt 0.443319 0.758323
vt 0.451697 0.760607
vt 0.460070 0.762633
vt 0.467869 0.764839
vt 0.393527 0.533365
vt 0.400547 0.527855
vt 0.406958 0.523243
vt 0.411639 0.514157
vt 0.129211 0.174509
vt 0.136278 0.173715
vt 0.136695 0.174846
vt 0.129172 0.175434
vt 0.122477 0.172133
vt 0.122424 0.172835
vt 0.142424 0.170033
vt 0.143278 0.171303
vt 0.146578 0.165686
vt 0.147823 0.166151
vt 0.148539 0.159269
vt 0.149932 0.159775
vt 0.148381 0.154097
vt 0.149815 0.153796
vt 0.146593 0.149068
vt 0.147766 0.148421
vt 0.143458 0.145504
vt 0.144139 0.144413
vt 0.139056 0.143412
vt 0.139176 0.142131
vt 0.133312 0.142954
vt 0.133206 0.141885
vt 0.127210 0.144121
vt 0.127790 0.145130
vt 0.122879 0.149227
vt 0.121960 0.148568
vt 0.118309 0.154653
vt 0.119368 0.155064
vt 0.118149 0.160950
vt 0.116898 0.161199
vt 0.118893 0.166885
vt 0.118181 0.167620
vt 0.235874 0.172828
vt 0.244267 0.172817
vt 0.244412 0.176356
vt 0.233834 0.176694
vt 0.224277 0.172957
vt 0.217713 0.165906
vt 0.222881 0.164174
vt 0.228117 0.169797
vt 0.220172 0.157648
vt 0.215658 0.158033
vt 0.216027 0.150639
vt 0.220343 0.150974
vt 0.222577 0.144986
vt 0.218749 0.143976
vt 0.224703 0.137595
vt 0.226584 0.140362
vt 0.231945 0.137230
vt 0.231658 0.133837
vt 0.239213 0.132721
vt 0.238265 0.136633
vt 0.244955 0.138530
vt 0.246792 0.135014
vt 0.254035 0.140088
vt 0.251041 0.143003
vt 0.255539 0.149278
vt 0.259391 0.147281
vt 0.261703 0.156057
vt 0.257509 0.156299
vt 0.253585 0.172303
vt 0.251716 0.169337
vt 0.257769 0.177419
vt 0.245887 0.182870
vt 0.233213 0.183158
vt 0.217867 0.179264
vt 0.211084 0.168010
vt 0.208311 0.159058
vt 0.209143 0.151029
vt 0.212915 0.141471
vt 0.221784 0.134320
vt 0.231770 0.126101
vt 0.241327 0.126152
vt 0.251561 0.127986
vt 0.259864 0.133544
vt 0.266559 0.142656
vt 0.268994 0.154283
vt 0.209989 0.135988
vt 0.218875 0.129247
vt 0.201433 0.146548
vt 0.201421 0.140343
vt 0.231633 0.114522
vt 0.236954 0.115755
vt 0.226422 0.122615
vt 0.230936 0.105930
vt 0.238889 0.104537
vt 0.225947 0.098577
vt 0.232800 0.090346
vt 0.212748 0.093667
vt 0.215054 0.084914
vt 0.197953 0.092688
vt 0.197750 0.082642
vt 0.192972 0.143537
vt 0.193235 0.148931
vt 0.226046 0.105964
vt 0.221726 0.101652
vt 0.225024 0.112457
vt 0.218234 0.110231
vt 0.219347 0.105794
vt 0.207616 0.108360
vt 0.205580 0.112838
vt 0.195184 0.111895
vt 0.195924 0.107584
vt 0.214805 0.115462
vt 0.221577 0.118965
vt 0.208180 0.130502
vt 0.199876 0.134935
vt 0.215285 0.124883
vt 0.204413 0.125668
vt 0.199636 0.122262
vt 0.202970 0.117640
vt 0.210225 0.120750
vt 0.192645 0.120682
vt 0.194135 0.116275
vt 0.198218 0.131159
vt 0.191792 0.133134
vt 0.192685 0.138015
vt 0.194790 0.126714
vt 0.191217 0.123881
vt 0.217529 0.066506
vt 0.238204 0.073152
vt 0.195167 0.071147
vt 0.189801 0.127918
vt 0.192770 0.127824
vt 0.190210 0.130234
vt 0.194394 0.130054
vt 0.192894 0.154612
vt 0.192713 0.161106
vt 0.200386 0.160014
vt 0.200757 0.152767
vt 0.205034 0.179834
vt 0.201290 0.169032
vt 0.194925 0.180054
vt 0.193381 0.169495
vt 0.252387 0.078837
vt 0.248059 0.092267
vt 0.257316 0.093908
vt 0.263730 0.083980
vt 0.274861 0.088318
vt 0.266300 0.102633
vt 0.291455 0.092419
vt 0.280609 0.109574
vt 0.251636 0.192824
vt 0.236911 0.194345
vt 0.222662 0.193122
vt 0.208692 0.192800
vt 0.197360 0.192825
vt 0.200771 0.208933
vt 0.275545 0.228156
vt 0.257598 0.229835
vt 0.245778 0.209701
vt 0.261700 0.208373
vt 0.214718 0.208880
vt 0.230100 0.209191
vt 0.239676 0.229691
vt 0.221987 0.229348
vt 0.204930 0.229391
vt 0.303366 0.183345
vt 0.319380 0.190296
vt 0.308061 0.208504
vt 0.292187 0.192333
vt 0.293372 0.221195
vt 0.277032 0.202783
vt 0.301364 0.165353
vt 0.321961 0.165992
vt 0.265949 0.186727
vt 0.278957 0.133868
vt 0.281648 0.150140
vt 0.248011 0.104268
vt 0.247415 0.115759
vt 0.269387 0.123235
vt 0.256517 0.117552
vt 0.323860 0.116794
vt 0.322380 0.139866
vt 0.300815 0.143551
vt 0.296845 0.118395
vt 0.742742 0.084528
vt 0.763371 0.082491
vt 0.766537 0.112545
vt 0.747453 0.108860
vt 0.809269 0.578623
vt 0.810604 0.595367
vt 0.790105 0.600984
vt 0.788592 0.585660
vt 0.799674 0.541242
vt 0.805668 0.560644
vt 0.784693 0.568401
vt 0.777698 0.551073
vt 0.783647 0.483512
vt 0.765176 0.473940
vt 0.763170 0.449365
vt 0.784011 0.453617
vt 0.774701 0.399371
vt 0.803912 0.405760
vt 0.793209 0.433691
vt 0.769941 0.421851
vt 0.766691 0.374380
vt 0.797469 0.371889
vt 0.754550 0.344721
vt 0.799089 0.336340
vt 0.759586 0.304634
vt 0.790993 0.300853
vt 0.750145 0.264525
vt 0.782922 0.260752
vt 0.774913 0.217979
vt 0.745674 0.219665
vt 0.743402 0.173835
vt 0.773147 0.171898
vt 0.770603 0.134853
vt 0.739468 0.146019
vt 0.365726 0.209581
vt 0.340230 0.198851
vt 0.345494 0.169453
vt 0.370681 0.171860
vt 0.809868 0.499840
vt 0.783901 0.510292
vt 0.799438 0.477089
vt 0.355875 0.241168
vt 0.329972 0.223943
vt 0.804741 0.460018
vt 0.345681 0.112147
vt 0.369403 0.106045
vt 0.371353 0.133188
vt 0.346462 0.138053
vt 0.821662 0.529945
vt 0.828249 0.551947
vt 0.335255 0.261657
vt 0.304989 0.280673
vt 0.290610 0.251402
vt 0.312453 0.240745
vt 0.273334 0.282783
vt 0.268652 0.254246
vt 0.251047 0.281901
vt 0.229873 0.281112
vt 0.228002 0.253799
vt 0.247693 0.254319
vt 0.210179 0.280342
vt 0.208600 0.253710
vt 0.842375 0.437495
vt 0.820510 0.449069
vt 0.282685 0.317334
vt 0.265678 0.314637
vt 0.246326 0.312312
vt 0.226367 0.310576
vt 0.209060 0.306297
vt 0.820493 0.394676
vt 0.842466 0.410468
vt 0.810956 0.369973
vt 0.820714 0.340451
vt 0.811489 0.296021
vt 0.822275 0.338863
vt 0.802690 0.257072
vt 0.278696 0.353075
vt 0.256544 0.347700
vt 0.237123 0.343340
vt 0.215630 0.338649
vt 0.206285 0.328150
vt 0.255477 0.388538
vt 0.239934 0.377180
vt 0.227167 0.369950
vt 0.212887 0.365322
vt 0.830604 0.287518
vt 0.850046 0.324626
vt 0.824268 0.253519
vt 0.230483 0.424208
vt 0.220728 0.400797
vt 0.214222 0.385946
vt 0.797310 0.213341
vt 0.793356 0.169765
vt 0.818315 0.166637
vt 0.821308 0.209224
vt 0.792937 0.133788
vt 0.814618 0.127941
vt 0.787314 0.081318
vt 0.789075 0.107367
vt 0.756340 0.050404
vt 0.786289 0.043580
vt 0.742922 0.010673
vt 0.771061 0.003338
vt 0.254826 0.011289
vt 0.291890 0.027455
vt 0.254174 0.051326
vt 0.224500 0.043688
vt 0.816245 0.082516
vt 0.814263 0.110003
vt 0.818335 0.052917
vt 0.796170 0.025541
vt 0.783003 0.003490
vt 0.818085 0.035073
vt 0.240658 0.003874
vt 0.214383 0.023520
vt 0.834763 0.594114
vt 0.832740 0.574021
vt 0.738019 0.056282
vt 0.732060 0.024188
vt 0.324936 0.064077
vt 0.336383 0.047401
vt 0.362695 0.055990
vt 0.341079 0.072617
vt 0.366093 0.079143
vt 0.345174 0.090104
vt 0.316100 0.035894
vt 0.306657 0.057425
vt 0.286352 0.055422
vt 0.264141 0.065051
vt 0.269460 0.074070
vt 0.282659 0.073356
vt 0.299407 0.075331
vt 0.803529 0.011309
vt 0.816319 0.013566
vt 0.795294 0.000000
vt 0.211052 0.014700
vt 0.225599 0.000000
vt 0.008958 0.032429
vt 0.017612 0.037588
vt 0.002565 0.049867
vt 0.000000 0.039415
vt 0.011969 0.020786
vt 0.019911 0.019571
vt 0.014158 0.006967
vt 0.007953 0.012707
vt 0.000000 0.007865
vt 0.002820 0.000000
vt 0.765704 0.502001
vt 0.755313 0.485681
vt 0.755482 0.519721
vt 0.768646 0.534032
vt 0.730386 0.509792
vt 0.750135 0.124983
vt 0.211163 0.099010
vt 0.197532 0.097927
vt 0.208930 0.104506
vt 0.196460 0.103991
vt 0.220430 0.103646
vt 0.209979 0.101837
vt 0.196936 0.101137
vt 0.751388 0.465079
vt 0.752462 0.445660
vt 0.750831 0.413674
vt 0.750028 0.397411
vt 0.750030 0.381032
vt 0.748193 0.372975
vt 0.747449 0.358852
vt 0.744721 0.349727
vt 0.742377 0.337783
vt 0.737752 0.315902
vt 0.734907 0.300552
vt 0.724087 0.231083
vt 0.725216 0.212274
vt 0.721947 0.171939
vt 0.720493 0.153771
vt 0.729457 0.276904
vt 0.727409 0.259819
vt 0.750246 0.473156
vt 0.866017 0.510050
vt 0.859592 0.494976
vt 0.856739 0.469271
vt 0.868444 0.496896
vt 0.896029 0.477238
vt 0.887724 0.488757
vt 0.868409 0.460732
vt 0.873438 0.447424
vt 0.714965 0.150053
vt 0.866996 0.371662
vt 0.890488 0.372873
vt 0.888593 0.382150
vt 0.895406 0.400784
vt 0.900191 0.420368
vt 0.876822 0.413590
vt 0.873433 0.393468
vt 0.903861 0.441230
vt 0.876803 0.428942
vt 0.903309 0.451221
vt 0.898574 0.467417
vt 0.725481 0.436052
vt 0.713678 0.421614
vt 0.718857 0.423580
vt 0.726276 0.434258
vt 0.700269 0.408623
vt 0.687514 0.399984
vt 0.695625 0.400837
vt 0.708046 0.411134
vt 0.672332 0.394037
vt 0.662146 0.390500
vt 0.673229 0.388913
vt 0.683565 0.393624
vt 0.651883 0.387727
vt 0.637681 0.385135
vt 0.651952 0.381661
vt 0.663307 0.385700
vt 0.624905 0.377804
vt 0.618749 0.362254
vt 0.635108 0.358061
vt 0.641782 0.373412
vt 0.614846 0.337911
vt 0.614846 0.313724
vt 0.630334 0.312216
vt 0.631763 0.336489
vt 0.615242 0.287023
vt 0.619552 0.259228
vt 0.634652 0.260124
vt 0.630810 0.286651
vt 0.946296 0.399821
vt 0.959516 0.390503
vt 0.988800 0.429098
vt 0.966076 0.428815
vt 0.741973 0.460237
vt 0.734600 0.450140
vt 0.733444 0.442110
vt 0.742370 0.453777
vt 0.850771 0.525310
vt 0.839645 0.512864
vt 0.835443 0.496677
vt 0.845939 0.506856
vt 0.876584 0.542467
vt 0.865109 0.535984
vt 0.856060 0.515979
vt 0.865711 0.520749
vt 0.895889 0.550902
vt 0.886086 0.547712
vt 0.871739 0.523044
vt 0.880425 0.524418
vt 0.918041 0.550210
vt 0.907378 0.552015
vt 0.890754 0.523455
vt 0.898177 0.520304
vt 0.942707 0.527498
vt 0.931833 0.541786
vt 0.909261 0.513973
vt 0.918440 0.503255
vt 0.958060 0.483732
vt 0.952033 0.507766
vt 0.925009 0.489587
vt 0.930295 0.470642
vt 0.950691 0.428167
vt 0.958102 0.458657
vt 0.930596 0.451367
vt 0.926251 0.428034
vt 0.697895 0.180674
vt 0.678949 0.206427
vt 0.663449 0.201790
vt 0.688774 0.175034
vt 0.665539 0.234147
vt 0.659022 0.260166
vt 0.645110 0.231901
vt 0.657350 0.285741
vt 0.658321 0.309010
vt 0.660378 0.332317
vt 0.663689 0.351964
vt 0.669028 0.367630
vt 0.677313 0.376700
vt 0.685912 0.381525
vt 0.693713 0.386990
vt 0.701559 0.393297
vt 0.710943 0.402944
vt 0.720638 0.415496
vt 0.728562 0.431030
vt 0.910745 0.383012
vt 0.933144 0.404804
vt 0.915973 0.401828
vt 0.907494 0.389530
vt 0.751413 0.431843
vt 0.740502 0.439239
vt 0.736337 0.423885
vt 0.731152 0.407451
vt 0.725649 0.395116
vt 0.720903 0.384680
vt 0.716691 0.377729
vt 0.710924 0.369122
vt 0.705971 0.358810
vt 0.701801 0.344268
vt 0.698488 0.323869
vt 0.695470 0.304565
vt 0.692888 0.281387
vt 0.726220 0.182186
vt 0.699906 0.208170
vt 0.706504 0.188657
vt 0.694118 0.234728
vt 0.691802 0.259943
vt 0.821555 0.480106
vt 0.820516 0.466523
vt 0.825306 0.472902
vt 0.826854 0.487959
vt 0.831672 0.468075
vt 0.832340 0.483006
vt 0.819795 0.456769
vt 0.843354 0.487884
vt 0.844594 0.471981
vt 0.849141 0.493765
vt 0.877137 0.493931
vt 0.890102 0.505036
vt 0.884234 0.348033
vt 0.872370 0.355074
vt 0.849030 0.339182
vt 0.922019 0.362652
vt 0.917331 0.375570
vt 0.682515 0.169095
vt 0.858104 0.355472
vt 0.863431 0.551453
vt 0.842668 0.534897
vt 0.841990 0.525508
vt 0.856153 0.537906
vt 0.826861 0.514267
vt 0.831458 0.514114
vt 0.897006 0.572886
vt 0.881431 0.562291
vt 0.872626 0.550222
vt 0.884517 0.557706
vt 0.916017 0.583353
vt 0.905853 0.579022
vt 0.896535 0.563869
vt 0.906678 0.568485
vt 0.944429 0.591116
vt 0.929297 0.589537
vt 0.917913 0.570789
vt 0.932135 0.568753
vt 0.978642 0.558393
vt 0.960181 0.580991
vt 0.947066 0.559266
vt 0.959351 0.543082
vt 0.999255 0.497880
vt 0.991325 0.530893
vt 0.971568 0.519074
vt 0.977078 0.491926
vt 0.630625 0.232146
vt 0.999255 0.462871
vt 0.977050 0.461890
vt 0.653823 0.198324
vt 0.822139 0.493895
vt 0.829210 0.503267
vt 0.744528 0.128988
vt 0.266898 0.167447
vt 0.280971 0.172753
vt 0.259771 0.164999
vt 0.256369 0.163302
vt 0.308771 0.097111
vt 0.315748 0.079385
vt 0.722353 0.037984
vt 0.718096 0.062198
vt 0.722144 0.088393
vt 0.730453 0.112318
vt 0.328635 0.082726
vt 0.326069 0.095696
vt 0.775459 0.611959
vt 0.770057 0.593593
vt 0.766366 0.574957
vt 0.757366 0.555713
vt 0.747769 0.541742
vt 0.740466 0.532506
vt 0.731299 0.523013
vt 0.717397 0.507278
vt 0.720388 0.497199
vt 0.731922 0.489072
vt 0.722338 0.517581
vt 0.244324 0.169918
vt 0.244567 0.171200
vt 0.236959 0.171204
vt 0.237234 0.169745
vt 0.250855 0.167046
vt 0.251171 0.168083
vt 0.230155 0.168138
vt 0.231083 0.166529
vt 0.225250 0.163324
vt 0.226814 0.162526
vt 0.222594 0.157160
vt 0.224241 0.156499
vt 0.222241 0.151221
vt 0.223866 0.151513
vt 0.224029 0.145703
vt 0.225545 0.146426
vt 0.227482 0.141428
vt 0.228559 0.142713
vt 0.232262 0.138778
vt 0.232610 0.140345
vt 0.238153 0.138097
vt 0.238088 0.139475
vt 0.244275 0.139908
vt 0.243640 0.141241
vt 0.249820 0.143977
vt 0.248726 0.144922
vt 0.253885 0.149763
vt 0.252528 0.150334
vt 0.255767 0.156154
vt 0.254097 0.155969
vt 0.254998 0.162603
vt 0.253888 0.161742
vt 0.043561 0.608404
vt 0.042604 0.608658
vt 0.041316 0.605766
vt 0.043230 0.605255
vt 0.041772 0.609196
vt 0.039654 0.606843
vt 0.041148 0.609964
vt 0.038406 0.608381
vt 0.040791 0.610887
vt 0.037694 0.610229
vt 0.040737 0.611876
vt 0.037588 0.612207
vt 0.040991 0.612833
vt 0.038099 0.614121
vt 0.041529 0.613664
vt 0.039176 0.615783
vt 0.042297 0.614289
vt 0.040714 0.617031
vt 0.043220 0.614645
vt 0.042562 0.617743
vt 0.044209 0.614699
vt 0.044540 0.617848
vt 0.045166 0.614445
vt 0.046454 0.617338
vt 0.045997 0.613908
vt 0.048116 0.616261
vt 0.046622 0.613140
vt 0.049364 0.614723
vt 0.046978 0.612216
vt 0.050076 0.612875
vt 0.047032 0.611228
vt 0.050181 0.610897
vt 0.046778 0.610271
vt 0.049671 0.608983
vt 0.046241 0.609440
vt 0.048594 0.607321
vt 0.045473 0.608815
vt 0.047056 0.606073
vt 0.044549 0.608458
vt 0.045207 0.605361
vt 0.040017 0.602867
vt 0.042890 0.602097
vt 0.037523 0.604488
vt 0.035651 0.606799
vt 0.034585 0.609576
vt 0.034430 0.612547
vt 0.035200 0.615420
vt 0.036820 0.617914
vt 0.039132 0.619785
vt 0.041909 0.620851
vt 0.044880 0.621006
vt 0.047753 0.620237
vt 0.050247 0.618616
vt 0.052119 0.616304
vt 0.053184 0.613527
vt 0.053340 0.610557
vt 0.052569 0.607684
vt 0.050949 0.605190
vt 0.048637 0.603318
vt 0.045860 0.602253
vt 0.038704 0.599956
vt 0.042541 0.598922
vt 0.035374 0.602124
vt 0.032878 0.605215
vt 0.031458 0.608927
vt 0.031255 0.612895
vt 0.032289 0.616732
vt 0.034457 0.620062
vt 0.037548 0.622559
vt 0.041260 0.623978
vt 0.045228 0.624181
vt 0.049065 0.623148
vt 0.052395 0.620979
vt 0.054892 0.617888
vt 0.056311 0.614177
vt 0.056514 0.610208
vt 0.055481 0.606371
vt 0.053312 0.603041
vt 0.050221 0.600545
vt 0.046510 0.599125
vt 0.037375 0.597023
vt 0.042183 0.595723
vt 0.033204 0.599746
vt 0.030079 0.603625
vt 0.028305 0.608279
vt 0.028056 0.613254
vt 0.029357 0.618061
vt 0.032079 0.622232
vt 0.035958 0.625358
vt 0.040612 0.627132
vt 0.045586 0.627381
vt 0.050394 0.626080
vt 0.054565 0.623357
vt 0.057691 0.619479
vt 0.059465 0.614825
vt 0.059714 0.609850
vt 0.058413 0.605042
vt 0.055690 0.600871
vt 0.051812 0.597746
vt 0.047158 0.595972
vt 0.036026 0.594061
vt 0.041815 0.592489
vt 0.031006 0.597346
vt 0.027246 0.602021
vt 0.025115 0.607629
vt 0.024822 0.613621
vt 0.026394 0.619411
vt 0.029679 0.624431
vt 0.034354 0.628191
vt 0.039962 0.630321
vt 0.045954 0.630615
vt 0.051744 0.629042
vt 0.056764 0.625758
vt 0.060523 0.621083
vt 0.062654 0.615475
vt 0.062948 0.609482
vt 0.061375 0.603693
vt 0.058091 0.598673
vt 0.053416 0.594913
vt 0.047808 0.592782
vt 0.034652 0.591056
vt 0.041438 0.589206
vt 0.028770 0.594912
vt 0.024368 0.600397
vt 0.021876 0.606974
vt 0.021539 0.613999
vt 0.023389 0.620784
vt 0.027245 0.626666
vt 0.032730 0.631068
vt 0.039307 0.633560
vt 0.046332 0.633898
vt 0.053117 0.632048
vt 0.058999 0.628192
vt 0.063401 0.622707
vt 0.065893 0.616130
vt 0.066231 0.609105
vt 0.064381 0.602319
vt 0.060525 0.596438
vt 0.055040 0.592035
vt 0.048463 0.589543
vt 0.033247 0.587988
vt 0.041049 0.585854
vt 0.026486 0.592429
vt 0.021428 0.598741
vt 0.018569 0.606308
vt 0.018187 0.614388
vt 0.020321 0.622190
vt 0.024762 0.628951
vt 0.031074 0.634008
vt 0.038641 0.636868
vt 0.046721 0.637249
vt 0.054523 0.635115
vt 0.061284 0.630675
vt 0.066341 0.624362
vt 0.069201 0.616796
vt 0.069582 0.608716
vt 0.067448 0.600914
vt 0.063008 0.594153
vt 0.056695 0.589095
vt 0.049129 0.586236
vt 0.031799 0.584832
vt 0.040648 0.582405
vt 0.024134 0.589875
vt 0.018402 0.597039
vt 0.015164 0.605624
vt 0.014738 0.614789
vt 0.017165 0.623638
vt 0.022208 0.631303
vt 0.029372 0.637035
vt 0.037957 0.640272
vt 0.047122 0.640698
vt 0.055970 0.638271
vt 0.063636 0.633229
vt 0.069368 0.626065
vt 0.072605 0.617480
vt 0.073031 0.608315
vt 0.070604 0.599466
vt 0.065562 0.591801
vt 0.058398 0.586069
vt 0.049813 0.582832
vt 0.030292 0.581547
vt 0.040230 0.578815
vt 0.021685 0.587216
vt 0.015252 0.595267
vt 0.011621 0.604912
vt 0.011148 0.615207
vt 0.013880 0.625144
vt 0.019549 0.633751
vt 0.027600 0.640185
vt 0.037245 0.643816
vt 0.047540 0.644289
vt 0.057477 0.641557
vt 0.066084 0.635888
vt 0.072518 0.627837
vt 0.076149 0.618192
vt 0.076622 0.607897
vt 0.073890 0.597959
vt 0.068221 0.589352
vt 0.060170 0.582919
vt 0.050525 0.579288
vt 0.136724 0.633906
vt 0.128085 0.639526
vt 0.126597 0.636231
vt 0.134291 0.631233
vt 0.118132 0.642201
vt 0.117735 0.638608
vt 0.107840 0.641670
vt 0.108572 0.638130
vt 0.098216 0.637984
vt 0.100006 0.634844
vt 0.090201 0.631504
vt 0.092874 0.629071
vt 0.084582 0.622865
vt 0.087876 0.621377
vt 0.081906 0.612913
vt 0.085499 0.612515
vt 0.082438 0.602620
vt 0.085977 0.603353
vt 0.086123 0.592996
vt 0.089264 0.594786
vt 0.092603 0.584982
vt 0.095036 0.587655
vt 0.101242 0.579362
vt 0.102730 0.582656
vt 0.111195 0.576687
vt 0.111592 0.580279
vt 0.121487 0.577218
vt 0.120755 0.580758
vt 0.131111 0.580904
vt 0.129321 0.584044
vt 0.139126 0.587383
vt 0.136453 0.589816
vt 0.144745 0.596022
vt 0.141451 0.597510
vt 0.147421 0.605975
vt 0.143828 0.606372
vt 0.146889 0.616267
vt 0.143350 0.615535
vt 0.143204 0.625891
vt 0.140063 0.624101
vt 0.125167 0.633067
vt 0.131953 0.628665
vt 0.117353 0.635157
vt 0.109276 0.634730
vt 0.101726 0.631827
vt 0.095442 0.626733
vt 0.091040 0.619948
vt 0.088950 0.612133
vt 0.089378 0.604056
vt 0.092280 0.596506
vt 0.097374 0.590222
vt 0.104160 0.585820
vt 0.111974 0.583731
vt 0.120051 0.584158
vt 0.127601 0.587061
vt 0.133885 0.592154
vt 0.138287 0.598940
vt 0.140377 0.606754
vt 0.139949 0.614832
vt 0.137047 0.622381
vt 0.123780 0.629992
vt 0.129683 0.626169
vt 0.116984 0.631803
vt 0.109961 0.631426
vt 0.103398 0.628897
vt 0.097938 0.624463
vt 0.094115 0.618560
vt 0.092304 0.611764
vt 0.092681 0.604741
vt 0.095211 0.598178
vt 0.099644 0.592718
vt 0.105548 0.588895
vt 0.112344 0.587084
vt 0.119367 0.587462
vt 0.125929 0.589991
vt 0.131389 0.594424
vt 0.135212 0.600328
vt 0.137023 0.607124
vt 0.136646 0.614147
vt 0.134117 0.620709
vt 0.122423 0.626979
vt 0.127462 0.623723
vt 0.116624 0.628518
vt 0.110634 0.628191
vt 0.105038 0.626028
vt 0.100385 0.622242
vt 0.097129 0.617203
vt 0.095589 0.611405
vt 0.095917 0.605414
vt 0.098079 0.599819
vt 0.101865 0.595165
vt 0.106904 0.591909
vt 0.112703 0.590369
vt 0.118693 0.590697
vt 0.124289 0.592859
vt 0.128942 0.596645
vt 0.132198 0.601684
vt 0.133738 0.607483
vt 0.133410 0.613473
vt 0.131248 0.619069
vt 0.121091 0.624009
vt 0.125277 0.621310
vt 0.116275 0.625282
vt 0.111302 0.625005
vt 0.106658 0.623204
vt 0.102797 0.620057
vt 0.100099 0.615871
vt 0.098825 0.611055
vt 0.099103 0.606082
vt 0.100903 0.601438
vt 0.104050 0.597578
vt 0.108237 0.594879
vt 0.113052 0.593606
vt 0.118025 0.593883
vt 0.122669 0.595683
vt 0.126530 0.598830
vt 0.129228 0.603017
vt 0.130502 0.607832
vt 0.130225 0.612805
vt 0.128424 0.617449
vt 0.119778 0.621069
vt 0.123120 0.618920
vt 0.115935 0.622081
vt 0.111968 0.621855
vt 0.108265 0.620415
vt 0.105188 0.617900
vt 0.103038 0.614558
vt 0.102027 0.610715
vt 0.102252 0.606748
vt 0.103693 0.603045
vt 0.106207 0.599968
vt 0.109549 0.597818
vt 0.113392 0.596807
vt 0.117359 0.597032
vt 0.121062 0.598473
vt 0.124139 0.600987
vt 0.126289 0.604329
vt 0.127300 0.608172
vt 0.127075 0.612139
vt 0.125634 0.615843
vt 0.118482 0.618150
vt 0.120985 0.616544
vt 0.115605 0.618904
vt 0.112635 0.618732
vt 0.109864 0.617650
vt 0.107563 0.615766
vt 0.105957 0.613262
vt 0.105203 0.610385
vt 0.105376 0.607415
vt 0.106457 0.604644
vt 0.108342 0.602343
vt 0.110845 0.600737
vt 0.113723 0.599984
vt 0.116692 0.600156
vt 0.119463 0.601237
vt 0.121764 0.603122
vt 0.123370 0.605625
vt 0.124124 0.608503
vt 0.123952 0.611472
vt 0.122870 0.614243
vt 0.117199 0.615244
vt 0.118868 0.614177
vt 0.115283 0.615744
vt 0.113306 0.615627
vt 0.111462 0.614905
vt 0.109931 0.613648
vt 0.108863 0.611979
vt 0.108363 0.610063
vt 0.108480 0.608086
vt 0.109203 0.606242
vt 0.110459 0.604711
vt 0.112128 0.603643
vt 0.114044 0.603144
vt 0.116021 0.603261
vt 0.117866 0.603983
vt 0.119396 0.605240
vt 0.120464 0.606908
vt 0.120964 0.608824
vt 0.120847 0.610801
vt 0.120124 0.612646
vt 0.115928 0.612344
vt 0.116762 0.611812
vt 0.114970 0.612593
vt 0.113982 0.612534
vt 0.113060 0.612172
vt 0.112296 0.611543
vt 0.111763 0.610708
vt 0.111514 0.609750
vt 0.111574 0.608762
vt 0.111936 0.607840
vt 0.112565 0.607076
vt 0.113399 0.606543
vt 0.114357 0.606294
vt 0.115346 0.606354
vt 0.116267 0.606716
vt 0.117032 0.607345
vt 0.117564 0.608180
vt 0.117813 0.609138
vt 0.117753 0.610126
vt 0.117391 0.611047
vt 0.043885 0.611552
vt 0.114664 0.609444
vt 0.042392 0.543498
vt 0.040371 0.545935
vt 0.039062 0.544449
vt 0.041737 0.542756
vt 0.038275 0.542632
vt 0.041343 0.541848
vt 0.038089 0.540660
vt 0.041249 0.540862
vt 0.038521 0.538727
vt 0.041464 0.539896
vt 0.039530 0.537022
vt 0.041967 0.539043
vt 0.041016 0.535713
vt 0.042709 0.538388
vt 0.042834 0.534926
vt 0.043617 0.537994
vt 0.044805 0.534740
vt 0.044603 0.537900
vt 0.046738 0.535172
vt 0.045569 0.538115
vt 0.048443 0.536181
vt 0.046422 0.538618
vt 0.049752 0.537667
vt 0.047077 0.539360
vt 0.050539 0.539484
vt 0.047471 0.540268
vt 0.050725 0.541456
vt 0.047565 0.541254
vt 0.050293 0.543389
vt 0.047350 0.542220
vt 0.049284 0.545094
vt 0.046847 0.543073
vt 0.047798 0.546404
vt 0.046105 0.543728
vt 0.045981 0.547190
vt 0.045197 0.544122
vt 0.044009 0.547376
vt 0.044211 0.544216
vt 0.042076 0.546944
vt 0.043245 0.544001
vt 0.038338 0.548375
vt 0.036373 0.546142
vt 0.035196 0.543410
vt 0.034920 0.540449
vt 0.035572 0.537547
vt 0.037090 0.534988
vt 0.039323 0.533024
vt 0.042055 0.531847
vt 0.045016 0.531570
vt 0.047918 0.532223
vt 0.050476 0.533741
vt 0.052441 0.535974
vt 0.053618 0.538706
vt 0.053894 0.541667
vt 0.053242 0.544569
vt 0.051724 0.547127
vt 0.049491 0.549091
vt 0.046759 0.550269
vt 0.043798 0.550546
vt 0.040896 0.549893
vt 0.036288 0.550824
vt 0.033667 0.547837
vt 0.032098 0.544186
vt 0.031733 0.540229
vt 0.032610 0.536354
vt 0.034641 0.532938
vt 0.037628 0.530318
vt 0.041279 0.528749
vt 0.045235 0.528384
vt 0.049111 0.529261
vt 0.052527 0.531292
vt 0.055147 0.534279
vt 0.056716 0.537929
vt 0.057081 0.541886
vt 0.056204 0.545762
vt 0.054173 0.549178
vt 0.051186 0.551798
vt 0.047536 0.553367
vt 0.043579 0.553732
vt 0.039703 0.552855
vt 0.034216 0.553289
vt 0.030935 0.549541
vt 0.028973 0.544962
vt 0.028522 0.540002
vt 0.029626 0.535145
vt 0.032177 0.530867
vt 0.035924 0.527586
vt 0.040503 0.525624
vt 0.045463 0.525173
vt 0.050320 0.526277
vt 0.054598 0.528827
vt 0.057879 0.532575
vt 0.059841 0.537154
vt 0.060292 0.542114
vt 0.059188 0.546971
vt 0.056637 0.551249
vt 0.052890 0.554530
vt 0.048311 0.556492
vt 0.043351 0.556943
vt 0.038494 0.555839
vt 0.032117 0.555776
vt 0.028170 0.551258
vt 0.025813 0.545741
vt 0.025276 0.539766
vt 0.026611 0.533917
vt 0.029689 0.528768
vt 0.034207 0.524821
vt 0.039724 0.522464
vt 0.045699 0.521926
vt 0.051548 0.523262
vt 0.056697 0.526340
vt 0.060644 0.530858
vt 0.063001 0.536375
vt 0.063538 0.542350
vt 0.062203 0.548199
vt 0.059125 0.553348
vt 0.054607 0.557295
vt 0.049090 0.559652
vt 0.043115 0.560189
vt 0.037267 0.558854
vt 0.029982 0.558299
vt 0.025360 0.552998
vt 0.022603 0.546528
vt 0.021980 0.539522
vt 0.023552 0.532667
vt 0.027166 0.526634
vt 0.032467 0.522011
vt 0.038937 0.519254
vt 0.045943 0.518631
vt 0.052798 0.520203
vt 0.058832 0.523817
vt 0.063454 0.529118
vt 0.066211 0.535588
vt 0.066834 0.542594
vt 0.065262 0.549449
vt 0.061648 0.555483
vt 0.056347 0.560104
vt 0.049877 0.562862
vt 0.042871 0.563485
vt 0.036016 0.561913
vt 0.027801 0.560873
vt 0.022490 0.554772
vt 0.019325 0.547328
vt 0.018615 0.539270
vt 0.020430 0.531388
vt 0.024592 0.524452
vt 0.030693 0.519141
vt 0.038137 0.515976
vt 0.046195 0.515267
vt 0.054077 0.517081
vt 0.061013 0.521243
vt 0.066324 0.527344
vt 0.069489 0.534788
vt 0.070199 0.542845
vt 0.068384 0.550728
vt 0.064222 0.557664
vt 0.058121 0.562975
vt 0.050677 0.566140
vt 0.042619 0.566850
vt 0.034737 0.565035
vt 0.025555 0.563521
vt 0.019536 0.556596
vt 0.015952 0.548150
vt 0.015153 0.539010
vt 0.017218 0.530070
vt 0.021944 0.522206
vt 0.028869 0.516187
vt 0.037315 0.512603
vt 0.046456 0.511804
vt 0.055395 0.513869
vt 0.063259 0.518595
vt 0.069278 0.525520
vt 0.072862 0.533966
vt 0.073661 0.543106
vt 0.071596 0.552046
vt 0.066870 0.559910
vt 0.059945 0.565929
vt 0.051499 0.569513
vt 0.042359 0.570312
vt 0.033419 0.568247
vt 0.023216 0.566278
vt 0.016460 0.558495
vt 0.012440 0.549005
vt 0.011549 0.538738
vt 0.013874 0.528698
vt 0.019188 0.519867
vt 0.026970 0.513111
vt 0.036459 0.509091
vt 0.046727 0.508199
vt 0.056767 0.510524
vt 0.065598 0.515838
vt 0.072354 0.523621
vt 0.076374 0.533110
vt 0.077266 0.543378
vt 0.074941 0.553418
vt 0.069627 0.562248
vt 0.061844 0.569005
vt 0.052355 0.573025
vt 0.042087 0.573916
vt 0.032047 0.571591
vt 0.082267 0.533513
vt 0.085819 0.534184
vt 0.085596 0.543356
vt 0.082011 0.543816
vt 0.088219 0.552148
vt 0.084951 0.553694
vt 0.093430 0.559700
vt 0.090800 0.562179
vt 0.100720 0.565271
vt 0.098985 0.568442
vt 0.109375 0.568317
vt 0.108704 0.571869
vt 0.118547 0.568539
vt 0.119007 0.572125
vt 0.127340 0.565917
vt 0.128885 0.569184
vt 0.134891 0.560705
vt 0.137370 0.563336
vt 0.140462 0.553416
vt 0.143633 0.555151
vt 0.143508 0.544761
vt 0.147060 0.545431
vt 0.143731 0.535589
vt 0.147316 0.535128
vt 0.141108 0.526796
vt 0.144376 0.525251
vt 0.135897 0.519245
vt 0.138527 0.516765
vt 0.128607 0.513673
vt 0.130342 0.510503
vt 0.119952 0.510627
vt 0.120623 0.507075
vt 0.110780 0.510405
vt 0.110320 0.506820
vt 0.101987 0.513028
vt 0.100442 0.509760
vt 0.094436 0.518239
vt 0.091957 0.515609
vt 0.088865 0.525529
vt 0.085694 0.523794
vt 0.089231 0.534828
vt 0.089040 0.542914
vt 0.091358 0.550664
vt 0.095957 0.557318
vt 0.102387 0.562225
vt 0.110019 0.564905
vt 0.118106 0.565095
vt 0.125855 0.562778
vt 0.132509 0.558179
vt 0.137416 0.551748
vt 0.140097 0.544116
vt 0.140287 0.536030
vt 0.137969 0.528280
vt 0.133370 0.521626
vt 0.126940 0.516719
vt 0.119308 0.514039
vt 0.111221 0.513849
vt 0.103472 0.516167
vt 0.096818 0.520766
vt 0.091911 0.527196
vt 0.092546 0.535452
vt 0.092386 0.542484
vt 0.094407 0.549220
vt 0.098411 0.555003
vt 0.104006 0.559265
vt 0.110644 0.561589
vt 0.117675 0.561749
vt 0.124412 0.559728
vt 0.130194 0.555725
vt 0.134456 0.550130
vt 0.136781 0.543492
vt 0.136941 0.536461
vt 0.134920 0.529724
vt 0.130916 0.523942
vt 0.125321 0.519680
vt 0.118683 0.517355
vt 0.111652 0.517195
vt 0.104915 0.519216
vt 0.099133 0.523220
vt 0.094871 0.528814
vt 0.095794 0.536061
vt 0.095664 0.542059
vt 0.097393 0.547804
vt 0.100813 0.552733
vt 0.105588 0.556364
vt 0.111252 0.558341
vt 0.117250 0.558472
vt 0.122995 0.556743
vt 0.127924 0.553323
vt 0.131555 0.548547
vt 0.133533 0.542883
vt 0.133663 0.536885
vt 0.131934 0.531141
vt 0.128514 0.526212
vt 0.123739 0.522581
vt 0.118075 0.520603
vt 0.112077 0.520472
vt 0.106332 0.522202
vt 0.101403 0.525622
vt 0.097772 0.530397
vt 0.098995 0.536656
vt 0.098891 0.541636
vt 0.100332 0.546404
vt 0.103175 0.550494
vt 0.107144 0.553504
vt 0.111848 0.555141
vt 0.116827 0.555245
vt 0.121596 0.553804
vt 0.125685 0.550960
vt 0.128695 0.546992
vt 0.130332 0.542288
vt 0.130436 0.537308
vt 0.128995 0.532540
vt 0.126152 0.528451
vt 0.122183 0.525440
vt 0.117479 0.523803
vt 0.112500 0.523700
vt 0.107732 0.525141
vt 0.103642 0.527984
vt 0.100632 0.531952
vt 0.102161 0.537240
vt 0.102083 0.541212
vt 0.103236 0.545015
vt 0.105508 0.548275
vt 0.108677 0.550673
vt 0.112431 0.551975
vt 0.116404 0.552053
vt 0.120206 0.550900
vt 0.123466 0.548627
vt 0.125865 0.545459
vt 0.127166 0.541705
vt 0.127244 0.537732
vt 0.126091 0.533929
vt 0.123819 0.530669
vt 0.120650 0.528271
vt 0.116896 0.526969
vt 0.112923 0.526891
vt 0.109121 0.528045
vt 0.105861 0.530317
vt 0.103462 0.533485
vt 0.105303 0.537812
vt 0.105248 0.540786
vt 0.106114 0.543631
vt 0.107818 0.546069
vt 0.110192 0.547862
vt 0.113003 0.548833
vt 0.115977 0.548888
vt 0.118822 0.548021
vt 0.121261 0.546318
vt 0.123053 0.543944
vt 0.124024 0.541133
vt 0.124079 0.538159
vt 0.123212 0.535313
vt 0.121509 0.532875
vt 0.119135 0.531083
vt 0.116324 0.530111
vt 0.113350 0.530056
vt 0.110505 0.530923
vt 0.108066 0.532627
vt 0.106274 0.535001
vt 0.108429 0.538374
vt 0.108395 0.540354
vt 0.108974 0.542248
vt 0.110110 0.543870
vt 0.111692 0.545062
vt 0.113565 0.545707
vt 0.115545 0.545741
vt 0.117439 0.545162
vt 0.119062 0.544025
vt 0.120253 0.542443
vt 0.120898 0.540570
vt 0.120932 0.538590
vt 0.120353 0.536696
vt 0.119217 0.535074
vt 0.117635 0.533882
vt 0.115762 0.533238
vt 0.113782 0.533203
vt 0.111888 0.533783
vt 0.110265 0.534919
vt 0.109074 0.536501
vt 0.111547 0.538927
vt 0.111531 0.539916
vt 0.111821 0.540863
vt 0.112390 0.541673
vt 0.113181 0.542268
vt 0.114118 0.542589
vt 0.115108 0.542605
vt 0.116054 0.542314
vt 0.116864 0.541746
vt 0.117459 0.540954
vt 0.117780 0.540018
vt 0.117796 0.539028
vt 0.117506 0.538082
vt 0.116937 0.537271
vt 0.116146 0.536676
vt 0.115209 0.536355
vt 0.114219 0.536339
vt 0.113273 0.536630
vt 0.112463 0.537199
vt 0.111868 0.537990
vt 0.044407 0.541058
vt 0.114663 0.539472
s 1
usemtl Ch14_Body.001
f 1/1/1 2/2/2 22/3/3 21/4/4
f 2/2/2 3/5/5 23/6/6 22/3/3
f 3/5/5 4/7/7 24/8/8 23/6/6
f 4/7/7 5/9/9 25/10/10 24/8/8
f 5/11/9 6/12/11 26/13/12 25/14/10
f 6/12/11 7/15/13 27/16/14 26/13/12
f 7/15/13 8/17/15 28/18/16 27/16/14
f 8/17/15 9/19/17 29/20/18 28/18/16
f 9/19/17 10/21/19 30/22/20 29/20/18
f 10/21/19 11/23/21 31/24/22 30/22/20
f 11/23/21 12/25/23 32/26/24 31/24/22
f 12/25/23 13/27/25 33/28/26 32/26/24
f 13/27/25 14/29/27 34/30/28 33/28/26
f 14/29/27 15/31/29 35/32/30 34/30/28
f 15/33/29 16/34/31 36/35/32 35/36/30
f 16/34/31 17/37/33 37/38/34 36/35/32
f 17/37/33 18/39/35 38/40/36 37/38/34
f 18/39/35 19/41/37 39/42/38 38/40/36
f 19/41/37 20/43/39 40/44/40 39/42/38
f 20/43/39 1/1/1 21/4/4 40/44/40
f 21/4/4 22/3/3 42/45/41 41/46/42
f 22/3/3 23/6/6 43/47/43 42/45/41
f 23/6/6 24/8/8 44/48/44 43/47/43
f 24/8/8 25/10/10 45/49/45 44/48/44
f 25/14/10 26/13/12 46/50/46 45/51/45
f 26/13/12 27/16/14 47/52/47 46/50/46
f 27/16/14 28/18/16 48/53/48 47/52/47
f 28/18/16 29/20/18 49/54/49 48/53/48
f 29/20/18 30/22/20 50/55/50 49/54/49
f 30/22/20 31/24/22 51/56/51 50/55/50
f 31/24/22 32/26/24 52/57/52 51/56/51
f 32/26/24 33/28/26 53/58/53 52/57/52
f 33/28/26 34/30/28 54/59/54 53/58/53
f 34/30/28 35/32/30 55/60/55 54/59/54
f 35/36/30 36/35/32 56/61/56 55/62/55
f 36/35/32 37/38/34 57/63/57 56/61/56
f 37/38/34 38/40/36 58/64/58 57/63/57
f 38/40/36 39/42/38 59/65/59 58/64/58
f 39/42/38 40/44/40 60/66/60 59/65/59
f 40/44/40 21/4/4 41/46/42 60/66/60
f 41/46/42 42/45/41 62/67/61 61/68/62
f 42/45/41 43/47/43 63/69/63 62/67/61
f 43/47/43 44/48/44 64/70/64 63/69/63
f 44/48/44 45/49/45 65/71/65 64/70/64
f 45/51/45 46/50/46 66/72/66 65/73/65
f 46/50/46 47/52/47 67/74/67 66/72/66
f 47/52/47 48/53/48 68/75/68 67/74/67
f 48/53/48 49/54/49 69/76/69 68/75/68
f 49/54/49 50/55/50 70/77/70 69/76/69
f 50/55/50 51/56/51 71/78/71 70/77/70
f 51/56/51 52/57/52 72/79/72 71/78/71
f 52/57/52 53/58/53 73/80/73 72/79/72
f 53/58/53 54/59/54 74/81/74 73/80/73
f 54/59/54 55/60/55 75/82/75 74/81/74
f 55/62/55 56/61/56 76/83/76 75/84/75
f 56/61/56 57/63/57 77/85/77 76/83/76
f 57/63/57 58/64/58 78/86/78 77/85/77
f 58/64/58 59/65/59 79/87/79 78/86/78
f 59/65/59 60/66/60 80/88/80 79/87/79
f 60/66/60 41/46/42 61/68/62 80/88/80
f 61/68/62 62/67/61 82/89/81 81/90/82
f 62/67/61 63/69/63 83/91/83 82/89/81
f 63/69/63 64/70/64 84/92/84 83/91/83
f 64/70/64 65/71/65 85/93/85 84/92/84
f 65/73/65 66/72/66 86/94/86 85/95/85
f 66/72/66 67/74/67 87/96/87 86/94/86
f 67/74/67 68/75/68 88/97/88 87/96/87
f 68/75/68 69/76/69 89/98/89 88/97/88
f 69/76/69 70/77/70 90/99/90 89/98/89
f 70/77/70 71/78/71 91/100/91 90/99/90
f 71/78/71 72/79/72 92/101/92 91/100/91
f 72/79/72 73/80/73 93/102/93 92/101/92
f 73/80/73 74/81/74 94/103/94 93/102/93
f 74/81/74 75/82/75 95/104/95 94/103/94
f 75/84/75 76/83/76 96/105/96 95/106/95
f 76/83/76 77/85/77 97/107/97 96/105/96
f 77/85/77 78/86/78 98/108/98 97/107/97
f 78/86/78 79/87/79 99/109/99 98/108/98
f 79/87/79 80/88/80 100/110/100 99/109/99
f 80/88/80 61/68/62 81/90/82 100/110/100
f 81/90/82 82/89/81 102/111/101 101/112/102
f 82/89/81 83/91/83 103/113/103 102/111/101
f 83/91/83 84/92/84 104/114/104 103/113/103
f 84/92/84 85/93/85 105/115/105 104/114/104
f 85/95/85 86/94/86 106/116/106 105/117/105
f 86/94/86 87/96/87 107/118/107 106/116/106
f 87/96/87 88/97/88 108/119/108 107/118/107
f 88/97/88 89/98/89 109/120/109 108/119/108
f 89/98/89 90/99/90 110/121/110 109/120/109
f 90/99/90 91/100/91 111/122/111 110/121/110
f 91/100/91 92/101/92 112/123/112 111/122/111
f 92/101/92 93/102/93 113/124/113 112/123/112
f 93/102/93 94/103/94 114/125/114 113/124/113
f 94/103/94 95/104/95 115/126/115 114/125/114
f 95/106/95 96/105/96 116/127/116 115/128/115
f 96/105/96 97/107/97 117/129/117 116/127/116
f 97/107/97 98/108/98 118/130/118 117/129/117
f 98/108/98 99/109/99 119/131/119 118/130/118
f 99/109/99 100/110/100 120/132/120 119/131/119
f 100/110/100 81/90/82 101/112/102 120/132/120
f 101/112/102 102/111/101 122/133/121 121/134/122
f 102/111/101 103/113/103 123/135/123 122/133/121
f 103/113/103 104/114/104 124/136/124 123/135/123
f 104/114/104 105/115/105 125/137/125 124/136/124
f 105/117/105 106/116/106 126/138/126 125/139/125
f 106/116/106 107/118/107 127/140/127 126/138/126
f 107/118/107 108/119/108 128/141/128 127/140/127
f 108/119/108 109/120/109 129/142/129 128/141/128
f 109/120/109 110/121/110 130/143/130 129/142/129
f 110/121/110 111/122/111 131/144/131 130/143/130
f 111/122/111 112/123/112 132/145/132 131/144/131
f 112/123/112 113/124/113 133/146/133 132/145/132
f 113/124/113 114/125/114 134/147/134 133/146/133
f 114/125/114 115/126/115 135/148/135 134/147/134
f 115/128/115 116/127/116 136/149/136 135/150/135
f 116/127/116 117/129/117 137/151/137 136/149/136
f 117/129/117 118/130/118 138/152/138 137/151/137
f 118/130/118 119/131/119 139/153/139 138/152/138
f 119/131/119 120/132/120 140/154/140 139/153/139
f 120/132/120 101/112/102 121/134/122 140/154/140
f 121/134/122 122/133/121 142/155/141 141/156/142
f 122/133/121 123/135/123 143/157/143 142/155/141
f 123/135/123 124/136/124 144/158/144 143/157/143
f 124/136/124 125/137/125 145/159/145 144/158/144
f 125/139/125 126/138/126 146/160/146 145/161/145
f 126/138/126 127/140/127 147/162/147 146/160/146
f 127/140/127 128/141/128 148/163/148 147/162/147
f 128/141/128 129/142/129 149/164/149 148/163/148
f 129/142/129 130/143/130 150/165/150 149/164/149
f 130/143/130 131/144/131 151/166/151 150/165/150
f 131/144/131 132/145/132 152/167/152 151/166/151
f 132/145/132 133/146/133 153/168/153 152/167/152
f 133/146/133 134/147/134 154/169/154 153/168/153
f 134/147/134 135/148/135 155/170/155 154/169/154
f 135/150/135 136/149/136 156/171/156 155/172/155
f 136/149/136 137/151/137 157/173/157 156/171/156
f 137/151/137 138/152/138 158/174/158 157/173/157
f 138/152/138 139/153/139 159/175/159 158/174/158
f 139/153/139 140/154/140 160/176/160 159/175/159
f 140/154/140 121/134/122 141/156/142 160/176/160
f 141/156/142 142/155/141 162/177/161 161/178/162
f 142/155/141 143/157/143 163/179/163 162/177/161
f 143/157/143 144/158/144 164/180/164 163/179/163
f 144/158/144 145/159/145 165/181/165 164/180/164
f 145/161/145 146/160/146 166/182/166 165/183/165
f 146/160/146 147/162/147 167/184/167 166/182/166
f 147/162/147 148/163/148 168/185/168 167/184/167
f 148/163/148 149/164/149 169/186/169 168/185/168
f 149/164/149 150/165/150 170/187/170 169/186/169
f 150/165/150 151/166/151 171/188/171 170/187/170
f 151/166/151 152/167/152 172/189/172 171/188/171
f 152/167/152 153/168/153 173/190/173 172/189/172
f 153/168/153 154/169/154 174/191/174 173/190/173
f 154/169/154 155/170/155 175/192/175 174/191/174
f 155/172/155 156/171/156 176/193/176 175/194/175
f 156/171/156 157/173/157 177/195/177 176/193/176
f 157/173/157 158/174/158 178/196/178 177/195/177
f 158/174/158 159/175/159 179/197/179 178/196/178
f 159/175/159 160/176/160 180/198/180 179/197/179
f 160/176/160 141/156/142 161/178/162 180/198/180
f 161/178/162 162/177/161 182/199/181 181/200/182
f 162/177/161 163/179/163 183/201/183 182/199/181
f 163/179/163 164/180/164 184/202/184 183/201/183
f 164/180/164 165/181/165 185/203/185 184/202/184
f 165/183/165 166/182/166 186/204/186 185/205/185
f 166/182/166 167/184/167 187/206/187 186/204/186
f 167/184/167 168/185/168 188/207/188 187/206/187
f 168/185/168 169/186/169 189/208/189 188/207/188
f 169/186/169 170/187/170 190/209/190 189/208/189
f 170/187/170 171/188/171 191/210/191 190/209/190
f 171/188/171 172/189/172 192/211/192 191/210/191
f 172/189/172 173/190/173 193/212/193 192/211/192
f 173/190/173 174/191/174 194/213/194 193/212/193
f 174/191/174 175/192/175 195/214/195 194/213/194
f 175/194/175 176/193/176 196/215/196 195/216/195
f 176/193/176 177/195/177 197/217/197 196/215/196
f 177/195/177 178/196/178 198/218/198 197/217/197
f 178/196/178 179/197/179 199/219/199 198/218/198
f 179/197/179 180/198/180 200/220/200 199/219/199
f 180/198/180 161/178/162 181/200/182 200/220/200
f 181/200/182 182/199/181 202/221/201 201/222/202
f 182/199/181 183/201/183 203/223/203 202/221/201
f 183/201/183 184/202/184 204/224/204 203/223/203
f 184/202/184 185/203/185 205/225/205 204/224/204
f 185/205/185 186/204/186 206/226/206 205/227/205
f 186/204/186 187/206/187 207/228/207 206/226/206
f 187/206/187 188/207/188 208/229/208 207/228/207
f 188/207/188 189/208/189 209/230/209 208/229/208
f 189/208/189 190/209/190 210/231/210 209/230/209
f 190/209/190 191/210/191 211/232/211 210/231/210
f 191/210/191 192/211/192 212/233/212 211/232/211
f 192/211/192 193/212/193 213/234/213 212/233/212
f 193/212/193 194/213/194 214/235/214 213/234/213
f 194/213/194 195/214/195 215/236/215 214/235/214
f 195/216/195 196/215/196 216/237/216 215/238/215
f 196/215/196 197/217/197 217/239/217 216/237/216
f 197/217/197 198/218/198 218/240/218 217/239/217
f 198/218/198 199/219/199 219/241/219 218/240/218
f 199/219/199 200/220/200 220/242/220 219/241/219
f 200/220/200 181/200/182 201/222/202 220/242/220
f 201/222/202 202/221/201 222/243/221 221/244/222
f 202/221/201 203/223/203 223/245/223 222/243/221
f 203/223/203 204/224/204 224/246/224 223/245/223
f 204/224/204 205/225/205 225/247/225 224/246/224
f 205/227/205 206/226/206 226/248/226 225/249/225
f 206/226/206 207/228/207 227/250/227 226/248/226
f 207/228/207 208/229/208 228/251/228 227/250/227
f 208/229/208 209/230/209 229/252/229 228/251/228
f 209/230/209 210/231/210 230/253/230 229/252/229
f 210/231/210 211/232/211 231/254/231 230/253/230
f 211/232/211 212/233/212 232/255/232 231/254/231
f 212/233/212 213/234/213 233/256/233 232/255/232
f 213/234/213 214/235/214 234/257/234 233/256/233
f 214/235/214 215/236/215 235/258/235 234/257/234
f 215/238/215 216/237/216 236/259/236 235/260/235
f 216/237/216 217/239/217 237/261/237 236/259/236
f 217/239/217 218/240/218 238/262/238 237/261/237
f 218/240/218 219/241/219 239/263/239 238/262/238
f 219/241/219 220/242/220 240/264/240 239/263/239
f 220/242/220 201/222/202 221/244/222 240/264/240
f 221/244/222 222/243/221 242/265/241 241/266/242
f 222/243/221 223/245/223 243/267/243 242/265/241
f 223/245/223 224/246/224 244/268/244 243/267/243
f 224/246/224 225/247/225 245/269/245 244/268/244
f 225/249/225 226/248/226 246/270/246 245/271/245
f 226/248/226 227/250/227 247/272/247 246/270/246
f 227/250/227 228/251/228 248/273/248 247/272/247
f 228/251/228 229/252/229 249/274/249 248/273/248
f 229/252/229 230/253/230 250/275/250 249/274/249
f 230/253/230 231/254/231 251/276/251 250/275/250
f 231/254/231 232/255/232 252/277/252 251/276/251
f 232/255/232 233/256/233 253/278/253 252/277/252
f 233/256/233 234/257/234 254/279/254 253/278/253
f 234/257/234 235/258/235 255/280/255 254/279/254
f 235/260/235 236/259/236 256/281/256 255/282/255
f 236/259/236 237/261/237 257/283/257 256/281/256
f 237/261/237 238/262/238 258/284/258 257/283/257
f 238/262/238 239/263/239 259/285/259 258/284/258
f 239/263/239 240/264/240 260/286/260 259/285/259
f 240/264/240 221/244/222 241/266/242 260/286/260
f 241/266/242 242/265/241 262/287/261 261/288/262
f 242/265/241 243/267/243 263/289/263 262/287/261
f 243/267/243 244/268/244 264/290/264 263/289/263
f 244/268/244 245/269/245 265/291/265 264/290/264
f 245/271/245 246/270/246 266/292/266 265/293/265
f 246/270/246 247/272/247 267/294/267 266/292/266
f 247/272/247 248/273/248 268/295/268 267/294/267
f 248/273/248 249/274/249 269/296/269 268/295/268
f 249/274/249 250/275/250 270/297/270 269/296/269
f 250/275/250 251/276/251 271/298/271 270/297/270
f 251/276/251 252/277/252 272/299/272 271/298/271
f 252/277/252 253/278/253 273/300/273 272/299/272
f 253/278/253 254/279/254 274/301/274 273/300/273
f 254/279/254 255/280/255 275/302/275 274/301/274
f 255/282/255 256/281/256 276/303/276 275/304/275
f 256/281/256 257/283/257 277/305/277 276/303/276
f 257/283/257 258/284/258 278/306/278 277/305/277
f 258/284/258 259/285/259 279/307/279 278/306/278
f 259/285/259 260/286/260 280/308/280 279/307/279
f 260/286/260 241/266/242 261/288/262 280/308/280
f 261/288/262 262/287/261 282/309/281 281/310/282
f 262/287/261 263/289/263 283/311/283 282/309/281
f 263/289/263 264/290/264 284/312/284 283/311/283
f 264/290/264 265/291/265 285/313/285 284/312/284
f 265/293/265 266/292/266 286/314/286 285/315/285
f 266/292/266 267/294/267 287/316/287 286/314/286
f 267/294/267 268/295/268 288/317/288 287/316/287
f 268/295/268 269/296/269 289/318/289 288/317/288
f 269/296/269 270/297/270 290/319/290 289/318/289
f 270/297/270 271/298/271 291/320/291 290/319/290
f 271/298/271 272/299/272 292/321/292 291/320/291
f 272/299/272 273/300/273 293/322/293 292/321/292
f 273/300/273 274/301/274 294/323/294 293/322/293
f 274/301/274 275/302/275 295/324/295 294/323/294
f 275/304/275 276/303/276 296/325/296 295/326/295
f 276/303/276 277/305/277 297/327/297 296/325/296
f 277/305/277 278/306/278 298/328/298 297/327/297
f 278/306/278 279/307/279 299/329/299 298/328/298
f 279/307/279 280/308/280 300/330/300 299/329/299
f 280/308/280 261/288/262 281/310/282 300/330/300
f 281/310/282 282/309/281 302/331/301 301/332/302
f 282/309/281 283/311/283 303/333/303 302/331/301
f 283/311/283 284/312/284 304/334/304 303/333/303
f 284/312/284 285/313/285 305/335/305 304/334/304
f 285/315/285 286/314/286 306/336/306 305/337/305
f 286/314/286 287/316/287 307/338/307 306/336/306
f 287/316/287 288/317/288 308/339/308 307/338/307
f 288/317/288 289/318/289 309/340/309 308/339/308
f 289/318/289 290/319/290 310/341/310 309/340/309
f 290/319/290 291/320/291 311/342/311 310/341/310
f 291/320/291 292/321/292 312/343/312 311/342/311
f 292/321/292 293/322/293 313/344/313 312/343/312
f 293/322/293 294/323/294 314/345/314 313/344/313
f 294/323/294 295/324/295 315/346/315 314/345/314
f 295/326/295 296/325/296 316/347/316 315/348/315
f 296/325/296 297/327/297 317/349/317 316/347/316
f 297/327/297 298/328/298 318/350/318 317/349/317
f 298/328/298 299/329/299 319/351/319 318/350/318
f 299/329/299 300/330/300 320/352/320 319/351/319
f 300/330/300 281/310/282 301/332/302 320/352/320
f 301/332/302 302/331/301 322/353/321 321/354/322
f 302/331/301 303/333/303 323/355/323 322/353/321
f 303/333/303 304/334/304 324/356/324 323/355/323
f 304/334/304 305/335/305 325/357/325 324/356/324
f 305/337/305 306/336/306 326/358/326 325/359/325
f 306/336/306 307/338/307 327/360/327 326/358/326
f 307/338/307 308/339/308 328/361/328 327/360/327
f 308/339/308 309/340/309 329/362/329 328/361/328
f 309/340/309 310/341/310 330/363/330 329/362/329
f 310/341/310 311/342/311 331/364/331 330/363/330
f 311/342/311 312/343/312 332/365/332 331/364/331
f 312/343/312 313/344/313 333/366/333 332/365/332
f 313/344/313 314/345/314 334/367/334 333/366/333
f 314/345/314 315/346/315 335/368/335 334/367/334
f 315/348/315 316/347/316 336/369/336 335/370/335
f 316/347/316 317/349/317 337/371/337 336/369/336
f 317/349/317 318/350/318 338/372/338 337/371/337
f 318/350/318 319/351/319 339/373/339 338/372/338
f 319/351/319 320/352/320 340/374/340 339/373/339
f 320/352/320 301/332/302 321/354/322 340/374/340
f 321/354/322 322/353/321 342/375/341 341/376/342
f 322/353/321 323/355/323 343/377/343 342/375/341
f 323/355/323 324/356/324 344/378/344 343/377/343
f 324/356/324 325/357/325 345/379/345 344/378/344
f 325/359/325 326/358/326 346/380/346 345/381/345
f 326/358/326 327/360/327 347/382/347 346/380/346
f 327/360/327 328/361/328 348/383/348 347/382/347
f 328/361/328 329/362/329 349/384/349 348/383/348
f 329/362/329 330/363/330 350/385/350 349/384/349
f 330/363/330 331/364/331 351/386/351 350/385/350
f 331/364/331 332/365/332 352/387/352 351/386/351
f 332/365/332 333/366/333 353/388/353 352/387/352
f 333/366/333 334/367/334 354/389/354 353/388/353
f 334/367/334 335/368/335 355/390/355 354/389/354
f 335/370/335 336/369/336 356/391/356 355/392/355
f 336/369/336 337/371/337 357/393/357 356/391/356
f 337/371/337 338/372/338 358/394/358 357/393/357
f 338/372/338 339/373/339 359/395/359 358/394/358
f 339/373/339 340/374/340 360/396/360 359/395/359
f 340/374/340 321/354/322 341/376/342 360/396/360
f 341/376/342 342/375/341 362/397/361 361/398/362
f 342/375/341 343/377/343 363/399/363 362/397/361
f 343/377/343 344/378/344 364/400/364 363/399/363
f 344/378/344 345/379/345 365/401/365 364/400/364
f 345/381/345 346/380/346 366/402/366 365/403/365
f 346/380/346 347/382/347 367/404/367 366/402/366
f 347/382/347 348/383/348 368/405/368 367/404/367
f 348/383/348 349/384/349 369/406/369 368/405/368
f 349/384/349 350/385/350 370/407/370 369/406/369
f 350/385/350 351/386/351 371/408/371 370/407/370
f 351/386/351 352/387/352 372/409/372 371/408/371
f 352/387/352 353/388/353 373/410/373 372/409/372
f 353/388/353 354/389/354 374/411/374 373/410/373
f 354/389/354 355/390/355 375/412/375 374/411/374
f 355/392/355 356/391/356 376/413/376 375/414/375
f 356/391/356 357/393/357 377/415/377 376/413/376
f 357/393/357 358/394/358 378/416/378 377/415/377
f 358/394/358 359/395/359 379/417/379 378/416/378
f 359/395/359 360/396/360 380/418/380 379/417/379
f 360/396/360 341/376/342 361/398/362 380/418/380
f 2/2/2 1/1/1 381/419/381
f 3/5/5 2/2/2 381/419/381
f 4/7/7 3/5/5 381/419/381
f 5/9/9 4/7/7 381/419/381
f 6/12/11 5/11/9 381/420/381
f 7/15/13 6/12/11 381/420/381
f 8/17/15 7/15/13 381/420/381
f 9/19/17 8/17/15 381/420/381
f 10/21/19 9/19/17 381/420/381
f 11/23/21 10/21/19 381/420/381
f 12/25/23 11/23/21 381/420/381
f 13/27/25 12/25/23 381/420/381
f 14/29/27 13/27/25 381/420/381
f 15/31/29 14/29/27 381/420/381
f 16/34/31 15/33/29 381/419/381
f 17/37/33 16/34/31 381/419/381
f 18/39/35 17/37/33 381/419/381
f 19/41/37 18/39/35 381/419/381
f 20/43/39 19/41/37 381/419/381
f 1/1/1 20/43/39 381/419/381
f 384/421/382 385/422/383 382/423/384 383/424/385
f 378/416/378 383/425/385 382/426/384 377/415/377
f 384/427/382 363/399/363 364/400/364 365/401/365
f 367/404/367 384/421/382 365/403/365 366/402/366
f 375/412/375 382/423/384 373/410/373 374/411/374
f 380/418/380 383/425/385 378/416/378 379/417/379
f 377/415/377 382/426/384 375/414/375 376/413/376
f 372/409/372 385/422/383 370/407/370 371/408/371
f 373/410/373 382/423/384 385/422/383 372/409/372
f 370/407/370 385/422/383 368/405/368 369/406/369
f 368/405/368 385/422/383 384/421/382 367/404/367
f 362/397/361 383/425/385 380/418/380 361/398/362
f 362/397/361 363/399/363 384/427/382 383/425/385
f 4629/428/386 4630/429/387 388/430/388 389/431/389
f 387/432/390 386/433/391 4623/434/392 4624/435/393
f 390/436/394 4640/437/395 4641/438/396 391/439/397
f 392/440/398 4698/441/399 4699/442/400 393/443/401
f 394/444/402 4674/445/403 4675/446/404 395/447/405
f 396/448/406 4662/449/407 4663/450/408 397/451/409
f 398/452/410 4654/453/411 4655/454/412 399/455/413
f 4652/456/414 4653/457/415 389/431/389 388/430/388
f 4651/458/416 4652/456/414 388/430/388 402/459/417
f 388/430/388 4630/429/387 4631/460/418 402/459/417
f 404/461/419 387/432/390 4624/435/393 4625/462/420
f 391/439/397 4641/438/396 4642/463/421 405/464/422
f 393/443/401 4699/442/400 4700/465/423 406/466/424
f 395/447/405 4675/446/404 4676/467/425 407/468/426
f 397/451/409 4663/450/408 4664/469/427 408/470/428
f 399/455/413 4655/454/412 4656/471/429 409/472/430
f 4700/465/423 4701/473/431 410/474/432 406/466/424
f 410/474/432 412/475/433 413/476/434 406/466/424
f 415/477/435 411/478/436 407/468/426 414/479/437
f 417/480/438 415/477/435 414/479/437 416/481/439
f 416/481/439 418/482/440 419/483/441 417/480/438
f 418/482/440 420/484/442 421/485/443 419/483/441
f 423/486/444 421/485/443 420/484/442 422/487/445
f 424/488/446 455/489/447 456/490/448 4826/491/449
f 426/492/450 423/486/444 422/487/445 425/493/451
f 417/480/438 419/483/441 605/494/452 427/495/453
f 427/495/453 604/496/454 428/497/455 429/498/456
f 417/480/438 427/495/453 429/498/456 415/477/435
f 430/499/457 431/500/458 433/501/459 434/502/460
f 434/502/460 435/503/461 428/497/455 430/499/457
f 429/498/456 428/497/455 435/503/461 436/504/462
f 411/478/436 415/477/435 429/498/456 436/504/462
f 439/505/463 437/506/464 412/475/433 410/474/432
f 4701/473/431 4702/507/465 439/505/463 410/474/432
f 441/508/466 4703/509/467 4704/510/468 440/511/469
f 439/505/463 4702/507/465 4703/509/467 441/508/466
f 442/512/470 440/511/469 4704/510/468 4705/513/471
f 4705/513/471 4706/514/472 443/515/473 442/512/470
f 441/508/466 444/516/474 437/506/464 439/505/463
f 438/517/475 457/518/476 458/519/477 4827/520/478
f 444/516/474 441/508/466 440/511/469 445/521/479
f 446/522/480 445/521/479 440/511/469 442/512/470
f 447/523/481 446/522/480 442/512/470 443/515/473
f 420/484/442 418/482/440 448/524/482 449/525/483
f 449/525/483 450/526/484 422/487/445 420/484/442
f 425/493/451 422/487/445 450/526/484 451/527/485
f 446/522/480 447/523/481 452/528/486 453/529/487
f 445/521/479 446/522/480 453/529/487 454/530/488
f 456/490/448 455/489/447 413/476/434 412/475/433
f 457/518/476 456/490/448 412/475/433 437/506/464
f 458/519/477 457/518/476 437/506/464 444/516/474
f 460/531/489 459/532/490 4827/520/478 458/519/477
f 453/529/487 452/528/486 459/532/490 460/531/489
f 454/530/488 453/529/487 460/531/489 461/533/491
f 458/519/477 444/516/474 461/533/491 460/531/489
f 461/533/491 444/516/474 445/521/479 454/530/488
f 4644/534/492 4645/535/493 462/536/494 463/537/495
f 464/538/496 4643/539/497 4644/534/492 463/537/495
f 4642/463/421 4643/539/497 464/538/496 405/464/422
f 465/540/498 404/461/419 4625/462/420 4626/541/499
f 466/542/500 465/540/498 4626/541/499 4627/543/501
f 467/544/502 466/542/500 4627/543/501 4628/545/503
f 418/482/440 4679/546/504 4680/547/505 448/524/482
f 468/548/506 470/549/507 471/550/508 469/551/509
f 470/549/507 4666/552/510 4667/553/511 471/550/508
f 402/459/417 4631/460/418 4713/554/512 4714/555/513
f 465/540/498 4711/556/514 4712/557/515 404/461/419
f 466/542/500 4710/558/516 4711/556/514 465/540/498
f 4710/558/516 4718/559/517 479/560/518 478/561/519
f 481/562/520 476/563/521 4632/564/522 4633/565/523
f 477/566/524 482/567/525 480/568/526 475/569/527
f 478/561/519 483/570/528 482/567/525 477/566/524
f 483/570/528 478/561/519 479/560/518 484/571/529
f 488/572/530 485/573/531 486/574/532 487/575/533
f 4649/576/534 4650/577/535 476/563/521 481/562/520
f 487/575/533 489/578/536 490/579/537 488/572/530
f 402/459/417 4714/555/513 4715/580/538 4651/458/416
f 409/472/430 4656/471/429 4717/581/539 492/582/540
f 4678/583/541 4679/546/504 418/482/440 416/481/439
f 4676/467/425 4677/584/542 414/479/437 407/468/426
f 4677/584/542 4678/583/541 416/481/439 414/479/437
f 470/549/507 491/585/543 4665/586/544 4666/552/510
f 4664/469/427 4665/586/544 491/585/543 408/470/428
f 474/587/545 472/588/546 4657/589/547 4658/590/548
f 4671/591/549 4672/592/550 493/593/551 494/594/552
f 4722/595/553 4723/596/554 496/597/555 495/598/556
f 4660/599/557 4661/600/558 498/601/559 497/602/560
f 501/603/561 503/604/562 504/605/563 502/606/564
f 506/607/565 4646/608/566 4647/609/567 505/610/568
f 505/610/568 507/611/569 508/612/570 506/607/565
f 507/611/569 509/613/571 510/614/572 508/612/570
f 509/613/571 511/615/573 512/616/574 510/614/572
f 514/617/575 512/616/574 511/615/573 513/618/576
f 515/619/577 517/620/578 518/621/579 516/622/580
f 493/593/551 520/623/581 519/624/582
f 519/624/582 520/623/581 518/621/579 517/620/578
f 516/622/580 514/617/575 513/618/576 515/619/577
f 522/625/583 521/626/584 4688/627/585 4689/628/586
f 521/629/584 522/630/583 501/603/561 499/631/587
f 523/632/588 522/625/583 4689/628/586 4690/633/589
f 522/630/583 523/634/588 503/604/562 501/603/561
f 4686/635/590 4687/636/591 4659/637/592 524/638/593
f 497/602/560 524/639/593 4659/640/592 4660/599/557
f 4648/641/594 4691/642/595 4692/643/596 525/644/597
f 525/644/597 4692/643/596 4693/645/598 4634/646/599
f 526/647/600 4694/648/601 4695/649/602 527/650/603
f 527/650/603 4695/649/602 4696/651/604 528/652/605
f 4696/651/604 4697/653/606 4828/654/607 528/652/605
f 4647/609/567 4648/655/594 525/656/597 505/610/568
f 4634/646/599 4635/657/608 530/658/609 525/644/597
f 529/659/610 526/647/600 527/650/603 531/660/611
f 531/660/611 527/650/603 528/652/605 532/661/612
f 532/661/612 528/652/605 4828/654/607 4829/662/613
f 505/610/568 525/656/597 530/663/609 533/664/614
f 507/611/569 505/610/568 533/664/614 534/665/615
f 509/613/571 507/611/569 534/665/615 535/666/616
f 511/615/573 509/613/571 535/667/616 536/668/617
f 513/618/576 511/615/573 536/668/617 537/669/618
f 533/670/614 530/658/609 4635/657/608 4636/671/619
f 531/660/611 539/672/620 538/673/621 529/659/610
f 539/672/620 531/660/611 532/661/612 540/674/622
f 540/674/622 532/661/612 4829/662/613 541/675/623
f 4636/671/619 4637/676/624 534/677/615 533/670/614
f 539/672/620 543/678/625 542/679/626 538/673/621
f 536/668/617 535/667/616 545/680/627 544/681/628
f 537/669/618 536/668/617 544/681/628 4830/682/629
f 535/683/616 534/677/615 4637/676/624 4638/684/630
f 546/685/631 542/679/626 543/678/625 547/686/632
f 535/683/616 4638/684/630 4639/687/633 545/688/627
f 515/619/577 513/618/576 537/669/618 548/689/634
f 548/689/634 550/690/635 517/620/578 515/619/577
f 550/690/635 548/689/634 549/691/636 551/692/637
f 552/693/638 519/624/582 517/620/578 550/690/635
f 553/694/639 552/693/638 550/690/635 551/692/637
f 494/594/552 493/593/551 4836/695/640 554/696/641
f 554/696/641 555/697/642 556/698/643 494/594/552
f 558/699/644 556/698/643 555/697/642 557/700/645
f 557/701/645 559/702/646 560/703/647 558/704/644
f 559/702/646 449/525/483 448/524/482 560/703/647
f 4836/695/640 4837/705/648 561/706/649 554/696/641
f 561/706/649 562/707/650 555/697/642 554/696/641
f 564/708/651 563/709/652 557/700/645 555/697/642
f 565/710/653 564/708/651 555/697/642 562/707/650
f 563/711/652 566/712/654 559/702/646 557/701/645
f 566/712/654 567/713/655 568/714/656 559/702/646
f 450/526/484 449/525/483 559/702/646 568/714/656
f 569/715/657 4721/716/658 4722/595/553 495/598/556
f 4670/717/659 4671/591/549 494/594/552 556/698/643
f 4669/718/660 4670/717/659 556/698/643 558/699/644
f 4684/719/661 4685/720/662 569/721/657 570/722/663
f 4685/720/662 4720/723/664 4721/724/658 569/721/657
f 558/704/644 4682/725/665 4683/726/666 4669/727/660
f 4681/728/667 4682/725/665 558/704/644 560/703/647
f 560/703/647 448/524/482 4680/547/505 4681/728/667
f 574/729/668 469/551/509 471/550/508 573/730/669
f 573/730/669 471/550/508 4667/553/511 4668/731/670
f 576/732/671 564/708/651 565/710/653 575/733/672
f 564/708/651 576/732/671 577/734/673 563/709/652
f 563/711/652 577/735/673 578/736/674 566/712/654
f 578/736/674 579/737/675 567/713/655 566/712/654
f 580/738/676 4831/739/677 579/740/675 578/741/674
f 581/742/678 580/738/676 578/741/674 577/743/673
f 576/744/671 575/745/672 582/746/679 583/747/680
f 583/747/680 581/742/678 577/743/673 576/744/671
f 591/748/681 589/749/682 583/747/680 582/746/679
f 589/749/682 587/750/683 581/742/678 583/747/680
f 585/751/684 584/752/685 4831/739/677 580/738/676
f 580/738/676 581/742/678 587/750/683 585/751/684
f 502/606/564 499/631/587 501/603/561
f 593/753/686 500/754/687 499/631/587 592/755/688
f 593/753/686 592/755/688 594/756/689 4708/757/690
f 4672/592/550 4673/758/691 520/623/581 493/593/551
f 607/759/692 605/494/452 419/483/441 421/485/443
f 610/760/693 607/759/692 421/485/443 423/486/444
f 423/486/444 426/492/450 613/761/694 610/760/693
f 430/499/457 428/497/455 604/496/454 609/762/695
f 431/500/458 430/499/457 609/762/695 612/763/696
f 612/763/696 4832/764/697 4825/765/698 431/500/458
f 427/495/453 605/494/452 606/766/699
f 427/495/453 606/766/699 604/496/454
f 604/496/454 606/766/699 608/767/700 609/762/695
f 606/766/699 605/494/452 607/759/692 608/767/700
f 609/762/695 608/767/700 611/768/701 612/763/696
f 608/767/700 607/759/692 610/760/693 611/768/701
f 612/763/696 611/768/701 614/769/702 4832/764/697
f 611/768/701 610/760/693 613/761/694 614/769/702
f 654/770/703 502/606/564 504/605/563 651/771/704
f 655/772/705 4646/608/566 506/607/565 656/773/706
f 656/773/706 506/607/565 508/612/570 658/774/707
f 659/775/708 508/612/570 510/614/572 661/776/709
f 662/777/710 510/614/572 664/778/711
f 665/779/712 512/616/574 667/780/713
f 673/781/714 516/622/580 670/782/715
f 518/621/579 520/623/581 675/783/716 674/784/717
f 668/785/718 514/617/575 677/786/719
f 679/787/720 594/756/689 502/606/564 654/770/703
f 688/788/721 690/789/722 599/790/723 687/791/724
f 696/792/725 600/793/726 601/794/727 694/795/728
f 675/783/716 520/623/581 697/796/729
f 603/797/730 701/798/731 700/799/732
f 703/800/733 4707/801/734 595/802/735 704/803/736
f 704/803/736 595/802/735 596/804/737 706/805/738
f 707/806/739 596/804/737 600/793/726 709/807/740
f 715/808/741 616/809/742 712/810/743 711/811/744
f 713/812/745 615/813/746 717/814/747 716/815/748
f 718/816/749 617/817/750 721/818/751 720/819/752
f 722/820/753 618/821/754 725/822/755 724/823/756
f 726/824/757 619/825/758 729/826/759 728/827/760
f 730/828/761 620/829/762 733/830/763 732/831/764
f 734/832/765 621/833/766 737/834/767 736/835/768
f 742/836/769 631/837/770 738/838/771 740/839/772
f 680/840/773 633/841/774 744/842/775 743/843/776
f 747/844/777 635/845/778 683/846/779 746/847/780
f 749/848/781 636/849/782 686/850/783 748/851/784
f 751/852/785 637/853/786 689/854/787 750/855/788
f 753/856/789 638/857/790 692/858/791 752/859/792
f 755/860/793 639/861/794 695/862/795 754/863/796
f 757/864/797 640/865/798 710/866/799 756/867/800
f 759/868/801 641/869/802 708/870/803 758/871/804
f 676/872/805 623/873/806 741/874/807 760/875/808
f 761/876/809 622/877/810 737/834/767 762/878/811
f 763/879/812 621/833/766 733/830/763 764/880/813
f 765/881/814 620/829/762 729/826/759 766/882/815
f 767/883/816 619/825/758 725/822/755 768/884/817
f 769/885/818 618/821/754 721/818/751 770/886/819
f 771/887/820 617/817/750 717/814/747 772/888/821
f 773/889/822 615/813/746 712/810/743 774/890/823
f 702/891/824 642/892/825 705/893/826 775/894/827
f 504/605/563 652/895/828 651/771/704
f 652/895/828 650/896/829 653/897/830 651/771/704
f 653/897/830 633/841/774 654/770/703 651/771/704
f 656/773/706 649/898/831 657/899/832 655/772/705
f 657/899/832 650/896/829 652/895/828 655/772/705
f 508/612/570 659/775/708 658/774/707
f 659/775/708 648/900/833 660/901/834 658/774/707
f 660/901/834 649/898/831 656/773/706 658/774/707
f 510/614/572 662/777/710 661/776/709
f 662/777/710 647/902/835 663/903/836 661/776/709
f 663/903/836 648/900/833 659/775/708 661/776/709
f 510/614/572 512/616/574 665/779/712 664/778/711
f 665/779/712 646/904/837 666/905/838 664/778/711
f 666/905/838 647/902/835 662/777/710 664/778/711
f 512/616/574 514/617/575 668/785/718 667/780/713
f 668/785/718 645/906/839 669/907/840 667/780/713
f 669/907/840 646/904/837 665/779/712 667/780/713
f 516/622/580 518/621/579 671/908/841 670/782/715
f 671/908/841 643/909/842 672/910/843 670/782/715
f 672/910/843 644/911/844 673/781/714 670/782/715
f 675/783/716 623/873/806 676/872/805 674/784/717
f 676/872/805 643/909/842 671/908/841 674/784/717
f 671/908/841 518/621/579 674/784/717
f 514/617/575 516/622/580 673/781/714 677/786/719
f 673/781/714 644/911/844 678/912/845 677/786/719
f 678/912/845 645/906/839 668/785/718 677/786/719
f 654/770/703 633/841/774 680/840/773 679/787/720
f 680/913/773 634/914/846 681/915/847 679/916/720
f 597/917/848 594/918/689 681/915/847 682/919/849
f 681/915/847 634/914/846 683/846/779 682/919/849
f 683/846/779 635/845/778 684/920/850 682/919/849
f 598/921/851 684/920/850 685/922/852
f 684/920/850 635/845/778 686/850/783 685/922/852
f 686/850/783 636/849/782 687/791/724 685/922/852
f 687/791/724 636/849/782 689/854/787 688/788/721
f 689/854/787 637/853/786 690/789/722 688/788/721
f 601/794/727 599/790/723 690/789/722 691/923/853
f 690/789/722 637/853/786 692/858/791 691/923/853
f 692/858/791 638/857/790 693/924/854 691/923/853
f 693/924/854 694/795/728 601/794/727 691/923/853
f 693/924/854 638/857/790 695/862/795 694/795/728
f 695/862/795 639/861/794 696/792/725 694/795/728
f 697/925/729 602/926/855 698/927/856
f 698/927/856 630/928/857 699/929/858 697/925/729
f 699/930/858 623/873/806 675/783/716 697/796/729
f 701/798/731 642/892/825 702/891/824 700/799/732
f 702/891/824 630/928/857 698/927/856 700/799/732
f 698/927/856 602/926/855 4724/931/859
f 704/803/736 641/869/802 705/893/826 703/800/733
f 705/893/826 642/892/825 701/798/731 703/800/733
f 596/804/737 707/806/739 706/805/738
f 707/806/739 640/865/798 708/870/803 706/805/738
f 708/870/803 641/869/802 704/803/736 706/805/738
f 600/793/726 696/792/725 709/807/740
f 696/792/725 639/861/794 710/866/799 709/807/740
f 710/866/799 640/865/798 707/806/739 709/807/740
f 712/810/743 615/813/746 713/812/745 711/811/744
f 713/932/745 625/933/860 714/934/861 711/935/744
f 714/934/861 624/936/862 715/937/741 711/935/744
f 717/814/747 617/817/750 718/816/749 716/815/748
f 718/938/749 626/939/863 719/940/864 716/941/748
f 719/940/864 625/933/860 713/932/745 716/941/748
f 721/818/751 618/821/754 722/820/753 720/819/752
f 722/942/753 627/943/865 723/944/866 720/945/752
f 723/944/866 626/939/863 718/938/749 720/945/752
f 725/822/755 619/825/758 726/824/757 724/823/756
f 726/946/757 628/947/867 727/948/868 724/949/756
f 727/948/868 627/943/865 722/942/753 724/949/756
f 729/826/759 620/829/762 730/828/761 728/827/760
f 730/950/761 629/951/869 731/952/870 728/953/760
f 731/952/870 628/947/867 726/946/757 728/953/760
f 733/830/763 621/833/766 734/832/765 732/831/764
f 734/954/765 632/955/871 735/956/872 732/957/764
f 735/956/872 629/951/869 730/950/761 732/957/764
f 737/834/767 622/877/810 738/958/771 736/835/768
f 738/838/771 631/837/770 739/959/873 736/960/768
f 739/959/873 632/955/871 734/954/765 736/960/768
f 738/958/771 622/877/810 741/874/807 740/961/772
f 741/874/807 623/873/806 699/930/858 740/961/772
f 699/929/858 630/928/857 742/836/769 740/839/772
f 744/842/775 616/809/742 715/808/741 743/843/776
f 715/937/741 624/936/862 745/962/874 743/963/776
f 745/962/874 634/914/846 680/913/773 743/963/776
f 683/846/779 634/914/846 745/962/874 746/847/780
f 745/962/874 624/936/862 714/934/861 746/847/780
f 714/934/861 625/933/860 747/844/777 746/847/780
f 686/850/783 635/845/778 747/844/777 748/851/784
f 747/844/777 625/933/860 719/940/864 748/851/784
f 719/940/864 626/939/863 749/848/781 748/851/784
f 689/854/787 636/849/782 749/848/781 750/855/788
f 749/848/781 626/939/863 723/944/866 750/855/788
f 723/944/866 627/943/865 751/852/785 750/855/788
f 692/858/791 637/853/786 751/852/785 752/859/792
f 751/852/785 627/943/865 727/948/868 752/859/792
f 727/948/868 628/947/867 753/856/789 752/859/792
f 695/862/795 638/857/790 753/856/789 754/863/796
f 753/856/789 628/947/867 731/952/870 754/863/796
f 731/952/870 629/951/869 755/860/793 754/863/796
f 710/866/799 639/861/794 755/860/793 756/867/800
f 755/860/793 629/951/869 735/956/872 756/867/800
f 735/956/872 632/955/871 757/864/797 756/867/800
f 708/870/803 640/865/798 757/864/797 758/871/804
f 757/864/797 632/955/871 739/959/873 758/871/804
f 739/959/873 631/837/770 759/868/801 758/871/804
f 741/874/807 622/877/810 761/876/809 760/875/808
f 761/876/809 644/911/844 672/910/843 760/875/808
f 672/910/843 643/909/842 676/872/805 760/875/808
f 737/834/767 621/833/766 763/879/812 762/878/811
f 763/879/812 645/906/839 678/912/845 762/878/811
f 678/912/845 644/911/844 761/876/809 762/878/811
f 733/830/763 620/829/762 765/881/814 764/880/813
f 765/881/814 646/904/837 669/907/840 764/880/813
f 669/907/840 645/906/839 763/879/812 764/880/813
f 729/826/759 619/825/758 767/883/816 766/882/815
f 767/883/816 647/902/835 666/905/838 766/882/815
f 666/905/838 646/904/837 765/881/814 766/882/815
f 725/822/755 618/821/754 769/885/818 768/884/817
f 769/885/818 648/900/833 663/903/836 768/884/817
f 663/903/836 647/902/835 767/883/816 768/884/817
f 721/818/751 617/817/750 771/887/820 770/886/819
f 771/887/820 649/898/831 660/901/834 770/886/819
f 660/901/834 648/900/833 769/885/818 770/886/819
f 717/814/747 615/813/746 773/889/822 772/888/821
f 773/889/822 650/896/829 657/899/832 772/888/821
f 657/899/832 649/898/831 771/887/820 772/888/821
f 712/810/743 616/809/742 744/842/775 774/890/823
f 744/842/775 633/841/774 653/897/830 774/890/823
f 653/897/830 650/896/829 773/889/822 774/890/823
f 705/893/826 641/869/802 759/868/801 775/894/827
f 759/868/801 631/837/770 742/836/769 775/894/827
f 742/836/769 630/928/857 702/891/824 775/894/827
f 681/915/847 594/918/689 679/916/720
f 697/796/729 520/623/581 4673/758/691 602/964/855
f 1021/965/875 1022/966/876 4164/967/877 4149/968/878
f 4150/969/879 4151/970/880 1019/971/881 1020/972/882
f 1017/973/883 1018/974/884 4152/975/885 4153/976/886
f 4156/977/887 4157/978/888 1013/979/889 1014/980/890
f 4154/981/891 4155/982/892 1015/983/893 1016/984/894
f 1011/985/895 1012/986/896 4158/987/897 4159/988/898
f 4160/989/899 4161/990/900 1009/991/901 1010/992/902
f 1007/993/903 1008/994/904 4162/995/905 4163/996/906
f 1005/997/907 1006/998/908 888/999/909 800/1000/910
f 799/1001/911 991/1002/912 992/1003/913 897/1004/914
f 801/1005/915 993/1006/916 994/1007/917 921/1008/918
f 802/1009/919 995/1010/920 996/1011/921 933/1012/922
f 803/1013/923 997/1014/924 998/1015/925 968/1016/926
f 804/1017/927 999/1018/928 1000/1019/929 972/1020/930
f 805/1021/931 1001/1022/932 1002/1023/933 956/1024/934
f 806/1025/935 1003/1026/936 1004/1027/937 944/1028/938
f 990/1029/939 975/1030/940 801/1005/915 921/1008/918
f 976/1031/941 977/1032/942 799/1001/911 897/1004/914
f 888/999/909 978/1033/943 979/1034/944 800/1000/910
f 944/1028/938 980/1035/945 981/1036/946 806/1025/935
f 982/1037/947 983/1038/948 805/1021/931 956/1024/934
f 933/1012/922 988/1039/949 989/1040/950 802/1009/919
f 968/1016/926 986/1041/951 987/1042/952 803/1013/923
f 804/1017/927 972/1020/930 984/1043/953 985/1044/954
f 973/1045/955 1064/1046/956 1065/1047/957 814/1048/958
f 1051/1049/959 1052/1050/960 946/1051/961 817/1052/962
f 1053/1053/963 1054/1054/964 890/1055/965 816/1056/966
f 1055/1057/967 1056/1058/968 899/1059/969 818/1060/970
f 1057/1061/971 1058/1062/972 923/1063/973 819/1064/974
f 1059/1065/975 1060/1066/976 935/1067/977 820/1068/978
f 813/1069/979 969/1070/980 1066/1071/981 1067/1072/982
f 821/1073/983 1061/1074/984 1068/1075/985 823/1076/986
f 1049/1077/987 1050/1078/988 958/1079/989 824/1080/990
f 1062/1081/991 1049/1077/987 824/1080/990 825/1082/992
f 824/1080/990 1610/1083/993 1583/1084/994 825/1082/992
f 824/1080/990 958/1079/989 1609/1085/995 1610/1083/993
f 826/1086/996 829/1087/997 830/1088/998 827/1089/999
f 829/1087/997 826/1086/996 959/1090/1000 960/1091/1001
f 947/1092/1002 948/1093/1003 831/1094/1004 828/1095/1005
f 946/1051/961 1607/1096/1006 1608/1097/1007 817/1052/962
f 891/1098/1008 892/1099/1009 833/1100/1010 832/1101/1011
f 816/1056/966 890/1055/965 1605/1102/1012 1606/1103/1013
f 900/1104/1014 901/1105/1015 835/1106/1016 834/1107/1017
f 818/1060/970 899/1059/969 1603/1108/1018 1604/1109/1019
f 836/1110/1020 924/1111/1021 925/1112/1022 837/1113/1023
f 923/1063/973 1601/1114/1024 1602/1115/1025 819/1064/974
f 820/1068/978 935/1067/977 1599/1116/1026 1600/1117/1027
f 1597/1118/1028 1598/1119/1029 821/1073/983 823/1076/986
f 843/1120/1030 840/1121/1031 841/1122/1032 842/1123/1033
f 838/1124/1034 936/1125/1035 937/1126/1036 839/1127/1037
f 1522/1128/1038 1495/1129/1039 844/1130/1040 845/1131/1041
f 1495/1129/1039 1496/1132/1042 961/1133/1043 844/1130/1040
f 846/1134/1044 1497/1135/1045 1498/1136/1046 949/1137/1047
f 1499/1138/1048 1500/1139/1049 893/1140/1050 847/1141/1051
f 1501/1142/1052 1502/1143/1053 902/1144/1054 848/1145/1055
f 1503/1146/1056 1504/1147/1057 926/1148/1058 849/1149/1059
f 1505/1150/1060 1506/1151/1061 938/1152/1062 850/1153/1063
f 851/1154/1064 1507/1155/1065 1508/1156/1066 852/1157/1067
f 884/1158/1068 952/1159/1069 953/1160/1070 854/1161/1071
f 883/1162/1072 964/1163/1073 965/1164/1074 857/1165/1075
f 883/1162/1072 857/1165/1075 1085/1166/1076 882/1167/1077
f 911/1168/1078 1438/1169/1079 1411/1170/1080 910/1171/1081
f 1437/1172/1082 1438/1169/1079 911/1168/1078 962/1173/1083
f 1435/1174/1084 1436/1175/1085 912/1176/1086 950/1177/1087
f 913/1178/1088 914/1179/1089 1433/1180/1090 1434/1181/1091
f 1431/1182/1092 1432/1183/1093 915/1184/1094 916/1185/1095
f 917/1186/1096 927/1187/1097 1429/1188/1098 1430/1189/1099
f 1427/1190/1100 1428/1191/1101 918/1192/1102 939/1193/1103
f 1425/1194/1104 1426/1195/1105 919/1196/1106 1087/1197/1107
f 885/1198/1108 886/1199/1109 866/1200/1110 853/1201/1111
f 894/1202/1112 895/1203/1113 865/1204/1114 856/1205/1115
f 903/1206/1116 904/1207/1117 867/1208/1118 860/1209/1119
f 905/1210/1120 906/1211/1121 869/1212/1122 870/1213/1123
f 906/1211/1121 929/1214/1124 930/1215/1125 869/1212/1122
f 871/1216/1126 907/1217/1127 941/1218/1128 942/1219/1129
f 872/1220/1130 908/1221/1131 909/1222/1132 873/1223/1133
f 875/1224/1134 853/1201/1111 866/1200/1110 874/1225/1135
f 953/1160/1070 954/1226/1136 876/1227/1137 854/1161/1071
f 965/1164/1074 966/1228/1138 877/1229/1139 857/1165/1075
f 857/1165/1075 877/1229/1139 878/1230/1140 1085/1166/1076
f 879/1231/1141 872/1220/1130 873/1223/1133 1157/1232/1142
f 871/1216/1126 942/1219/1129 931/1233/1143 930/1215/1125
f 880/1234/1144 869/1212/1122 930/1215/1125 931/1233/1143
f 881/1235/1145 870/1213/1123 869/1212/1122 880/1234/1144
f 858/1236/1146 883/1162/1072 882/1167/1077 859/1237/1147
f 963/1238/1148 964/1163/1073 883/1162/1072 858/1236/1146
f 951/1239/1149 952/1159/1069 884/1158/1068 855/1240/1150
f 856/1205/1115 865/1204/1114 886/1199/1109 885/1198/1108
f 1008/994/904 1009/1241/901 4161/1242/900 4162/995/905
f 1006/998/908 991/1243/912 799/1244/911 888/999/909
f 799/1244/911 977/1245/942 978/1033/943 888/999/909
f 890/1055/965 1054/1054/964 1055/1246/967 818/1247/970
f 1604/1248/1019 1605/1102/1012 890/1055/965 818/1247/970
f 835/1249/1016 892/1099/1009 891/1098/1008 834/1250/1017
f 848/1251/1055 893/1140/1050 1500/1139/1049 1501/1252/1052
f 914/1179/1089 915/1253/1094 1432/1254/1093 1433/1180/1090
f 867/1255/1118 895/1203/1113 894/1202/1112 860/1256/1119
f 4159/988/898 4160/989/899 1010/992/902 1011/985/895
f 897/1004/914 992/1003/913 993/1006/916 801/1005/915
f 975/1030/940 976/1031/941 897/1004/914 801/1005/915
f 1056/1058/968 1057/1061/971 819/1064/974 899/1059/969
f 1602/1115/1025 1603/1108/1018 899/1059/969 819/1064/974
f 837/1113/1023 901/1105/1015 900/1104/1014 836/1110/1020
f 902/1144/1054 1502/1143/1053 1503/1146/1056 849/1149/1059
f 1430/1189/1099 1431/1182/1092 916/1185/1095 917/1186/1096
f 868/1257/1151 904/1207/1117 903/1206/1116 861/1258/1152
f 861/1258/1152 906/1211/1121 905/1210/1120 868/1257/1151
f 928/1259/1153 929/1214/1124 906/1211/1121 861/1258/1152
f 940/1260/1154 941/1218/1128 907/1217/1127 862/1261/1155
f 908/1221/1131 863/1262/1156 864/1263/1157 909/1222/1132
f 1550/1264/1158 1523/1265/1159 1666/1266/1160 1639/1267/1161
f 1639/1267/1161 1640/1268/1162 1549/1269/1163 1550/1264/1158
f 1641/1270/1164 1642/1271/1165 1547/1272/1166 1548/1273/1167
f 1643/1274/1168 1644/1275/1169 1545/1276/1170 1546/1277/1171
f 1644/1275/1169 1645/1278/1172 1544/1279/1173 1545/1276/1170
f 1645/1280/1172 1646/1281/1174 1543/1282/1175 1544/1283/1173
f 1646/1281/1174 1647/1284/1176 1542/1285/1177 1543/1282/1175
f 1647/1284/1176 1648/1286/1178 1541/1287/1179 1542/1285/1177
f 1649/1288/1180 1650/1289/1181 1539/1290/1182 1540/1291/1183
f 1537/1292/1184 1538/1293/1185 1651/1294/1186 1652/1295/1187
f 1012/986/896 1013/979/889 4157/978/888 4158/987/897
f 921/1008/918 994/1007/917 995/1010/920 802/1009/919
f 989/1040/950 990/1029/939 921/1008/918 802/1009/919
f 1058/1062/972 1059/1065/975 820/1068/978 923/1063/973
f 1600/1117/1027 1601/1114/1024 923/1063/973 820/1068/978
f 925/1112/1022 924/1111/1021 838/1124/1034 839/1127/1037
f 850/1153/1063 926/1148/1058 1504/1147/1057 1505/1150/1060
f 1648/1286/1178 1649/1288/1180 1540/1291/1183 1541/1287/1179
f 1428/1191/1101 1429/1188/1098 927/1187/1097 918/1192/1102
f 862/1261/1155 907/1217/1127 929/1214/1124 928/1259/1153
f 930/1215/1125 929/1214/1124 907/1217/1127 871/1216/1126
f 4155/982/892 4156/977/887 1014/980/890 1015/983/893
f 933/1012/922 996/1011/921 997/1014/924 803/1013/923
f 803/1013/923 987/1042/952 988/1039/949 933/1012/922
f 821/1073/983 935/1067/977 1060/1066/976 1061/1074/984
f 1598/1119/1029 1599/1116/1026 935/1067/977 821/1073/983
f 937/1126/1036 936/1125/1035 840/1121/1031 843/1120/1030
f 851/1154/1064 938/1152/1062 1506/1151/1061 1507/1155/1065
f 1538/1293/1185 1539/1290/1182 1650/1289/1181 1651/1294/1186
f 1426/1195/1105 1427/1190/1100 939/1193/1103 919/1196/1106
f 908/1221/1131 941/1218/1128 940/1260/1154 863/1262/1156
f 942/1219/1129 941/1218/1128 908/1221/1131 872/1220/1130
f 872/1220/1130 879/1231/1141 931/1233/1143 942/1219/1129
f 4163/996/906 4164/967/877 1022/966/876 1007/993/903
f 944/1028/938 1004/1027/937 1005/997/907 800/1000/910
f 800/1000/910 979/1034/944 980/1035/945 944/1028/938
f 946/1051/961 1052/1050/960 1053/1053/963 816/1056/966
f 1606/1103/1013 1607/1096/1006 946/1051/961 816/1056/966
f 833/1100/1010 948/1093/1003 947/1092/1002 832/1101/1011
f 949/1137/1047 1498/1136/1046 1499/1138/1048 847/1141/1051
f 1642/1271/1165 1643/1274/1168 1546/1277/1171 1547/1272/1166
f 1434/1181/1091 1435/1174/1084 950/1177/1087 913/1178/1088
f 856/1205/1115 885/1198/1108 952/1159/1069 951/1239/1149
f 953/1160/1070 952/1159/1069 885/1198/1108 853/1201/1111
f 853/1201/1111 875/1224/1134 954/1226/1136 953/1160/1070
f 4149/968/878 4150/969/879 1020/972/882 1021/965/875
f 956/1024/934 1002/1023/933 1003/1026/936 806/1025/935
f 981/1036/946 982/1037/947 956/1024/934 806/1025/935
f 958/1079/989 1050/1078/988 1051/1049/959 817/1052/962
f 1608/1097/1007 1609/1085/995 958/1079/989 817/1052/962
f 960/1091/1001 959/1090/1000 828/1095/1005 831/1094/1004
f 961/1133/1043 1496/1132/1042 1497/1135/1045 846/1134/1044
f 1640/1268/1162 1641/1270/1164 1548/1273/1167 1549/1269/1163
f 1436/1175/1085 1437/1172/1082 962/1173/1083 912/1176/1086
f 855/1240/1150 884/1158/1068 964/1163/1073 963/1238/1148
f 965/1164/1074 964/1163/1073 884/1158/1068 854/1161/1071
f 854/1161/1071 876/1227/1137 966/1228/1138 965/1164/1074
f 4153/1296/886 4154/981/891 1016/984/894 1017/1297/883
f 968/1016/926 998/1015/925 999/1298/928 804/1299/927
f 804/1299/927 985/1300/954 986/1041/951 968/1016/926
f 1065/1301/957 1066/1071/981 969/1070/980 814/1302/958
f 1018/974/884 1019/971/881 4151/970/880 4152/975/885
f 972/1020/930 1000/1019/929 1001/1022/932 805/1021/931
f 983/1038/948 984/1043/953 972/1020/930 805/1021/931
f 1063/1303/1188 1064/1046/956 973/1045/955 812/1304/1189
f 1582/1305/1190 1567/1306/1191 976/1031/941 975/1030/940
f 1567/1306/1191 1568/1307/1192 977/1032/942 976/1031/941
f 978/1033/943 977/1245/942 1568/1308/1192 1569/1309/1193
f 979/1034/944 978/1033/943 1569/1309/1193 1570/1310/1194
f 980/1035/945 979/1034/944 1570/1310/1194 1571/1311/1195
f 981/1036/946 980/1035/945 1571/1311/1195 1572/1312/1196
f 1572/1312/1196 1573/1313/1197 982/1037/947 981/1036/946
f 1573/1313/1197 1574/1314/1198 983/1038/948 982/1037/947
f 1574/1314/1198 1575/1315/1199 984/1043/953 983/1038/948
f 985/1044/954 984/1043/953 1575/1315/1199 1576/1316/1200
f 986/1041/951 985/1300/954 1576/1317/1200 1577/1318/1201
f 987/1042/952 986/1041/951 1577/1318/1201 1578/1319/1202
f 988/1039/949 987/1042/952 1578/1319/1202 1579/1320/1203
f 989/1040/950 988/1039/949 1579/1320/1203 1580/1321/1204
f 1580/1321/1204 1581/1322/1205 990/1029/939 989/1040/950
f 1581/1322/1205 1582/1305/1190 975/1030/940 990/1029/939
f 992/1003/913 991/1002/912 798/1323/1206 896/1324/1207
f 993/1006/916 992/1003/913 896/1324/1207 797/1325/1208
f 994/1007/917 993/1006/916 797/1325/1208 920/1326/1209
f 995/1010/920 994/1007/917 920/1326/1209 796/1327/1210
f 996/1011/921 995/1010/920 796/1327/1210 932/1328/1211
f 997/1014/924 996/1011/921 932/1328/1211 795/1329/1212
f 998/1015/925 997/1014/924 795/1329/1212 967/1330/1213
f 999/1298/928 998/1015/925 967/1330/1213 794/1331/1214
f 1000/1019/929 999/1018/928 794/1332/1214 971/1333/1215
f 1001/1022/932 1000/1019/929 971/1333/1215 793/1334/1216
f 1002/1023/933 1001/1022/932 793/1334/1216 955/1335/1217
f 1003/1026/936 1002/1023/933 955/1335/1217 792/1336/1218
f 1004/1027/937 1003/1026/936 792/1336/1218 943/1337/1219
f 1005/997/907 1004/1027/937 943/1337/1219 791/1338/1220
f 887/1339/1221 1006/998/908 1005/997/907 791/1338/1220
f 798/1340/1206 991/1243/912 1006/998/908 887/1339/1221
f 1024/1341/1222 875/1224/1134 874/1225/1135 1023/1342/1223
f 1023/1342/1223 1025/1343/1224 1026/1344/1225 1024/1341/1222
f 1028/1345/1226 1026/1344/1225 1025/1343/1224 1027/1346/1227
f 1027/1346/1227 1029/1347/1228 1030/1348/1229 1028/1345/1226
f 1029/1347/1228 1031/1349/1230 1032/1350/1231 1030/1348/1229
f 1031/1349/1230 881/1235/1145 880/1234/1144 1032/1350/1231
f 1986/1351/1232 1971/1352/1233 895/1203/1113 867/1255/1118
f 867/1208/1118 904/1207/1117 1985/1353/1234 1986/1354/1232
f 865/1204/1114 895/1203/1113 1971/1352/1233 1972/1355/1235
f 865/1204/1114 1972/1355/1235 1973/1356/1236 886/1199/1109
f 1973/1356/1236 1974/1357/1237 866/1200/1110 886/1199/1109
f 1974/1357/1237 1975/1358/1238 874/1225/1135 866/1200/1110
f 1975/1358/1238 1976/1359/1239 1023/1342/1223 874/1225/1135
f 1976/1359/1239 1977/1360/1240 1025/1343/1224 1023/1342/1223
f 1977/1360/1240 1978/1361/1241 1027/1346/1227 1025/1343/1224
f 1978/1361/1241 1979/1362/1242 1029/1347/1228 1027/1346/1227
f 1979/1362/1242 1980/1363/1243 1031/1349/1230 1029/1347/1228
f 1980/1363/1243 1981/1364/1244 881/1235/1145 1031/1349/1230
f 1981/1364/1244 1982/1365/1245 870/1213/1123 881/1235/1145
f 1982/1365/1245 1983/1366/1246 905/1210/1120 870/1213/1123
f 1983/1366/1246 1984/1367/1247 868/1257/1151 905/1210/1120
f 1984/1367/1247 1985/1353/1234 904/1207/1117 868/1257/1151
f 1049/1077/987 1062/1081/991 1063/1303/1188 812/1304/1189
f 812/1304/1189 957/1368/1248 1050/1078/988 1049/1077/987
f 1051/1049/959 1050/1078/988 957/1368/1248 811/1369/1249
f 811/1369/1249 945/1370/1250 1052/1050/960 1051/1049/959
f 1053/1053/963 1052/1050/960 945/1370/1250 810/1371/1251
f 810/1371/1251 889/1372/1252 1054/1054/964 1053/1053/963
f 1055/1246/967 1054/1054/964 889/1372/1252 809/1373/1253
f 898/1374/1254 1056/1058/968 1055/1057/967 809/1375/1253
f 808/1376/1255 1057/1061/971 1056/1058/968 898/1374/1254
f 922/1377/1256 1058/1062/972 1057/1061/971 808/1376/1255
f 807/1378/1257 1059/1065/975 1058/1062/972 922/1377/1256
f 934/1379/1258 1060/1066/976 1059/1065/975 807/1378/1257
f 1061/1074/984 1060/1066/976 934/1379/1258 813/1069/979
f 1067/1072/982 1068/1075/985 1061/1074/984 813/1069/979
f 1065/1047/957 1064/1046/956 974/1380/1259 815/1381/1260
f 970/1382/1261 1066/1071/981 1065/1301/957 815/1383/1260
f 1067/1072/982 1066/1071/981 970/1382/1261 822/1384/1262
f 822/1384/1262 823/1076/986 1068/1075/985 1067/1072/982
f 1062/1081/991 825/1082/992 1086/1385/1263 1063/1303/1188
f 1070/1386/1264 1069/1387/1265 1045/1388/1266 1044/1389/1267
f 1043/1390/1268 1071/1391/1269 1070/1386/1264 1044/1389/1267
f 1042/1392/1270 1072/1393/1271 1071/1391/1269 1043/1390/1268
f 1073/1394/1272 1072/1393/1271 1042/1392/1270 1041/1395/1273
f 1074/1396/1274 1073/1394/1272 1041/1395/1273 1040/1397/1275
f 1039/1398/1276 1075/1399/1277 1074/1396/1274 1040/1397/1275
f 1038/1400/1278 1076/1401/1279 1075/1399/1277 1039/1398/1276
f 1037/1402/1280 1077/1403/1281 1076/1401/1279 1038/1400/1278
f 1036/1404/1282 1078/1405/1283 1077/1403/1281 1037/1402/1280
f 1033/1406/1284 1079/1407/1285 1078/1405/1283 1036/1404/1282
f 1080/1408/1286 1079/1407/1285 1033/1406/1284 1034/1409/1287
f 1081/1410/1288 1080/1411/1286 1034/1412/1287 1035/1413/1289
f 1082/1414/1290 1081/1410/1288 1035/1413/1289 1048/1415/1291
f 1083/1416/1292 1082/1414/1290 1048/1415/1291 1047/1417/1293
f 1046/1418/1294 1084/1419/1295 1083/1416/1292 1047/1417/1293
f 1045/1388/1266 1069/1387/1265 1084/1419/1295 1046/1418/1294
f 1086/1385/1263 974/1380/1259 1064/1046/956 1063/1303/1188
f 4212/1420/1296 4197/1421/1297 1089/1422/1298 1222/1423/1299
f 1090/1424/1300 1234/1425/1301 4198/1426/1302 4199/1427/1303
f 4200/1428/1304 4201/1429/1305 1091/1430/1306 1249/1431/1307
f 1093/1432/1308 1211/1433/1309 4204/1434/1310 4205/1435/1308
f 1092/1436/1311 1246/1437/1312 4202/1438/1313 4203/1439/1314
f 4206/1440/1315 4207/1441/1316 1094/1442/1317 1199/1443/1318
f 1095/1444/1319 1177/1445/1320 4208/1446/1321 4209/1447/1322
f 4210/1448/1323 4211/1449/1324 1088/1450/1325 1168/1451/1326
f 1282/1452/1327 1097/1453/1328 1169/1454/1329 1283/1455/1330
f 1096/1456/1331 1178/1457/1332 1269/1458/1333 1268/1459/1334
f 1098/1460/1335 1200/1461/1336 1271/1462/1337 1270/1463/1338
f 1099/1464/1339 1212/1465/1340 1273/1466/1341 1272/1467/1342
f 1100/1468/1343 1247/1469/1344 1275/1470/1345 1274/1471/1346
f 1101/1472/1347 1250/1473/1348 1277/1474/1349 1276/1475/1350
f 1102/1476/1351 1235/1477/1352 1279/1478/1353 1278/1479/1354
f 1103/1480/1355 1223/1481/1356 1281/1482/1357 1280/1483/1358
f 1267/1484/1359 1200/1461/1336 1098/1460/1335 1252/1485/1360
f 1253/1486/1361 1178/1457/1332 1096/1456/1331 1254/1487/1362
f 1169/1454/1329 1097/1453/1328 1256/1488/1363 1255/1489/1364
f 1223/1481/1356 1103/1480/1355 1258/1490/1365 1257/1491/1366
f 1259/1492/1367 1235/1477/1352 1102/1476/1351 1260/1493/1368
f 1212/1465/1340 1099/1464/1339 1266/1494/1369 1265/1495/1370
f 1247/1469/1344 1100/1468/1343 1264/1496/1371 1263/1497/1372
f 1101/1472/1347 1262/1498/1373 1261/1499/1374 1250/1473/1348
f 1251/1500/1375 1111/1501/1376 1342/1502/1377 1341/1503/1378
f 1328/1504/1379 1113/1505/1380 1225/1506/1381 1329/1507/1382
f 1330/1508/1383 1112/1509/1384 1171/1510/1385 1331/1511/1386
f 1332/1512/1387 1114/1513/1388 1180/1514/1389 1333/1515/1390
f 1334/1516/1391 1115/1517/1392 1202/1518/1393 1335/1519/1394
f 1336/1520/1395 1116/1521/1396 1214/1522/1397 1337/1523/1398
f 1110/1524/1399 1344/1525/1400 1343/1526/1401 1248/1527/1402
f 1117/1528/1403 823/1076/986 1345/1529/1404 1338/1530/1405
f 1326/1531/1406 1118/1532/1407 1237/1533/1408 1327/1534/1409
f 1339/1535/1410 825/1082/992 1118/1532/1407 1326/1531/1406
f 1118/1532/1407 825/1082/992 1583/1084/994 1584/1536/1411
f 1118/1532/1407 1584/1536/1411 1585/1537/1412 1237/1533/1408
f 1119/1538/1413 827/1089/999 830/1088/998 1121/1539/1414
f 1121/1539/1414 1239/1540/1415 1238/1541/1416 1119/1538/1413
f 1226/1542/1417 1120/1543/1418 1122/1544/1419 1227/1545/1420
f 1225/1506/1381 1113/1505/1380 1586/1546/1421 1587/1547/1422
f 1172/1548/1423 1123/1549/1424 1124/1550/1425 1173/1551/1426
f 1112/1509/1384 1588/1552/1427 1589/1553/1428 1171/1510/1385
f 1181/1554/1429 1125/1555/1430 1126/1556/1431 1182/1557/1432
f 1114/1513/1388 1590/1558/1433 1591/1559/1434 1180/1514/1389
f 1127/1560/1435 1128/1561/1436 1204/1562/1437 1203/1563/1438
f 1202/1518/1393 1115/1517/1392 1592/1564/1439 1593/1565/1440
f 1116/1521/1396 1594/1566/1441 1595/1567/1442 1214/1522/1397
f 1596/1568/1443 1597/1118/1028 823/1076/986 1117/1528/1403
f 1132/1569/1444 842/1123/1033 841/1122/1032 1131/1570/1445
f 1129/1571/1446 1130/1572/1447 1216/1573/1448 1215/1574/1449
f 1521/1575/1450 1522/1128/1038 845/1131/1041 1133/1576/1451
f 1520/1577/1452 1521/1575/1450 1133/1576/1451 1240/1578/1453
f 1134/1579/1454 1228/1580/1455 1518/1581/1456 1519/1582/1457
f 1516/1583/1458 1517/1584/1459 1135/1585/1460 1174/1586/1461
f 1514/1587/1462 1515/1588/1463 1136/1589/1464 1183/1590/1465
f 1512/1591/1466 1513/1592/1467 1137/1593/1468 1205/1594/1469
f 1510/1595/1470 1511/1596/1471 1138/1597/1472 1217/1598/1473
f 1139/1599/1474 852/1157/1067 1508/1156/1066 1509/1600/1475
f 1165/1601/1476 1141/1602/1477 1232/1603/1478 1231/1604/1479
f 1164/1605/1480 1144/1606/1481 1244/1607/1482 1243/1608/1483
f 1164/1605/1480 882/1167/1077 1085/1166/1076 1144/1606/1481
f 1190/1609/1484 910/1171/1081 1411/1170/1080 1412/1610/1485
f 1412/1610/1485 1413/1611/1486 1241/1612/1487 1190/1609/1484
f 1414/1613/1488 1415/1614/1489 1229/1615/1490 1191/1616/1491
f 1192/1617/1492 1416/1618/1493 1417/1619/1494 1193/1620/1495
f 1418/1621/1496 1419/1622/1497 1195/1623/1498 1194/1624/1499
f 1196/1625/1500 1420/1626/1501 1421/1627/1502 1206/1628/1503
f 1422/1629/1504 1423/1630/1505 1218/1631/1506 1197/1632/1507
f 1424/1633/1508 1425/1194/1104 1087/1197/1107 1198/1634/1509
f 1665/1635/1510 1666/1266/1160 1523/1265/1159 1524/1636/1511
f 1664/1637/1512 1665/1635/1510 1524/1636/1511 1525/1638/1513
f 1662/1639/1514 1663/1640/1515 1526/1641/1516 1527/1642/1517
f 1660/1643/1518 1661/1644/1519 1528/1645/1520 1529/1646/1521
f 1658/1647/1522 1659/1648/1523 1530/1649/1524 1531/1650/1525
f 1656/1651/1526 1657/1652/1527 1532/1653/1528 1533/1654/1529
f 1654/1655/1530 1655/1656/1531 1534/1657/1532 1535/1658/1533
f 1536/1659/1534 1537/1292/1184 1652/1295/1187 1653/1660/1535
f 1166/1661/1536 1140/1662/1537 1151/1663/1538 1167/1664/1539
f 1175/1665/1540 1143/1666/1541 1150/1667/1542 1176/1668/1543
f 1184/1669/1544 1146/1670/1545 1152/1671/1546 1185/1672/1547
f 1186/1673/1548 1155/1674/1549 1154/1675/1550 1187/1676/1551
f 1187/1676/1551 1154/1675/1550 1209/1677/1552 1208/1678/1553
f 1156/1679/1554 1221/1680/1555 1220/1681/1556 1188/1682/1557
f 1157/1232/1142 873/1223/1133 909/1222/1132 1189/1683/1558
f 1159/1684/1559 1158/1685/1560 1151/1663/1538 1140/1662/1537
f 1232/1603/1478 1141/1602/1477 1160/1686/1561 1233/1687/1562
f 1244/1607/1482 1144/1606/1481 1161/1688/1563 1245/1689/1564
f 1144/1606/1481 1085/1166/1076 878/1230/1140 1161/1688/1563
f 1162/1690/1565 1210/1691/1566 1209/1677/1552 1154/1675/1550
f 1163/1692/1567 1162/1690/1565 1154/1675/1550 1155/1674/1549
f 1145/1693/1568 859/1237/1147 882/1167/1077 1164/1605/1480
f 1242/1694/1569 1145/1693/1568 1164/1605/1480 1243/1608/1483
f 1230/1695/1570 1142/1696/1571 1165/1601/1476 1231/1604/1479
f 1143/1666/1541 1166/1661/1536 1167/1664/1539 1150/1667/1542
f 4209/1697/1322 4210/1448/1323 1168/1451/1326 1095/1698/1319
f 1283/1455/1330 1169/1454/1329 1096/1699/1331 1268/1700/1334
f 1096/1699/1331 1169/1454/1329 1255/1489/1364 1254/1701/1362
f 1171/1510/1385 1114/1702/1388 1332/1703/1387 1331/1511/1386
f 1589/1553/1428 1590/1704/1433 1114/1702/1388 1171/1510/1385
f 1126/1705/1431 1125/1706/1430 1172/1548/1423 1173/1551/1426
f 1136/1707/1464 1515/1708/1463 1516/1583/1458 1174/1586/1461
f 1659/1709/1523 1660/1643/1518 1529/1646/1521 1530/1710/1524
f 1193/1620/1495 1417/1619/1494 1418/1711/1496 1194/1712/1499
f 1152/1713/1546 1146/1714/1545 1175/1665/1540 1176/1668/1543
f 1177/1445/1320 1094/1442/1317 4207/1441/1316 4208/1446/1321
f 1178/1457/1332 1098/1460/1335 1270/1463/1338 1269/1458/1333
f 1252/1485/1360 1098/1460/1335 1178/1457/1332 1253/1486/1361
f 1333/1515/1390 1180/1514/1389 1115/1517/1392 1334/1516/1391
f 1591/1559/1434 1592/1564/1439 1115/1517/1392 1180/1514/1389
f 1128/1561/1436 1127/1560/1435 1181/1554/1429 1182/1557/1432
f 1183/1590/1465 1137/1593/1468 1513/1592/1467 1514/1587/1462
f 1657/1652/1527 1658/1647/1522 1531/1650/1525 1532/1653/1528
f 1419/1622/1497 1420/1626/1501 1196/1625/1500 1195/1623/1498
f 1153/1715/1572 1147/1716/1573 1184/1669/1544 1185/1672/1547
f 1147/1716/1573 1153/1715/1572 1186/1673/1548 1187/1676/1551
f 1207/1717/1574 1147/1716/1573 1187/1676/1551 1208/1678/1553
f 1219/1718/1575 1148/1719/1576 1188/1682/1557 1220/1681/1556
f 1189/1683/1558 909/1222/1132 864/1263/1157 1149/1720/1577
f 4205/1435/1308 4206/1440/1315 1199/1443/1318 1093/1432/1308
f 1200/1461/1336 1099/1464/1339 1272/1467/1342 1271/1462/1337
f 1266/1494/1369 1099/1464/1339 1200/1461/1336 1267/1484/1359
f 1335/1519/1394 1202/1518/1393 1116/1521/1396 1336/1520/1395
f 1593/1565/1440 1594/1566/1441 1116/1521/1396 1202/1518/1393
f 1204/1562/1437 1130/1572/1447 1129/1571/1446 1203/1563/1438
f 1138/1597/1472 1511/1596/1471 1512/1591/1466 1205/1594/1469
f 1533/1654/1529 1534/1657/1532 1655/1656/1531 1656/1651/1526
f 1421/1627/1502 1422/1629/1504 1197/1632/1507 1206/1628/1503
f 1148/1719/1576 1207/1717/1574 1208/1678/1553 1188/1682/1557
f 1209/1677/1552 1156/1679/1554 1188/1682/1557 1208/1678/1553
f 1156/1679/1554 1209/1677/1552 1210/1691/1566 1221/1680/1555
f 1211/1433/1309 1092/1436/1311 4203/1439/1314 4204/1434/1310
f 1212/1465/1340 1100/1468/1343 1274/1471/1346 1273/1466/1341
f 1100/1468/1343 1212/1465/1340 1265/1495/1370 1264/1496/1371
f 1117/1528/1403 1338/1530/1405 1337/1523/1398 1214/1522/1397
f 1595/1567/1442 1596/1568/1443 1117/1528/1403 1214/1522/1397
f 1216/1573/1448 1132/1569/1444 1131/1570/1445 1215/1574/1449
f 1139/1599/1474 1509/1600/1475 1510/1595/1470 1217/1598/1473
f 1535/1658/1533 1536/1659/1534 1653/1660/1535 1654/1655/1530
f 1423/1630/1505 1424/1633/1508 1198/1634/1509 1218/1631/1506
f 1189/1683/1558 1149/1720/1577 1219/1718/1575 1220/1681/1556
f 1221/1680/1555 1157/1232/1142 1189/1683/1558 1220/1681/1556
f 1157/1232/1142 1221/1680/1555 1210/1691/1566 879/1231/1141
f 1222/1423/1299 1088/1450/1325 4211/1449/1324 4212/1420/1296
f 1223/1481/1356 1097/1453/1328 1282/1452/1327 1281/1482/1357
f 1097/1453/1328 1223/1481/1356 1257/1491/1366 1256/1488/1363
f 1225/1506/1381 1112/1509/1384 1330/1508/1383 1329/1507/1382
f 1587/1547/1422 1588/1552/1427 1112/1509/1384 1225/1506/1381
f 1124/1550/1425 1123/1549/1424 1226/1542/1417 1227/1545/1420
f 1228/1580/1455 1135/1585/1460 1517/1584/1459 1518/1581/1456
f 1527/1642/1517 1528/1645/1520 1661/1644/1519 1662/1639/1514
f 1415/1614/1489 1416/1618/1493 1192/1617/1492 1229/1615/1490
f 1143/1666/1541 1230/1695/1570 1231/1604/1479 1166/1661/1536
f 1232/1603/1478 1140/1662/1537 1166/1661/1536 1231/1604/1479
f 1140/1662/1537 1232/1603/1478 1233/1687/1562 1159/1684/1559
f 1234/1425/1301 1089/1422/1298 4197/1421/1297 4198/1426/1302
f 1235/1477/1352 1103/1480/1355 1280/1483/1358 1279/1478/1353
f 1258/1490/1365 1103/1480/1355 1235/1477/1352 1259/1492/1367
f 1237/1533/1408 1113/1505/1380 1328/1504/1379 1327/1534/1409
f 1585/1537/1412 1586/1546/1421 1113/1505/1380 1237/1533/1408
f 1239/1540/1415 1122/1544/1419 1120/1543/1418 1238/1541/1416
f 1240/1578/1453 1134/1579/1454 1519/1582/1457 1520/1577/1452
f 1525/1638/1513 1526/1641/1516 1663/1640/1515 1664/1637/1512
f 1413/1611/1486 1414/1613/1488 1191/1616/1491 1241/1612/1487
f 1142/1696/1571 1242/1694/1569 1243/1608/1483 1165/1601/1476
f 1244/1607/1482 1141/1602/1477 1165/1601/1476 1243/1608/1483
f 1141/1602/1477 1244/1607/1482 1245/1689/1564 1160/1686/1561
f 1246/1437/1312 1091/1721/1306 4201/1722/1305 4202/1438/1313
f 1247/1469/1344 1101/1723/1347 1276/1724/1350 1275/1470/1345
f 1101/1723/1347 1247/1469/1344 1263/1497/1372 1262/1725/1373
f 1342/1726/1377 1111/1727/1376 1248/1527/1402 1343/1526/1401
f 4199/1427/1303 4200/1428/1304 1249/1431/1307 1090/1424/1300
f 1250/1473/1348 1102/1476/1351 1278/1479/1354 1277/1474/1349
f 1260/1493/1368 1102/1476/1351 1250/1473/1348 1261/1499/1374
f 1340/1728/1578 1109/1729/1579 1251/1500/1375 1341/1503/1378
f 1179/1730/1580 1105/1731/1581 1566/1732/1582 1551/1733/1583
f 1106/1734/1584 1179/1730/1580 1551/1733/1583 1552/1735/1585
f 1552/1736/1585 1553/1737/1586 1170/1738/1587 1106/1739/1584
f 1553/1737/1586 1554/1740/1588 1107/1741/1589 1170/1738/1587
f 1554/1740/1588 1555/1742/1590 1224/1743/1591 1107/1741/1589
f 1555/1742/1590 1556/1744/1592 1108/1745/1593 1224/1743/1591
f 1236/1746/1594 1108/1745/1593 1556/1744/1592 1557/1747/1595
f 1109/1729/1579 1236/1746/1594 1557/1747/1595 1558/1748/1596
f 1251/1500/1375 1109/1729/1579 1558/1748/1596 1559/1749/1597
f 1559/1749/1597 1560/1750/1598 1111/1501/1376 1251/1500/1375
f 1560/1751/1598 1561/1752/1599 1248/1527/1402 1111/1727/1376
f 1561/1752/1599 1562/1753/1600 1110/1524/1399 1248/1527/1402
f 1562/1753/1600 1563/1754/1601 1213/1755/1602 1110/1524/1399
f 1563/1754/1601 1564/1756/1603 1104/1757/1604 1213/1755/1602
f 1201/1758/1605 1104/1757/1604 1564/1756/1603 1565/1759/1606
f 1105/1731/1581 1201/1758/1605 1565/1759/1606 1566/1732/1582
f 1269/1458/1333 1177/1445/1607 1095/1444/1608 1268/1459/1334
f 1270/1463/1338 1094/1442/1609 1177/1445/1607 1269/1458/1333
f 1271/1462/1337 1199/1443/1610 1094/1442/1609 1270/1463/1338
f 1272/1467/1342 1093/1432/1611 1199/1443/1610 1271/1462/1337
f 1273/1466/1341 1211/1433/1612 1093/1432/1611 1272/1467/1342
f 1274/1471/1346 1092/1436/1613 1211/1433/1612 1273/1466/1341
f 1275/1470/1345 1246/1437/1614 1092/1436/1613 1274/1471/1346
f 1276/1724/1350 1091/1721/1615 1246/1437/1614 1275/1470/1345
f 1277/1474/1349 1249/1431/1616 1091/1430/1615 1276/1475/1350
f 1278/1479/1354 1090/1424/1617 1249/1431/1616 1277/1474/1349
f 1279/1478/1353 1234/1425/1618 1090/1424/1617 1278/1479/1354
f 1280/1483/1358 1089/1422/1619 1234/1425/1618 1279/1478/1353
f 1281/1482/1357 1222/1423/1620 1089/1422/1619 1280/1483/1358
f 1282/1452/1327 1088/1450/1621 1222/1423/1620 1281/1482/1357
f 1168/1451/1622 1088/1450/1621 1282/1452/1327 1283/1455/1330
f 1095/1698/1608 1168/1451/1622 1283/1455/1330 1268/1700/1334
f 1301/1760/1623 1300/1761/1624 1158/1685/1560 1159/1684/1559
f 1300/1761/1624 1301/1760/1623 1303/1762/1625 1302/1763/1626
f 1305/1764/1627 1304/1765/1628 1302/1763/1626 1303/1762/1625
f 1304/1765/1628 1305/1764/1627 1307/1766/1629 1306/1767/1630
f 1306/1767/1630 1307/1766/1629 1309/1768/1631 1308/1769/1632
f 1308/1769/1632 1309/1768/1631 1162/1690/1565 1163/1692/1567
f 1311/1770/1633 1970/1771/1634 1955/1772/1635 1310/1773/1636
f 1969/1774/1637 1970/1775/1634 1311/1776/1633 1312/1777/1638
f 1955/1772/1635 1956/1778/1639 1313/1779/1640 1310/1773/1636
f 1956/1778/1639 1957/1780/1641 1314/1781/1642 1313/1779/1640
f 1314/1781/1642 1957/1780/1641 1958/1782/1643 1315/1783/1644
f 1315/1783/1644 1958/1782/1643 1959/1784/1645 1316/1785/1646
f 1316/1785/1646 1959/1784/1645 1960/1786/1647 1317/1787/1648
f 1317/1787/1648 1960/1786/1647 1961/1788/1649 1318/1789/1650
f 1318/1789/1650 1961/1788/1649 1962/1790/1651 1319/1791/1651
f 1319/1791/1651 1962/1790/1651 1963/1792/1652 1320/1793/1653
f 1320/1793/1653 1963/1792/1652 1964/1794/1654 1321/1795/1655
f 1321/1795/1655 1964/1794/1654 1965/1796/1656 1322/1797/1657
f 1322/1797/1657 1965/1796/1656 1966/1798/1658 1323/1799/1659
f 1323/1799/1659 1966/1798/1658 1967/1800/1660 1324/1801/1661
f 1324/1801/1661 1967/1800/1660 1968/1802/1662 1325/1803/1663
f 1325/1803/1663 1968/1802/1662 1969/1774/1637 1312/1777/1638
f 1326/1531/1406 1109/1729/1579 1340/1728/1578 1339/1535/1410
f 1109/1729/1579 1326/1531/1406 1327/1534/1409 1236/1746/1594
f 1328/1504/1379 1108/1745/1593 1236/1746/1594 1327/1534/1409
f 1108/1745/1593 1328/1504/1379 1329/1507/1382 1224/1743/1591
f 1330/1508/1383 1107/1741/1589 1224/1743/1591 1329/1507/1382
f 1107/1741/1589 1330/1508/1383 1331/1511/1386 1170/1738/1587
f 1332/1703/1387 1106/1739/1584 1170/1738/1587 1331/1511/1386
f 1179/1730/1580 1106/1734/1584 1332/1512/1387 1333/1515/1390
f 1105/1731/1581 1179/1730/1580 1333/1515/1390 1334/1516/1391
f 1201/1758/1605 1105/1731/1581 1334/1516/1391 1335/1519/1394
f 1104/1757/1604 1201/1758/1605 1335/1519/1394 1336/1520/1395
f 1213/1755/1602 1104/1757/1604 1336/1520/1395 1337/1523/1398
f 1338/1530/1405 1110/1524/1399 1213/1755/1602 1337/1523/1398
f 1344/1525/1400 1110/1524/1399 1338/1530/1405 1345/1529/1404
f 1342/1502/1377 815/1381/1260 974/1380/1259 1341/1503/1378
f 970/1382/1261 815/1383/1260 1342/1726/1377 1343/1526/1401
f 1344/1525/1400 822/1384/1262 970/1382/1261 1343/1526/1401
f 822/1384/1262 1344/1525/1400 1345/1529/1404 823/1076/986
f 1339/1535/1410 1340/1728/1578 1086/1385/1263 825/1082/992
f 1396/1804/1664 1395/1805/1665 1924/1806/1666 1925/1807/1667
f 1923/1808/1668 1924/1806/1666 1395/1805/1665 1410/1809/1669
f 1410/1809/1669 1409/1810/1670 1938/1811/1671 1923/1808/1668
f 1409/1810/1670 1408/1812/1672 1937/1813/1673 1938/1811/1671
f 1408/1812/1672 1407/1814/1674 1936/1815/1675 1937/1813/1673
f 1407/1814/1674 1406/1816/1676 1935/1817/1677 1936/1815/1675
f 1406/1818/1676 1405/1819/1678 1934/1820/1679 1935/1821/1677
f 1405/1819/1678 1404/1822/1680 1933/1823/1681 1934/1820/1679
f 1404/1822/1680 1403/1824/1682 1932/1825/1683 1933/1823/1681
f 1403/1824/1682 1402/1826/1684 1931/1827/1685 1932/1825/1683
f 1402/1826/1684 1401/1828/1686 1930/1829/1687 1931/1827/1685
f 1401/1828/1686 1400/1830/1688 1929/1831/1689 1930/1829/1687
f 1399/1832/1690 1398/1833/1691 1927/1834/1692 1928/1835/1693
f 1400/1830/1688 1399/1832/1690 1928/1835/1693 1929/1831/1689
f 1398/1833/1691 1397/1836/1694 1926/1837/1695 1927/1834/1692
f 1397/1836/1694 1396/1804/1664 1925/1807/1667 1926/1837/1695
f 1699/1838/1696 1700/1839/1697 1746/1840/1698 1731/1841/1699
f 1700/1839/1697 1701/1842/1700 1745/1843/1701 1746/1840/1698
f 1701/1842/1700 1702/1844/1702 1744/1845/1703 1745/1843/1701
f 1702/1844/1702 1703/1846/1704 1743/1847/1705 1744/1845/1703
f 1703/1846/1704 1704/1848/1706 1742/1849/1707 1743/1847/1705
f 1704/1848/1706 1705/1850/1708 1741/1851/1709 1742/1849/1707
f 1705/1852/1708 1706/1853/1710 1740/1854/1711 1741/1855/1709
f 1706/1853/1710 1707/1856/1712 1739/1857/1713 1740/1854/1711
f 1707/1856/1712 1708/1858/1714 1738/1859/1715 1739/1857/1713
f 1708/1858/1714 1709/1860/1716 1737/1861/1717 1738/1859/1715
f 1709/1860/1716 1710/1862/1718 1736/1863/1719 1737/1861/1717
f 1710/1862/1718 1711/1864/1720 1735/1865/1721 1736/1863/1719
f 1712/1866/1722 1713/1867/1723 1733/1868/1724 1734/1869/1725
f 1711/1864/1720 1712/1866/1722 1734/1869/1725 1735/1865/1721
f 1713/1867/1723 1714/1870/1726 1732/1871/1727 1733/1868/1724
f 1714/1870/1726 1699/1838/1696 1731/1841/1699 1732/1871/1727
f 1683/1872/1728 1684/1873/1729 4756/1874/1730 4741/1875/1731
f 1684/1873/1729 1685/1876/1732 4755/1877/1733 4756/1874/1730
f 1685/1876/1732 1686/1878/1734 4754/1879/1735 4755/1877/1733
f 1686/1878/1734 1687/1880/1736 4753/1881/1737 4754/1879/1735
f 1687/1880/1736 1688/1882/1738 4752/1883/1739 4753/1881/1737
f 1688/1882/1738 1689/1884/1740 4751/1885/1741 4752/1883/1739
f 1689/1886/1740 1690/1887/1742 4750/1888/1743 4751/1889/1741
f 1690/1887/1742 1691/1890/1744 4749/1891/1745 4750/1888/1743
f 1691/1890/1744 1692/1892/1746 4748/1893/1747 4749/1891/1745
f 1692/1892/1746 1693/1894/1748 4747/1895/1749 4748/1893/1747
f 1693/1894/1748 1694/1896/1750 4746/1897/1751 4747/1895/1749
f 1694/1896/1750 1695/1898/1752 4745/1899/1753 4746/1897/1751
f 1696/1900/1754 1697/1901/1755 4743/1902/1756 4744/1903/1757
f 1695/1898/1752 1696/1900/1754 4744/1903/1757 4745/1899/1753
f 1697/1901/1755 1698/1904/1758 4742/1905/1759 4743/1902/1756
f 1698/1904/1758 1683/1872/1728 4741/1875/1731 4742/1905/1759
f 4725/1906/1760 4726/1907/1761 1682/1908/1762 1667/1909/1763
f 4726/1907/1761 4727/1910/1764 1681/1911/1765 1682/1908/1762
f 4727/1910/1764 4728/1912/1766 1680/1913/1767 1681/1911/1765
f 4728/1912/1766 4729/1914/1768 1679/1915/1769 1680/1913/1767
f 4729/1914/1768 4730/1916/1770 1678/1917/1771 1679/1915/1769
f 4730/1916/1770 4731/1918/1772 1677/1919/1773 1678/1917/1771
f 4731/1920/1772 4732/1921/1774 1676/1922/1775 1677/1923/1773
f 4732/1921/1774 4733/1924/1776 1675/1925/1777 1676/1922/1775
f 4733/1924/1776 4734/1926/1778 1674/1927/1779 1675/1925/1777
f 4734/1926/1778 4735/1928/1780 1673/1929/1781 1674/1927/1779
f 4735/1928/1780 4736/1930/1782 1672/1931/1783 1673/1929/1781
f 4736/1930/1782 4737/1932/1784 1671/1933/1785 1672/1931/1783
f 4738/1934/1786 4739/1935/1787 1669/1936/1788 1670/1937/1789
f 4737/1932/1784 4738/1934/1786 1670/1937/1789 1671/1933/1785
f 4739/1935/1787 4740/1938/1790 1668/1939/1791 1669/1936/1788
f 4740/1938/1790 4725/1906/1760 1667/1909/1763 1668/1939/1791
f 1396/1804/1664 1321/1940/1792 1322/1941/1793 1395/1805/1665
f 1320/1942/1794 1321/1940/1792 1396/1804/1664 1397/1836/1694
f 1319/1943/1795 1320/1942/1794 1397/1836/1694 1398/1833/1691
f 1399/1832/1690 1318/1944/1796 1319/1943/1795 1398/1833/1691
f 1400/1830/1688 1317/1945/1797 1318/1944/1796 1399/1832/1690
f 1316/1946/1798 1317/1945/1797 1400/1830/1688 1401/1828/1686
f 1315/1947/1799 1316/1946/1798 1401/1828/1686 1402/1826/1684
f 1314/1948/1800 1315/1947/1799 1402/1826/1684 1403/1824/1682
f 1313/1949/1801 1314/1948/1800 1403/1824/1682 1404/1822/1680
f 1310/1950/1802 1313/1949/1801 1404/1822/1680 1405/1819/1678
f 1406/1818/1676 1311/1951/1803 1310/1950/1802 1405/1819/1678
f 1407/1814/1674 1312/1952/1804 1311/1953/1803 1406/1816/1676
f 1408/1812/1672 1325/1954/1805 1312/1952/1804 1407/1814/1674
f 1409/1810/1670 1324/1955/1806 1325/1954/1805 1408/1812/1672
f 1323/1956/1807 1324/1955/1806 1409/1810/1670 1410/1809/1669
f 1322/1941/1793 1323/1956/1807 1410/1809/1669 1395/1805/1665
f 1086/1385/1263 1340/1728/1578 1341/1503/1378 974/1380/1259
f 1412/1610/1485 1411/1170/1080 859/1237/1147 1145/1693/1568
f 1145/1693/1568 1242/1694/1569 1413/1611/1486 1412/1610/1485
f 1242/1694/1569 1142/1696/1571 1414/1613/1488 1413/1611/1486
f 1142/1696/1571 1230/1695/1570 1415/1614/1489 1414/1613/1488
f 1230/1695/1570 1143/1666/1541 1416/1618/1493 1415/1614/1489
f 1417/1619/1494 1416/1618/1493 1143/1666/1541 1175/1665/1540
f 1418/1711/1496 1417/1619/1494 1175/1665/1540 1146/1714/1545
f 1146/1670/1545 1184/1669/1544 1419/1622/1497 1418/1621/1496
f 1184/1669/1544 1147/1716/1573 1420/1626/1501 1419/1622/1497
f 1421/1627/1502 1420/1626/1501 1147/1716/1573 1207/1717/1574
f 1207/1717/1574 1148/1719/1576 1422/1629/1504 1421/1627/1502
f 1148/1719/1576 1219/1718/1575 1423/1630/1505 1422/1629/1504
f 1219/1718/1575 1149/1720/1577 1424/1633/1508 1423/1630/1505
f 1149/1720/1577 864/1263/1157 1425/1194/1104 1424/1633/1508
f 863/1262/1156 1426/1195/1105 1425/1194/1104 864/1263/1157
f 940/1260/1154 1427/1190/1100 1426/1195/1105 863/1262/1156
f 862/1261/1155 1428/1191/1101 1427/1190/1100 940/1260/1154
f 928/1259/1153 1429/1188/1098 1428/1191/1101 862/1261/1155
f 1430/1189/1099 1429/1188/1098 928/1259/1153 861/1258/1152
f 903/1206/1116 1431/1182/1092 1430/1189/1099 861/1258/1152
f 860/1209/1119 1432/1183/1093 1431/1182/1092 903/1206/1116
f 1433/1180/1090 1432/1254/1093 860/1256/1119 894/1202/1112
f 1434/1181/1091 1433/1180/1090 894/1202/1112 856/1205/1115
f 951/1239/1149 1435/1174/1084 1434/1181/1091 856/1205/1115
f 855/1240/1150 1436/1175/1085 1435/1174/1084 951/1239/1149
f 963/1238/1148 1437/1172/1082 1436/1175/1085 855/1240/1150
f 858/1236/1146 1438/1169/1079 1437/1172/1082 963/1238/1148
f 1411/1170/1080 1438/1169/1079 858/1236/1146 859/1237/1147
f 911/1168/1078 910/1171/1081 1439/1957/1808 1440/1958/1809
f 845/1131/1041 844/1130/1040 1442/1959/1810 1441/1960/1811
f 962/1173/1083 911/1168/1078 1440/1958/1809 1444/1961/1812
f 844/1130/1040 961/1133/1043 1443/1962/1813 1442/1959/1810
f 950/1177/1087 912/1176/1086 1447/1963/1814 1446/1964/1815
f 846/1134/1044 949/1137/1047 1445/1965/1816 1448/1966/1817
f 914/1179/1089 913/1178/1088 1451/1967/1818 1450/1968/1819
f 847/1141/1051 893/1140/1050 1449/1969/1820 1452/1970/1821
f 915/1253/1094 914/1179/1089 1450/1968/1819 1454/1971/1822
f 893/1140/1050 848/1251/1055 1453/1972/1823 1449/1969/1820
f 916/1185/1095 915/1184/1094 1454/1973/1822 1456/1974/1824
f 848/1145/1055 902/1144/1054 1455/1975/1825 1453/1976/1823
f 917/1186/1096 916/1185/1095 1456/1974/1824 1458/1977/1826
f 902/1144/1054 849/1149/1059 1457/1978/1827 1455/1975/1825
f 927/1187/1097 917/1186/1096 1458/1977/1826 1460/1979/1828
f 849/1149/1059 926/1148/1058 1459/1980/1829 1457/1978/1827
f 939/1193/1103 918/1192/1102 1463/1981/1830 1462/1982/1831
f 850/1153/1063 938/1152/1062 1461/1983/1832 1464/1984/1833
f 1087/1197/1107 919/1196/1106 1465/1985/1834 1466/1986/1835
f 851/1154/1064 852/1157/1067 1468/1987/1836 1467/1988/1837
f 918/1192/1102 927/1187/1097 1460/1979/1828 1463/1981/1830
f 926/1148/1058 850/1153/1063 1464/1984/1833 1459/1980/1829
f 919/1196/1106 939/1193/1103 1462/1982/1831 1465/1985/1834
f 938/1152/1062 851/1154/1064 1467/1988/1837 1461/1983/1832
f 913/1178/1088 950/1177/1087 1446/1964/1815 1451/1967/1818
f 949/1137/1047 847/1141/1051 1452/1970/1821 1445/1965/1816
f 912/1176/1086 962/1173/1083 1444/1961/1812 1447/1963/1814
f 961/1133/1043 846/1134/1044 1448/1966/1817 1443/1962/1813
f 1133/1576/1451 845/1131/1041 1441/1960/1811 1469/1989/1838
f 910/1171/1081 1190/1609/1484 1470/1990/1839 1439/1957/1808
f 1240/1578/1453 1133/1576/1451 1469/1989/1838 1471/1991/1840
f 1190/1609/1484 1241/1612/1487 1472/1992/1841 1470/1990/1839
f 1228/1580/1455 1134/1579/1454 1474/1993/1842 1473/1994/1843
f 1191/1616/1491 1229/1615/1490 1476/1995/1844 1475/1996/1845
f 1174/1586/1461 1135/1585/1460 1478/1997/1846 1477/1998/1847
f 1192/1617/1492 1193/1620/1495 1480/1999/1848 1479/2000/1849
f 1183/1590/1465 1136/1589/1464 1482/2001/1850 1481/2002/1851
f 1194/1624/1499 1195/1623/1498 1484/2003/1852 1483/2004/1853
f 1205/1594/1469 1137/1593/1468 1486/2005/1854 1485/2006/1855
f 1196/1625/1500 1206/1628/1503 1488/2007/1856 1487/2008/1857
f 1217/1598/1473 1138/1597/1472 1490/2009/1858 1489/2010/1859
f 1197/1632/1507 1218/1631/1506 1492/2011/1860 1491/2012/1861
f 852/1157/1067 1139/1599/1474 1493/2013/1862 1468/1987/1836
f 1198/1634/1509 1087/1197/1107 1466/1986/1835 1494/2014/1863
f 1136/1707/1464 1174/1586/1461 1477/1998/1847 1482/2015/1850
f 1193/1620/1495 1194/1712/1499 1483/2016/1853 1480/1999/1848
f 1137/1593/1468 1183/1590/1465 1481/2002/1851 1486/2005/1854
f 1195/1623/1498 1196/1625/1500 1487/2008/1857 1484/2003/1852
f 1138/1597/1472 1205/1594/1469 1485/2006/1855 1490/2009/1858
f 1206/1628/1503 1197/1632/1507 1491/2012/1861 1488/2007/1856
f 1139/1599/1474 1217/1598/1473 1489/2010/1859 1493/2013/1862
f 1218/1631/1506 1198/1634/1509 1494/2014/1863 1492/2011/1860
f 1135/1585/1460 1228/1580/1455 1473/1994/1843 1478/1997/1846
f 1229/1615/1490 1192/1617/1492 1479/2000/1849 1476/1995/1844
f 1134/1579/1454 1240/1578/1453 1471/1991/1840 1474/1993/1842
f 1241/1612/1487 1191/1616/1491 1475/1996/1845 1472/1992/1841
f 829/1087/997 960/1091/1001 1496/1132/1042 1495/1129/1039
f 1497/1135/1045 1496/1132/1042 960/1091/1001 831/1094/1004
f 1498/1136/1046 1497/1135/1045 831/1094/1004 948/1093/1003
f 1499/1138/1048 1498/1136/1046 948/1093/1003 833/1100/1010
f 892/1099/1009 1500/1139/1049 1499/1138/1048 833/1100/1010
f 1501/1252/1052 1500/1139/1049 892/1099/1009 835/1249/1016
f 835/1106/1016 901/1105/1015 1502/1143/1053 1501/1142/1052
f 1503/1146/1056 1502/1143/1053 901/1105/1015 837/1113/1023
f 925/1112/1022 1504/1147/1057 1503/1146/1056 837/1113/1023
f 1505/1150/1060 1504/1147/1057 925/1112/1022 839/1127/1037
f 937/1126/1036 1506/1151/1061 1505/1150/1060 839/1127/1037
f 1507/1155/1065 1506/1151/1061 937/1126/1036 843/1120/1030
f 1508/1156/1066 1507/1155/1065 843/1120/1030 842/1123/1033
f 1509/1600/1475 1508/1156/1066 842/1123/1033 1132/1569/1444
f 1510/1595/1470 1509/1600/1475 1132/1569/1444 1216/1573/1448
f 1216/1573/1448 1130/1572/1447 1511/1596/1471 1510/1595/1470
f 1512/1591/1466 1511/1596/1471 1130/1572/1447 1204/1562/1437
f 1204/1562/1437 1128/1561/1436 1513/1592/1467 1512/1591/1466
f 1514/1587/1462 1513/1592/1467 1128/1561/1436 1182/1557/1432
f 1126/1556/1431 1515/1588/1463 1514/1587/1462 1182/1557/1432
f 1516/1583/1458 1515/1708/1463 1126/1705/1431 1173/1551/1426
f 1173/1551/1426 1124/1550/1425 1517/1584/1459 1516/1583/1458
f 1518/1581/1456 1517/1584/1459 1124/1550/1425 1227/1545/1420
f 1519/1582/1457 1518/1581/1456 1227/1545/1420 1122/1544/1419
f 1520/1577/1452 1519/1582/1457 1122/1544/1419 1239/1540/1415
f 1121/1539/1414 1521/1575/1450 1520/1577/1452 1239/1540/1415
f 1121/1539/1414 830/1088/998 1522/1128/1038 1521/1575/1450
f 829/1087/997 1495/1129/1039 1522/1128/1038 830/1088/998
f 1524/1636/1511 1523/1265/1159 1611/2017/1864 1612/2018/1865
f 1525/1638/1513 1524/1636/1511 1612/2018/1865 1613/2019/1866
f 1613/2019/1866 1614/2020/1867 1526/1641/1516 1525/1638/1513
f 1527/1642/1517 1526/1641/1516 1614/2020/1867 1615/2021/1868
f 1615/2021/1868 1616/2022/1869 1528/1645/1520 1527/1642/1517
f 1529/1646/1521 1528/1645/1520 1616/2022/1869 1617/2023/1870
f 1530/1710/1524 1529/1646/1521 1617/2023/1870 1618/2024/1871
f 1531/1650/1525 1530/1649/1524 1618/2025/1871 1619/2026/1872
f 1532/1653/1528 1531/1650/1525 1619/2026/1872 1620/2027/1873
f 1533/1654/1529 1532/1653/1528 1620/2027/1873 1621/2028/1874
f 1621/2028/1874 1622/2029/1875 1534/1657/1532 1533/1654/1529
f 1535/1658/1533 1534/1657/1532 1622/2029/1875 1623/2030/1876
f 1623/2030/1876 1624/2031/1877 1536/1659/1534 1535/1658/1533
f 1624/2031/1877 1625/2032/1878 1537/1292/1184 1536/1659/1534
f 1625/2032/1878 1626/2033/1879 1538/1293/1185 1537/1292/1184
f 1626/2033/1879 1627/2034/1880 1539/1290/1182 1538/1293/1185
f 1540/1291/1183 1539/1290/1182 1627/2034/1880 1628/2035/1881
f 1541/1287/1179 1540/1291/1183 1628/2035/1881 1629/2036/1882
f 1542/1285/1177 1541/1287/1179 1629/2036/1882 1630/2037/1883
f 1543/1282/1175 1542/1285/1177 1630/2037/1883 1631/2038/1884
f 1544/1283/1173 1543/1282/1175 1631/2038/1884 1632/2039/1885
f 1545/1276/1170 1544/1279/1173 1632/2040/1885 1633/2041/1886
f 1546/1277/1171 1545/1276/1170 1633/2041/1886 1634/2042/1887
f 1547/1272/1166 1546/1277/1171 1634/2042/1887 1635/2043/1888
f 1548/1273/1167 1547/1272/1166 1635/2043/1888 1636/2044/1889
f 1549/1269/1163 1548/1273/1167 1636/2044/1889 1637/2045/1890
f 1550/1264/1158 1549/1269/1163 1637/2045/1890 1638/2046/1891
f 1638/2046/1891 1611/2017/1864 1523/1265/1159 1550/1264/1158
f 1552/1735/1585 1551/1733/1583 1253/1486/1361 1254/1487/1362
f 1255/1489/1364 1553/1737/1586 1552/1736/1585 1254/1701/1362
f 1256/1488/1363 1554/1740/1588 1553/1737/1586 1255/1489/1364
f 1257/1491/1366 1555/1742/1590 1554/1740/1588 1256/1488/1363
f 1258/1490/1365 1556/1744/1592 1555/1742/1590 1257/1491/1366
f 1557/1747/1595 1556/1744/1592 1258/1490/1365 1259/1492/1367
f 1558/1748/1596 1557/1747/1595 1259/1492/1367 1260/1493/1368
f 1559/1749/1597 1558/1748/1596 1260/1493/1368 1261/1499/1374
f 1262/1498/1373 1560/1750/1598 1559/1749/1597 1261/1499/1374
f 1263/1497/1372 1561/1752/1599 1560/1751/1598 1262/1725/1373
f 1264/1496/1371 1562/1753/1600 1561/1752/1599 1263/1497/1372
f 1265/1495/1370 1563/1754/1601 1562/1753/1600 1264/1496/1371
f 1266/1494/1369 1564/1756/1603 1563/1754/1601 1265/1495/1370
f 1565/1759/1606 1564/1756/1603 1266/1494/1369 1267/1484/1359
f 1566/1732/1582 1565/1759/1606 1267/1484/1359 1252/1485/1360
f 1551/1733/1583 1566/1732/1582 1252/1485/1360 1253/1486/1361
f 809/1375/1253 1568/1307/1192 1567/1306/1191 898/1374/1254
f 1569/1309/1193 1568/1308/1192 809/1373/1253 889/1372/1252
f 1570/1310/1194 1569/1309/1193 889/1372/1252 810/1371/1251
f 1571/1311/1195 1570/1310/1194 810/1371/1251 945/1370/1250
f 1572/1312/1196 1571/1311/1195 945/1370/1250 811/1369/1249
f 957/1368/1248 1573/1313/1197 1572/1312/1196 811/1369/1249
f 812/1304/1189 1574/1314/1198 1573/1313/1197 957/1368/1248
f 973/1045/955 1575/1315/1199 1574/1314/1198 812/1304/1189
f 1576/1316/1200 1575/1315/1199 973/1045/955 814/1048/958
f 1577/1318/1201 1576/1317/1200 814/1302/958 969/1070/980
f 1578/1319/1202 1577/1318/1201 969/1070/980 813/1069/979
f 1579/1320/1203 1578/1319/1202 813/1069/979 934/1379/1258
f 1580/1321/1204 1579/1320/1203 934/1379/1258 807/1378/1257
f 922/1377/1256 1581/1322/1205 1580/1321/1204 807/1378/1257
f 808/1376/1255 1582/1305/1190 1581/1322/1205 922/1377/1256
f 898/1374/1254 1567/1306/1191 1582/1305/1190 808/1376/1255
f 1584/1536/1411 1583/1084/994 827/1089/999 1119/1538/1413
f 1585/1537/1412 1584/1536/1411 1119/1538/1413 1238/1541/1416
f 1238/1541/1416 1120/1543/1418 1586/1546/1421 1585/1537/1412
f 1587/1547/1422 1586/1546/1421 1120/1543/1418 1226/1542/1417
f 1123/1549/1424 1588/1552/1427 1587/1547/1422 1226/1542/1417
f 1589/1553/1428 1588/1552/1427 1123/1549/1424 1172/1548/1423
f 1172/1548/1423 1125/1706/1430 1590/1704/1433 1589/1553/1428
f 1591/1559/1434 1590/1558/1433 1125/1555/1430 1181/1554/1429
f 1181/1554/1429 1127/1560/1435 1592/1564/1439 1591/1559/1434
f 1593/1565/1440 1592/1564/1439 1127/1560/1435 1203/1563/1438
f 1129/1571/1446 1594/1566/1441 1593/1565/1440 1203/1563/1438
f 1595/1567/1442 1594/1566/1441 1129/1571/1446 1215/1574/1449
f 1215/1574/1449 1131/1570/1445 1596/1568/1443 1595/1567/1442
f 1131/1570/1445 841/1122/1032 1597/1118/1028 1596/1568/1443
f 840/1121/1031 1598/1119/1029 1597/1118/1028 841/1122/1032
f 936/1125/1035 1599/1116/1026 1598/1119/1029 840/1121/1031
f 1600/1117/1027 1599/1116/1026 936/1125/1035 838/1124/1034
f 838/1124/1034 924/1111/1021 1601/1114/1024 1600/1117/1027
f 1602/1115/1025 1601/1114/1024 924/1111/1021 836/1110/1020
f 900/1104/1014 1603/1108/1018 1602/1115/1025 836/1110/1020
f 1604/1109/1019 1603/1108/1018 900/1104/1014 834/1107/1017
f 891/1098/1008 1605/1102/1012 1604/1248/1019 834/1250/1017
f 1606/1103/1013 1605/1102/1012 891/1098/1008 832/1101/1011
f 832/1101/1011 947/1092/1002 1607/1096/1006 1606/1103/1013
f 1608/1097/1007 1607/1096/1006 947/1092/1002 828/1095/1005
f 959/1090/1000 1609/1085/995 1608/1097/1007 828/1095/1005
f 1610/1083/993 1609/1085/995 959/1090/1000 826/1086/996
f 1583/1084/994 1610/1083/993 826/1086/996 827/1089/999
f 1612/2018/1865 1611/2017/1864 1439/2047/1892 1470/2048/1893
f 1613/2019/1866 1612/2018/1865 1470/2048/1893 1472/2049/1894
f 1475/2050/1895 1614/2020/1867 1613/2019/1866 1472/2049/1894
f 1615/2021/1868 1614/2020/1867 1475/2050/1895 1476/2051/1896
f 1479/2052/1897 1616/2022/1869 1615/2021/1868 1476/2051/1896
f 1617/2023/1870 1616/2022/1869 1479/2052/1897 1480/2053/1898
f 1618/2024/1871 1617/2023/1870 1480/2053/1898 1483/2054/1899
f 1619/2026/1872 1618/2025/1871 1483/2055/1899 1484/2056/1900
f 1620/2027/1873 1619/2026/1872 1484/2056/1900 1487/2057/1901
f 1621/2028/1874 1620/2027/1873 1487/2057/1901 1488/2058/1902
f 1491/2059/1903 1622/2029/1875 1621/2028/1874 1488/2058/1902
f 1623/2030/1876 1622/2029/1875 1491/2059/1903 1492/2060/1904
f 1494/2061/1905 1624/2031/1877 1623/2030/1876 1492/2060/1904
f 1466/2062/1906 1625/2032/1878 1624/2031/1877 1494/2061/1905
f 1466/2062/1906 1465/2063/1907 1626/2033/1879 1625/2032/1878
f 1465/2063/1907 1462/2064/1908 1627/2034/1880 1626/2033/1879
f 1628/2035/1881 1627/2034/1880 1462/2064/1908 1463/2065/1909
f 1629/2036/1882 1628/2035/1881 1463/2065/1909 1460/2066/1910
f 1630/2037/1883 1629/2036/1882 1460/2066/1910 1458/2067/1911
f 1631/2038/1884 1630/2037/1883 1458/2067/1911 1456/2068/1912
f 1632/2039/1885 1631/2038/1884 1456/2068/1912 1454/2069/1913
f 1633/2041/1886 1632/2040/1885 1454/2070/1913 1450/2071/1914
f 1634/2042/1887 1633/2041/1886 1450/2071/1914 1451/2072/1915
f 1635/2043/1888 1634/2042/1887 1451/2072/1915 1446/2073/1916
f 1636/2044/1889 1635/2043/1888 1446/2073/1916 1447/2074/1917
f 1637/2045/1890 1636/2044/1889 1447/2074/1917 1444/2075/1918
f 1638/2046/1891 1637/2045/1890 1444/2075/1918 1440/2076/1919
f 1440/2076/1919 1439/2047/1892 1611/2017/1864 1638/2046/1891
f 1443/2077/1920 1640/1268/1162 1639/1267/1161 1442/2078/1921
f 1448/2079/1922 1641/1270/1164 1640/1268/1162 1443/2077/1920
f 1445/2080/1923 1642/1271/1165 1641/1270/1164 1448/2079/1922
f 1452/2081/1924 1643/1274/1168 1642/1271/1165 1445/2080/1923
f 1449/2082/1925 1644/1275/1169 1643/1274/1168 1452/2081/1924
f 1453/2083/1926 1645/1278/1172 1644/1275/1169 1449/2082/1925
f 1455/2084/1927 1646/1281/1174 1645/1280/1172 1453/2085/1926
f 1457/2086/1928 1647/1284/1176 1646/1281/1174 1455/2084/1927
f 1459/2087/1929 1648/1286/1178 1647/1284/1176 1457/2086/1928
f 1464/2088/1930 1649/1288/1180 1648/1286/1178 1459/2087/1929
f 1461/2089/1931 1650/1289/1181 1649/1288/1180 1464/2088/1930
f 1651/1294/1186 1650/1289/1181 1461/2089/1931 1467/2090/1932
f 1652/1295/1187 1651/1294/1186 1467/2090/1932 1468/2091/1933
f 1653/1660/1535 1652/1295/1187 1468/2091/1933 1493/2092/1934
f 1654/1655/1530 1653/1660/1535 1493/2092/1934 1489/2093/1935
f 1489/2093/1935 1490/2094/1936 1655/1656/1531 1654/1655/1530
f 1656/1651/1526 1655/1656/1531 1490/2094/1936 1485/2095/1937
f 1485/2095/1937 1486/2096/1938 1657/1652/1527 1656/1651/1526
f 1486/2096/1938 1481/2097/1939 1658/1647/1522 1657/1652/1527
f 1481/2097/1939 1482/2098/1940 1659/1648/1523 1658/1647/1522
f 1482/2099/1940 1477/2100/1941 1660/1643/1518 1659/1709/1523
f 1477/2100/1941 1478/2101/1942 1661/1644/1519 1660/1643/1518
f 1662/1639/1514 1661/1644/1519 1478/2101/1942 1473/2102/1943
f 1473/2102/1943 1474/2103/1944 1663/1640/1515 1662/1639/1514
f 1664/1637/1512 1663/1640/1515 1474/2103/1944 1471/2104/1945
f 1471/2104/1945 1469/2105/1946 1665/1635/1510 1664/1637/1512
f 1469/2105/1946 1441/2106/1947 1666/1266/1160 1665/1635/1510
f 1639/1267/1161 1666/1266/1160 1441/2106/1947 1442/2078/1921
f 1668/1939/1791 1667/1909/1763 1891/2107/1948 1892/2108/1949
f 1669/1936/1788 1668/1939/1791 1892/2108/1949 1893/2109/1950
f 1670/1937/1789 1669/1936/1788 1893/2109/1950 1894/2110/1951
f 1671/1933/1785 1670/1937/1789 1894/2110/1951 1895/2111/1952
f 1672/1931/1783 1671/1933/1785 1895/2111/1952 1896/2112/1953
f 1673/1929/1781 1672/1931/1783 1896/2112/1953 1897/2113/1954
f 1674/1927/1779 1673/1929/1781 1897/2113/1954 1898/2114/1955
f 1675/1925/1777 1674/1927/1779 1898/2114/1955 1899/2115/1956
f 1676/1922/1775 1675/1925/1777 1899/2115/1956 1900/2116/1957
f 1677/1923/1773 1676/1922/1775 1900/2116/1957 1901/2117/1958
f 1678/1917/1771 1677/1919/1773 1901/2118/1958 1902/2119/1959
f 1679/1915/1769 1678/1917/1771 1902/2119/1959 1903/2120/1960
f 1680/1913/1767 1679/1915/1769 1903/2120/1960 1904/2121/1961
f 1681/1911/1765 1680/1913/1767 1904/2121/1961 1905/2122/1962
f 1682/1908/1762 1681/1911/1765 1905/2122/1962 1906/2123/1963
f 1906/2123/1963 1891/2107/1948 1667/1909/1763 1682/1908/1762
f 1715/2124/1964 1716/2125/1965 1684/1873/1729 1683/1872/1728
f 1716/2125/1965 1717/2126/1966 1685/1876/1732 1684/1873/1729
f 1717/2126/1966 1718/2127/1967 1686/1878/1734 1685/1876/1732
f 1718/2127/1967 1719/2128/1968 1687/1880/1736 1686/1878/1734
f 1719/2128/1968 1720/2129/1969 1688/1882/1738 1687/1880/1736
f 1720/2129/1969 1721/2130/1970 1689/1884/1740 1688/1882/1738
f 1721/2131/1970 1722/2132/1971 1690/1887/1742 1689/1886/1740
f 1722/2132/1971 1723/2133/1972 1691/1890/1744 1690/1887/1742
f 1723/2133/1972 1724/2134/1973 1692/1892/1746 1691/1890/1744
f 1724/2134/1973 1725/2135/1974 1693/1894/1748 1692/1892/1746
f 1725/2135/1974 1726/2136/1975 1694/1896/1750 1693/1894/1748
f 1726/2136/1975 1727/2137/1976 1695/1898/1752 1694/1896/1750
f 1727/2137/1976 1728/2138/1977 1696/1900/1754 1695/1898/1752
f 1728/2138/1977 1729/2139/1978 1697/1901/1755 1696/1900/1754
f 1729/2139/1978 1730/2140/1979 1698/1904/1758 1697/1901/1755
f 1730/2140/1979 1715/2124/1964 1683/1872/1728 1698/1904/1758
f 1347/2141/1980 1700/1839/1697 1699/1838/1696 1346/2142/1981
f 1348/2143/1982 1701/1842/1700 1700/1839/1697 1347/2141/1980
f 1349/2144/1983 1702/1844/1702 1701/1842/1700 1348/2143/1982
f 1350/2145/1984 1703/1846/1704 1702/1844/1702 1349/2144/1983
f 1351/2146/1985 1704/1848/1706 1703/1846/1704 1350/2145/1984
f 1352/2147/1986 1705/1850/1708 1704/1848/1706 1351/2146/1985
f 1353/2148/1987 1706/1853/1710 1705/1852/1708 1352/2149/1986
f 1354/2150/1988 1707/1856/1712 1706/1853/1710 1353/2148/1987
f 1355/2151/1989 1708/1858/1714 1707/1856/1712 1354/2150/1988
f 1356/2152/1990 1709/1860/1716 1708/1858/1714 1355/2151/1989
f 1357/2153/1991 1710/1862/1718 1709/1860/1716 1356/2152/1990
f 1358/2154/1992 1711/1864/1720 1710/1862/1718 1357/2153/1991
f 1359/2155/1993 1712/1866/1722 1711/1864/1720 1358/2154/1992
f 1360/2156/1994 1713/1867/1723 1712/1866/1722 1359/2155/1993
f 1361/2157/1995 1714/1870/1726 1713/1867/1723 1360/2156/1994
f 1346/2142/1981 1699/1838/1696 1714/1870/1726 1361/2157/1995
f 1363/2158/1996 1716/2125/1965 1715/2124/1964 1362/2159/1997
f 1364/2160/1998 1717/2126/1966 1716/2125/1965 1363/2158/1996
f 1365/2161/1999 1718/2127/1967 1717/2126/1966 1364/2160/1998
f 1366/2162/2000 1719/2128/1968 1718/2127/1967 1365/2161/1999
f 1367/2163/2001 1720/2129/1969 1719/2128/1968 1366/2162/2000
f 1368/2164/2002 1721/2130/1970 1720/2129/1969 1367/2163/2001
f 1369/2165/2003 1722/2132/1971 1721/2131/1970 1368/2166/2002
f 1370/2167/2004 1723/2133/1972 1722/2132/1971 1369/2165/2003
f 1371/2168/2005 1724/2134/1973 1723/2133/1972 1370/2167/2004
f 1372/2169/2006 1725/2135/1974 1724/2134/1973 1371/2168/2005
f 1373/2170/2007 1726/2136/1975 1725/2135/1974 1372/2169/2006
f 1374/2171/2008 1727/2137/1976 1726/2136/1975 1373/2170/2007
f 1375/2172/2009 1728/2138/1977 1727/2137/1976 1374/2171/2008
f 1376/2173/2010 1729/2139/1978 1728/2138/1977 1375/2172/2009
f 1377/2174/2011 1730/2140/1979 1729/2139/1978 1376/2173/2010
f 1362/2159/1997 1715/2124/1964 1730/2140/1979 1377/2174/2011
f 1732/1871/1727 1731/1841/1699 1362/2159/1997 1377/2174/2011
f 1733/1868/1724 1732/1871/1727 1377/2174/2011 1376/2173/2010
f 1734/1869/1725 1733/1868/1724 1376/2173/2010 1375/2172/2009
f 1735/1865/1721 1734/1869/1725 1375/2172/2009 1374/2171/2008
f 1736/1863/1719 1735/1865/1721 1374/2171/2008 1373/2170/2007
f 1737/1861/1717 1736/1863/1719 1373/2170/2007 1372/2169/2006
f 1738/1859/1715 1737/1861/1717 1372/2169/2006 1371/2168/2005
f 1739/1857/1713 1738/1859/1715 1371/2168/2005 1370/2167/2004
f 1740/1854/1711 1739/1857/1713 1370/2167/2004 1369/2165/2003
f 1741/1855/1709 1740/1854/1711 1369/2165/2003 1368/2166/2002
f 1742/1849/1707 1741/1851/1709 1368/2164/2002 1367/2163/2001
f 1743/1847/1705 1742/1849/1707 1367/2163/2001 1366/2162/2000
f 1744/1845/1703 1743/1847/1705 1366/2162/2000 1365/2161/1999
f 1745/1843/1701 1744/1845/1703 1365/2161/1999 1364/2160/1998
f 1746/1840/1698 1745/1843/1701 1364/2160/1998 1363/2158/1996
f 1731/1841/1699 1746/1840/1698 1363/2158/1996 1362/2159/1997
f 1940/2175/2012 1941/2176/2013 1764/2177/2014 1763/2178/2015
f 1763/2178/2015 1765/2179/2016 1939/2180/2017 1940/2175/2012
f 1954/2181/2018 1939/2180/2017 1765/2179/2016 1766/2182/2019
f 1953/2183/2020 1954/2181/2018 1766/2182/2019 1767/2184/2021
f 1952/2185/2022 1953/2183/2020 1767/2184/2021 1768/2186/2023
f 1951/2187/2024 1952/2185/2022 1768/2186/2023 1769/2188/2025
f 1950/2189/2026 1951/2190/2024 1769/2191/2025 1770/2192/2027
f 1949/2193/2028 1950/2189/2026 1770/2192/2027 1771/2194/2029
f 1948/2195/2030 1949/2193/2028 1771/2194/2029 1772/2196/2031
f 1947/2197/2032 1948/2195/2030 1772/2196/2031 1773/2198/2033
f 1946/2199/2034 1947/2197/2032 1773/2198/2033 1774/2200/2035
f 1945/2201/2036 1946/2199/2034 1774/2200/2035 1775/2202/2037
f 1943/2203/2038 1944/2204/2039 1777/2205/2040 1776/2206/2041
f 1944/2204/2039 1945/2201/2036 1775/2202/2037 1777/2205/2040
f 1942/2207/2042 1943/2203/2038 1776/2206/2041 1778/2208/2043
f 1941/2176/2013 1942/2207/2042 1778/2208/2043 1764/2177/2014
f 1779/2209/2044 1782/2210/2045 1781/2211/2046 1780/2212/2047
f 1780/2212/2047 1781/2211/2046 1784/2213/2048 1783/2214/2049
f 1783/2214/2049 1784/2213/2048 1786/2215/2050 1785/2216/2051
f 1785/2216/2051 1786/2215/2050 1788/2217/2052 1787/2218/2053
f 1787/2218/2053 1788/2217/2052 1790/2219/2054 1789/2220/2055
f 1789/2220/2055 1790/2219/2054 1792/2221/2056 1791/2222/2057
f 1791/2223/2057 1792/2224/2056 1794/2225/2058 1793/2226/2059
f 1793/2226/2059 1794/2225/2058 1796/2227/2060 1795/2228/2061
f 1795/2228/2061 1796/2227/2060 1798/2229/2062 1797/2230/2063
f 1797/2230/2063 1798/2229/2062 1800/2231/2064 1799/2232/2065
f 1799/2232/2065 1800/2231/2064 1802/2233/2066 1801/2234/2067
f 1801/2234/2067 1802/2233/2066 1804/2235/2068 1803/2236/2069
f 1805/2237/2070 1808/2238/2071 1807/2239/2072 1806/2240/2073
f 1803/2236/2069 1804/2235/2068 1808/2238/2071 1805/2237/2070
f 1806/2240/2073 1807/2239/2072 1810/2241/2074 1809/2242/2075
f 1809/2242/2075 1810/2241/2074 1782/2210/2045 1779/2209/2044
f 4757/2243/2076 4758/2244/2077 1814/2245/2078 1813/2246/2079
f 4772/2247/2080 4757/2243/2076 1813/2246/2079 1816/2248/2081
f 4771/2249/2082 4772/2247/2080 1816/2248/2081 1818/2250/2083
f 4770/2251/2084 4771/2249/2082 1818/2250/2083 1820/2252/2085
f 4769/2253/2086 4770/2251/2084 1820/2252/2085 1822/2254/2087
f 4768/2255/2088 4769/2253/2086 1822/2254/2087 1824/2256/2089
f 4767/2257/2090 4768/2258/2088 1824/2259/2089 1826/2260/2091
f 4766/2261/2092 4767/2257/2090 1826/2260/2091 1828/2262/2093
f 4765/2263/2094 4766/2261/2092 1828/2262/2093 1830/2264/2095
f 4764/2265/2096 4765/2263/2094 1830/2264/2095 1832/2266/2097
f 4763/2267/2098 4764/2265/2096 1832/2266/2097 1834/2268/2099
f 4762/2269/2100 4763/2267/2098 1834/2268/2099 1836/2270/2101
f 4760/2271/2102 4761/2272/2103 1840/2273/2104 1839/2274/2105
f 4761/2272/2103 4762/2269/2100 1836/2270/2101 1840/2273/2104
f 4759/2275/2106 4760/2271/2102 1839/2274/2105 1842/2276/2107
f 4758/2244/2077 4759/2275/2106 1842/2276/2107 1814/2245/2078
f 4773/2277/2108 4774/2278/2109 1844/2279/2110 1843/2280/2111
f 4788/2281/2112 4773/2277/2108 1843/2280/2111 1845/2282/2113
f 4787/2283/2114 4788/2281/2112 1845/2282/2113 1846/2284/2115
f 4786/2285/2116 4787/2283/2114 1846/2284/2115 1847/2286/2117
f 4785/2287/2118 4786/2285/2116 1847/2286/2117 1848/2288/2119
f 4784/2289/2120 4785/2287/2118 1848/2288/2119 1849/2290/2121
f 4783/2291/2122 4784/2292/2120 1849/2293/2121 1850/2294/2123
f 4782/2295/2124 4783/2291/2122 1850/2294/2123 1851/2296/2125
f 4781/2297/2126 4782/2295/2124 1851/2296/2125 1852/2298/2127
f 4780/2299/2128 4781/2297/2126 1852/2298/2127 1853/2300/2129
f 4779/2301/2130 4780/2299/2128 1853/2300/2129 1854/2302/2131
f 4778/2303/2132 4779/2301/2130 1854/2302/2131 1855/2304/2133
f 4776/2305/2134 4777/2306/2135 1857/2307/2136 1856/2308/2137
f 4777/2306/2135 4778/2303/2132 1855/2304/2133 1857/2307/2136
f 4775/2309/2138 4776/2305/2134 1856/2308/2137 1858/2310/2139
f 4774/2278/2109 4775/2309/2138 1858/2310/2139 1844/2279/2110
f 1859/2311/2140 1811/2312/2141 1812/2313/2142 1860/2314/2143
f 1860/2314/2143 1812/2313/2142 1815/2315/2144 1861/2316/2145
f 1861/2316/2145 1815/2315/2144 1817/2317/2146 1862/2318/2147
f 1862/2318/2147 1817/2317/2146 1819/2319/2148 1863/2320/2149
f 1863/2320/2149 1819/2319/2148 1821/2321/2150 1864/2322/2151
f 1864/2322/2151 1821/2321/2150 1823/2323/2152 1865/2324/2153
f 1865/2325/2153 1823/2326/2152 1825/2327/2154 1866/2328/2155
f 1866/2328/2155 1825/2327/2154 1827/2329/2156 1867/2330/2157
f 1867/2330/2157 1827/2329/2156 1829/2331/2158 1868/2332/2159
f 1868/2332/2159 1829/2331/2158 1831/2333/2160 1869/2334/2161
f 1869/2334/2161 1831/2333/2160 1833/2335/2162 1870/2336/2163
f 1870/2336/2163 1833/2335/2162 1835/2337/2164 1871/2338/2165
f 1871/2338/2165 1835/2337/2164 1837/2339/2166 1872/2340/2167
f 1872/2340/2167 1837/2339/2166 1838/2341/2168 1873/2342/2169
f 1873/2342/2169 1838/2341/2168 1841/2343/2170 1874/2344/2171
f 1874/2344/2171 1841/2343/2170 1811/2312/2141 1859/2311/2140
f 1763/2178/2015 1764/2177/2014 1779/2209/2044 1780/2212/2047
f 1765/2179/2016 1763/2178/2015 1780/2212/2047 1783/2214/2049
f 1766/2182/2019 1765/2179/2016 1783/2214/2049 1785/2216/2051
f 1767/2184/2021 1766/2182/2019 1785/2216/2051 1787/2218/2053
f 1768/2186/2023 1767/2184/2021 1787/2218/2053 1789/2220/2055
f 1769/2188/2025 1768/2186/2023 1789/2220/2055 1791/2222/2057
f 1770/2192/2027 1769/2191/2025 1791/2223/2057 1793/2226/2059
f 1771/2194/2029 1770/2192/2027 1793/2226/2059 1795/2228/2061
f 1772/2196/2031 1771/2194/2029 1795/2228/2061 1797/2230/2063
f 1773/2198/2033 1772/2196/2031 1797/2230/2063 1799/2232/2065
f 1774/2200/2035 1773/2198/2033 1799/2232/2065 1801/2234/2067
f 1775/2202/2037 1774/2200/2035 1801/2234/2067 1803/2236/2069
f 1777/2205/2040 1775/2202/2037 1803/2236/2069 1805/2237/2070
f 1776/2206/2041 1777/2205/2040 1805/2237/2070 1806/2240/2073
f 1778/2208/2043 1776/2206/2041 1806/2240/2073 1809/2242/2075
f 1764/2177/2014 1778/2208/2043 1809/2242/2075 1779/2209/2044
f 1907/2345/2172 1908/2346/2173 1754/2347/2174 1755/2348/2175
f 1908/2346/2173 1909/2349/2176 1757/2350/2177 1754/2347/2174
f 1909/2349/2176 1910/2351/2178 1753/2352/2179 1757/2350/2177
f 1910/2351/2178 1911/2353/2180 1752/2354/2181 1753/2352/2179
f 1911/2353/2180 1912/2355/2182 1751/2356/2183 1752/2354/2181
f 1912/2355/2182 1913/2357/2184 1748/2358/2185 1751/2356/2183
f 1913/2357/2184 1914/2359/2186 1747/2360/2187 1748/2358/2185
f 1914/2359/2186 1915/2361/2188 1749/2362/2189 1747/2360/2187
f 1915/2361/2188 1916/2363/2190 1750/2364/2191 1749/2362/2189
f 1916/2363/2190 1917/2365/2192 1762/2366/2193 1750/2364/2191
f 1917/2367/2192 1918/2368/2194 1760/2369/2195 1762/2370/2193
f 1918/2368/2194 1919/2371/2196 1759/2372/2197 1760/2369/2195
f 1919/2371/2196 1920/2373/2198 1758/2374/2199 1759/2372/2197
f 1920/2373/2198 1921/2375/2200 1761/2376/2201 1758/2374/2199
f 1921/2375/2200 1922/2377/2202 1756/2378/2203 1761/2376/2201
f 1922/2377/2202 1907/2345/2172 1755/2348/2175 1756/2378/2203
f 1875/2379/2204 1876/2380/2205 1859/2311/2140 1860/2314/2143
f 1877/2381/2206 1875/2379/2204 1860/2314/2143 1861/2316/2145
f 1878/2382/2207 1877/2381/2206 1861/2316/2145 1862/2318/2147
f 1879/2383/2208 1878/2382/2207 1862/2318/2147 1863/2320/2149
f 1880/2384/2209 1879/2383/2208 1863/2320/2149 1864/2322/2151
f 1881/2385/2210 1880/2384/2209 1864/2322/2151 1865/2324/2153
f 1882/2386/2211 1881/2387/2210 1865/2325/2153 1866/2328/2155
f 1883/2388/2212 1882/2386/2211 1866/2328/2155 1867/2330/2157
f 1884/2389/2213 1883/2388/2212 1867/2330/2157 1868/2332/2159
f 1885/2390/2214 1884/2389/2213 1868/2332/2159 1869/2334/2161
f 1886/2391/2215 1885/2390/2214 1869/2334/2161 1870/2336/2163
f 1887/2392/2216 1886/2391/2215 1870/2336/2163 1871/2338/2165
f 1888/2393/2217 1887/2392/2216 1871/2338/2165 1872/2340/2167
f 1889/2394/2218 1888/2393/2217 1872/2340/2167 1873/2342/2169
f 1890/2395/2219 1889/2394/2218 1873/2342/2169 1874/2344/2171
f 1876/2380/2205 1890/2395/2219 1874/2344/2171 1859/2311/2140
f 1810/2241/2074 1890/2395/2219 1876/2380/2205 1782/2210/2045
f 1807/2239/2072 1889/2394/2218 1890/2395/2219 1810/2241/2074
f 1808/2238/2071 1888/2393/2217 1889/2394/2218 1807/2239/2072
f 1804/2235/2068 1887/2392/2216 1888/2393/2217 1808/2238/2071
f 1802/2233/2066 1886/2391/2215 1887/2392/2216 1804/2235/2068
f 1800/2231/2064 1885/2390/2214 1886/2391/2215 1802/2233/2066
f 1798/2229/2062 1884/2389/2213 1885/2390/2214 1800/2231/2064
f 1796/2227/2060 1883/2388/2212 1884/2389/2213 1798/2229/2062
f 1794/2225/2058 1882/2386/2211 1883/2388/2212 1796/2227/2060
f 1792/2224/2056 1881/2387/2210 1882/2386/2211 1794/2225/2058
f 1790/2219/2054 1880/2384/2209 1881/2385/2210 1792/2221/2056
f 1788/2217/2052 1879/2383/2208 1880/2384/2209 1790/2219/2054
f 1786/2215/2050 1878/2382/2207 1879/2383/2208 1788/2217/2052
f 1784/2213/2048 1877/2381/2206 1878/2382/2207 1786/2215/2050
f 1781/2211/2046 1875/2379/2204 1877/2381/2206 1784/2213/2048
f 1782/2210/2045 1876/2380/2205 1875/2379/2204 1781/2211/2046
f 1892/2108/1949 1891/2107/1948 780/2396/2220 785/2397/2221
f 1893/2109/1950 1892/2108/1949 785/2397/2221 779/2398/2222
f 1894/2110/1951 1893/2109/1950 779/2398/2222 786/2399/2223
f 1895/2111/1952 1894/2110/1951 786/2399/2223 784/2400/2224
f 1896/2112/1953 1895/2111/1952 784/2400/2224 777/2401/2225
f 1897/2113/1954 1896/2112/1953 777/2401/2225 783/2402/2226
f 1898/2114/1955 1897/2113/1954 783/2402/2226 776/2403/2227
f 1899/2115/1956 1898/2114/1955 776/2403/2227 789/2404/2228
f 1900/2116/1957 1899/2115/1956 789/2404/2228 778/2405/2229
f 1901/2117/1958 1900/2116/1957 778/2405/2229 1394/2406/2230
f 1902/2119/1959 1901/2118/1958 1394/2407/2230 788/2408/2231
f 1903/2120/1960 1902/2119/1959 788/2408/2231 782/2409/2232
f 1904/2121/1961 1903/2120/1960 782/2409/2232 787/2410/2233
f 1905/2122/1962 1904/2121/1961 787/2410/2233 781/2411/2234
f 1906/2123/1963 1905/2122/1962 781/2411/2234 790/2412/2235
f 780/2396/2220 1891/2107/1948 1906/2123/1963 790/2412/2235
f 1858/2310/2139 1908/2346/2173 1907/2345/2172 1844/2279/2110
f 1856/2308/2137 1909/2349/2176 1908/2346/2173 1858/2310/2139
f 1857/2307/2136 1910/2351/2178 1909/2349/2176 1856/2308/2137
f 1855/2304/2133 1911/2353/2180 1910/2351/2178 1857/2307/2136
f 1854/2302/2131 1912/2355/2182 1911/2353/2180 1855/2304/2133
f 1853/2300/2129 1913/2357/2184 1912/2355/2182 1854/2302/2131
f 1852/2298/2127 1914/2359/2186 1913/2357/2184 1853/2300/2129
f 1851/2296/2125 1915/2361/2188 1914/2359/2186 1852/2298/2127
f 1850/2294/2123 1916/2363/2190 1915/2361/2188 1851/2296/2125
f 1849/2293/2121 1917/2365/2192 1916/2363/2190 1850/2294/2123
f 1848/2288/2119 1918/2368/2194 1917/2367/2192 1849/2290/2121
f 1847/2286/2117 1919/2371/2196 1918/2368/2194 1848/2288/2119
f 1846/2284/2115 1920/2373/2198 1919/2371/2196 1847/2286/2117
f 1845/2282/2113 1921/2375/2200 1920/2373/2198 1846/2284/2115
f 1843/2280/2111 1922/2377/2202 1921/2375/2200 1845/2282/2113
f 1844/2279/2110 1907/2345/2172 1922/2377/2202 1843/2280/2111
f 1347/2141/1980 1924/1806/1666 1923/1808/1668 1348/2143/1982
f 1925/1807/1667 1924/1806/1666 1347/2141/1980 1346/2142/1981
f 1926/1837/1695 1925/1807/1667 1346/2142/1981 1361/2157/1995
f 1927/1834/1692 1926/1837/1695 1361/2157/1995 1360/2156/1994
f 1928/1835/1693 1927/1834/1692 1360/2156/1994 1359/2155/1993
f 1929/1831/1689 1928/1835/1693 1359/2155/1993 1358/2154/1992
f 1930/1829/1687 1929/1831/1689 1358/2154/1992 1357/2153/1991
f 1931/1827/1685 1930/1829/1687 1357/2153/1991 1356/2152/1990
f 1932/1825/1683 1931/1827/1685 1356/2152/1990 1355/2151/1989
f 1933/1823/1681 1932/1825/1683 1355/2151/1989 1354/2150/1988
f 1934/1820/1679 1933/1823/1681 1354/2150/1988 1353/2148/1987
f 1935/1821/1677 1934/1820/1679 1353/2148/1987 1352/2149/1986
f 1936/1815/1675 1935/1817/1677 1352/2147/1986 1351/2146/1985
f 1937/1813/1673 1936/1815/1675 1351/2146/1985 1350/2145/1984
f 1938/1811/1671 1937/1813/1673 1350/2145/1984 1349/2144/1983
f 1923/1808/1668 1938/1811/1671 1349/2144/1983 1348/2143/1982
f 1940/2175/2012 1939/2180/2017 1084/1419/1295 1069/1387/1265
f 1070/1386/1264 1941/2176/2013 1940/2175/2012 1069/1387/1265
f 1071/1391/1269 1942/2207/2042 1941/2176/2013 1070/1386/1264
f 1072/1393/1271 1943/2203/2038 1942/2207/2042 1071/1391/1269
f 1073/1394/1272 1944/2204/2039 1943/2203/2038 1072/1393/1271
f 1074/1396/1274 1945/2201/2036 1944/2204/2039 1073/1394/1272
f 1075/1399/1277 1946/2199/2034 1945/2201/2036 1074/1396/1274
f 1076/1401/1279 1947/2197/2032 1946/2199/2034 1075/1399/1277
f 1077/1403/1281 1948/2195/2030 1947/2197/2032 1076/1401/1279
f 1078/1405/1283 1949/2193/2028 1948/2195/2030 1077/1403/1281
f 1079/1407/1285 1950/2189/2026 1949/2193/2028 1078/1405/1283
f 1080/1408/1286 1951/2190/2024 1950/2189/2026 1079/1407/1285
f 1081/1410/1288 1952/2185/2022 1951/2187/2024 1080/1411/1286
f 1082/1414/1290 1953/2183/2020 1952/2185/2022 1081/1410/1288
f 1083/1416/1292 1954/2181/2018 1953/2183/2020 1082/1414/1290
f 1084/1419/1295 1939/2180/2017 1954/2181/2018 1083/1416/1292
f 1150/1667/1542 1956/1778/2236 1955/1772/2237 1176/1668/1543
f 1150/1667/1542 1167/1664/1539 1957/1780/2238 1956/1778/2236
f 1958/1782/2239 1957/1780/2238 1167/1664/1539 1151/1663/1538
f 1959/1784/2240 1958/1782/2239 1151/1663/1538 1158/1685/1560
f 1960/1786/2241 1959/1784/2240 1158/1685/1560 1300/1761/1624
f 1961/1788/2242 1960/1786/2241 1300/1761/1624 1302/1763/1626
f 1962/1790/2243 1961/1788/2242 1302/1763/1626 1304/1765/1628
f 1963/1792/2244 1962/1790/2243 1304/1765/1628 1306/1767/1630
f 1964/1794/2245 1963/1792/2244 1306/1767/1630 1308/1769/1632
f 1965/1796/2246 1964/1794/2245 1308/1769/1632 1163/1692/1567
f 1966/1798/2247 1965/1796/2246 1163/1692/1567 1155/1674/1549
f 1967/1800/2248 1966/1798/2247 1155/1674/1549 1186/1673/1548
f 1968/1802/2249 1967/1800/2248 1186/1673/1548 1153/1715/1572
f 1969/1774/2250 1968/1802/2249 1153/1715/1572 1185/1672/1547
f 1152/1671/1546 1970/1775/2251 1969/1774/2250 1185/1672/1547
f 1955/1772/2237 1970/1771/2251 1152/1713/1546 1176/1668/1543
f 1972/1355/2252 1971/1352/2253 1033/2413/2254 1036/2414/2255
f 1973/1356/2256 1972/1355/2252 1036/2414/2255 1037/2415/2257
f 1037/2415/2257 1038/2416/2258 1974/1357/2259 1973/1356/2256
f 1038/2416/2258 1039/2417/2260 1975/1358/2261 1974/1357/2259
f 1039/2417/2260 1040/2418/2262 1976/1359/2263 1975/1358/2261
f 1040/2418/2262 1041/2419/2264 1977/1360/2265 1976/1359/2263
f 1041/2419/2264 1042/2420/2266 1978/1361/2267 1977/1360/2265
f 1042/2420/2266 1043/2421/2268 1979/1362/2269 1978/1361/2267
f 1043/2421/2268 1044/2422/2270 1980/1363/2271 1979/1362/2269
f 1044/2422/2270 1045/2423/2272 1981/1364/2273 1980/1363/2271
f 1045/2423/2272 1046/2424/2274 1982/1365/2275 1981/1364/2273
f 1046/2424/2274 1047/2425/2276 1983/1366/2277 1982/1365/2275
f 1047/2425/2276 1048/2426/2278 1984/1367/2279 1983/1366/2277
f 1048/2426/2278 1035/2427/2280 1985/1353/2281 1984/1367/2279
f 1986/1354/2282 1985/1353/2281 1035/2427/2280 1034/2428/2283
f 1034/2429/2283 1033/2413/2254 1971/1352/2253 1986/1351/2282
f 1987/2430/2284 2909/2431/2285 2911/2432/2286 2371/2433/2287
f 2909/2431/2285 789/2404/2228 776/2403/2227 2911/2432/2286
f 2911/2432/2286 776/2403/2227 783/2402/2226 2910/2434/2288
f 2371/2433/2287 2911/2432/2286 2910/2434/2288 1988/2435/2289
f 783/2402/2226 777/2401/2225 2912/2436/2290 2910/2434/2288
f 777/2401/2225 784/2400/2224 2372/2437/2291 2912/2436/2290
f 2912/2436/2290 2372/2437/2291 1989/2438/2292 2373/2439/2293
f 2910/2434/2288 2912/2436/2290 2373/2439/2293 1988/2435/2289
f 1990/2440/2294 2374/2441/2295 2913/2442/2296 2377/2443/2297
f 2374/2441/2295 1991/2444/2298 2375/2445/2299 2913/2442/2296
f 2913/2442/2296 2375/2445/2299 1992/2446/2300 2376/2447/2301
f 2377/2443/2297 2913/2442/2296 2376/2447/2301 1993/2448/2302
f 1994/2449/2303 2378/2450/2304 2914/2451/2305 2380/2452/2306
f 2378/2450/2304 1992/2446/2300 2375/2445/2299 2914/2451/2305
f 2914/2451/2305 2375/2445/2299 1991/2444/2298 2379/2453/2307
f 2380/2452/2306 2914/2451/2305 2379/2453/2307 1995/2454/2308
f 1996/2455/2309 2381/2456/2310 2915/2457/2311 2383/2458/2312
f 2381/2456/2310 1991/2444/2298 2374/2441/2295 2915/2457/2311
f 2915/2457/2311 2374/2441/2295 1990/2440/2294 2382/2459/2313
f 2383/2458/2312 2915/2457/2311 2382/2459/2313 1997/2460/2314
f 1995/2454/2308 2379/2453/2307 2916/2461/2315 2385/2462/2316
f 2379/2453/2307 1991/2444/2298 2381/2456/2310 2916/2461/2315
f 2916/2461/2315 2381/2456/2310 1996/2455/2309 2384/2463/2317
f 2385/2462/2316 2916/2461/2315 2384/2463/2317 1998/2464/2318
f 1999/2465/2319 2386/2466/2320 2917/2467/2321 2389/2468/2322
f 2386/2466/2320 2000/2469/2323 2387/2470/2324 2917/2467/2321
f 2917/2467/2321 2387/2470/2324 2001/2471/2325 2388/2472/2326
f 2389/2468/2322 2917/2467/2321 2388/2472/2326 2002/2473/2327
f 2003/2474/2328 2390/2475/2329 2918/2476/2330 2392/2477/2331
f 2390/2475/2329 2000/2469/2323 2386/2466/2320 2918/2476/2330
f 2918/2476/2330 2386/2466/2320 1999/2465/2319 2391/2478/2332
f 2392/2477/2331 2918/2476/2330 2391/2478/2332 2004/2479/2333
f 2005/2480/2334 2393/2481/2335 2919/2482/2336 2396/2483/2337
f 2393/2481/2335 2006/2484/2338 2394/2485/2339 2919/2482/2336
f 2919/2482/2336 2394/2485/2339 2003/2474/2328 2395/2486/2340
f 2396/2483/2337 2919/2482/2336 2395/2486/2340 2007/2487/2341
f 2008/2488/2342 2397/2489/2343 2920/2490/2344 2400/2491/2345
f 2397/2489/2343 2009/2492/2346 2398/2493/2347 2920/2490/2344
f 2920/2490/2344 2398/2493/2347 2010/2494/2348 2399/2495/2349
f 2400/2491/2345 2920/2490/2344 2399/2495/2349 2011/2496/2350
f 2012/2497/2351 2401/2498/2352 2921/2499/2353 2404/2500/2354
f 2401/2498/2352 2013/2501/2355 2402/2502/2356 2921/2499/2353
f 2921/2499/2353 2402/2502/2356 2014/2503/2357 2403/2504/2358
f 2404/2500/2354 2921/2499/2353 2403/2504/2358 2015/2505/2359
f 2016/2506/2360 2405/2507/2361 2922/2508/2362 2407/2509/2363
f 2405/2507/2361 2015/2505/2359 2403/2504/2358 2922/2508/2362
f 2922/2508/2362 2403/2504/2358 2014/2503/2357 2406/2510/2364
f 2407/2509/2363 2922/2508/2362 2406/2510/2364 2017/2511/2365
f 2018/2512/2366 2408/2513/2367 2923/2514/2368 2411/2515/2369
f 2408/2513/2367 2019/2516/2370 2409/2517/2371 2923/2514/2368
f 2923/2514/2368 2409/2517/2371 2020/2518/2372 2410/2519/2373
f 2411/2515/2369 2923/2514/2368 2410/2519/2373 2021/2520/2374
f 2022/2521/2375 2412/2522/2376 2924/2523/2377 2415/2524/2378
f 2412/2522/2376 2023/2525/2379 2413/2526/2380 2924/2523/2377
f 2924/2523/2377 2413/2526/2380 2024/2527/2381 2414/2528/2382
f 2415/2524/2378 2924/2523/2377 2414/2528/2382 1394/2407/2230
f 2025/2529/2383 2416/2530/2384 2925/2531/2385 2419/2532/2386
f 2416/2530/2384 1990/2440/2294 2417/2533/2387 2925/2531/2385
f 2925/2531/2385 2417/2533/2387 2026/2534/2388 2418/2535/2389
f 2419/2532/2386 2925/2531/2385 2418/2535/2389 2027/2536/2390
f 2028/2537/2391 2420/2538/2392 2384/2463/2317 1996/2455/2309
f 2420/2538/2392 2029/2539/2393 1998/2464/2318 2384/2463/2317
f 2422/2540/2394 2030/2541/2395 2031/2542/2396 2421/2543/2397
f 2422/2540/2394 2421/2543/2397 2032/2544/2398 2033/2545/2399
f 2034/2546/2400 2423/2547/2401 2424/2548/2402 2036/2549/2403
f 2423/2547/2401 2035/2550/2404 2007/2487/2341 2424/2548/2402
f 2007/2487/2341 2035/2550/2404 2425/2551/2405 2396/2483/2337
f 2425/2551/2405 2037/2552/2406 2005/2480/2334 2396/2483/2337
f 2427/2553/2407 2038/2554/2408 2039/2555/2409 2426/2556/2410
f 2427/2553/2407 2426/2556/2410 2040/2557/2411 2041/2558/2412
f 2013/2501/2355 2401/2498/2352 2428/2559/2413 2043/2560/2414
f 2401/2498/2352 2012/2497/2351 2042/2561/2415 2428/2559/2413
f 2044/2562/2416 2429/2563/2417 2430/2564/2418 2045/2565/2419
f 2429/2563/2417 2041/2558/2412 2040/2557/2411 2430/2564/2418
f 2046/2566/2420 2431/2567/2421 2432/2568/2422 2047/2569/2423
f 2431/2567/2421 2039/2570/2409 2038/2571/2408 2432/2568/2422
f 2433/2572/2424 2048/2573/2425 2027/2536/2390 2049/2574/2426
f 2013/2501/2355 2434/2575/2427 2926/2576/2428 2402/2502/2356
f 2434/2575/2427 2050/2577/2429 2435/2578/2430 2926/2576/2428
f 2926/2576/2428 2435/2578/2430 2001/2471/2325 2436/2579/2431
f 2402/2502/2356 2926/2576/2428 2436/2579/2431 2014/2503/2357
f 2434/2575/2427 2013/2501/2355 2043/2560/2414 2437/2580/2432
f 2434/2575/2427 2437/2580/2432 2051/2581/2433 2050/2577/2429
f 2046/2566/2420 2047/2569/2423 2438/2582/2434 2439/2583/2435
f 2438/2582/2434 2005/2480/2334 2037/2552/2406 2439/2583/2435
f 2052/2584/2436 2440/2585/2437 2927/2586/2438 2442/2587/2439
f 2440/2585/2437 2001/2471/2325 2387/2470/2324 2927/2586/2438
f 2927/2586/2438 2387/2470/2324 2000/2469/2323 2441/2588/2440
f 2442/2587/2439 2927/2586/2438 2441/2588/2440 2053/2589/2441
f 2444/2590/2442 2042/2561/2415 2012/2497/2351 2443/2591/2443
f 2444/2590/2442 2443/2591/2443 1998/2464/2318 2029/2539/2393
f 1995/2454/2308 2385/2462/2316 2928/2592/2444 2445/2593/2445
f 2385/2462/2316 1998/2464/2318 2443/2591/2443 2928/2592/2444
f 2928/2592/2444 2443/2591/2443 2012/2497/2351 2404/2500/2354
f 2445/2593/2445 2928/2592/2444 2404/2500/2354 2015/2505/2359
f 2015/2505/2359 2405/2507/2361 2929/2594/2446 2445/2593/2445
f 2405/2507/2361 2016/2506/2360 2446/2595/2447 2929/2594/2446
f 2929/2594/2446 2446/2595/2447 1994/2449/2303 2380/2452/2306
f 2445/2593/2445 2929/2594/2446 2380/2452/2306 1995/2454/2308
f 2448/2596/2448 2054/2597/2449 2036/2549/2403 2447/2598/2450
f 2448/2596/2448 2447/2598/2450 2031/2542/2396 2030/2541/2395
f 2449/2599/2451 2034/2546/2400 2036/2549/2403 2054/2597/2449
f 2451/2600/2452 2055/2601/2453 2032/2544/2398 2450/2602/2454
f 2451/2600/2452 2450/2602/2454 2050/2577/2429 2051/2581/2433
f 2452/2603/2455 2033/2545/2399 2032/2544/2398 2055/2601/2453
f 2027/2536/2390 2048/2573/2425 2453/2604/2456 2419/2532/2386
f 2453/2604/2456 2056/2605/2457 2025/2529/2383 2419/2532/2386
f 2454/2606/2458 2028/2537/2391 1996/2455/2309 2383/2458/2312
f 2454/2606/2458 2383/2458/2312 1997/2460/2314 2057/2607/2459
f 2058/2608/2460 2455/2609/2461 2930/2610/2462 2458/2611/2463
f 2455/2609/2461 2059/2612/2464 2456/2613/2465 2930/2610/2462
f 2930/2610/2462 2456/2613/2465 2060/2614/2466 2457/2615/2467
f 2458/2611/2463 2930/2610/2462 2457/2615/2467 2061/2616/2468
f 2062/2617/2469 2459/2618/2470 2460/2619/2471 2065/2620/2472
f 2459/2618/2470 2063/2621/2473 2064/2622/2474 2460/2619/2471
f 2066/2623/2475 2461/2624/2476 2462/2625/2477 2069/2626/2478
f 2461/2624/2476 2067/2627/2479 2068/2628/2480 2462/2625/2477
f 2464/2629/2481 2070/2630/2482 2071/2631/2483 2463/2632/2484
f 2464/2629/2481 2463/2632/2484 2072/2633/2485 2073/2634/2486
f 2466/2635/2487 2074/2636/2488 2075/2637/2489 2465/2638/2490
f 2466/2635/2487 2465/2638/2490 2076/2639/2491 2077/2640/2492
f 2468/2641/2493 2078/2642/2494 2079/2643/2495 2467/2644/2496
f 2468/2641/2493 2467/2644/2496 2080/2645/2497 2081/2646/2498
f 2470/2647/2499 2082/2648/2500 2083/2649/2501 2469/2650/2502
f 2470/2647/2499 2469/2650/2502 2084/2651/2503 2060/2652/2466
f 2472/2653/2504 2081/2646/2498 2080/2645/2497 2471/2654/2505
f 2472/2653/2504 2471/2654/2505 2085/2655/2506 2086/2656/2507
f 2474/2657/2508 2087/2658/2509 2088/2659/2510 2473/2660/2511
f 2474/2657/2508 2473/2660/2511 2083/2649/2501 2082/2648/2500
f 2060/2652/2466 2456/2661/2465 2931/2662/2512 2470/2647/2499
f 2456/2661/2465 2059/2663/2464 2475/2664/2513 2931/2662/2512
f 2931/2662/2512 2475/2664/2513 2087/2658/2509 2474/2657/2508
f 2470/2647/2499 2931/2662/2512 2474/2657/2508 2082/2648/2500
f 2476/2665/2514 2089/2666/2515 2061/2616/2468 2457/2615/2467
f 2476/2665/2514 2457/2615/2467 2060/2614/2466 2084/2667/2503
f 2478/2668/2516 2079/2669/2495 2078/2670/2494 2477/2671/2517
f 2478/2668/2516 2477/2671/2517 2090/2672/2518 2091/2673/2519
f 2480/2674/2520 2068/2675/2480 2067/2627/2479 2479/2676/2521
f 2480/2674/2520 2479/2676/2521 2092/2677/2522 2093/2678/2523
f 2094/2679/2524 2481/2680/2525 2482/2681/2526 2095/2682/2527
f 2481/2680/2525 2064/2622/2474 2063/2621/2473 2482/2681/2526
f 2950/2683/2528 2541/2684/2529 2096/2685/2530 2483/2686/2531
f 2950/2683/2528 2483/2686/2531 2097/2687/2532 2542/2688/2533
f 2098/2689/2534 2484/2690/2535 2954/2691/2536 2545/2692/2537
f 2484/2690/2535 2099/2693/2538 2540/2694/2539 2954/2691/2536
f 2100/2695/2540 2485/2696/2541 2946/2697/2542 2536/2698/2543
f 2485/2696/2541 2101/2699/2544 2537/2700/2545 2946/2697/2542
f 2537/2700/2545 2101/2699/2544 2486/2701/2546 2948/2702/2547
f 2486/2701/2546 2102/2703/2548 2539/2704/2549 2948/2702/2547
f 2940/2705/2550 2532/2706/2551 2089/2666/2515 2476/2665/2514
f 2940/2705/2550 2476/2665/2514 2084/2667/2503 2530/2707/2552
f 2936/2708/2553 2527/2709/2554 2092/2677/2522 2479/2676/2521
f 2936/2708/2553 2479/2676/2521 2067/2627/2479 2526/2710/2555
f 2461/2624/2476 2066/2623/2475 2528/2711/2556 2937/2712/2557
f 2461/2624/2476 2937/2712/2557 2526/2710/2555 2067/2627/2479
f 2076/2639/2491 2465/2638/2490 2942/2713/2558 2534/2714/2559
f 2465/2638/2490 2075/2637/2489 2533/2715/2560 2942/2713/2558
f 2531/2716/2561 2939/2717/2562 2469/2650/2502 2083/2649/2501
f 2939/2717/2562 2530/2718/2552 2084/2651/2503 2469/2650/2502
f 2535/2719/2563 2945/2720/2564 2473/2660/2511 2088/2659/2510
f 2945/2720/2564 2531/2716/2561 2083/2649/2501 2473/2660/2511
f 2947/2721/2565 2538/2722/2566 2103/2723/2567 2487/2724/2568
f 2947/2721/2565 2487/2724/2568 2100/2725/2540 2536/2726/2543
f 2951/2727/2569 2543/2728/2570 2104/2729/2571 2488/2730/2572
f 2951/2727/2569 2488/2730/2572 2096/2685/2530 2541/2684/2529
f 2057/2607/2459 2489/2731/2573 2490/2732/2574 2107/2733/2575
f 2489/2731/2573 2105/2734/2576 2106/2735/2577 2490/2732/2574
f 2108/2736/2578 2491/2737/2579 2451/2600/2452 2051/2581/2433
f 2491/2737/2579 2109/2738/2580 2055/2601/2453 2451/2600/2452
f 2493/2739/2581 2071/2631/2483 2070/2630/2482 2492/2740/2582
f 2493/2739/2581 2492/2740/2582 2091/2673/2519 2090/2672/2518
f 2495/2741/2583 2110/2742/2584 2111/2743/2585 2494/2744/2586
f 2495/2741/2583 2494/2744/2586 2112/2745/2587 2113/2746/2588
f 2497/2747/2589 2106/2735/2577 2105/2734/2576 2496/2748/2590
f 2497/2747/2589 2496/2748/2590 2113/2749/2588 2112/2750/2587
f 2498/2751/2591 2114/2752/2592 2029/2539/2393 2420/2538/2392
f 2498/2751/2591 2420/2538/2392 2028/2537/2391 2115/2753/2593
f 2116/2754/2594 2499/2755/2595 2500/2756/2596 2117/2757/2597
f 2499/2755/2595 2062/2617/2469 2065/2620/2472 2500/2756/2596
f 2042/2561/2415 2444/2590/2442 2501/2758/2598 2118/2759/2599
f 2444/2590/2442 2029/2539/2393 2114/2752/2592 2501/2758/2598
f 2502/2760/2600 2119/2761/2601 2544/2762/2602 2952/2763/2603
f 2502/2760/2600 2952/2763/2603 2542/2688/2533 2097/2687/2532
f 2938/2764/2604 2528/2711/2556 2066/2623/2475 2503/2765/2605
f 2938/2764/2604 2503/2765/2605 2120/2766/2606 2529/2767/2607
f 2949/2768/2608 2540/2694/2539 2099/2693/2538 2504/2769/2609
f 2949/2768/2608 2504/2769/2609 2103/2723/2567 2538/2722/2566
f 2075/2637/2489 2074/2636/2488 2505/2770/2610 2506/2771/2611
f 2505/2770/2610 2061/2616/2468 2089/2666/2515 2506/2771/2611
f 2506/2771/2611 2089/2666/2515 2532/2706/2551 2941/2772/2612
f 2506/2771/2611 2941/2772/2612 2533/2715/2560 2075/2637/2489
f 2111/2743/2585 2110/2742/2584 2507/2773/2613 2508/2774/2614
f 2507/2773/2613 2055/2601/2453 2109/2738/2580 2508/2774/2614
f 2428/2559/2413 2042/2561/2415 2118/2759/2599 2509/2775/2615
f 2428/2559/2413 2509/2775/2615 2121/2776/2616 2043/2560/2414
f 2120/2766/2606 2503/2765/2605 2510/2777/2617 2122/2778/2618
f 2503/2765/2605 2066/2623/2475 2069/2626/2478 2510/2777/2617
f 2074/2636/2488 2466/2635/2487 2932/2779/2619 2505/2770/2610
f 2466/2635/2487 2077/2640/2492 2511/2780/2620 2932/2779/2619
f 2932/2779/2619 2511/2780/2620 2058/2608/2460 2458/2611/2463
f 2505/2770/2610 2932/2779/2619 2458/2611/2463 2061/2616/2468
f 2115/2753/2593 2028/2537/2391 2454/2606/2458 2512/2781/2621
f 2454/2606/2458 2057/2607/2459 2107/2733/2575 2512/2781/2621
f 2514/2782/2622 2086/2656/2507 2085/2655/2506 2513/2783/2623
f 2514/2782/2622 2513/2783/2623 2094/2679/2524 2095/2682/2527
f 2539/2704/2549 2102/2703/2548 2515/2784/2624 2955/2785/2625
f 2515/2784/2624 2104/2729/2571 2543/2728/2570 2955/2785/2625
f 2535/2719/2563 2088/2659/2510 2516/2786/2626 2944/2787/2627
f 2516/2786/2626 2092/2677/2522 2527/2709/2554 2944/2787/2627
f 2517/2788/2628 2093/2678/2523 2092/2677/2522 2516/2786/2626
f 2517/2788/2628 2516/2786/2626 2088/2659/2510 2087/2658/2509
f 2059/2663/2464 2518/2789/2629 2933/2790/2630 2475/2664/2513
f 2518/2789/2629 2068/2675/2480 2480/2674/2520 2933/2790/2630
f 2933/2790/2630 2480/2674/2520 2093/2678/2523 2517/2788/2628
f 2475/2664/2513 2933/2790/2630 2517/2788/2628 2087/2658/2509
f 2059/2612/2464 2455/2609/2461 2934/2791/2631 2518/2792/2629
f 2455/2609/2461 2058/2608/2460 2519/2793/2632 2934/2791/2631
f 2934/2791/2631 2519/2793/2632 2069/2626/2478 2462/2625/2477
f 2518/2792/2629 2934/2791/2631 2462/2625/2477 2068/2628/2480
f 2058/2608/2460 2511/2780/2620 2935/2794/2633 2519/2793/2632
f 2511/2780/2620 2077/2640/2492 2520/2795/2634 2935/2794/2633
f 2935/2794/2633 2520/2795/2634 2122/2778/2618 2510/2777/2617
f 2519/2793/2632 2935/2794/2633 2510/2777/2617 2069/2626/2478
f 2520/2795/2634 2077/2640/2492 2076/2639/2491 2521/2796/2635
f 2520/2795/2634 2521/2796/2635 2120/2766/2606 2122/2778/2618
f 2529/2767/2607 2120/2766/2606 2521/2796/2635 2943/2797/2636
f 2521/2796/2635 2076/2639/2491 2534/2714/2559 2943/2797/2636
f 2953/2798/2637 2544/2762/2602 2119/2761/2601 2522/2799/2638
f 2953/2798/2637 2522/2799/2638 2098/2689/2534 2545/2692/2537
f 2524/2800/2639 2116/2754/2594 2117/2757/2597 2523/2801/2640
f 2524/2800/2639 2523/2801/2640 2073/2634/2486 2072/2633/2485
f 2525/2802/2641 2108/2736/2578 2051/2581/2433 2437/2580/2432
f 2525/2802/2641 2437/2580/2432 2043/2560/2414 2121/2776/2616
f 2080/2645/2497 2467/2644/2496 2946/2697/2542 2537/2700/2545
f 2467/2644/2496 2079/2643/2495 2536/2698/2543 2946/2697/2542
f 2536/2726/2543 2079/2669/2495 2478/2668/2516 2947/2721/2565
f 2478/2668/2516 2091/2673/2519 2538/2722/2566 2947/2721/2565
f 2540/2694/2539 2949/2768/2608 2492/2740/2582 2070/2630/2482
f 2949/2768/2608 2538/2722/2566 2091/2673/2519 2492/2740/2582
f 2493/2739/2581 2090/2672/2518 2111/2743/2585 2508/2774/2614
f 2493/2739/2581 2508/2774/2614 2109/2738/2580 2071/2631/2483
f 2072/2633/2485 2463/2632/2484 2491/2737/2579 2108/2736/2578
f 2463/2632/2484 2071/2631/2483 2109/2738/2580 2491/2737/2579
f 2072/2633/2485 2108/2736/2578 2525/2802/2641 2524/2800/2639
f 2525/2802/2641 2121/2776/2616 2116/2754/2594 2524/2800/2639
f 2468/2641/2493 2081/2646/2498 2106/2735/2577 2497/2747/2589
f 2468/2641/2493 2497/2747/2589 2112/2750/2587 2078/2642/2494
f 2106/2735/2577 2081/2646/2498 2472/2653/2504 2490/2732/2574
f 2472/2653/2504 2086/2656/2507 2107/2733/2575 2490/2732/2574
f 2115/2753/2593 2512/2781/2621 2514/2782/2622 2095/2682/2527
f 2512/2781/2621 2107/2733/2575 2086/2656/2507 2514/2782/2622
f 2951/2727/2569 2541/2684/2529 2064/2622/2474 2481/2680/2525
f 2951/2727/2569 2481/2680/2525 2094/2679/2524 2543/2728/2570
f 2065/2620/2472 2460/2619/2471 2950/2683/2528 2542/2688/2533
f 2460/2619/2471 2064/2622/2474 2541/2684/2529 2950/2683/2528
f 2117/2757/2597 2500/2756/2596 2952/2763/2603 2544/2762/2602
f 2500/2756/2596 2065/2620/2472 2542/2688/2533 2952/2763/2603
f 2540/2694/2539 2070/2630/2482 2464/2629/2481 2954/2691/2536
f 2464/2629/2481 2073/2634/2486 2545/2692/2537 2954/2691/2536
f 2523/2801/2640 2117/2757/2597 2544/2762/2602 2953/2798/2637
f 2523/2801/2640 2953/2798/2637 2545/2692/2537 2073/2634/2486
f 2539/2704/2549 2955/2785/2625 2513/2783/2623 2085/2655/2506
f 2955/2785/2625 2543/2728/2570 2094/2679/2524 2513/2783/2623
f 2539/2704/2549 2085/2655/2506 2471/2654/2505 2948/2702/2547
f 2471/2654/2505 2080/2645/2497 2537/2700/2545 2948/2702/2547
f 2488/2730/2572 2936/2708/2553 2526/2710/2555 2096/2685/2530
f 2937/2712/2557 2528/2711/2556 2097/2687/2532 2483/2686/2531
f 2100/2695/2540 2530/2718/2552 2939/2717/2562 2485/2696/2541
f 2939/2717/2562 2531/2716/2561 2101/2699/2544 2485/2696/2541
f 2940/2705/2550 2530/2707/2552 2100/2725/2540 2487/2724/2568
f 2942/2713/2558 2533/2715/2560 2099/2693/2538 2484/2690/2535
f 2534/2714/2559 2942/2713/2558 2484/2690/2535 2098/2689/2534
f 2943/2797/2636 2534/2714/2559 2098/2689/2534 2522/2799/2638
f 2119/2761/2601 2529/2767/2607 2943/2797/2636 2522/2799/2638
f 2515/2784/2624 2944/2787/2627 2527/2709/2554 2104/2729/2571
f 2945/2720/2564 2535/2719/2563 2102/2703/2548 2486/2701/2546
f 2477/2671/2517 2078/2670/2494 2112/2745/2587 2494/2744/2586
f 2477/2671/2517 2494/2744/2586 2111/2743/2585 2090/2672/2518
f 2499/2755/2595 2116/2754/2594 2121/2776/2616 2509/2775/2615
f 2499/2755/2595 2509/2775/2615 2118/2759/2599 2062/2617/2469
f 2063/2621/2473 2459/2618/2470 2501/2758/2598 2114/2752/2592
f 2459/2618/2470 2062/2617/2469 2118/2759/2599 2501/2758/2598
f 2498/2751/2591 2115/2753/2593 2095/2682/2527 2482/2681/2526
f 2498/2751/2591 2482/2681/2526 2063/2621/2473 2114/2752/2592
f 2103/2723/2567 2504/2769/2609 2941/2772/2612 2532/2706/2551
f 2504/2769/2609 2099/2693/2538 2533/2715/2560 2941/2772/2612
f 2940/2705/2550 2487/2724/2568 2103/2723/2567 2532/2706/2551
f 2945/2720/2564 2486/2701/2546 2101/2699/2544 2531/2716/2561
f 2515/2784/2624 2102/2703/2548 2535/2719/2563 2944/2787/2627
f 2488/2730/2572 2104/2729/2571 2527/2709/2554 2936/2708/2553
f 2937/2712/2557 2483/2686/2531 2096/2685/2530 2526/2710/2555
f 2119/2761/2601 2502/2760/2600 2938/2764/2604 2529/2767/2607
f 2502/2760/2600 2097/2687/2532 2528/2711/2556 2938/2764/2604
f 2123/2803/2642 2546/2804/2643 2956/2805/2644 2548/2806/2645
f 2546/2804/2643 2110/2742/2584 2495/2741/2583 2956/2805/2644
f 2956/2805/2644 2495/2741/2583 2113/2746/2588 2547/2807/2646
f 2548/2806/2645 2956/2805/2644 2547/2807/2646 2124/2808/2647
f 2125/2809/2648 2549/2810/2649 2957/2811/2650 2550/2812/2651
f 2549/2810/2649 2124/2813/2647 2547/2814/2646 2957/2811/2650
f 2957/2811/2650 2547/2814/2646 2113/2749/2588 2496/2748/2590
f 2550/2812/2651 2957/2811/2650 2496/2748/2590 2105/2734/2576
f 2110/2742/2584 2546/2804/2643 2958/2815/2652 2507/2773/2613
f 2546/2804/2643 2123/2803/2642 2551/2816/2653 2958/2815/2652
f 2958/2815/2652 2551/2816/2653 2033/2545/2399 2452/2603/2455
f 2507/2773/2613 2958/2815/2652 2452/2603/2455 2055/2601/2453
f 2126/2817/2654 2552/2818/2655 2959/2819/2656 2555/2820/2657
f 2552/2818/2655 2127/2821/2658 2553/2822/2659 2959/2819/2656
f 2959/2819/2656 2553/2822/2659 2128/2823/2660 2554/2824/2661
f 2555/2820/2657 2959/2819/2656 2554/2824/2661 2129/2825/2662
f 2557/2826/2663 2130/2827/2664 2131/2828/2665 2556/2829/2666
f 2557/2826/2663 2556/2829/2666 2132/2830/2667 2133/2831/2668
f 2134/2832/2669 2558/2833/2670 2559/2834/2671 2137/2835/2672
f 2558/2833/2670 2135/2836/2673 2136/2837/2674 2559/2834/2671
f 2561/2838/2675 2138/2839/2676 2139/2840/2677 2560/2841/2678
f 2561/2838/2675 2560/2841/2678 2140/2842/2679 2141/2843/2680
f 2563/2844/2681 2142/2845/2682 2143/2846/2683 2562/2847/2684
f 2563/2844/2681 2562/2847/2684 2144/2848/2685 2145/2849/2686
f 2146/2850/2687 2564/2851/2688 2565/2852/2689 2149/2853/2690
f 2564/2851/2688 2147/2854/2691 2148/2855/2692 2565/2852/2689
f 2567/2856/2693 2150/2857/2694 2151/2858/2695 2566/2859/2696
f 2567/2856/2693 2566/2859/2696 2152/2860/2697 2128/2861/2660
f 2146/2850/2687 2149/2853/2690 2568/2862/2698 2569/2863/2699
f 2568/2862/2698 2153/2864/2700 2154/2865/2701 2569/2863/2699
f 2155/2866/2702 2570/2867/2703 2571/2868/2704 2156/2869/2705
f 2570/2867/2703 2151/2858/2695 2150/2857/2694 2571/2868/2704
f 2156/2869/2705 2571/2868/2704 2960/2870/2706 2572/2871/2707
f 2571/2868/2704 2150/2857/2694 2567/2856/2693 2960/2870/2706
f 2960/2870/2706 2567/2856/2693 2128/2861/2660 2553/2872/2659
f 2572/2871/2707 2960/2870/2706 2553/2872/2659 2127/2873/2658
f 2554/2824/2661 2128/2823/2660 2152/2874/2697 2573/2875/2708
f 2554/2824/2661 2573/2875/2708 2157/2876/2709 2129/2825/2662
f 2575/2877/2710 2158/2878/2711 2159/2879/2712 2574/2880/2713
f 2575/2877/2710 2574/2880/2713 2148/2881/2692 2147/2882/2691
f 2134/2883/2669 2137/2884/2672 2576/2885/2714 2577/2886/2715
f 2576/2885/2714 2160/2887/2716 2161/2888/2717 2577/2886/2715
f 2162/2889/2718 2578/2890/2719 2579/2891/2720 2163/2892/2721
f 2578/2890/2719 2131/2893/2665 2130/2894/2664 2579/2891/2720
f 2580/2895/2722 2164/2896/2723 2639/2897/2724 2979/2898/2725
f 2580/2895/2722 2979/2898/2725 2638/2899/2726 2165/2900/2727
f 2581/2901/2728 2166/2902/2729 2637/2903/2730 2983/2904/2731
f 2581/2901/2728 2983/2904/2731 2642/2905/2732 2167/2906/2733
f 2582/2907/2734 2168/2908/2735 2633/2909/2736 2975/2910/2737
f 2582/2907/2734 2975/2910/2737 2634/2911/2738 2169/2912/2739
f 2977/2913/2740 2633/2909/2736 2168/2908/2735 2583/2914/2741
f 2977/2913/2740 2583/2914/2741 2170/2915/2742 2636/2916/2743
f 2969/2917/2744 2629/2918/2745 2157/2876/2709 2573/2875/2708
f 2969/2917/2744 2573/2875/2708 2152/2874/2697 2628/2919/2746
f 2965/2920/2747 2623/2921/2748 2160/2887/2716 2576/2885/2714
f 2965/2920/2747 2576/2885/2714 2137/2884/2672 2624/2922/2749
f 2559/2834/2671 2136/2837/2674 2625/2923/2750 2966/2924/2751
f 2559/2834/2671 2966/2924/2751 2624/2925/2749 2137/2835/2672
f 2630/2926/2752 2971/2927/2753 2562/2847/2684 2143/2846/2683
f 2971/2927/2753 2631/2928/2754 2144/2848/2685 2562/2847/2684
f 2968/2929/2755 2628/2930/2746 2152/2860/2697 2566/2859/2696
f 2968/2929/2755 2566/2859/2696 2151/2858/2695 2627/2931/2756
f 2632/2932/2757 2974/2933/2758 2570/2867/2703 2155/2866/2702
f 2974/2933/2758 2627/2931/2756 2151/2858/2695 2570/2867/2703
f 2976/2934/2759 2635/2935/2760 2171/2936/2761 2584/2937/2762
f 2976/2934/2759 2584/2937/2762 2169/2938/2739 2634/2939/2738
f 2980/2940/2763 2640/2941/2764 2172/2942/2765 2585/2943/2766
f 2980/2940/2763 2585/2943/2766 2165/2944/2727 2638/2945/2726
f 2430/2564/2418 2040/2557/2411 2173/2946/2767 2586/2947/2768
f 2430/2564/2418 2586/2947/2768 2174/2948/2769 2045/2565/2419
f 2587/2949/2770 2175/2950/2771 2037/2552/2406 2425/2551/2405
f 2587/2949/2770 2425/2551/2405 2035/2550/2404 2176/2951/2772
f 2159/2879/2712 2158/2878/2711 2588/2952/2773 2589/2953/2774
f 2588/2952/2773 2141/2843/2680 2140/2842/2679 2589/2953/2774
f 2590/2954/2775 2177/2955/2776 2039/2570/2409 2431/2567/2421
f 2590/2954/2775 2431/2567/2421 2046/2566/2420 2178/2956/2777
f 2426/2556/2410 2039/2555/2409 2177/2957/2776 2591/2958/2778
f 2426/2556/2410 2591/2958/2778 2173/2946/2767 2040/2557/2411
f 2179/2959/2779 2592/2960/2780 2593/2961/2781 2049/2574/2426
f 2592/2960/2780 2180/2962/2782 2181/2963/2783 2593/2961/2781
f 2595/2964/2784 2133/2831/2668 2132/2830/2667 2594/2965/2785
f 2595/2964/2784 2594/2965/2785 2182/2966/2786 2183/2967/2787
f 2184/2968/2788 2596/2969/2789 2597/2970/2790 2185/2971/2791
f 2596/2969/2789 2181/2972/2783 2180/2973/2782 2597/2970/2790
f 2981/2974/2792 2639/2897/2724 2164/2896/2723 2598/2975/2793
f 2981/2974/2792 2598/2975/2793 2186/2976/2794 2641/2977/2795
f 2626/2978/2796 2967/2979/2797 2599/2980/2798 2187/2981/2799
f 2967/2979/2797 2625/2923/2750 2136/2837/2674 2599/2980/2798
f 2637/2903/2730 2166/2902/2729 2600/2982/2800 2978/2983/2801
f 2600/2982/2800 2171/2936/2761 2635/2935/2760 2978/2983/2801
f 2143/2846/2683 2142/2845/2682 2601/2984/2802 2602/2985/2803
f 2601/2984/2802 2129/2825/2662 2157/2876/2709 2602/2985/2803
f 2630/2926/2752 2143/2846/2683 2602/2985/2803 2970/2986/2804
f 2602/2985/2803 2157/2876/2709 2629/2918/2745 2970/2986/2804
f 2178/2956/2777 2046/2566/2420 2439/2583/2435 2603/2987/2805
f 2439/2583/2435 2037/2552/2406 2175/2950/2771 2603/2987/2805
f 2184/2968/2788 2185/2971/2791 2604/2988/2806 2605/2989/2807
f 2604/2988/2806 2188/2990/2808 2034/2546/2400 2605/2989/2807
f 2599/2980/2798 2136/2837/2674 2135/2836/2673 2606/2991/2809
f 2599/2980/2798 2606/2991/2809 2189/2992/2810 2187/2981/2799
f 2126/2817/2654 2555/2820/2657 2961/2993/2811 2607/2994/2812
f 2555/2820/2657 2129/2825/2662 2601/2984/2802 2961/2993/2811
f 2961/2993/2811 2601/2984/2802 2142/2845/2682 2563/2844/2681
f 2607/2994/2812 2961/2993/2811 2563/2844/2681 2145/2849/2686
f 2179/2959/2779 2049/2574/2426 2608/2995/2813 2609/2996/2814
f 2608/2995/2813 2045/2565/2419 2174/2948/2769 2609/2996/2814
f 2611/2997/2815 2162/2889/2718 2163/2892/2721 2610/2998/2816
f 2611/2997/2815 2610/2998/2816 2154/2865/2701 2153/2864/2700
f 2984/2999/2817 2636/2916/2743 2170/2915/2742 2612/3000/2818
f 2984/2999/2817 2612/3000/2818 2172/2942/2765 2640/2941/2764
f 2160/2887/2716 2623/2921/2748 2973/3001/2819 2613/3002/2820
f 2973/3001/2819 2632/2932/2757 2155/2866/2702 2613/3002/2820
f 2155/2866/2702 2156/2869/2705 2614/3003/2821 2613/3002/2820
f 2614/3003/2821 2161/2888/2717 2160/2887/2716 2613/3002/2820
f 2127/2873/2658 2615/3004/2822 2962/3005/2823 2572/2871/2707
f 2615/3004/2822 2134/2883/2669 2577/2886/2715 2962/3005/2823
f 2962/3005/2823 2577/2886/2715 2161/2888/2717 2614/3003/2821
f 2572/2871/2707 2962/3005/2823 2614/3003/2821 2156/2869/2705
f 2126/2817/2654 2616/3006/2824 2963/3007/2825 2552/2818/2655
f 2616/3006/2824 2135/2836/2673 2558/2833/2670 2963/3007/2825
f 2963/3007/2825 2558/2833/2670 2134/2832/2669 2615/3008/2822
f 2552/2818/2655 2963/3007/2825 2615/3008/2822 2127/2821/2658
f 2145/2849/2686 2617/3009/2826 2964/3010/2827 2607/2994/2812
f 2617/3009/2826 2189/2992/2810 2606/2991/2809 2964/3010/2827
f 2964/3010/2827 2606/2991/2809 2135/2836/2673 2616/3006/2824
f 2607/2994/2812 2964/3010/2827 2616/3006/2824 2126/2817/2654
f 2617/3009/2826 2145/2849/2686 2144/2848/2685 2618/3011/2828
f 2617/3009/2826 2618/3011/2828 2187/2981/2799 2189/2992/2810
f 2618/3011/2828 2144/2848/2685 2631/2928/2754 2972/3012/2829
f 2618/3011/2828 2972/3012/2829 2626/2978/2796 2187/2981/2799
f 2641/2977/2795 2186/2976/2794 2619/3013/2830 2982/3014/2831
f 2619/3013/2830 2167/2906/2733 2642/2905/2732 2982/3014/2831
f 2621/3015/2832 2139/2840/2677 2138/2839/2676 2620/3016/2833
f 2621/3015/2832 2620/3016/2833 2183/2967/2787 2182/2966/2786
f 2622/3017/2834 2176/2951/2772 2035/2550/2404 2423/2547/2401
f 2622/3017/2834 2423/2547/2401 2034/2546/2400 2188/2990/2808
f 2149/2853/2690 2565/2852/2689 2975/2910/2737 2633/2909/2736
f 2565/2852/2689 2148/2855/2692 2634/2911/2738 2975/2910/2737
f 2635/2935/2760 2976/2934/2759 2574/2880/2713 2159/2879/2712
f 2976/2934/2759 2634/2939/2738 2148/2881/2692 2574/2880/2713
f 2635/2935/2760 2159/2879/2712 2589/2953/2774 2978/2983/2801
f 2589/2953/2774 2140/2842/2679 2637/2903/2730 2978/2983/2801
f 2603/2987/2805 2175/2950/2771 2141/2843/2680 2588/2952/2773
f 2603/2987/2805 2588/2952/2773 2158/2878/2711 2178/2956/2777
f 2138/2839/2676 2561/2838/2675 2587/2949/2770 2176/2951/2772
f 2561/2838/2675 2141/2843/2680 2175/2950/2771 2587/2949/2770
f 2620/3016/2833 2138/2839/2676 2176/2951/2772 2622/3017/2834
f 2620/3016/2833 2622/3017/2834 2188/2990/2808 2183/2967/2787
f 2147/2854/2691 2564/2851/2688 2591/2958/2778 2177/2957/2776
f 2564/2851/2688 2146/2850/2687 2173/2946/2767 2591/2958/2778
f 2173/2946/2767 2146/2850/2687 2569/2863/2699 2586/2947/2768
f 2569/2863/2699 2154/2865/2701 2174/2948/2769 2586/2947/2768
f 2610/2998/2816 2163/2892/2721 2179/2959/2779 2609/2996/2814
f 2610/2998/2816 2609/2996/2814 2174/2948/2769 2154/2865/2701
f 2131/2893/2665 2578/2890/2719 2980/2940/2763 2638/2945/2726
f 2578/2890/2719 2162/2889/2718 2640/2941/2764 2980/2940/2763
f 2556/2829/2666 2131/2828/2665 2638/2899/2726 2979/2898/2725
f 2556/2829/2666 2979/2898/2725 2639/2897/2724 2132/2830/2667
f 2981/2974/2792 2641/2977/2795 2182/2966/2786 2594/2965/2785
f 2981/2974/2792 2594/2965/2785 2132/2830/2667 2639/2897/2724
f 2642/2905/2732 2983/2904/2731 2560/2841/2678 2139/2840/2677
f 2983/2904/2731 2637/2903/2730 2140/2842/2679 2560/2841/2678
f 2182/2966/2786 2641/2977/2795 2982/3014/2831 2621/3015/2832
f 2982/3014/2831 2642/2905/2732 2139/2840/2677 2621/3015/2832
f 2636/2916/2743 2984/2999/2817 2611/2997/2815 2153/2864/2700
f 2984/2999/2817 2640/2941/2764 2162/2889/2718 2611/2997/2815
f 2568/2862/2698 2149/2853/2690 2633/2909/2736 2977/2913/2740
f 2568/2862/2698 2977/2913/2740 2636/2916/2743 2153/2864/2700
f 2585/2943/2766 2965/2920/2747 2624/2922/2749 2165/2944/2727
f 2967/2979/2797 2626/2978/2796 2186/2976/2794 2598/2975/2793
f 2582/2907/2734 2968/2929/2755 2627/2931/2756 2168/2908/2735
f 2584/2937/2762 2969/2917/2744 2628/2919/2746 2169/2938/2739
f 2581/2901/2728 2971/2927/2753 2630/2926/2752 2166/2902/2729
f 2612/3000/2818 2973/3001/2819 2623/2921/2748 2172/2942/2765
f 2974/2933/2758 2632/2932/2757 2170/2915/2742 2583/2914/2741
f 2168/2908/2735 2627/2931/2756 2974/2933/2758 2583/2914/2741
f 2147/2882/2691 2177/2955/2776 2590/2954/2775 2575/2877/2710
f 2590/2954/2775 2178/2956/2777 2158/2878/2711 2575/2877/2710
f 2604/2988/2806 2185/2971/2791 2133/2831/2668 2595/2964/2784
f 2604/2988/2806 2595/2964/2784 2183/2967/2787 2188/2990/2808
f 2597/2970/2790 2180/2973/2782 2130/2827/2664 2557/2826/2663
f 2597/2970/2790 2557/2826/2663 2133/2831/2668 2185/2971/2791
f 2579/2891/2720 2130/2894/2664 2180/2962/2782 2592/2960/2780
f 2579/2891/2720 2592/2960/2780 2179/2959/2779 2163/2892/2721
f 2581/2901/2728 2167/2906/2733 2631/2928/2754 2971/2927/2753
f 2171/2936/2761 2600/2982/2800 2970/2986/2804 2629/2918/2745
f 2600/2982/2800 2166/2902/2729 2630/2926/2752 2970/2986/2804
f 2584/2937/2762 2171/2936/2761 2629/2918/2745 2969/2917/2744
f 2582/2907/2734 2169/2912/2739 2628/2930/2746 2968/2929/2755
f 2612/3000/2818 2170/2915/2742 2632/2932/2757 2973/3001/2819
f 2585/2943/2766 2172/2942/2765 2623/2921/2748 2965/2920/2747
f 2164/2896/2723 2580/2895/2722 2966/2924/2751 2625/2923/2750
f 2580/2895/2722 2165/2900/2727 2624/2925/2749 2966/2924/2751
f 2967/2979/2797 2598/2975/2793 2164/2896/2723 2625/2923/2750
f 2631/2928/2754 2167/2906/2733 2619/3013/2830 2972/3012/2829
f 2619/3013/2830 2186/2976/2794 2626/2978/2796 2972/3012/2829
f 2048/2573/2425 2433/2572/2424 2985/3018/2835 2644/3019/2836
f 2433/2572/2424 2049/2574/2426 2593/2961/2781 2985/3018/2835
f 2985/3018/2835 2593/2961/2781 2181/2963/2783 2643/3020/2837
f 2644/3019/2836 2985/3018/2835 2643/3020/2837 2190/3021/2838
f 2191/3022/2839 2645/3023/2840 2986/3024/2841 2646/3025/2842
f 2645/3023/2840 2190/3026/2838 2643/3027/2837 2986/3024/2841
f 2986/3024/2841 2643/3027/2837 2181/2972/2783 2596/2969/2789
f 2646/3025/2842 2986/3024/2841 2596/2969/2789 2184/2968/2788
f 2034/2546/2400 2449/2599/2451 2987/3028/2843 2605/2989/2807
f 2449/2599/2451 2054/2597/2449 2647/3029/2844 2987/3028/2843
f 2987/3028/2843 2647/3029/2844 2191/3022/2839 2646/3025/2842
f 2605/2989/2807 2987/3028/2843 2646/3025/2842 2184/2968/2788
f 2192/3030/2845 2648/3031/2846 2988/3032/2847 2651/3033/2848
f 2648/3031/2846 2193/3034/2849 2649/3035/2850 2988/3032/2847
f 2988/3032/2847 2649/3035/2850 2194/3036/2851 2650/3037/2852
f 2651/3033/2848 2988/3032/2847 2650/3037/2852 2195/3038/2853
f 2653/3039/2854 2196/3040/2855 2197/3041/2856 2652/3042/2857
f 2653/3039/2854 2652/3042/2857 2198/3043/2858 2199/3044/2859
f 2200/3045/2860 2654/3046/2861 2655/3047/2862 2203/3048/2863
f 2654/3046/2861 2201/3049/2864 2202/3050/2865 2655/3047/2862
f 2657/3051/2866 2204/3052/2867 2205/3053/2868 2656/3054/2869
f 2657/3051/2866 2656/3054/2869 2206/3055/2870 2207/3056/2871
f 2208/3057/2872 2658/3058/2873 2659/3059/2874 2211/3060/2875
f 2658/3058/2873 2209/3061/2876 2210/3062/2877 2659/3059/2874
f 2212/3063/2878 2660/3064/2879 2661/3065/2880 2215/3066/2881
f 2660/3064/2879 2213/3067/2882 2214/3068/2883 2661/3065/2880
f 2195/3069/2853 2662/3070/2884 2663/3071/2885 2218/3072/2886
f 2662/3070/2884 2216/3073/2887 2217/3074/2888 2663/3071/2885
f 2665/3075/2889 2214/3068/2883 2213/3067/2882 2664/3076/2890
f 2665/3075/2889 2664/3076/2890 2219/3077/2891 2220/3078/2892
f 2667/3079/2893 2221/3080/2894 2222/3081/2895 2666/3082/2896
f 2667/3079/2893 2666/3082/2896 2217/3074/2888 2216/3073/2887
f 2194/3083/2851 2668/3084/2897 2989/3085/2898 2650/3086/2852
f 2668/3084/2897 2221/3080/2894 2667/3079/2893 2989/3085/2898
f 2989/3085/2898 2667/3079/2893 2216/3073/2887 2662/3070/2884
f 2650/3086/2852 2989/3085/2898 2662/3070/2884 2195/3069/2853
f 2195/3038/2853 2218/3087/2886 2669/3088/2899 2651/3033/2848
f 2669/3088/2899 2223/3089/2900 2192/3030/2845 2651/3033/2848
f 2212/3090/2878 2215/3091/2881 2670/3092/2901 2671/3093/2902
f 2670/3092/2901 2224/3094/2903 2225/3095/2904 2671/3093/2902
f 2673/3096/2905 2226/3097/2906 2227/3098/2907 2672/3099/2908
f 2673/3096/2905 2672/3099/2908 2202/3100/2865 2201/3101/2864
f 2675/3102/2909 2228/3103/2910 2229/3104/2911 2674/3105/2912
f 2675/3102/2909 2674/3105/2912 2197/3106/2856 2196/3107/2855
f 2230/3108/2913 2676/3109/2914 3008/3110/2915 2732/3111/2916
f 2676/3109/2914 2231/3112/2917 2731/3113/2918 3008/3110/2915
f 2677/3114/2919 2232/3115/2920 2730/3116/2921 3012/3117/2922
f 2677/3114/2919 3012/3117/2922 2735/3118/2923 2233/3119/2924
f 2234/3120/2925 2678/3121/2926 3004/3122/2927 2727/3123/2928
f 2678/3121/2926 2235/3124/2929 2726/3125/2930 3004/3122/2927
f 3006/3126/2931 2726/3125/2930 2235/3124/2929 2679/3127/2932
f 3006/3126/2931 2679/3127/2932 2236/3128/2933 2729/3129/2934
f 2223/3089/2900 2669/3088/2899 2998/3130/2935 2722/3131/2936
f 2669/3088/2899 2218/3087/2886 2721/3132/2937 2998/3130/2935
f 2226/3097/2906 2673/3096/2905 2994/3133/2938 2716/3134/2939
f 2673/3096/2905 2201/3101/2864 2717/3135/2940 2994/3133/2938
f 2718/3136/2941 2995/3137/2942 2654/3046/2861 2200/3045/2860
f 2995/3137/2942 2717/3138/2940 2201/3049/2864 2654/3046/2861
f 2723/3139/2943 3000/3140/2944 2658/3058/2873 2208/3057/2872
f 3000/3140/2944 2724/3141/2945 2209/3061/2876 2658/3058/2873
f 2721/3142/2937 2218/3072/2886 2663/3071/2885 2997/3143/2946
f 2663/3071/2885 2217/3074/2888 2720/3144/2947 2997/3143/2946
f 3003/3145/2948 2720/3144/2947 2217/3074/2888 2666/3082/2896
f 3003/3145/2948 2666/3082/2896 2222/3081/2895 2725/3146/2949
f 2237/3147/2950 2680/3148/2951 3005/3149/2952 2728/3150/2953
f 2680/3148/2951 2234/3151/2925 2727/3152/2928 3005/3149/2952
f 2681/3153/2954 2230/3154/2913 2732/3155/2916 3009/3156/2955
f 2681/3153/2954 3009/3156/2955 2733/3157/2956 2238/3158/2957
f 2682/3159/2958 2239/3160/2959 2056/2605/2457 2453/2604/2456
f 2682/3159/2958 2453/2604/2456 2048/2573/2425 2240/3161/2960
f 2054/2597/2449 2448/2596/2448 2683/3162/2961 2242/3163/2962
f 2448/2596/2448 2030/2541/2395 2241/3164/2963 2683/3162/2961
f 2685/3165/2964 2205/3053/2868 2204/3052/2867 2684/3166/2965
f 2685/3165/2964 2684/3166/2965 2225/3095/2904 2224/3094/2903
f 2243/3167/2966 2686/3168/2967 2645/3023/2840 2191/3022/2839
f 2686/3168/2967 2244/3169/2968 2190/3026/2838 2645/3023/2840
f 2240/3161/2960 2048/2573/2425 2644/3019/2836 2687/3170/2969
f 2644/3019/2836 2190/3021/2838 2244/3171/2968 2687/3170/2969
f 2688/3172/2970 2245/3173/2971 2124/2813/2647 2549/2810/2649
f 2688/3172/2970 2549/2810/2649 2125/2809/2648 2246/3174/2972
f 2247/3175/2973 2689/3176/2974 2690/3177/2975 2248/3178/2976
f 2689/3176/2974 2199/3044/2859 2198/3043/2858 2690/3177/2975
f 2691/3179/2977 2249/3180/2978 2123/2803/2642 2548/2806/2645
f 2691/3179/2977 2548/2806/2645 2124/2808/2647 2245/3181/2971
f 2734/3182/2979 3010/3183/2980 2692/3184/2981 2250/3185/2982
f 3010/3183/2980 2731/3113/2918 2231/3112/2917 2692/3184/2981
f 2718/3136/2941 2200/3045/2860 2693/3186/2983 2996/3187/2984
f 2693/3186/2983 2251/3188/2985 2719/3189/2986 2996/3187/2984
f 2237/3147/2950 2728/3150/2953 3007/3190/2987 2694/3191/2988
f 3007/3190/2987 2730/3116/2921 2232/3115/2920 2694/3191/2988
f 2696/3192/2989 2208/3057/2872 2211/3060/2875 2695/3193/2990
f 2696/3192/2989 2695/3193/2990 2192/3030/2845 2223/3089/2900
f 2696/3192/2989 2223/3089/2900 2722/3131/2936 2999/3194/2991
f 2696/3192/2989 2999/3194/2991 2723/3139/2943 2208/3057/2872
f 2243/3167/2966 2191/3022/2839 2647/3029/2844 2697/3195/2992
f 2647/3029/2844 2054/2597/2449 2242/3163/2962 2697/3195/2992
f 2123/2803/2642 2249/3180/2978 2698/3196/2993 2551/2816/2653
f 2698/3196/2993 2252/3197/2994 2033/2545/2399 2551/2816/2653
f 2693/3186/2983 2200/3045/2860 2203/3048/2863 2699/3198/2995
f 2693/3186/2983 2699/3198/2995 2253/3199/2996 2251/3188/2985
f 2193/3034/2849 2648/3031/2846 2990/3200/2997 2700/3201/2998
f 2648/3031/2846 2192/3030/2845 2695/3193/2990 2990/3200/2997
f 2990/3200/2997 2695/3193/2990 2211/3060/2875 2659/3059/2874
f 2700/3201/2998 2990/3200/2997 2659/3059/2874 2210/3062/2877
f 2246/3174/2972 2125/2809/2648 2701/3202/2999 2702/3203/3000
f 2701/3202/2999 2056/2605/2457 2239/3160/2959 2702/3203/3000
f 2704/3204/3001 2229/3104/2911 2228/3103/2910 2703/3205/3002
f 2704/3204/3001 2703/3205/3002 2220/3078/2892 2219/3077/2891
f 2705/3206/3003 2238/3158/2957 2733/3157/2956 3013/3207/3004
f 2705/3206/3003 3013/3207/3004 2729/3129/2934 2236/3128/2933
f 2706/3208/3005 2226/3097/2906 2716/3134/2939 3002/3209/3006
f 2706/3208/3005 3002/3209/3006 2725/3146/2949 2222/3081/2895
f 2227/3098/2907 2226/3097/2906 2706/3208/3005 2707/3210/3007
f 2706/3208/3005 2222/3081/2895 2221/3080/2894 2707/3210/3007
f 2221/3080/2894 2668/3084/2897 2991/3211/3008 2707/3210/3007
f 2668/3084/2897 2194/3083/2851 2708/3212/3009 2991/3211/3008
f 2991/3211/3008 2708/3212/3009 2202/3100/2865 2672/3099/2908
f 2707/3210/3007 2991/3211/3008 2672/3099/2908 2227/3098/2907
f 2202/3050/2865 2708/3213/3009 2992/3214/3010 2655/3047/2862
f 2708/3213/3009 2194/3036/2851 2649/3035/2850 2992/3214/3010
f 2992/3214/3010 2649/3035/2850 2193/3034/2849 2709/3215/3011
f 2655/3047/2862 2992/3214/3010 2709/3215/3011 2203/3048/2863
f 2193/3034/2849 2700/3201/2998 2993/3216/3012 2709/3215/3011
f 2700/3201/2998 2210/3062/2877 2710/3217/3013 2993/3216/3012
f 2993/3216/3012 2710/3217/3013 2253/3199/2996 2699/3198/2995
f 2709/3215/3011 2993/3216/3012 2699/3198/2995 2203/3048/2863
f 2210/3062/2877 2209/3061/2876 2711/3218/3014 2710/3217/3013
f 2711/3218/3014 2251/3188/2985 2253/3199/2996 2710/3217/3013
f 3001/3219/3015 2719/3189/2986 2251/3188/2985 2711/3218/3014
f 3001/3219/3015 2711/3218/3014 2209/3061/2876 2724/3141/2945
f 2712/3220/3016 2233/3119/2924 2735/3118/2923 3011/3221/3017
f 2712/3220/3016 3011/3221/3017 2734/3182/2979 2250/3185/2982
f 2714/3222/3018 2207/3056/2871 2206/3055/2870 2713/3223/3019
f 2714/3222/3018 2713/3223/3019 2247/3175/2973 2248/3178/2976
f 2033/2545/2399 2252/3197/2994 2715/3224/3020 2422/2540/2394
f 2715/3224/3020 2241/3164/2963 2030/2541/2395 2422/2540/2394
f 2727/3123/2928 3004/3122/2927 2660/3064/2879 2212/3063/2878
f 3004/3122/2927 2726/3125/2930 2213/3067/2882 2660/3064/2879
f 2728/3150/2953 3005/3149/2952 2671/3093/2902 2225/3095/2904
f 3005/3149/2952 2727/3152/2928 2212/3090/2878 2671/3093/2902
f 3007/3190/2987 2728/3150/2953 2225/3095/2904 2684/3166/2965
f 3007/3190/2987 2684/3166/2965 2204/3052/2867 2730/3116/2921
f 2697/3195/2992 2242/3163/2962 2205/3053/2868 2685/3165/2964
f 2697/3195/2992 2685/3165/2964 2224/3094/2903 2243/3167/2966
f 2683/3162/2961 2241/3164/2963 2206/3055/2870 2656/3054/2869
f 2683/3162/2961 2656/3054/2869 2205/3053/2868 2242/3163/2962
f 2713/3223/3019 2206/3055/2870 2241/3164/2963 2715/3224/3020
f 2713/3223/3019 2715/3224/3020 2252/3197/2994 2247/3175/2973
f 2687/3170/2969 2244/3171/2968 2215/3066/2881 2661/3065/2880
f 2687/3170/2969 2661/3065/2880 2214/3068/2883 2240/3161/2960
f 2239/3160/2959 2682/3159/2958 2665/3075/2889 2220/3078/2892
f 2682/3159/2958 2240/3161/2960 2214/3068/2883 2665/3075/2889
f 2702/3203/3000 2239/3160/2959 2220/3078/2892 2703/3205/3002
f 2702/3203/3000 2703/3205/3002 2228/3103/2910 2246/3174/2972
f 2197/3106/2856 2674/3105/2912 3009/3156/2955 2732/3155/2916
f 2674/3105/2912 2229/3104/2911 2733/3157/2956 3009/3156/2955
f 2652/3042/2857 2197/3041/2856 2732/3111/2916 3008/3110/2915
f 2652/3042/2857 3008/3110/2915 2731/3113/2918 2198/3043/2858
f 2248/3178/2976 2690/3177/2975 3010/3183/2980 2734/3182/2979
f 2690/3177/2975 2198/3043/2858 2731/3113/2918 3010/3183/2980
f 2657/3051/2866 2207/3056/2871 2735/3118/2923 3012/3117/2922
f 2657/3051/2866 3012/3117/2922 2730/3116/2921 2204/3052/2867
f 2735/3118/2923 2207/3056/2871 2714/3222/3018 3011/3221/3017
f 2714/3222/3018 2248/3178/2976 2734/3182/2979 3011/3221/3017
f 2733/3157/2956 2229/3104/2911 2704/3204/3001 3013/3207/3004
f 2704/3204/3001 2219/3077/2891 2729/3129/2934 3013/3207/3004
f 2729/3129/2934 2219/3077/2891 2664/3076/2890 3006/3126/2931
f 2664/3076/2890 2213/3067/2882 2726/3125/2930 3006/3126/2931
f 2997/3143/2946 2720/3144/2947 2235/3124/2929 2678/3121/2926
f 2998/3130/2935 2721/3132/2937 2234/3151/2925 2680/3148/2951
f 2237/3147/2950 2722/3131/2936 2998/3130/2935 2680/3148/2951
f 2694/3191/2988 2999/3194/2991 2722/3131/2936 2237/3147/2950
f 2724/3141/2945 3000/3140/2944 2677/3114/2919 2233/3119/2924
f 3000/3140/2944 2723/3139/2943 2232/3115/2920 2677/3114/2919
f 2712/3220/3016 3001/3219/3015 2724/3141/2945 2233/3119/2924
f 3002/3209/3006 2716/3134/2939 2238/3158/2957 2705/3206/3003
f 3003/3145/2948 2725/3146/2949 2236/3128/2933 2679/3127/2932
f 2235/3124/2929 2720/3144/2947 3003/3145/2948 2679/3127/2932
f 2243/3167/2966 2224/3094/2903 2670/3092/2901 2686/3168/2967
f 2670/3092/2901 2215/3091/2881 2244/3169/2968 2686/3168/2967
f 2698/3196/2993 2249/3180/2978 2199/3044/2859 2689/3176/2974
f 2698/3196/2993 2689/3176/2974 2247/3175/2973 2252/3197/2994
f 2196/3040/2855 2653/3039/2854 2691/3179/2977 2245/3181/2971
f 2653/3039/2854 2199/3044/2859 2249/3180/2978 2691/3179/2977
f 2196/3107/2855 2245/3173/2971 2688/3172/2970 2675/3102/2909
f 2688/3172/2970 2246/3174/2972 2228/3103/2910 2675/3102/2909
f 2694/3191/2988 2232/3115/2920 2723/3139/2943 2999/3194/2991
f 2997/3143/2946 2678/3121/2926 2234/3120/2925 2721/3142/2937
f 3002/3209/3006 2705/3206/3003 2236/3128/2933 2725/3146/2949
f 2230/3154/2913 2681/3153/2954 2994/3133/2938 2717/3135/2940
f 2681/3153/2954 2238/3158/2957 2716/3134/2939 2994/3133/2938
f 2231/3112/2917 2676/3109/2914 2995/3137/2942 2718/3136/2941
f 2676/3109/2914 2230/3108/2913 2717/3138/2940 2995/3137/2942
f 2250/3185/2982 2692/3184/2981 2996/3187/2984 2719/3189/2986
f 2692/3184/2981 2231/3112/2917 2718/3136/2941 2996/3187/2984
f 2712/3220/3016 2250/3185/2982 2719/3189/2986 3001/3219/3015
f 2254/3225/3021 2736/3226/3022 3014/3227/3023 2739/3228/3024
f 2736/3226/3022 2255/3229/3025 2737/3230/3026 3014/3227/3023
f 3014/3227/3023 2737/3230/3026 2256/3231/3027 2738/3232/3028
f 2739/3228/3024 3014/3227/3023 2738/3232/3028 2257/3233/3029
f 2258/3234/3030 2740/3235/3031 2741/3236/3032 2261/3237/3033
f 2740/3235/3031 2259/3238/3034 2260/3239/3035 2741/3236/3032
f 2262/3240/3036 2742/3241/3037 2743/3242/3038 2265/3243/3039
f 2742/3241/3037 2263/3244/3040 2264/3245/3041 2743/3242/3038
f 2266/3246/3042 2744/3247/3043 2745/3248/3044 2269/3249/3045
f 2744/3247/3043 2267/3250/3046 2268/3251/3047 2745/3248/3044
f 2255/3229/3025 2736/3226/3022 2746/3252/3048 2271/3253/3049
f 2736/3226/3022 2254/3225/3021 2270/3254/3050 2746/3252/3048
f 2272/3255/3051 2747/3256/3052 2748/3257/3053 2275/3258/3054
f 2747/3256/3052 2273/3259/3055 2274/3260/3056 2748/3257/3053
f 2276/3261/3057 2749/3262/3058 2750/3263/3059 2279/3264/3060
f 2749/3262/3058 2277/3265/3061 2278/3266/3062 2750/3263/3059
f 2752/3267/3063 2280/3268/3064 2281/3269/3065 2751/3270/3066
f 2752/3267/3063 2751/3270/3066 2274/3260/3056 2273/3259/3055
f 2278/3266/3062 2277/3265/3061 2753/3271/3067 2754/3272/3068
f 2753/3271/3067 2282/3273/3069 2283/3274/3070 2754/3272/3068
f 2282/3273/3069 2753/3271/3067 3015/3275/3071 2756/3276/3072
f 2753/3271/3067 2277/3265/3061 2749/3262/3058 3015/3275/3071
f 3015/3275/3071 2749/3262/3058 2276/3261/3057 2755/3277/3073
f 2756/3276/3072 3015/3275/3071 2755/3277/3073 2284/3278/3074
f 2270/3254/3050 2254/3225/3021 2739/3228/3024 2757/3279/3075
f 2739/3228/3024 2257/3233/3029 2285/3280/3076 2757/3279/3075
f 2759/3281/3077 2286/3282/3078 2287/3283/3079 2758/3284/3080
f 2759/3281/3077 2758/3284/3080 2268/3251/3047 2267/3250/3046
f 2761/3285/3081 2288/3286/3082 2289/3287/3083 2760/3288/3084
f 2761/3285/3081 2760/3288/3084 2290/3289/3085 2291/3290/3086
f 2292/3291/3087 2762/3292/3088 2763/3293/3089 2295/3294/3090
f 2762/3292/3088 2293/3295/3091 2294/3296/3092 2763/3293/3089
f 2296/3297/3093 2764/3298/3094 2765/3299/3095 2299/3300/3096
f 2764/3298/3094 2297/3301/3097 2298/3302/3098 2765/3299/3095
f 2300/3303/3099 2766/3304/3100 2767/3305/3101 2303/3306/3102
f 2766/3304/3100 2301/3307/3103 2302/3308/3104 2767/3305/3101
f 2769/3309/3105 2304/3310/3106 2305/3311/3107 2768/3312/3108
f 2769/3309/3105 2768/3312/3108 2306/3313/3109 2307/3314/3110
f 2771/3315/3111 2308/3316/3112 2309/3317/3113 2770/3318/3114
f 2771/3315/3111 2770/3318/3114 2305/3311/3107 2304/3310/3106
f 2757/3279/3075 2285/3280/3076 2310/3319/3115 2772/3320/3116
f 2757/3279/3075 2772/3320/3116 2311/3321/3117 2270/3254/3050
f 2761/3285/3081 2291/3290/3086 2312/3322/3118 2773/3323/3119
f 2761/3285/3081 2773/3323/3119 2313/3324/3120 2288/3286/3082
f 2774/3325/3121 2314/3326/3122 2263/3244/3040 2742/3241/3037
f 2774/3325/3121 2742/3241/3037 2262/3240/3036 2315/3327/3123
f 2775/3328/3124 2316/3329/3125 2271/3253/3049 2746/3252/3048
f 2775/3328/3124 2746/3252/3048 2270/3254/3050 2311/3321/3117
f 2317/3330/3126 2776/3331/3127 2750/3263/3059 2278/3266/3062
f 2776/3331/3127 2318/3332/3128 2279/3264/3060 2750/3263/3059
f 2317/3330/3126 2278/3266/3062 2754/3272/3068 2777/3333/3129
f 2754/3272/3068 2283/3274/3070 2319/3334/3130 2777/3333/3129
f 2779/3335/3131 2300/3303/3099 2303/3306/3102 2778/3336/3132
f 2779/3335/3131 2778/3336/3132 2320/3337/3133 2321/3338/3134
f 2781/3339/3135 2322/3340/3136 2323/3341/3137 2780/3342/3138
f 2781/3339/3135 2780/3342/3138 2324/3343/3139 2325/3344/3140
f 2326/3345/3141 2782/3346/3142 3016/3347/3143 2785/3348/3144
f 2782/3346/3142 2327/3349/3145 2783/3350/3146 3016/3347/3143
f 3016/3347/3143 2783/3350/3146 2328/3351/3147 2784/3352/3148
f 2785/3348/3144 3016/3347/3143 2784/3352/3148 2329/3353/3149
f 2330/3354/3150 2786/3355/3151 3017/3356/3152 2789/3357/3153
f 2786/3355/3151 2331/3358/3154 2787/3359/3155 3017/3356/3152
f 3017/3356/3152 2787/3359/3155 2332/3360/3156 2788/3361/3157
f 2789/3357/3153 3017/3356/3152 2788/3361/3157 2333/3362/3158
f 2331/3358/3154 2790/3363/3159 3018/3364/3160 2787/3359/3155
f 2790/3363/3159 2334/3365/3161 2791/3366/3162 3018/3364/3160
f 3018/3364/3160 2791/3366/3162 2335/3367/3163 2792/3368/3164
f 2787/3359/3155 3018/3364/3160 2792/3368/3164 2332/3360/3156
f 2336/3369/3165 2793/3370/3166 3019/3371/3167 2796/3372/3168
f 2793/3370/3166 2326/3345/3141 2794/3373/3169 3019/3371/3167
f 3019/3371/3167 2794/3373/3169 2337/3374/3170 2795/3375/3171
f 2796/3372/3168 3019/3371/3167 2795/3375/3171 2338/3376/3172
f 2328/3351/3147 2783/3350/3146 3020/3377/3173 2798/3378/3174
f 2783/3350/3146 2327/3349/3145 2797/3379/3175 3020/3377/3173
f 3020/3377/3173 2797/3379/3175 2008/2488/2342 2400/2491/2345
f 2798/3378/3174 3020/3377/3173 2400/2491/2345 2011/2496/2350
f 2281/3269/3065 2280/3268/3064 2799/3380/3176 2800/3381/3177
f 2799/3380/3176 2292/3291/3087 2295/3294/3090 2800/3381/3177
f 2802/3382/3178 2309/3317/3113 2308/3316/3112 2801/3383/3179
f 2802/3382/3178 2801/3383/3179 2325/3344/3140 2324/3343/3139
f 2804/3384/3180 2319/3334/3130 2283/3274/3070 2803/3385/3181
f 2804/3384/3180 2803/3385/3181 2288/3286/3082 2313/3324/3120
f 2289/3287/3083 2288/3286/3082 2803/3385/3181 2805/3386/3182
f 2803/3385/3181 2283/3274/3070 2282/3273/3069 2805/3386/3182
f 2284/3278/3074 2806/3387/3183 3021/3388/3184 2756/3276/3072
f 2806/3387/3183 2290/3289/3085 2760/3288/3084 3021/3388/3184
f 3021/3388/3184 2760/3288/3084 2289/3287/3083 2805/3386/3182
f 2756/3276/3072 3021/3388/3184 2805/3386/3182 2282/3273/3069
f 2264/3245/3041 2807/3389/3185 3022/3390/3186 2743/3242/3038
f 2807/3389/3185 2256/3231/3027 2737/3230/3026 3022/3390/3186
f 3022/3390/3186 2737/3230/3026 2255/3229/3025 2808/3391/3187
f 2743/3242/3038 3022/3390/3186 2808/3391/3187 2265/3243/3039
f 2808/3391/3187 2255/3229/3025 2271/3253/3049 2809/3392/3188
f 2808/3391/3187 2809/3392/3188 2262/3240/3036 2265/3243/3039
f 2810/3393/3189 2315/3327/3123 2262/3240/3036 2809/3392/3188
f 2810/3393/3189 2809/3392/3188 2271/3253/3049 2316/3329/3125
f 2298/3302/3098 2297/3301/3097 2811/3394/3190 2812/3395/3191
f 2811/3394/3190 2302/3308/3104 2301/3307/3103 2812/3395/3191
f 2814/3396/3192 2266/3246/3042 2269/3249/3045 2813/3397/3193
f 2814/3396/3192 2813/3397/3193 2258/3234/3030 2261/3237/3033
f 2333/3362/3158 2815/3398/3194 3023/3399/3195 2789/3357/3153
f 2815/3398/3194 2018/2512/2366 2411/2515/2369 3023/3399/3195
f 3023/3399/3195 2411/2515/2369 2021/2520/2374 2816/3400/3196
f 2789/3357/3153 3023/3399/3195 2816/3400/3196 2330/3354/3150
f 2747/3256/3052 2272/3255/3051 2339/3401/3197 2817/3402/3198
f 2747/3256/3052 2817/3402/3198 2340/3403/3199 2273/3259/3055
f 2341/3404/3200 2818/3405/3201 2759/3281/3077 2267/3250/3046
f 2818/3405/3201 2342/3406/3202 2286/3282/3078 2759/3281/3077
f 2790/3363/3159 2331/3358/3154 2268/3251/3047 2758/3284/3080
f 2790/3363/3159 2758/3284/3080 2287/3283/3079 2334/3365/3161
f 2786/3355/3151 2330/3354/3150 2269/3249/3045 2745/3248/3044
f 2786/3355/3151 2745/3248/3044 2268/3251/3047 2331/3358/3154
f 2269/3249/3045 2330/3354/3150 2816/3400/3196 2813/3397/3193
f 2816/3400/3196 2021/2520/2374 2258/3234/3030 2813/3397/3193
f 2326/3345/3141 2793/3370/3166 2748/3257/3053 2274/3260/3056
f 2793/3370/3166 2336/3369/3165 2275/3258/3054 2748/3257/3053
f 2326/3345/3141 2274/3260/3056 2751/3270/3066 2782/3346/3142
f 2751/3270/3066 2281/3269/3065 2327/3349/3145 2782/3346/3142
f 2008/2488/2342 2797/3379/3175 2800/3381/3177 2295/3294/3090
f 2797/3379/3175 2327/3349/3145 2281/3269/3065 2800/3381/3177
f 2762/3292/3088 2292/3291/3087 2343/3407/3203 2819/3408/3204
f 2762/3292/3088 2819/3408/3204 2344/3409/3205 2293/3295/3091
f 2345/3410/3206 2820/3411/3207 2741/3236/3032 2260/3239/3035
f 2820/3411/3207 2346/3412/3208 2261/3237/3033 2741/3236/3032
f 2347/3413/3209 2821/3414/3210 2744/3247/3043 2266/3246/3042
f 2821/3414/3210 2341/3404/3200 2267/3250/3046 2744/3247/3043
f 2347/3413/3209 2266/3246/3042 2814/3396/3192 2822/3415/3211
f 2814/3396/3192 2261/3237/3033 2346/3412/3208 2822/3415/3211
f 2799/3380/3176 2280/3268/3064 2348/3416/3212 2823/3417/3213
f 2799/3380/3176 2823/3417/3213 2343/3407/3203 2292/3291/3087
f 2348/3416/3212 2280/3268/3064 2752/3267/3063 2824/3418/3214
f 2752/3267/3063 2273/3259/3055 2340/3403/3199 2824/3418/3214
f 2349/3419/3215 2825/3420/3216 2773/3323/3119 2312/3322/3118
f 2825/3420/3216 2350/3421/3217 2313/3324/3120 2773/3323/3119
f 2351/3422/3218 2826/3423/3219 2774/3325/3121 2315/3327/3123
f 2826/3423/3219 2352/3424/3220 2314/3326/3122 2774/3325/3121
f 2776/3331/3127 2317/3330/3126 2353/3425/3221 2827/3426/3222
f 2776/3331/3127 2827/3426/3222 2354/3427/3223 2318/3332/3128
f 2772/3320/3116 2310/3319/3115 2355/3428/3224 2828/3429/3225
f 2772/3320/3116 2828/3429/3225 2356/3430/3226 2311/3321/3117
f 2316/3329/3125 2775/3328/3124 2829/3431/3227 2357/3432/3228
f 2775/3328/3124 2311/3321/3117 2356/3430/3226 2829/3431/3227
f 2316/3329/3125 2357/3432/3228 2830/3433/3229 2810/3393/3189
f 2830/3433/3229 2351/3422/3218 2315/3327/3123 2810/3393/3189
f 2313/3324/3120 2350/3421/3217 2831/3434/3230 2804/3384/3180
f 2831/3434/3230 2358/3435/3231 2319/3334/3130 2804/3384/3180
f 2353/3425/3221 2317/3330/3126 2777/3333/3129 2832/3436/3232
f 2777/3333/3129 2319/3334/3130 2358/3435/3231 2832/3436/3232
f 2259/3238/3034 2740/3235/3031 2410/2519/2373 2020/2518/2372
f 2740/3235/3031 2258/3234/3030 2021/2520/2374 2410/2519/2373
f 2397/2489/2343 2008/2488/2342 2295/3294/3090 2763/3293/3089
f 2397/2489/2343 2763/3293/3089 2294/3296/3092 2009/2492/2346
f 2829/3431/3227 2356/3430/3226 2303/3306/3102 2767/3305/3101
f 2829/3431/3227 2767/3305/3101 2302/3308/3104 2357/3432/3228
f 2320/3337/3133 2778/3336/3132 2828/3429/3225 2355/3428/3224
f 2778/3336/3132 2303/3306/3102 2356/3430/3226 2828/3429/3225
f 2304/3310/3106 2769/3309/3105 2827/3426/3222 2353/3425/3221
f 2769/3309/3105 2307/3314/3110 2354/3427/3223 2827/3426/3222
f 2771/3315/3111 2304/3310/3106 2353/3425/3221 2832/3436/3232
f 2771/3315/3111 2832/3436/3232 2358/3435/3231 2308/3316/3112
f 2325/3344/3140 2801/3383/3179 2831/3434/3230 2350/3421/3217
f 2801/3383/3179 2308/3316/3112 2358/3435/3231 2831/3434/3230
f 2322/3340/3136 2781/3339/3135 2825/3420/3216 2349/3419/3215
f 2781/3339/3135 2325/3344/3140 2350/3421/3217 2825/3420/3216
f 2764/3298/3094 2296/3297/3093 2352/3424/3220 2826/3423/3219
f 2764/3298/3094 2826/3423/3219 2351/3422/3218 2297/3301/3097
f 2297/3301/3097 2351/3422/3218 2830/3433/3229 2811/3394/3190
f 2830/3433/3229 2357/3432/3228 2302/3308/3104 2811/3394/3190
f 2340/3403/3199 2817/3402/3198 2768/3312/3108 2305/3311/3107
f 2817/3402/3198 2339/3401/3197 2306/3313/3109 2768/3312/3108
f 2300/3303/3099 2779/3335/3131 2818/3405/3201 2341/3404/3200
f 2779/3335/3131 2321/3338/3134 2342/3406/3202 2818/3405/3201
f 2770/3318/3114 2309/3317/3113 2348/3416/3212 2824/3418/3214
f 2770/3318/3114 2824/3418/3214 2340/3403/3199 2305/3311/3107
f 2765/3299/3095 2298/3302/3098 2346/3412/3208 2820/3411/3207
f 2765/3299/3095 2820/3411/3207 2345/3410/3206 2299/3300/3096
f 2324/3343/3139 2780/3342/3138 2819/3408/3204 2343/3407/3203
f 2780/3342/3138 2323/3341/3137 2344/3409/3205 2819/3408/3204
f 2346/3412/3208 2298/3302/3098 2812/3395/3191 2822/3415/3211
f 2812/3395/3191 2301/3307/3103 2347/3413/3209 2822/3415/3211
f 2300/3303/3099 2341/3404/3200 2821/3414/3210 2766/3304/3100
f 2821/3414/3210 2347/3413/3209 2301/3307/3103 2766/3304/3100
f 2324/3343/3139 2343/3407/3203 2823/3417/3213 2802/3382/3178
f 2823/3417/3213 2348/3416/3212 2309/3317/3113 2802/3382/3178
f 2044/2562/2416 2045/2565/2419 2608/2995/2813 2833/3437/3233
f 2608/2995/2813 2049/2574/2426 2027/2536/2390 2833/3437/3233
f 2038/2554/2408 2427/2553/2407 3024/3438/3234 2836/3439/3235
f 2427/2553/2407 2041/2558/2412 2834/3440/3236 3024/3438/3234
f 3024/3438/3234 2834/3440/3236 2359/3441/3237 2835/3442/3238
f 2836/3439/3235 3024/3438/3234 2835/3442/3238 2360/3443/3239
f 2047/2569/2423 2837/3444/3240 3025/3445/3241 2438/2582/2434
f 2837/3444/3240 2361/3446/3242 2838/3447/3243 3025/3445/3241
f 3025/3445/3241 2838/3447/3243 2006/2484/2338 2393/2481/2335
f 2438/2582/2434 3025/3445/3241 2393/2481/2335 2005/2480/2334
f 2031/2542/2396 2447/2598/2450 3026/3448/3244 2840/3449/3245
f 2447/2598/2450 2036/2549/2403 2839/3450/3246 3026/3448/3244
f 3026/3448/3244 2839/3450/3246 2004/2479/2333 2391/2478/2332
f 2840/3449/3245 3026/3448/3244 2391/2478/2332 1999/2465/2319
f 2031/2542/2396 2840/3449/3245 3027/3451/3247 2421/2543/2397
f 2840/3449/3245 1999/2465/2319 2389/2468/2322 3027/3451/3247
f 3027/3451/3247 2389/2468/2322 2002/2473/2327 2841/3452/3248
f 2421/2543/2397 3027/3451/3247 2841/3452/3248 2032/2544/2398
f 2036/2549/2403 2424/2548/2402 3028/3453/3249 2839/3450/3246
f 2424/2548/2402 2007/2487/2341 2395/2486/2340 3028/3453/3249
f 3028/3453/3249 2395/2486/2340 2003/2474/2328 2392/2477/2331
f 2839/3450/3246 3028/3453/3249 2392/2477/2331 2004/2479/2333
f 2050/2577/2429 2450/2602/2454 3029/3454/3250 2435/2578/2430
f 2450/2602/2454 2032/2544/2398 2841/3452/3248 3029/3454/3250
f 3029/3454/3250 2841/3452/3248 2002/2473/2327 2388/2472/2326
f 2435/2578/2430 3029/3454/3250 2388/2472/2326 2001/2471/2325
f 2359/3441/3237 2834/3440/3236 3030/3455/3251 2843/3456/3252
f 2834/3440/3236 2041/2558/2412 2429/2563/2417 3030/3455/3251
f 3030/3455/3251 2429/2563/2417 2044/2562/2416 2842/3457/3253
f 2843/3456/3252 3030/3455/3251 2842/3457/3253 2362/3458/3254
f 2044/2562/2416 2833/3437/3233 3031/3459/3255 2842/3457/3253
f 2833/3437/3233 2027/2536/2390 2418/2535/2389 3031/3459/3255
f 3031/3459/3255 2418/2535/2389 2026/2534/2388 2844/3460/3256
f 2842/3457/3253 3031/3459/3255 2844/3460/3256 2362/3458/3254
f 2057/2607/2459 1997/2460/2314 2845/3461/3257 2489/2731/2573
f 2845/3461/3257 2363/3462/3258 2105/2734/2576 2489/2731/2573
f 2105/2734/2576 2363/3462/3258 2125/2809/2648 2550/2812/2651
f 2125/2809/2648 2363/3462/3258 2846/3463/3259 2701/3202/2999
f 2846/3463/3259 2025/2529/2383 2056/2605/2457 2701/3202/2999
f 1997/2460/2314 2382/2459/2313 3032/3464/3260 2845/3461/3257
f 2382/2459/2313 1990/2440/2294 2416/2530/2384 3032/3464/3260
f 3032/3464/3260 2416/2530/2384 2025/2529/2383 2846/3463/3259
f 2845/3461/3257 3032/3464/3260 2846/3463/3259 2363/3462/3258
f 2338/3376/3172 2795/3375/3171 3033/3465/3261 2848/3466/3262
f 2795/3375/3171 2337/3374/3170 2847/3467/3263 3033/3465/3261
f 3033/3465/3261 2847/3467/3263 2023/2525/2379 2412/2522/2376
f 2848/3466/3262 3033/3465/3261 2412/2522/2376 2022/2521/2375
f 2332/3360/3156 2792/3368/3164 3034/3468/3264 2850/3469/3265
f 2792/3368/3164 2335/3367/3163 2849/3470/3266 3034/3468/3264
f 3034/3468/3264 2849/3470/3266 1987/2430/2284 2371/2433/2287
f 2850/3469/3265 3034/3468/3264 2371/2433/2287 1988/2435/2289
f 2332/3360/3156 2850/3469/3265 3035/3471/3267 2788/3361/3157
f 2850/3469/3265 1988/2435/2289 2373/2439/2293 3035/3471/3267
f 3035/3471/3267 2373/2439/2293 1989/2438/2292 2851/3472/3268
f 2788/3361/3157 3035/3471/3267 2851/3472/3268 2333/3362/3158
f 2364/3473/3269 2852/3474/3270 3036/3475/3271 2855/3476/3272
f 2852/3474/3270 2053/2589/2441 2853/3477/3273 3036/3475/3271
f 3036/3475/3271 2853/3477/3273 2365/3478/3274 2854/3479/3275
f 2855/3476/3272 3036/3475/3271 2854/3479/3275 1989/2438/2292
f 2366/3480/3276 2856/3481/3277 3037/3482/3278 2857/3483/3279
f 2856/3481/3277 2052/2584/2436 2442/2587/2439 3037/3482/3278
f 3037/3482/3278 2442/2587/2439 2053/2589/2441 2852/3474/3270
f 2857/3483/3279 3037/3482/3278 2852/3474/3270 2364/3473/3269
f 2001/2471/2325 2440/2585/2437 3038/3484/3280 2436/2579/2431
f 2440/2585/2437 2052/2584/2436 2858/3485/3281 3038/3484/3280
f 3038/3484/3280 2858/3485/3281 2017/2511/2365 2406/2510/2364
f 2436/2579/2431 3038/3484/3280 2406/2510/2364 2014/2503/2357
f 1992/2446/2300 2378/2450/2304 3039/3486/3282 2861/3487/3283
f 2378/2450/2304 1994/2449/2303 2859/3488/3284 3039/3486/3282
f 3039/3486/3282 2859/3488/3284 2367/3489/3285 2860/3490/3286
f 2861/3487/3283 3039/3486/3282 2860/3490/3286 2368/3491/3287
f 2026/2534/2388 2417/2533/2387 3040/3492/3288 2863/3493/3289
f 2417/2533/2387 1990/2440/2294 2377/2443/2297 3040/3492/3288
f 3040/3492/3288 2377/2443/2297 1993/2448/2302 2862/3494/3290
f 2863/3493/3289 3040/3492/3288 2862/3494/3290 2369/3495/3291
f 2362/3458/3254 2844/3460/3256 3041/3496/3292 2865/3497/3293
f 2844/3460/3256 2026/2534/2388 2864/3498/3294 3041/3496/3292
f 3041/3496/3292 2864/3498/3294 2329/3353/3149 2784/3352/3148
f 2865/3497/3293 3041/3496/3292 2784/3352/3148 2328/3351/3147
f 2365/3478/3274 2853/3477/3273 3042/3499/3295 2866/3500/3296
f 2853/3477/3273 2053/2589/2441 2441/2588/2440 3042/3499/3295
f 3042/3499/3295 2441/2588/2440 2000/2469/2323 2390/2475/2329
f 2866/3500/3296 3042/3499/3295 2390/2475/2329 2003/2474/2328
f 2018/2512/2366 2815/3398/3194 3043/3501/3297 2867/3502/3298
f 2815/3398/3194 2333/3362/3158 2851/3472/3268 3043/3501/3297
f 3043/3501/3297 2851/3472/3268 1989/2438/2292 2854/3479/3275
f 2867/3502/3298 3043/3501/3297 2854/3479/3275 2365/3478/3274
f 779/2398/2222 785/2397/2221 3044/3503/3299 2869/3504/3300
f 785/2397/2221 780/2396/2220 2868/3505/3301 3044/3503/3299
f 3044/3503/3299 2868/3505/3301 2366/3480/3276 2857/3483/3279
f 2869/3504/3300 3044/3503/3299 2857/3483/3279 2364/3473/3269
f 1989/2438/2292 2372/2437/2291 3045/3506/3302 2855/3476/3272
f 2372/2437/2291 784/2400/2224 786/2399/2223 3045/3506/3302
f 3045/3506/3302 786/2399/2223 779/2398/2222 2869/3504/3300
f 2855/3476/3272 3045/3506/3302 2869/3504/3300 2364/3473/3269
f 2052/2584/2436 2856/3481/3277 3046/3507/3303 2858/3485/3281
f 2856/3481/3277 2366/3480/3276 2870/3508/3304 3046/3507/3303
f 3046/3507/3303 2870/3508/3304 2016/2506/2360 2407/2509/2363
f 2858/3485/3281 3046/3507/3303 2407/2509/2363 2017/2511/2365
f 781/2411/2234 787/2410/2233 3047/3509/3305 2872/3510/3306
f 787/2410/2233 782/2409/2232 2871/3511/3307 3047/3509/3305
f 3047/3509/3305 2871/3511/3307 2368/3491/3287 2860/3490/3286
f 2872/3510/3306 3047/3509/3305 2860/3490/3286 2367/3489/3285
f 1992/2446/2300 2861/3487/3283 3048/3512/3308 2376/2447/2301
f 2861/3487/3283 2368/3491/3287 2873/3513/3309 3048/3512/3308
f 3048/3512/3308 2873/3513/3309 2024/2527/2381 2874/3514/3310
f 2376/2447/2301 3048/3512/3308 2874/3514/3310 1993/2448/2302
f 2024/2527/2381 2873/3513/3309 3049/3515/3311 2414/2528/2382
f 2873/3513/3309 2368/3491/3287 2871/3511/3307 3049/3515/3311
f 3049/3515/3311 2871/3511/3307 782/2409/2232 788/2408/2231
f 2414/2528/2382 3049/3515/3311 788/2408/2231 1394/2407/2230
f 2369/3495/3291 2862/3494/3290 3050/3516/3312 2875/3517/3313
f 2862/3494/3290 1993/2448/2302 2874/3514/3310 3050/3516/3312
f 3050/3516/3312 2874/3514/3310 2024/2527/2381 2413/2526/2380
f 2875/3517/3313 3050/3516/3312 2413/2526/2380 2023/2525/2379
f 2359/3441/3237 2843/3456/3252 3051/3518/3314 2876/3519/3315
f 2843/3456/3252 2362/3458/3254 2865/3497/3293 3051/3518/3314
f 3051/3518/3314 2865/3497/3293 2328/3351/3147 2798/3378/3174
f 2876/3519/3315 3051/3518/3314 2798/3378/3174 2011/2496/2350
f 2010/2494/2348 2877/3520/3316 3052/3521/3317 2399/2495/2349
f 2877/3520/3316 2360/3443/3239 2835/3442/3238 3052/3521/3317
f 3052/3521/3317 2835/3442/3238 2359/3441/3237 2876/3519/3315
f 2399/2495/2349 3052/3521/3317 2876/3519/3315 2011/2496/2350
f 2018/2512/2366 2878/3522/3318 3053/3523/3319 2408/2513/2367
f 2878/3522/3318 2006/2484/2338 2838/3447/3243 3053/3523/3319
f 3053/3523/3319 2838/3447/3243 2361/3446/3242 2879/3524/3320
f 2408/2513/2367 3053/3523/3319 2879/3524/3320 2019/2516/2370
f 2018/2512/2366 2867/3502/3298 3054/3525/3321 2878/3522/3318
f 2867/3502/3298 2365/3478/3274 2866/3500/3296 3054/3525/3321
f 3054/3525/3321 2866/3500/3296 2003/2474/2328 2394/2485/2339
f 2878/3522/3318 3054/3525/3321 2394/2485/2339 2006/2484/2338
f 2329/3353/3149 2880/3526/3322 3055/3527/3323 2785/3348/3144
f 2880/3526/3322 2370/3528/3324 2881/3529/3325 3055/3527/3323
f 3055/3527/3323 2881/3529/3325 2337/3374/3170 2794/3373/3169
f 2785/3348/3144 3055/3527/3323 2794/3373/3169 2326/3345/3141
f 2369/3495/3291 2882/3530/3326 3056/3531/3327 2863/3493/3289
f 2882/3530/3326 2370/3528/3324 2880/3526/3322 3056/3531/3327
f 3056/3531/3327 2880/3526/3322 2329/3353/3149 2864/3498/3294
f 2863/3493/3289 3056/3531/3327 2864/3498/3294 2026/2534/2388
f 2369/3495/3291 2875/3517/3313 3057/3532/3328 2882/3530/3326
f 2875/3517/3313 2023/2525/2379 2847/3467/3263 3057/3532/3328
f 3057/3532/3328 2847/3467/3263 2337/3374/3170 2881/3529/3325
f 2882/3530/3326 3057/3532/3328 2881/3529/3325 2370/3528/3324
f 2367/3489/3285 2859/3488/3284 3058/3533/3329 2883/3534/3330
f 2859/3488/3284 1994/2449/2303 2446/2595/2447 3058/3533/3329
f 3058/3533/3329 2446/2595/2447 2016/2506/2360 2870/3508/3304
f 2883/3534/3330 3058/3533/3329 2870/3508/3304 2366/3480/3276
f 1987/2430/2284 2884/3535/3331 3059/3536/3332 2909/2431/2285
f 2884/3535/3331 2022/3537/2375 2415/3538/2378 3059/3536/3332
f 3059/3536/3332 2415/3538/2378 1394/2406/2230 778/2405/2229
f 2909/2431/2285 3059/3536/3332 778/2405/2229 789/2404/2228
f 2022/3537/2375 2884/3535/3331 3060/3539/3333 2848/3540/3262
f 2884/3535/3331 1987/2430/2284 2849/3470/3266 3060/3539/3333
f 3060/3539/3333 2849/3470/3266 2335/3367/3163 2885/3541/3334
f 2848/3540/3262 3060/3539/3333 2885/3541/3334 2338/3542/3172
f 2335/3367/3163 2791/3366/3162 3061/3543/3335 2885/3541/3334
f 2791/3366/3162 2334/3365/3161 2886/3544/3336 3061/3543/3335
f 3061/3543/3335 2886/3544/3336 2336/3545/3165 2796/3546/3168
f 2885/3541/3334 3061/3543/3335 2796/3546/3168 2338/3542/3172
f 2886/3544/3336 2334/3365/3161 2287/3283/3079 2887/3547/3337
f 2886/3544/3336 2887/3547/3337 2275/3548/3054 2336/3545/3165
f 2887/3547/3337 2287/3283/3079 2286/3282/3078 2888/3549/3338
f 2887/3547/3337 2888/3549/3338 2272/3550/3051 2275/3548/3054
f 2286/3282/3078 2342/3406/3202 2889/3551/3339 2888/3549/3338
f 2889/3551/3339 2339/3552/3197 2272/3550/3051 2888/3549/3338
f 2889/3551/3339 2342/3406/3202 2321/3338/3134 2890/3553/3340
f 2889/3551/3339 2890/3553/3340 2306/3554/3109 2339/3552/3197
f 2891/3555/3341 2307/3556/3110 2306/3554/3109 2890/3553/3340
f 2891/3555/3341 2890/3553/3340 2321/3338/3134 2320/3337/3133
f 2891/3555/3341 2320/3337/3133 2355/3428/3224 2892/3557/3342
f 2891/3555/3341 2892/3557/3342 2354/3558/3223 2307/3556/3110
f 2892/3557/3342 2355/3428/3224 2310/3319/3115 2893/3559/3343
f 2892/3557/3342 2893/3559/3343 2318/3560/3128 2354/3558/3223
f 2310/3319/3115 2285/3280/3076 2894/3561/3344 2893/3559/3343
f 2894/3561/3344 2279/3562/3060 2318/3560/3128 2893/3559/3343
f 2894/3561/3344 2285/3280/3076 2257/3233/3029 2895/3563/3345
f 2894/3561/3344 2895/3563/3345 2276/3564/3057 2279/3562/3060
f 2276/3564/3057 2895/3563/3345 3062/3565/3346 2755/3566/3073
f 2895/3563/3345 2257/3233/3029 2738/3232/3028 3062/3565/3346
f 3062/3565/3346 2738/3232/3028 2256/3231/3027 2896/3567/3347
f 2755/3566/3073 3062/3565/3346 2896/3567/3347 2284/3568/3074
f 2290/3569/3085 2806/3570/3183 3063/3571/3348 2897/3572/3349
f 2806/3570/3183 2284/3568/3074 2896/3567/3347 3063/3571/3348
f 3063/3571/3348 2896/3567/3347 2256/3231/3027 2807/3389/3185
f 2897/3572/3349 3063/3571/3348 2807/3389/3185 2264/3245/3041
f 2898/3573/3350 2291/3574/3086 2290/3569/3085 2897/3572/3349
f 2898/3573/3350 2897/3572/3349 2264/3245/3041 2263/3244/3040
f 2312/3575/3118 2291/3574/3086 2898/3573/3350 2899/3576/3351
f 2898/3573/3350 2263/3244/3040 2314/3326/3122 2899/3576/3351
f 2900/3577/3352 2349/3578/3215 2312/3575/3118 2899/3576/3351
f 2900/3577/3352 2899/3576/3351 2314/3326/3122 2352/3424/3220
f 2901/3579/3353 2322/3580/3136 2349/3578/3215 2900/3577/3352
f 2901/3579/3353 2900/3577/3352 2352/3424/3220 2296/3297/3093
f 2902/3581/3354 2323/3582/3137 2322/3580/3136 2901/3579/3353
f 2902/3581/3354 2901/3579/3353 2296/3297/3093 2299/3300/3096
f 2344/3583/3205 2323/3582/3137 2902/3581/3354 2903/3584/3355
f 2902/3581/3354 2299/3300/3096 2345/3410/3206 2903/3584/3355
f 2293/3585/3091 2344/3583/3205 2903/3584/3355 2904/3586/3356
f 2903/3584/3355 2345/3410/3206 2260/3239/3035 2904/3586/3356
f 2294/3587/3092 2293/3585/3091 2904/3586/3356 2905/3588/3357
f 2904/3586/3356 2260/3239/3035 2259/3238/3034 2905/3588/3357
f 2259/3238/3034 2020/2518/2372 2906/3589/3358 2905/3588/3357
f 2906/3589/3358 2009/3590/2346 2294/3587/3092 2905/3588/3357
f 2010/3591/2348 2398/3592/2347 3064/3593/3359 2907/3594/3360
f 2398/3592/2347 2009/3590/2346 2906/3589/3358 3064/3593/3359
f 3064/3593/3359 2906/3589/3358 2020/2518/2372 2409/2517/2371
f 2907/3594/3360 3064/3593/3359 2409/2517/2371 2019/2516/2370
f 2360/3595/3239 2877/3596/3316 3065/3597/3361 2908/3598/3362
f 2877/3596/3316 2010/3591/2348 2907/3594/3360 3065/3597/3361
f 3065/3597/3361 2907/3594/3360 2019/2516/2370 2879/3524/3320
f 2908/3598/3362 3065/3597/3361 2879/3524/3320 2361/3446/3242
f 2361/3446/3242 2837/3444/3240 3066/3599/3363 2908/3598/3362
f 2837/3444/3240 2047/2569/2423 2432/2568/2422 3066/3599/3363
f 3066/3599/3363 2432/2568/2422 2038/2571/2408 2836/3600/3235
f 2908/3598/3362 3066/3599/3363 2836/3600/3235 2360/3595/3239
f 2366/3480/3276 2868/3505/3301 3067/3601/3364 2883/3534/3330
f 2868/3505/3301 780/2396/2220 790/2412/2235 3067/3601/3364
f 3067/3601/3364 790/2412/2235 781/2411/2234 2872/3510/3306
f 2883/3534/3330 3067/3601/3364 2872/3510/3306 2367/3489/3285
f 3068/3602/3365 3071/3603/3366 3070/3604/3367 3069/3605/3368
f 3069/3605/3368 3070/3604/3367 1747/2360/3369 1749/2362/3370
f 3070/3604/3367 3072/3606/3371 1748/2358/3372 1747/2360/3369
f 3071/3603/3366 3073/3607/3373 3072/3606/3371 3070/3604/3367
f 1748/2358/3372 3072/3606/3371 3074/3608/3374 1751/2356/3375
f 1751/2356/3375 3074/3608/3374 3075/3609/3376 1752/2354/3377
f 3074/3608/3374 3077/3610/3378 3076/3611/3379 3075/3609/3376
f 3072/3606/3371 3073/3607/3373 3077/3610/3378 3074/3608/3374
f 3078/3612/3380 3081/3613/3381 3080/3614/3382 3079/3615/3383
f 3079/3615/3383 3080/3614/3382 3083/3616/3384 3082/3617/3385
f 3080/3614/3382 3085/3618/3386 3084/3619/3387 3083/3616/3384
f 3081/3613/3381 3086/3620/3388 3085/3618/3386 3080/3614/3382
f 3087/3621/3389 3090/3622/3390 3089/3623/3391 3088/3624/3392
f 3088/3624/3392 3089/3623/3391 3083/3616/3384 3084/3619/3387
f 3089/3623/3391 3091/3625/3393 3082/3617/3385 3083/3616/3384
f 3090/3622/3390 3092/3626/3394 3091/3625/3393 3089/3623/3391
f 3093/3627/3395 3096/3628/3396 3095/3629/3397 3094/3630/3398
f 3094/3630/3398 3095/3629/3397 3079/3615/3383 3082/3617/3385
f 3095/3629/3397 3097/3631/3399 3078/3612/3380 3079/3615/3383
f 3096/3628/3396 3098/3632/3400 3097/3631/3399 3095/3629/3397
f 3092/3626/3394 3100/3633/3401 3099/3634/3402 3091/3625/3393
f 3091/3625/3393 3099/3634/3402 3094/3630/3398 3082/3617/3385
f 3099/3634/3402 3101/3635/3403 3093/3627/3395 3094/3630/3398
f 3100/3633/3401 3102/3636/3404 3101/3635/3403 3099/3634/3402
f 3103/3637/3405 3106/3638/3406 3105/3639/3407 3104/3640/3408
f 3104/3640/3408 3105/3639/3407 3108/3641/3409 3107/3642/3410
f 3105/3639/3407 3110/3643/3411 3109/3644/3412 3108/3641/3409
f 3106/3638/3406 3111/3645/3413 3110/3643/3411 3105/3639/3407
f 3112/3646/3414 3115/3647/3415 3114/3648/3416 3113/3649/3417
f 3113/3649/3417 3114/3648/3416 3104/3640/3408 3107/3642/3410
f 3114/3648/3416 3116/3650/3418 3103/3637/3405 3104/3640/3408
f 3115/3647/3415 3117/3651/3419 3116/3650/3418 3114/3648/3416
f 3118/3652/3420 3121/3653/3421 3120/3654/3422 3119/3655/3423
f 3119/3655/3423 3120/3654/3422 3123/3656/3424 3122/3657/3425
f 3120/3654/3422 3124/3658/3426 3112/3646/3414 3123/3656/3424
f 3121/3653/3421 3125/3659/3427 3124/3658/3426 3120/3654/3422
f 3126/3660/3428 3129/3661/3429 3128/3662/3430 3127/3663/3431
f 3127/3663/3431 3128/3662/3430 3131/3664/3432 3130/3665/3433
f 3128/3662/3430 3133/3666/3434 3132/3667/3435 3131/3664/3432
f 3129/3661/3429 3134/3668/3436 3133/3666/3434 3128/3662/3430
f 3135/3669/3437 3138/3670/3438 3137/3671/3439 3136/3672/3440
f 3136/3672/3440 3137/3671/3439 3140/3673/3441 3139/3674/3442
f 3137/3671/3439 3142/3675/3443 3141/3676/3444 3140/3673/3441
f 3138/3670/3438 3143/3677/3445 3142/3675/3443 3137/3671/3439
f 3144/3678/3446 3147/3679/3447 3146/3680/3448 3145/3681/3449
f 3145/3681/3449 3146/3680/3448 3142/3675/3443 3143/3677/3445
f 3146/3680/3448 3148/3682/3450 3141/3676/3444 3142/3675/3443
f 3147/3679/3447 3149/3683/3451 3148/3682/3450 3146/3680/3448
f 3150/3684/3452 3153/3685/3453 3152/3686/3454 3151/3687/3455
f 3151/3687/3455 3152/3686/3454 3155/3688/3456 3154/3689/3457
f 3152/3686/3454 3157/3690/3458 3156/3691/3459 3155/3688/3456
f 3153/3685/3453 3158/3692/3460 3157/3690/3458 3152/3686/3454
f 3159/3693/3461 3162/3694/3462 3161/3695/3463 3160/3696/3464
f 3160/3696/3464 3161/3695/3463 3164/3697/3465 3163/3698/3466
f 3161/3695/3463 3166/3699/3467 3165/3700/3468 3164/3697/3465
f 3162/3694/3462 1762/2370/3469 3166/3699/3467 3161/3695/3463
f 3167/3701/3470 3170/3702/3471 3169/3703/3472 3168/3704/3473
f 3168/3704/3473 3169/3703/3472 3171/3705/3474 3078/3612/3380
f 3169/3703/3472 3173/3706/3475 3172/3707/3476 3171/3705/3474
f 3170/3702/3471 3174/3708/3477 3173/3706/3475 3169/3703/3472
f 3175/3709/3478 3093/3627/3395 3101/3635/3403 3176/3710/3479
f 3176/3710/3479 3101/3635/3403 3102/3636/3404 3177/3711/3480
f 3178/3712/3481 3181/3713/3482 3180/3714/3483 3179/3715/3484
f 3178/3712/3481 3183/3716/3485 3182/3717/3486 3181/3713/3482
f 3184/3718/3487 3187/3719/3488 3186/3720/3489 3185/3721/3490
f 3185/3721/3490 3186/3720/3489 3125/3659/3427 3188/3722/3491
f 3125/3659/3427 3121/3653/3421 3189/3723/3492 3188/3722/3491
f 3189/3723/3492 3121/3653/3421 3118/3652/3420 3190/3724/3493
f 3191/3725/3494 3194/3726/3495 3193/3727/3496 3192/3728/3497
f 3191/3725/3494 3196/3729/3498 3195/3730/3499 3194/3726/3495
f 3139/3674/3442 3198/3731/3500 3197/3732/3501 3136/3672/3440
f 3136/3672/3440 3197/3732/3501 3199/3733/3502 3135/3669/3437
f 3200/3734/3503 3203/3735/3504 3202/3736/3505 3201/3737/3506
f 3201/3737/3506 3202/3736/3505 3195/3730/3499 3196/3729/3498
f 3204/3738/3507 3207/3739/3508 3206/3740/3509 3205/3741/3510
f 3205/3741/3510 3206/3740/3509 3192/3742/3497 3193/3743/3496
f 3208/3744/3511 3210/3745/3512 3174/3708/3477 3209/3746/3513
f 3139/3674/3442 3140/3673/3441 3212/3747/3514 3211/3748/3515
f 3211/3748/3515 3212/3747/3514 3214/3749/3516 3213/3750/3517
f 3212/3747/3514 3215/3751/3518 3109/3644/3412 3214/3749/3516
f 3140/3673/3441 3141/3676/3444 3215/3751/3518 3212/3747/3514
f 3211/3748/3515 3216/3752/3519 3198/3731/3500 3139/3674/3442
f 3211/3748/3515 3213/3750/3517 3217/3753/3520 3216/3752/3519
f 3204/3738/3507 3219/3754/3521 3218/3755/3522 3207/3739/3508
f 3218/3755/3522 3219/3754/3521 3190/3724/3493 3118/3652/3420
f 3220/3756/3523 3223/3757/3524 3222/3758/3525 3221/3759/3526
f 3221/3759/3526 3222/3758/3525 3108/3641/3409 3109/3644/3412
f 3222/3758/3525 3224/3760/3527 3107/3642/3410 3108/3641/3409
f 3223/3757/3524 3225/3761/3528 3224/3760/3527 3222/3758/3525
f 3226/3762/3529 3227/3763/3530 3135/3669/3437 3199/3733/3502
f 3226/3762/3529 3177/3711/3480 3102/3636/3404 3227/3763/3530
f 3092/3626/3394 3229/3764/3531 3228/3765/3532 3100/3633/3401
f 3100/3633/3401 3228/3765/3532 3227/3763/3530 3102/3636/3404
f 3228/3765/3532 3138/3670/3438 3135/3669/3437 3227/3763/3530
f 3229/3764/3531 3143/3677/3445 3138/3670/3438 3228/3765/3532
f 3143/3677/3445 3229/3764/3531 3230/3766/3533 3145/3681/3449
f 3145/3681/3449 3230/3766/3533 3231/3767/3534 3144/3678/3446
f 3230/3766/3533 3090/3622/3390 3087/3621/3389 3231/3767/3534
f 3229/3764/3531 3092/3626/3394 3090/3622/3390 3230/3766/3533
f 3232/3768/3535 3234/3769/3536 3187/3719/3488 3233/3770/3537
f 3232/3768/3535 3179/3715/3484 3180/3714/3483 3234/3769/3536
f 3235/3771/3538 3233/3770/3537 3187/3719/3488 3184/3718/3487
f 3236/3772/3539 3238/3773/3540 3182/3717/3486 3237/3774/3541
f 3236/3772/3539 3217/3753/3520 3213/3750/3517 3238/3773/3540
f 3239/3775/3542 3237/3774/3541 3182/3717/3486 3183/3716/3485
f 3174/3708/3477 3170/3702/3471 3240/3776/3543 3209/3746/3513
f 3240/3776/3543 3170/3702/3471 3167/3701/3470 3241/3777/3544
f 3242/3778/3545 3096/3628/3396 3093/3627/3395 3175/3709/3478
f 3242/3778/3545 3243/3779/3546 3098/3632/3400 3096/3628/3396
f 3244/3780/3547 3247/3781/3548 3246/3782/3549 3245/3783/3550
f 3245/3783/3550 3246/3782/3549 3249/3784/3551 3248/3785/3552
f 3246/3782/3549 3251/3786/3553 3250/3787/3554 3249/3784/3551
f 3247/3781/3548 3252/3788/3555 3251/3786/3553 3246/3782/3549
f 3253/3789/3556 3256/3790/3557 3255/3791/3558 3254/3792/3559
f 3254/3792/3559 3255/3791/3558 3258/3793/3560 3257/3794/3561
f 3259/3795/3562 3262/3796/3563 3261/3797/3564 3260/3798/3565
f 3260/3798/3565 3261/3797/3564 3264/3799/3566 3263/3800/3567
f 3265/3801/3568 3268/3802/3569 3267/3803/3570 3266/3804/3571
f 3265/3801/3568 3270/3805/3572 3269/3806/3573 3268/3802/3569
f 3271/3807/3574 3274/3808/3575 3273/3809/3576 3272/3810/3577
f 3271/3807/3574 3276/3811/3578 3275/3812/3579 3274/3808/3575
f 3277/3813/3580 3280/3814/3581 3279/3815/3582 3278/3816/3583
f 3277/3813/3580 3282/3817/3584 3281/3818/3585 3280/3814/3581
f 3283/3819/3586 3286/3820/3587 3285/3821/3588 3284/3822/3589
f 3283/3819/3586 3250/3823/3554 3287/3824/3590 3286/3820/3587
f 3288/3825/3591 3289/3826/3592 3281/3818/3585 3282/3817/3584
f 3288/3825/3591 3291/3827/3593 3290/3828/3594 3289/3826/3592
f 3292/3829/3595 3295/3830/3596 3294/3831/3597 3293/3832/3598
f 3292/3829/3595 3284/3822/3589 3285/3821/3588 3295/3830/3596
f 3250/3823/3554 3283/3819/3586 3296/3833/3599 3249/3834/3551
f 3249/3834/3551 3296/3833/3599 3297/3835/3600 3248/3836/3552
f 3296/3833/3599 3292/3829/3595 3293/3832/3598 3297/3835/3600
f 3283/3819/3586 3284/3822/3589 3292/3829/3595 3296/3833/3599
f 3298/3837/3601 3251/3786/3553 3252/3788/3555 3299/3838/3602
f 3298/3837/3601 3287/3839/3590 3250/3787/3554 3251/3786/3553
f 3300/3840/3603 3301/3841/3604 3278/3842/3583 3279/3843/3582
f 3300/3840/3603 3303/3844/3605 3302/3845/3606 3301/3841/3604
f 3304/3846/3607 3305/3847/3608 3263/3800/3567 3264/3848/3566
f 3304/3846/3607 3307/3849/3609 3306/3850/3610 3305/3847/3608
f 3308/3851/3611 3311/3852/3612 3310/3853/3613 3309/3854/3614
f 3309/3854/3614 3310/3853/3613 3257/3794/3561 3258/3793/3560
f 3312/3855/3615 3315/3856/3616 3314/3857/3617 3313/3858/3618
f 3312/3855/3615 3317/3859/3619 3316/3860/3620 3315/3856/3616
f 3318/3861/3621 3321/3862/3622 3320/3863/3623 3319/3864/3624
f 3319/3864/3624 3320/3863/3623 3323/3865/3625 3322/3866/3626
f 3324/3867/3627 3327/3868/3628 3326/3869/3629 3325/3870/3630
f 3325/3870/3630 3326/3869/3629 3329/3871/3631 3328/3872/3632
f 3329/3871/3631 3331/3873/3633 3330/3874/3634 3328/3872/3632
f 3330/3874/3634 3331/3873/3633 3333/3875/3635 3332/3876/3636
f 3334/3877/3637 3298/3837/3601 3299/3838/3602 3335/3878/3638
f 3334/3877/3637 3336/3879/3639 3287/3839/3590 3298/3837/3601
f 3337/3880/3640 3305/3847/3608 3306/3850/3610 3338/3881/3641
f 3337/3880/3640 3339/3882/3642 3263/3800/3567 3305/3847/3608
f 3260/3798/3565 3341/3883/3643 3340/3884/3644 3259/3795/3562
f 3260/3798/3565 3263/3800/3567 3339/3882/3642 3341/3883/3643
f 3275/3812/3579 3343/3885/3645 3342/3886/3646 3274/3808/3575
f 3274/3808/3575 3342/3886/3646 3344/3887/3647 3273/3809/3576
f 3345/3888/3648 3285/3821/3588 3286/3820/3587 3346/3889/3649
f 3346/3889/3649 3286/3820/3587 3287/3824/3590 3336/3890/3639
f 3347/3891/3650 3294/3831/3597 3295/3830/3596 3348/3892/3651
f 3348/3892/3651 3295/3830/3596 3285/3821/3588 3345/3888/3648
f 3349/3893/3652 3352/3894/3653 3351/3895/3654 3350/3896/3655
f 3349/3893/3652 3327/3897/3628 3324/3898/3627 3352/3894/3653
f 3353/3899/3656 3356/3900/3657 3355/3901/3658 3354/3902/3659
f 3353/3899/3656 3313/3858/3618 3314/3857/3617 3356/3900/3657
f 3243/3779/3546 3359/3903/3660 3358/3904/3661 3357/3905/3662
f 3357/3905/3662 3358/3904/3661 3361/3906/3663 3360/3907/3664
f 3362/3908/3665 3217/3753/3520 3236/3772/3539 3363/3909/3666
f 3363/3909/3666 3236/3772/3539 3237/3774/3541 3364/3910/3667
f 3365/3911/3668 3366/3912/3669 3266/3804/3571 3267/3803/3570
f 3365/3911/3668 3302/3845/3606 3303/3844/3605 3366/3912/3669
f 3367/3913/3670 3370/3914/3671 3369/3915/3672 3368/3916/3673
f 3367/3913/3670 3372/3917/3674 3371/3918/3675 3370/3914/3671
f 3373/3919/3676 3374/3920/3677 3360/3907/3664 3361/3906/3663
f 3373/3919/3676 3371/3921/3675 3372/3922/3674 3374/3920/3677
f 3375/3923/3678 3176/3710/3479 3177/3711/3480 3376/3924/3679
f 3375/3923/3678 3377/3925/3680 3175/3709/3478 3176/3710/3479
f 3378/3926/3681 3381/3927/3682 3380/3928/3683 3379/3929/3684
f 3379/3929/3684 3380/3928/3683 3256/3790/3557 3253/3789/3556
f 3199/3733/3502 3383/3930/3685 3382/3931/3686 3226/3762/3529
f 3226/3762/3529 3382/3931/3686 3376/3924/3679 3177/3711/3480
f 3384/3932/3687 3387/3933/3688 3386/3934/3689 3385/3935/3690
f 3384/3932/3687 3316/3860/3620 3317/3859/3619 3387/3933/3688
f 3388/3936/3691 3389/3937/3692 3259/3795/3562 3340/3884/3644
f 3388/3936/3691 3391/3938/3693 3390/3939/3694 3389/3937/3692
f 3392/3940/3695 3393/3941/3696 3322/3866/3626 3323/3865/3625
f 3392/3940/3695 3350/3896/3655 3351/3895/3654 3393/3941/3696
f 3273/3809/3576 3395/3942/3697 3394/3943/3698 3272/3810/3577
f 3394/3943/3698 3395/3942/3697 3299/3838/3602 3252/3788/3555
f 3395/3942/3697 3396/3944/3699 3335/3878/3638 3299/3838/3602
f 3395/3942/3697 3273/3809/3576 3344/3887/3647 3396/3944/3699
f 3369/3915/3672 3398/3945/3700 3397/3946/3701 3368/3916/3673
f 3397/3946/3701 3398/3945/3700 3364/3910/3667 3237/3774/3541
f 3197/3732/3501 3399/3947/3702 3383/3930/3685 3199/3733/3502
f 3197/3732/3501 3198/3731/3500 3400/3948/3703 3399/3947/3702
f 3390/3939/3694 3402/3949/3704 3401/3950/3705 3389/3937/3692
f 3389/3937/3692 3401/3950/3705 3262/3796/3563 3259/3795/3562
f 3272/3810/3577 3394/3943/3698 3403/3951/3706 3271/3807/3574
f 3271/3807/3574 3403/3951/3706 3404/3952/3707 3276/3811/3578
f 3403/3951/3706 3247/3781/3548 3244/3780/3547 3404/3952/3707
f 3394/3943/3698 3252/3788/3555 3247/3781/3548 3403/3951/3706
f 3377/3925/3680 3405/3953/3708 3242/3778/3545 3175/3709/3478
f 3242/3778/3545 3405/3953/3708 3359/3903/3660 3243/3779/3546
f 3406/3954/3709 3407/3955/3710 3290/3828/3594 3291/3827/3593
f 3406/3954/3709 3311/3852/3612 3308/3851/3611 3407/3955/3710
f 3333/3875/3635 3409/3956/3711 3408/3957/3712 3332/3876/3636
f 3408/3957/3712 3409/3956/3711 3354/3902/3659 3355/3901/3658
f 3347/3891/3650 3411/3958/3713 3410/3959/3714 3294/3831/3597
f 3410/3959/3714 3411/3958/3713 3338/3881/3641 3306/3850/3610
f 3412/3960/3715 3410/3959/3714 3306/3850/3610 3307/3849/3609
f 3412/3960/3715 3293/3832/3598 3294/3831/3597 3410/3959/3714
f 3248/3836/3552 3297/3835/3600 3414/3961/3716 3413/3962/3717
f 3413/3962/3717 3414/3961/3716 3304/3846/3607 3264/3848/3566
f 3414/3961/3716 3412/3960/3715 3307/3849/3609 3304/3846/3607
f 3297/3835/3600 3293/3832/3598 3412/3960/3715 3414/3961/3716
f 3248/3785/3552 3413/3963/3717 3415/3964/3718 3245/3783/3550
f 3245/3783/3550 3415/3964/3718 3416/3965/3719 3244/3780/3547
f 3415/3964/3718 3261/3797/3564 3262/3796/3563 3416/3965/3719
f 3413/3963/3717 3264/3799/3566 3261/3797/3564 3415/3964/3718
f 3244/3780/3547 3416/3965/3719 3417/3966/3720 3404/3952/3707
f 3404/3952/3707 3417/3966/3720 3418/3967/3721 3276/3811/3578
f 3417/3966/3720 3401/3950/3705 3402/3949/3704 3418/3967/3721
f 3416/3965/3719 3262/3796/3563 3401/3950/3705 3417/3966/3720
f 3418/3967/3721 3419/3968/3722 3275/3812/3579 3276/3811/3578
f 3418/3967/3721 3402/3949/3704 3390/3939/3694 3419/3968/3722
f 3391/3938/3693 3420/3969/3723 3419/3968/3722 3390/3939/3694
f 3419/3968/3722 3420/3969/3723 3343/3885/3645 3275/3812/3579
f 3421/3970/3724 3422/3971/3725 3385/3935/3690 3386/3934/3689
f 3421/3970/3724 3321/3862/3622 3318/3861/3621 3422/3971/3725
f 3423/3972/3726 3424/3973/3727 3381/3927/3682 3378/3926/3681
f 3423/3972/3726 3269/3806/3573 3270/3805/3572 3424/3973/3727
f 3425/3974/3728 3216/3752/3519 3217/3753/3520 3362/3908/3665
f 3425/3974/3728 3400/3948/3703 3198/3731/3500 3216/3752/3519
f 3281/3818/3585 3329/3871/3631 3326/3869/3629 3280/3814/3581
f 3280/3814/3581 3326/3869/3629 3327/3868/3628 3279/3815/3582
f 3327/3897/3628 3349/3893/3652 3300/3840/3603 3279/3843/3582
f 3300/3840/3603 3349/3893/3652 3350/3896/3655 3303/3844/3605
f 3323/3865/3625 3266/3804/3571 3366/3912/3669 3392/3940/3695
f 3392/3940/3695 3366/3912/3669 3303/3844/3605 3350/3896/3655
f 3365/3911/3668 3398/3945/3700 3369/3915/3672 3302/3845/3606
f 3365/3911/3668 3267/3803/3570 3364/3910/3667 3398/3945/3700
f 3269/3806/3573 3362/3908/3665 3363/3909/3666 3268/3802/3569
f 3268/3802/3569 3363/3909/3666 3364/3910/3667 3267/3803/3570
f 3269/3806/3573 3423/3972/3726 3425/3974/3728 3362/3908/3665
f 3425/3974/3728 3423/3972/3726 3378/3926/3681 3400/3948/3703
f 3277/3813/3580 3373/3919/3676 3361/3906/3663 3282/3817/3584
f 3277/3813/3580 3278/3816/3583 3371/3921/3675 3373/3919/3676
f 3361/3906/3663 3358/3904/3661 3288/3825/3591 3282/3817/3584
f 3288/3825/3591 3358/3904/3661 3359/3903/3660 3291/3827/3593
f 3377/3925/3680 3311/3852/3612 3406/3954/3709 3405/3953/3708
f 3405/3953/3708 3406/3954/3709 3291/3827/3593 3359/3903/3660
f 3353/3899/3656 3309/3854/3614 3258/3793/3560 3313/3858/3618
f 3353/3899/3656 3354/3902/3659 3308/3851/3611 3309/3854/3614
f 3256/3790/3557 3317/3859/3619 3312/3855/3615 3255/3791/3558
f 3255/3791/3558 3312/3855/3615 3313/3858/3618 3258/3793/3560
f 3381/3927/3682 3386/3934/3689 3387/3933/3688 3380/3928/3683
f 3380/3928/3683 3387/3933/3688 3317/3859/3619 3256/3790/3557
f 3323/3865/3625 3320/3863/3623 3265/3801/3568 3266/3804/3571
f 3265/3801/3568 3320/3863/3623 3321/3862/3622 3270/3805/3572
f 3424/3973/3727 3421/3970/3724 3386/3934/3689 3381/3927/3682
f 3424/3973/3727 3270/3805/3572 3321/3862/3622 3421/3970/3724
f 3333/3875/3635 3290/3828/3594 3407/3955/3710 3409/3956/3711
f 3409/3956/3711 3407/3955/3710 3308/3851/3611 3354/3902/3659
f 3333/3875/3635 3331/3873/3633 3289/3826/3592 3290/3828/3594
f 3289/3826/3592 3331/3873/3633 3329/3871/3631 3281/3818/3585
f 3356/3900/3657 3314/3857/3617 3339/3882/3642 3337/3880/3640
f 3341/3883/3643 3315/3856/3616 3316/3860/3620 3340/3884/3644
f 3324/3867/3627 3325/3870/3630 3346/3889/3649 3336/3890/3639
f 3346/3889/3649 3325/3870/3630 3328/3872/3632 3345/3888/3648
f 3334/3877/3637 3352/3894/3653 3324/3898/3627 3336/3879/3639
f 3342/3886/3646 3319/3864/3624 3322/3866/3626 3344/3887/3647
f 3343/3885/3645 3318/3861/3621 3319/3864/3624 3342/3886/3646
f 3420/3969/3723 3422/3971/3725 3318/3861/3621 3343/3885/3645
f 3385/3935/3690 3422/3971/3725 3420/3969/3723 3391/3938/3693
f 3408/3957/3712 3355/3901/3658 3338/3881/3641 3411/3958/3713
f 3348/3892/3651 3330/3874/3634 3332/3876/3636 3347/3891/3650
f 3301/3841/3604 3370/3914/3671 3371/3918/3675 3278/3842/3583
f 3301/3841/3604 3302/3845/3606 3369/3915/3672 3370/3914/3671
f 3379/3929/3684 3399/3947/3702 3400/3948/3703 3378/3926/3681
f 3379/3929/3684 3253/3789/3556 3383/3930/3685 3399/3947/3702
f 3257/3794/3561 3376/3924/3679 3382/3931/3686 3254/3792/3559
f 3254/3792/3559 3382/3931/3686 3383/3930/3685 3253/3789/3556
f 3375/3923/3678 3310/3853/3613 3311/3852/3612 3377/3925/3680
f 3375/3923/3678 3376/3924/3679 3257/3794/3561 3310/3853/3613
f 3351/3895/3654 3335/3878/3638 3396/3944/3699 3393/3941/3696
f 3393/3941/3696 3396/3944/3699 3344/3887/3647 3322/3866/3626
f 3334/3877/3637 3335/3878/3638 3351/3895/3654 3352/3894/3653
f 3348/3892/3651 3345/3888/3648 3328/3872/3632 3330/3874/3634
f 3408/3957/3712 3411/3958/3713 3347/3891/3650 3332/3876/3636
f 3356/3900/3657 3337/3880/3640 3338/3881/3641 3355/3901/3658
f 3341/3883/3643 3339/3882/3642 3314/3857/3617 3315/3856/3616
f 3385/3935/3690 3391/3938/3693 3388/3936/3691 3384/3932/3687
f 3384/3932/3687 3388/3936/3691 3340/3884/3644 3316/3860/3620
f 3426/3975/3729 3429/3976/3730 3428/3977/3731 3427/3978/3732
f 3427/3978/3732 3428/3977/3731 3367/3913/3670 3368/3916/3673
f 3428/3977/3731 3430/3979/3733 3372/3917/3674 3367/3913/3670
f 3429/3976/3730 3431/3980/3734 3430/3979/3733 3428/3977/3731
f 3432/3981/3735 3435/3982/3736 3434/3983/3737 3433/3984/3738
f 3433/3984/3738 3434/3983/3737 3430/3985/3733 3431/3986/3734
f 3434/3983/3737 3374/3920/3677 3372/3922/3674 3430/3985/3733
f 3435/3982/3736 3360/3907/3664 3374/3920/3677 3434/3983/3737
f 3368/3916/3673 3397/3946/3701 3436/3987/3739 3427/3978/3732
f 3427/3978/3732 3436/3987/3739 3437/3988/3740 3426/3975/3729
f 3436/3987/3739 3239/3775/3542 3183/3716/3485 3437/3988/3740
f 3397/3946/3701 3237/3774/3541 3239/3775/3542 3436/3987/3739
f 3438/3989/3741 3441/3990/3742 3440/3991/3743 3439/3992/3744
f 3439/3992/3744 3440/3991/3743 3443/3993/3745 3442/3994/3746
f 3440/3991/3743 3445/3995/3747 3444/3996/3748 3443/3993/3745
f 3441/3990/3742 3446/3997/3749 3445/3995/3747 3440/3991/3743
f 3447/3998/3750 3450/3999/3751 3449/4000/3752 3448/4001/3753
f 3447/3998/3750 3452/4002/3754 3451/4003/3755 3450/3999/3751
f 3453/4004/3756 3456/4005/3757 3455/4006/3758 3454/4007/3759
f 3454/4007/3759 3455/4006/3758 3458/4008/3760 3457/4009/3761
f 3459/4010/3762 3462/4011/3763 3461/4012/3764 3460/4013/3765
f 3459/4010/3762 3464/4014/3766 3463/4015/3767 3462/4011/3763
f 3465/4016/3768 3468/4017/3769 3467/4018/3770 3466/4019/3771
f 3465/4016/3768 3470/4020/3772 3469/4021/3773 3468/4017/3769
f 3471/4022/3774 3474/4023/3775 3473/4024/3776 3472/4025/3777
f 3472/4025/3777 3473/4024/3776 3476/4026/3778 3475/4027/3779
f 3477/4028/3780 3480/4029/3781 3479/4030/3782 3478/4031/3783
f 3477/4028/3780 3444/4032/3748 3481/4033/3784 3480/4029/3781
f 3471/4022/3774 3483/4034/3785 3482/4035/3786 3474/4023/3775
f 3482/4035/3786 3483/4034/3785 3485/4036/3787 3484/4037/3788
f 3486/4038/3789 3489/4039/3790 3488/4040/3791 3487/4041/3792
f 3487/4041/3792 3488/4040/3791 3478/4031/3783 3479/4030/3782
f 3489/4039/3790 3491/4042/3793 3490/4043/3794 3488/4040/3791
f 3488/4040/3791 3490/4043/3794 3477/4028/3780 3478/4031/3783
f 3490/4043/3794 3443/4044/3745 3444/4032/3748 3477/4028/3780
f 3491/4042/3793 3442/4045/3746 3443/4044/3745 3490/4043/3794
f 3445/3995/3747 3492/4046/3795 3481/4047/3784 3444/3996/3748
f 3445/3995/3747 3446/3997/3749 3493/4048/3796 3492/4046/3795
f 3494/4049/3797 3497/4050/3798 3496/4051/3799 3495/4052/3800
f 3494/4049/3797 3475/4053/3779 3476/4054/3778 3497/4050/3798
f 3453/4055/3756 3499/4056/3801 3498/4057/3802 3456/4058/3757
f 3498/4057/3802 3499/4056/3801 3501/4059/3803 3500/4060/3804
f 3502/4061/3805 3505/4062/3806 3504/4063/3807 3503/4064/3808
f 3503/4064/3808 3504/4063/3807 3448/4065/3753 3449/4066/3752
f 3506/4067/3809 3509/4068/3810 3508/4069/3811 3507/4070/3812
f 3506/4067/3809 3511/4071/3813 3510/4072/3814 3509/4068/3810
f 3512/4073/3815 3515/4074/3816 3514/4075/3817 3513/4076/3818
f 3512/4073/3815 3517/4077/3819 3516/4078/3820 3515/4074/3816
f 3518/4079/3821 3521/4080/3822 3520/4081/3823 3519/4082/3824
f 3518/4079/3821 3523/4083/3825 3522/4084/3826 3521/4080/3822
f 3524/4085/3827 3525/4086/3828 3519/4082/3824 3520/4081/3823
f 3524/4085/3827 3527/4087/3829 3526/4088/3830 3525/4086/3828
f 3528/4089/3831 3492/4046/3795 3493/4048/3796 3529/4090/3832
f 3528/4089/3831 3530/4091/3833 3481/4047/3784 3492/4046/3795
f 3531/4092/3834 3498/4057/3802 3500/4060/3804 3532/4093/3835
f 3531/4092/3834 3533/4094/3836 3456/4058/3757 3498/4057/3802
f 3455/4006/3758 3535/4095/3837 3534/4096/3838 3458/4008/3760
f 3455/4006/3758 3456/4005/3757 3533/4097/3836 3535/4095/3837
f 3536/4098/3839 3467/4018/3770 3468/4017/3769 3537/4099/3840
f 3537/4099/3840 3468/4017/3769 3469/4021/3773 3538/4100/3841
f 3539/4101/3842 3480/4029/3781 3481/4033/3784 3530/4102/3833
f 3539/4101/3842 3540/4103/3843 3479/4030/3782 3480/4029/3781
f 3541/4104/3844 3486/4038/3789 3487/4041/3792 3542/4105/3845
f 3542/4105/3845 3487/4041/3792 3479/4030/3782 3540/4103/3843
f 3543/4106/3846 3546/4107/3847 3545/4108/3848 3544/4109/3849
f 3543/4106/3846 3522/4110/3826 3523/4111/3825 3546/4107/3847
f 3547/4112/3850 3550/4113/3851 3549/4114/3852 3548/4115/3853
f 3547/4112/3850 3510/4116/3814 3511/4117/3813 3550/4113/3851
f 3202/3736/3505 3552/4118/3854 3551/4119/3855 3195/3730/3499
f 3202/3736/3505 3203/3735/3504 3553/4120/3856 3552/4118/3854
f 3554/4121/3857 3189/3723/3492 3190/3724/3493 3555/4122/3858
f 3554/4121/3857 3556/4123/3859 3188/3722/3491 3189/3723/3492
f 3496/4051/3799 3558/4124/3860 3557/4125/3861 3495/4052/3800
f 3557/4125/3861 3558/4124/3860 3463/4015/3767 3464/4014/3766
f 3559/4126/3862 3205/3741/3510 3193/3743/3496 3560/4127/3863
f 3559/4126/3862 3561/4128/3864 3204/3738/3507 3205/3741/3510
f 3194/3726/3495 3562/4129/3865 3560/4130/3863 3193/3727/3496
f 3194/3726/3495 3195/3730/3499 3551/4119/3855 3562/4129/3865
f 3563/4131/3866 3210/3745/3512 3565/4132/3867 3564/4133/3868
f 3564/4133/3868 3565/4132/3867 3567/4134/3869 3566/4135/3870
f 3568/4136/3871 3569/4137/3872 3451/4003/3755 3452/4002/3754
f 3568/4136/3871 3571/4138/3873 3570/4139/3874 3569/4137/3872
f 3572/4140/3875 3575/4141/3876 3574/4142/3877 3573/4143/3878
f 3573/4143/3878 3574/4142/3877 3566/4144/3870 3567/4145/3869
f 3576/4146/3879 3577/4147/3880 3507/4070/3812 3508/4069/3811
f 3576/4146/3879 3579/4148/3881 3578/4149/3882 3577/4147/3880
f 3580/4150/3883 3583/4151/3884 3582/4152/3885 3581/4153/3886
f 3581/4153/3886 3582/4152/3885 3458/4008/3760 3534/4096/3838
f 3514/4075/3817 3585/4154/3887 3584/4155/3888 3513/4076/3818
f 3584/4155/3888 3585/4154/3887 3544/4109/3849 3545/4108/3848
f 3467/4018/3770 3587/4156/3889 3586/4157/3890 3466/4019/3771
f 3586/4157/3890 3587/4156/3889 3493/4048/3796 3446/3997/3749
f 3536/4098/3839 3588/4158/3891 3587/4156/3889 3467/4018/3770
f 3587/4156/3889 3588/4158/3891 3529/4090/3832 3493/4048/3796
f 3561/4128/3864 3589/4159/3892 3219/3754/3521 3204/3738/3507
f 3219/3754/3521 3589/4159/3892 3555/4122/3858 3190/3724/3493
f 3572/4140/3875 3591/4160/3893 3590/4161/3894 3575/4141/3876
f 3590/4161/3894 3591/4160/3893 3184/3718/3487 3592/4162/3895
f 3582/4152/3885 3593/4163/3896 3457/4009/3761 3458/4008/3760
f 3582/4152/3885 3583/4151/3884 3594/4164/3897 3593/4163/3896
f 3438/3989/3741 3596/4165/3898 3595/4166/3899 3441/3990/3742
f 3441/3990/3742 3595/4166/3899 3586/4157/3890 3446/3997/3749
f 3595/4166/3899 3465/4016/3768 3466/4019/3771 3586/4157/3890
f 3596/4165/3898 3470/4020/3772 3465/4016/3768 3595/4166/3899
f 3563/4131/3866 3598/4167/3900 3597/4168/3901 3210/3745/3512
f 3597/4168/3901 3598/4167/3900 3553/4120/3856 3203/3735/3504
f 3599/4169/3902 3600/4170/3903 3505/4062/3806 3502/4061/3805
f 3599/4169/3902 3484/4037/3788 3485/4036/3787 3600/4170/3903
f 3601/4171/3904 3602/4172/3905 3526/4088/3830 3527/4087/3829
f 3601/4171/3904 3548/4115/3853 3549/4114/3852 3602/4172/3905
f 3500/4060/3804 3604/4173/3906 3603/4174/3907 3532/4093/3835
f 3603/4174/3907 3604/4173/3906 3486/4038/3789 3541/4104/3844
f 3486/4038/3789 3604/4173/3906 3605/4175/3908 3489/4039/3790
f 3605/4175/3908 3604/4173/3906 3500/4060/3804 3501/4059/3803
f 3442/4045/3746 3491/4042/3793 3607/4176/3909 3606/4177/3910
f 3606/4177/3910 3607/4176/3909 3499/4056/3801 3453/4055/3756
f 3607/4176/3909 3605/4175/3908 3501/4059/3803 3499/4056/3801
f 3491/4042/3793 3489/4039/3790 3605/4175/3908 3607/4176/3909
f 3438/3989/3741 3439/3992/3744 3609/4178/3911 3608/4179/3912
f 3608/4179/3912 3609/4178/3911 3454/4007/3759 3457/4009/3761
f 3609/4178/3911 3606/4180/3910 3453/4004/3756 3454/4007/3759
f 3439/3992/3744 3442/3994/3746 3606/4180/3910 3609/4178/3911
f 3470/4020/3772 3596/4165/3898 3611/4181/3913 3610/4182/3914
f 3610/4182/3914 3611/4181/3913 3593/4163/3896 3594/4164/3897
f 3611/4181/3913 3608/4179/3912 3457/4009/3761 3593/4163/3896
f 3596/4165/3898 3438/3989/3741 3608/4179/3912 3611/4181/3913
f 3610/4182/3914 3612/4183/3915 3469/4021/3773 3470/4020/3772
f 3610/4182/3914 3594/4164/3897 3583/4151/3884 3612/4183/3915
f 3612/4183/3915 3613/4184/3916 3538/4100/3841 3469/4021/3773
f 3612/4183/3915 3583/4151/3884 3580/4150/3883 3613/4184/3916
f 3579/4148/3881 3615/4185/3917 3614/4186/3918 3578/4149/3882
f 3614/4186/3918 3615/4185/3917 3516/4078/3820 3517/4077/3819
f 3616/4187/3919 3617/4188/3920 3460/4013/3765 3461/4012/3764
f 3616/4187/3919 3570/4139/3874 3571/4138/3873 3617/4188/3920
f 3618/4189/3921 3185/3721/3490 3188/3722/3491 3556/4123/3859
f 3618/4189/3921 3592/4162/3895 3184/3718/3487 3185/3721/3490
f 3474/4023/3775 3520/4081/3823 3521/4080/3822 3473/4024/3776
f 3473/4024/3776 3521/4080/3822 3522/4084/3826 3476/4026/3778
f 3544/4109/3849 3496/4051/3799 3497/4050/3798 3543/4106/3846
f 3543/4106/3846 3497/4050/3798 3476/4054/3778 3522/4110/3826
f 3544/4109/3849 3585/4154/3887 3558/4124/3860 3496/4051/3799
f 3558/4124/3860 3585/4154/3887 3514/4075/3817 3463/4015/3767
f 3589/4159/3892 3557/4125/3861 3464/4014/3766 3555/4122/3858
f 3589/4159/3892 3561/4128/3864 3495/4052/3800 3557/4125/3861
f 3460/4013/3765 3556/4123/3859 3554/4121/3857 3459/4010/3762
f 3459/4010/3762 3554/4121/3857 3555/4122/3858 3464/4014/3766
f 3617/4188/3920 3618/4189/3921 3556/4123/3859 3460/4013/3765
f 3617/4188/3920 3571/4138/3873 3592/4162/3895 3618/4189/3921
f 3475/4027/3779 3560/4130/3863 3562/4129/3865 3472/4025/3777
f 3472/4025/3777 3562/4129/3865 3551/4119/3855 3471/4022/3774
f 3551/4119/3855 3552/4118/3854 3483/4034/3785 3471/4022/3774
f 3483/4034/3785 3552/4118/3854 3553/4120/3856 3485/4036/3787
f 3600/4170/3903 3598/4167/3900 3563/4131/3866 3505/4062/3806
f 3600/4170/3903 3485/4036/3787 3553/4120/3856 3598/4167/3900
f 3449/4066/3752 3510/4116/3814 3547/4112/3850 3503/4064/3808
f 3503/4064/3808 3547/4112/3850 3548/4115/3853 3502/4061/3805
f 3450/3999/3751 3509/4068/3810 3510/4072/3814 3449/4000/3752
f 3450/3999/3751 3451/4003/3755 3508/4069/3811 3509/4068/3810
f 3576/4146/3879 3569/4137/3872 3570/4139/3874 3579/4148/3881
f 3576/4146/3879 3508/4069/3811 3451/4003/3755 3569/4137/3872
f 3516/4078/3820 3461/4012/3764 3462/4011/3763 3515/4074/3816
f 3515/4074/3816 3462/4011/3763 3463/4015/3767 3514/4075/3817
f 3570/4139/3874 3616/4187/3919 3615/4185/3917 3579/4148/3881
f 3615/4185/3917 3616/4187/3919 3461/4012/3764 3516/4078/3820
f 3527/4087/3829 3484/4037/3788 3599/4169/3902 3601/4171/3904
f 3601/4171/3904 3599/4169/3902 3502/4061/3805 3548/4115/3853
f 3482/4035/3786 3524/4085/3827 3520/4081/3823 3474/4023/3775
f 3482/4035/3786 3484/4037/3788 3527/4087/3829 3524/4085/3827
f 3550/4113/3851 3511/4117/3813 3533/4094/3836 3531/4092/3834
f 3581/4153/3886 3577/4147/3880 3578/4149/3882 3580/4150/3883
f 3518/4079/3821 3519/4082/3824 3540/4103/3843 3539/4101/3842
f 3546/4107/3847 3523/4111/3825 3530/4091/3833 3528/4089/3831
f 3512/4073/3815 3513/4076/3818 3536/4098/3839 3537/4099/3840
f 3602/4172/3905 3549/4114/3852 3532/4093/3835 3603/4174/3907
f 3542/4105/3845 3525/4086/3828 3526/4088/3830 3541/4104/3844
f 3519/4082/3824 3525/4086/3828 3542/4105/3845 3540/4103/3843
f 3475/4053/3779 3494/4049/3797 3559/4126/3862 3560/4127/3863
f 3559/4126/3862 3494/4049/3797 3495/4052/3800 3561/4128/3864
f 3590/4161/3894 3568/4136/3871 3452/4002/3754 3575/4141/3876
f 3590/4161/3894 3592/4162/3895 3571/4138/3873 3568/4136/3871
f 3574/4142/3877 3447/3998/3750 3448/4001/3753 3566/4144/3870
f 3574/4142/3877 3575/4141/3876 3452/4002/3754 3447/3998/3750
f 3504/4063/3807 3564/4133/3868 3566/4135/3870 3448/4065/3753
f 3504/4063/3807 3505/4062/3806 3563/4131/3866 3564/4133/3868
f 3512/4073/3815 3537/4099/3840 3538/4100/3841 3517/4077/3819
f 3545/4108/3848 3529/4090/3832 3588/4158/3891 3584/4155/3888
f 3584/4155/3888 3588/4158/3891 3536/4098/3839 3513/4076/3818
f 3546/4107/3847 3528/4089/3831 3529/4090/3832 3545/4108/3848
f 3518/4079/3821 3539/4101/3842 3530/4102/3833 3523/4083/3825
f 3602/4172/3905 3603/4174/3907 3541/4104/3844 3526/4088/3830
f 3550/4113/3851 3531/4092/3834 3532/4093/3835 3549/4114/3852
f 3507/4070/3812 3534/4096/3838 3535/4095/3837 3506/4067/3809
f 3506/4067/3809 3535/4095/3837 3533/4097/3836 3511/4071/3813
f 3581/4153/3886 3534/4096/3838 3507/4070/3812 3577/4147/3880
f 3538/4100/3841 3613/4184/3916 3614/4186/3918 3517/4077/3819
f 3614/4186/3918 3613/4184/3916 3580/4150/3883 3578/4149/3882
f 3209/3746/3513 3620/4190/3922 3619/4191/3923 3208/3744/3511
f 3208/3744/3511 3619/4191/3923 3565/4132/3867 3210/3745/3512
f 3619/4191/3923 3621/4192/3924 3567/4134/3869 3565/4132/3867
f 3620/4190/3922 3622/4193/3925 3621/4192/3924 3619/4191/3923
f 3623/4194/3926 3626/4195/3927 3625/4196/3928 3624/4197/3929
f 3624/4197/3929 3625/4196/3928 3621/4198/3924 3622/4199/3925
f 3625/4196/3928 3573/4143/3878 3567/4145/3869 3621/4198/3924
f 3626/4195/3927 3572/4140/3875 3573/4143/3878 3625/4196/3928
f 3184/3718/3487 3591/4160/3893 3627/4200/3930 3235/3771/3538
f 3235/3771/3538 3627/4200/3930 3628/4201/3931 3233/3770/3537
f 3627/4200/3930 3626/4195/3927 3623/4194/3926 3628/4201/3931
f 3591/4160/3893 3572/4140/3875 3626/4195/3927 3627/4200/3930
f 3629/4202/3932 3632/4203/3933 3631/4204/3934 3630/4205/3935
f 3630/4205/3935 3631/4204/3934 3634/4206/3936 3633/4207/3937
f 3631/4204/3934 3636/4208/3938 3635/4209/3939 3634/4206/3936
f 3632/4203/3933 3637/4210/3940 3636/4208/3938 3631/4204/3934
f 3638/4211/3941 3641/4212/3942 3640/4213/3943 3639/4214/3944
f 3638/4211/3941 3643/4215/3945 3642/4216/3946 3641/4212/3942
f 3644/4217/3947 3647/4218/3948 3646/4219/3949 3645/4220/3950
f 3645/4220/3950 3646/4219/3949 3649/4221/3951 3648/4222/3952
f 3650/4223/3953 3653/4224/3954 3652/4225/3955 3651/4226/3956
f 3650/4223/3953 3655/4227/3957 3654/4228/3958 3653/4224/3954
f 3656/4229/3959 3659/4230/3960 3658/4231/3961 3657/4232/3962
f 3657/4232/3962 3658/4231/3961 3661/4233/3963 3660/4234/3964
f 3662/4235/3965 3665/4236/3966 3664/4237/3967 3663/4238/3968
f 3663/4238/3968 3664/4237/3967 3667/4239/3969 3666/4240/3970
f 3637/4241/3940 3670/4242/3971 3669/4243/3972 3668/4244/3973
f 3668/4244/3973 3669/4243/3972 3672/4245/3974 3671/4246/3975
f 3673/4247/3976 3674/4248/3977 3666/4240/3970 3667/4239/3969
f 3673/4247/3976 3676/4249/3978 3675/4250/3979 3674/4248/3977
f 3677/4251/3980 3680/4252/3981 3679/4253/3982 3678/4254/3983
f 3677/4251/3980 3671/4246/3975 3672/4245/3974 3680/4252/3981
f 3635/4255/3939 3636/4256/3938 3682/4257/3984 3681/4258/3985
f 3681/4258/3985 3682/4257/3984 3677/4251/3980 3678/4254/3983
f 3682/4257/3984 3668/4244/3973 3671/4246/3975 3677/4251/3980
f 3636/4256/3938 3637/4241/3940 3668/4244/3973 3682/4257/3984
f 3637/4210/3940 3632/4203/3933 3683/4259/3986 3670/4260/3971
f 3683/4259/3986 3632/4203/3933 3629/4202/3932 3684/4261/3987
f 3662/4262/3965 3686/4263/3988 3685/4264/3989 3665/4265/3966
f 3685/4264/3989 3686/4263/3988 3688/4266/3990 3687/4267/3991
f 3689/4268/3992 3692/4269/3993 3691/4270/3994 3690/4271/3995
f 3689/4268/3992 3648/4272/3952 3649/4273/3951 3692/4269/3993
f 3693/4274/3996 3696/4275/3997 3695/4276/3998 3694/4277/3999
f 3693/4274/3996 3639/4278/3944 3640/4279/3943 3696/4275/3997
f 3697/4280/4000 3700/4281/4001 3699/4282/4002 3698/4283/4003
f 3698/4283/4003 3699/4282/4002 3702/4284/4004 3701/4285/4005
f 3703/4286/4006 3706/4287/4007 3705/4288/4008 3704/4289/4009
f 3703/4286/4006 3708/4290/4010 3707/4291/4011 3706/4287/4007
f 3709/4292/4012 3712/4293/4013 3711/4294/4014 3710/4295/4015
f 3710/4295/4015 3711/4294/4014 3714/4296/4016 3713/4297/4017
f 3715/4298/4018 3716/4299/4019 3713/4297/4017 3714/4296/4016
f 3715/4298/4018 3718/4300/4020 3717/4301/4021 3716/4299/4019
f 3684/4261/3987 3720/4302/4022 3719/4303/4023 3683/4259/3986
f 3683/4259/3986 3719/4303/4023 3721/4304/4024 3670/4260/3971
f 3690/4271/3995 3723/4305/4025 3722/4306/4026 3689/4268/3992
f 3689/4268/3992 3722/4306/4026 3724/4307/4027 3648/4272/3952
f 3725/4308/4028 3644/4217/3947 3645/4220/3950 3726/4309/4029
f 3726/4309/4029 3645/4220/3950 3648/4222/3952 3724/4310/4027
f 3727/4311/4030 3656/4229/3959 3657/4232/3962 3728/4312/4031
f 3728/4312/4031 3657/4232/3962 3660/4234/3964 3729/4313/4032
f 3721/4314/4024 3730/4315/4033 3669/4243/3972 3670/4242/3971
f 3669/4243/3972 3730/4315/4033 3731/4316/4034 3672/4245/3974
f 3732/4317/4035 3680/4252/3981 3672/4245/3974 3731/4316/4034
f 3732/4317/4035 3733/4318/4036 3679/4253/3982 3680/4252/3981
f 3734/4319/4037 3737/4320/4038 3736/4321/4039 3735/4322/4040
f 3735/4322/4040 3736/4321/4039 3712/4323/4013 3709/4324/4012
f 3738/4325/4041 3739/4326/4042 3700/4327/4001 3697/4328/4000
f 3738/4325/4041 3741/4329/4043 3740/4330/4044 3739/4326/4042
f 3742/4331/4045 3240/3776/3543 3241/3777/3544 3743/4332/4046
f 3742/4331/4045 3744/4333/4047 3209/3746/3513 3240/3776/3543
f 3233/3770/3537 3746/4334/4048 3745/4335/4049 3232/3768/3535
f 3232/3768/3535 3745/4335/4049 3747/4336/4050 3179/3715/3484
f 3748/4337/4051 3749/4338/4052 3651/4226/3956 3652/4225/3955
f 3748/4337/4051 3687/4267/3991 3688/4266/3990 3749/4338/4052
f 3750/4339/4053 3623/4194/3926 3624/4197/3929 3751/4340/4054
f 3751/4340/4054 3624/4197/3929 3622/4199/3925 3752/4341/4055
f 3744/4333/4047 3753/4342/4056 3620/4190/3922 3209/3746/3513
f 3620/4190/3922 3753/4342/4056 3752/4343/4055 3622/4193/3925
f 3754/4344/4057 3433/3984/3738 3431/3986/3734 3755/4345/4058
f 3754/4344/4057 3756/4346/4059 3432/3981/3735 3433/3984/3738
f 3757/4347/4060 3760/4348/4061 3759/4349/4062 3758/4350/4063
f 3758/4350/4063 3759/4349/4062 3642/4216/3946 3643/4215/3945
f 3761/4351/4064 3429/3976/3730 3426/3975/3729 3762/4352/4065
f 3761/4351/4064 3755/4353/4058 3431/3980/3734 3429/3976/3730
f 3763/4354/4066 3766/4355/4067 3765/4356/4068 3764/4357/4069
f 3764/4357/4069 3765/4356/4068 3701/4285/4005 3702/4284/4004
f 3725/4308/4028 3768/4358/4070 3767/4359/4071 3644/4217/3947
f 3767/4359/4071 3768/4358/4070 3770/4360/4072 3769/4361/4073
f 3734/4319/4037 3772/4362/4074 3771/4363/4075 3737/4320/4038
f 3771/4363/4075 3772/4362/4074 3704/4289/4009 3705/4288/4008
f 3773/4364/4076 3774/4365/4077 3659/4230/3960 3656/4229/3959
f 3773/4364/4076 3684/4261/3987 3629/4202/3932 3774/4365/4077
f 3773/4364/4076 3775/4366/4078 3720/4302/4022 3684/4261/3987
f 3773/4364/4076 3656/4229/3959 3727/4311/4030 3775/4366/4078
f 3750/4339/4053 3776/4367/4079 3628/4201/3931 3623/4194/3926
f 3628/4201/3931 3776/4367/4079 3746/4334/4048 3233/3770/3537
f 3426/3975/3729 3437/3988/3740 3777/4368/4080 3762/4352/4065
f 3777/4368/4080 3437/3988/3740 3183/3716/3485 3778/4369/4081
f 3767/4359/4071 3779/4370/4082 3647/4218/3948 3644/4217/3947
f 3767/4359/4071 3769/4361/4073 3780/4371/4083 3779/4370/4082
f 3633/4207/3937 3782/4372/4084 3781/4373/4085 3630/4205/3935
f 3630/4205/3935 3781/4373/4085 3774/4365/4077 3629/4202/3932
f 3781/4373/4085 3658/4231/3961 3659/4230/3960 3774/4365/4077
f 3782/4372/4084 3661/4233/3963 3658/4231/3961 3781/4373/4085
f 3756/4346/4059 3784/4374/4086 3783/4375/4087 3432/3981/3735
f 3783/4375/4087 3784/4374/4086 3743/4332/4046 3241/3777/3544
f 3785/4376/4088 3786/4377/4089 3694/4277/3999 3695/4276/3998
f 3785/4376/4088 3675/4250/3979 3676/4249/3978 3786/4377/4089
f 3787/4378/4090 3788/4379/4091 3740/4330/4044 3741/4329/4043
f 3787/4378/4090 3717/4301/4021 3718/4300/4020 3788/4379/4091
f 3789/4380/4092 3790/4381/4093 3723/4305/4025 3690/4271/3995
f 3789/4380/4092 3679/4253/3982 3733/4318/4036 3790/4381/4093
f 3691/4270/3994 3791/4382/4094 3789/4380/4092 3690/4271/3995
f 3789/4380/4092 3791/4382/4094 3678/4254/3983 3679/4253/3982
f 3678/4254/3983 3791/4382/4094 3792/4383/4095 3681/4258/3985
f 3681/4258/3985 3792/4383/4095 3793/4384/4096 3635/4255/3939
f 3792/4383/4095 3692/4269/3993 3649/4273/3951 3793/4384/4096
f 3791/4382/4094 3691/4270/3994 3692/4269/3993 3792/4383/4095
f 3649/4221/3951 3646/4219/3949 3794/4385/4097 3793/4386/4096
f 3793/4386/4096 3794/4385/4097 3634/4206/3936 3635/4209/3939
f 3794/4385/4097 3795/4387/4098 3633/4207/3937 3634/4206/3936
f 3646/4219/3949 3647/4218/3948 3795/4387/4098 3794/4385/4097
f 3633/4207/3937 3795/4387/4098 3796/4388/4099 3782/4372/4084
f 3782/4372/4084 3796/4388/4099 3797/4389/4100 3661/4233/3963
f 3796/4388/4099 3779/4370/4082 3780/4371/4083 3797/4389/4100
f 3795/4387/4098 3647/4218/3948 3779/4370/4082 3796/4388/4099
f 3661/4233/3963 3797/4389/4100 3798/4390/4101 3660/4234/3964
f 3798/4390/4101 3797/4389/4100 3780/4371/4083 3769/4361/4073
f 3799/4391/4102 3798/4390/4101 3769/4361/4073 3770/4360/4072
f 3799/4391/4102 3729/4313/4032 3660/4234/3964 3798/4390/4101
f 3800/4392/4103 3801/4393/4104 3707/4291/4011 3708/4290/4010
f 3800/4392/4103 3766/4355/4067 3763/4354/4066 3801/4393/4104
f 3802/4394/4105 3803/4395/4106 3654/4228/3958 3655/4227/3957
f 3802/4394/4105 3760/4348/4061 3757/4347/4060 3803/4395/4106
f 3183/3716/3485 3178/3712/3481 3804/4396/4107 3778/4369/4081
f 3804/4396/4107 3178/3712/3481 3179/3715/3484 3747/4336/4050
f 3712/4293/4013 3662/4235/3965 3663/4238/3968 3711/4294/4014
f 3711/4294/4014 3663/4238/3968 3666/4240/3970 3714/4296/4016
f 3737/4320/4038 3688/4266/3990 3686/4263/3988 3736/4321/4039
f 3736/4321/4039 3686/4263/3988 3662/4262/3965 3712/4323/4013
f 3771/4363/4075 3749/4338/4052 3688/4266/3990 3737/4320/4038
f 3771/4363/4075 3705/4288/4008 3651/4226/3956 3749/4338/4052
f 3776/4367/4079 3748/4337/4051 3652/4225/3955 3746/4334/4048
f 3776/4367/4079 3750/4339/4053 3687/4267/3991 3748/4337/4051
f 3745/4335/4049 3653/4224/3954 3654/4228/3958 3747/4336/4050
f 3745/4335/4049 3746/4334/4048 3652/4225/3955 3653/4224/3954
f 3803/4395/4106 3804/4396/4107 3747/4336/4050 3654/4228/3958
f 3803/4395/4106 3757/4347/4060 3778/4369/4081 3804/4396/4107
f 3753/4342/4056 3664/4237/3967 3665/4236/3966 3752/4343/4055
f 3753/4342/4056 3744/4333/4047 3667/4239/3969 3664/4237/3967
f 3743/4332/4046 3676/4249/3978 3673/4247/3976 3742/4331/4045
f 3742/4331/4045 3673/4247/3976 3667/4239/3969 3744/4333/4047
f 3784/4374/4086 3786/4377/4089 3676/4249/3978 3743/4332/4046
f 3784/4374/4086 3756/4346/4059 3694/4277/3999 3786/4377/4089
f 3640/4279/3943 3700/4327/4001 3739/4326/4042 3696/4275/3997
f 3696/4275/3997 3739/4326/4042 3740/4330/4044 3695/4276/3998
f 3641/4212/3942 3699/4282/4002 3700/4281/4001 3640/4213/3943
f 3641/4212/3942 3642/4216/3946 3702/4284/4004 3699/4282/4002
f 3760/4348/4061 3763/4354/4066 3764/4357/4069 3759/4349/4062
f 3759/4349/4062 3764/4357/4069 3702/4284/4004 3642/4216/3946
f 3650/4223/3953 3706/4287/4007 3707/4291/4011 3655/4227/3957
f 3650/4223/3953 3651/4226/3956 3705/4288/4008 3706/4287/4007
f 3707/4291/4011 3801/4393/4104 3802/4394/4105 3655/4227/3957
f 3802/4394/4105 3801/4393/4104 3763/4354/4066 3760/4348/4061
f 3740/4330/4044 3788/4379/4091 3785/4376/4088 3695/4276/3998
f 3785/4376/4088 3788/4379/4091 3718/4300/4020 3675/4250/3979
f 3718/4300/4020 3715/4298/4018 3674/4248/3977 3675/4250/3979
f 3674/4248/3977 3715/4298/4018 3714/4296/4016 3666/4240/3970
f 3730/4315/4033 3710/4295/4015 3713/4297/4017 3731/4316/4034
f 3719/4303/4023 3735/4322/4040 3709/4324/4012 3721/4304/4024
f 3734/4319/4037 3735/4322/4040 3719/4303/4023 3720/4302/4022
f 3772/4362/4074 3734/4319/4037 3720/4302/4022 3775/4366/4078
f 3729/4313/4032 3708/4290/4010 3703/4286/4006 3728/4312/4031
f 3728/4312/4031 3703/4286/4006 3704/4289/4009 3727/4311/4030
f 3800/4392/4103 3708/4290/4010 3729/4313/4032 3799/4391/4102
f 3790/4381/4093 3787/4378/4090 3741/4329/4043 3723/4305/4025
f 3732/4317/4035 3716/4299/4019 3717/4301/4021 3733/4318/4036
f 3713/4297/4017 3716/4299/4019 3732/4317/4035 3731/4316/4034
f 3750/4339/4053 3751/4340/4054 3685/4264/3989 3687/4267/3991
f 3685/4264/3989 3751/4340/4054 3752/4341/4055 3665/4265/3966
f 3777/4368/4080 3758/4350/4063 3643/4215/3945 3762/4352/4065
f 3777/4368/4080 3778/4369/4081 3757/4347/4060 3758/4350/4063
f 3639/4214/3944 3755/4353/4058 3761/4351/4064 3638/4211/3941
f 3638/4211/3941 3761/4351/4064 3762/4352/4065 3643/4215/3945
f 3639/4278/3944 3693/4274/3996 3754/4344/4057 3755/4345/4058
f 3754/4344/4057 3693/4274/3996 3694/4277/3999 3756/4346/4059
f 3772/4362/4074 3775/4366/4078 3727/4311/4030 3704/4289/4009
f 3730/4315/4033 3721/4314/4024 3709/4292/4012 3710/4295/4015
f 3790/4381/4093 3733/4318/4036 3717/4301/4021 3787/4378/4090
f 3697/4328/4000 3724/4307/4027 3722/4306/4026 3738/4325/4041
f 3738/4325/4041 3722/4306/4026 3723/4305/4025 3741/4329/4043
f 3701/4285/4005 3725/4308/4028 3726/4309/4029 3698/4283/4003
f 3698/4283/4003 3726/4309/4029 3724/4310/4027 3697/4280/4000
f 3766/4355/4067 3770/4360/4072 3768/4358/4070 3765/4356/4068
f 3765/4356/4068 3768/4358/4070 3725/4308/4028 3701/4285/4005
f 3800/4392/4103 3799/4391/4102 3770/4360/4072 3766/4355/4067
f 3805/4397/4108 3808/4398/4109 3807/4399/4110 3806/4400/4111
f 3806/4400/4111 3807/4399/4110 3810/4401/4112 3809/4402/4113
f 3807/4399/4110 3812/4403/4114 3811/4404/4115 3810/4401/4112
f 3808/4398/4109 3813/4405/4116 3812/4403/4114 3807/4399/4110
f 3814/4406/4117 3817/4407/4118 3816/4408/4119 3815/4409/4120
f 3815/4409/4120 3816/4408/4119 3819/4410/4121 3818/4411/4122
f 3820/4412/4123 3823/4413/4124 3822/4414/4125 3821/4415/4126
f 3821/4415/4126 3822/4414/4125 3825/4416/4127 3824/4417/4128
f 3826/4418/4129 3829/4419/4130 3828/4420/4131 3827/4421/4132
f 3827/4421/4132 3828/4420/4131 3831/4422/4133 3830/4423/4134
f 3809/4402/4113 3833/4424/4135 3832/4425/4136 3806/4400/4111
f 3806/4400/4111 3832/4425/4136 3834/4426/4137 3805/4397/4108
f 3835/4427/4138 3838/4428/4139 3837/4429/4140 3836/4430/4141
f 3836/4430/4141 3837/4429/4140 3840/4431/4142 3839/4432/4143
f 3841/4433/4144 3844/4434/4145 3843/4435/4146 3842/4436/4147
f 3842/4436/4147 3843/4435/4146 3846/4437/4148 3845/4438/4149
f 3847/4439/4150 3850/4440/4151 3849/4441/4152 3848/4442/4153
f 3847/4439/4150 3839/4432/4143 3840/4431/4142 3850/4440/4151
f 3846/4437/4148 3852/4443/4154 3851/4444/4155 3845/4438/4149
f 3851/4444/4155 3852/4443/4154 3854/4445/4156 3853/4446/4157
f 3853/4446/4157 3856/4447/4158 3855/4448/4159 3851/4444/4155
f 3851/4444/4155 3855/4448/4159 3842/4436/4147 3845/4438/4149
f 3855/4448/4159 3857/4449/4160 3841/4433/4144 3842/4436/4147
f 3856/4447/4158 3858/4450/4161 3857/4449/4160 3855/4448/4159
f 3834/4426/4137 3859/4451/4162 3808/4398/4109 3805/4397/4108
f 3808/4398/4109 3859/4451/4162 3860/4452/4163 3813/4405/4116
f 3861/4453/4164 3864/4454/4165 3863/4455/4166 3862/4456/4167
f 3861/4453/4164 3830/4423/4134 3831/4422/4133 3864/4454/4165
f 3865/4457/4168 3868/4458/4169 3867/4459/4170 3866/4460/4171
f 3865/4457/4168 3870/4461/4172 3869/4462/4173 3868/4458/4169
f 3871/4463/4174 3874/4464/4175 3873/4465/4176 3872/4466/4177
f 3872/4466/4177 3873/4465/4176 3876/4467/4178 3875/4468/4179
f 3877/4469/4180 3880/4470/4181 3879/4471/4182 3878/4472/4183
f 3878/4472/4183 3879/4471/4182 3882/4473/4184 3881/4474/4185
f 3883/4475/4186 3886/4476/4187 3885/4477/4188 3884/4478/4189
f 3884/4478/4189 3885/4477/4188 3888/4479/4190 3887/4480/4191
f 3889/4481/4192 3892/4482/4193 3891/4483/4194 3890/4484/4195
f 3889/4481/4192 3894/4485/4196 3893/4486/4197 3892/4482/4193
f 3895/4487/4198 3898/4488/4199 3897/4489/4200 3896/4490/4201
f 3895/4487/4198 3890/4484/4195 3891/4483/4194 3898/4488/4199
f 3859/4451/4162 3900/4491/4202 3899/4492/4203 3860/4452/4163
f 3859/4451/4162 3834/4426/4137 3901/4493/4204 3900/4491/4202
f 3865/4457/4168 3903/4494/4205 3902/4495/4206 3870/4461/4172
f 3865/4457/4168 3866/4460/4171 3904/4496/4207 3903/4494/4205
f 3905/4497/4208 3821/4415/4126 3824/4417/4128 3906/4498/4209
f 3905/4497/4208 3907/4499/4210 3820/4412/4123 3821/4415/4126
f 3908/4500/4211 3832/4425/4136 3833/4424/4135 3909/4501/4212
f 3908/4500/4211 3901/4493/4204 3834/4426/4137 3832/4425/4136
f 3910/4502/4213 3846/4437/4148 3843/4435/4146 3911/4503/4214
f 3911/4503/4214 3843/4435/4146 3844/4434/4145 3912/4504/4215
f 3910/4502/4213 3913/4505/4216 3852/4443/4154 3846/4437/4148
f 3852/4443/4154 3913/4505/4216 3914/4506/4217 3854/4445/4156
f 3915/4507/4218 3916/4508/4219 3886/4476/4187 3883/4475/4186
f 3915/4507/4218 3918/4509/4220 3917/4510/4221 3916/4508/4219
f 3919/4511/4222 3922/4512/4223 3921/4513/4224 3920/4514/4225
f 3919/4511/4222 3924/4515/4226 3923/4516/4227 3922/4512/4223
f 3925/4517/4228 3928/4518/4229 3927/4519/4230 3926/4520/4231
f 3926/4520/4231 3927/4519/4230 3930/4521/4232 3929/4522/4233
f 3927/4519/4230 3932/4523/4234 3931/4524/4235 3930/4521/4232
f 3928/4518/4229 3933/4525/4236 3932/4523/4234 3927/4519/4230
f 3934/4526/4237 3937/4527/4238 3936/4528/4239 3935/4529/4240
f 3935/4529/4240 3936/4528/4239 3939/4530/4241 3938/4531/4242
f 3936/4528/4239 3941/4532/4243 3940/4533/4244 3939/4530/4241
f 3937/4527/4238 3942/4534/4245 3941/4532/4243 3936/4528/4239
f 3938/4531/4242 3939/4530/4241 3944/4535/4246 3943/4536/4247
f 3943/4536/4247 3944/4535/4246 3946/4537/4248 3945/4538/4249
f 3944/4535/4246 3948/4539/4250 3947/4540/4251 3946/4537/4248
f 3939/4530/4241 3940/4533/4244 3948/4539/4250 3944/4535/4246
f 3949/4541/4252 3952/4542/4253 3951/4543/4254 3950/4544/4255
f 3950/4544/4255 3951/4543/4254 3953/4545/4256 3925/4517/4228
f 3951/4543/4254 3955/4546/4257 3954/4547/4258 3953/4545/4256
f 3952/4542/4253 3956/4548/4259 3955/4546/4257 3951/4543/4254
f 3931/4524/4235 3958/4549/4260 3957/4550/4261 3930/4521/4232
f 3930/4521/4232 3957/4550/4261 3959/4551/4262 3929/4522/4233
f 3957/4550/4261 3129/3661/3429 3126/3660/3428 3959/4551/4262
f 3958/4549/4260 3134/3668/3436 3129/3661/3429 3957/4550/4261
f 3849/4441/4152 3961/4552/4263 3960/4553/4264 3848/4442/4153
f 3960/4553/4264 3961/4552/4263 3874/4464/4175 3871/4463/4174
f 3962/4554/4265 3963/4555/4266 3896/4490/4201 3897/4489/4200
f 3962/4554/4265 3923/4516/4227 3924/4515/4226 3963/4555/4266
f 3964/4556/4267 3965/4557/4268 3854/4445/4156 3914/4506/4217
f 3964/4556/4267 3904/4496/4207 3866/4460/4171 3965/4557/4268
f 3867/4459/4170 3966/4558/4269 3965/4557/4268 3866/4460/4171
f 3965/4557/4268 3966/4558/4269 3853/4446/4157 3854/4445/4156
f 3858/4450/4161 3856/4447/4158 3968/4559/4270 3967/4560/4271
f 3967/4560/4271 3968/4559/4270 3868/4458/4169 3869/4462/4173
f 3968/4559/4270 3966/4558/4269 3867/4459/4170 3868/4458/4169
f 3856/4447/4158 3853/4446/4157 3966/4558/4269 3968/4559/4270
f 3825/4416/4127 3822/4414/4125 3970/4561/4272 3969/4562/4273
f 3969/4562/4273 3970/4561/4272 3810/4401/4112 3811/4404/4115
f 3970/4561/4272 3971/4563/4274 3809/4402/4113 3810/4401/4112
f 3822/4414/4125 3823/4413/4124 3971/4563/4274 3970/4561/4272
f 3971/4563/4274 3972/4564/4275 3833/4424/4135 3809/4402/4113
f 3971/4563/4274 3823/4413/4124 3820/4412/4123 3972/4564/4275
f 3973/4565/4276 3972/4564/4275 3820/4412/4123 3907/4499/4210
f 3973/4565/4276 3909/4501/4212 3833/4424/4135 3972/4564/4275
f 3882/4473/4184 3975/4566/4277 3974/4567/4278 3881/4474/4185
f 3974/4567/4278 3975/4566/4277 3887/4480/4191 3888/4479/4190
f 3976/4568/4279 3977/4569/4280 3829/4419/4130 3826/4418/4129
f 3976/4568/4279 3817/4407/4118 3814/4406/4117 3977/4569/4280
f 3942/4534/4245 3937/4527/4238 3979/4570/4281 3978/4571/4282
f 3978/4571/4282 3979/4570/4281 3153/3685/3453 3150/3684/3452
f 3979/4570/4281 3980/4572/4283 3158/3692/3460 3153/3685/3453
f 3937/4527/4238 3934/4526/4237 3980/4572/4283 3979/4570/4281
f 3836/4430/4141 3982/4573/4284 3981/4574/4285 3835/4427/4138
f 3836/4430/4141 3839/4432/4143 3983/4575/4286 3982/4573/4284
f 3984/4576/4287 3830/4423/4134 3861/4453/4164 3985/4577/4288
f 3985/4577/4288 3861/4453/4164 3862/4456/4167 3986/4578/4289
f 3943/4536/4247 3864/4454/4165 3831/4422/4133 3938/4531/4242
f 3943/4536/4247 3945/4538/4249 3863/4455/4166 3864/4454/4165
f 3935/4529/4240 3828/4420/4131 3829/4419/4130 3934/4526/4237
f 3935/4529/4240 3938/4531/4242 3831/4422/4133 3828/4420/4131
f 3829/4419/4130 3977/4569/4280 3980/4572/4283 3934/4526/4237
f 3980/4572/4283 3977/4569/4280 3814/4406/4117 3158/3692/3460
f 3925/4517/4228 3840/4431/4142 3837/4429/4140 3950/4544/4255
f 3950/4544/4255 3837/4429/4140 3838/4428/4139 3949/4541/4252
f 3925/4517/4228 3926/4520/4231 3850/4440/4151 3840/4431/4142
f 3850/4440/4151 3926/4520/4231 3929/4522/4233 3849/4441/4152
f 3126/3660/3428 3874/4464/4175 3961/4552/4263 3959/4551/4262
f 3959/4551/4262 3961/4552/4263 3849/4441/4152 3929/4522/4233
f 3872/4466/4177 3988/4579/4290 3987/4580/4291 3871/4463/4174
f 3872/4466/4177 3875/4468/4179 3989/4581/4292 3988/4579/4290
f 3990/4582/4293 3819/4410/4121 3816/4408/4119 3991/4583/4294
f 3991/4583/4294 3816/4408/4119 3817/4407/4118 3992/4584/4295
f 3993/4585/4296 3826/4418/4129 3827/4421/4132 3994/4586/4297
f 3994/4586/4297 3827/4421/4132 3830/4423/4134 3984/4576/4287
f 3993/4585/4296 3995/4587/4298 3976/4568/4279 3826/4418/4129
f 3976/4568/4279 3995/4587/4298 3992/4584/4295 3817/4407/4118
f 3960/4553/4264 3997/4588/4299 3996/4589/4300 3848/4442/4153
f 3960/4553/4264 3871/4463/4174 3987/4580/4291 3997/4588/4299
f 3996/4589/4300 3998/4590/4301 3847/4439/4150 3848/4442/4153
f 3847/4439/4150 3998/4590/4301 3983/4575/4286 3839/4432/4143
f 3999/4591/4302 3902/4495/4206 3903/4494/4205 4000/4592/4303
f 4000/4592/4303 3903/4494/4205 3904/4496/4207 4001/4593/4304
f 4002/4594/4305 3907/4499/4210 3905/4497/4208 4003/4595/4306
f 4003/4595/4306 3905/4497/4208 3906/4498/4209 4004/4596/4307
f 3911/4503/4214 4006/4597/4308 4005/4598/4309 3910/4502/4213
f 3911/4503/4214 3912/4504/4215 4007/4599/4310 4006/4597/4308
f 3900/4491/4202 4009/4600/4311 4008/4601/4312 3899/4492/4203
f 3900/4491/4202 3901/4493/4204 4010/4602/4313 4009/4600/4311
f 3909/4501/4212 4012/4603/4314 4011/4604/4315 3908/4500/4211
f 3908/4500/4211 4011/4604/4315 4010/4602/4313 3901/4493/4204
f 3909/4501/4212 3973/4565/4276 4013/4605/4316 4012/4603/4314
f 4013/4605/4316 3973/4565/4276 3907/4499/4210 4002/4594/4305
f 3904/4496/4207 3964/4556/4267 4014/4606/4317 4001/4593/4304
f 4014/4606/4317 3964/4556/4267 3914/4506/4217 4015/4607/4318
f 4005/4598/4309 4016/4608/4319 3913/4505/4216 3910/4502/4213
f 3913/4505/4216 4016/4608/4319 4015/4607/4318 3914/4506/4217
f 3818/4411/4122 3156/3691/3459 3157/3690/3458 3815/4409/4120
f 3815/4409/4120 3157/3690/3458 3158/3692/3460 3814/4406/4117
f 3127/3663/3431 3873/4465/4176 3874/4464/4175 3126/3660/3428
f 3127/3663/3431 3130/3665/3433 3876/4467/4178 3873/4465/4176
f 4011/4604/4315 3885/4477/4188 3886/4476/4187 4010/4602/4313
f 4011/4604/4315 4012/4603/4314 3888/4479/4190 3885/4477/4188
f 3917/4510/4221 4008/4601/4312 4009/4600/4311 3916/4508/4219
f 3916/4508/4219 4009/4600/4311 4010/4602/4313 3886/4476/4187
f 3890/4484/4195 4005/4598/4309 4006/4597/4308 3889/4481/4192
f 3889/4481/4192 4006/4597/4308 4007/4599/4310 3894/4485/4196
f 3895/4487/4198 4016/4608/4319 4005/4598/4309 3890/4484/4195
f 3895/4487/4198 3896/4490/4201 4015/4607/4318 4016/4608/4319
f 3924/4515/4226 4001/4593/4304 4014/4606/4317 3963/4555/4266
f 3963/4555/4266 4014/4606/4317 4015/4607/4318 3896/4490/4201
f 3920/4514/4225 3999/4591/4302 4000/4592/4303 3919/4511/4222
f 3919/4511/4222 4000/4592/4303 4001/4593/4304 3924/4515/4226
f 3878/4472/4183 4003/4595/4306 4004/4596/4307 3877/4469/4180
f 3878/4472/4183 3881/4474/4185 4002/4594/4305 4003/4595/4306
f 3881/4474/4185 3974/4567/4278 4013/4605/4316 4002/4594/4305
f 4013/4605/4316 3974/4567/4278 3888/4479/4190 4012/4603/4314
f 3983/4575/4286 3891/4483/4194 3892/4482/4193 3982/4573/4284
f 3982/4573/4284 3892/4482/4193 3893/4486/4197 3981/4574/4285
f 3883/4475/4186 3984/4576/4287 3985/4577/4288 3915/4507/4218
f 3915/4507/4218 3985/4577/4288 3986/4578/4289 3918/4509/4220
f 3898/4488/4199 3998/4590/4301 3996/4589/4300 3897/4489/4200
f 3898/4488/4199 3891/4483/4194 3983/4575/4286 3998/4590/4301
f 3879/4471/4182 3991/4583/4294 3992/4584/4295 3882/4473/4184
f 3879/4471/4182 3880/4470/4181 3990/4582/4293 3991/4583/4294
f 3923/4516/4227 3987/4580/4291 3988/4579/4290 3922/4512/4223
f 3922/4512/4223 3988/4579/4290 3989/4581/4292 3921/4513/4224
f 3992/4584/4295 3995/4587/4298 3975/4566/4277 3882/4473/4184
f 3975/4566/4277 3995/4587/4298 3993/4585/4296 3887/4480/4191
f 3883/4475/4186 3884/4478/4189 3994/4586/4297 3984/4576/4287
f 3994/4586/4297 3884/4478/4189 3887/4480/4191 3993/4585/4296
f 3923/4516/4227 3962/4554/4265 3997/4588/4299 3987/4580/4291
f 3997/4588/4299 3962/4554/4265 3897/4489/4200 3996/4589/4300
f 3200/3734/3503 4017/4609/4320 3597/4168/3901 3203/3735/3504
f 3597/4168/3901 4017/4609/4320 3174/3708/3477 3210/3745/3512
f 3192/3728/3497 4019/4610/4321 4018/4611/4322 3191/3725/3494
f 3191/3725/3494 4018/4611/4322 4020/4612/4323 3196/3729/3498
f 4018/4611/4322 4022/4613/4324 4021/4614/4325 4020/4612/4323
f 4019/4610/4321 4023/4615/4326 4022/4613/4324 4018/4611/4322
f 3207/3739/3508 3218/3755/3522 4025/4616/4327 4024/4617/4328
f 4024/4617/4328 4025/4616/4327 4027/4618/4329 4026/4619/4330
f 4025/4616/4327 3119/3655/3423 3122/3657/3425 4027/4618/4329
f 3218/3755/3522 3118/3652/3420 3119/3655/3423 4025/4616/4327
f 3180/3714/3483 4029/4620/4331 4028/4621/4332 3234/3769/3536
f 3234/3769/3536 4028/4621/4332 4030/4622/4333 3187/3719/3488
f 4028/4621/4332 3116/3650/3418 3117/3651/3419 4030/4622/4333
f 4029/4620/4331 3103/3637/3405 3116/3650/3418 4028/4621/4332
f 3180/3714/3483 3181/3713/3482 4031/4623/4334 4029/4620/4331
f 4029/4620/4331 4031/4623/4334 3106/3638/3406 3103/3637/3405
f 4031/4623/4334 4032/4624/4335 3111/3645/3413 3106/3638/3406
f 3181/3713/3482 3182/3717/3486 4032/4624/4335 4031/4623/4334
f 3187/3719/3488 4030/4622/4333 4033/4625/4336 3186/3720/3489
f 3186/3720/3489 4033/4625/4336 3124/3658/3426 3125/3659/3427
f 4033/4625/4336 3115/3647/3415 3112/3646/3414 3124/3658/3426
f 4030/4622/4333 3117/3651/3419 3115/3647/3415 4033/4625/4336
f 3213/3750/3517 3214/3749/3516 4034/4626/4337 3238/3773/3540
f 3238/3773/3540 4034/4626/4337 4032/4624/4335 3182/3717/3486
f 4034/4626/4337 3110/3643/3411 3111/3645/3413 4032/4624/4335
f 3214/3749/3516 3109/3644/3412 3110/3643/3411 4034/4626/4337
f 4021/4614/4325 4036/4627/4338 4035/4628/4339 4020/4612/4323
f 4020/4612/4323 4035/4628/4339 3201/3737/3506 3196/3729/3498
f 4035/4628/4339 4037/4629/4340 3200/3734/3503 3201/3737/3506
f 4036/4627/4338 4038/4630/4341 4037/4629/4340 4035/4628/4339
f 3200/3734/3503 4037/4629/4340 4039/4631/4342 4017/4609/4320
f 4017/4609/4320 4039/4631/4342 3173/3706/3475 3174/3708/3477
f 4039/4631/4342 4040/4632/4343 3172/3707/3476 3173/3706/3475
f 4037/4629/4340 4038/4630/4341 4040/4632/4343 4039/4631/4342
f 3243/3779/3546 3357/3905/3662 4041/4633/4344 3098/3632/3400
f 4041/4633/4344 3357/3905/3662 3360/3907/3664 4042/4634/4345
f 3360/3907/3664 3435/3982/3736 3432/3981/3735 4042/4634/4345
f 3432/3981/3735 3783/4375/4087 4043/4635/4346 4042/4634/4345
f 4043/4635/4346 3783/4375/4087 3241/3777/3544 3167/3701/3470
f 3098/3632/3400 4041/4633/4344 4044/4636/4347 3097/3631/3399
f 3097/3631/3399 4044/4636/4347 3168/3704/3473 3078/3612/3380
f 4044/4636/4347 4043/4635/4346 3167/3701/3470 3168/3704/3473
f 4041/4633/4344 4042/4634/4345 4043/4635/4346 4044/4636/4347
f 3956/4548/4259 4046/4637/4348 4045/4638/4349 3955/4546/4257
f 3955/4546/4257 4045/4638/4349 4047/4639/4350 3954/4547/4258
f 4045/4638/4349 3160/3696/3464 3163/3698/3466 4047/4639/4350
f 4046/4637/4348 3159/3693/3461 3160/3696/3464 4045/4638/4349
f 3940/4533/4244 4049/4640/4351 4048/4641/4352 3948/4539/4250
f 3948/4539/4250 4048/4641/4352 4050/4642/4353 3947/4540/4251
f 4048/4641/4352 3071/3603/3366 3068/3602/3365 4050/4642/4353
f 4049/4640/4351 3073/3607/3373 3071/3603/3366 4048/4641/4352
f 3940/4533/4244 3941/4532/4243 4051/4643/4354 4049/4640/4351
f 4049/4640/4351 4051/4643/4354 3077/3610/3378 3073/3607/3373
f 4051/4643/4354 4052/4644/4355 3076/3611/3379 3077/3610/3378
f 3941/4532/4243 3942/4534/4245 4052/4644/4355 4051/4643/4354
f 4053/4645/4356 4056/4646/4357 4055/4647/4358 4054/4648/4359
f 4054/4648/4359 4055/4647/4358 4057/4649/4360 3225/3761/3528
f 4055/4647/4358 4059/4650/4361 4058/4651/4362 4057/4649/4360
f 4056/4646/4357 3076/3611/3379 4059/4650/4361 4055/4647/4358
f 4060/4652/4363 4063/4653/4364 4062/4654/4365 4061/4655/4366
f 4061/4655/4366 4062/4654/4365 3223/3757/3524 3220/3756/3523
f 4062/4654/4365 4054/4648/4359 3225/3761/3528 3223/3757/3524
f 4063/4653/4364 4053/4645/4356 4054/4648/4359 4062/4654/4365
f 3109/3644/3412 3215/3751/3518 4064/4656/4367 3221/3759/3526
f 3221/3759/3526 4064/4656/4367 4065/4657/4368 3220/3756/3523
f 4064/4656/4367 3148/3682/3450 3149/3683/3451 4065/4657/4368
f 3215/3751/3518 3141/3676/3444 3148/3682/3450 4064/4656/4367
f 3084/3619/3387 4067/4658/4369 4066/4659/4370 3088/3624/3392
f 3088/3624/3392 4066/4659/4370 4068/4660/4371 3087/3621/3389
f 4066/4659/4370 4070/4661/4372 4069/4662/4373 4068/4660/4371
f 4067/4658/4369 4071/4663/4374 4070/4661/4372 4066/4659/4370
f 3172/3707/3476 4073/4664/4375 4072/4665/4376 3171/3705/3474
f 3171/3705/3474 4072/4665/4376 3081/3613/3381 3078/3612/3380
f 4072/4665/4376 4074/4666/4377 3086/3620/3388 3081/3613/3381
f 4073/4664/4375 4075/4667/4378 4074/4666/4377 4072/4665/4376
f 4038/4630/4341 4077/4668/4379 4076/4669/4380 4040/4632/4343
f 4040/4632/4343 4076/4669/4380 4078/4670/4381 3172/3707/3476
f 4076/4669/4380 3932/4523/4234 3933/4525/4236 4078/4670/4381
f 4077/4668/4379 3931/4524/4235 3932/4523/4234 4076/4669/4380
f 4058/4651/4362 4080/4671/4382 4079/4672/4383 4057/4649/4360
f 4057/4649/4360 4079/4672/4383 3224/3760/3527 3225/3761/3528
f 4079/4672/4383 3113/3649/3417 3107/3642/3410 3224/3760/3527
f 4080/4671/4382 3112/3646/3414 3113/3649/3417 4079/4672/4383
f 3150/3684/3452 4082/4673/4384 4081/4674/4385 3978/4571/4282
f 3978/4571/4282 4081/4674/4385 4052/4644/4355 3942/4534/4245
f 4081/4674/4385 4059/4650/4361 3076/3611/3379 4052/4644/4355
f 4082/4673/4384 4058/4651/4362 4059/4650/4361 4081/4674/4385
f 1757/2350/4386 4084/4675/4387 4083/4676/4388 1754/2347/4389
f 1754/2347/4389 4083/4676/4388 4085/4677/4390 1755/2348/4391
f 4083/4676/4388 4063/4653/4364 4060/4652/4363 4085/4677/4390
f 4084/4675/4387 4053/4645/4356 4063/4653/4364 4083/4676/4388
f 3076/3611/3379 4056/4646/4357 4086/4678/4392 3075/3609/3376
f 3075/3609/3376 4086/4678/4392 1753/2352/4393 1752/2354/3377
f 4086/4678/4392 4084/4675/4387 1757/2350/4386 1753/2352/4393
f 4056/4646/4357 4053/4645/4356 4084/4675/4387 4086/4678/4392
f 3220/3756/3523 4065/4657/4368 4087/4679/4394 4061/4655/4366
f 4061/4655/4366 4087/4679/4394 4088/4680/4395 4060/4652/4363
f 4087/4679/4394 3147/3679/3447 3144/3678/3446 4088/4680/4395
f 4065/4657/4368 3149/3683/3451 3147/3679/3447 4087/4679/4394
f 1761/2376/4396 4090/4681/4397 4089/4682/4398 1758/2374/4399
f 1758/2374/4399 4089/4682/4398 4091/4683/4400 1759/2372/4401
f 4089/4682/4398 4070/4661/4372 4071/4663/4374 4091/4683/4400
f 4090/4681/4397 4069/4662/4373 4070/4661/4372 4089/4682/4398
f 3084/3619/3387 3085/3618/3386 4092/4684/4402 4067/4658/4369
f 4067/4658/4369 4092/4684/4402 4093/4685/4403 4071/4663/4374
f 4092/4684/4402 4094/4686/4404 3165/3700/3468 4093/4685/4403
f 3085/3618/3386 3086/3620/3388 4094/4686/4404 4092/4684/4402
f 3165/3700/3468 3166/3699/3467 4095/4687/4405 4093/4685/4403
f 4093/4685/4403 4095/4687/4405 4091/4683/4400 4071/4663/4374
f 4095/4687/4405 1760/2369/4406 1759/2372/4401 4091/4683/4400
f 3166/3699/3467 1762/2370/3469 1760/2369/4406 4095/4687/4405
f 4075/4667/4378 4097/4688/4407 4096/4689/4408 4074/4666/4377
f 4074/4666/4377 4096/4689/4408 4094/4686/4404 3086/3620/3388
f 4096/4689/4408 3164/3697/3465 3165/3700/3468 4094/4686/4404
f 4097/4688/4407 3163/3698/3466 3164/3697/3465 4096/4689/4408
f 4021/4614/4325 4099/4690/4409 4098/4691/4410 4036/4627/4338
f 4036/4627/4338 4098/4691/4410 4077/4668/4379 4038/4630/4341
f 4098/4691/4410 3958/4549/4260 3931/4524/4235 4077/4668/4379
f 4099/4690/4409 3134/3668/3436 3958/4549/4260 4098/4691/4410
f 3132/3667/3435 3133/3666/3434 4101/4692/4411 4100/4693/4412
f 4100/4693/4412 4101/4692/4411 4022/4613/4324 4023/4615/4326
f 4101/4692/4411 4099/4690/4409 4021/4614/4325 4022/4613/4324
f 3133/3666/3434 3134/3668/3436 4099/4690/4409 4101/4692/4411
f 3150/3684/3452 3151/3687/3455 4103/4694/4413 4102/4695/4414
f 4102/4695/4414 4103/4694/4413 4027/4618/4329 3122/3657/3425
f 4103/4694/4413 4104/4696/4415 4026/4619/4330 4027/4618/4329
f 3151/3687/3455 3154/3689/3457 4104/4696/4415 4103/4694/4413
f 3150/3684/3452 4102/4695/4414 4105/4697/4416 4082/4673/4384
f 4082/4673/4384 4105/4697/4416 4080/4671/4382 4058/4651/4362
f 4105/4697/4416 3123/3656/3424 3112/3646/3414 4080/4671/4382
f 4102/4695/4414 3122/3657/3425 3123/3656/3424 4105/4697/4416
f 3933/4525/4236 3928/4518/4229 4107/4698/4417 4106/4699/4418
f 4106/4699/4418 4107/4698/4417 4109/4700/4419 4108/4701/4420
f 4107/4698/4417 3953/4545/4256 3954/4547/4258 4109/4700/4419
f 3928/4518/4229 3925/4517/4228 3953/4545/4256 4107/4698/4417
f 4075/4667/4378 4073/4664/4375 4111/4702/4421 4110/4703/4422
f 4110/4703/4422 4111/4702/4421 4106/4699/4418 4108/4701/4420
f 4111/4702/4421 4078/4670/4381 3933/4525/4236 4106/4699/4418
f 4073/4664/4375 3172/3707/3476 4078/4670/4381 4111/4702/4421
f 4075/4667/4378 4110/4703/4422 4112/4704/4423 4097/4688/4407
f 4097/4688/4407 4112/4704/4423 4047/4639/4350 3163/3698/3466
f 4112/4704/4423 4109/4700/4419 3954/4547/4258 4047/4639/4350
f 4110/4703/4422 4108/4701/4420 4109/4700/4419 4112/4704/4423
f 4069/4662/4373 4114/4705/4424 4113/4706/4425 4068/4660/4371
f 4068/4660/4371 4113/4706/4425 3231/3767/3534 3087/3621/3389
f 4113/4706/4425 4088/4680/4395 3144/3678/3446 3231/3767/3534
f 4114/4705/4424 4060/4652/4363 4088/4680/4395 4113/4706/4425
f 3068/3602/3365 3069/3605/3368 4116/4707/4426 4115/4708/4427
f 4115/4708/4427 4116/4707/4426 3162/4709/3462 3159/4710/3461
f 4116/4707/4426 1750/2364/4428 1762/2366/3469 3162/4709/3462
f 3069/3605/3368 1749/2362/3370 1750/2364/4428 4116/4707/4426
f 3159/4710/3461 4046/4711/4348 4117/4712/4429 4115/4708/4427
f 4115/4708/4427 4117/4712/4429 4050/4642/4353 3068/3602/3365
f 4117/4712/4429 4118/4713/4430 3947/4540/4251 4050/4642/4353
f 4046/4711/4348 3956/4714/4259 4118/4713/4430 4117/4712/4429
f 3947/4540/4251 4118/4713/4430 4119/4715/4431 3946/4537/4248
f 3946/4537/4248 4119/4715/4431 4120/4716/4432 3945/4538/4249
f 4119/4715/4431 3952/4717/4253 3949/4718/4252 4120/4716/4432
f 4118/4713/4430 3956/4714/4259 3952/4717/4253 4119/4715/4431
f 4120/4716/4432 4121/4719/4433 3863/4455/4166 3945/4538/4249
f 4120/4716/4432 3949/4718/4252 3838/4720/4139 4121/4719/4433
f 4121/4719/4433 4122/4721/4434 3862/4456/4167 3863/4455/4166
f 4121/4719/4433 3838/4720/4139 3835/4722/4138 4122/4721/4434
f 3862/4456/4167 4122/4721/4434 4123/4723/4435 3986/4578/4289
f 4123/4723/4435 4122/4721/4434 3835/4722/4138 3981/4724/4285
f 4123/4723/4435 4124/4725/4436 3918/4509/4220 3986/4578/4289
f 4123/4723/4435 3981/4724/4285 3893/4726/4197 4124/4725/4436
f 4125/4727/4437 4124/4725/4436 3893/4726/4197 3894/4728/4196
f 4125/4727/4437 3917/4510/4221 3918/4509/4220 4124/4725/4436
f 4125/4727/4437 4126/4729/4438 4008/4601/4312 3917/4510/4221
f 4125/4727/4437 3894/4728/4196 4007/4730/4310 4126/4729/4438
f 4126/4729/4438 4127/4731/4439 3899/4492/4203 4008/4601/4312
f 4126/4729/4438 4007/4730/4310 3912/4732/4215 4127/4731/4439
f 3899/4492/4203 4127/4731/4439 4128/4733/4440 3860/4452/4163
f 4128/4733/4440 4127/4731/4439 3912/4732/4215 3844/4734/4145
f 4128/4733/4440 4129/4735/4441 3813/4405/4116 3860/4452/4163
f 4128/4733/4440 3844/4734/4145 3841/4736/4144 4129/4735/4441
f 3841/4736/4144 3857/4737/4160 4130/4738/4442 4129/4735/4441
f 4129/4735/4441 4130/4738/4442 3812/4403/4114 3813/4405/4116
f 4130/4738/4442 4131/4739/4443 3811/4404/4115 3812/4403/4114
f 3857/4737/4160 3858/4740/4161 4131/4739/4443 4130/4738/4442
f 3869/4741/4173 4133/4742/4444 4132/4743/4445 3967/4744/4271
f 3967/4744/4271 4132/4743/4445 4131/4739/4443 3858/4740/4161
f 4132/4743/4445 3969/4562/4273 3811/4404/4115 4131/4739/4443
f 4133/4742/4444 3825/4416/4127 3969/4562/4273 4132/4743/4445
f 4134/4745/4446 4133/4742/4444 3869/4741/4173 3870/4746/4172
f 4134/4745/4446 3824/4417/4128 3825/4416/4127 4133/4742/4444
f 3902/4747/4206 4135/4748/4447 4134/4745/4446 3870/4746/4172
f 4134/4745/4446 4135/4748/4447 3906/4498/4209 3824/4417/4128
f 4136/4749/4448 4135/4748/4447 3902/4747/4206 3999/4750/4302
f 4136/4749/4448 4004/4596/4307 3906/4498/4209 4135/4748/4447
f 4137/4751/4449 4136/4749/4448 3999/4750/4302 3920/4752/4225
f 4137/4751/4449 3877/4469/4180 4004/4596/4307 4136/4749/4448
f 4138/4753/4450 4137/4751/4449 3920/4752/4225 3921/4754/4224
f 4138/4753/4450 3880/4470/4181 3877/4469/4180 4137/4751/4449
f 3989/4755/4292 4139/4756/4451 4138/4753/4450 3921/4754/4224
f 4138/4753/4450 4139/4756/4451 3990/4582/4293 3880/4470/4181
f 3875/4757/4179 4140/4758/4452 4139/4756/4451 3989/4755/4292
f 4139/4756/4451 4140/4758/4452 3819/4410/4121 3990/4582/4293
f 3876/4759/4178 4141/4760/4453 4140/4758/4452 3875/4757/4179
f 4140/4758/4452 4141/4760/4453 3818/4411/4122 3819/4410/4121
f 3818/4411/4122 4141/4760/4453 4142/4761/4454 3156/3691/3459
f 4142/4761/4454 4141/4760/4453 3876/4759/4178 3130/4762/3433
f 3132/4763/3435 4144/4764/4455 4143/4765/4456 3131/4766/3432
f 3131/4766/3432 4143/4765/4456 4142/4761/4454 3130/4762/3433
f 4143/4765/4456 3155/3688/3456 3156/3691/3459 4142/4761/4454
f 4144/4764/4455 3154/3689/3457 3155/3688/3456 4143/4765/4456
f 4023/4767/4326 4146/4768/4457 4145/4769/4458 4100/4770/4412
f 4100/4770/4412 4145/4769/4458 4144/4764/4455 3132/4763/3435
f 4145/4769/4458 4104/4696/4415 3154/3689/3457 4144/4764/4455
f 4146/4768/4457 4026/4619/4330 4104/4696/4415 4145/4769/4458
f 4026/4619/4330 4146/4768/4457 4147/4771/4459 4024/4617/4328
f 4024/4617/4328 4147/4771/4459 3206/3740/3509 3207/3739/3508
f 4147/4771/4459 4019/4772/4321 3192/3742/3497 3206/3740/3509
f 4146/4768/4457 4023/4767/4326 4019/4772/4321 4147/4771/4459
f 4060/4652/4363 4114/4705/4424 4148/4773/4460 4085/4677/4390
f 4085/4677/4390 4148/4773/4460 1756/2378/4461 1755/2348/4391
f 4148/4773/4460 4090/4681/4397 1761/2376/4396 1756/2378/4461
f 4114/4705/4424 4069/4662/4373 4090/4681/4397 4148/4773/4460
f 4181/4774/4462 4182/4775/4463 4213/4776/4464 4214/4777/4465
f 4182/4775/4463 4183/4778/4466 4228/4779/4467 4213/4776/4464
f 4227/4780/4468 4228/4779/4467 4183/4778/4466 4184/4781/4469
f 4226/4782/4470 4227/4780/4468 4184/4781/4469 4185/4783/4471
f 4185/4784/4471 4186/4785/4472 4225/4786/4473 4226/4787/4470
f 4186/4785/4472 4187/4788/4474 4224/4789/4475 4225/4786/4473
f 4187/4788/4474 4188/4790/4476 4223/4791/4477 4224/4789/4475
f 4188/4790/4476 4189/4792/4478 4222/4793/4479 4223/4791/4477
f 4221/4794/4480 4222/4793/4479 4189/4792/4478 4190/4795/4481
f 4220/4796/4482 4221/4794/4480 4190/4795/4481 4191/4797/4483
f 4191/4797/4483 4192/4798/4484 4219/4799/4485 4220/4796/4482
f 4192/4798/4484 4193/4800/4486 4218/4801/4487 4219/4799/4485
f 4217/4802/4488 4218/4801/4487 4193/4800/4486 4194/4803/4489
f 4216/4804/4490 4217/4802/4488 4194/4803/4489 4195/4805/4491
f 4195/4805/4491 4196/4806/4492 4215/4807/4493 4216/4804/4490
f 4214/4777/4465 4215/4807/4493 4196/4806/4492 4181/4774/4462
f 4166/4808/4494 4165/4809/4495 1298/4810/4496 1297/4811/4497
f 4167/4812/4498 4166/4808/4494 1297/4811/4497 1296/4813/4499
f 1295/4814/4500 4168/4815/4501 4167/4812/4498 1296/4813/4499
f 1294/4816/4502 4169/4817/4503 4168/4815/4501 1295/4814/4500
f 4170/4818/4504 4169/4819/4503 1294/4820/4502 1293/4821/4505
f 4171/4822/4506 4170/4818/4504 1293/4821/4505 1292/4823/4507
f 4172/4824/4508 4171/4822/4506 1292/4823/4507 1291/4825/4509
f 4173/4826/4510 4172/4824/4508 1291/4825/4509 1290/4827/4511
f 1289/4828/4512 4174/4829/4513 4173/4826/4510 1290/4827/4511
f 1288/4830/4514 4175/4831/4515 4174/4829/4513 1289/4828/4512
f 4176/4832/4516 4175/4831/4515 1288/4830/4514 1287/4833/4517
f 4177/4834/4518 4176/4832/4516 1287/4833/4517 1286/4835/4519
f 1285/4836/4520 4178/4837/4521 4177/4838/4518 1286/4839/4519
f 1284/4840/4522 4179/4841/4523 4178/4837/4521 1285/4836/4520
f 4180/4842/4524 4179/4841/4523 1284/4840/4522 1299/4843/4525
f 1298/4810/4496 4165/4809/4495 4180/4842/4524 1299/4843/4525
f 955/1335/4526 4182/4844/4527 4181/4845/4528 792/1336/4529
f 793/1334/4530 4183/4846/4531 4182/4844/4527 955/1335/4526
f 4184/4847/4532 4183/4846/4531 793/1334/4530 971/1333/4533
f 4185/4848/4534 4184/4847/4532 971/1333/4533 794/1332/4535
f 967/1330/4536 4186/4849/4537 4185/4850/4534 794/1331/4535
f 795/1329/4538 4187/4851/4539 4186/4849/4537 967/1330/4536
f 932/1328/4540 4188/4852/4541 4187/4851/4539 795/1329/4538
f 796/1327/4542 4189/4853/4543 4188/4852/4541 932/1328/4540
f 4190/4854/4544 4189/4853/4543 796/1327/4542 920/1326/4545
f 4191/4855/4546 4190/4854/4544 920/1326/4545 797/1325/4547
f 896/1324/4548 4192/4856/4549 4191/4855/4546 797/1325/4547
f 798/1323/4550 4193/4857/4551 4192/4856/4549 896/1324/4548
f 4194/4858/4552 4193/4859/4551 798/1340/4550 887/1339/4553
f 4195/4860/4554 4194/4858/4552 887/1339/4553 791/1338/4555
f 943/1337/4556 4196/4861/4557 4195/4860/4554 791/1338/4555
f 4181/4845/4528 4196/4861/4557 943/1337/4556 792/1336/4529
f 4229/4862/4558 4230/4863/4559 4165/4864/4560 4166/4865/4561
f 4244/4866/4562 4229/4862/4558 4166/4865/4561 4167/4867/4563
f 4167/4867/4563 4168/4868/4564 4243/4869/4565 4244/4866/4562
f 4168/4868/4564 4169/4870/4566 4242/4871/4567 4243/4869/4565
f 4241/4872/4568 4242/4873/4567 4169/4874/4566 4170/4875/4569
f 4240/4876/4570 4241/4872/4568 4170/4875/4569 4171/4877/4571
f 4239/4878/4572 4240/4876/4570 4171/4877/4571 4172/4879/4573
f 4238/4880/4574 4239/4878/4572 4172/4879/4573 4173/4881/4575
f 4173/4881/4575 4174/4882/4576 4237/4883/4577 4238/4880/4574
f 4174/4882/4576 4175/4884/4578 4236/4885/4579 4237/4883/4577
f 4235/4886/4580 4236/4885/4579 4175/4884/4578 4176/4887/4581
f 4234/4888/4582 4235/4886/4580 4176/4887/4581 4177/4889/4583
f 4177/4889/4583 4178/4890/4584 4233/4891/4585 4234/4888/4582
f 4178/4890/4584 4179/4892/4586 4232/4893/4587 4233/4891/4585
f 4231/4894/4588 4232/4893/4587 4179/4892/4586 4180/4895/4589
f 4180/4895/4589 4165/4864/4560 4230/4863/4559 4231/4894/4588
f 4214/4777/4465 4213/4776/4464 4150/4896/4590 4149/4897/4591
f 4149/4897/4591 4164/4898/4592 4215/4807/4493 4214/4777/4465
f 4216/4804/4490 4215/4807/4493 4164/4898/4592 4163/4899/4593
f 4163/4899/4593 4162/4900/4594 4217/4802/4488 4216/4804/4490
f 4162/4900/4594 4161/4901/4595 4218/4801/4487 4217/4802/4488
f 4219/4799/4485 4218/4801/4487 4161/4901/4595 4160/4902/4596
f 4220/4796/4482 4219/4799/4485 4160/4902/4596 4159/4903/4597
f 4159/4903/4597 4158/4904/4598 4221/4794/4480 4220/4796/4482
f 4158/4904/4598 4157/4905/4599 4222/4793/4479 4221/4794/4480
f 4223/4791/4477 4222/4793/4479 4157/4905/4599 4156/4906/4600
f 4224/4789/4475 4223/4791/4477 4156/4906/4600 4155/4907/4601
f 4225/4786/4473 4224/4789/4475 4155/4907/4601 4154/4908/4602
f 4226/4787/4470 4225/4786/4473 4154/4908/4602 4153/4909/4603
f 4153/4910/4603 4152/4911/4604 4227/4780/4468 4226/4782/4470
f 4152/4911/4604 4151/4912/4605 4228/4779/4467 4227/4780/4468
f 4213/4776/4464 4228/4779/4467 4151/4912/4605 4150/4896/4590
f 4198/4913/4606 4197/4914/4607 4230/4863/4559 4229/4862/4558
f 4231/4894/4588 4230/4863/4559 4197/4914/4607 4212/4915/4608
f 4212/4915/4608 4211/4916/4609 4232/4893/4587 4231/4894/4588
f 4233/4891/4585 4232/4893/4587 4211/4916/4609 4210/4917/4610
f 4234/4888/4582 4233/4891/4585 4210/4917/4610 4209/4918/4611
f 4209/4918/4611 4208/4919/4612 4235/4886/4580 4234/4888/4582
f 4208/4919/4612 4207/4920/4613 4236/4885/4579 4235/4886/4580
f 4237/4883/4577 4236/4885/4579 4207/4920/4613 4206/4921/4614
f 4238/4880/4574 4237/4883/4577 4206/4921/4614 4205/4922/4615
f 4205/4922/4615 4204/4923/4616 4239/4878/4572 4238/4880/4574
f 4204/4923/4616 4203/4924/4617 4240/4876/4570 4239/4878/4572
f 4203/4924/4617 4202/4925/4618 4241/4872/4568 4240/4876/4570
f 4202/4925/4618 4201/4926/4619 4242/4873/4567 4241/4872/4568
f 4243/4869/4565 4242/4871/4567 4201/4927/4619 4200/4928/4620
f 4244/4866/4562 4243/4869/4565 4200/4928/4620 4199/4929/4621
f 4199/4929/4621 4198/4913/4606 4229/4862/4558 4244/4866/4562
f 4246/4930/4622 4245/4931/4623 931/1233/1143 879/1231/1141
f 4247/4932/4624 4246/4930/4622 879/1231/1141 1210/1691/1566
f 1032/1350/1231 880/1234/1144 931/1233/1143 4245/4931/4623
f 1162/1690/1565 1309/1768/1631 4247/4932/4624 1210/1691/1566
f 1024/1341/1222 4250/4933/4625 954/1226/1136 875/1224/1134
f 4249/4934/4626 1233/1687/1562 1160/1686/1561 1245/1689/1564
f 966/1228/1138 4250/4933/4625 4248/4935/4627 877/1229/1139
f 878/1230/1140 877/1229/1139 4248/4935/4627 1161/1688/1563
f 1161/1688/1563 4248/4935/4627 4249/4934/4626 1245/1689/1564
f 1233/1687/1562 4249/4934/4626 1301/1760/1623 1159/1684/1559
f 876/1227/1137 954/1226/1136 4250/4933/4625 966/1228/1138
f 4264/4936/4628 4260/4937/4629 1028/1345/1226 1030/1348/1229
f 4258/4938/4630 4262/4939/4631 1307/1766/1629 1305/1764/1627
f 4262/4939/4631 4266/4940/4632 4246/4930/4622 4247/4932/4624
f 4266/4940/4632 4264/4936/4628 4245/4931/4623 4246/4930/4622
f 1030/1348/1229 1032/1350/1231 4245/4931/4623 4264/4936/4628
f 1309/1768/1631 1307/1766/1629 4262/4939/4631 4247/4932/4624
f 4260/4937/4629 4256/4941/4633 1026/1344/1225 1028/1345/1226
f 4254/4942/4634 4258/4938/4630 1305/1764/1627 1303/1762/1625
f 4256/4941/4633 4250/4933/4625 1024/1341/1222 1026/1344/1225
f 4249/4934/4626 4254/4942/4634 1303/1762/1625 1301/1760/1623
f 4252/4943/4635 4254/4942/4634 4249/4934/4626 4248/4935/4627
f 4252/4943/4635 4248/4935/4627 4250/4933/4625 4256/4941/4633
f 4251/4944/4636 4255/4945/4637 586/4946/4638 584/752/685
f 4251/4944/4636 4267/4947/4639 4268/4948/4640 4255/4945/4637
f 4267/4947/4639 4251/4944/4636 4253/4949/4641 4269/4950/4642
f 4253/4949/4641 4251/4944/4636 584/752/685 585/751/684
f 4255/4945/4637 4259/4951/4643 588/4952/4644 586/4946/4638
f 4255/4945/4637 4268/4948/4640 4270/4953/4645 4259/4951/4643
f 4269/4950/4642 4253/4949/4641 4257/4954/4646 4271/4955/4647
f 4257/4954/4646 4253/4949/4641 585/751/684 587/750/683
f 4259/4951/4643 4263/4956/4648 590/4957/4649 588/4952/4644
f 4259/4951/4643 4270/4953/4645 4272/4958/4650 4263/4956/4648
f 4271/4955/4647 4257/4954/4646 4261/4959/4651 4273/4960/4652
f 4261/4959/4651 4257/4954/4646 587/750/683 589/749/682
f 4263/4956/4648 4265/4961/4653 591/4962/681 590/4957/4649
f 4263/4956/4648 4272/4958/4650 4274/4963/4654 4265/4961/4653
f 4273/4960/4652 4261/4959/4651 4265/4964/4653 4274/4965/4654
f 4265/4964/4653 4261/4959/4651 589/749/682 591/748/681
f 4252/4943/4635 4256/4941/4633 4268/4966/4655 4267/4967/4655
f 4254/4942/4634 4252/4943/4635 4267/4967/4656 4269/4968/4656
f 4256/4941/4633 4260/4937/4629 4270/4969/4657 4268/4966/4657
f 4258/4938/4630 4254/4942/4634 4269/4968/4658 4271/4970/4658
f 4260/4937/4629 4264/4936/4628 4272/4971/4659 4270/4969/4659
f 4262/4939/4631 4258/4938/4630 4271/4970/4660 4273/4972/4660
f 4264/4936/4628 4266/4940/4632 4274/4973/4661 4272/4971/4661
f 4266/4940/4632 4262/4939/4631 4273/4972/4662 4274/4973/4662
f 4278/4974/4663 4275/4975/4664 4276/4976/4665 4277/4977/4666
f 4280/4978/4667 4279/4979/4668 4276/4976/4665 4275/4975/4664
f 4279/4979/4668 4280/4978/4667 4281/4980/4669 4282/4981/4670
f 4281/4980/4669 4283/4982/4671 4284/4983/4672 4282/4981/4670
f 4283/4982/4671 4285/4984/4673 4286/4985/4674 4284/4983/4672
f 4286/4985/4674 4285/4984/4673 4287/4986/4675 4288/4987/4676
f 4287/4986/4675 4289/4988/4677 4290/4989/4678 4288/4987/4676
f 4289/4988/4677 4291/4990/4679 4292/4991/4680 4290/4989/4678
f 4291/4990/4679 4293/4992/4681 4294/4993/4682 4292/4991/4680
f 4296/4994/4683 4295/4995/4684 4277/4977/4666 4276/4976/4665
f 4279/4979/4668 4297/4996/4685 4296/4994/4683 4276/4976/4665
f 4279/4979/4668 4282/4981/4670 4298/4997/4686 4297/4996/4685
f 4282/4981/4670 4284/4983/4672 4299/4998/4687 4298/4997/4686
f 4284/4983/4672 4286/4985/4674 4300/4999/4688 4299/4998/4687
f 4288/4987/4676 4301/5000/4689 4300/4999/4688 4286/4985/4674
f 4288/4987/4676 4290/4989/4678 4302/5001/4690 4301/5000/4689
f 4290/4989/4678 4292/4991/4680 4303/5002/4691 4302/5001/4690
f 4304/5003/4692 4303/5002/4691 4292/4991/4680 4294/4993/4682
f 4275/4975/4664 4305/5004/4693 4306/5005/4694 4280/4978/4667
f 4308/5006/4695 4281/4980/4669 4280/4978/4667 4306/5005/4694
f 4308/5006/4695 4306/5005/4694 4307/5007/4696 4309/5008/4697
f 4308/5006/4695 4310/5009/4698 4283/4982/4671 4281/4980/4669
f 4309/5008/4697 4311/5010/4699 4310/5009/4698 4308/5006/4695
f 4312/5011/4700 4285/4984/4673 4283/4982/4671 4310/5009/4698
f 4312/5011/4700 4310/5009/4698 4311/5010/4699 4313/5012/4701
f 4316/5013/4702 4313/5012/4701 4314/5014/4703 4315/5015/4704
f 4311/5010/4699 4317/5016/4705 4314/5014/4703 4313/5012/4701
f 4309/5008/4697 4318/5017/4706 4317/5016/4705 4311/5010/4699
f 4319/5018/4707 4318/5017/4706 4309/5008/4697 4307/5007/4696
f 4320/5019/4708 4278/4974/4663 4277/4977/4666 4321/5020/4709
f 4321/5020/4709 4277/4977/4666 4295/4995/4684 4322/5021/4710
f 4287/4986/4675 4285/4984/4673 4312/5011/4700 4323/5022/4711
f 4323/5022/4711 4312/5011/4700 4313/5012/4701 4316/5013/4702
f 4316/5013/4702 4324/5023/4712 4325/5024/4713 4323/5022/4711
f 4323/5022/4711 4325/5024/4713 4289/4988/4677 4287/4986/4675
f 4291/4990/4679 4289/4988/4677 4325/5024/4713 4326/5025/4714
f 4293/4992/4681 4327/5026/4715 4328/5027/4716 4294/4993/4682
f 4294/4993/4682 4328/5027/4716 4329/5028/4717 4304/5003/4692
f 4293/4992/4681 4291/4990/4679 4326/5025/4714 4327/5026/4715
f 4327/5026/4715 4326/5025/4714 4325/5024/4713 4324/5023/4712
f 4315/5015/4704 4330/5029/4718 4324/5023/4712 4316/5013/4702
f 4330/5029/4718 4331/5030/4719 4327/5026/4715 4324/5023/4712
f 4327/5026/4715 4331/5030/4719 4332/5031/4720 4328/5027/4716
f 4333/5032/4721 4329/5028/4717 4328/5027/4716 4332/5031/4720
f 4334/5033/4722 4305/5004/4693 4275/4975/4664 4278/4974/4663
f 4305/5004/4693 4334/5033/4722 4307/5007/4696 4306/5005/4694
f 4335/5034/4723 4319/5018/4707 4307/5007/4696 4334/5033/4722
f 4334/5033/4722 4278/4974/4663 4320/5019/4708 4335/5034/4723
f 4295/4995/4684 4807/5035/4724 4808/5036/4725 4322/5021/4710
f 4372/5037/4726 4373/5038/4727 4338/5039/4728 4339/5040/4729
f 4296/4994/4683 4824/5041/4730 4807/5035/4724 4295/4995/4684
f 4373/5038/4727 4374/5042/4731 4341/5043/4732 4338/5039/4728
f 4365/5044/4733 4366/5045/4734 4377/5046/4735 4378/5047/4736
f 4366/5045/4734 4367/5048/4737 4376/5049/4738 4377/5046/4735
f 4814/5050/4739 4815/5051/4740 4329/5028/4717 4333/5032/4721
f 4329/5028/4717 4815/5051/4740 4816/5052/4741 4304/5003/4692
f 4304/5003/4692 4816/5052/4741 4817/5053/4742 4303/5002/4691
f 4378/5047/4736 4379/5054/4743 4364/5055/4744 4365/5044/4733
f 4823/5056/4745 4824/5041/4730 4296/4994/4683 4297/4996/4685
f 4341/5043/4732 4374/5042/4731 4375/5057/4746 4351/5058/4747
f 4299/4998/4687 4300/4999/4688 4820/5059/4748 4821/5060/4749
f 4819/5061/4750 4820/5059/4748 4300/4999/4688 4301/5000/4689
f 4302/5001/4690 4818/5062/4751 4819/5061/4750 4301/5000/4689
f 4817/5053/4742 4818/5062/4751 4302/5001/4690 4303/5002/4691
f 4822/5063/4752 4823/5056/4745 4297/4996/4685 4298/4997/4686
f 4299/4998/4687 4821/5060/4749 4822/5063/4752 4298/4997/4686
f 4358/5064/4753 1022/966/876 1021/965/875 4357/5065/4754
f 4352/5066/4755 4354/5067/4756 4358/5064/4753 4357/5065/4754
f 4359/5068/4757 4357/5065/4754 1021/965/875 1020/972/882
f 4353/5069/4758 4352/5066/4755 4357/5065/4754 4359/5068/4757
f 4336/5070/4759 4361/5071/4760 4360/5072/4761 4337/5073/4762
f 4340/5074/4763 4362/5075/4764 4361/5071/4760 4336/5070/4759
f 4363/5076/4765 4362/5075/4764 4340/5074/4763 4350/5077/4766
f 4365/5044/4733 4364/5055/4744 4348/5078/4767 4344/5079/4768
f 4345/5080/4769 4366/5045/4734 4365/5044/4733 4344/5079/4768
f 4347/5081/4770 4367/5048/4737 4366/5045/4734 4345/5080/4769
f 4368/5082/4771 4358/5064/4753 4354/5067/4756 4355/5083/4772
f 4348/5078/4767 4364/5055/4744 4368/5082/4771 4355/5083/4772
f 4350/5077/4766 4356/5084/4773 4369/5085/4774 4363/5076/4765
f 4353/5069/4758 4359/5068/4757 4369/5085/4774 4356/5084/4773
f 4371/5086/4775 1018/974/884 1017/973/883 4370/5087/4776
f 4360/5072/4761 4361/5071/4760 4373/5038/4727 4372/5037/4726
f 4361/5071/4760 4362/5075/4764 4374/5042/4731 4373/5038/4727
f 4375/5057/4746 4374/5042/4731 4362/5075/4764 4363/5076/4765
f 4371/5086/4775 4370/5087/4776 4351/5058/4747 4375/5057/4746
f 4375/5057/4746 4363/5076/4765 4369/5085/4774 4371/5086/4775
f 4369/5085/4774 1019/971/881 1018/974/884 4371/5086/4775
f 4359/5068/4757 1020/972/882 1019/971/881 4369/5085/4774
f 4377/5046/4735 4376/5049/4738 4346/5088/4777 4342/5089/4778
f 4378/5047/4736 4377/5046/4735 4342/5089/4778 4343/5090/4779
f 4349/5091/4780 4379/5054/4743 4378/5047/4736 4343/5090/4779
f 4381/5092/4781 4379/5054/4743 4349/5091/4780 4380/5093/4782
f 4380/5093/4782 1009/1241/901 1008/994/904 4381/5092/4781
f 4381/5092/4781 4368/5082/4771 4364/5055/4744 4379/5054/4743
f 1022/966/876 4358/5064/4753 4368/5082/4771 1007/993/903
f 4381/5092/4781 1008/994/904 1007/993/903 4368/5082/4771
f 4385/5094/4783 4382/5095/4784 4383/5096/4785 4384/5097/4786
f 4384/5097/4786 4383/5096/4785 4386/5098/4787 4387/5099/4788
f 4384/5097/4786 4388/5100/4789 4389/5101/4790 4385/5094/4783
f 4388/5100/4789 4384/5097/4786 4387/5099/4788 4390/5102/4791
f 4392/5103/4792 4389/5101/4790 4388/5100/4789 4391/5104/4793
f 4390/5102/4791 4393/5105/4794 4391/5104/4793 4388/5100/4789
f 4395/5106/4795 4394/5107/4796 4811/5108/4797 4812/5109/4798
f 4314/5110/4703 4317/5111/4705 4396/5112/4799 4397/5113/4800
f 4398/5114/4801 4394/5107/4796 4397/5113/4800 4396/5112/4799
f 4810/5115/4802 4811/5108/4797 4394/5107/4796 4398/5114/4801
f 4394/5107/4796 4395/5106/4795 4399/5116/4803 4397/5113/4800
f 4315/5117/4704 4314/5110/4703 4397/5113/4800 4399/5116/4803
f 4382/5095/4784 4385/5094/4783 4400/5118/4804 4401/5119/4805
f 4385/5094/4783 4389/5101/4790 4402/5120/4806 4400/5118/4804
f 4389/5101/4790 4392/5103/4792 4403/5121/4807 4402/5120/4806
f 4809/5122/4808 4810/5115/4802 4398/5114/4801 4404/5123/4809
f 4398/5114/4801 4396/5112/4799 4405/5124/4810 4404/5123/4809
f 4396/5112/4799 4317/5111/4705 4318/5125/4706 4405/5124/4810
f 4331/5126/4719 4330/5127/4718 4315/5117/4704 4332/5128/4720
f 4399/5116/4803 4333/5129/4721 4332/5128/4720 4315/5117/4704
f 4395/5106/4795 4406/5130/4811 4333/5129/4721 4399/5116/4803
f 4813/5131/4812 4814/5132/4739 4333/5129/4721 4406/5130/4811
f 4406/5130/4811 4395/5106/4795 4812/5109/4798 4813/5131/4812
f 4408/5133/4813 4407/5134/4814 4393/5105/4794 4390/5102/4791
f 4367/5135/4737 4347/5136/4770 4407/5134/4814 4408/5133/4813
f 4409/5137/4815 4376/5138/4738 4367/5135/4737 4408/5133/4813
f 4390/5102/4791 4387/5099/4788 4409/5137/4815 4408/5133/4813
f 4410/5139/4816 4346/5140/4777 4376/5138/4738 4409/5137/4815
f 4410/5139/4816 4409/5137/4815 4387/5099/4788 4386/5098/4787
f 4319/5141/4707 4335/5142/4723 4320/5143/4708 4318/5125/4706
f 4318/5125/4706 4320/5143/4708 4321/5144/4709 4405/5124/4810
f 4322/5145/4710 4404/5123/4809 4405/5124/4810 4321/5144/4709
f 4404/5123/4809 4322/5145/4710 4808/5146/4725 4809/5122/4808
f 4403/5121/4807 4337/5147/4762 4360/5148/4761 4402/5120/4806
f 4372/5149/4726 4400/5118/4804 4402/5120/4806 4360/5148/4761
f 4339/5150/4729 4401/5119/4805 4400/5118/4804 4372/5149/4726
f 4412/5151/4817 4386/5098/4787 4383/5096/4785 4411/5152/4818
f 4411/5152/4818 4413/5153/4819 4414/5154/4820 4412/5151/4817
f 4413/5155/4819 4415/5156/4821 4416/5157/4822 4414/5158/4820
f 4418/5159/4823 4416/5157/4822 4415/5156/4821 4417/5160/4824
f 4420/5161/4825 4430/5162/4826 4431/5163/4827 4419/5164/4828
f 1012/986/896 4420/5161/4825 4419/5164/4828 1013/979/889
f 4382/5095/4784 4421/5165/4829 4411/5152/4818 4383/5096/4785
f 4421/5165/4829 4422/5166/4830 4413/5153/4819 4411/5152/4818
f 4422/5167/4830 4423/5168/4831 4415/5156/4821 4413/5155/4819
f 4417/5160/4824 4415/5156/4821 4423/5168/4831 4424/5169/4832
f 4419/5164/4828 4431/5163/4827 4432/5170/4833 4425/5171/4834
f 4425/5171/4834 1014/980/890 1013/979/889 4419/5164/4828
f 4426/5172/4835 1010/992/902 1009/991/901 4380/5173/4782
f 4427/5174/4836 1011/985/895 1010/992/902 4426/5172/4835
f 4420/5161/4825 1012/986/896 1011/985/895 4427/5174/4836
f 4428/5175/4837 1015/983/893 1014/980/890 4425/5171/4834
f 4429/5176/4838 1016/984/894 1015/983/893 4428/5175/4837
f 4370/5177/4776 1017/1297/883 1016/984/894 4429/5176/4838
f 4431/5163/4827 4430/5162/4826 4418/5159/4823 4417/5160/4824
f 4432/5170/4833 4431/5163/4827 4417/5160/4824 4424/5169/4832
f 4420/5161/4825 4427/5174/4836 4433/5178/4839 4430/5162/4826
f 4427/5174/4836 4426/5172/4835 4434/5179/4840 4433/5178/4839
f 4426/5172/4835 4380/5173/4782 4349/5180/4780 4434/5179/4840
f 4435/5181/4841 4351/5182/4747 4370/5177/4776 4429/5176/4838
f 4436/5183/4842 4435/5181/4841 4429/5176/4838 4428/5175/4837
f 4428/5175/4837 4425/5171/4834 4432/5170/4833 4436/5183/4842
f 4343/5184/4779 4437/5185/4843 4434/5179/4840 4349/5180/4780
f 4433/5178/4839 4434/5179/4840 4437/5185/4843 4438/5186/4844
f 4430/5162/4826 4433/5178/4839 4438/5186/4844 4418/5159/4823
f 4343/5184/4779 4342/5187/4778 4439/5188/4845 4437/5185/4843
f 4439/5188/4845 4440/5189/4846 4438/5186/4844 4437/5185/4843
f 4416/5157/4822 4418/5159/4823 4438/5186/4844 4440/5189/4846
f 4441/5190/4847 4414/5158/4820 4416/5157/4822 4440/5189/4846
f 4412/5151/4817 4414/5154/4820 4441/5191/4847 4442/5192/4848
f 4440/5189/4846 4439/5188/4845 4442/5193/4848 4441/5190/4847
f 4439/5188/4845 4342/5187/4778 4346/5194/4777 4442/5193/4848
f 4442/5192/4848 4346/5140/4777 4410/5139/4816 4412/5151/4817
f 4386/5098/4787 4412/5151/4817 4410/5139/4816
f 4443/5195/4849 4341/5196/4732 4351/5182/4747 4435/5181/4841
f 4444/5197/4850 4443/5195/4849 4435/5181/4841 4436/5183/4842
f 4443/5195/4849 4445/5198/4851 4338/5199/4728 4341/5196/4732
f 4446/5200/4852 4445/5198/4851 4443/5195/4849 4444/5197/4850
f 4448/5201/4853 4447/5202/4854 4445/5198/4851 4446/5200/4852
f 4338/5199/4728 4445/5198/4851 4447/5202/4854 4339/5203/4729
f 4339/5150/4729 4447/5204/4854 4421/5165/4829 4401/5119/4805
f 4421/5165/4829 4447/5204/4854 4448/5205/4853 4422/5166/4830
f 4422/5167/4830 4448/5201/4853 4446/5200/4852 4423/5168/4831
f 4446/5200/4852 4444/5197/4850 4424/5169/4832 4423/5168/4831
f 4424/5169/4832 4444/5197/4850 4436/5183/4842 4432/5170/4833
f 4421/5165/4829 4382/5095/4784 4401/5119/4805
f 4449/5206/4855 4452/5207/4856 4451/5208/4857 4450/5209/4858
f 4453/5210/4859 4450/5209/4858 4451/5208/4857 4454/5211/4860
f 4454/5211/4860 4456/5212/4861 4455/5213/4862 4453/5210/4859
f 4455/5213/4862 4456/5212/4861 4458/5214/4863 4457/5215/4864
f 4457/5215/4864 4458/5214/4863 4460/5216/4865 4459/5217/4866
f 4460/5216/4865 4462/5218/4867 4461/5219/4868 4459/5217/4866
f 4461/5219/4868 4462/5218/4867 4464/5220/4869 4463/5221/4870
f 4463/5221/4870 4464/5220/4869 4466/5222/4871 4465/5223/4872
f 4465/5223/4872 4466/5222/4871 4468/5224/4873 4467/5225/4874
f 4469/5226/4875 4451/5208/4857 4452/5207/4856 4470/5227/4876
f 4454/5211/4860 4451/5208/4857 4469/5226/4875 4471/5228/4877
f 4454/5211/4860 4471/5228/4877 4472/5229/4878 4456/5212/4861
f 4456/5212/4861 4472/5229/4878 4473/5230/4879 4458/5214/4863
f 4458/5214/4863 4473/5230/4879 4474/5231/4880 4460/5216/4865
f 4462/5218/4867 4460/5216/4865 4474/5231/4880 4475/5232/4881
f 4462/5218/4867 4475/5232/4881 4476/5233/4882 4464/5220/4869
f 4464/5220/4869 4476/5233/4882 4477/5234/4883 4466/5222/4871
f 4478/5235/4884 4468/5224/4873 4466/5222/4871 4477/5234/4883
f 4450/5209/4858 4453/5210/4859 4480/5236/4885 4479/5237/4886
f 4481/5238/4887 4480/5236/4885 4453/5210/4859 4455/5213/4862
f 4481/5238/4887 4483/5239/4888 4482/5240/4889 4480/5236/4885
f 4481/5238/4887 4455/5213/4862 4457/5215/4864 4484/5241/4890
f 4483/5239/4888 4481/5238/4887 4484/5241/4890 4485/5242/4891
f 4486/5243/4892 4484/5241/4890 4457/5215/4864 4459/5217/4866
f 4486/5243/4892 4487/5244/4893 4485/5242/4891 4484/5241/4890
f 4488/5245/4894 4490/5246/4895 4489/5247/4896 4487/5244/4893
f 4485/5242/4891 4487/5244/4893 4489/5247/4896 4491/5248/4897
f 4483/5239/4888 4485/5242/4891 4491/5248/4897 4492/5249/4898
f 4493/5250/4899 4482/5240/4889 4483/5239/4888 4492/5249/4898
f 4494/5251/4900 4495/5252/4901 4452/5207/4856 4449/5206/4855
f 4495/5252/4901 4496/5253/4902 4470/5227/4876 4452/5207/4856
f 4461/5219/4868 4497/5254/4903 4486/5243/4892 4459/5217/4866
f 4497/5254/4903 4488/5245/4894 4487/5244/4893 4486/5243/4892
f 4488/5245/4894 4497/5254/4903 4499/5255/4904 4498/5256/4905
f 4497/5254/4903 4461/5219/4868 4463/5221/4870 4499/5255/4904
f 4465/5223/4872 4500/5257/4906 4499/5255/4904 4463/5221/4870
f 4467/5225/4874 4468/5224/4873 4502/5258/4907 4501/5259/4908
f 4468/5224/4873 4478/5235/4884 4503/5260/4909 4502/5258/4907
f 4467/5225/4874 4501/5259/4908 4500/5257/4906 4465/5223/4872
f 4501/5259/4908 4498/5256/4905 4499/5255/4904 4500/5257/4906
f 4490/5246/4895 4488/5245/4894 4498/5256/4905 4504/5261/4910
f 4504/5261/4910 4498/5256/4905 4501/5259/4908 4505/5262/4911
f 4501/5259/4908 4502/5258/4907 4506/5263/4912 4505/5262/4911
f 4507/5264/4913 4506/5263/4912 4502/5258/4907 4503/5260/4909
f 4508/5265/4914 4449/5206/4855 4450/5209/4858 4479/5237/4886
f 4479/5237/4886 4480/5236/4885 4482/5240/4889 4508/5265/4914
f 4509/5266/4915 4508/5265/4914 4482/5240/4889 4493/5250/4899
f 4508/5265/4914 4509/5266/4915 4494/5251/4900 4449/5206/4855
f 4789/5267/4916 4790/5268/4917 4511/5269/4918 4510/5270/4919
f 4512/5271/4920 4515/5272/4921 4514/5273/4922 4513/5274/4923
f 4806/5275/4924 4789/5267/4916 4510/5270/4919 4516/5276/4925
f 4513/5274/4923 4514/5273/4922 4518/5277/4926 4517/5278/4927
f 4519/5279/4928 4522/5280/4929 4521/5281/4930 4520/5282/4931
f 4520/5282/4931 4521/5281/4930 4524/5283/4932 4523/5284/4933
f 4525/5285/4934 4526/5286/4935 4796/5287/4936 4797/5288/4937
f 4797/5288/4937 4798/5289/4938 4527/5290/4939 4525/5285/4934
f 4798/5289/4938 4799/5291/4940 4528/5292/4941 4527/5290/4939
f 4522/5280/4929 4519/5279/4928 4530/5293/4942 4529/5294/4943
f 4516/5276/4925 4531/5295/4944 4805/5296/4945 4806/5275/4924
f 4518/5277/4926 4533/5297/4946 4532/5298/4947 4517/5278/4927
f 4802/5299/4948 4803/5300/4949 4535/5301/4950 4534/5302/4951
f 4534/5302/4951 4536/5303/4952 4801/5304/4953 4802/5299/4948
f 4800/5305/4954 4801/5304/4953 4536/5303/4952 4537/5306/4955
f 4537/5306/4955 4528/5292/4941 4799/5291/4940 4800/5305/4954
f 4531/5295/4944 4538/5307/4956 4804/5308/4957 4805/5296/4945
f 4803/5300/4949 4804/5308/4957 4538/5307/4956 4535/5301/4950
f 4539/5309/4958 4540/5310/4959 1298/4810/4496 1299/4843/4525
f 4534/5302/4951 4540/5310/4959 4539/5309/4958 4536/5303/4952
f 4541/5311/4960 1297/4811/4497 1298/4810/4496 4540/5310/4959
f 4535/5301/4950 4541/5311/4960 4540/5310/4959 4534/5302/4951
f 4510/5270/4919 4511/5269/4918 4543/5312/4961 4542/5313/4962
f 4516/5276/4925 4510/5270/4919 4542/5313/4962 4544/5314/4963
f 4545/5315/4964 4531/5295/4944 4516/5276/4925 4544/5314/4963
f 4519/5279/4928 4527/5290/4939 4528/5292/4941 4530/5293/4942
f 4525/5285/4934 4527/5290/4939 4519/5279/4928 4520/5282/4931
f 4526/5286/4935 4525/5285/4934 4520/5282/4931 4523/5284/4933
f 4546/5316/4965 4537/5306/4955 4536/5303/4952 4539/5309/4958
f 4528/5292/4941 4537/5306/4955 4546/5316/4965 4530/5293/4942
f 4531/5295/4944 4545/5315/4964 4547/5317/4966 4538/5307/4956
f 4535/5301/4950 4538/5307/4956 4547/5317/4966 4541/5311/4960
f 4548/5318/4967 4549/5319/4968 1294/4816/4502 1295/4814/4500
f 4543/5312/4961 4512/5271/4920 4513/5274/4923 4542/5313/4962
f 4542/5313/4962 4513/5274/4923 4517/5278/4927 4544/5314/4963
f 4532/5298/4947 4545/5315/4964 4544/5314/4963 4517/5278/4927
f 4548/5318/4967 4532/5298/4947 4533/5297/4946 4549/5319/4968
f 4532/5298/4947 4548/5318/4967 4547/5317/4966 4545/5315/4964
f 4547/5317/4966 4548/5318/4967 1295/4814/4500 1296/4813/4499
f 4541/5311/4960 4547/5317/4966 1296/4813/4499 1297/4811/4497
f 4521/5281/4930 4551/5320/4969 4550/5321/4970 4524/5283/4932
f 4522/5280/4929 4552/5322/4971 4551/5320/4969 4521/5281/4930
f 4553/5323/4972 4552/5322/4971 4522/5280/4929 4529/5294/4943
f 4554/5324/4973 4555/5325/4974 4553/5323/4972 4529/5294/4943
f 4555/5325/4974 4554/5324/4973 1285/4836/4520 1286/4839/4519
f 4554/5324/4973 4529/5294/4943 4530/5293/4942 4546/5316/4965
f 1299/4843/4525 1284/4840/4522 4546/5316/4965 4539/5309/4958
f 4554/5324/4973 4546/5316/4965 1284/4840/4522 1285/4836/4520
f 4556/5326/4975 4559/5327/4976 4558/5328/4977 4557/5329/4978
f 4559/5327/4976 4561/5330/4979 4560/5331/4980 4558/5328/4977
f 4559/5327/4976 4556/5326/4975 4563/5332/4981 4562/5333/4982
f 4562/5333/4982 4564/5334/4983 4561/5330/4979 4559/5327/4976
f 4565/5335/4984 4566/5336/4985 4562/5333/4982 4563/5332/4981
f 4564/5334/4983 4562/5333/4982 4566/5336/4985 4567/5337/4986
f 4793/5338/4987 4794/5339/4988 4567/5337/4986 4566/5336/4985
f 4489/5340/4896 4571/5341/4989 4570/5342/4990 4491/5343/4897
f 4572/5344/4991 4570/5342/4990 4571/5341/4989 4569/5345/4992
f 4566/5336/4985 4565/5335/4984 4792/5346/4993 4793/5338/4987
f 4569/5345/4992 4571/5341/4989 4573/5347/4994 4568/5348/4995
f 4490/5349/4895 4573/5347/4994 4571/5341/4989 4489/5340/4896
f 4557/5329/4978 4575/5350/4996 4574/5351/4997 4556/5326/4975
f 4556/5326/4975 4574/5351/4997 4576/5352/4998 4563/5332/4981
f 4563/5332/4981 4576/5352/4998 4577/5353/4999 4565/5335/4984
f 4565/5335/4984 4577/5353/4999 4791/5354/5000 4792/5346/4993
f 4572/5344/4991 4578/5355/5001 4579/5356/5002 4570/5342/4990
f 4570/5342/4990 4579/5356/5002 4492/5357/4898 4491/5343/4897
f 4505/5358/4911 4506/5359/4912 4490/5349/4895 4504/5360/4910
f 4573/5347/4994 4490/5349/4895 4506/5359/4912 4507/5361/4913
f 4568/5348/4995 4573/5347/4994 4507/5361/4913 4580/5362/5003
f 4526/5363/4935 4581/5364/5004 4795/5365/5005 4796/5366/4936
f 4794/5339/4988 4795/5365/5005 4581/5364/5004 4567/5337/4986
f 4582/5367/5006 4564/5334/4983 4567/5337/4986 4581/5364/5004
f 4523/5368/4933 4582/5367/5006 4581/5364/5004 4526/5363/4935
f 4583/5369/5007 4582/5367/5006 4523/5368/4933 4524/5370/4932
f 4564/5334/4983 4582/5367/5006 4583/5369/5007 4561/5330/4979
f 4584/5371/5008 4583/5369/5007 4524/5370/4932 4550/5372/4970
f 4584/5371/5008 4560/5331/4980 4561/5330/4979 4583/5369/5007
f 4493/5373/4899 4492/5357/4898 4494/5374/4900 4509/5375/4915
f 4492/5357/4898 4579/5356/5002 4495/5376/4901 4494/5374/4900
f 4496/5377/4902 4495/5376/4901 4579/5356/5002 4578/5355/5001
f 4790/5378/4917 4791/5354/5000 4577/5353/4999 4511/5379/4918
f 4577/5353/4999 4576/5352/4998 4543/5380/4961 4511/5379/4918
f 4512/5381/4920 4543/5380/4961 4576/5352/4998 4574/5351/4997
f 4515/5382/4921 4512/5381/4920 4574/5351/4997 4575/5350/4996
f 4585/5383/5009 4586/5384/5010 4558/5328/4977 4560/5331/4980
f 4586/5384/5010 4585/5383/5009 4588/5385/5011 4587/5386/5012
f 4587/5387/5012 4588/5388/5011 4590/5389/5013 4589/5390/5014
f 4591/5391/5015 4592/5392/5016 4589/5390/5014 4590/5389/5013
f 4593/5393/5017 4596/5394/5018 4595/5395/5019 4594/5396/5020
f 1289/4828/4512 1290/4827/4511 4596/5394/5018 4593/5393/5017
f 4557/5329/4978 4558/5328/4977 4586/5384/5010 4597/5397/5021
f 4597/5397/5021 4586/5384/5010 4587/5386/5012 4598/5398/5022
f 4598/5399/5022 4587/5387/5012 4589/5390/5014 4599/5400/5023
f 4592/5392/5016 4600/5401/5024 4599/5400/5023 4589/5390/5014
f 4596/5394/5018 4602/5402/5025 4601/5403/5026 4595/5395/5019
f 4602/5402/5025 4596/5394/5018 1290/4827/4511 1291/4825/4509
f 4603/5404/5027 4555/5405/4974 1286/4835/4519 1287/4833/4517
f 4604/5406/5028 4603/5404/5027 1287/4833/4517 1288/4830/4514
f 4593/5393/5017 4604/5406/5028 1288/4830/4514 1289/4828/4512
f 4605/5407/5029 4602/5402/5025 1291/4825/4509 1292/4823/4507
f 4606/5408/5030 4605/5407/5029 1292/4823/4507 1293/4821/4505
f 4549/5409/4968 4606/5408/5030 1293/4821/4505 1294/4820/4502
f 4595/5395/5019 4592/5392/5016 4591/5391/5015 4594/5396/5020
f 4601/5403/5026 4600/5401/5024 4592/5392/5016 4595/5395/5019
f 4593/5393/5017 4594/5396/5020 4607/5410/5031 4604/5406/5028
f 4604/5406/5028 4607/5410/5031 4608/5411/5032 4603/5404/5027
f 4603/5404/5027 4608/5411/5032 4553/5412/4972 4555/5405/4974
f 4609/5413/5033 4606/5408/5030 4549/5409/4968 4533/5414/4946
f 4610/5415/5034 4605/5407/5029 4606/5408/5030 4609/5413/5033
f 4605/5407/5029 4610/5415/5034 4601/5403/5026 4602/5402/5025
f 4552/5416/4971 4553/5412/4972 4608/5411/5032 4611/5417/5035
f 4607/5410/5031 4612/5418/5036 4611/5417/5035 4608/5411/5032
f 4594/5396/5020 4591/5391/5015 4612/5418/5036 4607/5410/5031
f 4552/5416/4971 4611/5417/5035 4613/5419/5037 4551/5420/4969
f 4613/5419/5037 4611/5417/5035 4612/5418/5036 4614/5421/5038
f 4590/5389/5013 4614/5421/5038 4612/5418/5036 4591/5391/5015
f 4615/5422/5039 4614/5421/5038 4590/5389/5013 4588/5388/5011
f 4585/5383/5009 4616/5423/5040 4615/5424/5039 4588/5385/5011
f 4614/5421/5038 4615/5422/5039 4616/5425/5040 4613/5419/5037
f 4613/5419/5037 4616/5425/5040 4550/5426/4970 4551/5420/4969
f 4616/5423/5040 4585/5383/5009 4584/5371/5008 4550/5372/4970
f 4560/5331/4980 4584/5371/5008 4585/5383/5009
f 4617/5427/5041 4609/5413/5033 4533/5414/4946 4518/5428/4926
f 4618/5429/5042 4610/5415/5034 4609/5413/5033 4617/5427/5041
f 4617/5427/5041 4518/5428/4926 4514/5430/4922 4619/5431/5043
f 4620/5432/5044 4618/5429/5042 4617/5427/5041 4619/5431/5043
f 4621/5433/5045 4620/5432/5044 4619/5431/5043 4622/5434/5046
f 4514/5430/4922 4515/5435/4921 4622/5434/5046 4619/5431/5043
f 4515/5382/4921 4575/5350/4996 4597/5397/5021 4622/5436/5046
f 4597/5397/5021 4598/5398/5022 4621/5437/5045 4622/5436/5046
f 4598/5399/5022 4599/5400/5023 4620/5432/5044 4621/5433/5045
f 4620/5432/5044 4599/5400/5023 4600/5401/5024 4618/5429/5042
f 4600/5401/5024 4601/5403/5026 4610/5415/5034 4618/5429/5042
f 4597/5397/5021 4575/5350/4996 4557/5329/4978
f 4624/435/393 4623/434/392 390/436/394 391/439/397
f 4625/462/420 4624/435/393 391/439/397 405/464/422
f 4626/541/499 4625/462/420 405/464/422 464/538/496
f 4627/543/501 4626/541/499 464/538/496 463/537/495
f 4628/545/503 4627/543/501 463/537/495 462/536/494
f 386/433/391 387/432/390 4630/429/387 4629/428/386
f 4631/460/418 4630/429/387 387/432/390 404/461/419
f 4712/557/515 4713/554/512 4631/460/418 404/461/419
f 4633/565/523 4632/564/522 475/569/527 480/568/526
f 4634/646/599 4693/645/598 4694/648/601 526/647/600
f 526/647/600 529/659/610 4635/657/608 4634/646/599
f 4636/671/619 4635/657/608 529/659/610 538/673/621
f 538/673/621 542/679/626 4637/676/624 4636/671/619
f 4638/684/630 4637/676/624 542/679/626 546/685/631
f 4639/687/633 4638/684/630 546/685/631 547/686/632
f 4641/438/396 4640/437/395 392/440/398 393/443/401
f 4642/463/421 4641/438/396 393/443/401 406/466/424
f 413/476/434 4643/539/497 4642/463/421 406/466/424
f 4644/534/492 4643/539/497 413/476/434 455/489/447
f 424/488/446 4645/535/493 4644/534/492 455/489/447
f 4647/609/567 4646/608/566 504/605/563 503/604/562
f 503/604/562 523/634/588 4648/655/594 4647/609/567
f 523/632/588 4690/633/589 4691/642/595 4648/641/594
f 485/573/531 4650/577/535 4649/576/534 486/574/532
f 4651/458/416 4715/580/538 4716/5438/5047 403/5439/5048
f 401/5440/5049 4652/456/414 4651/458/416 403/5439/5048
f 400/5441/5050 4653/457/415 4652/456/414 401/5440/5049
f 4655/454/412 4654/453/411 400/5441/5050 401/5440/5049
f 4656/471/429 4655/454/412 401/5440/5049 403/5439/5048
f 403/5439/5048 4716/5438/5047 4717/581/539 4656/471/429
f 489/578/536 4658/590/548 4657/589/547 490/579/537
f 4659/637/592 4687/636/591 4688/627/585 521/626/584
f 4660/599/557 4659/640/592 521/629/584 499/631/587
f 500/754/687 4661/600/558 4660/599/557 499/631/587
f 4663/450/408 4662/449/407 398/452/410 399/455/413
f 4664/469/427 4663/450/408 399/455/413 409/472/430
f 492/582/540 4665/586/544 4664/469/427 409/472/430
f 4666/552/510 4665/586/544 492/582/540 472/588/546
f 4667/553/511 4666/552/510 472/588/546 473/5442/5051
f 4668/731/670 4667/553/511 473/5442/5051 571/5443/5052
f 4669/727/660 4683/726/666 4684/719/661 570/722/663
f 570/5444/663 569/5445/657 4670/717/659 4669/718/660
f 569/5445/657 495/5446/556 4671/591/549 4670/717/659
f 496/5447/555 4672/592/550 4671/591/549 495/5446/556
f 496/5447/555 602/964/855 4673/758/691 4672/592/550
f 4675/446/404 4674/445/403 396/448/406 397/451/409
f 4676/467/425 4675/446/404 397/451/409 408/470/428
f 491/585/543 4677/584/542 4676/467/425 408/470/428
f 470/549/507 4678/583/541 4677/584/542 491/585/543
f 470/549/507 468/548/506 4679/546/504 4678/583/541
f 4680/547/505 4679/546/504 468/548/506 469/551/509
f 4681/728/667 4680/547/505 469/551/509 574/729/668
f 574/729/668 573/730/669 4682/725/665 4681/728/667
f 4683/726/666 4682/725/665 573/730/669 4668/731/670
f 4684/719/661 4683/726/666 4668/731/670 571/5443/5052
f 572/5448/5053 4685/720/662 4684/719/661 571/5443/5052
f 572/5448/5053 4719/5449/5054 4720/723/664 4685/720/662
f 474/587/545 4658/590/548 4687/636/591 4686/635/590
f 4688/627/585 4687/636/591 4658/590/548 489/578/536
f 4689/628/586 4688/627/585 489/578/536 487/575/533
f 4690/633/589 4689/628/586 487/575/533 486/574/532
f 4691/642/595 4690/633/589 486/574/532 4649/576/534
f 4692/643/596 4691/642/595 4649/576/534 481/562/520
f 4693/645/598 4692/643/596 481/562/520 4633/565/523
f 4694/648/601 4693/645/598 4633/565/523 480/568/526
f 4695/649/602 4694/648/601 480/568/526 482/567/525
f 4696/651/604 4695/649/602 482/567/525 483/570/528
f 484/571/529 4697/653/606 4696/651/604 483/570/528
f 4699/442/400 4698/441/399 394/444/402 395/447/405
f 4700/465/423 4699/442/400 395/447/405 407/468/426
f 411/478/436 4701/473/431 4700/465/423 407/468/426
f 436/504/462 4702/507/465 4701/473/431 411/478/436
f 4703/509/467 4702/507/465 436/504/462 435/503/461
f 4704/510/468 4703/509/467 435/503/461 434/502/460
f 4705/513/471 4704/510/468 434/502/460 433/501/459
f 433/501/459 432/5450/5055 4706/514/472 4705/513/471
f 652/895/828 504/605/563 4646/608/566 655/772/705
f 496/597/555 4723/596/554 4724/5451/859 602/5452/855
f 701/798/731 603/797/730 4707/801/734 703/800/733
f 498/601/559 4661/600/558 4707/5453/734 603/5454/730
f 4661/600/558 500/754/687 595/5455/735 4707/5453/734
f 500/754/687 593/753/686 596/5456/737 595/5455/735
f 593/753/686 4708/757/690 600/5457/726 596/5456/737
f 599/5458/723 4708/757/690 598/5459/851
f 597/5460/848 598/5459/851 4708/757/690 594/756/689
f 684/920/850 598/921/851 597/917/848 682/919/849
f 687/791/724 599/790/723 598/921/851 685/922/852
f 4709/5461/5056 539/672/620 540/674/622 541/675/623
f 4709/5461/5056 547/686/632 543/678/625 539/672/620
f 473/5442/5051 472/588/546 474/587/545 4719/5449/5054
f 4711/556/514 4710/558/516 478/561/519 477/566/524
f 4712/557/515 4711/556/514 477/566/524 475/569/527
f 4632/564/522 4713/554/512 4712/557/515 475/569/527
f 4714/555/513 4713/554/512 4632/564/522 476/563/521
f 4715/580/538 4714/555/513 476/563/521 4650/577/535
f 4716/5438/5047 4715/580/538 4650/577/535 485/573/531
f 485/573/531 488/572/530 490/579/537 4716/5438/5047
f 4717/581/539 4716/5438/5047 490/579/537 4657/589/547
f 4717/581/539 4657/589/547 472/588/546 492/582/540
f 467/544/502 4718/559/517 4710/558/516 466/542/500
f 4720/723/664 4719/5449/5054 474/587/545 4686/635/590
f 4721/724/658 4720/723/664 4686/635/590 524/638/593
f 4722/595/553 4721/716/658 524/639/593 497/602/560
f 498/601/559 4723/596/554 4722/595/553 497/602/560
f 4724/5451/859 4723/596/554 498/601/559 603/5454/730
f 698/927/856 4724/931/859 603/797/730 700/799/732
f 571/5443/5052 473/5442/5051 4719/5449/5054 572/5448/5053
f 600/5457/726 4708/757/690 601/5462/727
f 601/5462/727 4708/757/690 599/5458/723
f 1379/5463/5057 4726/1907/1761 4725/1906/1760 1378/5464/5058
f 1380/5465/5059 4727/1910/1764 4726/1907/1761 1379/5463/5057
f 1381/5466/5060 4728/1912/1766 4727/1910/1764 1380/5465/5059
f 1382/5467/5061 4729/1914/1768 4728/1912/1766 1381/5466/5060
f 1383/5468/5062 4730/1916/1770 4729/1914/1768 1382/5467/5061
f 1384/5469/5063 4731/1918/1772 4730/1916/1770 1383/5468/5062
f 1385/5470/5064 4732/1921/1774 4731/1920/1772 1384/5471/5063
f 1386/5472/5065 4733/1924/1776 4732/1921/1774 1385/5470/5064
f 1387/5473/5066 4734/1926/1778 4733/1924/1776 1386/5472/5065
f 1388/5474/5067 4735/1928/1780 4734/1926/1778 1387/5473/5066
f 1389/5475/5068 4736/1930/1782 4735/1928/1780 1388/5474/5067
f 1390/5476/5069 4737/1932/1784 4736/1930/1782 1389/5475/5068
f 1391/5477/5070 4738/1934/1786 4737/1932/1784 1390/5476/5069
f 1392/5478/5071 4739/1935/1787 4738/1934/1786 1391/5477/5070
f 1393/5479/5072 4740/1938/1790 4739/1935/1787 1392/5478/5071
f 1378/5464/5058 4725/1906/1760 4740/1938/1790 1393/5479/5072
f 4742/1905/1759 4741/1875/1731 1378/5464/5058 1393/5479/5072
f 4743/1902/1756 4742/1905/1759 1393/5479/5072 1392/5478/5071
f 4744/1903/1757 4743/1902/1756 1392/5478/5071 1391/5477/5070
f 4745/1899/1753 4744/1903/1757 1391/5477/5070 1390/5476/5069
f 4746/1897/1751 4745/1899/1753 1390/5476/5069 1389/5475/5068
f 4747/1895/1749 4746/1897/1751 1389/5475/5068 1388/5474/5067
f 4748/1893/1747 4747/1895/1749 1388/5474/5067 1387/5473/5066
f 4749/1891/1745 4748/1893/1747 1387/5473/5066 1386/5472/5065
f 4750/1888/1743 4749/1891/1745 1386/5472/5065 1385/5470/5064
f 4751/1889/1741 4750/1888/1743 1385/5470/5064 1384/5471/5063
f 4752/1883/1739 4751/1885/1741 1384/5469/5063 1383/5468/5062
f 4753/1881/1737 4752/1883/1739 1383/5468/5062 1382/5467/5061
f 4754/1879/1735 4753/1881/1737 1382/5467/5061 1381/5466/5060
f 4755/1877/1733 4754/1879/1735 1381/5466/5060 1380/5465/5059
f 4756/1874/1730 4755/1877/1733 1380/5465/5059 1379/5463/5057
f 4741/1875/1731 4756/1874/1730 1379/5463/5057 1378/5464/5058
f 1811/2312/2141 4758/2244/2077 4757/2243/2076 1812/2313/2142
f 1841/2343/2170 4759/2275/2106 4758/2244/2077 1811/2312/2141
f 1838/2341/2168 4760/2271/2102 4759/2275/2106 1841/2343/2170
f 1837/2339/2166 4761/2272/2103 4760/2271/2102 1838/2341/2168
f 1835/2337/2164 4762/2269/2100 4761/2272/2103 1837/2339/2166
f 1833/2335/2162 4763/2267/2098 4762/2269/2100 1835/2337/2164
f 1831/2333/2160 4764/2265/2096 4763/2267/2098 1833/2335/2162
f 1829/2331/2158 4765/2263/2094 4764/2265/2096 1831/2333/2160
f 1827/2329/2156 4766/2261/2092 4765/2263/2094 1829/2331/2158
f 1825/2327/2154 4767/2257/2090 4766/2261/2092 1827/2329/2156
f 1823/2326/2152 4768/2258/2088 4767/2257/2090 1825/2327/2154
f 1821/2321/2150 4769/2253/2086 4768/2255/2088 1823/2323/2152
f 1819/2319/2148 4770/2251/2084 4769/2253/2086 1821/2321/2150
f 1817/2317/2146 4771/2249/2082 4770/2251/2084 1819/2319/2148
f 1815/2315/2144 4772/2247/2080 4771/2249/2082 1817/2317/2146
f 1812/2313/2142 4757/2243/2076 4772/2247/2080 1815/2315/2144
f 1813/2246/2079 1814/2245/2078 4774/2278/2109 4773/2277/2108
f 1814/2245/2078 1842/2276/2107 4775/2309/2138 4774/2278/2109
f 1842/2276/2107 1839/2274/2105 4776/2305/2134 4775/2309/2138
f 1839/2274/2105 1840/2273/2104 4777/2306/2135 4776/2305/2134
f 1840/2273/2104 1836/2270/2101 4778/2303/2132 4777/2306/2135
f 1836/2270/2101 1834/2268/2099 4779/2301/2130 4778/2303/2132
f 1834/2268/2099 1832/2266/2097 4780/2299/2128 4779/2301/2130
f 1832/2266/2097 1830/2264/2095 4781/2297/2126 4780/2299/2128
f 1830/2264/2095 1828/2262/2093 4782/2295/2124 4781/2297/2126
f 1828/2262/2093 1826/2260/2091 4783/2291/2122 4782/2295/2124
f 1826/2260/2091 1824/2259/2089 4784/2292/2120 4783/2291/2122
f 1824/2256/2089 1822/2254/2087 4785/2287/2118 4784/2289/2120
f 1822/2254/2087 1820/2252/2085 4786/2285/2116 4785/2287/2118
f 1820/2252/2085 1818/2250/2083 4787/2283/2114 4786/2285/2116
f 1818/2250/2083 1816/2248/2081 4788/2281/2112 4787/2283/2114
f 1816/2248/2081 1813/2246/2079 4773/2277/2108 4788/2281/2112
f 4470/5227/4876 4496/5253/4902 4790/5268/4917 4789/5267/4916
f 4578/5355/5001 4791/5354/5000 4790/5378/4917 4496/5377/4902
f 4792/5346/4993 4791/5354/5000 4578/5355/5001 4572/5344/4991
f 4793/5338/4987 4792/5346/4993 4572/5344/4991 4569/5345/4992
f 4568/5348/4995 4794/5339/4988 4793/5338/4987 4569/5345/4992
f 4580/5362/5003 4795/5365/5005 4794/5339/4988 4568/5348/4995
f 4796/5366/4936 4795/5365/5005 4580/5362/5003 4507/5361/4913
f 4797/5288/4937 4796/5287/4936 4507/5264/4913 4503/5260/4909
f 4503/5260/4909 4478/5235/4884 4798/5289/4938 4797/5288/4937
f 4478/5235/4884 4477/5234/4883 4799/5291/4940 4798/5289/4938
f 4800/5305/4954 4799/5291/4940 4477/5234/4883 4476/5233/4882
f 4476/5233/4882 4475/5232/4881 4801/5304/4953 4800/5305/4954
f 4802/5299/4948 4801/5304/4953 4475/5232/4881 4474/5231/4880
f 4473/5230/4879 4803/5300/4949 4802/5299/4948 4474/5231/4880
f 4473/5230/4879 4472/5229/4878 4804/5308/4957 4803/5300/4949
f 4805/5296/4945 4804/5308/4957 4472/5229/4878 4471/5228/4877
f 4806/5275/4924 4805/5296/4945 4471/5228/4877 4469/5226/4875
f 4469/5226/4875 4470/5227/4876 4789/5267/4916 4806/5275/4924
f 4808/5036/4725 4807/5035/4724 4336/5070/4759 4337/5073/4762
f 4809/5122/4808 4808/5146/4725 4337/5147/4762 4403/5121/4807
f 4392/5103/4792 4810/5115/4802 4809/5122/4808 4403/5121/4807
f 4391/5104/4793 4811/5108/4797 4810/5115/4802 4392/5103/4792
f 4812/5109/4798 4811/5108/4797 4391/5104/4793 4393/5105/4794
f 4813/5131/4812 4812/5109/4798 4393/5105/4794 4407/5134/4814
f 4347/5136/4770 4814/5132/4739 4813/5131/4812 4407/5134/4814
f 4345/5080/4769 4815/5051/4740 4814/5050/4739 4347/5081/4770
f 4816/5052/4741 4815/5051/4740 4345/5080/4769 4344/5079/4768
f 4817/5053/4742 4816/5052/4741 4344/5079/4768 4348/5078/4767
f 4355/5083/4772 4818/5062/4751 4817/5053/4742 4348/5078/4767
f 4819/5061/4750 4818/5062/4751 4355/5083/4772 4354/5067/4756
f 4352/5066/4755 4820/5059/4748 4819/5061/4750 4354/5067/4756
f 4821/5060/4749 4820/5059/4748 4352/5066/4755 4353/5069/4758
f 4822/5063/4752 4821/5060/4749 4353/5069/4758 4356/5084/4773
f 4350/5077/4766 4823/5056/4745 4822/5063/4752 4356/5084/4773
f 4340/5074/4763 4824/5041/4730 4823/5056/4745 4350/5077/4766
f 4807/5035/4724 4824/5041/4730 4340/5074/4763 4336/5070/4759
f 4825/765/698 432/5450/5055 433/501/459 431/500/458
f 438/517/475 4826/491/449 456/490/448 457/518/476
f 4830/682/629 549/691/636 548/689/634 537/669/618
f 591/4962/681 582/5480/679 4835/5481/5073 590/4957/4649
f 590/4957/4649 4835/5481/5073 4834/5482/5074 588/4952/4644
f 586/4946/4638 4833/5483/5075 4831/739/677 584/752/685
f 4833/5483/5075 586/4946/4638 588/4952/4644 4834/5482/5074
f 4836/695/640 493/593/551 519/624/582 552/693/638
f 553/694/639 4837/705/648 4836/695/640 552/693/638
f 4839/5484/5076 4838/5485/5077 4854/5486/5078 4855/5487/5079
f 4840/5488/5080 4839/5484/5076 4855/5487/5079 4856/5489/5081
f 4838/5485/5077 4841/5490/5082 4869/5491/5083 4854/5486/5078
f 4841/5490/5082 4842/5492/5084 4868/5493/5085 4869/5491/5083
f 4842/5492/5084 4843/5494/5086 4867/5495/5087 4868/5493/5085
f 4843/5494/5086 4844/5496/5088 4866/5497/5089 4867/5495/5087
f 4844/5496/5088 4845/5498/5090 4865/5499/5091 4866/5497/5089
f 4845/5498/5090 4846/5500/5092 4864/5501/5093 4865/5499/5091
f 4846/5500/5092 4847/5502/5094 4863/5503/5095 4864/5501/5093
f 4847/5502/5094 4848/5504/5096 4862/5505/5097 4863/5503/5095
f 4861/5506/5098 4862/5505/5097 4848/5504/5096 4849/5507/5099
f 4849/5507/5099 4850/5508/5100 4860/5509/5101 4861/5506/5098
f 4859/5510/5102 4860/5509/5101 4850/5508/5100 4851/5511/5103
f 4851/5511/5103 4852/5512/5104 4858/5513/5105 4859/5510/5102
f 4852/5512/5104 4853/5514/5106 4857/5515/5107 4858/5513/5105
f 4853/5514/5106 4840/5488/5080 4856/5489/5081 4857/5515/5107
f 4855/5487/5079 4854/5486/5078 4629/428/386 389/431/389
f 4856/5489/5081 4855/5487/5079 389/431/389 4653/457/415
f 4857/5515/5107 4856/5489/5081 4653/457/415 400/5441/5050
f 4858/5513/5105 4857/5515/5107 400/5441/5050 4654/453/411
f 4859/5510/5102 4858/5513/5105 4654/453/411 398/452/410
f 398/452/410 4662/449/407 4860/5509/5101 4859/5510/5102
f 4861/5506/5098 4860/5509/5101 4662/449/407 396/448/406
f 396/448/406 4674/445/403 4862/5505/5097 4861/5506/5098
f 4863/5503/5095 4862/5505/5097 4674/445/403 394/444/402
f 4864/5501/5093 4863/5503/5095 394/444/402 4698/441/399
f 4865/5499/5091 4864/5501/5093 4698/441/399 392/440/398
f 4866/5497/5089 4865/5499/5091 392/440/398 4640/437/395
f 4867/5495/5087 4866/5497/5089 4640/437/395 390/436/394
f 4868/5493/5085 4867/5495/5087 390/436/394 4623/434/392
f 4869/5491/5083 4868/5493/5085 4623/434/392 386/433/391
f 4854/5486/5078 4869/5491/5083 386/433/391 4629/428/386
f 4870/5516/5108 4873/5517/5109 4872/5518/5110 4871/5519/5111
f 4874/5520/5112 4877/5521/5113 4876/5522/5114 4875/5523/5115
f 4878/5524/5116 4881/5525/5117 4880/5526/5118 4879/5527/5119
f 4882/5528/5120 4885/5529/5121 4884/5530/5122 4883/5531/5123
f 4886/5532/5124 4889/5533/5125 4888/5534/5126 4887/5535/5127
f 4890/5536/5128 4893/5537/5129 4892/5538/5130 4891/5539/5131
f 4894/5540/5132 4897/5541/5133 4896/5542/5134 4895/5543/5135
f 4898/5544/5136 4872/5518/5110 4873/5517/5109 4899/5545/5137
f 4900/5546/5138 4901/5547/5139 4872/5518/5110 4898/5544/5136
f 4872/5518/5110 4901/5547/5139 4902/5548/5140 4871/5519/5111
f 4903/5549/5141 4904/5550/5142 4877/5521/5113 4874/5520/5112
f 4881/5525/5117 4906/5551/5143 4905/5552/5144 4880/5526/5118
f 4885/5529/5121 4908/5553/5145 4907/5554/5146 4884/5530/5122
f 4889/5533/5125 4910/5555/5147 4909/5556/5148 4888/5534/5126
f 4893/5537/5129 4912/5557/5149 4911/5558/5150 4892/5538/5130
f 4897/5541/5133 4914/5559/5151 4913/5560/5152 4896/5542/5134
f 4907/5554/5146 4908/5553/5145 4916/5561/5153 4915/5562/5154
f 4916/5561/5153 4908/5553/5145 4918/5563/5155 4917/5564/5156
f 4919/5565/5157 4921/5566/5158 4910/5555/5147 4920/5567/5159
f 4922/5568/5160 4923/5569/5161 4921/5566/5158 4919/5565/5157
f 4923/5569/5161 4922/5568/5160 4925/5570/5162 4924/5571/5163
f 4924/5571/5163 4925/5570/5162 4927/5572/5164 4926/5573/5165
f 4928/5574/5166 4929/5575/5167 4926/5573/5165 4927/5572/5164
f 424/488/446 4826/491/449 4931/5576/5168 4930/5577/5169
f 426/492/450 425/493/451 4929/5575/5167 4928/5574/5166
f 4922/5568/5160 4933/5578/5170 4932/5579/5171 4925/5570/5162
f 4933/5578/5170 4936/5580/5172 4935/5581/5173 4934/5582/5174
f 4922/5568/5160 4919/5565/5157 4936/5580/5172 4933/5578/5170
f 4937/5583/5175 4940/5584/5176 4939/5585/5177 4938/5586/5178
f 4940/5584/5176 4937/5583/5175 4935/5581/5173 4941/5587/5179
f 4936/5580/5172 4942/5588/5180 4941/5587/5179 4935/5581/5173
f 4920/5567/5159 4942/5588/5180 4936/5580/5172 4919/5565/5157
f 4943/5589/5181 4916/5561/5153 4917/5564/5156 4944/5590/5182
f 4915/5562/5154 4916/5561/5153 4943/5589/5181 4945/5591/5183
f 4946/5592/5184 4949/5593/5185 4948/5594/5186 4947/5595/5187
f 4943/5589/5181 4946/5592/5184 4947/5595/5187 4945/5591/5183
f 4950/5596/5188 4951/5597/5189 4948/5594/5186 4949/5593/5185
f 4951/5597/5189 4950/5596/5188 443/515/473 4706/514/472
f 4946/5592/5184 4943/5589/5181 4944/5590/5182 4952/5598/5190
f 438/517/475 4827/520/478 4954/5599/5191 4953/5600/5192
f 4952/5598/5190 4955/5601/5193 4949/5593/5185 4946/5592/5184
f 4956/5602/5194 4950/5596/5188 4949/5593/5185 4955/5601/5193
f 447/523/481 443/515/473 4950/5596/5188 4956/5602/5194
f 4926/5573/5165 4958/5603/5195 4957/5604/5196 4924/5571/5163
f 4958/5603/5195 4926/5573/5165 4929/5575/5167 4959/5605/5197
f 425/493/451 451/527/485 4959/5605/5197 4929/5575/5167
f 4956/5602/5194 4960/5606/5198 452/528/486 447/523/481
f 4955/5601/5193 4961/5607/5199 4960/5606/5198 4956/5602/5194
f 4931/5576/5168 4917/5564/5156 4918/5563/5155 4930/5577/5169
f 4953/5600/5192 4944/5590/5182 4917/5564/5156 4931/5576/5168
f 4954/5599/5191 4952/5598/5190 4944/5590/5182 4953/5600/5192
f 4962/5608/5200 4954/5599/5191 4827/520/478 459/532/490
f 4960/5606/5198 4962/5608/5200 459/532/490 452/528/486
f 4961/5607/5199 4963/5609/5201 4962/5608/5200 4960/5606/5198
f 4954/5599/5191 4962/5608/5200 4963/5609/5201 4952/5598/5190
f 4963/5609/5201 4961/5607/5199 4955/5601/5193 4952/5598/5190
f 4964/5610/5202 4965/5611/5203 462/536/494 4645/535/493
f 4966/5612/5204 4965/5611/5203 4964/5610/5202 4967/5613/5205
f 4905/5552/5144 4906/5551/5143 4966/5612/5204 4967/5613/5205
f 4968/5614/5206 4969/5615/5207 4904/5550/5142 4903/5549/5141
f 4970/5616/5208 4971/5617/5209 4969/5615/5207 4968/5614/5206
f 467/544/502 4628/545/503 4971/5617/5209 4970/5616/5208
f 4924/5571/5163 4957/5604/5196 4973/5618/5210 4972/5619/5211
f 4974/5620/5212 4977/5621/5213 4976/5622/5214 4975/5623/5215
f 4975/5623/5215 4976/5622/5214 4979/5624/5216 4978/5625/5217
f 4901/5547/5139 4981/5626/5218 4980/5627/5219 4902/5548/5140
f 4968/5614/5206 4903/5549/5141 4983/5628/5220 4982/5629/5221
f 4970/5616/5208 4968/5614/5206 4982/5629/5221 4984/5630/5222
f 4984/5630/5222 4985/5631/5223 479/560/518 4718/559/517
f 4986/5632/5224 4989/5633/5225 4988/5634/5226 4987/5635/5227
f 4990/5636/5228 4993/5637/5229 4992/5638/5230 4991/5639/5231
f 4985/5631/5223 4990/5636/5228 4991/5639/5231 4994/5640/5232
f 4994/5640/5232 484/571/529 479/560/518 4985/5631/5223
f 4995/5641/5233 4998/5642/5234 4997/5643/5235 4996/5644/5236
f 4999/5645/5237 4986/5632/5224 4987/5635/5227 5000/5646/5238
f 4998/5642/5234 4995/5641/5233 5002/5647/5239 5001/5648/5240
f 4901/5547/5139 4900/5546/5138 5003/5649/5241 4981/5626/5218
f 4914/5559/5151 5005/5650/5242 5004/5651/5243 4913/5560/5152
f 5006/5652/5244 4923/5569/5161 4924/5571/5163 4972/5619/5211
f 4909/5556/5148 4910/5555/5147 4921/5566/5158 5007/5653/5245
f 5007/5653/5245 4921/5566/5158 4923/5569/5161 5006/5652/5244
f 4975/5623/5215 4978/5625/5217 5009/5654/5246 5008/5655/5247
f 4911/5558/5150 4912/5557/5149 5008/5655/5247 5009/5654/5246
f 5010/5656/5248 5013/5657/5249 5012/5658/5250 5011/5659/5251
f 5014/5660/5252 5017/5661/5253 5016/5662/5254 5015/5663/5255
f 5018/5664/5256 5021/5665/5257 5020/5666/5258 5019/5667/5259
f 5022/5668/5260 5025/5669/5261 5024/5670/5262 5023/5671/5263
f 5026/5672/5264 5029/5673/5265 5028/5674/5266 5027/5675/5267
f 5030/5676/5268 5033/5677/5269 5032/5678/5270 5031/5679/5271
f 5033/5677/5269 5030/5676/5268 5035/5680/5272 5034/5681/5273
f 5034/5681/5273 5035/5680/5272 5037/5682/5274 5036/5683/5275
f 5036/5683/5275 5037/5682/5274 5039/5684/5276 5038/5685/5277
f 5040/5686/5278 5041/5687/5279 5038/5685/5277 5039/5684/5276
f 5042/5688/5280 5045/5689/5281 5044/5690/5282 5043/5691/5283
f 5016/5662/5254 5047/5692/5284 5046/5693/5285
f 5047/5692/5284 5043/5691/5283 5044/5690/5282 5046/5693/5285
f 5045/5689/5281 5042/5688/5280 5041/5687/5279 5040/5686/5278
f 5048/5694/5286 5051/5695/5287 5050/5696/5288 5049/5697/5289
f 5049/5698/5289 5052/5699/5290 5026/5672/5264 5048/5700/5286
f 5053/5701/5291 5054/5702/5292 5051/5695/5287 5048/5694/5286
f 5048/5700/5286 5026/5672/5264 5027/5675/5267 5053/5703/5291
f 5055/5704/5293 5058/5705/5294 5057/5706/5295 5056/5707/5296
f 5025/5669/5261 5022/5668/5260 5057/5708/5295 5058/5709/5294
f 5059/5710/5297 5062/5711/5298 5061/5712/5299 5060/5713/5300
f 5062/5711/5298 5064/5714/5301 5063/5715/5302 5061/5712/5299
f 5065/5716/5303 5068/5717/5304 5067/5718/5305 5066/5719/5306
f 5068/5717/5304 5070/5720/5307 5069/5721/5308 5067/5718/5305
f 5069/5721/5308 5070/5720/5307 4828/654/607 4697/653/606
f 5032/5678/5270 5033/5677/5269 5062/5722/5298 5059/5723/5297
f 5064/5714/5301 5062/5711/5298 5072/5724/5309 5071/5725/5310
f 5073/5726/5311 5074/5727/5312 5068/5717/5304 5065/5716/5303
f 5074/5727/5312 5075/5728/5313 5070/5720/5307 5068/5717/5304
f 5075/5728/5313 4829/662/613 4828/654/607 5070/5720/5307
f 5033/5677/5269 5076/5729/5314 5072/5730/5309 5062/5722/5298
f 5034/5681/5273 5077/5731/5315 5076/5729/5314 5033/5677/5269
f 5036/5683/5275 5078/5732/5316 5077/5731/5315 5034/5681/5273
f 5038/5685/5277 5079/5733/5317 5078/5734/5316 5036/5683/5275
f 5041/5687/5279 5080/5735/5318 5079/5733/5317 5038/5685/5277
f 5076/5736/5314 5081/5737/5319 5071/5725/5310 5072/5724/5309
f 5074/5727/5312 5073/5726/5311 5083/5738/5320 5082/5739/5321
f 5082/5739/5321 5084/5740/5322 5075/5728/5313 5074/5727/5312
f 5084/5740/5322 541/675/623 4829/662/613 5075/5728/5313
f 5081/5737/5319 5076/5736/5314 5077/5741/5315 5085/5742/5323
f 5082/5739/5321 5083/5738/5320 5087/5743/5324 5086/5744/5325
f 5079/5733/5317 544/5745/628 545/5746/627 5078/5734/5316
f 5080/5735/5318 4830/5747/629 544/5745/628 5079/5733/5317
f 5078/5748/5316 5088/5749/5326 5085/5742/5323 5077/5741/5315
f 5089/5750/5327 547/686/632 5086/5744/5325 5087/5743/5324
f 5078/5748/5316 545/688/627 4639/687/633 5088/5749/5326
f 5042/5688/5280 5090/5751/5328 5080/5735/5318 5041/5687/5279
f 5090/5751/5328 5042/5688/5280 5043/5691/5283 5091/5752/5329
f 5091/5752/5329 551/5753/637 549/5754/636 5090/5751/5328
f 5092/5755/5330 5091/5752/5329 5043/5691/5283 5047/5692/5284
f 553/5756/639 551/5753/637 5091/5752/5329 5092/5755/5330
f 5017/5661/5253 5094/5757/5331 5093/5758/5332 5016/5662/5254
f 5094/5757/5331 5017/5661/5253 5096/5759/5333 5095/5760/5334
f 5097/5761/5335 5098/5762/5336 5095/5760/5334 5096/5759/5333
f 5098/5763/5336 5097/5764/5335 5100/5765/5337 5099/5766/5338
f 5099/5766/5338 5100/5765/5337 4957/5604/5196 4958/5603/5195
f 5093/5758/5332 5094/5757/5331 561/5767/649 4837/5768/648
f 561/5767/649 5094/5757/5331 5095/5760/5334 562/5769/650
f 5101/5770/5339 5095/5760/5334 5098/5762/5336 5102/5771/5340
f 565/5772/653 562/5769/650 5095/5760/5334 5101/5770/5339
f 5102/5773/5340 5098/5763/5336 5099/5766/5338 5103/5774/5341
f 5103/5774/5341 5099/5766/5338 568/714/656 567/713/655
f 4959/5605/5197 568/714/656 5099/5766/5338 4958/5603/5195
f 5104/5775/5342 5021/5665/5257 5018/5664/5256 5105/5776/5343
f 5106/5777/5344 5096/5759/5333 5017/5661/5253 5014/5660/5252
f 5107/5778/5345 5097/5761/5335 5096/5759/5333 5106/5777/5344
f 5108/5779/5346 5110/5780/5347 5104/5781/5342 5109/5782/5348
f 5109/5782/5348 5104/5781/5342 5105/5783/5343 5111/5784/5349
f 5097/5764/5335 5107/5785/5345 5113/5786/5350 5112/5787/5351
f 5114/5788/5352 5100/5765/5337 5097/5764/5335 5112/5787/5351
f 5100/5765/5337 5114/5788/5352 4973/5618/5210 4957/5604/5196
f 5115/5789/5353 5116/5790/5354 4976/5622/5214 4977/5621/5213
f 5116/5790/5354 5117/5791/5355 4979/5624/5216 4976/5622/5214
f 5118/5792/5356 575/5793/672 565/5772/653 5101/5770/5339
f 5101/5770/5339 5102/5771/5340 5119/5794/5357 5118/5792/5356
f 5102/5773/5340 5103/5774/5341 5120/5795/5358 5119/5796/5357
f 5120/5795/5358 5103/5774/5341 567/713/655 579/737/675
f 4833/5797/5075 5120/5798/5358 579/5799/675 4831/5800/677
f 4834/5801/5074 5119/5802/5357 5120/5798/5358 4833/5797/5075
f 5118/5803/5356 4835/5804/5073 582/5805/679 575/5806/672
f 4835/5804/5073 5118/5803/5356 5119/5802/5357 4834/5801/5074
f 5029/5673/5265 5052/5699/5290 5121/5807/5359 5124/5808/5360
f 5122/5809/5361 5121/5807/5359 5052/5699/5290 5123/5810/5362
f 5122/5809/5361 5125/5811/5363 5124/5808/5360 5121/5807/5359
f 5015/5663/5255 5016/5662/5254 5046/5693/5285 5126/5812/5364
f 5127/5813/5365 4927/5572/5164 4925/5570/5162 4932/5579/5171
f 5128/5814/5366 4928/5574/5166 4927/5572/5164 5127/5813/5365
f 4928/5574/5166 5128/5814/5366 613/761/694 426/492/450
f 4937/5583/5175 5129/5815/5367 4934/5582/5174 4935/5581/5173
f 4938/5586/5178 5130/5816/5368 5129/5815/5367 4937/5583/5175
f 5130/5816/5368 4938/5586/5178 4825/765/698 4832/764/697
f 4933/5578/5170 5131/5817/5369 4932/5579/5171
f 4933/5578/5170 4934/5582/5174 5131/5817/5369
f 4934/5582/5174 5129/5815/5367 5132/5818/5370 5131/5817/5369
f 5131/5817/5369 5132/5818/5370 5127/5813/5365 4932/5579/5171
f 5129/5815/5367 5130/5816/5368 5133/5819/5371 5132/5818/5370
f 5132/5818/5370 5133/5819/5371 5128/5814/5366 5127/5813/5365
f 5130/5816/5368 4832/764/697 614/769/702 5133/5819/5371
f 5133/5819/5371 614/769/702 613/761/694 5128/5814/5366
f 5134/5820/5372 5135/5821/5373 5028/5674/5266 5029/5673/5265
f 5136/5822/5374 5137/5823/5375 5030/5676/5268 5031/5679/5271
f 5137/5823/5375 5138/5824/5376 5035/5680/5272 5030/5676/5268
f 5139/5825/5377 5140/5826/5378 5037/5682/5274 5035/5680/5272
f 5141/5827/5379 5142/5828/5380 5037/5682/5274
f 5143/5829/5381 5144/5830/5382 5039/5684/5276
f 5145/5831/5383 5146/5832/5384 5045/5689/5281
f 5044/5690/5282 5148/5833/5385 5147/5834/5386 5046/5693/5285
f 5149/5835/5387 5150/5836/5388 5040/5686/5278
f 5151/5837/5389 5134/5820/5372 5029/5673/5265 5124/5808/5360
f 5152/5838/5390 5155/5839/5391 5154/5840/5392 5153/5841/5393
f 5156/5842/5394 5159/5843/5395 5158/5844/5396 5157/5845/5397
f 5147/5834/5386 5160/5846/5398 5046/5693/5285
f 5161/5847/5399 5163/5848/5400 5162/5849/5401
f 5164/5850/5402 5167/5851/5403 5166/5852/5404 5165/5853/5405
f 5167/5851/5403 5169/5854/5406 5168/5855/5407 5166/5852/5404
f 5170/5856/5408 5171/5857/5409 5157/5845/5397 5168/5855/5407
f 5172/5858/5410 5175/5859/5411 5174/5860/5412 5173/5861/5413
f 5176/5862/5414 5179/5863/5415 5178/5864/5416 5177/5865/5417
f 5180/5866/5418 5183/5867/5419 5182/5868/5420 5181/5869/5421
f 5184/5870/5422 5187/5871/5423 5186/5872/5424 5185/5873/5425
f 5188/5874/5426 5191/5875/5427 5190/5876/5428 5189/5877/5429
f 5192/5878/5430 5195/5879/5431 5194/5880/5432 5193/5881/5433
f 5196/5882/5434 5199/5883/5435 5198/5884/5436 5197/5885/5437
f 5200/5886/5438 5203/5887/5439 5202/5888/5440 5201/5889/5441
f 5204/5890/5442 5207/5891/5443 5206/5892/5444 5205/5893/5445
f 5208/5894/5446 5211/5895/5447 5210/5896/5448 5209/5897/5449
f 5212/5898/5450 5215/5899/5451 5214/5900/5452 5213/5901/5453
f 5216/5902/5454 5219/5903/5455 5218/5904/5456 5217/5905/5457
f 5220/5906/5458 5223/5907/5459 5222/5908/5460 5221/5909/5461
f 5224/5910/5462 5227/5911/5463 5226/5912/5464 5225/5913/5465
f 5228/5914/5466 5231/5915/5467 5230/5916/5468 5229/5917/5469
f 5232/5918/5470 5235/5919/5471 5234/5920/5472 5233/5921/5473
f 5236/5922/5474 5239/5923/5475 5238/5924/5476 5237/5925/5477
f 5240/5926/5478 5242/5927/5479 5198/5884/5436 5241/5928/5480
f 5243/5929/5481 5244/5930/5482 5194/5880/5432 5197/5885/5437
f 5245/5931/5483 5246/5932/5484 5190/5876/5428 5193/5881/5433
f 5247/5933/5485 5248/5934/5486 5186/5872/5424 5189/5877/5429
f 5249/5935/5487 5250/5936/5488 5182/5868/5420 5185/5873/5425
f 5251/5937/5489 5252/5938/5490 5178/5864/5416 5181/5869/5421
f 5253/5939/5491 5254/5940/5492 5174/5860/5412 5177/5865/5417
f 5255/5941/5493 5258/5942/5494 5257/5943/5495 5256/5944/5496
f 5028/5674/5266 5135/5821/5373 5259/5945/5497
f 5259/5945/5497 5135/5821/5373 5261/5946/5498 5260/5947/5499
f 5261/5946/5498 5135/5821/5373 5134/5820/5372 5205/5893/5445
f 5137/5823/5375 5136/5822/5374 5263/5948/5500 5262/5949/5501
f 5263/5948/5500 5136/5822/5374 5259/5945/5497 5260/5947/5499
f 5035/5680/5272 5138/5824/5376 5139/5825/5377
f 5139/5825/5377 5138/5824/5376 5265/5950/5502 5264/5951/5503
f 5265/5950/5502 5138/5824/5376 5137/5823/5375 5262/5949/5501
f 5037/5682/5274 5140/5826/5378 5141/5827/5379
f 5141/5827/5379 5140/5826/5378 5267/5952/5504 5266/5953/5505
f 5267/5952/5504 5140/5826/5378 5139/5825/5377 5264/5951/5503
f 5037/5682/5274 5142/5828/5380 5143/5829/5381 5039/5684/5276
f 5143/5829/5381 5142/5828/5380 5269/5954/5506 5268/5955/5507
f 5269/5954/5506 5142/5828/5380 5141/5827/5379 5266/5953/5505
f 5039/5684/5276 5144/5830/5382 5149/5835/5387 5040/5686/5278
f 5149/5835/5387 5144/5830/5382 5271/5956/5508 5270/5957/5509
f 5271/5956/5508 5144/5830/5382 5143/5829/5381 5268/5955/5507
f 5045/5689/5281 5146/5832/5384 5272/5958/5510 5044/5690/5282
f 5272/5958/5510 5146/5832/5384 5274/5959/5511 5273/5960/5512
f 5274/5959/5511 5146/5832/5384 5145/5831/5383 5275/5961/5513
f 5147/5834/5386 5148/5833/5385 5236/5922/5474 5237/5925/5477
f 5236/5922/5474 5148/5833/5385 5272/5958/5510 5273/5960/5512
f 5272/5958/5510 5148/5833/5385 5044/5690/5282
f 5040/5686/5278 5150/5836/5388 5145/5831/5383 5045/5689/5281
f 5145/5831/5383 5150/5836/5388 5276/5962/5514 5275/5961/5513
f 5276/5962/5514 5150/5836/5388 5149/5835/5387 5270/5957/5509
f 5134/5820/5372 5151/5837/5389 5204/5890/5442 5205/5893/5445
f 5204/5963/5442 5151/5964/5389 5278/5965/5515 5277/5966/5516
f 5279/5967/5517 5280/5968/5518 5278/5965/5515 5124/5969/5360
f 5278/5965/5515 5280/5968/5518 5210/5896/5448 5277/5966/5516
f 5210/5896/5448 5280/5968/5518 5281/5970/5519 5209/5897/5449
f 5282/5971/5520 5283/5972/5521 5281/5970/5519
f 5281/5970/5519 5283/5972/5521 5214/5900/5452 5209/5897/5449
f 5214/5900/5452 5283/5972/5521 5155/5839/5391 5213/5901/5453
f 5155/5839/5391 5152/5838/5390 5218/5904/5456 5213/5901/5453
f 5218/5904/5456 5152/5838/5390 5153/5841/5393 5217/5905/5457
f 5158/5844/5396 5284/5973/5522 5153/5841/5393 5154/5840/5392
f 5153/5841/5393 5284/5973/5522 5222/5908/5460 5217/5905/5457
f 5222/5908/5460 5284/5973/5522 5285/5974/5523 5221/5909/5461
f 5285/5974/5523 5284/5973/5522 5158/5844/5396 5159/5843/5395
f 5285/5974/5523 5159/5843/5395 5226/5912/5464 5221/5909/5461
f 5226/5912/5464 5159/5843/5395 5156/5842/5394 5225/5913/5465
f 5160/5975/5398 5287/5976/5524 5286/5977/5525
f 5287/5976/5524 5160/5975/5398 5289/5978/5526 5288/5979/5527
f 5289/5980/5526 5160/5846/5398 5147/5834/5386 5237/5925/5477
f 5162/5849/5401 5163/5848/5400 5255/5941/5493 5256/5944/5496
f 5255/5941/5493 5163/5848/5400 5287/5976/5524 5288/5979/5527
f 5287/5976/5524 5290/5981/5528 5286/5977/5525
f 5167/5851/5403 5164/5850/5402 5257/5943/5495 5233/5921/5473
f 5257/5943/5495 5164/5850/5402 5162/5849/5401 5256/5944/5496
f 5168/5855/5407 5169/5854/5406 5170/5856/5408
f 5170/5856/5408 5169/5854/5406 5234/5920/5472 5229/5917/5469
f 5234/5920/5472 5169/5854/5406 5167/5851/5403 5233/5921/5473
f 5157/5845/5397 5171/5857/5409 5156/5842/5394
f 5156/5842/5394 5171/5857/5409 5230/5916/5468 5225/5913/5465
f 5230/5916/5468 5171/5857/5409 5170/5856/5408 5229/5917/5469
f 5174/5860/5412 5175/5859/5411 5176/5862/5414 5177/5865/5417
f 5176/5982/5414 5175/5983/5411 5292/5984/5529 5291/5985/5530
f 5292/5984/5529 5175/5983/5411 5172/5986/5410 5293/5987/5531
f 5178/5864/5416 5179/5863/5415 5180/5866/5418 5181/5869/5421
f 5180/5988/5418 5179/5989/5415 5295/5990/5532 5294/5991/5533
f 5295/5990/5532 5179/5989/5415 5176/5982/5414 5291/5985/5530
f 5182/5868/5420 5183/5867/5419 5184/5870/5422 5185/5873/5425
f 5184/5992/5422 5183/5993/5419 5297/5994/5534 5296/5995/5535
f 5297/5994/5534 5183/5993/5419 5180/5988/5418 5294/5991/5533
f 5186/5872/5424 5187/5871/5423 5188/5874/5426 5189/5877/5429
f 5188/5996/5426 5187/5997/5423 5299/5998/5536 5298/5999/5537
f 5299/5998/5536 5187/5997/5423 5184/5992/5422 5296/5995/5535
f 5190/5876/5428 5191/5875/5427 5192/5878/5430 5193/5881/5433
f 5192/6000/5430 5191/6001/5427 5301/6002/5538 5300/6003/5539
f 5301/6002/5538 5191/6001/5427 5188/5996/5426 5298/5999/5537
f 5194/5880/5432 5195/5879/5431 5196/5882/5434 5197/5885/5437
f 5196/6004/5434 5195/6005/5431 5303/6006/5540 5302/6007/5541
f 5303/6006/5540 5195/6005/5431 5192/6000/5430 5300/6003/5539
f 5198/5884/5436 5199/5883/5435 5202/6008/5440 5241/5928/5480
f 5202/5888/5440 5199/6009/5435 5304/6010/5542 5201/5889/5441
f 5304/6010/5542 5199/6009/5435 5196/6004/5434 5302/6007/5541
f 5202/6008/5440 5203/6011/5439 5238/5924/5476 5241/5928/5480
f 5238/5924/5476 5203/6011/5439 5289/5980/5526 5237/5925/5477
f 5289/5978/5526 5203/5887/5439 5200/5886/5438 5288/5979/5527
f 5206/5892/5444 5207/5891/5443 5172/5858/5410 5173/5861/5413
f 5172/5986/5410 5207/6012/5443 5305/6013/5543 5293/5987/5531
f 5305/6013/5543 5207/6012/5443 5204/5963/5442 5277/5966/5516
f 5210/5896/5448 5211/5895/5447 5305/6013/5543 5277/5966/5516
f 5305/6013/5543 5211/5895/5447 5292/5984/5529 5293/5987/5531
f 5292/5984/5529 5211/5895/5447 5208/5894/5446 5291/5985/5530
f 5214/5900/5452 5215/5899/5451 5208/5894/5446 5209/5897/5449
f 5208/5894/5446 5215/5899/5451 5295/5990/5532 5291/5985/5530
f 5295/5990/5532 5215/5899/5451 5212/5898/5450 5294/5991/5533
f 5218/5904/5456 5219/5903/5455 5212/5898/5450 5213/5901/5453
f 5212/5898/5450 5219/5903/5455 5297/5994/5534 5294/5991/5533
f 5297/5994/5534 5219/5903/5455 5216/5902/5454 5296/5995/5535
f 5222/5908/5460 5223/5907/5459 5216/5902/5454 5217/5905/5457
f 5216/5902/5454 5223/5907/5459 5299/5998/5536 5296/5995/5535
f 5299/5998/5536 5223/5907/5459 5220/5906/5458 5298/5999/5537
f 5226/5912/5464 5227/5911/5463 5220/5906/5458 5221/5909/5461
f 5220/5906/5458 5227/5911/5463 5301/6002/5538 5298/5999/5537
f 5301/6002/5538 5227/5911/5463 5224/5910/5462 5300/6003/5539
f 5230/5916/5468 5231/5915/5467 5224/5910/5462 5225/5913/5465
f 5224/5910/5462 5231/5915/5467 5303/6006/5540 5300/6003/5539
f 5303/6006/5540 5231/5915/5467 5228/5914/5466 5302/6007/5541
f 5234/5920/5472 5235/5919/5471 5228/5914/5466 5229/5917/5469
f 5228/5914/5466 5235/5919/5471 5304/6010/5542 5302/6007/5541
f 5304/6010/5542 5235/5919/5471 5232/5918/5470 5201/5889/5441
f 5238/5924/5476 5239/5923/5475 5240/5926/5478 5241/5928/5480
f 5240/5926/5478 5239/5923/5475 5274/5959/5511 5275/5961/5513
f 5274/5959/5511 5239/5923/5475 5236/5922/5474 5273/5960/5512
f 5198/5884/5436 5242/5927/5479 5243/5929/5481 5197/5885/5437
f 5243/5929/5481 5242/5927/5479 5276/5962/5514 5270/5957/5509
f 5276/5962/5514 5242/5927/5479 5240/5926/5478 5275/5961/5513
f 5194/5880/5432 5244/5930/5482 5245/5931/5483 5193/5881/5433
f 5245/5931/5483 5244/5930/5482 5271/5956/5508 5268/5955/5507
f 5271/5956/5508 5244/5930/5482 5243/5929/5481 5270/5957/5509
f 5190/5876/5428 5246/5932/5484 5247/5933/5485 5189/5877/5429
f 5247/5933/5485 5246/5932/5484 5269/5954/5506 5266/5953/5505
f 5269/5954/5506 5246/5932/5484 5245/5931/5483 5268/5955/5507
f 5186/5872/5424 5248/5934/5486 5249/5935/5487 5185/5873/5425
f 5249/5935/5487 5248/5934/5486 5267/5952/5504 5264/5951/5503
f 5267/5952/5504 5248/5934/5486 5247/5933/5485 5266/5953/5505
f 5182/5868/5420 5250/5936/5488 5251/5937/5489 5181/5869/5421
f 5251/5937/5489 5250/5936/5488 5265/5950/5502 5262/5949/5501
f 5265/5950/5502 5250/5936/5488 5249/5935/5487 5264/5951/5503
f 5178/5864/5416 5252/5938/5490 5253/5939/5491 5177/5865/5417
f 5253/5939/5491 5252/5938/5490 5263/5948/5500 5260/5947/5499
f 5263/5948/5500 5252/5938/5490 5251/5937/5489 5262/5949/5501
f 5174/5860/5412 5254/5940/5492 5206/5892/5444 5173/5861/5413
f 5206/5892/5444 5254/5940/5492 5261/5946/5498 5205/5893/5445
f 5261/5946/5498 5254/5940/5492 5253/5939/5491 5260/5947/5499
f 5257/5943/5495 5258/5942/5494 5232/5918/5470 5233/5921/5473
f 5232/5918/5470 5258/5942/5494 5200/5886/5438 5201/5889/5441
f 5200/5886/5438 5258/5942/5494 5255/5941/5493 5288/5979/5527
f 5278/5965/5515 5151/5964/5389 5124/5969/5360
f 5160/5846/5398 5286/6014/5525 5126/5812/5364 5046/5693/5285
f 4877/5521/5113 4881/5525/5117 4878/5524/5116 4876/5522/5114
f 4904/5550/5142 4906/5551/5143 4881/5525/5117 4877/5521/5113
f 4969/5615/5207 4966/5612/5204 4906/5551/5143 4904/5550/5142
f 4971/5617/5209 4965/5611/5203 4966/5612/5204 4969/5615/5207
f 4628/545/503 462/536/494 4965/5611/5203 4971/5617/5209
f 4875/5523/5115 4870/5516/5108 4871/5519/5111 4874/5520/5112
f 4902/5548/5140 4903/5549/5141 4874/5520/5112 4871/5519/5111
f 4983/5628/5220 4903/5549/5141 4902/5548/5140 4980/5627/5219
f 4989/5633/5225 4992/5638/5230 4993/5637/5229 4988/5634/5226
f 5064/5714/5301 5065/5716/5303 5066/5719/5306 5063/5715/5302
f 5065/5716/5303 5064/5714/5301 5071/5725/5310 5073/5726/5311
f 5081/5737/5319 5083/5738/5320 5073/5726/5311 5071/5725/5310
f 5083/5738/5320 5081/5737/5319 5085/5742/5323 5087/5743/5324
f 5088/5749/5326 5089/5750/5327 5087/5743/5324 5085/5742/5323
f 4639/687/633 547/686/632 5089/5750/5327 5088/5749/5326
f 4880/5526/5118 4885/5529/5121 4882/5528/5120 4879/5527/5119
f 4905/5552/5144 4908/5553/5145 4885/5529/5121 4880/5526/5118
f 4918/5563/5155 4908/5553/5145 4905/5552/5144 4967/5613/5205
f 4964/5610/5202 4930/5577/5169 4918/5563/5155 4967/5613/5205
f 424/488/446 4930/5577/5169 4964/5610/5202 4645/535/493
f 5032/5678/5270 5027/5675/5267 5028/5674/5266 5031/5679/5271
f 5027/5675/5267 5032/5678/5270 5059/5723/5297 5053/5703/5291
f 5053/5701/5291 5059/5710/5297 5060/5713/5300 5054/5702/5292
f 4996/5644/5236 4997/5643/5235 4999/5645/5237 5000/5646/5238
f 4900/5546/5138 5307/6015/5544 5306/6016/5545 5003/5649/5241
f 5308/6017/5546 5307/6015/5544 4900/5546/5138 4898/5544/5136
f 5309/6018/5547 5308/6017/5546 4898/5544/5136 4899/5545/5137
f 4896/5542/5134 5308/6017/5546 5309/6018/5547 4895/5543/5135
f 4913/5560/5152 5307/6015/5544 5308/6017/5546 4896/5542/5134
f 5307/6015/5544 4913/5560/5152 5004/5651/5243 5306/6016/5545
f 5001/5648/5240 5002/5647/5239 5012/5658/5250 5013/5657/5249
f 5057/5706/5295 5049/5697/5289 5050/5696/5288 5056/5707/5296
f 5022/5668/5260 5052/5699/5290 5049/5698/5289 5057/5708/5295
f 5123/5810/5362 5052/5699/5290 5022/5668/5260 5023/5671/5263
f 4892/5538/5130 4897/5541/5133 4894/5540/5132 4891/5539/5131
f 4911/5558/5150 4914/5559/5151 4897/5541/5133 4892/5538/5130
f 5005/5650/5242 4914/5559/5151 4911/5558/5150 5009/5654/5246
f 4978/5625/5217 5011/5659/5251 5005/5650/5242 5009/5654/5246
f 4979/5624/5216 5310/6019/5548 5011/5659/5251 4978/5625/5217
f 5117/5791/5355 5311/6020/5549 5310/6019/5548 4979/5624/5216
f 5107/5785/5345 5110/5780/5347 5108/5779/5346 5113/5786/5350
f 5110/6021/5347 5107/5778/5345 5106/5777/5344 5104/6022/5342
f 5104/6022/5342 5106/5777/5344 5014/5660/5252 5021/6023/5257
f 5020/6024/5258 5021/6023/5257 5014/5660/5252 5015/5663/5255
f 5020/6024/5258 5015/5663/5255 5126/5812/5364 5286/6014/5525
f 4888/5534/5126 4893/5537/5129 4890/5536/5128 4887/5535/5127
f 4909/5556/5148 4912/5557/5149 4893/5537/5129 4888/5534/5126
f 5008/5655/5247 4912/5557/5149 4909/5556/5148 5007/5653/5245
f 4975/5623/5215 5008/5655/5247 5007/5653/5245 5006/5652/5244
f 4975/5623/5215 5006/5652/5244 4972/5619/5211 4974/5620/5212
f 4973/5618/5210 4977/5621/5213 4974/5620/5212 4972/5619/5211
f 5114/5788/5352 5115/5789/5353 4977/5621/5213 4973/5618/5210
f 5115/5789/5353 5114/5788/5352 5112/5787/5351 5116/5790/5354
f 5113/5786/5350 5117/5791/5355 5116/5790/5354 5112/5787/5351
f 5108/5779/5346 5311/6020/5549 5117/5791/5355 5113/5786/5350
f 5312/6025/5550 5311/6020/5549 5108/5779/5346 5109/5782/5348
f 5312/6025/5550 5109/5782/5348 5111/5784/5349 5313/6026/5551
f 5010/5656/5248 5055/5704/5293 5056/5707/5296 5013/5657/5249
f 5050/5696/5288 5001/5648/5240 5013/5657/5249 5056/5707/5296
f 5051/5695/5287 4998/5642/5234 5001/5648/5240 5050/5696/5288
f 5054/5702/5292 4997/5643/5235 4998/5642/5234 5051/5695/5287
f 5060/5713/5300 4999/5645/5237 4997/5643/5235 5054/5702/5292
f 5061/5712/5299 4986/5632/5224 4999/5645/5237 5060/5713/5300
f 5063/5715/5302 4989/5633/5225 4986/5632/5224 5061/5712/5299
f 5066/5719/5306 4992/5638/5230 4989/5633/5225 5063/5715/5302
f 5067/5718/5305 4991/5639/5231 4992/5638/5230 5066/5719/5306
f 5069/5721/5308 4994/5640/5232 4991/5639/5231 5067/5718/5305
f 484/571/529 4994/5640/5232 5069/5721/5308 4697/653/606
f 4884/5530/5122 4889/5533/5125 4886/5532/5124 4883/5531/5123
f 4907/5554/5146 4910/5555/5147 4889/5533/5125 4884/5530/5122
f 4920/5567/5159 4910/5555/5147 4907/5554/5146 4915/5562/5154
f 4942/5588/5180 4920/5567/5159 4915/5562/5154 4945/5591/5183
f 4947/5595/5187 4941/5587/5179 4942/5588/5180 4945/5591/5183
f 4948/5594/5186 4940/5584/5176 4941/5587/5179 4947/5595/5187
f 4951/5597/5189 4939/5585/5177 4940/5584/5176 4948/5594/5186
f 4939/5585/5177 4951/5597/5189 4706/514/472 432/5450/5055
f 5259/5945/5497 5136/5822/5374 5031/5679/5271 5028/5674/5266
f 5020/5666/5258 5286/6027/5525 5290/6028/5528 5019/5667/5259
f 5162/5849/5401 5164/5850/5402 5165/5853/5405 5161/5847/5399
f 5024/5670/5262 5161/6029/5399 5165/6030/5405 5023/5671/5263
f 5023/5671/5263 5165/6030/5405 5166/6031/5404 5123/5810/5362
f 5123/5810/5362 5166/6031/5404 5168/6032/5407 5122/5809/5361
f 5122/5809/5361 5168/6032/5407 5157/6033/5397 5125/5811/5363
f 5154/6034/5392 5282/6035/5520 5125/5811/5363
f 5279/6036/5517 5124/5808/5360 5125/5811/5363 5282/6035/5520
f 5281/5970/5519 5280/5968/5518 5279/5967/5517 5282/5971/5520
f 5155/5839/5391 5283/5972/5521 5282/5971/5520 5154/5840/5392
f 4709/5461/5056 541/675/623 5084/5740/5322 5082/5739/5321
f 4709/5461/5056 5082/5739/5321 5086/5744/5325 547/686/632
f 5310/6019/5548 5313/6026/5551 5010/5656/5248 5011/5659/5251
f 4982/5629/5221 4990/5636/5228 4985/5631/5223 4984/5630/5222
f 4983/5628/5220 4993/5637/5229 4990/5636/5228 4982/5629/5221
f 4988/5634/5226 4993/5637/5229 4983/5628/5220 4980/5627/5219
f 4981/5626/5218 4987/5635/5227 4988/5634/5226 4980/5627/5219
f 5003/5649/5241 5000/5646/5238 4987/5635/5227 4981/5626/5218
f 5306/6016/5545 4996/5644/5236 5000/5646/5238 5003/5649/5241
f 4996/5644/5236 5306/6016/5545 5002/5647/5239 4995/5641/5233
f 5004/5651/5243 5012/5658/5250 5002/5647/5239 5306/6016/5545
f 5004/5651/5243 5005/5650/5242 5011/5659/5251 5012/5658/5250
f 467/544/502 4970/5616/5208 4984/5630/5222 4718/559/517
f 5111/5784/5349 5055/5704/5293 5010/5656/5248 5313/6026/5551
f 5105/5783/5343 5058/5705/5294 5055/5704/5293 5111/5784/5349
f 5018/5664/5256 5025/5669/5261 5058/5709/5294 5105/5776/5343
f 5024/5670/5262 5025/5669/5261 5018/5664/5256 5019/5667/5259
f 5290/6028/5528 5161/6029/5399 5024/5670/5262 5019/5667/5259
f 5287/5976/5524 5163/5848/5400 5161/5847/5399 5290/5981/5528
f 5311/6020/5549 5312/6025/5550 5313/6026/5551 5310/6019/5548
f 5157/6033/5397 5158/6037/5396 5125/5811/5363
f 5158/6037/5396 5154/6034/5392 5125/5811/5363
f 4825/765/698 4938/5586/5178 4939/5585/5177 432/5450/5055
f 438/517/475 4953/5600/5192 4931/5576/5168 4826/491/449
f 4830/5747/629 5080/5735/5318 5090/5751/5328 549/5754/636
f 5093/5758/5332 5092/5755/5330 5047/5692/5284 5016/5662/5254
f 553/5756/639 5092/5755/5330 5093/5758/5332 4837/5768/648
f 5314/6038/5552 5317/6039/5553 5316/6040/5554 5315/6041/5555
f 5318/6042/5556 5319/6043/5557 5317/6039/5553 5314/6038/5552
f 5315/6041/5555 5316/6040/5554 5321/6044/5558 5320/6045/5559
f 5320/6045/5559 5321/6044/5558 5323/6046/5560 5322/6047/5561
f 5322/6047/5561 5323/6046/5560 5325/6048/5562 5324/6049/5563
f 5324/6049/5563 5325/6048/5562 5327/6050/5564 5326/6051/5565
f 5326/6051/5565 5327/6050/5564 5329/6052/5566 5328/6053/5567
f 5328/6053/5567 5329/6052/5566 5331/6054/5568 5330/6055/5569
f 5330/6055/5569 5331/6054/5568 5333/6056/5570 5332/6057/5571
f 5332/6057/5571 5333/6056/5570 5335/6058/5572 5334/6059/5573
f 5336/6060/5574 5337/6061/5575 5334/6059/5573 5335/6058/5572
f 5337/6061/5575 5336/6060/5574 5339/6062/5576 5338/6063/5577
f 5340/6064/5578 5341/6065/5579 5338/6063/5577 5339/6062/5576
f 5341/6065/5579 5340/6064/5578 5343/6066/5580 5342/6067/5581
f 5342/6067/5581 5343/6066/5580 5345/6068/5582 5344/6069/5583
f 5344/6069/5583 5345/6068/5582 5319/6043/5557 5318/6042/5556
f 5317/6039/5553 4873/5517/5109 4870/5516/5108 5316/6040/5554
f 5319/6043/5557 4899/5545/5137 4873/5517/5109 5317/6039/5553
f 5345/6068/5582 5309/6018/5547 4899/5545/5137 5319/6043/5557
f 5343/6066/5580 4895/5543/5135 5309/6018/5547 5345/6068/5582
f 5340/6064/5578 4894/5540/5132 4895/5543/5135 5343/6066/5580
f 4894/5540/5132 5340/6064/5578 5339/6062/5576 4891/5539/5131
f 5336/6060/5574 4890/5536/5128 4891/5539/5131 5339/6062/5576
f 4890/5536/5128 5336/6060/5574 5335/6058/5572 4887/5535/5127
f 5333/6056/5570 4886/5532/5124 4887/5535/5127 5335/6058/5572
f 5331/6054/5568 4883/5531/5123 4886/5532/5124 5333/6056/5570
f 5329/6052/5566 4882/5528/5120 4883/5531/5123 5331/6054/5568
f 5327/6050/5564 4879/5527/5119 4882/5528/5120 5329/6052/5566
f 5325/6048/5562 4878/5524/5116 4879/5527/5119 5327/6050/5564
f 5323/6046/5560 4876/5522/5114 4878/5524/5116 5325/6048/5562
f 5321/6044/5558 4875/5523/5115 4876/5522/5114 5323/6046/5560
f 5316/6040/5554 4870/5516/5108 4875/5523/5115 5321/6044/5558
f 451/527/485 450/526/484 568/714/656 4959/5605/5197
f 5346/6070/5584 5347/6071/5585 5367/6072/5586 5366/6073/5587
f 5347/6071/5585 5348/6074/5588 5368/6075/5589 5367/6072/5586
f 5348/6074/5588 5349/6076/5590 5369/6077/5591 5368/6075/5589
f 5349/6076/5590 5350/6078/5592 5370/6079/5593 5369/6077/5591
f 5350/6078/5592 5351/6080/5594 5371/6081/5595 5370/6079/5593
f 5351/6080/5594 5352/6082/5596 5372/6083/5597 5371/6081/5595
f 5352/6082/5596 5353/6084/5598 5373/6085/5599 5372/6083/5597
f 5353/6084/5598 5354/6086/5600 5374/6087/5601 5373/6085/5599
f 5354/6086/5600 5355/6088/5602 5375/6089/5603 5374/6087/5601
f 5355/6088/5602 5356/6090/5604 5376/6091/5605 5375/6089/5603
f 5356/6090/5604 5357/6092/5606 5377/6093/5607 5376/6091/5605
f 5357/6092/5606 5358/6094/5608 5378/6095/5609 5377/6093/5607
f 5358/6094/5608 5359/6096/5610 5379/6097/5611 5378/6095/5609
f 5359/6096/5610 5360/6098/5612 5380/6099/5613 5379/6097/5611
f 5360/6098/5612 5361/6100/5614 5381/6101/5615 5380/6099/5613
f 5361/6100/5614 5362/6102/5616 5382/6103/5617 5381/6101/5615
f 5362/6102/5616 5363/6104/5618 5383/6105/5619 5382/6103/5617
f 5363/6104/5618 5364/6106/5620 5384/6107/5621 5383/6105/5619
f 5364/6106/5620 5365/6108/5622 5385/6109/5623 5384/6107/5621
f 5365/6108/5622 5346/6070/5584 5366/6073/5587 5385/6109/5623
f 5366/6073/5587 5367/6072/5586 5387/6110/5624 5386/6111/5625
f 5367/6072/5586 5368/6075/5589 5388/6112/5626 5387/6110/5624
f 5368/6075/5589 5369/6077/5591 5389/6113/5627 5388/6112/5626
f 5369/6077/5591 5370/6079/5593 5390/6114/5628 5389/6113/5627
f 5370/6079/5593 5371/6081/5595 5391/6115/5629 5390/6114/5628
f 5371/6081/5595 5372/6083/5597 5392/6116/5630 5391/6115/5629
f 5372/6083/5597 5373/6085/5599 5393/6117/5631 5392/6116/5630
f 5373/6085/5599 5374/6087/5601 5394/6118/5632 5393/6117/5631
f 5374/6087/5601 5375/6089/5603 5395/6119/5633 5394/6118/5632
f 5375/6089/5603 5376/6091/5605 5396/6120/5634 5395/6119/5633
f 5376/6091/5605 5377/6093/5607 5397/6121/5635 5396/6120/5634
f 5377/6093/5607 5378/6095/5609 5398/6122/5636 5397/6121/5635
f 5378/6095/5609 5379/6097/5611 5399/6123/5637 5398/6122/5636
f 5379/6097/5611 5380/6099/5613 5400/6124/5638 5399/6123/5637
f 5380/6099/5613 5381/6101/5615 5401/6125/5639 5400/6124/5638
f 5381/6101/5615 5382/6103/5617 5402/6126/5640 5401/6125/5639
f 5382/6103/5617 5383/6105/5619 5403/6127/5641 5402/6126/5640
f 5383/6105/5619 5384/6107/5621 5404/6128/5642 5403/6127/5641
f 5384/6107/5621 5385/6109/5623 5405/6129/5643 5404/6128/5642
f 5385/6109/5623 5366/6073/5587 5386/6111/5625 5405/6129/5643
f 5386/6111/5625 5387/6110/5624 5407/6130/5644 5406/6131/5645
f 5387/6110/5624 5388/6112/5626 5408/6132/5646 5407/6130/5644
f 5388/6112/5626 5389/6113/5627 5409/6133/5647 5408/6132/5646
f 5389/6113/5627 5390/6114/5628 5410/6134/5648 5409/6133/5647
f 5390/6114/5628 5391/6115/5629 5411/6135/5649 5410/6134/5648
f 5391/6115/5629 5392/6116/5630 5412/6136/5650 5411/6135/5649
f 5392/6116/5630 5393/6117/5631 5413/6137/5651 5412/6136/5650
f 5393/6117/5631 5394/6118/5632 5414/6138/5652 5413/6137/5651
f 5394/6118/5632 5395/6119/5633 5415/6139/5653 5414/6138/5652
f 5395/6119/5633 5396/6120/5634 5416/6140/5654 5415/6139/5653
f 5396/6120/5634 5397/6121/5635 5417/6141/5655 5416/6140/5654
f 5397/6121/5635 5398/6122/5636 5418/6142/5656 5417/6141/5655
f 5398/6122/5636 5399/6123/5637 5419/6143/5657 5418/6142/5656
f 5399/6123/5637 5400/6124/5638 5420/6144/5658 5419/6143/5657
f 5400/6124/5638 5401/6125/5639 5421/6145/5659 5420/6144/5658
f 5401/6125/5639 5402/6126/5640 5422/6146/5660 5421/6145/5659
f 5402/6126/5640 5403/6127/5641 5423/6147/5661 5422/6146/5660
f 5403/6127/5641 5404/6128/5642 5424/6148/5662 5423/6147/5661
f 5404/6128/5642 5405/6129/5643 5425/6149/5663 5424/6148/5662
f 5405/6129/5643 5386/6111/5625 5406/6131/5645 5425/6149/5663
f 5406/6131/5645 5407/6130/5644 5427/6150/5664 5426/6151/5665
f 5407/6130/5644 5408/6132/5646 5428/6152/5666 5427/6150/5664
f 5408/6132/5646 5409/6133/5647 5429/6153/5667 5428/6152/5666
f 5409/6133/5647 5410/6134/5648 5430/6154/5668 5429/6153/5667
f 5410/6134/5648 5411/6135/5649 5431/6155/5669 5430/6154/5668
f 5411/6135/5649 5412/6136/5650 5432/6156/5670 5431/6155/5669
f 5412/6136/5650 5413/6137/5651 5433/6157/5671 5432/6156/5670
f 5413/6137/5651 5414/6138/5652 5434/6158/5672 5433/6157/5671
f 5414/6138/5652 5415/6139/5653 5435/6159/5673 5434/6158/5672
f 5415/6139/5653 5416/6140/5654 5436/6160/5674 5435/6159/5673
f 5416/6140/5654 5417/6141/5655 5437/6161/5675 5436/6160/5674
f 5417/6141/5655 5418/6142/5656 5438/6162/5676 5437/6161/5675
f 5418/6142/5656 5419/6143/5657 5439/6163/5677 5438/6162/5676
f 5419/6143/5657 5420/6144/5658 5440/6164/5678 5439/6163/5677
f 5420/6144/5658 5421/6145/5659 5441/6165/5679 5440/6164/5678
f 5421/6145/5659 5422/6146/5660 5442/6166/5680 5441/6165/5679
f 5422/6146/5660 5423/6147/5661 5443/6167/5681 5442/6166/5680
f 5423/6147/5661 5424/6148/5662 5444/6168/5682 5443/6167/5681
f 5424/6148/5662 5425/6149/5663 5445/6169/5683 5444/6168/5682
f 5425/6149/5663 5406/6131/5645 5426/6151/5665 5445/6169/5683
f 5426/6151/5665 5427/6150/5664 5447/6170/5684 5446/6171/5685
f 5427/6150/5664 5428/6152/5666 5448/6172/5686 5447/6170/5684
f 5428/6152/5666 5429/6153/5667 5449/6173/5687 5448/6172/5686
f 5429/6153/5667 5430/6154/5668 5450/6174/5688 5449/6173/5687
f 5430/6154/5668 5431/6155/5669 5451/6175/5689 5450/6174/5688
f 5431/6155/5669 5432/6156/5670 5452/6176/5690 5451/6175/5689
f 5432/6156/5670 5433/6157/5671 5453/6177/5691 5452/6176/5690
f 5433/6157/5671 5434/6158/5672 5454/6178/5692 5453/6177/5691
f 5434/6158/5672 5435/6159/5673 5455/6179/5693 5454/6178/5692
f 5435/6159/5673 5436/6160/5674 5456/6180/5694 5455/6179/5693
f 5436/6160/5674 5437/6161/5675 5457/6181/5695 5456/6180/5694
f 5437/6161/5675 5438/6162/5676 5458/6182/5696 5457/6181/5695
f 5438/6162/5676 5439/6163/5677 5459/6183/5697 5458/6182/5696
f 5439/6163/5677 5440/6164/5678 5460/6184/5698 5459/6183/5697
f 5440/6164/5678 5441/6165/5679 5461/6185/5699 5460/6184/5698
f 5441/6165/5679 5442/6166/5680 5462/6186/5700 5461/6185/5699
f 5442/6166/5680 5443/6167/5681 5463/6187/5701 5462/6186/5700
f 5443/6167/5681 5444/6168/5682 5464/6188/5702 5463/6187/5701
f 5444/6168/5682 5445/6169/5683 5465/6189/5703 5464/6188/5702
f 5445/6169/5683 5426/6151/5665 5446/6171/5685 5465/6189/5703
f 5446/6171/5685 5447/6170/5684 5467/6190/5704 5466/6191/5705
f 5447/6170/5684 5448/6172/5686 5468/6192/5706 5467/6190/5704
f 5448/6172/5686 5449/6173/5687 5469/6193/5707 5468/6192/5706
f 5449/6173/5687 5450/6174/5688 5470/6194/5708 5469/6193/5707
f 5450/6174/5688 5451/6175/5689 5471/6195/5709 5470/6194/5708
f 5451/6175/5689 5452/6176/5690 5472/6196/5710 5471/6195/5709
f 5452/6176/5690 5453/6177/5691 5473/6197/5711 5472/6196/5710
f 5453/6177/5691 5454/6178/5692 5474/6198/5712 5473/6197/5711
f 5454/6178/5692 5455/6179/5693 5475/6199/5713 5474/6198/5712
f 5455/6179/5693 5456/6180/5694 5476/6200/5714 5475/6199/5713
f 5456/6180/5694 5457/6181/5695 5477/6201/5715 5476/6200/5714
f 5457/6181/5695 5458/6182/5696 5478/6202/5716 5477/6201/5715
f 5458/6182/5696 5459/6183/5697 5479/6203/5717 5478/6202/5716
f 5459/6183/5697 5460/6184/5698 5480/6204/5718 5479/6203/5717
f 5460/6184/5698 5461/6185/5699 5481/6205/5719 5480/6204/5718
f 5461/6185/5699 5462/6186/5700 5482/6206/5720 5481/6205/5719
f 5462/6186/5700 5463/6187/5701 5483/6207/5721 5482/6206/5720
f 5463/6187/5701 5464/6188/5702 5484/6208/5722 5483/6207/5721
f 5464/6188/5702 5465/6189/5703 5485/6209/5723 5484/6208/5722
f 5465/6189/5703 5446/6171/5685 5466/6191/5705 5485/6209/5723
f 5466/6191/5705 5467/6190/5704 5487/6210/5724 5486/6211/5725
f 5467/6190/5704 5468/6192/5706 5488/6212/5726 5487/6210/5724
f 5468/6192/5706 5469/6193/5707 5489/6213/5727 5488/6212/5726
f 5469/6193/5707 5470/6194/5708 5490/6214/5728 5489/6213/5727
f 5470/6194/5708 5471/6195/5709 5491/6215/5729 5490/6214/5728
f 5471/6195/5709 5472/6196/5710 5492/6216/5730 5491/6215/5729
f 5472/6196/5710 5473/6197/5711 5493/6217/5731 5492/6216/5730
f 5473/6197/5711 5474/6198/5712 5494/6218/5732 5493/6217/5731
f 5474/6198/5712 5475/6199/5713 5495/6219/5733 5494/6218/5732
f 5475/6199/5713 5476/6200/5714 5496/6220/5734 5495/6219/5733
f 5476/6200/5714 5477/6201/5715 5497/6221/5735 5496/6220/5734
f 5477/6201/5715 5478/6202/5716 5498/6222/5736 5497/6221/5735
f 5478/6202/5716 5479/6203/5717 5499/6223/5737 5498/6222/5736
f 5479/6203/5717 5480/6204/5718 5500/6224/5738 5499/6223/5737
f 5480/6204/5718 5481/6205/5719 5501/6225/5739 5500/6224/5738
f 5481/6205/5719 5482/6206/5720 5502/6226/5740 5501/6225/5739
f 5482/6206/5720 5483/6207/5721 5503/6227/5741 5502/6226/5740
f 5483/6207/5721 5484/6208/5722 5504/6228/5742 5503/6227/5741
f 5484/6208/5722 5485/6209/5723 5505/6229/5743 5504/6228/5742
f 5485/6209/5723 5466/6191/5705 5486/6211/5725 5505/6229/5743
f 5486/6211/5725 5487/6210/5724 5507/6230/5744 5506/6231/5745
f 5487/6210/5724 5488/6212/5726 5508/6232/5746 5507/6230/5744
f 5488/6212/5726 5489/6213/5727 5509/6233/5747 5508/6232/5746
f 5489/6213/5727 5490/6214/5728 5510/6234/5748 5509/6233/5747
f 5490/6214/5728 5491/6215/5729 5511/6235/5749 5510/6234/5748
f 5491/6215/5729 5492/6216/5730 5512/6236/5750 5511/6235/5749
f 5492/6216/5730 5493/6217/5731 5513/6237/5751 5512/6236/5750
f 5493/6217/5731 5494/6218/5732 5514/6238/5752 5513/6237/5751
f 5494/6218/5732 5495/6219/5733 5515/6239/5753 5514/6238/5752
f 5495/6219/5733 5496/6220/5734 5516/6240/5754 5515/6239/5753
f 5496/6220/5734 5497/6221/5735 5517/6241/5755 5516/6240/5754
f 5497/6221/5735 5498/6222/5736 5518/6242/5756 5517/6241/5755
f 5498/6222/5736 5499/6223/5737 5519/6243/5757 5518/6242/5756
f 5499/6223/5737 5500/6224/5738 5520/6244/5758 5519/6243/5757
f 5500/6224/5738 5501/6225/5739 5521/6245/5759 5520/6244/5758
f 5501/6225/5739 5502/6226/5740 5522/6246/5760 5521/6245/5759
f 5502/6226/5740 5503/6227/5741 5523/6247/5761 5522/6246/5760
f 5503/6227/5741 5504/6228/5742 5524/6248/5762 5523/6247/5761
f 5504/6228/5742 5505/6229/5743 5525/6249/5763 5524/6248/5762
f 5505/6229/5743 5486/6211/5725 5506/6231/5745 5525/6249/5763
f 5506/6231/5745 5507/6230/5744 5527/6250/5764 5526/6251/5765
f 5507/6230/5744 5508/6232/5746 5528/6252/5766 5527/6250/5764
f 5508/6232/5746 5509/6233/5747 5529/6253/5767 5528/6252/5766
f 5509/6233/5747 5510/6234/5748 5530/6254/5768 5529/6253/5767
f 5510/6234/5748 5511/6235/5749 5531/6255/5769 5530/6254/5768
f 5511/6235/5749 5512/6236/5750 5532/6256/5770 5531/6255/5769
f 5512/6236/5750 5513/6237/5751 5533/6257/5771 5532/6256/5770
f 5513/6237/5751 5514/6238/5752 5534/6258/5772 5533/6257/5771
f 5514/6238/5752 5515/6239/5753 5535/6259/5773 5534/6258/5772
f 5515/6239/5753 5516/6240/5754 5536/6260/5774 5535/6259/5773
f 5516/6240/5754 5517/6241/5755 5537/6261/5775 5536/6260/5774
f 5517/6241/5755 5518/6242/5756 5538/6262/5776 5537/6261/5775
f 5518/6242/5756 5519/6243/5757 5539/6263/5777 5538/6262/5776
f 5519/6243/5757 5520/6244/5758 5540/6264/5778 5539/6263/5777
f 5520/6244/5758 5521/6245/5759 5541/6265/5779 5540/6264/5778
f 5521/6245/5759 5522/6246/5760 5542/6266/5780 5541/6265/5779
f 5522/6246/5760 5523/6247/5761 5543/6267/5781 5542/6266/5780
f 5523/6247/5761 5524/6248/5762 5544/6268/5782 5543/6267/5781
f 5524/6248/5762 5525/6249/5763 5545/6269/5783 5544/6268/5782
f 5525/6249/5763 5506/6231/5745 5526/6251/5765 5545/6269/5783
f 5526/6270/5765 5527/6271/5764 5547/6272/5784 5546/6273/5785
f 5527/6271/5764 5528/6274/5766 5548/6275/5786 5547/6272/5784
f 5528/6274/5766 5529/6276/5767 5549/6277/5787 5548/6275/5786
f 5529/6276/5767 5530/6278/5768 5550/6279/5788 5549/6277/5787
f 5530/6278/5768 5531/6280/5769 5551/6281/5789 5550/6279/5788
f 5531/6280/5769 5532/6282/5770 5552/6283/5790 5551/6281/5789
f 5532/6282/5770 5533/6284/5771 5553/6285/5791 5552/6283/5790
f 5533/6284/5771 5534/6286/5772 5554/6287/5792 5553/6285/5791
f 5534/6286/5772 5535/6288/5773 5555/6289/5793 5554/6287/5792
f 5535/6288/5773 5536/6290/5774 5556/6291/5794 5555/6289/5793
f 5536/6290/5774 5537/6292/5775 5557/6293/5795 5556/6291/5794
f 5537/6292/5775 5538/6294/5776 5558/6295/5796 5557/6293/5795
f 5538/6294/5776 5539/6296/5777 5559/6297/5797 5558/6295/5796
f 5539/6296/5777 5540/6298/5778 5560/6299/5798 5559/6297/5797
f 5540/6298/5778 5541/6300/5779 5561/6301/5799 5560/6299/5798
f 5541/6300/5779 5542/6302/5780 5562/6303/5800 5561/6301/5799
f 5542/6302/5780 5543/6304/5781 5563/6305/5801 5562/6303/5800
f 5543/6304/5781 5544/6306/5782 5564/6307/5802 5563/6305/5801
f 5544/6306/5782 5545/6308/5783 5565/6309/5803 5564/6307/5802
f 5545/6308/5783 5526/6270/5765 5546/6273/5785 5565/6309/5803
f 5546/6273/5785 5547/6272/5784 5567/6310/5804 5566/6311/5805
f 5547/6272/5784 5548/6275/5786 5568/6312/5806 5567/6310/5804
f 5548/6275/5786 5549/6277/5787 5569/6313/5807 5568/6312/5806
f 5549/6277/5787 5550/6279/5788 5570/6314/5808 5569/6313/5807
f 5550/6279/5788 5551/6281/5789 5571/6315/5809 5570/6314/5808
f 5551/6281/5789 5552/6283/5790 5572/6316/5810 5571/6315/5809
f 5552/6283/5790 5553/6285/5791 5573/6317/5811 5572/6316/5810
f 5553/6285/5791 5554/6287/5792 5574/6318/5812 5573/6317/5811
f 5554/6287/5792 5555/6289/5793 5575/6319/5813 5574/6318/5812
f 5555/6289/5793 5556/6291/5794 5576/6320/5814 5575/6319/5813
f 5556/6291/5794 5557/6293/5795 5577/6321/5815 5576/6320/5814
f 5557/6293/5795 5558/6295/5796 5578/6322/5816 5577/6321/5815
f 5558/6295/5796 5559/6297/5797 5579/6323/5817 5578/6322/5816
f 5559/6297/5797 5560/6299/5798 5580/6324/5818 5579/6323/5817
f 5560/6299/5798 5561/6301/5799 5581/6325/5819 5580/6324/5818
f 5561/6301/5799 5562/6303/5800 5582/6326/5820 5581/6325/5819
f 5562/6303/5800 5563/6305/5801 5583/6327/5821 5582/6326/5820
f 5563/6305/5801 5564/6307/5802 5584/6328/5822 5583/6327/5821
f 5564/6307/5802 5565/6309/5803 5585/6329/5823 5584/6328/5822
f 5565/6309/5803 5546/6273/5785 5566/6311/5805 5585/6329/5823
f 5566/6311/5805 5567/6310/5804 5587/6330/5824 5586/6331/5825
f 5567/6310/5804 5568/6312/5806 5588/6332/5826 5587/6330/5824
f 5568/6312/5806 5569/6313/5807 5589/6333/5827 5588/6332/5826
f 5569/6313/5807 5570/6314/5808 5590/6334/5828 5589/6333/5827
f 5570/6314/5808 5571/6315/5809 5591/6335/5829 5590/6334/5828
f 5571/6315/5809 5572/6316/5810 5592/6336/5830 5591/6335/5829
f 5572/6316/5810 5573/6317/5811 5593/6337/5831 5592/6336/5830
f 5573/6317/5811 5574/6318/5812 5594/6338/5832 5593/6337/5831
f 5574/6318/5812 5575/6319/5813 5595/6339/5833 5594/6338/5832
f 5575/6319/5813 5576/6320/5814 5596/6340/5834 5595/6339/5833
f 5576/6320/5814 5577/6321/5815 5597/6341/5835 5596/6340/5834
f 5577/6321/5815 5578/6322/5816 5598/6342/5836 5597/6341/5835
f 5578/6322/5816 5579/6323/5817 5599/6343/5837 5598/6342/5836
f 5579/6323/5817 5580/6324/5818 5600/6344/5838 5599/6343/5837
f 5580/6324/5818 5581/6325/5819 5601/6345/5839 5600/6344/5838
f 5581/6325/5819 5582/6326/5820 5602/6346/5840 5601/6345/5839
f 5582/6326/5820 5583/6327/5821 5603/6347/5841 5602/6346/5840
f 5583/6327/5821 5584/6328/5822 5604/6348/5842 5603/6347/5841
f 5584/6328/5822 5585/6329/5823 5605/6349/5843 5604/6348/5842
f 5585/6329/5823 5566/6311/5805 5586/6331/5825 5605/6349/5843
f 5586/6331/5825 5587/6330/5824 5607/6350/5844 5606/6351/5845
f 5587/6330/5824 5588/6332/5826 5608/6352/5846 5607/6350/5844
f 5588/6332/5826 5589/6333/5827 5609/6353/5847 5608/6352/5846
f 5589/6333/5827 5590/6334/5828 5610/6354/5848 5609/6353/5847
f 5590/6334/5828 5591/6335/5829 5611/6355/5849 5610/6354/5848
f 5591/6335/5829 5592/6336/5830 5612/6356/5850 5611/6355/5849
f 5592/6336/5830 5593/6337/5831 5613/6357/5851 5612/6356/5850
f 5593/6337/5831 5594/6338/5832 5614/6358/5852 5613/6357/5851
f 5594/6338/5832 5595/6339/5833 5615/6359/5853 5614/6358/5852
f 5595/6339/5833 5596/6340/5834 5616/6360/5854 5615/6359/5853
f 5596/6340/5834 5597/6341/5835 5617/6361/5855 5616/6360/5854
f 5597/6341/5835 5598/6342/5836 5618/6362/5856 5617/6361/5855
f 5598/6342/5836 5599/6343/5837 5619/6363/5857 5618/6362/5856
f 5599/6343/5837 5600/6344/5838 5620/6364/5858 5619/6363/5857
f 5600/6344/5838 5601/6345/5839 5621/6365/5859 5620/6364/5858
f 5601/6345/5839 5602/6346/5840 5622/6366/5860 5621/6365/5859
f 5602/6346/5840 5603/6347/5841 5623/6367/5861 5622/6366/5860
f 5603/6347/5841 5604/6348/5842 5624/6368/5862 5623/6367/5861
f 5604/6348/5842 5605/6349/5843 5625/6369/5863 5624/6368/5862
f 5605/6349/5843 5586/6331/5825 5606/6351/5845 5625/6369/5863
f 5606/6351/5845 5607/6350/5844 5627/6370/5864 5626/6371/5865
f 5607/6350/5844 5608/6352/5846 5628/6372/5866 5627/6370/5864
f 5608/6352/5846 5609/6353/5847 5629/6373/5867 5628/6372/5866
f 5609/6353/5847 5610/6354/5848 5630/6374/5868 5629/6373/5867
f 5610/6354/5848 5611/6355/5849 5631/6375/5869 5630/6374/5868
f 5611/6355/5849 5612/6356/5850 5632/6376/5870 5631/6375/5869
f 5612/6356/5850 5613/6357/5851 5633/6377/5871 5632/6376/5870
f 5613/6357/5851 5614/6358/5852 5634/6378/5872 5633/6377/5871
f 5614/6358/5852 5615/6359/5853 5635/6379/5873 5634/6378/5872
f 5615/6359/5853 5616/6360/5854 5636/6380/5874 5635/6379/5873
f 5616/6360/5854 5617/6361/5855 5637/6381/5875 5636/6380/5874
f 5617/6361/5855 5618/6362/5856 5638/6382/5876 5637/6381/5875
f 5618/6362/5856 5619/6363/5857 5639/6383/5877 5638/6382/5876
f 5619/6363/5857 5620/6364/5858 5640/6384/5878 5639/6383/5877
f 5620/6364/5858 5621/6365/5859 5641/6385/5879 5640/6384/5878
f 5621/6365/5859 5622/6366/5860 5642/6386/5880 5641/6385/5879
f 5622/6366/5860 5623/6367/5861 5643/6387/5881 5642/6386/5880
f 5623/6367/5861 5624/6368/5862 5644/6388/5882 5643/6387/5881
f 5624/6368/5862 5625/6369/5863 5645/6389/5883 5644/6388/5882
f 5625/6369/5863 5606/6351/5845 5626/6371/5865 5645/6389/5883
f 5626/6371/5865 5627/6370/5864 5647/6390/5884 5646/6391/5885
f 5627/6370/5864 5628/6372/5866 5648/6392/5886 5647/6390/5884
f 5628/6372/5866 5629/6373/5867 5649/6393/5887 5648/6392/5886
f 5629/6373/5867 5630/6374/5868 5650/6394/5888 5649/6393/5887
f 5630/6374/5868 5631/6375/5869 5651/6395/5889 5650/6394/5888
f 5631/6375/5869 5632/6376/5870 5652/6396/5890 5651/6395/5889
f 5632/6376/5870 5633/6377/5871 5653/6397/5891 5652/6396/5890
f 5633/6377/5871 5634/6378/5872 5654/6398/5892 5653/6397/5891
f 5634/6378/5872 5635/6379/5873 5655/6399/5893 5654/6398/5892
f 5635/6379/5873 5636/6380/5874 5656/6400/5894 5655/6399/5893
f 5636/6380/5874 5637/6381/5875 5657/6401/5895 5656/6400/5894
f 5637/6381/5875 5638/6382/5876 5658/6402/5896 5657/6401/5895
f 5638/6382/5876 5639/6383/5877 5659/6403/5897 5658/6402/5896
f 5639/6383/5877 5640/6384/5878 5660/6404/5898 5659/6403/5897
f 5640/6384/5878 5641/6385/5879 5661/6405/5899 5660/6404/5898
f 5641/6385/5879 5642/6386/5880 5662/6406/5900 5661/6405/5899
f 5642/6386/5880 5643/6387/5881 5663/6407/5901 5662/6406/5900
f 5643/6387/5881 5644/6388/5882 5664/6408/5902 5663/6407/5901
f 5644/6388/5882 5645/6389/5883 5665/6409/5903 5664/6408/5902
f 5645/6389/5883 5626/6371/5865 5646/6391/5885 5665/6409/5903
f 5646/6391/5885 5647/6390/5884 5667/6410/5904 5666/6411/5905
f 5647/6390/5884 5648/6392/5886 5668/6412/5906 5667/6410/5904
f 5648/6392/5886 5649/6393/5887 5669/6413/5907 5668/6412/5906
f 5649/6393/5887 5650/6394/5888 5670/6414/5908 5669/6413/5907
f 5650/6394/5888 5651/6395/5889 5671/6415/5909 5670/6414/5908
f 5651/6395/5889 5652/6396/5890 5672/6416/5910 5671/6415/5909
f 5652/6396/5890 5653/6397/5891 5673/6417/5911 5672/6416/5910
f 5653/6397/5891 5654/6398/5892 5674/6418/5912 5673/6417/5911
f 5654/6398/5892 5655/6399/5893 5675/6419/5913 5674/6418/5912
f 5655/6399/5893 5656/6400/5894 5676/6420/5914 5675/6419/5913
f 5656/6400/5894 5657/6401/5895 5677/6421/5915 5676/6420/5914
f 5657/6401/5895 5658/6402/5896 5678/6422/5916 5677/6421/5915
f 5658/6402/5896 5659/6403/5897 5679/6423/5917 5678/6422/5916
f 5659/6403/5897 5660/6404/5898 5680/6424/5918 5679/6423/5917
f 5660/6404/5898 5661/6405/5899 5681/6425/5919 5680/6424/5918
f 5661/6405/5899 5662/6406/5900 5682/6426/5920 5681/6425/5919
f 5662/6406/5900 5663/6407/5901 5683/6427/5921 5682/6426/5920
f 5663/6407/5901 5664/6408/5902 5684/6428/5922 5683/6427/5921
f 5664/6408/5902 5665/6409/5903 5685/6429/5923 5684/6428/5922
f 5665/6409/5903 5646/6391/5885 5666/6411/5905 5685/6429/5923
f 5666/6411/5905 5667/6410/5904 5687/6430/5924 5686/6431/5925
f 5667/6410/5904 5668/6412/5906 5688/6432/5926 5687/6430/5924
f 5668/6412/5906 5669/6413/5907 5689/6433/5927 5688/6432/5926
f 5669/6413/5907 5670/6414/5908 5690/6434/5928 5689/6433/5927
f 5670/6414/5908 5671/6415/5909 5691/6435/5929 5690/6434/5928
f 5671/6415/5909 5672/6416/5910 5692/6436/5930 5691/6435/5929
f 5672/6416/5910 5673/6417/5911 5693/6437/5931 5692/6436/5930
f 5673/6417/5911 5674/6418/5912 5694/6438/5932 5693/6437/5931
f 5674/6418/5912 5675/6419/5913 5695/6439/5933 5694/6438/5932
f 5675/6419/5913 5676/6420/5914 5696/6440/5934 5695/6439/5933
f 5676/6420/5914 5677/6421/5915 5697/6441/5935 5696/6440/5934
f 5677/6421/5915 5678/6422/5916 5698/6442/5936 5697/6441/5935
f 5678/6422/5916 5679/6423/5917 5699/6443/5937 5698/6442/5936
f 5679/6423/5917 5680/6424/5918 5700/6444/5938 5699/6443/5937
f 5680/6424/5918 5681/6425/5919 5701/6445/5939 5700/6444/5938
f 5681/6425/5919 5682/6426/5920 5702/6446/5940 5701/6445/5939
f 5682/6426/5920 5683/6427/5921 5703/6447/5941 5702/6446/5940
f 5683/6427/5921 5684/6428/5922 5704/6448/5942 5703/6447/5941
f 5684/6428/5922 5685/6429/5923 5705/6449/5943 5704/6448/5942
f 5685/6429/5923 5666/6411/5905 5686/6431/5925 5705/6449/5943
f 5686/6431/5925 5687/6430/5924 5707/6450/5944 5706/6451/5945
f 5687/6430/5924 5688/6432/5926 5708/6452/5946 5707/6450/5944
f 5688/6432/5926 5689/6433/5927 5709/6453/5947 5708/6452/5946
f 5689/6433/5927 5690/6434/5928 5710/6454/5948 5709/6453/5947
f 5690/6434/5928 5691/6435/5929 5711/6455/5949 5710/6454/5948
f 5691/6435/5929 5692/6436/5930 5712/6456/5950 5711/6455/5949
f 5692/6436/5930 5693/6437/5931 5713/6457/5951 5712/6456/5950
f 5693/6437/5931 5694/6438/5932 5714/6458/5952 5713/6457/5951
f 5694/6438/5932 5695/6439/5933 5715/6459/5953 5714/6458/5952
f 5695/6439/5933 5696/6440/5934 5716/6460/5954 5715/6459/5953
f 5696/6440/5934 5697/6441/5935 5717/6461/5955 5716/6460/5954
f 5697/6441/5935 5698/6442/5936 5718/6462/5956 5717/6461/5955
f 5698/6442/5936 5699/6443/5937 5719/6463/5957 5718/6462/5956
f 5699/6443/5937 5700/6444/5938 5720/6464/5958 5719/6463/5957
f 5700/6444/5938 5701/6445/5939 5721/6465/5959 5720/6464/5958
f 5701/6445/5939 5702/6446/5940 5722/6466/5960 5721/6465/5959
f 5702/6446/5940 5703/6447/5941 5723/6467/5961 5722/6466/5960
f 5703/6447/5941 5704/6448/5942 5724/6468/5962 5723/6467/5961
f 5704/6448/5942 5705/6449/5943 5725/6469/5963 5724/6468/5962
f 5705/6449/5943 5686/6431/5925 5706/6451/5945 5725/6469/5963
f 5347/6071/5585 5346/6070/5584 5726/6470/5964
f 5348/6074/5588 5347/6071/5585 5726/6470/5964
f 5349/6076/5590 5348/6074/5588 5726/6470/5964
f 5350/6078/5592 5349/6076/5590 5726/6470/5964
f 5351/6080/5594 5350/6078/5592 5726/6470/5964
f 5352/6082/5596 5351/6080/5594 5726/6470/5964
f 5353/6084/5598 5352/6082/5596 5726/6470/5964
f 5354/6086/5600 5353/6084/5598 5726/6470/5964
f 5355/6088/5602 5354/6086/5600 5726/6470/5964
f 5356/6090/5604 5355/6088/5602 5726/6470/5964
f 5357/6092/5606 5356/6090/5604 5726/6470/5964
f 5358/6094/5608 5357/6092/5606 5726/6470/5964
f 5359/6096/5610 5358/6094/5608 5726/6470/5964
f 5360/6098/5612 5359/6096/5610 5726/6470/5964
f 5361/6100/5614 5360/6098/5612 5726/6470/5964
f 5362/6102/5616 5361/6100/5614 5726/6470/5964
f 5363/6104/5618 5362/6102/5616 5726/6470/5964
f 5364/6106/5620 5363/6104/5618 5726/6470/5964
f 5365/6108/5622 5364/6106/5620 5726/6470/5964
f 5346/6070/5584 5365/6108/5622 5726/6470/5964
f 5706/6451/5945 5707/6450/5944 5727/6471/5965
f 5707/6450/5944 5708/6452/5946 5727/6471/5965
f 5708/6452/5946 5709/6453/5947 5727/6471/5965
f 5709/6453/5947 5710/6454/5948 5727/6471/5965
f 5710/6454/5948 5711/6455/5949 5727/6471/5965
f 5711/6455/5949 5712/6456/5950 5727/6471/5965
f 5712/6456/5950 5713/6457/5951 5727/6471/5965
f 5713/6457/5951 5714/6458/5952 5727/6471/5965
f 5714/6458/5952 5715/6459/5953 5727/6471/5965
f 5715/6459/5953 5716/6460/5954 5727/6471/5965
f 5716/6460/5954 5717/6461/5955 5727/6471/5965
f 5717/6461/5955 5718/6462/5956 5727/6471/5965
f 5718/6462/5956 5719/6463/5957 5727/6471/5965
f 5719/6463/5957 5720/6464/5958 5727/6471/5965
f 5720/6464/5958 5721/6465/5959 5727/6471/5965
f 5721/6465/5959 5722/6466/5960 5727/6471/5965
f 5722/6466/5960 5723/6467/5961 5727/6471/5965
f 5723/6467/5961 5724/6468/5962 5727/6471/5965
f 5724/6468/5962 5725/6469/5963 5727/6471/5965
f 5725/6469/5963 5706/6451/5945 5727/6471/5965
f 5728/6472/5966 5748/6473/5967 5749/6474/5968 5729/6475/5969
f 5729/6475/5969 5749/6474/5968 5750/6476/5970 5730/6477/5971
f 5730/6477/5971 5750/6476/5970 5751/6478/5972 5731/6479/5973
f 5731/6479/5973 5751/6478/5972 5752/6480/5974 5732/6481/5975
f 5732/6481/5975 5752/6480/5974 5753/6482/5976 5733/6483/5977
f 5733/6483/5977 5753/6482/5976 5754/6484/5978 5734/6485/5979
f 5734/6485/5979 5754/6484/5978 5755/6486/5980 5735/6487/5981
f 5735/6487/5981 5755/6486/5980 5756/6488/5982 5736/6489/5983
f 5736/6489/5983 5756/6488/5982 5757/6490/5984 5737/6491/5985
f 5737/6491/5985 5757/6490/5984 5758/6492/5986 5738/6493/5987
f 5738/6493/5987 5758/6492/5986 5759/6494/5988 5739/6495/5989
f 5739/6495/5989 5759/6494/5988 5760/6496/5990 5740/6497/5991
f 5740/6497/5991 5760/6496/5990 5761/6498/5992 5741/6499/5993
f 5741/6499/5993 5761/6498/5992 5762/6500/5994 5742/6501/5995
f 5742/6501/5995 5762/6500/5994 5763/6502/5996 5743/6503/5997
f 5743/6503/5997 5763/6502/5996 5764/6504/5998 5744/6505/5999
f 5744/6505/5999 5764/6504/5998 5765/6506/6000 5745/6507/6001
f 5745/6507/6001 5765/6506/6000 5766/6508/6002 5746/6509/6003
f 5746/6509/6003 5766/6508/6002 5767/6510/6004 5747/6511/6005
f 5747/6511/6005 5767/6510/6004 5748/6473/5967 5728/6472/5966
f 5748/6473/5967 5768/6512/6006 5769/6513/6007 5749/6474/5968
f 5749/6474/5968 5769/6513/6007 5770/6514/6008 5750/6476/5970
f 5750/6476/5970 5770/6514/6008 5771/6515/6009 5751/6478/5972
f 5751/6478/5972 5771/6515/6009 5772/6516/6010 5752/6480/5974
f 5752/6480/5974 5772/6516/6010 5773/6517/6011 5753/6482/5976
f 5753/6482/5976 5773/6517/6011 5774/6518/6012 5754/6484/5978
f 5754/6484/5978 5774/6518/6012 5775/6519/6013 5755/6486/5980
f 5755/6486/5980 5775/6519/6013 5776/6520/6014 5756/6488/5982
f 5756/6488/5982 5776/6520/6014 5777/6521/6015 5757/6490/5984
f 5757/6490/5984 5777/6521/6015 5778/6522/6016 5758/6492/5986
f 5758/6492/5986 5778/6522/6016 5779/6523/6017 5759/6494/5988
f 5759/6494/5988 5779/6523/6017 5780/6524/6018 5760/6496/5990
f 5760/6496/5990 5780/6524/6018 5781/6525/6019 5761/6498/5992
f 5761/6498/5992 5781/6525/6019 5782/6526/6020 5762/6500/5994
f 5762/6500/5994 5782/6526/6020 5783/6527/6021 5763/6502/5996
f 5763/6502/5996 5783/6527/6021 5784/6528/6022 5764/6504/5998
f 5764/6504/5998 5784/6528/6022 5785/6529/6023 5765/6506/6000
f 5765/6506/6000 5785/6529/6023 5786/6530/6024 5766/6508/6002
f 5766/6508/6002 5786/6530/6024 5787/6531/6025 5767/6510/6004
f 5767/6510/6004 5787/6531/6025 5768/6512/6006 5748/6473/5967
f 5768/6512/6006 5788/6532/6026 5789/6533/6027 5769/6513/6007
f 5769/6513/6007 5789/6533/6027 5790/6534/6028 5770/6514/6008
f 5770/6514/6008 5790/6534/6028 5791/6535/6029 5771/6515/6009
f 5771/6515/6009 5791/6535/6029 5792/6536/6030 5772/6516/6010
f 5772/6516/6010 5792/6536/6030 5793/6537/6031 5773/6517/6011
f 5773/6517/6011 5793/6537/6031 5794/6538/6032 5774/6518/6012
f 5774/6518/6012 5794/6538/6032 5795/6539/6033 5775/6519/6013
f 5775/6519/6013 5795/6539/6033 5796/6540/6034 5776/6520/6014
f 5776/6520/6014 5796/6540/6034 5797/6541/6035 5777/6521/6015
f 5777/6521/6015 5797/6541/6035 5798/6542/6036 5778/6522/6016
f 5778/6522/6016 5798/6542/6036 5799/6543/6037 5779/6523/6017
f 5779/6523/6017 5799/6543/6037 5800/6544/6038 5780/6524/6018
f 5780/6524/6018 5800/6544/6038 5801/6545/6039 5781/6525/6019
f 5781/6525/6019 5801/6545/6039 5802/6546/6040 5782/6526/6020
f 5782/6526/6020 5802/6546/6040 5803/6547/6041 5783/6527/6021
f 5783/6527/6021 5803/6547/6041 5804/6548/6042 5784/6528/6022
f 5784/6528/6022 5804/6548/6042 5805/6549/6043 5785/6529/6023
f 5785/6529/6023 5805/6549/6043 5806/6550/6044 5786/6530/6024
f 5786/6530/6024 5806/6550/6044 5807/6551/6045 5787/6531/6025
f 5787/6531/6025 5807/6551/6045 5788/6532/6026 5768/6512/6006
f 5788/6532/6026 5808/6552/6046 5809/6553/6047 5789/6533/6027
f 5789/6533/6027 5809/6553/6047 5810/6554/6048 5790/6534/6028
f 5790/6534/6028 5810/6554/6048 5811/6555/6049 5791/6535/6029
f 5791/6535/6029 5811/6555/6049 5812/6556/6050 5792/6536/6030
f 5792/6536/6030 5812/6556/6050 5813/6557/6051 5793/6537/6031
f 5793/6537/6031 5813/6557/6051 5814/6558/6052 5794/6538/6032
f 5794/6538/6032 5814/6558/6052 5815/6559/6053 5795/6539/6033
f 5795/6539/6033 5815/6559/6053 5816/6560/6054 5796/6540/6034
f 5796/6540/6034 5816/6560/6054 5817/6561/6055 5797/6541/6035
f 5797/6541/6035 5817/6561/6055 5818/6562/6056 5798/6542/6036
f 5798/6542/6036 5818/6562/6056 5819/6563/6057 5799/6543/6037
f 5799/6543/6037 5819/6563/6057 5820/6564/6058 5800/6544/6038
f 5800/6544/6038 5820/6564/6058 5821/6565/6059 5801/6545/6039
f 5801/6545/6039 5821/6565/6059 5822/6566/6060 5802/6546/6040
f 5802/6546/6040 5822/6566/6060 5823/6567/6061 5803/6547/6041
f 5803/6547/6041 5823/6567/6061 5824/6568/6062 5804/6548/6042
f 5804/6548/6042 5824/6568/6062 5825/6569/6063 5805/6549/6043
f 5805/6549/6043 5825/6569/6063 5826/6570/6064 5806/6550/6044
f 5806/6550/6044 5826/6570/6064 5827/6571/6065 5807/6551/6045
f 5807/6551/6045 5827/6571/6065 5808/6552/6046 5788/6532/6026
f 5808/6552/6046 5828/6572/6066 5829/6573/6067 5809/6553/6047
f 5809/6553/6047 5829/6573/6067 5830/6574/6068 5810/6554/6048
f 5810/6554/6048 5830/6574/6068 5831/6575/6069 5811/6555/6049
f 5811/6555/6049 5831/6575/6069 5832/6576/6070 5812/6556/6050
f 5812/6556/6050 5832/6576/6070 5833/6577/6071 5813/6557/6051
f 5813/6557/6051 5833/6577/6071 5834/6578/6072 5814/6558/6052
f 5814/6558/6052 5834/6578/6072 5835/6579/6073 5815/6559/6053
f 5815/6559/6053 5835/6579/6073 5836/6580/6074 5816/6560/6054
f 5816/6560/6054 5836/6580/6074 5837/6581/6075 5817/6561/6055
f 5817/6561/6055 5837/6581/6075 5838/6582/6076 5818/6562/6056
f 5818/6562/6056 5838/6582/6076 5839/6583/6077 5819/6563/6057
f 5819/6563/6057 5839/6583/6077 5840/6584/6078 5820/6564/6058
f 5820/6564/6058 5840/6584/6078 5841/6585/6079 5821/6565/6059
f 5821/6565/6059 5841/6585/6079 5842/6586/6080 5822/6566/6060
f 5822/6566/6060 5842/6586/6080 5843/6587/6081 5823/6567/6061
f 5823/6567/6061 5843/6587/6081 5844/6588/6082 5824/6568/6062
f 5824/6568/6062 5844/6588/6082 5845/6589/6083 5825/6569/6063
f 5825/6569/6063 5845/6589/6083 5846/6590/6084 5826/6570/6064
f 5826/6570/6064 5846/6590/6084 5847/6591/6085 5827/6571/6065
f 5827/6571/6065 5847/6591/6085 5828/6572/6066 5808/6552/6046
f 5828/6572/6066 5848/6592/6086 5849/6593/6087 5829/6573/6067
f 5829/6573/6067 5849/6593/6087 5850/6594/6088 5830/6574/6068
f 5830/6574/6068 5850/6594/6088 5851/6595/6089 5831/6575/6069
f 5831/6575/6069 5851/6595/6089 5852/6596/6090 5832/6576/6070
f 5832/6576/6070 5852/6596/6090 5853/6597/6091 5833/6577/6071
f 5833/6577/6071 5853/6597/6091 5854/6598/6092 5834/6578/6072
f 5834/6578/6072 5854/6598/6092 5855/6599/6093 5835/6579/6073
f 5835/6579/6073 5855/6599/6093 5856/6600/6094 5836/6580/6074
f 5836/6580/6074 5856/6600/6094 5857/6601/6095 5837/6581/6075
f 5837/6581/6075 5857/6601/6095 5858/6602/6096 5838/6582/6076
f 5838/6582/6076 5858/6602/6096 5859/6603/6097 5839/6583/6077
f 5839/6583/6077 5859/6603/6097 5860/6604/6098 5840/6584/6078
f 5840/6584/6078 5860/6604/6098 5861/6605/6099 5841/6585/6079
f 5841/6585/6079 5861/6605/6099 5862/6606/6100 5842/6586/6080
f 5842/6586/6080 5862/6606/6100 5863/6607/6101 5843/6587/6081
f 5843/6587/6081 5863/6607/6101 5864/6608/6102 5844/6588/6082
f 5844/6588/6082 5864/6608/6102 5865/6609/6103 5845/6589/6083
f 5845/6589/6083 5865/6609/6103 5866/6610/6104 5846/6590/6084
f 5846/6590/6084 5866/6610/6104 5867/6611/6105 5847/6591/6085
f 5847/6591/6085 5867/6611/6105 5848/6592/6086 5828/6572/6066
f 5848/6592/6086 5868/6612/6106 5869/6613/6107 5849/6593/6087
f 5849/6593/6087 5869/6613/6107 5870/6614/6108 5850/6594/6088
f 5850/6594/6088 5870/6614/6108 5871/6615/6109 5851/6595/6089
f 5851/6595/6089 5871/6615/6109 5872/6616/6110 5852/6596/6090
f 5852/6596/6090 5872/6616/6110 5873/6617/6111 5853/6597/6091
f 5853/6597/6091 5873/6617/6111 5874/6618/6112 5854/6598/6092
f 5854/6598/6092 5874/6618/6112 5875/6619/6113 5855/6599/6093
f 5855/6599/6093 5875/6619/6113 5876/6620/6114 5856/6600/6094
f 5856/6600/6094 5876/6620/6114 5877/6621/6115 5857/6601/6095
f 5857/6601/6095 5877/6621/6115 5878/6622/6116 5858/6602/6096
f 5858/6602/6096 5878/6622/6116 5879/6623/6117 5859/6603/6097
f 5859/6603/6097 5879/6623/6117 5880/6624/6118 5860/6604/6098
f 5860/6604/6098 5880/6624/6118 5881/6625/6119 5861/6605/6099
f 5861/6605/6099 5881/6625/6119 5882/6626/6120 5862/6606/6100
f 5862/6606/6100 5882/6626/6120 5883/6627/6121 5863/6607/6101
f 5863/6607/6101 5883/6627/6121 5884/6628/6122 5864/6608/6102
f 5864/6608/6102 5884/6628/6122 5885/6629/6123 5865/6609/6103
f 5865/6609/6103 5885/6629/6123 5886/6630/6124 5866/6610/6104
f 5866/6610/6104 5886/6630/6124 5887/6631/6125 5867/6611/6105
f 5867/6611/6105 5887/6631/6125 5868/6612/6106 5848/6592/6086
f 5868/6612/6106 5888/6632/6126 5889/6633/6127 5869/6613/6107
f 5869/6613/6107 5889/6633/6127 5890/6634/6128 5870/6614/6108
f 5870/6614/6108 5890/6634/6128 5891/6635/6129 5871/6615/6109
f 5871/6615/6109 5891/6635/6129 5892/6636/6130 5872/6616/6110
f 5872/6616/6110 5892/6636/6130 5893/6637/6131 5873/6617/6111
f 5873/6617/6111 5893/6637/6131 5894/6638/6132 5874/6618/6112
f 5874/6618/6112 5894/6638/6132 5895/6639/6133 5875/6619/6113
f 5875/6619/6113 5895/6639/6133 5896/6640/6134 5876/6620/6114
f 5876/6620/6114 5896/6640/6134 5897/6641/6135 5877/6621/6115
f 5877/6621/6115 5897/6641/6135 5898/6642/6136 5878/6622/6116
f 5878/6622/6116 5898/6642/6136 5899/6643/6137 5879/6623/6117
f 5879/6623/6117 5899/6643/6137 5900/6644/6138 5880/6624/6118
f 5880/6624/6118 5900/6644/6138 5901/6645/6139 5881/6625/6119
f 5881/6625/6119 5901/6645/6139 5902/6646/6140 5882/6626/6120
f 5882/6626/6120 5902/6646/6140 5903/6647/6141 5883/6627/6121
f 5883/6627/6121 5903/6647/6141 5904/6648/6142 5884/6628/6122
f 5884/6628/6122 5904/6648/6142 5905/6649/6143 5885/6629/6123
f 5885/6629/6123 5905/6649/6143 5906/6650/6144 5886/6630/6124
f 5886/6630/6124 5906/6650/6144 5907/6651/6145 5887/6631/6125
f 5887/6631/6125 5907/6651/6145 5888/6632/6126 5868/6612/6106
f 5888/6632/6126 5908/6652/6146 5909/6653/6147 5889/6633/6127
f 5889/6633/6127 5909/6653/6147 5910/6654/6148 5890/6634/6128
f 5890/6634/6128 5910/6654/6148 5911/6655/6149 5891/6635/6129
f 5891/6635/6129 5911/6655/6149 5912/6656/6150 5892/6636/6130
f 5892/6636/6130 5912/6656/6150 5913/6657/6151 5893/6637/6131
f 5893/6637/6131 5913/6657/6151 5914/6658/6152 5894/6638/6132
f 5894/6638/6132 5914/6658/6152 5915/6659/6153 5895/6639/6133
f 5895/6639/6133 5915/6659/6153 5916/6660/6154 5896/6640/6134
f 5896/6640/6134 5916/6660/6154 5917/6661/6155 5897/6641/6135
f 5897/6641/6135 5917/6661/6155 5918/6662/6156 5898/6642/6136
f 5898/6642/6136 5918/6662/6156 5919/6663/6157 5899/6643/6137
f 5899/6643/6137 5919/6663/6157 5920/6664/6158 5900/6644/6138
f 5900/6644/6138 5920/6664/6158 5921/6665/6159 5901/6645/6139
f 5901/6645/6139 5921/6665/6159 5922/6666/6160 5902/6646/6140
f 5902/6646/6140 5922/6666/6160 5923/6667/6161 5903/6647/6141
f 5903/6647/6141 5923/6667/6161 5924/6668/6162 5904/6648/6142
f 5904/6648/6142 5924/6668/6162 5925/6669/6163 5905/6649/6143
f 5905/6649/6143 5925/6669/6163 5926/6670/6164 5906/6650/6144
f 5906/6650/6144 5926/6670/6164 5927/6671/6165 5907/6651/6145
f 5907/6651/6145 5927/6671/6165 5908/6652/6146 5888/6632/6126
f 5908/6672/6146 5928/6673/6166 5929/6674/6167 5909/6675/6147
f 5909/6675/6147 5929/6674/6167 5930/6676/6168 5910/6677/6148
f 5910/6677/6148 5930/6676/6168 5931/6678/6169 5911/6679/6149
f 5911/6679/6149 5931/6678/6169 5932/6680/6170 5912/6681/6150
f 5912/6681/6150 5932/6680/6170 5933/6682/6171 5913/6683/6151
f 5913/6683/6151 5933/6682/6171 5934/6684/6172 5914/6685/6152
f 5914/6685/6152 5934/6684/6172 5935/6686/6173 5915/6687/6153
f 5915/6687/6153 5935/6686/6173 5936/6688/6174 5916/6689/6154
f 5916/6689/6154 5936/6688/6174 5937/6690/6175 5917/6691/6155
f 5917/6691/6155 5937/6690/6175 5938/6692/6176 5918/6693/6156
f 5918/6693/6156 5938/6692/6176 5939/6694/6177 5919/6695/6157
f 5919/6695/6157 5939/6694/6177 5940/6696/6178 5920/6697/6158
f 5920/6697/6158 5940/6696/6178 5941/6698/6179 5921/6699/6159
f 5921/6699/6159 5941/6698/6179 5942/6700/6180 5922/6701/6160
f 5922/6701/6160 5942/6700/6180 5943/6702/6181 5923/6703/6161
f 5923/6703/6161 5943/6702/6181 5944/6704/6182 5924/6705/6162
f 5924/6705/6162 5944/6704/6182 5945/6706/6183 5925/6707/6163
f 5925/6707/6163 5945/6706/6183 5946/6708/6184 5926/6709/6164
f 5926/6709/6164 5946/6708/6184 5947/6710/6185 5927/6711/6165
f 5927/6711/6165 5947/6710/6185 5928/6673/6166 5908/6672/6146
f 5928/6673/6166 5948/6712/6186 5949/6713/6187 5929/6674/6167
f 5929/6674/6167 5949/6713/6187 5950/6714/6188 5930/6676/6168
f 5930/6676/6168 5950/6714/6188 5951/6715/6189 5931/6678/6169
f 5931/6678/6169 5951/6715/6189 5952/6716/6190 5932/6680/6170
f 5932/6680/6170 5952/6716/6190 5953/6717/6191 5933/6682/6171
f 5933/6682/6171 5953/6717/6191 5954/6718/6192 5934/6684/6172
f 5934/6684/6172 5954/6718/6192 5955/6719/6193 5935/6686/6173
f 5935/6686/6173 5955/6719/6193 5956/6720/6194 5936/6688/6174
f 5936/6688/6174 5956/6720/6194 5957/6721/6195 5937/6690/6175
f 5937/6690/6175 5957/6721/6195 5958/6722/6196 5938/6692/6176
f 5938/6692/6176 5958/6722/6196 5959/6723/6197 5939/6694/6177
f 5939/6694/6177 5959/6723/6197 5960/6724/6198 5940/6696/6178
f 5940/6696/6178 5960/6724/6198 5961/6725/6199 5941/6698/6179
f 5941/6698/6179 5961/6725/6199 5962/6726/6200 5942/6700/6180
f 5942/6700/6180 5962/6726/6200 5963/6727/6201 5943/6702/6181
f 5943/6702/6181 5963/6727/6201 5964/6728/6202 5944/6704/6182
f 5944/6704/6182 5964/6728/6202 5965/6729/6203 5945/6706/6183
f 5945/6706/6183 5965/6729/6203 5966/6730/6204 5946/6708/6184
f 5946/6708/6184 5966/6730/6204 5967/6731/6205 5947/6710/6185
f 5947/6710/6185 5967/6731/6205 5948/6712/6186 5928/6673/6166
f 5948/6712/6186 5968/6732/6206 5969/6733/6207 5949/6713/6187
f 5949/6713/6187 5969/6733/6207 5970/6734/6208 5950/6714/6188
f 5950/6714/6188 5970/6734/6208 5971/6735/6209 5951/6715/6189
f 5951/6715/6189 5971/6735/6209 5972/6736/6210 5952/6716/6190
f 5952/6716/6190 5972/6736/6210 5973/6737/6211 5953/6717/6191
f 5953/6717/6191 5973/6737/6211 5974/6738/6212 5954/6718/6192
f 5954/6718/6192 5974/6738/6212 5975/6739/6213 5955/6719/6193
f 5955/6719/6193 5975/6739/6213 5976/6740/6214 5956/6720/6194
f 5956/6720/6194 5976/6740/6214 5977/6741/6215 5957/6721/6195
f 5957/6721/6195 5977/6741/6215 5978/6742/6216 5958/6722/6196
f 5958/6722/6196 5978/6742/6216 5979/6743/6217 5959/6723/6197
f 5959/6723/6197 5979/6743/6217 5980/6744/6218 5960/6724/6198
f 5960/6724/6198 5980/6744/6218 5981/6745/6219 5961/6725/6199
f 5961/6725/6199 5981/6745/6219 5982/6746/6220 5962/6726/6200
f 5962/6726/6200 5982/6746/6220 5983/6747/6221 5963/6727/6201
f 5963/6727/6201 5983/6747/6221 5984/6748/6222 5964/6728/6202
f 5964/6728/6202 5984/6748/6222 5985/6749/6223 5965/6729/6203
f 5965/6729/6203 5985/6749/6223 5986/6750/6224 5966/6730/6204
f 5966/6730/6204 5986/6750/6224 5987/6751/6225 5967/6731/6205
f 5967/6731/6205 5987/6751/6225 5968/6732/6206 5948/6712/6186
f 5968/6732/6206 5988/6752/6226 5989/6753/6227 5969/6733/6207
f 5969/6733/6207 5989/6753/6227 5990/6754/6228 5970/6734/6208
f 5970/6734/6208 5990/6754/6228 5991/6755/6229 5971/6735/6209
f 5971/6735/6209 5991/6755/6229 5992/6756/6230 5972/6736/6210
f 5972/6736/6210 5992/6756/6230 5993/6757/6231 5973/6737/6211
f 5973/6737/6211 5993/6757/6231 5994/6758/6232 5974/6738/6212
f 5974/6738/6212 5994/6758/6232 5995/6759/6233 5975/6739/6213
f 5975/6739/6213 5995/6759/6233 5996/6760/6234 5976/6740/6214
f 5976/6740/6214 5996/6760/6234 5997/6761/6235 5977/6741/6215
f 5977/6741/6215 5997/6761/6235 5998/6762/6236 5978/6742/6216
f 5978/6742/6216 5998/6762/6236 5999/6763/6237 5979/6743/6217
f 5979/6743/6217 5999/6763/6237 6000/6764/6238 5980/6744/6218
f 5980/6744/6218 6000/6764/6238 6001/6765/6239 5981/6745/6219
f 5981/6745/6219 6001/6765/6239 6002/6766/6240 5982/6746/6220
f 5982/6746/6220 6002/6766/6240 6003/6767/6241 5983/6747/6221
f 5983/6747/6221 6003/6767/6241 6004/6768/6242 5984/6748/6222
f 5984/6748/6222 6004/6768/6242 6005/6769/6243 5985/6749/6223
f 5985/6749/6223 6005/6769/6243 6006/6770/6244 5986/6750/6224
f 5986/6750/6224 6006/6770/6244 6007/6771/6245 5987/6751/6225
f 5987/6751/6225 6007/6771/6245 5988/6752/6226 5968/6732/6206
f 5988/6752/6226 6008/6772/6246 6009/6773/6247 5989/6753/6227
f 5989/6753/6227 6009/6773/6247 6010/6774/6248 5990/6754/6228
f 5990/6754/6228 6010/6774/6248 6011/6775/6249 5991/6755/6229
f 5991/6755/6229 6011/6775/6249 6012/6776/6250 5992/6756/6230
f 5992/6756/6230 6012/6776/6250 6013/6777/6251 5993/6757/6231
f 5993/6757/6231 6013/6777/6251 6014/6778/6252 5994/6758/6232
f 5994/6758/6232 6014/6778/6252 6015/6779/6253 5995/6759/6233
f 5995/6759/6233 6015/6779/6253 6016/6780/6254 5996/6760/6234
f 5996/6760/6234 6016/6780/6254 6017/6781/6255 5997/6761/6235
f 5997/6761/6235 6017/6781/6255 6018/6782/6256 5998/6762/6236
f 5998/6762/6236 6018/6782/6256 6019/6783/6257 5999/6763/6237
f 5999/6763/6237 6019/6783/6257 6020/6784/6258 6000/6764/6238
f 6000/6764/6238 6020/6784/6258 6021/6785/6259 6001/6765/6239
f 6001/6765/6239 6021/6785/6259 6022/6786/6260 6002/6766/6240
f 6002/6766/6240 6022/6786/6260 6023/6787/6261 6003/6767/6241
f 6003/6767/6241 6023/6787/6261 6024/6788/6262 6004/6768/6242
f 6004/6768/6242 6024/6788/6262 6025/6789/6263 6005/6769/6243
f 6005/6769/6243 6025/6789/6263 6026/6790/6264 6006/6770/6244
f 6006/6770/6244 6026/6790/6264 6027/6791/6265 6007/6771/6245
f 6007/6771/6245 6027/6791/6265 6008/6772/6246 5988/6752/6226
f 6008/6772/6246 6028/6792/6266 6029/6793/6267 6009/6773/6247
f 6009/6773/6247 6029/6793/6267 6030/6794/6268 6010/6774/6248
f 6010/6774/6248 6030/6794/6268 6031/6795/6269 6011/6775/6249
f 6011/6775/6249 6031/6795/6269 6032/6796/6270 6012/6776/6250
f 6012/6776/6250 6032/6796/6270 6033/6797/6271 6013/6777/6251
f 6013/6777/6251 6033/6797/6271 6034/6798/6272 6014/6778/6252
f 6014/6778/6252 6034/6798/6272 6035/6799/6273 6015/6779/6253
f 6015/6779/6253 6035/6799/6273 6036/6800/6274 6016/6780/6254
f 6016/6780/6254 6036/6800/6274 6037/6801/6275 6017/6781/6255
f 6017/6781/6255 6037/6801/6275 6038/6802/6276 6018/6782/6256
f 6018/6782/6256 6038/6802/6276 6039/6803/6277 6019/6783/6257
f 6019/6783/6257 6039/6803/6277 6040/6804/6278 6020/6784/6258
f 6020/6784/6258 6040/6804/6278 6041/6805/6279 6021/6785/6259
f 6021/6785/6259 6041/6805/6279 6042/6806/6280 6022/6786/6260
f 6022/6786/6260 6042/6806/6280 6043/6807/6281 6023/6787/6261
f 6023/6787/6261 6043/6807/6281 6044/6808/6282 6024/6788/6262
f 6024/6788/6262 6044/6808/6282 6045/6809/6283 6025/6789/6263
f 6025/6789/6263 6045/6809/6283 6046/6810/6284 6026/6790/6264
f 6026/6790/6264 6046/6810/6284 6047/6811/6285 6027/6791/6265
f 6027/6791/6265 6047/6811/6285 6028/6792/6266 6008/6772/6246
f 6028/6792/6266 6048/6812/6286 6049/6813/6287 6029/6793/6267
f 6029/6793/6267 6049/6813/6287 6050/6814/6288 6030/6794/6268
f 6030/6794/6268 6050/6814/6288 6051/6815/6289 6031/6795/6269
f 6031/6795/6269 6051/6815/6289 6052/6816/6290 6032/6796/6270
f 6032/6796/6270 6052/6816/6290 6053/6817/6291 6033/6797/6271
f 6033/6797/6271 6053/6817/6291 6054/6818/6292 6034/6798/6272
f 6034/6798/6272 6054/6818/6292 6055/6819/6293 6035/6799/6273
f 6035/6799/6273 6055/6819/6293 6056/6820/6294 6036/6800/6274
f 6036/6800/6274 6056/6820/6294 6057/6821/6295 6037/6801/6275
f 6037/6801/6275 6057/6821/6295 6058/6822/6296 6038/6802/6276
f 6038/6802/6276 6058/6822/6296 6059/6823/6297 6039/6803/6277
f 6039/6803/6277 6059/6823/6297 6060/6824/6298 6040/6804/6278
f 6040/6804/6278 6060/6824/6298 6061/6825/6299 6041/6805/6279
f 6041/6805/6279 6061/6825/6299 6062/6826/6300 6042/6806/6280
f 6042/6806/6280 6062/6826/6300 6063/6827/6301 6043/6807/6281
f 6043/6807/6281 6063/6827/6301 6064/6828/6302 6044/6808/6282
f 6044/6808/6282 6064/6828/6302 6065/6829/6303 6045/6809/6283
f 6045/6809/6283 6065/6829/6303 6066/6830/6304 6046/6810/6284
f 6046/6810/6284 6066/6830/6304 6067/6831/6305 6047/6811/6285
f 6047/6811/6285 6067/6831/6305 6048/6812/6286 6028/6792/6266
f 6048/6812/6286 6068/6832/6306 6069/6833/6307 6049/6813/6287
f 6049/6813/6287 6069/6833/6307 6070/6834/6308 6050/6814/6288
f 6050/6814/6288 6070/6834/6308 6071/6835/6309 6051/6815/6289
f 6051/6815/6289 6071/6835/6309 6072/6836/6310 6052/6816/6290
f 6052/6816/6290 6072/6836/6310 6073/6837/6311 6053/6817/6291
f 6053/6817/6291 6073/6837/6311 6074/6838/6312 6054/6818/6292
f 6054/6818/6292 6074/6838/6312 6075/6839/6313 6055/6819/6293
f 6055/6819/6293 6075/6839/6313 6076/6840/6314 6056/6820/6294
f 6056/6820/6294 6076/6840/6314 6077/6841/6315 6057/6821/6295
f 6057/6821/6295 6077/6841/6315 6078/6842/6316 6058/6822/6296
f 6058/6822/6296 6078/6842/6316 6079/6843/6317 6059/6823/6297
f 6059/6823/6297 6079/6843/6317 6080/6844/6318 6060/6824/6298
f 6060/6824/6298 6080/6844/6318 6081/6845/6319 6061/6825/6299
f 6061/6825/6299 6081/6845/6319 6082/6846/6320 6062/6826/6300
f 6062/6826/6300 6082/6846/6320 6083/6847/6321 6063/6827/6301
f 6063/6827/6301 6083/6847/6321 6084/6848/6322 6064/6828/6302
f 6064/6828/6302 6084/6848/6322 6085/6849/6323 6065/6829/6303
f 6065/6829/6303 6085/6849/6323 6086/6850/6324 6066/6830/6304
f 6066/6830/6304 6086/6850/6324 6087/6851/6325 6067/6831/6305
f 6067/6831/6305 6087/6851/6325 6068/6832/6306 6048/6812/6286
f 6068/6832/6306 6088/6852/6326 6089/6853/6327 6069/6833/6307
f 6069/6833/6307 6089/6853/6327 6090/6854/6328 6070/6834/6308
f 6070/6834/6308 6090/6854/6328 6091/6855/6329 6071/6835/6309
f 6071/6835/6309 6091/6855/6329 6092/6856/6330 6072/6836/6310
f 6072/6836/6310 6092/6856/6330 6093/6857/6331 6073/6837/6311
f 6073/6837/6311 6093/6857/6331 6094/6858/6332 6074/6838/6312
f 6074/6838/6312 6094/6858/6332 6095/6859/6333 6075/6839/6313
f 6075/6839/6313 6095/6859/6333 6096/6860/6334 6076/6840/6314
f 6076/6840/6314 6096/6860/6334 6097/6861/6335 6077/6841/6315
f 6077/6841/6315 6097/6861/6335 6098/6862/6336 6078/6842/6316
f 6078/6842/6316 6098/6862/6336 6099/6863/6337 6079/6843/6317
f 6079/6843/6317 6099/6863/6337 6100/6864/6338 6080/6844/6318
f 6080/6844/6318 6100/6864/6338 6101/6865/6339 6081/6845/6319
f 6081/6845/6319 6101/6865/6339 6102/6866/6340 6082/6846/6320
f 6082/6846/6320 6102/6866/6340 6103/6867/6341 6083/6847/6321
f 6083/6847/6321 6103/6867/6341 6104/6868/6342 6084/6848/6322
f 6084/6848/6322 6104/6868/6342 6105/6869/6343 6085/6849/6323
f 6085/6849/6323 6105/6869/6343 6106/6870/6344 6086/6850/6324
f 6086/6850/6324 6106/6870/6344 6107/6871/6345 6087/6851/6325
f 6087/6851/6325 6107/6871/6345 6088/6852/6326 6068/6832/6306
f 5729/6475/5969 6108/6872/6346 5728/6472/5966
f 5730/6477/5971 6108/6872/6346 5729/6475/5969
f 5731/6479/5973 6108/6872/6346 5730/6477/5971
f 5732/6481/5975 6108/6872/6346 5731/6479/5973
f 5733/6483/5977 6108/6872/6346 5732/6481/5975
f 5734/6485/5979 6108/6872/6346 5733/6483/5977
f 5735/6487/5981 6108/6872/6346 5734/6485/5979
f 5736/6489/5983 6108/6872/6346 5735/6487/5981
f 5737/6491/5985 6108/6872/6346 5736/6489/5983
f 5738/6493/5987 6108/6872/6346 5737/6491/5985
f 5739/6495/5989 6108/6872/6346 5738/6493/5987
f 5740/6497/5991 6108/6872/6346 5739/6495/5989
f 5741/6499/5993 6108/6872/6346 5740/6497/5991
f 5742/6501/5995 6108/6872/6346 5741/6499/5993
f 5743/6503/5997 6108/6872/6346 5742/6501/5995
f 5744/6505/5999 6108/6872/6346 5743/6503/5997
f 5745/6507/6001 6108/6872/6346 5744/6505/5999
f 5746/6509/6003 6108/6872/6346 5745/6507/6001
f 5747/6511/6005 6108/6872/6346 5746/6509/6003
f 5728/6472/5966 6108/6872/6346 5747/6511/6005
f 6088/6852/6326 6109/6873/6347 6089/6853/6327
f 6089/6853/6327 6109/6873/6347 6090/6854/6328
f 6090/6854/6328 6109/6873/6347 6091/6855/6329
f 6091/6855/6329 6109/6873/6347 6092/6856/6330
f 6092/6856/6330 6109/6873/6347 6093/6857/6331
f 6093/6857/6331 6109/6873/6347 6094/6858/6332
f 6094/6858/6332 6109/6873/6347 6095/6859/6333
f 6095/6859/6333 6109/6873/6347 6096/6860/6334
f 6096/6860/6334 6109/6873/6347 6097/6861/6335
f 6097/6861/6335 6109/6873/6347 6098/6862/6336
f 6098/6862/6336 6109/6873/6347 6099/6863/6337
f 6099/6863/6337 6109/6873/6347 6100/6864/6338
f 6100/6864/6338 6109/6873/6347 6101/6865/6339
f 6101/6865/6339 6109/6873/6347 6102/6866/6340
f 6102/6866/6340 6109/6873/6347 6103/6867/6341
f 6103/6867/6341 6109/6873/6347 6104/6868/6342
f 6104/6868/6342 6109/6873/6347 6105/6869/6343
f 6105/6869/6343 6109/6873/6347 6106/6870/6344
f 6106/6870/6344 6109/6873/6347 6107/6871/6345
f 6107/6871/6345 6109/6873/6347 6088/6852/6326
f 592/755/688 499/631/587 502/606/564 594/756/689
f 5029/5673/5265 5026/5672/5264 5052/5699/5290
