# Blender 5.0.1
# www.blender.org
mtllib ours_Swimsuit.mtl
o ours_Swimsuit
v 0.086600 0.558201 -0.109199
v 0.076287 0.566446 -0.114035
v 0.066078 0.575455 -0.117207
v 0.055797 0.583580 -0.119316
v 0.043317 0.594809 -0.120600
v 0.032942 0.607111 -0.120771
v 0.025286 0.620686 -0.120434
v 0.018020 0.634337 -0.117683
v 0.010036 0.647025 -0.113625
v 0.002710 0.658903 -0.107544
v -0.003633 0.670390 -0.099864
v -0.009162 0.680657 -0.090332
v -0.013843 0.689713 -0.079274
v -0.018057 0.697681 -0.067148
v -0.021865 0.703703 -0.054030
v -0.023807 0.707010 -0.039499
v -0.024720 0.707714 -0.024225
v -0.024566 0.706991 -0.008840
v -0.022993 0.706205 0.005912
v -0.030158 0.704167 0.006841
v -0.037092 0.702830 0.008857
v -0.044154 0.701669 0.010783
v -0.042705 0.706576 -0.007467
v -0.042129 0.707978 -0.025554
v -0.041878 0.706438 -0.042436
v -0.040231 0.702345 -0.058105
v -0.036121 0.695187 -0.072048
v -0.031576 0.686194 -0.083776
v -0.026548 0.675810 -0.093784
v -0.020597 0.664268 -0.101621
v -0.013778 0.652255 -0.107887
v -0.005785 0.640517 -0.113713
v 0.002376 0.628887 -0.118011
v 0.010274 0.615939 -0.121076
v 0.019291 0.603172 -0.121156
v 0.029337 0.589613 -0.121355
v 0.042709 0.578562 -0.121387
v 0.056709 0.566718 -0.118771
v 0.067438 0.558186 -0.115591
v 0.078584 0.550439 -0.111218
v 0.090358 0.543821 -0.105436
v 0.105175 0.537407 -0.093825
v 0.118065 0.530779 -0.079731
v 0.129778 0.524737 -0.063268
v 0.140910 0.519929 -0.044593
v 0.149851 0.514163 -0.024733
v 0.156807 0.509738 -0.002712
v 0.160892 0.505163 0.020025
v 0.162545 0.500396 0.044118
v 0.160030 0.495142 0.067340
v 0.156702 0.490213 0.085704
v 0.152262 0.484494 0.099496
v 0.148880 0.475161 0.108617
v 0.146984 0.465556 0.111526
v 0.147483 0.457647 0.108412
v 0.142117 0.466773 0.117300
v 0.138801 0.476615 0.121482
v 0.137679 0.485627 0.122942
v 0.137821 0.493736 0.123017
v 0.153008 0.498610 0.090598
v 0.158570 0.502622 0.064086
v 0.161324 0.506014 0.038733
v 0.159091 0.511937 0.015034
v 0.154373 0.517296 -0.007954
v 0.146868 0.523104 -0.029781
v 0.137476 0.528256 -0.050015
v 0.126300 0.532938 -0.068687
v 0.113523 0.540832 -0.084876
v 0.101083 0.549976 -0.098609
v 0.088693 0.550689 -0.107274
v 0.065017 0.568110 -0.117418
v 0.144658 0.472968 0.114944
v 0.146061 0.483146 0.111779
v 0.156977 0.496918 0.080254
v 0.158903 0.509785 0.009038
v 0.153908 0.514171 -0.013401
v 0.145791 0.519555 -0.033917
v 0.136243 0.524639 -0.053060
v 0.119062 0.535511 -0.078891
v 0.105408 0.543005 -0.094358
v 0.042681 0.586821 -0.120895
v 0.021579 0.613284 -0.120786
v 0.005635 0.639948 -0.115433
v -0.009505 0.663926 -0.103085
v -0.025238 0.694620 -0.072931
v -0.031810 0.706190 -0.044963
v -0.033707 0.707036 -0.012374
v -0.020161 0.681064 -0.089450
v 0.053166 0.574209 -0.119823
v 0.056530 0.577836 -0.119302
v 0.077976 0.559580 -0.113249
v 0.158424 0.494242 0.077228
v 0.160395 0.500297 0.056700
v 0.156837 0.500033 0.078063
v 0.149735 0.494249 0.101890
v 0.156964 0.513187 0.003019
v 0.150914 0.518108 -0.020085
v 0.141746 0.523601 -0.041247
v 0.131387 0.528565 -0.061072
v 0.124952 0.529185 -0.070815
v 0.112663 0.535565 -0.086209
v 0.099542 0.542158 -0.099359
v 0.097457 0.548042 -0.100993
v 0.038058 0.584836 -0.121386
v 0.029672 0.597861 -0.120714
v 0.047013 0.588881 -0.120543
v 0.012306 0.623435 -0.119770
v 0.006444 0.632555 -0.117738
v 0.014485 0.629481 -0.118533
v 0.026779 0.614117 -0.120644
v 0.017840 0.610147 -0.121239
v -0.004104 0.647451 -0.111584
v -0.009243 0.656349 -0.107100
v 0.000110 0.652365 -0.110095
v 0.011154 0.640511 -0.115737
v -0.003699 0.664419 -0.103415
v -0.018043 0.670505 -0.098178
v -0.019523 0.693944 -0.073248
v -0.028771 0.690876 -0.078367
v -0.032926 0.698600 -0.065840
v -0.034115 0.703558 -0.054934
v -0.026379 0.705791 -0.046329
v -0.037324 0.707336 -0.035855
v -0.036851 0.707596 -0.022528
v -0.031048 0.707943 -0.024755
v -0.030574 0.706255 -0.004639
v -0.025958 0.681367 -0.089240
v -0.016713 0.685286 -0.084883
v -0.012130 0.675303 -0.095023
v 0.161558 0.504768 0.032726
v 0.160167 0.503522 0.051881
v 0.142626 0.490023 0.115984
v 0.150430 0.489129 0.102690
v 0.034257 0.600489 -0.120405
v -0.026293 0.701327 -0.060268
v 0.160753 0.507566 0.026890
v -0.038968 0.705334 -0.002152
v -0.062923 0.565293 -0.109728
v -0.079003 0.557005 -0.102893
v -0.094013 0.551024 -0.093189
v -0.107437 0.545587 -0.081039
v -0.119772 0.540903 -0.066862
v -0.131164 0.537798 -0.050364
v -0.140619 0.535667 -0.032557
v -0.149241 0.532750 -0.013816
v -0.155711 0.529855 0.007545
v -0.160873 0.527515 0.029128
v -0.162869 0.524210 0.053212
v -0.157535 0.519218 0.083865
v -0.159476 0.510908 0.085363
v -0.161353 0.500987 0.085080
v -0.163910 0.490537 0.081144
v -0.165968 0.481176 0.072236
v -0.166858 0.490370 0.074493
v -0.168288 0.501267 0.069586
v -0.169188 0.509519 0.056723
v -0.166796 0.515219 0.040703
v -0.163121 0.518663 0.021637
v -0.157663 0.522416 0.000564
v -0.149206 0.524831 -0.021133
v -0.139783 0.526333 -0.041374
v -0.129039 0.528584 -0.059870
v -0.115192 0.532608 -0.075861
v -0.099974 0.537643 -0.089966
v -0.084285 0.544081 -0.101744
v -0.067783 0.551911 -0.109792
v -0.051113 0.560197 -0.116356
v -0.033831 0.568539 -0.121413
v -0.016732 0.575606 -0.125881
v 0.001309 0.583137 -0.128766
v 0.018902 0.592862 -0.130573
v 0.035080 0.603091 -0.130009
v 0.047313 0.615651 -0.123504
v 0.059036 0.627091 -0.114759
v 0.070637 0.638851 -0.106853
v 0.081142 0.650895 -0.097829
v 0.089330 0.663319 -0.087538
v 0.096797 0.673815 -0.075891
v 0.101754 0.682655 -0.061683
v 0.105643 0.688926 -0.044754
v 0.105452 0.691450 -0.026247
v 0.103970 0.689643 -0.007938
v 0.100144 0.685926 0.009593
v 0.094877 0.679568 0.026174
v 0.090253 0.684532 0.022715
v 0.085124 0.689553 0.019698
v 0.079684 0.694568 0.017346
v 0.086031 0.696207 0.004757
v 0.090459 0.698053 -0.010567
v 0.093062 0.697521 -0.027774
v 0.092490 0.695056 -0.045029
v 0.090136 0.689505 -0.061686
v 0.085179 0.681085 -0.076699
v 0.078861 0.671278 -0.090063
v 0.070792 0.658585 -0.100031
v 0.060877 0.646707 -0.108250
v 0.048969 0.635278 -0.116810
v 0.038750 0.621958 -0.124854
v 0.025531 0.610345 -0.131085
v 0.011343 0.599909 -0.130966
v -0.006015 0.591565 -0.127975
v -0.023640 0.584731 -0.122856
v -0.037048 0.578200 -0.118695
v -0.050103 0.572260 -0.114175
v -0.053081 0.565017 -0.114360
v -0.026254 0.577684 -0.122933
v -0.165275 0.515964 0.063984
v -0.164951 0.507685 0.074573
v -0.161338 0.515326 0.076791
v 0.060816 0.638675 -0.110624
v 0.047821 0.623258 -0.120815
v 0.079916 0.658825 -0.095857
v 0.036090 0.611324 -0.130524
v 0.007454 0.592134 -0.130524
v 0.096849 0.692174 -0.003442
v 0.091997 0.690572 0.009381
v 0.095313 0.686324 0.014213
v 0.092031 0.694497 -0.001486
v 0.099769 0.692802 -0.038976
v 0.094581 0.683568 -0.066113
v 0.088759 0.674673 -0.080569
v -0.159028 0.525047 0.011914
v -0.134221 0.532581 -0.048347
v -0.165566 0.498114 0.077533
v -0.079827 0.551449 -0.103267
v -0.146337 0.529978 -0.024541
v -0.099182 0.542999 -0.089702
v -0.061679 0.558129 -0.111424
v -0.044450 0.565532 -0.118210
v -0.011136 0.581352 -0.126887
v -0.026986 0.573236 -0.123297
v -0.040876 0.572059 -0.118532
v -0.167283 0.515419 0.051943
v -0.164061 0.521784 0.035404
v -0.167150 0.510995 0.063828
v 0.052258 0.631329 -0.116407
v 0.071836 0.648241 -0.103583
v 0.021751 0.601805 -0.132300
v 0.100405 0.689389 -0.000376
v 0.095800 0.695460 -0.016275
v 0.097863 0.694751 -0.028659
v 0.100622 0.693007 -0.016798
v 0.095762 0.691301 -0.051377
v 0.100133 0.687328 -0.055270
v 0.096525 0.679089 -0.070186
v 0.090493 0.669714 -0.083434
v 0.083050 0.667477 -0.090019
v -0.153793 0.529455 -0.004098
v -0.155317 0.525601 -0.004063
v -0.160225 0.521975 0.011359
v -0.159131 0.526999 0.017741
v -0.125816 0.536827 -0.059851
v -0.126360 0.532931 -0.061080
v -0.113823 0.537747 -0.076270
v -0.134546 0.529196 -0.050052
v -0.136346 0.535259 -0.042287
v -0.077303 0.548664 -0.105221
v -0.085986 0.552242 -0.099445
v -0.145721 0.533219 -0.023764
v -0.144316 0.527295 -0.031091
v -0.100189 0.546286 -0.088252
v -0.089577 0.544897 -0.098252
v -0.069597 0.558567 -0.107406
v -0.012360 0.586113 -0.126469
v -0.164489 0.518926 0.031693
v -0.163592 0.524530 0.040376
v -0.164987 0.520015 0.050195
v 0.069067 0.651983 -0.103155
v 0.025149 0.598548 -0.131121
v 0.101826 0.693160 -0.027841
v -0.113738 0.541340 -0.075284
v -0.105472 0.538005 -0.084636
v -0.118883 0.534218 -0.071159
v -0.163484 0.520290 0.063496
v -0.026636 0.234726 -0.147906
v -0.022034 0.249677 -0.175158
v -0.002090 0.260954 -0.194850
v 0.019016 0.270540 -0.208836
v 0.039232 0.282603 -0.214455
v 0.053999 0.293868 -0.217952
v 0.065107 0.307982 -0.215078
v 0.075403 0.321646 -0.211257
v 0.085627 0.334135 -0.204315
v 0.095230 0.345790 -0.195244
v 0.105808 0.356420 -0.185478
v 0.117554 0.365920 -0.175256
v 0.129418 0.375846 -0.163599
v 0.141975 0.385208 -0.149365
v 0.154265 0.394607 -0.132924
v 0.165226 0.403187 -0.113759
v 0.173081 0.411675 -0.090883
v 0.179363 0.420330 -0.065490
v 0.181659 0.428002 -0.034848
v 0.176788 0.432566 0.003425
v 0.172486 0.435184 0.020096
v 0.179644 0.433345 -0.027627
v 0.176112 0.430288 -0.063319
v 0.166888 0.426438 -0.094044
v 0.154871 0.423802 -0.119887
v 0.140299 0.423112 -0.140421
v 0.122231 0.422876 -0.157237
v 0.102370 0.422753 -0.170579
v 0.082349 0.422551 -0.180719
v 0.061901 0.421129 -0.189025
v 0.041997 0.419972 -0.193973
v 0.019908 0.420718 -0.195880
v -0.001065 0.421554 -0.195921
v -0.022740 0.423370 -0.193904
v -0.044223 0.426076 -0.189843
v -0.066452 0.429501 -0.184452
v -0.089541 0.433886 -0.175591
v -0.111865 0.438192 -0.165011
v -0.130992 0.440415 -0.148767
v -0.146159 0.441829 -0.126250
v -0.160940 0.444611 -0.100146
v -0.173554 0.448446 -0.067250
v -0.177043 0.449480 -0.018799
v -0.175982 0.446651 -0.039221
v -0.169845 0.440593 -0.081147
v -0.158202 0.431495 -0.116239
v -0.143055 0.421508 -0.143329
v -0.123277 0.415805 -0.166893
v -0.105016 0.410471 -0.190164
v -0.085343 0.406266 -0.211957
v -0.069692 0.402138 -0.231997
v -0.058765 0.398136 -0.253738
v -0.050208 0.390924 -0.273318
v -0.042732 0.376802 -0.287570
v -0.030167 0.360546 -0.292646
v -0.020675 0.344004 -0.289606
v -0.014130 0.324723 -0.284622
v -0.009444 0.307130 -0.274691
v -0.007274 0.291887 -0.259072
v -0.009151 0.276972 -0.240058
v -0.014383 0.264300 -0.215348
v -0.021564 0.253615 -0.185679
v 0.068473 0.380070 -0.250818
v 0.114688 0.399970 -0.177966
v 0.035883 0.297244 -0.257832
v 0.176929 0.424828 -0.069370
v 0.180891 0.430928 -0.028062
v 0.180040 0.427370 -0.051367
v 0.179205 0.430363 -0.051607
v -0.036345 0.410857 -0.235390
v -0.137461 0.429398 -0.146309
v -0.171850 0.445390 -0.070643
v 0.040547 0.404782 -0.222866
v 0.084785 0.359641 -0.216329
v 0.127437 0.413575 -0.157954
v 0.144594 0.402842 -0.143356
v 0.021994 0.276479 -0.224177
v 0.006073 0.279591 -0.241159
v 0.011068 0.339661 -0.295903
v 0.171608 0.417501 -0.090917
v 0.158295 0.418045 -0.117333
v 0.171519 0.425261 -0.084765
v -0.060448 0.407521 -0.230201
v -0.082453 0.421720 -0.189397
v -0.018659 0.413319 -0.217368
v -0.145202 0.428195 -0.137104
v -0.160288 0.436850 -0.108058
v -0.149411 0.438603 -0.124608
v 0.034106 0.413622 -0.204607
v 0.092864 0.354907 -0.202358
v 0.067974 0.322899 -0.236557
v 0.130046 0.419509 -0.152524
v 0.092204 0.412156 -0.184976
v 0.153415 0.400737 -0.132826
v 0.121892 0.385267 -0.172358
v 0.012982 0.270033 -0.212102
v 0.051618 0.293456 -0.229231
v -0.005794 0.273711 -0.233999
v 0.005091 0.300946 -0.272347
v -0.005444 0.334166 -0.290992
v -0.021201 0.390282 -0.288123
v 0.177470 0.421416 -0.071401
v 0.175095 0.416541 -0.082902
v 0.160404 0.422564 -0.111039
v 0.167307 0.419500 -0.099108
v -0.069789 0.405863 -0.226522
v -0.099560 0.414974 -0.187415
v -0.095382 0.429607 -0.176543
v -0.048809 0.420646 -0.196841
v -0.006551 0.415624 -0.205532
v -0.148736 0.426904 -0.133048
v -0.162437 0.442334 -0.098506
v -0.149163 0.433811 -0.128426
v -0.152457 0.442289 -0.117016
v -0.135349 0.436641 -0.145702
v 0.031410 0.417781 -0.198540
v 0.055842 0.415767 -0.196845
v 0.012387 0.416225 -0.202747
v 0.045030 0.417683 -0.196467
v 0.097373 0.353104 -0.195208
v 0.085314 0.341896 -0.209377
v 0.106587 0.365226 -0.187786
v 0.068425 0.318350 -0.223921
v 0.145026 0.417344 -0.137604
v 0.092219 0.418256 -0.179311
v 0.157961 0.399641 -0.126569
v 0.142333 0.392099 -0.148189
v 0.160168 0.410190 -0.119168
v -0.007657 0.260982 -0.196120
v 0.004828 0.267817 -0.211661
v -0.012856 0.262901 -0.200893
v -0.009495 0.262707 -0.200855
v -0.022784 0.253271 -0.181094
v -0.020479 0.256610 -0.192021
v -0.009238 0.266628 -0.213377
v -0.000956 0.270552 -0.221375
v 0.016541 0.278028 -0.232900
v 0.003587 0.269857 -0.217806
v 0.033175 0.280026 -0.216352
v 0.030252 0.279450 -0.219316
v 0.048142 0.289248 -0.220947
v 0.059540 0.303523 -0.225693
v -0.002778 0.285750 -0.252727
v -0.002869 0.298155 -0.268773
v 0.002461 0.283957 -0.248980
v -0.002553 0.314548 -0.283510
v -0.012854 0.334111 -0.289124
v -0.018534 0.355223 -0.294261
v -0.037698 0.385563 -0.286599
v 0.165804 0.421338 -0.101196
v -0.074637 0.405303 -0.223264
v -0.089489 0.409577 -0.204287
v -0.057431 0.401863 -0.246473
v -0.124209 0.421204 -0.164216
v -0.099369 0.433953 -0.172272
v -0.075218 0.427637 -0.184383
v -0.053340 0.424496 -0.190747
v -0.030485 0.420083 -0.199172
v -0.010673 0.419721 -0.199145
v -0.138952 0.433620 -0.142287
v -0.114613 0.427154 -0.168952
v 0.073301 0.417776 -0.188831
v 0.019802 0.409786 -0.216236
v 0.009695 0.419464 -0.198475
v 0.088643 0.341287 -0.203364
v 0.077946 0.329864 -0.214034
v 0.071968 0.320953 -0.216903
v 0.075864 0.335089 -0.223756
v 0.079033 0.335286 -0.216709
v 0.109406 0.362691 -0.183332
v 0.118270 0.373490 -0.175601
v 0.142546 0.409966 -0.143461
v 0.134815 0.417034 -0.149015
v 0.142528 0.420045 -0.139270
v 0.154240 0.419450 -0.123340
v 0.111476 0.419155 -0.166815
v 0.142772 0.397484 -0.147023
v 0.133460 0.390555 -0.159362
v 0.128169 0.382952 -0.165286
v 0.125403 0.395728 -0.168225
v 0.135535 0.397482 -0.156428
v 0.133370 0.403140 -0.157147
v 0.153299 0.404934 -0.131720
v 0.158914 0.414553 -0.118281
v 0.151370 0.414202 -0.129965
v 0.150602 0.409222 -0.133785
v 0.167429 0.410556 -0.105017
v -0.015734 0.261584 -0.204968
v 0.061530 0.308008 -0.234965
v 0.065038 0.310942 -0.220405
v -0.008284 0.315504 -0.282186
v -0.022262 0.353225 -0.292610
v -0.030816 0.370230 -0.294093
v -0.039614 0.380249 -0.288077
v -0.017092 0.370389 -0.296308
v -0.021480 0.366081 -0.295856
v -0.076728 0.409141 -0.215028
v -0.091269 0.412173 -0.198644
v -0.074557 0.412991 -0.208669
v -0.070947 0.409894 -0.217315
v -0.056310 0.404502 -0.241287
v -0.034541 0.405832 -0.260272
v -0.041100 0.399040 -0.266173
v -0.046271 0.405498 -0.246881
v -0.046819 0.409114 -0.235495
v -0.039421 0.402931 -0.261379
v -0.027196 0.399952 -0.275094
v 0.021160 0.401222 -0.284222
v -0.002722 0.402575 -0.286725
v -0.015538 0.397613 -0.284667
v 0.003488 0.372365 -0.297911
v -0.003696 0.389040 -0.295298
v 0.017279 0.383150 -0.295769
v -0.135783 0.425984 -0.149757
v -0.129801 0.419954 -0.158708
v -0.110397 0.415253 -0.179414
v -0.074345 0.423128 -0.189076
v -0.062843 0.422842 -0.191900
v -0.044165 0.415172 -0.213396
v -0.056945 0.419031 -0.200785
v -0.038235 0.415948 -0.209241
v -0.062228 0.417552 -0.204606
v -0.030567 0.416855 -0.205522
v -0.047546 0.413839 -0.219450
v -0.076141 0.416806 -0.200881
v -0.014336 0.414506 -0.210885
v 0.003582 0.411622 -0.215576
v 0.010121 0.412921 -0.209101
v -0.033184 0.422796 -0.194293
v 0.081898 0.414824 -0.187884
v 0.068141 0.405225 -0.208140
v 0.077601 0.409633 -0.196517
v 0.092516 0.400235 -0.196787
v 0.061264 0.411023 -0.202161
v 0.068822 0.414300 -0.194330
v 0.082096 0.404048 -0.201255
v 0.052662 0.406357 -0.213180
v 0.048216 0.412554 -0.203449
v 0.093880 0.406935 -0.188937
v 0.073773 0.391217 -0.224475
v 0.037744 0.409105 -0.212406
v 0.109658 0.411738 -0.173973
v 0.107358 0.404138 -0.181811
v 0.080583 0.396467 -0.211056
v 0.058971 0.398923 -0.226586
v 0.051911 0.402686 -0.221471
v 0.070339 0.397012 -0.220023
v 0.108634 0.374073 -0.187538
v 0.138515 0.413303 -0.147081
v 0.126338 0.407213 -0.162706
v 0.152328 0.421509 -0.125373
v 0.119902 0.416633 -0.162556
v 0.102325 0.415727 -0.175315
v 0.137121 0.385926 -0.155069
v 0.123541 0.399704 -0.169418
v 0.161998 0.404961 -0.118788
v 0.053390 0.295710 -0.244020
v 0.041136 0.286229 -0.232500
v 0.031387 0.284517 -0.238215
v 0.028300 0.287419 -0.244992
v 0.021222 0.294167 -0.258829
v 0.066928 0.318331 -0.231109
v -0.007898 0.351711 -0.295610
v -0.002848 0.362939 -0.297893
v 0.001983 0.337945 -0.293420
v 0.012635 0.317731 -0.284663
v -0.012179 0.378002 -0.296324
v 0.008678 0.356797 -0.297719
v -0.047309 0.396613 -0.266491
v -0.103095 0.412211 -0.189909
v -0.059736 0.412210 -0.218761
v -0.061676 0.414849 -0.211605
v -0.046672 0.410598 -0.229964
v -0.090749 0.416418 -0.192711
v 0.118298 0.378970 -0.176407
v 0.110963 0.371559 -0.183695
v 0.116671 0.404182 -0.173589
v 0.118567 0.409070 -0.168449
v 0.055076 0.297613 -0.237517
v 0.063113 0.311617 -0.245994
v 0.041837 0.293821 -0.250726
v 0.004580 0.313311 -0.283178
v 0.031311 0.322445 -0.281088
v 0.023237 0.343815 -0.293363
v 0.014995 0.301756 -0.270347
v 0.011123 0.289821 -0.256421
v 0.022206 0.313921 -0.278399
v -0.040958 0.393490 -0.275404
v -0.043974 0.389887 -0.278436
v 0.069611 0.347741 -0.253545
v 0.021506 0.329942 -0.289506
v 0.068013 0.330778 -0.247172
v 0.058233 0.322127 -0.266087
v 0.059610 0.305910 -0.256806
v 0.048426 0.310133 -0.265414
v 0.064261 0.320575 -0.255144
v 0.038920 0.312320 -0.270691
v 0.063530 0.336696 -0.262602
v 0.046339 0.338220 -0.280618
v 0.061278 0.367284 -0.273976
v 0.050843 0.324698 -0.274457
v 0.040201 0.326181 -0.279301
v 0.056638 0.339858 -0.274465
v 0.065004 0.352975 -0.266520
v 0.047105 0.360950 -0.285490
v 0.057791 0.354846 -0.276551
v 0.070257 0.367804 -0.258776
v 0.066478 0.322431 -0.243674
v 0.075003 0.347764 -0.234299
v 0.028503 0.306319 -0.269559
v 0.077575 0.367450 -0.231377
v 0.070936 0.342587 -0.244249
v 0.071544 0.335391 -0.236676
v 0.073154 0.370883 -0.244755
v 0.076164 0.380590 -0.230570
v 0.073756 0.359048 -0.243838
v 0.091956 0.388009 -0.205687
v 0.077970 0.358427 -0.229851
v 0.083407 0.390057 -0.213515
v 0.068695 0.386822 -0.238676
v 0.064082 0.393592 -0.233231
v -0.118058 0.434867 -0.163039
v -0.106021 0.429026 -0.172736
v -0.125336 0.432449 -0.158412
v -0.118295 0.423702 -0.168733
v -0.106054 0.418744 -0.179840
v -0.127015 0.428975 -0.158211
v 0.083448 0.347241 -0.214814
v 0.077321 0.343985 -0.226105
v 0.079592 0.352253 -0.224320
v 0.087920 0.355991 -0.209848
v 0.096125 0.367127 -0.202054
v 0.088761 0.372300 -0.212102
v 0.082377 0.365949 -0.221872
v 0.089609 0.367076 -0.210359
v 0.103708 0.379899 -0.195118
v 0.102819 0.374478 -0.195176
v -0.025636 0.383009 -0.291249
v -0.027895 0.409608 -0.254856
v -0.017286 0.407079 -0.272527
v -0.003755 0.413350 -0.265493
v -0.005118 0.410992 -0.275889
v 0.007604 0.409307 -0.278105
v -0.037785 0.407820 -0.249466
v -0.019816 0.411303 -0.251510
v -0.022734 0.411647 -0.233877
v -0.016553 0.411556 -0.263040
v -0.027601 0.413362 -0.221603
v 0.015315 0.283177 -0.243883
v -0.095792 0.421135 -0.184120
v 0.018870 0.364951 -0.296188
v 0.031806 0.367631 -0.292575
v 0.030130 0.384870 -0.291385
v 0.038750 0.351782 -0.287270
v 0.045628 0.392820 -0.274621
v 0.041526 0.401368 -0.248888
v 0.045649 0.401145 -0.234557
v 0.056131 0.392855 -0.249463
v 0.028326 0.354551 -0.292607
v 0.036168 0.393766 -0.283619
v 0.049260 0.378242 -0.283682
v 0.017578 0.408023 -0.236648
v 0.040610 0.374041 -0.288904
v 0.014255 0.408893 -0.224872
v 0.028263 0.405990 -0.230157
v -0.000410 0.410069 -0.229005
v 0.030025 0.405128 -0.241442
v 0.018740 0.409967 -0.260581
v 0.021103 0.407878 -0.248803
v 0.031491 0.404022 -0.271517
v 0.016053 0.409807 -0.272044
v 0.002422 0.410903 -0.244565
v 0.041562 0.400214 -0.262725
v -0.011775 0.411137 -0.233857
v 0.054507 0.396776 -0.239483
v 0.003214 0.411951 -0.257162
v -0.008658 0.411543 -0.245167
v 0.098571 0.363134 -0.196992
v 0.082876 0.376067 -0.220729
v 0.083244 0.383217 -0.217962
v 0.091424 0.380681 -0.208251
v 0.112069 0.381145 -0.184623
v 0.113039 0.388770 -0.183120
v 0.102425 0.387234 -0.195688
v 0.121008 0.389112 -0.173850
v 0.102320 0.394754 -0.192825
v 0.110336 0.393332 -0.185605
v 0.092180 0.394593 -0.201568
v 0.101076 0.399074 -0.191171
v 0.011257 0.398252 -0.288723
v 0.057904 0.385804 -0.263627
v 0.056282 0.380632 -0.275023
v 0.065802 0.377267 -0.260900
v 0.050813 0.394147 -0.259020
v -0.175880 0.444578 -0.049540
v -0.167375 0.436527 -0.091585
v -0.154541 0.427227 -0.124933
v -0.135751 0.418559 -0.152708
v -0.116132 0.412895 -0.176781
v -0.096220 0.407321 -0.200200
v -0.077718 0.403406 -0.221521
v -0.064764 0.399075 -0.243294
v -0.055509 0.393777 -0.264606
v -0.046422 0.382441 -0.281490
v -0.036043 0.366585 -0.290839
v -0.025411 0.349802 -0.290401
v -0.017833 0.331360 -0.285977
v -0.012300 0.312615 -0.277489
v -0.009537 0.296100 -0.262877
v -0.009899 0.280408 -0.244829
v -0.014584 0.266505 -0.221445
v -0.020476 0.254691 -0.190160
v -0.026764 0.234517 -0.145825
v -0.027826 0.231408 -0.140914
v -0.026509 0.233655 -0.142022
v -0.017893 0.251288 -0.177440
v 0.003343 0.261984 -0.196301
v 0.024353 0.273089 -0.209259
v 0.043240 0.284782 -0.214221
v 0.057727 0.297458 -0.215572
v 0.069168 0.311947 -0.212298
v 0.080050 0.325254 -0.207351
v 0.090095 0.337498 -0.199386
v 0.100468 0.348979 -0.189786
v 0.111881 0.359425 -0.179777
v 0.123830 0.369421 -0.168888
v 0.136501 0.379550 -0.155958
v 0.149270 0.389118 -0.140049
v 0.161601 0.398503 -0.121255
v 0.170515 0.407109 -0.098817
v 0.178565 0.416375 -0.073463
v 0.180976 0.424375 -0.043813
v 0.178707 0.430934 -0.005671
v -0.028674 0.205165 -0.064537
v -0.021204 0.198340 -0.007926
v -0.010144 0.202247 0.039796
v -0.002963 0.213956 0.077400
v 0.002959 0.230288 0.107159
v 0.007888 0.249867 0.128745
v 0.011562 0.270817 0.144498
v 0.015410 0.291957 0.155586
v 0.019990 0.312349 0.163943
v 0.025903 0.332020 0.169783
v 0.033512 0.350796 0.172437
v 0.043691 0.368161 0.172343
v 0.056087 0.384291 0.168741
v 0.070896 0.398778 0.162044
v 0.088939 0.408441 0.149171
v 0.108800 0.415834 0.131949
v 0.129988 0.422031 0.110377
v 0.150137 0.426125 0.079026
v 0.166959 0.431292 0.039240
v 0.165727 0.432501 0.042696
v 0.151548 0.428800 0.078254
v 0.133680 0.424645 0.106920
v 0.112859 0.419292 0.128527
v 0.092953 0.412619 0.145253
v 0.075175 0.404196 0.158806
v 0.058867 0.391910 0.166890
v 0.046385 0.376650 0.171746
v 0.035592 0.360539 0.173259
v 0.027029 0.342765 0.171692
v 0.020775 0.323965 0.167696
v 0.015619 0.304372 0.160681
v 0.011724 0.283888 0.151714
v 0.008051 0.263017 0.139196
v 0.004352 0.242881 0.121962
v 0.000275 0.224656 0.098626
v -0.005345 0.209998 0.067397
v -0.011855 0.199517 0.028271
v -0.023370 0.197954 -0.020315
v -0.031059 0.207010 -0.076025
v -0.032884 0.203887 -0.070792
v -0.030010 0.197925 -0.016531
v -0.022758 0.201655 0.033730
v -0.018043 0.213022 0.074392
v -0.020789 0.228671 0.103315
v -0.025538 0.248538 0.124500
v -0.032252 0.268844 0.141210
v -0.040367 0.290507 0.151963
v -0.050366 0.311905 0.159148
v -0.060625 0.332408 0.162930
v -0.072339 0.352295 0.163454
v -0.083452 0.371581 0.159590
v -0.095679 0.388860 0.152563
v -0.108421 0.404737 0.142529
v -0.122568 0.417781 0.127176
v -0.136770 0.428477 0.105642
v -0.152415 0.435765 0.078013
v -0.166285 0.441536 0.042829
v -0.175699 0.445423 -0.000971
v -0.175373 0.447023 0.003896
v -0.166782 0.444153 0.042775
v -0.154797 0.438858 0.074540
v -0.139647 0.432035 0.100527
v -0.125264 0.422547 0.121684
v -0.111366 0.410377 0.138885
v -0.099003 0.396398 0.150280
v -0.087250 0.380358 0.157869
v -0.075687 0.362666 0.163144
v -0.064645 0.343381 0.164516
v -0.054189 0.323531 0.162347
v -0.044391 0.303286 0.156847
v -0.035266 0.281815 0.148626
v -0.028702 0.261114 0.136182
v -0.022321 0.241072 0.117977
v -0.018201 0.223111 0.094842
v -0.016844 0.208777 0.064097
v -0.022644 0.199364 0.022492
v -0.029022 0.195948 -0.026760
v -0.032733 0.204998 -0.079293
v -0.174580 0.454585 0.019401
v -0.170052 0.463890 0.041953
v -0.167959 0.471945 0.058691
v -0.145147 0.525399 0.101730
v -0.134741 0.534396 0.114141
v -0.125262 0.543070 0.123100
v -0.117128 0.552409 0.130103
v -0.110363 0.561982 0.135260
v -0.104820 0.572069 0.139517
v -0.100019 0.582224 0.142550
v -0.095077 0.591934 0.144448
v -0.089739 0.601101 0.143379
v -0.083926 0.609225 0.138736
v -0.078047 0.615542 0.131794
v -0.072618 0.621941 0.123996
v -0.068010 0.628808 0.115400
v -0.064214 0.637072 0.106988
v -0.060883 0.645739 0.098210
v -0.057959 0.654456 0.089172
v -0.055453 0.662973 0.079203
v -0.053835 0.671334 0.068375
v -0.053124 0.678994 0.055780
v -0.051804 0.687079 0.042441
v -0.048921 0.694958 0.027849
v -0.024575 0.703287 0.019202
v -0.026967 0.698453 0.032279
v -0.028735 0.693218 0.045087
v -0.029315 0.687540 0.058111
v -0.029338 0.679920 0.070421
v -0.029623 0.672100 0.082568
v -0.030510 0.663752 0.094573
v -0.032242 0.654232 0.105548
v -0.034178 0.644417 0.116390
v -0.035762 0.633182 0.127614
v -0.029133 0.629839 0.137008
v -0.022775 0.629509 0.145643
v -0.017008 0.630084 0.153795
v -0.010119 0.630680 0.160390
v -0.001491 0.629835 0.164227
v 0.007384 0.627932 0.162568
v 0.014948 0.625713 0.156707
v 0.021917 0.623746 0.149273
v 0.030038 0.622099 0.142029
v 0.038997 0.622298 0.133978
v 0.043155 0.632038 0.122209
v 0.046554 0.641616 0.111359
v 0.051792 0.649674 0.100273
v 0.056161 0.657352 0.088727
v 0.060549 0.665109 0.077087
v 0.065074 0.672084 0.065294
v 0.069651 0.678032 0.053227
v 0.073612 0.683520 0.041094
v 0.076376 0.689697 0.028991
v 0.091705 0.670888 0.041198
v 0.087393 0.662998 0.054277
v 0.083976 0.655121 0.067066
v 0.080425 0.647137 0.079177
v 0.076866 0.639806 0.090916
v 0.074648 0.632340 0.102113
v 0.072973 0.624745 0.112706
v 0.071591 0.617131 0.122792
v 0.071675 0.608862 0.132335
v 0.072335 0.601423 0.142286
v 0.073664 0.595011 0.152726
v 0.075118 0.589073 0.162637
v 0.076681 0.582025 0.171129
v 0.079655 0.572987 0.176540
v 0.082602 0.562518 0.177140
v 0.086345 0.553040 0.172832
v 0.091009 0.543505 0.166669
v 0.096639 0.533546 0.160540
v 0.103750 0.523120 0.154594
v 0.112454 0.512025 0.147151
v 0.124064 0.502109 0.138054
v 0.152771 0.447746 0.089756
v 0.160353 0.440124 0.062903
v -0.122891 0.466859 0.130890
v -0.130384 0.497354 0.126637
v -0.149381 0.476583 0.101061
v -0.146616 0.506157 0.108302
v -0.158747 0.481419 0.087569
v -0.153366 0.511453 0.096076
v -0.141138 0.517606 0.111210
v -0.164141 0.455754 0.054944
v -0.045188 0.587287 0.166684
v 0.073984 0.456299 0.166868
v 0.023335 0.578856 0.174035
v -0.169206 0.458549 0.041330
v -0.013480 0.598346 0.170980
v -0.034898 0.609385 0.155644
v 0.118358 0.455186 0.136832
v 0.033539 0.599857 0.156682
v -0.171622 0.450790 0.029066
v -0.162265 0.466423 0.067989
v -0.009815 0.614699 0.167069
v -0.030141 0.619780 0.147749
v 0.133655 0.458582 0.123348
v 0.104267 0.478485 0.152262
v 0.034137 0.611107 0.146968
v -0.164431 0.450324 0.052083
v -0.007946 0.623320 0.165263
v 0.008060 0.609528 0.164354
v -0.027661 0.625317 0.144106
v 0.140073 0.460149 0.117265
v 0.145245 0.449446 0.106277
v 0.123331 0.475853 0.137229
v 0.131904 0.468706 0.128061
v 0.034242 0.617394 0.141933
v -0.142905 0.454424 0.102584
v -0.018334 0.619778 0.160488
v -0.023038 0.623270 0.152629
v 0.009995 0.618738 0.162062
v 0.131735 0.478998 0.129278
v 0.120623 0.464802 0.137521
v -0.155630 0.453421 0.078075
v 0.001456 0.621275 0.166110
v 0.019706 0.611620 0.155297
v 0.026114 0.615859 0.148672
v 0.017608 0.618828 0.154869
v 0.013423 0.613051 0.159792
v -0.014287 0.301368 0.159981
v -0.009410 0.217283 0.084990
v -0.019382 0.389368 0.178191
v -0.053385 0.623309 0.130176
v -0.048624 0.641550 0.110101
v -0.042440 0.669119 0.078149
v -0.040042 0.691948 0.039085
v -0.040687 0.680736 0.060776
v -0.033548 0.699433 0.022446
v -0.020465 0.197703 -0.000430
v 0.161147 0.436550 0.058955
v 0.060825 0.638388 0.103308
v 0.082146 0.682683 0.033709
v 0.072172 0.660999 0.069559
v 0.055861 0.622579 0.123270
v 0.079884 0.672278 0.048978
v 0.066850 0.649424 0.086522
v -0.028996 0.201985 -0.050899
v -0.081818 0.430330 0.156374
v -0.149765 0.491368 0.104382
v -0.147840 0.520287 0.100475
v -0.077876 0.530551 0.165760
v -0.113442 0.529401 0.139458
v -0.134652 0.526224 0.116736
v -0.066753 0.599826 0.155745
v 0.082337 0.431486 0.154800
v 0.050572 0.584681 0.171418
v 0.034129 0.527942 0.183059
v 0.053756 0.599812 0.151738
v -0.156820 0.472316 0.086092
v -0.155373 0.462842 0.083216
v -0.162628 0.474630 0.074760
v 0.109681 0.493928 0.148312
v 0.133486 0.449007 0.119896
v -0.142665 0.442669 0.097584
v -0.020936 0.607105 0.165913
v 0.125118 0.458035 0.131138
v 0.112455 0.472076 0.145697
v 0.090266 0.466616 0.159814
v 0.100046 0.470867 0.154237
v 0.105394 0.461641 0.149128
v -0.155746 0.446099 0.074676
v -0.028339 0.294319 0.155401
v -0.002357 0.273836 0.146434
v 0.002723 0.316249 0.165199
v -0.036316 0.338475 0.170366
v -0.013957 0.214643 0.079192
v -0.015375 0.203349 0.045153
v -0.012968 0.232669 0.109275
v -0.005323 0.216422 0.081804
v -0.003002 0.233643 0.111341
v -0.010043 0.206522 0.055950
v -0.064014 0.393982 0.167275
v 0.015171 0.375464 0.176546
v -0.062294 0.624467 0.124296
v -0.056387 0.641478 0.105781
v -0.057143 0.632944 0.116097
v -0.049243 0.650990 0.098287
v -0.041572 0.638798 0.117747
v -0.045498 0.629784 0.125844
v -0.040736 0.648240 0.106859
v -0.035921 0.674604 0.074292
v -0.049274 0.668047 0.075874
v -0.044917 0.674422 0.068332
v -0.046916 0.678725 0.059834
v -0.043957 0.685906 0.049506
v -0.036550 0.686906 0.052835
v -0.036367 0.666438 0.086064
v -0.045172 0.660031 0.089033
v -0.033256 0.694798 0.037259
v -0.046138 0.691434 0.036514
v -0.041002 0.696711 0.027251
v -0.034164 0.682498 0.062724
v 0.157058 0.433485 0.066854
v 0.144839 0.438209 0.098371
v 0.068883 0.638552 0.097505
v 0.071150 0.643914 0.089587
v 0.064088 0.643585 0.094908
v 0.059556 0.649992 0.091929
v 0.056550 0.644209 0.100518
v 0.053422 0.632912 0.114389
v 0.065690 0.630736 0.108637
v 0.064228 0.624126 0.117505
v 0.059678 0.629345 0.114096
v 0.087964 0.677824 0.034749
v 0.079619 0.662593 0.061405
v 0.066587 0.665372 0.070223
v 0.064997 0.657592 0.079759
v 0.073260 0.668767 0.059809
v 0.076626 0.654151 0.073877
v 0.070485 0.653937 0.078751
v 0.047703 0.624918 0.125930
v 0.062128 0.614466 0.129232
v 0.049763 0.613183 0.136883
v 0.041322 0.613730 0.140557
v 0.046750 0.605976 0.146009
v 0.050693 0.618899 0.130248
v 0.085731 0.669111 0.048064
v 0.078185 0.678603 0.043373
v -0.103373 0.422513 0.142196
v -0.152890 0.483703 0.098276
v -0.085289 0.555941 0.156588
v -0.112893 0.541745 0.137218
v -0.124734 0.519764 0.130680
v -0.077331 0.603433 0.148817
v -0.079971 0.579917 0.155023
v 0.071010 0.415721 0.157354
v 0.116589 0.431088 0.129807
v 0.063793 0.585584 0.169122
v 0.058779 0.564751 0.178527
v 0.072320 0.520557 0.170095
v 0.064126 0.598922 0.149339
v -0.161040 0.461209 0.067607
v -0.150296 0.457935 0.091098
v -0.138940 0.464104 0.111831
v 0.122067 0.496001 0.139140
v 0.106343 0.504963 0.150696
v 0.120956 0.486137 0.140436
v -0.147996 0.449463 0.091414
v -0.145854 0.438617 0.091083
v -0.126242 0.432687 0.118543
v -0.016777 0.613692 0.165090
v 0.092329 0.456849 0.157086
v -0.035216 0.292963 0.153874
v -0.024194 0.271273 0.143673
v -0.040649 0.314463 0.161758
v 0.004816 0.272716 0.145460
v 0.003269 0.294701 0.156569
v -0.000839 0.254126 0.132501
v 0.011215 0.314409 0.164510
v 0.012770 0.337145 0.171198
v 0.009379 0.324666 0.167774
v -0.057180 0.354918 0.169215
v -0.016882 0.231005 0.107160
v -0.019981 0.250666 0.128459
v 0.000107 0.232776 0.109566
v -0.014464 0.199678 0.029644
v -0.080460 0.390415 0.160768
v 0.029038 0.371601 0.174240
v -0.064637 0.616544 0.137984
v -0.055528 0.627992 0.122894
v -0.055477 0.650368 0.095652
v -0.042483 0.619434 0.140560
v -0.035264 0.624803 0.138141
v -0.041695 0.625493 0.133206
v -0.051919 0.659156 0.086326
v -0.041713 0.654895 0.097455
v -0.036597 0.660510 0.094050
v 0.152934 0.441775 0.085311
v 0.143353 0.443658 0.104582
v 0.141244 0.431453 0.099823
v 0.053003 0.639405 0.108447
v 0.073918 0.648593 0.082056
v 0.064889 0.618797 0.123181
v 0.043679 0.598548 0.155160
v -0.112352 0.419305 0.135175
v -0.095238 0.405445 0.151175
v -0.115555 0.426604 0.130772
v -0.112012 0.442128 0.134948
v -0.117203 0.435184 0.129294
v -0.101562 0.414329 0.144674
v -0.081431 0.408063 0.158197
v -0.130185 0.446280 0.117025
v -0.097428 0.561206 0.146500
v -0.117770 0.545285 0.130946
v -0.107469 0.553025 0.139768
v -0.132710 0.521261 0.120840
v -0.083582 0.604882 0.144817
v -0.084945 0.594089 0.149695
v 0.078923 0.411975 0.154178
v 0.096326 0.422674 0.143316
v 0.054451 0.400833 0.166204
v 0.084558 0.418324 0.150545
v 0.082292 0.424314 0.152733
v 0.066956 0.404732 0.161407
v 0.121357 0.425546 0.122742
v 0.128020 0.431041 0.117726
v 0.124658 0.441295 0.125838
v 0.135258 0.442145 0.114513
v 0.134039 0.436329 0.113175
v 0.110201 0.426347 0.133566
v 0.099719 0.430535 0.143738
v 0.106521 0.438985 0.141868
v 0.071363 0.585906 0.168183
v 0.068556 0.577107 0.176202
v 0.067274 0.542722 0.174270
v 0.087793 0.523800 0.163190
v 0.062350 0.606346 0.139204
v 0.060133 0.593044 0.159902
v -0.134990 0.475307 0.118543
v 0.114722 0.506186 0.145171
v 0.100446 0.514976 0.155605
v 0.108688 0.485816 0.149302
v 0.064902 0.497079 0.173479
v 0.085967 0.488005 0.163273
v 0.097388 0.484746 0.156899
v 0.083632 0.477348 0.164916
v 0.115011 0.479494 0.144475
v -0.130435 0.429997 0.113551
v 0.080528 0.462409 0.164805
v 0.106328 0.453515 0.146441
v 0.096231 0.447878 0.152182
v 0.117223 0.448065 0.135720
v -0.028813 0.271422 0.143339
v -0.015887 0.279626 0.149101
v -0.046030 0.313802 0.160562
v -0.027495 0.313999 0.163492
v -0.050746 0.334696 0.166599
v -0.004654 0.302241 0.159978
v -0.008308 0.287584 0.153498
v 0.009270 0.293834 0.156421
v -0.008370 0.244983 0.123393
v 0.003360 0.251792 0.130145
v 0.019005 0.333874 0.170155
v 0.022424 0.353101 0.173396
v -0.065022 0.353945 0.166153
v -0.088547 0.389609 0.156428
v -0.071710 0.373262 0.164987
v 0.036051 0.369498 0.173378
v -0.060580 0.620419 0.131471
v -0.070268 0.618570 0.131730
v -0.074279 0.612331 0.141028
v -0.065934 0.609332 0.148077
v 0.153448 0.437308 0.080368
v 0.150188 0.433884 0.085190
v 0.036839 0.589150 0.167053
v -0.101691 0.404568 0.146852
v -0.083137 0.400327 0.158541
v -0.120268 0.454668 0.130569
v -0.131773 0.440569 0.113290
v -0.103388 0.564590 0.141097
v -0.094556 0.573232 0.146798
v -0.111453 0.555758 0.135130
v -0.098280 0.546423 0.148964
v -0.075606 0.595021 0.153943
v -0.080976 0.588002 0.153227
v -0.088662 0.581401 0.149932
v -0.067359 0.586002 0.160530
v -0.073705 0.588229 0.156747
v 0.100676 0.418649 0.139642
v 0.043941 0.386540 0.171098
v 0.118077 0.436922 0.131033
v 0.058470 0.579371 0.174832
v 0.046118 0.572370 0.177439
v 0.062038 0.572240 0.177831
v 0.054014 0.573683 0.177280
v 0.070949 0.564003 0.178110
v 0.078876 0.545127 0.171872
v 0.095269 0.526358 0.159871
v 0.057013 0.611331 0.135356
v 0.055042 0.605172 0.143869
v 0.050631 0.594202 0.160160
v 0.042717 0.593184 0.162094
v 0.054888 0.589546 0.165768
v 0.068485 0.592456 0.159114
v -0.142670 0.470531 0.108175
v -0.132298 0.468653 0.120712
v -0.114261 0.482502 0.140659
v -0.142240 0.483582 0.112313
v -0.128853 0.484965 0.127121
v -0.140421 0.493453 0.116148
v 0.086670 0.514099 0.162941
v 0.085329 0.451967 0.160095
v 0.061058 0.442096 0.168525
v 0.080944 0.443271 0.160059
v 0.108199 0.445002 0.142858
v -0.022140 0.281451 0.149497
v -0.015092 0.261840 0.137883
v -0.008841 0.268796 0.143240
v -0.032266 0.307941 0.160548
v -0.039269 0.327071 0.166294
v -0.047180 0.342904 0.169447
v -0.008210 0.231465 0.108288
v 0.015359 0.361583 0.175234
v -0.078034 0.372843 0.162103
v -0.051890 0.373066 0.171233
v -0.043250 0.356782 0.172747
v -0.072466 0.608221 0.146803
v -0.050815 0.605952 0.155127
v -0.121230 0.449005 0.127517
v -0.128913 0.460571 0.122928
v -0.099659 0.575882 0.143211
v -0.086530 0.566830 0.153249
v -0.086442 0.574674 0.152082
v -0.099807 0.553098 0.146240
v -0.092247 0.557770 0.151217
v -0.105873 0.546969 0.142345
v -0.090291 0.588204 0.148343
v 0.054640 0.394626 0.167174
v 0.030190 0.394172 0.173480
v 0.065588 0.554027 0.177186
v 0.076862 0.556070 0.176320
v 0.077018 0.567305 0.178109
v 0.078226 0.533966 0.168615
v 0.087846 0.533052 0.164532
v -0.151026 0.468646 0.094666
v -0.122749 0.475844 0.131822
v -0.120173 0.490704 0.135829
v -0.067986 0.498602 0.171197
v -0.109466 0.506401 0.145959
v -0.118705 0.499933 0.137862
v -0.093497 0.491584 0.157630
v -0.123700 0.510158 0.133031
v -0.105526 0.497460 0.148488
v -0.106875 0.489541 0.147102
v -0.088678 0.502439 0.160091
v -0.099600 0.503060 0.152971
v -0.092050 0.518078 0.157957
v -0.093376 0.509947 0.157199
v -0.070118 0.512775 0.170208
v -0.082663 0.513320 0.163359
v -0.075652 0.521676 0.167364
v 0.091843 0.517374 0.160426
v 0.081499 0.520660 0.165900
v 0.071588 0.508660 0.170228
v 0.096407 0.509657 0.157106
v 0.068651 0.448976 0.167455
v -0.004510 0.469566 0.186461
v 0.040411 0.472662 0.181335
v 0.059239 0.465725 0.174966
v 0.072434 0.436549 0.161777
v 0.027869 0.421082 0.173245
v 0.055685 0.422250 0.165204
v 0.067659 0.420947 0.159225
v 0.066033 0.429352 0.162300
v 0.094170 0.442005 0.151824
v 0.093291 0.435864 0.150427
v -0.005996 0.256676 0.134551
v -0.066008 0.381334 0.167025
v -0.059921 0.367686 0.168868
v -0.013303 0.353254 0.175919
v -0.029926 0.371337 0.176184
v -0.059482 0.605443 0.153545
v -0.055919 0.594417 0.161648
v -0.054135 0.614282 0.144205
v -0.131771 0.453402 0.117304
v -0.092885 0.567193 0.148859
v -0.068934 0.567468 0.163669
v 0.030021 0.383214 0.173953
v 0.041353 0.393453 0.170935
v 0.071147 0.547925 0.174710
v 0.075035 0.540424 0.171379
v 0.065568 0.532040 0.173449
v 0.084873 0.539863 0.167988
v -0.147067 0.463543 0.099503
v -0.020978 0.527843 0.185170
v -0.086613 0.524672 0.160888
v -0.093943 0.535659 0.154746
v -0.101761 0.525877 0.150372
v -0.087590 0.531138 0.159670
v 0.076560 0.513587 0.168040
v -0.027426 0.349482 0.174432
v 0.000922 0.362604 0.176895
v -0.040087 0.367892 0.174335
v -0.061009 0.613368 0.143687
v -0.078307 0.564094 0.158972
v -0.075009 0.573259 0.158919
v -0.066535 0.576654 0.162831
v -0.073109 0.580743 0.158617
v -0.048060 0.568141 0.172053
v -0.057302 0.583120 0.165110
v -0.058611 0.570488 0.167859
v -0.052100 0.576092 0.168522
v 0.074964 0.527730 0.169026
v 0.042976 0.544296 0.181028
v 0.053337 0.524890 0.177982
v 0.062424 0.516690 0.174402
v 0.051124 0.508604 0.177897
v 0.060589 0.510967 0.174685
v -0.050237 0.529257 0.178040
v -0.058389 0.549013 0.172953
v -0.055858 0.559572 0.171765
v -0.071303 0.554647 0.165676
v -0.062558 0.563638 0.167986
v -0.072681 0.561056 0.163270
v -0.113306 0.521747 0.141447
v -0.105560 0.515042 0.148793
v -0.115902 0.515063 0.139853
v -0.103531 0.532188 0.147538
v -0.100853 0.539072 0.148726
v -0.021600 0.329591 0.169622
v -0.010567 0.318599 0.166254
v -0.022738 0.360752 0.176445
v -0.001453 0.380960 0.178489
v -0.015277 0.373501 0.177866
v -0.004891 0.370489 0.177795
v -0.024017 0.380072 0.177369
v -0.041653 0.393689 0.173726
v -0.043530 0.381849 0.173711
v -0.034122 0.385716 0.175914
v -0.051948 0.390384 0.171058
v -0.057460 0.383468 0.169700
v -0.000194 0.342229 0.173027
v -0.060970 0.589083 0.162202
v -0.052156 0.588266 0.165013
v 0.055888 0.540561 0.177349
v 0.051503 0.554179 0.178722
v 0.063040 0.525858 0.174218
v 0.054478 0.532606 0.177723
v 0.044215 0.531050 0.180929
v 0.046314 0.537372 0.180537
v -0.064401 0.527622 0.172603
v -0.062751 0.554920 0.169875
v -0.027839 0.338630 0.171717
v -0.029429 0.327355 0.167944
v -0.017885 0.341438 0.173370
v -0.019183 0.315912 0.165000
v 0.005788 0.353813 0.175029
v -0.003978 0.351876 0.175321
v -0.002540 0.327561 0.169226
v -0.008997 0.336711 0.171874
v 0.058049 0.557642 0.178284
v 0.050608 0.546920 0.178906
v 0.059519 0.549018 0.177242
v -0.051864 0.517858 0.177624
v -0.060461 0.538086 0.173835
v 0.012817 0.349224 0.173559
v -0.055159 0.523954 0.176300
v -0.064201 0.518675 0.172749
v -0.070982 0.544269 0.167974
v -0.082410 0.539421 0.162262
v -0.090166 0.543638 0.156130
v -0.079900 0.547945 0.162280
v -0.090761 0.550067 0.154314
v -0.068503 0.533646 0.170292
v -0.026392 0.613434 0.157942
v -0.000754 0.611942 0.167931
v -0.008091 0.605916 0.169667
v 0.017193 0.597713 0.163803
v 0.015486 0.605122 0.160756
v 0.002006 0.594552 0.170628
v 0.024734 0.602843 0.157421
v 0.008792 0.600233 0.166413
v -0.005009 0.598526 0.170808
v 0.031459 0.605371 0.152656
v -0.154700 0.500796 0.096633
v -0.158221 0.491568 0.091406
v -0.029844 0.592930 0.168364
v -0.049561 0.634682 0.117611
v -0.124511 0.527355 0.128892
v -0.123149 0.535985 0.128041
v -0.115999 0.534760 0.135691
v -0.130026 0.532352 0.120580
v -0.036808 0.615640 0.147746
v -0.045334 0.612045 0.148989
v -0.042413 0.605867 0.156171
v -0.035253 0.600420 0.162346
v -0.027559 0.600272 0.165862
v -0.044360 0.596994 0.162259
v -0.021716 0.596204 0.169751
v -0.014601 0.568796 0.179139
v -0.015366 0.583645 0.174752
v -0.016661 0.591062 0.172534
v -0.006605 0.589276 0.173467
v -0.038165 0.591537 0.166623
v -0.031771 0.577031 0.173823
v -0.032149 0.585334 0.171017
v -0.023284 0.585820 0.172951
v -0.003461 0.577370 0.177167
v -0.041929 0.575418 0.171635
v -0.008116 0.582665 0.175451
v 0.002771 0.585247 0.173868
v -0.046962 0.580630 0.168675
v 0.010230 0.575859 0.176620
v 0.011211 0.590823 0.169703
v 0.003851 0.578986 0.176160
v 0.023342 0.589372 0.167951
v 0.025929 0.595888 0.162194
v 0.033315 0.593995 0.162574
v -0.029631 0.606831 0.160810
v -0.050769 0.599548 0.159979
v -0.029525 0.551499 0.181973
v 0.015948 0.583962 0.172271
v 0.029570 0.584717 0.170669
v 0.034674 0.576011 0.175539
v -0.042147 0.557583 0.176602
v -0.034075 0.565885 0.176376
v -0.042366 0.542061 0.180185
v 0.034478 0.560490 0.179817
v 0.043073 0.580085 0.174336
v -0.048538 0.561700 0.173653
v -0.050071 0.553232 0.175279
v -0.032548 0.558407 0.179036
v -0.017476 0.557858 0.182191
v -0.025117 0.569986 0.177012
v -0.022103 0.577778 0.175307
v -0.020751 0.564057 0.179708
v -0.052745 0.542863 0.176205
v -0.047916 0.536070 0.178624
v -0.035800 0.530622 0.182737
v 0.037764 0.568335 0.178046
v 0.025119 0.568074 0.178413
v 0.044905 0.561638 0.179046
v -0.039547 0.522207 0.181564
v -0.012314 0.498421 0.185944
v -0.030993 0.509123 0.183170
v -0.039627 0.515403 0.181350
v -0.022256 0.517450 0.184863
v 0.027660 0.574220 0.176224
v 0.018075 0.572597 0.177226
v 0.004614 0.559194 0.182880
v 0.015190 0.563231 0.180834
v 0.005892 0.567750 0.179913
v 0.020918 0.546645 0.184737
v 0.031955 0.538630 0.183599
v 0.024482 0.559585 0.180977
v -0.004629 0.564602 0.181130
v 0.014580 0.554431 0.183546
v 0.031162 0.551108 0.182376
v -0.001406 0.570794 0.179250
v -0.012454 0.562721 0.181302
v 0.041274 0.553368 0.180512
v 0.050775 0.566427 0.178655
v -0.028520 0.523562 0.184075
v -0.010719 0.508607 0.186003
v 0.034453 0.544745 0.183085
v -0.021316 0.511645 0.184916
v -0.020196 0.504542 0.185169
v -0.041965 0.497933 0.180914
v -0.027376 0.498405 0.184048
v -0.048456 0.507486 0.179201
v -0.026954 0.483139 0.184380
v -0.018657 0.490749 0.185712
v -0.033802 0.490743 0.182760
v -0.054199 0.489510 0.177325
v -0.005899 0.481105 0.187106
v 0.024477 0.499265 0.184051
v -0.036688 0.504083 0.182130
v -0.058327 0.512584 0.175318
v -0.063690 0.505739 0.173183
v -0.055487 0.499085 0.176725
v -0.074040 0.487710 0.168563
v -0.016876 0.475771 0.185886
v -0.049370 0.453726 0.175304
v -0.030217 0.463541 0.182266
v -0.019562 0.468639 0.184885
v 0.016376 0.474494 0.185867
v 0.005544 0.501129 0.186477
v -0.065759 0.491973 0.172312
v -0.080564 0.495585 0.165306
v -0.087293 0.473929 0.159829
v -0.095524 0.482403 0.155540
v -0.105301 0.469883 0.146456
v -0.080636 0.480415 0.164774
v -0.099362 0.475795 0.151883
v -0.061091 0.468327 0.173043
v -0.074065 0.472877 0.167492
v 0.002601 0.475056 0.186894
v -0.005831 0.503005 0.186253
v 0.005605 0.489958 0.186819
v -0.006644 0.492470 0.186689
v 0.014599 0.516543 0.185477
v -0.058381 0.478837 0.175350
v -0.039817 0.474052 0.181018
v 0.015072 0.494657 0.185819
v 0.026751 0.484423 0.184260
v 0.015279 0.507441 0.185398
v -0.004166 0.520745 0.186525
v -0.051470 0.472449 0.177018
v -0.044764 0.481964 0.179847
v 0.033786 0.506683 0.182153
v 0.002355 0.507853 0.186353
v -0.006749 0.514404 0.186228
v -0.015177 0.521960 0.185925
v 0.045984 0.496836 0.179754
v 0.035915 0.516691 0.181983
v 0.049526 0.516808 0.178824
v 0.043899 0.523318 0.180758
v 0.023439 0.511072 0.184160
v 0.046076 0.503572 0.179270
v 0.035757 0.500865 0.182005
v 0.040290 0.510800 0.180767
v 0.066606 0.485533 0.173333
v -0.020634 0.294180 0.156129
v -0.090406 0.450641 0.154213
v -0.136459 0.510011 0.119830
v -0.138030 0.502789 0.118637
v -0.129486 0.504454 0.127419
v 0.072488 0.471003 0.170178
v 0.070325 0.478175 0.171569
v 0.049920 0.481736 0.179366
v 0.055170 0.473603 0.177254
v 0.052187 0.488928 0.178518
v 0.039106 0.487012 0.182106
v 0.027855 0.492226 0.183936
v 0.037897 0.479447 0.182550
v 0.029307 0.455262 0.181115
v 0.048192 0.450077 0.175381
v 0.045554 0.459905 0.178069
v 0.025551 0.438461 0.177776
v 0.059302 0.455265 0.172884
v 0.045774 0.466260 0.179195
v 0.043152 0.441535 0.174529
v 0.029116 0.446723 0.179466
v 0.040717 0.431043 0.172560
v -0.002011 0.452677 0.184597
v -0.006483 0.461445 0.185475
v 0.052548 0.427988 0.167834
v 0.053998 0.435206 0.169365
v 0.014713 0.452055 0.183146
v 0.013965 0.463401 0.185125
v 0.030315 0.464216 0.182425
v 0.005967 0.442409 0.181494
v 0.023286 0.429426 0.175725
v -0.012110 0.415392 0.176518
v 0.007614 0.420157 0.176390
v 0.028523 0.470370 0.183450
v -0.023845 0.444118 0.180103
v 0.003371 0.431514 0.178428
v 0.006160 0.401583 0.177822
v -0.008670 0.445683 0.182473
v -0.020635 0.454318 0.182771
v -0.010808 0.437120 0.179972
v -0.036560 0.456852 0.179915
v -0.046949 0.464231 0.177761
v -0.039689 0.428249 0.173494
v -0.012727 0.426467 0.177447
v -0.027394 0.434741 0.177401
v -0.026662 0.420980 0.175463
v -0.042797 0.443375 0.175244
v -0.050224 0.412961 0.170172
v -0.056861 0.403207 0.168917
v -0.029372 0.407189 0.175035
v -0.040716 0.419298 0.172594
v -0.060503 0.427653 0.167098
v -0.070943 0.416625 0.162553
v -0.068910 0.403640 0.164448
v 0.013118 0.436315 0.179041
v 0.001443 0.410577 0.176957
v -0.012022 0.401969 0.178676
v 0.018815 0.410549 0.174919
v 0.022329 0.401053 0.174848
v 0.038372 0.413656 0.169927
v 0.053483 0.412354 0.165138
v 0.042696 0.402893 0.169615
v 0.010043 0.391062 0.177653
v 0.059962 0.408791 0.163167
v -0.004378 0.392231 0.178672
v 0.009758 0.381549 0.177581
v -0.035932 0.449701 0.178646
v -0.067315 0.446452 0.166813
v -0.042235 0.403777 0.172880
v -0.054110 0.436272 0.170326
v -0.070970 0.424458 0.162421
v -0.017543 0.408775 0.176877
v -0.024354 0.398423 0.176830
v 0.041412 0.421018 0.169776
v 0.034463 0.406087 0.171716
v -0.054795 0.447440 0.172054
v -0.072039 0.437365 0.162890
v -0.079341 0.445237 0.159917
v -0.049770 0.619136 0.137695
v 0.001760 0.604108 0.168357
v -0.039335 0.582278 0.170214
v -0.040247 0.549620 0.179532
v -0.007555 0.541466 0.186485
v 0.005678 0.546415 0.186423
v -0.024586 0.539093 0.184720
v -0.032369 0.544666 0.182768
v -0.006979 0.551156 0.185037
v -0.004380 0.557642 0.183283
v 0.011163 0.532080 0.186247
v -0.026683 0.533317 0.184392
v -0.018047 0.549767 0.184069
v 0.023063 0.534066 0.185087
v 0.012990 0.539683 0.186201
v 0.002820 0.537658 0.187021
v -0.008056 0.531952 0.186813
v -0.017536 0.543323 0.185451
v -0.077464 0.506379 0.166459
v -0.108196 0.459906 0.142641
v -0.105851 0.450908 0.142734
v -0.091822 0.461329 0.155037
v -0.075257 0.463122 0.165772
v -0.095563 0.440685 0.149457
v -0.094029 0.468755 0.154452
v -0.060761 0.460908 0.172095
v -0.069009 0.455030 0.167226
v -0.099648 0.431498 0.145036
v -0.081724 0.455252 0.160348
v -0.087998 0.420171 0.153083
v -0.092664 0.414916 0.150919
v 0.009771 0.481908 0.186494
v 0.023154 0.523117 0.184697
v 0.009748 0.524468 0.186125
v 0.002143 0.529817 0.186941
v 0.078649 0.483525 0.167596
v 0.073493 0.490141 0.169888
v 0.081837 0.498267 0.165467
v 0.095175 0.500788 0.157574
v 0.085229 0.506908 0.163427
v 0.095149 0.492796 0.157927
v 0.070931 0.501897 0.170636
vn 0.4497 -0.0860 -0.8890
vn 0.3134 -0.0271 -0.9492
vn 0.2383 -0.0025 -0.9712
vn 0.1694 0.0249 -0.9852
vn -0.0247 -0.0268 -0.9993
vn -0.0923 -0.0677 -0.9934
vn -0.1431 0.0193 -0.9895
vn -0.0475 0.2186 -0.9747
vn -0.1526 0.2988 -0.9420
vn -0.1686 0.4269 -0.8884
vn -0.1542 0.5334 -0.8317
vn -0.0647 0.6983 -0.7129
vn -0.0187 0.7988 -0.6013
vn -0.0107 0.8674 -0.4974
vn -0.0206 0.9475 -0.3191
vn -0.0759 0.9887 -0.1293
vn 0.0244 0.9995 0.0179
vn -0.0960 0.9924 0.0773
vn -0.2566 0.9586 0.1239
vn -0.1878 0.9652 0.1820
vn -0.0995 0.9629 0.2508
vn -0.0917 0.9552 0.2814
vn 0.0955 0.9843 0.1484
vn 0.0454 0.9990 0.0027
vn -0.0342 0.9847 -0.1710
vn -0.0136 0.9325 -0.3610
vn 0.0212 0.8550 -0.5181
vn -0.0321 0.7482 -0.6627
vn -0.0477 0.6170 -0.7855
vn -0.1138 0.4853 -0.8669
vn -0.1767 0.3626 -0.9150
vn -0.1461 0.3069 -0.9405
vn -0.1139 0.2051 -0.9721
vn 0.0368 0.1422 -0.9892
vn 0.0366 0.0060 -0.9993
vn 0.0451 0.0702 -0.9965
vn 0.1838 0.1198 -0.9756
vn 0.1652 -0.0822 -0.9828
vn 0.2220 -0.1417 -0.9647
vn 0.3269 -0.1808 -0.9276
vn 0.4901 -0.1302 -0.8619
vn 0.7029 -0.0041 -0.7112
vn 0.7642 -0.0681 -0.6414
vn 0.8409 -0.0146 -0.5410
vn 0.8996 0.1283 -0.4175
vn 0.9344 0.1012 -0.3416
vn 0.9671 0.1761 -0.1836
vn 0.9577 0.2835 -0.0493
vn 0.8443 0.5184 0.1361
vn 0.9430 0.2815 0.1777
vn 0.8902 0.3067 0.3368
vn 0.9102 0.1018 0.4014
vn 0.8463 0.0715 0.5279
vn 0.7608 -0.1290 0.6360
vn 0.7327 -0.3155 0.6030
vn 0.7240 -0.1350 0.6764
vn 0.7504 -0.0155 0.6608
vn 0.7672 -0.0056 0.6414
vn 0.7771 0.0227 0.6289
vn 0.9416 0.1236 0.3132
vn 0.9861 0.0913 0.1385
vn 0.4453 -0.8852 -0.1346
vn 0.9793 0.1804 -0.0914
vn 0.9633 0.1900 -0.1898
vn 0.9276 0.1349 -0.3485
vn 0.8963 0.0712 -0.4376
vn 0.8099 -0.0625 -0.5832
vn 0.7712 0.0953 -0.6294
vn 0.6104 -0.0765 -0.7884
vn 0.4721 -0.1063 -0.8751
vn 0.2239 -0.0645 -0.9725
vn 0.7819 0.0128 0.6232
vn 0.8395 0.0854 0.5367
vn 0.9328 0.2165 0.2882
vn 0.9768 0.1532 -0.1499
vn 0.9569 0.0504 -0.2862
vn 0.9151 0.0818 -0.3949
vn 0.8685 -0.0088 -0.4956
vn 0.8030 0.1082 -0.5861
vn 0.7078 -0.0354 -0.7055
vn 0.0792 0.0341 -0.9963
vn 0.0362 0.0881 -0.9955
vn -0.0918 0.3080 -0.9469
vn -0.0886 0.5065 -0.8577
vn 0.0248 0.8498 -0.5265
vn 0.0160 0.9826 -0.1849
vn -0.0481 0.9945 0.0934
vn 0.0021 0.6979 -0.7161
vn 0.1402 -0.0342 -0.9895
vn 0.1787 0.0060 -0.9839
vn 0.3327 -0.0993 -0.9378
vn 0.9748 0.1034 0.1974
vn 0.9439 0.2900 0.1577
vn 0.7615 0.6022 0.2396
vn 0.8390 0.3500 0.4166
vn 0.9599 0.2335 -0.1549
vn 0.9337 0.2119 -0.2886
vn 0.9063 0.1210 -0.4049
vn 0.8540 0.0409 -0.5187
vn 0.8023 -0.0820 -0.5913
vn 0.7171 -0.0945 -0.6905
vn 0.5671 -0.1861 -0.8023
vn 0.5846 -0.0441 -0.8102
vn 0.0465 0.0385 -0.9982
vn 0.0583 0.0539 -0.9968
vn 0.1316 0.0542 -0.9898
vn 0.0078 0.1764 -0.9843
vn -0.0647 0.2470 -0.9668
vn -0.0202 0.1989 -0.9798
vn 0.0012 0.0350 -0.9994
vn 0.0222 0.0382 -0.9990
vn -0.1401 0.3493 -0.9265
vn -0.1305 0.4157 -0.9001
vn -0.1196 0.3928 -0.9118
vn -0.0540 0.2835 -0.9575
vn -0.1169 0.4977 -0.8594
vn -0.0741 0.5611 -0.8244
vn 0.0466 0.8395 -0.5413
vn -0.0141 0.7952 -0.6061
vn -0.0034 0.8857 -0.4642
vn 0.0116 0.9500 -0.3121
vn 0.0225 0.9759 -0.2173
vn -0.0014 0.9962 -0.0868
vn -0.0031 0.9991 0.0431
vn -0.0034 1.0000 0.0044
vn -0.0360 0.9880 0.1501
vn -0.0656 0.6835 -0.7270
vn 0.0020 0.7603 -0.6496
vn -0.0622 0.6357 -0.7694
vn 0.9598 0.2798 0.0211
vn 0.9559 0.2684 0.1193
vn 0.8396 0.1074 0.5325
vn 0.8952 0.1342 0.4250
vn -0.0067 -0.0076 -0.9999
vn 0.0203 0.9169 -0.3985
vn 0.9725 0.2296 -0.0401
vn -0.0338 0.9777 0.2071
vn -0.4226 0.1238 -0.8978
vn -0.4479 0.0208 -0.8938
vn -0.6233 0.0204 -0.7817
vn -0.7130 0.1308 -0.6888
vn -0.7969 0.2445 -0.5524
vn -0.8495 0.1916 -0.4916
vn -0.8387 0.3906 -0.3796
vn -0.8781 0.3834 -0.2862
vn -0.8618 0.4820 -0.1582
vn -0.9371 0.3169 -0.1465
vn -0.9221 0.3790 0.0781
vn -0.8654 0.3141 0.3904
vn -0.8755 0.2222 0.4291
vn -0.8779 0.1066 0.4669
vn -0.8906 -0.0834 0.4471
vn -0.8822 -0.2654 0.3889
vn -0.9171 -0.0841 0.3897
vn -0.9308 0.1844 0.3156
vn -0.9227 0.3569 0.1458
vn -0.9089 0.4136 -0.0526
vn -0.9206 0.3651 -0.1385
vn -0.9135 0.3415 -0.2213
vn -0.8678 0.3703 -0.3313
vn -0.8582 0.3054 -0.4126
vn -0.8018 0.3281 -0.4995
vn -0.7273 0.2145 -0.6519
vn -0.6773 0.1362 -0.7230
vn -0.5292 0.1145 -0.8407
vn -0.4826 0.2455 -0.8407
vn -0.4402 0.2458 -0.8636
vn -0.2996 0.0539 -0.9525
vn -0.2462 0.0648 -0.9671
vn -0.1134 -0.1104 -0.9874
vn 0.0205 -0.1315 -0.9911
vn 0.2628 -0.1076 -0.9588
vn 0.4416 0.2276 -0.8679
vn 0.3728 0.2678 -0.8884
vn 0.3632 0.2645 -0.8934
vn 0.4764 0.2741 -0.8354
vn 0.5151 0.3822 -0.7672
vn 0.4606 0.6245 -0.6308
vn 0.3489 0.7887 -0.5063
vn 0.3775 0.8881 -0.2622
vn 0.4477 0.8942 -0.0011
vn 0.4117 0.8890 0.2002
vn 0.4097 0.8467 0.3394
vn 0.4525 0.7485 0.4848
vn 0.4703 0.7556 0.4560
vn 0.4963 0.7567 0.4256
vn 0.5185 0.7527 0.4057
vn 0.5065 0.8011 0.3189
vn 0.5553 0.8126 0.1767
vn 0.4901 0.8709 -0.0380
vn 0.4327 0.8712 -0.2320
vn 0.4886 0.7467 -0.4513
vn 0.4636 0.6483 -0.6040
vn 0.4297 0.4924 -0.7570
vn 0.3785 0.3414 -0.8603
vn 0.3533 0.2777 -0.8934
vn 0.3926 0.2402 -0.8878
vn 0.2861 0.3749 -0.8818
vn 0.0005 0.2108 -0.9775
vn -0.1452 0.0421 -0.9885
vn -0.1982 -0.0286 -0.9797
vn -0.3269 0.1298 -0.9361
vn -0.3638 0.1942 -0.9110
vn -0.4144 0.1989 -0.8881
vn -0.4141 0.1594 -0.8962
vn -0.3190 0.1306 -0.9387
vn -0.9041 0.3731 0.2082
vn -0.9039 0.2551 0.3434
vn -0.8905 0.3344 0.3084
vn 0.3636 0.2624 -0.8939
vn 0.3713 0.2939 -0.8808
vn 0.4576 0.3441 -0.8199
vn 0.2796 0.1609 -0.9465
vn -0.0920 -0.0815 -0.9924
vn 0.4835 0.8450 0.2285
vn 0.5036 0.7918 0.3458
vn 0.4591 0.7903 0.4058
vn 0.5099 0.8229 0.2507
vn 0.4184 0.8947 -0.1565
vn 0.4712 0.7111 -0.5219
vn 0.4475 0.6069 -0.6568
vn -0.8978 0.4076 -0.1667
vn -0.8314 0.3290 -0.4479
vn -0.9097 0.0852 0.4063
vn -0.4961 0.1717 -0.8511
vn -0.8986 0.2390 -0.3680
vn -0.6754 0.1222 -0.7272
vn -0.4446 0.1901 -0.8753
vn -0.3543 0.1145 -0.9281
vn -0.1968 0.0015 -0.9804
vn -0.2778 0.0467 -0.9595
vn -0.3750 0.1832 -0.9088
vn -0.9230 0.3827 0.0394
vn -0.9382 0.3296 -0.1054
vn -0.9240 0.3096 0.2244
vn 0.3856 0.2537 -0.8871
vn 0.3914 0.2928 -0.8724
vn 0.0035 -0.0237 -0.9997
vn 0.4749 0.8340 0.2809
vn 0.4841 0.8696 0.0968
vn 0.4322 0.9005 -0.0479
vn 0.4684 0.8760 0.1148
vn 0.4320 0.8398 -0.3288
vn 0.4432 0.7977 -0.4089
vn 0.4442 0.6857 -0.5766
vn 0.5358 0.4487 -0.7153
vn 0.4909 0.4132 -0.7670
vn -0.8510 0.4793 -0.2148
vn -0.9143 0.2876 -0.2853
vn -0.9407 0.2782 -0.1943
vn -0.8894 0.4317 -0.1504
vn -0.8050 0.3051 -0.5088
vn -0.7954 0.3093 -0.5212
vn -0.7375 0.1139 -0.6657
vn -0.8524 0.2182 -0.4752
vn -0.8422 0.3566 -0.4044
vn -0.4572 0.0704 -0.8866
vn -0.5787 0.2381 -0.7800
vn -0.8264 0.4725 -0.3062
vn -0.8854 0.2331 -0.4021
vn -0.6889 0.1437 -0.7105
vn -0.6069 0.0555 -0.7928
vn -0.4450 0.1301 -0.8860
vn -0.2686 0.0601 -0.9614
vn -0.9460 0.2969 -0.1303
vn -0.8476 0.5307 -0.0002
vn -0.8923 0.4476 0.0594
vn 0.3441 0.3384 -0.8759
vn 0.1984 -0.2699 -0.9422
vn 0.4122 0.9105 -0.0325
vn -0.7571 0.2835 -0.5885
vn -0.6959 0.1280 -0.7066
vn -0.7701 0.2130 -0.6013
vn -0.8166 0.5399 0.2039
vn -0.3019 -0.8440 -0.4433
vn -0.0228 -0.8845 -0.4659
vn 0.0744 -0.8995 -0.4305
vn 0.3532 -0.8947 -0.2735
vn 0.4695 -0.8512 -0.2345
vn 0.7019 -0.7015 -0.1237
vn 0.7815 -0.5151 -0.3520
vn 0.7760 -0.4175 -0.4728
vn 0.8034 -0.3043 -0.5118
vn 0.7842 -0.1979 -0.5881
vn 0.7424 -0.1744 -0.6468
vn 0.7402 -0.1622 -0.6526
vn 0.7509 -0.0775 -0.6559
vn 0.7844 -0.0073 -0.6202
vn 0.8202 0.0489 -0.5700
vn 0.9269 -0.0282 -0.3742
vn 0.9346 0.1124 -0.3374
vn 0.9776 0.1415 -0.1556
vn 0.9997 -0.0162 0.0198
vn 0.9389 0.2981 0.1722
vn 0.9593 -0.0999 0.2642
vn 0.8831 0.4680 0.0330
vn 0.9304 0.2666 -0.2515
vn 0.8601 0.3268 -0.3917
vn 0.8223 0.2890 -0.4901
vn 0.7093 0.3038 -0.6361
vn 0.5778 0.3257 -0.7483
vn 0.4695 0.4429 -0.7638
vn 0.3377 0.5998 -0.7253
vn 0.1959 0.7316 -0.6529
vn 0.0972 0.7940 -0.6001
vn 0.0590 0.7961 -0.6023
vn 0.0280 0.8324 -0.5535
vn -0.0165 0.8008 -0.5987
vn -0.0553 0.7317 -0.6794
vn -0.1324 0.6354 -0.7608
vn -0.2601 0.5372 -0.8024
vn -0.4348 0.3395 -0.8341
vn -0.6884 0.2924 -0.6638
vn -0.7300 0.4436 -0.5200
vn -0.8599 0.2663 -0.4355
vn -0.9174 -0.3837 -0.1060
vn -0.9142 -0.4049 0.0193
vn -0.9527 0.2958 -0.0693
vn -0.9524 0.1386 -0.2716
vn -0.8693 0.2062 -0.4491
vn -0.7535 -0.5510 -0.3585
vn -0.5703 0.5332 -0.6249
vn -0.7214 0.2225 -0.6558
vn -0.6006 0.5193 -0.6080
vn -0.5261 0.6991 -0.4843
vn -0.5064 0.7507 -0.4242
vn -0.6076 0.5247 -0.5963
vn -0.8114 -0.1329 -0.5692
vn -0.4168 -0.2820 -0.8642
vn -0.3094 -0.3321 -0.8911
vn -0.4384 -0.4397 -0.7839
vn -0.4048 -0.6252 -0.6672
vn -0.2467 -0.7444 -0.6205
vn -0.0793 -0.8402 -0.5364
vn 0.3442 -0.9033 -0.2559
vn 0.6835 -0.6828 -0.2582
vn 0.8124 0.4832 -0.3263
vn 0.6340 0.3846 -0.6709
vn 0.2492 -0.7445 -0.6193
vn 0.8819 0.3948 -0.2575
vn 0.9688 0.2409 0.0580
vn 0.9715 0.2005 -0.1264
vn 0.7735 0.6169 -0.1458
vn -0.0727 0.9872 -0.1421
vn -0.7513 0.2652 -0.6044
vn -0.9658 -0.1641 -0.2009
vn 0.1820 0.9461 -0.2678
vn 0.8602 -0.1194 -0.4957
vn 0.6170 0.4146 -0.6689
vn 0.7704 0.1797 -0.6117
vn 0.3250 -0.9123 -0.2491
vn 0.1884 -0.8820 -0.4320
vn 0.0353 -0.2761 -0.9605
vn 0.8791 0.3054 -0.3660
vn 0.8332 0.2724 -0.4812
vn 0.8700 0.3701 -0.3259
vn -0.2707 0.8925 -0.3607
vn -0.1830 0.8204 -0.5417
vn 0.0616 0.9835 -0.1699
vn -0.7449 0.3028 -0.5945
vn -0.8307 0.3634 -0.4217
vn -0.7688 0.3983 -0.5003
vn 0.0906 0.8657 -0.4924
vn 0.8087 -0.1830 -0.5591
vn 0.9265 -0.3348 -0.1716
vn 0.6278 0.3562 -0.6920
vn 0.3996 0.6351 -0.6611
vn 0.8001 0.1045 -0.5908
vn 0.7648 -0.0387 -0.6431
vn 0.2599 -0.9160 -0.3057
vn 0.6912 -0.7196 -0.0665
vn 0.1219 -0.9009 -0.4166
vn 0.0660 -0.7162 -0.6947
vn -0.1724 -0.3390 -0.9249
vn -0.3242 0.5544 -0.7665
vn 0.9209 0.2675 -0.2834
vn 0.9385 0.1758 -0.2971
vn 0.8225 0.3658 -0.4356
vn 0.8852 0.2260 -0.4065
vn -0.3428 0.8439 -0.4128
vn -0.4111 0.7073 -0.5751
vn -0.2727 0.6083 -0.7454
vn -0.0246 0.8862 -0.4627
vn 0.0613 0.9090 -0.4122
vn -0.8158 0.2341 -0.5289
vn -0.8871 0.2664 -0.3770
vn -0.8064 0.2832 -0.5191
vn -0.6832 0.5896 -0.4309
vn -0.7410 0.3008 -0.6003
vn 0.0724 0.8243 -0.5615
vn 0.1536 0.7922 -0.5907
vn 0.0530 0.8467 -0.5294
vn 0.1074 0.8073 -0.5803
vn 0.7893 -0.2316 -0.5686
vn 0.8293 -0.2634 -0.4928
vn 0.7668 -0.1629 -0.6209
vn 0.8617 -0.4556 -0.2236
vn 0.7664 0.2438 -0.5943
vn 0.3822 0.6007 -0.7022
vn 0.8423 0.0839 -0.5324
vn 0.7790 0.0688 -0.6232
vn 0.8194 0.2945 -0.4918
vn 0.0890 -0.9162 -0.3907
vn 0.1792 -0.9393 -0.2925
vn 0.2816 -0.9190 -0.2760
vn 0.0116 -0.9170 -0.3988
vn 0.8207 -0.5386 -0.1906
vn 0.9482 -0.0250 0.3166
vn 0.3122 -0.9221 -0.2287
vn 0.1573 -0.9337 -0.3218
vn 0.1933 -0.9022 -0.3857
vn 0.1474 -0.9296 -0.3377
vn 0.4309 -0.8644 -0.2590
vn 0.4223 -0.8888 -0.1781
vn 0.5838 -0.8013 -0.1308
vn 0.8237 -0.5563 -0.1095
vn -0.0185 -0.8068 -0.5906
vn -0.1852 -0.7311 -0.6567
vn 0.1034 -0.8355 -0.5398
vn -0.1524 -0.5147 -0.8437
vn -0.2995 -0.3424 -0.8905
vn -0.2338 -0.2365 -0.9431
vn -0.3074 0.5801 -0.7543
vn 0.8499 0.3266 -0.4136
vn -0.4658 0.7209 -0.5132
vn -0.4209 0.7453 -0.5171
vn -0.3516 0.8569 -0.3769
vn -0.6834 0.2528 -0.6849
vn -0.3137 0.5092 -0.8014
vn -0.1686 0.6780 -0.7154
vn -0.0633 0.7712 -0.6334
vn -0.0031 0.8841 -0.4673
vn 0.0220 0.8431 -0.5372
vn -0.7636 0.2895 -0.5772
vn -0.4676 0.4972 -0.7308
vn 0.2642 0.6930 -0.6708
vn 0.1026 0.9559 -0.2751
vn 0.0384 0.8216 -0.5688
vn 0.8200 -0.2781 -0.5002
vn 0.8255 -0.3772 -0.4198
vn 0.8199 -0.4707 -0.3260
vn 0.8907 -0.3038 -0.3382
vn 0.8572 -0.3223 -0.4016
vn 0.7514 -0.1956 -0.6302
vn 0.7457 -0.0995 -0.6588
vn 0.7537 0.2489 -0.6082
vn 0.6691 0.3431 -0.6592
vn 0.7300 0.3019 -0.6132
vn 0.8244 0.2422 -0.5116
vn 0.4979 0.4656 -0.7317
vn 0.7853 0.1040 -0.6103
vn 0.7631 0.0215 -0.6459
vn 0.7484 -0.0188 -0.6630
vn 0.7486 0.1084 -0.6541
vn 0.7676 0.1183 -0.6299
vn 0.7245 0.2629 -0.6371
vn 0.7960 0.2004 -0.5712
vn 0.8218 0.3015 -0.4835
vn 0.7923 0.2678 -0.5482
vn 0.7689 0.2653 -0.5817
vn 0.8686 0.2787 -0.4097
vn 0.5643 -0.8137 -0.1394
vn 0.8741 -0.4842 -0.0394
vn 0.8318 -0.5030 -0.2349
vn -0.3740 -0.5169 -0.7700
vn -0.2857 -0.2915 -0.9129
vn -0.2566 0.1242 -0.9585
vn -0.4211 0.3478 -0.8377
vn -0.1796 0.0748 -0.9809
vn -0.1950 -0.0269 -0.9804
vn -0.3106 0.8504 -0.4246
vn -0.3284 0.8267 -0.4569
vn -0.2879 0.8465 -0.4479
vn -0.2804 0.8703 -0.4049
vn -0.3038 0.8818 -0.3607
vn -0.3498 0.8604 -0.3707
vn -0.3476 0.8015 -0.4866
vn -0.2907 0.9099 -0.2960
vn -0.2442 0.9278 -0.2821
vn -0.4099 0.8016 -0.4352
vn -0.4172 0.6854 -0.5967
vn 0.2739 0.6941 -0.6657
vn -0.0956 0.6800 -0.7269
vn -0.3528 0.6344 -0.6878
vn 0.0211 0.0715 -0.9972
vn -0.0996 0.3911 -0.9150
vn 0.1765 0.2624 -0.9487
vn -0.7388 0.2329 -0.6324
vn -0.7275 0.1966 -0.6574
vn -0.4876 0.6339 -0.6004
vn -0.1419 0.8080 -0.5718
vn -0.0721 0.8449 -0.5301
vn 0.0139 0.9751 -0.2215
vn -0.0137 0.9349 -0.3546
vn 0.0301 0.9653 -0.2594
vn -0.0851 0.9303 -0.3569
vn 0.0051 0.9316 -0.3635
vn -0.0623 0.9643 -0.2574
vn -0.2302 0.8542 -0.4661
vn 0.0705 0.9610 -0.2673
vn 0.1048 0.9705 -0.2172
vn 0.0686 0.9227 -0.3794
vn -0.0141 0.8276 -0.5611
vn 0.3235 0.7019 -0.6346
vn 0.2812 0.8200 -0.4986
vn 0.3164 0.7572 -0.5715
vn 0.5090 0.5829 -0.6334
vn 0.2061 0.8218 -0.5313
vn 0.2401 0.7580 -0.6064
vn 0.4196 0.7116 -0.5636
vn 0.1803 0.8791 -0.4413
vn 0.1293 0.8451 -0.5187
vn 0.4410 0.6357 -0.6336
vn 0.6527 0.5762 -0.4919
vn 0.1252 0.9021 -0.4129
vn 0.4978 0.5537 -0.6675
vn 0.5442 0.5125 -0.6643
vn 0.5704 0.5816 -0.5800
vn 0.3354 0.8745 -0.3502
vn 0.2253 0.9118 -0.3433
vn 0.4533 0.7483 -0.4843
vn 0.7815 -0.1648 -0.6018
vn 0.7176 0.2757 -0.6395
vn 0.6537 0.3647 -0.6631
vn 0.7759 0.3345 -0.5348
vn 0.5464 0.4777 -0.6879
vn 0.4348 0.5869 -0.6830
vn 0.7654 0.0041 -0.6435
vn 0.7028 0.2569 -0.6634
vn 0.8426 0.1953 -0.5019
vn 0.6206 -0.7581 -0.2003
vn 0.4696 -0.8688 -0.1572
vn 0.2800 -0.8805 -0.3824
vn 0.2132 -0.8472 -0.4865
vn 0.2174 -0.7829 -0.5829
vn 0.8894 -0.4284 -0.1593
vn -0.1343 -0.2066 -0.9692
vn -0.0845 -0.0591 -0.9947
vn -0.1462 -0.3234 -0.9349
vn 0.1628 -0.5201 -0.8385
vn -0.1824 0.1958 -0.9635
vn 0.0837 -0.0618 -0.9946
vn -0.3486 0.8181 -0.4575
vn -0.4353 0.7261 -0.5323
vn -0.1829 0.9212 -0.3435
vn -0.1505 0.9172 -0.3690
vn -0.1497 0.9517 -0.2682
vn -0.4167 0.6751 -0.6088
vn 0.7702 -0.0816 -0.6326
vn 0.7658 -0.1417 -0.6272
vn 0.6132 0.4252 -0.6657
vn 0.5788 0.4664 -0.6689
vn 0.7799 -0.6259 -0.0003
vn 0.9173 -0.3903 -0.0789
vn 0.2941 -0.8139 -0.5011
vn 0.0451 -0.5507 -0.8335
vn 0.3311 -0.4866 -0.8085
vn 0.3592 -0.1843 -0.9149
vn 0.2256 -0.7026 -0.6749
vn 0.1467 -0.8139 -0.5622
vn 0.2809 -0.5925 -0.7550
vn -0.2713 0.7886 -0.5518
vn -0.4095 0.6438 -0.6464
vn 0.9362 -0.1614 -0.3124
vn 0.3156 -0.3960 -0.8623
vn 0.9483 -0.2004 -0.2461
vn 0.7220 -0.3087 -0.6192
vn 0.6919 -0.5571 -0.4593
vn 0.3508 -0.5836 -0.7324
vn 0.9224 -0.2134 -0.3218
vn 0.2877 -0.5902 -0.7542
vn 0.8763 -0.1819 -0.4462
vn 0.4279 -0.2337 -0.8731
vn 0.7775 0.0805 -0.6238
vn 0.4930 -0.3847 -0.7804
vn 0.3533 -0.3915 -0.8497
vn 0.6891 -0.1948 -0.6980
vn 0.8604 -0.1301 -0.4927
vn 0.5061 -0.0883 -0.8580
vn 0.6953 -0.1094 -0.7103
vn 0.9203 0.1108 -0.3753
vn 0.9513 -0.2571 -0.1699
vn 0.9325 -0.1644 -0.3217
vn 0.2713 -0.6541 -0.7061
vn 0.9240 0.0395 -0.3804
vn 0.9509 -0.1766 -0.2542
vn 0.9336 -0.2279 -0.2764
vn 0.9474 0.1440 -0.2857
vn 0.8500 0.3024 -0.4314
vn 0.9589 -0.0686 -0.2755
vn 0.6865 0.2918 -0.6660
vn 0.9247 -0.0806 -0.3721
vn 0.6675 0.4369 -0.6029
vn 0.6995 0.6134 -0.3666
vn 0.5164 0.7751 -0.3640
vn -0.5344 0.3654 -0.7622
vn -0.3702 0.5596 -0.7415
vn -0.6215 0.3830 -0.6834
vn -0.5855 0.3321 -0.7395
vn -0.4872 0.5161 -0.7045
vn -0.7061 0.2081 -0.6769
vn 0.8593 -0.2015 -0.4701
vn 0.9057 -0.2051 -0.3709
vn 0.8971 -0.1459 -0.4171
vn 0.8322 -0.1655 -0.5292
vn 0.7932 -0.1719 -0.5842
vn 0.8084 -0.0189 -0.5884
vn 0.8755 -0.0348 -0.4819
vn 0.8029 -0.0590 -0.5931
vn 0.7660 -0.0168 -0.6426
vn 0.7813 -0.1333 -0.6097
vn -0.2779 0.3853 -0.8800
vn -0.2449 0.9477 -0.2045
vn -0.3790 0.7859 -0.4886
vn 0.0026 0.9970 -0.0773
vn -0.1494 0.8754 -0.4597
vn 0.0935 0.8570 -0.5068
vn -0.3239 0.9038 -0.2798
vn -0.1061 0.9940 -0.0260
vn 0.0029 0.9969 -0.0790
vn -0.2742 0.9399 -0.2034
vn 0.0546 0.9901 -0.1294
vn 0.2092 -0.8599 -0.4656
vn -0.3635 0.6535 -0.6639
vn 0.2126 -0.0116 -0.9771
vn 0.3356 -0.0148 -0.9419
vn 0.3548 0.3168 -0.8797
vn 0.3912 -0.2016 -0.8979
vn 0.6041 0.6677 -0.4350
vn 0.3834 0.9183 -0.0982
vn 0.2911 0.9433 -0.1596
vn 0.5772 0.7720 -0.2662
vn 0.3703 -0.1222 -0.9208
vn 0.4598 0.5859 -0.6673
vn 0.5760 0.2697 -0.7717
vn 0.1787 0.9838 0.0120
vn 0.4235 0.1200 -0.8979
vn 0.1241 0.9854 -0.1166
vn 0.2047 0.9737 -0.1001
vn 0.1069 0.9931 -0.0486
vn 0.2657 0.9639 -0.0174
vn 0.2651 0.9641 0.0171
vn 0.2616 0.9633 0.0594
vn 0.4239 0.8598 -0.2848
vn 0.2503 0.9363 -0.2464
vn 0.1093 0.9909 0.0780
vn 0.5030 0.8511 -0.1504
vn 0.0715 0.9974 -0.0106
vn 0.4220 0.8749 -0.2375
vn 0.1211 0.9906 0.0636
vn 0.0189 0.9985 0.0512
vn 0.7825 -0.1730 -0.5981
vn 0.8399 0.0917 -0.5350
vn 0.7623 0.2867 -0.5803
vn 0.7538 0.1164 -0.6467
vn 0.7794 -0.0510 -0.6244
vn 0.7572 0.0609 -0.6504
vn 0.7147 0.1690 -0.6787
vn 0.7658 0.0003 -0.6430
vn 0.6346 0.3588 -0.6845
vn 0.7109 0.2165 -0.6691
vn 0.5955 0.4582 -0.6598
vn 0.5574 0.4994 -0.6633
vn 0.0965 0.5651 -0.8194
vn 0.6976 0.6410 -0.3201
vn 0.7251 0.4343 -0.5344
vn 0.8141 0.4178 -0.4033
vn 0.6001 0.7706 -0.2144
vn -0.4453 0.8762 -0.1844
vn -0.7778 0.4992 -0.3819
vn -0.5960 0.5912 -0.5433
vn -0.6059 0.4915 -0.6256
vn -0.5878 0.5541 -0.5894
vn -0.7191 0.1550 -0.6774
vn -0.7945 -0.0827 -0.6017
vn -0.6946 0.5585 -0.4535
vn -0.2963 0.8439 -0.4472
vn -0.5086 0.4596 -0.7281
vn -0.0583 0.2495 -0.9666
vn -0.2175 -0.2928 -0.9311
vn -0.2678 -0.3338 -0.9038
vn -0.2514 -0.5339 -0.8073
vn -0.2345 -0.7123 -0.6615
vn 0.1341 -0.7909 -0.5971
vn 0.4573 -0.8291 -0.3216
vn 0.9711 0.0178 0.2379
vn -0.9577 0.2871 -0.0192
vn -0.5210 -0.8236 0.2240
vn 0.8172 -0.5590 -0.1403
vn 0.1426 -0.9127 -0.3830
vn 0.0294 -0.8486 -0.5282
vn 0.3623 -0.8265 -0.4309
vn 0.4518 -0.7509 -0.4818
vn 0.7564 -0.5568 -0.3432
vn 0.7588 -0.4429 -0.4775
vn 0.7366 -0.2640 -0.6226
vn 0.7897 -0.2095 -0.5766
vn 0.7572 -0.1773 -0.6287
vn 0.7170 -0.1502 -0.6807
vn 0.7349 -0.0908 -0.6721
vn 0.6915 0.1472 -0.7072
vn 0.7512 0.1471 -0.6435
vn 0.7609 0.3116 -0.5691
vn 0.9350 0.0708 -0.3476
vn 0.7179 0.5896 -0.3701
vn 0.9972 -0.0481 -0.0569
vn 0.6448 0.7643 -0.0047
vn 0.0965 -0.9796 -0.1762
vn 0.0476 0.9980 -0.0407
vn -0.8413 0.5405 -0.0031
vn -0.6912 -0.5992 0.4040
vn -0.4818 -0.6501 0.5876
vn -0.2174 -0.6154 0.7576
vn -0.1997 -0.4818 0.8532
vn -0.1154 -0.3831 0.9164
vn -0.1361 -0.3023 0.9435
vn -0.1053 -0.1742 0.9791
vn 0.0228 -0.0960 0.9951
vn 0.1101 0.0237 0.9936
vn 0.1946 0.1530 0.9689
vn 0.1708 0.3908 0.9045
vn 0.5021 0.2767 0.8194
vn 0.6543 -0.0162 0.7561
vn 0.7412 -0.2013 0.6403
vn 0.8461 -0.3270 0.4209
vn 0.9472 0.1518 0.2823
vn 0.9422 -0.0866 0.3237
vn 0.8766 -0.3111 0.3671
vn 0.7680 -0.3955 0.5038
vn 0.6947 -0.2234 0.6838
vn 0.5779 0.1146 0.8080
vn 0.4353 0.2156 0.8741
vn 0.2568 0.1798 0.9496
vn 0.2133 0.0382 0.9762
vn 0.1250 -0.0734 0.9894
vn 0.0565 -0.1696 0.9839
vn 0.0176 -0.2822 0.9592
vn -0.0089 -0.3694 0.9292
vn 0.0256 -0.4636 0.8857
vn 0.0157 -0.5972 0.8020
vn -0.0378 -0.7351 0.6769
vn 0.1046 -0.8714 0.4792
vn 0.3746 -0.8940 0.2458
vn 0.8358 -0.5419 -0.0886
vn 0.0092 -0.9989 -0.0460
vn 0.7701 -0.6049 -0.2026
vn -0.5077 -0.8533 -0.1188
vn -0.5330 -0.8387 0.1118
vn 0.0825 -0.9757 0.2031
vn 0.4765 -0.7907 0.3845
vn 0.4975 -0.6436 0.5816
vn -0.2430 -0.6941 0.6776
vn 0.2302 -0.4493 0.8632
vn -0.0298 -0.3708 0.9282
vn -0.0577 -0.2871 0.9561
vn -0.2397 -0.2296 0.9433
vn -0.2154 -0.0516 0.9752
vn -0.4438 -0.0215 0.8959
vn -0.5269 0.0205 0.8497
vn -0.4448 0.3019 0.8432
vn -0.3763 0.5932 0.7117
vn -0.7243 0.3040 0.6189
vn -0.8786 -0.1741 0.4446
vn -0.9462 -0.1813 0.2681
vn -0.9948 0.0964 0.0336
vn -0.9905 -0.0270 0.1345
vn -0.9504 -0.1477 0.2738
vn -0.9022 -0.2239 0.3687
vn -0.8395 0.0406 0.5418
vn -0.6773 0.3134 0.6656
vn -0.6021 0.2069 0.7711
vn -0.5314 0.0959 0.8416
vn -0.4859 -0.0031 0.8740
vn -0.4000 -0.0596 0.9146
vn -0.3486 -0.2213 0.9108
vn -0.3039 -0.3309 0.8934
vn -0.1751 -0.3811 0.9078
vn -0.1781 -0.4864 0.8554
vn -0.3209 -0.6359 0.7019
vn -0.2785 -0.7323 0.6215
vn -0.1183 -0.8668 0.4844
vn -0.0740 -0.9462 0.3149
vn -0.2211 -0.9653 0.1387
vn -0.1767 -0.9766 -0.1228
vn -0.3621 -0.8423 -0.3993
vn -0.9240 -0.3529 0.1472
vn -0.9349 -0.2083 0.2874
vn -0.8742 -0.3693 0.3151
vn -0.8054 0.2790 0.5229
vn -0.7831 0.1816 0.5948
vn -0.7504 0.1985 0.6305
vn -0.7106 0.1403 0.6895
vn -0.6643 0.0878 0.7423
vn -0.6178 0.0469 0.7849
vn -0.5583 0.0703 0.8267
vn -0.5265 0.2331 0.8176
vn -0.4849 0.4662 0.7399
vn -0.4085 0.7570 0.5100
vn -0.3370 0.8334 0.4380
vn -0.2458 0.8424 0.4795
vn -0.2910 0.7697 0.5682
vn -0.3225 0.7391 0.5913
vn -0.3318 0.7266 0.6016
vn -0.3160 0.7472 0.5847
vn -0.3245 0.7617 0.5608
vn -0.2925 0.8078 0.5117
vn -0.2878 0.8258 0.4850
vn -0.2581 0.8625 0.4353
vn -0.1818 0.9067 0.3806
vn -0.2977 0.9269 0.2287
vn -0.2882 0.9098 0.2987
vn -0.3212 0.8757 0.3604
vn -0.3713 0.8226 0.4306
vn -0.3532 0.7950 0.4932
vn -0.3712 0.7746 0.5121
vn -0.4205 0.7337 0.5338
vn -0.4202 0.7158 0.5577
vn -0.4153 0.6954 0.5864
vn -0.3836 0.7018 0.6003
vn -0.5031 0.6697 0.5463
vn -0.6667 0.5665 0.4843
vn -0.6595 0.4989 0.5623
vn -0.4889 0.4426 0.7518
vn -0.0394 0.3200 0.9466
vn 0.4504 0.1682 0.8768
vn 0.6857 0.1031 0.7205
vn 0.6718 0.2444 0.6993
vn 0.5787 0.4284 0.6939
vn 0.4364 0.6117 0.6598
vn 0.4408 0.6122 0.6564
vn 0.4798 0.5903 0.6491
vn 0.5830 0.5502 0.5979
vn 0.5964 0.5397 0.5942
vn 0.6034 0.5574 0.5703
vn 0.6058 0.5705 0.5545
vn 0.5693 0.6294 0.5289
vn 0.5045 0.7094 0.4921
vn 0.4975 0.7309 0.4672
vn 0.4257 0.7236 0.5434
vn 0.4655 0.6903 0.5539
vn 0.4487 0.6888 0.5694
vn 0.4228 0.6921 0.5851
vn 0.3764 0.7222 0.5802
vn 0.3159 0.7433 0.5897
vn 0.2824 0.7500 0.5982
vn 0.2366 0.7386 0.6313
vn 0.2285 0.7604 0.6080
vn 0.2051 0.8138 0.5437
vn 0.1757 0.8535 0.4906
vn 0.1622 0.8213 0.5469
vn 0.1425 0.6505 0.7460
vn 0.1485 0.3163 0.9370
vn 0.1509 -0.1624 0.9751
vn 0.2640 -0.3561 0.8964
vn 0.3593 -0.3187 0.8771
vn 0.4291 -0.2074 0.8791
vn 0.5143 -0.1178 0.8495
vn 0.5671 -0.0677 0.8209
vn 0.6450 -0.0749 0.7605
vn 0.8719 -0.2809 0.4011
vn 0.9389 -0.1417 0.3136
vn -0.6980 -0.1096 0.7076
vn -0.7046 -0.0230 0.7093
vn -0.8090 -0.2067 0.5503
vn -0.7998 0.1208 0.5879
vn -0.8584 -0.2128 0.4668
vn -0.8393 0.2094 0.5018
vn -0.7856 0.2248 0.5764
vn -0.9359 -0.1583 0.3146
vn -0.2055 0.3753 0.9038
vn 0.4191 -0.1889 0.8881
vn 0.0530 0.4547 0.8891
vn -0.9392 -0.1839 0.2900
vn -0.1254 0.2769 0.9527
vn -0.3536 0.6322 0.6894
vn 0.6536 -0.2111 0.7268
vn 0.2286 0.6613 0.7145
vn -0.9536 -0.2023 0.2230
vn -0.8963 -0.2872 0.3380
vn -0.1800 0.2396 0.9540
vn -0.5251 0.6298 0.5724
vn 0.6879 -0.2404 0.6848
vn 0.5602 -0.0544 0.8266
vn 0.3975 0.5761 0.7142
vn -0.9407 -0.1226 0.3163
vn -0.2674 0.3253 0.9070
vn 0.4742 0.1800 0.8618
vn -0.5886 0.6117 0.5286
vn 0.6968 -0.2675 0.6655
vn 0.7702 -0.3591 0.5271
vn 0.6659 -0.0997 0.7394
vn 0.6954 -0.1391 0.7050
vn 0.4923 0.5362 0.6856
vn -0.8118 -0.2564 0.5246
vn -0.5672 0.4543 0.6870
vn -0.6500 0.5331 0.5416
vn 0.5679 0.0990 0.8171
vn 0.7189 -0.0351 0.6942
vn 0.6486 -0.1791 0.7397
vn -0.9030 -0.1826 0.3888
vn 0.2156 0.1666 0.9622
vn 0.5285 0.3356 0.7798
vn 0.5513 0.4070 0.7282
vn 0.6667 0.1674 0.7262
vn 0.6135 0.1723 0.7707
vn -0.0355 -0.3860 0.9218
vn 0.0203 -0.8844 0.4664
vn -0.1033 0.0053 0.9946
vn -0.2674 0.7819 0.5632
vn -0.3481 0.7226 0.5973
vn -0.3318 0.7788 0.5323
vn -0.2593 0.8825 0.3923
vn -0.3426 0.8108 0.4746
vn -0.2232 0.9354 0.2741
vn 0.2199 -0.9755 -0.0025
vn 0.9258 -0.2142 0.3116
vn 0.4467 0.6614 0.6025
vn 0.4966 0.7181 0.4875
vn 0.5089 0.6414 0.5741
vn 0.3534 0.6831 0.6391
vn 0.5183 0.6602 0.5437
vn 0.4741 0.6440 0.6004
vn 0.6392 -0.7459 -0.1873
vn -0.5088 -0.0447 0.8597
vn -0.8074 -0.0595 0.5870
vn -0.8140 0.2753 0.5114
vn -0.4825 0.0681 0.8732
vn -0.6693 0.1795 0.7210
vn -0.7802 0.1974 0.5935
vn -0.2973 0.4764 0.8275
vn 0.4601 -0.2789 0.8429
vn 0.0201 0.6317 0.7750
vn 0.1896 -0.0355 0.9812
vn 0.1615 0.7964 0.5829
vn -0.8647 -0.2573 0.4313
vn -0.8879 -0.2220 0.4028
vn -0.8723 -0.3114 0.3769
vn 0.5713 0.0179 0.8205
vn 0.7012 -0.2898 0.6514
vn -0.8289 -0.1779 0.5304
vn -0.3759 0.3871 0.8419
vn 0.6727 -0.2310 0.7029
vn 0.6063 -0.1175 0.7865
vn 0.5132 -0.1115 0.8510
vn 0.5426 -0.1078 0.8331
vn 0.5828 -0.1633 0.7961
vn -0.9098 -0.1474 0.3880
vn -0.1055 -0.4141 0.9041
vn 0.0077 -0.5028 0.8644
vn 0.0161 -0.3399 0.9403
vn -0.1695 -0.2543 0.9522
vn -0.0633 -0.9219 0.3821
vn -0.0806 -0.9658 0.2465
vn -0.0443 -0.7845 0.6185
vn 0.0895 -0.9102 0.4043
vn 0.0475 -0.7830 0.6201
vn -0.0047 -0.9556 0.2946
vn -0.3378 0.0606 0.9393
vn 0.1411 -0.0466 0.9889
vn -0.2425 0.8049 0.5417
vn -0.3297 0.7320 0.5962
vn -0.3070 0.7411 0.5971
vn -0.3319 0.7377 0.5878
vn -0.3853 0.6990 0.6024
vn -0.3315 0.7303 0.5972
vn -0.3895 0.7191 0.5755
vn -0.3517 0.7885 0.5046
vn -0.3119 0.7811 0.5408
vn -0.3133 0.8088 0.4977
vn -0.3054 0.8197 0.4846
vn -0.2939 0.8466 0.4437
vn -0.3335 0.8456 0.4169
vn -0.3772 0.7612 0.5275
vn -0.3440 0.7471 0.5688
vn -0.2671 0.8990 0.3470
vn -0.2267 0.8827 0.4115
vn -0.1773 0.9259 0.3336
vn -0.3643 0.8001 0.4766
vn 0.8967 -0.2905 0.3340
vn 0.8217 -0.3157 0.4745
vn 0.3789 0.7143 0.5884
vn 0.4046 0.6971 0.5919
vn 0.4542 0.6625 0.5956
vn 0.5522 0.5824 0.5966
vn 0.5422 0.5949 0.5934
vn 0.4391 0.6309 0.6396
vn 0.3473 0.7188 0.6023
vn 0.2982 0.7236 0.6225
vn 0.3834 0.6833 0.6214
vn 0.4745 0.7138 0.5151
vn 0.4786 0.6780 0.5579
vn 0.5859 0.5790 0.5670
vn 0.5550 0.5882 0.5882
vn 0.5534 0.6272 0.5481
vn 0.4482 0.6749 0.5862
vn 0.4838 0.6435 0.5931
vn 0.4116 0.6398 0.6491
vn 0.2754 0.7285 0.6273
vn 0.3108 0.7038 0.6388
vn 0.3747 0.6487 0.6624
vn 0.2475 0.7152 0.6536
vn 0.3600 0.6769 0.6420
vn 0.4523 0.7001 0.5526
vn 0.5294 0.6704 0.5199
vn -0.6241 0.0665 0.7785
vn -0.8272 -0.1625 0.5380
vn -0.5425 0.2042 0.8149
vn -0.6901 0.1684 0.7039
vn -0.7161 0.1449 0.6828
vn -0.3568 0.5209 0.7755
vn -0.4783 0.1410 0.8668
vn 0.4184 0.0229 0.9080
vn 0.6533 -0.3053 0.6929
vn 0.0743 0.7249 0.6848
vn 0.0273 0.0237 0.9993
vn 0.4077 -0.0159 0.9130
vn 0.1881 0.8270 0.5298
vn -0.9188 -0.2199 0.3278
vn -0.8668 -0.2042 0.4549
vn -0.7865 -0.1617 0.5961
vn 0.6487 -0.0252 0.7606
vn 0.5471 -0.0533 0.8354
vn 0.6502 -0.0175 0.7595
vn -0.8518 -0.2343 0.4686
vn -0.8635 -0.1207 0.4897
vn -0.7687 -0.0543 0.6373
vn -0.4177 0.3524 0.8374
vn 0.5243 -0.1709 0.8342
vn -0.1376 -0.4162 0.8988
vn -0.0474 -0.5292 0.8472
vn -0.1492 -0.3392 0.9288
vn 0.0332 -0.5202 0.8534
vn -0.0024 -0.4078 0.9131
vn 0.0334 -0.6443 0.7640
vn 0.0078 -0.3353 0.9421
vn 0.0527 -0.2250 0.9729
vn 0.0389 -0.2939 0.9550
vn -0.2911 -0.1229 0.9488
vn -0.1320 -0.8125 0.5677
vn -0.1015 -0.6795 0.7266
vn 0.0923 -0.8087 0.5809
vn -0.2410 -0.9539 0.1786
vn -0.4335 0.0440 0.9001
vn 0.1422 -0.0286 0.9894
vn -0.1309 0.8571 0.4982
vn -0.2863 0.7527 0.5929
vn -0.3297 0.7338 0.5941
vn -0.2870 0.7487 0.5975
vn -0.4136 0.7007 0.5813
vn -0.3319 0.7388 0.5865
vn -0.3224 0.7543 0.5719
vn -0.3712 0.7319 0.5714
vn -0.4078 0.7254 0.5545
vn 0.8799 -0.2881 0.3780
vn 0.7658 -0.3825 0.5170
vn 0.7964 -0.3640 0.4830
vn 0.4992 0.5979 0.6271
vn 0.4300 0.6844 0.5888
vn 0.2554 0.7233 0.6416
vn 0.1331 0.7596 0.6366
vn -0.6529 0.1831 0.7350
vn -0.5307 0.1164 0.8395
vn -0.7206 0.0369 0.6924
vn -0.6831 -0.1205 0.7203
vn -0.7183 -0.0499 0.6939
vn -0.5912 0.1502 0.7924
vn -0.4515 0.1187 0.8843
vn -0.7639 -0.1844 0.6185
vn -0.6150 0.1528 0.7736
vn -0.7222 0.1792 0.6680
vn -0.6710 0.1570 0.7246
vn -0.7608 0.1981 0.6180
vn -0.4354 0.5997 0.6714
vn -0.4481 0.3178 0.8356
vn 0.4598 0.1844 0.8686
vn 0.5581 -0.1967 0.8061
vn 0.2968 0.1464 0.9437
vn 0.5269 -0.0588 0.8479
vn 0.4822 -0.1881 0.8556
vn 0.3287 0.2322 0.9154
vn 0.7001 -0.3369 0.6296
vn 0.7278 -0.3028 0.6153
vn 0.7103 -0.2385 0.6623
vn 0.7440 -0.2915 0.6012
vn 0.7498 -0.3217 0.5781
vn 0.6373 -0.2580 0.7261
vn 0.5667 -0.2988 0.7678
vn 0.5946 -0.2990 0.7464
vn 0.1135 0.7535 0.6476
vn 0.0645 0.4458 0.8928
vn 0.2629 -0.1742 0.9490
vn 0.4222 -0.1099 0.8998
vn 0.2389 0.7770 0.5824
vn 0.1265 0.8139 0.5671
vn -0.7483 -0.1242 0.6516
vn 0.5747 -0.0634 0.8159
vn 0.5054 -0.1108 0.8557
vn 0.5727 0.0064 0.8197
vn 0.3706 0.0550 0.9272
vn 0.4890 0.0253 0.8719
vn 0.5289 0.0030 0.8487
vn 0.4867 -0.0485 0.8722
vn 0.6065 -0.0644 0.7925
vn -0.7906 0.1009 0.6039
vn 0.4622 -0.1488 0.8742
vn 0.5990 -0.1932 0.7771
vn 0.5418 -0.2235 0.8103
vn 0.6606 -0.2476 0.7088
vn -0.1362 -0.5356 0.8335
vn -0.0621 -0.4915 0.8686
vn -0.1854 -0.3437 0.9206
vn -0.1162 -0.3452 0.9313
vn -0.2275 -0.2576 0.9391
vn 0.0312 -0.3778 0.9254
vn -0.0054 -0.4431 0.8965
vn 0.0035 -0.4099 0.9121
vn -0.0237 -0.7165 0.6972
vn 0.0669 -0.6712 0.7382
vn 0.0388 -0.2284 0.9728
vn 0.0805 -0.1305 0.9882
vn -0.3482 -0.1303 0.9283
vn -0.4643 0.0708 0.8828
vn -0.3805 -0.0249 0.9244
vn 0.1275 0.0017 0.9918
vn -0.1756 0.8454 0.5045
vn -0.2443 0.8550 0.4575
vn -0.2914 0.7974 0.5285
vn -0.1850 0.7290 0.6590
vn 0.8820 -0.3112 0.3538
vn 0.8560 -0.3047 0.4177
vn 0.0118 0.6798 0.7333
vn -0.5578 0.1612 0.8141
vn -0.4515 0.0988 0.8868
vn -0.6873 -0.2100 0.6954
vn -0.8026 -0.1737 0.5707
vn -0.6311 0.0924 0.7702
vn -0.5657 0.0844 0.8203
vn -0.6951 0.1319 0.7067
vn -0.6269 0.1777 0.7586
vn -0.3924 0.3259 0.8601
vn -0.4457 0.1783 0.8773
vn -0.5127 0.0914 0.8537
vn -0.4023 0.2395 0.8836
vn -0.4227 0.2308 0.8764
vn 0.6244 -0.1402 0.7684
vn 0.2011 0.1012 0.9743
vn 0.6700 -0.2666 0.6929
vn 0.0038 0.5176 0.8556
vn -0.0352 0.2633 0.9641
vn 0.0165 0.2163 0.9762
vn -0.0117 0.3055 0.9521
vn 0.0459 -0.0303 0.9985
vn 0.2686 -0.3295 0.9051
vn 0.4542 -0.1390 0.8800
vn 0.2964 0.7292 0.6168
vn 0.2385 0.7698 0.5920
vn 0.0809 0.7988 0.5961
vn 0.0638 0.7653 0.6404
vn 0.0791 0.7707 0.6322
vn 0.1324 0.8374 0.5304
vn -0.7946 -0.1447 0.5897
vn -0.7506 -0.1061 0.6522
vn -0.6546 -0.0755 0.7522
vn -0.7597 -0.1520 0.6322
vn -0.7087 -0.0958 0.6989
vn -0.7495 -0.0495 0.6601
vn 0.4683 -0.0464 0.8824
vn 0.4755 -0.2025 0.8561
vn 0.3576 -0.2601 0.8969
vn 0.4444 -0.2776 0.8517
vn 0.6116 -0.2377 0.7547
vn -0.0924 -0.4774 0.8738
vn -0.0796 -0.5980 0.7976
vn -0.0375 -0.5445 0.8379
vn -0.1284 -0.3651 0.9221
vn -0.1634 -0.3083 0.9371
vn -0.2083 -0.2130 0.9546
vn -0.0339 -0.8182 0.5739
vn 0.1152 -0.1152 0.9866
vn -0.4036 0.0075 0.9149
vn -0.2720 -0.0236 0.9620
vn -0.2047 -0.1149 0.9721
vn -0.2805 0.6805 0.6769
vn -0.1330 0.6808 0.7203
vn -0.7052 -0.2247 0.6725
vn -0.7381 -0.1745 0.6518
vn -0.5751 0.0498 0.8166
vn -0.5363 0.1615 0.8285
vn -0.5215 0.1174 0.8452
vn -0.6305 0.1634 0.7588
vn -0.5895 0.1779 0.7879
vn -0.6487 0.1620 0.7436
vn -0.5033 0.1532 0.8504
vn 0.2410 0.1889 0.9520
vn 0.2147 0.0452 0.9756
vn 0.1160 -0.1627 0.9798
vn 0.1572 -0.2543 0.9543
vn 0.0978 0.0629 0.9932
vn 0.3567 -0.1935 0.9139
vn 0.3918 -0.2163 0.8943
vn -0.8459 -0.2265 0.4829
vn -0.6945 -0.0900 0.7139
vn -0.6734 -0.0551 0.7373
vn -0.4220 0.0112 0.9065
vn -0.6265 -0.0042 0.7794
vn -0.6671 -0.0229 0.7446
vn -0.5566 -0.0157 0.8307
vn -0.6959 0.0518 0.7163
vn -0.6134 -0.0295 0.7892
vn -0.6264 -0.0442 0.7782
vn -0.5199 0.0291 0.8538
vn -0.5758 0.0074 0.8175
vn -0.5387 0.0435 0.8414
vn -0.5380 0.0029 0.8430
vn -0.4351 0.0055 0.9004
vn -0.4940 0.0063 0.8694
vn -0.4660 0.0187 0.8846
vn 0.4596 -0.0977 0.8827
vn 0.4274 -0.0388 0.9032
vn 0.4096 -0.0035 0.9122
vn 0.4961 -0.0712 0.8653
vn 0.3857 -0.2494 0.8883
vn -0.0329 -0.0807 0.9962
vn 0.2308 -0.1095 0.9668
vn 0.3432 -0.1419 0.9285
vn 0.4103 -0.2966 0.8624
vn 0.2099 -0.1255 0.9696
vn 0.3746 -0.1637 0.9126
vn 0.4245 -0.1437 0.8939
vn 0.4079 -0.2598 0.8753
vn 0.5271 -0.2491 0.8125
vn 0.5071 -0.3225 0.7993
vn -0.0354 -0.6309 0.7751
vn -0.3350 0.0171 0.9421
vn -0.2944 -0.0284 0.9553
vn -0.0076 -0.1657 0.9861
vn -0.1489 -0.0485 0.9877
vn -0.1856 0.6565 0.7312
vn -0.2165 0.4246 0.8791
vn -0.1419 0.8105 0.5683
vn -0.7581 -0.2031 0.6197
vn -0.5811 0.1371 0.8022
vn -0.4611 0.2120 0.8617
vn 0.1802 0.0292 0.9832
vn 0.2363 0.0981 0.9667
vn 0.1998 -0.2740 0.9407
vn 0.3028 -0.2425 0.9217
vn 0.3562 -0.0845 0.9306
vn 0.3414 -0.2825 0.8964
vn -0.8406 -0.1864 0.5085
vn -0.1379 -0.0006 0.9904
vn -0.5288 0.0579 0.8468
vn -0.5900 0.1209 0.7983
vn -0.6083 0.1210 0.7844
vn -0.5518 0.0809 0.8300
vn 0.4296 -0.0298 0.9025
vn -0.1255 -0.1767 0.9762
vn 0.0612 -0.1192 0.9910
vn -0.2095 -0.0517 0.9764
vn -0.1348 0.8134 0.5658
vn -0.5128 0.2009 0.8347
vn -0.4865 0.1676 0.8574
vn -0.4219 0.1943 0.8856
vn -0.4643 0.1684 0.8695
vn -0.2765 0.2573 0.9259
vn -0.3071 0.2481 0.9188
vn -0.3579 0.2365 0.9033
vn -0.2806 0.2547 0.9254
vn 0.3919 -0.0767 0.9168
vn 0.2476 0.0677 0.9665
vn 0.3229 -0.0284 0.9460
vn 0.3650 -0.0359 0.9303
vn 0.2938 -0.0267 0.9555
vn 0.3402 -0.0477 0.9391
vn -0.3334 0.0155 0.9427
vn -0.3784 0.1724 0.9094
vn -0.3453 0.2148 0.9136
vn -0.4722 0.2007 0.8584
vn -0.4135 0.2274 0.8817
vn -0.4934 0.2190 0.8418
vn -0.6648 0.1321 0.7353
vn -0.6063 0.0499 0.7937
vn -0.6727 0.0661 0.7370
vn -0.6472 0.1462 0.7482
vn -0.6356 0.1524 0.7568
vn -0.0634 -0.3070 0.9496
vn -0.0074 -0.3276 0.9448
vn -0.0933 -0.1003 0.9906
vn 0.0378 -0.0446 0.9983
vn -0.0520 -0.0616 0.9967
vn 0.0176 -0.0826 0.9964
vn -0.1238 -0.0372 0.9916
vn -0.2348 0.0598 0.9702
vn -0.2454 0.0037 0.9694
vn -0.1953 0.0166 0.9806
vn -0.2745 0.0441 0.9606
vn -0.2895 0.0126 0.9571
vn 0.0412 -0.2268 0.9731
vn -0.3204 0.3027 0.8976
vn -0.2079 0.3446 0.9154
vn 0.2870 -0.0461 0.9568
vn 0.1323 0.0023 0.9912
vn 0.3798 -0.0216 0.9248
vn 0.3342 -0.0204 0.9423
vn 0.2501 -0.0229 0.9680
vn 0.2699 0.0114 0.9628
vn -0.4035 0.0277 0.9146
vn -0.4068 0.1872 0.8941
vn -0.1196 -0.2653 0.9567
vn -0.1292 -0.3167 0.9397
vn -0.0259 -0.2462 0.9689
vn -0.0652 -0.3360 0.9396
vn 0.0830 -0.1768 0.9807
vn 0.0446 -0.1958 0.9796
vn 0.0165 -0.2921 0.9562
vn 0.0148 -0.2645 0.9643
vn 0.0900 -0.0522 0.9946
vn 0.2196 -0.0003 0.9756
vn 0.1840 -0.1116 0.9766
vn -0.3301 0.0269 0.9436
vn -0.3905 0.0886 0.9164
vn 0.0839 -0.1803 0.9800
vn -0.3514 0.0146 0.9361
vn -0.3954 0.0127 0.9184
vn -0.4548 0.1348 0.8803
vn -0.5249 0.1157 0.8432
vn -0.5840 0.1580 0.7962
vn -0.5176 0.1862 0.8352
vn -0.5890 0.1842 0.7868
vn -0.4470 0.0678 0.8919
vn -0.5245 0.5372 0.6605
vn 0.1972 0.1718 0.9652
vn -0.0463 0.2324 0.9715
vn 0.3155 0.4873 0.8143
vn 0.4697 0.3422 0.8138
vn 0.2078 0.2961 0.9323
vn 0.3407 0.5076 0.7913
vn 0.3813 0.3111 0.8705
vn 0.1025 0.2283 0.9682
vn 0.3478 0.5697 0.7446
vn -0.8484 0.0751 0.5240
vn -0.8594 -0.0470 0.5091
vn -0.2790 0.3941 0.8757
vn -0.3285 0.7226 0.6082
vn -0.7309 0.1800 0.6583
vn -0.7367 0.1933 0.6481
vn -0.6902 0.1634 0.7049
vn -0.7633 0.1896 0.6176
vn -0.3260 0.7153 0.6181
vn -0.1804 0.7582 0.6266
vn -0.1742 0.6415 0.7471
vn -0.2908 0.5167 0.8053
vn -0.3707 0.4101 0.8333
vn -0.1671 0.4920 0.8544
vn -0.2612 0.3327 0.9061
vn -0.1055 0.2930 0.9503
vn -0.0974 0.2744 0.9567
vn -0.1283 0.2771 0.9522
vn 0.0391 0.2786 0.9596
vn -0.2373 0.4255 0.8733
vn -0.2099 0.2758 0.9380
vn -0.2341 0.3466 0.9083
vn -0.1923 0.2965 0.9355
vn 0.0114 0.3125 0.9498
vn -0.2509 0.2733 0.9286
vn -0.0093 0.2954 0.9553
vn 0.1233 0.3503 0.9285
vn -0.2474 0.2914 0.9240
vn 0.0938 0.3687 0.9248
vn 0.2202 0.4257 0.8777
vn 0.0910 0.3444 0.9344
vn 0.1458 0.5536 0.8199
vn 0.2089 0.6107 0.7638
vn 0.1113 0.6906 0.7146
vn -0.4306 0.5167 0.7400
vn -0.1521 0.5231 0.8386
vn -0.1987 0.2458 0.9487
vn 0.1364 0.4379 0.8886
vn 0.0112 0.5521 0.8337
vn -0.0414 0.3851 0.9220
vn -0.2699 0.2656 0.9255
vn -0.2246 0.2715 0.9359
vn -0.3039 0.1052 0.9469
vn 0.0717 0.2144 0.9741
vn -0.0302 0.4822 0.8755
vn -0.2840 0.2465 0.9266
vn -0.3260 0.2052 0.9228
vn -0.2262 0.2880 0.9305
vn -0.1315 0.2707 0.9536
vn -0.1758 0.2766 0.9448
vn -0.1604 0.2655 0.9507
vn -0.1659 0.2946 0.9411
vn -0.3496 0.1321 0.9275
vn -0.3322 0.0511 0.9418
vn -0.2371 0.0272 0.9711
vn 0.0012 0.2364 0.9717
vn 0.0553 0.3009 0.9521
vn 0.0535 0.1148 0.9920
vn -0.2635 -0.0204 0.9644
vn -0.0804 0.0369 0.9961
vn -0.1914 0.0155 0.9814
vn -0.2368 -0.0095 0.9715
vn -0.1487 -0.0291 0.9885
vn 0.0166 0.3897 0.9208
vn 0.0643 0.3712 0.9263
vn 0.0315 0.2936 0.9554
vn 0.0781 0.3096 0.9477
vn 0.0509 0.3285 0.9431
vn 0.1236 0.1474 0.9813
vn 0.1713 0.0106 0.9852
vn 0.0992 0.2662 0.9588
vn -0.0270 0.3047 0.9521
vn 0.0930 0.2625 0.9604
vn 0.1268 0.2096 0.9695
vn 0.0106 0.3036 0.9527
vn -0.0857 0.2907 0.9530
vn 0.1562 0.1280 0.9794
vn 0.0096 0.1065 0.9943
vn -0.1813 -0.0330 0.9829
vn -0.0701 0.0027 0.9975
vn 0.1758 0.0859 0.9807
vn -0.1395 0.0037 0.9902
vn -0.1292 0.0003 0.9916
vn -0.2506 -0.0122 0.9680
vn -0.1779 0.0137 0.9840
vn -0.2986 0.0133 0.9543
vn -0.1936 -0.0183 0.9809
vn -0.1327 0.0221 0.9909
vn -0.2247 -0.0017 0.9744
vn -0.3320 -0.0139 0.9432
vn -0.0451 -0.0271 0.9986
vn 0.1605 0.0465 0.9859
vn -0.2149 0.0205 0.9764
vn -0.3723 0.0189 0.9279
vn -0.4040 0.0069 0.9147
vn -0.3556 0.0104 0.9346
vn -0.4417 -0.0247 0.8968
vn -0.1311 -0.0428 0.9904
vn -0.3301 -0.1704 0.9284
vn -0.2068 -0.1136 0.9718
vn -0.1558 -0.1178 0.9807
vn 0.1214 -0.0436 0.9916
vn 0.0475 0.0336 0.9983
vn -0.4087 0.0023 0.9126
vn -0.4795 0.0057 0.8775
vn -0.5359 -0.1219 0.8354
vn -0.5772 -0.0812 0.8125
vn -0.6190 -0.1118 0.7774
vn -0.4896 -0.0713 0.8690
vn -0.5943 -0.1097 0.7967
vn -0.3840 -0.1151 0.9161
vn -0.4544 -0.0869 0.8866
vn 0.0263 -0.0509 0.9984
vn -0.0360 -0.0035 0.9993
vn 0.0535 0.0139 0.9985
vn -0.0463 0.0482 0.9978
vn 0.1000 -0.0172 0.9948
vn -0.3674 -0.0661 0.9277
vn -0.2595 -0.0689 0.9633
vn 0.1251 0.0400 0.9913
vn 0.1493 0.0129 0.9887
vn 0.1216 -0.0016 0.9926
vn -0.0049 -0.0488 0.9988
vn -0.3244 -0.0984 0.9408
vn -0.2747 -0.0259 0.9612
vn 0.1991 0.0200 0.9798
vn 0.0204 0.0298 0.9993
vn -0.0334 -0.0170 0.9993
vn -0.1039 -0.0339 0.9940
vn 0.2659 0.0651 0.9618
vn 0.1969 -0.0568 0.9788
vn 0.2808 -0.0540 0.9582
vn 0.2429 -0.0535 0.9686
vn 0.1677 -0.0121 0.9858
vn 0.2656 0.0258 0.9637
vn 0.2123 0.0410 0.9763
vn 0.2240 -0.0285 0.9742
vn 0.3827 0.0060 0.9238
vn -0.0802 -0.4229 0.9026
vn -0.5455 -0.1322 0.8276
vn -0.7492 0.1228 0.6508
vn -0.7412 0.0297 0.6706
vn -0.7099 0.0238 0.7039
vn 0.4187 -0.1090 0.9016
vn 0.4020 -0.0355 0.9149
vn 0.2931 -0.0190 0.9559
vn 0.3219 -0.0697 0.9442
vn 0.3056 0.0462 0.9510
vn 0.2146 0.0466 0.9756
vn 0.1703 0.0413 0.9845
vn 0.2100 -0.0322 0.9772
vn 0.2017 -0.1771 0.9633
vn 0.2851 -0.2267 0.9313
vn 0.2575 -0.1824 0.9489
vn 0.1705 -0.2568 0.9513
vn 0.3390 -0.2178 0.9152
vn 0.2571 -0.1427 0.9558
vn 0.2651 -0.2453 0.9325
vn 0.1966 -0.2368 0.9515
vn 0.2552 -0.2360 0.9377
vn -0.0099 -0.1869 0.9823
vn -0.0597 -0.1214 0.9908
vn 0.3401 -0.2436 0.9083
vn 0.3392 -0.2483 0.9074
vn 0.1261 -0.2133 0.9688
vn 0.1066 -0.1263 0.9863
vn 0.1981 -0.1363 0.9707
vn 0.0640 -0.2662 0.9618
vn 0.1604 -0.2219 0.9618
vn -0.0255 0.0077 0.9996
vn 0.0850 -0.0711 0.9938
vn 0.1800 -0.0997 0.9786
vn -0.1704 -0.2140 0.9619
vn 0.0415 -0.2259 0.9733
vn 0.1074 0.0784 0.9911
vn -0.0694 -0.2441 0.9673
vn -0.1530 -0.1579 0.9755
vn -0.0590 -0.2443 0.9679
vn -0.2516 -0.1512 0.9560
vn -0.3112 -0.1199 0.9428
vn -0.2500 -0.1201 0.9608
vn -0.0498 -0.1531 0.9869
vn -0.1765 -0.1785 0.9680
vn -0.1503 -0.0614 0.9867
vn -0.2769 -0.1866 0.9426
vn -0.2775 0.0383 0.9600
vn -0.3031 0.0761 0.9499
vn -0.1841 0.0560 0.9813
vn -0.2360 -0.0310 0.9712
vn -0.3566 -0.0706 0.9316
vn -0.4046 0.0522 0.9130
vn -0.3789 0.0817 0.9218
vn 0.1136 -0.2705 0.9560
vn 0.0449 0.0944 0.9945
vn -0.0544 0.1037 0.9931
vn 0.1786 0.0437 0.9829
vn 0.2035 0.0551 0.9775
vn 0.2774 -0.0078 0.9607
vn 0.3413 0.0159 0.9398
vn 0.2814 0.0995 0.9544
vn 0.1426 0.0100 0.9897
vn 0.3478 0.1549 0.9247
vn 0.0225 0.0007 0.9997
vn 0.1280 -0.0328 0.9912
vn -0.2431 -0.2102 0.9469
vn -0.4179 -0.1468 0.8965
vn -0.2214 0.0846 0.9715
vn -0.3291 -0.1459 0.9330
vn -0.4344 -0.0298 0.9002
vn -0.0988 0.1009 0.9900
vn -0.1757 0.0801 0.9812
vn 0.2834 -0.1691 0.9440
vn 0.2524 0.0804 0.9643
vn -0.3526 -0.1606 0.9219
vn -0.4567 -0.1118 0.8826
vn -0.4974 -0.1466 0.8550
vn -0.2245 0.7996 0.5570
vn 0.2859 0.1975 0.9377
vn -0.2443 0.3257 0.9134
vn -0.2916 0.2181 0.9314
vn -0.0629 0.0892 0.9940
vn 0.0375 0.1606 0.9863
vn -0.1731 0.0426 0.9840
vn -0.2301 0.1115 0.9667
vn -0.0605 0.2222 0.9731
vn -0.0325 0.2801 0.9594
vn 0.0922 -0.0247 0.9954
vn -0.1777 0.0068 0.9841
vn -0.1289 0.2139 0.9683
vn 0.1357 -0.0000 0.9908
vn 0.1024 0.0331 0.9942
vn 0.0231 0.0248 0.9994
vn -0.0678 -0.0008 0.9977
vn -0.1207 0.1159 0.9859
vn -0.4694 0.0242 0.8827
vn -0.6310 -0.1372 0.7636
vn -0.6375 -0.1582 0.7540
vn -0.5574 -0.1216 0.8213
vn -0.4723 -0.1420 0.8699
vn -0.5792 -0.1186 0.8065
vn -0.5633 -0.1212 0.8173
vn -0.3824 -0.1606 0.9099
vn -0.4285 -0.1573 0.8898
vn -0.6146 -0.0405 0.7878
vn -0.5056 -0.1540 0.8489
vn -0.5168 0.0710 0.8531
vn -0.5328 0.1426 0.8341
vn 0.0879 0.0062 0.9961
vn 0.1432 -0.0559 0.9881
vn 0.0747 -0.0441 0.9962
vn 0.0331 -0.0359 0.9988
vn 0.4620 0.0194 0.8866
vn 0.4380 0.0404 0.8981
vn 0.4683 0.0188 0.8834
vn 0.5200 0.0030 0.8541
vn 0.4783 -0.0118 0.8781
vn 0.5220 0.0326 0.8523
vn 0.4069 0.0160 0.9134
s 1
usemtl Material.022
f 13//13 12//12 128//128
f 56//56 55//55 54//54
f 54//54 72//72 56//56
f 102//102 103//103 80//80
f 105//105 104//104 36//36
f 72//72 53//53 73//73
f 7//7 110//110 109//109
f 73//73 57//57 72//72
f 69//69 103//103 1//1
f 133//133 132//132 73//73
f 74//74 94//94 95//95
f 85//85 120//120 135//135
f 57//57 73//73 58//58
f 120//120 27//27 26//26
f 51//51 50//50 92//92
f 101//101 102//102 80//80
f 61//61 60//60 94//94
f 101//101 42//42 102//102
f 70//70 102//102 41//41
f 93//93 74//74 92//92
f 1//1 103//103 70//70
f 94//94 93//93 131//131
f 136//136 63//63 62//62
f 78//78 100//100 99//99
f 79//79 99//99 100//100
f 131//131 130//130 136//136
f 75//75 130//130 48//48
f 76//76 64//64 96//96
f 43//43 42//42 101//101
f 51//51 92//92 133//133
f 69//69 80//80 103//103
f 3//3 2//2 71//71
f 56//56 72//72 57//57
f 96//96 64//64 63//63
f 65//65 64//64 97//97
f 100//100 78//78 44//44
f 45//45 77//77 46//46
f 78//78 66//66 98//98
f 53//53 52//52 73//73
f 65//65 98//98 66//66
f 133//133 92//92 74//74
f 66//66 99//99 67//67
f 99//99 66//66 78//78
f 54//54 53//53 72//72
f 43//43 79//79 100//100
f 50//50 49//49 93//93
f 68//68 80//80 69//69
f 65//65 77//77 98//98
f 102//102 70//70 103//103
f 64//64 76//76 97//97
f 77//77 97//97 76//76
f 40//40 39//39 91//91
f 48//48 47//47 75//75
f 70//70 41//41 40//40
f 47//47 46//46 76//76
f 89//89 38//38 37//37
f 71//71 89//89 90//90
f 75//75 47//47 76//76
f 70//70 91//91 1//1
f 60//60 59//59 95//95
f 39//39 71//71 91//91
f 101//101 80//80 79//79
f 78//78 98//98 77//77
f 1//1 91//91 2//2
f 79//79 67//67 99//99
f 76//76 46//46 77//77
f 38//38 89//89 71//71
f 71//71 39//39 38//38
f 104//104 37//37 36//36
f 52//52 133//133 73//73
f 63//63 75//75 96//96
f 81//81 134//134 106//106
f 45//45 44//44 78//78
f 107//107 34//34 33//33
f 43//43 100//100 44//44
f 112//112 32//32 31//31
f 109//109 82//82 107//107
f 77//77 65//65 97//97
f 3//3 90//90 4//4
f 101//101 79//79 43//43
f 34//34 111//111 35//35
f 93//93 94//94 74//74
f 107//107 82//82 111//111
f 61//61 131//131 62//62
f 95//95 94//94 60//60
f 83//83 108//108 32//32
f 83//83 112//112 114//114
f 83//83 32//32 112//112
f 10//10 116//116 11//11
f 93//93 92//92 50//50
f 2//2 91//91 71//71
f 113//113 30//30 84//84
f 133//133 74//74 95//95
f 84//84 30//30 117//117
f 130//130 93//93 49//49
f 81//81 104//104 105//105
f 58//58 132//132 59//59
f 68//68 67//67 79//79
f 102//102 42//42 41//41
f 84//84 117//117 129//129
f 105//105 36//36 35//35
f 14//14 13//13 118//118
f 85//85 118//118 128//128
f 5//5 4//4 106//106
f 5//5 134//134 6//6
f 16//16 15//15 122//122
f 112//112 113//113 114//114
f 87//87 126//126 17//17
f 19//19 18//18 20//20
f 9//9 8//8 115//115
f 125//125 123//123 124//124
f 7//7 6//6 110//110
f 135//135 120//120 121//121
f 79//79 80//80 68//68
f 120//120 85//85 119//119
f 81//81 90//90 89//89
f 86//86 121//121 25//25
f 81//81 106//106 90//90
f 71//71 90//90 3//3
f 124//124 87//87 125//125
f 117//117 30//30 29//29
f 18//18 126//126 20//20
f 22//22 21//21 137//137
f 12//12 11//11 129//129
f 127//127 119//119 88//88
f 20//20 126//126 21//21
f 124//124 23//23 137//137
f 137//137 87//87 124//124
f 104//104 89//89 37//37
f 119//119 28//28 27//27
f 29//29 28//28 127//127
f 86//86 123//123 125//125
f 91//91 70//70 40//40
f 77//77 45//45 78//78
f 76//76 96//96 75//75
f 24//24 123//123 25//25
f 89//89 104//104 81//81
f 111//111 105//105 35//35
f 110//110 134//134 82//82
f 90//90 106//106 4//4
f 134//134 81//81 105//105
f 33//33 108//108 107//107
f 83//83 109//109 108//108
f 32//32 108//108 33//33
f 83//83 115//115 109//109
f 7//7 109//109 8//8
f 107//107 108//108 109//109
f 110//110 6//6 134//134
f 109//109 110//110 82//82
f 107//107 111//111 34//34
f 105//105 111//111 82//82
f 31//31 113//113 112//112
f 114//114 113//113 84//84
f 30//30 113//113 31//31
f 84//84 116//116 114//114
f 10//10 9//9 114//114
f 114//114 9//9 115//115
f 109//109 115//115 8//8
f 114//114 115//115 83//83
f 114//114 116//116 10//10
f 129//129 116//116 84//84
f 127//127 117//117 29//29
f 88//88 128//128 129//129
f 128//128 118//118 13//13
f 135//135 118//118 85//85
f 120//120 119//119 27//27
f 119//119 85//85 128//128
f 26//26 121//121 120//120
f 135//135 15//15 14//14
f 25//25 121//121 26//26
f 86//86 122//122 135//135
f 122//122 15//15 135//135
f 125//125 122//122 86//86
f 124//124 123//123 24//24
f 86//86 25//25 123//123
f 23//23 124//124 24//24
f 125//125 87//87 17//17
f 17//17 16//16 125//125
f 125//125 16//16 122//122
f 17//17 126//126 18//18
f 126//126 87//87 137//137
f 119//119 127//127 28//28
f 117//117 127//127 88//88
f 129//129 128//128 12//12
f 128//128 88//88 119//119
f 129//129 11//11 116//116
f 117//117 88//88 129//129
f 48//48 130//130 49//49
f 75//75 63//63 136//136
f 94//94 131//131 61//61
f 130//130 131//131 93//93
f 73//73 132//132 58//58
f 95//95 59//59 132//132
f 51//51 133//133 52//52
f 132//132 133//133 95//95
f 106//106 134//134 5//5
f 134//134 105//105 82//82
f 135//135 14//14 118//118
f 135//135 121//121 86//86
f 131//131 136//136 62//62
f 75//75 136//136 130//130
f 22//22 137//137 23//23
f 126//126 137//137 21//21
f 197//197 196//196 210//210
f 267//267 274//274 266//266
f 211//211 236//236 174//174
f 232//232 206//206 231//231
f 235//235 233//233 156//156
f 174//174 173//173 211//211
f 177//177 176//176 212//212
f 234//234 266//266 251//251
f 212//212 176//176 237//237
f 237//237 268//268 212//212
f 210//210 237//237 175//175
f 247//247 212//212 195//195
f 173//173 172//172 213//213
f 233//233 207//207 267//267
f 201//201 200//200 214//214
f 230//230 231//231 206//206
f 169//169 230//230 170//170
f 214//214 170//170 230//230
f 229//229 231//231 168//168
f 230//230 169//169 231//231
f 174//174 210//210 175//175
f 236//236 197//197 210//210
f 208//208 209//209 207//207
f 238//238 199//199 213//213
f 198//198 211//211 213//213
f 236//236 198//198 197//197
f 206//206 203//203 202//202
f 269//269 172//172 171//171
f 203//203 232//232 204//204
f 214//214 238//238 269//269
f 182//182 239//239 183//183
f 175//175 237//237 176//176
f 242//242 181//181 270//270
f 174//174 236//236 210//210
f 198//198 236//236 211//211
f 181//181 180//180 219//219
f 183//183 217//217 184//184
f 199//199 238//238 200//200
f 245//245 244//244 179//179
f 186//186 185//185 216//216
f 215//215 216//216 217//217
f 193//193 192//192 220//220
f 179//179 244//244 180//180
f 196//196 237//237 210//210
f 219//219 243//243 191//191
f 192//192 191//191 243//243
f 213//213 199//199 198//198
f 194//194 193//193 221//221
f 246//246 212//212 247//247
f 170//170 214//214 171//171
f 184//184 217//217 185//185
f 187//187 186//186 188//188
f 218//218 188//188 216//216
f 189//189 218//218 240//240
f 190//190 189//189 240//240
f 217//217 216//216 185//185
f 216//216 188//188 186//186
f 217//217 183//183 239//239
f 241//241 191//191 190//190
f 245//245 221//221 220//220
f 155//155 235//235 156//156
f 220//220 221//221 193//193
f 274//274 149//149 148//148
f 233//233 235//235 207//207
f 248//248 146//146 145//145
f 272//272 262//262 164//164
f 146//146 251//251 147//147
f 155//155 154//154 224//224
f 166//166 165//165 257//257
f 234//234 265//265 233//233
f 252//252 143//143 142//142
f 261//261 258//258 227//227
f 260//260 223//223 255//255
f 222//222 248//248 249//249
f 259//259 256//256 226//226
f 251//251 248//248 222//222
f 156//156 233//233 157//157
f 145//145 144//144 259//259
f 224//224 154//154 152//152
f 161//161 160//160 260//260
f 188//188 218//218 189//189
f 153//153 152//152 154//154
f 162//162 161//161 255//255
f 224//224 152//152 151//151
f 216//216 215//215 218//218
f 147//147 266//266 148//148
f 155//155 208//208 235//235
f 149//149 209//209 150//150
f 178//178 245//245 179//179
f 159//159 158//158 250//250
f 150//150 208//208 151//151
f 242//242 270//270 241//241
f 158//158 157//157 265//265
f 208//208 155//155 224//224
f 208//208 224//224 151//151
f 240//240 218//218 215//215
f 228//228 205//205 229//229
f 229//229 205//205 232//232
f 228//228 263//263 205//205
f 263//263 228//228 225//225
f 228//228 229//229 167//167
f 228//228 167//167 166//166
f 169//169 168//168 231//231
f 214//214 230//230 264//264
f 209//209 208//208 150//150
f 204//204 232//232 205//205
f 264//264 202//202 201//201
f 235//235 208//208 207//207
f 229//229 232//232 231//231
f 229//229 168//168 167//167
f 253//253 223//223 252//252
f 223//223 256//256 252//252
f 211//211 173//173 213//213
f 256//256 144//144 143//143
f 250//250 249//249 159//159
f 247//247 195//195 194//194
f 225//225 257//257 262//262
f 140//140 139//139 258//258
f 234//234 222//222 250//250
f 141//141 140//140 261//261
f 273//273 254//254 272//272
f 203//203 206//206 232//232
f 261//261 227//227 271//271
f 195//195 268//268 196//196
f 138//138 204//204 205//205
f 257//257 228//228 166//166
f 258//258 263//263 225//225
f 238//238 214//214 200//200
f 207//207 274//274 267//267
f 163//163 273//273 272//272
f 206//206 202//202 264//264
f 246//246 221//221 178//178
f 269//269 213//213 172//172
f 242//242 239//239 182//182
f 217//217 239//239 215//215
f 215//215 239//239 242//242
f 191//191 241//241 219//219
f 190//190 240//240 241//241
f 241//241 240//240 242//242
f 215//215 242//242 240//240
f 181//181 242//242 182//182
f 244//244 219//219 180//180
f 220//220 192//192 243//243
f 220//220 243//243 244//244
f 219//219 244//244 243//243
f 221//221 245//245 178//178
f 244//244 245//245 220//220
f 178//178 177//177 246//246
f 212//212 246//246 177//177
f 194//194 221//221 247//247
f 246//246 247//247 221//221
f 259//259 248//248 145//145
f 260//260 249//249 226//226
f 226//226 249//249 248//248
f 160//160 159//159 249//249
f 250//250 158//158 265//265
f 249//249 250//250 222//222
f 248//248 251//251 146//146
f 234//234 251//251 222//222
f 142//142 141//141 271//271
f 253//253 162//162 255//255
f 273//273 252//252 254//254
f 162//162 253//253 273//273
f 252//252 142//142 271//271
f 254//254 227//227 272//272
f 255//255 161//161 260//260
f 253//253 255//255 223//223
f 252//252 256//256 143//143
f 226//226 256//256 223//223
f 262//262 257//257 165//165
f 228//228 257//257 225//225
f 263//263 258//258 139//139
f 258//258 225//225 262//262
f 256//256 259//259 144//144
f 248//248 259//259 226//226
f 249//249 260//260 160//160
f 260//260 226//226 223//223
f 258//258 261//261 140//140
f 271//271 227//227 254//254
f 164//164 262//262 165//165
f 258//258 262//262 227//227
f 139//139 138//138 263//263
f 205//205 263//263 138//138
f 214//214 264//264 201//201
f 206//206 264//264 230//230
f 233//233 265//265 157//157
f 250//250 265//265 234//234
f 251//251 266//266 147//147
f 267//267 266//266 234//234
f 233//233 267//267 234//234
f 207//207 209//209 274//274
f 212//212 268//268 195//195
f 237//237 196//196 268//268
f 214//214 269//269 171//171
f 213//213 269//269 238//238
f 181//181 219//219 270//270
f 241//241 270//270 219//219
f 261//261 271//271 141//141
f 252//252 271//271 254//254
f 262//262 272//272 227//227
f 163//163 272//272 164//164
f 162//162 273//273 163//163
f 252//252 273//273 253//253
f 149//149 274//274 209//209
f 266//266 274//274 148//148
f 394//394 285//285 284//284
f 378//378 525//525 299//299
f 590//590 564//564 581//581
f 452//452 369//369 659//659
f 444//444 286//286 285//285
f 500//500 497//497 432//432
f 396//396 444//444 394//394
f 506//506 510//510 505//505
f 489//489 360//360 488//488
f 453//453 528//528 287//287
f 394//394 395//395 364//364
f 399//399 450//450 527//527
f 403//403 406//406 404//404
f 345//345 488//488 387//387
f 278//278 277//277 370//370
f 360//360 361//361 387//387
f 389//389 314//314 313//313
f 370//370 413//413 278//278
f 415//415 279//279 413//413
f 549//549 369//369 453//453
f 413//413 279//279 278//278
f 384//384 501//501 500//500
f 439//439 394//394 284//284
f 464//464 441//441 281//281
f 393//393 363//363 390//390
f 305//305 393//393 390//390
f 416//416 464//464 280//280
f 372//372 352//352 410//410
f 342//342 292//292 376//376
f 365//365 587//587 442//442
f 461//461 290//290 530//530
f 293//293 342//342 341//341
f 368//368 401//401 451//451
f 343//343 296//296 341//341
f 315//315 386//386 316//316
f 294//294 341//341 295//295
f 356//356 343//343 340//340
f 294//294 293//293 341//341
f 295//295 341//341 296//296
f 535//535 559//559 584//584
f 290//290 289//289 400//400
f 343//343 342//342 340//340
f 377//377 292//292 291//291
f 356//356 298//298 297//297
f 443//443 602//602 395//395
f 401//401 368//368 400//400
f 340//340 342//342 376//376
f 512//512 511//511 515//515
f 594//594 632//632 595//595
f 379//379 340//340 354//354
f 439//439 440//440 395//395
f 366//366 450//450 301//301
f 366//366 301//301 300//300
f 438//438 307//307 306//306
f 366//366 526//526 450//450
f 341//341 342//342 343//343
f 399//399 303//303 302//302
f 387//387 386//386 362//362
f 407//407 275//275 408//408
f 509//509 391//391 436//436
f 334//334 372//372 335//335
f 387//387 488//488 360//360
f 320//320 319//319 361//361
f 420//420 373//373 418//418
f 331//331 330//330 421//421
f 433//433 308//308 307//307
f 466//466 467//467 422//422
f 499//499 545//545 473//473
f 387//387 434//434 345//345
f 417//417 419//419 372//372
f 638//638 437//437 639//639
f 436//436 391//391 304//304
f 537//537 422//422 470//470
f 426//426 380//380 425//425
f 427//427 475//475 477//477
f 379//379 356//356 340//340
f 356//356 424//424 378//378
f 427//427 325//325 425//425
f 489//489 428//428 490//490
f 596//596 312//312 429//429
f 471//471 380//380 426//426
f 292//292 342//342 293//293
f 297//297 296//296 343//343
f 324//324 425//425 325//325
f 379//379 458//458 355//355
f 339//339 534//534 535//535
f 481//481 484//484 375//375
f 357//357 471//471 474//474
f 449//449 398//398 525//525
f 390//390 306//306 305//305
f 523//523 446//446 524//524
f 383//383 497//497 495//495
f 494//494 496//496 491//491
f 517//517 507//507 513//513
f 370//370 277//277 403//403
f 503//503 433//433 432//432
f 334//334 417//417 372//372
f 312//312 311//311 429//429
f 310//310 309//309 431//431
f 553//553 554//554 463//463
f 382//382 430//430 491//491
f 298//298 378//378 299//299
f 346//346 361//361 319//319
f 418//418 373//373 417//417
f 317//317 346//346 318//318
f 327//327 563//563 468//468
f 343//343 356//356 297//297
f 360//360 385//385 361//361
f 422//422 374//374 421//421
f 314//314 388//388 315//315
f 402//402 530//530 457//457
f 316//316 346//346 317//317
f 319//319 318//318 346//346
f 469//469 541//541 538//538
f 449//449 459//459 398//398
f 388//388 389//389 362//362
f 320//320 385//385 321//321
f 351//351 404//404 412//412
f 458//458 379//379 354//354
f 370//370 404//404 351//351
f 386//386 361//361 346//346
f 583//583 590//590 592//592
f 401//401 289//289 288//288
f 368//368 451//451 457//457
f 444//444 445//445 286//286
f 657//657 659//659 656//656
f 403//403 277//277 276//276
f 414//414 413//413 370//370
f 533//533 532//532 351//351
f 416//416 463//463 536//536
f 417//417 334//334 333//333
f 409//409 372//372 410//410
f 540//540 556//556 539//539
f 561//561 584//584 559//559
f 466//466 421//421 330//330
f 539//539 556//556 374//374
f 325//325 427//427 326//326
f 612//612 562//562 375//375
f 377//377 376//376 292//292
f 340//340 376//376 354//354
f 461//461 377//377 291//291
f 376//376 377//377 354//354
f 356//356 378//378 298//298
f 378//378 355//355 449//449
f 354//354 402//402 458//458
f 424//424 379//379 355//355
f 426//426 324//324 323//323
f 427//427 380//380 475//475
f 322//322 321//321 489//489
f 428//428 488//488 599//599
f 430//430 311//311 310//310
f 389//389 598//598 434//434
f 494//494 491//491 492//492
f 430//430 382//382 429//429
f 438//438 390//390 392//392
f 363//363 437//437 502//502
f 361//361 385//385 320//320
f 489//489 385//385 360//360
f 316//316 386//386 346//346
f 386//386 315//315 388//388
f 386//386 387//387 361//361
f 434//434 387//387 362//362
f 389//389 388//388 314//314
f 386//386 388//388 362//362
f 596//596 313//313 312//312
f 358//358 624//624 597//597
f 393//393 304//304 391//391
f 392//392 390//390 363//363
f 436//436 304//304 303//303
f 509//509 506//506 508//508
f 363//363 515//515 437//437
f 392//392 384//384 433//433
f 304//304 393//393 305//305
f 393//393 391//391 512//512
f 439//439 284//284 283//283
f 394//394 364//364 396//396
f 440//440 283//283 282//282
f 395//395 440//440 443//443
f 396//396 364//364 652//652
f 286//286 445//445 287//287
f 280//280 415//415 416//416
f 443//443 397//397 442//442
f 526//526 447//447 349//349
f 366//366 300//300 448//448
f 450//450 399//399 302//302
f 399//399 504//504 436//436
f 401//401 400//400 289//289
f 530//530 400//400 368//368
f 549//549 445//445 550//550
f 451//451 350//350 457//457
f 460//460 446//446 459//459
f 461//461 354//354 377//377
f 408//408 275//275 336//336
f 370//370 403//403 404//404
f 276//276 275//275 407//407
f 411//411 412//412 410//410
f 409//409 462//462 372//372
f 406//406 412//412 404//404
f 407//407 403//403 276//276
f 405//405 409//409 410//410
f 405//405 406//406 407//407
f 407//407 406//406 403//403
f 462//462 336//336 335//335
f 405//405 407//407 408//408
f 405//405 408//408 409//409
f 408//408 336//336 462//462
f 352//352 623//623 410//410
f 405//405 410//410 412//412
f 623//623 534//534 411//411
f 534//534 555//555 533//533
f 412//412 406//406 405//405
f 351//351 412//412 411//411
f 414//414 370//370 351//351
f 415//415 413//413 371//371
f 532//532 414//414 351//351
f 371//371 413//413 414//414
f 416//416 415//415 371//371
f 280//280 279//279 415//415
f 463//463 416//416 371//371
f 464//464 416//416 397//397
f 418//418 417//417 333//333
f 372//372 419//419 352//352
f 333//333 332//332 418//418
f 332//332 331//331 465//465
f 417//417 373//373 419//419
f 373//373 559//559 560//560
f 465//465 418//418 332//332
f 420//420 465//465 421//421
f 466//466 330//330 329//329
f 420//420 421//421 374//374
f 467//467 329//329 328//328
f 422//422 467//467 470//470
f 543//543 427//427 477//477
f 423//423 612//612 470//470
f 378//378 424//424 355//355
f 356//356 379//379 424//424
f 426//426 425//425 324//324
f 427//427 425//425 380//380
f 322//322 490//490 544//544
f 380//380 471//471 357//357
f 475//475 380//380 357//357
f 543//543 327//327 326//326
f 434//434 601//601 345//345
f 472//472 490//490 381//381
f 430//430 429//429 311//311
f 596//596 429//429 382//382
f 431//431 430//430 310//310
f 382//382 491//491 358//358
f 309//309 308//308 503//503
f 431//431 383//383 492//492
f 383//383 431//431 432//432
f 431//431 309//309 503//503
f 433//433 307//307 438//438
f 432//432 433//433 384//384
f 362//362 389//389 434//434
f 597//597 598//598 596//596
f 499//499 548//548 624//624
f 598//598 601//601 434//434
f 303//303 399//399 436//436
f 504//504 399//399 367//367
f 520//520 631//631 347//347
f 363//363 502//502 392//392
f 390//390 438//438 306//306
f 433//433 438//438 392//392
f 440//440 439//439 283//283
f 394//394 439//439 395//395
f 282//282 441//441 440//440
f 397//397 536//536 442//442
f 281//281 441//441 282//282
f 397//397 440//440 441//441
f 582//582 587//587 365//365
f 395//395 602//602 364//364
f 397//397 443//443 440//440
f 602//602 443//443 442//442
f 394//394 444//444 285//285
f 445//445 444//444 396//396
f 550//550 445//445 396//396
f 369//369 452//452 453//453
f 455//455 456//456 350//350
f 447//447 523//523 349//349
f 448//448 447//447 366//366
f 523//523 447//447 398//398
f 525//525 300//300 299//299
f 447//447 448//448 398//398
f 459//459 449//449 355//355
f 525//525 398//398 448//448
f 301//301 450//450 302//302
f 366//366 447//447 526//526
f 401//401 452//452 451//451
f 659//659 455//455 452//452
f 401//401 288//288 528//528
f 606//606 611//611 522//522
f 452//452 401//401 528//528
f 287//287 445//445 453//453
f 446//446 460//460 456//456
f 451//451 455//455 350//350
f 452//452 455//455 451//451
f 455//455 454//454 456//456
f 454//454 529//529 456//456
f 523//523 524//524 349//349
f 460//460 457//457 350//350
f 530//530 402//402 461//461
f 402//402 457//457 460//460
f 459//459 458//458 460//460
f 459//459 446//446 523//523
f 355//355 458//458 459//459
f 402//402 460//460 458//458
f 460//460 350//350 456//456
f 290//290 461//461 291//291
f 402//402 354//354 461//461
f 372//372 462//462 335//335
f 408//408 462//462 409//409
f 553//553 463//463 371//371
f 536//536 463//463 365//365
f 441//441 464//464 397//397
f 280//280 464//464 281//281
f 421//421 465//465 331//331
f 418//418 465//465 420//420
f 467//467 466//466 329//329
f 421//421 466//466 422//422
f 328//328 468//468 467//467
f 470//470 612//612 469//469
f 327//327 468//468 328//328
f 423//423 467//467 468//468
f 375//375 484//484 486//486
f 422//422 537//537 374//374
f 423//423 470//470 467//467
f 537//537 470//470 469//469
f 426//426 472//472 471//471
f 472//472 473//473 474//474
f 426//426 323//323 544//544
f 473//473 472//472 381//381
f 473//473 548//548 499//499
f 496//496 498//498 546//546
f 472//472 474//474 471//471
f 479//479 474//474 473//473
f 478//478 475//475 357//357
f 423//423 468//468 563//563
f 478//478 479//479 618//618
f 476//476 618//618 613//613
f 480//480 475//475 478//478
f 480//480 481//481 477//477
f 479//479 478//478 357//357
f 480//480 478//478 476//476
f 479//479 357//357 474//474
f 547//547 613//613 479//479
f 481//481 480//480 476//476
f 475//475 480//480 477//477
f 483//483 614//614 616//616
f 477//477 481//481 375//375
f 617//617 664//664 616//616
f 635//635 637//637 634//634
f 476//476 613//613 614//614
f 486//486 487//487 485//485
f 614//614 481//481 476//476
f 486//486 484//484 483//483
f 483//483 487//487 486//486
f 539//539 538//538 353//353
f 483//483 664//664 487//487
f 486//486 485//485 541//541
f 564//564 572//572 578//578
f 538//538 542//542 353//353
f 599//599 488//488 345//345
f 489//489 488//488 428//428
f 489//489 321//321 385//385
f 428//428 381//381 490//490
f 472//472 426//426 544//544
f 322//322 489//489 490//490
f 430//430 492//492 491//491
f 620//620 493//493 622//622
f 431//431 492//492 430//430
f 495//495 493//493 494//494
f 619//619 620//620 651//651
f 496//496 358//358 491//491
f 383//383 494//494 492//492
f 494//494 493//493 496//496
f 494//494 383//383 495//495
f 497//497 383//383 432//432
f 493//493 498//498 496//496
f 473//473 545//545 479//479
f 500//500 432//432 384//384
f 359//359 495//495 497//497
f 620//620 498//498 493//493
f 613//613 547//547 344//344
f 548//548 473//473 381//381
f 358//358 496//496 499//499
f 392//392 502//502 384//384
f 359//359 497//497 500//500
f 641//641 631//631 630//630
f 500//500 501//501 640//640
f 437//437 501//501 502//502
f 384//384 502//502 501//501
f 433//433 503//503 308//308
f 431//431 503//503 432//432
f 504//504 367//367 506//506
f 436//436 504//504 509//509
f 506//506 513//513 510//510
f 520//520 505//505 519//519
f 513//513 507//507 510//510
f 506//506 505//505 508//508
f 608//608 653//653 607//607
f 521//521 510//510 518//518
f 511//511 508//508 505//505
f 393//393 512//512 363//363
f 506//506 509//509 504//504
f 391//391 509//509 508//508
f 513//513 506//506 367//367
f 518//518 510//510 507//507
f 521//521 505//505 510//510
f 515//515 511//511 347//347
f 391//391 508//508 512//512
f 511//511 512//512 508//508
f 367//367 516//516 513//513
f 660//660 663//663 338//338
f 660//660 338//338 661//661
f 520//520 347//347 511//511
f 437//437 515//515 347//347
f 512//512 515//515 363//363
f 527//527 367//367 399//399
f 552//552 551//551 517//517
f 513//513 516//516 517//517
f 552//552 516//516 349//349
f 593//593 518//518 662//662
f 518//518 514//514 521//521
f 589//589 594//594 514//514
f 519//519 649//649 631//631
f 505//505 520//520 511//511
f 595//595 649//649 519//519
f 595//595 521//521 514//514
f 505//505 521//521 519//519
f 652//652 605//605 606//606
f 609//609 606//606 348//348
f 459//459 523//523 398//398
f 524//524 446//446 456//456
f 529//529 524//524 456//456
f 517//517 551//551 338//338
f 449//449 525//525 378//378
f 300//300 525//525 448//448
f 349//349 516//516 526//526
f 527//527 526//526 516//516
f 526//526 527//527 450//450
f 516//516 367//367 527//527
f 287//287 528//528 288//288
f 452//452 528//528 453//453
f 661//661 454//454 657//657
f 529//529 338//338 551//551
f 400//400 530//530 290//290
f 457//457 530//530 368//368
f 371//371 414//414 532//532
f 554//554 365//365 463//463
f 533//533 351//351 411//411
f 532//532 531//531 553//553
f 534//534 533//533 411//411
f 531//531 532//532 533//533
f 411//411 410//410 623//623
f 555//555 534//534 339//339
f 560//560 352//352 419//419
f 373//373 420//420 556//556
f 442//442 536//536 365//365
f 416//416 536//536 397//397
f 538//538 537//537 469//469
f 539//539 537//537 538//538
f 469//469 612//612 541//541
f 538//538 485//485 542//542
f 539//539 353//353 540//540
f 374//374 537//537 539//539
f 353//353 558//558 565//565
f 559//559 540//540 561//561
f 486//486 541//541 375//375
f 485//485 538//538 541//541
f 487//487 625//625 485//485
f 557//557 561//561 565//565
f 427//427 543//543 326//326
f 562//562 543//543 477//477
f 322//322 544//544 323//323
f 472//472 544//544 490//490
f 499//499 546//546 545//545
f 547//547 498//498 344//344
f 496//496 546//546 499//499
f 547//547 546//546 498//498
f 479//479 545//545 547//547
f 547//547 545//545 546//546
f 600//600 428//428 599//599
f 624//624 435//435 597//597
f 445//445 549//549 453//453
f 656//656 549//549 522//522
f 550//550 396//396 652//652
f 549//549 550//550 522//522
f 552//552 517//517 516//516
f 529//529 551//551 524//524
f 349//349 524//524 552//552
f 551//551 552//552 524//524
f 532//532 553//553 371//371
f 553//553 531//531 554//554
f 568//568 531//531 555//555
f 566//566 570//570 572//572
f 555//555 569//569 568//568
f 531//531 533//533 555//555
f 374//374 556//556 420//420
f 559//559 556//556 540//540
f 558//558 353//353 542//542
f 572//572 564//564 566//566
f 625//625 542//542 485//485
f 577//577 572//572 567//567
f 623//623 560//560 535//535
f 556//556 559//559 373//373
f 373//373 560//560 419//419
f 535//535 560//560 559//559
f 565//565 540//540 353//353
f 557//557 571//571 584//584
f 375//375 562//562 477//477
f 563//563 562//562 423//423
f 327//327 543//543 563//563
f 563//563 543//543 562//562
f 365//365 554//554 582//582
f 568//568 570//570 554//554
f 557//557 565//565 558//558
f 540//540 565//565 561//561
f 568//568 554//554 531//531
f 566//566 564//564 586//586
f 569//569 567//567 568//568
f 633//633 576//576 558//558
f 569//569 555//555 339//339
f 568//568 567//567 570//570
f 339//339 571//571 569//569
f 576//576 575//575 571//571
f 570//570 567//567 572//572
f 570//570 566//566 582//582
f 584//584 339//339 535//535
f 571//571 557//557 576//576
f 569//569 575//575 567//567
f 578//578 574//574 581//581
f 628//628 633//633 626//626
f 575//575 577//577 567//567
f 578//578 580//580 574//574
f 629//629 635//635 634//634
f 571//571 575//575 569//569
f 577//577 575//575 573//573
f 558//558 576//576 557//557
f 575//575 576//576 573//573
f 579//579 577//577 573//573
f 577//577 580//580 578//578
f 577//577 578//578 572//572
f 667//667 574//574 666//666
f 579//579 628//628 626//626
f 626//626 487//487 627//627
f 577//577 579//579 580//580
f 579//579 574//574 580//580
f 581//581 337//337 588//588
f 564//564 578//578 581//581
f 570//570 582//582 554//554
f 587//587 582//582 566//566
f 581//581 588//588 590//590
f 602//602 603//603 604//604
f 557//557 584//584 561//561
f 339//339 584//584 571//571
f 589//589 588//588 337//337
f 593//593 654//654 514//514
f 590//590 586//586 564//564
f 587//587 586//586 583//583
f 586//586 587//587 566//566
f 587//587 583//583 603//603
f 337//337 594//594 589//589
f 588//588 585//585 590//590
f 518//518 593//593 514//514
f 585//585 588//588 589//589
f 592//592 590//590 585//585
f 586//586 590//590 583//583
f 454//454 659//659 657//657
f 522//522 550//550 652//652
f 608//608 592//592 585//585
f 604//604 592//592 348//348
f 662//662 518//518 507//507
f 655//655 654//654 591//591
f 635//635 666//666 574//574
f 521//521 595//595 519//519
f 514//514 594//594 595//595
f 668//668 665//665 629//629
f 597//597 596//596 382//382
f 313//313 596//596 389//389
f 358//358 597//597 382//382
f 598//598 597//597 435//435
f 598//598 435//435 601//601
f 389//389 596//596 598//598
f 599//599 624//624 600//600
f 381//381 600//600 548//548
f 428//428 600//600 381//381
f 624//624 599//599 435//435
f 435//435 599//599 601//601
f 345//345 601//601 599//599
f 442//442 587//587 603//603
f 605//605 602//602 604//604
f 604//604 603//603 583//583
f 442//442 603//603 602//602
f 592//592 604//604 583//583
f 604//604 348//348 605//605
f 605//605 348//348 606//606
f 364//364 602//602 605//605
f 592//592 608//608 348//348
f 610//610 611//611 609//609
f 653//653 585//585 589//589
f 369//369 549//549 656//656
f 653//653 608//608 585//585
f 608//608 607//607 609//609
f 608//608 609//609 348//348
f 610//610 609//609 607//607
f 653//653 655//655 607//607
f 658//658 660//660 661//661
f 609//609 611//611 606//606
f 656//656 611//611 610//610
f 562//562 612//612 423//423
f 541//541 612//612 375//375
f 613//613 344//344 619//619
f 484//484 614//614 483//483
f 614//614 484//484 481//481
f 616//616 614//614 621//621
f 344//344 620//620 619//619
f 651//651 648//648 646//646
f 621//621 614//614 613//613
f 617//617 616//616 615//615
f 615//615 650//650 645//645
f 627//627 664//664 482//482
f 478//478 618//618 476//476
f 479//479 613//613 618//618
f 344//344 498//498 620//620
f 621//621 615//615 616//616
f 622//622 493//493 495//495
f 501//501 437//437 638//638
f 613//613 619//619 621//621
f 615//615 621//621 619//619
f 495//495 359//359 622//622
f 500//500 640//640 359//359
f 560//560 623//623 352//352
f 534//534 623//623 535//535
f 499//499 624//624 358//358
f 600//600 624//624 548//548
f 626//626 625//625 487//487
f 542//542 625//625 558//558
f 487//487 664//664 627//627
f 579//579 573//573 628//628
f 627//627 482//482 634//634
f 626//626 627//627 637//637
f 576//576 628//628 573//573
f 625//625 633//633 558//558
f 636//636 641//641 643//643
f 630//630 631//631 649//649
f 634//634 644//644 629//629
f 646//646 640//640 636//636
f 519//519 631//631 520//520
f 631//631 641//641 639//639
f 594//594 337//337 632//632
f 665//665 632//632 337//337
f 626//626 633//633 625//625
f 576//576 633//633 628//628
f 482//482 645//645 644//644
f 666//666 629//629 665//665
f 574//574 579//579 635//635
f 637//637 635//635 579//579
f 630//630 647//647 643//643
f 638//638 640//640 501//501
f 626//626 637//637 579//579
f 634//634 637//637 627//627
f 639//639 437//437 347//347
f 638//638 636//636 640//640
f 631//631 639//639 347//347
f 636//636 638//638 639//639
f 646//646 636//636 643//643
f 359//359 640//640 648//648
f 642//642 647//647 644//644
f 636//636 639//639 641//641
f 617//617 645//645 482//482
f 648//648 651//651 620//620
f 630//630 643//643 641//641
f 643//643 642//642 646//646
f 482//482 644//644 634//634
f 642//642 643//643 647//647
f 615//615 645//645 617//617
f 644//644 645//645 642//642
f 650//650 646//646 642//642
f 648//648 620//620 622//622
f 668//668 630//630 632//632
f 629//629 644//644 647//647
f 359//359 648//648 622//622
f 640//640 646//646 648//648
f 595//595 632//632 649//649
f 630//630 649//649 632//632
f 645//645 650//650 642//642
f 615//615 619//619 651//651
f 646//646 650//650 651//651
f 651//651 650//650 615//615
f 605//605 652//652 364//364
f 652//652 606//606 522//522
f 654//654 653//653 589//589
f 653//653 654//654 655//655
f 514//514 654//654 589//589
f 591//591 654//654 593//593
f 658//658 655//655 591//591
f 610//610 607//607 655//655
f 611//611 656//656 522//522
f 656//656 610//610 657//657
f 610//610 655//655 658//658
f 661//661 529//529 454//454
f 658//658 591//591 660//660
f 610//610 658//658 657//657
f 659//659 454//454 455//455
f 656//656 659//659 369//369
f 662//662 591//591 593//593
f 517//517 663//663 507//507
f 529//529 661//661 338//338
f 658//658 661//661 657//657
f 663//663 662//662 507//507
f 591//591 662//662 660//660
f 338//338 663//663 517//517
f 662//662 663//663 660//660
f 616//616 664//664 483//483
f 482//482 664//664 617//617
f 665//665 337//337 667//667
f 668//668 629//629 647//647
f 629//629 666//666 635//635
f 666//666 665//665 667//667
f 337//337 581//581 667//667
f 667//667 581//581 574//574
f 630//630 668//668 647//647
f 632//632 665//665 668//668
f 695//695 281//281 282//282
f 281//281 695//695 694//694
f 694//694 280//280 281//281
f 280//280 694//694 693//693
f 284//284 697//697 283//283
f 697//697 284//284 698//698
f 283//283 696//696 282//282
f 696//696 283//283 697//697
f 282//282 696//696 695//695
f 277//277 691//691 690//690
f 275//275 276//276 689//689
f 689//689 276//276 690//690
f 277//277 690//690 276//276
f 693//693 279//279 280//280
f 279//279 693//693 692//692
f 691//691 278//278 692//692
f 278//278 691//691 277//277
f 692//692 278//278 279//279
f 705//705 704//704 291//291
f 704//704 290//290 291//291
f 290//290 704//704 703//703
f 290//290 703//703 289//289
f 705//705 291//291 292//292
f 294//294 707//707 293//293
f 706//706 292//292 293//293
f 292//292 706//706 705//705
f 706//706 293//293 707//707
f 700//700 699//699 286//286
f 699//699 285//285 286//286
f 285//285 699//699 698//698
f 285//285 698//698 284//284
f 700//700 286//286 287//287
f 702//702 289//289 703//703
f 289//289 702//702 288//288
f 701//701 287//287 288//288
f 287//287 701//701 700//700
f 701//701 288//288 702//702
f 275//275 689//689 688//688
f 275//275 687//687 336//336
f 687//687 275//275 688//688
f 336//336 686//686 335//335
f 686//686 336//336 687//687
f 335//335 685//685 334//334
f 685//685 335//335 686//686
f 334//334 684//684 333//333
f 684//684 334//334 685//685
f 333//333 684//684 683//683
f 683//683 332//332 333//333
f 332//332 683//683 682//682
f 682//682 681//681 331//331
f 331//331 681//681 330//330
f 682//682 331//331 332//332
f 330//330 680//680 329//329
f 680//680 330//330 681//681
f 329//329 679//679 328//328
f 679//679 329//329 680//680
f 328//328 679//679 678//678
f 678//678 327//327 328//328
f 327//327 678//678 677//677
f 326//326 677//677 676//676
f 677//677 326//326 327//327
f 326//326 676//676 325//325
f 324//324 325//325 675//675
f 674//674 323//323 324//324
f 323//323 674//674 673//673
f 674//674 324//324 675//675
f 325//325 676//676 675//675
f 322//322 673//673 672//672
f 673//673 322//322 323//323
f 321//321 672//672 671//671
f 672//672 321//321 322//322
f 321//321 671//671 320//320
f 319//319 320//320 670//670
f 669//669 318//318 319//319
f 669//669 319//319 670//670
f 320//320 671//671 670//670
f 688//688 689//689 746//746
f 746//746 708//708 745//745
f 708//708 746//746 689//689
f 745//745 708//708 709//709
f 744//744 709//709 710//710
f 709//709 744//744 745//745
f 743//743 710//710 711//711
f 710//710 743//743 744//744
f 743//743 711//711 742//742
f 742//742 712//712 741//741
f 712//712 742//742 711//711
f 741//741 713//713 740//740
f 713//713 741//741 712//712
f 740//740 713//713 714//714
f 739//739 714//714 715//715
f 714//714 739//739 740//740
f 739//739 715//715 738//738
f 738//738 716//716 737//737
f 716//716 738//738 715//715
f 737//737 716//716 717//717
f 736//736 717//717 718//718
f 717//717 736//736 737//737
f 734//734 735//735 719//719
f 718//718 735//735 736//736
f 719//719 735//735 718//718
f 720//720 733//733 734//734
f 733//733 720//720 721//721
f 720//720 734//734 719//719
f 732//732 721//721 722//722
f 721//721 732//732 733//733
f 732//732 722//722 731//731
f 731//731 723//723 730//730
f 731//731 722//722 723//723
f 730//730 724//724 729//729
f 724//724 730//730 723//723
f 729//729 724//724 725//725
f 726//726 707//707 294//294
f 725//725 726//726 727//727
f 725//725 727//727 728//728
f 727//727 726//726 294//294
f 725//725 728//728 729//729
f 759//759 772//772 760//760
f 772//772 759//759 773//773
f 761//761 760//760 771//771
f 771//771 760//760 772//772
f 761//761 771//771 770//770
f 774//774 757//757 775//775
f 758//758 774//774 773//773
f 774//774 758//758 757//757
f 758//758 773//773 759//759
f 757//757 756//756 775//775
f 318//318 765//765 766//766
f 765//765 318//318 669//669
f 766//766 765//765 764//764
f 764//764 767//767 766//766
f 762//762 770//770 769//769
f 762//762 769//769 763//763
f 764//764 768//768 767//767
f 768//768 764//764 763//763
f 768//768 763//763 769//769
f 761//761 770//770 762//762
f 782//782 749//749 783//783
f 750//750 782//782 781//781
f 782//782 750//750 749//749
f 750//750 781//781 751//751
f 749//749 748//748 783//783
f 687//687 688//688 785//785
f 687//687 785//785 747//747
f 748//748 784//784 783//783
f 784//784 748//748 747//747
f 784//784 747//747 785//785
f 754//754 777//777 755//755
f 777//777 754//754 778//778
f 756//756 776//776 775//775
f 776//776 756//756 755//755
f 776//776 755//755 777//777
f 752//752 751//751 780//780
f 780//780 751//751 781//781
f 752//752 780//780 779//779
f 753//753 779//779 778//778
f 779//779 753//753 752//752
f 753//753 778//778 754//754
f 1156//1156 1001//1001 934//934
f 317//317 318//318 766//766
f 869//869 873//873 878//878
f 873//873 786//786 878//878
f 766//766 878//878 317//317
f 851//851 1089//1089 1090//1090
f 787//787 786//786 873//873
f 1049//1049 819//819 1050//1050
f 1006//1006 935//935 864//864
f 900//900 869//869 885//885
f 787//787 873//873 879//879
f 767//767 885//885 878//878
f 820//820 1049//1049 888//888
f 867//867 865//865 868//868
f 864//864 1161//1161 1095//1095
f 153//153 866//866 152//152
f 770//770 771//771 1061//1061
f 1166//1166 865//865 925//925
f 152//152 866//866 1342//1342
f 943//943 946//946 899//899
f 1023//1023 1098//1098 1103//1103
f 867//867 868//868 926//926
f 1348//1348 790//790 929//929
f 149//149 150//150 867//867
f 1152//1152 1090//1090 1150//1150
f 926//926 929//929 789//789
f 1348//1348 1345//1345 1346//1346
f 1481//1481 1482//1482 1483//1483
f 792//792 791//791 1070//1070
f 935//935 1006//1006 866//866
f 879//879 936//936 935//935
f 875//875 1375//1375 1331//1331
f 1030//1030 1172//1172 1029//1029
f 732//732 731//731 1075//1075
f 1111//1111 776//776 777//777
f 904//904 905//905 902//902
f 778//778 1029//1029 777//777
f 966//966 818//818 817//817
f 915//915 953//953 783//783
f 1004//1004 836//836 921//921
f 781//781 1039//1039 780//780
f 913//913 972//972 971//971
f 1039//1039 952//952 954//954
f 743//743 957//957 744//744
f 827//827 903//903 828//828
f 739//739 1032//1032 740//740
f 925//925 1342//1342 1006//1006
f 828//828 903//903 893//893
f 894//894 1019//1019 1024//1024
f 767//767 878//878 766//766
f 1135//1135 1065//1065 1068//1068
f 897//897 1332//1332 887//887
f 775//775 776//776 1113//1113
f 1331//1331 881//881 875//875
f 890//890 882//882 939//939
f 827//827 904//904 903//903
f 1043//1043 1122//1122 1123//1123
f 773//773 1122//1122 772//772
f 775//775 1121//1121 774//774
f 1023//1023 58//58 59//59
f 935//935 936//936 1201//1201
f 926//926 789//789 149//149
f 776//776 1111//1111 1113//1113
f 988//988 846//846 845//845
f 915//915 923//923 745//745
f 952//952 782//782 953//953
f 902//902 1340//1340 903//903
f 794//794 793//793 1136//1136
f 979//979 727//727 916//916
f 797//797 1073//1073 798//798
f 794//794 1187//1187 795//795
f 941//941 874//874 1333//1333
f 892//892 898//898 891//891
f 1240//1240 1260//1260 1238//1238
f 886//886 880//880 901//901
f 801//801 800//800 960//960
f 1045//1045 1126//1126 1127//1127
f 902//902 1337//1337 1340//1340
f 802//802 962//962 961//961
f 881//881 896//896 888//888
f 1543//1543 1541//1541 1515//1515
f 803//803 802//802 961//961
f 806//806 805//805 968//968
f 967//967 815//815 814//814
f 804//804 1051//1051 805//805
f 1033//1033 1114//1114 1115//1115
f 184//184 990//990 839//839
f 911//911 969//969 968//968
f 1003//1003 990//990 921//921
f 971//971 807//807 970//970
f 809//809 977//977 22//22
f 771//771 1132//1132 1061//1061
f 971//971 970//970 913//913
f 980//980 1129//1129 1054//1054
f 963//963 1047//1047 961//961
f 806//806 969//969 970//970
f 1189//1189 1137//1137 1242//1242
f 1000//1000 893//893 884//884
f 1047//1047 804//804 803//803
f 859//859 1021//1021 59//59
f 973//973 816//816 815//815
f 899//899 892//892 891//891
f 1013//1013 1088//1088 1087//1087
f 1052//1052 974//974 963//963
f 786//786 317//317 878//878
f 1344//1344 1046//1046 965//965
f 768//768 947//947 767//767
f 1027//1027 880//880 886//886
f 821//821 888//888 896//896
f 965//965 1050//1050 819//819
f 821//821 820//820 888//888
f 936//936 1018//1018 900//900
f 909//909 960//960 1125//1125
f 899//899 876//876 942//942
f 813//813 978//978 814//814
f 891//891 943//943 899//899
f 1508//1508 1495//1495 1499//1499
f 20//20 21//21 914//914
f 972//972 812//812 975//975
f 973//973 967//967 911//911
f 912//912 977//977 976//976
f 897//897 904//904 826//826
f 810//810 19//19 20//20
f 21//21 22//22 977//977
f 864//864 1095//1095 1164//1164
f 810//810 20//20 914//914
f 960//960 1126//1126 1125//1125
f 914//914 811//811 810//810
f 835//835 834//834 992//992
f 1326//1326 1327//1327 1253//1253
f 900//900 885//885 947//947
f 964//964 819//819 818//818
f 895//895 1027//1027 886//886
f 1345//1345 1009//1009 1281//1281
f 783//783 784//784 915//915
f 1267//1267 1268//1268 1266//1266
f 785//785 688//688 746//746
f 1165//1165 1164//1164 1095//1095
f 745//745 923//923 746//746
f 999//999 1000//1000 1001//1001
f 746//746 923//923 785//785
f 744//744 915//915 745//745
f 907//907 957//957 955//955
f 809//809 808//808 976//976
f 1032//1032 1034//1034 1118//1118
f 960//960 962//962 801//801
f 915//915 784//784 923//923
f 781//781 782//782 952//952
f 831//831 830//830 986//986
f 1034//1034 1117//1117 956//956
f 1035//1035 1033//1033 1116//1116
f 903//903 884//884 893//893
f 737//737 1035//1035 738//738
f 885//885 767//767 947//947
f 1370//1370 1338//1338 1336//1336
f 950//950 1114//1114 1033//1033
f 734//734 1124//1124 735//735
f 822//822 821//821 896//896
f 889//889 882//882 890//890
f 898//898 892//892 57//57
f 1087//1087 1076//1076 1086//1086
f 1145//1145 1081//1081 1086//1086
f 897//897 887//887 905//905
f 1080//1080 732//732 1075//1075
f 1041//1041 955//955 742//742
f 1179//1179 1258//1258 1313//1313
f 929//929 926//926 868//868
f 1037//1037 950//950 1035//1035
f 1078//1078 1076//1076 1079//1079
f 848//848 1017//1017 849//849
f 890//890 860//860 55//55
f 1334//1334 1337//1337 1335//1335
f 857//857 856//856 1154//1154
f 728//728 727//727 979//979
f 727//727 294//294 295//295
f 1338//1338 1334//1334 1335//1335
f 1140//1140 1144//1144 930//930
f 1054//1054 860//860 890//890
f 861//861 916//916 295//295
f 1343//1343 1360//1360 1362//1362
f 823//823 895//895 886//886
f 727//727 295//295 916//916
f 897//897 901//901 1332//1332
f 56//56 889//889 55//55
f 1341//1341 150//150 151//151
f 854//854 1153//1153 855//855
f 869//869 878//878 885//885
f 1198//1198 1197//1197 853//853
f 150//150 1341//1341 867//867
f 789//789 929//929 790//790
f 1281//1281 1282//1282 1254//1254
f 57//57 58//58 898//898
f 787//787 879//879 788//788
f 892//892 899//899 882//882
f 1021//1021 1023//1023 59//59
f 1205//1205 1208//1208 1206//1206
f 937//937 788//788 879//879
f 898//898 58//58 1023//1023
f 1153//1153 1249//1249 855//855
f 1070//1070 1071//1071 1138//1138
f 895//895 823//823 822//822
f 1081//1081 730//730 729//729
f 875//875 1350//1350 1351//1351
f 1028//1028 1105//1105 871//871
f 1250//1250 894//894 1020//1020
f 824//824 886//886 901//901
f 869//869 1018//1018 873//873
f 904//904 827//827 826//826
f 897//897 825//825 901//901
f 153//153 937//937 866//866
f 843//843 981//981 844//844
f 890//890 55//55 889//889
f 984//984 985//985 983//983
f 939//939 882//882 942//942
f 985//985 1057//1057 917//917
f 894//894 1068//1068 1241//1241
f 905//905 904//904 897//897
f 1331//1331 896//896 881//881
f 838//838 837//837 918//918
f 1051//1051 1047//1047 963//963
f 186//186 187//187 838//838
f 836//836 835//835 994//994
f 918//918 185//185 186//186
f 1055//1055 890//890 939//939
f 991//991 841//841 840//840
f 822//822 896//896 895//895
f 186//186 838//838 918//918
f 992//992 919//919 994//994
f 984//984 983//983 922//922
f 837//837 1004//1004 918//918
f 992//992 993//993 919//919
f 1111//1111 1029//1029 1031//1031
f 901//901 880//880 1332//1332
f 865//865 867//867 1341//1341
f 830//830 829//829 997//997
f 892//892 882//882 889//889
f 1025//1025 768//768 769//769
f 846//846 998//998 847//847
f 905//905 1335//1335 902//902
f 1059//1059 998//998 846//846
f 945//945 946//946 943//943
f 1002//1002 998//998 920//920
f 1158//1158 932//932 1159//1159
f 823//823 886//886 824//824
f 825//825 897//897 826//826
f 1014//1014 1094//1094 1159//1159
f 1096//1096 1021//1021 859//859
f 56//56 892//892 889//889
f 892//892 56//56 57//57
f 850//850 1089//1089 851//851
f 829//829 828//828 893//893
f 825//825 824//824 901//901
f 984//984 993//993 833//833
f 919//919 995//995 991//991
f 867//867 926//926 149//149
f 918//918 990//990 185//185
f 985//985 832//832 1057//1057
f 839//839 1003//1003 840//840
f 743//743 742//742 955//955
f 844//844 987//987 845//845
f 811//811 975//975 812//812
f 995//995 842//842 841//841
f 983//983 981//981 982//982
f 914//914 977//977 975//975
f 888//888 1049//1049 881//881
f 981//981 987//987 844//844
f 843//843 1058//1058 982//982
f 903//903 904//904 902//902
f 1058//1058 995//995 996//996
f 851//851 1090//1090 852//852
f 1197//1197 1153//1153 854//854
f 1346//1346 1008//1008 1070//1070
f 1074//1074 1010//1010 1073//1073
f 785//785 923//923 784//784
f 1107//1107 1168//1168 1170//1170
f 1072//1072 929//929 868//868
f 1244//1244 1044//1044 1146//1146
f 849//849 1160//1160 850//850
f 1271//1271 1304//1304 1305//1305
f 1336//1336 1339//1339 1359//1359
f 1281//1281 1254//1254 928//928
f 998//998 1093//1093 847//847
f 934//934 1001//1001 1060//1060
f 937//937 935//935 866//866
f 879//879 1018//1018 936//936
f 900//900 1019//1019 936//936
f 1201//1201 1250//1250 1161//1161
f 788//788 937//937 153//153
f 935//935 937//937 879//879
f 1022//1022 1096//1096 1097//1097
f 1167//1167 1256//1256 1596//1596
f 1231//1231 1232//1232 1088//1088
f 1130//1130 1056//1056 728//728
f 770//770 1104//1104 769//769
f 1026//1026 940//940 1025//1025
f 1331//1331 895//895 896//896
f 1352//1352 1343//1343 1353//1353
f 939//939 942//942 876//876
f 882//882 899//899 942//942
f 1103//1103 943//943 891//891
f 943//943 883//883 945//945
f 883//883 1098//1098 1101//1101
f 944//944 1028//1028 946//946
f 883//883 1101//1101 1102//1102
f 945//945 944//944 946//946
f 944//944 1105//1105 1028//1028
f 899//899 946//946 876//876
f 1025//1025 947//947 768//768
f 1024//1024 947//947 940//940
f 1109//1109 1029//1029 778//778
f 1031//1031 1029//1029 1175//1175
f 948//948 1029//1029 1172//1172
f 1039//1039 1040//1040 780//780
f 1037//1037 1035//1035 1119//1119
f 1119//1119 1120//1120 1036//1036
f 951//951 1309//1309 1257//1257
f 958//958 1043//1043 1234//1234
f 782//782 783//783 953//953
f 952//952 907//907 954//954
f 915//915 744//744 1042//1042
f 907//907 952//952 953//953
f 956//956 907//907 955//955
f 1110//1110 1115//1115 1479//1479
f 1041//1041 742//742 741//741
f 957//957 907//907 953//953
f 741//741 740//740 1118//1118
f 1178//1178 956//956 1117//1117
f 953//953 915//915 1042//1042
f 743//743 955//955 957//957
f 1296//1296 1297//1297 1294//1294
f 1066//1066 1062//1062 1587//1587
f 1080//1080 733//733 732//732
f 1237//1237 1288//1288 1290//1290
f 1126//1126 800//800 799//799
f 1050//1050 909//909 1557//1557
f 802//802 801//801 962//962
f 961//961 910//910 963//963
f 909//909 1046//1046 960//960
f 910//910 961//961 962//962
f 966//966 910//910 964//964
f 1052//1052 1053//1053 974//974
f 966//966 964//964 818//818
f 1344//1344 910//910 962//962
f 819//819 964//964 965//965
f 964//964 910//910 1344//1344
f 816//816 973//973 1053//1053
f 963//963 910//910 966//966
f 978//978 967//967 814//814
f 969//969 967//967 913//913
f 968//968 805//805 1051//1051
f 911//911 967//967 969//969
f 970//970 969//969 913//913
f 806//806 968//968 969//969
f 913//913 978//978 972//972
f 806//806 970//970 807//807
f 976//976 971//971 912//912
f 807//807 971//971 808//808
f 812//812 972//972 813//813
f 912//912 971//971 972//972
f 967//967 973//973 815//815
f 974//974 973//973 911//911
f 974//974 911//911 968//968
f 1052//1052 963//963 966//966
f 914//914 975//975 811//811
f 972//972 975//975 912//912
f 971//971 976//976 808//808
f 912//912 975//975 977//977
f 977//977 914//914 21//21
f 809//809 976//976 977//977
f 972//972 978//978 813//813
f 967//967 978//978 913//913
f 861//861 1054//1054 916//916
f 916//916 1129//1129 979//979
f 1082//1082 1085//1085 1147//1147
f 728//728 979//979 1130//1130
f 982//982 981//981 843//843
f 987//987 981//981 917//917
f 1058//1058 843//843 842//842
f 983//983 982//982 922//922
f 993//993 984//984 922//922
f 917//917 981//981 983//983
f 833//833 832//832 984//984
f 985//985 984//984 832//832
f 1057//1057 832//832 831//831
f 983//983 985//985 917//917
f 997//997 986//986 830//830
f 989//989 988//988 987//987
f 986//986 989//989 917//917
f 989//989 920//920 988//988
f 920//920 998//998 1059//1059
f 845//845 987//987 988//988
f 917//917 989//989 987//987
f 920//920 989//989 986//986
f 185//185 990//990 184//184
f 990//990 918//918 1004//1004
f 1003//1003 991//991 840//840
f 994//994 991//991 921//921
f 993//993 992//992 834//834
f 919//919 991//991 994//994
f 833//833 993//993 834//834
f 993//993 922//922 996//996
f 836//836 994//994 921//921
f 835//835 992//992 994//994
f 991//991 995//995 841//841
f 919//919 993//993 996//996
f 1058//1058 922//922 982//982
f 919//919 996//996 995//995
f 1000//1000 1002//1002 829//829
f 986//986 997//997 920//920
f 920//920 997//997 1002//1002
f 1017//1017 848//848 1093//1093
f 829//829 893//893 1000//1000
f 1156//1156 1017//1017 1093//1093
f 1340//1340 1001//1001 884//884
f 1000//1000 999//999 1002//1002
f 884//884 1001//1001 1000//1000
f 1060//1060 1001//1001 877//877
f 829//829 1002//1002 997//997
f 1002//1002 999//999 1155//1155
f 990//990 1003//1003 839//839
f 991//991 1003//1003 921//921
f 836//836 1004//1004 837//837
f 990//990 1004//1004 921//921
f 1062//1062 1132//1132 1122//1122
f 1065//1065 1026//1026 1063//1063
f 1164//1164 1006//1006 864//864
f 1342//1342 925//925 1341//1341
f 1263//1263 1143//1143 1264//1264
f 1074//1074 1140//1140 1010//1010
f 1329//1329 1190//1190 1139//1139
f 1069//1069 1071//1071 1190//1190
f 1481//1481 868//868 865//865
f 863//863 1165//1165 1203//1203
f 1074//1074 797//797 796//796
f 1128//1128 1260//1260 1045//1045
f 1136//1136 1137//1137 1187//1187
f 1262//1262 1263//1263 1264//1264
f 1498//1498 1500//1500 1504//1504
f 1244//1244 1146//1146 1245//1245
f 728//728 1056//1056 729//729
f 1084//1084 1083//1083 1085//1085
f 1017//1017 1094//1094 1160//1160
f 1148//1148 1090//1090 1014//1014
f 1151//1151 1015//1015 1150//1150
f 1016//1016 1219//1219 1269//1269
f 1272//1272 1274//1274 1220//1220
f 1022//1022 938//938 1021//1021
f 848//848 847//847 1093//1093
f 1094//1094 1017//1017 934//934
f 873//873 1018//1018 879//879
f 900//900 1018//1018 869//869
f 1024//1024 1019//1019 900//900
f 1241//1241 1134//1134 1186//1186
f 1020//1020 1186//1186 1162//1162
f 1250//1250 1201//1201 936//936
f 1096//1096 859//859 858//858
f 1023//1023 1021//1021 938//938
f 1097//1097 858//858 857//857
f 1220//1220 1598//1598 1594//1594
f 1098//1098 1023//1023 938//938
f 1023//1023 891//891 898//898
f 947//947 1024//1024 900//900
f 1068//1068 1024//1024 940//940
f 1025//1025 769//769 1104//1104
f 947//947 1025//1025 940//940
f 1104//1104 1061//1061 1063//1063
f 1005//1005 1584//1584 1065//1065
f 1331//1331 1027//1027 895//895
f 1333//1333 1027//1027 941//941
f 1171//1171 1231//1231 1088//1088
f 946//946 1028//1028 1106//1106
f 1109//1109 778//778 779//779
f 948//948 1175//1175 1029//1029
f 780//780 1040//1040 779//779
f 949//949 1115//1115 1174//1174
f 1479//1479 1112//1112 1175//1175
f 1177//1177 1113//1113 1176//1176
f 1116//1116 739//739 738//738
f 1034//1034 1032//1032 949//949
f 949//949 1032//1032 1033//1033
f 1032//1032 739//739 1116//1116
f 1172//1172 1173//1173 1110//1110
f 1041//1041 1118//1118 956//956
f 1119//1119 737//737 736//736
f 1033//1033 1035//1035 950//950
f 1120//1120 736//736 735//735
f 1120//1120 1322//1322 1036//1036
f 1119//1119 1035//1035 737//737
f 1315//1315 1036//1036 1298//1298
f 1181//1181 1235//1235 1182//1182
f 1043//1043 1123//1123 1234//1234
f 952//952 1039//1039 781//781
f 1040//1040 1039//1039 954//954
f 954//954 1178//1178 1117//1117
f 1109//1109 1040//1040 1030//1030
f 1041//1041 741//741 1118//1118
f 955//955 1041//1041 956//956
f 744//744 957//957 1042//1042
f 953//953 1042//1042 957//957
f 773//773 774//774 1180//1180
f 1133//1133 1587//1587 1062//1062
f 1146//1146 733//733 1194//1194
f 1044//1044 1179//1179 1120//1120
f 1127//1127 799//799 798//798
f 1127//1127 1183//1183 1128//1128
f 965//965 1046//1046 909//909
f 962//962 960//960 1046//1046
f 961//961 1047//1047 803//803
f 1051//1051 963//963 974//974
f 1125//1125 1240//1240 1557//1557
f 875//875 881//881 1349//1349
f 819//819 1049//1049 820//820
f 1049//1049 1048//1048 1349//1349
f 909//909 1050//1050 965//965
f 1048//1048 1049//1049 1050//1050
f 1047//1047 1051//1051 804//804
f 968//968 1051//1051 974//974
f 966//966 817//817 1052//1052
f 1053//1053 817//817 816//816
f 974//974 1053//1053 973//973
f 817//817 1053//1053 1052//1052
f 860//860 1054//1054 861//861
f 1055//1055 1054//1054 890//890
f 939//939 1108//1108 1084//1084
f 1054//1054 1055//1055 980//980
f 1055//1055 1084//1084 980//980
f 729//729 1082//1082 1081//1081
f 831//831 986//986 1057//1057
f 917//917 1057//1057 986//986
f 995//995 1058//1058 842//842
f 922//922 1058//1058 996//996
f 846//846 988//988 1059//1059
f 920//920 1059//1059 988//988
f 1374//1374 1158//1158 1060//1060
f 934//934 1157//1157 1094//1094
f 771//771 772//772 1132//1132
f 1063//1063 1061//1061 1005//1005
f 958//958 1532//1532 1133//1133
f 1005//1005 1061//1061 1066//1066
f 1584//1584 1580//1580 1064//1064
f 1063//1063 1026//1026 1104//1104
f 1578//1578 1448//1448 1576//1576
f 940//940 1135//1135 1068//1068
f 1005//1005 1065//1065 1063//1063
f 1065//1065 1064//1064 1068//1068
f 1132//1132 1066//1066 1061//1061
f 1062//1062 1043//1043 1133//1133
f 958//958 1296//1296 1527//1527
f 1067//1067 1531//1531 1586//1586
f 1185//1185 1068//1068 1064//1064
f 1068//1068 894//894 1024//1024
f 1138//1138 793//793 792//792
f 1242//1242 1137//1137 1136//1136
f 1345//1345 928//928 1347//1347
f 1071//1071 1070//1070 1008//1008
f 1071//1071 1008//1008 1192//1192
f 1136//1136 1071//1071 1069//1069
f 1072//1072 868//868 1481//1481
f 1345//1345 1072//1072 1009//1009
f 1074//1074 1073//1073 797//797
f 1073//1073 1010//1010 1183//1183
f 795//795 1142//1142 1193//1193
f 1010//1010 1140//1140 930//930
f 1145//1145 731//731 730//730
f 1080//1080 1075//1075 1542//1542
f 1012//1012 1075//1075 1078//1078
f 1145//1145 1078//1078 1075//1075
f 1229//1229 1012//1012 1079//1079
f 733//733 1146//1146 734//734
f 1145//1145 1075//1075 731//731
f 1076//1076 1087//1087 1079//1079
f 931//931 1226//1226 1230//1230
f 1012//1012 1078//1078 1079//1079
f 1542//1542 1075//1075 1012//1012
f 1080//1080 1077//1077 1194//1194
f 1082//1082 729//729 1056//1056
f 1086//1086 1081//1081 1013//1013
f 1085//1085 980//980 1084//1084
f 1013//1013 1081//1081 1082//1082
f 876//876 1108//1108 939//939
f 876//876 946//946 1106//1106
f 939//939 1084//1084 1055//1055
f 1147//1147 1085//1085 1083//1083
f 1082//1082 1056//1056 1085//1085
f 980//980 1085//1085 1056//1056
f 1087//1087 1086//1086 1013//1013
f 1086//1086 1076//1076 1145//1145
f 1088//1088 1013//1013 1147//1147
f 1087//1087 931//931 1079//1079
f 1084//1084 1108//1108 1083//1083
f 1083//1083 1108//1108 1171//1171
f 1089//1089 850//850 1160//1160
f 1090//1090 1089//1089 1014//1014
f 1148//1148 1014//1014 932//932
f 1090//1090 1152//1152 1198//1198
f 1396//1396 1149//1149 1380//1380
f 1269//1269 1219//1219 1092//1092
f 1199//1199 1200//1200 1249//1249
f 1167//1167 1221//1221 1218//1218
f 998//998 1155//1155 1093//1093
f 1156//1156 1155//1155 999//999
f 934//934 1060//1060 1157//1157
f 1014//1014 1089//1089 1160//1160
f 1095//1095 1162//1162 1202//1202
f 1164//1164 925//925 1006//1006
f 1097//1097 1096//1096 858//858
f 1021//1021 1096//1096 1022//1022
f 1154//1154 1097//1097 857//857
f 1218//1218 1219//1219 1167//1167
f 1167//1167 1596//1596 1221//1221
f 1103//1103 1098//1098 883//883
f 1216//1216 1217//1217 1213//1213
f 883//883 1102//1102 945//945
f 1595//1595 1597//1597 938//938
f 945//945 1102//1102 944//944
f 1597//1597 1098//1098 938//938
f 1100//1100 1592//1592 1101//1101
f 1478//1478 1592//1592 1593//1593
f 1457//1457 1474//1474 1471//1471
f 943//943 1103//1103 883//883
f 891//891 1023//1023 1103//1103
f 1104//1104 770//770 1061//1061
f 1025//1025 1104//1104 1026//1026
f 1102//1102 1484//1484 944//944
f 1494//1494 1497//1497 1507//1507
f 1107//1107 1106//1106 1028//1028
f 1171//1171 1107//1107 1231//1231
f 1028//1028 1168//1168 1107//1107
f 1168//1168 871//871 1222//1222
f 876//876 1106//1106 1108//1108
f 1171//1171 1106//1106 1107//1107
f 1040//1040 1109//1109 779//779
f 1029//1029 1109//1109 1030//1030
f 1173//1173 1030//1030 1040//1040
f 1110//1110 1174//1174 1115//1115
f 1029//1029 1111//1111 777//777
f 1113//1113 1111//1111 1031//1031
f 1315//1315 1316//1316 1287//1287
f 1112//1112 1310//1310 1176//1176
f 1176//1176 1113//1113 1031//1031
f 1121//1121 1113//1113 1038//1038
f 1310//1310 1312//1312 1286//1286
f 1115//1115 1114//1114 906//906
f 1115//1115 906//906 1479//1479
f 1033//1033 1115//1115 949//949
f 1035//1035 1116//1116 738//738
f 1032//1032 1116//1116 1033//1033
f 949//949 1174//1174 1233//1233
f 1040//1040 954//954 1117//1117
f 1032//1032 1118//1118 740//740
f 1118//1118 1034//1034 956//956
f 1120//1120 1119//1119 736//736
f 1037//1037 1119//1119 1036//1036
f 1124//1124 1120//1120 735//735
f 1179//1179 1044//1044 959//959
f 1113//1113 1121//1121 775//775
f 1123//1123 1121//1121 1038//1038
f 1122//1122 773//773 1180//1180
f 1062//1062 1122//1122 1043//1043
f 1123//1123 1180//1180 1121//1121
f 1123//1123 1038//1038 1235//1235
f 1146//1146 1124//1124 734//734
f 1120//1120 1124//1124 1044//1044
f 1126//1126 960//960 800//800
f 1125//1125 1045//1045 1260//1260
f 1127//1127 1126//1126 799//799
f 1125//1125 1126//1126 1045//1045
f 1073//1073 1127//1127 798//798
f 1183//1183 930//930 1128//1128
f 1128//1128 930//930 1238//1238
f 1045//1045 1127//1127 1128//1128
f 980//980 1056//1056 1130//1130
f 916//916 1054//1054 1129//1129
f 979//979 1129//1129 1130//1130
f 980//980 1130//1130 1129//1129
f 877//877 1337//1337 1373//1373
f 1380//1380 1385//1385 1379//1379
f 1122//1122 1132//1132 772//772
f 1132//1132 1062//1062 1066//1066
f 958//958 1133//1133 1043//1043
f 1587//1587 1133//1133 1067//1067
f 1480//1480 1580//1580 1556//1556
f 1186//1186 862//862 1162//1162
f 940//940 1026//1026 1135//1135
f 1065//1065 1135//1135 1026//1026
f 1136//1136 793//793 1138//1138
f 1136//1136 1069//1069 1242//1242
f 1191//1191 1188//1188 1242//1242
f 1011//1011 1141//1141 1142//1142
f 1070//1070 1138//1138 792//792
f 1136//1136 1138//1138 1071//1071
f 1285//1285 1347//1347 1284//1284
f 1254//1254 1253//1253 1284//1284
f 1074//1074 1141//1141 1140//1140
f 1140//1140 1141//1141 1144//1144
f 796//796 1193//1193 1074//1074
f 1011//1011 1264//1264 1144//1144
f 1141//1141 1074//1074 1193//1193
f 1187//1187 1142//1142 795//795
f 1261//1261 1262//1262 1188//1188
f 1263//1263 1266//1266 1143//1143
f 1011//1011 1144//1144 1141//1141
f 930//930 1144//1144 1143//1143
f 1145//1145 730//730 1081//1081
f 1078//1078 1145//1145 1076//1076
f 1194//1194 1245//1245 1146//1146
f 1124//1124 1146//1146 1044//1044
f 1147//1147 1013//1013 1082//1082
f 1171//1171 1147//1147 1083//1083
f 932//932 1385//1385 1151//1151
f 1150//1150 1148//1148 1151//1151
f 1131//1131 1379//1379 1385//1385
f 1417//1417 1302//1302 1398//1398
f 1152//1152 1150//1150 1015//1015
f 1090//1090 1148//1148 1150//1150
f 932//932 1151//1151 1148//1148
f 1151//1151 1149//1149 1418//1418
f 1196//1196 1152//1152 1015//1015
f 852//852 1198//1198 853//853
f 854//854 853//853 1197//1197
f 1153//1153 1246//1246 1247//1247
f 1200//1200 1154//1154 856//856
f 1154//1154 1092//1092 1218//1218
f 1002//1002 1155//1155 998//998
f 1156//1156 999//999 1001//1001
f 1017//1017 1156//1156 934//934
f 1155//1155 1156//1156 1093//1093
f 1158//1158 1157//1157 1060//1060
f 1159//1159 1157//1157 1158//1158
f 1374//1374 1060//1060 877//877
f 932//932 1158//1158 1131//1131
f 1014//1014 1159//1159 932//932
f 1094//1094 1157//1157 1159//1159
f 1017//1017 1160//1160 849//849
f 1160//1160 1094//1094 1014//1014
f 864//864 935//935 1201//1201
f 1162//1162 1161//1161 1020//1020
f 1202//1202 1162//1162 862//862
f 1161//1161 1162//1162 1095//1095
f 1448//1448 862//862 1576//1576
f 1273//1273 1598//1598 1274//1274
f 1095//1095 1202//1202 1165//1165
f 1166//1166 1164//1164 1165//1165
f 1203//1203 1165//1165 1163//1163
f 1166//1166 1165//1165 863//863
f 1166//1166 863//863 1482//1482
f 925//925 1164//1164 1166//1166
f 1167//1167 1219//1219 1256//1256
f 1022//1022 1097//1097 1221//1221
f 1028//1028 871//871 1168//1168
f 1222//1222 1170//1170 1168//1168
f 1496//1496 1225//1225 1494//1494
f 1229//1229 1539//1539 1012//1012
f 1169//1169 1226//1226 1170//1170
f 931//931 1087//1087 1232//1232
f 1171//1171 1088//1088 1147//1147
f 1106//1106 1171//1171 1108//1108
f 1173//1173 1172//1172 1030//1030
f 1479//1479 1172//1172 1110//1110
f 1040//1040 1117//1117 1173//1173
f 1117//1117 1034//1034 1233//1233
f 1110//1110 1173//1173 1174//1174
f 1233//1233 1173//1173 1117//1117
f 1479//1479 1175//1175 948//948
f 1176//1176 1175//1175 1112//1112
f 1176//1176 1031//1031 1175//1175
f 1177//1177 1176//1176 951//951
f 1177//1177 951//951 1182//1182
f 1038//1038 1113//1113 1177//1177
f 954//954 907//907 1178//1178
f 907//907 956//956 1178//1178
f 1294//1294 1181//1181 1259//1259
f 1179//1179 1313//1313 1322//1322
f 1121//1121 1180//1180 774//774
f 1122//1122 1180//1180 1123//1123
f 1038//1038 1177//1177 1182//1182
f 1295//1295 1294//1294 1237//1237
f 1257//1257 1182//1182 951//951
f 1181//1181 1182//1182 1259//1259
f 1073//1073 1183//1183 1127//1127
f 930//930 1183//1183 1010//1010
f 1239//1239 1376//1376 1238//1238
f 875//875 1349//1349 1350//1350
f 1577//1577 1185//1185 1064//1064
f 1241//1241 1185//1185 1134//1134
f 1241//1241 1020//1020 894//894
f 1134//1134 862//862 1186//1186
f 1136//1136 1187//1187 794//794
f 1142//1142 1187//1187 1137//1137
f 1188//1188 1007//1007 1261//1261
f 1142//1142 1189//1189 1011//1011
f 1137//1137 1189//1189 1142//1142
f 1262//1262 1189//1189 1188//1188
f 1192//1192 1190//1190 1071//1071
f 1329//1329 1191//1191 1190//1190
f 1188//1188 1191//1191 1007//1007
f 1069//1069 1190//1190 1191//1191
f 1285//1285 1192//1192 1008//1008
f 1190//1190 1192//1192 1139//1139
f 795//795 1193//1193 796//796
f 1141//1141 1193//1193 1142//1142
f 1080//1080 1194//1194 733//733
f 1245//1245 1194//1194 1077//1077
f 1228//1228 1539//1539 1229//1229
f 1511//1511 1534//1534 1536//1536
f 1317//1317 1196//1196 1015//1015
f 1246//1246 1091//1091 1247//1247
f 1152//1152 1196//1196 1197//1197
f 1197//1197 1196//1196 1246//1246
f 1090//1090 1198//1198 852//852
f 1197//1197 1198//1198 1152//1152
f 1247//1247 1248//1248 1199//1199
f 1092//1092 1154//1154 1200//1200
f 855//855 1200//1200 856//856
f 1092//1092 1200//1200 1199//1199
f 1250//1250 936//936 1019//1019
f 864//864 1201//1201 1161//1161
f 1202//1202 862//862 1448//1448
f 1165//1165 1202//1202 1163//1163
f 1205//1205 1206//1206 1209//1209
f 863//863 1203//1203 1206//1206
f 1437//1437 1207//1207 1449//1449
f 1402//1402 1403//1403 1399//1399
f 1207//1207 1211//1211 1212//1212
f 1205//1205 1209//1209 1212//1212
f 1210//1210 1209//1209 1206//1206
f 1283//1283 1205//1205 1282//1282
f 1203//1203 1163//1163 1210//1210
f 1446//1446 1447//1447 1450//1450
f 1009//1009 1072//1072 1481//1481
f 1206//1206 1208//1208 1483//1483
f 1210//1210 1206//1206 1203//1203
f 1437//1437 1445//1445 1207//1207
f 1448//1448 1450//1450 1163//1163
f 1207//1207 1209//1209 1210//1210
f 1214//1214 1216//1216 1213//1213
f 1212//1212 1211//1211 1214//1214
f 1207//1207 1212//1212 1209//1209
f 1216//1216 1214//1214 1575//1575
f 1213//1213 1217//1217 1252//1252
f 1212//1212 1214//1214 1205//1205
f 1204//1204 1435//1435 1575//1575
f 1254//1254 1282//1282 1213//1213
f 1399//1399 1320//1320 1402//1402
f 1275//1275 1307//1307 1323//1323
f 1575//1575 1214//1214 1211//1211
f 1217//1217 1216//1216 1215//1215
f 1425//1425 1400//1400 1423//1423
f 1217//1217 927//927 1252//1252
f 1154//1154 1218//1218 1097//1097
f 1219//1219 1218//1218 1092//1092
f 1269//1269 1092//1092 1199//1199
f 1256//1256 1219//1219 1016//1016
f 1256//1256 1272//1272 1220//1220
f 1099//1099 1593//1593 1594//1594
f 1218//1218 1221//1221 1097//1097
f 1221//1221 1596//1596 1595//1595
f 871//871 1105//1105 1225//1225
f 1169//1169 1170//1170 1222//1222
f 1453//1453 1438//1438 1223//1223
f 1496//1496 1494//1494 1493//1493
f 1491//1491 1487//1487 1486//1486
f 1099//1099 1470//1470 1488//1488
f 1484//1484 1225//1225 1105//1105
f 1507//1507 1497//1497 1512//1512
f 1230//1230 1503//1503 1228//1228
f 1226//1226 931//931 1232//1232
f 1493//1493 1169//1169 1222//1222
f 1534//1534 1511//1511 1510//1510
f 1079//1079 1230//1230 1229//1229
f 1227//1227 1536//1536 1538//1538
f 1230//1230 1079//1079 931//931
f 1539//1539 1228//1228 1538//1538
f 1226//1226 1169//1169 1504//1504
f 1229//1229 1230//1230 1228//1228
f 1107//1107 1170//1170 1231//1231
f 1170//1170 1226//1226 1232//1232
f 1088//1088 1232//1232 1087//1087
f 1232//1232 1231//1231 1170//1170
f 949//949 1233//1233 1034//1034
f 1173//1173 1233//1233 1174//1174
f 1235//1235 1234//1234 1123//1123
f 1234//1234 1181//1181 1297//1297
f 1182//1182 1235//1235 1038//1038
f 1234//1234 1235//1235 1181//1181
f 1286//1286 1312//1312 1287//1287
f 959//959 1258//1258 1179//1179
f 1259//1259 1257//1257 1288//1288
f 1258//1258 959//959 1544//1544
f 1239//1239 1238//1238 930//930
f 1238//1238 1184//1184 1240//1240
f 1299//1299 930//930 1143//1143
f 1360//1360 1354//1354 870//870
f 1350//1350 1240//1240 1184//1184
f 1240//1240 1350//1350 1557//1557
f 1241//1241 1068//1068 1185//1185
f 1020//1020 1241//1241 1186//1186
f 1191//1191 1242//1242 1069//1069
f 1189//1189 1242//1242 1188//1188
f 1326//1326 1253//1253 1255//1255
f 1323//1323 1307//1307 1324//1324
f 1195//1195 959//959 1244//1244
f 959//959 1044//1044 1244//1244
f 1077//1077 1542//1542 1540//1540
f 1244//1244 1245//1245 1195//1195
f 1197//1197 1246//1246 1153//1153
f 1319//1319 1246//1246 1196//1196
f 1248//1248 1247//1247 1091//1091
f 1249//1249 1247//1247 1199//1199
f 1301//1301 1248//1248 1091//1091
f 1303//1303 1248//1248 1304//1304
f 1249//1249 1153//1153 1247//1247
f 1200//1200 855//855 1249//1249
f 894//894 1250//1250 1019//1019
f 1161//1161 1250//1250 1020//1020
f 1397//1397 1411//1411 1384//1384
f 1217//1217 1307//1307 927//927
f 1255//1255 1252//1252 927//927
f 928//928 1345//1345 1281//1281
f 1276//1276 1325//1325 1321//1321
f 1285//1285 1008//1008 1347//1347
f 1213//1213 1252//1252 1254//1254
f 1254//1254 1252//1252 1255//1255
f 927//927 1330//1330 1326//1326
f 1254//1254 1255//1255 1253//1253
f 1016//1016 1303//1303 1272//1272
f 1596//1596 1594//1594 1595//1595
f 1309//1309 1310//1310 1286//1286
f 1288//1288 1257//1257 1236//1236
f 1544//1544 1291//1291 1258//1258
f 1258//1258 1236//1236 1314//1314
f 1257//1257 1259//1259 1182//1182
f 1292//1292 1295//1295 1237//1237
f 1238//1238 1260//1260 1128//1128
f 1125//1125 1260//1260 1240//1240
f 1276//1276 1387//1387 1308//1308
f 1262//1262 1261//1261 1243//1243
f 1262//1262 1243//1243 1263//1263
f 1262//1262 1011//1011 1189//1189
f 1267//1267 1263//1263 1243//1243
f 1266//1266 1300//1300 1299//1299
f 1144//1144 1264//1264 1143//1143
f 1011//1011 1262//1262 1264//1264
f 1307//1307 1330//1330 927//927
f 1359//1359 1366//1366 1367//1367
f 1266//1266 1263//1263 1267//1267
f 1354//1354 1300//1300 870//870
f 1395//1395 1251//1251 1568//1568
f 1267//1267 1265//1265 1268//1268
f 1365//1365 1268//1268 1265//1265
f 1368//1368 1300//1300 1266//1266
f 1199//1199 1248//1248 1269//1269
f 1269//1269 1248//1248 1303//1303
f 1319//1319 1318//1318 1301//1301
f 1398//1398 1396//1396 1384//1384
f 1272//1272 1472//1472 1274//1274
f 1269//1269 1303//1303 1016//1016
f 1016//1016 1272//1272 1256//1256
f 1472//1472 1473//1473 1471//1471
f 1467//1467 1420//1420 1454//1454
f 1469//1469 1251//1251 1419//1419
f 1471//1471 1477//1477 1472//1472
f 1598//1598 1273//1273 1099//1099
f 1382//1382 1361//1361 1365//1365
f 1265//1265 1267//1267 1277//1277
f 1277//1277 1267//1267 1279//1279
f 1261//1261 1280//1280 1243//1243
f 1279//1279 1267//1267 1243//1243
f 1386//1386 1387//1387 1381//1381
f 1007//1007 1278//1278 1280//1280
f 1327//1327 1139//1139 1285//1285
f 1280//1280 1279//1279 1243//1243
f 1308//1308 1279//1279 1278//1278
f 1007//1007 1280//1280 1261//1261
f 1279//1279 1280//1280 1278//1278
f 1283//1283 1009//1009 1208//1208
f 1282//1282 1214//1214 1213//1213
f 1283//1283 1282//1282 1281//1281
f 1205//1205 1214//1214 1282//1282
f 1009//1009 1283//1283 1281//1281
f 1205//1205 1283//1283 1208//1208
f 1285//1285 1284//1284 1253//1253
f 928//928 1254//1254 1284//1284
f 1327//1327 1285//1285 1253//1253
f 1285//1285 1139//1139 1192//1192
f 906//906 1114//1114 1287//1287
f 1236//1236 1257//1257 1311//1311
f 1114//1114 950//950 1287//1287
f 1315//1315 1037//1037 1036//1036
f 1236//1236 1258//1258 1291//1291
f 1259//1259 1288//1288 1237//1237
f 1541//1541 1195//1195 1537//1537
f 908//908 1292//1292 1290//1290
f 1290//1290 1288//1288 1236//1236
f 908//908 1290//1290 1289//1289
f 1289//1289 1290//1290 1291//1291
f 1236//1236 1291//1291 1290//1290
f 1551//1551 1295//1295 908//908
f 1237//1237 1290//1290 1292//1292
f 1227//1227 1509//1509 1511//1511
f 1133//1133 1532//1532 1067//1067
f 1237//1237 1294//1294 1259//1259
f 1296//1296 1294//1294 1293//1293
f 908//908 1295//1295 1292//1292
f 1293//1293 1294//1294 1295//1295
f 1293//1293 1547//1547 1527//1527
f 958//958 1234//1234 1297//1297
f 1294//1294 1297//1297 1181//1181
f 958//958 1297//1297 1296//1296
f 1316//1316 1314//1314 1236//1236
f 950//950 1315//1315 1287//1287
f 930//930 1299//1299 1239//1239
f 1143//1143 1266//1266 1299//1299
f 1299//1299 1300//1300 1239//1239
f 1368//1368 1266//1266 1268//1268
f 1091//1091 1246//1246 1319//1319
f 1303//1303 1304//1304 1271//1271
f 1418//1418 1398//1398 1302//1302
f 1301//1301 1318//1318 1270//1270
f 1304//1304 1248//1248 1301//1301
f 1272//1272 1303//1303 1271//1271
f 1270//1270 1306//1306 1301//1301
f 1305//1305 933//933 1473//1473
f 1304//1304 1306//1306 1305//1305
f 1421//1421 1306//1306 1270//1270
f 1301//1301 1306//1306 1304//1304
f 1410//1410 1306//1306 1421//1421
f 1324//1324 1217//1217 1215//1215
f 1321//1321 1307//1307 1275//1275
f 1279//1279 1308//1308 1277//1277
f 1325//1325 1308//1308 1278//1278
f 1310//1310 1309//1309 951//951
f 1311//1311 1309//1309 1286//1286
f 1176//1176 1310//1310 951//951
f 1312//1312 1310//1310 1112//1112
f 1309//1309 1311//1311 1257//1257
f 1286//1286 1287//1287 1316//1316
f 1112//1112 906//906 1312//1312
f 906//906 1287//1287 1312//1312
f 1314//1314 1313//1313 1258//1258
f 1322//1322 1298//1298 1036//1036
f 1316//1316 1236//1236 1311//1311
f 1313//1313 1314//1314 1298//1298
f 1037//1037 1315//1315 950//950
f 1316//1316 1315//1315 1298//1298
f 1314//1314 1316//1316 1298//1298
f 1316//1316 1311//1311 1286//1286
f 1317//1317 1015//1015 1418//1418
f 1319//1319 1317//1317 1302//1302
f 1319//1319 1301//1301 1091//1091
f 1417//1417 1318//1318 1302//1302
f 1317//1317 1319//1319 1196//1196
f 1318//1318 1319//1319 1302//1302
f 1426//1426 1435//1435 1436//1436
f 1275//1275 1399//1399 1395//1395
f 1381//1381 1387//1387 1560//1560
f 1308//1308 1325//1325 1276//1276
f 1179//1179 1322//1322 1120//1120
f 1298//1298 1322//1322 1313//1313
f 1324//1324 1307//1307 1217//1217
f 1399//1399 1323//1323 1320//1320
f 1434//1434 1324//1324 1215//1215
f 1323//1323 1324//1324 1320//1320
f 1328//1328 1007//1007 1329//1329
f 1325//1325 1326//1326 1330//1330
f 927//927 1326//1326 1255//1255
f 1325//1325 1278//1278 1328//1328
f 1328//1328 1327//1327 1326//1326
f 1329//1329 1327//1327 1328//1328
f 1325//1325 1328//1328 1326//1326
f 1007//1007 1328//1328 1278//1278
f 1191//1191 1329//1329 1007//1007
f 1139//1139 1327//1327 1329//1329
f 1307//1307 1321//1321 1330//1330
f 1325//1325 1330//1330 1321//1321
f 1375//1375 1352//1352 1353//1353
f 1027//1027 1331//1331 941//941
f 880//880 1333//1333 1332//1332
f 1558//1558 1339//1339 1336//1336
f 1333//1333 880//880 1027//1027
f 874//874 1339//1339 1333//1333
f 1333//1333 1339//1339 1558//1558
f 1334//1334 1370//1370 1372//1372
f 887//887 1335//1335 905//905
f 1372//1372 1373//1373 1334//1334
f 1355//1355 1358//1358 874//874
f 1336//1336 1367//1367 1370//1370
f 1340//1340 1337//1337 877//877
f 902//902 1335//1335 1337//1337
f 1335//1335 887//887 1338//1338
f 1558//1558 887//887 1332//1332
f 874//874 1358//1358 1359//1359
f 1558//1558 1336//1336 1338//1338
f 1001//1001 1340//1340 877//877
f 903//903 1340//1340 884//884
f 151//151 152//152 1342//1342
f 865//865 1341//1341 925//925
f 1006//1006 1342//1342 866//866
f 151//151 1342//1342 1341//1341
f 1391//1391 1357//1357 1363//1363
f 1353//1353 1355//1355 941//941
f 1046//1046 1344//1344 962//962
f 964//964 1344//1344 965//965
f 1345//1345 1347//1347 1346//1346
f 1072//1072 1345//1345 929//929
f 1070//1070 791//791 1346//1346
f 1348//1348 791//791 790//790
f 1347//1347 928//928 1284//1284
f 1008//1008 1346//1346 1347//1347
f 1345//1345 1348//1348 929//929
f 791//791 1348//1348 1346//1346
f 1049//1049 1349//1349 881//881
f 1350//1350 1349//1349 1048//1048
f 1350//1350 1048//1048 1557//1557
f 1350//1350 1184//1184 1351//1351
f 1351//1351 1376//1376 1354//1354
f 1360//1360 1352//1352 1354//1354
f 875//875 1351//1351 1352//1352
f 1352//1352 1351//1351 1354//1354
f 1355//1355 1353//1353 1343//1343
f 1375//1375 941//941 1331//1331
f 1376//1376 1351//1351 1184//1184
f 1354//1354 1376//1376 1300//1300
f 1358//1358 1363//1363 1357//1357
f 941//941 1355//1355 874//874
f 1265//1265 1277//1277 1386//1386
f 1392//1392 1389//1389 1416//1416
f 1343//1343 1362//1362 1363//1363
f 1366//1366 1359//1359 1357//1357
f 1363//1363 1355//1355 1343//1343
f 1358//1358 1357//1357 1359//1359
f 1359//1359 1339//1339 874//874
f 1366//1366 1356//1356 1364//1364
f 1362//1362 1360//1360 1559//1559
f 1352//1352 1360//1360 1343//1343
f 1559//1559 1368//1368 1365//1365
f 1382//1382 1365//1365 1265//1265
f 1559//1559 1360//1360 870//870
f 1390//1390 1391//1391 1361//1361
f 1363//1363 1358//1358 1355//1355
f 1361//1361 1363//1363 1362//1362
f 1378//1378 872//872 1372//1372
f 1359//1359 1367//1367 1336//1336
f 1265//1265 1386//1386 1382//1382
f 1361//1361 1362//1362 1559//1559
f 1356//1356 1366//1366 1357//1357
f 1367//1367 1366//1366 1364//1364
f 1371//1371 1367//1367 1364//1364
f 1370//1370 1334//1334 1338//1338
f 1300//1300 1368//1368 870//870
f 1268//1268 1365//1365 1368//1368
f 1408//1408 1415//1415 1412//1412
f 1405//1405 1369//1369 1408//1408
f 1367//1367 1371//1371 1378//1378
f 1370//1370 1378//1378 1372//1372
f 1371//1371 1364//1364 1415//1415
f 1371//1371 1369//1369 1378//1378
f 872//872 1379//1379 1372//1372
f 1372//1372 1374//1374 1373//1373
f 1334//1334 1373//1373 1337//1337
f 1372//1372 1379//1379 1374//1374
f 1158//1158 1374//1374 1131//1131
f 877//877 1373//1373 1374//1374
f 1352//1352 1375//1375 875//875
f 941//941 1375//1375 1353//1353
f 1238//1238 1376//1376 1184//1184
f 1300//1300 1376//1376 1239//1239
f 1276//1276 1321//1321 1393//1393
f 1457//1457 1589//1589 1590//1590
f 1378//1378 1370//1370 1367//1367
f 1405//1405 1378//1378 1369//1369
f 1379//1379 872//872 1404//1404
f 1374//1374 1379//1379 1131//1131
f 1397//1397 1384//1384 1396//1396
f 1380//1380 1149//1149 1385//1385
f 1277//1277 1308//1308 1387//1387
f 1389//1389 1392//1392 1388//1388
f 1388//1388 1382//1382 1381//1381
f 1388//1388 1392//1392 1382//1382
f 1394//1394 1393//1393 1321//1321
f 1394//1394 1395//1395 1383//1383
f 1404//1404 1396//1396 1380//1380
f 1416//1416 1389//1389 1566//1566
f 1151//1151 1385//1385 1149//1149
f 1131//1131 1385//1385 932//932
f 1387//1387 1386//1386 1277//1277
f 1382//1382 1386//1386 1381//1381
f 1393//1393 1387//1387 1276//1276
f 1387//1387 1393//1393 1560//1560
f 1560//1560 1388//1388 1381//1381
f 1388//1388 1377//1377 1389//1389
f 1564//1564 1377//1377 1560//1560
f 1411//1411 1414//1414 1384//1384
f 1391//1391 1356//1356 1357//1357
f 1361//1361 1382//1382 1390//1390
f 1361//1361 1391//1391 1363//1363
f 1356//1356 1391//1391 1390//1390
f 1356//1356 1390//1390 1392//1392
f 1392//1392 1390//1390 1382//1382
f 1394//1394 1321//1321 1275//1275
f 1393//1393 1383//1383 1560//1560
f 1395//1395 1394//1394 1275//1275
f 1383//1383 1393//1393 1394//1394
f 1275//1275 1323//1323 1399//1399
f 1563//1563 1568//1568 1573//1573
f 1380//1380 1379//1379 1404//1404
f 1384//1384 1417//1417 1398//1398
f 1405//1405 1397//1397 1404//1404
f 1405//1405 1408//1408 1407//1407
f 1302//1302 1317//1317 1418//1418
f 1149//1149 1396//1396 1398//1398
f 1423//1423 1433//1433 1425//1425
f 1395//1395 1399//1399 1419//1419
f 1431//1431 1455//1455 1456//1456
f 1099//1099 1273//1273 1475//1475
f 1433//1433 1424//1424 1425//1425
f 1469//1469 1419//1419 1403//1403
f 1402//1402 1320//1320 1426//1426
f 1401//1401 1422//1422 1402//1402
f 1420//1420 1422//1422 1423//1423
f 1422//1422 1403//1403 1402//1402
f 1405//1405 1404//1404 872//872
f 1396//1396 1404//1404 1397//1397
f 1378//1378 1405//1405 872//872
f 1406//1406 1407//1407 1408//1408
f 1565//1565 1389//1389 1569//1569
f 1397//1397 1405//1405 1407//1407
f 1407//1407 1406//1406 1413//1413
f 1397//1397 1407//1407 1411//1411
f 1415//1415 1369//1369 1371//1371
f 1415//1415 1356//1356 1412//1412
f 1569//1569 1389//1389 1377//1377
f 1410//1410 1305//1305 1306//1306
f 1561//1561 1572//1572 1562//1562
f 933//933 1305//1305 1410//1410
f 1413//1413 1411//1411 1407//1407
f 1411//1411 1413//1413 1414//1414
f 1416//1416 1412//1412 1356//1356
f 1406//1406 1408//1408 1412//1412
f 1406//1406 1412//1412 1566//1566
f 1413//1413 1409//1409 1414//1414
f 1421//1421 1409//1409 1410//1410
f 1270//1270 1318//1318 1417//1417
f 1415//1415 1408//1408 1369//1369
f 1356//1356 1415//1415 1364//1364
f 1392//1392 1416//1416 1356//1356
f 1389//1389 1565//1565 1566//1566
f 1384//1384 1414//1414 1417//1417
f 1417//1417 1414//1414 1421//1421
f 1151//1151 1418//1418 1015//1015
f 1149//1149 1398//1398 1418//1418
f 1395//1395 1419//1419 1251//1251
f 1399//1399 1403//1403 1419//1419
f 1467//1467 1454//1454 1443//1443
f 1432//1432 1462//1462 1443//1443
f 1417//1417 1421//1421 1270//1270
f 1409//1409 1421//1421 1414//1414
f 1423//1423 1422//1422 1401//1401
f 1468//1468 1422//1422 1420//1420
f 1401//1401 1402//1402 1426//1426
f 1454//1454 1423//1423 1400//1400
f 1425//1425 1428//1428 1400//1400
f 1425//1425 1424//1424 1429//1429
f 1433//1433 1423//1423 1401//1401
f 1429//1429 1428//1428 1425//1425
f 1320//1320 1434//1434 1426//1426
f 1434//1434 1435//1435 1426//1426
f 1429//1429 1424//1424 1430//1430
f 1429//1429 1430//1430 1465//1465
f 1431//1431 1427//1427 1438//1438
f 1428//1428 1427//1427 1431//1431
f 1424//1424 1436//1436 1430//1430
f 1427//1427 1428//1428 1429//1429
f 1444//1444 1445//1445 1437//1437
f 1436//1436 1444//1444 1430//1430
f 1453//1453 1431//1431 1438//1438
f 1461//1461 1460//1460 1455//1455
f 1456//1456 1443//1443 1400//1400
f 1475//1475 1273//1273 1477//1477
f 1401//1401 1426//1426 1433//1433
f 1424//1424 1433//1433 1426//1426
f 1324//1324 1434//1434 1320//1320
f 1435//1435 1434//1434 1215//1215
f 1215//1215 1216//1216 1575//1575
f 1435//1435 1204//1204 1436//1436
f 1436//1436 1204//1204 1444//1444
f 1426//1426 1436//1436 1424//1424
f 1207//1207 1210//1210 1447//1447
f 1510//1510 1522//1522 1524//1524
f 1458//1458 1449//1449 1452//1452
f 1447//1447 1449//1449 1207//1207
f 1223//1223 1438//1438 1441//1441
f 1458//1458 1459//1459 1465//1465
f 1458//1458 1464//1464 1459//1459
f 1495//1495 1500//1500 1498//1498
f 1459//1459 1438//1438 1427//1427
f 1440//1440 1517//1517 1502//1502
f 1223//1223 1502//1502 1506//1506
f 1461//1461 1489//1489 1490//1490
f 1400//1400 1428//1428 1456//1456
f 1457//1457 1462//1462 1474//1474
f 1445//1445 1444//1444 1204//1204
f 1458//1458 1444//1444 1437//1437
f 1575//1575 1445//1445 1204//1204
f 1207//1207 1445//1445 1211//1211
f 1163//1163 1202//1202 1448//1448
f 1446//1446 1452//1452 1449//1449
f 1163//1163 1447//1447 1210//1210
f 1447//1447 1446//1446 1449//1449
f 1134//1134 1576//1576 862//862
f 1577//1577 1480//1480 1576//1576
f 1446//1446 1579//1579 1452//1452
f 1430//1430 1444//1444 1458//1458
f 1163//1163 1450//1450 1447//1447
f 1581//1581 1450//1450 1448//1448
f 1520//1520 1439//1439 1519//1519
f 1459//1459 1440//1440 1441//1441
f 1446//1446 1581//1581 1579//1579
f 1452//1452 1451//1451 1458//1458
f 1506//1506 1453//1453 1223//1223
f 1588//1588 1453//1453 1442//1442
f 1423//1423 1454//1454 1420//1420
f 1400//1400 1443//1443 1454//1454
f 1588//1588 1455//1455 1431//1431
f 1432//1432 1443//1443 1460//1460
f 1431//1431 1456//1456 1428//1428
f 1443//1443 1456//1456 1455//1455
f 1409//1409 1562//1562 1571//1571
f 1462//1462 1467//1467 1443//1443
f 1458//1458 1437//1437 1449//1449
f 1459//1459 1464//1464 1520//1520
f 1438//1438 1459//1459 1441//1441
f 1458//1458 1465//1465 1430//1430
f 1443//1443 1455//1455 1460//1460
f 1588//1588 1461//1461 1455//1455
f 1491//1491 1442//1442 1512//1512
f 1102//1102 1101//1101 1592//1592
f 1466//1466 1462//1462 1432//1432
f 1463//1463 1468//1468 1457//1457
f 1403//1403 1422//1422 1468//1468
f 1410//1410 1570//1570 933//933
f 1458//1458 1451//1451 1464//1464
f 1464//1464 1451//1451 1520//1520
f 1459//1459 1427//1427 1465//1465
f 1429//1429 1465//1465 1427//1427
f 1466//1466 1432//1432 1476//1476
f 1475//1475 1477//1477 1466//1466
f 1457//1457 1467//1467 1462//1462
f 1468//1468 1467//1467 1457//1457
f 1468//1468 1463//1463 1469//1469
f 1420//1420 1467//1467 1468//1468
f 1468//1468 1469//1469 1403//1403
f 1573//1573 1469//1469 1463//1463
f 1489//1489 1461//1461 1491//1491
f 1487//1487 1224//1224 1497//1497
f 1273//1273 1274//1274 1472//1472
f 1471//1471 933//933 1589//1589
f 1272//1272 1271//1271 1472//1472
f 1473//1473 1472//1472 1271//1271
f 1305//1305 1473//1473 1271//1271
f 1471//1471 1473//1473 933//933
f 1462//1462 1466//1466 1474//1474
f 1474//1474 1466//1466 1477//1477
f 1476//1476 1475//1475 1466//1466
f 1099//1099 1475//1475 1470//1470
f 1490//1490 1476//1476 1432//1432
f 1475//1475 1476//1476 1470//1470
f 1472//1472 1477//1477 1273//1273
f 1474//1474 1477//1477 1471//1471
f 1489//1489 1486//1486 1488//1488
f 1487//1487 1485//1485 1486//1486
f 1112//1112 1479//1479 906//906
f 1172//1172 1479//1479 948//948
f 1548//1548 1530//1530 1521//1521
f 1452//1452 1579//1579 1451//1451
f 1482//1482 1481//1481 865//865
f 1481//1481 1208//1208 1009//1009
f 1166//1166 1482//1482 865//865
f 1483//1483 1482//1482 863//863
f 1206//1206 1483//1483 863//863
f 1208//1208 1481//1481 1483//1483
f 944//944 1484//1484 1105//1105
f 1485//1485 1484//1484 1102//1102
f 1592//1592 1485//1485 1102//1102
f 1485//1485 1478//1478 1486//1486
f 1488//1488 1486//1486 1478//1478
f 1491//1491 1486//1486 1489//1489
f 1225//1225 1484//1484 1487//1487
f 1485//1485 1487//1487 1484//1484
f 1099//1099 1488//1488 1478//1478
f 1490//1490 1470//1470 1476//1476
f 1470//1470 1489//1489 1488//1488
f 1460//1460 1490//1490 1432//1432
f 1461//1461 1490//1490 1460//1460
f 1470//1470 1490//1490 1489//1489
f 1442//1442 1491//1491 1461//1461
f 1487//1487 1491//1491 1224//1224
f 1223//1223 1441//1441 1502//1502
f 1493//1493 1498//1498 1169//1169
f 1222//1222 871//871 1496//1496
f 1499//1499 1498//1498 1493//1493
f 1497//1497 1494//1494 1225//1225
f 1492//1492 1493//1493 1494//1494
f 1499//1499 1492//1492 1505//1505
f 1500//1500 1509//1509 1227//1227
f 1222//1222 1496//1496 1493//1493
f 1225//1225 1496//1496 871//871
f 1487//1487 1497//1497 1225//1225
f 1512//1512 1506//1506 1507//1507
f 1499//1499 1493//1493 1492//1492
f 1509//1509 1500//1500 1495//1495
f 1506//1506 1502//1502 1501//1501
f 1495//1495 1498//1498 1499//1499
f 1552//1552 1503//1503 1500//1500
f 1504//1504 1169//1169 1498//1498
f 1545//1545 1517//1517 1519//1519
f 1505//1505 1508//1508 1499//1499
f 1440//1440 1502//1502 1441//1441
f 1501//1501 1505//1505 1506//1506
f 1230//1230 1226//1226 1504//1504
f 1552//1552 1500//1500 1227//1227
f 1500//1500 1503//1503 1504//1504
f 1504//1504 1503//1503 1230//1230
f 1505//1505 1492//1492 1506//1506
f 1505//1505 1501//1501 1508//1508
f 1492//1492 1494//1494 1507//1507
f 1453//1453 1506//1506 1442//1442
f 1512//1512 1497//1497 1224//1224
f 1492//1492 1507//1507 1506//1506
f 1501//1501 1517//1517 1516//1516
f 1510//1510 1511//1511 1522//1522
f 1508//1508 1533//1533 1495//1495
f 1534//1534 1535//1535 1515//1515
f 1511//1511 1509//1509 1514//1514
f 1508//1508 1501//1501 1516//1516
f 1495//1495 1533//1533 1509//1509
f 1543//1543 908//908 1289//1289
f 1491//1491 1512//1512 1224//1224
f 1506//1506 1512//1512 1442//1442
f 1530//1530 1548//1548 1555//1555
f 1522//1522 1511//1511 1514//1514
f 1518//1518 1508//1508 1516//1516
f 1508//1508 1518//1518 1514//1514
f 1515//1515 1541//1541 1537//1537
f 1536//1536 1227//1227 1511//1511
f 1501//1501 1502//1502 1517//1517
f 1516//1516 1513//1513 1518//1518
f 1519//1519 1517//1517 1440//1440
f 1513//1513 1516//1516 1517//1517
f 1523//1523 1518//1518 1513//1513
f 1514//1514 1518//1518 1522//1522
f 1459//1459 1520//1520 1440//1440
f 1439//1439 1525//1525 1545//1545
f 1520//1520 1451//1451 1582//1582
f 1440//1440 1520//1520 1519//1519
f 1523//1523 1513//1513 1525//1525
f 1550//1550 1524//1524 1528//1528
f 1523//1523 1522//1522 1518//1518
f 1522//1522 1523//1523 1524//1524
f 1513//1513 1545//1545 1525//1525
f 1523//1523 1521//1521 1524//1524
f 1529//1529 1524//1524 1521//1521
f 1529//1529 1528//1528 1524//1524
f 1554//1554 1525//1525 1439//1439
f 1521//1521 1523//1523 1525//1525
f 1526//1526 1529//1529 1530//1530
f 1531//1531 1067//1067 1532//1532
f 1293//1293 1527//1527 1296//1296
f 1527//1527 1526//1526 1531//1531
f 1526//1526 1547//1547 1528//1528
f 1535//1535 1551//1551 908//908
f 1530//1530 1529//1529 1521//1521
f 1528//1528 1529//1529 1526//1526
f 1548//1548 1521//1521 1525//1525
f 1555//1555 1549//1549 1530//1530
f 1549//1549 1526//1526 1530//1530
f 924//924 1584//1584 1586//1586
f 958//958 1527//1527 1532//1532
f 1531//1531 1532//1532 1527//1527
f 1508//1508 1514//1514 1533//1533
f 1509//1509 1533//1533 1514//1514
f 1534//1534 1550//1550 1535//1535
f 1534//1534 1515//1515 1536//1536
f 1550//1550 1534//1534 1510//1510
f 1535//1535 1550//1550 1551//1551
f 1515//1515 1537//1537 1536//1536
f 1538//1538 1228//1228 1552//1552
f 1535//1535 1543//1543 1515//1515
f 1540//1540 1195//1195 1245//1245
f 1537//1537 1553//1553 1536//1536
f 1195//1195 1540//1540 1553//1553
f 1553//1553 1540//1540 1539//1539
f 1542//1542 1539//1539 1540//1540
f 1077//1077 1540//1540 1245//1245
f 1553//1553 1539//1539 1538//1538
f 1289//1289 1544//1544 1541//1541
f 1541//1541 1544//1544 1195//1195
f 1080//1080 1542//1542 1077//1077
f 1012//1012 1539//1539 1542//1542
f 908//908 1543//1543 1535//1535
f 1289//1289 1541//1541 1543//1543
f 1291//1291 1544//1544 1289//1289
f 1195//1195 1544//1544 959//959
f 1517//1517 1545//1545 1513//1513
f 1439//1439 1545//1545 1519//1519
f 1439//1439 1520//1520 1582//1582
f 1555//1555 1556//1556 1580//1580
f 1527//1527 1547//1547 1526//1526
f 1551//1551 1547//1547 1293//1293
f 1554//1554 1548//1548 1525//1525
f 1555//1555 1548//1548 1546//1546
f 1586//1586 1549//1549 924//924
f 1526//1526 1549//1549 1531//1531
f 1524//1524 1550//1550 1510//1510
f 1551//1551 1550//1550 1528//1528
f 1547//1547 1551//1551 1528//1528
f 1295//1295 1551//1551 1293//1293
f 1503//1503 1552//1552 1228//1228
f 1227//1227 1538//1538 1552//1552
f 1536//1536 1553//1553 1538//1538
f 1195//1195 1553//1553 1537//1537
f 1439//1439 1582//1582 1583//1583
f 1548//1548 1554//1554 1546//1546
f 1556//1556 1555//1555 1546//1546
f 1555//1555 924//924 1549//1549
f 1585//1585 1546//1546 1583//1583
f 1480//1480 1577//1577 1580//1580
f 1050//1050 1557//1557 1048//1048
f 1125//1125 1557//1557 909//909
f 887//887 1558//1558 1338//1338
f 1333//1333 1558//1558 1332//1332
f 1368//1368 1559//1559 870//870
f 1361//1361 1559//1559 1365//1365
f 1564//1564 1383//1383 1563//1563
f 1560//1560 1377//1377 1388//1388
f 1561//1561 1573//1573 1572//1572
f 1562//1562 1409//1409 1413//1413
f 1406//1406 1562//1562 1413//1413
f 1572//1572 1571//1571 1562//1562
f 1573//1573 1574//1574 1563//1563
f 1395//1395 1568//1568 1383//1383
f 1383//1383 1564//1564 1560//1560
f 1564//1564 1563//1563 1574//1574
f 1561//1561 1562//1562 1565//1565
f 1566//1566 1562//1562 1406//1406
f 1416//1416 1566//1566 1412//1412
f 1562//1562 1566//1566 1565//1565
f 1573//1573 1591//1591 1572//1572
f 1471//1471 1589//1589 1457//1457
f 1573//1573 1568//1568 1251//1251
f 1383//1383 1568//1568 1563//1563
f 1377//1377 1564//1564 1574//1574
f 1565//1565 1569//1569 1574//1574
f 1409//1409 1570//1570 1410//1410
f 1589//1589 1570//1570 1567//1567
f 1567//1567 1570//1570 1571//1571
f 1409//1409 1571//1571 1570//1570
f 1573//1573 1561//1561 1574//1574
f 1567//1567 1571//1571 1572//1572
f 1469//1469 1573//1573 1251//1251
f 1463//1463 1590//1590 1591//1591
f 1565//1565 1574//1574 1561//1561
f 1574//1574 1569//1569 1377//1377
f 1575//1575 1211//1211 1445//1445
f 1215//1215 1575//1575 1435//1435
f 1577//1577 1576//1576 1134//1134
f 1578//1578 1576//1576 1480//1480
f 1185//1185 1577//1577 1134//1134
f 1580//1580 1577//1577 1064//1064
f 1556//1556 1546//1546 1585//1585
f 1450//1450 1581//1581 1446//1446
f 1585//1585 1578//1578 1480//1480
f 1439//1439 1583//1583 1554//1554
f 1064//1064 1065//1065 1584//1584
f 1580//1580 924//924 1555//1555
f 1448//1448 1578//1578 1581//1581
f 1579//1579 1581//1581 1578//1578
f 1451//1451 1579//1579 1582//1582
f 1582//1582 1579//1579 1583//1583
f 1579//1579 1578//1578 1585//1585
f 1554//1554 1583//1583 1546//1546
f 1586//1586 1584//1584 1005//1005
f 924//924 1580//1580 1584//1584
f 1556//1556 1585//1585 1480//1480
f 1579//1579 1585//1585 1583//1583
f 1005//1005 1066//1066 1587//1587
f 1586//1586 1531//1531 1549//1549
f 1067//1067 1586//1586 1587//1587
f 1005//1005 1587//1587 1586//1586
f 1453//1453 1588//1588 1431//1431
f 1461//1461 1588//1588 1442//1442
f 1570//1570 1589//1589 933//933
f 1590//1590 1589//1589 1567//1567
f 1591//1591 1590//1590 1567//1567
f 1463//1463 1457//1457 1590//1590
f 1572//1572 1591//1591 1567//1567
f 1463//1463 1591//1591 1573//1573
f 1593//1593 1592//1592 1100//1100
f 1485//1485 1592//1592 1478//1478
f 1593//1593 1100//1100 1594//1594
f 1099//1099 1478//1478 1593//1593
f 1597//1597 1100//1100 1101//1101
f 1595//1595 1022//1022 1221//1221
f 1594//1594 1100//1100 1597//1597
f 938//938 1022//1022 1595//1595
f 1256//1256 1220//1220 1596//1596
f 1594//1594 1596//1596 1220//1220
f 1597//1597 1101//1101 1098//1098
f 1594//1594 1597//1597 1595//1595
f 1274//1274 1598//1598 1220//1220
f 1099//1099 1594//1594 1598//1598
