# Blender 5.0.1
# www.blender.org
mtllib AJ_3.mtl
o Boy01_Brows_Geo
v 0.319747 2.321584 0.106528
v 0.333599 2.294560 0.081635
v 0.250497 2.332597 0.242383
v 0.295018 2.341696 0.179936
v 0.338184 2.277194 0.216280
v 0.325216 2.265976 0.240096
v 0.294191 2.245457 0.278802
v 0.313107 2.249435 0.259991
v 0.354990 2.278128 0.168692
v 0.362068 2.265136 0.152403
v 0.367238 2.247115 0.139653
v 0.314946 2.215472 0.263284
v 0.301100 2.215887 0.279949
v 0.324199 2.213225 0.247365
v 0.323082 2.231942 0.247463
v 0.343272 2.247292 0.219300
v 0.361759 2.251807 0.183867
v 0.331554 2.240322 0.235242
v 0.366218 2.248347 0.170247
v 0.370255 2.232572 0.168248
v 0.334240 2.215817 0.233167
v 0.346491 2.217984 0.218540
v 0.364577 2.227752 0.188701
v 0.339066 2.302862 0.140690
v 0.349940 2.281849 0.120442
v 0.359811 2.253938 0.107880
v 0.320508 2.310826 0.203517
v 0.278197 2.287860 0.268540
v 0.295995 2.292647 0.252613
v 0.308985 2.299850 0.233863
v 0.273625 2.338612 0.216937
v 0.356924 2.223457 0.203460
v 0.354042 2.252579 0.202007
v 0.347176 2.282465 0.191351
v 0.331290 2.311053 0.170506
v 0.310935 2.334263 0.134988
v 0.088636 2.244031 0.254634
v 0.108337 2.277975 0.255832
v 0.138905 2.261573 0.282048
v 0.122739 2.234982 0.280898
v 0.218685 2.327279 0.255738
v 0.177585 2.317472 0.262870
v 0.133647 2.297693 0.260193
v 0.115760 2.203596 0.280235
v 0.215308 2.251848 0.303057
v 0.243995 2.249222 0.297455
v 0.244528 2.222371 0.296703
v 0.224566 2.222806 0.303133
v 0.188377 2.249708 0.303499
v 0.204098 2.221650 0.307901
v 0.144492 2.201168 0.296962
v 0.152891 2.221988 0.300129
v 0.172501 2.208389 0.307053
v 0.173691 2.192026 0.307066
v 0.270259 2.240596 0.290252
v 0.281820 2.208639 0.286678
v 0.265079 2.201030 0.289117
v 0.260490 2.219031 0.291666
v 0.166448 2.239237 0.301846
v 0.185385 2.215426 0.308427
v 0.248385 2.198108 0.293799
v 0.230756 2.194111 0.300275
v 0.212367 2.193638 0.305550
v 0.195414 2.192858 0.308168
v 0.166350 2.277030 0.286990
v 0.199871 2.285941 0.288713
v 0.257022 2.284608 0.280136
v 0.234047 2.284392 0.286786
vn 0.8120 0.5629 -0.1543
vn 0.7900 0.6039 -0.1055
vn 0.8029 0.5942 -0.0482
vn 0.8537 0.5057 -0.1244
vn 0.7727 0.4253 0.4712
vn 0.7262 0.3338 0.6010
vn 0.8025 0.0867 0.5903
vn 0.8178 0.1472 0.5564
vn 0.8201 0.4972 0.2832
vn 0.8667 0.2345 0.4403
vn 0.9347 0.3427 -0.0937
vn 0.9111 0.4107 -0.0352
vn 0.9519 0.2740 0.1370
vn 0.9635 0.2220 0.1494
vn 0.6904 0.2685 0.6718
vn 0.7732 0.1218 0.6224
vn 0.8331 0.0626 0.5495
vn 0.8273 0.0678 0.5576
vn 0.5202 0.2616 0.8130
vn 0.5575 0.1131 0.8224
vn 0.8634 0.4950 0.0979
vn 0.9124 0.2813 0.2974
vn 0.7912 0.0482 0.6097
vn 0.7982 0.0715 0.5981
vn 0.8482 0.1130 0.5175
vn 0.9083 0.1581 0.3873
vn 0.9151 0.3776 -0.1414
vn 0.7298 0.6689 0.1411
vn 0.6493 0.6724 0.3554
vn 0.7143 0.6978 0.0533
vn 0.6164 0.7363 0.2791
vn 0.5355 0.5344 0.6539
vn 0.4151 0.5269 0.7417
vn 0.6090 0.5890 0.5313
vn 0.5040 0.6990 0.5072
vn 0.3484 0.6437 0.6814
vn -0.5337 0.2853 0.7961
vn -0.5034 0.2258 0.8340
vn -0.4422 0.3374 0.8311
vn -0.4934 0.3392 0.8009
vn 0.0880 0.2841 0.9547
vn 0.2271 0.0254 0.9735
vn 0.2790 -0.0213 0.9601
vn 0.2453 0.2346 0.9406
vn -0.1176 0.3037 0.9455
vn 0.0828 0.0728 0.9939
vn -0.4558 0.0559 0.8883
vn -0.2093 -0.0200 0.9777
vn -0.2311 0.0299 0.9725
vn -0.4133 0.1375 0.9001
vn 0.3383 0.1959 0.9204
vn 0.2465 -0.0519 0.9677
vn 0.2389 -0.0600 0.9692
vn 0.3077 0.0258 0.9511
vn -0.0743 0.0778 0.9942
vn -0.2997 0.2551 0.9193
vn 0.3104 -0.0510 0.9493
vn 0.2915 -0.0330 0.9560
vn 0.1916 -0.0225 0.9812
vn 0.0423 -0.0206 0.9989
vn -0.5030 0.0850 0.8601
vn -0.2670 0.4633 0.8450
vn -0.0475 0.5287 0.8475
vn -0.1248 0.5834 0.8025
vn -0.3505 0.4782 0.8053
vn 0.2968 0.4852 0.8225
vn 0.1480 0.4939 0.8569
vn 0.1277 0.6214 0.7730
vt 0.961922 0.938468
vt 0.953822 0.948514
vt 0.951088 0.937425
vt 0.957614 0.929662
vt 0.932453 0.923795
vt 0.922428 0.919841
vt 0.923820 0.910048
vt 0.931468 0.912146
vt 0.941105 0.926105
vt 0.938986 0.913810
vt 0.956531 0.913890
vt 0.953246 0.920307
vt 0.949513 0.912679
vt 0.950205 0.906604
vt 0.913172 0.914039
vt 0.910778 0.901196
vt 0.917051 0.900254
vt 0.917913 0.907255
vt 0.902747 0.913693
vt 0.902747 0.901995
vt 0.948268 0.924915
vt 0.945339 0.913673
vt 0.923546 0.900892
vt 0.930762 0.901106
vt 0.937698 0.902773
vt 0.943621 0.904318
vt 0.961688 0.919071
vt 0.942591 0.939581
vt 0.931928 0.938836
vt 0.945575 0.952518
vt 0.931164 0.954439
vt 0.912241 0.932217
vt 0.902747 0.931620
vt 0.920920 0.934416
vt 0.916095 0.953655
vt 0.902747 0.952686
vt 0.938718 0.983638
vt 0.943025 0.974831
vt 0.949553 0.982594
vt 0.946817 0.993683
vt 0.968188 0.968964
vt 0.969171 0.957316
vt 0.976819 0.955218
vt 0.978212 0.965010
vt 0.959534 0.971275
vt 0.961653 0.958980
vt 0.944108 0.959059
vt 0.950435 0.951773
vt 0.951126 0.957849
vt 0.947394 0.965476
vt 0.987467 0.959209
vt 0.982726 0.952424
vt 0.983588 0.945423
vt 0.989862 0.946366
vt 0.997894 0.947165
vt 0.997894 0.958863
vt 0.955302 0.958843
vt 0.952371 0.970084
vt 0.977093 0.946062
vt 0.969877 0.946275
vt 0.962941 0.947942
vt 0.957018 0.949488
vt 0.938952 0.964241
vt 0.958048 0.984750
vt 0.968712 0.984006
vt 0.969475 0.999608
vt 0.955065 0.997687
vt 0.988399 0.977386
vt 0.997894 0.976790
vt 0.979721 0.979586
vt 0.997894 0.997855
vt 0.984546 0.998825
s 1
usemtl Boy01_Brows_MAT2.001
f 2/1/1 1/2/2 24/3/3 25/4/4
f 5/5/5 6/6/6 18/7/7 16/8/8
f 34/9/9 5/5/5 16/8/8 33/10/10
f 11/11/11 10/12/12 19/13/13 20/14/14
f 8/15/15 12/16/16 14/17/17 15/18/18
f 12/16/16 8/15/15 7/19/19 13/20/20
f 6/6/6 8/15/15 15/18/18 18/7/7
f 10/12/12 9/21/21 17/22/22 19/13/13
f 18/7/7 15/18/18 14/17/17 21/23/23
f 21/23/23 22/24/24 16/8/8 18/7/7
f 32/25/25 33/10/10 16/8/8 22/24/24
f 20/14/14 19/13/13 17/22/22 23/26/26
f 25/4/4 24/3/3 9/21/21 10/12/12
f 26/27/27 25/4/4 10/12/12 11/11/11
f 35/28/28 27/29/29 5/5/5 34/9/9
f 27/29/29 35/28/28 36/30/30 4/31/31
f 29/32/32 28/33/33 7/19/19 8/15/15
f 30/34/34 29/32/32 8/15/15 6/6/6
f 27/29/29 30/34/34 6/6/6 5/5/5
f 28/33/33 29/32/32 31/35/35 3/36/36
f 4/31/31 31/35/35 30/34/34 27/29/29
f 30/34/34 31/35/35 29/32/32
f 23/26/26 17/22/22 33/10/10 32/25/25
f 9/21/21 34/9/9 33/10/10 17/22/22
f 24/3/3 35/28/28 34/9/9 9/21/21
f 36/30/30 35/28/28 24/3/3 1/2/2
f 37/37/37 40/38/38 39/39/39 38/40/40
f 45/41/41 48/42/42 47/43/43 46/44/44
f 49/45/45 50/46/46 48/42/42 45/41/41
f 51/47/47 54/48/48 53/49/49 52/50/50
f 55/51/51 58/52/52 57/53/53 56/54/54
f 56/54/54 13/55/20 7/56/19 55/51/51
f 46/44/44 47/43/43 58/52/52 55/51/51
f 52/50/50 53/49/49 60/57/55 59/58/56
f 47/43/43 61/59/57 57/53/53 58/52/52
f 61/59/57 47/43/43 48/42/42 62/60/58
f 63/61/59 62/60/58 48/42/42 50/46/46
f 54/48/48 64/62/60 60/57/55 53/49/49
f 40/38/38 52/50/50 59/58/56 39/39/39
f 44/63/61 51/47/47 52/50/50 40/38/38
f 65/64/62 49/45/45 45/41/41 66/65/63
f 66/65/63 42/66/64 43/67/65 65/64/62
f 67/68/66 55/51/51 7/56/19 28/69/33
f 68/70/67 46/44/44 55/51/51 67/68/66
f 66/65/63 45/41/41 46/44/44 68/70/67
f 28/69/33 3/71/36 41/72/68 67/68/66
f 42/66/64 66/65/63 68/70/67 41/72/68
f 68/70/67 67/68/66 41/72/68
f 64/62/60 63/61/59 50/46/46 60/57/55
f 59/58/56 60/57/55 50/46/46 49/45/45
f 39/39/39 59/58/56 49/45/45 65/64/62
f 43/67/65 38/40/40 39/39/39 65/64/62
o Boy01_Body_Geo.007
v 0.341454 1.705384 0.122944
v 0.344522 1.722859 0.131773
v 0.357192 1.717059 0.126428
v 0.330740 1.717746 0.134269
v 0.323919 1.704714 0.132455
v 0.328055 1.691398 0.127392
v 0.340725 1.685598 0.122048
v 0.354507 1.690711 0.119552
v 0.361327 1.703742 0.121366
v 0.359571 1.703065 0.124654
v 0.353664 1.691780 0.123083
v 0.355990 1.714598 0.129038
v 0.344123 1.702744 0.132001
v 0.345017 1.719621 0.133667
v 0.333082 1.715193 0.135828
v 0.327175 1.703907 0.134257
v 0.330756 1.692375 0.129873
v 0.341729 1.687352 0.125245
vn -0.2676 0.2688 -0.9253
vn -0.3919 0.4133 -0.8219
vn -0.2395 0.4710 -0.8490
vn -0.0999 0.4059 -0.9085
vn -0.0553 0.2573 -0.9647
vn -0.4672 0.2676 -0.8426
vn -0.4223 0.1187 -0.8987
vn -0.2824 0.0538 -0.9578
vn -0.1303 0.1118 -0.9851
vn 0.6245 -0.6937 0.3589
vn 0.8806 -0.2019 0.4287
vn 0.6495 -0.2530 0.7170
vn 0.4992 -0.5415 0.6764
vn 0.7265 0.3005 0.6180
vn 0.5592 0.0403 0.8280
vn 0.2675 -0.2688 0.9253
vn -0.0128 0.0543 0.9984
vn 0.2845 0.1664 0.9441
vn -0.1625 -0.2338 0.9586
vn -0.0727 -0.5271 0.8467
vn 0.2001 -0.6530 0.7304
vn 0.1105 -0.8855 0.4512
vn -0.3581 -0.6674 0.6529
vn -0.5090 -0.1682 0.8442
vn -0.2560 0.3219 0.9115
vn 0.2549 0.5169 0.8172
vt 0.843762 0.983111
vt 0.849126 0.989835
vt 0.843002 0.991866
vt 0.837301 0.988768
vt 0.835362 0.982357
vt 0.852086 0.983866
vt 0.850147 0.977454
vt 0.844445 0.974357
vt 0.838321 0.976387
vt 0.708332 0.631845
vt 0.715076 0.645288
vt 0.710477 0.645686
vt 0.705293 0.635250
vt 0.710677 0.659704
vt 0.707073 0.656874
vt 0.696009 0.646989
vt 0.686199 0.658703
vt 0.697000 0.662306
vt 0.681044 0.648290
vt 0.684428 0.637133
vt 0.694470 0.631678
vt 0.694234 0.627238
vt 0.681162 0.634296
vt 0.676780 0.648687
vt 0.683499 0.662113
vt 0.697581 0.666745
s 1
usemtl Boy01_Body_MAT1.001
f 69/73/69 72/74/70 70/75/71
f 69/73/69 70/75/71 71/76/72
f 69/73/69 71/76/72 77/77/73
f 69/73/69 73/78/74 72/74/70
f 69/73/69 74/79/75 73/78/74
f 69/73/69 75/80/76 74/79/75
f 69/73/69 76/81/77 75/80/76
f 69/73/69 77/77/73 76/81/77
f 76/82/78 77/83/79 78/84/80 79/85/81
f 77/83/79 71/86/82 80/87/83 78/84/80
f 78/84/80 81/88/84 79/85/81
f 80/87/83 81/88/84 78/84/80
f 83/89/85 81/88/84 82/90/86
f 82/90/86 81/88/84 80/87/83
f 84/91/87 81/88/84 83/89/85
f 85/92/88 81/88/84 84/91/87
f 86/93/89 81/88/84 85/92/88
f 79/85/81 81/88/84 86/93/89
f 75/94/90 76/82/78 79/85/81 86/93/89
f 74/95/91 75/94/90 86/93/89 85/92/88
f 73/96/92 74/95/91 85/92/88 84/91/87
f 72/97/93 73/96/92 84/91/87 83/89/85
f 70/98/94 72/97/93 83/89/85 82/90/86
f 71/86/82 70/98/94 82/90/86 80/87/83
o Boy01_Body_Geo.013
v -0.138123 2.227362 0.311841
v -0.143111 2.233242 0.322193
v -0.130714 2.227552 0.316277
v -0.146484 2.220109 0.311300
v -0.134752 2.208904 0.307238
v -0.131725 2.188243 0.307829
v -0.126717 2.212111 0.315082
v -0.145024 2.204736 0.308921
v -0.138881 2.180627 0.308265
v -0.151737 2.204498 0.318755
v -0.145935 2.181060 0.317754
v -0.152013 2.221863 0.319701
v -0.152205 2.206525 0.330080
v -0.144919 2.180476 0.328659
v -0.143694 2.208955 0.336623
v -0.153521 2.221524 0.328901
v -0.146247 2.227739 0.332357
v -0.136189 2.228394 0.333540
v -0.132031 2.212258 0.336801
v -0.131832 2.231359 0.325600
v -0.125130 2.214051 0.327860
v -0.122351 2.193199 0.326791
v -0.124397 2.191198 0.315231
v -0.122501 2.178721 0.327953
v -0.127768 2.191299 0.334624
v -0.137830 2.187663 0.333849
v -0.128680 2.177193 0.336099
v -0.130408 2.157165 0.336470
v -0.138698 2.176065 0.334588
v -0.142765 2.157450 0.335985
v -0.145816 2.134702 0.335287
v -0.148246 2.158549 0.329042
v -0.144605 2.162688 0.319532
v -0.154519 2.140230 0.328454
v -0.166656 2.151644 0.324546
v -0.148157 2.155415 0.315720
v -0.160700 2.120609 0.333950
v -0.177234 2.141300 0.331273
v -0.145283 2.110241 0.332828
v -0.173149 2.105011 0.335190
v -0.146912 2.080852 0.326458
v -0.189283 2.087221 0.335959
v -0.195914 2.125919 0.338057
v -0.187340 2.132948 0.334795
v -0.207640 2.156468 0.327930
v -0.213819 2.151975 0.321396
v -0.215900 2.146205 0.338349
v -0.224289 2.157256 0.294342
v -0.205078 2.157846 0.322452
v -0.193030 2.163247 0.327868
v -0.191526 2.159849 0.322069
v -0.184166 2.173319 0.317174
v -0.187182 2.169216 0.311718
v -0.169392 2.177770 0.313441
v -0.182869 2.175668 0.315302
v -0.193875 2.170901 0.287319
v -0.177139 2.178116 0.282889
v -0.189883 2.186739 0.302398
v -0.198970 2.177487 0.299788
v -0.210778 2.161961 0.285569
v -0.187353 2.155229 0.281067
v -0.203628 2.147666 0.283251
v -0.169143 2.163939 0.281916
v -0.177045 2.138612 0.278631
v -0.165422 2.117331 0.278759
v -0.158840 2.147762 0.281953
v -0.197780 2.128023 0.281936
v -0.215630 2.113783 0.289207
v -0.185420 2.105415 0.280233
v -0.210417 2.132476 0.285760
v -0.217452 2.127078 0.288912
v -0.215776 2.142157 0.287150
v -0.226715 2.134795 0.292505
v -0.237200 2.149940 0.297094
v -0.235031 2.126995 0.298262
v -0.247644 2.144109 0.308821
v -0.243898 2.117118 0.308951
v -0.255028 2.131364 0.316591
v -0.247074 2.108376 0.325945
v -0.229063 2.100973 0.300981
v -0.234730 2.092776 0.319906
v -0.210408 2.081629 0.294260
v -0.215530 2.072335 0.312385
v -0.191304 2.060720 0.291045
v -0.198833 2.094448 0.284804
v -0.176795 2.076345 0.280467
v -0.152605 2.087443 0.279624
v -0.167238 2.061859 0.278085
v -0.146395 2.072074 0.277670
v -0.183235 2.049581 0.287952
v -0.188821 2.039106 0.305180
v -0.196903 2.051179 0.308238
v -0.178410 2.037434 0.320839
v -0.187137 2.050934 0.324191
v -0.159030 2.045227 0.326464
v -0.169021 2.061406 0.330350
v -0.139719 2.057051 0.322654
v -0.124082 2.069417 0.312874
v -0.128535 2.088760 0.317510
v -0.119930 2.076590 0.298746
v -0.122991 2.094683 0.303223
v -0.129269 2.077698 0.285026
v -0.134281 2.098572 0.287719
v -0.148650 2.127769 0.282634
v -0.126382 2.123986 0.300005
v -0.124239 2.118456 0.314362
v -0.133588 2.138653 0.293041
v -0.122872 2.142474 0.313078
v -0.123335 2.157373 0.317167
v -0.123078 2.137809 0.323493
v -0.129157 2.149821 0.305298
v -0.129217 2.159442 0.310438
v -0.139376 2.155954 0.303094
v -0.151289 2.166860 0.301349
v -0.137149 2.162000 0.310642
v -0.142294 2.152426 0.289794
v -0.153289 2.167234 0.287558
v -0.163123 2.183768 0.288230
v -0.161415 2.183477 0.303714
v -0.164605 2.193814 0.298628
v -0.179300 2.194738 0.296579
v -0.161807 2.201552 0.317245
v -0.161466 2.184000 0.307590
v -0.170090 2.175638 0.314898
v -0.158608 2.189608 0.323832
v -0.143934 2.185441 0.349521
v -0.157969 2.203865 0.329072
v -0.167893 2.179594 0.330299
v -0.179315 2.183885 0.335091
v -0.153188 2.176367 0.353204
v -0.161813 2.181487 0.361380
v -0.141753 2.174721 0.370781
v -0.150485 2.178350 0.376466
v -0.134211 2.181495 0.365849
v -0.134287 2.177869 0.384664
v -0.134585 2.188496 0.388560
v -0.142767 2.178662 0.386767
v -0.129075 2.181466 0.378127
v -0.128801 2.188319 0.380465
v -0.132975 2.192717 0.369635
v -0.139374 2.196263 0.358852
v -0.141855 2.197163 0.377959
v -0.148896 2.201606 0.366708
v -0.151075 2.190815 0.381692
v -0.158505 2.194704 0.370725
v -0.143182 2.185912 0.390007
v -0.164692 2.196489 0.361160
v -0.155145 2.204031 0.356532
v -0.179284 2.200456 0.339689
v -0.184680 2.198400 0.326792
v -0.169490 2.208885 0.334170
v -0.174188 2.206410 0.321677
v -0.145386 2.198530 0.348960
v -0.158176 2.161476 0.311224
v -0.130750 2.177326 0.310568
v -0.124072 2.178103 0.317627
v -0.122622 2.157147 0.327365
v -0.132487 2.135083 0.333843
v -0.131635 2.113185 0.326467
v -0.207118 2.074858 0.329867
v -0.227147 2.096831 0.337150
v -0.213138 2.114859 0.341455
v -0.239431 2.110110 0.341846
v -0.247561 2.121285 0.344966
v -0.230602 2.118419 0.344968
v -0.238827 2.128604 0.346406
v -0.236366 2.131446 0.341733
v -0.234566 2.139561 0.337625
v -0.237678 2.141991 0.334657
v -0.232463 2.139967 0.331503
v -0.244367 2.155197 0.321184
v -0.218595 2.138715 0.328818
v -0.227630 2.152221 0.346812
v -0.215523 2.151845 0.344286
v -0.233945 2.166651 0.349610
v -0.213393 2.152707 0.373281
v -0.238859 2.164219 0.338776
v -0.234671 2.175424 0.334234
v -0.229842 2.176952 0.344902
v -0.223009 2.175775 0.330549
v -0.240095 2.164777 0.312132
v -0.226977 2.165292 0.310236
v -0.211998 2.163815 0.337689
v -0.218829 2.177511 0.341446
v -0.207791 2.174195 0.360878
v -0.218620 2.174231 0.364265
v -0.201791 2.174140 0.373143
v -0.198559 2.163743 0.365202
v -0.203090 2.151972 0.368352
v -0.187468 2.163475 0.389156
v -0.192815 2.153301 0.391697
v -0.192055 2.173165 0.392336
v -0.184281 2.163876 0.401588
v -0.189101 2.157589 0.405313
v -0.187176 2.170218 0.403440
v -0.193419 2.167706 0.407701
v -0.200080 2.162054 0.408111
v -0.201578 2.172441 0.396406
v -0.212066 2.173952 0.376894
v -0.207220 2.163263 0.398850
v -0.202387 2.152731 0.396787
v -0.217208 2.164446 0.380040
v -0.223124 2.164297 0.367924
v -0.197339 2.155310 0.406878
v -0.250096 2.148496 0.327186
v -0.232249 2.152112 0.353098
v -0.219873 2.154939 0.375427
v -0.232695 2.142625 0.358703
v -0.238452 2.161656 0.354328
v -0.243090 2.158102 0.343356
v -0.252312 2.155017 0.347082
v -0.247298 2.159512 0.358092
v -0.257803 2.141309 0.332146
v -0.252864 2.144915 0.353573
v -0.241555 2.140352 0.361962
v -0.248577 2.150146 0.363876
v -0.255675 2.129680 0.338657
v -0.244185 2.125406 0.343553
v -0.255699 2.121736 0.330930
v -0.239170 2.153669 0.379437
v -0.232224 2.145599 0.383543
v -0.234393 2.155121 0.387419
v -0.234901 2.162473 0.374834
v -0.226280 2.163295 0.371108
v -0.229755 2.163661 0.383572
v -0.221749 2.164547 0.379175
v -0.223890 2.164784 0.394685
v -0.215890 2.164977 0.390473
v -0.217555 2.163374 0.405264
v -0.228840 2.156906 0.397765
v -0.224489 2.148814 0.396637
v -0.223391 2.158318 0.405558
v -0.220828 2.153444 0.404824
v -0.213594 2.156426 0.404936
v -0.209983 2.159854 0.400916
v -0.215528 2.149763 0.393981
v -0.212118 2.156815 0.390279
v -0.223393 2.145627 0.379319
v -0.212377 2.164400 0.400933
v -0.214511 2.176458 0.301369
v -0.208961 2.187768 0.325244
v -0.220260 2.167522 0.309049
v -0.214322 2.178867 0.332212
v -0.208520 2.181338 0.344547
v -0.202147 2.167683 0.342770
v -0.187514 2.167009 0.367969
v -0.188895 2.166035 0.338723
v -0.184490 2.177372 0.330217
v -0.175560 2.162848 0.362029
v -0.169526 2.171818 0.356032
v -0.160324 2.162026 0.389562
v -0.153934 2.169255 0.384520
v -0.154157 2.166773 0.403169
v -0.170016 2.163958 0.394515
v -0.173711 2.175198 0.397049
v -0.161821 2.166181 0.405557
v -0.163593 2.173365 0.407159
v -0.156412 2.177832 0.405034
v -0.151021 2.177730 0.398686
v -0.166377 2.183416 0.392809
v -0.156945 2.180652 0.386370
v -0.181387 2.186236 0.370524
v -0.189187 2.187005 0.357988
v -0.170499 2.183362 0.364073
v -0.188755 2.178237 0.375114
v -0.196020 2.179061 0.362904
v -0.177681 2.184315 0.352299
v -0.190135 2.189451 0.334432
v -0.203003 2.189805 0.338538
v -0.194845 2.186992 0.321523
v -0.149394 2.170480 0.397646
vn -0.5514 0.2602 -0.7926
vn -0.8887 0.3102 -0.3375
vn -0.3366 0.9276 -0.1621
vn 0.0461 0.5618 -0.8260
vn 0.6861 0.7026 0.1887
vn 0.7423 0.4996 -0.4465
vn 0.2861 0.1216 -0.9505
vn 0.8680 0.1918 -0.4581
vn -0.5504 -0.0405 -0.8339
vn -0.5331 -0.1434 -0.8338
vn 0.3448 -0.0304 -0.9382
vn 0.8884 0.0435 -0.4571
vn -0.9248 -0.1634 -0.3437
vn -0.9438 -0.1543 -0.2923
vn -0.9304 -0.0880 0.3558
vn -0.8615 -0.1594 0.4822
vn -0.8946 0.2239 0.3868
vn -0.2970 -0.0976 0.9499
vn -0.2943 -0.0452 0.9546
vn -0.4354 0.5159 0.7378
vn 0.2747 0.4984 0.8223
vn 0.3792 0.1184 0.9177
vn 0.9443 0.2216 0.2431
vn 0.9789 0.0850 0.1857
vn 0.4467 0.0129 0.8946
vn 0.9246 -0.0015 -0.3810
vn 0.9668 0.0033 0.2553
vn 0.4127 0.0500 0.9095
vn -0.3632 0.1325 0.9223
vn 0.3975 -0.0542 0.9160
vn 0.9368 -0.0501 0.3463
vn -0.3495 0.0683 0.9344
vn -0.9042 0.2232 0.3643
vn 0.4831 -0.1734 0.8582
vn -0.0873 -0.0209 0.9960
vn -0.2031 0.3162 0.9267
vn -0.9284 0.1967 -0.3153
vn -0.3010 0.8657 0.4000
vn 0.1274 0.2707 0.9542
vn 0.0434 0.0515 0.9977
vn 0.2568 0.4460 0.8574
vn 0.4112 0.5155 0.7518
vn 0.2188 -0.1503 0.9641
vn 0.1384 0.2302 0.9633
vn 0.1543 -0.0563 0.9864
vn 0.3035 -0.1260 0.9445
vn 0.0635 -0.1732 0.9828
vn 0.0942 -0.2046 0.9743
vn 0.1598 0.1152 0.9804
vn 0.0675 -0.0736 0.9950
vn -0.3948 0.6849 0.6124
vn -0.2693 0.6012 0.7524
vn -0.2340 0.7412 0.6292
vn -0.5434 0.5647 -0.6211
vn 0.3891 0.8322 -0.3950
vn 0.6146 0.7824 -0.1010
vn -0.0237 0.7630 0.6459
vn -0.9089 -0.0824 0.4089
vn -0.9397 0.0170 0.3416
vn -0.5453 -0.8382 0.0112
vn -0.3279 0.7394 0.5880
vn 0.5023 0.8134 -0.2934
vn -0.3062 0.5555 -0.7731
vn 0.2394 0.8753 -0.4202
vn 0.7629 -0.0323 0.6457
vn 0.5451 -0.6311 0.5518
vn -0.9067 -0.0228 0.4213
vn -0.9668 0.2549 0.0199
vn -0.1115 0.4141 -0.9034
vn 0.1049 0.1570 -0.9820
vn -0.0988 0.1195 -0.9879
vn -0.3069 0.7746 -0.5529
vn -0.3769 0.3637 -0.8519
vn -0.4973 0.7296 -0.4694
vn -0.2335 0.0772 -0.9693
vn -0.0129 0.0446 -0.9989
vn -0.2082 -0.0247 -0.9778
vn 0.2302 0.1122 -0.9667
vn 0.0870 0.0098 -0.9962
vn -0.1438 -0.0440 -0.9886
vn 0.3772 0.0732 -0.9232
vn -0.4464 -0.1533 -0.8816
vn -0.4029 -0.0894 -0.9109
vn -0.3282 -0.0545 -0.9430
vn -0.3901 -0.1738 -0.9042
vn -0.3921 0.0348 -0.9193
vn -0.4945 -0.0316 -0.8686
vn -0.6134 0.2377 -0.7532
vn -0.6068 -0.1472 -0.7811
vn -0.9016 0.1651 -0.3997
vn -0.7363 -0.3178 -0.5974
vn -0.8818 -0.1100 -0.4585
vn -0.6622 -0.3739 -0.6493
vn -0.8018 -0.5962 -0.0418
vn -0.9185 -0.3873 0.0799
vn -0.7534 -0.6563 -0.0402
vn -0.7450 -0.6633 -0.0705
vn -0.5942 -0.3902 -0.7033
vn -0.7806 -0.6222 -0.0592
vn -0.5909 -0.3419 -0.7307
vn -0.2310 -0.0810 -0.9696
vn -0.2537 0.0008 -0.9673
vn 0.1161 0.0688 -0.9908
vn 0.0983 0.1567 -0.9827
vn -0.6227 -0.2532 -0.7404
vn -0.8357 -0.5481 -0.0356
vn -0.3825 -0.5058 0.7732
vn -0.4068 -0.4592 0.7897
vn 0.0940 -0.1822 0.9788
vn 0.3439 -0.0628 0.9369
vn 0.6878 0.0113 0.7259
vn 0.7143 -0.1013 0.6925
vn 0.9656 0.2247 -0.1309
vn 0.9899 0.0908 -0.1088
vn 0.5730 0.1293 -0.8093
vn 0.5594 0.2534 -0.7892
vn 0.6784 0.1942 -0.7086
vn 0.8476 0.0820 -0.5242
vn 0.9905 -0.0723 0.1172
vn 0.9620 0.0684 -0.2644
vn 0.9360 -0.1322 0.3263
vn 0.7666 0.3320 -0.5497
vn 0.6027 0.2163 -0.7681
vn 0.9492 0.0691 -0.3070
vn 0.5661 0.7575 -0.3252
vn -0.3726 0.3075 -0.8755
vn 0.5996 0.3603 -0.7146
vn 0.7623 0.6087 0.2198
vn 0.6268 0.4120 -0.6613
vn 0.9680 0.2385 0.0784
vn 0.5444 0.5385 -0.6431
vn 0.6105 0.6463 -0.4578
vn 0.9050 -0.4031 -0.1361
vn -0.2480 0.9458 -0.2098
vn 0.6420 0.6667 -0.3787
vn 0.8872 -0.3808 -0.2606
vn 0.2214 -0.9742 0.0433
vn 0.7377 -0.4496 -0.5037
vn 0.1077 -0.9773 -0.1823
vn 0.7013 0.6252 -0.3425
vn 0.7617 0.5581 -0.3292
vn -0.6995 -0.5936 0.3978
vn -0.6702 -0.6439 0.3691
vn 0.1362 -0.9850 -0.1062
vn -0.6137 -0.6853 0.3921
vn 0.7617 -0.4700 -0.4460
vn 0.4114 -0.8239 0.3897
vn -0.3553 -0.6995 0.6201
vn 0.8774 -0.4728 -0.0817
vn 0.8770 0.4500 0.1685
vn 0.3936 0.5341 0.7482
vn -0.3816 0.1809 0.9065
vn 0.8144 0.5463 -0.1958
vn 0.1401 0.9118 0.3859
vn 0.7644 0.5765 -0.2887
vn 0.0686 0.9650 0.2531
vn -0.7250 0.3349 0.6019
vn -0.6739 0.2752 0.6856
vn -0.7585 0.3198 0.5677
vn 0.0141 0.9789 0.2038
vn -0.8264 0.3504 0.4408
vn -0.1177 0.9909 0.0651
vn -0.9368 0.3081 0.1660
vn 0.5249 -0.0482 -0.8498
vn 0.6382 -0.1920 0.7456
vn -0.3526 -0.5112 0.7838
vn -0.3132 -0.5271 0.7900
vn -0.4030 -0.5649 0.7200
vn 0.1918 -0.0162 0.9813
vn -0.6467 -0.3387 0.6834
vn -0.1632 0.5034 0.8485
vn -0.5896 0.4686 0.6578
vn -0.0405 -0.0573 0.9975
vn -0.7082 0.0437 0.7047
vn 0.7222 0.6008 -0.3428
vn 0.0995 0.8020 -0.5890
vn -0.8618 0.0919 0.4989
vn -0.9422 0.0480 0.3316
vn -0.4833 -0.7301 0.4831
vn -0.9127 -0.0620 0.4038
vn 0.6222 -0.7802 0.0649
vn 0.5062 -0.8342 -0.2187
vn -0.4136 -0.8817 0.2270
vn -0.8726 -0.0152 0.4881
vn -0.8744 -0.1066 0.4734
vn -0.4905 0.8451 0.2128
vn -0.5833 0.8103 -0.0555
vn -0.6387 0.6585 -0.3980
vn 0.4821 0.8471 -0.2237
vn 0.5130 0.7521 -0.4138
vn 0.9487 0.1094 -0.2967
vn 0.5593 0.7966 -0.2293
vn 0.9007 -0.0794 -0.4272
vn -0.4232 0.8517 0.3090
vn -0.4330 0.8624 0.2624
vn 0.4578 0.8690 -0.1877
vn 0.5301 -0.8367 -0.1374
vn 0.9338 -0.0349 -0.3560
vn 0.4926 0.8629 -0.1130
vn 0.6297 -0.6534 0.4201
vn 0.9929 -0.0886 0.0800
vn 0.5765 0.7485 0.3277
vn -0.0510 0.6020 0.7968
vn -0.3868 0.8524 0.3519
vn -0.5491 0.0919 0.8307
vn -0.1504 -0.7563 0.6367
vn -0.8549 0.0263 0.5182
vn -0.8876 0.0326 0.4595
vn -0.4175 -0.8610 0.2905
vn 0.8976 0.1313 -0.4207
vn 0.7842 -0.6188 -0.0447
vn 0.3080 0.7874 -0.5340
vn 0.2549 0.8986 -0.3570
vn 0.4778 0.7888 -0.3867
vn 0.8851 -0.1136 -0.4512
vn 0.5792 -0.8073 -0.1134
vn -0.9728 0.1956 -0.1239
vn -0.8443 0.5354 0.0213
vn -0.6727 0.7229 0.1575
vn -0.8467 -0.2494 0.4701
vn -0.8724 -0.0426 0.4870
vn -0.8630 -0.2691 0.4276
vn -0.2005 -0.8334 0.5151
vn -0.2874 -0.8818 0.3739
vn -0.8572 -0.0133 0.5148
vn -0.5209 0.8284 0.2060
vn -0.8649 0.1321 0.4842
vn -0.4870 0.8566 0.1705
vn 0.4343 0.8444 -0.3136
vn -0.4246 0.8790 0.2170
vn 0.5085 0.8253 -0.2456
vn -0.8456 0.1245 0.5191
vn -0.1574 0.7646 0.6250
vn 0.5196 0.8450 0.1264
vn -0.6264 0.2143 0.7495
vn -0.2424 -0.8622 0.4447
vn -0.0999 -0.6893 0.7175
vn 0.6015 -0.5136 0.6119
vn 0.5935 -0.8039 0.0385
vn 0.9939 -0.0292 0.1060
vn 0.9372 -0.1283 -0.3244
vn -0.4463 0.8836 -0.1418
vn 0.4515 0.8149 -0.3634
vn -0.9318 -0.1146 0.3443
vn -0.5044 -0.7708 0.3891
vn -0.8535 0.1364 0.5029
vn -0.3070 0.9416 0.1386
vn -0.5089 -0.8179 0.2684
vn -0.8377 0.0755 0.5409
vn 0.3937 -0.9187 -0.0300
vn 0.2023 -0.9606 -0.1904
vn 0.9485 0.0111 -0.3165
vn 0.8150 -0.2964 -0.4980
vn 0.8613 -0.2714 -0.4296
vn 0.2310 -0.9691 -0.0867
vn -0.5089 -0.7900 0.3419
vn 0.9636 -0.2655 -0.0316
vn 0.5199 -0.7306 0.4426
vn -0.2295 -0.6958 0.6806
vn -0.7689 0.1779 0.6142
vn -0.8086 0.2022 0.5526
vn -0.4476 0.2300 0.8642
vn 0.1752 0.7358 0.6541
vn -0.1225 0.9510 0.2840
vn 0.7486 0.6565 0.0928
vn 0.6463 0.7238 -0.2416
vn 0.6037 0.7469 -0.2787
vn -0.1637 0.9636 0.2113
vn -0.1730 0.9562 0.2361
vn 0.6040 0.7563 -0.2513
vn 0.4587 0.8616 -0.2173
vt 0.768450 0.024670
vt 0.764880 0.020880
vt 0.770300 0.015240
vt 0.773990 0.021200
vt 0.498750 0.139430
vt 0.492980 0.142280
vt 0.493690 0.137270
vt 0.496960 0.137050
vt 0.502430 0.132410
vt 0.498130 0.132070
vt 0.507540 0.132130
vt 0.504010 0.138500
vt 0.508220 0.121810
vt 0.504270 0.123810
vt 0.499220 0.124970
vt 0.761630 0.030720
vt 0.752810 0.038000
vt 0.749400 0.033650
vt 0.758680 0.025810
vt 0.746520 0.029430
vt 0.758240 0.019880
vt 0.762780 0.017870
vt 0.746730 0.023450
vt 0.756770 0.015640
vt 0.764170 0.013700
vt 0.487970 0.139760
vt 0.491190 0.137490
vt 0.484950 0.133480
vt 0.490060 0.133680
vt 0.493770 0.132980
vt 0.494510 0.125660
vt 0.490860 0.125230
vt 0.499910 0.119120
vt 0.495310 0.119880
vt 0.490940 0.118760
vt 0.485690 0.121840
vt 0.485550 0.118670
vt 0.491610 0.108820
vt 0.496810 0.108060
vt 0.484870 0.109380
vt 0.744430 0.025850
vt 0.736150 0.036280
vt 0.734890 0.030580
vt 0.490910 0.100000
vt 0.483610 0.100530
vt 0.722470 0.039120
vt 0.724110 0.030010
vt 0.742010 0.042070
vt 0.737820 0.049610
vt 0.711310 0.052920
vt 0.709460 0.037260
vt 0.721400 0.053310
vt 0.733500 0.056940
vt 0.710790 0.026230
vt 0.702700 0.054180
vt 0.697690 0.034910
vt 0.697070 0.015510
vt 0.684190 0.035050
vt 0.682580 0.017620
vt 0.697080 0.053500
vt 0.685220 0.055580
vt 0.703780 0.072200
vt 0.694580 0.072730
vt 0.712510 0.073240
vt 0.617580 0.111640
vt 0.586210 0.093000
vt 0.601510 0.088540
vt 0.619070 0.106100
vt 0.702670 0.076800
vt 0.694370 0.078010
vt 0.613770 0.115160
vt 0.587940 0.103440
vt 0.712240 0.078770
vt 0.704770 0.077270
vt 0.721590 0.072380
vt 0.721010 0.077010
vt 0.562900 0.140730
vt 0.555930 0.115130
vt 0.565210 0.118660
vt 0.567100 0.137900
vt 0.730380 0.071020
vt 0.729650 0.075430
vt 0.721910 0.076430
vt 0.558930 0.141290
vt 0.551900 0.124630
vt 0.540250 0.118040
vt 0.535390 0.107550
vt 0.548730 0.100420
vt 0.540820 0.124900
vt 0.569810 0.103210
vt 0.576820 0.107850
vt 0.559460 0.091560
vt 0.538700 0.090980
vt 0.549210 0.080470
vt 0.529310 0.098630
vt 0.529250 0.081930
vt 0.537380 0.070210
vt 0.521210 0.088840
vt 0.554750 0.065460
vt 0.563740 0.072000
vt 0.558940 0.080160
vt 0.541410 0.062040
vt 0.565780 0.083420
vt 0.570660 0.071700
vt 0.590410 0.076000
vt 0.573180 0.063380
vt 0.598670 0.060640
vt 0.572500 0.052500
vt 0.586640 0.046500
vt 0.559580 0.053760
vt 0.570420 0.041010
vt 0.580380 0.038420
vt 0.561010 0.041710
vt 0.545730 0.040700
vt 0.544120 0.051780
vt 0.533460 0.037950
vt 0.530430 0.047450
vt 0.526010 0.057290
vt 0.515980 0.051440
vt 0.516370 0.068070
vt 0.509860 0.058660
vt 0.521360 0.043810
vt 0.523830 0.035390
vt 0.533850 0.029450
vt 0.526390 0.025300
vt 0.672580 0.018330
vt 0.673990 0.009760
vt 0.681040 0.007590
vt 0.692670 0.004540
vt 0.479280 0.073750
vt 0.481560 0.063790
vt 0.490700 0.067640
vt 0.490910 0.078640
vt 0.497120 0.066750
vt 0.499850 0.078970
vt 0.509620 0.075590
vt 0.503120 0.063800
vt 0.514550 0.097300
vt 0.508570 0.089570
vt 0.499640 0.089560
vt 0.502720 0.101670
vt 0.498140 0.100520
vt 0.508450 0.104250
vt 0.505930 0.109500
vt 0.501820 0.108180
vt 0.513430 0.106870
vt 0.509540 0.110940
vt 0.518230 0.103780
vt 0.518250 0.112200
vt 0.526310 0.110450
vt 0.746630 0.053570
vt 0.741000 0.060400
vt 0.747520 0.048460
vt 0.522010 0.122380
vt 0.530720 0.120220
vt 0.530870 0.125380
vt 0.522230 0.125940
vt 0.538170 0.138220
vt 0.529650 0.135600
vt 0.522480 0.136190
vt 0.737660 0.072870
vt 0.737010 0.076790
vt 0.727880 0.088070
vt 0.735890 0.088450
vt 0.732770 0.106880
vt 0.726340 0.106800
vt 0.529010 0.140530
vt 0.526990 0.152430
vt 0.520400 0.152320
vt 0.721250 0.088600
vt 0.720060 0.106130
vt 0.725440 0.116280
vt 0.719870 0.115240
vt 0.731700 0.115910
vt 0.724280 0.125430
vt 0.719840 0.122510
vt 0.729620 0.123940
vt 0.524070 0.167200
vt 0.527330 0.164460
vt 0.529560 0.165560
vt 0.528370 0.169790
vt 0.531570 0.165960
vt 0.532950 0.169240
vt 0.520420 0.160590
vt 0.525970 0.160690
vt 0.530430 0.161350
vt 0.526220 0.156000
vt 0.531810 0.156780
vt 0.536160 0.158910
vt 0.533630 0.163160
vt 0.544030 0.160690
vt 0.538810 0.167430
vt 0.537610 0.155710
vt 0.532780 0.153890
vt 0.542710 0.145090
vt 0.536760 0.142800
vt 0.551510 0.147180
vt 0.545100 0.140230
vt 0.504600 0.120780
vt 0.490730 0.089580
vt 0.481600 0.088920
vt 0.671620 0.035830
vt 0.547880 0.031190
vt 0.562790 0.032220
vt 0.670800 0.053680
vt 0.569740 0.031340
vt 0.670890 0.062220
vt 0.678290 0.062360
vt 0.671030 0.071090
vt 0.677270 0.070660
vt 0.577060 0.029690
vt 0.683770 0.074780
vt 0.676600 0.075510
vt 0.671570 0.074410
vt 0.683280 0.077820
vt 0.622400 0.043440
vt 0.600220 0.052330
vt 0.619260 0.041540
vt 0.624920 0.046770
vt 0.605900 0.063480
vt 0.686360 0.077480
vt 0.632960 0.057370
vt 0.623170 0.067520
vt 0.694890 0.093240
vt 0.689430 0.093120
vt 0.695490 0.112710
vt 0.690060 0.112780
vt 0.629540 0.069110
vt 0.650160 0.063820
vt 0.644430 0.071290
vt 0.627400 0.076770
vt 0.621440 0.076200
vt 0.603210 0.075650
vt 0.627980 0.083970
vt 0.622010 0.084180
vt 0.629350 0.095800
vt 0.642930 0.084110
vt 0.648420 0.091260
vt 0.641640 0.077460
vt 0.647660 0.078190
vt 0.648740 0.083300
vt 0.702030 0.112180
vt 0.701820 0.092660
vt 0.695300 0.125710
vt 0.702250 0.127190
vt 0.660370 0.082220
vt 0.662290 0.087140
vt 0.695360 0.133580
vt 0.700410 0.134130
vt 0.663210 0.080460
vt 0.667850 0.082720
vt 0.663210 0.078180
vt 0.669540 0.077290
vt 0.659150 0.078350
vt 0.662710 0.075430
vt 0.666560 0.072150
vt 0.660040 0.073790
vt 0.648450 0.072100
vt 0.663120 0.068390
vt 0.688870 0.127220
vt 0.689860 0.132160
vt 0.681780 0.092510
vt 0.677090 0.091930
vt 0.607580 0.038190
vt 0.617520 0.032310
vt 0.609950 0.030470
vt 0.612800 0.021210
vt 0.619020 0.020340
vt 0.682220 0.106040
vt 0.676770 0.105920
vt 0.590780 0.044250
vt 0.600470 0.034620
vt 0.603310 0.030060
vt 0.594930 0.029190
vt 0.597880 0.025990
vt 0.584370 0.036690
vt 0.579850 0.028350
vt 0.592890 0.020510
vt 0.671950 0.091350
vt 0.601380 0.012180
vt 0.603790 0.017530
vt 0.608640 0.020430
vt 0.605680 0.014660
vt 0.610060 0.016940
vt 0.613780 0.018380
vt 0.611900 0.012200
vt 0.615300 0.012500
vt 0.608320 0.011010
vt 0.613100 0.009010
vt 0.614880 0.009180
vt 0.610400 0.009200
vt 0.605720 0.007760
vt 0.608990 0.006340
vt 0.613730 0.005780
vt 0.671870 0.117580
vt 0.671590 0.113130
vt 0.677030 0.114420
vt 0.676420 0.121360
vt 0.616270 0.007140
vt 0.681350 0.115160
vt 0.679540 0.121530
vt 0.671770 0.105600
vt 0.619970 0.011810
vt 0.589340 0.124960
vt 0.582720 0.133100
vt 0.598120 0.123130
vt 0.611410 0.128530
vt 0.600280 0.128950
vt 0.593290 0.131720
vt 0.614420 0.142300
vt 0.606800 0.142420
vt 0.704150 0.095290
vt 0.710540 0.095970
vt 0.709540 0.111840
vt 0.702020 0.110830
vt 0.719240 0.093630
vt 0.715490 0.111020
vt 0.713770 0.130380
vt 0.707100 0.130430
vt 0.701440 0.129600
vt 0.711350 0.136860
vt 0.706500 0.137660
vt 0.702190 0.136210
vt 0.614160 0.158110
vt 0.608230 0.145660
vt 0.620150 0.158040
vt 0.618080 0.163840
vt 0.614140 0.162140
vt 0.615830 0.167960
vt 0.611960 0.163460
vt 0.609600 0.159910
vt 0.611000 0.169790
vt 0.609760 0.164610
vt 0.606380 0.163030
vt 0.597380 0.152180
vt 0.602830 0.148230
vt 0.600770 0.144780
vt 0.595460 0.149330
vt 0.589930 0.156240
vt 0.603620 0.168900
vt 0.587240 0.137720
vt 0.580240 0.142340
s 1
usemtl Boy01_Body_MAT1.001
f 90/99/95 98/100/96 88/101/97 87/102/98
f 87/103/98 88/104/97 106/105/99 89/106/100
f 91/107/101 87/103/98 89/106/100 93/108/102
f 94/109/103 90/110/95 87/103/98 91/107/101
f 95/111/104 94/109/103 91/107/101 92/112/105
f 92/112/105 91/107/101 93/108/102 109/113/106
f 94/114/103 95/115/104 97/116/107 96/117/108
f 90/99/95 94/114/103 96/117/108 98/100/96
f 97/116/107 100/118/109 99/119/110 96/117/108
f 96/117/108 99/119/110 102/120/111 98/100/96
f 99/119/110 100/118/109 112/121/112 101/122/113
f 103/123/114 102/120/111 99/119/110 101/122/113
f 98/100/96 102/120/111 103/123/114 88/101/97
f 88/104/97 103/124/114 104/125/115 106/105/99
f 104/125/115 103/124/114 101/126/113 105/127/116
f 106/105/99 104/125/115 105/127/116 107/128/117
f 89/106/100 106/105/99 107/128/117 93/108/102
f 93/108/102 107/128/117 108/129/118 109/113/106
f 107/128/117 105/127/116 111/130/119 108/129/118
f 242/131/120 109/113/106 108/129/118 110/132/121
f 108/129/118 111/130/119 113/133/122 110/132/121
f 113/133/122 111/130/119 112/134/112 115/135/123
f 105/127/116 101/126/113 112/134/112 111/130/119
f 110/132/121 113/133/122 114/136/124 243/137/125
f 114/136/124 113/133/122 115/135/123 116/138/126
f 115/139/123 100/118/109 118/140/127 116/141/126
f 115/139/123 112/121/112 100/118/109
f 244/142/128 114/136/124 116/138/126 117/143/129
f 116/141/126 118/140/127 120/144/130 117/145/129
f 119/146/131 122/147/132 120/144/130 118/140/127
f 97/116/107 119/146/131 118/140/127 100/118/109
f 124/148/133 123/149/134 120/144/130 121/150/135
f 122/147/132 240/151/136 121/150/135 120/144/130
f 120/144/130 123/149/134 125/152/137 117/145/129
f 123/149/134 124/148/133 130/153/138 126/154/139
f 126/154/139 127/155/140 125/152/137 123/149/134
f 127/155/140 126/154/139 128/156/141 182/157/142
f 126/154/139 129/158/143 248/159/144 128/156/141
f 126/154/139 130/153/138 129/158/143
f 130/153/138 131/160/145 133/161/146 129/158/143
f 131/160/145 130/153/138 124/148/133 136/162/147
f 131/163/145 134/164/148 268/165/149 132/166/150
f 131/160/145 132/167/150 258/168/151 133/161/146
f 135/169/152 328/170/153 134/164/148 131/163/145
f 136/162/147 137/171/154 135/172/152 131/160/145
f 138/173/155 139/174/156 137/171/154 136/162/147
f 136/162/147 124/148/133 121/150/135 138/173/155
f 138/175/155 142/176/157 145/177/158 139/178/156
f 140/179/159 210/180/160 141/181/161 138/173/155
f 121/150/135 240/151/136 140/179/159 138/173/155
f 141/182/161 144/183/162 142/176/157 138/175/155
f 143/184/163 149/185/164 147/186/165 142/176/157
f 143/184/163 142/176/157 144/183/162 207/187/166
f 146/188/167 326/189/168 145/177/158 142/176/157
f 147/186/165 148/190/169 146/188/167 142/176/157
f 147/186/165 150/191/170 153/192/171 148/190/169
f 149/185/164 152/193/172 150/191/170 147/186/165
f 151/194/173 155/195/174 153/192/171 150/191/170
f 190/196/175 151/194/173 150/191/170 152/193/172
f 153/192/171 154/197/176 157/198/177 156/199/178
f 154/197/176 153/192/171 155/195/174 171/200/179
f 153/192/171 156/199/178 158/201/180 148/190/169
f 156/199/178 157/198/177 159/202/181 158/201/180
f 146/188/167 148/190/169 158/201/180 134/164/148
f 134/164/148 158/201/180 159/202/181 160/203/182
f 160/203/182 159/202/181 161/204/183 162/205/184
f 159/202/181 157/198/177 154/197/176 161/204/183
f 163/206/185 164/207/186 162/205/184 161/204/183
f 166/208/187 163/206/185 161/204/183 154/197/176
f 165/209/188 305/210/189 164/207/186 163/206/185
f 167/211/190 165/209/188 163/206/185 166/208/187
f 169/212/191 167/211/190 166/208/187 168/213/192
f 166/208/187 154/197/176 171/200/179 168/213/192
f 178/214/193 169/212/191 168/213/192 170/215/194
f 170/215/194 168/213/192 171/200/179 172/216/195
f 172/216/195 171/200/179 155/195/174
f 174/217/196 172/216/195 173/218/197 175/219/198
f 151/194/173 173/218/197 172/216/195 155/195/174
f 170/215/194 172/216/195 174/217/196 176/220/199
f 177/221/200 178/214/193 170/215/194 176/220/199
f 180/222/201 178/214/193 177/221/200 179/223/202
f 180/224/201 179/225/202 181/226/203 182/157/142
f 182/157/142 181/226/203 183/227/204 127/155/140
f 127/228/140 183/229/204 184/230/205 185/231/206
f 185/231/206 184/230/205 186/232/207 187/233/208
f 189/234/209 187/233/208 186/232/207 188/235/210
f 175/219/198 173/218/197 189/234/209 188/235/210
f 193/236/211 191/237/212 189/234/209 190/196/175
f 190/196/175 189/234/209 173/218/197 151/194/173
f 189/234/209 191/237/212 192/238/213 187/233/208
f 191/237/212 194/239/214 196/240/215 192/238/213
f 193/236/211 197/241/216 194/239/214 191/237/212
f 197/241/216 198/242/217 195/243/218 194/239/214
f 194/239/214 195/243/218 243/137/125 196/240/215
f 199/244/219 201/245/220 198/242/217 197/241/216
f 193/236/211 202/246/221 199/244/219 197/241/216
f 200/247/222 199/244/219 202/246/221 203/248/223
f 199/249/219 200/250/222 240/151/136 122/147/132
f 201/251/220 199/249/219 122/147/132 119/146/131
f 152/193/172 149/185/164 203/248/223 202/246/221
f 202/246/221 193/236/211 190/196/175 152/193/172
f 205/252/224 200/247/222 203/248/223 204/253/225
f 204/253/225 203/248/223 149/185/164 143/184/163
f 205/252/224 204/253/225 206/254/226 209/255/227
f 204/253/225 143/184/163 207/187/166 206/254/226
f 206/254/226 207/187/166 238/256/228 208/257/229
f 211/258/230 209/255/227 206/254/226 208/257/229
f 210/180/160 140/179/159 205/259/224 209/260/227
f 214/261/231 210/180/160 209/260/227 211/262/230
f 212/263/232 216/264/233 214/261/231 211/262/230
f 213/265/234 239/266/235 212/267/232 211/258/230
f 211/258/230 208/257/229 213/265/234
f 210/180/160 214/261/231 215/268/236 141/181/161
f 216/264/233 217/269/237 215/268/236 214/261/231
f 218/270/238 219/271/239 217/269/237 216/264/233
f 220/272/240 218/270/238 216/264/233 212/263/232
f 221/273/241 223/274/242 219/271/239 218/270/238
f 224/275/243 221/273/241 218/270/238 220/272/240
f 224/276/243 225/277/244 222/278/245 221/279/241
f 221/279/241 222/278/245 232/280/246 223/281/242
f 224/276/243 220/282/240 226/283/247 225/277/244
f 225/277/244 226/283/247 228/284/248 222/278/245
f 226/283/247 227/285/249 229/286/250 228/284/248
f 220/282/240 212/267/232 227/285/249 226/283/247
f 228/284/248 229/286/250 231/287/251 230/288/252
f 222/278/245 228/284/248 230/288/252 232/280/246
f 231/287/251 217/289/237 219/290/239 230/288/252
f 219/290/239 223/281/242 232/280/246 230/288/252
f 233/291/253 217/289/237 231/287/251
f 233/291/253 231/287/251 229/286/250 234/292/254
f 235/293/255 233/291/253 234/292/254 237/294/256
f 215/295/236 217/289/237 233/291/253 235/293/255
f 238/256/228 236/296/257 235/293/255 237/294/256
f 235/293/255 236/296/257 215/295/236
f 234/292/254 239/266/235 213/265/234 237/294/256
f 208/257/229 238/256/228 237/294/256 213/265/234
f 207/187/166 144/183/162 236/296/257 238/256/228
f 144/183/162 141/182/161 215/295/236 236/296/257
f 229/286/250 227/285/249 239/266/235 234/292/254
f 227/285/249 212/267/232 239/266/235
f 240/151/136 200/250/222 205/259/224 140/179/159
f 201/245/220 95/111/104 241/297/258 198/242/217
f 95/115/104 201/251/220 119/146/131 97/116/107
f 241/297/258 242/131/120 195/243/218 198/242/217
f 92/112/105 241/297/258 95/111/104
f 242/131/120 241/297/258 92/112/105 109/113/106
f 195/243/218 242/131/120 110/132/121 243/137/125
f 114/136/124 244/142/128 196/240/215 243/137/125
f 244/142/128 245/298/259 192/238/213 196/240/215
f 117/143/129 125/299/137 245/298/259 244/142/128
f 125/299/137 127/228/140 185/231/206 245/298/259
f 245/298/259 185/231/206 187/233/208 192/238/213
f 246/300/260 180/224/201 182/157/142 128/156/141
f 169/212/191 178/214/193 180/222/201 246/301/260
f 169/212/191 246/301/260 247/302/261 167/211/190
f 247/303/261 246/300/260 128/156/141 248/159/144
f 247/302/261 249/304/262 165/209/188 167/211/190
f 249/305/262 247/303/261 248/159/144 251/306/263
f 250/307/264 249/305/262 251/306/263 252/308/265
f 249/304/262 250/309/264 305/210/189 165/209/188
f 252/308/265 251/306/263 248/159/144 254/310/266
f 252/308/265 253/311/267 304/312/268 250/307/264
f 254/310/266 255/313/269 253/311/267 252/308/265
f 254/314/266 162/205/184 291/315/270 255/316/269
f 256/317/271 257/318/272 162/205/184 254/314/266
f 133/161/146 258/168/151 256/319/271 254/310/266
f 254/310/266 248/159/144 129/158/143 133/161/146
f 257/318/272 256/317/271 259/320/273 263/321/274
f 260/322/275 259/323/273 256/319/271 258/168/151
f 275/324/276 262/325/277 259/323/273 260/322/275
f 259/320/273 261/326/278 263/321/274
f 262/327/277 289/328/279 261/326/278 259/320/273
f 263/321/274 261/326/278 265/329/280 264/330/281
f 257/318/272 263/321/274 264/330/281 267/331/282
f 264/330/281 265/329/280 270/332/283 266/333/284
f 266/333/284 268/165/149 267/331/282 264/330/281
f 267/331/282 268/165/149 134/164/148 160/203/182
f 257/318/272 267/331/282 160/203/182 162/205/184
f 266/333/284 269/334/285 132/166/150 268/165/149
f 269/334/285 266/333/284 270/332/283
f 269/334/285 270/332/283 271/335/286 274/336/287
f 265/329/280 272/337/288 271/335/286 270/332/283
f 271/335/286 272/337/288 285/338/289 273/339/290
f 274/336/287 271/335/286 273/339/290
f 274/340/287 275/324/276 260/322/275 269/341/285
f 277/342/291 275/324/276 274/340/287 276/343/292
f 274/336/287 273/339/290 278/344/293 276/345/292
f 280/346/294 277/342/291 276/343/292 279/347/295
f 278/344/293 281/348/296 279/349/295 276/345/292
f 282/350/297 280/351/294 279/349/295 281/348/296
f 284/352/298 282/350/297 281/348/296 278/344/293
f 283/353/299 290/354/300 280/351/294 282/350/297
f 286/355/301 283/353/299 282/350/297 284/352/298
f 285/338/289 288/356/302 286/355/301 284/352/298
f 273/339/290 285/338/289 284/352/298 278/344/293
f 290/354/300 283/353/299 286/355/301 287/357/303
f 287/357/303 286/355/301 288/356/302 262/327/277
f 262/327/277 288/356/302 289/328/279
f 272/337/288 289/328/279 288/356/302 285/338/289
f 261/326/278 289/328/279 272/337/288 265/329/280
f 287/358/303 262/325/277 275/324/276 277/342/291
f 290/359/300 287/358/303 277/342/291 280/346/294
f 260/322/275 258/168/151 132/167/150 269/341/285
f 255/313/269 292/360/304 294/361/305 253/311/267
f 291/315/270 296/362/306 292/363/304 255/316/269
f 292/363/304 295/364/307 310/365/308 293/366/309
f 292/360/304 293/367/309 324/368/310 294/361/305
f 292/363/304 296/362/306 295/364/307
f 299/369/311 297/370/312 296/362/306 291/315/270
f 296/362/306 297/370/312 298/371/313 295/364/307
f 297/370/312 300/372/314 302/373/315 298/371/313
f 303/374/316 300/372/314 297/370/312 299/369/311
f 304/375/268 301/376/317 300/372/314 303/374/316
f 300/372/314 301/376/317 302/373/315
f 250/309/264 304/375/268 303/374/316 305/210/189
f 164/207/186 305/210/189 303/374/316 299/369/311
f 294/361/305 301/377/317 304/312/268 253/311/267
f 302/373/315 301/376/317 307/378/318 306/379/319
f 298/371/313 302/373/315 306/379/319 309/380/320
f 306/379/319 307/378/318 308/381/321
f 309/380/320 306/379/319 308/381/321 311/382/322
f 295/364/307 298/371/313 309/380/320 310/365/308
f 310/365/308 309/380/320 311/382/322 312/383/323
f 312/383/323 311/382/322 313/384/324 314/385/325
f 311/382/322 308/381/321 316/386/326 313/384/324
f 314/385/325 313/384/324 315/387/327 325/388/328
f 316/386/326 318/389/329 315/387/327 313/384/324
f 308/381/321 307/378/318 317/390/330 316/386/326
f 316/386/326 317/390/330 319/391/331 318/389/329
f 318/389/329 319/391/331 320/392/332 315/387/327
f 319/393/331 317/394/330 322/395/333 320/396/332
f 315/387/327 320/392/332 321/397/334 325/388/328
f 320/396/332 322/395/333 323/398/335 321/399/334
f 322/395/333 324/368/310 293/367/309 323/398/335
f 317/394/330 307/400/318 324/368/310 322/395/333
f 324/368/310 307/400/318 301/377/317 294/361/305
f 323/401/335 314/385/325 325/388/328 321/397/334
f 293/366/309 312/383/323 314/385/325 323/401/335
f 293/366/309 310/365/308 312/383/323
f 162/205/184 164/207/186 299/369/311 291/315/270
f 134/164/148 328/170/153 326/189/168 146/188/167
f 145/177/158 326/189/168 327/402/336 356/403/337
f 326/189/168 328/170/153 329/404/338 327/402/336
f 331/405/339 329/404/338 328/170/153 135/169/152
f 327/402/336 329/404/338 330/406/340 355/407/341
f 331/405/339 330/406/340 329/404/338
f 332/408/342 352/409/343 330/406/340 331/405/339
f 331/410/339 333/411/344 335/412/345 332/413/342
f 137/171/154 333/411/344 331/410/339 135/172/152
f 139/174/156 334/414/346 333/411/344 137/171/154
f 333/411/344 334/414/346 336/415/347 335/412/345
f 335/412/345 336/415/347 338/416/348 337/417/349
f 332/413/342 335/412/345 337/417/349 340/418/350
f 337/417/349 338/416/348 357/419/351 339/420/352
f 340/418/350 337/417/349 339/420/352 342/421/353
f 341/422/354 351/423/355 332/408/342 340/424/350
f 342/425/353 343/426/356 341/422/354 340/424/350
f 343/426/356 342/425/353 339/427/352 344/428/357
f 341/422/354 343/426/356 344/428/357 346/429/358
f 344/428/357 339/427/352 357/430/351 345/431/359
f 347/432/360 346/429/358 344/428/357 345/431/359
f 350/433/361 348/434/362 346/429/358 347/432/360
f 348/434/362 351/423/355 341/422/354 346/429/358
f 349/435/363 352/409/343 351/423/355 348/434/362
f 353/436/364 349/435/363 348/434/362 350/433/361
f 332/408/342 351/423/355 352/409/343
f 355/407/341 330/406/340 352/409/343 349/435/363
f 353/436/364 350/433/361 336/437/347
f 336/437/347 350/433/361 347/432/360 338/438/348
f 354/439/365 355/407/341 349/435/363 353/436/364
f 334/440/346 354/439/365 353/436/364 336/437/347
f 356/403/337 327/402/336 355/407/341 354/439/365
f 334/440/346 356/403/337 354/439/365
f 139/178/156 145/177/158 356/403/337 334/440/346
f 338/438/348 347/432/360 345/431/359 357/430/351
o Boy01_Body_Geo.023
v 0.282069 1.924392 0.062078
v 0.282671 1.895544 0.100410
v 0.276365 1.941697 0.073493
v 0.258184 1.934276 0.040795
v 0.256884 1.952880 0.051466
v 0.236699 1.936594 0.031710
v 0.220285 1.934892 0.033263
v 0.236330 1.956069 0.042272
v 0.218760 1.955045 0.043374
v 0.231267 1.982649 0.057266
v 0.213645 1.981512 0.061090
v 0.217596 1.998042 0.053812
v 0.254007 1.983205 0.062529
v 0.274461 1.967273 0.085659
v 0.259888 2.003780 0.057479
v 0.236572 2.000582 0.051002
v 0.214056 2.016927 0.014479
v 0.191028 2.010714 0.020206
v 0.196014 2.041028 -0.029948
v 0.241183 2.030121 0.014024
v 0.270000 2.048986 0.012871
v 0.228288 2.056022 -0.027515
v 0.262752 2.077599 -0.020947
v 0.220026 2.092703 -0.066913
v 0.257825 2.113300 -0.053266
v 0.209484 2.148618 -0.091273
v 0.181426 2.079300 -0.070592
v 0.143340 2.067832 -0.063946
v 0.166112 2.137612 -0.096400
v 0.121794 2.125832 -0.088302
v 0.154306 2.208714 -0.098388
v 0.156006 2.277174 -0.077794
v 0.106339 2.200631 -0.089922
v 0.198867 2.213402 -0.096170
v 0.236071 2.218551 -0.082844
v 0.198434 2.269903 -0.083038
v 0.226736 2.258972 -0.079176
v 0.214589 2.309791 -0.049981
v 0.246114 2.277666 -0.056879
v 0.246282 2.331922 -0.002039
v 0.176363 2.329442 -0.034884
v 0.216022 2.355891 0.024039
v 0.133862 2.338861 -0.011775
v 0.189985 2.369680 0.072708
v 0.089751 2.335021 0.015481
v 0.108582 2.277714 -0.064131
v 0.062732 2.271970 -0.041196
v 0.060769 2.190682 -0.067717
v 0.026531 2.260789 -0.006184
v 0.000041 2.245002 0.032353
v 0.050621 2.321690 0.047013
v 0.024195 2.183687 -0.031910
v -0.000002 2.176884 0.010587
v 0.041102 2.109186 -0.031315
v 0.017338 2.106923 0.008667
v 0.078492 2.114977 -0.064734
v 0.072535 2.053226 -0.013941
v 0.111780 2.021008 0.013377
v 0.104942 2.059121 -0.043596
v 0.052039 2.052611 0.020784
v 0.095188 2.020231 0.041258
v 0.040336 2.055638 0.059988
v 0.036080 2.067559 0.103336
v 0.083799 2.026218 0.074526
v 0.006183 2.106681 0.052303
v -0.012486 2.169805 0.053091
v 0.006484 2.112156 0.097083
v -0.012723 2.167232 0.092860
v 0.015658 2.125502 0.141453
v -0.002667 2.175527 0.132734
v 0.025785 2.145266 0.175301
v 0.038240 2.084409 0.142186
v 0.044352 2.111906 0.176254
v 0.046208 2.111382 0.193353
v 0.052439 2.089611 0.172077
v 0.043666 2.126881 0.185668
v 0.049823 2.121212 0.197458
v 0.052033 2.136863 0.201508
v 0.057911 2.129596 0.206533
v 0.065982 2.138735 0.220425
v 0.037710 2.155478 0.197085
v 0.020021 2.191057 0.177842
v 0.056034 2.163590 0.221526
v 0.050642 2.203476 0.219907
v 0.082466 2.167529 0.248542
v 0.113809 2.170102 0.274851
v 0.088383 2.133564 0.244810
v 0.079627 2.204345 0.249070
v 0.086678 2.242264 0.250552
v 0.112900 2.202378 0.275411
v 0.120324 2.233341 0.276334
v 0.142664 2.198281 0.292643
v 0.170925 2.191009 0.302185
v 0.149902 2.220417 0.295227
v 0.142048 2.169739 0.291183
v 0.174744 2.167909 0.302578
v 0.145274 2.143647 0.290475
v 0.178911 2.144783 0.304780
v 0.151659 2.121095 0.291486
v 0.117837 2.140656 0.272641
v 0.124838 2.115310 0.272057
v 0.133125 2.090926 0.271899
v 0.101903 2.108941 0.250270
v 0.111016 2.085642 0.251688
v 0.084834 2.099893 0.232520
v 0.068582 2.096431 0.222388
v 0.091992 2.083739 0.231680
v 0.075568 2.116740 0.228018
v 0.063766 2.117473 0.219960
v 0.062382 2.129611 0.221377
v 0.064912 2.108249 0.221094
v 0.066506 2.131462 0.219691
v 0.061421 2.105839 0.211229
v 0.048071 2.105360 0.206316
v 0.058573 2.115674 0.211697
v 0.064799 2.095987 0.210993
v 0.071609 2.087175 0.212538
v 0.056093 2.092878 0.208046
v 0.064824 2.084327 0.210450
v 0.044476 2.086087 0.214538
v 0.058380 2.076384 0.217590
v 0.035300 2.076930 0.214316
v 0.033490 2.100026 0.214397
v 0.022019 2.094186 0.213111
v 0.033604 2.116886 0.214166
v 0.022684 2.117132 0.213212
v 0.042961 2.124182 0.216258
v 0.044441 2.117278 0.208757
v 0.045891 2.121568 0.212877
v 0.053200 2.121118 0.213855
v 0.055568 2.123305 0.219740
v 0.038654 2.130059 0.216425
v 0.039271 2.129173 0.207379
v 0.053993 2.131390 0.211846
v 0.025473 2.115616 0.202860
v 0.026151 2.093581 0.202586
v 0.051660 2.092082 0.193589
v 0.039341 2.077322 0.206247
v 0.057349 2.065701 0.209565
v 0.052573 2.065273 0.219062
v 0.078996 2.057553 0.213262
v 0.070181 2.073212 0.195843
v 0.085192 2.061404 0.200400
v 0.070652 2.066165 0.175296
v 0.089436 2.050285 0.183252
v 0.066745 2.056251 0.149791
v 0.073787 2.038620 0.112505
v 0.100094 2.031795 0.161001
v 0.109384 2.015959 0.123334
v 0.126744 2.009032 0.154645
v 0.116320 2.027568 0.186728
v 0.139152 2.004668 0.171918
v 0.126618 2.024949 0.209600
v 0.102887 2.043613 0.195777
v 0.095763 2.055028 0.203622
v 0.109492 2.044580 0.213091
v 0.096823 2.054965 0.214701
v 0.114916 2.047469 0.232476
v 0.100575 2.060074 0.228551
v 0.134493 2.024613 0.234333
v 0.124696 2.059703 0.255033
v 0.151597 2.032089 0.262826
v 0.148602 2.069124 0.276361
v 0.175041 2.045393 0.282558
v 0.172992 2.081711 0.294696
v 0.192163 2.091202 0.306196
v 0.159107 2.100732 0.291984
v 0.196121 2.064044 0.299725
v 0.209412 2.084640 0.310690
v 0.223928 2.047558 0.303056
v 0.205232 2.026249 0.286180
v 0.253673 2.035135 0.303753
v 0.232960 2.074267 0.313857
v 0.259612 2.065645 0.313907
v 0.236644 2.097068 0.317252
v 0.234683 2.121191 0.315610
v 0.261697 2.091666 0.315926
v 0.211134 2.103175 0.314087
v 0.185709 2.105587 0.306371
v 0.209313 2.123774 0.313664
v 0.180948 2.124611 0.306032
v 0.205216 2.144731 0.309308
v 0.198801 2.168250 0.304053
v 0.227709 2.144698 0.308849
v 0.250475 2.146526 0.304197
v 0.217729 2.169584 0.301661
v 0.237023 2.170936 0.296745
v 0.209733 2.192596 0.300566
v 0.227816 2.193555 0.295262
v 0.201066 2.219716 0.303007
v 0.192302 2.191155 0.303275
v 0.182697 2.213953 0.303545
v 0.169387 2.207693 0.302144
v 0.163871 2.237527 0.297067
v 0.137029 2.259120 0.278014
v 0.185791 2.247894 0.298671
v 0.212686 2.250664 0.297980
v 0.163518 2.274867 0.282349
v 0.197466 2.283649 0.284217
v 0.132192 2.297673 0.254857
v 0.093410 2.318922 0.205159
v 0.172424 2.316028 0.257055
v 0.105218 2.275563 0.251287
v 0.067587 2.287218 0.210009
v 0.052692 2.245514 0.216870
v 0.027942 2.286884 0.152158
v 0.016761 2.241442 0.166594
v -0.000635 2.265396 0.102015
v 0.054430 2.322559 0.138160
v 0.103089 2.351755 0.134076
v 0.019315 2.297048 0.076027
v 0.131554 2.341075 0.207294
v 0.141103 2.365684 0.097148
v 0.163867 2.355895 0.201147
v 0.199852 2.365795 0.180369
v 0.216338 2.323516 0.252995
v 0.246099 2.332355 0.236085
v 0.253652 2.283233 0.275140
v 0.230672 2.283555 0.281409
v 0.240614 2.248000 0.292681
v 0.241890 2.220611 0.291638
v 0.267287 2.238828 0.285360
v 0.257439 2.217982 0.286870
v 0.279146 2.207550 0.281733
v 0.290861 2.244665 0.273854
v 0.309982 2.247636 0.255208
v 0.298102 2.213975 0.275144
v 0.274922 2.286585 0.263531
v 0.292788 2.291306 0.247502
v 0.305287 2.298946 0.228714
v 0.272817 2.335167 0.213108
v 0.232252 2.370001 0.152851
v 0.291612 2.340614 0.172883
v 0.306483 2.333626 0.131768
v 0.251468 2.365810 0.122607
v 0.317717 2.308454 0.199294
v 0.328458 2.308890 0.165865
v 0.334628 2.275817 0.211862
v 0.322174 2.264823 0.235082
v 0.340146 2.245569 0.214530
v 0.344007 2.280531 0.186935
v 0.350978 2.250639 0.197136
v 0.351834 2.276299 0.164321
v 0.358886 2.263525 0.147637
v 0.358478 2.250212 0.179403
v 0.336584 2.300283 0.137083
v 0.317157 2.319280 0.101610
v 0.346916 2.280082 0.116309
v 0.330914 2.292643 0.078067
v 0.356567 2.252640 0.103327
v 0.341803 2.258426 0.063915
v 0.364597 2.244060 0.135908
v 0.364422 2.221798 0.097861
v 0.350329 2.222781 0.059370
v 0.369079 2.192481 0.095207
v 0.371082 2.216984 0.129433
v 0.376456 2.191335 0.127207
v 0.372283 2.208657 0.163070
v 0.379251 2.186109 0.163294
v 0.366385 2.202819 0.185701
v 0.366877 2.231429 0.163799
v 0.362832 2.247595 0.165529
v 0.361475 2.226051 0.183800
v 0.353419 2.222235 0.199091
v 0.342921 2.217298 0.213973
v 0.358204 2.198560 0.202455
v 0.368481 2.173735 0.209432
v 0.347594 2.193745 0.218658
v 0.335373 2.189562 0.234436
v 0.356953 2.168490 0.229000
v 0.368333 2.144739 0.234812
v 0.342943 2.166705 0.245744
v 0.330875 2.168872 0.261345
v 0.350766 2.141840 0.258206
v 0.342182 2.151599 0.269176
v 0.344365 2.122802 0.277554
v 0.366159 2.107815 0.253816
v 0.379047 2.115871 0.233052
v 0.352228 2.098729 0.272313
v 0.374151 2.079698 0.247182
v 0.376603 2.049013 0.233597
v 0.360091 2.068197 0.267180
v 0.384792 2.091468 0.225502
v 0.385514 2.062344 0.210642
v 0.390359 2.106735 0.202698
v 0.390299 2.081876 0.185562
v 0.386271 2.127932 0.211582
v 0.391688 2.122239 0.181962
v 0.390947 2.132206 0.165809
v 0.391109 2.104265 0.162020
v 0.389328 2.139933 0.188242
v 0.389177 2.147558 0.162676
v 0.383968 2.159801 0.190318
v 0.375587 2.179875 0.188988
v 0.385192 2.166741 0.161789
v 0.378893 2.150937 0.213765
v 0.381519 2.168509 0.129153
v 0.385210 2.147372 0.132305
v 0.373245 2.166551 0.096625
v 0.377161 2.141265 0.099554
v 0.361809 2.162553 0.066718
v 0.366634 2.138369 0.071164
v 0.353047 2.155219 0.043102
v 0.354241 2.188403 0.057056
v 0.337176 2.194676 0.028901
v 0.347167 2.172764 0.036207
v 0.341562 2.187199 0.024214
v 0.343100 2.175092 0.022688
v 0.346266 2.166286 0.022394
v 0.338294 2.187525 0.027747
v 0.329292 2.185575 0.014876
v 0.324492 2.193065 0.009090
v 0.325628 2.178102 0.002679
v 0.334848 2.189322 0.013499
v 0.335730 2.190324 -0.001986
v 0.343962 2.193034 0.000806
v 0.339322 2.180355 -0.018788
v 0.349228 2.184489 -0.017407
v 0.344766 2.159303 -0.022431
v 0.325575 2.169008 -0.003939
v 0.329332 2.149358 -0.002512
v 0.310315 2.166768 -0.011576
v 0.310048 2.142749 -0.009854
v 0.315138 2.182879 -0.006053
v 0.283324 2.180715 -0.047580
v 0.306038 2.203076 -0.022622
v 0.267397 2.231235 -0.057993
v 0.248966 2.162174 -0.074164
v 0.288274 2.135985 -0.034395
v 0.294299 2.103189 -0.010913
v 0.301192 2.073276 0.018980
v 0.313852 2.116333 0.003542
v 0.319802 2.097806 0.020561
v 0.330936 2.126997 0.011687
v 0.333804 2.112689 0.024824
v 0.349342 2.125936 0.003356
v 0.348468 2.113129 0.022950
v 0.359583 2.128604 0.002248
v 0.348551 2.141108 -0.012119
v 0.357248 2.143345 -0.013048
v 0.352281 2.149583 -0.002831
v 0.355485 2.162972 -0.022390
v 0.351681 2.165662 -0.010319
v 0.346921 2.181517 -0.007111
v 0.338509 2.165270 0.001201
v 0.338638 2.177963 0.000989
v 0.338911 2.163078 0.015258
v 0.341047 2.151656 0.006801
v 0.342941 2.141695 0.014035
v 0.340328 2.152822 0.016408
v 0.349523 2.154382 0.023980
v 0.342074 2.142965 0.021528
v 0.344868 2.137115 0.024449
v 0.349376 2.141050 0.030181
v 0.352063 2.129265 0.032288
v 0.354471 2.137882 0.046310
v 0.355385 2.112636 0.048600
v 0.356911 2.115575 0.025439
v 0.345174 2.106193 0.039309
v 0.358091 2.097628 0.060739
v 0.372574 2.110833 0.079976
v 0.382479 2.117368 0.111190
v 0.379096 2.079017 0.102160
v 0.386643 2.089041 0.133120
v 0.360079 2.071145 0.075017
v 0.374843 2.050044 0.124678
v 0.362293 2.028688 0.145923
v 0.386102 2.063557 0.158447
v 0.350217 2.040688 0.098657
v 0.337300 2.018089 0.119422
v 0.327442 2.037746 0.078486
v 0.313985 2.012625 0.095663
v 0.308144 2.039401 0.056491
v 0.339668 2.068894 0.059138
v 0.321070 2.069803 0.042128
v 0.342712 2.092685 0.048384
v 0.329068 2.090268 0.036042
v 0.335320 2.104442 0.034440
v 0.293285 2.008999 0.075448
v 0.295018 2.043624 0.039197
v 0.278179 2.024544 0.044293
v 0.278794 1.985694 0.086950
v 0.303164 1.994308 0.110315
v 0.288521 1.973117 0.127973
v 0.321717 1.999841 0.139285
v 0.344280 2.011185 0.170413
v 0.304225 1.984831 0.160609
v 0.325604 1.998248 0.194914
v 0.277566 1.969329 0.187148
v 0.301876 1.987410 0.217579
v 0.263078 1.957111 0.162738
v 0.243547 1.971962 0.198191
v 0.217956 1.978598 0.207615
v 0.271458 1.987097 0.232123
v 0.216383 1.958710 0.165219
v 0.211129 1.938922 0.140190
v 0.184153 1.966793 0.135815
v 0.194622 1.972226 0.175218
v 0.176176 1.984484 0.184336
v 0.166086 1.983051 0.155686
v 0.140913 1.996436 0.135233
v 0.163739 1.984578 0.107122
v 0.183937 1.969670 0.085415
v 0.124831 2.006241 0.092686
v 0.171831 1.987652 0.084429
v 0.137478 2.001172 0.067343
v 0.184799 1.991492 0.070746
v 0.198014 1.976225 0.068127
v 0.200040 1.995615 0.060468
v 0.152007 2.002695 0.046920
v 0.170209 2.007083 0.030965
v 0.135873 2.026440 -0.009344
v 0.165318 2.032051 -0.024433
v 0.203399 1.949806 0.050210
v 0.204962 1.930040 0.040229
v 0.191601 1.940462 0.067200
v 0.192426 1.921758 0.056937
v 0.189198 1.925116 0.094502
v 0.185623 1.906076 0.083963
v 0.207741 1.911074 0.121131
v 0.188174 1.950605 0.113842
v 0.247656 1.910320 0.126987
v 0.210648 1.881896 0.116278
v 0.249882 1.879401 0.118284
v 0.215787 1.858797 0.107101
v 0.237861 1.855253 0.106038
v 0.258102 1.857960 0.108341
v 0.277782 1.924397 0.104250
v 0.250861 1.937044 0.144684
v 0.276959 1.951639 0.118688
v 0.153144 2.001871 0.197245
v 0.191997 1.988183 0.217784
v 0.165100 2.002470 0.226920
v 0.210175 1.997310 0.253353
v 0.181254 2.010110 0.261396
v 0.236189 2.011554 0.284207
v 0.240555 1.989801 0.242331
v 0.267412 2.003509 0.277096
v 0.299384 2.001313 0.263539
v 0.282841 2.029380 0.299895
v 0.314202 2.025768 0.289256
v 0.286883 2.061579 0.308851
v 0.315037 2.058609 0.299104
v 0.286801 2.091441 0.309862
v 0.286215 2.128525 0.303794
v 0.311016 2.090193 0.301430
v 0.334279 2.092691 0.289558
v 0.310946 2.115909 0.301156
v 0.312278 2.131479 0.303528
v 0.330137 2.114347 0.291403
v 0.329186 2.131628 0.295106
v 0.341976 2.137604 0.282555
v 0.333661 2.143208 0.304827
v 0.336902 2.154603 0.312745
v 0.344941 2.148625 0.290301
v 0.315544 2.142562 0.311062
v 0.319909 2.154623 0.317348
v 0.302719 2.151883 0.305116
v 0.310198 2.160637 0.309608
v 0.296209 2.142117 0.301642
v 0.299187 2.161472 0.296015
v 0.287776 2.159981 0.291783
v 0.304534 2.171136 0.292362
v 0.306516 2.164985 0.301235
v 0.312161 2.170937 0.299377
v 0.320929 2.175369 0.296191
v 0.318387 2.169365 0.309113
v 0.328158 2.174281 0.306110
v 0.323308 2.164098 0.316274
v 0.335031 2.166192 0.313479
v 0.341652 2.167888 0.303329
v 0.335134 2.172820 0.297286
v 0.346177 2.160040 0.298799
v 0.340361 2.166858 0.288307
v 0.340814 2.159741 0.278212
v 0.332621 2.170369 0.282798
v 0.330959 2.168025 0.273577
v 0.327644 2.174130 0.288442
v 0.323432 2.175033 0.279016
v 0.319480 2.179658 0.270624
v 0.314956 2.176930 0.288189
v 0.309798 2.182309 0.282457
v 0.303805 2.193963 0.277375
v 0.296783 2.174976 0.286653
v 0.286768 2.187568 0.282180
v 0.271735 2.179260 0.285179
v 0.256239 2.173239 0.290322
v 0.262417 2.199693 0.284163
v 0.245807 2.196265 0.288843
v 0.270467 2.151755 0.296928
v 0.314990 2.193390 0.262249
v 0.324436 2.190130 0.247959
v 0.311501 2.214224 0.258883
v 0.320809 2.211737 0.242925
v 0.319876 2.230862 0.242776
v 0.330959 2.213830 0.228706
v 0.328169 2.238408 0.230706
v 0.341158 2.060394 0.285909
v 0.341683 2.026928 0.274186
v 0.362075 2.036214 0.255241
v 0.325920 2.003155 0.247270
v 0.347725 2.011614 0.229281
v 0.366109 2.023964 0.207370
v 0.379013 2.041015 0.183341
v 0.258772 2.122139 0.312186
v 0.388654 2.126197 0.142390
v 0.352307 2.128587 0.023762
v 0.353531 2.137268 0.009149
v 0.344671 2.136662 0.020774
v 0.337553 2.173220 0.014674
v 0.339674 2.180209 0.011540
v 0.340833 2.182407 0.004581
v 0.343778 2.182756 0.016199
v 0.344103 2.186301 0.003584
v 0.297825 2.248361 -0.018351
v 0.323937 2.259849 0.026899
v 0.275002 2.294711 -0.015783
v 0.319718 2.213650 -0.002077
v 0.334492 2.221030 0.024872
v 0.309291 2.298445 0.035653
v 0.287410 2.332562 0.054765
v 0.266794 2.354686 0.082711
v 0.221586 2.221113 0.298259
v -0.007740 2.225302 0.122399
v -0.015446 2.225784 0.068008
v -0.017405 2.208614 0.093239
v 0.078107 2.058067 0.222344
v 0.082163 2.073591 0.222897
v 0.077877 2.085047 0.221920
v 0.074458 2.071277 0.219993
v 0.075018 2.081452 0.215024
v 0.071831 2.080382 0.213460
vn 0.9418 0.2435 -0.2317
vn 0.9113 -0.0599 0.4073
vn 0.7489 -0.0861 0.6571
vn 0.9371 0.3154 -0.1496
vn 0.6254 0.3948 -0.6731
vn 0.6051 0.4658 -0.6457
vn 0.1781 0.4713 -0.8638
vn 0.1557 0.4574 -0.8755
vn -0.2977 0.4187 -0.8579
vn -0.3037 0.4339 -0.8482
vn -0.3462 0.0611 -0.9362
vn 0.0540 0.0944 -0.9941
vn 0.6035 0.0078 -0.7973
vn -0.1536 -0.7744 -0.6138
vn 0.0127 -0.7355 -0.6774
vn 0.2390 -0.6754 -0.6976
vn 0.4456 -0.6006 -0.6638
vn 0.6895 -0.5038 -0.5204
vn 0.9197 -0.0302 -0.3916
vn 0.0523 -0.9072 -0.4174
vn 0.2434 -0.8209 -0.5167
vn 0.3918 -0.7121 -0.5826
vn -0.0061 -0.8145 -0.5801
vn 0.2244 -0.7395 -0.6347
vn 0.4157 -0.6494 -0.6368
vn 0.4948 -0.6166 -0.6123
vn 0.4570 -0.6514 -0.6057
vn 0.5462 -0.5475 -0.6340
vn 0.3698 -0.4576 -0.8086
vn 0.5569 -0.3616 -0.7477
vn 0.1287 -0.5189 -0.8451
vn 0.2737 -0.1749 -0.9458
vn 0.5199 -0.1201 -0.8457
vn 0.0040 -0.2009 -0.9796
vn -0.1367 -0.5791 -0.8037
vn -0.2658 -0.2499 -0.9311
vn -0.3466 0.1121 -0.9313
vn -0.1052 0.1238 -0.9867
vn 0.1552 0.0869 -0.9841
vn -0.1436 0.4896 -0.8600
vn 0.0965 0.4306 -0.8974
vn -0.3537 0.5111 -0.7833
vn 0.4688 0.0775 -0.8799
vn 0.4031 0.3221 -0.8566
vn 0.2502 0.6961 -0.6730
vn 0.5502 0.4602 -0.6968
vn -0.0302 0.8145 -0.5793
vn 0.6379 0.5232 -0.5651
vn 0.4281 0.7634 -0.4837
vn 0.1561 0.9253 -0.3457
vn -0.0344 0.9868 -0.1583
vn -0.2254 0.8629 -0.4523
vn -0.2375 0.9699 -0.0530
vn -0.4099 0.8494 -0.3323
vn -0.5685 0.4876 -0.6626
vn -0.5846 0.0654 -0.8087
vn -0.7494 0.4295 -0.5039
vn -0.5784 0.7901 -0.2031
vn -0.7803 0.0226 -0.6250
vn -0.9061 -0.0414 -0.4211
vn -0.8765 0.3385 -0.3424
vn -0.7399 0.6681 -0.0781
vn -0.8451 -0.3761 -0.3799
vn -0.7073 -0.3410 -0.6193
vn -0.5063 -0.3058 -0.8063
vn -0.6738 -0.6845 -0.2783
vn -0.5408 -0.6625 -0.5183
vn -0.3599 -0.6255 -0.6923
vn -0.3107 -0.8775 -0.3653
vn -0.4491 -0.8794 -0.1583
vn -0.1720 -0.8522 -0.4941
vn -0.5325 -0.8458 0.0321
vn -0.7286 -0.6842 -0.0329
vn -0.9013 -0.4173 -0.1159
vn -0.7541 -0.6321 0.1782
vn -0.8976 -0.4125 0.1554
vn -0.5976 -0.7830 0.1726
vn -0.9712 -0.1455 -0.1885
vn -0.9666 -0.2186 0.1339
vn -0.8678 -0.3399 0.3624
vn -0.9144 -0.1367 0.3810
vn -0.7718 -0.5389 0.3373
vn -0.8385 -0.2532 0.4825
vn -0.8546 -0.0221 0.5188
vn -0.7829 -0.3513 0.5135
vn -0.8235 -0.3850 0.4167
vn -0.7906 -0.5018 0.3508
vn -0.8010 -0.0246 -0.5982
vn -0.8325 0.4695 -0.2941
vn -0.7327 -0.5107 -0.4499
vn -0.8383 0.4677 0.2803
vn -0.7348 -0.3153 0.6006
vn -0.7811 -0.1759 0.5991
vn -0.7362 0.0019 0.6768
vn -0.7208 -0.2481 0.6472
vn -0.7445 -0.1417 0.6524
vn -0.7697 0.0246 0.6379
vn -0.6688 0.0253 0.7430
vn -0.6731 -0.1215 0.7295
vn -0.6694 -0.1943 0.7170
vn -0.5867 -0.0902 0.8047
vn -0.5758 0.0281 0.8171
vn -0.5984 -0.1590 0.7853
vn -0.6342 0.2230 0.7403
vn -0.7548 0.2367 0.6118
vn -0.5330 0.1863 0.8254
vn -0.4431 0.0067 0.8964
vn -0.4146 0.1361 0.8998
vn -0.4382 -0.0540 0.8973
vn -0.2486 0.0079 0.9686
vn -0.2327 -0.0221 0.9723
vn -0.2297 0.0336 0.9727
vn -0.4649 -0.0831 0.8815
vn -0.2924 0.0344 0.9557
vn -0.4947 -0.1225 0.8604
vn -0.3504 -0.0226 0.9363
vn -0.5996 -0.1854 0.7786
vn -0.6508 -0.2107 0.7295
vn -0.5840 -0.2219 0.7808
vn -0.5009 -0.1873 0.8450
vn -0.6528 -0.2597 0.7116
vn -0.6325 -0.2851 0.7202
vn -0.6229 -0.2255 0.7491
vn -0.6518 -0.1352 0.7462
vn -0.6956 -0.1227 0.7079
vn -0.6554 -0.2874 0.6985
vn -0.5916 -0.3416 0.7302
vn -0.6002 -0.2216 0.7686
vn -0.2637 0.5459 0.7952
vn -0.3630 -0.3244 0.8735
vn -0.0506 0.9824 -0.1798
vn -0.5105 -0.3486 0.7860
vn -0.6064 -0.2026 0.7689
vn -0.6313 -0.2711 0.7266
vn 0.1698 0.0589 0.9837
vn 0.0999 0.2647 0.9591
vn 0.2171 -0.2273 0.9493
vn 0.0246 0.4123 0.9107
vn -0.6889 -0.3879 0.6124
vn -0.0157 0.3106 0.9504
vn 0.0815 0.2234 0.9713
vn 0.1154 0.0701 0.9908
vn -0.4178 -0.5746 0.7037
vn -0.5991 -0.5286 0.6014
vn -0.8407 -0.2386 0.4862
vn 0.1170 -0.0796 0.9899
vn -0.8584 0.3478 0.3770
vn -0.0934 -0.3096 0.9463
vn -0.4157 0.8001 0.4325
vn 0.0245 -0.7377 0.6747
vn -0.3068 -0.7338 0.6061
vn -0.3467 0.8028 -0.4851
vn -0.6322 0.2384 -0.7373
vn -0.6247 -0.2311 -0.7459
vn -0.4538 -0.6289 -0.6313
vn -0.6252 -0.7510 -0.2124
vn -0.3586 -0.7591 -0.5432
vn -0.2709 -0.6588 0.7019
vn -0.2541 -0.9419 -0.2198
vn -0.5537 -0.8326 -0.0131
vn -0.6471 -0.6988 0.3048
vn -0.7010 -0.6455 0.3034
vn -0.6117 -0.7552 0.2357
vn -0.6584 -0.6960 0.2865
vn -0.5500 -0.8277 0.1116
vn -0.5480 -0.8346 0.0556
vn -0.5831 -0.7919 0.1816
vn -0.5652 -0.7988 0.2062
vn -0.6209 -0.7433 0.2490
vn -0.6559 -0.7001 0.2823
vn -0.5270 -0.8202 0.2228
vn -0.6247 -0.7468 0.2283
vn -0.6910 -0.6715 0.2676
vn -0.5740 -0.8001 0.1745
vn -0.4499 -0.8692 0.2054
vn -0.6833 -0.5792 0.4446
vn -0.6266 -0.4661 0.6246
vn -0.6031 -0.6961 0.3895
vn -0.6279 -0.3686 0.6854
vn -0.5233 -0.5561 0.6457
vn -0.4232 -0.4061 0.8099
vn -0.5242 -0.2871 0.8017
vn -0.3567 -0.3292 0.8743
vn -0.4536 -0.2627 0.8516
vn -0.2682 -0.2272 0.9362
vn -0.3694 -0.2137 0.9044
vn -0.3736 -0.1157 0.9203
vn -0.2342 -0.3949 0.8884
vn -0.1472 -0.2329 0.9613
vn -0.2941 -0.5702 0.7671
vn -0.1367 -0.7377 0.6612
vn -0.0559 -0.4745 0.8785
vn 0.0366 -0.2185 0.9752
vn 0.1514 0.0274 0.9881
vn -0.0241 -0.0184 0.9995
vn -0.1942 -0.0537 0.9795
vn 0.0428 0.1784 0.9830
vn -0.1478 0.0937 0.9846
vn 0.1857 0.2310 0.9551
vn -0.0774 0.1837 0.9799
vn 0.0943 0.3034 0.9482
vn -0.0072 0.1266 0.9919
vn 0.1545 0.2273 0.9615
vn 0.1892 0.3718 0.9088
vn 0.2367 0.2903 0.9272
vn 0.2838 0.0614 0.9569
vn 0.1894 0.0374 0.9812
vn 0.0283 0.0113 0.9995
vn 0.2258 0.0262 0.9738
vn 0.0849 0.0725 0.9937
vn -0.0704 0.0771 0.9945
vn -0.2953 0.2551 0.9207
vn -0.1127 0.3010 0.9469
vn -0.4378 0.3415 0.8317
vn -0.2686 0.4629 0.8447
vn 0.0898 0.2841 0.9546
vn -0.0512 0.5262 0.8488
vn -0.2015 0.6964 0.6888
vn -0.4086 0.5855 0.7001
vn -0.5526 0.4257 0.7165
vn -0.5251 0.7117 0.4666
vn -0.6730 0.4913 0.5529
vn -0.3655 0.7961 0.4823
vn -0.7750 0.5152 0.3659
vn -0.8478 0.2167 0.4841
vn -0.6109 0.7671 0.1960
vn -0.8775 0.4635 0.1234
vn -0.9255 0.1558 0.3454
vn -0.3990 0.9116 0.0992
vn -0.9663 0.2113 -0.1468
vn -0.1525 0.9204 0.3601
vn -0.0287 0.9697 0.2426
vn 0.0364 0.7662 0.6416
vn 0.2113 0.8163 0.5376
vn 0.4133 0.5305 0.7401
vn 0.3016 0.4877 0.8193
vn 0.1423 0.4963 0.8564
vn 0.2471 0.2378 0.9393
vn 0.3365 0.1972 0.9208
vn 0.2770 -0.0218 0.9606
vn 0.2465 -0.0515 0.9678
vn 0.2138 0.0420 0.9760
vn 0.2659 0.0638 0.9619
vn 0.5500 0.1478 0.8220
vn 0.5182 0.2683 0.8121
vn 0.5305 0.5349 0.6577
vn 0.6909 0.2703 0.6705
vn 0.7853 0.1710 0.5951
vn 0.3720 0.8354 0.4046
vn 0.6096 0.5927 0.5264
vn 0.7236 0.3361 0.6028
vn 0.1290 0.9784 0.1613
vn 0.5048 0.8421 0.1900
vn 0.3376 0.9412 -0.0143
vn 0.6522 0.6713 0.3520
vn 0.7301 0.6689 0.1394
vn 0.6064 0.7950 -0.0168
vn 0.3934 0.9012 -0.1820
vn 0.7720 0.4248 0.4728
vn 0.8208 0.4936 0.2877
vn 0.8037 0.0869 0.5886
vn 0.8182 0.1484 0.5555
vn 0.8660 0.2336 0.4421
vn 0.8633 0.4941 0.1025
vn 0.9117 0.2797 0.3009
vn 0.8010 0.5971 -0.0432
vn 0.8651 0.4747 -0.1620
vn 0.9115 0.4096 -0.0367
vn 0.9507 0.2771 0.1390
vn 0.7071 0.6856 -0.1731
vn 0.8074 0.5204 -0.2779
vn 0.8731 0.3435 -0.3460
vn 0.9126 0.3351 -0.2341
vn 0.9516 0.2944 -0.0885
vn 0.9362 0.2240 -0.2708
vn 0.9013 0.2033 -0.3824
vn 0.9671 0.2359 -0.0952
vn 0.9083 0.1312 -0.3972
vn 0.9403 0.1584 -0.3014
vn 0.9684 0.2126 -0.1307
vn 0.9595 0.2570 0.1154
vn 0.9536 0.2915 0.0758
vn 0.9662 0.2252 0.1257
vn 0.8773 0.3090 0.3673
vn 0.8719 0.3795 0.3095
vn 0.9045 0.1921 0.3808
vn 0.8328 0.1701 0.5268
vn 0.7743 0.3552 0.5238
vn 0.7760 0.1629 0.6093
vn 0.7015 0.3862 0.5989
vn 0.7596 0.4407 0.4783
vn 0.6770 0.4724 0.5643
vn 0.7685 0.1653 0.6181
vn 0.6980 0.4068 0.5893
vn 0.6876 0.4986 0.5278
vn 0.7582 0.3493 0.5506
vn 0.8403 0.3429 0.4198
vn 0.7775 0.3292 0.5358
vn 0.8994 0.3707 0.2317
vn 0.7650 0.5453 0.3427
vn 0.7710 0.3892 0.5041
vn 0.9066 -0.0895 0.4124
vn 0.7764 0.1229 0.6182
vn 0.7404 0.1092 0.6632
vn 0.7968 0.1692 0.5800
vn 0.8535 0.1758 0.4905
vn 0.8682 -0.0320 0.4952
vn 0.9447 -0.0216 0.3272
vn 0.7730 -0.0683 0.6307
vn 0.9539 -0.2580 0.1533
vn 0.8804 -0.3661 0.3014
vn 0.7647 -0.4711 0.4396
vn 0.9896 -0.1419 0.0234
vn 0.9871 0.0017 0.1600
vn 0.9281 0.1781 0.3271
vn 0.9955 -0.0502 -0.0807
vn 0.9986 0.0341 0.0416
vn 0.9698 0.1864 0.1575
vn 0.9959 0.0679 -0.0598
vn 0.9856 0.1647 -0.0396
vn 0.9857 0.0341 -0.1648
vn 0.9684 0.2494 0.0050
vn 0.9211 0.3142 0.2297
vn 0.9685 0.1793 -0.1730
vn 0.9736 0.1168 -0.1963
vn 0.9415 0.1325 -0.3098
vn 0.9488 0.0944 -0.3016
vn 0.9160 0.0637 -0.3960
vn 0.9185 0.1131 -0.3788
vn 0.9245 0.0361 -0.3794
vn 0.9322 0.0953 -0.3492
vn 0.9140 0.1877 -0.3596
vn 0.8740 0.0809 -0.4791
vn 0.8574 0.1888 -0.4788
vn 0.8387 0.3267 -0.4356
vn 0.6612 0.7367 0.1421
vn 0.9423 0.0965 -0.3207
vn 0.9953 -0.0441 -0.0858
vn 0.8885 0.2041 -0.4109
vn 0.9120 0.0360 -0.4085
vn 0.8534 0.0123 -0.5210
vn 0.3812 0.7192 -0.5809
vn -0.4126 0.9077 0.0759
vn 0.7976 -0.0253 -0.6026
vn -0.1473 0.6108 -0.7779
vn -0.5563 0.7595 -0.3371
vn 0.3060 0.9489 -0.0771
vn 0.5078 0.6297 -0.5879
vn -0.5514 0.2551 -0.7943
vn -0.3033 0.0782 -0.9497
vn 0.7595 0.0915 -0.6440
vn -0.4358 -0.1922 -0.8793
vn -0.0575 -0.3714 -0.9267
vn 0.6911 -0.1962 -0.6956
vn 0.7300 -0.0646 -0.6804
vn 0.6814 -0.0203 -0.7317
vn 0.6831 -0.2388 -0.6902
vn 0.7595 0.0764 -0.6460
vn 0.6579 0.1876 -0.7293
vn 0.7357 0.3059 -0.6043
vn 0.6594 -0.3647 -0.6574
vn 0.6447 -0.4275 -0.6337
vn 0.5995 -0.5118 -0.6154
vn 0.6590 -0.4293 -0.6176
vn 0.1924 -0.5823 -0.7898
vn 0.3754 -0.6410 -0.6694
vn 0.1262 -0.8633 -0.4886
vn -0.1877 -0.7238 -0.6640
vn -0.2749 -0.5921 -0.7575
vn 0.9001 -0.4172 -0.1253
vn 0.9231 -0.2980 -0.2431
vn 0.8708 -0.2255 -0.4368
vn 0.8060 0.3729 0.4597
vn 0.7924 0.4772 0.3800
vn 0.8549 0.2229 0.4686
vn 0.8937 0.0808 0.4413
vn 0.8662 -0.0934 0.4909
vn 0.8351 0.1964 0.5139
vn 0.7782 0.4048 0.4802
vn 0.9656 -0.0442 -0.2564
vn 0.9393 0.1163 -0.3227
vn 0.9263 0.0502 -0.3734
vn 0.7168 0.5550 0.4221
vn 0.8700 -0.0664 -0.4886
vn 0.9367 -0.0263 -0.3492
vn 0.6747 0.6788 0.2898
vn 0.8536 0.3360 -0.3980
vn 0.9747 0.1931 -0.1124
vn 0.8836 -0.1544 -0.4420
vn 0.9137 -0.0506 -0.4032
vn 0.8774 0.4272 0.2182
vn 0.5549 -0.6618 -0.5041
vn 0.7659 -0.2803 -0.5787
vn 0.6305 -0.3989 -0.6658
vn 0.9676 0.0206 -0.2518
vn 0.9768 -0.1173 -0.1789
vn 0.8942 -0.2685 -0.3584
vn 0.7151 -0.4371 -0.5455
vn 0.9430 -0.3150 -0.1070
vn 0.8179 -0.5005 -0.2838
vn 0.6377 -0.6241 -0.4515
vn 0.7015 -0.6861 -0.1928
vn 0.6020 -0.7303 -0.3228
vn 0.8430 -0.5364 -0.0402
vn 0.5799 -0.6837 -0.4430
vn 0.5690 -0.6235 -0.5361
vn 0.5891 -0.5136 -0.6239
vn 0.5299 -0.6530 -0.5411
vn 0.5717 -0.5909 -0.5691
vn 0.6095 -0.5031 -0.6128
vn 0.6412 -0.4325 -0.6339
vn 0.5448 -0.5692 -0.6158
vn 0.5561 -0.5739 -0.6011
vn 0.6222 -0.7149 -0.3190
vn 0.7192 -0.6886 -0.0930
vn 0.6011 -0.7800 -0.1741
vn 0.5655 -0.8246 -0.0150
vn 0.5971 -0.7967 -0.0930
vn 0.5155 -0.8567 0.0148
vn 0.3077 -0.9218 0.2360
vn 0.3264 -0.9226 0.2054
vn 0.3393 -0.8834 0.3232
vn 0.0879 -0.9321 0.3515
vn -0.0123 -0.9205 0.3906
vn -0.2477 -0.8530 0.4593
vn -0.1641 -0.9144 0.3701
vn -0.3526 -0.8835 0.3084
vn -0.0533 -0.9195 0.3894
vn -0.4621 -0.5624 0.6857
vn 0.3466 -0.6090 0.7134
vn -0.6482 -0.7407 0.1766
vn -0.8857 -0.4125 0.2128
vn -0.5315 -0.8347 0.1444
vn -0.2976 -0.8972 0.3262
vn -0.4389 -0.8628 0.2509
vn -0.5729 -0.8173 -0.0610
vn -0.4570 -0.8894 -0.0054
vn -0.8915 -0.3410 -0.2983
vn -0.4409 -0.8183 -0.3687
vn -0.3174 -0.9379 -0.1402
vn -0.1455 -0.9446 -0.2942
vn -0.2987 -0.7844 -0.5436
vn -0.6534 -0.0298 -0.7565
vn -0.0460 -0.9310 -0.3620
vn -0.9536 0.0604 -0.2951
vn -0.6864 0.2785 -0.6718
vn -0.7029 0.2845 -0.6519
vn -0.9481 0.1611 -0.2742
vn -0.9564 -0.0439 0.2887
vn -0.9593 -0.1433 0.2434
vn -0.3320 -0.3234 0.8861
vn -0.5451 -0.3341 0.7689
vn 0.2813 -0.3442 0.8957
vn 0.2299 -0.3394 0.9121
vn -0.0540 -0.4058 0.9124
vn 0.0930 -0.3682 0.9251
vn 0.3597 -0.2755 0.8915
vn 0.9202 -0.3355 0.2016
vn -0.4518 -0.8292 0.3292
vn -0.2010 -0.8641 0.4615
vn -0.3687 -0.7383 0.5647
vn 0.0404 -0.8338 0.5507
vn 0.1987 -0.8665 0.4579
vn 0.1519 -0.5319 0.8331
vn 0.3310 -0.5693 0.7526
vn 0.3839 -0.1695 0.9077
vn 0.2294 -0.1864 0.9553
vn 0.3654 0.0159 0.9307
vn 0.2568 0.0463 0.9653
vn 0.1728 0.2027 0.9639
vn 0.3036 0.0217 0.9526
vn 0.5776 -0.0174 0.8161
vn 0.5707 0.0301 0.8206
vn 0.5921 -0.1299 0.7953
vn 0.1321 -0.2493 0.9594
vn -0.1545 0.1534 0.9760
vn 0.5868 -0.3579 0.7264
vn 0.5470 -0.5778 0.6058
vn 0.9529 -0.2578 0.1599
vn -0.0681 -0.4683 0.8809
vn 0.5883 -0.3381 0.7345
vn -0.0941 -0.2321 0.9681
vn 0.9773 -0.0113 0.2114
vn -0.6132 0.2336 0.7546
vn -0.5568 0.0484 0.8293
vn -0.6362 0.5262 0.5643
vn -0.5158 0.4177 0.7480
vn -0.0596 0.3753 0.9250
vn -0.3324 0.6569 0.6767
vn -0.0458 0.4248 0.9041
vn -0.4373 0.7818 0.4445
vn -0.3606 0.7021 0.6140
vn -0.0686 0.9796 0.1890
vn 0.0816 0.9197 0.3841
vn 0.0899 0.9144 0.3947
vn -0.0752 0.3643 0.9282
vn 0.4672 0.4123 0.7821
vn 0.7755 0.5398 0.3275
vn 0.4819 0.8760 0.0188
vn 0.8115 0.5274 -0.2517
vn 0.9127 0.3515 -0.2085
vn 0.7271 0.6741 -0.1298
vn 0.5655 0.7741 -0.2844
vn 0.3283 0.9397 -0.0961
vn 0.5432 0.8375 0.0583
vn 0.7285 0.5845 0.3573
vn 0.3575 0.6294 0.6900
vn 0.1229 0.2217 0.9673
vn 0.4997 0.3258 0.8026
vn 0.7906 0.3594 0.4958
vn 0.1284 0.2566 0.9580
vn 0.2234 0.3089 0.9245
vn 0.1456 0.3867 0.9106
vn 0.2935 0.0673 0.9536
vn 0.8194 0.1668 0.5484
vn 0.8273 0.0683 0.5576
vn 0.5586 -0.5623 0.6097
vn 0.4038 -0.8623 0.3056
vn 0.5933 -0.7910 0.1495
vn 0.7171 -0.6955 0.0462
vn 0.8085 -0.5760 0.1211
vn 0.8431 -0.4967 -0.2060
vn 0.9779 -0.0884 0.1896
vn 0.8286 0.1562 -0.5376
vn 0.8071 0.3498 -0.4756
vn 0.7219 0.5413 -0.4311
vn 0.5755 0.7488 -0.3288
vn -0.9912 0.0345 0.1281
vn -0.4445 -0.0995 0.8903
vn -0.1755 0.2102 0.9618
vn -0.7085 0.0140 0.7056
vn -0.1170 0.5158 0.8487
vt 0.279500 0.652860
vt 0.266600 0.638010
vt 0.275700 0.616730
vt 0.293610 0.642300
vt 0.285760 0.668960
vt 0.302160 0.662580
vt 0.306630 0.674870
vt 0.289340 0.679840
vt 0.308310 0.683540
vt 0.291540 0.688650
vt 0.579440 0.677090
vt 0.580420 0.674450
vt 0.588590 0.675630
vt 0.587680 0.678880
vt 0.577550 0.680280
vt 0.585810 0.683140
vt 0.596580 0.674750
vt 0.596620 0.678690
vt 0.596030 0.682650
vt 0.594150 0.687530
vt 0.583300 0.692000
vt 0.578030 0.688110
vt 0.572910 0.684300
vt 0.608860 0.677910
vt 0.608230 0.682670
vt 0.607790 0.688060
vt 0.622180 0.678110
vt 0.620630 0.683510
vt 0.619050 0.689220
vt 0.608470 0.694430
vt 0.598660 0.694180
vt 0.618060 0.695610
vt 0.629470 0.691330
vt 0.627580 0.697630
vt 0.631830 0.685790
vt 0.639540 0.694590
vt 0.636410 0.700090
vt 0.642670 0.689240
vt 0.633890 0.680030
vt 0.645890 0.683350
vt 0.657830 0.688650
vt 0.653020 0.694050
vt 0.648860 0.698630
vt 0.660990 0.700470
vt 0.655340 0.703280
vt 0.667670 0.696740
vt 0.645720 0.702820
vt 0.651350 0.705050
vt 0.658740 0.709080
vt 0.651720 0.709180
vt 0.665770 0.708340
vt 0.651220 0.715680
vt 0.659480 0.716560
vt 0.666930 0.717860
vt 0.675750 0.721470
vt 0.673760 0.707010
vt 0.685840 0.720000
vt 0.682920 0.704820
vt 0.675470 0.692330
vt 0.663580 0.682390
vt 0.430400 0.705380
vt 0.437970 0.692880
vt 0.445720 0.697280
vt 0.439580 0.707570
vt 0.449920 0.682920
vt 0.455610 0.689150
vt 0.460420 0.694540
vt 0.452410 0.701000
vt 0.447580 0.708900
vt 0.470780 0.689670
vt 0.467570 0.683790
vt 0.463820 0.676470
vt 0.481620 0.686180
vt 0.479570 0.680410
vt 0.477330 0.673170
vt 0.491250 0.678420
vt 0.492770 0.683820
vt 0.490400 0.672320
vt 0.494370 0.689520
vt 0.483990 0.691690
vt 0.473910 0.695010
vt 0.485880 0.697950
vt 0.477040 0.700510
vt 0.495410 0.695870
vt 0.464580 0.699100
vt 0.467680 0.703290
vt 0.478150 0.706430
vt 0.470130 0.708300
vt 0.486320 0.704200
vt 0.478740 0.712290
vt 0.470310 0.715380
vt 0.483500 0.712960
vt 0.486040 0.710980
vt 0.489590 0.708590
vt 0.486920 0.712900
vt 0.486340 0.714280
vt 0.490560 0.711810
vt 0.485630 0.716840
vt 0.483460 0.716450
vt 0.479110 0.716250
vt 0.486740 0.719210
vt 0.486050 0.719900
vt 0.480290 0.720960
vt 0.472460 0.723430
vt 0.475040 0.729580
vt 0.483400 0.727210
vt 0.490550 0.724040
vt 0.431920 0.895630
vt 0.435010 0.919360
vt 0.425600 0.932340
vt 0.423060 0.904270
vt 0.495120 0.731020
vt 0.488970 0.734340
vt 0.466810 0.732310
vt 0.464640 0.725080
vt 0.443230 0.940750
vt 0.434530 0.958540
vt 0.445420 0.908900
vt 0.452060 0.921860
vt 0.441580 0.887020
vt 0.457890 0.876330
vt 0.458200 0.894180
vt 0.459590 0.906450
vt 0.440400 0.867630
vt 0.456770 0.857900
vt 0.431270 0.873200
vt 0.441530 0.848640
vt 0.453780 0.843270
vt 0.432400 0.853140
vt 0.497020 0.723080
vt 0.500980 0.728630
vt 0.433710 0.832170
vt 0.442490 0.832110
vt 0.502810 0.721070
vt 0.506810 0.725720
vt 0.498440 0.717060
vt 0.495420 0.718440
vt 0.491090 0.719270
vt 0.440020 0.658210
vt 0.431900 0.659980
vt 0.432080 0.657250
vt 0.438170 0.651520
vt 0.432250 0.654680
vt 0.436870 0.647550
vt 0.433400 0.664600
vt 0.441920 0.672570
vt 0.431600 0.668560
vt 0.487560 0.718760
vt 0.486840 0.717040
vt 0.428780 0.664100
vt 0.426910 0.660830
vt 0.428270 0.658620
vt 0.423250 0.664120
vt 0.423480 0.662240
vt 0.424640 0.666680
vt 0.423700 0.660470
vt 0.429550 0.656550
vt 0.421290 0.660880
vt 0.420650 0.663250
vt 0.419970 0.665750
vt 0.416870 0.660900
vt 0.416840 0.664860
vt 0.416820 0.669060
vt 0.421920 0.669180
vt 0.420410 0.673700
vt 0.426510 0.671490
vt 0.427280 0.676400
vt 0.426670 0.668100
vt 0.428800 0.667340
vt 0.424900 0.681110
vt 0.417270 0.678980
vt 0.435210 0.680870
vt 0.490090 0.716280
vt 0.492380 0.713500
vt 0.412840 0.670710
vt 0.666170 0.784290
vt 0.666650 0.773830
vt 0.685050 0.780200
vt 0.679980 0.787530
vt 0.412590 0.665200
vt 0.683860 0.774930
vt 0.666310 0.768120
vt 0.682740 0.769960
vt 0.412360 0.660010
vt 0.421240 0.650130
vt 0.416550 0.645330
vt 0.675530 0.757250
vt 0.666140 0.758860
vt 0.501470 0.707000
vt 0.500190 0.710890
vt 0.496130 0.711020
vt 0.496070 0.707070
vt 0.504120 0.702420
vt 0.494300 0.703110
vt 0.504900 0.694630
vt 0.514680 0.694310
vt 0.511680 0.698940
vt 0.516150 0.701660
vt 0.509100 0.706170
vt 0.505530 0.708310
vt 0.521050 0.706090
vt 0.512780 0.709770
vt 0.507030 0.711600
vt 0.502850 0.710760
vt 0.503480 0.712610
vt 0.508170 0.714760
vt 0.504910 0.714690
vt 0.515100 0.713540
vt 0.509590 0.719890
vt 0.518450 0.718670
vt 0.521730 0.723430
vt 0.512990 0.724420
vt 0.447080 0.786140
vt 0.455380 0.793770
vt 0.446120 0.813790
vt 0.437530 0.812570
vt 0.462780 0.805710
vt 0.456060 0.814050
vt 0.453340 0.827580
vt 0.468870 0.774810
vt 0.474520 0.792700
vt 0.461490 0.764720
vt 0.481100 0.748150
vt 0.487050 0.760330
vt 0.490870 0.781850
vt 0.495890 0.798180
vt 0.480050 0.807780
vt 0.465710 0.818480
vt 0.483560 0.826350
vt 0.468690 0.834820
vt 0.499890 0.822300
vt 0.470570 0.851420
vt 0.484830 0.846100
vt 0.472010 0.871220
vt 0.485180 0.868340
vt 0.502320 0.842010
vt 0.499460 0.865630
vt 0.497460 0.883080
vt 0.483450 0.886450
vt 0.471490 0.889570
vt 0.496040 0.905380
vt 0.480850 0.908740
vt 0.468030 0.908460
vt 0.462110 0.931170
vt 0.476570 0.933570
vt 0.456420 0.956430
vt 0.473570 0.960780
vt 0.494050 0.928900
vt 0.495110 0.959280
vt 0.496650 0.990790
vt 0.467550 0.986910
vt 0.450890 0.978820
vt 0.449220 0.728950
vt 0.456290 0.726860
vt 0.459180 0.735500
vt 0.453670 0.738990
vt 0.445730 0.743970
vt 0.442860 0.733110
vt 0.453830 0.717130
vt 0.462140 0.716240
vt 0.446340 0.718430
vt 0.454610 0.709600
vt 0.461650 0.709690
vt 0.437460 0.722060
vt 0.458080 0.703780
vt 0.436750 0.735480
vt 0.427330 0.720610
vt 0.428190 0.737110
vt 0.438130 0.747710
vt 0.431320 0.749860
vt 0.554040 0.944710
vt 0.554040 0.987250
vt 0.527090 0.989210
vt 0.534870 0.945910
vt 0.517340 0.950350
vt 0.514290 0.920920
vt 0.532990 0.909200
vt 0.511480 0.901140
vt 0.523410 0.895500
vt 0.525150 0.881360
vt 0.537820 0.883260
vt 0.554040 0.884880
vt 0.554040 0.908500
vt 0.573220 0.945910
vt 0.575100 0.909200
vt 0.570260 0.883260
vt 0.581000 0.989210
vt 0.590740 0.950350
vt 0.593790 0.920920
vt 0.684860 0.736440
vt 0.681600 0.749140
vt 0.674870 0.747010
vt 0.676320 0.734830
vt 0.667320 0.743320
vt 0.670280 0.732470
vt 0.611430 0.990790
vt 0.612970 0.959280
vt 0.634510 0.960780
vt 0.640540 0.986910
vt 0.659450 0.738320
vt 0.664020 0.728330
vt 0.614040 0.928900
vt 0.631510 0.933570
vt 0.596600 0.901140
vt 0.612050 0.905380
vt 0.627230 0.908740
vt 0.645980 0.931170
vt 0.640060 0.908460
vt 0.651670 0.956430
vt 0.664850 0.940750
vt 0.656030 0.921860
vt 0.648490 0.906450
vt 0.657190 0.978820
vt 0.673550 0.958540
vt 0.682480 0.932340
vt 0.673080 0.919360
vt 0.662660 0.908900
vt 0.676170 0.895630
vt 0.685020 0.904270
vt 0.666500 0.887020
vt 0.622810 0.723660
vt 0.630000 0.726900
vt 0.624540 0.733990
vt 0.618310 0.730800
vt 0.676810 0.873200
vt 0.667680 0.867630
vt 0.650190 0.876330
vt 0.651310 0.857900
vt 0.649890 0.894180
vt 0.636070 0.871220
vt 0.637520 0.851420
vt 0.636590 0.889570
vt 0.624630 0.886450
vt 0.622900 0.868340
vt 0.610620 0.883080
vt 0.608620 0.865630
vt 0.623250 0.846100
vt 0.605760 0.842010
vt 0.596050 0.882650
vt 0.592660 0.862300
vt 0.589880 0.842540
vt 0.608190 0.822300
vt 0.624520 0.826350
vt 0.584920 0.822630
vt 0.577230 0.828500
vt 0.574980 0.844820
vt 0.580430 0.864370
vt 0.568850 0.817110
vt 0.570450 0.807030
vt 0.575120 0.790380
vt 0.593580 0.794070
vt 0.612200 0.798180
vt 0.598100 0.774880
vt 0.617220 0.781850
vt 0.577090 0.768440
vt 0.621030 0.760330
vt 0.602570 0.753270
vt 0.579010 0.746830
vt 0.639210 0.774810
vt 0.633560 0.792700
vt 0.628030 0.807780
vt 0.652700 0.793770
vt 0.645300 0.805710
vt 0.642370 0.818480
vt 0.652030 0.814050
vt 0.654740 0.827580
vt 0.661960 0.813790
vt 0.654300 0.843270
vt 0.639390 0.834820
vt 0.666550 0.848640
vt 0.665590 0.832110
vt 0.675690 0.853140
vt 0.674370 0.832170
vt 0.612410 0.728470
vt 0.606460 0.725660
vt 0.610450 0.721030
vt 0.616230 0.722900
vt 0.614790 0.716800
vt 0.617690 0.718230
vt 0.621940 0.719000
vt 0.627330 0.719410
vt 0.633120 0.720530
vt 0.626510 0.718710
vt 0.625600 0.718310
vt 0.450410 0.664710
vt 0.448690 0.649370
vt 0.457190 0.654290
vt 0.460060 0.657920
vt 0.457540 0.649120
vt 0.448880 0.641970
vt 0.456650 0.646340
vt 0.630000 0.715980
vt 0.627710 0.716340
vt 0.626390 0.716530
vt 0.629960 0.712470
vt 0.627110 0.713790
vt 0.623270 0.715480
vt 0.466540 0.664920
vt 0.470200 0.669180
vt 0.459490 0.671580
vt 0.472950 0.660360
vt 0.477550 0.665020
vt 0.626590 0.712390
vt 0.621270 0.712690
vt 0.475470 0.654640
vt 0.480010 0.655330
vt 0.438240 0.786090
vt 0.424100 0.784960
vt 0.421500 0.776440
vt 0.440970 0.775970
vt 0.623060 0.711480
vt 0.623980 0.708270
vt 0.627500 0.710530
vt 0.635330 0.705950
vt 0.627150 0.703840
vt 0.634590 0.711830
vt 0.643290 0.707770
vt 0.643020 0.714850
vt 0.617460 0.706880
vt 0.619170 0.702850
vt 0.609280 0.702270
vt 0.611980 0.706860
vt 0.617480 0.710840
vt 0.613310 0.710790
vt 0.437560 0.757480
vt 0.446010 0.761870
vt 0.443030 0.770640
vt 0.426820 0.767390
vt 0.424240 0.771780
vt 0.466040 0.636200
vt 0.469660 0.630030
vt 0.477760 0.644130
vt 0.473330 0.646220
vt 0.478850 0.649560
vt 0.474370 0.650300
vt 0.470020 0.649610
vt 0.468750 0.647330
vt 0.471370 0.652030
vt 0.470220 0.656070
vt 0.466770 0.654180
vt 0.467560 0.651190
vt 0.466830 0.649290
vt 0.461830 0.652580
vt 0.462920 0.648720
vt 0.460950 0.646790
vt 0.466150 0.647520
vt 0.459090 0.644970
vt 0.455820 0.643730
vt 0.462480 0.642170
vt 0.459770 0.641300
vt 0.457050 0.638550
vt 0.449220 0.637540
vt 0.450740 0.628970
vt 0.603670 0.719840
vt 0.608370 0.714660
vt 0.463790 0.641440
vt 0.458540 0.622550
vt 0.605130 0.714710
vt 0.606280 0.711530
vt 0.609820 0.712550
vt 0.600200 0.724470
vt 0.591450 0.723490
vt 0.594790 0.718680
vt 0.598180 0.713520
vt 0.583520 0.723050
vt 0.586970 0.717380
vt 0.589240 0.711020
vt 0.580310 0.715820
vt 0.582230 0.709260
vt 0.576290 0.722490
vt 0.585880 0.702610
vt 0.592210 0.706020
vt 0.600530 0.709720
vt 0.590080 0.696640
vt 0.597150 0.701550
vt 0.604240 0.706070
vt 0.607830 0.708210
vt 0.610520 0.710690
vt 0.448520 0.753170
vt 0.448640 0.756920
vt 0.601650 0.698810
vt 0.579730 0.700460
vt 0.572330 0.698340
vt 0.574860 0.707430
vt 0.567480 0.706410
vt 0.572350 0.714690
vt 0.564760 0.714740
vt 0.556570 0.707460
vt 0.556520 0.714830
vt 0.556590 0.700510
vt 0.548290 0.714720
vt 0.545680 0.706410
vt 0.540900 0.698370
vt 0.538300 0.707440
vt 0.533490 0.700490
vt 0.540740 0.714670
vt 0.544540 0.693100
vt 0.556620 0.695200
vt 0.529990 0.692070
vt 0.535280 0.688180
vt 0.523220 0.696730
vt 0.530950 0.709280
vt 0.527360 0.702670
vt 0.519200 0.687660
vt 0.505580 0.688280
vt 0.527540 0.683240
vt 0.517340 0.682810
vt 0.505170 0.682890
vt 0.504570 0.678130
vt 0.516760 0.678860
vt 0.525690 0.679000
vt 0.524790 0.675760
vt 0.516810 0.674910
vt 0.504590 0.673290
vt 0.608810 0.673050
vt 0.623040 0.671990
vt 0.636140 0.672760
vt 0.535800 0.680360
vt 0.533930 0.677190
vt 0.532960 0.674550
vt 0.187150 0.675690
vt 0.191430 0.663350
vt 0.207920 0.669490
vt 0.204500 0.680420
vt 0.202410 0.689260
vt 0.185580 0.684370
vt 0.199720 0.642940
vt 0.213970 0.653310
vt 0.540420 0.684360
vt 0.217270 0.617120
vt 0.226660 0.638280
vt 0.547820 0.687710
vt 0.556640 0.689370
vt 0.246460 0.612800
vt 0.246600 0.633340
vt 0.234960 0.598350
vt 0.246330 0.594300
vt 0.257760 0.598190
vt 0.565470 0.687680
vt 0.568730 0.693070
vt 0.523980 0.711040
vt 0.532810 0.715800
vt 0.526190 0.717350
vt 0.529580 0.722980
vt 0.536730 0.722400
vt 0.543310 0.722130
vt 0.550180 0.721760
vt 0.505510 0.753270
vt 0.503500 0.738340
vt 0.529550 0.733040
vt 0.529080 0.746830
vt 0.531000 0.768440
vt 0.509980 0.774880
vt 0.532960 0.790380
vt 0.514500 0.794070
vt 0.523160 0.822630
vt 0.537630 0.807030
vt 0.554040 0.802650
vt 0.554040 0.789210
vt 0.554040 0.765810
vt 0.539230 0.817110
vt 0.530850 0.828500
vt 0.554040 0.814600
vt 0.554040 0.820700
vt 0.568790 0.823230
vt 0.539290 0.823230
vt 0.554040 0.827200
vt 0.540840 0.830740
vt 0.567250 0.830740
vt 0.538850 0.838110
vt 0.535340 0.834790
vt 0.541310 0.843600
vt 0.537970 0.843280
vt 0.533100 0.844820
vt 0.544370 0.849400
vt 0.542590 0.854830
vt 0.546210 0.846800
vt 0.546050 0.843260
vt 0.554040 0.848220
vt 0.554040 0.851660
vt 0.554040 0.844590
vt 0.544120 0.837210
vt 0.554040 0.835530
vt 0.563960 0.837210
vt 0.562030 0.843260
vt 0.569240 0.838110
vt 0.572740 0.834790
vt 0.570110 0.843280
vt 0.566770 0.843600
vt 0.561880 0.846800
vt 0.563710 0.849400
vt 0.565490 0.854830
vt 0.554040 0.857350
vt 0.539600 0.867090
vt 0.554040 0.868110
vt 0.568480 0.867090
vt 0.527650 0.864370
vt 0.515430 0.862300
vt 0.518200 0.842540
vt 0.512030 0.882650
vt 0.582930 0.881360
vt 0.584670 0.895500
vt 0.554040 0.743630
vt 0.554040 0.730730
vt 0.578540 0.733040
vt 0.562750 0.721790
vt 0.556460 0.721370
vt 0.604580 0.738340
vt 0.569660 0.722200
vt 0.626980 0.748150
vt 0.646590 0.764720
vt 0.661000 0.786140
vt 0.670550 0.812570
vt 0.465040 0.656170
vt 0.462640 0.655940
vt 0.466070 0.659640
vt 0.634170 0.715800
vt 0.640830 0.722890
vt 0.648610 0.724540
vt 0.638260 0.728980
vt 0.656970 0.726280
vt 0.646430 0.731760
vt 0.654060 0.734860
vt 0.462050 0.705530
vt 0.424990 0.636000
vt 0.433550 0.640090
vt 0.429960 0.650250
vt 0.424470 0.654390
vt 0.428100 0.653360
vt 0.425830 0.654770
vt 0.665150 0.753350
vt 0.666410 0.749810
vt 0.649680 0.675990
s 1
usemtl Boy01_Body_MAT1.001
f 360/441/366 785/442/367 359/443/368 358/444/369
f 362/445/370 360/441/366 358/444/369 361/446/371
f 363/447/372 365/448/373 362/445/370 361/446/371
f 363/447/372 364/449/374 366/450/375 365/448/373
f 365/451/373 366/452/375 368/453/376 367/454/377
f 362/455/370 365/451/373 367/454/377 370/456/378
f 368/453/376 766/457/379 369/458/380 367/454/377
f 370/456/378 367/454/377 369/458/380 373/459/381
f 372/460/382 739/461/383 371/462/384 370/456/378
f 370/456/378 371/462/384 360/463/366 362/455/370
f 370/456/378 373/459/381 372/460/382
f 373/459/381 369/458/380 375/464/385 374/465/386
f 372/460/382 373/459/381 374/465/386 377/466/387
f 374/465/386 375/464/385 770/467/388 376/468/389
f 377/466/387 374/465/386 376/468/389 379/469/390
f 378/470/391 738/471/392 372/460/382 377/466/387
f 378/470/391 377/466/387 379/469/390 380/472/393
f 380/472/393 379/469/390 381/473/394 382/474/395
f 376/468/389 384/475/396 381/473/394 379/469/390
f 383/476/397 685/477/398 382/474/395 381/473/394
f 381/473/394 384/475/396 386/478/399 383/476/397
f 384/475/396 385/479/400 387/480/401 386/478/399
f 385/479/400 384/475/396 376/468/389 770/467/388
f 386/478/399 387/480/401 390/481/402 388/482/403
f 383/476/397 386/478/399 388/482/403 391/483/404
f 388/482/403 389/484/405 393/485/406 391/483/404
f 403/486/407 389/484/405 388/482/403 390/481/402
f 392/487/408 391/483/404 393/485/406 394/488/409
f 391/483/404 392/487/408 685/477/398 383/476/397
f 393/485/406 395/489/410 396/490/411 394/488/409
f 389/484/405 398/491/412 395/489/410 393/485/406
f 874/492/413 396/490/411 395/489/410 397/493/414
f 398/491/412 399/494/415 397/493/414 395/489/410
f 401/495/416 399/494/415 398/491/412 400/496/417
f 403/486/407 400/496/417 398/491/412 389/484/405
f 570/497/418 401/495/416 400/496/417 402/498/419
f 402/498/419 400/496/417 403/486/407 404/499/420
f 405/500/421 404/499/420 403/486/407 390/481/402
f 402/501/419 404/502/420 406/503/422 408/504/423
f 405/505/421 409/506/424 406/503/422 404/502/420
f 406/503/422 409/506/424 410/507/425 407/508/426
f 406/503/422 407/508/426 568/509/427 408/504/423
f 412/510/428 410/507/425 409/506/424 411/511/429
f 405/505/421 413/512/430 411/511/429 409/506/424
f 417/513/431 412/510/428 411/511/429 414/514/432
f 413/512/430 416/515/433 414/514/432 411/511/429
f 414/514/432 415/516/434 418/517/435 417/513/431
f 416/515/433 769/518/436 415/516/434 414/514/432
f 418/517/435 421/519/437 419/520/438 417/513/431
f 419/520/438 422/521/439 412/510/428 417/513/431
f 422/521/439 419/520/438 420/522/440 424/523/441
f 504/524/442 420/522/440 419/520/438 421/519/437
f 422/521/439 423/525/443 410/507/425 412/510/428
f 423/525/443 422/521/439 424/523/441 425/526/444
f 425/526/444 424/523/441 426/527/445 427/528/446
f 424/523/441 420/522/440 429/529/447 426/527/445
f 427/528/446 426/527/445 428/530/448 439/531/449
f 433/532/450 428/530/448 426/527/445 430/533/451
f 426/527/445 429/529/447 432/534/452 430/533/451
f 430/533/451 431/535/453 434/536/454 433/532/450
f 494/537/455 431/535/453 430/533/451 432/534/452
f 433/532/450 434/536/454 436/538/456 435/539/457
f 428/530/448 433/532/450 435/539/457 438/540/458
f 435/539/457 436/538/456 469/541/459 437/542/460
f 438/540/458 435/539/457 437/542/460 440/543/461
f 439/531/449 428/530/448 438/540/458
f 440/543/461 441/544/462 439/531/449 438/540/458
f 445/545/463 441/544/462 440/543/461 442/546/464
f 437/542/460 444/547/465 442/546/464 440/543/461
f 443/548/466 447/549/467 445/550/463 442/551/464
f 444/547/465 457/552/468 443/553/466 442/546/464
f 446/554/469 562/555/470 441/544/462 445/545/463
f 445/550/463 447/549/467 448/556/471 446/557/469
f 447/549/467 449/558/472 451/559/473 448/556/471
f 452/560/474 449/558/472 447/549/467 443/548/466
f 453/561/475 450/562/476 449/558/472 452/560/474
f 449/558/472 450/562/476 550/563/477 451/559/473
f 454/564/478 455/565/479 453/561/475 452/560/474
f 457/566/468 454/564/478 452/560/474 443/548/466
f 456/567/480 538/568/481 455/565/479 454/564/478
f 458/569/482 456/567/480 454/564/478 457/566/468
f 444/547/465 460/570/483 458/571/482 457/552/468
f 456/567/480 458/569/482 459/572/484 524/573/485
f 458/571/482 460/570/483 461/574/486 459/575/484
f 464/576/487 461/574/486 460/570/483 462/577/488
f 462/577/488 460/570/483 444/547/465 465/578/489
f 465/579/489 468/580/490 463/581/491 462/582/488
f 462/582/488 463/581/491 886/583/492 464/584/487
f 465/579/489 466/585/493 468/580/490
f 467/586/494 488/587/495 466/585/493 465/579/489
f 469/541/459 467/588/494 465/578/489
f 444/547/465 437/542/460 469/541/459 465/578/489
f 436/538/456 491/589/496 467/588/494 469/541/459
f 466/585/493 472/590/497 470/591/498 468/580/490
f 470/591/498 473/592/499 463/581/491 468/580/490
f 473/592/499 470/591/498 471/593/500 475/594/501
f 471/593/500 470/591/498 472/590/497 485/595/502
f 476/596/503 474/597/504 473/592/499 475/594/501
f 473/592/499 474/597/504 886/583/492 463/581/491
f 478/598/505 476/596/503 475/594/501 477/599/506
f 475/594/501 471/593/500 480/600/507 477/599/506
f 497/601/508 478/598/505 477/599/506 479/602/509
f 477/599/506 480/600/507 481/603/510 479/602/509
f 481/603/510 480/600/507 482/604/511 483/605/512
f 480/600/507 471/593/500 485/595/502 482/604/511
f 483/605/512 482/604/511 484/606/513 489/607/514
f 482/604/511 485/595/502 486/608/515 484/606/513
f 472/590/497 487/609/516 486/608/515 485/595/502
f 484/606/513 486/608/515 487/609/516 488/587/495
f 488/587/495 487/609/516 472/590/497 466/585/493
f 489/607/514 484/606/513 488/587/495 467/586/494
f 490/610/517 492/611/518 483/605/512 489/607/514
f 467/586/494 491/612/496 490/610/517 489/607/514
f 436/538/456 434/536/454 490/613/517 491/589/496
f 431/535/453 492/614/518 490/613/517 434/536/454
f 492/611/518 493/615/519 481/603/510 483/605/512
f 431/616/453 494/617/455 493/618/519 492/619/518
f 493/615/519 495/620/520 479/602/509 481/603/510
f 494/617/455 495/621/520 493/618/519
f 494/617/455 499/622/521 496/623/522 495/621/520
f 495/620/520 496/624/522 497/601/508 479/602/509
f 884/625/523 497/601/508 496/624/522 498/626/524
f 498/627/524 496/623/522 499/622/521 500/628/525
f 502/629/526 500/630/525 499/631/521 501/632/527
f 499/631/521 494/537/455 432/534/452 501/632/527
f 505/633/528 502/629/526 501/632/527 503/634/529
f 501/632/527 432/534/452 429/529/447 503/634/529
f 503/634/529 504/524/442 506/635/530 505/633/528
f 429/529/447 420/522/440 504/524/442 503/634/529
f 505/633/528 506/635/530 758/636/531 507/637/532
f 507/637/532 509/638/533 508/639/534 505/633/528
f 508/639/534 511/640/535 502/629/526 505/633/528
f 788/641/536 510/642/537 508/639/534 509/638/533
f 510/642/537 513/643/538 511/640/535 508/639/534
f 511/640/535 512/644/539 500/630/525 502/629/526
f 513/643/538 514/645/540 512/644/539 511/640/535
f 515/646/541 516/647/542 514/645/540 513/643/538
f 517/648/543 515/646/541 513/643/538 510/642/537
f 518/649/544 516/647/542 515/646/541
f 515/646/541 517/648/543 519/650/545 518/649/544
f 518/649/544 519/650/545 521/651/546 520/652/547
f 461/574/486 518/649/544 520/652/547 459/575/484
f 518/649/544 461/574/486 464/576/487 516/647/542
f 521/653/546 525/654/548 522/655/549 520/656/547
f 520/656/547 522/655/549 524/573/485 459/572/484
f 522/655/549 525/654/548 526/657/550 523/658/551
f 522/655/549 523/658/551 536/659/552 524/573/485
f 525/654/548 527/660/553 530/661/554 526/657/550
f 525/654/548 521/653/546 528/662/555 527/660/553
f 527/660/553 528/662/555 793/663/556 529/664/557
f 527/660/553 529/664/557 531/665/558 530/661/554
f 534/666/559 532/667/560 530/661/554 531/665/558
f 526/657/550 530/661/554 532/667/560 535/668/561
f 535/668/561 532/667/560 533/669/562 537/670/563
f 534/666/559 862/671/564 533/669/562 532/667/560
f 523/658/551 526/657/550 535/668/561 536/659/552
f 535/668/561 537/670/563 538/568/481 536/659/552
f 539/672/565 455/565/479 538/568/481 537/670/563
f 541/673/566 539/672/565 537/670/563 533/669/562
f 455/565/479 539/672/565 540/674/567 453/561/475
f 543/675/568 540/674/567 539/672/565 541/673/566
f 542/676/569 544/677/570 543/675/568 541/673/566
f 862/671/564 542/676/569 541/673/566 533/669/562
f 544/677/570 546/678/571 545/679/572 543/675/568
f 545/679/572 548/680/573 540/674/567 543/675/568
f 545/679/572 546/678/571 880/681/574 547/682/575
f 548/680/573 545/679/572 547/682/575 549/683/576
f 540/674/567 548/680/573 450/562/476 453/561/475
f 450/562/476 548/680/573 549/683/576 550/563/477
f 451/559/473 550/563/477 549/683/576 551/684/577
f 551/684/577 549/683/576 547/682/575 553/685/578
f 448/556/471 451/559/473 551/684/577 552/686/579
f 552/686/579 551/684/577 553/685/578 555/687/580
f 553/685/578 547/682/575 880/681/574 554/688/581
f 555/687/580 553/685/578 554/688/581 556/689/582
f 556/689/582 559/690/583 557/691/584 555/687/580
f 557/691/584 560/692/585 552/686/579 555/687/580
f 558/693/586 561/694/587 560/695/585 557/696/584
f 559/697/583 569/698/588 558/693/586 557/696/584
f 446/557/469 448/556/471 552/686/579 560/692/585
f 560/695/585 561/694/587 562/555/470 446/554/469
f 562/555/470 561/694/587 563/699/589 564/700/590
f 563/699/589 561/694/587 558/693/586 566/701/591
f 564/700/590 563/699/589 565/702/592 881/703/593
f 568/509/427 565/702/592 563/699/589 566/701/591
f 566/701/591 558/693/586 569/698/588 567/704/594
f 567/704/594 408/504/423 568/509/427 566/701/591
f 407/508/426 882/705/595 565/702/592 568/509/427
f 567/704/594 569/698/588 571/706/596
f 570/707/418 402/501/419 408/504/423 567/704/594
f 572/708/597 570/707/418 567/704/594 571/706/596
f 572/708/597 571/706/596 573/709/598 574/710/599
f 571/706/596 569/698/588 559/697/583 573/709/598
f 585/711/600 574/712/599 573/713/598 575/714/601
f 559/690/583 556/689/582 576/715/602 573/713/598
f 576/715/602 575/714/601 573/713/598
f 556/689/582 554/688/581 577/716/603 576/715/602
f 576/715/602 577/716/603 579/717/604 575/714/601
f 577/716/603 578/718/605 580/719/606 579/717/604
f 554/688/581 880/681/574 578/718/605 577/716/603
f 579/717/604 580/719/606 845/720/607 581/721/608
f 581/721/608 584/722/609 582/723/610 579/717/604
f 575/714/601 579/717/604 582/723/610 585/711/600
f 586/724/611 585/711/600 582/723/610 583/725/612
f 850/726/613 583/725/612 582/723/610 584/722/609
f 585/711/600 586/724/611 588/727/614 574/712/599
f 587/728/615 586/724/611 583/725/612 596/729/616
f 587/728/615 588/727/614 586/724/611
f 572/730/597 574/731/599 588/732/614 589/733/617
f 589/733/617 588/732/614 590/734/618 592/735/619
f 590/736/618 588/727/614 587/728/615 593/737/620
f 593/737/620 594/738/621 591/739/622 590/736/618
f 590/734/618 591/740/622 879/741/623 592/735/619
f 594/738/621 593/737/620 595/742/624 598/743/625
f 593/737/620 587/728/615 596/729/616 595/742/624
f 595/742/624 596/729/616 854/744/626 597/745/627
f 598/743/625 595/742/624 597/745/627 599/746/628
f 600/747/629 598/743/625 599/746/628 602/748/630
f 603/749/631 594/738/621 598/743/625 600/747/629
f 605/750/632 603/749/631 600/747/629 601/751/633
f 601/751/633 600/747/629 602/748/630 619/752/634
f 591/739/622 594/738/621 603/749/631 604/753/635
f 606/754/636 604/753/635 603/749/631 605/750/632
f 608/755/637 606/754/636 605/750/632 607/756/638
f 607/756/638 605/750/632 601/751/633 609/757/639
f 610/758/640 611/759/641 608/755/637 607/756/638
f 613/760/642 610/758/640 607/756/638 609/757/639
f 661/761/643 611/762/641 610/763/640 612/764/644
f 612/765/644 610/758/640 613/760/642 614/766/645
f 614/766/645 613/760/642 615/767/646 616/768/647
f 615/767/646 613/760/642 609/757/639 618/769/648
f 616/768/647 615/767/646 617/770/649 651/771/650
f 617/770/649 615/767/646 618/769/648 620/772/651
f 618/769/648 619/752/634 602/748/630 620/772/651
f 609/757/639 601/751/633 619/752/634 618/769/648
f 620/772/651 602/748/630 599/746/628 621/773/652
f 621/773/652 623/774/653 617/770/649 620/772/651
f 621/773/652 599/746/628 597/745/627 622/775/654
f 625/776/655 623/774/653 621/773/652 622/775/654
f 623/774/653 624/777/656 651/771/650 617/770/649
f 627/778/657 624/777/656 623/774/653 625/776/655
f 622/775/654 853/779/658 626/780/659 625/776/655
f 625/776/655 626/780/659 629/781/660 627/778/657
f 628/782/661 653/783/662 624/777/656 627/778/657
f 627/778/657 629/781/660 631/784/663 628/782/661
f 632/785/664 631/784/663 629/781/660 630/786/665
f 626/780/659 849/787/666 630/786/665 629/781/660
f 631/784/663 632/785/664 809/788/667 633/789/668
f 631/784/663 633/789/668 636/790/669 634/791/670
f 628/782/661 631/784/663 634/791/670 635/792/671
f 637/793/672 640/794/673 635/792/671 634/791/670
f 639/795/674 637/793/672 634/791/670 636/790/669
f 641/796/675 640/794/673 637/793/672 638/797/676
f 638/797/676 637/793/672 639/795/674 857/798/677
f 643/799/678 642/800/679 640/794/673 641/796/675
f 635/792/671 640/794/673 642/800/679 644/801/680
f 647/802/681 645/803/682 642/800/679 643/799/678
f 645/803/682 648/804/683 644/801/680 642/800/679
f 646/805/684 649/806/685 648/804/683 645/803/682
f 863/807/686 646/805/684 645/803/682 647/802/681
f 648/804/683 649/806/685 652/808/687 650/809/688
f 648/804/683 650/809/688 653/783/662 644/801/680
f 624/777/656 653/783/662 650/809/688 651/771/650
f 651/771/650 650/809/688 652/808/687 616/768/647
f 635/792/671 644/801/680 653/783/662 628/782/661
f 654/810/689 614/766/645 616/768/647 652/808/687
f 649/806/685 655/811/690 654/810/689 652/808/687
f 656/812/691 612/765/644 614/766/645 654/810/689
f 654/810/689 655/811/690 657/813/692 656/812/691
f 656/814/691 657/815/692 659/816/693 658/817/694
f 661/761/643 612/764/644 656/814/691 658/817/694
f 713/818/695 660/819/696 658/817/694 659/816/693
f 660/819/696 663/820/697 661/761/643 658/817/694
f 662/821/698 876/822/699 611/762/641 661/761/643
f 661/761/643 663/820/697 667/823/700 662/821/698
f 667/823/700 663/820/697 664/824/701
f 664/825/701 663/826/697 665/827/702 870/828/703
f 663/826/697 666/829/704 665/827/702
f 663/826/697 660/830/696 708/831/705 666/829/704
f 669/832/706 662/821/698 667/823/700 668/833/707
f 668/833/707 667/823/700 664/824/701 671/834/708
f 681/835/709 669/832/706 668/833/707 670/836/710
f 668/833/707 671/834/708 672/837/711 670/836/710
f 664/825/701 673/838/712 672/839/711 671/840/708
f 672/839/711 673/838/712 675/841/713 674/842/714
f 677/843/715 670/836/710 672/837/711 674/844/714
f 674/842/714 675/841/713 699/845/716 676/846/717
f 677/847/715 674/848/714 676/849/717 678/850/718
f 678/851/718 680/852/719 679/853/720 677/843/715
f 679/853/720 681/835/709 670/836/710 677/843/715
f 682/854/721 679/853/720 680/852/719 686/855/722
f 681/835/709 679/853/720 682/854/721 683/856/723
f 684/857/724 872/858/725 683/856/723 682/854/721
f 392/487/408 684/857/724 682/854/721 685/477/398
f 685/477/398 682/854/721 686/855/722 382/474/395
f 689/859/726 687/860/727 686/855/722 680/852/719
f 686/855/722 687/860/727 380/472/393 382/474/395
f 687/860/727 688/861/728 378/470/391 380/472/393
f 688/861/728 687/860/727 689/859/726 690/862/729
f 690/862/729 689/859/726 691/863/730 692/864/731
f 691/863/730 689/859/726 680/852/719 678/851/718
f 694/865/732 692/866/731 691/867/730 693/868/733
f 678/850/718 696/869/734 693/868/733 691/867/730
f 715/870/735 694/871/732 693/872/733 695/873/736
f 696/874/734 697/875/737 695/873/736 693/872/733
f 676/846/717 699/845/716 697/875/737 696/874/734
f 678/850/718 676/849/717 696/869/734
f 695/873/736 697/875/737 698/876/738 865/877/739
f 698/876/738 697/875/737 699/845/716 700/878/740
f 699/845/716 675/841/713 701/879/741 700/878/740
f 700/878/740 701/879/741 703/880/742 702/881/743
f 705/882/744 698/876/738 700/878/740 702/881/743
f 702/881/743 703/880/742 867/883/745 704/884/746
f 707/885/747 705/882/744 702/881/743 704/884/746
f 865/877/739 698/876/738 705/882/744 706/886/748
f 706/886/748 705/882/744 707/885/747 709/887/749
f 704/884/746 666/829/704 708/831/705 707/885/747
f 707/885/747 708/831/705 711/888/750 709/887/749
f 866/889/751 706/886/748 709/887/749 710/890/752
f 711/888/750 712/891/753 710/890/752 709/887/749
f 713/892/695 714/893/754 712/891/753 711/888/750
f 660/830/696 713/892/695 711/888/750 708/831/705
f 718/894/755 714/895/754 713/818/695 659/816/693
f 714/893/754 715/870/735 864/896/756 712/891/753
f 694/871/732 715/870/735 714/893/754 716/897/757
f 717/898/758 733/899/759 716/900/757 714/895/754
f 718/894/755 717/898/758 714/895/754
f 659/816/693 657/815/692 719/901/760 718/894/755
f 718/894/755 719/901/760 721/902/761 720/903/762
f 717/898/758 718/894/755 720/903/762 722/904/763
f 721/902/761 725/905/764 723/906/765 720/903/762
f 723/906/765 726/907/766 722/904/763 720/903/762
f 724/908/767 727/909/768 726/907/766 723/906/765
f 725/905/764 861/910/769 724/908/767 723/906/765
f 727/909/768 729/911/770 728/912/771 726/907/766
f 726/907/766 728/912/771 731/913/772 722/904/763
f 729/911/770 736/914/773 730/915/774 728/912/771
f 728/912/771 730/915/774 732/916/775 731/913/772
f 731/913/772 732/916/775 734/917/776 733/899/759
f 722/904/763 731/913/772 733/899/759 717/898/758
f 733/899/759 734/917/776 735/918/777 716/900/757
f 734/917/776 690/862/729 692/864/731 735/918/777
f 732/916/775 688/861/728 690/862/729 734/917/776
f 692/866/731 694/865/732 716/919/757 735/920/777
f 737/921/778 688/861/728 732/916/775 730/915/774
f 738/471/392 737/921/778 730/915/774 736/914/773
f 688/861/728 737/921/778 738/471/392 378/470/391
f 372/460/382 738/471/392 736/914/773 739/461/383
f 739/461/383 736/914/773 740/922/779 741/923/780
f 740/922/779 736/914/773 729/911/770
f 741/923/780 740/922/779 742/924/781 744/925/782
f 740/922/779 729/911/770 727/909/768 742/924/781
f 727/909/768 724/908/767 743/926/783 742/924/781
f 742/924/781 743/926/783 745/927/784 744/925/782
f 746/928/785 744/925/782 745/927/784 747/929/786
f 744/925/782 746/928/785 748/930/787 741/923/780
f 746/928/785 747/929/786 751/931/788 749/932/789
f 749/932/789 752/933/790 748/930/787 746/928/785
f 752/933/790 749/932/789 750/934/791 755/935/792
f 750/934/791 749/932/789 751/931/788 794/936/793
f 753/937/794 786/938/795 748/930/787 752/933/790
f 754/939/796 778/940/797 753/937/794 752/933/790
f 754/939/796 752/933/790 755/935/792 757/941/798
f 755/935/792 750/934/791 789/942/799 756/943/800
f 755/935/792 756/943/800 757/941/798
f 759/944/801 754/939/796 757/941/798 758/636/531
f 758/636/531 757/941/798 509/638/533 507/637/532
f 756/943/800 788/641/536 509/638/533 757/941/798
f 506/635/530 761/945/802 759/944/801 758/636/531
f 760/946/803 759/944/801 762/947/804
f 759/944/801 760/946/803 778/940/797 754/939/796
f 759/944/801 761/945/802 763/948/805 762/947/804
f 762/947/804 763/948/805 767/949/806 764/950/807
f 760/946/803 762/947/804 764/950/807 765/951/808
f 368/952/376 765/951/808 764/950/807 766/953/379
f 764/950/807 767/949/806 768/954/809 766/953/379
f 767/949/806 415/516/434 769/518/436 768/954/809
f 763/948/805 418/517/435 415/516/434 767/949/806
f 369/458/380 766/457/379 768/955/809 375/464/385
f 375/464/385 768/955/809 769/956/436 770/467/388
f 416/957/433 385/479/400 770/467/388 769/956/436
f 773/958/810 760/946/803 765/951/808 771/959/811
f 771/959/811 765/951/808 368/952/376 366/960/375
f 772/961/812 774/962/813 773/963/810 771/964/811
f 772/961/812 771/964/811 366/965/375 364/966/374
f 773/963/810 774/962/813 776/967/814 775/968/815
f 760/946/803 773/958/810 775/969/815 778/940/797
f 775/968/815 776/967/814 780/970/816 777/971/817
f 753/937/794 778/940/797 775/969/815 777/972/817
f 779/973/818 786/938/795 753/937/794 777/972/817
f 781/974/819 779/975/818 777/971/817 780/970/816
f 781/974/819 780/970/816 782/976/820 783/977/821
f 781/974/819 783/977/821 784/978/822 359/443/368
f 781/974/819 359/443/368 785/442/367 779/975/818
f 779/973/818 785/979/367 787/980/823 786/938/795
f 787/980/823 741/923/780 748/930/787 786/938/795
f 787/980/823 785/979/367 360/463/366 371/462/384
f 739/461/383 741/923/780 787/980/823 371/462/384
f 761/945/802 421/519/437 418/517/435 763/948/805
f 506/635/530 504/524/442 421/519/437 761/945/802
f 789/942/799 790/981/824 788/641/536 756/943/800
f 791/982/825 792/983/826 790/981/824 789/942/799
f 789/942/799 750/934/791 794/936/793 791/982/825
f 528/984/555 792/983/826 791/982/825 793/985/556
f 793/985/556 791/982/825 794/936/793 795/986/827
f 795/986/827 794/936/793 751/931/788 796/987/828
f 797/988/829 795/989/827 796/990/828 798/991/830
f 529/664/557 793/663/556 795/989/827 797/988/829
f 797/988/829 798/991/830 800/992/831 799/993/832
f 529/664/557 797/988/829 799/993/832 531/665/558
f 800/992/831 803/994/833 801/995/834 799/993/832
f 799/993/832 801/995/834 534/666/559 531/665/558
f 862/671/564 534/666/559 801/995/834 802/996/835
f 802/996/835 801/995/834 803/994/833 805/997/836
f 807/998/837 805/997/836 803/994/833 804/999/838
f 800/992/831 855/1000/839 804/999/838 803/994/833
f 802/996/835 805/997/836 806/1001/840 817/1002/841
f 808/1003/842 806/1001/840 805/997/836 807/998/837
f 808/1003/842 807/998/837 633/789/668 809/788/667
f 807/998/837 804/999/838 636/790/669 633/789/668
f 810/1004/843 808/1003/842 809/788/667 812/1005/844
f 810/1004/843 813/1006/845 806/1001/840 808/1003/842
f 811/1007/846 814/1008/847 813/1006/845 810/1004/843
f 811/1007/846 810/1004/843 812/1005/844 830/1009/848
f 816/1010/849 815/1011/850 813/1006/845 814/1008/847
f 817/1002/841 806/1001/840 813/1006/845 815/1011/850
f 815/1011/850 816/1010/849 821/1012/851 818/1013/852
f 815/1011/850 818/1013/852 819/1014/853 817/1002/841
f 819/1014/853 818/1013/852 820/1015/854 841/1016/855
f 818/1013/852 821/1012/851 822/1017/856 820/1015/854
f 822/1017/856 821/1012/851 816/1010/849 824/1018/857
f 822/1017/856 823/1019/858 838/1020/859 820/1015/854
f 824/1018/857 825/1021/860 823/1019/858 822/1017/856
f 825/1021/860 824/1018/857 826/1022/861 827/1023/862
f 824/1018/857 816/1010/849 814/1008/847 826/1022/861
f 827/1023/862 826/1022/861 814/1008/847 811/1007/846
f 825/1021/860 827/1023/862 828/1024/863 829/1025/864
f 827/1023/862 811/1007/846 830/1009/848 828/1024/863
f 829/1025/864 828/1024/863 830/1009/848 831/1026/865
f 831/1026/865 830/1009/848 812/1005/844 832/1027/866
f 832/1027/866 834/1028/867 833/1029/868 831/1026/865
f 835/1030/869 829/1025/864 831/1026/865 833/1029/868
f 834/1028/867 836/1031/870 835/1030/869 833/1029/868
f 829/1025/864 835/1030/869 823/1019/858 825/1021/860
f 835/1030/869 836/1031/870 838/1020/859 823/1019/858
f 838/1020/859 836/1031/870 837/1032/871 839/1033/872
f 630/786/665 837/1032/871 836/1031/870 834/1028/867
f 838/1020/859 839/1033/872 841/1016/855 820/1015/854
f 842/1034/873 841/1016/855 839/1033/872 840/1035/874
f 848/1036/875 840/1035/874 839/1033/872 837/1032/871
f 843/1037/876 819/1014/853 841/1016/855 842/1034/873
f 581/721/608 842/1034/873 840/1035/874 584/722/609
f 845/720/607 843/1037/876 842/1034/873 581/721/608
f 844/1038/877 847/1039/878 819/1014/853 843/1037/876
f 846/1040/879 844/1038/877 843/1037/876 845/720/607
f 578/718/605 846/1040/879 845/720/607 580/719/606
f 846/1040/879 578/718/605 880/681/574 546/678/571
f 546/678/571 544/677/570 844/1038/877 846/1040/879
f 544/677/570 542/676/569 847/1039/878 844/1038/877
f 817/1002/841 819/1014/853 847/1039/878 802/996/835
f 542/676/569 862/671/564 802/996/835 847/1039/878
f 850/726/613 584/722/609 840/1035/874 848/1036/875
f 849/787/666 848/1036/875 837/1032/871 630/786/665
f 851/1041/880 850/726/613 848/1036/875 849/787/666
f 583/725/612 850/726/613 851/1041/880 852/1042/881
f 854/744/626 852/1042/881 851/1041/880 853/779/658
f 853/779/658 851/1041/880 849/787/666 626/780/659
f 853/779/658 622/775/654 597/745/627 854/744/626
f 596/729/616 583/725/612 852/1042/881 854/744/626
f 832/1027/866 632/785/664 630/786/665 834/1028/867
f 632/785/664 832/1027/866 812/1005/844 809/788/667
f 639/795/674 636/790/669 804/999/838 855/1000/839
f 855/1000/839 800/992/831 798/991/830 856/1043/882
f 855/1000/839 856/1043/882 857/798/677 639/795/674
f 857/798/677 856/1043/882 858/1044/883 859/1045/884
f 798/991/830 796/990/828 858/1044/883 856/1043/882
f 859/1046/884 858/1047/883 747/929/786 745/927/784
f 796/987/828 751/931/788 747/929/786 858/1047/883
f 638/797/676 857/798/677 859/1045/884 860/1048/885
f 860/1049/885 859/1046/884 745/927/784 743/926/783
f 861/910/769 860/1049/885 743/926/783 724/908/767
f 641/796/675 638/797/676 860/1048/885 861/1050/769
f 643/799/678 641/796/675 861/1050/769 725/1051/764
f 521/651/546 519/650/545 792/983/826 528/984/555
f 792/983/826 519/650/545 517/648/543 790/981/824
f 790/981/824 517/648/543 510/642/537 788/641/536
f 647/802/681 643/799/678 725/1051/764 721/1052/761
f 721/1052/761 719/1053/760 863/807/686 647/802/681
f 719/1053/760 657/813/692 655/811/690 863/807/686
f 863/807/686 655/811/690 649/806/685 646/805/684
f 715/870/735 695/873/736 865/877/739 864/896/756
f 864/896/756 865/877/739 706/886/748 866/889/751
f 712/891/753 864/896/756 866/889/751 710/890/752
f 665/827/702 666/829/704 704/884/746 867/883/745
f 867/883/745 703/880/742 869/1054/886 868/1055/887
f 870/828/703 665/827/702 867/883/745 868/1055/887
f 871/1056/888 870/828/703 868/1055/887 869/1054/886
f 673/838/712 664/825/701 870/828/703 871/1056/888
f 675/841/713 673/838/712 871/1056/888 701/879/741
f 701/879/741 871/1056/888 869/1054/886 703/880/742
f 396/490/411 874/492/413 872/858/725 684/857/724
f 394/488/409 396/490/411 684/857/724 392/487/408
f 876/822/699 875/1057/889 872/858/725 873/1058/890
f 873/1058/890 872/858/725 874/492/413 877/1059/891
f 872/858/725 875/1057/889 683/856/723
f 875/1057/889 876/822/699 662/821/698 669/832/706
f 683/856/723 875/1057/889 669/832/706 681/835/709
f 608/1060/637 611/762/641 876/822/699 873/1058/890
f 877/1059/891 874/492/413 397/493/414 878/1061/892
f 606/1062/636 608/1060/637 873/1058/890 877/1059/891
f 604/1063/635 606/1062/636 877/1059/891 878/1061/892
f 879/741/623 591/740/622 604/1063/635 878/1061/892
f 397/493/414 399/494/415 879/741/623 878/1061/892
f 399/494/415 401/495/416 592/735/619 879/741/623
f 401/495/416 589/733/617 592/735/619
f 572/730/597 589/733/617 401/495/416 570/497/418
f 882/705/595 883/1064/893 881/703/593 565/702/592
f 425/526/444 883/1064/893 882/705/595 423/525/443
f 410/507/425 423/525/443 882/705/595 407/508/426
f 883/1064/893 425/526/444 427/528/446 881/703/593
f 881/703/593 427/528/446 439/531/449 564/700/590
f 441/544/462 562/555/470 564/700/590 439/531/449
f 536/659/552 538/568/481 456/567/480 524/573/485
f 498/626/524 514/1065/540 516/1066/542 884/625/523
f 516/1066/542 885/1067/894 887/1068/895 884/625/523
f 464/584/487 886/583/492 885/1067/894 516/1066/542
f 886/583/492 474/597/504 888/1069/896 885/1067/894
f 885/1067/894 888/1069/896 889/1070/897 887/1068/895
f 889/1070/897 888/1069/896 474/597/504 476/596/503
f 887/1068/895 889/1070/897 476/596/503 478/598/505
f 884/625/523 887/1068/895 478/598/505 497/601/508
f 500/628/525 512/1071/539 514/1072/540 498/627/524
f 413/1073/430 387/480/401 385/479/400 416/957/433
f 405/500/421 390/481/402 387/480/401 413/1073/430
o Boy01_Body_Geo
v 0.406522 2.254359 0.199039
v 0.322725 2.240688 0.256920
v 0.313718 2.222746 0.269060
v 0.316663 2.192827 0.277949
v 0.332344 2.177867 0.273413
v 0.349184 2.165868 0.267079
v 0.404282 2.177310 0.228140
v 0.416594 2.233078 0.200320
v 0.404291 2.246744 0.203186
v 0.330397 2.231446 0.255392
v 0.324156 2.217014 0.264523
v 0.326175 2.196940 0.270459
v 0.336190 2.186733 0.267796
v 0.351449 2.176927 0.261674
v 0.395809 2.186743 0.230107
v 0.412197 2.235011 0.202404
v 0.388640 2.258261 0.208941
v 0.390786 2.243787 0.212785
v 0.415515 2.218607 0.206201
v 0.407020 2.226439 0.208757
v 0.404023 2.235749 0.207306
v 0.409715 2.241606 0.201604
v 0.415349 2.252236 0.194223
v 0.419011 2.240558 0.196104
v 0.413640 2.199060 0.214410
v 0.405286 2.206421 0.217045
v 0.299838 2.219125 0.279136
v 0.307708 2.194380 0.283052
v 0.408558 2.236761 0.195346
v 0.386103 2.248972 0.205152
v 0.315327 2.217828 0.261080
v 0.322951 2.234015 0.250445
v 0.324233 2.186540 0.266693
v 0.346706 2.169346 0.258665
v 0.396435 2.179975 0.223412
v 0.405853 2.200689 0.210016
v 0.296228 2.217073 0.273425
v 0.304098 2.192328 0.277341
v 0.289897 2.179457 0.290942
v 0.279029 2.210341 0.286715
v 0.191759 2.202904 0.353281
v 0.185257 2.208717 0.355303
v 0.178785 2.203439 0.361291
v 0.190071 2.196298 0.356722
v 0.205366 2.205540 0.343733
v 0.198608 2.219062 0.343146
v 0.279774 2.207859 0.295866
v 0.285505 2.216927 0.288986
v 0.266897 2.229172 0.296348
v 0.265687 2.218098 0.301092
v 0.289986 2.189475 0.296016
v 0.300782 2.189551 0.289165
v 0.287297 2.176648 0.302325
v 0.295963 2.170362 0.299106
v 0.279770 2.162142 0.312295
v 0.288359 2.153322 0.310035
v 0.235014 2.153575 0.343664
v 0.233215 2.142023 0.348952
v 0.214957 2.167161 0.351461
v 0.212026 2.157472 0.356795
v 0.191830 2.189555 0.358033
v 0.189129 2.186157 0.360961
v 0.198714 2.173886 0.359312
v 0.201487 2.184043 0.353909
v 0.198558 2.193367 0.352411
v 0.182544 2.191781 0.363103
v 0.185977 2.190848 0.352538
v 0.198377 2.210249 0.337728
v 0.262682 2.221582 0.293009
v 0.280455 2.155679 0.305454
v 0.230504 2.145747 0.340597
v 0.209881 2.160264 0.348417
vn -0.5644 -0.0777 -0.8218
vn -0.4377 -0.1795 -0.8810
vn -0.4534 -0.3779 -0.8072
vn -0.4669 -0.4131 -0.7819
vn 0.5113 0.2906 0.8088
vn 0.6167 0.7858 0.0478
vn -0.0302 0.7617 -0.6472
vn 0.4673 -0.5306 0.7072
vn 0.0525 0.9750 0.2157
vn 0.9321 0.1113 0.3447
vn 0.6618 -0.3640 0.6554
vn -0.0842 0.9016 0.4243
vn 0.2159 0.6495 0.7290
vn 0.8719 0.3057 0.3826
vn 0.4581 0.0096 0.8888
vn 0.6262 0.7610 0.1693
vn -0.1233 -0.5467 0.8282
vn 0.2666 0.8794 0.3945
vn 0.2903 -0.7575 0.5847
vn 0.0457 0.8191 0.5718
vn 0.6795 -0.6057 0.4140
vn -0.4505 0.4773 0.7545
vn 0.9725 -0.2273 0.0501
vn -0.8085 0.2572 0.5294
vn 0.9370 -0.1958 -0.2893
vn 0.9913 -0.0898 0.0966
vn -0.3946 -0.7890 0.4710
vn 0.9670 0.1746 0.1855
vn 0.3694 0.6098 0.7012
vn 0.5647 0.0762 0.8218
vn -0.4686 -0.2553 -0.8457
vn -0.5447 -0.1431 -0.8263
vn -0.5964 -0.0924 -0.7973
vn -0.4374 -0.5471 -0.7137
vn -0.3875 -0.5184 -0.7623
vn -0.4160 -0.3061 -0.8563
vn -0.5037 -0.3882 -0.7717
vn -0.6291 -0.2189 -0.7459
vn -0.7880 0.6054 -0.1120
vn -0.3500 0.5864 0.7305
vn 0.6510 -0.4927 0.5775
vn -0.0789 0.9479 0.3086
vn 0.0087 -0.0792 0.9968
vn 0.4300 0.6937 0.5779
vn 0.1726 0.9546 0.2430
vn 0.5010 -0.3971 0.7689
vn 0.0095 0.1260 0.9920
vn 0.6757 0.0545 0.7352
vn -0.2349 0.5834 0.7775
vn 0.9420 -0.3270 0.0759
vn 0.0468 0.8340 0.5497
vn 0.6523 -0.6828 0.3291
vn 0.2912 0.8698 0.3984
vn 0.3393 -0.6759 0.6543
vn 0.6977 0.7141 -0.0564
vn -0.1827 -0.4656 0.8660
vn 0.5112 0.2906 0.8088
vn -0.1824 -0.3318 0.9255
vn -0.4916 -0.4905 0.7196
vn 0.6569 0.5595 -0.5055
vn 0.7602 -0.5508 -0.3445
vn -0.1645 -0.0588 0.9846
vn -0.5672 -0.2756 -0.7761
vn -0.5568 -0.1456 -0.8178
vn -0.5284 -0.0784 -0.8454
vn -0.3775 -0.5347 -0.7560
vn -0.4445 -0.5301 -0.7221
vn -0.5790 -0.3397 -0.7412
vt 0.421815 0.605296
vt 0.431379 0.604194
vt 0.431707 0.589835
vt 0.421772 0.595592
vt 0.472521 0.612267
vt 0.473912 0.610078
vt 0.479217 0.613631
vt 0.476670 0.616190
vt 0.465809 0.613393
vt 0.466788 0.619297
vt 0.433510 0.602715
vt 0.444340 0.613398
vt 0.442533 0.617691
vt 0.429249 0.605673
vt 0.432910 0.593744
vt 0.428309 0.593604
vt 0.436418 0.585419
vt 0.432591 0.582803
vt 0.446045 0.580292
vt 0.446238 0.576279
vt 0.459824 0.582458
vt 0.463385 0.579266
vt 0.467473 0.593003
vt 0.470395 0.589756
vt 0.474652 0.608298
vt 0.471562 0.605442
vt 0.474892 0.601667
vt 0.476333 0.607160
vt 0.470647 0.609163
vt 0.479350 0.610831
vt 0.472857 0.609132
vt 0.466136 0.615361
vt 0.443437 0.615544
vt 0.446141 0.578285
vt 0.461605 0.580862
vt 0.468934 0.591380
s 1
usemtl Boy01_Body_MAT1.001
f 926/1074/898 920/1075/899 922/1076/900 927/1077/901
f 898/1078/902 911/1079/902 912/1080/903 890/1081/904
f 907/1082/905 898/1078/902 890/1081/904 906/1083/906
f 900/1084/907 899/1085/908 891/1086/909 892/1087/910
f 901/1088/911 900/1084/907 892/1087/910 893/1089/912
f 902/1090/913 901/1088/911 893/1089/912 894/1091/914
f 903/1092/915 902/1090/913 894/1091/914 895/1093/916
f 904/1094/917 903/1092/915 895/1093/916 896/1095/918
f 915/1096/919 904/1094/917 896/1095/918 914/1097/920
f 899/1085/908 907/1082/905 906/1083/906 891/1086/909
f 905/1098/902 909/1099/921 908/1100/922 897/1101/923
f 910/1102/924 911/1079/902 898/1078/902 907/1082/905
f 909/1099/921 905/1098/902 911/1079/902 910/1102/924
f 911/1079/902 905/1098/902 913/1103/925 912/1080/903
f 905/1098/902 897/1101/923 913/1103/925
f 909/1099/921 915/1096/919 914/1097/920 908/1100/922
f 916/1074/926 917/1077/927 893/1089/912 892/1087/910
f 912/1080/903 918/1104/928 890/1081/904
f 890/1081/904 918/1104/928 919/1105/929 906/1083/906
f 900/1084/907 920/1075/899 921/1106/930 899/1085/908
f 891/1086/909 921/1106/930 920/1075/899 892/1087/910
f 901/1088/911 922/1076/900 920/1075/899 900/1084/907
f 902/1090/913 922/1076/900 901/1088/911
f 893/1076/912 922/1076/900 894/1091/914
f 903/1092/915 923/1107/931 922/1076/900 902/1090/913
f 894/1091/914 922/1076/900 923/1107/931 895/1093/916
f 904/1094/917 924/1108/932 923/1107/931 903/1092/915
f 895/1093/916 923/1107/931 924/1108/932 896/1095/918
f 915/1096/919 925/1109/933 924/1108/932 904/1094/917
f 896/1095/918 924/1108/932 925/1109/933 914/1097/920
f 899/1085/908 921/1106/930 919/1105/929 907/1105/905
f 906/1083/906 919/1105/929 921/1106/930 891/1086/909
f 908/1100/922 918/1104/928 897/1101/923
f 907/1105/905 919/1105/929 918/1104/928 910/1102/924
f 910/1102/924 918/1104/928 909/1104/921
f 913/1103/925 918/1104/928 912/1080/903
f 897/1101/923 918/1104/928 913/1103/925
f 909/1104/921 918/1104/928 925/1109/933 915/1096/919
f 914/1097/920 925/1109/933 918/1104/928 908/1100/922
f 917/1077/927 927/1077/901 922/1076/900 893/1076/912
f 892/1087/910 920/1075/899 926/1074/898 916/1074/926
f 926/1074/898 927/1077/901 928/1076/934 929/1075/935
f 930/1078/902 931/1081/936 932/1080/937 933/1079/902
f 934/1082/938 935/1083/939 931/1081/936 930/1078/902
f 936/1084/940 937/1087/941 938/1086/942 939/1085/943
f 940/1088/944 941/1089/945 937/1087/941 936/1084/940
f 942/1090/946 943/1091/947 941/1089/945 940/1088/944
f 944/1092/948 945/1093/949 943/1091/947 942/1090/946
f 946/1094/950 947/1095/951 945/1093/949 944/1092/948
f 948/1096/952 949/1097/953 947/1095/951 946/1094/950
f 939/1085/943 938/1086/942 935/1083/939 934/1082/938
f 950/1098/954 951/1101/955 952/1100/956 953/1099/957
f 954/1102/958 934/1082/938 930/1078/902 933/1079/902
f 953/1099/957 954/1102/958 933/1079/902 950/1098/954
f 933/1079/902 932/1080/937 955/1103/959 950/1098/954
f 950/1098/954 955/1103/959 951/1101/955
f 953/1099/957 952/1100/956 949/1097/953 948/1096/952
f 916/1074/926 937/1087/941 941/1089/945 917/1077/927
f 932/1080/937 931/1081/936 956/1104/960
f 931/1081/936 935/1083/939 957/1105/961 956/1104/960
f 936/1084/940 939/1085/943 958/1106/962 929/1075/935
f 938/1086/942 937/1087/941 929/1075/935 958/1106/962
f 940/1088/944 936/1084/940 929/1075/935 928/1076/934
f 942/1090/946 940/1088/944 928/1076/934
f 941/1076/945 943/1091/947 928/1076/934
f 944/1092/948 942/1090/946 928/1076/934 959/1107/963
f 943/1091/947 945/1093/949 959/1107/963 928/1076/934
f 946/1094/950 944/1092/948 959/1107/963 960/1108/964
f 945/1093/949 947/1095/951 960/1108/964 959/1107/963
f 948/1096/952 946/1094/950 960/1108/964 961/1109/965
f 947/1095/951 949/1097/953 961/1109/965 960/1108/964
f 939/1085/943 934/1105/938 957/1105/961 958/1106/962
f 935/1083/939 938/1086/942 958/1106/962 957/1105/961
f 952/1100/956 951/1101/955 956/1104/960
f 934/1105/938 954/1102/958 956/1104/960 957/1105/961
f 954/1102/958 953/1104/957 956/1104/960
f 955/1103/959 932/1080/937 956/1104/960
f 951/1101/955 955/1103/959 956/1104/960
f 953/1104/957 948/1096/952 961/1109/965 956/1104/960
f 949/1097/953 952/1100/956 956/1104/960 961/1109/965
f 917/1077/927 941/1076/945 928/1076/934 927/1077/901
f 937/1087/941 916/1074/926 926/1074/898 929/1075/935
o Boy01_Body_Geo.020
v 0.090144 2.359937 -0.041437
v 0.093967 2.353452 -0.038776
v 0.079006 2.355512 -0.039413
v 0.082886 2.369843 -0.027480
v 0.098994 2.367058 -0.037165
v 0.103810 2.361418 -0.033916
v 0.102183 2.374212 -0.028586
v 0.098774 2.378304 -0.018785
v 0.107235 2.369449 -0.024434
v 0.103267 2.374228 -0.013672
v 0.093269 2.374589 -0.005618
v 0.089948 2.378016 -0.011315
v 0.080873 2.370323 -0.003272
v 0.071315 2.362062 -0.007811
v 0.078885 2.374074 -0.009159
v 0.069935 2.367458 -0.013283
v 0.066487 2.360388 -0.021949
v 0.067550 2.353986 -0.017320
v 0.069919 2.355741 -0.031893
v 0.071530 2.348573 -0.028249
v 0.081653 2.348351 -0.036554
vn -0.0241 0.2253 -0.9740
vn 0.2792 0.4918 -0.8247
vn 0.6596 0.1403 -0.7385
vn 0.2529 -0.2361 -0.9382
vn -0.3068 -0.4493 -0.8390
vn -0.4351 0.0668 -0.8979
vn -0.3905 0.7828 -0.4845
vn 0.3627 0.7886 -0.4965
vn 0.7728 0.5540 -0.3095
vn 0.1877 0.9757 -0.1131
vn 0.5256 0.8313 0.1806
vn -0.1324 0.9832 0.1257
vn 0.0773 0.8670 0.4923
vn -0.4896 0.8488 0.1993
vn -0.4269 0.6731 0.6039
vn -0.8344 0.2905 0.4684
vn -0.7958 0.5989 0.0900
vn -0.9908 -0.1145 0.0724
vn -0.9263 0.3116 -0.2117
vn -0.7901 0.0983 -0.6050
vn -0.7928 -0.4073 -0.4535
vt 0.600630 0.632290
vt 0.599930 0.629300
vt 0.601980 0.627610
vt 0.603600 0.632280
vt 0.602000 0.636960
vt 0.599940 0.635290
vt 0.595370 0.632300
vt 0.597350 0.627330
vt 0.597980 0.624760
vt 0.594040 0.627200
vt 0.593090 0.624840
vt 0.591240 0.629100
vt 0.589160 0.627700
vt 0.589960 0.632310
vt 0.587650 0.632310
vt 0.589180 0.636920
vt 0.591250 0.635510
vt 0.593120 0.639760
vt 0.594060 0.637400
vt 0.597370 0.637260
vt 0.598010 0.639820
s 1
usemtl Boy01_Body_MAT1.001
f 962/1110/966 966/1111/967 967/1112/968 963/1113/969
f 962/1110/966 963/1113/969 982/1114/970 964/1115/971
f 962/1110/966 964/1115/971 965/1116/972
f 962/1110/966 965/1116/972 966/1111/967
f 967/1112/968 966/1111/967 968/1117/973 970/1118/974
f 966/1111/967 965/1116/972 968/1117/973
f 965/1116/972 969/1119/975 968/1117/973
f 968/1117/973 969/1119/975 971/1120/976 970/1118/974
f 971/1120/976 969/1119/975 973/1121/977 972/1122/978
f 972/1122/978 973/1121/977 976/1123/979 974/1124/980
f 975/1125/981 974/1124/980 976/1123/979 977/1126/982
f 977/1126/982 976/1123/979 965/1116/972
f 973/1121/977 965/1116/972 976/1123/979
f 979/1127/983 975/1125/981 977/1126/982 978/1128/984
f 978/1128/984 977/1126/982 965/1116/972
f 980/1129/985 981/1130/986 979/1127/983 978/1128/984
f 965/1116/972 980/1129/985 978/1128/984
f 982/1114/970 981/1130/986 980/1129/985 964/1115/971
f 964/1115/971 980/1129/985 965/1116/972
f 969/1119/975 965/1116/972 973/1121/977
o Boy01_Body_Geo.001
v 0.415769 2.237813 0.195819
v 0.411612 2.249692 0.194671
v 0.333090 2.180568 0.005577
v 0.329412 2.187783 0.003437
vn -0.8499 -0.2709 0.4520
vt 0.016387 0.306158
vt 0.007048 0.305589
vt 0.005419 0.443208
vt 0.012488 0.443639
s 1
usemtl Boy01_Body_MAT1.001
f 983/1131/987 984/1132/987 986/1133/987 985/1134/987
o Boy01_Body_Geo.015
v 0.087167 2.243340 0.266671
v 0.099287 2.231936 0.275319
v 0.085784 2.216146 0.271959
v 0.066987 2.257321 0.235153
v 0.091324 2.266889 0.261774
v 0.102381 2.288697 0.256582
v 0.104825 2.247949 0.273779
v 0.071037 2.284786 0.230108
v 0.077165 2.310671 0.223519
v 0.043388 2.308739 0.182434
v 0.011881 2.288933 0.113749
v 0.033377 2.268082 0.188509
v 0.057126 2.351095 0.158383
v 0.020895 2.329118 0.095343
v 0.089230 2.377243 0.136853
v 0.093776 2.350193 0.207078
v 0.110634 2.376109 0.182630
v 0.138587 2.315253 0.258547
v 0.159395 2.363461 0.208929
v 0.207174 2.292930 0.297649
v 0.152646 2.263696 0.290773
v 0.206634 2.270422 0.309411
v 0.118782 2.258483 0.276177
v 0.163911 2.238211 0.287993
v 0.214475 2.251357 0.305844
v 0.170521 2.229485 0.276866
v 0.132090 2.234451 0.267965
v 0.139065 2.227121 0.255397
v 0.116204 2.230074 0.255967
v 0.121803 2.224229 0.242862
v 0.109534 2.218972 0.255762
v 0.116116 2.214633 0.242022
v 0.107578 2.203269 0.263261
v 0.114758 2.200974 0.248574
v 0.108595 2.188610 0.268593
v 0.096915 2.211205 0.280071
v 0.098483 2.192704 0.281223
v 0.100001 2.174184 0.279286
v 0.085581 2.193547 0.275141
v 0.086838 2.173601 0.274907
v 0.071243 2.192293 0.252907
v 0.069281 2.173011 0.259105
v 0.051487 2.189515 0.214094
v 0.071413 2.221593 0.242807
v 0.039133 2.228742 0.201928
v 0.019181 2.221622 0.155158
v 0.016837 2.250047 0.130411
v 0.012999 2.214816 0.131661
v 0.016178 2.184063 0.156575
v 0.014954 2.144294 0.174162
v 0.004696 2.167705 0.116208
v 0.010552 2.198149 0.130307
v 0.005242 2.196662 0.115878
v 0.007681 2.206280 0.123231
v 0.004066 2.207041 0.115015
v 0.005686 2.211950 0.121891
v 0.008952 2.215940 0.123873
v 0.006410 2.219261 0.122434
v 0.006510 2.225785 0.116144
v 0.004040 2.227603 0.116423
v 0.001665 2.226506 0.107616
v 0.010236 2.228636 0.119041
v 0.002922 2.228127 0.104414
v 0.000762 2.241862 0.093684
v 0.000628 2.213326 0.102817
v -0.003948 2.213513 0.083241
v 0.000577 2.217377 0.107204
v -0.000449 2.221656 0.109443
v 0.002759 2.213182 0.115535
v -0.001230 2.224311 0.113250
v 0.000043 2.228807 0.109746
v -0.001011 2.230009 0.113763
v 0.001992 2.228827 0.119126
v -0.003634 2.229647 0.118906
v -0.001467 2.228726 0.122727
v -0.003958 2.225795 0.118235
v -0.011571 2.230407 0.122805
v -0.012451 2.228416 0.122008
v -0.009101 2.229568 0.125297
v -0.021398 2.232209 0.124754
v -0.019952 2.230247 0.125849
v -0.021977 2.231417 0.123680
v -0.017477 2.231322 0.126142
v -0.016653 2.230054 0.126869
v -0.007954 2.226865 0.126949
v -0.000068 2.224021 0.125748
v -0.008924 2.224935 0.126149
v -0.000377 2.220166 0.125042
v -0.010922 2.225616 0.123720
v -0.002114 2.221033 0.121341
v -0.020877 2.230068 0.124441
v 0.001378 2.217432 0.117972
v 0.003603 2.216269 0.123097
v 0.003958 2.221997 0.123727
v 0.003173 2.190219 0.065680
v -0.009339 2.249616 0.043096
v 0.003054 2.215826 0.025368
v 0.009550 2.291720 0.011544
v -0.007023 2.270480 0.072076
v -0.004790 2.301824 0.049762
v 0.005873 2.327934 0.031756
v 0.029218 2.320558 0.005736
v 0.033148 2.344133 0.015369
v 0.019132 2.340541 0.059724
v 0.040895 2.347964 0.035189
v 0.059927 2.347969 0.061577
v 0.065755 2.346121 0.038665
v 0.068231 2.358196 0.089605
v 0.089357 2.338840 0.043925
v 0.086054 2.337749 0.031098
v 0.094623 2.326629 0.013587
v 0.109259 2.354487 0.062043
v 0.155781 2.381612 0.057178
v 0.127472 2.392830 0.128535
v 0.109140 2.331418 0.007741
v 0.086348 2.318643 -0.029649
v 0.145665 2.354721 -0.000669
v 0.135320 2.345851 -0.056000
v 0.183560 2.381423 -0.006397
v 0.227650 2.377649 -0.007294
v 0.181841 2.358848 -0.069334
v 0.209812 2.395080 0.054713
v 0.248247 2.377348 0.033291
v 0.271975 2.371424 0.073765
v 0.225199 2.386167 0.118701
v 0.283081 2.363943 0.117032
v 0.257084 2.350939 0.192986
v 0.174345 2.398097 0.121847
v 0.214054 2.358618 0.196414
v 0.253945 2.321563 0.256627
v 0.220930 2.313903 0.267729
v 0.282401 2.300165 0.283404
v 0.284779 2.320658 0.249195
v 0.317038 2.306566 0.232892
v 0.302370 2.294533 0.270820
v 0.324777 2.282543 0.252335
v 0.302832 2.267093 0.265325
v 0.318337 2.259277 0.249761
v 0.295433 2.252219 0.253745
v 0.292572 2.270899 0.275147
v 0.281964 2.272121 0.283428
v 0.287912 2.255065 0.261885
v 0.281076 2.256707 0.269317
v 0.275093 2.257169 0.275467
v 0.273982 2.269703 0.288938
v 0.278416 2.253615 0.276814
v 0.290990 2.243220 0.266153
v 0.279637 2.264617 0.293315
v 0.286017 2.258485 0.298200
v 0.252892 2.281312 0.308594
v 0.296496 2.248737 0.276683
v 0.300993 2.249132 0.283411
v 0.306956 2.242528 0.267896
v 0.310913 2.244224 0.273007
v 0.300146 2.237309 0.259653
v 0.313583 2.240384 0.263318
v 0.316156 2.242523 0.267956
v 0.306355 2.235609 0.257138
v 0.314207 2.238048 0.260138
v 0.309279 2.234871 0.255847
v 0.314651 2.239506 0.264829
v 0.309456 2.240314 0.270475
v 0.307474 2.234658 0.258555
v 0.303280 2.234657 0.262966
v 0.296362 2.236095 0.270559
v 0.299845 2.242562 0.279554
v 0.283843 2.239705 0.282681
v 0.285431 2.247531 0.292469
v 0.262203 2.244383 0.294063
v 0.260673 2.253842 0.304417
v 0.219781 2.241881 0.294406
v 0.257605 2.269036 0.311545
v 0.252895 2.287475 0.300893
v 0.262646 2.297905 0.292313
v 0.310006 2.246821 0.241382
v 0.326700 2.242435 0.225569
v 0.335739 2.252465 0.229375
v 0.338939 2.237661 0.202608
v 0.348564 2.246194 0.205127
v 0.345432 2.236069 0.182190
v 0.354673 2.242366 0.185666
v 0.349290 2.236293 0.169318
v 0.358200 2.241414 0.173669
v 0.350800 2.236573 0.160670
v 0.358678 2.240692 0.166260
v 0.349878 2.236896 0.153514
v 0.356108 2.239417 0.159197
v 0.348839 2.237949 0.152475
v 0.355544 2.240278 0.158401
v 0.347802 2.239256 0.157426
v 0.357815 2.242268 0.164537
v 0.348767 2.242186 0.165279
v 0.359196 2.244820 0.171593
v 0.353788 2.250236 0.179337
v 0.359963 2.250523 0.184172
v 0.346341 2.261440 0.198821
v 0.342185 2.289043 0.208477
v 0.355020 2.258738 0.203138
v 0.358057 2.275991 0.188354
v 0.351645 2.253021 0.180042
v 0.362310 2.260412 0.175884
v 0.353665 2.245720 0.158244
v 0.359896 2.248907 0.160844
v 0.349355 2.240699 0.138706
v 0.353492 2.242482 0.143302
v 0.355523 2.244894 0.144347
v 0.361077 2.250568 0.157913
v 0.357565 2.249890 0.153236
v 0.356247 2.261361 0.151262
v 0.362262 2.261731 0.164935
v 0.363261 2.283763 0.148837
v 0.365128 2.290614 0.132917
v 0.351997 2.251620 0.130923
v 0.365094 2.274583 0.113607
v 0.353309 2.229503 0.100271
v 0.361440 2.239683 0.084638
v 0.356506 2.199391 0.079434
v 0.360552 2.200954 0.068850
v 0.359049 2.174990 0.066475
v 0.360949 2.175420 0.059334
v 0.360987 2.156049 0.054732
v 0.361476 2.159297 0.052921
v 0.352316 2.145031 0.043058
v 0.355550 2.152361 0.044214
v 0.330859 2.137945 0.026697
v 0.317912 2.098821 0.022664
v 0.327028 2.142160 0.014825
v 0.341419 2.148456 0.034060
v 0.340104 2.159315 0.032931
v 0.357964 2.169269 0.046123
v 0.339997 2.187410 0.023167
v 0.356144 2.197771 0.047357
v 0.341905 2.230607 0.010655
v 0.329932 2.167402 -0.008204
v 0.335046 2.204785 -0.029811
v 0.327622 2.129278 -0.044450
v 0.319206 2.178401 -0.063846
v 0.299200 2.087811 -0.070943
v 0.322422 2.101178 -0.000293
v 0.301545 2.063116 -0.008094
v 0.267069 2.032516 -0.004505
v 0.298129 2.062829 0.028400
v 0.272448 2.028786 0.037861
v 0.243682 2.004959 0.047526
v 0.229794 2.005043 0.008037
v 0.227042 1.993217 0.056368
v 0.209649 1.985579 0.071619
v 0.206758 1.985258 0.016855
v 0.184232 1.972804 0.033215
v 0.181433 2.007325 -0.047142
v 0.166875 2.046143 -0.091950
v 0.148872 1.987709 -0.027745
v 0.214281 2.028529 -0.058875
v 0.205798 2.068144 -0.103275
v 0.258426 2.055205 -0.073986
v 0.243252 2.099564 -0.109848
v 0.223990 2.160036 -0.120151
v 0.284119 2.139127 -0.096677
v 0.262791 2.202135 -0.108096
v 0.244219 2.251406 -0.111091
v 0.300418 2.228617 -0.072075
v 0.278708 2.267621 -0.070387
v 0.324855 2.246837 -0.031803
v 0.335809 2.274798 0.019361
v 0.304691 2.279729 -0.020805
v 0.286047 2.302130 -0.000622
v 0.323224 2.306670 0.033113
v 0.347504 2.324630 0.088481
v 0.305178 2.336911 0.054038
v 0.322073 2.346984 0.101484
v 0.292444 2.339266 0.040477
v 0.278110 2.365013 0.050020
v 0.292211 2.335432 0.028789
v 0.280835 2.311861 0.005225
v 0.283720 2.315453 0.005646
v 0.262417 2.311229 -0.039202
v 0.274948 2.313965 -0.022986
v 0.243713 2.335315 -0.061707
v 0.257147 2.298653 -0.062527
v 0.235172 2.281778 -0.098219
v 0.221146 2.325406 -0.082779
v 0.205903 2.291018 -0.111739
v 0.170222 2.303830 -0.110563
v 0.207803 2.230710 -0.128620
v 0.170666 2.215074 -0.122602
v 0.191133 2.123606 -0.117130
v 0.124708 2.210486 -0.109633
v 0.124619 2.305622 -0.099294
v 0.070392 2.209315 -0.083226
v 0.149245 2.103094 -0.102365
v 0.102001 2.091685 -0.073181
v 0.063684 2.081349 -0.033524
v 0.127156 2.025645 -0.074595
v 0.084881 2.007804 -0.035261
v 0.114655 1.978266 0.010651
v 0.042918 2.012235 0.017239
v 0.034521 2.069081 0.013282
v 0.014610 2.024768 0.075943
v 0.078745 1.986268 0.052814
v 0.050933 2.007934 0.103317
v 0.128293 1.983262 0.101758
v 0.096529 2.005507 0.139106
v 0.158562 1.971566 0.067979
v 0.155490 1.996680 0.127628
v 0.119899 2.015299 0.156692
v 0.185543 1.987203 0.103589
v 0.092892 2.042165 0.179527
v 0.076900 2.038432 0.171335
v 0.081204 2.082630 0.201896
v 0.077135 2.089782 0.202784
v 0.084115 2.095147 0.216506
v 0.083815 2.094461 0.219465
v 0.091301 2.090026 0.226138
v 0.089694 2.089135 0.228698
v 0.095200 2.083404 0.231740
v 0.093940 2.084057 0.234315
v 0.099938 2.082736 0.236349
v 0.097923 2.082744 0.239286
v 0.106320 2.087092 0.242666
v 0.102529 2.085195 0.245736
v 0.111911 2.098703 0.252042
v 0.107535 2.095866 0.254847
v 0.116474 2.131795 0.263887
v 0.112488 2.128867 0.265575
v 0.116527 2.158749 0.266033
v 0.112302 2.157433 0.270827
v 0.114777 2.174098 0.260979
v 0.109664 2.174267 0.270123
v 0.114557 2.186752 0.256500
v 0.104063 2.154909 0.274945
v 0.106449 2.124002 0.266479
v 0.092041 2.153333 0.270773
v 0.099614 2.119236 0.261297
v 0.071101 2.154590 0.258189
v 0.084922 2.122259 0.247792
v 0.040268 2.153437 0.231464
v 0.055570 2.136042 0.225037
v 0.010627 2.119522 0.185276
v 0.046873 2.169272 0.225740
v 0.026302 2.101093 0.190765
v -0.007864 2.081176 0.129947
v 0.007701 2.066360 0.068997
v 0.003514 2.052118 0.134359
v 0.001625 2.119481 0.129573
v 0.014861 2.132720 0.086391
v 0.024356 2.151346 0.025313
v 0.032096 2.186670 -0.037214
v 0.014358 2.255974 -0.023131
v 0.070000 2.289266 -0.068046
v 0.041905 2.039264 0.149653
v 0.057525 2.094004 0.192858
v 0.076895 2.116145 0.219640
v 0.084290 2.098503 0.220225
v 0.089344 2.100188 0.239359
v 0.090108 2.089257 0.233988
v 0.096484 2.093166 0.250770
v 0.101716 2.093209 0.255378
v 0.094498 2.085809 0.242720
v 0.097955 2.084721 0.246336
v 0.095354 2.083737 0.240774
v 0.093063 2.084816 0.236524
v 0.267520 2.332716 -0.041860
v 0.223179 2.363845 -0.049128
v 0.261160 2.354406 -0.038833
v 0.268199 2.359966 -0.011710
v 0.287136 2.335894 -0.029793
v 0.293338 2.338439 -0.012582
v 0.303304 2.324481 -0.023855
v 0.286135 2.325125 -0.031165
v 0.300663 2.318863 -0.024430
v 0.287338 2.313968 -0.016113
v 0.300204 2.313137 -0.014562
v 0.291622 2.314148 0.000977
v 0.297198 2.323140 0.013300
v 0.301823 2.312777 -0.004558
v 0.305288 2.316402 0.002140
v 0.311833 2.313288 -0.010352
v 0.311844 2.313781 -0.014806
v 0.312744 2.313939 -0.006942
v 0.316459 2.314456 -0.013675
v 0.317619 2.315150 -0.014986
v 0.316668 2.314473 -0.011735
v 0.315535 2.314216 -0.015411
v 0.316664 2.315211 -0.016833
v 0.317575 2.316282 -0.017176
v 0.312298 2.315561 -0.019382
v 0.314399 2.317954 -0.019170
v 0.316524 2.319004 -0.014602
v 0.307204 2.326261 -0.013089
v 0.317067 2.318525 -0.009817
v 0.318314 2.316379 -0.015364
v 0.319174 2.316568 -0.013147
v 0.318373 2.315511 -0.012353
v 0.315134 2.316068 -0.006365
v 0.308606 2.321199 0.003479
v 0.300563 2.332039 0.014640
v 0.309221 2.325516 -0.002336
v 0.299594 2.338619 0.004995
v 0.279840 2.359326 0.015771
v 0.290147 2.351755 0.031335
v 0.337783 2.321330 0.165301
v 0.302656 2.336030 0.186179
v 0.361919 2.296544 0.155033
v 0.354683 2.288557 0.068956
v 0.354903 2.243557 0.051387
v 0.343693 2.270452 0.227310
v 0.078712 2.319342 -0.008798
v 0.077623 2.326332 -0.002895
v 0.089524 2.328802 0.013224
v 0.049976 2.334733 -0.002239
v 0.088637 2.334600 -0.004360
v 0.100247 2.345281 -0.008016
v 0.075843 2.341337 -0.008174
v 0.094291 2.335155 0.007481
v 0.102940 2.345155 0.001211
v 0.092494 2.339797 0.018082
v 0.102667 2.347826 0.008838
v 0.082079 2.347001 0.021256
v 0.070216 2.349124 0.015253
v 0.096960 2.353238 0.010454
v 0.091531 2.353993 0.003931
v 0.106602 2.364500 0.000316
v 0.103666 2.365335 -0.004056
v 0.110078 2.360035 -0.000450
v 0.108709 2.370355 -0.005694
v 0.107974 2.370697 -0.010338
v 0.111851 2.365845 -0.006282
v 0.110699 2.366737 -0.010789
v 0.110424 2.358097 -0.004744
v 0.108868 2.358903 -0.009998
v 0.105417 2.361843 -0.013986
v 0.102468 2.365504 -0.010287
v 0.093444 2.349524 -0.012885
v 0.089256 2.354084 -0.006617
v 0.066686 2.348406 0.001387
vn -0.1853 -0.0230 0.9824
vn -0.6059 0.3167 0.7298
vn -0.7468 0.1572 0.6462
vn 0.2533 0.0580 0.9656
vn -0.7785 0.1218 0.6157
vn 0.3398 0.1561 0.9274
vn -0.7885 0.1530 0.5957
vn -0.8329 0.0576 0.5504
vn -0.7262 0.2982 0.6195
vn -0.4583 0.4494 0.7668
vn -0.5839 0.4927 0.6452
vn -0.3791 0.1532 0.9126
vn -0.8301 0.3583 0.4271
vn -0.8917 0.1433 0.4293
vn -0.7080 0.6477 0.2815
vn -0.7859 0.5807 0.2122
vn -0.9081 0.2616 0.3269
vn -0.9384 0.1047 0.3292
vn -0.4268 0.6766 0.6001
vn -0.3942 0.9190 0.0077
vn -0.4155 0.8945 -0.1648
vn -0.2449 0.8721 0.4236
vn -0.2259 0.6493 0.7262
vn -0.0181 0.8548 0.5187
vn 0.0147 0.8052 0.5928
vn -0.1635 0.6318 0.7577
vn -0.2583 0.1701 0.9510
vn -0.3688 0.1910 0.9097
vn -0.0999 -0.4743 0.8747
vn -0.2522 -0.5224 0.8146
vn -0.2756 -0.6256 0.7299
vn 0.0150 -0.7664 0.6422
vn -0.1041 -0.8234 0.5578
vn -0.1747 -0.8800 0.4416
vn 0.2868 -0.6405 0.7124
vn 0.2974 -0.8043 0.5144
vn 0.8453 -0.1019 0.5245
vn 0.8664 -0.1523 0.4755
vn 0.8769 0.1234 0.4646
vn 0.9005 0.1399 0.4117
vn 0.8369 0.1405 0.5291
vn 0.8884 0.1869 0.4193
vn 0.2536 0.0807 0.9639
vn -0.7269 0.0893 0.6809
vn 0.1287 -0.0963 0.9870
vn 0.7537 0.0932 0.6505
vn -0.5740 -0.0937 0.8135
vn -0.8386 0.1492 0.5240
vn -0.7675 0.1547 0.6221
vn -0.8394 0.3100 0.4466
vn -0.8624 0.1458 0.4849
vn -0.8697 0.0304 0.4927
vn -0.9296 0.0363 0.3668
vn -0.9242 0.1196 0.3627
vn -0.9319 0.1293 0.3388
vn -0.9563 0.1087 0.2716
vn -0.9598 0.0708 0.2717
vn -0.9241 0.2479 0.2909
vn -0.9972 -0.0376 0.0654
vn -0.9829 0.1800 -0.0388
vn -0.9611 0.0136 0.2757
vn -0.9043 -0.0021 0.4269
vn -0.9530 -0.1295 0.2738
vn -0.7935 0.1879 0.5789
vn -0.7817 -0.2153 0.5854
vn -0.9359 -0.2938 0.1946
vn 0.4330 0.3859 0.8146
vn 0.6549 0.7489 0.1012
vn -0.5001 0.6802 0.5360
vn -0.2738 0.8115 -0.5162
vn -0.8111 0.5670 -0.1439
vn -0.9403 0.1124 0.3212
vn -0.9509 0.0302 0.3079
vn -0.9674 0.0118 0.2531
vn -0.9868 -0.1616 0.0065
vn -0.9962 -0.0780 0.0377
vn -0.9740 -0.1563 -0.1642
vn -0.8733 -0.4856 0.0386
vn -0.9500 -0.2198 -0.2218
vn -0.4110 0.8524 -0.3232
vn 0.5459 0.7763 0.3153
vn 0.3619 0.7857 0.5016
vn -0.2625 0.9091 -0.3234
vn -0.7288 -0.3197 -0.6055
vn 0.2368 0.8425 0.4838
vn -0.0032 0.9107 -0.4132
vn -0.3865 -0.2055 -0.8991
vn -0.0926 0.8435 -0.5291
vn -0.2876 0.0901 -0.9535
vn 0.1531 0.9072 0.3918
vn -0.0397 0.0386 0.9985
vn -0.4560 -0.7149 0.5300
vn -0.4580 -0.8004 -0.3868
vn 0.1555 0.2058 0.9662
vn -0.3357 -0.7554 0.5628
vn -0.2667 -0.6968 0.6658
vn 0.3802 0.2698 0.8847
vn -0.4891 -0.8083 -0.3277
vn -0.6689 -0.7189 -0.1891
vn -0.4406 -0.5584 0.7029
vn 0.6474 0.3281 0.6879
vn -0.9522 -0.2637 -0.1539
vn -0.9680 -0.0142 -0.2507
vn -0.9821 -0.0180 -0.1874
vn -0.9404 -0.1978 -0.2766
vn -0.9733 0.1492 0.1743
vn -0.8125 0.3621 -0.4569
vn -0.8195 0.1723 -0.5466
vn -0.9581 0.2865 -0.0059
vn -0.6201 0.7769 0.1091
vn -0.8292 0.5072 -0.2347
vn -0.5804 0.4092 -0.7041
vn -0.4891 0.7744 -0.4013
vn -0.3601 0.3359 -0.8703
vn -0.2453 0.9693 -0.0150
vn 0.1046 0.9920 0.0709
vn -0.2075 0.9724 -0.1066
vn 0.5093 0.8559 0.0892
vn -0.1389 0.9229 -0.3591
vn -0.3713 0.8682 -0.3292
vn -0.2603 0.9185 -0.2978
vn 0.9343 0.1832 -0.3060
vn -0.4983 0.8495 -0.1733
vn -0.3337 0.9184 -0.2125
vn -0.4811 0.8575 -0.1826
vn -0.0144 0.9906 0.1361
vn -0.1665 0.9857 0.0247
vn -0.5589 0.7395 -0.3752
vn -0.3767 0.6713 -0.6384
vn -0.4549 0.8061 -0.3785
vn -0.2205 0.9481 -0.2292
vn -0.1277 0.8175 -0.5615
vn 0.0421 0.9943 -0.0978
vn 0.3304 0.9300 -0.1611
vn 0.2117 0.9424 -0.2589
vn 0.2247 0.8415 -0.4913
vn 0.4220 0.9054 -0.0468
vn 0.5395 0.8325 -0.1257
vn 0.4098 0.9009 0.1430
vn 0.2342 0.9550 0.1819
vn 0.2833 0.8982 0.3362
vn 0.4525 0.8438 0.2885
vn 0.1422 0.8963 0.4200
vn 0.3446 0.8465 0.4058
vn 0.1367 0.8617 0.4888
vn 0.3162 0.6536 0.6876
vn 0.1312 0.7204 0.6810
vn 0.5775 0.5050 0.6415
vn 0.5738 0.7319 0.3675
vn 0.7407 0.3136 0.5941
vn 0.5685 -0.4087 0.7139
vn 0.5356 -0.3397 0.7731
vn 0.5379 -0.2457 0.8064
vn 0.3826 -0.6690 0.6372
vn 0.3433 -0.6711 0.6571
vn 0.4144 -0.6550 0.6319
vn 0.5389 -0.1352 0.8314
vn 0.4901 -0.6163 0.6165
vn 0.7325 0.3110 0.6056
vn 0.9408 -0.1999 0.2737
vn 0.6378 0.7495 0.1774
vn 0.3384 0.7733 -0.5362
vn 0.2808 0.8603 -0.4256
vn 0.1586 0.8231 -0.5453
vn 0.6034 0.1213 0.7882
vn 0.8039 0.3854 0.4529
vn 0.1154 0.5237 0.8441
vn 0.1291 0.0611 0.9897
vn 0.1507 0.7309 0.6656
vn 0.7118 0.6530 0.2585
vn 0.0847 0.8782 -0.4707
vn 0.0480 0.8396 -0.5410
vn 0.6117 0.7863 0.0871
vn 0.0479 0.8604 -0.5073
vn -0.0427 0.8361 -0.5469
vn 0.7603 -0.2783 -0.5869
vn 0.4613 -0.8110 0.3598
vn 0.5965 0.1416 -0.7900
vn 0.3386 -0.8832 0.3244
vn 0.3570 -0.7798 0.5142
vn 0.2918 -0.8592 0.4203
vn 0.3563 -0.7029 0.6157
vn 0.2635 -0.8259 0.4985
vn 0.2836 -0.6071 0.7423
vn 0.2017 -0.7804 0.5918
vn 0.1012 -0.5209 0.8476
vn 0.0927 -0.7483 0.6569
vn 0.4877 -0.6862 0.5396
vn 0.6642 -0.4467 0.5994
vn 0.5451 -0.7449 0.3847
vn 0.7157 -0.5373 0.4462
vn 0.5141 -0.8246 0.2359
vn 0.6912 -0.6596 0.2952
vn 0.4616 -0.8774 0.1306
vn 0.6612 -0.7315 0.1663
vn 0.4533 -0.8913 0.0111
vn 0.6272 -0.7784 0.0273
vn 0.6474 -0.6565 -0.3872
vn 0.6249 -0.7610 -0.1745
vn 0.0585 0.9052 -0.4210
vn 0.1309 0.8925 -0.4317
vn -0.0701 0.9512 -0.3005
vn 0.1693 0.9151 -0.3660
vn 0.0298 0.9214 -0.3876
vn 0.6242 0.6890 -0.3682
vn 0.2584 0.8741 -0.4113
vn 0.9456 0.3254 0.0016
vn 0.9454 0.2408 0.2195
vn 0.9666 0.0708 0.2464
vn 0.7269 0.5922 0.3477
vn 0.8659 0.3165 0.3874
vn 0.8653 0.1874 0.4649
vn 0.6885 -0.5249 0.5005
vn 0.9396 -0.1814 0.2902
vn 0.4306 -0.8485 0.3077
vn 0.6781 -0.6813 0.2757
vn 0.3265 -0.9280 0.1792
vn 0.4128 -0.9013 0.1311
vn 0.7879 -0.6113 -0.0742
vn 0.9587 -0.1264 -0.2549
vn 0.8470 0.2158 -0.4858
vn 0.9695 -0.2448 -0.0083
vn 0.9998 0.0036 0.0202
vn 0.9946 0.0963 -0.0394
vn 0.8089 0.5603 0.1781
vn 0.9836 0.1756 -0.0402
vn 0.9267 -0.3204 0.1963
vn 0.9977 0.0265 -0.0618
vn 0.9165 -0.2688 0.2961
vn 0.9983 -0.0371 -0.0448
vn 0.9266 -0.1441 0.3474
vn 0.9991 -0.0001 -0.0418
vn 0.9520 -0.0781 0.2960
vn 0.9947 0.0375 -0.0960
vn 0.9746 -0.2120 -0.0719
vn 0.9776 -0.0313 -0.2079
vn 0.6504 -0.1261 -0.7491
vn 0.7145 -0.0653 -0.6966
vn 0.9595 -0.2092 -0.1886
vn 0.6914 -0.1053 -0.7148
vn 0.9154 -0.3983 0.0585
vn 0.9288 -0.3620 -0.0795
vn 0.9861 -0.1542 -0.0625
vn 0.8632 -0.1530 -0.4811
vn 0.8254 -0.0181 -0.5642
vn 0.9420 -0.1205 -0.3133
vn 0.9298 -0.0097 -0.3680
vn 0.9845 -0.1137 -0.1337
vn 0.9490 0.0731 -0.3066
vn 0.9465 0.0906 -0.3096
vn 0.9396 0.0563 -0.3376
vn 0.8001 0.0288 -0.5992
vn 0.9109 -0.2100 -0.3552
vn 0.7026 -0.4539 -0.5480
vn 0.5606 -0.0993 -0.8221
vn 0.7542 -0.6278 -0.1928
vn 0.7847 -0.6199 0.0009
vn 0.5577 -0.7843 -0.2719
vn 0.4651 -0.6778 -0.5694
vn 0.6404 -0.7585 -0.1208
vn 0.5674 -0.8060 -0.1688
vn 0.4797 -0.8176 -0.3183
vn 0.5011 -0.8610 -0.0867
vn 0.3889 -0.8666 -0.3128
vn 0.3169 -0.9410 0.1183
vn 0.1590 -0.9762 -0.1475
vn -0.0042 -0.8971 -0.4419
vn 0.2426 -0.7986 -0.5508
vn 0.3457 -0.7713 -0.5344
vn -0.1145 -0.4824 -0.8684
vn 0.0811 -0.4717 -0.8780
vn -0.3690 -0.4968 -0.7855
vn 0.2958 -0.3036 -0.9057
vn 0.1665 -0.0785 -0.9829
vn 0.5014 0.0771 -0.8618
vn -0.1361 -0.1607 -0.9776
vn 0.6907 0.2464 -0.6798
vn 0.1067 0.0727 -0.9916
vn 0.4836 0.2474 -0.8396
vn 0.6387 0.4786 -0.6025
vn 0.8083 0.3484 -0.4747
vn 0.6357 0.6026 -0.4824
vn 0.8311 0.3629 -0.4214
vn 0.6101 0.6178 -0.4961
vn 0.6464 0.5168 -0.5613
vn 0.5550 0.6727 -0.4894
vn 0.5456 0.7545 -0.3647
vn 0.9070 0.2718 -0.3216
vn 0.7676 0.6110 -0.1938
vn 0.5768 0.8167 -0.0146
vn 0.7681 0.5629 -0.3052
vn 0.7896 0.3451 -0.5074
vn 0.7396 0.6731 0.0045
vn 0.8817 -0.2590 0.3944
vn 0.3876 -0.8866 0.2524
vn 0.7956 0.2140 -0.5668
vn 0.4508 -0.7226 -0.5241
vn 0.5302 0.4500 -0.7186
vn 0.5804 0.0828 -0.8101
vn 0.3807 0.5357 -0.7537
vn 0.5210 0.4304 -0.7371
vn 0.1764 0.3780 -0.9088
vn -0.1438 0.3839 -0.9121
vn -0.1936 -0.0044 -0.9811
vn -0.3892 -0.0343 -0.9205
vn -0.4200 0.3915 -0.8187
vn -0.3534 -0.1860 -0.9168
vn -0.5945 -0.0613 -0.8018
vn -0.6152 0.3649 -0.6988
vn -0.5684 -0.2084 -0.7959
vn -0.7710 -0.2079 -0.6020
vn -0.8055 -0.1629 -0.5698
vn -0.5747 -0.5681 -0.5890
vn -0.2295 -0.9523 -0.2011
vn -0.7313 -0.5728 -0.3703
vn -0.8960 -0.1332 -0.4236
vn -0.3662 -0.9303 0.0198
vn -0.9550 -0.0548 -0.2914
vn -0.7908 -0.6066 -0.0817
vn -0.4282 -0.8665 0.2564
vn -0.2570 -0.8669 0.4272
vn -0.1617 -0.9496 0.2685
vn -0.0218 -0.9956 0.0906
vn -0.0864 -0.8230 0.5615
vn 0.0102 -0.8956 0.4448
vn 0.1385 -0.9423 0.3048
vn -0.2427 -0.6672 0.7042
vn -0.3867 -0.6553 0.6489
vn -0.3769 -0.5112 0.7724
vn -0.5058 -0.4610 0.7291
vn -0.5133 -0.7392 0.4361
vn -0.8295 -0.5109 0.2256
vn -0.3462 -0.8701 -0.3507
vn -0.8352 -0.5477 0.0492
vn -0.4552 -0.8591 -0.2340
vn -0.5526 -0.8292 -0.0834
vn 0.1798 -0.9809 0.0736
vn 0.1127 -0.9844 0.1354
vn 0.6062 -0.7232 0.3308
vn 0.4366 -0.7831 0.4428
vn 0.6352 -0.4114 0.6536
vn 0.4741 -0.4490 0.7574
vn 0.6398 -0.1838 0.7462
vn 0.4991 -0.2454 0.8311
vn 0.7490 0.0723 0.6586
vn 0.6028 -0.0329 0.7972
vn 0.8555 0.1678 0.4899
vn 0.0366 -0.2207 0.9746
vn -0.0681 -0.3113 0.9479
vn -0.4959 -0.3220 0.8065
vn -0.5923 -0.3229 0.7382
vn -0.6530 -0.3040 0.6936
vn -0.6731 -0.4760 0.5659
vn -0.7950 -0.0575 0.6038
vn -0.4962 -0.5390 0.6806
vn -0.4979 -0.5007 0.7081
vn -0.8813 -0.0514 0.4697
vn -0.7339 -0.5714 0.3673
vn -0.9971 -0.0586 0.0476
vn -0.9336 -0.1614 -0.3200
vn -0.4312 -0.6969 0.5731
vn -0.3830 -0.5392 0.7501
vn -0.7710 -0.3805 0.5106
vn -0.5232 -0.5828 0.6218
vn -0.9062 -0.3056 0.2923
vn -0.8236 -0.3845 0.4169
vn -0.8550 -0.2984 0.4242
vn -0.7455 -0.2657 0.6113
vn -0.2418 -0.7301 0.6391
vn -0.2014 -0.4134 0.8880
vn -0.7550 -0.6393 0.1457
vn -0.4808 -0.8372 0.2606
vn 0.4446 0.7449 -0.4975
vn 0.4476 0.8584 -0.2505
vn 0.6314 0.7253 -0.2744
vn 0.6125 0.5712 -0.5465
vn 0.3401 -0.3704 -0.8644
vn 0.6437 0.7248 -0.2456
vn 0.5971 0.5193 -0.6114
vn 0.1435 -0.5963 -0.7898
vn -0.0463 -0.9568 -0.2870
vn 0.0024 -0.9516 -0.3074
vn 0.0191 -0.9783 0.2065
vn 0.0090 -0.9522 0.3053
vn 0.3473 -0.6671 0.6591
vn 0.2906 -0.7531 0.5903
vn 0.1017 -0.9929 0.0612
vn 0.3386 -0.8328 0.4380
vn 0.0287 -0.9583 -0.2842
vn 0.1643 -0.9556 -0.2445
vn 0.2777 -0.9601 -0.0324
vn 0.4408 -0.8707 0.2181
vn 0.3338 -0.7366 -0.5882
vn 0.6108 -0.7694 -0.1867
vn 0.8200 -0.4240 0.3845
vn 0.1598 -0.6688 -0.7261
vn 0.5782 0.5297 -0.6205
vn 0.7158 0.2262 -0.6607
vn 0.8363 0.4514 -0.3111
vn 0.6110 0.7643 -0.2064
vn 0.7878 0.6146 0.0410
vn 0.7604 0.6324 0.1479
vn 0.9390 0.3305 0.0952
vn 0.8060 -0.1028 0.5829
vn 0.8245 0.0129 0.5658
vn 0.9057 0.3172 0.2812
vn 0.7227 0.6797 -0.1254
vn 0.5182 0.8402 -0.1595
vn 0.6254 0.7427 0.2391
vn 0.0443 -0.0618 -0.9971
vn 0.3163 -0.6474 -0.6934
vn 0.7333 -0.6796 -0.0208
vn -0.2332 0.1005 -0.9672
vn 0.7851 -0.6187 -0.0278
vn 0.4909 -0.6229 -0.6091
vn -0.1324 -0.0622 -0.9892
vn 0.7674 -0.1256 0.6288
vn 0.7922 0.0596 0.6073
vn 0.1693 0.6970 0.6968
vn 0.2340 0.8936 0.3831
vn -0.0746 0.9964 0.0404
vn -0.2807 0.9386 0.2007
vn -0.5723 0.7757 0.2660
vn 0.0926 0.6677 0.7387
vn 0.8057 0.0128 0.5922
vn 0.1252 0.9024 0.4123
vn 0.9635 0.2021 0.1756
vn -0.2072 0.8868 -0.4132
vn -0.6296 0.6893 -0.3583
vn 0.6634 0.2644 -0.7000
vn 0.6717 -0.4632 -0.5781
vn 0.8808 -0.4646 -0.0909
vn -0.0481 0.0460 -0.9978
vn -0.4647 0.8037 -0.3715
vn -0.2802 0.8751 -0.3946
vt 0.956730 0.351100
vt 0.945720 0.352100
vt 0.950260 0.343410
vt 0.959400 0.342730
vt 0.956530 0.333920
vt 0.964510 0.333980
vt 0.932250 0.341240
vt 0.939860 0.330820
vt 0.928160 0.350790
vt 0.941640 0.362200
vt 0.923850 0.359730
vt 0.956340 0.361270
vt 0.901870 0.350150
vt 0.905300 0.335440
vt 0.891560 0.365880
vt 0.861720 0.351700
vt 0.866300 0.331390
vt 0.873460 0.319330
vt 0.915640 0.375740
vt 0.885200 0.383500
vt 0.862380 0.376290
vt 0.906260 0.388580
vt 0.940150 0.384240
vt 0.919690 0.403260
vt 0.945100 0.415630
vt 0.956740 0.407530
vt 0.967250 0.405460
vt 0.960590 0.380920
vt 0.977160 0.406630
vt 0.974560 0.381720
vt 0.971780 0.361200
vt 0.984400 0.408040
vt 0.983660 0.382690
vt 0.983100 0.361740
vt 0.973150 0.349880
vt 0.983760 0.349730
vt 0.974720 0.343160
vt 0.985100 0.343210
vt 0.976820 0.334620
vt 0.985970 0.335530
vt 0.980380 0.326540
vt 0.987470 0.327210
vt 0.970980 0.326460
vt 0.962920 0.325260
vt 0.977460 0.317580
vt 0.984960 0.318720
vt 0.969320 0.316310
vt 0.947570 0.322060
vt 0.953530 0.314630
vt 0.928070 0.309230
vt 0.922420 0.316050
vt 0.913420 0.324810
vt 0.885460 0.313420
vt 0.885050 0.300780
vt 0.866400 0.308400
vt 0.872150 0.307580
vt 0.867480 0.301850
vt 0.893960 0.289690
vt 0.849340 0.287160
vt 0.856520 0.272320
vt 0.853320 0.298450
vt 0.829930 0.340880
vt 0.820680 0.343520
vt 0.809700 0.330770
vt 0.832840 0.331120
vt 0.799840 0.385600
vt 0.809130 0.383660
vt 0.811970 0.389720
vt 0.807740 0.396700
vt 0.835450 0.348700
vt 0.831100 0.355740
vt 0.821570 0.379980
vt 0.822050 0.386700
vt 0.820290 0.373400
vt 0.808220 0.372460
vt 0.799460 0.373720
vt 0.820920 0.366660
vt 0.811010 0.360820
vt 0.802110 0.361580
vt 0.856280 0.301620
vt 0.854220 0.307720
vt 0.962230 0.196510
vt 0.960950 0.208110
vt 0.953680 0.211510
vt 0.951170 0.190000
vt 0.815460 0.352480
vt 0.796270 0.348250
vt 0.972170 0.191270
vt 0.969450 0.177600
vt 0.827350 0.360770
vt 0.836700 0.358790
vt 0.833260 0.363760
vt 0.829010 0.370430
vt 0.829130 0.375340
vt 0.836760 0.377610
vt 0.837640 0.372270
vt 0.840380 0.367350
vt 0.842900 0.377180
vt 0.843660 0.373780
vt 0.844700 0.371130
vt 0.846660 0.374710
vt 0.845990 0.371860
vt 0.844610 0.376530
vt 0.845220 0.378980
vt 0.846830 0.378600
vt 0.850960 0.372530
vt 0.847570 0.371100
vt 0.843700 0.379870
vt 0.845660 0.382280
vt 0.839590 0.386240
vt 0.837690 0.381000
vt 0.846980 0.368410
vt 0.843860 0.363660
vt 0.848210 0.360600
vt 0.851060 0.368060
vt 0.840850 0.352590
vt 0.829090 0.387420
vt 0.828330 0.381520
vt 0.941410 0.173540
vt 0.950570 0.159330
vt 0.930290 0.198660
vt 0.925220 0.176120
vt 0.936470 0.218090
vt 0.901380 0.209390
vt 0.900740 0.182190
vt 0.915630 0.224500
vt 0.839760 0.335840
vt 0.847760 0.319570
vt 0.840550 0.457680
vt 0.866130 0.470310
vt 0.852140 0.475750
vt 0.836840 0.471040
vt 0.822840 0.475510
vt 0.823840 0.456050
vt 0.833630 0.490240
vt 0.822260 0.494250
vt 0.845230 0.493590
vt 0.846160 0.503760
vt 0.856720 0.498160
vt 0.866130 0.497160
vt 0.848950 0.515010
vt 0.856560 0.515080
vt 0.864580 0.518930
vt 0.848870 0.527460
vt 0.846650 0.525280
vt 0.849770 0.532860
vt 0.858680 0.420660
vt 0.827910 0.419660
vt 0.829220 0.398340
vt 0.854800 0.395730
vt 0.889920 0.420300
vt 0.887160 0.400950
vt 0.807290 0.516970
vt 0.800360 0.517080
vt 0.788430 0.494400
vt 0.798020 0.499770
vt 0.828320 0.222320
vt 0.832130 0.198480
vt 0.858740 0.206170
vt 0.849330 0.225260
vt 0.804230 0.216740
vt 0.806330 0.188880
vt 0.862450 0.450220
vt 0.825310 0.445460
vt 0.806900 0.226830
vt 0.807660 0.256830
vt 0.792630 0.261510
vt 0.781200 0.238930
vt 0.776050 0.266860
vt 0.758020 0.249130
vt 0.826730 0.252000
vt 0.821280 0.264230
vt 0.902060 0.465350
vt 0.881250 0.478190
vt 0.894210 0.439920
vt 0.918860 0.439740
vt 0.924230 0.459070
vt 0.917750 0.423050
vt 0.940010 0.442000
vt 0.940640 0.428890
vt 0.954590 0.436240
vt 0.956490 0.427470
vt 0.954910 0.445960
vt 0.943130 0.458210
vt 0.957660 0.459960
vt 0.970730 0.462980
vt 0.968690 0.450770
vt 0.967760 0.443830
vt 0.979800 0.464870
vt 0.979270 0.452730
vt 0.978220 0.446430
vt 0.967940 0.437770
vt 0.976950 0.441690
vt 0.970410 0.433460
vt 0.976090 0.438480
vt 0.975300 0.432250
vt 0.977530 0.438440
vt 0.984630 0.437960
vt 0.983580 0.442590
vt 0.980330 0.431240
vt 0.986510 0.435590
vt 0.967080 0.421880
vt 0.973760 0.422330
vt 0.962440 0.423210
vt 0.991340 0.438430
vt 0.990450 0.440570
vt 0.990380 0.445110
vt 0.993040 0.439170
vt 0.993460 0.440400
vt 0.995020 0.444040
vt 0.995060 0.440420
vt 0.994110 0.439330
vt 0.997210 0.441840
vt 0.997980 0.439240
vt 0.993100 0.437350
vt 0.997180 0.435770
vt 0.989320 0.434340
vt 0.993440 0.431900
vt 0.984530 0.430210
vt 0.988170 0.428960
vt 0.980360 0.422760
vt 0.985220 0.423350
vt 0.978290 0.477950
vt 0.970680 0.476920
vt 0.977230 0.491850
vt 0.970650 0.489860
vt 0.980230 0.502590
vt 0.973780 0.499320
vt 0.983460 0.508400
vt 0.976390 0.504650
vt 0.983200 0.512440
vt 0.978020 0.507580
vt 0.980610 0.515730
vt 0.979770 0.510780
vt 0.978970 0.516190
vt 0.978980 0.510940
vt 0.973160 0.514610
vt 0.976500 0.507790
vt 0.966620 0.509570
vt 0.973280 0.504200
vt 0.961920 0.497770
vt 0.966730 0.497160
vt 0.957910 0.484680
vt 0.963110 0.487180
vt 0.947360 0.474180
vt 0.949580 0.486690
vt 0.960190 0.475270
vt 0.959690 0.493680
vt 0.955140 0.495070
vt 0.960980 0.509620
vt 0.957680 0.506550
vt 0.962310 0.524540
vt 0.959350 0.520170
vt 0.955930 0.522170
vt 0.955490 0.507770
vt 0.953490 0.510470
vt 0.949750 0.505710
vt 0.952810 0.498940
vt 0.940750 0.498230
vt 0.937310 0.492120
vt 0.935310 0.502910
vt 0.952450 0.516270
vt 0.936130 0.516290
vt 0.953850 0.537960
vt 0.943380 0.540280
vt 0.957330 0.556780
vt 0.951150 0.559500
vt 0.959160 0.569900
vt 0.954440 0.572340
vt 0.959840 0.583170
vt 0.956840 0.582330
vt 0.957100 0.596340
vt 0.954170 0.590400
vt 0.946840 0.615800
vt 0.946600 0.602000
vt 0.801450 0.016540
vt 0.822430 0.017520
vt 0.820960 0.029440
vt 0.800310 0.027710
vt 0.938470 0.616600
vt 0.941860 0.595670
vt 0.948920 0.580630
vt 0.931840 0.584910
vt 0.941600 0.568580
vt 0.922690 0.609140
vt 0.915150 0.570240
vt 0.929090 0.550760
vt 0.900070 0.597490
vt 0.804970 0.074200
vt 0.780680 0.067820
vt 0.792300 0.047440
vt 0.815750 0.052570
vt 0.836930 0.054570
vt 0.827910 0.075570
vt 0.842430 0.032060
vt 0.842690 0.014640
vt 0.862670 0.029530
vt 0.854850 0.053170
vt 0.867570 0.009810
vt 0.886100 0.005630
vt 0.883310 0.025290
vt 0.896870 0.005710
vt 0.895760 0.025200
vt 0.909580 0.005370
vt 0.908260 0.025410
vt 0.903250 0.057720
vt 0.888210 0.055360
vt 0.873840 0.052980
vt 0.879330 0.080330
vt 0.863270 0.075570
vt 0.895920 0.085660
vt 0.846680 0.075050
vt 0.836680 0.100520
vt 0.816930 0.100330
vt 0.852360 0.101330
vt 0.793510 0.098060
vt 0.826430 0.126290
vt 0.806870 0.123020
vt 0.783750 0.119670
vt 0.767060 0.090500
vt 0.756360 0.108280
vt 0.876260 0.579970
vt 0.896770 0.548280
vt 0.860400 0.562500
vt 0.886640 0.530750
vt 0.776470 0.138370
vt 0.749120 0.122320
vt 0.854210 0.543270
vt 0.882410 0.507590
vt 0.917040 0.527440
vt 0.911700 0.507740
vt 0.906510 0.488950
vt 0.841240 0.279440
vt 0.829910 0.281300
vt 0.829940 0.306210
vt 0.834990 0.309340
vt 0.819970 0.277640
vt 0.825350 0.283150
vt 0.827290 0.305530
vt 0.790150 0.324250
vt 0.786570 0.325680
vt 0.768110 0.303540
vt 0.782410 0.312090
vt 0.780470 0.328900
vt 0.753910 0.304680
vt 0.769570 0.289430
vt 0.784370 0.298180
vt 0.753910 0.281120
vt 0.797990 0.137680
vt 0.810380 0.150260
vt 0.790940 0.162740
vt 0.824420 0.163180
vt 0.841610 0.134160
vt 0.859200 0.143340
vt 0.843100 0.172660
vt 0.868830 0.109440
vt 0.879620 0.150720
vt 0.869310 0.180910
vt 0.886930 0.117540
vt 0.906430 0.122750
vt 0.901450 0.153820
vt 0.915590 0.088790
vt 0.922470 0.057990
vt 0.935930 0.094460
vt 0.929090 0.128110
vt 0.940820 0.061690
vt 0.953640 0.132820
vt 0.958140 0.098420
vt 0.961780 0.064890
vt 0.964920 0.032710
vt 0.942580 0.026170
vt 0.924570 0.023370
vt 0.969470 0.017590
vt 0.947100 0.008660
vt 0.929530 0.003500
vt 0.988060 0.027510
vt 0.987070 0.038250
vt 0.964370 0.248510
vt 0.961930 0.252530
vt 0.956810 0.223650
vt 0.966500 0.223120
vt 0.968410 0.261400
vt 0.968070 0.263610
vt 0.974040 0.265600
vt 0.973460 0.267690
vt 0.978750 0.265860
vt 0.977930 0.268450
vt 0.982290 0.267380
vt 0.981370 0.269960
vt 0.987770 0.271330
vt 0.984920 0.273440
vt 0.992380 0.279080
vt 0.988770 0.280310
vt 0.996560 0.293100
vt 0.993060 0.293090
vt 0.993780 0.309120
vt 0.990110 0.308360
vt 0.990600 0.319810
vt 0.984490 0.307080
vt 0.988150 0.292550
vt 0.976220 0.305870
vt 0.981740 0.291820
vt 0.959370 0.304810
vt 0.969020 0.290020
vt 0.932690 0.300650
vt 0.946820 0.285850
vt 0.922490 0.266490
vt 0.903160 0.278300
vt 0.900960 0.235590
vt 0.871540 0.254060
vt 0.981190 0.136190
vt 0.976860 0.160150
vt 0.984220 0.100610
vt 0.925240 0.155410
vt 0.985130 0.064160
vt 0.947010 0.256470
vt 0.933320 0.225760
vt 0.967370 0.266370
vt 0.960980 0.273570
vt 0.974400 0.271130
vt 0.972540 0.278870
vt 0.979090 0.274010
vt 0.980450 0.280240
vt 0.982120 0.274500
vt 0.984890 0.280610
vt 0.977520 0.270330
vt 0.979810 0.271830
vt 0.789070 0.282630
vt 0.799200 0.280080
vt 0.804000 0.297230
vt 0.795650 0.300660
vt 0.792640 0.305850
vt 0.807320 0.306740
vt 0.802420 0.309120
vt 0.800590 0.312330
vt 0.800460 0.316700
vt 0.791540 0.314920
vt 0.800720 0.320470
vt 0.794200 0.322150
vt 0.823660 0.307480
vt 0.820610 0.301330
vt 0.818950 0.311900
vt 0.816800 0.309030
vt 0.814610 0.316150
vt 0.813750 0.315130
vt 0.806750 0.319200
vt 0.806990 0.317830
vt 0.808260 0.317620
vt 0.808740 0.318010
vt 0.812400 0.317260
vt 0.812490 0.316300
vt 0.808630 0.317240
vt 0.809270 0.317600
vt 0.811620 0.317180
vt 0.811860 0.316190
vt 0.806940 0.316480
vt 0.808240 0.316080
vt 0.808940 0.316930
vt 0.809640 0.317180
vt 0.809960 0.315680
vt 0.811470 0.305320
vt 0.811400 0.314620
vt 0.811440 0.316090
vt 0.811110 0.316830
vt 0.812500 0.314340
vt 0.814650 0.307250
vt 0.817030 0.297370
vt 0.811840 0.293700
vt 0.809100 0.276850
vt 0.928300 0.476900
vt 0.811000 0.516060
vt 0.811930 0.502140
vt 0.818960 0.516400
vt 0.815130 0.518840
vt 0.822960 0.512420
vt 0.818650 0.524530
vt 0.821890 0.523430
vt 0.823960 0.522080
vt 0.834560 0.526170
vt 0.841350 0.521370
vt 0.841520 0.525650
vt 0.835110 0.528700
vt 0.833120 0.523290
vt 0.838780 0.514680
vt 0.836130 0.509950
vt 0.831220 0.520920
vt 0.826750 0.530180
vt 0.827590 0.530700
vt 0.828090 0.531810
vt 0.825460 0.531930
vt 0.826050 0.532940
vt 0.824880 0.530600
vt 0.825390 0.529400
vt 0.824500 0.530680
vt 0.824190 0.531990
vt 0.823640 0.529780
vt 0.822780 0.531310
vt 0.827840 0.533110
vt 0.824380 0.529600
vt 0.826860 0.520800
vt 0.828480 0.509560
s 1
usemtl Boy01_Body_MAT1.001
f 993/1135/988 991/1136/989 987/1137/990 988/1138/991
f 988/1138/991 987/1137/990 989/1139/992 1022/1140/993
f 987/1137/990 990/1141/994 1030/1142/995 989/1139/992
f 991/1136/989 994/1143/996 990/1141/994 987/1137/990
f 992/1144/997 995/1145/998 994/1143/996 991/1136/989
f 1009/1146/999 992/1144/997 991/1136/989 993/1135/988
f 994/1143/996 995/1145/998 996/1147/1000
f 998/1148/1001 990/1141/994 994/1143/996 996/1147/1000
f 999/1149/1002 1000/1150/1003 997/1151/1004 996/1147/1000
f 996/1147/1000 997/1151/1004 1033/1152/1005 998/1148/1001
f 1002/1153/1006 999/1149/1002 996/1147/1000 995/1145/998
f 1000/1150/1003 999/1149/1002 1001/1154/1007 1094/1155/1008
f 1001/1154/1007 999/1149/1002 1002/1153/1006 1003/1156/1009
f 1004/1157/1010 1002/1153/1006 995/1145/998 992/1144/997
f 1003/1156/1009 1002/1153/1006 1004/1157/1010 1005/1158/1011
f 1117/1159/1012 1005/1158/1011 1004/1157/1010 1006/1160/1013
f 1008/1161/1014 1006/1160/1013 1004/1157/1010 1007/1162/1015
f 1009/1146/999 1007/1162/1015 1004/1157/1010 992/1144/997
f 1011/1163/1016 1008/1161/1014 1007/1162/1015 1010/1164/1017
f 1013/1165/1018 1010/1164/1017 1007/1162/1015 1009/1146/999
f 1157/1166/1019 1011/1163/1016 1010/1164/1017 1012/1167/1020
f 1012/1167/1020 1010/1164/1017 1013/1165/1018 1014/1168/1021
f 1014/1168/1021 1013/1165/1018 1015/1169/1022 1016/1170/1023
f 1013/1165/1018 1009/1146/999 993/1135/988 1015/1169/1022
f 1016/1170/1023 1015/1169/1022 1017/1171/1024 1018/1172/1025
f 1015/1169/1022 993/1135/988 988/1138/991 1017/1171/1024
f 1018/1172/1025 1017/1171/1024 1019/1173/1026 1020/1174/1027
f 1017/1171/1024 988/1138/991 1022/1140/993 1019/1173/1026
f 1020/1174/1027 1019/1173/1026 1021/1175/1028 1315/1176/1029
f 1019/1173/1026 1022/1140/993 1023/1177/1030 1021/1175/1028
f 1022/1140/993 989/1139/992 1025/1178/1031 1023/1177/1030
f 1023/1177/1030 1024/1179/1032 1314/1180/1033 1021/1175/1028
f 1026/1181/1034 1024/1179/1032 1023/1177/1030 1025/1178/1031
f 1027/1182/1035 1028/1183/1036 1026/1181/1034 1025/1178/1031
f 989/1139/992 1030/1142/995 1027/1182/1035 1025/1178/1031
f 1325/1184/1037 1028/1183/1036 1027/1182/1035 1029/1185/1038
f 1030/1142/995 1031/1186/1039 1029/1185/1038 1027/1182/1035
f 990/1141/994 998/1148/1001 1031/1186/1039 1030/1142/995
f 1031/1186/1039 998/1148/1001 1033/1152/1005 1032/1187/1040
f 1029/1185/1038 1031/1186/1039 1032/1187/1040 1035/1188/1041
f 1048/1189/1042 1034/1190/1043 1032/1187/1040 1033/1152/1005
f 1032/1187/1040 1034/1190/1043 1038/1191/1044 1035/1188/1041
f 1036/1192/1045 1325/1184/1037 1029/1185/1038 1035/1188/1041
f 1036/1192/1045 1035/1188/1041 1037/1193/1046 1330/1194/1047
f 1038/1191/1044 1039/1195/1048 1037/1193/1046 1035/1188/1041
f 1040/1196/1049 1041/1197/1050 1039/1198/1048 1038/1199/1044
f 1034/1200/1043 1043/1201/1051 1040/1202/1049 1038/1203/1044
f 1042/1204/1052 1055/1205/1053 1041/1197/1050 1040/1196/1049
f 1043/1201/1051 1044/1206/1054 1042/1207/1052 1040/1202/1049
f 1046/1208/1055 1044/1206/1054 1043/1201/1051 1045/1209/1056
f 1045/1209/1056 1043/1201/1051 1034/1200/1043 1048/1210/1042
f 1057/1211/1057 1046/1208/1055 1045/1209/1056 1047/1212/1058
f 1047/1212/1058 1045/1209/1056 1048/1210/1042 1049/1213/1059
f 1049/1214/1059 1048/1189/1042 1033/1152/1005 1050/1215/1060
f 1051/1216/1061 1049/1217/1059 1050/1218/1060 1052/1219/1062
f 1053/1220/1063 1047/1212/1058 1049/1213/1059 1051/1221/1061
f 1041/1197/1050 1053/1220/1063 1051/1221/1061 1039/1198/1048
f 1039/1222/1048 1051/1216/1061 1052/1219/1062 1037/1223/1046
f 1054/1224/1064 1057/1211/1057 1047/1212/1058 1053/1220/1063
f 1055/1205/1053 1054/1224/1064 1053/1220/1063 1041/1197/1050
f 1078/1225/1065 1056/1226/1066 1054/1224/1064 1055/1205/1053
f 1056/1226/1066 1058/1227/1067 1057/1211/1057 1054/1224/1064
f 1058/1227/1067 1059/1228/1068 1046/1208/1055 1057/1211/1057
f 1061/1229/1069 1059/1228/1068 1058/1227/1067 1060/1230/1070
f 1060/1230/1070 1058/1227/1067 1056/1226/1066 1062/1231/1071
f 1065/1232/1072 1061/1229/1069 1060/1230/1070 1063/1233/1073
f 1063/1233/1073 1060/1230/1070 1062/1231/1071 1064/1234/1074
f 1066/1235/1075 1063/1233/1073 1064/1234/1074 1068/1236/1076
f 1069/1237/1077 1065/1232/1072 1063/1233/1073 1066/1235/1075
f 1070/1238/1078 1069/1237/1077 1066/1235/1075 1067/1239/1079
f 1067/1240/1079 1066/1235/1075 1068/1236/1076 1077/1241/1080
f 1071/1242/1081 1065/1232/1072 1069/1237/1077 1070/1238/1078
f 1070/1238/1078 1067/1239/1079 1073/1243/1082 1071/1242/1081
f 1073/1243/1082 1074/1244/1083 1072/1245/1084 1071/1242/1081
f 1071/1242/1081 1072/1245/1084 1061/1229/1069 1065/1232/1072
f 1075/1246/1085 1076/1247/1086 1074/1248/1083 1073/1249/1082
f 1067/1240/1079 1077/1241/1080 1075/1246/1085 1073/1249/1082
f 1075/1246/1085 1064/1234/1074 1062/1231/1071 1076/1247/1086
f 1077/1241/1080 1068/1236/1076 1064/1234/1074 1075/1246/1085
f 1076/1247/1086 1062/1231/1071 1056/1226/1066 1078/1225/1065
f 1076/1247/1086 1078/1225/1065 1079/1250/1087 1074/1248/1083
f 1079/1250/1087 1078/1225/1065 1055/1205/1053 1042/1204/1052
f 1072/1245/1084 1074/1244/1083 1079/1251/1087 1080/1252/1088
f 1044/1206/1054 1080/1252/1088 1079/1251/1087 1042/1207/1052
f 1072/1245/1084 1080/1252/1088 1059/1228/1068 1061/1229/1069
f 1059/1228/1068 1080/1252/1088 1044/1206/1054 1046/1208/1055
f 1081/1253/1089 1331/1254/1090 1037/1223/1046 1052/1219/1062
f 1052/1219/1062 1082/1255/1091 1083/1256/1092 1081/1253/1089
f 1050/1218/1060 1085/1257/1093 1082/1255/1091 1052/1219/1062
f 1083/1256/1092 1082/1255/1091 1084/1258/1094 1334/1259/1095
f 1086/1260/1096 1084/1258/1094 1082/1255/1091 1085/1257/1093
f 1000/1150/1003 1086/1261/1096 1085/1262/1093 997/1151/1004
f 997/1151/1004 1085/1262/1093 1050/1215/1060 1033/1152/1005
f 1086/1263/1096 1000/1264/1003 1090/1265/1097 1087/1266/1098
f 1087/1266/1098 1088/1267/1099 1084/1268/1094 1086/1263/1096
f 1089/1269/1100 1396/1270/1101 1088/1267/1099 1087/1266/1098
f 1087/1266/1098 1090/1265/1097 1091/1271/1102 1089/1269/1100
f 1093/1272/1103 1091/1271/1102 1090/1265/1097 1092/1273/1104
f 1092/1273/1104 1090/1265/1097 1000/1264/1003 1094/1274/1008
f 1096/1275/1105 1093/1272/1103 1092/1273/1104 1095/1276/1106
f 1095/1276/1106 1092/1273/1104 1094/1274/1008 1098/1277/1107
f 1096/1275/1105 1095/1276/1106 1097/1278/1108 1395/1279/1109
f 1095/1276/1106 1098/1277/1107 1101/1280/1110 1097/1278/1108
f 1099/1281/1111 1103/1282/1112 1101/1283/1110 1098/1284/1107
f 1114/1285/1113 1099/1281/1111 1098/1284/1107 1100/1286/1114
f 1094/1155/1008 1001/1154/1007 1100/1286/1114 1098/1284/1107
f 1097/1287/1108 1101/1288/1110 1102/1289/1115 1393/1290/1116
f 1103/1291/1112 1104/1292/1117 1102/1293/1115 1101/1294/1110
f 1105/1295/1118 1107/1296/1119 1104/1292/1117 1103/1291/1112
f 1108/1297/1120 1105/1298/1118 1103/1282/1112 1099/1281/1111
f 1108/1299/1120 1109/1300/1121 1106/1301/1122 1105/1302/1118
f 1105/1302/1118 1106/1301/1122 1349/1303/1123 1107/1304/1119
f 1109/1300/1121 1108/1299/1120 1110/1305/1124 1258/1306/1125
f 1112/1307/1126 1110/1308/1124 1108/1297/1120 1111/1309/1127
f 1111/1309/1127 1108/1297/1120 1099/1281/1111 1114/1285/1113
f 1111/1309/1127 1113/1310/1128 1388/1311/1129 1112/1307/1126
f 1113/1310/1128 1111/1309/1127 1114/1285/1113 1115/1312/1130
f 1115/1312/1130 1114/1285/1113 1100/1286/1114 1005/1158/1011
f 1119/1313/1131 1113/1310/1128 1115/1312/1130 1116/1314/1132
f 1116/1314/1132 1115/1312/1130 1005/1158/1011 1117/1159/1012
f 1118/1315/1133 1116/1314/1132 1117/1159/1012 1160/1316/1134
f 1121/1317/1135 1119/1313/1131 1116/1314/1132 1118/1315/1133
f 1120/1318/1136 1388/1311/1129 1113/1310/1128 1119/1313/1131
f 1122/1319/1137 1120/1318/1136 1119/1313/1131 1121/1317/1135
f 1124/1320/1138 1122/1319/1137 1121/1317/1135 1123/1321/1139
f 1123/1321/1139 1121/1317/1135 1118/1315/1133 1126/1322/1140
f 1161/1323/1141 1124/1320/1138 1123/1321/1139 1125/1324/1142
f 1126/1322/1140 1128/1325/1143 1125/1324/1142 1123/1321/1139
f 1126/1322/1140 1118/1315/1133 1160/1316/1134 1127/1326/1144
f 1127/1326/1144 1129/1327/1145 1128/1325/1143 1126/1322/1140
f 1127/1326/1144 1131/1328/1146 1130/1329/1147 1129/1327/1145
f 1130/1329/1147 1131/1328/1146 1134/1330/1148 1132/1331/1149
f 1137/1332/1150 1133/1333/1151 1132/1331/1149 1134/1330/1148
f 1135/1334/1152 1138/1335/1153 1137/1332/1150 1134/1330/1148
f 1135/1334/1152 1134/1330/1148 1136/1336/1154 1158/1337/1155
f 1134/1330/1148 1131/1328/1146 1159/1338/1156 1136/1336/1154
f 1137/1332/1150 1138/1335/1153 1140/1339/1157 1139/1340/1158
f 1133/1333/1151 1137/1332/1150 1139/1340/1158 1141/1341/1159
f 1139/1340/1158 1140/1339/1157 1143/1342/1160 1142/1343/1161
f 1142/1343/1161 1144/1344/1162 1141/1341/1159 1139/1340/1158
f 1145/1345/1163 1142/1343/1161 1143/1342/1160 1147/1346/1164
f 1145/1345/1163 1146/1347/1165 1144/1344/1162 1142/1343/1161
f 1146/1347/1165 1145/1345/1163 1147/1346/1164 1149/1348/1166
f 1147/1346/1164 1143/1342/1160 1140/1339/1157 1148/1349/1167
f 1150/1350/1168 1149/1348/1166 1147/1346/1164 1148/1349/1167
f 1150/1350/1168 1148/1349/1167 1152/1351/1169 1151/1352/1170
f 1151/1352/1170 1152/1351/1169 1154/1353/1171 1153/1354/1172
f 1153/1354/1172 1154/1353/1171 1156/1355/1173 1155/1356/1174
f 1155/1356/1174 1156/1355/1173 1011/1163/1016 1157/1166/1019
f 1156/1355/1173 1158/1337/1155 1008/1161/1014 1011/1163/1016
f 1154/1353/1171 1135/1334/1152 1158/1337/1155 1156/1355/1173
f 1158/1337/1155 1136/1336/1154 1006/1160/1013 1008/1161/1014
f 1154/1353/1171 1152/1351/1169 1138/1335/1153 1135/1334/1152
f 1140/1339/1157 1138/1335/1153 1152/1351/1169 1148/1349/1167
f 1159/1338/1156 1006/1160/1013 1136/1336/1154
f 1160/1316/1134 1117/1159/1012 1006/1160/1013 1159/1338/1156
f 1131/1328/1146 1127/1326/1144 1160/1316/1134 1159/1338/1156
f 1162/1357/1175 1163/1358/1176 1124/1320/1138 1161/1323/1141
f 1164/1359/1177 1165/1360/1178 1163/1358/1176 1162/1357/1175
f 1165/1360/1178 1164/1359/1177 1166/1361/1179 1167/1362/1180
f 1168/1363/1181 1169/1364/1182 1167/1362/1180 1166/1361/1179
f 1168/1363/1181 1170/1365/1183 1171/1366/1184 1169/1364/1182
f 1170/1365/1183 1172/1367/1185 1173/1368/1186 1171/1366/1184
f 1174/1369/1187 1175/1370/1188 1173/1368/1186 1172/1367/1185
f 1174/1369/1187 1176/1371/1189 1177/1372/1190 1175/1370/1188
f 1178/1373/1191 1179/1374/1192 1177/1372/1190 1176/1371/1189
f 1180/1375/1193 1181/1376/1194 1179/1374/1192 1178/1373/1191
f 1182/1377/1195 1184/1378/1196 1181/1376/1194 1180/1375/1193
f 1183/1379/1197 1182/1377/1195 1185/1380/1198
f 1182/1377/1195 1183/1379/1197 1392/1381/1199 1184/1378/1196
f 1186/1382/1200 1187/1383/1201 1185/1380/1198 1182/1377/1195
f 1187/1383/1201 1186/1382/1200 1188/1384/1202 1189/1385/1203
f 1190/1386/1204 1191/1387/1205 1189/1385/1203 1188/1384/1202
f 1192/1388/1206 1191/1387/1205 1190/1386/1204
f 1193/1389/1207 1189/1385/1203 1191/1387/1205 1192/1388/1206
f 1194/1390/1208 1193/1389/1207 1192/1388/1206
f 1193/1389/1207 1194/1390/1208 1195/1391/1209 1196/1392/1210
f 1197/1393/1211 1389/1394/1212 1196/1392/1210 1195/1391/1209
f 1198/1395/1213 1197/1393/1211 1195/1391/1209
f 1199/1396/1214 1200/1397/1215 1198/1395/1213 1195/1391/1209
f 1200/1397/1215 1199/1396/1214 1201/1398/1216 1202/1399/1217
f 1202/1399/1217 1201/1398/1216 1203/1400/1218 1204/1401/1219
f 1205/1402/1220 1206/1403/1221 1204/1401/1219 1203/1400/1218
f 1207/1404/1222 1208/1405/1223 1206/1403/1221 1205/1402/1220
f 1209/1406/1224 1210/1407/1225 1208/1405/1223 1207/1404/1222
f 1211/1408/1226 1214/1409/1227 1210/1407/1225 1209/1406/1224
f 1211/1410/1226 1212/1411/1228 1225/1412/1229 1213/1413/1230
f 1214/1409/1227 1211/1408/1226 1213/1414/1230 1215/1415/1231
f 1215/1415/1231 1216/1416/1232 1210/1407/1225 1214/1409/1227
f 1217/1417/1233 1218/1418/1234 1216/1416/1232 1215/1415/1231
f 1215/1415/1231 1213/1414/1230 1220/1419/1235 1217/1417/1233
f 1218/1418/1234 1217/1417/1233 1219/1420/1236 1391/1421/1237
f 1217/1417/1233 1220/1419/1235 1221/1422/1238 1219/1420/1236
f 1223/1423/1239 1221/1424/1238 1220/1425/1235 1222/1426/1240
f 1213/1413/1230 1225/1412/1229 1222/1426/1240 1220/1425/1235
f 1223/1423/1239 1222/1426/1240 1224/1427/1241 1244/1428/1242
f 1225/1412/1229 1226/1429/1243 1224/1427/1241 1222/1426/1240
f 1226/1429/1243 1225/1412/1229 1212/1411/1228 1228/1430/1244
f 1227/1431/1245 1241/1432/1246 1224/1427/1241 1226/1429/1243
f 1229/1433/1247 1227/1431/1245 1226/1429/1243 1228/1430/1244
f 1229/1433/1247 1230/1434/1248 1231/1435/1249 1227/1431/1245
f 1230/1434/1248 1232/1436/1250 1234/1437/1251 1231/1435/1249
f 1232/1436/1250 1233/1438/1252 1235/1439/1253 1234/1437/1251
f 1234/1437/1251 1235/1439/1253 1238/1440/1254 1236/1441/1255
f 1231/1435/1249 1234/1437/1251 1236/1441/1255 1239/1442/1256
f 1236/1441/1255 1237/1443/1257 1240/1444/1258 1239/1442/1256
f 1238/1440/1254 1279/1445/1259 1237/1443/1257 1236/1441/1255
f 1239/1442/1256 1240/1444/1258 1242/1446/1260 1241/1432/1246
f 1227/1431/1245 1231/1435/1249 1239/1442/1256 1241/1432/1246
f 1224/1427/1241 1241/1432/1246 1242/1446/1260 1244/1428/1242
f 1243/1447/1261 1245/1448/1262 1244/1428/1242 1242/1446/1260
f 1272/1449/1263 1243/1447/1261 1242/1446/1260 1240/1444/1258
f 1245/1448/1262 1247/1450/1264 1223/1423/1239 1244/1428/1242
f 1243/1447/1261 1270/1451/1265 1246/1452/1266 1245/1448/1262
f 1245/1448/1262 1246/1452/1266 1248/1453/1267 1247/1450/1264
f 1249/1454/1268 1247/1450/1264 1248/1453/1267 1251/1455/1269
f 1223/1423/1239 1247/1450/1264 1249/1454/1268 1221/1424/1238
f 1219/1420/1236 1221/1422/1238 1249/1456/1268 1250/1457/1270
f 1250/1457/1270 1249/1456/1268 1251/1458/1269 1253/1459/1271
f 1248/1453/1267 1265/1460/1272 1252/1461/1273 1251/1455/1269
f 1251/1458/1269 1252/1462/1273 1255/1463/1274 1253/1459/1271
f 1390/1464/1275 1250/1457/1270 1253/1459/1271 1254/1465/1276
f 1254/1465/1276 1253/1459/1271 1255/1463/1274 1256/1466/1277
f 1256/1466/1277 1255/1463/1274 1110/1308/1124 1112/1307/1126
f 1258/1306/1125 1110/1305/1124 1255/1467/1274 1257/1468/1278
f 1260/1469/1279 1257/1468/1278 1255/1467/1274 1252/1470/1273
f 1386/1471/1280 1258/1306/1125 1257/1468/1278 1259/1472/1281
f 1259/1472/1281 1257/1468/1278 1260/1469/1279 1261/1473/1282
f 1261/1474/1282 1260/1475/1279 1262/1476/1283 1263/1477/1284
f 1262/1476/1283 1260/1475/1279 1252/1478/1273 1265/1479/1272
f 1263/1477/1284 1262/1476/1283 1264/1480/1285 1348/1481/1286
f 1267/1482/1287 1264/1480/1285 1262/1476/1283 1265/1479/1272
f 1265/1460/1272 1266/1483/1288 1268/1484/1289 1267/1485/1287
f 1246/1452/1266 1266/1483/1288 1265/1460/1272 1248/1453/1267
f 1267/1485/1287 1268/1484/1289 1269/1486/1290 1107/1296/1119
f 1349/1303/1123 1264/1480/1285 1267/1482/1287 1107/1304/1119
f 1271/1487/1291 1269/1486/1290 1268/1484/1289 1270/1451/1265
f 1270/1451/1265 1268/1484/1289 1266/1483/1288 1246/1452/1266
f 1272/1449/1263 1271/1487/1291 1270/1451/1265 1243/1447/1261
f 1273/1488/1292 1274/1489/1293 1269/1486/1290 1271/1487/1291
f 1276/1490/1294 1273/1488/1292 1271/1487/1291 1272/1449/1263
f 1275/1491/1295 1335/1492/1296 1274/1489/1293 1273/1488/1292
f 1277/1493/1297 1275/1491/1295 1273/1488/1292 1276/1490/1294
f 1277/1493/1297 1276/1490/1294 1237/1443/1257 1279/1445/1259
f 1237/1443/1257 1276/1490/1294 1272/1449/1263 1240/1444/1258
f 1278/1494/1298 1333/1495/1299 1275/1491/1295 1277/1493/1297
f 1279/1445/1259 1280/1496/1300 1278/1494/1298 1277/1493/1297
f 1281/1497/1301 1280/1496/1300 1279/1445/1259 1238/1440/1254
f 1282/1498/1302 1283/1499/1303 1278/1494/1298 1280/1496/1300
f 1285/1500/1304 1282/1498/1302 1280/1496/1300 1281/1497/1301
f 1328/1501/1305 1283/1499/1303 1282/1498/1302 1284/1502/1306
f 1284/1502/1306 1282/1498/1302 1285/1500/1304 1286/1503/1307
f 1288/1504/1308 1286/1503/1307 1285/1500/1304 1287/1505/1309
f 1287/1505/1309 1285/1500/1304 1281/1497/1301 1289/1506/1310
f 1291/1507/1311 1288/1504/1308 1287/1505/1309 1290/1508/1312
f 1287/1505/1309 1289/1506/1310 1292/1509/1313 1290/1508/1312
f 1289/1506/1310 1235/1439/1253 1233/1438/1252 1292/1509/1313
f 1293/1510/1314 1294/1511/1315 1288/1504/1308 1291/1507/1311
f 1295/1512/1316 1296/1513/1317 1294/1514/1315 1293/1515/1314
f 1297/1516/1318 1298/1517/1319 1296/1513/1317 1295/1512/1316
f 1298/1517/1319 1297/1516/1318 1299/1518/1320 1300/1519/1321
f 1301/1520/1322 1302/1521/1323 1300/1519/1321 1299/1518/1320
f 1303/1522/1324 1304/1523/1325 1302/1521/1323 1301/1520/1322
f 1305/1524/1326 1306/1525/1327 1304/1523/1325 1303/1522/1324
f 1306/1525/1327 1305/1524/1326 1307/1526/1328 1308/1527/1329
f 1308/1527/1329 1307/1526/1328 1309/1528/1330 1310/1529/1331
f 1311/1530/1332 1312/1531/1333 1310/1529/1331 1309/1528/1330
f 1312/1531/1333 1311/1530/1332 1313/1532/1334 1314/1180/1033
f 1314/1180/1033 1313/1532/1334 1315/1176/1029 1021/1175/1028
f 1314/1180/1033 1024/1179/1032 1316/1533/1335 1312/1531/1333
f 1310/1529/1331 1312/1531/1333 1316/1533/1335 1317/1534/1336
f 1317/1534/1336 1316/1533/1335 1318/1535/1337 1319/1536/1338
f 1318/1535/1337 1316/1533/1335 1024/1179/1032 1026/1181/1034
f 1320/1537/1339 1321/1538/1340 1319/1536/1338 1318/1535/1337
f 1028/1183/1036 1320/1537/1339 1318/1535/1337 1026/1181/1034
f 1322/1539/1341 1323/1540/1342 1321/1538/1340 1320/1537/1339
f 1322/1539/1341 1320/1537/1339 1028/1183/1036 1325/1184/1037
f 1326/1541/1343 1323/1540/1342 1322/1539/1341 1324/1542/1344
f 1324/1542/1344 1322/1539/1341 1325/1184/1037 1036/1192/1045
f 1329/1543/1345 1326/1541/1343 1324/1542/1344 1327/1544/1346
f 1324/1542/1344 1036/1192/1045 1330/1194/1047 1327/1544/1346
f 1327/1545/1346 1330/1546/1047 1331/1254/1090 1328/1501/1305
f 1327/1545/1346 1328/1501/1305 1284/1502/1306 1329/1547/1345
f 1331/1254/1090 1330/1546/1047 1037/1223/1046
f 1331/1254/1090 1081/1253/1089 1083/1256/1092 1332/1548/1347
f 1328/1501/1305 1331/1254/1090 1332/1548/1347 1283/1499/1303
f 1332/1548/1347 1083/1256/1092 1334/1259/1095 1333/1495/1299
f 1283/1499/1303 1332/1548/1347 1333/1495/1299 1278/1494/1298
f 1275/1491/1295 1333/1495/1299 1334/1259/1095 1335/1492/1296
f 1335/1492/1296 1334/1259/1095 1084/1258/1094 1102/1293/1115
f 1274/1489/1293 1335/1492/1296 1102/1293/1115 1104/1292/1117
f 1336/1549/1348 1329/1547/1345 1284/1502/1306 1286/1503/1307
f 1337/1550/1349 1326/1541/1343 1329/1543/1345 1336/1551/1348
f 1336/1551/1348 1294/1514/1315 1296/1513/1317 1337/1550/1349
f 1294/1511/1315 1336/1549/1348 1286/1503/1307 1288/1504/1308
f 1339/1552/1350 1338/1553/1351 1337/1550/1349 1296/1513/1317
f 1326/1541/1343 1337/1550/1349 1338/1553/1351 1323/1540/1342
f 1339/1552/1350 1341/1554/1352 1340/1555/1353 1338/1553/1351
f 1340/1555/1353 1321/1538/1340 1323/1540/1342 1338/1553/1351
f 1341/1554/1352 1344/1556/1354 1342/1557/1355 1340/1555/1353
f 1342/1557/1355 1319/1536/1338 1321/1538/1340 1340/1555/1353
f 1344/1556/1354 1345/1558/1356 1343/1559/1357 1342/1557/1355
f 1342/1557/1355 1343/1559/1357 1317/1534/1336 1319/1536/1338
f 1347/1560/1358 1346/1561/1359 1344/1556/1354 1341/1554/1352
f 1346/1561/1359 1345/1558/1356 1344/1556/1354
f 1306/1525/1327 1345/1558/1356 1346/1561/1359 1304/1523/1325
f 1304/1523/1325 1346/1561/1359 1347/1560/1358 1302/1521/1323
f 1302/1521/1323 1347/1560/1358 1341/1554/1352 1300/1519/1321
f 1345/1558/1356 1306/1525/1327 1308/1527/1329 1343/1559/1357
f 1343/1559/1357 1308/1527/1329 1310/1529/1331 1317/1534/1336
f 1300/1519/1321 1341/1554/1352 1339/1552/1350 1298/1517/1319
f 1296/1513/1317 1298/1517/1319 1339/1552/1350
f 1281/1497/1301 1238/1440/1254 1235/1439/1253 1289/1506/1310
f 1269/1486/1290 1274/1489/1293 1104/1292/1117 1107/1296/1119
f 1348/1481/1286 1264/1480/1285 1349/1303/1123 1350/1562/1360
f 1349/1303/1123 1106/1301/1122 1351/1563/1361 1350/1562/1360
f 1350/1562/1360 1351/1563/1361 1353/1564/1362 1352/1565/1363
f 1352/1565/1363 1355/1566/1364 1348/1481/1286 1350/1562/1360
f 1352/1565/1363 1353/1564/1362 1375/1567/1365 1354/1568/1366
f 1354/1568/1366 1356/1569/1367 1355/1566/1364 1352/1565/1363
f 1356/1569/1367 1358/1570/1368 1357/1571/1369 1355/1566/1364
f 1348/1481/1286 1355/1566/1364 1357/1571/1369 1263/1477/1284
f 1361/1572/1370 1359/1573/1371 1357/1571/1369 1358/1570/1368
f 1263/1477/1284 1357/1571/1369 1359/1573/1371 1261/1474/1282
f 1261/1473/1282 1359/1574/1371 1360/1575/1372 1259/1472/1281
f 1360/1575/1372 1359/1574/1371 1361/1576/1370 1362/1577/1373
f 1362/1577/1373 1361/1576/1370 1363/1578/1374 1365/1579/1375
f 1363/1580/1374 1361/1572/1370 1358/1570/1368 1364/1581/1376
f 1364/1581/1376 1369/1582/1377 1366/1583/1378 1363/1580/1374
f 1365/1579/1375 1363/1578/1374 1366/1584/1378 1368/1585/1379
f 1369/1582/1377 1370/1586/1380 1367/1587/1381 1366/1583/1378
f 1366/1584/1378 1367/1588/1381 1379/1589/1382 1368/1585/1379
f 1372/1590/1383 1370/1586/1380 1369/1582/1377 1364/1581/1376
f 1373/1591/1384 1371/1592/1385 1370/1586/1380 1372/1590/1383
f 1370/1586/1380 1371/1592/1385 1377/1593/1386 1367/1587/1381
f 1373/1591/1384 1372/1590/1383 1356/1569/1367 1354/1568/1366
f 1372/1590/1383 1364/1581/1376 1358/1570/1368 1356/1569/1367
f 1371/1592/1385 1373/1591/1384 1374/1594/1387 1377/1593/1386
f 1354/1568/1366 1375/1567/1365 1374/1594/1387 1373/1591/1384
f 1374/1594/1387 1375/1567/1365 1383/1595/1388 1376/1596/1389
f 1378/1597/1390 1377/1598/1386 1374/1594/1387 1376/1596/1389
f 1378/1597/1390 1379/1589/1382 1367/1588/1381 1377/1598/1386
f 1379/1589/1382 1378/1597/1390 1376/1596/1389 1380/1599/1391
f 1365/1579/1375 1368/1585/1379 1379/1589/1382 1380/1599/1391
f 1380/1599/1391 1381/1600/1392 1362/1577/1373 1365/1579/1375
f 1376/1596/1389 1383/1595/1388 1381/1600/1392 1380/1599/1391
f 1362/1577/1373 1381/1600/1392 1382/1601/1393 1360/1575/1372
f 1383/1595/1388 1384/1602/1394 1382/1601/1393 1381/1600/1392
f 1375/1567/1365 1353/1564/1362 1384/1602/1394 1383/1595/1388
f 1386/1471/1280 1382/1601/1393 1384/1602/1394 1385/1603/1395
f 1353/1564/1362 1351/1563/1361 1385/1603/1395 1384/1602/1394
f 1385/1603/1395 1109/1300/1121 1258/1306/1125 1386/1471/1280
f 1351/1563/1361 1106/1301/1122 1109/1300/1121 1385/1603/1395
f 1360/1575/1372 1382/1601/1393 1386/1471/1280 1259/1472/1281
f 1389/1394/1212 1254/1465/1276 1256/1466/1277 1387/1604/1396
f 1112/1307/1126 1388/1311/1129 1387/1604/1396 1256/1466/1277
f 1387/1604/1396 1183/1379/1197 1185/1380/1198 1389/1394/1212
f 1183/1379/1197 1387/1604/1396 1388/1311/1129 1120/1318/1136
f 1254/1465/1276 1389/1394/1212 1197/1393/1211 1198/1395/1213
f 1187/1383/1201 1196/1392/1210 1389/1394/1212 1185/1380/1198
f 1200/1397/1215 1390/1464/1275 1254/1465/1276 1198/1395/1213
f 1391/1421/1237 1219/1420/1236 1250/1457/1270 1390/1464/1275
f 1202/1399/1217 1391/1421/1237 1390/1464/1275 1200/1397/1215
f 1204/1401/1219 1218/1418/1234 1391/1421/1237 1202/1399/1217
f 1206/1403/1221 1216/1416/1232 1218/1418/1234 1204/1401/1219
f 1216/1416/1232 1206/1403/1221 1208/1405/1223 1210/1407/1225
f 1189/1385/1203 1193/1389/1207 1196/1392/1210 1187/1383/1201
f 1167/1362/1180 1181/1376/1194 1184/1378/1196 1165/1360/1178
f 1165/1360/1178 1184/1378/1196 1392/1381/1199 1163/1358/1176
f 1163/1358/1176 1392/1381/1199 1122/1319/1137 1124/1320/1138
f 1392/1381/1199 1183/1379/1197 1120/1318/1136 1122/1319/1137
f 1169/1364/1182 1179/1374/1192 1181/1376/1194 1167/1362/1180
f 1177/1372/1190 1179/1374/1192 1169/1364/1182 1171/1366/1184
f 1177/1372/1190 1171/1366/1184 1173/1368/1186 1175/1370/1188
f 1088/1267/1099 1393/1290/1116 1102/1289/1115 1084/1268/1094
f 1395/1605/1109 1097/1287/1108 1393/1290/1116 1394/1606/1397
f 1396/1270/1101 1394/1606/1397 1393/1290/1116 1088/1267/1099
f 1397/1607/1398 1400/1608/1399 1395/1605/1109 1394/1606/1397
f 1399/1609/1400 1397/1607/1398 1394/1606/1397 1396/1270/1101
f 1401/1610/1401 1400/1608/1399 1397/1607/1398 1398/1611/1402
f 1398/1611/1402 1397/1607/1398 1399/1609/1400 1419/1612/1403
f 1403/1613/1404 1402/1614/1405 1400/1615/1399 1401/1616/1401
f 1395/1279/1109 1400/1615/1399 1402/1614/1405 1096/1275/1105
f 1403/1613/1404 1406/1617/1406 1404/1618/1407 1402/1614/1405
f 1402/1614/1405 1404/1618/1407 1093/1272/1103 1096/1275/1105
f 1404/1618/1407 1405/1619/1408 1091/1271/1102 1093/1272/1103
f 1407/1620/1409 1405/1619/1408 1404/1618/1407 1406/1617/1406
f 1409/1621/1410 1407/1620/1409 1406/1617/1406 1408/1622/1411
f 1408/1622/1411 1406/1617/1406 1403/1613/1404 1410/1623/1412
f 1411/1624/1413 1409/1621/1410 1408/1622/1411
f 1413/1625/1414 1411/1624/1413 1408/1622/1411 1410/1623/1412
f 1412/1626/1415 1418/1627/1416 1409/1621/1410 1411/1624/1413
f 1414/1628/1417 1412/1626/1415 1411/1624/1413 1413/1629/1414
f 1416/1630/1418 1414/1628/1417 1413/1629/1414 1415/1631/1419
f 1413/1625/1414 1410/1623/1412 1415/1632/1419
f 1410/1623/1412 1403/1613/1404 1401/1616/1401 1415/1632/1419
f 1415/1631/1419 1401/1610/1401 1398/1611/1402 1416/1630/1418
f 1416/1630/1418 1398/1611/1402 1419/1612/1403 1417/1633/1420
f 1414/1628/1417 1416/1630/1418 1417/1633/1420
f 1412/1626/1415 1414/1628/1417 1417/1633/1420 1418/1627/1416
f 1418/1627/1416 1417/1633/1420 1419/1612/1403 1420/1634/1421
f 1420/1634/1421 1419/1612/1403 1399/1609/1400 1421/1635/1422
f 1420/1634/1421 1407/1620/1409 1409/1621/1410 1418/1627/1416
f 1421/1635/1422 1405/1619/1408 1407/1620/1409 1420/1634/1421
f 1089/1269/1100 1091/1271/1102 1405/1619/1408 1421/1635/1422
f 1421/1635/1422 1399/1609/1400 1396/1270/1101 1089/1269/1100
f 1001/1154/1007 1003/1156/1009 1005/1158/1011 1100/1286/1114
o Boy01_Body_Geo.017
v -0.173878 2.087419 0.276377
v -0.145820 2.043952 0.288769
v -0.195731 2.071598 0.288671
v -0.147875 2.099618 0.276067
v -0.174526 2.086478 0.270402
v -0.200943 2.067659 0.284685
v -0.162196 2.060201 0.259639
v -0.143447 2.101400 0.269884
v -0.131805 2.074476 0.257786
v -0.120729 2.107190 0.282922
v -0.108530 2.078907 0.267010
v -0.114405 2.102027 0.305009
v -0.128371 2.103775 0.288149
v -0.123000 2.098895 0.308729
v -0.133244 2.086745 0.328086
v -0.155427 2.073098 0.339620
v -0.126228 2.087639 0.329223
v -0.108981 2.053636 0.305159
v -0.151515 2.071723 0.343659
v -0.132395 2.033414 0.319442
v -0.181346 2.058046 0.341835
v -0.161515 2.018870 0.321146
v -0.204808 2.050848 0.326623
v -0.180247 2.062165 0.336718
v -0.199795 2.056181 0.322922
v -0.205165 2.060127 0.306538
v -0.212222 2.054256 0.305914
v -0.195201 2.022637 0.292418
v -0.186689 2.039902 0.273044
v -0.185637 2.015188 0.309943
v -0.099889 2.071352 0.285057
vn -0.0960 0.5507 0.8292
vn -0.4000 0.8284 0.3922
vn -0.4182 0.4826 0.7695
vn 0.0912 0.7604 0.6431
vn -0.7106 0.0284 -0.7030
vn -0.3981 0.2602 -0.8797
vn -0.0220 0.4953 -0.8684
vn -0.6847 -0.0433 -0.7276
vn -0.3699 0.2044 -0.9063
vn 0.0157 0.4232 -0.9059
vn 0.5308 0.6723 -0.5160
vn 0.6037 0.5674 -0.5600
vn -0.6799 0.5374 0.4990
vn 0.8609 0.4358 0.2625
vn 0.9348 0.2865 0.2097
vn -0.7961 0.5775 0.1808
vn -0.7242 0.6672 -0.1743
vn 0.6858 0.0513 0.7260
vn -0.4804 0.8147 -0.3248
vn 0.3475 -0.1912 0.9180
vn 0.7566 -0.0638 0.6508
vn 0.4179 -0.3184 0.8509
vn -0.1611 -0.3578 0.9198
vn -0.0268 -0.4927 0.8698
vn -0.2296 0.9386 -0.2574
vn -0.7011 -0.4344 0.5655
vn -0.5467 -0.5882 0.5959
vn -0.0699 0.9973 0.0219
vn 0.0372 0.9261 0.3755
vn -0.9414 -0.2840 -0.1822
vn -0.8993 -0.3955 -0.1866
vt 0.317160 0.469950
vt 0.315610 0.483150
vt 0.302640 0.473720
vt 0.331780 0.472220
vt 0.043136 0.938565
vt 0.049345 0.938565
vt 0.049345 0.948135
vt 0.043136 0.948135
vt 0.049345 0.957714
vt 0.043136 0.957714
vt 0.005250 0.938565
vt 0.005250 0.948135
vt 0.005250 0.957714
vt 0.043136 0.967293
vt 0.005250 0.967293
vt 0.049345 0.967293
vt 0.043136 0.976863
vt 0.005250 0.976863
vt 0.049345 0.976863
vt 0.294140 0.481870
vt 0.294940 0.491540
vt 0.304710 0.498940
vt 0.049345 0.986442
vt 0.043136 0.986442
vt 0.319190 0.500410
vt 0.049345 0.996021
vt 0.043136 0.996021
vt 0.005250 0.986442
vt 0.005250 0.996021
vt 0.005250 0.900259
vt 0.043136 0.900259
vt 0.043136 0.909838
vt 0.005250 0.909838
vt 0.049345 0.900259
vt 0.049345 0.909838
vt 0.043136 0.919407
vt 0.005250 0.919407
vt 0.049345 0.919407
vt 0.332480 0.495920
vt 0.340720 0.488120
vt 0.340700 0.479290
vt 0.049345 0.928986
vt 0.043136 0.928986
vt 0.005250 0.928986
s 1
usemtl Boy01_Body_MAT1.001
f 1422/1636/1423 1423/1637/1424 1425/1638/1425
f 1424/1639/1426 1423/1637/1424 1422/1636/1423
f 1427/1640/1427 1424/1641/1426 1422/1642/1423 1426/1643/1428
f 1426/1643/1428 1422/1642/1423 1425/1644/1425 1429/1645/1429
f 1450/1646/1430 1427/1640/1427 1426/1643/1428 1428/1647/1431
f 1428/1647/1431 1426/1643/1428 1429/1645/1429 1430/1648/1432
f 1430/1648/1432 1429/1645/1429 1431/1649/1433 1432/1650/1434
f 1429/1645/1429 1425/1644/1425 1434/1651/1435 1431/1649/1433
f 1432/1650/1434 1431/1649/1433 1433/1652/1436 1452/1653/1437
f 1431/1649/1433 1434/1651/1435 1435/1654/1438 1433/1652/1436
f 1425/1638/1425 1423/1637/1424 1434/1655/1435
f 1434/1655/1435 1423/1637/1424 1435/1656/1438
f 1435/1656/1438 1423/1637/1424 1436/1657/1439
f 1433/1652/1436 1435/1654/1438 1436/1658/1439 1438/1659/1440
f 1436/1657/1439 1423/1637/1424 1437/1660/1441
f 1438/1659/1440 1436/1658/1439 1437/1661/1441 1440/1662/1442
f 1452/1653/1437 1433/1652/1436 1438/1659/1440 1439/1663/1443
f 1439/1663/1443 1438/1659/1440 1440/1662/1442 1441/1664/1444
f 1441/1665/1444 1440/1666/1442 1442/1667/1445 1443/1668/1446
f 1440/1666/1442 1437/1669/1441 1445/1670/1447 1442/1667/1445
f 1443/1668/1446 1442/1667/1445 1444/1671/1448 1451/1672/1449
f 1442/1667/1445 1445/1670/1447 1446/1673/1450 1444/1671/1448
f 1437/1660/1441 1423/1637/1424 1445/1674/1447
f 1445/1674/1447 1423/1637/1424 1446/1675/1450
f 1446/1675/1450 1423/1637/1424 1447/1676/1451
f 1444/1671/1448 1446/1673/1450 1447/1677/1451 1448/1678/1452
f 1447/1676/1451 1423/1637/1424 1424/1639/1426
f 1448/1678/1452 1447/1677/1451 1424/1641/1426 1427/1640/1427
f 1451/1672/1449 1444/1671/1448 1448/1678/1452 1449/1679/1453
f 1449/1679/1453 1448/1678/1452 1427/1640/1427 1450/1646/1430
o h_Geo
v 0.342971 2.061252 0.288786
v 0.343545 2.028093 0.277251
v 0.387363 2.062019 0.213518
v 0.386953 2.093323 0.228044
v 0.393130 2.104977 0.164753
v 0.364206 2.037602 0.258145
v 0.332053 2.114678 0.294216
v 0.362056 2.069181 0.269957
v 0.346214 2.123581 0.280502
v 0.393688 2.123688 0.184606
v 0.354520 2.100188 0.274703
v 0.335861 2.095034 0.292606
v 0.343778 2.138287 0.284972
v 0.330878 2.132673 0.297809
v 0.392324 2.081957 0.187811
v 0.388303 2.128610 0.214530
v 0.381385 2.115429 0.235714
v 0.368504 2.107987 0.256415
v 0.378970 2.050508 0.235985
v 0.376017 2.081692 0.250153
v 0.392495 2.108219 0.205011
v 0.391459 2.140645 0.190552
v 0.315815 2.027009 0.292530
v 0.316720 2.059474 0.302090
v 0.283974 2.030570 0.303184
v 0.288477 2.063460 0.312026
v 0.312889 2.116707 0.304037
v 0.313773 2.132098 0.306162
v 0.312096 2.091356 0.304685
v 0.210853 2.085973 0.313728
v 0.197833 2.064692 0.302677
v 0.212426 2.103714 0.316989
v 0.225376 2.047516 0.305718
v 0.256087 2.034872 0.306300
v 0.263589 2.091114 0.318912
v 0.238559 2.097722 0.320281
v 0.288459 2.091443 0.312952
v 0.260848 2.067298 0.317122
v 0.234047 2.075535 0.316911
v 0.351429 2.144521 0.261604
v 0.344378 2.152013 0.270977
v 0.380795 2.151798 0.216834
v 0.370458 2.146266 0.237151
v 0.385806 2.161083 0.193405
v 0.297095 2.142260 0.304369
v 0.288414 2.131522 0.306107
v 0.259875 2.123455 0.315248
v 0.236699 2.122075 0.318598
v 0.211252 2.125077 0.316680
vn 0.5920 -0.1253 0.7961
vn 0.5985 -0.2442 0.7630
vn 0.7886 -0.1761 0.5892
vn 0.7722 -0.0675 0.6317
vn 0.8947 -0.1247 0.4289
vn 0.8681 -0.0317 0.4954
vn 0.5891 -0.1207 0.7990
vn 0.5769 -0.0117 0.8167
vn 0.7735 0.1307 0.6202
vn 0.8556 0.0588 0.5143
vn 0.7406 0.1136 0.6623
vn 0.5707 0.0299 0.8206
vn 0.8034 0.2346 0.5473
vn 0.9206 0.1762 0.3484
vn 0.8505 0.1786 0.4947
vn 0.9266 0.1813 0.3296
vn 0.8923 0.2538 0.3732
vn 0.7969 0.2587 0.5460
vn 0.7943 0.1751 0.5818
vn 0.9616 -0.0963 0.2570
vn 0.9475 -0.0248 0.3187
vn 0.9933 -0.0606 0.0983
vn 0.9882 -0.0010 0.1534
vn 0.9993 -0.0313 0.0183
vn 0.9969 0.0229 0.0758
vn 0.9557 0.1885 0.2262
vn 0.9297 0.2483 0.2719
vn 0.3847 -0.1680 0.9076
vn 0.3782 -0.2787 0.8828
vn 0.1964 -0.2910 0.9363
vn 0.2289 -0.1864 0.9554
vn 0.2009 -0.0762 0.9766
vn 0.3040 0.0303 0.9522
vn 0.3632 0.0201 0.9315
vn 0.2014 0.1082 0.9735
vn -0.0019 -0.0141 0.9999
vn 0.1552 0.0317 0.9874
vn 0.1945 0.1338 0.9717
vn 0.0087 0.0714 0.9974
vn -0.0219 -0.0146 0.9997
vn 0.2571 0.0533 0.9649
vn -0.0065 -0.3083 0.9513
vn 0.0282 -0.2244 0.9741
vn -0.1875 -0.3067 0.9332
vn -0.1518 -0.2380 0.9593
vn -0.2722 -0.2937 0.9163
vn -0.2333 -0.2310 0.9446
vn -0.1276 -0.0350 0.9912
vn -0.0940 0.0371 0.9949
vt 0.649935 0.938185
vt 0.649935 0.923530
vt 0.666433 0.925647
vt 0.665165 0.939928
vt 0.682008 0.929897
vt 0.679055 0.944185
vt 0.649935 0.970433
vt 0.649935 0.962535
vt 0.660779 0.965434
vt 0.659723 0.972096
vt 0.663867 0.954425
vt 0.649935 0.953654
vt 0.670344 0.975739
vt 0.665262 0.979620
vt 0.688371 0.959584
vt 0.696502 0.965816
vt 0.694176 0.978199
vt 0.685721 0.975521
vt 0.676069 0.956863
vt 0.693889 0.934501
vt 0.691392 0.948725
vt 0.701484 0.942946
vt 0.698210 0.954457
vt 0.703861 0.954409
vt 0.701332 0.963629
vt 0.700327 0.972999
vt 0.698358 0.983799
vt 0.634703 0.939928
vt 0.633435 0.925647
vt 0.617860 0.929897
vt 0.620813 0.944185
vt 0.640145 0.972096
vt 0.639089 0.965434
vt 0.636001 0.954425
vt 0.629524 0.975739
vt 0.634606 0.979620
vt 0.611497 0.959584
vt 0.614147 0.975521
vt 0.605108 0.978199
vt 0.602755 0.965721
vt 0.623799 0.956863
vt 0.605987 0.934356
vt 0.608499 0.948547
vt 0.598707 0.941016
vt 0.600749 0.953978
vt 0.593912 0.953508
vt 0.596558 0.963471
vt 0.597544 0.972999
vt 0.599513 0.983799
s 1
usemtl Boy01_Mouth_MAT2.001
f 1453/1680/1454 1454/1681/1455 1458/1682/1456 1460/1683/1457
f 1471/1684/1458 1472/1685/1459 1460/1683/1457 1458/1682/1456
f 1466/1686/1460 1459/1687/1461 1461/1688/1462 1465/1689/1463
f 1460/1683/1457 1463/1690/1464 1464/1691/1465 1453/1680/1454
f 1459/1687/1461 1464/1691/1465 1463/1690/1464 1461/1688/1462
f 1492/1692/1466 1493/1693/1467 1465/1689/1463 1461/1688/1462
f 1469/1694/1468 1468/1695/1469 1494/1696/1470 1495/1697/1471
f 1495/1697/1471 1492/1692/1466 1470/1698/1472 1469/1694/1468
f 1492/1692/1466 1461/1688/1462 1463/1690/1464 1470/1698/1472
f 1455/1699/1473 1456/1700/1474 1472/1685/1459 1471/1684/1458
f 1460/1683/1457 1472/1685/1459 1470/1698/1472 1463/1690/1464
f 1472/1685/1459 1456/1700/1474 1469/1694/1468 1470/1698/1472
f 1467/1701/1475 1473/1702/1476 1456/1700/1474 1455/1699/1473
f 1469/1694/1468 1456/1700/1474 1473/1702/1476 1468/1695/1469
f 1457/1703/1477 1462/1704/1478 1473/1702/1476 1467/1701/1475
f 1462/1704/1478 1474/1705/1479 1468/1695/1469 1473/1702/1476
f 1474/1705/1479 1496/1706/1480 1494/1696/1470 1468/1695/1469
f 1453/1680/1454 1476/1707/1481 1475/1708/1482 1454/1681/1455
f 1477/1709/1483 1475/1708/1482 1476/1707/1481 1478/1710/1484
f 1466/1686/1460 1480/1711/1485 1479/1712/1486 1459/1687/1461
f 1476/1707/1481 1453/1680/1454 1464/1691/1465 1481/1713/1487
f 1459/1687/1461 1479/1712/1486 1481/1713/1487 1464/1691/1465
f 1498/1714/1488 1479/1712/1486 1480/1711/1485 1497/1715/1489
f 1487/1716/1490 1499/1717/1491 1500/1718/1492 1488/1719/1493
f 1499/1717/1491 1487/1716/1490 1489/1720/1494 1498/1714/1488
f 1498/1714/1488 1489/1720/1494 1481/1713/1487 1479/1712/1486
f 1486/1721/1495 1477/1709/1483 1478/1710/1484 1490/1722/1496
f 1476/1707/1481 1481/1713/1487 1489/1720/1494 1478/1710/1484
f 1478/1710/1484 1489/1720/1494 1487/1716/1490 1490/1722/1496
f 1485/1723/1497 1486/1721/1495 1490/1722/1496 1491/1724/1498
f 1487/1716/1490 1488/1719/1493 1491/1724/1498 1490/1722/1496
f 1483/1725/1499 1485/1723/1497 1491/1724/1498 1482/1726/1500
f 1482/1726/1500 1491/1724/1498 1488/1719/1493 1484/1727/1501
f 1484/1727/1501 1488/1719/1493 1500/1718/1492 1501/1728/1502
o Boy01_Eyes_Geo
v 0.321303 2.180861 0.273002
v 0.370499 2.146208 0.237117
v 0.311701 2.183200 0.285411
v 0.336917 2.276495 0.214494
v 0.323951 2.265299 0.238269
v 0.383497 2.169265 0.132046
v 0.292988 2.244784 0.276901
v 0.311853 2.248760 0.258120
v 0.353743 2.277425 0.166998
v 0.360841 2.264467 0.150746
v 0.366022 2.246471 0.138008
v 0.378017 2.192557 0.128129
v 0.313661 2.214785 0.261451
v 0.299902 2.215237 0.278061
v 0.322901 2.212602 0.245614
v 0.321797 2.231332 0.245662
v 0.341994 2.246672 0.217475
v 0.360478 2.251144 0.182123
v 0.330270 2.239707 0.233427
v 0.364954 2.247682 0.168546
v 0.368979 2.231928 0.166528
v 0.387051 2.168182 0.164023
v 0.381258 2.186661 0.167449
v 0.385806 2.161083 0.193405
v 0.351429 2.144521 0.261604
v 0.342054 2.161416 0.280663
v 0.332749 2.169564 0.264754
v 0.345079 2.167703 0.248328
v 0.332966 2.215234 0.231347
v 0.377677 2.180690 0.191589
v 0.358847 2.168749 0.232664
v 0.345214 2.217379 0.216700
v 0.363291 2.227111 0.186901
v 0.372918 2.217710 0.130787
v 0.374219 2.209341 0.166641
v 0.368295 2.204051 0.188405
v 0.349505 2.195849 0.220960
v 0.337226 2.190185 0.237652
v 0.326523 2.191638 0.250203
v 0.317164 2.194588 0.264438
v 0.305648 2.194904 0.280259
v 0.344378 2.152013 0.270977
v 0.332343 2.168983 0.275043
v 0.325231 2.176051 0.281293
v 0.316696 2.177931 0.290946
v 0.380805 2.151773 0.216796
v 0.370744 2.174644 0.211982
v 0.360016 2.200258 0.205122
v 0.355644 2.222819 0.201652
v 0.352758 2.251933 0.200189
v 0.345902 2.281749 0.189568
v 0.214236 2.251189 0.301134
v 0.242879 2.248576 0.295524
v 0.243411 2.221791 0.294769
v 0.223439 2.222217 0.301201
v 0.187314 2.249036 0.301567
v 0.202987 2.221039 0.305961
v 0.143519 2.200574 0.295145
v 0.151917 2.221371 0.298293
v 0.171497 2.207778 0.305169
v 0.172666 2.191433 0.305168
v 0.145327 2.144558 0.292460
v 0.142548 2.170190 0.293480
v 0.177258 2.168712 0.305741
v 0.181973 2.145553 0.308188
v 0.269098 2.239940 0.288315
v 0.280706 2.207988 0.284725
v 0.264028 2.200459 0.287193
v 0.259386 2.218458 0.289738
v 0.165454 2.238586 0.299973
v 0.184345 2.214813 0.306513
v 0.153519 2.121826 0.294462
v 0.182056 2.125897 0.308796
v 0.287807 2.188532 0.285171
v 0.298097 2.176074 0.289390
v 0.288414 2.131522 0.306107
v 0.297095 2.142260 0.304369
v 0.304147 2.153597 0.307433
v 0.272767 2.180549 0.288168
v 0.290157 2.160778 0.294834
v 0.258468 2.173940 0.293273
v 0.271932 2.152615 0.299986
v 0.259847 2.123382 0.315262
v 0.236669 2.122042 0.318589
v 0.229129 2.145432 0.311994
v 0.253200 2.146957 0.307274
v 0.247253 2.197554 0.291880
v 0.229612 2.193533 0.298342
v 0.211262 2.193037 0.303619
v 0.194320 2.192257 0.306233
v 0.238001 2.172848 0.299707
v 0.219179 2.171207 0.304585
v 0.200380 2.169415 0.306990
v 0.206759 2.145434 0.312296
v 0.211252 2.125077 0.316680
v 0.305814 2.172046 0.295006
v 0.299862 2.162283 0.297982
vn 0.8324 0.2252 0.5064
vn 0.8104 0.1202 0.5734
vn 0.8025 0.0867 0.5903
vn 0.8178 0.1470 0.5564
vn 0.8731 0.3202 0.3677
vn 0.8665 0.2343 0.4408
vn 0.9711 0.2378 0.0195
vn 0.9475 0.3059 0.0934
vn 0.9518 0.2735 0.1388
vn 0.9673 0.2254 0.1165
vn 0.9673 0.2515 -0.0330
vn 0.9715 0.2370 0.0026
vn 0.9606 0.2561 0.1083
vn 0.9532 0.2930 0.0752
vn 0.7771 0.1104 0.6196
vn 0.7869 0.1698 0.5932
vn 0.8181 0.1655 0.5507
vn 0.8270 0.0681 0.5581
vn 0.5575 0.1133 0.8224
vn 0.5510 0.1432 0.8221
vn 0.9042 0.3538 0.2392
vn 0.9119 0.2811 0.2989
vn 0.9635 0.2593 -0.0664
vn 0.9562 0.2913 0.0281
vn 0.7894 0.3587 0.4982
vn 0.5001 0.3244 0.8029
vn 0.3599 0.6254 0.6923
vn 0.7304 0.5722 0.3729
vn 0.7691 0.3880 0.5078
vn 0.7644 0.5439 0.3461
vn 0.6950 0.4126 0.5889
vn 0.6821 0.4983 0.5352
vn 0.6915 0.4694 0.5491
vn 0.7661 0.4405 0.4681
vn 0.7607 0.4397 0.4774
vn 0.6764 0.4731 0.5645
vn 0.7040 0.5001 0.5043
vn 0.7692 0.1602 0.6186
vn 0.7761 0.1642 0.6089
vn 0.8341 0.1679 0.5255
vn 0.9037 0.1918 0.3827
vn 0.7027 0.3861 0.5976
vn 0.7745 0.3587 0.5211
vn 0.8755 0.3113 0.3695
vn 0.8716 0.3791 0.3108
vn 0.8776 0.3830 0.2884
vn 0.7868 0.5490 0.2821
vn 0.6240 0.7631 0.1683
vn 0.7659 0.6401 -0.0601
vn 0.2092 0.8184 0.5352
vn 0.7878 0.5960 -0.1555
vn 0.1559 0.0858 0.9840
vn 0.2271 0.0252 0.9735
vn 0.2789 -0.0213 0.9601
vn 0.2521 0.0050 0.9677
vn -0.0087 0.1383 0.9903
vn 0.0834 0.0727 0.9939
vn -0.3348 -0.0316 0.9418
vn -0.2414 -0.0239 0.9701
vn -0.2293 0.0299 0.9729
vn -0.2783 0.0530 0.9590
vn -0.3854 -0.0276 0.9223
vn -0.2932 0.0359 0.9554
vn -0.2552 0.0054 0.9669
vn -0.3498 -0.0358 0.9362
vn 0.3070 0.0134 0.9516
vn 0.2470 -0.0515 0.9676
vn 0.2169 0.0416 0.9753
vn 0.2640 0.0619 0.9625
vn -0.0727 0.0780 0.9943
vn -0.1446 0.1374 0.9799
vn -0.4170 -0.0255 0.9085
vn -0.3368 0.0245 0.9413
vn 0.1257 0.2218 0.9670
vn -0.0288 0.4156 0.9091
vn 0.1326 0.2567 0.9573
vn -0.0560 0.3747 0.9255
vn 0.2224 0.3151 0.9226
vn 0.1542 0.3894 0.9081
vn 0.1718 0.3622 0.9161
vn 0.1894 0.3726 0.9085
vn 0.0934 0.3021 0.9487
vn 0.0831 0.2996 0.9504
vn 0.1187 0.3793 0.9176
vn 0.2951 0.0625 0.9534
vn 0.2830 0.0625 0.9571
vn 0.1884 0.0347 0.9815
vn 0.0304 0.0117 0.9995
vn 0.2352 0.2897 0.9278
vn 0.1510 0.2300 0.9614
vn -0.0760 0.1837 0.9800
vn -0.0053 0.1296 0.9916
vn -0.0994 0.1815 0.9784
vn -0.1226 0.3615 0.9243
vn -0.4543 0.3884 0.8017
vn -0.2357 0.5857 0.7755
vn -0.5365 0.3229 0.7797
vt 0.151980 0.993917
vt 0.134397 0.986982
vt 0.136840 0.969806
vt 0.150253 0.973487
vt 0.167156 0.997969
vt 0.163440 0.976405
vt 0.194211 0.976544
vt 0.188449 0.987799
vt 0.181902 0.974421
vt 0.183115 0.963765
vt 0.198570 0.940704
vt 0.197548 0.957541
vt 0.183380 0.948256
vt 0.184350 0.932250
vt 0.118164 0.976807
vt 0.113965 0.954281
vt 0.124968 0.952628
vt 0.126479 0.964907
vt 0.099879 0.976200
vt 0.099879 0.955683
vt 0.179719 0.995881
vt 0.174582 0.976164
vt 0.197591 0.924211
vt 0.186951 0.919550
vt 0.112418 0.940237
vt 0.099879 0.941116
vt 0.099879 0.931774
vt 0.109820 0.929588
vt 0.122796 0.937876
vt 0.118066 0.920897
vt 0.133414 0.936072
vt 0.131006 0.918913
vt 0.146903 0.901333
vt 0.161084 0.904853
vt 0.159986 0.922004
vt 0.144797 0.918454
vt 0.126697 0.901620
vt 0.136359 0.953748
vt 0.149016 0.954123
vt 0.161180 0.957046
vt 0.171569 0.959757
vt 0.147280 0.938963
vt 0.159680 0.941324
vt 0.171115 0.943819
vt 0.172372 0.926627
vt 0.174003 0.912211
vt 0.120020 0.906719
vt 0.108276 0.924873
vt 0.113836 0.919555
vt 0.099879 0.926832
vt 0.116121 0.912183
vt 0.047779 0.993917
vt 0.049503 0.973487
vt 0.062916 0.969806
vt 0.065359 0.986982
vt 0.032600 0.997969
vt 0.036316 0.976405
vt 0.005544 0.976544
vt 0.016641 0.963765
vt 0.017854 0.974421
vt 0.011307 0.987799
vt 0.001186 0.940704
vt 0.015406 0.932250
vt 0.016376 0.948256
vt 0.002208 0.957541
vt 0.081592 0.976807
vt 0.073277 0.964907
vt 0.074788 0.952628
vt 0.085791 0.954281
vt 0.025177 0.976164
vt 0.020037 0.995881
vt 0.002165 0.924211
vt 0.012804 0.919550
vt 0.087338 0.940237
vt 0.089936 0.929588
vt 0.076960 0.937876
vt 0.081690 0.920897
vt 0.066342 0.936072
vt 0.068749 0.918913
vt 0.052853 0.901333
vt 0.054959 0.918454
vt 0.039770 0.922004
vt 0.038672 0.904853
vt 0.073058 0.901620
vt 0.063397 0.953748
vt 0.050741 0.954123
vt 0.038576 0.957046
vt 0.028188 0.959757
vt 0.052476 0.938963
vt 0.040076 0.941324
vt 0.027384 0.926627
vt 0.028641 0.943819
vt 0.025753 0.912211
vt 0.079736 0.906719
vt 0.085920 0.919555
vt 0.091480 0.924873
vt 0.083635 0.912183
s 1
usemtl Boy01_Eyes_MAT2.001
f 1505/1729/1503 1506/1730/1504 1520/1731/1505 1518/1732/1506
f 1552/1733/1507 1505/1729/1503 1518/1732/1506 1551/1734/1508
f 1512/1735/1509 1511/1736/1510 1521/1737/1511 1522/1738/1512
f 1513/1739/1513 1535/1740/1514 1536/1741/1515 1524/1742/1516
f 1509/1743/1517 1514/1744/1518 1516/1745/1519 1517/1746/1520
f 1514/1744/1518 1509/1743/1517 1508/1747/1521 1515/1748/1522
f 1506/1730/1504 1509/1743/1517 1517/1746/1520 1520/1731/1505
f 1511/1736/1510 1510/1749/1523 1519/1750/1524 1521/1737/1511
f 1507/1751/1525 1513/1739/1513 1524/1742/1516 1523/1752/1526
f 1541/1753/1527 1542/1754/1528 1504/1755/1529 1502/1756/1530
f 1540/1757/1531 1541/1753/1527 1502/1756/1530 1528/1758/1532
f 1539/1759/1533 1540/1757/1531 1528/1758/1532 1529/1760/1534
f 1503/1761/1535 1547/1762/1536 1548/1763/1537 1532/1764/1538
f 1532/1764/1538 1529/1760/1534 1526/1765/1539 1503/1761/1535
f 1520/1731/1505 1517/1746/1520 1516/1745/1519 1530/1766/1540
f 1530/1766/1540 1533/1767/1541 1518/1732/1506 1520/1731/1505
f 1550/1768/1542 1551/1734/1508 1518/1732/1506 1533/1767/1541
f 1522/1738/1512 1521/1737/1511 1519/1750/1524 1534/1769/1543
f 1538/1770/1544 1539/1759/1533 1529/1760/1534 1532/1764/1538
f 1532/1764/1538 1548/1763/1537 1549/1771/1545 1538/1770/1544
f 1524/1742/1516 1536/1741/1515 1537/1772/1546 1531/1773/1547
f 1531/1773/1547 1525/1774/1548 1523/1752/1526 1524/1742/1516
f 1536/1741/1515 1535/1740/1514 1512/1735/1509 1522/1738/1512
f 1537/1772/1546 1536/1741/1515 1522/1738/1512 1534/1769/1543
f 1538/1770/1544 1549/1771/1545 1550/1768/1542 1533/1767/1541
f 1533/1767/1541 1530/1766/1540 1539/1759/1533 1538/1770/1544
f 1530/1766/1540 1516/1745/1519 1540/1757/1531 1539/1759/1533
f 1516/1745/1519 1514/1744/1518 1541/1753/1527 1540/1757/1531
f 1514/1744/1518 1515/1748/1522 1542/1754/1528 1541/1753/1527
f 1543/1775/1549 1526/1765/1539 1529/1760/1534 1528/1758/1532
f 1528/1758/1532 1502/1756/1530 1545/1776/1550 1544/1777/1551
f 1546/1778/1552 1545/1776/1550 1502/1756/1530 1504/1755/1529
f 1527/1779/1553 1543/1775/1549 1528/1758/1532 1544/1777/1551
f 1548/1763/1537 1547/1762/1536 1525/1774/1548 1531/1773/1547
f 1549/1771/1545 1548/1763/1537 1531/1773/1547 1537/1772/1546
f 1550/1768/1542 1549/1771/1545 1537/1772/1546 1534/1769/1543
f 1534/1769/1543 1519/1750/1524 1551/1734/1508 1550/1768/1542
f 1510/1749/1523 1552/1733/1507 1551/1734/1508 1519/1750/1524
f 1553/1780/1554 1556/1781/1555 1555/1782/1556 1554/1783/1557
f 1557/1784/1558 1558/1785/1559 1556/1781/1555 1553/1780/1554
f 1559/1786/1560 1562/1787/1561 1561/1788/1562 1560/1789/1563
f 1563/1790/1564 1566/1791/1565 1565/1792/1566 1564/1793/1567
f 1567/1794/1568 1570/1795/1569 1569/1796/1570 1568/1797/1571
f 1568/1797/1571 1515/1748/1522 1508/1747/1521 1567/1794/1568
f 1554/1783/1557 1555/1782/1556 1570/1795/1569 1567/1794/1568
f 1560/1789/1563 1561/1788/1562 1572/1798/1572 1571/1799/1573
f 1573/1800/1574 1574/1801/1575 1566/1791/1565 1563/1790/1564
f 1575/1802/1576 1576/1803/1577 1504/1755/1529 1542/1754/1528
f 1580/1804/1578 1581/1805/1579 1576/1803/1577 1575/1802/1576
f 1582/1806/1580 1583/1807/1581 1581/1805/1579 1580/1804/1578
f 1584/1808/1582 1587/1809/1583 1586/1810/1584 1585/1811/1585
f 1587/1809/1583 1584/1808/1582 1577/1812/1586 1583/1807/1581
f 1555/1782/1556 1588/1813/1587 1569/1796/1570 1570/1795/1569
f 1588/1813/1587 1555/1782/1556 1556/1781/1555 1589/1814/1588
f 1590/1815/1589 1589/1814/1588 1556/1781/1555 1558/1785/1559
f 1562/1787/1561 1591/1816/1590 1572/1798/1572 1561/1788/1562
f 1592/1817/1591 1587/1809/1583 1583/1807/1581 1582/1806/1580
f 1587/1809/1583 1592/1817/1591 1593/1818/1592 1586/1810/1584
f 1566/1791/1565 1595/1819/1593 1594/1820/1594 1565/1792/1566
f 1595/1819/1593 1566/1791/1565 1574/1801/1575 1596/1821/1595
f 1565/1792/1566 1562/1787/1561 1559/1786/1560 1564/1793/1567
f 1594/1820/1594 1591/1816/1590 1562/1787/1561 1565/1792/1566
f 1592/1817/1591 1589/1814/1588 1590/1815/1589 1593/1818/1592
f 1589/1814/1588 1592/1817/1591 1582/1806/1580 1588/1813/1587
f 1588/1813/1587 1582/1806/1580 1580/1804/1578 1569/1796/1570
f 1569/1796/1570 1580/1804/1578 1575/1802/1576 1568/1797/1571
f 1568/1797/1571 1575/1802/1576 1542/1754/1528 1515/1748/1522
f 1578/1822/1596 1581/1805/1579 1583/1807/1581 1577/1812/1586
f 1581/1805/1579 1598/1823/1597 1597/1824/1598 1576/1803/1577
f 1546/1778/1552 1504/1755/1529 1576/1803/1577 1597/1824/1598
f 1579/1825/1599 1598/1823/1597 1581/1805/1579 1578/1822/1596
f 1586/1810/1584 1595/1819/1593 1596/1821/1595 1585/1811/1585
f 1593/1818/1592 1594/1820/1594 1595/1819/1593 1586/1810/1584
f 1590/1815/1589 1591/1816/1590 1594/1820/1594 1593/1818/1592
f 1591/1816/1590 1590/1815/1589 1558/1785/1559 1572/1798/1572
f 1571/1799/1573 1572/1798/1572 1558/1785/1559 1557/1784/1558
o Boy01_Body_Geo.014
v 0.748985 2.060658 0.250736
v 0.773550 2.058172 0.236797
v 0.762103 2.099844 0.250695
v 0.744640 2.045430 0.244407
v 0.728829 2.063496 0.254054
v 0.736867 2.091070 0.265562
v 0.715741 2.114367 0.268568
v 0.745515 2.106541 0.260742
v 0.718511 2.087580 0.266205
v 0.702638 2.106797 0.269677
v 0.704259 2.084490 0.255591
v 0.715333 2.066016 0.246523
v 0.701851 2.087479 0.242200
v 0.692454 2.100803 0.262220
v 0.689164 2.101935 0.252041
v 0.683244 2.120112 0.265397
v 0.679958 2.119835 0.255448
v 0.678806 2.141006 0.268716
v 0.691295 2.123197 0.270411
v 0.699697 2.128914 0.265744
v 0.686051 2.140961 0.272863
v 0.693206 2.142845 0.267151
v 0.686560 2.154921 0.275840
v 0.687753 2.176136 0.279122
v 0.694668 2.153570 0.270060
v 0.678069 2.156090 0.271276
v 0.675251 2.155281 0.259733
v 0.677485 2.176948 0.274150
v 0.673728 2.176176 0.261707
v 0.679550 2.195395 0.271904
v 0.675190 2.192012 0.263405
v 0.687774 2.199856 0.264498
v 0.687326 2.192955 0.276842
v 0.695850 2.194544 0.271569
v 0.698578 2.175425 0.273712
v 0.701863 2.190254 0.264574
v 0.703724 2.175278 0.263982
v 0.696514 2.190821 0.256953
v 0.688293 2.188439 0.251388
v 0.698783 2.173891 0.253676
v 0.688560 2.173283 0.247595
v 0.695393 2.149557 0.250862
v 0.686886 2.148503 0.245988
v 0.698240 2.131526 0.254318
v 0.697171 2.148552 0.260435
v 0.702640 2.131384 0.258659
v 0.722346 2.120924 0.261127
v 0.705991 2.127380 0.254008
v 0.729998 2.135405 0.258405
v 0.728450 2.162928 0.250725
v 0.710081 2.136954 0.248114
v 0.746321 2.132549 0.256193
v 0.745205 2.159452 0.251980
v 0.758968 2.131014 0.251505
v 0.758186 2.161575 0.242684
v 0.769832 2.129766 0.247769
v 0.788448 2.129763 0.238603
v 0.774457 2.157609 0.243962
v 0.769370 2.151361 0.231010
v 0.789856 2.162227 0.232315
v 0.802585 2.155262 0.233782
v 0.789090 2.162003 0.228241
v 0.779715 2.172140 0.203402
v 0.781089 2.158407 0.228319
v 0.780014 2.177876 0.219979
v 0.780954 2.164406 0.248996
v 0.770441 2.158343 0.251289
v 0.782704 2.159220 0.279149
v 0.781509 2.180138 0.253087
v 0.781078 2.181072 0.240767
v 0.771177 2.189299 0.241410
v 0.760163 2.184174 0.242690
v 0.771953 2.187613 0.253295
v 0.768864 2.185084 0.217121
v 0.763189 2.171164 0.200848
v 0.757417 2.179796 0.220755
v 0.749552 2.170339 0.207263
v 0.757143 2.161300 0.230899
v 0.759761 2.167707 0.250039
v 0.762626 2.160875 0.280250
v 0.761472 2.182975 0.254589
v 0.762801 2.174511 0.275039
v 0.763819 2.171591 0.288339
v 0.772544 2.180188 0.273777
v 0.773411 2.176796 0.287572
v 0.782260 2.174068 0.273070
v 0.783180 2.171364 0.286248
v 0.784660 2.165533 0.306712
v 0.784973 2.153982 0.304470
v 0.774983 2.170440 0.308787
v 0.783994 2.160979 0.317530
v 0.776110 2.162376 0.321046
v 0.784503 2.153767 0.316032
v 0.776472 2.151442 0.318402
v 0.768189 2.154273 0.318373
v 0.775132 2.149442 0.303849
v 0.765169 2.155352 0.305939
v 0.772990 2.153188 0.278673
v 0.765568 2.166075 0.309091
v 0.768265 2.161231 0.320273
v 0.733173 2.166841 0.208316
v 0.749565 2.177901 0.225481
v 0.746362 2.152858 0.201233
v 0.760198 2.152649 0.197909
v 0.733384 2.150890 0.205799
v 0.746259 2.141781 0.199933
v 0.737461 2.131150 0.201860
v 0.755284 2.141081 0.197362
v 0.760182 2.128897 0.194585
v 0.756113 2.102277 0.193635
v 0.781892 2.125590 0.193612
v 0.772686 2.150675 0.196100
v 0.789353 2.147366 0.197408
v 0.805326 2.142118 0.207032
v 0.794962 2.165544 0.202234
v 0.799423 2.175392 0.218854
v 0.808087 2.158138 0.210699
v 0.810948 2.153740 0.226058
v 0.808798 2.165685 0.219666
v 0.807669 2.154680 0.225699
v 0.807244 2.171845 0.240069
v 0.806973 2.172243 0.252569
v 0.806262 2.159995 0.249671
v 0.798057 2.180054 0.238978
v 0.798046 2.179325 0.252053
v 0.788030 2.176713 0.240712
v 0.788759 2.175492 0.253222
v 0.788848 2.163924 0.250683
v 0.787912 2.175303 0.220842
v 0.797165 2.156210 0.251325
v 0.789660 2.159801 0.275479
v 0.797988 2.153217 0.274231
v 0.789052 2.170630 0.272034
v 0.789275 2.168611 0.281148
v 0.790687 2.156013 0.291876
v 0.793367 2.156482 0.302810
v 0.797951 2.151328 0.291272
v 0.790476 2.164895 0.293267
v 0.793425 2.161586 0.303389
v 0.798824 2.168360 0.293555
v 0.800009 2.162898 0.304637
v 0.807263 2.163809 0.291521
v 0.797993 2.171467 0.281356
v 0.797867 2.173919 0.271445
v 0.806849 2.166114 0.279878
v 0.806934 2.168079 0.270670
v 0.806911 2.157243 0.274249
v 0.806522 2.154785 0.289594
v 0.806153 2.156088 0.299595
v 0.806583 2.161489 0.300827
v 0.799533 2.154973 0.303616
v 0.798664 2.153554 0.229655
v 0.808631 2.139874 0.224304
v 0.800738 2.142223 0.233735
v 0.803521 2.121966 0.222734
v 0.800434 2.122186 0.203715
v 0.795506 2.091680 0.220502
v 0.792200 2.094456 0.201208
v 0.781465 2.093514 0.237951
v 0.785343 2.053696 0.220621
v 0.785142 2.058656 0.202307
v 0.774776 2.032673 0.220754
v 0.776830 2.036616 0.202650
v 0.761556 2.036883 0.236281
v 0.765507 2.046645 0.192445
v 0.769486 2.067479 0.192902
v 0.748836 2.056487 0.193868
v 0.732106 2.063178 0.205303
v 0.746920 2.075344 0.195754
v 0.739555 2.104747 0.199812
v 0.725886 2.073264 0.210144
v 0.720511 2.104324 0.211955
v 0.713926 2.074047 0.229023
v 0.704847 2.104445 0.226841
v 0.721384 2.065594 0.220851
v 0.719403 2.062422 0.236897
v 0.728275 2.055377 0.245759
v 0.697570 2.100937 0.232467
v 0.702616 2.126435 0.226474
v 0.693965 2.116220 0.228528
v 0.701931 2.146081 0.226857
v 0.717308 2.128483 0.212325
v 0.717688 2.148483 0.214440
v 0.718725 2.165356 0.220876
v 0.717757 2.176698 0.241517
v 0.701563 2.162354 0.227820
v 0.725517 2.172250 0.230106
v 0.736743 2.181076 0.224471
v 0.728873 2.177957 0.253304
v 0.729319 2.158863 0.242300
v 0.742987 2.154549 0.245976
v 0.730645 2.164336 0.263511
v 0.735594 2.157800 0.293058
v 0.743617 2.157369 0.265733
v 0.731008 2.178210 0.267456
v 0.742085 2.185856 0.264665
v 0.734661 2.172154 0.287609
v 0.745248 2.179809 0.286469
v 0.736378 2.169396 0.301046
v 0.746870 2.177033 0.300900
v 0.740015 2.163373 0.326318
v 0.743718 2.159390 0.339192
v 0.741158 2.151626 0.324559
v 0.749476 2.170314 0.326937
v 0.751191 2.162253 0.341497
v 0.760392 2.166227 0.325080
v 0.760589 2.154283 0.323157
v 0.759365 2.161322 0.338602
v 0.757923 2.173191 0.299349
v 0.756071 2.175828 0.285487
v 0.757323 2.161852 0.292297
v 0.754313 2.166352 0.263035
v 0.746834 2.152655 0.293231
v 0.751452 2.148123 0.324038
v 0.752750 2.151121 0.339370
v 0.744732 2.152048 0.338029
v 0.759932 2.153930 0.337065
v 0.753176 2.181862 0.264915
v 0.752117 2.182236 0.250711
v 0.752829 2.161376 0.239892
v 0.740433 2.186640 0.249666
v 0.703333 2.177795 0.242946
v 0.692745 2.158224 0.237087
v 0.699939 2.157983 0.250985
v 0.693522 2.136126 0.229667
v 0.694077 2.169161 0.250413
v 0.696976 2.174853 0.270495
v 0.700916 2.159192 0.256766
v 0.714807 2.156730 0.257325
v 0.702050 2.162504 0.274678
v 0.699041 2.174943 0.283112
v 0.706932 2.153383 0.303415
v 0.716154 2.157644 0.273398
v 0.718681 2.148295 0.299217
v 0.725956 2.166678 0.273281
v 0.722273 2.181493 0.281458
v 0.720801 2.182371 0.267250
v 0.728560 2.156039 0.302361
v 0.724279 2.163569 0.252515
v 0.729815 2.148548 0.319912
v 0.726323 2.171039 0.304195
v 0.727812 2.166847 0.314833
v 0.716217 2.169795 0.318437
v 0.729791 2.160207 0.326774
v 0.718816 2.162777 0.330264
v 0.730144 2.152520 0.336586
v 0.729985 2.145716 0.332472
v 0.722063 2.151769 0.340687
v 0.722569 2.141891 0.335177
v 0.712967 2.149665 0.337246
v 0.713747 2.143463 0.333582
v 0.708465 2.155568 0.327300
v 0.710363 2.145703 0.320907
v 0.705914 2.161503 0.315984
v 0.703963 2.166087 0.305292
v 0.714232 2.174621 0.307426
v 0.708812 2.184672 0.283396
v 0.707146 2.184845 0.269759
v 0.720901 2.142084 0.319190
v 0.713659 2.157960 0.253900
v 0.697701 2.136592 0.242854
v 0.692506 2.119627 0.240180
v 0.688187 2.126253 0.245944
v 0.687466 2.108703 0.242188
v 0.682034 2.122163 0.247151
v 0.679184 2.141679 0.249156
v 0.675948 2.140647 0.258315
v 0.679067 2.154421 0.249637
v 0.678024 2.175249 0.250887
v 0.679889 2.193685 0.256353
v 0.774003 2.099097 0.191805
vn 0.5749 -0.2885 0.7656
vn 0.3123 -0.3459 0.8848
vn 0.2071 -0.4178 0.8846
vn 0.5014 -0.3428 0.7944
vn 0.6109 -0.1575 0.7759
vn 0.4942 -0.0986 0.8638
vn 0.3973 0.0549 0.9160
vn 0.3057 -0.1258 0.9438
vn -0.1579 -0.6010 0.7835
vn -0.2796 -0.6750 0.6828
vn -0.1195 -0.3653 0.9232
vn 0.2217 0.2508 0.9423
vn -0.1475 -0.1944 0.9698
vn 0.1062 0.4005 0.9101
vn -0.6345 -0.5358 0.5570
vn -0.6708 -0.6203 0.4064
vn -0.7153 -0.6508 0.2546
vn -0.8123 -0.3904 -0.4333
vn -0.8106 -0.5208 -0.2677
vn -0.8414 -0.5399 -0.0255
vn -0.7127 -0.3430 0.6119
vn -0.9462 -0.3215 0.0357
vn -0.0984 -0.0992 0.9902
vn -0.7868 -0.1858 0.5886
vn -0.9933 -0.1151 0.0095
vn -0.0317 -0.1670 0.9854
vn 0.4612 0.3042 0.8335
vn 0.6920 0.0046 0.7219
vn 0.7286 -0.2793 0.6254
vn 0.0523 -0.2104 0.9762
vn -0.7979 -0.0989 0.5947
vn -0.7705 -0.0012 0.6374
vn 0.0472 -0.0276 0.9985
vn 0.7055 -0.0699 0.7052
vn -0.9988 -0.0337 -0.0352
vn -0.9991 0.0289 -0.0298
vn -0.9344 0.3552 -0.0258
vn -0.6457 0.5264 0.5531
vn 0.0260 0.3770 0.9259
vn -0.4904 0.5881 -0.6431
vn 0.0730 0.9863 -0.1481
vn 0.6166 0.5513 0.5620
vn 0.9973 -0.0518 0.0519
vn 0.9222 0.3864 0.0155
vn 0.5912 0.5134 -0.6221
vn 0.7604 0.0381 -0.6483
vn 0.1048 0.4200 -0.9014
vn 0.1385 0.1284 -0.9820
vn 0.7507 -0.0083 -0.6606
vn 0.2505 0.0535 -0.9666
vn 0.9984 -0.0526 -0.0227
vn 0.6514 0.4049 -0.6417
vn 0.0297 0.2370 -0.9711
vn 0.7509 0.6511 0.1102
vn -0.1289 0.9453 0.2997
vn -0.0366 0.2011 0.9789
vn -0.3234 0.1174 0.9389
vn 0.2928 0.1632 0.9421
vn 0.1812 0.7822 0.5961
vn 0.4027 0.7141 0.5726
vn -0.0409 -0.7134 0.6995
vn 0.3741 0.8345 0.4046
vn 0.3639 0.1437 0.9203
vn 0.4095 0.0347 0.9116
vn 0.3302 0.6799 0.6548
vn 0.6201 0.7260 0.2974
vn 0.5656 -0.0751 0.8212
vn 0.2558 0.7944 0.5509
vn -0.9268 0.2466 0.2833
vn 0.7654 0.6348 0.1061
vn 0.4147 0.6448 0.6421
vn 0.4538 -0.0955 0.8860
vn 0.6106 -0.4729 -0.6352
vn -0.9897 0.0252 0.1406
vn -0.7993 0.5837 0.1427
vn 0.3166 0.7031 -0.6367
vn 0.8299 0.5562 -0.0445
vn 0.9394 0.3366 -0.0652
vn 0.8869 -0.4620 0.0098
vn -0.1239 -0.9899 0.0693
vn -0.1042 -0.9811 -0.1633
vn 0.8269 -0.5423 -0.1488
vn 0.9219 0.3858 0.0359
vn 0.9353 0.3493 0.0567
vn 0.0284 0.9179 -0.3957
vn 0.1212 0.9922 -0.0300
vn 0.1424 0.9683 0.2051
vn -0.8942 0.4424 0.0688
vn -0.8554 0.5153 -0.0527
vn -0.8362 0.5130 0.1941
vn -0.1029 0.5261 -0.8442
vn -0.2490 0.7533 -0.6087
vn -0.9177 -0.3737 0.1348
vn -0.8496 -0.5264 -0.0312
vn -0.8952 0.4078 0.1800
vn 0.0778 0.9537 0.2906
vn -0.8385 0.5048 0.2051
vn 0.0450 0.9666 0.2521
vn 0.8670 0.4940 0.0653
vn 0.8507 -0.5169 -0.0958
vn 0.8717 0.4728 0.1292
vn 0.0552 0.9358 0.3481
vn 0.7557 -0.5588 0.3416
vn 0.7502 0.3767 0.5433
vn 0.1183 0.5561 0.8226
vn 0.0169 -0.8770 0.4801
vn -0.0742 -0.9926 -0.0966
vn -0.6766 -0.5866 0.4450
vn -0.8543 -0.5179 0.0448
vn -0.6390 0.3495 0.6852
vn -0.8283 0.4829 0.2842
vn -0.1566 0.2172 -0.9635
vn -0.2853 0.2170 -0.9335
vn 0.8972 0.4313 -0.0944
vn 0.8025 0.5686 -0.1808
vn -0.4082 0.4948 -0.7671
vn -0.4407 0.1666 -0.8820
vn -0.3001 0.8788 -0.3711
vn -0.3024 0.1067 -0.9472
vn -0.2175 0.1182 -0.9689
vn -0.4187 0.0577 -0.9063
vn -0.1446 0.0852 -0.9858
vn 0.0223 0.1821 -0.9830
vn 0.2380 0.0237 -0.9710
vn 0.1736 -0.0322 -0.9843
vn -0.1808 0.0354 -0.9829
vn -0.4582 0.0047 -0.8888
vn 0.2937 0.1121 -0.9493
vn 0.3799 0.4246 -0.8219
vn 0.7812 -0.1494 -0.6062
vn 0.7865 -0.0738 -0.6132
vn 0.8367 0.1985 -0.5105
vn 0.4361 0.8104 -0.3913
vn 0.9210 0.3702 -0.1214
vn 0.9460 -0.2424 0.2154
vn 0.9845 0.1561 0.0802
vn 0.9090 0.4166 -0.0063
vn 0.9407 0.3392 0.0018
vn 0.8106 -0.5835 0.0491
vn 0.2929 0.9535 -0.0716
vn 0.1960 0.9695 0.1474
vn 0.8904 0.4497 0.0707
vn -0.9066 0.4215 -0.0185
vn -0.8172 0.5635 0.1207
vn -0.8877 -0.4603 0.0095
vn -0.2431 -0.9700 -0.0100
vn -0.1626 -0.9790 -0.1233
vn -0.8527 -0.5199 -0.0515
vn -0.8838 0.4511 0.1246
vn -0.1187 -0.9929 0.0017
vn -0.8318 -0.5520 0.0593
vn -0.8226 0.5349 0.1931
vn -0.8366 0.4742 0.2744
vn -0.6914 -0.5384 0.4817
vn -0.6606 0.4486 0.6020
vn 0.0580 -0.8051 0.5903
vn 0.1443 0.6728 0.7256
vn 0.0926 0.9465 0.3092
vn 0.1249 0.9635 0.2369
vn 0.8640 0.4831 0.1420
vn 0.7808 0.4263 0.4568
vn 0.8577 0.5029 0.1071
vn 0.1556 0.9592 0.2363
vn 0.9105 0.4029 0.0931
vn 0.7754 -0.6265 -0.0789
vn 0.7510 -0.6602 -0.0101
vn 0.7158 -0.6112 0.3378
vn 0.9093 -0.2555 0.3283
vn 0.7695 -0.1764 -0.6138
vn 0.9175 -0.2391 0.3179
vn 0.8713 -0.3612 0.3322
vn 0.7972 -0.2629 -0.5434
vn 0.8291 -0.4040 0.3864
vn 0.8301 -0.3145 -0.4605
vn 0.2689 -0.0392 -0.9624
vn 0.1801 -0.0532 -0.9822
vn -0.2669 0.0643 -0.9616
vn -0.3722 0.0019 -0.9281
vn -0.6270 -0.0357 -0.7782
vn -0.6965 -0.1447 -0.7028
vn -0.6327 -0.0855 -0.7697
vn -0.6132 -0.2038 -0.7632
vn -0.8271 -0.3223 -0.4604
vn -0.7103 -0.3506 -0.6104
vn -0.7914 -0.6097 -0.0448
vn -0.4775 -0.0178 -0.8785
vn -0.5839 0.0089 -0.8118
vn -0.6867 -0.0343 -0.7261
vn -0.8574 0.0668 -0.5103
vn -0.5658 0.1226 -0.8154
vn -0.5608 0.1307 -0.8175
vn -0.5603 0.4397 -0.7019
vn -0.4631 0.6470 -0.6058
vn 0.9855 -0.1683 0.0209
vn 0.5933 0.7234 -0.3531
vn -0.3991 0.8291 -0.3916
vn -0.7642 0.6447 0.0182
vn -0.8916 0.4374 0.1168
vn -0.9251 0.3702 0.0851
vn -0.2026 0.9774 -0.0612
vn -0.8173 -0.5586 0.1415
vn 0.4725 -0.4663 -0.7479
vn 0.1125 -0.9935 -0.0194
vn -0.7592 -0.6508 0.0057
vn -0.8879 0.3960 0.2339
vn -0.8548 0.4752 0.2087
vn 0.1318 -0.9747 -0.1804
vn -0.1537 0.9754 0.1583
vn -0.1319 0.9579 0.2549
vn -0.8862 0.4065 0.2222
vn -0.1322 0.9609 0.2434
vn -0.7676 -0.6370 0.0707
vn -0.8877 0.3714 0.2721
vn -0.1168 0.9390 0.3235
vn -0.7489 0.2981 0.5918
vn -0.0443 0.6547 0.7546
vn -0.6214 -0.6381 0.4547
vn 0.8396 0.5307 0.1161
vn 0.7246 0.4688 0.5052
vn 0.8247 0.5635 0.0478
vn 0.8689 -0.4788 -0.1257
vn 0.8541 -0.4893 -0.1764
vn 0.8181 -0.4776 0.3204
vn 0.8786 0.4774 0.0079
vn 0.9180 -0.3879 -0.0828
vn 0.8140 0.5809 0.0009
vn 0.1551 -0.9823 -0.1051
vn 0.1490 -0.8369 0.5267
vn 0.8830 0.4475 -0.1419
vn -0.9712 0.1352 -0.1964
vn -0.9809 0.1947 0.0036
vn -0.6927 -0.4877 0.5313
vn -0.5651 -0.8021 0.1931
vn -0.8110 0.0149 0.5849
vn -0.9547 0.2821 0.0949
vn -0.2934 0.9547 -0.0504
vn -0.6743 -0.7362 0.0578
vn 0.1740 -0.9778 -0.1168
vn 0.2357 -0.9685 0.0803
vn -0.9424 0.2474 0.2252
vn -0.7120 -0.6929 -0.1136
vn -0.9329 0.2230 0.2829
vn 0.1106 -0.9391 -0.3253
vn 0.9612 -0.2373 -0.1410
vn 0.9132 -0.3440 -0.2185
vn 0.7343 0.6769 0.0505
vn 0.8067 0.5770 0.1276
vn 0.6810 0.7151 -0.1574
vn 0.1154 -0.9623 -0.2463
vn 0.8903 -0.4187 -0.1790
vn 0.8072 0.5645 0.1728
vn 0.8351 0.4881 0.2537
vn -0.1380 0.7850 0.6040
vn -0.1776 0.8641 0.4710
vn -0.1850 0.8929 0.4106
vn -0.0075 0.3311 0.9436
vn 0.7719 0.2865 0.5675
vn 0.8340 -0.5333 0.1414
vn 0.1547 -0.9273 0.3409
vn -0.5756 -0.7621 0.2965
vn -0.6908 0.0885 0.7176
vn -0.8862 0.2103 0.4129
vn -0.7043 -0.7075 -0.0593
vn -0.9120 0.2592 0.3180
vn -0.2446 0.9384 0.2441
vn -0.8914 0.2212 -0.3956
vn -0.8780 -0.2928 -0.3787
vn -0.7943 -0.1182 -0.5959
vn -0.7678 -0.0193 -0.6404
vn -0.6882 0.0504 -0.7237
vn -0.6828 0.1151 -0.7215
vt 0.570670 0.186120
vt 0.557270 0.182140
vt 0.563030 0.171820
vt 0.574040 0.175530
vt 0.567570 0.203150
vt 0.554190 0.201310
vt 0.542220 0.202140
vt 0.542310 0.191030
vt 0.728960 0.133190
vt 0.725380 0.145290
vt 0.716990 0.138150
vt 0.719800 0.128650
vt 0.739220 0.144590
vt 0.733960 0.152080
vt 0.746940 0.153500
vt 0.741910 0.158820
vt 0.529080 0.202330
vt 0.528610 0.193080
vt 0.737730 0.164740
vt 0.728290 0.158960
vt 0.719970 0.152420
vt 0.711170 0.157840
vt 0.722650 0.165880
vt 0.735720 0.169020
vt 0.744410 0.168490
vt 0.741330 0.172440
vt 0.748290 0.164940
vt 0.754500 0.174810
vt 0.751000 0.177890
vt 0.756400 0.170720
vt 0.752990 0.160080
vt 0.759740 0.166490
vt 0.762110 0.168610
vt 0.761460 0.174750
vt 0.759480 0.177850
vt 0.765620 0.181910
vt 0.768520 0.179490
vt 0.771590 0.175400
vt 0.755970 0.181060
vt 0.762160 0.184710
vt 0.766750 0.186970
vt 0.768990 0.184570
vt 0.770740 0.182780
vt 0.767460 0.189860
vt 0.773320 0.187200
vt 0.774540 0.181720
vt 0.490950 0.171820
vt 0.498050 0.174680
vt 0.496040 0.178700
vt 0.491790 0.176120
vt 0.489340 0.178850
vt 0.484680 0.172560
vt 0.494850 0.184520
vt 0.485300 0.182150
vt 0.480260 0.178010
vt 0.491310 0.189020
vt 0.503060 0.193490
vt 0.499130 0.197360
vt 0.506460 0.189670
vt 0.509320 0.202770
vt 0.503040 0.208410
vt 0.515870 0.197770
vt 0.508990 0.186370
vt 0.507010 0.183700
vt 0.517850 0.192280
vt 0.512520 0.210780
vt 0.528340 0.216540
vt 0.515870 0.218610
vt 0.538400 0.217430
vt 0.534620 0.237440
vt 0.525720 0.235430
vt 0.517180 0.232960
vt 0.543410 0.237520
vt 0.546780 0.219780
vt 0.552440 0.219820
vt 0.552470 0.239210
vt 0.562930 0.242620
vt 0.563930 0.223390
vt 0.552000 0.244480
vt 0.543930 0.242220
vt 0.560020 0.244970
vt 0.569910 0.239360
vt 0.569950 0.230990
vt 0.569960 0.244260
vt 0.563030 0.245700
vt 0.614860 0.224760
vt 0.615380 0.221120
vt 0.635790 0.213230
vt 0.643200 0.217280
vt 0.615840 0.228810
vt 0.640820 0.224680
vt 0.633010 0.240610
vt 0.618960 0.241750
vt 0.549560 0.259520
vt 0.554990 0.260090
vt 0.546480 0.278750
vt 0.551860 0.279510
vt 0.613050 0.259140
vt 0.630210 0.246540
vt 0.622460 0.259440
vt 0.651950 0.230300
vt 0.640820 0.244760
vt 0.637490 0.249740
vt 0.646630 0.250250
vt 0.663000 0.237150
vt 0.642700 0.254740
vt 0.660320 0.220620
vt 0.676140 0.228130
vt 0.670700 0.264220
vt 0.665460 0.261860
vt 0.650980 0.263300
vt 0.542760 0.258060
vt 0.540080 0.277390
vt 0.635390 0.275180
vt 0.633330 0.266410
vt 0.629000 0.261190
vt 0.629020 0.270390
vt 0.625760 0.266320
vt 0.620550 0.263070
vt 0.608380 0.272070
vt 0.614510 0.273100
vt 0.618610 0.275310
vt 0.609110 0.277110
vt 0.614090 0.276210
vt 0.615900 0.278340
vt 0.611200 0.282670
vt 0.549600 0.298760
vt 0.543970 0.299470
vt 0.545030 0.291670
vt 0.551210 0.293990
vt 0.538880 0.299370
vt 0.537940 0.292260
vt 0.617670 0.279790
vt 0.616480 0.284810
vt 0.623420 0.283310
vt 0.620830 0.278700
vt 0.669500 0.202610
vt 0.681660 0.206260
vt 0.675830 0.263500
vt 0.683120 0.236090
vt 0.694420 0.221910
vt 0.691960 0.206520
vt 0.693580 0.230280
vt 0.683470 0.198900
vt 0.674110 0.197450
vt 0.689870 0.191560
vt 0.674750 0.186350
vt 0.661470 0.199290
vt 0.662630 0.182680
vt 0.670900 0.169460
vt 0.680550 0.173860
vt 0.689420 0.175910
vt 0.653480 0.191880
vt 0.639870 0.199020
vt 0.652400 0.176150
vt 0.645900 0.182990
vt 0.637590 0.189060
vt 0.635510 0.200790
vt 0.633730 0.191050
vt 0.638840 0.176340
vt 0.632940 0.180960
vt 0.630130 0.182270
vt 0.621230 0.194480
vt 0.615800 0.187400
vt 0.621920 0.202200
vt 0.616600 0.201510
vt 0.616880 0.194730
vt 0.620190 0.209960
vt 0.612710 0.206900
vt 0.609340 0.213930
vt 0.567380 0.260480
vt 0.562650 0.260460
vt 0.565920 0.274400
vt 0.560500 0.273820
vt 0.599120 0.207510
vt 0.603740 0.203250
vt 0.564580 0.282790
vt 0.560200 0.282970
vt 0.600930 0.202210
vt 0.591920 0.202840
vt 0.595410 0.199660
vt 0.590650 0.197020
vt 0.593110 0.197240
vt 0.564300 0.289750
vt 0.561190 0.289530
vt 0.594110 0.195760
vt 0.597330 0.196850
vt 0.602170 0.198430
vt 0.598680 0.193320
vt 0.595960 0.193790
vt 0.603180 0.193590
vt 0.605770 0.199530
vt 0.606590 0.193950
vt 0.603980 0.188690
vt 0.597810 0.189250
vt 0.572560 0.260560
vt 0.570920 0.274710
vt 0.570140 0.282210
vt 0.569300 0.286580
vt 0.594640 0.190880
vt 0.591210 0.194200
vt 0.575090 0.243800
vt 0.576040 0.240580
vt 0.577310 0.231790
vt 0.643930 0.171520
vt 0.578480 0.223340
vt 0.661300 0.163690
vt 0.652570 0.159330
vt 0.579940 0.205530
vt 0.659990 0.147190
vt 0.667010 0.152620
vt 0.582790 0.188750
vt 0.584410 0.178400
vt 0.663770 0.139280
vt 0.671060 0.143220
vt 0.679130 0.146800
vt 0.676210 0.156120
vt 0.688450 0.147460
vt 0.686620 0.158930
vt 0.697910 0.147300
vt 0.701080 0.158300
vt 0.703640 0.177040
vt 0.714080 0.175200
vt 0.706160 0.145340
vt 0.724840 0.175400
vt 0.712240 0.142560
vt 0.716530 0.187660
vt 0.704660 0.190090
vt 0.727530 0.182350
vt 0.727570 0.192830
vt 0.719580 0.198020
vt 0.705610 0.203830
vt 0.724620 0.208430
vt 0.712440 0.218720
vt 0.730780 0.237610
vt 0.727840 0.240320
vt 0.722340 0.221610
vt 0.729570 0.213210
vt 0.709290 0.228130
vt 0.722990 0.241780
vt 0.709380 0.250830
vt 0.698890 0.250800
vt 0.718090 0.254770
vt 0.525710 0.240100
vt 0.534190 0.242960
vt 0.533690 0.260240
vt 0.525360 0.256800
vt 0.722710 0.271060
vt 0.713870 0.270970
vt 0.710090 0.257250
vt 0.532660 0.276100
vt 0.526870 0.274530
vt 0.701620 0.258140
vt 0.706990 0.272200
vt 0.714860 0.274270
vt 0.708360 0.275980
vt 0.723850 0.289680
vt 0.717560 0.288090
vt 0.713100 0.288610
vt 0.716640 0.291720
vt 0.714350 0.292690
vt 0.719870 0.295950
vt 0.708830 0.291000
vt 0.711960 0.293540
vt 0.702950 0.278530
vt 0.704980 0.295600
vt 0.696420 0.281190
vt 0.710780 0.297670
vt 0.701340 0.275370
vt 0.540120 0.260380
vt 0.540250 0.276060
vt 0.687670 0.270140
vt 0.695050 0.261790
vt 0.538440 0.294740
vt 0.532720 0.294850
vt 0.526110 0.293950
vt 0.536850 0.301210
vt 0.532390 0.302100
vt 0.527680 0.300680
vt 0.715390 0.298540
vt 0.691920 0.256440
vt 0.541790 0.242420
vt 0.732340 0.202430
vt 0.736240 0.205820
vt 0.739530 0.197060
vt 0.742150 0.199480
vt 0.734030 0.187700
vt 0.744920 0.211340
vt 0.741550 0.219600
vt 0.749920 0.206160
vt 0.517490 0.250190
vt 0.509500 0.249550
vt 0.509870 0.237840
vt 0.517340 0.237440
vt 0.509720 0.233880
vt 0.749150 0.213970
vt 0.763720 0.214770
vt 0.759630 0.219950
vt 0.510250 0.268230
vt 0.516640 0.268970
vt 0.524000 0.251560
vt 0.522950 0.269100
vt 0.524890 0.239400
vt 0.740040 0.235590
vt 0.743990 0.227460
vt 0.755440 0.230250
vt 0.755230 0.238360
vt 0.738720 0.226230
vt 0.516330 0.278490
vt 0.521980 0.278160
vt 0.758840 0.231140
vt 0.763740 0.231870
vt 0.763760 0.238590
vt 0.764360 0.228250
vt 0.759950 0.226430
vt 0.757090 0.225350
vt 0.768170 0.230250
vt 0.767200 0.232050
vt 0.768870 0.235200
vt 0.772200 0.232010
vt 0.772910 0.227040
vt 0.768720 0.227820
vt 0.766670 0.224390
vt 0.770100 0.220030
vt 0.762880 0.221600
vt 0.745990 0.221410
vt 0.510170 0.277320
vt 0.511210 0.285550
vt 0.516320 0.287710
vt 0.521090 0.285380
vt 0.508000 0.221090
vt 0.732960 0.180600
vt 0.503280 0.213590
vt 0.734090 0.175090
vt 0.739740 0.176460
vt 0.738570 0.180160
vt 0.749320 0.182580
vt 0.747820 0.186030
vt 0.751870 0.184230
vt 0.759700 0.188260
vt 0.756240 0.192030
vt 0.763410 0.193340
s 1
usemtl Boy01_Body_MAT1.001
f 1600/1826/1600 1599/1827/1601 1602/1828/1602 1762/1829/1603
f 1599/1827/1601 1600/1826/1600 1757/1830/1604 1601/1831/1605
f 1601/1831/1605 1606/1832/1606 1604/1833/1607 1599/1827/1601
f 1599/1834/1601 1603/1835/1608 1775/1836/1609 1602/1837/1602
f 1604/1838/1607 1607/1839/1610 1603/1835/1608 1599/1834/1601
f 1605/1840/1611 1608/1841/1612 1607/1839/1610 1604/1838/1607
f 1645/1842/1613 1605/1843/1611 1604/1833/1607 1606/1832/1606
f 1608/1841/1612 1612/1844/1614 1609/1845/1615 1607/1839/1610
f 1607/1839/1610 1609/1845/1615 1610/1846/1616 1603/1835/1608
f 1771/1847/1617 1610/1846/1616 1609/1845/1615 1611/1848/1618
f 1611/1848/1618 1609/1845/1615 1612/1844/1614 1613/1849/1619
f 1613/1849/1619 1612/1844/1614 1614/1850/1620 1615/1851/1621
f 1617/1852/1622 1614/1850/1620 1612/1844/1614 1608/1841/1612
f 1615/1851/1621 1614/1850/1620 1616/1853/1623 1865/1854/1624
f 1616/1853/1623 1614/1850/1620 1617/1852/1622 1619/1855/1625
f 1608/1841/1612 1605/1840/1611 1618/1856/1626 1617/1852/1622
f 1617/1852/1622 1618/1856/1626 1620/1857/1627 1619/1855/1625
f 1619/1855/1625 1620/1857/1627 1623/1858/1628 1621/1859/1629
f 1624/1860/1630 1616/1853/1623 1619/1855/1625 1621/1859/1629
f 1626/1861/1631 1624/1860/1630 1621/1859/1629 1622/1862/1632
f 1622/1862/1632 1621/1859/1629 1623/1858/1628 1633/1863/1633
f 1865/1854/1624 1616/1853/1623 1624/1860/1630 1625/1864/1634
f 1627/1865/1635 1625/1864/1634 1624/1860/1630 1626/1861/1631
f 1629/1866/1636 1627/1865/1635 1626/1861/1631 1628/1867/1637
f 1628/1867/1637 1626/1861/1631 1622/1862/1632 1631/1868/1638
f 1868/1869/1639 1629/1866/1636 1628/1867/1637 1630/1870/1640
f 1630/1870/1640 1628/1867/1637 1631/1868/1638 1632/1871/1641
f 1631/1868/1638 1622/1862/1632 1633/1863/1633 1632/1871/1641
f 1632/1872/1641 1633/1873/1633 1635/1874/1642 1634/1875/1643
f 1636/1876/1644 1630/1877/1640 1632/1872/1641 1634/1875/1643
f 1638/1878/1645 1636/1876/1644 1634/1875/1643 1635/1874/1642
f 1637/1879/1646 1868/1880/1639 1630/1877/1640 1636/1876/1644
f 1637/1879/1646 1636/1876/1644 1638/1878/1645 1639/1881/1647
f 1639/1881/1647 1638/1878/1645 1640/1882/1648 1641/1883/1649
f 1640/1882/1648 1638/1878/1645 1635/1874/1642 1643/1884/1650
f 1641/1883/1649 1640/1882/1648 1642/1885/1651 1861/1886/1652
f 1640/1882/1648 1643/1884/1650 1644/1887/1653 1642/1885/1651
f 1620/1888/1627 1643/1884/1650 1623/1889/1628
f 1635/1874/1642 1633/1873/1633 1623/1889/1628 1643/1884/1650
f 1620/1888/1627 1618/1890/1626 1644/1887/1653 1643/1884/1650
f 1642/1885/1651 1644/1887/1653 1645/1842/1613 1646/1891/1654
f 1618/1890/1626 1605/1843/1611 1645/1842/1613 1644/1887/1653
f 1646/1891/1654 1645/1842/1613 1647/1892/1655 1649/1893/1656
f 1650/1894/1657 1647/1892/1655 1645/1842/1613 1606/1832/1606
f 1651/1895/1658 1648/1896/1659 1647/1892/1655 1650/1894/1657
f 1647/1892/1655 1648/1896/1659 1858/1897/1660 1649/1893/1656
f 1653/1898/1661 1651/1895/1658 1650/1894/1657 1652/1899/1662
f 1606/1832/1606 1601/1831/1605 1652/1899/1662 1650/1894/1657
f 1652/1899/1662 1654/1900/1663 1656/1901/1664 1653/1898/1661
f 1601/1831/1605 1654/1900/1663 1652/1899/1662
f 1658/1902/1665 1656/1901/1664 1654/1900/1663 1655/1903/1666
f 1601/1831/1605 1757/1830/1604 1655/1903/1666 1654/1900/1663
f 1653/1898/1661 1656/1901/1664 1657/1904/1667 1676/1905/1668
f 1656/1901/1664 1658/1902/1665 1662/1906/1669 1657/1904/1667
f 1659/1907/1670 1658/1902/1665 1655/1903/1666 1752/1908/1671
f 1658/1902/1665 1659/1907/1670 1750/1909/1672 1660/1910/1673
f 1658/1911/1665 1660/1912/1673 1727/1913/1674 1661/1914/1675
f 1662/1915/1669 1658/1911/1665 1661/1914/1675 1663/1916/1676
f 1663/1916/1676 1668/1917/1677 1664/1918/1678 1662/1915/1669
f 1665/1919/1679 1657/1904/1667 1662/1906/1669 1664/1920/1678
f 1696/1921/1680 1665/1919/1679 1664/1920/1678 1666/1922/1681
f 1666/1923/1681 1664/1918/1678 1667/1924/1682 1684/1925/1683
f 1664/1918/1678 1668/1917/1677 1667/1924/1682
f 1663/1916/1676 1672/1926/1684 1669/1927/1685 1668/1917/1677
f 1668/1917/1677 1669/1927/1685 1671/1928/1686 1667/1924/1682
f 1670/1929/1687 1669/1927/1685 1672/1926/1684 1674/1930/1688
f 1669/1927/1685 1670/1929/1687 1679/1931/1689 1671/1928/1686
f 1663/1916/1676 1661/1914/1675 1673/1932/1690 1672/1926/1684
f 1672/1926/1684 1673/1932/1690 1675/1933/1691 1674/1930/1688
f 1653/1934/1661 1676/1935/1668 1674/1930/1688 1675/1933/1691
f 1670/1929/1687 1674/1930/1688 1676/1935/1668 1677/1936/1692
f 1665/1919/1679 1677/1937/1692 1676/1905/1668 1657/1904/1667
f 1678/1938/1693 1677/1937/1692 1665/1919/1679 1696/1921/1680
f 1677/1936/1692 1678/1939/1693 1680/1940/1694 1679/1931/1689
f 1677/1936/1692 1679/1931/1689 1670/1929/1687
f 1671/1928/1686 1679/1931/1689 1680/1940/1694 1682/1941/1695
f 1678/1939/1693 1681/1942/1696 1680/1940/1694
f 1680/1940/1694 1681/1942/1696 1683/1943/1697 1682/1941/1695
f 1682/1941/1695 1683/1943/1697 1685/1944/1698 1684/1925/1683
f 1667/1924/1682 1671/1928/1686 1682/1941/1695 1684/1925/1683
f 1666/1923/1681 1684/1925/1683 1685/1944/1698
f 1687/1945/1699 1666/1923/1681 1685/1944/1698 1686/1946/1700
f 1683/1943/1697 1688/1947/1701 1686/1946/1700 1685/1944/1698
f 1691/1948/1702 1687/1945/1699 1686/1946/1700 1689/1949/1703
f 1686/1946/1700 1688/1947/1701 1690/1950/1704 1689/1949/1703
f 1689/1949/1703 1690/1950/1704 1692/1951/1705 1691/1948/1702
f 1691/1952/1702 1692/1953/1705 1694/1954/1706 1687/1955/1699
f 1692/1953/1705 1693/1956/1707 1695/1957/1708 1694/1954/1706
f 1690/1950/1704 1698/1958/1709 1693/1959/1707 1692/1951/1705
f 1694/1954/1706 1695/1957/1708 1678/1938/1693 1696/1921/1680
f 1687/1955/1699 1694/1954/1706 1696/1921/1680 1666/1922/1681
f 1678/1939/1693 1695/1960/1708 1697/1961/1710 1681/1942/1696
f 1697/1961/1710 1695/1960/1708 1693/1959/1707 1698/1958/1709
f 1681/1942/1696 1697/1961/1710 1688/1947/1701 1683/1943/1697
f 1688/1947/1701 1697/1961/1710 1698/1958/1709 1690/1950/1704
f 1675/1933/1691 1673/1932/1690 1702/1962/1711 1701/1963/1712
f 1818/1964/1713 1653/1934/1661 1675/1933/1691 1700/1965/1714
f 1699/1966/1715 1675/1933/1691 1701/1963/1712 1703/1967/1716
f 1675/1933/1691 1699/1966/1715 1786/1968/1717 1700/1965/1714
f 1704/1969/1718 1701/1963/1712 1702/1962/1711 1706/1970/1719
f 1705/1971/1720 1703/1967/1716 1701/1963/1712 1704/1969/1718
f 1705/1971/1720 1704/1969/1718 1706/1970/1719 1707/1972/1721
f 1702/1962/1711 1710/1973/1722 1707/1972/1721 1706/1970/1719
f 1709/1974/1723 1869/1975/1724 1708/1976/1725 1707/1972/1721
f 1707/1972/1721 1708/1976/1725 1768/1977/1726 1705/1971/1720
f 1709/1974/1723 1707/1972/1721 1710/1973/1722 1711/1978/1727
f 1711/1978/1727 1710/1973/1722 1661/1914/1675 1713/1979/1728
f 1673/1932/1690 1661/1914/1675 1710/1973/1722 1702/1962/1711
f 1754/1980/1729 1709/1974/1723 1711/1978/1727 1712/1981/1730
f 1712/1981/1730 1711/1978/1727 1713/1979/1728 1715/1982/1731
f 1713/1979/1728 1714/1983/1732 1717/1984/1733 1715/1982/1731
f 1661/1914/1675 1727/1913/1674 1714/1983/1732 1713/1979/1728
f 1751/1985/1734 1712/1981/1730 1715/1982/1731 1716/1986/1735
f 1716/1986/1735 1715/1982/1731 1717/1984/1733 1718/1987/1736
f 1718/1987/1736 1717/1984/1733 1719/1988/1737 1721/1989/1738
f 1717/1984/1733 1714/1983/1732 1722/1990/1739 1719/1988/1737
f 1722/1990/1739 1723/1991/1740 1720/1992/1741 1719/1988/1737
f 1719/1988/1737 1720/1992/1741 1721/1989/1738
f 1724/1993/1742 1725/1994/1743 1723/1991/1740 1722/1990/1739
f 1714/1983/1732 1727/1913/1674 1724/1993/1742 1722/1990/1739
f 1726/1995/1744 1725/1994/1743 1724/1993/1742
f 1727/1913/1674 1660/1912/1673 1726/1995/1744 1724/1993/1742
f 1660/1910/1673 1750/1909/1672 1728/1996/1745 1726/1997/1744
f 1726/1997/1744 1728/1996/1745 1730/1998/1746 1729/1999/1747
f 1726/1995/1744 1729/2000/1747 1731/2001/1748 1725/1994/1743
f 1735/2002/1749 1733/2003/1750 1729/1999/1747 1730/1998/1746
f 1729/2000/1747 1732/2004/1751 1731/2001/1748
f 1729/2000/1747 1733/2005/1750 1736/2006/1752 1732/2004/1751
f 1733/2005/1750 1734/2007/1753 1737/2008/1754 1736/2006/1752
f 1749/2009/1755 1734/2010/1753 1733/2003/1750 1735/2002/1749
f 1736/2006/1752 1737/2008/1754 1739/2011/1756 1738/2012/1757
f 1732/2004/1751 1736/2006/1752 1738/2012/1757 1741/2013/1758
f 1740/2014/1759 1738/2012/1757 1739/2011/1756 1748/2015/1760
f 1741/2013/1758 1738/2012/1757 1740/2014/1759 1743/2016/1761
f 1731/2001/1748 1732/2004/1751 1741/2013/1758 1742/2017/1762
f 1742/2017/1762 1741/2013/1758 1743/2016/1761 1744/2018/1763
f 1744/2018/1763 1743/2016/1761 1745/2019/1764
f 1743/2016/1761 1740/2014/1759 1746/2020/1765 1745/2019/1764
f 1720/1992/1741 1744/2018/1763 1745/2019/1764 1721/1989/1738
f 1730/1998/1746 1728/1996/1745 1721/2021/1738 1745/2022/1764
f 1746/2023/1765 1735/2002/1749 1730/1998/1746 1745/2022/1764
f 1747/2024/1766 1749/2009/1755 1735/2002/1749 1746/2023/1765
f 1740/2014/1759 1748/2015/1760 1747/2025/1766 1746/2020/1765
f 1748/2015/1760 1739/2011/1756 1749/2026/1755 1747/2025/1766
f 1739/2011/1756 1737/2008/1754 1734/2007/1753 1749/2026/1755
f 1723/1991/1740 1742/2017/1762 1744/2018/1763 1720/1992/1741
f 1725/1994/1743 1731/2001/1748 1742/2017/1762 1723/1991/1740
f 1728/1996/1745 1750/1909/1672 1718/2027/1736 1721/2021/1738
f 1659/1907/1670 1716/2028/1735 1718/2027/1736 1750/1909/1672
f 1716/2028/1735 1659/1907/1670 1752/1908/1671 1751/2029/1734
f 1753/2030/1767 1754/1980/1729 1712/1981/1730 1751/1985/1734
f 1751/2029/1734 1752/1908/1671 1655/1903/1666 1753/2031/1767
f 1756/2032/1768 1754/1980/1729 1753/2030/1767 1755/2033/1769
f 1753/2031/1767 1655/1903/1666 1757/1830/1604 1755/2034/1769
f 1756/2032/1768 1755/2033/1769 1758/2035/1770 1759/2036/1771
f 1755/2034/1769 1757/1830/1604 1600/1826/1600 1758/2037/1770
f 1758/2037/1770 1600/1826/1600 1762/1829/1603 1760/2038/1772
f 1758/2035/1770 1760/2039/1772 1761/2040/1773 1759/2036/1771
f 1761/2040/1773 1763/2041/1774 1764/2042/1775 1759/2036/1771
f 1764/2042/1775 1763/2041/1774 1765/2043/1776 1767/2044/1777
f 1765/2043/1776 1766/2045/1778 1769/2046/1779 1767/2044/1777
f 1767/2044/1777 1768/1977/1726 1708/1976/1725
f 1770/2047/1780 1768/1977/1726 1767/2044/1777 1769/2046/1779
f 1764/2042/1775 1767/2044/1777 1708/1976/1725 1869/1975/1724
f 1772/2048/1781 1770/2047/1780 1769/2046/1779 1771/1847/1617
f 1766/2045/1778 1773/2049/1782 1771/1847/1617 1769/2046/1779
f 1776/2050/1783 1772/2048/1781 1771/1847/1617 1611/1848/1618
f 1771/1847/1617 1773/2049/1782 1774/2051/1784 1610/1846/1616
f 1603/1835/1608 1610/1846/1616 1774/2051/1784 1775/1836/1609
f 1772/2048/1781 1777/2052/1785 1780/2053/1786 1770/2047/1780
f 1778/2054/1787 1777/2052/1785 1772/2048/1781 1776/2050/1783
f 1777/2052/1785 1778/2054/1787 1823/2055/1788 1779/2056/1789
f 1779/2056/1789 1781/2057/1790 1780/2053/1786 1777/2052/1785
f 1770/2047/1780 1780/2053/1786 1705/1971/1720 1768/1977/1726
f 1781/2057/1790 1703/1967/1716 1705/1971/1720 1780/2053/1786
f 1784/2058/1791 1782/2059/1792 1781/2057/1790 1779/2056/1789
f 1781/2057/1790 1782/2059/1792 1699/1966/1715 1703/1967/1716
f 1837/2060/1793 1648/2061/1659 1782/2059/1792 1783/2062/1794
f 1784/2058/1791 1820/2063/1795 1783/2062/1794 1782/2059/1792
f 1699/1966/1715 1782/2059/1792 1785/2064/1796 1786/1968/1717
f 1648/2061/1659 1788/2065/1797 1785/2064/1796 1782/2059/1792
f 1785/2064/1796 1787/2066/1798 1819/2067/1799 1786/1968/1717
f 1788/2065/1797 1790/2068/1800 1787/2066/1798 1785/2064/1796
f 1788/2069/1797 1789/2070/1801 1792/2071/1802 1790/2072/1800
f 1648/1896/1659 1651/1895/1658 1789/2070/1801 1788/2069/1797
f 1790/2068/1800 1791/2073/1803 1795/2074/1804 1793/2075/1805
f 1792/2071/1802 1811/2076/1806 1791/2077/1803 1790/2072/1800
f 1790/2068/1800 1793/2075/1805 1787/2066/1798
f 1787/2066/1798 1793/2075/1805 1794/2078/1807 1819/2067/1799
f 1793/2075/1805 1795/2074/1804 1796/2079/1808 1794/2078/1807
f 1795/2074/1804 1791/2073/1803 1797/2080/1809
f 1795/2074/1804 1797/2080/1809 1798/2081/1810 1796/2079/1808
f 1791/2073/1803 1801/2082/1811 1799/2083/1812 1797/2080/1809
f 1797/2080/1809 1799/2083/1812 1802/2084/1813 1798/2081/1810
f 1799/2083/1812 1800/2085/1814 1803/2086/1815 1802/2084/1813
f 1801/2082/1811 1814/2087/1816 1800/2085/1814 1799/2083/1812
f 1804/2088/1817 1802/2084/1813 1803/2086/1815 1806/2089/1818
f 1798/2081/1810 1802/2084/1813 1804/2088/1817 1807/2090/1819
f 1804/2088/1817 1805/2091/1820 1809/2092/1821 1807/2090/1819
f 1815/2093/1822 1805/2091/1820 1804/2088/1817 1806/2089/1818
f 1796/2079/1808 1798/2081/1810 1807/2090/1819 1808/2094/1823
f 1809/2092/1821 1808/2094/1823 1807/2090/1819
f 1810/2095/1824 1809/2096/1821 1811/2076/1806 1792/2071/1802
f 1809/2092/1821 1810/2097/1824 1816/2098/1825 1808/2094/1823
f 1809/2096/1821 1805/2099/1820 1812/2100/1826 1811/2076/1806
f 1811/2076/1806 1812/2100/1826 1801/2101/1811 1791/2077/1803
f 1805/2099/1820 1815/2102/1822 1813/2103/1827 1812/2100/1826
f 1812/2100/1826 1813/2103/1827 1814/2104/1816 1801/2101/1811
f 1803/2086/1815 1800/2085/1814 1814/2087/1816 1813/2105/1827
f 1806/2089/1818 1803/2086/1815 1813/2105/1827 1815/2093/1822
f 1810/2097/1824 1817/2106/1828 1816/2098/1825
f 1810/2097/1824 1818/1964/1713 1700/1965/1714 1817/2106/1828
f 1789/2070/1801 1818/2107/1713 1810/2095/1824 1792/2071/1802
f 1651/1895/1658 1653/1898/1661 1818/2107/1713 1789/2070/1801
f 1819/2067/1799 1794/2078/1807 1816/2098/1825 1817/2106/1828
f 1786/1968/1717 1819/2067/1799 1817/2106/1828 1700/1965/1714
f 1794/2078/1807 1796/2079/1808 1808/2094/1823 1816/2098/1825
f 1821/2108/1829 1824/2109/1830 1820/2063/1795 1784/2058/1791
f 1821/2108/1829 1784/2058/1791 1779/2056/1789 1823/2055/1788
f 1822/2110/1831 1826/2111/1832 1824/2109/1830 1821/2108/1829
f 1822/2110/1831 1821/2108/1829 1823/2055/1788 1859/2112/1833
f 1824/2109/1830 1825/2113/1834 1856/2114/1835 1820/2063/1795
f 1828/2115/1836 1825/2113/1834 1824/2109/1830 1826/2111/1832
f 1831/2116/1837 1828/2117/1836 1826/2118/1832 1827/2119/1838
f 1827/2119/1838 1826/2118/1832 1822/2120/1831 1858/1897/1660
f 1828/2115/1836 1829/2121/1839 1825/2113/1834
f 1829/2121/1839 1828/2115/1836 1830/2122/1840 1853/2123/1841
f 1830/2124/1840 1828/2117/1836 1831/2116/1837 1832/2125/1842
f 1832/2125/1842 1831/2116/1837 1833/2126/1843 1836/2127/1844
f 1827/2119/1838 1837/2128/1793 1833/2126/1843 1831/2116/1837
f 1833/2129/1843 1834/2130/1845 1839/2131/1846 1836/2132/1844
f 1834/2130/1845 1833/2129/1843 1835/2133/1847
f 1783/2062/1794 1835/2133/1847 1833/2129/1843 1837/2060/1793
f 1858/1897/1660 1648/1896/1659 1837/2128/1793 1827/2119/1838
f 1857/2134/1848 1832/2125/1842 1836/2127/1844 1838/2135/1849
f 1840/2136/1850 1842/2137/1851 1838/2138/1849 1836/2132/1844
f 1839/2131/1846 1840/2136/1850 1836/2132/1844
f 1843/2139/1852 1842/2137/1851 1840/2136/1850 1841/2140/1853
f 1839/2131/1846 1854/2141/1854 1841/2140/1853 1840/2136/1850
f 1846/2142/1855 1844/2143/1856 1842/2137/1851 1843/2139/1852
f 1838/2138/1849 1842/2137/1851 1844/2143/1856 1845/2144/1857
f 1847/2145/1858 1845/2144/1857 1844/2143/1856 1846/2142/1855
f 1849/2146/1859 1847/2145/1858 1846/2142/1855 1848/2147/1860
f 1848/2147/1860 1846/2142/1855 1843/2139/1852 1850/2148/1861
f 1849/2146/1859 1848/2147/1860 1850/2148/1861 1851/2149/1862
f 1851/2149/1862 1850/2148/1861 1852/2150/1863 1830/2122/1840
f 1850/2148/1861 1843/2139/1852 1841/2140/1853 1852/2150/1863
f 1852/2150/1863 1853/2123/1841 1830/2122/1840
f 1841/2140/1853 1854/2141/1854 1853/2123/1841 1852/2150/1863
f 1854/2141/1854 1855/2151/1864 1829/2121/1839 1853/2123/1841
f 1834/2130/1845 1855/2151/1864 1854/2141/1854 1839/2131/1846
f 1856/2114/1835 1855/2151/1864 1834/2130/1845 1835/2133/1847
f 1825/2113/1834 1829/2121/1839 1855/2151/1864 1856/2114/1835
f 1820/2063/1795 1856/2114/1835 1835/2133/1847 1783/2062/1794
f 1851/2152/1862 1830/2124/1840 1832/2125/1842 1857/2134/1848
f 1849/2153/1859 1851/2152/1862 1857/2134/1848 1847/2154/1858
f 1847/2154/1858 1857/2134/1848 1838/2135/1849 1845/2155/1857
f 1649/1893/1656 1858/1897/1660 1822/2120/1831 1859/2156/1833
f 1859/2112/1833 1823/2055/1788 1778/2054/1787 1860/2157/1865
f 1860/2158/1865 1646/1891/1654 1649/1893/1656 1859/2156/1833
f 1861/1886/1652 1642/1885/1651 1646/1891/1654 1860/2158/1865
f 1860/2157/1865 1862/2159/1866 1863/2160/1867 1861/2161/1652
f 1776/2050/1783 1862/2159/1866 1860/2157/1865 1778/2054/1787
f 1862/2159/1866 1613/1849/1619 1615/1851/1621 1863/2160/1867
f 1776/2050/1783 1611/1848/1618 1613/1849/1619 1862/2159/1866
f 1861/2161/1652 1863/2160/1867 1864/2162/1868 1641/2163/1649
f 1864/2162/1868 1863/2160/1867 1615/1851/1621 1865/1854/1624
f 1866/2164/1869 1641/2163/1649 1864/2162/1868
f 1865/1854/1624 1625/1864/1634 1866/2164/1869 1864/2162/1868
f 1866/2164/1869 1625/1864/1634 1627/1865/1635 1867/2165/1870
f 1641/2163/1649 1866/2164/1869 1867/2165/1870 1639/2166/1647
f 1867/2165/1870 1627/1865/1635 1629/1866/1636 1868/1869/1639
f 1639/2166/1647 1867/2165/1870 1868/1869/1639 1637/2167/1646
f 1759/2036/1771 1764/2042/1775 1869/1975/1724 1756/2032/1768
f 1756/2032/1768 1869/1975/1724 1709/1974/1723 1754/1980/1729
o Boy01_Body_Geo.018
v 0.746047 2.080891 0.195816
v 0.771334 2.074368 0.191056
v 0.732713 2.040111 0.209538
v 0.723796 2.083239 0.211113
v 0.743878 2.080662 0.189863
v 0.740614 2.057529 0.178802
v 0.774335 2.072839 0.184182
v 0.717260 2.083529 0.208238
v 0.705297 2.080956 0.231697
v 0.718445 2.076383 0.192484
v 0.703398 2.083418 0.212566
v 0.700410 2.073978 0.230295
v 0.710234 2.052253 0.241805
v 0.712184 2.073713 0.252266
v 0.735900 2.064827 0.263182
v 0.720456 2.073726 0.249582
v 0.740855 2.066248 0.258625
v 0.714132 2.080409 0.231703
v 0.765706 2.061373 0.253854
v 0.784955 2.060161 0.236492
v 0.764829 2.058990 0.259008
v 0.789074 2.056889 0.239496
v 0.729306 2.026830 0.241447
v 0.750300 2.008009 0.228152
v 0.765553 2.002447 0.207485
v 0.769458 2.010976 0.188322
v 0.800861 2.058618 0.213384
v 0.795796 2.064419 0.193294
v 0.793976 2.062042 0.215516
v 0.789351 2.067652 0.198480
v 0.760262 2.032003 0.177191
vn 0.2213 0.2203 -0.9500
vn -0.1176 0.4999 -0.8581
vn 0.3975 0.4941 0.7732
vn 0.1250 0.6833 0.7193
vn 0.4241 0.8345 0.3519
vn 0.6506 0.5154 0.5577
vn -0.2463 0.8509 -0.4639
vn -0.0280 0.3843 -0.9228
vn -0.1431 0.7352 -0.6626
vn 0.3398 0.0443 -0.9394
vn -0.7368 0.6660 0.1168
vn 0.7052 0.6851 0.1825
vn -0.1542 0.9820 -0.1087
vn -0.8398 0.2617 0.4757
vn -0.6627 0.0640 0.7461
vn -0.4916 -0.3765 0.7853
vn -0.2462 -0.2141 0.9453
vn 0.2983 0.8926 -0.3380
vn 0.5553 0.8182 -0.1489
vn 0.1968 -0.3462 0.9173
vn -0.0053 0.9583 -0.2859
vn 0.6590 -0.3642 0.6581
vn -0.1680 0.9819 -0.0877
vn 0.0577 -0.5264 0.8483
vn 0.5087 -0.5714 0.6440
vn 0.8017 -0.5527 0.2276
vn 0.9425 -0.2983 0.1508
vn 0.7985 -0.3345 -0.5005
vn 0.7665 -0.0770 -0.6376
vn -0.0576 0.8864 0.4593
vn -0.1495 0.9665 0.2084
vt 0.092719 0.957857
vt 0.092719 0.948278
vt 0.098928 0.948278
vt 0.098928 0.957857
vt 0.263120 0.678360
vt 0.249910 0.680400
vt 0.248510 0.668470
vt 0.236790 0.677000
vt 0.092719 0.938708
vt 0.098928 0.938708
vt 0.054832 0.948278
vt 0.054832 0.938708
vt 0.054832 0.957857
vt 0.092719 0.929129
vt 0.098928 0.929129
vt 0.054832 0.929129
vt 0.054832 0.919550
vt 0.092719 0.919550
vt 0.054832 0.909981
vt 0.092719 0.909981
vt 0.098928 0.909981
vt 0.098928 0.919550
vt 0.229830 0.660890
vt 0.238660 0.654200
vt 0.229100 0.669640
vt 0.092719 0.900402
vt 0.098928 0.900392
vt 0.251750 0.652880
vt 0.092719 0.996164
vt 0.092719 0.986585
vt 0.098928 0.986585
vt 0.098928 0.996164
vt 0.263750 0.656930
vt 0.054832 0.996164
vt 0.054832 0.986585
vt 0.054832 0.900402
vt 0.054832 0.977006
vt 0.092719 0.977006
vt 0.054832 0.967436
vt 0.092719 0.967436
vt 0.098928 0.967436
vt 0.098928 0.977006
vt 0.271200 0.663990
vt 0.271180 0.671970
s 1
usemtl Boy01_Body_MAT1.001
f 1876/2168/1871 1874/2169/1872 1870/2170/1873 1871/2171/1874
f 1871/2172/1874 1870/2173/1873 1872/2174/1875
f 1870/2173/1873 1873/2175/1876 1872/2174/1875
f 1874/2169/1872 1877/2176/1877 1873/2177/1876 1870/2170/1873
f 1875/2178/1878 1879/2179/1879 1877/2176/1877 1874/2169/1872
f 1900/2180/1880 1875/2178/1878 1874/2169/1872 1876/2168/1871
f 1877/2176/1877 1878/2181/1881 1887/2182/1882 1873/2177/1876
f 1879/2179/1879 1880/2183/1883 1878/2181/1881 1877/2176/1877
f 1880/2183/1883 1881/2184/1884 1883/2185/1885 1878/2181/1881
f 1881/2184/1884 1882/2186/1886 1884/2187/1887 1883/2185/1885
f 1883/2185/1885 1884/2187/1887 1886/2188/1888 1885/2189/1889
f 1878/2181/1881 1883/2185/1885 1885/2189/1889 1887/2182/1882
f 1885/2190/1889 1886/2191/1888 1872/2174/1875
f 1887/2192/1882 1885/2190/1889 1872/2174/1875
f 1873/2175/1876 1887/2192/1882 1872/2174/1875
f 1884/2187/1887 1890/2193/1890 1888/2194/1891 1886/2188/1888
f 1886/2191/1888 1888/2195/1891 1872/2174/1875
f 1890/2196/1890 1891/2197/1892 1889/2198/1893 1888/2199/1891
f 1888/2195/1891 1889/2200/1893 1872/2174/1875
f 1892/2201/1894 1893/2202/1895 1891/2197/1892 1890/2196/1890
f 1882/2186/1886 1892/2203/1894 1890/2193/1890 1884/2187/1887
f 1893/2202/1895 1894/2204/1896 1896/2205/1897 1891/2197/1892
f 1894/2204/1896 1895/2206/1898 1897/2207/1899 1896/2205/1897
f 1896/2205/1897 1897/2207/1899 1899/2208/1900 1898/2209/1901
f 1891/2197/1892 1896/2205/1897 1898/2209/1901 1889/2198/1893
f 1898/2210/1901 1899/2211/1900 1872/2174/1875
f 1889/2200/1893 1898/2210/1901 1872/2174/1875
f 1897/2207/1899 1876/2168/1871 1871/2171/1874 1899/2208/1900
f 1899/2211/1900 1871/2172/1874 1872/2174/1875
f 1895/2206/1898 1900/2180/1880 1876/2168/1871 1897/2207/1899
o Boy01_Body_Geo.016
v 0.357472 1.312938 0.189196
v 0.328931 1.291626 0.165419
v 0.368756 1.300614 0.198003
v 0.382672 1.336332 0.181603
v 0.350412 1.316523 0.184088
v 0.317976 1.295871 0.158193
v 0.360128 1.348686 0.165998
v 0.307577 1.296599 0.163735
v 0.283507 1.287411 0.127065
v 0.232766 1.311107 0.165032
v 0.309471 1.331991 0.170049
v 0.238217 1.324723 0.164071
v 0.280424 1.344333 0.155417
v 0.237632 1.331707 0.157257
v 0.271092 1.339815 0.157273
v 0.326148 1.362729 0.138748
v 0.322220 1.364690 0.138996
v 0.348065 1.365421 0.108166
v 0.349126 1.368788 0.107380
v 0.353055 1.354939 0.067760
v 0.375704 1.354983 0.115573
v 0.403166 1.339998 0.138225
v 0.367841 1.336164 0.079024
v 0.353140 1.312649 0.052544
v 0.392757 1.313848 0.096770
v 0.417609 1.297562 0.114867
v 0.373064 1.283470 0.070021
v 0.398191 1.262304 0.089529
v 0.339790 1.250068 0.065355
v 0.319174 1.237806 0.099996
v 0.366347 1.232287 0.092870
v 0.329036 1.288463 0.039209
v 0.305565 1.249092 0.060377
v 0.278096 1.260097 0.068133
v 0.301421 1.278401 0.030128
v 0.304816 1.243347 0.086043
v 0.288515 1.259026 0.103608
v 0.308673 1.267383 0.138705
v 0.271708 1.275824 0.100363
v 0.286192 1.282948 0.124722
v 0.260010 1.273949 0.065244
v 0.257546 1.281571 0.086867
v 0.268547 1.285298 0.105993
v 0.223098 1.289877 0.096321
v 0.244615 1.281014 0.052760
v 0.233949 1.298299 0.012836
v 0.220625 1.285973 0.068017
v 0.219659 1.301104 0.015834
v 0.195959 1.284657 0.066511
v 0.204333 1.295399 0.024763
v 0.172699 1.279645 0.088363
v 0.186676 1.291894 0.101568
v 0.164668 1.291537 0.122906
v 0.178407 1.300894 0.120991
v 0.154002 1.307451 0.147207
v 0.170272 1.310494 0.139431
v 0.225133 1.293978 0.107052
v 0.228300 1.298854 0.127444
v 0.157425 1.333874 0.171395
v 0.128586 1.339828 0.179083
v 0.115018 1.343503 0.188487
v 0.112493 1.379192 0.195472
v 0.102840 1.381700 0.202377
v 0.121362 1.400983 0.167047
v 0.093742 1.409037 0.185384
v 0.099497 1.401461 0.120467
v 0.169988 1.362496 0.170535
v 0.155656 1.385439 0.139808
v 0.160063 1.384568 0.139972
v 0.198123 1.355675 0.155958
v 0.130178 1.388997 0.112279
v 0.130442 1.391825 0.110829
v 0.114298 1.373160 0.078302
v 0.114618 1.374752 0.076034
v 0.112500 1.345527 0.062286
v 0.093778 1.370079 0.092497
v 0.061315 1.372454 0.114296
v 0.092004 1.336027 0.076054
v 0.060681 1.329689 0.099901
v 0.100710 1.299946 0.072048
v 0.073996 1.283585 0.107714
v 0.122838 1.279894 0.064274
v 0.119813 1.321005 0.049440
v 0.119883 1.323090 0.046563
v 0.135293 1.316062 0.026239
v 0.173028 1.323419 -0.002074
v 0.136436 1.318698 0.024041
v 0.173458 1.326626 -0.004298
v 0.143792 1.355502 0.010220
v 0.126426 1.351600 0.036929
v 0.175606 1.363725 -0.023243
v 0.231007 1.380887 0.068351
v 0.260126 1.365998 0.154059
v 0.237338 1.364077 0.155486
v 0.329284 1.380704 0.112051
v 0.300556 1.375040 0.138378
v 0.343539 1.379791 0.071224
v 0.338902 1.367490 0.040868
v 0.324427 1.358550 0.016317
v 0.301982 1.361529 -0.007777
v 0.269539 1.364457 -0.032179
v 0.222681 1.369512 -0.038402
v 0.278507 1.369256 0.148124
v 0.178756 1.381987 0.141919
v 0.149076 1.388905 0.118251
v 0.128940 1.384373 0.081190
v 0.122395 1.365888 0.057062
v 0.198540 1.372916 0.151558
v 0.215395 1.367357 0.156773
v 0.214764 1.366172 0.159624
v 0.206273 1.347672 0.159737
v 0.237536 1.362217 0.158484
v 0.198052 1.372342 0.153870
v 0.194935 1.359112 0.153921
v 0.194723 1.358296 0.152709
v 0.206076 1.346995 0.158581
v 0.237918 1.332206 0.158738
v 0.238142 1.333099 0.160752
v 0.271253 1.340473 0.158493
v 0.261144 1.364744 0.156809
v 0.282513 1.352664 0.151004
v 0.279381 1.368528 0.150406
v 0.282329 1.351853 0.149711
v 0.113131 1.346970 0.060100
v 0.223142 1.336859 -0.024783
v 0.223023 1.334569 -0.022820
v 0.265720 1.332071 -0.019166
v 0.301855 1.325233 0.000168
v 0.266205 1.328342 -0.016981
v 0.302808 1.321614 0.002250
v 0.247973 1.312374 -0.004156
v 0.272423 1.283876 0.023455
v 0.251539 1.290829 0.019023
v 0.233489 1.317177 -0.006434
v 0.322430 1.323722 0.023803
v 0.341827 1.337678 0.043496
v 0.323032 1.326868 0.021258
v 0.342018 1.340356 0.041643
v 0.353759 1.357582 0.065983
v 0.205012 1.311745 0.004439
v 0.188929 1.306904 0.010594
v 0.182667 1.288478 0.037360
v 0.155779 1.281332 0.050299
v 0.143339 1.269662 0.101667
v 0.107931 1.265693 0.101577
v 0.133612 1.280871 0.137708
v 0.107192 1.268047 0.129008
v 0.117207 1.306296 0.172865
v 0.089128 1.316984 0.195408
v 0.089997 1.274284 0.144127
v 0.068091 1.287631 0.169678
v 0.042603 1.292087 0.137956
v 0.042477 1.298344 0.196054
v 0.014298 1.300660 0.167925
v 0.063119 1.323157 0.217010
v 0.002028 1.313909 0.231879
v 0.019622 1.332381 0.247270
v -0.043159 1.326677 0.266911
v -0.022335 1.313704 0.207810
v -0.039897 1.340836 0.185008
v -0.064652 1.325433 0.246869
v -0.082286 1.345406 0.226801
v -0.090748 1.336158 0.263102
v -0.108401 1.347100 0.251219
v -0.099309 1.345357 0.263198
v -0.070136 1.337105 0.279459
v -0.054875 1.349936 0.296078
v -0.077459 1.349521 0.276602
v -0.062054 1.360746 0.296821
v -0.054456 1.343977 0.248958
v -0.084144 1.333863 0.238510
v -0.040975 1.348690 0.275147
v 0.012310 1.241920 0.221673
v 0.033078 1.246138 0.255417
v -0.026105 1.227132 0.206574
v 0.026389 1.208495 0.212345
v 0.056440 1.216829 0.251767
v 0.042579 1.176451 0.211848
v -0.011158 1.183903 0.194801
v -0.049441 1.168274 0.211222
v 0.015098 1.143533 0.188356
v -0.029291 1.129714 0.201845
v 0.028974 1.122923 0.185521
v -0.024430 1.110347 0.196347
v 0.055466 1.074121 0.185863
v 0.057620 1.151370 0.212737
v 0.086870 1.100978 0.217868
v 0.066739 1.173262 0.254278
v 0.090425 1.120184 0.258738
v 0.059001 1.164277 0.295578
v 0.057761 1.191413 0.253229
v 0.051415 1.176793 0.293085
v 0.023840 1.158025 0.327209
v 0.045013 1.203978 0.296368
v 0.014121 1.187610 0.325345
v 0.023262 1.242049 0.292370
v -0.005078 1.229727 0.319104
v -0.046327 1.350127 0.304714
v -0.057475 1.371586 0.313287
v -0.060788 1.328104 0.325350
v -0.060922 1.371492 0.323953
v -0.075427 1.367859 0.335240
v -0.059854 1.380651 0.323101
v -0.047074 1.386420 0.308818
v -0.073034 1.390148 0.329906
v -0.108854 1.386320 0.315039
v -0.055464 1.402093 0.307535
v -0.086884 1.411051 0.287959
v -0.026107 1.394779 0.284645
v -0.050313 1.413753 0.255782
v 0.018192 1.397021 0.248170
v -0.019946 1.364440 0.286007
v 0.025987 1.362002 0.253682
v -0.027659 1.341322 0.280211
v -0.048013 1.368733 0.306494
v 0.066309 1.362352 0.227420
v 0.048196 1.405171 0.224263
v 0.083692 1.380838 0.216391
v 0.090306 1.350912 0.209011
v 0.071069 1.411049 0.205963
v 0.047061 1.416049 0.168105
v 0.033246 1.377315 0.134270
v 0.068916 1.410854 0.144482
v 0.024874 1.415527 0.190059
v 0.004130 1.382023 0.156729
v -0.007868 1.412223 0.218419
v -0.035351 1.384599 0.186089
v -0.082876 1.385660 0.227615
v -0.112204 1.388718 0.260736
v -0.116474 1.365308 0.248593
v -0.135155 1.354494 0.262661
v -0.137267 1.370040 0.281959
v -0.120665 1.346988 0.257335
v -0.137149 1.341114 0.269297
v -0.116362 1.324624 0.251775
v -0.136036 1.341838 0.293676
v -0.111745 1.353906 0.329740
v -0.120084 1.304975 0.286629
v -0.095494 1.309062 0.324612
v -0.078145 1.192863 0.276639
v -0.065030 1.207005 0.229084
v -0.048617 1.207254 0.320634
v -0.061626 1.154630 0.287282
v -0.064550 1.158037 0.250263
v -0.056660 1.130902 0.242110
v -0.051144 1.130705 0.285516
v -0.059084 1.119050 0.241640
v -0.046141 1.075290 0.242023
v -0.055301 1.120861 0.286883
v -0.030998 1.127166 0.317263
v -0.046816 1.096578 0.285839
v -0.034663 1.068917 0.285651
v -0.022624 1.105385 0.313658
v -0.010419 1.081323 0.311782
v 0.029790 1.117228 0.325110
v 0.038432 1.077783 0.318242
v 0.070923 1.119780 0.295463
v 0.024452 1.146188 0.328859
v 0.081801 1.063850 0.293357
v 0.110021 1.070584 0.258201
v 0.068341 1.054735 0.283428
v 0.072966 1.051223 0.290939
v 0.091531 1.062089 0.248278
v 0.039030 1.070179 0.312043
v 0.035102 1.069551 0.307864
v -0.009237 1.077154 0.310913
v 0.012767 1.078732 0.334091
v -0.029808 1.075971 0.317543
v 0.011797 1.076068 0.341781
v 0.008648 1.067031 0.338171
v 0.040515 1.056868 0.314929
v -0.032696 1.073540 0.326406
v -0.026914 1.065631 0.323489
v -0.052896 1.057544 0.289742
v -0.045663 1.051095 0.292014
v -0.046724 1.038793 0.260761
v -0.048579 1.061667 0.283271
v -0.038764 1.043907 0.258466
v -0.031939 1.062418 0.280442
v -0.025265 1.037694 0.246636
v -0.033746 1.038466 0.245171
v -0.002264 1.033933 0.209675
v -0.026244 1.039667 0.246314
v -0.022684 1.028139 0.251538
v -0.020635 1.010726 0.271910
v 0.005148 1.014176 0.216218
v -0.031044 1.028847 0.263935
v -0.044880 1.035157 0.269223
v -0.026496 1.026405 0.272578
v -0.026541 1.039101 0.295320
v -0.014715 1.045023 0.311198
v -0.019535 1.025467 0.297895
v -0.008363 1.032066 0.313920
v -0.025892 0.987766 0.292629
v -0.018948 0.956956 0.270359
v -0.034596 0.966812 0.304290
v -0.013621 1.010610 0.328698
v 0.025960 1.013322 0.335939
v -0.020217 0.992628 0.330669
v 0.016688 0.992632 0.345468
v -0.032240 0.968748 0.325996
v 0.007084 0.978578 0.349519
v -0.045417 0.965410 0.322485
v -0.049130 0.939461 0.313537
v -0.038656 0.922396 0.301350
v -0.048841 0.905774 0.321359
v -0.062973 0.933483 0.328020
v -0.065061 0.950019 0.340603
v -0.060132 0.907437 0.352437
v -0.062205 0.942544 0.366303
v -0.039212 0.901546 0.376308
v -0.047037 0.937847 0.391775
v -0.031910 0.882809 0.345617
v -0.002022 0.932302 0.371981
v -0.022834 0.973251 0.387821
v 0.031187 0.963627 0.365217
v 0.007846 0.910289 0.350709
v 0.046380 0.937078 0.357582
v 0.017084 0.909112 0.326257
v 0.056907 0.925407 0.356164
v 0.028469 0.914962 0.309298
v -0.022737 0.896944 0.295321
v -0.011523 0.904639 0.278803
v -0.029285 0.939229 0.287108
v -0.000259 0.921847 0.260143
v 0.025065 0.936218 0.243254
v 0.041730 0.924383 0.288904
v 0.072067 0.944790 0.318041
v 0.064464 0.937708 0.263718
v 0.092591 0.955593 0.287003
v 0.071300 0.934177 0.257277
v 0.103778 0.948671 0.281008
v 0.087069 0.940304 0.228761
v 0.035986 0.926230 0.234164
v 0.052012 0.932332 0.204876
v 0.001169 0.976445 0.241326
v 0.029536 0.986620 0.207485
v 0.065705 0.999384 0.188209
v 0.048015 1.025634 0.191029
v 0.084013 0.947900 0.182018
v 0.096251 1.010419 0.193826
v 0.114872 1.013377 0.221893
v 0.077423 1.038389 0.196598
v 0.116044 0.955702 0.192044
v 0.138682 0.965622 0.219912
v 0.126156 0.955581 0.259810
v 0.112164 1.011338 0.266146
v 0.083803 1.003639 0.304323
v 0.094315 1.050057 0.254970
v 0.092621 1.045700 0.219502
v 0.090683 1.056631 0.220123
v 0.086605 1.037860 0.205005
v 0.105353 1.058149 0.221784
v 0.086054 1.043195 0.196581
v 0.055737 1.030433 0.188959
v 0.043113 1.040287 0.192449
v 0.002404 1.019343 0.203812
v -0.004808 1.055457 0.195755
v 0.060658 0.980483 0.332700
v 0.051359 1.023524 0.322157
v 0.027157 1.035561 0.328290
v 0.019387 1.044220 0.326466
v 0.005045 1.035657 0.321906
v 0.005200 1.046844 0.322953
v 0.023064 1.055778 0.331722
v 0.052436 0.967661 0.348345
v 0.044237 0.961261 0.356404
v 0.064751 0.930282 0.338226
v 0.031315 0.964609 0.349719
v 0.010721 0.984741 0.335245
v -0.013160 0.997709 0.344173
v -0.018638 0.983043 0.328363
v -0.029395 0.991739 0.326590
v -0.050853 0.976497 0.333085
v -0.045313 0.983799 0.362005
v 0.005854 0.991825 0.370879
v -0.028093 1.136684 0.312476
v -0.035410 1.162664 0.320105
v -0.001466 1.335330 0.149773
v 0.030058 1.331238 0.122714
v 0.333859 1.258303 0.158880
v 0.348636 1.282020 0.182346
v 0.339364 1.231608 0.123637
v 0.357385 1.243448 0.179117
v 0.364531 1.219504 0.149899
v 0.373416 1.273530 0.201305
v 0.396721 1.219718 0.207018
v 0.405603 1.244915 0.222750
v 0.437433 1.193347 0.236671
v 0.403965 1.200679 0.185239
v 0.444504 1.177985 0.218276
v 0.426924 1.195643 0.160332
v 0.464109 1.172548 0.196892
v 0.457628 1.215744 0.145675
v 0.392393 1.215783 0.121633
v 0.424987 1.241395 0.113785
v 0.443014 1.279803 0.135248
v 0.439102 1.307107 0.178883
v 0.475555 1.252944 0.160624
v 0.513168 1.219044 0.195302
v 0.462980 1.278868 0.201796
v 0.498744 1.249897 0.233372
v 0.430403 1.270916 0.227598
v 0.463774 1.236463 0.257467
v 0.410804 1.299967 0.210027
v 0.397477 1.321250 0.197500
v 0.422207 1.325423 0.160078
v 0.442347 1.214274 0.249896
v 0.491677 1.222611 0.277751
v 0.473834 1.212078 0.275219
v 0.463558 1.196466 0.268664
v 0.481725 1.192182 0.288004
v 0.470804 1.187247 0.277142
v 0.503150 1.195637 0.295280
v 0.479927 1.177986 0.289709
v 0.457340 1.160982 0.273082
v 0.498706 1.169027 0.296745
v 0.532139 1.150173 0.280651
v 0.474121 1.132345 0.285598
v 0.506966 1.108915 0.272728
v 0.406450 1.044595 0.276098
v 0.441352 1.019583 0.259850
v 0.374137 1.066277 0.262385
v 0.385184 1.000972 0.280820
v 0.373647 0.974748 0.277560
v 0.426476 0.974187 0.258561
v 0.353252 1.027414 0.260932
v 0.339253 1.001574 0.259871
v 0.333463 1.050187 0.228059
v 0.325495 1.019822 0.226135
v 0.342670 1.048887 0.184074
v 0.355558 1.080136 0.231470
v 0.444206 1.167121 0.246600
v 0.365033 1.080482 0.190433
v 0.450985 1.165650 0.217180
v 0.399905 1.061243 0.161925
v 0.439536 1.034513 0.166980
v 0.472867 1.154905 0.197326
v 0.375579 1.029590 0.146949
v 0.342387 0.990098 0.141548
v 0.411504 1.003478 0.150909
v 0.384698 0.969172 0.142601
v 0.438191 0.982233 0.182952
v 0.441394 0.973306 0.218927
v 0.421173 0.958884 0.173932
v 0.459692 1.010708 0.208579
v 0.518357 1.110960 0.228731
v 0.543692 1.142720 0.238524
v 0.507617 1.139836 0.199458
v 0.517347 1.161558 0.206642
v 0.536486 1.147723 0.214475
v 0.538903 1.162218 0.210266
v 0.551606 1.170126 0.232866
v 0.528472 1.182911 0.202455
v 0.537238 1.201940 0.221306
v 0.509743 1.169364 0.201542
v 0.485705 1.163398 0.212471
v 0.491681 1.186445 0.182260
v 0.492452 1.164413 0.214108
v 0.467682 1.168619 0.231842
v 0.472794 1.171261 0.232558
v 0.459254 1.180931 0.253653
v 0.465825 1.180887 0.258172
v 0.526078 1.223329 0.259448
v 0.537345 1.184813 0.274906
v 0.431898 0.950024 0.216989
v 0.421967 0.948054 0.170581
v 0.432391 0.940743 0.215163
v 0.403303 0.911349 0.167762
v 0.375399 0.951688 0.136414
v 0.325877 0.973105 0.140926
v 0.350215 0.900419 0.132987
v 0.290951 0.918198 0.142931
v 0.349082 0.864735 0.137579
v 0.392730 0.881316 0.169482
v 0.354036 0.879098 0.144262
v 0.294352 0.870728 0.140108
v 0.306311 0.881033 0.141491
v 0.266921 0.877828 0.157203
v 0.254298 0.888768 0.188412
v 0.269681 0.871188 0.164847
v 0.267673 0.888472 0.182818
v 0.275978 0.873750 0.154210
v 0.267164 0.877097 0.181122
v 0.262711 0.840924 0.153463
v 0.303502 0.866149 0.139273
v 0.291520 0.836037 0.138575
v 0.352304 0.858827 0.150217
v 0.333021 0.828657 0.145765
v 0.371279 0.821535 0.169362
v 0.387154 0.873653 0.178081
v 0.394194 0.855941 0.196317
v 0.398496 0.874601 0.187737
v 0.410393 0.884436 0.181267
v 0.386953 0.884112 0.173224
v 0.385956 0.881655 0.173532
v 0.401711 0.888389 0.181892
v 0.416492 0.903966 0.205015
v 0.422662 0.900699 0.209572
v 0.407165 0.912484 0.244751
v 0.399602 0.900396 0.206872
v 0.403806 0.902331 0.211670
v 0.386119 0.908672 0.244018
v 0.387923 0.910316 0.244878
v 0.343571 0.900210 0.252473
v 0.307338 0.883814 0.236568
v 0.341111 0.900584 0.257719
v 0.343236 0.904655 0.264420
v 0.371340 0.908979 0.272559
v 0.374583 0.905918 0.279239
v 0.342184 0.887596 0.259341
v 0.377333 0.897851 0.273813
v 0.412473 0.910221 0.252038
v 0.406921 0.902020 0.249874
v 0.394642 0.884531 0.239301
v 0.417102 0.893376 0.212914
v 0.401995 0.881655 0.220194
v 0.411366 0.879914 0.189390
v 0.397132 0.871172 0.196996
v 0.398255 0.867893 0.223084
v 0.391041 0.870446 0.241304
v 0.408126 0.836719 0.213403
v 0.401975 0.804126 0.189451
v 0.420050 0.817173 0.216673
v 0.402476 0.851383 0.251972
v 0.408727 0.836518 0.248010
v 0.368668 0.848015 0.272457
v 0.361831 0.868464 0.266094
v 0.339385 0.853191 0.265489
v 0.341031 0.808718 0.273262
v 0.380088 0.827518 0.272211
v 0.380274 0.871407 0.252762
v 0.379128 0.882835 0.256235
v 0.367120 0.877842 0.263149
v 0.363256 0.887041 0.270372
v 0.353986 0.795132 0.281428
v 0.385108 0.817571 0.266073
v 0.401490 0.831217 0.255857
v 0.415068 0.820168 0.238748
v 0.369880 0.801086 0.283806
v 0.361837 0.792001 0.285352
v 0.361320 0.754377 0.288825
v 0.372556 0.767838 0.297298
v 0.347998 0.758639 0.274337
v 0.392703 0.748720 0.246797
v 0.376660 0.752126 0.235345
v 0.409948 0.748789 0.264587
v 0.422925 0.747467 0.203351
v 0.445012 0.736050 0.226054
v 0.431827 0.770862 0.204481
v 0.407382 0.751815 0.194141
v 0.419107 0.784449 0.199144
v 0.388552 0.767465 0.181262
v 0.357389 0.777751 0.173465
v 0.356779 0.759742 0.220483
v 0.325791 0.770380 0.203805
v 0.332891 0.772648 0.258609
v 0.302856 0.781081 0.235628
v 0.307341 0.829008 0.255048
v 0.291767 0.772489 0.232135
v 0.318105 0.765978 0.199091
v 0.263447 0.776170 0.218635
v 0.238566 0.785925 0.184944
v 0.268397 0.833821 0.227042
v 0.294067 0.770604 0.176727
v 0.253667 0.782232 0.151097
v 0.321690 0.770986 0.143565
v 0.346186 0.766390 0.166601
v 0.282352 0.781381 0.132025
v 0.252730 0.838506 0.185666
v 0.275369 0.877266 0.215940
v 0.274235 0.891365 0.210535
v 0.305687 0.878783 0.244610
v 0.258816 0.899363 0.226260
v 0.295923 0.891515 0.250660
v 0.280944 0.954205 0.229226
v 0.309852 0.947527 0.258655
v 0.271070 0.940328 0.186284
v 0.312074 1.006162 0.227821
v 0.329708 0.990404 0.263235
v 0.306854 0.994340 0.182171
v 0.326085 1.017700 0.180681
v 0.369072 0.962804 0.280078
v 0.357553 0.936705 0.276767
v 0.416548 0.942760 0.252116
v 0.403447 0.925560 0.248106
v 0.419106 0.953454 0.252812
v 0.417262 0.921125 0.211983
v 0.445501 0.760728 0.210630
v 0.433645 0.795454 0.212460
v 0.447242 0.796580 0.218508
v 0.463581 0.765416 0.225208
v 0.452994 0.808929 0.226149
v 0.424103 0.821896 0.234115
v 0.434821 0.830664 0.238739
v 0.448633 0.831974 0.261172
v 0.412799 0.840146 0.251379
v 0.411729 0.839109 0.272682
v 0.416301 0.823413 0.301701
v 0.386531 0.821032 0.281389
v 0.391709 0.792187 0.306360
v 0.427299 0.769548 0.282458
v 0.464579 0.748885 0.253928
v 0.450505 0.811057 0.290189
v 0.474266 0.783881 0.266703
v 0.467815 0.797145 0.240562
vn -0.4493 0.3362 0.8277
vn -0.3016 0.2725 0.9137
vn -0.3410 -0.6758 0.6535
vn -0.6517 -0.1777 0.7374
vn -0.6643 -0.1420 0.7339
vn -0.3942 0.2540 0.8832
vn 0.2270 0.8343 0.5024
vn 0.1465 0.6933 0.7056
vn 0.1295 0.8600 0.4935
vn -0.2758 -0.8218 0.4985
vn 0.0265 -0.6674 0.7443
vn -0.1338 0.4356 0.8901
vn -0.1146 -0.6142 0.7808
vn -0.1631 -0.9277 0.3358
vn 0.0421 0.2385 0.9702
vn 0.3902 0.6241 0.6769
vn -0.1846 0.9374 0.2955
vn 0.1237 0.9176 0.3778
vn -0.0846 -0.9907 -0.1067
vn 0.4348 -0.8703 0.2315
vn 0.2580 0.7274 0.6358
vn 0.6130 0.7851 0.0884
vn 0.7615 0.6011 0.2423
vn 0.5544 0.8200 -0.1422
vn 0.8779 0.3328 -0.3444
vn 0.9203 0.3133 -0.2342
vn 0.7403 0.4221 -0.5232
vn 0.6253 0.7651 -0.1536
vn 0.7299 0.3415 -0.5922
vn 0.6802 -0.0255 -0.7326
vn 0.7527 0.0001 -0.6584
vn 0.6007 -0.1218 -0.7901
vn 0.6768 0.7342 -0.0545
vn 0.7445 0.3280 -0.5815
vn 0.5655 -0.1979 -0.8007
vn 0.2899 -0.6406 -0.7111
vn 0.1284 -0.7799 -0.6126
vn 0.5072 -0.3619 -0.7821
vn -0.3540 -0.9352 0.0104
vn -0.3302 -0.9439 -0.0003
vn -0.0611 -0.8356 -0.5460
vn -0.4732 -0.8788 0.0616
vn 0.1855 -0.6398 -0.7459
vn -0.6008 -0.7306 0.3244
vn -0.4754 -0.8563 -0.2020
vn -0.0625 -0.7685 -0.6368
vn -0.6747 -0.5181 0.5257
vn -0.6869 -0.6181 0.3822
vn -0.4890 -0.8711 -0.0458
vn -0.6311 -0.5221 0.5737
vn -0.4235 -0.8104 0.4049
vn -0.3504 -0.8990 0.2627
vn -0.2430 -0.9515 -0.1886
vn -0.0882 -0.9667 0.2402
vn -0.1120 -0.9444 0.3091
vn -0.1032 -0.9929 -0.0594
vn -0.1682 -0.8406 -0.5148
vn -0.2333 -0.8309 -0.5052
vn -0.1340 -0.8584 -0.4952
vn 0.0573 -0.9090 -0.4128
vn 0.1224 -0.9878 -0.0960
vn 0.2062 -0.9171 0.3413
vn 0.0165 -0.9153 -0.4023
vn 0.3402 -0.9369 0.0806
vn 0.5030 -0.7212 0.4763
vn 0.5163 -0.5330 0.6704
vn 0.2176 -0.8265 0.5192
vn 0.0962 -0.7529 0.6511
vn 0.3706 -0.4311 0.8226
vn 0.0856 -0.3468 0.9340
vn 0.5102 0.3222 0.7974
vn 0.5547 -0.2451 0.7951
vn 0.3824 -0.6070 0.6967
vn 0.6006 0.3113 0.7365
vn 0.4652 0.8671 0.1778
vn 0.2923 0.9380 0.1865
vn 0.4442 0.5445 0.7115
vn -0.1551 0.8892 -0.4304
vn -0.0263 0.8915 -0.4522
vn 0.4305 0.9023 0.0220
vn 0.0055 0.9997 -0.0221
vn 0.7383 0.6127 -0.2819
vn 0.3665 0.9283 0.0626
vn -0.2844 0.9561 -0.0710
vn -0.5697 -0.8041 0.1699
vn -0.6714 0.6228 -0.4016
vn -0.6246 0.6228 -0.4711
vn -0.4222 0.5597 -0.7131
vn -0.8392 0.2457 -0.4852
vn -0.7313 0.1571 -0.6637
vn -0.6511 0.0974 -0.7528
vn -0.4884 0.4660 -0.7378
vn -0.6371 -0.0362 -0.7699
vn -0.6641 -0.3220 -0.6747
vn -0.6040 -0.6267 -0.4924
vn -0.7147 -0.1053 -0.6915
vn -0.3791 -0.7369 -0.5597
vn -0.2706 -0.9234 -0.2723
vn -0.5459 -0.4086 -0.7315
vn -0.8657 0.0502 -0.4980
vn -0.6223 -0.1208 -0.7734
vn -0.3462 -0.5222 -0.7794
vn -0.1103 -0.8790 -0.4638
vn -0.3928 -0.2412 -0.8874
vn -0.5609 0.7213 -0.4063
vn -0.3296 0.6789 -0.6561
vn -0.5377 0.6931 -0.4802
vn 0.0040 0.9953 -0.0967
vn -0.0939 0.9698 0.2251
vn -0.0801 0.9067 0.4140
vn 0.0388 0.9756 0.2162
vn 0.2062 0.9568 0.2051
vn 0.1334 0.9778 0.1615
vn 0.2651 0.9184 -0.2936
vn 0.0014 0.8881 0.4596
vn 0.3041 0.7433 -0.5958
vn 0.4276 0.7056 -0.5650
vn 0.4821 0.7346 -0.4775
vn 0.3391 0.6787 -0.6514
vn -0.0769 0.7286 -0.6806
vn 0.1815 0.8784 0.4421
vn 0.1756 0.8946 0.4110
vn 0.2065 0.9700 -0.1282
vn 0.0923 0.8804 -0.4652
vn -0.1901 0.7182 -0.6694
vn -0.3732 0.2281 0.8993
vn -0.0025 0.0918 0.9958
vn 0.0629 0.0973 0.9933
vn -0.4304 0.2094 0.8780
vn 0.1032 -0.1430 0.9843
vn -0.0548 0.0456 0.9975
vn -0.0969 0.3679 0.9248
vn 0.1903 0.0893 0.9777
vn 0.1020 0.1396 0.9849
vn 0.4519 0.2607 0.8531
vn 0.5142 0.0770 0.8542
vn 0.3080 0.3241 0.8945
vn 0.2815 -0.2288 -0.9319
vn -0.0879 -0.2708 -0.9586
vn -0.1074 -0.5905 -0.7999
vn 0.2258 -0.4827 -0.8461
vn 0.5918 -0.1296 -0.7956
vn 0.4803 -0.3568 -0.8013
vn -0.1170 -0.6945 -0.7099
vn -0.0220 -0.6924 -0.7212
vn 0.6930 -0.1638 -0.7021
vn 0.7106 -0.1146 -0.6942
vn 0.8473 0.0279 -0.5303
vn -0.0847 -0.7397 -0.6676
vn -0.1224 -0.7541 -0.6453
vn 0.2304 -0.9728 0.0224
vn 0.3491 -0.7876 0.5078
vn -0.0353 -0.9546 0.2958
vn -0.0914 -0.9470 0.3080
vn 0.4062 -0.5771 0.7085
vn -0.0172 -0.9311 0.3643
vn 0.5603 -0.2255 0.7970
vn -0.5501 -0.7567 -0.3532
vn 0.4123 -0.5497 0.7265
vn 0.0274 -0.9215 0.3875
vn -0.4799 -0.8489 -0.2214
vn -0.4122 -0.8981 -0.1530
vn 0.0339 -0.9163 0.3990
vn 0.4015 -0.5467 0.7348
vn 0.3020 -0.5954 0.7445
vn -0.0464 -0.8899 0.4539
vn -0.3913 -0.9194 -0.0390
vn -0.6814 -0.3041 -0.6658
vn -0.6797 -0.2167 -0.7007
vn -0.6603 -0.4194 -0.6230
vn -0.5616 -0.6547 -0.5059
vn -0.5194 -0.8008 0.2982
vn -0.3491 -0.6900 0.6341
vn -0.5051 -0.1578 -0.8485
vn -0.9214 0.0796 -0.3804
vn -0.6169 0.6368 0.4625
vn -0.0734 -0.5855 0.8074
vn 0.0783 0.5561 0.8274
vn 0.5854 0.7906 -0.1797
vn 0.2783 0.7122 -0.6444
vn -0.1847 0.4508 -0.8733
vn -0.1483 0.1963 -0.9693
vn 0.4705 0.4679 -0.7481
vn 0.8088 0.5726 -0.1341
vn 0.8881 0.4326 -0.1554
vn 0.4860 0.3588 -0.7969
vn -0.1130 0.1769 -0.9777
vn 0.9353 0.3034 -0.1823
vn 0.5734 0.3207 -0.7539
vn 0.0405 0.1741 -0.9839
vn -0.6769 -0.0545 -0.7340
vn -0.7456 -0.1338 -0.6528
vn -0.5389 -0.0273 -0.8419
vn -0.5200 -0.1303 -0.8442
vn 0.1637 0.1178 -0.9794
vn 0.7018 0.3610 -0.6141
vn -0.4638 -0.1932 -0.8646
vn 0.1995 0.0670 -0.9776
vn 0.7570 0.3357 -0.5606
vn 0.9023 0.4254 -0.0698
vn 0.9290 0.3592 0.0891
vn 0.7868 0.2888 0.5455
vn 0.7389 0.1799 0.6494
vn 0.8090 0.2659 0.5242
vn 0.7552 0.3380 0.5616
vn 0.2374 0.1030 0.9659
vn 0.2714 0.0820 0.9590
vn 0.2458 0.1236 0.9614
vn 0.3041 0.1649 0.9383
vn 0.7369 0.4486 0.5058
vn 0.2978 0.0944 0.9499
vn 0.7565 0.5404 0.3684
vn 0.6767 0.1608 0.7185
vn 0.7628 0.0976 0.6392
vn 0.8253 -0.0215 0.5643
vn 0.1002 0.0718 0.9924
vn -0.0140 0.5738 0.8189
vn 0.2231 0.8439 0.4879
vn 0.6750 0.1538 0.7216
vn 0.4127 -0.3682 0.8331
vn -0.5781 0.6197 0.5309
vn -0.5362 -0.0071 0.8441
vn -0.2937 0.9520 0.0857
vn -0.1304 0.9871 -0.0928
vn 0.4633 0.6752 0.5740
vn 0.4194 0.6640 0.6191
vn -0.1439 0.9809 -0.1309
vn 0.5501 -0.1081 0.8281
vn 0.5610 -0.0220 0.8275
vn 0.3195 0.7248 0.6104
vn 0.5353 -0.0208 0.8444
vn 0.2882 0.8531 0.4350
vn 0.5213 0.2818 0.8055
vn -0.2081 0.9209 -0.3298
vn -0.2182 0.9550 -0.2012
vn -0.5220 0.4608 -0.7178
vn -0.5392 0.4968 -0.6800
vn -0.5540 0.5152 -0.6540
vn -0.5679 0.5520 -0.6105
vn -0.6480 0.1284 -0.7507
vn -0.5669 0.7771 -0.2732
vn -0.8217 0.1069 -0.5599
vn -0.8732 0.4771 0.0995
vn -0.9129 -0.2348 -0.3339
vn -0.9190 -0.1358 0.3700
vn -0.7023 -0.0161 -0.7117
vn -0.9297 -0.3415 0.1383
vn -0.4679 -0.1933 0.8624
vn -0.4320 -0.1758 0.8846
vn -0.9324 -0.3295 0.1486
vn -0.9331 -0.2455 -0.2627
vn -0.4068 -0.1434 0.9022
vn -0.8363 -0.2978 0.4604
vn -0.9321 -0.1491 -0.3301
vn -0.9145 -0.1453 0.3775
vn -0.9253 -0.1860 -0.3306
vn -0.9310 -0.1562 0.3299
vn -0.8946 -0.3087 -0.3230
vn -0.8703 -0.3329 0.3629
vn -0.4382 -0.0879 0.8946
vn -0.4464 -0.0612 0.8928
vn -0.3781 -0.2521 0.8908
vn -0.8251 -0.3868 0.4119
vn -0.3200 -0.2992 0.8989
vn -0.8560 -0.4215 -0.2993
vn 0.3029 -0.1728 0.9372
vn 0.2790 -0.0469 0.9591
vn 0.6998 -0.1765 0.6922
vn 0.9785 0.0759 0.1920
vn 0.6554 -0.7208 0.2257
vn 0.6161 -0.4877 0.6185
vn 0.1188 -0.4586 0.8807
vn 0.6084 0.3552 0.7098
vn 0.6787 0.4164 0.6050
vn 0.6311 0.6567 0.4128
vn 0.8299 0.4736 0.2948
vn 0.2214 0.9620 0.1598
vn -0.1052 0.9859 0.1303
vn -0.2330 0.9664 -0.1084
vn -0.6265 0.3378 0.7025
vn 0.2279 0.4184 0.8792
vn -0.4262 -0.5509 0.7175
vn -0.0919 -0.4317 0.8973
vn 0.3368 -0.2380 0.9110
vn -0.9730 0.1380 0.1850
vn -0.5850 -0.6356 0.5038
vn -0.4012 0.8243 -0.3995
vn -0.8604 -0.2544 -0.4416
vn -0.6225 -0.7347 0.2697
vn -0.3959 0.5696 -0.7203
vn -0.4832 0.8353 -0.2622
vn 0.4492 -0.5409 0.7111
vn -0.4849 -0.3643 -0.7951
vn -0.4309 -0.8677 -0.2477
vn -0.7430 -0.4159 -0.5244
vn -0.6703 -0.3115 -0.6735
vn -0.8214 -0.3718 -0.4326
vn -0.9179 -0.1721 -0.3575
vn -0.7556 -0.6082 0.2431
vn -0.6262 -0.7499 -0.2134
vn -0.7688 -0.2621 -0.5833
vn -0.6117 -0.5958 0.5203
vn -0.9526 0.0228 0.3033
vn -0.4853 -0.5205 0.7025
vn -0.7272 0.2347 0.6450
vn -0.9620 0.1408 -0.2338
vn -0.6598 0.3977 0.6376
vn -0.7864 -0.1006 -0.6094
vn -0.7947 -0.0653 -0.6035
vn -0.9306 0.3038 -0.2041
vn -0.7124 0.4050 0.5731
vn -0.3317 0.3254 0.8855
vn 0.2181 0.3847 0.8969
vn 0.0062 0.3970 0.9178
vn -0.6636 0.2845 -0.6919
vn -0.4412 -0.4966 0.7475
vn -0.7806 0.1554 -0.6054
vn -0.4678 0.2634 -0.8437
vn 0.3217 0.1338 -0.9373
vn -0.8950 -0.0698 -0.4405
vn -0.7625 -0.2478 -0.5977
vn -0.7843 -0.5154 -0.3453
vn -0.8710 -0.4833 0.0881
vn -0.9641 0.2297 -0.1334
vn -0.7312 0.5710 -0.3732
vn -0.9038 0.1134 0.4126
vn -0.2562 -0.0634 0.9645
vn -0.0321 -0.6449 0.7636
vn 0.0779 -0.9705 0.2280
vn 0.3839 -0.3259 0.8640
vn -0.0321 0.3343 0.9419
vn 0.3989 -0.7500 0.5275
vn 0.6859 0.2613 0.6791
vn 0.4230 0.6623 0.6183
vn 0.0274 -0.3369 0.9411
vn 0.3832 -0.9217 0.0597
vn 0.4672 -0.6902 0.5526
vn -0.0891 -0.9319 -0.3517
vn 0.4436 -0.8755 -0.1917
vn 0.8113 -0.5486 0.2020
vn -0.0895 -0.8314 -0.5484
vn -0.2423 -0.6879 -0.6842
vn 0.4282 -0.8791 -0.2094
vn -0.2404 -0.8192 -0.5207
vn 0.2861 -0.9552 0.0764
vn 0.8339 -0.4535 0.3146
vn 0.6705 -0.5493 0.4987
vn 0.2132 -0.9664 0.1437
vn 0.6839 -0.4673 0.5603
vn -0.4725 -0.7942 -0.3822
vn 0.3451 -0.9358 -0.0721
vn 0.8829 -0.3267 0.3372
vn -0.3738 -0.6394 -0.6719
vn -0.5821 -0.2284 -0.7804
vn -0.1954 -0.0000 -0.9807
vn -0.0189 -0.4391 -0.8982
vn -0.2716 -0.0556 -0.9608
vn 0.4853 0.2955 -0.8229
vn 0.3776 0.3843 -0.8424
vn 0.6111 -0.4043 -0.6805
vn 0.9684 -0.1827 -0.1698
vn 0.8891 0.4141 -0.1951
vn 0.8562 0.4629 -0.2294
vn 0.8570 0.3056 0.4149
vn 0.7218 0.2020 0.6620
vn 0.7376 -0.6471 0.1930
vn 0.4435 -0.8695 0.2176
vn 0.8587 0.1367 -0.4939
vn 0.6333 0.0549 -0.7720
vn -0.0788 -0.3073 -0.9484
vn 0.0076 -0.9952 -0.0974
vn 0.6602 0.1917 0.7262
vn 0.5363 0.3195 0.7812
vn 0.2134 0.2238 0.9510
vn 0.0489 -0.2310 0.9717
vn -0.3266 -0.4582 0.8267
vn 0.5933 0.3202 0.7386
vn 0.2170 0.1456 0.9653
vn 0.3521 -0.3874 0.8520
vn 0.6568 0.0401 -0.7530
vn 0.0883 0.9921 -0.0896
vn -0.2590 0.7595 -0.5967
vn -0.6071 0.7027 0.3709
vn -0.6524 -0.1225 -0.7479
vn -0.6928 -0.4826 0.5359
vn -0.6950 -0.4594 0.5531
vn -0.5451 -0.0080 0.8383
vn -0.5205 -0.8495 0.0863
vn -0.5271 -0.8446 0.0935
vn -0.6886 -0.4618 0.5590
vn -0.5670 0.0156 0.8236
vn -0.6689 -0.5309 0.5203
vn -0.6155 -0.0171 0.7879
vn -0.4806 -0.8701 0.1090
vn -0.1202 -0.9169 -0.3807
vn -0.0816 -0.8851 -0.4582
vn 0.0065 -0.8595 -0.5111
vn 0.4070 -0.4814 -0.7763
vn 0.4909 -0.3850 -0.7815
vn 0.5379 -0.3024 -0.7869
vn 0.7746 0.3376 -0.5348
vn 0.7861 0.3372 -0.5180
vn 0.6170 0.7704 0.1607
vn 0.6911 0.7175 0.0870
vn 0.7850 0.3558 -0.5072
vn 0.5739 0.8018 0.1668
vn -0.0841 0.5625 0.8225
vn -0.1285 0.6206 0.7735
vn 0.0394 0.5512 0.8335
vn 0.1452 0.6754 0.7230
vn 0.6858 0.6613 0.3041
vn -0.7312 -0.0971 0.6752
vn -0.5199 0.3057 0.7976
vn -0.7758 0.1415 0.6149
vn -0.4894 0.2478 0.8361
vn 0.2487 0.3388 0.9074
vn -0.5797 0.3766 0.7226
vn -0.5004 0.0959 0.8605
vn 0.1083 -0.0802 0.9909
vn -0.0515 -0.0715 0.9961
vn 0.8176 0.2128 0.5351
vn 0.6658 -0.3105 0.6785
vn 0.6023 -0.4549 0.6560
vn -0.0328 -0.0216 0.9992
vn 0.6125 -0.3943 0.6851
vn -0.5221 0.3578 0.7742
vn 0.0270 -0.0211 0.9994
vn 0.6368 -0.2846 0.7166
vn -0.5469 0.2552 0.7974
vn -0.5271 0.3197 0.7874
vn 0.0478 -0.0218 0.9986
vn 0.6371 -0.2894 0.7144
vn -0.8526 0.4802 0.2064
vn -0.8587 0.4619 0.2220
vn -0.7466 0.6327 0.2055
vn -0.6823 0.5371 -0.4960
vn -0.7177 0.5273 -0.4548
vn -0.5674 0.6488 -0.5071
vn -0.6127 0.7799 0.1275
vn -0.3749 0.8038 -0.4619
vn -0.0699 0.3904 -0.9180
vn -0.0011 0.5465 -0.8375
vn -0.1553 0.3617 -0.9193
vn 0.4477 -0.0145 -0.8941
vn 0.5469 -0.0617 -0.8349
vn 0.4830 0.0262 -0.8752
vn -0.2816 0.3501 -0.8934
vn 0.3198 0.0260 -0.9471
vn 0.7806 -0.2983 -0.5492
vn 0.7592 -0.1990 -0.6198
vn 0.8837 -0.4390 -0.1621
vn 0.9075 -0.3852 0.1675
vn 0.9501 -0.3093 0.0407
vn 0.8608 -0.4781 -0.1744
vn 0.8965 -0.4411 0.0402
vn 0.6831 -0.3529 -0.6394
vn 0.0234 -0.1616 -0.9866
vn 0.1816 -0.1285 -0.9749
vn 0.6919 -0.0970 -0.7154
vn 0.9981 0.0594 -0.0153
vn 0.6065 -0.0080 -0.7950
vn 0.8652 0.4712 -0.1714
vn 0.1581 -0.5737 -0.8037
vn -0.0089 -0.9907 -0.1356
vn -0.3221 0.3743 0.8696
vn -0.2027 -0.9389 0.2781
vn -0.8774 0.0808 0.4730
vn -0.5152 -0.6904 0.5078
vn 0.9089 -0.4169 0.0073
vn 0.7486 -0.2406 -0.6178
vn 0.2515 -0.0385 -0.9671
vn 0.8319 -0.5540 0.0314
vn 0.7275 -0.3189 -0.6075
vn 0.1776 -0.0633 -0.9821
vn -0.4141 0.3048 -0.8577
vn -0.4883 0.1980 -0.8499
vn 0.2300 -0.2545 -0.9393
vn -0.1465 -0.1694 -0.9746
vn 0.6697 -0.4836 -0.5636
vn -0.2661 -0.6961 0.6668
vn 0.3829 -0.8340 -0.3973
vn 0.0332 -0.9787 -0.2027
vn -0.3173 -0.9329 0.1703
vn -0.8377 0.0759 -0.5408
vn -0.8704 0.4107 -0.2715
vn -0.9760 0.1470 -0.1607
vn -0.6140 -0.7280 0.3051
vn -0.6700 0.3549 -0.6521
vn -0.9450 0.3210 0.0630
vn -0.0244 0.0534 -0.9983
vn -0.9691 0.2248 0.1013
vn -0.7484 0.2221 -0.6249
vn -0.0991 0.0855 -0.9914
vn 0.4800 -0.1347 -0.8668
vn 0.3640 -0.0596 -0.9295
vn 0.6062 -0.0656 -0.7926
vn 0.6884 -0.1939 -0.6989
vn 0.7893 0.0248 -0.6136
vn 0.4528 -0.3658 -0.8131
vn 0.5778 -0.6745 -0.4595
vn 0.8496 -0.5259 -0.0408
vn 0.7178 -0.1225 -0.6854
vn 0.7101 -0.7040 0.0112
vn 0.0633 0.7127 -0.6986
vn 0.1142 0.9138 -0.3898
vn 0.9623 0.2629 -0.0700
vn -0.9152 0.1120 -0.3871
vn 0.0376 0.9955 -0.0868
vn 0.7649 0.3561 0.5368
vn -0.3086 0.8229 0.4771
vn 0.7572 -0.6417 0.1219
vn 0.4490 -0.6299 0.6337
vn -0.0704 -0.4066 0.9109
vn 0.0291 -0.6246 0.7804
vn -0.2651 0.9222 0.2817
vn -0.4911 -0.2969 0.8190
vn -0.3823 -0.6239 0.6817
vn -0.5243 0.5753 0.6278
vn -0.4237 0.2087 0.8815
vn -0.0109 0.3001 0.9538
vn -0.0555 -0.3727 0.9263
vn 0.3829 -0.5184 0.7646
vn 0.6539 -0.5770 0.4894
vn 0.7465 -0.6190 0.2441
vn 0.5903 -0.5199 0.6174
vn 0.7019 -0.5364 0.4685
vn 0.7816 -0.5626 0.2694
vn 0.9831 0.1753 0.0525
vn 0.8417 0.3165 0.4374
vn 0.7728 0.3910 0.4999
vn 0.8530 0.3303 -0.4040
vn 0.5950 0.1033 -0.7970
vn 0.8618 0.4284 -0.2717
vn 0.5373 0.1394 -0.8318
vn 0.8507 0.2497 0.4626
vn 0.0308 0.2632 0.9643
vn 0.3167 0.1270 0.9400
vn 0.5587 0.3249 0.7631
vn 0.0427 0.1537 0.9872
vn -0.3500 0.1725 0.9207
vn -0.5285 0.0167 0.8488
vn -0.4083 -0.0160 0.9127
vn -0.3406 0.0788 0.9369
vn 0.2817 -0.3515 0.8928
vn -0.4003 0.1507 0.9039
vn -0.1588 0.6824 0.7135
vn 0.4160 0.7767 -0.4730
vn -0.6965 0.5559 0.4536
vn -0.6744 0.6523 0.3460
vn -0.6721 0.6169 -0.4096
vn -0.2077 0.5425 -0.8139
vn -0.1906 -0.4469 0.8741
vn -0.2843 -0.7680 0.5739
vn -0.6141 -0.7045 0.3557
vn -0.1530 -0.9871 0.0474
vn 0.0424 -0.9006 0.4326
vn -0.3064 -0.9399 -0.1507
vn 0.0390 -0.7756 -0.6300
vn 0.0828 -0.8499 -0.5204
vn 0.2270 -0.9709 -0.0764
vn 0.4790 0.0065 -0.8778
vn 0.6267 -0.1869 -0.7565
vn 0.1426 -0.5839 -0.7992
vn -0.3164 -0.9308 -0.1829
vn 0.2116 -0.7224 -0.6583
vn -0.0892 -0.9951 0.0432
vn -0.6158 -0.6241 0.4810
vn -0.4022 -0.6951 0.5959
vn -0.4058 -0.6236 0.6681
vn 0.0034 -0.9961 0.0880
vn -0.1877 -0.9790 -0.0796
vn -0.6796 -0.5141 0.5233
vn -0.7404 0.1001 0.6647
vn -0.9281 -0.3640 0.0788
vn -0.6991 -0.4809 -0.5291
vn 0.2715 -0.5123 -0.8148
vn 0.4724 -0.6605 -0.5836
vn -0.1609 -0.3769 -0.9122
vn -0.7748 0.2748 0.5693
vn -0.5313 0.2402 0.8124
vn -0.5066 -0.7989 0.3243
vn -0.8909 0.0306 0.4531
vn -0.5227 0.1122 0.8451
vn -0.8391 0.3781 0.3911
vn -0.5279 0.2985 0.7951
vn -0.7917 0.5503 0.2653
vn -0.7781 0.5426 -0.3164
vn 0.0090 -0.0689 0.9976
vn -0.0236 -0.2264 0.9737
vn 0.6052 -0.3874 0.6955
vn 0.5311 -0.5258 0.6644
vn 0.4474 0.4404 -0.7784
vn 0.4117 0.3317 -0.8488
vn 0.8203 -0.1519 -0.5514
vn 0.9135 0.3162 -0.2561
vn 0.5103 0.5165 -0.6876
vn 0.2336 0.7830 -0.5765
vn -0.2126 0.8974 -0.3867
vn 0.6233 0.7756 0.0999
vn -0.1370 0.9382 0.3177
vn 0.1001 0.4102 0.9065
vn 0.6176 0.1876 0.7638
vn -0.0889 -0.0724 0.9934
vn 0.2785 -0.5500 0.7873
vn 0.5864 -0.7007 0.4063
vn 0.8546 -0.0997 0.5096
vt 0.382080 0.383780
vt 0.380510 0.391980
vt 0.371230 0.385900
vt 0.370700 0.383420
vt 0.367510 0.370650
vt 0.380290 0.367720
vt 0.400550 0.390450
vt 0.399980 0.366370
vt 0.396870 0.413150
vt 0.370510 0.386770
vt 0.375290 0.395700
vt 0.379960 0.417960
vt 0.366520 0.397880
vt 0.366520 0.387320
vt 0.366530 0.419790
vt 0.366530 0.435650
vt 0.381820 0.436820
vt 0.400460 0.437740
vt 0.366530 0.439840
vt 0.382190 0.442740
vt 0.399900 0.445750
vt 0.421120 0.439780
vt 0.420790 0.446440
vt 0.421770 0.421990
vt 0.442120 0.442220
vt 0.441380 0.448550
vt 0.443500 0.425640
vt 0.423050 0.396240
vt 0.445520 0.399330
vt 0.464110 0.430080
vt 0.460720 0.448830
vt 0.468250 0.402520
vt 0.423210 0.367160
vt 0.446820 0.368870
vt 0.471300 0.371890
vt 0.214130 0.089830
vt 0.244250 0.088470
vt 0.242870 0.123370
vt 0.215860 0.124320
vt 0.220470 0.056940
vt 0.244340 0.053760
vt 0.189300 0.104830
vt 0.185310 0.092890
vt 0.193760 0.079070
vt 0.191050 0.127610
vt 0.198380 0.056210
vt 0.169640 0.092830
vt 0.174400 0.077070
vt 0.176980 0.056100
vt 0.164250 0.107880
vt 0.155170 0.090850
vt 0.158540 0.076890
vt 0.151260 0.100280
vt 0.144520 0.097790
vt 0.145740 0.089870
vt 0.146640 0.076610
vt 0.136740 0.089490
vt 0.136760 0.096980
vt 0.136710 0.076300
vt 0.160320 0.057840
vt 0.147240 0.057220
vt 0.136660 0.055450
vt 0.126060 0.057060
vt 0.126760 0.076440
vt 0.127730 0.089740
vt 0.112880 0.057580
vt 0.114790 0.076560
vt 0.118260 0.090590
vt 0.122230 0.100120
vt 0.128990 0.097710
vt 0.130140 0.105270
vt 0.128040 0.108080
vt 0.136770 0.104210
vt 0.143400 0.105310
vt 0.362540 0.386770
vt 0.357760 0.395700
vt 0.352550 0.391990
vt 0.361820 0.385900
vt 0.126630 0.112680
vt 0.109190 0.107600
vt 0.350980 0.383780
vt 0.362340 0.383420
vt 0.336290 0.413180
vt 0.332550 0.390470
vt 0.353120 0.417970
vt 0.310110 0.396290
vt 0.311540 0.422110
vt 0.332800 0.437800
vt 0.312300 0.439960
vt 0.351280 0.436830
vt 0.333380 0.445790
vt 0.312680 0.446670
vt 0.350900 0.442740
vt 0.291640 0.448830
vt 0.291010 0.442420
vt 0.289760 0.425780
vt 0.271900 0.450310
vt 0.271760 0.448720
vt 0.269200 0.430100
vt 0.287650 0.399410
vt 0.264890 0.402660
vt 0.052190 0.057930
vt 0.058970 0.089800
vt 0.029160 0.088520
vt 0.028920 0.055390
vt 0.032740 0.034400
vt 0.051760 0.037790
vt 0.074270 0.056500
vt 0.079250 0.078830
vt 0.073680 0.037270
vt 0.051970 0.030750
vt 0.073700 0.029680
vt 0.033080 0.032790
vt 0.102200 0.036000
vt 0.095990 0.055930
vt 0.101940 0.028000
vt 0.072070 0.016230
vt 0.101140 0.015340
vt 0.051390 0.020520
vt 0.362040 0.491760
vt 0.350030 0.484910
vt 0.407570 0.478240
vt 0.381880 0.496920
vt 0.418310 0.463820
vt 0.424910 0.464520
vt 0.407570 0.463990
vt 0.396830 0.463820
vt 0.447150 0.467420
vt 0.459870 0.471770
vt 0.432400 0.465240
vt 0.466040 0.477980
vt 0.465110 0.484910
vt 0.453100 0.491760
vt 0.433270 0.496920
vt 0.407570 0.497860
vt 0.382740 0.465240
vt 0.390230 0.464520
vt 0.367990 0.467420
vt 0.355270 0.471770
vt 0.349100 0.477980
vt 0.342560 0.459190
vt 0.345500 0.456580
vt 0.353040 0.457600
vt 0.351900 0.461510
vt 0.366530 0.457540
vt 0.366520 0.461880
vt 0.345750 0.450520
vt 0.353370 0.446470
vt 0.366530 0.444190
vt 0.342880 0.449150
vt 0.332770 0.457440
vt 0.379700 0.446470
vt 0.380020 0.457610
vt 0.387590 0.456600
vt 0.387350 0.450530
vt 0.390260 0.449160
vt 0.390540 0.459230
vt 0.400600 0.457530
vt 0.381150 0.461520
vt 0.035510 0.020520
vt 0.273200 0.464890
vt 0.293310 0.460860
vt 0.313450 0.457480
vt 0.136580 0.012180
vt 0.171620 0.015490
vt 0.170840 0.027920
vt 0.136550 0.027090
vt 0.136590 0.034890
vt 0.170700 0.035990
vt 0.198350 0.028840
vt 0.199390 0.015650
vt 0.198580 0.036510
vt 0.149080 0.043410
vt 0.159330 0.044020
vt 0.220280 0.035900
vt 0.219760 0.028600
vt 0.239610 0.031250
vt 0.239170 0.029570
vt 0.219530 0.018100
vt 0.235900 0.016680
vt 0.460470 0.450420
vt 0.458270 0.464680
vt 0.439550 0.460110
vt 0.420320 0.457130
vt 0.124150 0.043290
vt 0.113810 0.043860
vt 0.098770 0.076680
vt 0.103690 0.092430
vt 0.087900 0.092460
vt 0.083970 0.104460
vt 0.105110 0.129280
vt 0.082330 0.127340
vt 0.123620 0.128980
vt 0.057440 0.124100
vt 0.103380 0.160030
vt 0.081960 0.160130
vt 0.058580 0.160720
vt 0.060710 0.204900
vt 0.081570 0.203700
vt 0.100360 0.202950
vt 0.097130 0.245320
vt 0.080870 0.246680
vt 0.062660 0.247590
vt 0.036290 0.204890
vt 0.032460 0.160120
vt 0.041020 0.250450
vt 0.046050 0.274890
vt 0.063470 0.274910
vt 0.080100 0.274640
vt 0.045820 0.290470
vt 0.063150 0.294250
vt 0.080040 0.294270
vt 0.095410 0.273250
vt 0.096100 0.293270
vt 0.097380 0.331460
vt 0.080060 0.331790
vt 0.061780 0.331270
vt 0.060150 0.394610
vt 0.078800 0.395440
vt 0.096500 0.395450
vt 0.094680 0.424360
vt 0.077980 0.424660
vt 0.060780 0.424400
vt 0.094070 0.436910
vt 0.077790 0.438070
vt 0.061120 0.438190
vt 0.043700 0.425240
vt 0.037890 0.404220
vt 0.044590 0.437580
vt 0.042880 0.442650
vt 0.060950 0.447020
vt 0.078090 0.446970
vt 0.039330 0.458280
vt 0.060360 0.462570
vt 0.078890 0.460660
vt 0.094600 0.445250
vt 0.095910 0.458570
vt 0.111550 0.441750
vt 0.113550 0.454180
vt 0.109750 0.436430
vt 0.110660 0.424620
vt 0.321040 0.060720
vt 0.321030 0.052650
vt 0.340100 0.055480
vt 0.338720 0.060970
vt 0.321690 0.074580
vt 0.337910 0.072280
vt 0.324040 0.102850
vt 0.341960 0.090610
vt 0.115550 0.403080
vt 0.327250 0.158310
vt 0.349290 0.174350
vt 0.116310 0.321810
vt 0.339030 0.206630
vt 0.338530 0.192140
vt 0.349820 0.205070
vt 0.111160 0.289200
vt 0.326440 0.190500
vt 0.325790 0.208350
vt 0.326640 0.226480
vt 0.338520 0.224440
vt 0.349750 0.218730
vt 0.308190 0.206730
vt 0.307890 0.188020
vt 0.309220 0.226570
vt 0.310440 0.250580
vt 0.333150 0.245800
vt 0.335430 0.289510
vt 0.310960 0.290140
vt 0.353510 0.242480
vt 0.360310 0.288340
vt 0.119740 0.204460
vt 0.113850 0.247320
vt 0.109920 0.272540
vt 0.335450 0.333190
vt 0.363210 0.341990
vt 0.126720 0.157570
vt 0.333080 0.366370
vt 0.352750 0.367720
vt 0.365530 0.370650
vt 0.309870 0.367180
vt 0.310550 0.332240
vt 0.286270 0.368900
vt 0.285480 0.332880
vt 0.285240 0.289510
vt 0.285250 0.244490
vt 0.257750 0.287330
vt 0.261060 0.239560
vt 0.259290 0.335110
vt 0.262670 0.216270
vt 0.276560 0.220980
vt 0.290350 0.223880
vt 0.261570 0.203670
vt 0.275280 0.203550
vt 0.289860 0.205040
vt 0.275610 0.189760
vt 0.288860 0.187490
vt 0.261290 0.175840
vt 0.285460 0.156970
vt 0.306770 0.155770
vt 0.305030 0.101400
vt 0.284490 0.095350
vt 0.263470 0.089400
vt 0.264650 0.072160
vt 0.278260 0.072190
vt 0.304360 0.073190
vt 0.290270 0.072020
vt 0.261730 0.060950
vt 0.276610 0.060720
vt 0.290500 0.059660
vt 0.276080 0.052960
vt 0.290280 0.052170
vt 0.259980 0.055700
vt 0.256820 0.039910
vt 0.275090 0.038960
vt 0.290050 0.039450
vt 0.303480 0.051930
vt 0.303880 0.059750
vt 0.303840 0.039450
vt 0.289910 0.024660
vt 0.304750 0.024860
vt 0.273920 0.023710
vt 0.322350 0.024300
vt 0.321600 0.040000
vt 0.341120 0.021520
vt 0.341550 0.042900
vt 0.097530 0.475690
vt 0.118080 0.474940
vt 0.097370 0.482730
vt 0.118390 0.480740
vt 0.323330 0.017240
vt 0.340270 0.015800
vt 0.617120 0.383280
vt 0.630720 0.372230
vt 0.641560 0.389840
vt 0.621270 0.390460
vt 0.577300 0.526070
vt 0.559020 0.526730
vt 0.556410 0.511020
vt 0.575610 0.507110
vt 0.625510 0.398740
vt 0.724620 0.553560
vt 0.716330 0.539240
vt 0.724600 0.539890
vt 0.304210 0.019670
vt 0.739170 0.553280
vt 0.740500 0.561560
vt 0.739950 0.569810
vt 0.720310 0.559860
vt 0.708200 0.539550
vt 0.601200 0.412270
vt 0.598210 0.407390
vt 0.605610 0.398550
vt 0.612390 0.402870
vt 0.607560 0.389680
vt 0.594720 0.418150
vt 0.590840 0.413710
vt 0.760550 0.564910
vt 0.756790 0.558230
vt 0.589890 0.422610
vt 0.584510 0.418820
vt 0.766900 0.548370
vt 0.773150 0.552040
vt 0.753950 0.552790
vt 0.764340 0.540200
vt 0.289760 0.019600
vt 0.274070 0.015510
vt 0.255170 0.022840
vt 0.255840 0.017200
vt 0.585620 0.434360
vt 0.579510 0.451230
vt 0.581670 0.432230
vt 0.770450 0.540210
vt 0.558950 0.445130
vt 0.574810 0.427610
vt 0.778990 0.539190
vt 0.564070 0.414390
vt 0.576950 0.415660
vt 0.578300 0.420730
vt 0.536980 0.428150
vt 0.583460 0.407300
vt 0.574160 0.402050
vt 0.590310 0.399750
vt 0.583020 0.392020
vt 0.556490 0.398710
vt 0.574100 0.381470
vt 0.533120 0.407510
vt 0.528350 0.395810
vt 0.548500 0.387830
vt 0.566630 0.372940
vt 0.592010 0.384440
vt 0.593530 0.366710
vt 0.582000 0.355720
vt 0.559190 0.364410
vt 0.572130 0.346140
vt 0.541070 0.378880
vt 0.552070 0.355160
vt 0.559560 0.342860
vt 0.539450 0.364710
vt 0.524950 0.387880
vt 0.523620 0.379830
vt 0.524060 0.366680
vt 0.538000 0.355110
vt 0.545800 0.347300
vt 0.528450 0.352180
vt 0.515880 0.346660
vt 0.507920 0.362680
vt 0.506390 0.378690
vt 0.620050 0.438070
vt 0.618200 0.417520
vt 0.638640 0.423800
vt 0.645510 0.439140
vt 0.650270 0.455110
vt 0.622690 0.454160
vt 0.595060 0.438100
vt 0.600670 0.422530
vt 0.595500 0.454430
vt 0.624300 0.466460
vt 0.598610 0.467400
vt 0.650430 0.466380
vt 0.624830 0.477180
vt 0.600600 0.476860
vt 0.649670 0.475360
vt 0.505590 0.397300
vt 0.505910 0.388780
vt 0.511470 0.410040
vt 0.649630 0.488830
vt 0.624740 0.490850
vt 0.644060 0.506090
vt 0.623130 0.507040
vt 0.514130 0.428680
vt 0.602370 0.489770
vt 0.602690 0.510310
vt 0.622600 0.517100
vt 0.601680 0.517750
vt 0.643340 0.515250
vt 0.623030 0.532880
vt 0.598590 0.532340
vt 0.644810 0.531290
vt 0.535090 0.449570
vt 0.507540 0.450910
vt 0.506720 0.434690
vt 0.534510 0.468520
vt 0.508200 0.469920
vt 0.557150 0.467670
vt 0.533780 0.483840
vt 0.555720 0.482550
vt 0.508850 0.485190
vt 0.510430 0.501040
vt 0.533820 0.498560
vt 0.555250 0.495830
vt 0.622310 0.555670
vt 0.605110 0.551920
vt 0.637720 0.549900
vt 0.535820 0.515190
vt 0.513620 0.518230
vt 0.539880 0.533800
vt 0.515440 0.530130
vt 0.574770 0.493290
vt 0.575260 0.481860
vt 0.080540 0.477460
vt 0.081130 0.484520
vt 0.067430 0.484620
vt 0.066330 0.478290
vt 0.053620 0.476450
vt 0.053430 0.483100
vt 0.033950 0.474590
vt 0.032840 0.480180
vt 0.576420 0.470080
vt 0.641640 0.334760
vt 0.622790 0.352640
vt 0.635540 0.329320
vt 0.606050 0.342480
vt 0.614890 0.322020
vt 0.609530 0.367250
vt 0.601790 0.377890
vt 0.601840 0.386210
vt 0.597090 0.392100
vt 0.603830 0.311580
vt 0.594360 0.335160
vt 0.592710 0.309020
vt 0.584500 0.330290
vt 0.577560 0.308140
vt 0.574360 0.328640
vt 0.560740 0.309100
vt 0.561950 0.328560
vt 0.549960 0.330740
vt 0.545350 0.316180
vt 0.552290 0.340160
vt 0.538330 0.338990
vt 0.528930 0.327240
vt 0.039530 0.320040
vt 0.261750 0.371930
vt 0.030390 0.123130
vt 0.145490 0.108140
vt 0.146890 0.112780
vt 0.168360 0.129480
vt 0.149920 0.129090
vt 0.170140 0.160120
vt 0.146850 0.157600
vt 0.191520 0.160260
vt 0.191960 0.203720
vt 0.173180 0.202950
vt 0.153810 0.204430
vt 0.176370 0.245290
vt 0.159620 0.247270
vt 0.192680 0.246660
vt 0.210940 0.247570
vt 0.212830 0.204900
vt 0.214860 0.160820
vt 0.232640 0.250390
vt 0.237260 0.204830
vt 0.240930 0.160140
vt 0.473750 0.335110
vt 0.447570 0.332880
vt 0.447810 0.289510
vt 0.475300 0.287330
vt 0.422080 0.290140
vt 0.422500 0.332230
vt 0.447800 0.244490
vt 0.471990 0.239560
vt 0.422600 0.250580
vt 0.397610 0.289510
vt 0.399890 0.245800
vt 0.397600 0.333190
vt 0.372740 0.288340
vt 0.379540 0.242480
vt 0.369840 0.341990
vt 0.406400 0.226480
vt 0.423820 0.226570
vt 0.383290 0.218730
vt 0.394530 0.224440
vt 0.383230 0.205070
vt 0.394010 0.206640
vt 0.407250 0.208350
vt 0.383760 0.174420
vt 0.394510 0.192160
vt 0.406600 0.190500
vt 0.405740 0.158320
vt 0.424850 0.206730
vt 0.425160 0.188020
vt 0.426270 0.155750
vt 0.408790 0.102770
vt 0.428010 0.101230
vt 0.390730 0.090690
vt 0.410940 0.074260
vt 0.428630 0.072730
vt 0.394350 0.072150
vt 0.393310 0.060600
vt 0.411430 0.060150
vt 0.429050 0.059010
vt 0.178980 0.437620
vt 0.162910 0.437000
vt 0.162190 0.424880
vt 0.178500 0.424810
vt 0.157690 0.403130
vt 0.176860 0.395640
vt 0.195550 0.425220
vt 0.195690 0.438930
vt 0.194760 0.395680
vt 0.157170 0.321780
vt 0.176100 0.331480
vt 0.193500 0.331830
vt 0.213630 0.394830
vt 0.211870 0.331290
vt 0.213130 0.424970
vt 0.230670 0.425690
vt 0.236090 0.404310
vt 0.234140 0.319990
vt 0.212840 0.439130
vt 0.229930 0.438510
vt 0.469460 0.071740
vt 0.455390 0.071650
vt 0.457150 0.059840
vt 0.472560 0.060050
vt 0.470060 0.089400
vt 0.448840 0.095150
vt 0.443050 0.071490
vt 0.442820 0.058810
vt 0.447640 0.156960
vt 0.471760 0.175920
vt 0.444190 0.187500
vt 0.457430 0.189780
vt 0.210480 0.294250
vt 0.227880 0.290470
vt 0.471460 0.203680
vt 0.457760 0.203560
vt 0.443180 0.205040
vt 0.456480 0.220980
vt 0.442690 0.223880
vt 0.470370 0.216270
vt 0.227660 0.274880
vt 0.210160 0.274900
vt 0.193510 0.294260
vt 0.193450 0.274630
vt 0.177380 0.293270
vt 0.178070 0.273240
vt 0.163500 0.272520
vt 0.162270 0.289200
vt 0.443010 0.051100
vt 0.457680 0.051820
vt 0.474350 0.054610
vt 0.443120 0.037930
vt 0.458630 0.037300
vt 0.477600 0.038220
vt 0.231700 0.443790
vt 0.212990 0.448230
vt 0.235330 0.460020
vt 0.213470 0.464330
vt 0.240860 0.477020
vt 0.220330 0.478800
vt 0.459730 0.021430
vt 0.479270 0.020460
vt 0.459510 0.012880
vt 0.478580 0.014580
vt 0.241990 0.482850
vt 0.220430 0.485720
vt 0.205820 0.487080
vt 0.207070 0.480540
vt 0.194320 0.462150
vt 0.192360 0.479450
vt 0.191610 0.486730
vt 0.736510 0.482380
vt 0.737150 0.495600
vt 0.717630 0.493390
vt 0.716990 0.481980
vt 0.734870 0.467530
vt 0.715660 0.470210
vt 0.758550 0.497920
vt 0.758440 0.483330
vt 0.757510 0.468050
vt 0.732750 0.445000
vt 0.756660 0.449100
vt 0.712290 0.451390
vt 0.754460 0.427700
vt 0.716630 0.427730
vt 0.727070 0.414210
vt 0.709840 0.432450
vt 0.712800 0.420530
vt 0.714090 0.415430
vt 0.700900 0.421950
vt 0.706450 0.418420
vt 0.514410 0.541880
vt 0.522980 0.542370
vt 0.527020 0.550300
vt 0.521010 0.554350
vt 0.705920 0.434630
vt 0.529080 0.541990
vt 0.537630 0.559710
vt 0.534590 0.566470
vt 0.540430 0.553840
vt 0.554090 0.562990
vt 0.554710 0.571250
vt 0.555410 0.554780
vt 0.443160 0.017280
vt 0.443080 0.022570
vt 0.427640 0.023060
vt 0.428070 0.017660
vt 0.409450 0.022920
vt 0.408200 0.015700
vt 0.570130 0.541790
vt 0.570110 0.555090
vt 0.390170 0.020620
vt 0.390840 0.014800
vt 0.665540 0.399570
vt 0.649330 0.390900
vt 0.669660 0.391230
vt 0.578600 0.541150
vt 0.586930 0.541580
vt 0.574350 0.561260
vt 0.678710 0.403520
vt 0.673690 0.384000
vt 0.683310 0.390170
vt 0.685310 0.398890
vt 0.689530 0.411910
vt 0.692600 0.407230
vt 0.695720 0.417090
vt 0.699970 0.413200
vt 0.693740 0.392340
vt 0.700510 0.399750
vt 0.707470 0.407110
vt 0.716790 0.401890
vt 0.707810 0.392040
vt 0.716660 0.381500
vt 0.734500 0.398470
vt 0.758030 0.407000
vt 0.742360 0.387540
vt 0.762640 0.395250
vt 0.724020 0.372920
vt 0.697040 0.367060
vt 0.708410 0.355930
vt 0.698770 0.384650
vt 0.688950 0.378340
vt 0.681060 0.367860
vt 0.667600 0.353440
vt 0.684170 0.343040
vt 0.695750 0.335550
vt 0.688990 0.386620
vt 0.705540 0.330550
vt 0.718140 0.346210
vt 0.731350 0.364300
vt 0.715660 0.328750
vt 0.728080 0.328500
vt 0.730680 0.342750
vt 0.738340 0.354950
vt 0.712170 0.308290
vt 0.697030 0.309390
vt 0.685950 0.312110
vt 0.676510 0.508660
vt 0.674870 0.520940
vt 0.647720 0.520650
vt 0.650720 0.507690
vt 0.652820 0.498270
vt 0.677000 0.497910
vt 0.701850 0.499750
vt 0.702610 0.508740
vt 0.702450 0.519960
vt 0.765920 0.387280
vt 0.767130 0.379200
vt 0.784350 0.377820
vt 0.784970 0.387900
vt 0.785410 0.396420
vt 0.779710 0.409240
vt 0.676910 0.484260
vt 0.701810 0.486260
vt 0.777320 0.427920
vt 0.696260 0.469120
vt 0.675290 0.468090
vt 0.654530 0.485340
vt 0.654850 0.464890
vt 0.654510 0.330310
vt 0.675040 0.322710
vt 0.646210 0.333410
vt 0.674780 0.458020
vt 0.653870 0.457330
vt 0.675200 0.442250
vt 0.650730 0.442750
vt 0.752270 0.531780
vt 0.756620 0.514210
vt 0.779120 0.517460
vt 0.777470 0.529380
vt 0.657270 0.423180
vt 0.674500 0.419410
vt 0.782060 0.500210
vt 0.697020 0.443810
vt 0.695500 0.459780
vt 0.689930 0.425200
vt 0.784820 0.433820
vt 0.784220 0.450060
vt 0.783830 0.469070
vt 0.783420 0.484350
vt 0.736150 0.510690
vt 0.733840 0.526600
vt 0.716980 0.507210
vt 0.715560 0.526210
vt 0.659950 0.373140
vt 0.174860 0.477300
vt 0.174850 0.484540
vt 0.153340 0.482000
vt 0.153800 0.476090
vt 0.158860 0.455010
vt 0.176840 0.459760
vt 0.161040 0.442410
vt 0.178350 0.446140
vt 0.195310 0.448060
vt 0.411350 0.051910
vt 0.391850 0.055020
vt 0.390260 0.042290
vt 0.410570 0.038980
vt 0.429400 0.050980
vt 0.428850 0.038120
vt 0.749670 0.378500
vt 0.751100 0.364310
vt 0.766510 0.366050
vt 0.761920 0.351630
vt 0.752410 0.354690
vt 0.744500 0.347000
vt 0.737920 0.339960
vt 0.751850 0.338580
vt 0.740100 0.330500
vt 0.744500 0.315870
vt 0.761070 0.326700
vt 0.729010 0.309010
vt 0.672220 0.537020
vt 0.647220 0.537010
vt 0.670360 0.557580
vt 0.652830 0.552600
vt 0.697680 0.535950
vt 0.690840 0.551290
vt 0.774400 0.345940
vt 0.782590 0.361840
s 1
usemtl Boy01_Body_MAT1.001
f 1901/2212/1902 1905/2213/1903 1906/2214/1904 1902/2215/1905
f 1901/2212/1902 1902/2215/1905 2282/2216/1906 1903/2217/1907
f 1904/2218/1908 1901/2212/1902 1903/2217/1907 2306/2219/1909
f 1905/2213/1903 1901/2212/1902 1904/2218/1908 1907/2220/1910
f 1909/2221/1911 1906/2214/1904 1905/2213/1903 1908/2222/1912
f 1908/2222/1912 1905/2213/1903 1907/2220/1910 1911/2223/1913
f 1909/2221/1911 1908/2222/1912 1910/2224/1914 1958/2225/1915
f 1908/2222/1912 1911/2223/1913 1912/2226/1916 1910/2224/1914
f 1914/2227/1917 1912/2226/1916 1911/2223/1913 1913/2228/1918
f 1911/2223/1913 1907/2220/1910 1916/2229/1919 1913/2228/1918
f 2017/2230/1920 1914/2227/1917 1913/2228/1918 1915/2231/1921
f 1913/2228/1918 1916/2229/1919 1917/2232/1922 1915/2231/1921
f 1918/2233/1923 1919/2234/1924 1917/2232/1922 1916/2229/1919
f 1921/2235/1925 1918/2233/1923 1916/2229/1919 1907/2220/1910
f 1919/2234/1924 1918/2233/1923 1920/2236/1926 2039/2237/1927
f 1920/2236/1926 1918/2233/1923 1921/2235/1925 1923/2238/1928
f 1921/2235/1925 1922/2239/1929 1925/2240/1930 1923/2238/1928
f 1922/2239/1929 1921/2235/1925 1907/2220/1910 1904/2218/1908
f 1923/2238/1928 1924/2241/1931 2036/2242/1932 1920/2236/1926
f 1924/2241/1931 1923/2238/1928 1925/2240/1930 1927/2243/1933
f 1922/2239/1929 2307/2244/1934 1926/2245/1935 1925/2240/1930
f 1925/2240/1930 1926/2245/1935 1928/2246/1936 1927/2243/1933
f 1929/2247/1937 1927/2248/1933 1928/2249/1936 1931/2250/1938
f 1932/2251/1939 1924/2252/1931 1927/2248/1933 1929/2247/1937
f 1930/2253/1940 1936/2254/1941 1933/2255/1942 1929/2247/1937
f 1930/2253/1940 1929/2247/1937 1931/2250/1938 2283/2256/1943
f 1932/2251/1939 1929/2247/1937 1933/2255/1942 1935/2257/1944
f 1937/2258/1945 1934/2259/1946 1933/2255/1942 1936/2254/1941
f 1933/2255/1942 1934/2259/1946 2032/2260/1947 1935/2257/1944
f 1936/2254/1941 1930/2253/1940 1938/2261/1948 1937/2258/1945
f 1937/2258/1945 1939/2262/1949 1941/2263/1950 1934/2259/1946
f 1940/2264/1951 1939/2262/1949 1937/2258/1945 1938/2261/1948
f 1940/2264/1951 1943/2265/1952 1942/2266/1953 1939/2262/1949
f 1945/2267/1954 1941/2263/1950 1939/2262/1949 1942/2266/1953
f 1944/2268/1955 1942/2266/1953 1943/2265/1952 1957/2269/1956
f 1947/2270/1957 1945/2267/1954 1942/2266/1953 1944/2268/1955
f 2033/2271/1958 1941/2263/1950 1945/2267/1954 1946/2272/1959
f 1946/2272/1959 1945/2267/1954 1947/2270/1957 1948/2273/1960
f 1950/2274/1961 1948/2273/1960 1947/2270/1957 1949/2275/1962
f 1947/2270/1957 1944/2268/1955 1952/2276/1963 1949/2275/1962
f 2042/2277/1964 1950/2274/1961 1949/2275/1962 1951/2278/1965
f 1949/2275/1962 1952/2276/1963 1953/2279/1966 1951/2278/1965
f 1955/2280/1967 1953/2279/1966 1952/2276/1963 1954/2281/1968
f 1944/2268/1955 1957/2269/1956 1954/2281/1968 1952/2276/1963
f 1956/2282/1969 1960/2283/1970 1955/2280/1967 1954/2281/1968
f 1956/2282/1969 1954/2281/1968 1957/2269/1956 1958/2284/1915
f 1909/2285/1911 1958/2284/1915 1957/2269/1956 1943/2265/1952
f 1956/2286/1969 1958/2225/1915 1910/2224/1914 1959/2287/1971
f 1956/2286/1969 1959/2287/1971 1962/2288/1972 1960/2289/1970
f 1960/2283/1970 1961/2290/1973 2048/2291/1974 1955/2280/1967
f 1963/2292/1975 1961/2293/1973 1960/2289/1970 1962/2288/1972
f 1962/2288/1972 1964/2294/1976 1965/2295/1977 1963/2292/1975
f 1959/2287/1971 1967/2296/1978 1964/2294/1976 1962/2288/1972
f 2123/2297/1979 1965/2295/1977 1964/2294/1976 1966/2298/1980
f 1966/2298/1980 1964/2294/1976 1968/2299/1981 1971/2300/1982
f 1967/2296/1978 1970/2301/1983 1968/2299/1981 1964/2294/1976
f 1971/2300/1982 1968/2299/1981 1969/2302/1984 1972/2303/1985
f 1970/2301/1983 2016/2304/1986 1969/2302/1984 1968/2299/1981
f 1972/2303/1985 1974/2305/1987 1973/2306/1988 1971/2300/1982
f 1973/2306/1988 1976/2307/1989 1966/2298/1980 1971/2300/1982
f 1973/2306/1988 1974/2305/1987 2024/2308/1990 1975/2309/1991
f 1976/2307/1989 1973/2306/1988 1975/2309/1991 1978/2310/1992
f 1966/2298/1980 1976/2307/1989 1977/2311/1993 2123/2297/1979
f 1978/2310/1992 1979/2312/1994 1977/2311/1993 1976/2307/1989
f 1980/2313/1995 1981/2314/1996 1979/2315/1994 1978/2316/1992
f 1978/2316/1992 1975/2317/1991 1983/2318/1997 1980/2313/1995
f 1980/2313/1995 1982/2319/1998 2045/2320/1999 1981/2314/1996
f 1980/2313/1995 1983/2318/1997 1985/2321/2000 1982/2319/1998
f 1983/2318/1997 1984/2322/2001 1987/2323/2002 1985/2321/2000
f 1975/2317/1991 2024/2324/1990 1984/2322/2001 1983/2318/1997
f 1986/2325/2003 2043/2326/2004 1982/2319/1998 1985/2321/2000
f 1988/2327/2005 1986/2325/2003 1985/2321/2000 1987/2323/2002
f 1987/2323/2002 1989/2328/2006 1991/2329/2007 1988/2327/2005
f 1989/2328/2006 1987/2323/2002 1984/2322/2001 1990/2330/2008
f 1989/2331/2006 1990/2332/2008 1992/2333/2009
f 1991/2334/2007 1989/2331/2006 1992/2333/2009
f 1993/2335/2010 2003/2336/2011 1992/2333/2009
f 1994/2337/2012 1993/2335/2010 1992/2333/2009
f 2009/2338/2013 1994/2337/2012 1992/2333/2009
f 1995/2339/2014 1997/2340/2015 1992/2333/2009
f 1996/2341/2016 1995/2339/2014 1992/2333/2009
f 2003/2336/2011 1996/2341/2016 1992/2333/2009
f 1997/2340/2015 1998/2342/2017 1992/2333/2009
f 1998/2342/2017 1999/2343/2018 1992/2333/2009
f 1999/2343/2018 2000/2344/2019 1992/2333/2009
f 2000/2344/2019 2001/2345/2020 1992/2333/2009
f 2001/2345/2020 2002/2346/2021 1992/2333/2009
f 2002/2346/2021 1991/2334/2007 1992/2333/2009
f 2004/2347/2022 2008/2348/2023 1992/2333/2009
f 2005/2349/2024 2004/2347/2022 1992/2333/2009
f 2006/2350/2025 2005/2349/2024 1992/2333/2009
f 2007/2351/2026 2006/2350/2025 1992/2333/2009
f 1990/2332/2008 2007/2351/2026 1992/2333/2009
f 2008/2348/2023 2009/2338/2013 1992/2333/2009
f 2008/2352/2023 2013/2353/2027 2010/2354/2028 2009/2355/2013
f 2009/2355/2013 2010/2354/2028 2012/2356/2029 1994/2357/2012
f 2013/2353/2027 2014/2358/2030 2011/2359/2031 2010/2354/2028
f 2010/2354/2028 2011/2359/2031 2018/2360/2032 2012/2356/2029
f 2015/2361/2033 2014/2358/2030 2013/2353/2027 2008/2352/2023
f 2016/2304/1986 2011/2359/2031 2014/2358/2030 2015/2361/2033
f 1969/2302/1984 2016/2304/1986 2015/2361/2033
f 2004/2362/2022 1969/2302/1984 2015/2361/2033 2008/2352/2023
f 2017/2230/1920 2018/2360/2032 2011/2359/2031 2016/2304/1986
f 2017/2230/1920 2016/2304/1986 1970/2301/1983 1914/2227/1917
f 2017/2230/1920 1915/2231/1921 2019/2363/2034 2018/2360/2032
f 2020/2364/2035 2012/2356/2029 2018/2360/2032 2019/2363/2034
f 2022/2365/2036 2020/2364/2035 2019/2363/2034 2021/2366/2037
f 1915/2231/1921 2023/2367/2038 2021/2366/2037 2019/2363/2034
f 2023/2367/2038 2003/2368/2011 2022/2365/2036 2021/2366/2037
f 1996/2369/2016 2003/2368/2011 2023/2367/2038 1917/2232/1922
f 1917/2232/1922 2023/2367/2038 1915/2231/1921
f 2003/2368/2011 1993/2370/2010 2020/2364/2035 2022/2365/2036
f 1993/2370/2010 1994/2357/2012 2012/2356/2029 2020/2364/2035
f 1984/2322/2001 2024/2324/1990 2007/2371/2026 1990/2330/2008
f 2007/2372/2026 2024/2308/1990 1974/2305/1987 2006/2373/2025
f 2006/2373/2025 1974/2305/1987 1972/2303/1985 2005/2374/2024
f 2005/2374/2024 1972/2303/1985 1969/2302/1984 2004/2362/2022
f 2002/2375/2021 2001/2376/2020 2027/2377/2039 2025/2378/2040
f 2002/2375/2021 2025/2378/2040 1988/2327/2005 1991/2329/2007
f 2026/2379/2041 1986/2325/2003 1988/2327/2005 2025/2378/2040
f 2026/2379/2041 2025/2378/2040 2027/2377/2039 2029/2380/2042
f 2028/2381/2043 2027/2377/2039 2001/2376/2020 2000/2382/2019
f 2027/2377/2039 2028/2381/2043 2030/2383/2044 2029/2380/2042
f 2029/2380/2042 2030/2383/2044 1935/2257/1944 2032/2260/1947
f 2034/2384/2045 2026/2379/2041 2029/2380/2042 2031/2385/2046
f 2031/2385/2046 2029/2380/2042 2032/2260/1947 2033/2271/1958
f 1941/2263/1950 2033/2271/1958 2032/2260/1947 1934/2259/1946
f 2034/2384/2045 2031/2385/2046 2033/2271/1958 1946/2272/1959
f 1948/2273/1960 2026/2379/2041 2034/2384/2045 1946/2272/1959
f 2035/2386/2047 2030/2383/2044 2028/2381/2043 2037/2387/2048
f 1932/2251/1939 1935/2257/1944 2030/2383/2044 2035/2386/2047
f 1924/2252/1931 1932/2251/1939 2035/2386/2047 2036/2388/1932
f 2036/2388/1932 2035/2386/2047 2037/2387/2048 2038/2389/2049
f 2037/2387/2048 1999/2390/2018 1998/2391/2017 2038/2389/2049
f 2000/2382/2019 1999/2390/2018 2037/2387/2048 2028/2381/2043
f 1920/2236/1926 2036/2242/1932 2038/2392/2049 2039/2237/1927
f 1998/2393/2017 1997/2394/2015 2039/2237/1927 2038/2392/2049
f 1997/2394/2015 1995/2395/2014 1919/2234/1924 2039/2237/1927
f 1948/2273/1960 1950/2274/1961 2040/2396/2050 2026/2379/2041
f 2040/2396/2050 2041/2397/2051 1986/2325/2003 2026/2379/2041
f 2040/2396/2050 1950/2274/1961 2042/2277/1964 2041/2397/2051
f 2041/2397/2051 2042/2277/1964 2043/2326/2004 1986/2325/2003
f 1951/2278/1965 2044/2398/2052 2043/2326/2004 2042/2277/1964
f 2045/2320/1999 1982/2319/1998 2043/2326/2004 2044/2398/2052
f 2046/2399/2053 2044/2398/2052 1951/2278/1965 1953/2279/1966
f 2046/2399/2053 2047/2400/2054 2045/2320/1999 2044/2398/2052
f 2047/2400/2054 2046/2399/2053 2048/2291/1974 2050/2401/2055
f 1955/2280/1967 2048/2291/1974 2046/2399/2053 1953/2279/1966
f 2048/2291/1974 2049/2402/2056 2051/2403/2057 2050/2401/2055
f 1961/2290/1973 2119/2404/2058 2049/2402/2056 2048/2291/1974
f 2050/2401/2055 2051/2403/2057 2052/2405/2059 1981/2314/1996
f 2050/2401/2055 1981/2314/1996 2045/2320/1999 2047/2400/2054
f 2049/2402/2056 2055/2406/2060 2053/2407/2061 2051/2403/2057
f 2051/2403/2057 2053/2407/2061 2054/2408/2062 2052/2405/2059
f 2059/2409/2063 2054/2408/2062 2053/2407/2061 2056/2410/2064
f 2053/2407/2061 2055/2406/2060 2057/2411/2065 2056/2410/2064
f 2056/2410/2064 2057/2411/2065 2114/2412/2066 2058/2413/2067
f 2061/2414/2068 2059/2409/2063 2056/2410/2064 2058/2413/2067
f 2060/2415/2069 2279/2416/2070 2054/2408/2062 2059/2409/2063
f 2062/2417/2071 2060/2415/2069 2059/2409/2063 2061/2414/2068
f 2064/2418/2072 2062/2417/2071 2061/2414/2068 2063/2419/2073
f 2063/2419/2073 2061/2414/2068 2058/2413/2067 2066/2420/2074
f 2133/2421/2075 2064/2418/2072 2063/2419/2073 2065/2422/2076
f 2065/2422/2076 2063/2419/2073 2066/2420/2074 2068/2423/2077
f 2114/2412/2066 2067/2424/2078 2066/2420/2074 2058/2413/2067
f 2066/2420/2074 2067/2424/2078 2069/2425/2079 2068/2423/2077
f 2069/2425/2079 2072/2426/2080 2070/2427/2081 2068/2423/2077
f 2071/2428/2082 2065/2422/2076 2068/2423/2077 2070/2427/2081
f 2075/2429/2083 2071/2428/2082 2070/2427/2081 2073/2430/2084
f 2070/2427/2081 2072/2426/2080 2074/2431/2085 2073/2430/2084
f 2073/2430/2084 2074/2431/2085 2077/2432/2086 2076/2433/2087
f 2079/2434/2088 2075/2429/2083 2073/2430/2084 2076/2433/2087
f 2076/2433/2087 2077/2432/2086 2091/2435/2089 2078/2436/2090
f 2081/2437/2091 2079/2434/2088 2076/2433/2087 2078/2436/2090
f 2080/2438/2092 2141/2439/2093 2075/2429/2083 2079/2434/2088
f 2082/2440/2094 2080/2438/2092 2079/2434/2088 2081/2437/2091
f 2084/2441/2095 2082/2440/2094 2081/2437/2091 2083/2442/2096
f 2083/2442/2096 2081/2437/2091 2078/2436/2090 2086/2443/2097
f 2258/2444/2098 2084/2441/2095 2083/2442/2096 2085/2445/2099
f 2085/2445/2099 2083/2442/2096 2086/2443/2097 2087/2446/2100
f 2088/2447/2101 2089/2448/2102 2087/2446/2100 2086/2443/2097
f 2091/2435/2089 2088/2447/2101 2086/2443/2097 2078/2436/2090
f 2089/2448/2102 2088/2447/2101 2090/2449/2103 2157/2450/2104
f 2088/2447/2101 2091/2435/2089 2092/2451/2105 2090/2449/2103
f 2091/2435/2089 2077/2432/2086 2094/2452/2106 2092/2451/2105
f 2093/2453/2107 2158/2454/2108 2090/2455/2103 2092/2456/2105
f 2095/2457/2109 2093/2453/2107 2092/2456/2105 2094/2458/2106
f 2097/2459/2110 2095/2457/2109 2094/2458/2106 2096/2460/2111
f 2077/2432/2086 2074/2431/2085 2096/2461/2111 2094/2452/2106
f 2100/2462/2112 2097/2459/2110 2096/2460/2111 2098/2463/2113
f 2074/2431/2085 2072/2426/2080 2098/2464/2113 2096/2461/2111
f 2103/2465/2114 2101/2466/2115 2098/2463/2113 2099/2467/2116
f 2072/2426/2080 2069/2425/2079 2099/2468/2116 2098/2464/2113
f 2101/2466/2115 2102/2469/2117 2100/2462/2112 2098/2463/2113
f 2105/2470/2118 2102/2469/2117 2101/2466/2115 2103/2465/2114
f 2107/2471/2119 2105/2470/2118 2103/2465/2114 2104/2472/2120
f 2104/2472/2120 2103/2465/2114 2099/2467/2116 2115/2473/2121
f 2106/2474/2122 2137/2475/2123 2102/2469/2117 2105/2470/2118
f 2107/2471/2119 2108/2476/2124 2106/2474/2122 2105/2470/2118
f 2110/2477/2125 2108/2476/2124 2107/2471/2119 2109/2478/2126
f 2107/2471/2119 2104/2472/2120 2109/2478/2126
f 2111/2479/2127 2126/2480/2128 2110/2477/2125 2109/2478/2126
f 2111/2479/2127 2109/2478/2126 2112/2481/2129 2113/2482/2130
f 2109/2478/2126 2104/2472/2120 2115/2473/2121 2112/2481/2129
f 2114/2412/2066 2057/2411/2065 2113/2483/2130 2112/2484/2129
f 2067/2424/2078 2114/2412/2066 2112/2484/2129 2115/2485/2121
f 2069/2425/2079 2067/2424/2078 2115/2485/2121 2099/2468/2116
f 2117/2486/2131 2111/2479/2127 2113/2482/2130 2116/2487/2132
f 2057/2411/2065 2055/2406/2060 2116/2488/2132 2113/2483/2130
f 2120/2489/2133 2117/2486/2131 2116/2487/2132 2118/2490/2134
f 2118/2490/2134 2116/2487/2132 2119/2491/2058
f 2119/2404/2058 2116/2488/2132 2055/2406/2060 2049/2402/2056
f 1963/2292/1975 2118/2490/2134 2119/2491/2058 1961/2293/1973
f 1965/2295/1977 2120/2489/2133 2118/2490/2134 1963/2292/1975
f 2121/2492/2135 2120/2489/2133 1965/2295/1977 2123/2297/1979
f 2124/2493/2136 2117/2486/2131 2120/2489/2133 2121/2492/2135
f 2122/2494/2137 2125/2495/2138 2124/2493/2136 2121/2492/2135
f 2123/2297/1979 1977/2311/1993 2122/2494/2137 2121/2492/2135
f 2117/2486/2131 2124/2493/2136 2126/2480/2128 2111/2479/2127
f 2126/2480/2128 2124/2493/2136 2125/2495/2138 2127/2496/2139
f 2110/2477/2125 2126/2480/2128 2127/2496/2139 2128/2497/2140
f 2060/2498/2069 2062/2499/2071 2128/2497/2140 2127/2496/2139
f 2279/2500/2070 2060/2498/2069 2127/2496/2139 2125/2495/2138
f 2062/2499/2071 2064/2501/2072 2130/2502/2141 2128/2497/2140
f 2108/2476/2124 2110/2477/2125 2128/2497/2140 2129/2503/2142
f 2128/2497/2140 2130/2502/2141 2129/2503/2142
f 2064/2501/2072 2133/2504/2075 2131/2505/2143 2130/2502/2141
f 2130/2502/2141 2131/2505/2143 2132/2506/2144 2129/2503/2142
f 2134/2507/2145 2136/2508/2146 2132/2506/2144 2131/2505/2143
f 2133/2504/2075 2135/2509/2147 2134/2507/2145 2131/2505/2143
f 2134/2507/2145 2135/2509/2147 2138/2510/2148 2136/2508/2146
f 2137/2475/2123 2106/2474/2122 2132/2506/2144 2136/2508/2146
f 2139/2511/2149 2137/2475/2123 2136/2508/2146 2138/2510/2148
f 2142/2512/2150 2139/2511/2149 2138/2510/2148 2140/2513/2151
f 2135/2509/2147 2141/2514/2093 2140/2513/2151 2138/2510/2148
f 2141/2514/2093 2080/2515/2092 2144/2516/2152 2140/2513/2151
f 2278/2517/2153 2142/2512/2150 2140/2513/2151 2143/2518/2154
f 2144/2516/2152 2143/2518/2154 2140/2513/2151
f 2080/2515/2092 2082/2519/2094 2145/2520/2155 2144/2516/2152
f 2144/2516/2152 2145/2520/2155 2146/2521/2156 2143/2518/2154
f 2145/2520/2155 2147/2522/2157 2149/2523/2158 2146/2521/2156
f 2082/2519/2094 2084/2524/2095 2147/2522/2157 2145/2520/2155
f 2084/2524/2095 2258/2525/2098 2148/2526/2159 2147/2522/2157
f 2147/2522/2157 2148/2526/2159 2151/2527/2160 2149/2523/2158
f 2150/2528/2161 2277/2529/2162 2146/2521/2156 2149/2523/2158
f 2153/2530/2163 2150/2528/2161 2149/2523/2158 2151/2527/2160
f 2152/2531/2164 2154/2532/2165 2153/2530/2163 2151/2527/2160
f 2148/2526/2159 2181/2533/2166 2152/2531/2164 2151/2527/2160
f 2153/2530/2163 2154/2532/2165 2156/2534/2167 2155/2535/2168
f 2150/2528/2161 2153/2530/2163 2155/2535/2168 2158/2454/2108
f 2155/2535/2168 2156/2534/2167 2159/2536/2169 2157/2537/2104
f 2158/2454/2108 2155/2535/2168 2157/2537/2104 2090/2455/2103
f 2277/2529/2162 2150/2528/2161 2158/2454/2108 2093/2453/2107
f 2160/2538/2170 2089/2448/2102 2157/2450/2104 2159/2539/2169
f 2163/2540/2171 2160/2538/2170 2159/2539/2169 2161/2541/2172
f 2156/2534/2167 2165/2542/2173 2161/2543/2172 2159/2536/2169
f 2171/2544/2174 2162/2545/2175 2161/2546/2172 2164/2547/2176
f 2161/2548/2172 2162/2549/2175 2249/2550/2177 2163/2551/2171
f 2165/2552/2173 2164/2547/2176 2161/2546/2172
f 2167/2553/2178 2164/2554/2176 2165/2555/2173
f 2156/2534/2167 2154/2532/2165 2166/2556/2179 2165/2542/2173
f 2165/2555/2173 2166/2557/2179 2168/2558/2180 2167/2553/2178
f 2167/2553/2178 2168/2558/2180 2172/2559/2181 2169/2560/2182
f 2164/2554/2176 2167/2553/2178 2169/2560/2182 2171/2561/2174
f 2172/2562/2181 2173/2563/2183 2170/2564/2184 2169/2565/2182
f 2169/2565/2182 2170/2564/2184 2265/2566/2185 2171/2544/2174
f 2174/2567/2186 2175/2568/2187 2173/2563/2183 2172/2562/2181
f 2174/2569/2186 2172/2559/2181 2168/2558/2180 2177/2570/2188
f 2176/2571/2189 2188/2572/2190 2175/2568/2187 2174/2567/2186
f 2177/2570/2188 2178/2573/2191 2176/2574/2189 2174/2569/2186
f 2178/2573/2191 2177/2570/2188 2179/2575/2192 2180/2576/2193
f 2177/2570/2188 2168/2558/2180 2166/2557/2179 2179/2575/2192
f 2179/2577/2192 2166/2556/2179 2154/2532/2165 2152/2531/2164
f 2179/2577/2192 2152/2531/2164 2181/2533/2166 2180/2578/2193
f 2257/2579/2194 2182/2580/2195 2180/2578/2193 2181/2533/2166
f 2180/2581/2193 2182/2582/2195 2183/2583/2196
f 2180/2576/2193 2183/2584/2196 2178/2573/2191
f 2183/2583/2196 2182/2582/2195 2186/2585/2197 2184/2586/2198
f 2184/2587/2198 2176/2574/2189 2178/2573/2191 2183/2584/2196
f 2185/2588/2199 2189/2589/2200 2187/2590/2201 2184/2586/2198
f 2236/2591/2202 2185/2588/2199 2184/2586/2198 2186/2585/2197
f 2184/2586/2198 2187/2590/2201 2188/2572/2190 2176/2571/2189
f 2189/2589/2200 2188/2572/2190 2187/2590/2201
f 2175/2568/2187 2188/2572/2190 2189/2589/2200 2190/2592/2203
f 2192/2593/2204 2190/2592/2203 2189/2589/2200 2185/2588/2199
f 2173/2563/2183 2175/2568/2187 2190/2592/2203 2191/2594/2205
f 2193/2595/2206 2191/2594/2205 2190/2592/2203 2192/2593/2204
f 2192/2593/2204 2194/2596/2207 2197/2597/2208 2193/2595/2206
f 2192/2593/2204 2185/2588/2199 2194/2596/2207
f 2194/2596/2207 2195/2598/2209 2224/2599/2210 2196/2600/2211
f 2185/2588/2199 2236/2591/2202 2195/2598/2209 2194/2596/2207
f 2197/2597/2208 2194/2596/2207 2196/2600/2211 2199/2601/2212
f 2263/2602/2213 2193/2595/2206 2197/2597/2208 2198/2603/2214
f 2198/2603/2214 2197/2597/2208 2199/2601/2212 2200/2604/2215
f 2200/2604/2215 2199/2601/2212 2201/2605/2216 2202/2606/2217
f 2199/2601/2212 2196/2600/2211 2204/2607/2218 2201/2605/2216
f 2202/2606/2217 2201/2605/2216 2203/2608/2219 2272/2609/2220
f 2201/2605/2216 2204/2607/2218 2207/2610/2221 2203/2608/2219
f 2224/2599/2210 2205/2611/2222 2204/2607/2218 2196/2600/2211
f 2204/2607/2218 2205/2611/2222 2206/2612/2223
f 2206/2612/2223 2209/2613/2224 2207/2610/2221 2204/2607/2218
f 2207/2610/2221 2208/2614/2225 2274/2615/2226 2203/2608/2219
f 2210/2616/2227 2208/2614/2225 2207/2610/2221 2209/2613/2224
f 2212/2617/2228 2210/2616/2227 2209/2613/2224 2211/2618/2229
f 2211/2618/2229 2209/2613/2224 2206/2612/2223 2213/2619/2230
f 2214/2620/2231 2215/2621/2232 2212/2622/2228 2211/2623/2229
f 2213/2624/2230 2217/2625/2233 2214/2620/2231 2211/2623/2229
f 2216/2626/2234 2276/2627/2235 2215/2621/2232 2214/2620/2231
f 2217/2625/2233 2218/2628/2236 2216/2626/2234 2214/2620/2231
f 2219/2629/2237 2220/2630/2238 2218/2628/2236 2217/2625/2233
f 2222/2631/2239 2219/2629/2237 2217/2625/2233 2213/2624/2230
f 2220/2630/2238 2219/2629/2237 2221/2632/2240 2268/2633/2241
f 2219/2629/2237 2222/2631/2239 2223/2634/2242 2221/2632/2240
f 2205/2611/2222 2224/2599/2210 2223/2635/2242 2222/2636/2239
f 2205/2611/2222 2222/2636/2239 2213/2619/2230 2206/2612/2223
f 2224/2599/2210 2195/2598/2209 2225/2637/2243 2223/2635/2242
f 2223/2634/2242 2225/2638/2243 2227/2639/2244 2221/2632/2240
f 2226/2640/2245 2229/2641/2246 2227/2639/2244 2225/2638/2243
f 2226/2642/2245 2225/2637/2243 2195/2598/2209 2236/2591/2202
f 2221/2632/2240 2227/2639/2244 2228/2643/2247 2268/2633/2241
f 2229/2641/2246 2230/2644/2248 2228/2643/2247 2227/2639/2244
f 2231/2645/2249 2232/2646/2250 2230/2644/2248 2229/2641/2246
f 2234/2647/2251 2231/2645/2249 2229/2641/2246 2226/2640/2245
f 2233/2648/2252 2246/2649/2253 2232/2646/2250 2231/2645/2249
f 2235/2650/2254 2233/2648/2252 2231/2645/2249 2234/2647/2251
f 2236/2591/2202 2237/2651/2255 2235/2652/2254 2234/2653/2251
f 2234/2653/2251 2226/2642/2245 2236/2591/2202
f 2236/2591/2202 2186/2585/2197 2237/2651/2255
f 2237/2651/2255 2238/2654/2256 2240/2655/2257 2235/2652/2254
f 2186/2585/2197 2239/2656/2258 2238/2654/2256 2237/2651/2255
f 2241/2657/2259 2238/2654/2256 2239/2656/2258 2243/2658/2260
f 2244/2659/2261 2240/2655/2257 2238/2654/2256 2241/2657/2259
f 2245/2660/2262 2244/2659/2261 2241/2657/2259 2242/2661/2263
f 2242/2661/2263 2241/2657/2259 2243/2658/2260 2250/2662/2264
f 2246/2649/2253 2233/2648/2252 2244/2663/2261 2245/2664/2262
f 2233/2648/2252 2235/2650/2254 2240/2665/2257 2244/2663/2261
f 2245/2660/2262 2242/2661/2263 2247/2666/2265 2246/2667/2253
f 2248/2668/2266 2232/2669/2250 2246/2667/2253 2247/2666/2265
f 2247/2666/2265 2242/2661/2263 2250/2662/2264 2249/2550/2177
f 2162/2549/2175 2248/2668/2266 2247/2666/2265 2249/2550/2177
f 2250/2662/2264 2251/2670/2267 2163/2551/2171 2249/2550/2177
f 2243/2658/2260 2252/2671/2268 2251/2670/2267 2250/2662/2264
f 2253/2672/2269 2251/2673/2267 2252/2674/2268 2254/2675/2270
f 2160/2538/2170 2163/2540/2171 2251/2673/2267 2253/2672/2269
f 2087/2446/2100 2089/2448/2102 2160/2538/2170 2253/2672/2269
f 2087/2446/2100 2253/2672/2269 2254/2675/2270 2085/2445/2099
f 2085/2445/2099 2254/2675/2270 2255/2676/2271
f 2255/2676/2271 2254/2675/2270 2252/2674/2268 2256/2677/2272
f 2257/2678/2194 2255/2676/2271 2256/2677/2272 2182/2679/2195
f 2257/2678/2194 2258/2444/2098 2085/2445/2099 2255/2676/2271
f 2258/2525/2098 2257/2579/2194 2181/2533/2166 2148/2526/2159
f 2239/2656/2258 2256/2680/2272 2252/2671/2268 2243/2658/2260
f 2256/2680/2272 2239/2656/2258 2186/2585/2197 2182/2582/2195
f 2232/2681/2250 2248/2682/2266 2230/2683/2248
f 2230/2683/2248 2248/2682/2266 2259/2684/2273 2228/2685/2247
f 2260/2686/2274 2198/2603/2214 2259/2684/2273 2248/2682/2266
f 2171/2544/2174 2260/2686/2274 2248/2682/2266 2162/2545/2175
f 2260/2686/2274 2171/2544/2174 2261/2687/2275
f 2198/2603/2214 2260/2686/2274 2261/2687/2275
f 2171/2544/2174 2265/2566/2185 2262/2688/2276 2261/2687/2275
f 2263/2602/2213 2198/2603/2214 2261/2687/2275
f 2261/2687/2275 2262/2688/2276 2264/2689/2277 2263/2602/2213
f 2263/2602/2213 2264/2689/2277 2191/2594/2205 2193/2595/2206
f 2170/2564/2184 2173/2563/2183 2191/2594/2205 2264/2689/2277
f 2262/2688/2276 2265/2566/2185 2170/2564/2184 2264/2689/2277
f 2268/2690/2241 2228/2685/2247 2259/2684/2273 2266/2691/2278
f 2198/2603/2214 2200/2604/2215 2266/2691/2278 2259/2684/2273
f 2220/2692/2238 2268/2690/2241 2266/2691/2278 2267/2693/2279
f 2200/2604/2215 2202/2606/2217 2267/2693/2279 2266/2691/2278
f 2218/2694/2236 2220/2692/2238 2267/2693/2279 2269/2695/2280
f 2267/2693/2279 2202/2606/2217 2269/2695/2280
f 2216/2696/2234 2218/2694/2236 2269/2695/2280 2270/2697/2281
f 2269/2695/2280 2202/2606/2217 2272/2609/2220 2270/2697/2281
f 2216/2696/2234 2270/2697/2281 2271/2698/2282 2276/2699/2235
f 2271/2698/2282 2270/2697/2281 2272/2609/2220 2273/2700/2283
f 2273/2700/2283 2272/2609/2220 2203/2608/2219 2274/2615/2226
f 2275/2701/2284 2271/2698/2282 2273/2700/2283 2274/2615/2226
f 2208/2614/2225 2210/2616/2227 2275/2701/2284 2274/2615/2226
f 2276/2699/2235 2271/2698/2282 2275/2701/2284 2215/2702/2232
f 2210/2616/2227 2212/2617/2228 2215/2702/2232 2275/2701/2284
f 2095/2457/2109 2278/2517/2153 2277/2529/2162 2093/2453/2107
f 2277/2529/2162 2278/2517/2153 2143/2518/2154 2146/2521/2156
f 2095/2457/2109 2097/2459/2110 2142/2512/2150 2278/2517/2153
f 2100/2462/2112 2139/2511/2149 2142/2512/2150 2097/2459/2110
f 2141/2439/2093 2135/2703/2147 2071/2428/2082 2075/2429/2083
f 2137/2475/2123 2139/2511/2149 2100/2462/2112 2102/2469/2117
f 2135/2703/2147 2133/2421/2075 2065/2422/2076 2071/2428/2082
f 2106/2474/2122 2108/2476/2124 2129/2503/2142 2132/2506/2144
f 2280/2704/2285 2279/2500/2070 2125/2495/2138 2122/2494/2137
f 2052/2405/2059 2054/2408/2062 2279/2416/2070 2280/2705/2285
f 1981/2314/1996 2052/2405/2059 2280/2705/2285 1979/2315/1994
f 1977/2311/1993 1979/2312/1994 2280/2704/2285 2122/2494/2137
f 1995/2395/2014 1996/2369/2016 1917/2232/1922 1919/2234/1924
f 1914/2227/1917 1970/2301/1983 1967/2296/1978 1912/2226/1916
f 1959/2287/1971 1910/2224/1914 1912/2226/1916 1967/2296/1978
f 1909/2285/1911 1943/2265/1952 1940/2264/1951 1906/2706/1904
f 1906/2706/1904 1940/2264/1951 1938/2261/1948 1902/2707/1905
f 1902/2707/1905 1938/2261/1948 2281/2708/2286 2282/2709/1906
f 1938/2261/1948 1930/2253/1940 2283/2256/1943 2281/2708/2286
f 2282/2709/1906 2281/2708/2286 2284/2710/2287 2286/2711/2288
f 2281/2708/2286 2283/2256/1943 2285/2712/2289 2284/2710/2287
f 2285/2712/2289 2290/2713/2290 2287/2714/2291 2284/2710/2287
f 2287/2714/2291 2288/2715/2292 2286/2711/2288 2284/2710/2287
f 2289/2716/2293 2308/2717/2294 2288/2715/2292 2287/2714/2291
f 2290/2713/2290 2291/2718/2295 2289/2716/2293 2287/2714/2291
f 2293/2719/2296 2291/2718/2295 2290/2713/2290 2292/2720/2297
f 2292/2720/2297 2290/2713/2290 2285/2712/2289 2295/2721/2298
f 2358/2722/2299 2293/2719/2296 2292/2720/2297 2294/2723/2300
f 2294/2723/2300 2292/2720/2297 2295/2721/2298 2296/2724/2301
f 1931/2250/1938 1928/2249/1936 2296/2724/2301 2295/2721/2298
f 2283/2256/1943 1931/2250/1938 2295/2721/2298 2285/2712/2289
f 2296/2725/2301 2297/2726/2302 2299/2727/2303 2294/2728/2300
f 1928/2246/1936 1926/2245/1935 2297/2726/2302 2296/2725/2301
f 2301/2729/2304 2299/2727/2303 2297/2726/2302 2298/2730/2305
f 1926/2245/1935 2307/2244/1934 2298/2730/2305 2297/2726/2302
f 2294/2728/2300 2299/2727/2303 2300/2731/2306 2358/2732/2299
f 2302/2733/2307 2300/2731/2306 2299/2727/2303 2301/2729/2304
f 2303/2734/2308 2304/2735/2309 2302/2733/2307 2301/2729/2304
f 2305/2736/2310 2303/2734/2308 2301/2729/2304 2298/2730/2305
f 2303/2734/2308 2288/2737/2292 2308/2738/2294 2304/2735/2309
f 2305/2736/2310 2286/2739/2288 2288/2737/2292 2303/2734/2308
f 2306/2219/1909 1903/2217/1907 2286/2739/2288 2305/2736/2310
f 2298/2730/2305 2307/2244/1934 2306/2219/1909 2305/2736/2310
f 2307/2244/1934 1922/2239/1929 1904/2218/1908 2306/2219/1909
f 2302/2733/2307 2304/2735/2309 2309/2740/2311 2364/2741/2312
f 2304/2735/2309 2308/2738/2294 2311/2742/2313 2310/2743/2314
f 2309/2740/2311 2304/2735/2309 2310/2743/2314
f 2310/2743/2314 2311/2742/2313 2313/2744/2315 2312/2745/2316
f 2309/2740/2311 2310/2743/2314 2312/2745/2316 2314/2746/2317
f 2312/2745/2316 2313/2744/2315 2316/2747/2318 2315/2748/2319
f 2314/2746/2317 2312/2745/2316 2315/2748/2319 2317/2749/2320
f 2315/2748/2319 2316/2747/2318 2319/2750/2321 2317/2749/2320
f 2365/2751/2322 2314/2746/2317 2317/2749/2320 2318/2752/2323
f 2318/2752/2323 2317/2749/2320 2319/2750/2321 2320/2753/2324
f 2319/2750/2321 2321/2754/2325 2322/2755/2326 2320/2753/2324
f 2319/2750/2321 2316/2747/2318 2323/2756/2327 2321/2754/2325
f 2324/2757/2328 2326/2758/2329 2322/2755/2326 2321/2754/2325
f 2321/2754/2325 2323/2756/2327 2327/2759/2330 2324/2757/2328
f 2324/2757/2328 2327/2759/2330 2328/2760/2331 2325/2761/2332
f 2324/2757/2328 2325/2761/2332 2487/2762/2333 2326/2758/2329
f 2330/2763/2334 2328/2764/2331 2327/2765/2330 2329/2766/2335
f 2329/2766/2335 2327/2765/2330 2323/2767/2327 2332/2768/2336
f 2331/2769/2337 2482/2770/2338 2330/2763/2334 2329/2766/2335
f 2334/2771/2339 2331/2769/2337 2329/2766/2335 2332/2768/2336
f 2332/2768/2336 2323/2767/2327 2316/2772/2318 2333/2773/2340
f 2335/2774/2341 2334/2771/2339 2332/2768/2336 2333/2773/2340
f 2336/2775/2342 2334/2771/2339 2335/2774/2341 2338/2776/2343
f 2339/2777/2344 2331/2769/2337 2334/2771/2339 2336/2775/2342
f 2341/2778/2345 2339/2777/2344 2336/2775/2342 2337/2779/2346
f 2337/2779/2346 2336/2775/2342 2338/2776/2343 2349/2780/2347
f 2340/2781/2348 2482/2770/2338 2331/2769/2337 2339/2777/2344
f 2342/2782/2349 2340/2781/2348 2339/2777/2344 2341/2778/2345
f 2341/2783/2345 2343/2784/2350 2345/2785/2351 2342/2786/2349
f 2337/2787/2346 2346/2788/2352 2343/2784/2350 2341/2783/2345
f 2343/2784/2350 2346/2788/2352 2344/2789/2353
f 2343/2784/2350 2344/2789/2353 2366/2790/2354 2345/2785/2351
f 2322/2755/2326 2346/2788/2352 2347/2791/2355 2320/2753/2324
f 2349/2792/2347 2347/2791/2355 2346/2788/2352 2337/2787/2346
f 2326/2758/2329 2344/2789/2353 2346/2788/2352 2322/2755/2326
f 2320/2753/2324 2347/2791/2355 2348/2793/2356 2318/2752/2323
f 2351/2794/2357 2348/2793/2356 2347/2791/2355 2349/2792/2347
f 2349/2780/2347 2338/2776/2343 2359/2795/2358 2350/2796/2359
f 2350/2797/2359 2352/2798/2360 2351/2794/2357 2349/2792/2347
f 2351/2794/2357 2352/2798/2360 2353/2799/2361 2348/2793/2356
f 2354/2800/2362 2355/2801/2363 2353/2799/2361 2352/2798/2360
f 2356/2802/2364 2354/2800/2362 2352/2798/2360 2350/2797/2359
f 2300/2731/2306 2355/2801/2363 2354/2800/2362
f 2358/2732/2299 2300/2731/2306 2354/2800/2362 2356/2802/2364
f 2356/2803/2364 2357/2804/2365 2293/2719/2296 2358/2722/2299
f 2350/2796/2359 2359/2795/2358 2357/2804/2365 2356/2803/2364
f 2359/2795/2358 2361/2805/2366 2360/2806/2367 2357/2804/2365
f 2357/2804/2365 2360/2806/2367 2291/2718/2295 2293/2719/2296
f 2360/2806/2367 2361/2805/2366 2363/2807/2368 2362/2808/2369
f 2289/2716/2293 2291/2718/2295 2360/2806/2367 2362/2808/2369
f 2362/2808/2369 2311/2809/2313 2308/2717/2294 2289/2716/2293
f 2363/2807/2368 2313/2810/2315 2311/2809/2313 2362/2808/2369
f 2333/2773/2340 2316/2772/2318 2313/2810/2315 2363/2807/2368
f 2363/2807/2368 2361/2805/2366 2335/2774/2341 2333/2773/2340
f 2338/2776/2343 2335/2774/2341 2361/2805/2366 2359/2795/2358
f 2365/2751/2322 2353/2799/2361 2355/2801/2363 2364/2741/2312
f 2364/2741/2312 2355/2801/2363 2300/2731/2306 2302/2733/2307
f 2309/2740/2311 2314/2746/2317 2365/2751/2322 2364/2741/2312
f 2318/2752/2323 2348/2793/2356 2353/2799/2361 2365/2751/2322
f 2345/2785/2351 2366/2790/2354 2368/2811/2370 2367/2812/2371
f 2342/2786/2349 2345/2785/2351 2367/2812/2371 2370/2813/2372
f 2367/2812/2371 2368/2811/2370 2488/2814/2373 2369/2815/2374
f 2370/2813/2372 2367/2812/2371 2369/2815/2374 2372/2816/2375
f 2370/2817/2372 2371/2818/2376 2340/2781/2348 2342/2782/2349
f 2372/2819/2375 2373/2820/2377 2371/2818/2376 2370/2817/2372
f 2374/2821/2378 2377/2822/2379 2373/2820/2377 2372/2819/2375
f 2372/2816/2375 2369/2815/2374 2375/2823/2380 2374/2824/2378
f 2374/2824/2378 2375/2823/2380 2396/2825/2381 2376/2826/2382
f 2374/2821/2378 2376/2827/2382 2378/2828/2383 2377/2822/2379
f 2377/2822/2379 2378/2828/2383 2381/2829/2384 2379/2830/2385
f 2373/2820/2377 2377/2822/2379 2379/2830/2385
f 2478/2831/2386 2373/2820/2377 2379/2830/2385 2380/2832/2387
f 2380/2832/2387 2379/2830/2385 2381/2829/2384 2382/2833/2388
f 2383/2834/2389 2384/2835/2390 2382/2836/2388 2381/2837/2384
f 2386/2838/2391 2383/2834/2389 2381/2837/2384 2378/2839/2383
f 2470/2840/2392 2384/2835/2390 2383/2834/2389 2385/2841/2393
f 2385/2841/2393 2383/2834/2389 2386/2838/2391 2387/2842/2394
f 2388/2843/2395 2389/2844/2396 2387/2842/2394 2386/2838/2391
f 2378/2839/2383 2376/2845/2382 2388/2843/2395 2386/2838/2391
f 2390/2846/2397 2389/2844/2396 2388/2843/2395
f 2390/2846/2397 2388/2843/2395 2391/2847/2398 2392/2848/2399
f 2395/2849/2400 2391/2847/2398 2388/2843/2395 2376/2845/2382
f 2392/2848/2399 2391/2847/2398 2393/2850/2401 2419/2851/2402
f 2391/2847/2398 2394/2852/2403 2418/2853/2404 2393/2850/2401
f 2391/2854/2398 2395/2855/2400 2397/2856/2405 2394/2857/2403
f 2396/2858/2381 2395/2849/2400 2376/2845/2382
f 2396/2859/2381 2397/2856/2405 2395/2855/2400
f 2398/2860/2406 2399/2861/2407 2394/2857/2403 2397/2856/2405
f 2397/2856/2405 2396/2859/2381 2401/2862/2408 2398/2860/2406
f 2399/2861/2407 2398/2860/2406 2400/2863/2409 2413/2864/2410
f 2398/2860/2406 2401/2862/2408 2403/2865/2411 2400/2863/2409
f 2401/2866/2408 2396/2825/2381 2375/2823/2380 2402/2867/2412
f 2401/2866/2408 2402/2867/2412 2404/2868/2413 2403/2869/2411
f 2408/2870/2414 2405/2871/2415 2403/2869/2411 2404/2868/2413
f 2405/2872/2415 2409/2873/2416 2400/2863/2409 2403/2865/2411
f 2408/2870/2414 2475/2874/2417 2406/2875/2418 2405/2871/2415
f 2405/2876/2415 2406/2877/2418 2407/2878/2419
f 2409/2873/2416 2405/2872/2415 2407/2879/2419
f 2407/2879/2419 2411/2880/2420 2410/2881/2421 2409/2873/2416
f 2409/2873/2416 2410/2881/2421 2413/2864/2410 2400/2863/2409
f 2410/2882/2421 2411/2883/2420 2435/2884/2422 2412/2885/2423
f 2413/2886/2410 2410/2882/2421 2412/2885/2423 2414/2887/2424
f 2399/2888/2407 2413/2886/2410 2414/2887/2424 2416/2889/2425
f 2412/2885/2423 2433/2890/2426 2415/2891/2427 2414/2887/2424
f 2414/2887/2424 2415/2891/2427 2417/2892/2428 2416/2889/2425
f 2416/2889/2425 2417/2892/2428 2419/2851/2402 2418/2853/2404
f 2394/2852/2403 2399/2888/2407 2416/2889/2425 2418/2853/2404
f 2419/2851/2402 2393/2850/2401 2418/2853/2404
f 2420/2893/2429 2392/2848/2399 2419/2851/2402 2417/2892/2428
f 2421/2894/2430 2420/2893/2429 2417/2892/2428 2415/2891/2427
f 2420/2893/2429 2421/2894/2430 2425/2895/2431 2422/2896/2432
f 2420/2893/2429 2422/2896/2432 2392/2848/2399
f 2392/2848/2399 2422/2896/2432 2423/2897/2433 2390/2846/2397
f 2422/2896/2432 2424/2898/2434 2452/2899/2435 2423/2897/2433
f 2425/2895/2431 2426/2900/2436 2424/2898/2434 2422/2896/2432
f 2427/2901/2437 2431/2902/2438 2426/2900/2436 2425/2895/2431
f 2432/2903/2439 2427/2901/2437 2425/2895/2431 2421/2894/2430
f 2432/2903/2439 2428/2904/2440 2427/2901/2437
f 2427/2901/2437 2428/2904/2440 2429/2905/2441
f 2429/2905/2441 2459/2906/2442 2430/2907/2443 2427/2901/2437
f 2427/2901/2437 2430/2907/2443 2436/2908/2444 2431/2902/2438
f 2428/2904/2440 2432/2903/2439 2433/2890/2426 2434/2909/2445
f 2432/2903/2439 2421/2894/2430 2415/2891/2427 2433/2890/2426
f 2434/2909/2445 2433/2890/2426 2412/2885/2423 2435/2884/2422
f 2411/2883/2420 2428/2904/2440 2434/2909/2445 2435/2884/2422
f 2431/2902/2438 2436/2908/2444 2441/2910/2446 2437/2911/2447
f 2431/2902/2438 2437/2911/2447 2439/2912/2448 2426/2900/2436
f 2440/2913/2449 2500/2914/2450 2438/2915/2451 2437/2911/2447
f 2437/2911/2447 2438/2915/2451 2494/2916/2452 2439/2912/2448
f 2441/2910/2446 2440/2913/2449 2437/2911/2447
f 2443/2917/2453 2440/2913/2449 2441/2910/2446 2442/2918/2454
f 2442/2918/2454 2441/2910/2446 2436/2908/2444 2444/2919/2455
f 2445/2920/2456 2447/2921/2457 2443/2922/2453 2442/2923/2454
f 2442/2923/2454 2444/2924/2455 2446/2925/2458 2445/2920/2456
f 2445/2920/2456 2446/2925/2458 2451/2926/2459 2448/2927/2460
f 2448/2927/2460 2449/2928/2461 2447/2921/2457 2445/2920/2456
f 2450/2929/2462 2489/2930/2463 2449/2931/2461 2448/2932/2460
f 2450/2929/2462 2448/2932/2460 2451/2933/2459 2452/2899/2435
f 2452/2899/2435 2451/2933/2459 2453/2934/2464 2423/2897/2433
f 2451/2926/2459 2446/2925/2458 2455/2935/2465 2453/2936/2464
f 2454/2937/2466 2390/2846/2397 2423/2897/2433 2453/2934/2464
f 2454/2938/2466 2453/2936/2464 2455/2935/2465 2456/2939/2467
f 2456/2939/2467 2455/2935/2465 2457/2940/2468 2458/2941/2469
f 2446/2925/2458 2444/2924/2455 2457/2940/2468 2455/2935/2465
f 2458/2942/2469 2457/2943/2468 2430/2907/2443 2459/2906/2442
f 2444/2919/2455 2436/2908/2444 2430/2907/2443 2457/2943/2468
f 2460/2944/2470 2458/2942/2469 2459/2906/2442
f 2461/2945/2471 2456/2939/2467 2458/2941/2469 2460/2946/2470
f 2465/2947/2472 2461/2945/2471 2460/2946/2470 2462/2948/2473
f 2459/2949/2442 2464/2950/2474 2462/2951/2473 2460/2952/2470
f 2462/2948/2473 2463/2953/2475 2466/2954/2476 2465/2947/2472
f 2463/2955/2475 2462/2951/2473 2464/2950/2474 2470/2840/2392
f 2467/2956/2477 2468/2957/2478 2461/2945/2471 2465/2947/2472
f 2465/2947/2472 2466/2954/2476 2469/2958/2479 2467/2956/2477
f 2390/2846/2397 2468/2959/2478 2467/2960/2477 2389/2844/2396
f 2389/2844/2396 2467/2960/2477 2469/2961/2479 2387/2842/2394
f 2466/2962/2476 2385/2841/2393 2387/2842/2394 2469/2961/2479
f 2468/2959/2478 2390/2846/2397 2454/2937/2466
f 2468/2957/2478 2454/2938/2466 2456/2939/2467 2461/2945/2471
f 2463/2955/2475 2470/2840/2392 2385/2841/2393 2466/2962/2476
f 2464/2950/2474 2471/2963/2480 2384/2835/2390 2470/2840/2392
f 2473/2964/2481 2471/2963/2480 2464/2950/2474 2459/2949/2442
f 2384/2835/2390 2471/2963/2480 2472/2965/2482 2382/2836/2388
f 2406/2966/2418 2472/2965/2482 2471/2963/2480 2473/2964/2481
f 2411/2883/2420 2407/2878/2419 2406/2877/2418 2473/2967/2481
f 2411/2883/2420 2473/2967/2481 2459/2906/2442 2429/2905/2441
f 2474/2968/2483 2380/2832/2387 2382/2833/2388 2472/2969/2482
f 2472/2969/2482 2406/2970/2418 2475/2971/2417 2474/2968/2483
f 2474/2968/2483 2475/2971/2417 2477/2972/2484 2476/2973/2485
f 2478/2831/2386 2380/2832/2387 2474/2968/2483 2476/2973/2485
f 2476/2973/2485 2477/2972/2484 2480/2974/2486 2479/2975/2487
f 2479/2975/2487 2481/2976/2488 2478/2831/2386 2476/2973/2485
f 2479/2975/2487 2480/2974/2486 2328/2764/2331 2330/2763/2334
f 2330/2763/2334 2482/2770/2338 2481/2976/2488 2479/2975/2487
f 2373/2820/2377 2478/2831/2386 2481/2976/2488 2371/2818/2376
f 2371/2818/2376 2481/2976/2488 2482/2770/2338 2340/2781/2348
f 2483/2977/2489 2480/2978/2486 2477/2979/2484 2484/2980/2490
f 2325/2761/2332 2328/2760/2331 2480/2978/2486 2483/2977/2489
f 2485/2981/2491 2483/2977/2489 2484/2980/2490 2486/2982/2492
f 2487/2762/2333 2325/2761/2332 2483/2977/2489 2485/2981/2491
f 2486/2982/2492 2488/2814/2373 2368/2811/2370 2485/2981/2491
f 2485/2981/2491 2368/2811/2370 2366/2790/2354 2487/2762/2333
f 2487/2762/2333 2366/2790/2354 2344/2789/2353 2326/2758/2329
f 2402/2867/2412 2488/2814/2373 2486/2982/2492 2404/2868/2413
f 2486/2982/2492 2484/2980/2490 2408/2870/2414 2404/2868/2413
f 2369/2815/2374 2488/2814/2373 2402/2867/2412 2375/2823/2380
f 2484/2980/2490 2477/2979/2484 2475/2874/2417 2408/2870/2414
f 2452/2899/2435 2424/2898/2434 2490/2983/2493 2450/2929/2462
f 2490/2983/2493 2489/2930/2463 2450/2929/2462
f 2489/2930/2463 2490/2983/2493 2491/2984/2494 2492/2985/2495
f 2439/2912/2448 2494/2916/2452 2491/2984/2494 2490/2983/2493
f 2426/2900/2436 2439/2912/2448 2490/2983/2493 2424/2898/2434
f 2506/2986/2496 2492/2985/2495 2491/2984/2494 2493/2987/2497
f 2491/2984/2494 2494/2916/2452 2495/2988/2498 2493/2987/2497
f 2497/2989/2499 2495/2988/2498 2494/2916/2452 2438/2915/2451
f 2493/2987/2497 2495/2988/2498 2496/2990/2500 2506/2986/2496
f 2496/2990/2500 2495/2988/2498 2497/2989/2499 2498/2991/2501
f 2498/2991/2501 2497/2989/2499 2438/2915/2451 2500/2914/2450
f 2499/2992/2502 2504/2993/2503 2496/2990/2500 2498/2991/2501
f 2501/2994/2504 2499/2992/2502 2498/2991/2501 2500/2914/2450
f 2501/2994/2504 2500/2914/2450 2440/2913/2449 2443/2917/2453
f 2447/2921/2457 2502/2995/2505 2501/2996/2504 2443/2922/2453
f 2501/2996/2504 2502/2995/2505 2504/2997/2503 2499/2998/2502
f 2449/2928/2461 2503/2999/2506 2502/2995/2505 2447/2921/2457
f 2502/2995/2505 2503/2999/2506 2505/3000/2507 2504/2997/2503
f 2506/2986/2496 2496/2990/2500 2504/2993/2503 2505/3001/2507
f 2505/3001/2507 2503/3002/2506 2492/2985/2495 2506/2986/2496
f 2503/3002/2506 2449/2931/2461 2489/2930/2463 2492/2985/2495
f 2429/2905/2441 2428/2904/2440 2411/2883/2420
f 1903/2217/1907 2282/2216/1906 2286/2739/2288
o Boy01_Body_Geo.019
v 0.244007 2.104210 -0.135537
v 0.238189 2.112538 -0.133399
v 0.182213 2.074504 -0.128508
v 0.291132 2.150442 -0.120706
v 0.302994 2.013773 -0.271375
v 0.309691 2.001179 -0.273844
v 0.232665 1.978209 -0.266293
v 0.366975 2.056555 -0.259210
v 0.368304 2.041641 -0.261732
v 0.408595 2.100495 -0.225072
v 0.330087 2.197650 -0.077221
v 0.349557 2.230069 -0.029360
v 0.321331 2.202850 -0.066592
v 0.341116 2.236763 -0.019704
v 0.296727 2.227055 -0.084866
v 0.284052 2.156269 -0.109210
v 0.261510 2.186472 -0.123546
v 0.219296 2.146561 -0.146073
v 0.229385 2.235794 -0.135920
v 0.189293 2.201193 -0.156988
v 0.263457 2.269345 -0.102711
v 0.196638 2.283586 -0.131345
v 0.227506 2.308930 -0.107769
v 0.179448 2.324509 -0.108385
v 0.157126 2.258125 -0.150374
v 0.134175 2.295669 -0.123948
v 0.116922 2.230136 -0.143697
v 0.091214 2.264663 -0.118939
v 0.079320 2.213846 -0.129660
v 0.141491 2.172005 -0.146938
v 0.166967 2.115476 -0.134018
v 0.092693 2.154049 -0.128669
v 0.110108 2.097847 -0.112842
v 0.047263 2.144788 -0.098032
v 0.061248 2.091684 -0.080447
v 0.009823 2.148459 -0.054548
v 0.038519 2.205605 -0.105066
v 0.031855 2.261898 -0.082639
v 0.008558 2.209467 -0.071292
v -0.015201 2.224643 -0.020168
v -0.004087 2.283678 -0.013836
v -0.033957 2.247295 0.026786
v -0.017424 2.167969 0.001603
v -0.007091 2.122547 0.028087
v -0.038698 2.193837 0.058677
v -0.030817 2.148412 0.088994
v -0.042856 2.233119 0.115322
v -0.025349 2.186934 0.144604
v -0.007031 2.277787 0.165352
v -0.037108 2.286147 0.079291
v -0.007178 2.323715 0.047778
v -0.003986 2.314569 0.120680
v 0.011483 2.340839 0.076775
v 0.034035 2.349033 0.154080
v 0.037118 2.364810 0.099691
v 0.069999 2.380495 0.171153
v 0.040993 2.320966 0.206014
v 0.063760 2.286616 0.245323
v 0.085587 2.359141 0.231038
v 0.109488 2.323583 0.269922
v 0.142961 2.381063 0.225749
v 0.169910 2.349229 0.265357
v 0.205995 2.399862 0.199877
v 0.116063 2.403298 0.170625
v 0.099298 2.401459 0.107350
v 0.167972 2.418340 0.147447
v 0.135780 2.410572 0.090823
v 0.211934 2.423165 0.105895
v 0.162104 2.417058 0.064579
v 0.243403 2.399537 0.054490
v 0.265765 2.406721 0.146635
v 0.297668 2.384608 0.083072
v 0.300186 2.374804 0.176767
v 0.335400 2.351597 0.108804
v 0.237916 2.369478 0.236181
v 0.321452 2.342653 0.201945
v 0.352490 2.322698 0.134246
v 0.329456 2.324260 0.213309
v 0.261059 2.336769 0.262582
v 0.270557 2.318572 0.273194
v 0.191635 2.314650 0.294485
v 0.201646 2.295394 0.305354
v 0.133460 2.282561 0.293274
v 0.085897 2.250386 0.274418
v 0.144932 2.262446 0.303137
v 0.097445 2.231927 0.285216
v 0.141036 2.271464 0.286789
v 0.097598 2.239511 0.269284
v 0.096862 2.341586 0.189633
v 0.196402 2.299623 0.288402
v 0.255985 2.319343 0.260591
v 0.171153 2.364996 0.187403
v 0.094791 2.347675 -0.007794
v 0.242716 2.364629 0.103377
v 0.266135 2.330910 0.016516
v 0.340617 2.308071 0.141212
v 0.313347 2.322688 0.198719
v 0.354235 2.283900 0.083420
v 0.359570 2.306401 0.147360
v 0.371327 2.279485 0.089385
v 0.362670 2.296165 0.076325
v 0.363908 2.251458 0.039143
v 0.354616 2.264809 0.027624
v 0.352568 2.253517 0.033954
v 0.397633 2.204561 -0.059678
v 0.357810 2.256112 0.018335
v 0.420623 2.146136 -0.166289
v 0.413950 2.179367 -0.116608
v 0.412478 2.166005 -0.119220
v 0.423348 2.130426 -0.177646
v 0.350142 2.211394 -0.033340
v 0.391635 2.199116 -0.055777
v 0.324262 2.177686 -0.075304
v 0.251786 2.282357 -0.052983
v 0.182809 2.207426 -0.116265
v 0.246684 2.095731 -0.131213
v 0.198969 2.071511 -0.121093
v 0.084127 2.170981 -0.081325
v 0.286689 2.129265 -0.115749
v 0.090333 2.037509 -0.067346
v 0.138015 2.048944 -0.099651
v 0.025292 2.185991 -0.011498
v 0.001725 2.232118 0.076684
v 0.013149 2.087138 0.058606
v 0.038833 2.060185 -0.000693
v 0.083333 1.999372 -0.086398
v 0.033335 2.050874 0.005301
v 0.006492 2.071631 0.064965
v 0.028941 2.064991 -0.008028
v 0.074987 1.999557 -0.091314
v 0.036472 2.058109 -0.012720
v 0.070090 2.052548 -0.062325
v 0.121685 1.966457 -0.185654
v 0.092804 1.980987 -0.143776
v 0.106435 1.974754 -0.144957
v 0.135304 1.957326 -0.196579
v 0.183000 1.953559 -0.241409
v 0.244695 1.970639 -0.266950
v 0.171267 1.960891 -0.238317
v 0.119508 2.055408 -0.100331
v 0.117439 2.061833 -0.096721
v 0.066857 2.058830 -0.055792
v 0.180746 2.081501 -0.124534
v -0.000642 2.086631 0.050089
v 0.021289 2.098639 -0.033640
v -0.017788 2.113426 0.115885
v -0.008137 2.096550 0.128596
v -0.004324 2.150509 0.170756
v 0.008432 2.133734 0.182059
v 0.038870 2.199507 0.226776
v 0.050715 2.181883 0.238830
v 0.015260 2.235356 0.198041
v 0.057634 2.195792 0.226508
v 0.044598 2.291297 0.158996
v 0.016712 2.146873 0.168409
v 0.000634 2.112796 0.120564
v 0.410883 2.086684 -0.229910
v 0.336289 2.294601 0.001324
v 0.343881 2.327649 0.053368
v 0.309025 2.333126 -0.023508
v 0.320044 2.261300 -0.043558
v 0.290356 2.301109 -0.064262
v 0.250320 2.337523 -0.074208
v 0.261755 2.364084 -0.041482
v 0.207281 2.367810 -0.058432
v 0.198991 2.398900 0.009268
v 0.151365 2.371813 -0.044106
v 0.144089 2.389970 -0.010818
v 0.088113 2.361060 -0.025141
v 0.138720 2.345829 -0.072280
v 0.114583 2.324876 -0.085536
v 0.084567 2.311893 -0.081404
v 0.051014 2.312675 -0.058049
v 0.033385 2.326335 -0.023226
v 0.034552 2.354162 0.029687
v 0.071642 2.380683 0.045621
v 0.064857 2.388174 0.110970
v 0.115578 2.397259 0.038086
v 0.257315 2.382777 0.007655
v 0.308373 2.360611 0.028027
vn 0.1433 -0.0383 -0.9889
vn 0.4104 0.2573 -0.8748
vn -0.2856 0.7140 -0.6393
vn -0.4051 0.6465 -0.6465
vn -0.4335 0.6316 -0.6427
vn -0.1851 -0.2340 -0.9545
vn -0.3332 0.6209 -0.7095
vn -0.2362 0.6687 -0.7050
vn 0.3662 -0.7394 0.5649
vn 0.4133 -0.7173 0.5609
vn 0.4388 -0.7097 0.5511
vn -0.4130 0.5882 -0.6953
vn -0.1363 0.7423 -0.6561
vn 0.3366 -0.7536 0.5646
vn -0.1163 0.8027 -0.5849
vn 0.0324 0.8542 -0.5189
vn 0.5650 0.4031 -0.7199
vn 0.7539 0.3773 -0.5379
vn 0.6858 0.1964 -0.7008
vn 0.7890 0.2500 -0.5612
vn 0.5473 0.0853 -0.8326
vn 0.2144 -0.1375 -0.9670
vn 0.1206 0.0065 -0.9927
vn 0.4427 0.2015 -0.8737
vn 0.5883 0.2853 -0.7566
vn -0.0552 0.2758 -0.9596
vn 0.2352 0.3962 -0.8875
vn 0.3832 0.4990 -0.7773
vn -0.0051 0.6799 -0.7333
vn -0.2517 0.5459 -0.7991
vn -0.4571 0.4062 -0.7912
vn -0.2992 0.0900 -0.9499
vn -0.1935 -0.1791 -0.9646
vn -0.4633 0.0442 -0.8851
vn -0.3829 -0.2485 -0.8897
vn -0.1381 -0.3156 -0.9388
vn -0.3507 -0.3961 -0.8486
vn -0.5936 -0.4479 -0.6686
vn -0.6221 -0.2905 -0.7270
vn -0.6238 0.0002 -0.7816
vn -0.8099 -0.4107 -0.4187
vn -0.8391 -0.2712 -0.4715
vn -0.8499 0.0071 -0.5269
vn -0.6656 0.3692 -0.6486
vn -0.7966 0.4222 -0.4326
vn -0.9079 0.0365 -0.4177
vn -0.9246 -0.2251 -0.3073
vn -0.9557 0.1316 -0.2633
vn -0.9827 -0.1423 -0.1187
vn -0.9068 -0.3486 -0.2371
vn -0.9618 -0.2731 0.0172
vn -0.8974 -0.0868 0.4325
vn -0.9633 0.0707 0.2590
vn -0.9356 0.3530 0.0058
vn -0.7756 0.0639 0.6279
vn -0.8224 0.2652 0.5033
vn -0.8012 0.5321 0.2736
vn -0.7907 0.5714 -0.2198
vn -0.7145 0.6954 0.0762
vn -0.6674 0.7437 0.0378
vn -0.7410 0.6015 0.2985
vn -0.7438 0.3810 0.5491
vn -0.5205 0.8538 0.0151
vn -0.5491 0.7728 0.3182
vn -0.4952 0.6290 0.5993
vn -0.6872 0.1924 0.7005
vn -0.4083 0.4517 0.7932
vn -0.1452 0.8152 0.5606
vn -0.0587 0.6699 0.7401
vn -0.2588 0.9208 0.2917
vn 0.2428 0.7721 0.5873
vn 0.1083 0.8901 0.4427
vn -0.0679 0.9750 0.2116
vn -0.3373 0.9413 -0.0122
vn -0.2303 0.9730 -0.0177
vn 0.1564 0.9873 -0.0287
vn -0.0407 0.9792 -0.1986
vn 0.3830 0.9089 0.1652
vn 0.3107 0.9236 -0.2245
vn 0.0787 0.9387 -0.3355
vn 0.5503 0.8268 -0.1166
vn 0.5541 0.7702 0.3158
vn 0.7550 0.6557 0.0061
vn 0.6328 0.6642 0.3981
vn 0.8371 0.5396 0.0905
vn 0.3188 0.6771 0.6633
vn 0.7800 -0.2127 0.5885
vn 0.8615 -0.3021 0.4080
vn 0.5629 -0.1814 0.8064
vn -0.0238 0.5562 0.8307
vn 0.2809 -0.1366 0.9500
vn -0.3634 0.3356 0.8691
vn 0.0349 -0.3501 0.9361
vn -0.6427 0.1209 0.7565
vn -0.1981 -0.4563 0.8675
vn 0.7251 -0.4428 -0.5274
vn 0.4869 -0.6424 -0.5918
vn 0.2392 -0.7966 -0.5551
vn 0.5288 -0.7576 -0.3826
vn 0.8374 -0.4641 -0.2888
vn 0.0540 -0.9615 -0.2693
vn -0.1447 -0.9457 -0.2911
vn -0.2443 -0.9684 0.0495
vn -0.2599 -0.9527 -0.1577
vn 0.4079 -0.7779 0.4779
vn -0.4154 -0.8142 0.4056
vn -0.5451 -0.7977 0.2581
vn -0.4855 -0.8599 0.1575
vn 0.9047 -0.3718 0.2079
vn 0.9075 0.3790 -0.1810
vn 0.9052 -0.3302 0.2675
vn 0.8861 0.2896 -0.3620
vn -0.5554 -0.6717 0.4903
vn 0.5363 0.7988 -0.2725
vn 0.1544 -0.8473 0.5081
vn 0.9133 0.3860 0.1299
vn 0.3039 0.8400 -0.4494
vn -0.0005 0.8194 -0.5732
vn 0.4099 -0.7442 0.5274
vn 0.2828 -0.7875 0.5476
vn -0.3285 -0.7330 0.5956
vn -0.0403 -0.6596 0.7505
vn -0.3222 -0.6212 0.7144
vn 0.0788 -0.3476 0.9343
vn 0.1036 -0.6441 0.7579
vn 0.3333 -0.6075 0.7209
vn 0.4146 -0.4305 0.8017
vn 0.5863 -0.0929 0.8047
vn 0.4707 -0.3725 0.7998
vn 0.8704 -0.0861 0.4848
vn 0.8189 0.0554 0.5713
vn 0.7193 -0.1294 0.6825
vn 0.9607 -0.2758 0.0316
vn 0.9909 -0.0556 0.1228
vn 0.9645 0.0281 0.2626
vn -0.3699 -0.8988 0.2354
vn -0.2653 -0.9317 0.2482
vn 0.5657 -0.6039 0.5616
vn -0.7831 -0.6219 -0.0038
vn -0.8923 -0.4124 -0.1839
vn -0.8235 -0.4478 -0.3483
vn -0.9164 -0.1919 -0.3512
vn -0.8539 0.0624 -0.5167
vn -0.6899 0.4073 -0.5984
vn -0.6947 0.3567 -0.6246
vn -0.6477 -0.4592 -0.6080
vn 0.4146 -0.7654 0.4922
vn 0.4760 -0.6915 0.5433
vn 0.4452 -0.7080 0.5482
vn -0.5222 0.5284 -0.6694
vn -0.4930 0.6005 -0.6296
vn -0.4270 -0.3368 -0.8392
vn -0.2969 -0.8354 0.4626
vn -0.9364 -0.3245 0.1338
vn -0.2008 -0.7107 0.6742
vn -0.8456 -0.1240 0.5192
vn -0.1405 -0.6341 0.7604
vn -0.7521 0.0028 0.6590
vn 0.9187 -0.2411 -0.3127
vn 0.8834 -0.2736 -0.3805
vn 0.8496 0.3309 -0.4108
vn 0.8352 0.5000 -0.2288
vn 0.6426 0.7150 -0.2754
vn 0.7141 0.5253 -0.4628
vn 0.6784 0.3530 -0.6443
vn 0.4357 0.5594 -0.7051
vn 0.4287 0.7732 -0.4673
vn 0.0917 0.8319 -0.5473
vn 0.3744 0.8723 -0.3145
vn -0.2012 0.7525 -0.6271
vn -0.1170 0.8386 -0.5321
vn -0.1431 0.9122 -0.3839
vn -0.4028 0.7978 -0.4487
vn -0.3343 0.6651 -0.6677
vn -0.4411 0.5756 -0.6886
vn -0.5662 0.5607 -0.6043
vn -0.6465 0.6154 -0.4509
vn -0.6102 0.7358 -0.2935
vn -0.4590 0.8664 -0.1968
vn -0.2701 0.9270 -0.2603
vt 0.096050 0.709210
vt 0.118170 0.705090
vt 0.117960 0.712180
vt 0.095990 0.714340
vt 0.074080 0.711990
vt 0.073930 0.705180
vt 0.057837 0.756695
vt 0.058888 0.720864
vt 0.073143 0.758022
vt 0.042801 0.759596
vt 0.039269 0.722668
vt 0.040391 0.719570
vt 0.059134 0.717789
vt 0.077772 0.720433
vt 0.078714 0.723357
vt 0.024249 0.729687
vt 0.024243 0.726602
vt 0.027643 0.767978
vt 0.016890 0.777242
vt 0.140030 0.694580
vt 0.157270 0.678440
vt 0.161620 0.685420
vt 0.141770 0.702110
vt 0.132420 0.688760
vt 0.145580 0.675900
vt 0.114900 0.697480
vt 0.095940 0.700250
vt 0.095880 0.687370
vt 0.111000 0.685330
vt 0.124380 0.679150
vt 0.095930 0.675120
vt 0.108080 0.673570
vt 0.117580 0.669370
vt 0.107990 0.663030
vt 0.095920 0.664380
vt 0.083920 0.663100
vt 0.083910 0.674250
vt 0.080570 0.685910
vt 0.074460 0.669600
vt 0.067340 0.679570
vt 0.076990 0.697570
vt 0.059560 0.688920
vt 0.046640 0.675640
vt 0.056670 0.668940
vt 0.066110 0.661690
vt 0.036710 0.658670
vt 0.049070 0.655290
vt 0.061280 0.652160
vt 0.073410 0.651510
vt 0.070020 0.633150
vt 0.057550 0.638090
vt 0.044700 0.638060
vt 0.058070 0.624860
vt 0.045560 0.620720
vt 0.032020 0.637850
vt 0.033660 0.616260
vt 0.040370 0.596970
vt 0.051290 0.604370
vt 0.063320 0.610780
vt 0.055090 0.578310
vt 0.063510 0.588870
vt 0.072180 0.599550
vt 0.074910 0.616760
vt 0.080070 0.610060
vt 0.088130 0.604790
vt 0.084370 0.591880
vt 0.080050 0.579400
vt 0.095940 0.602860
vt 0.095940 0.589600
vt 0.095940 0.576740
vt 0.076190 0.566210
vt 0.095940 0.563060
vt 0.111830 0.579400
vt 0.115680 0.566210
vt 0.107510 0.591880
vt 0.136750 0.578230
vt 0.128370 0.588860
vt 0.119700 0.599550
vt 0.103750 0.604790
vt 0.111810 0.610060
vt 0.128560 0.610760
vt 0.116970 0.616760
vt 0.140560 0.604200
vt 0.133820 0.624800
vt 0.121860 0.633170
vt 0.146380 0.620570
vt 0.151530 0.596760
vt 0.158370 0.616410
vt 0.161300 0.588920
vt 0.169880 0.611940
vt 0.144040 0.567730
vt 0.166160 0.584700
vt 0.175930 0.609230
vt 0.147690 0.562390
vt 0.119320 0.553650
vt 0.121190 0.547140
vt 0.095940 0.549830
vt 0.095940 0.543260
vt 0.072550 0.553630
vt 0.070680 0.547090
vt 0.069520 0.543490
vt 0.095950 0.538850
vt 0.122350 0.543540
vt 0.519730 0.641990
vt 0.519710 0.655730
vt 0.510270 0.654480
vt 0.510810 0.638390
vt 0.528650 0.638410
vt 0.529150 0.654510
vt 0.149000 0.557760
vt 0.539410 0.648920
vt 0.536260 0.628110
vt 0.546820 0.639050
vt 0.519760 0.619650
vt 0.537400 0.614880
vt 0.551920 0.619250
vt 0.550520 0.629990
vt 0.171050 0.582330
vt 0.180820 0.608080
vt 0.178700 0.635630
vt 0.183550 0.636580
vt 0.172380 0.637290
vt 0.176180 0.657380
vt 0.168970 0.659430
vt 0.179670 0.657980
vt 0.174060 0.666020
vt 0.006194 0.767909
vt 0.008557 0.767677
vt 0.005847 0.789875
vt 0.002590 0.789467
vt 0.010733 0.754812
vt 0.009141 0.785147
vt 0.014779 0.742989
vt 0.008286 0.752602
vt 0.014913 0.738909
vt 0.319207 0.681876
vt 0.314577 0.670956
vt 0.320550 0.649943
vt 0.312290 0.658754
vt 0.315041 0.635245
vt 0.327300 0.689967
vt 0.329117 0.652824
vt 0.533360 0.604090
vt 0.538690 0.593230
vt 0.545640 0.599500
vt 0.551150 0.610760
vt 0.519790 0.599050
vt 0.528530 0.588540
vt 0.519810 0.587140
vt 0.511090 0.588510
vt 0.506220 0.604050
vt 0.500920 0.593170
vt 0.339809 0.693119
vt 0.341965 0.656712
vt 0.352414 0.658323
vt 0.352522 0.694140
vt 0.502140 0.614830
vt 0.488400 0.610660
vt 0.493950 0.599420
vt 0.503230 0.628060
vt 0.488980 0.629890
vt 0.487600 0.619150
vt 0.015680 0.657320
vt 0.012240 0.657960
vt 0.008340 0.636490
vt 0.013080 0.635470
vt 0.111774 0.765875
vt 0.113318 0.789308
vt 0.110063 0.790104
vt 0.109163 0.765950
vt 0.390264 0.635186
vt 0.393359 0.659050
vt 0.384468 0.650315
vt 0.019410 0.637100
vt 0.022800 0.659270
vt 0.017860 0.665960
vt 0.107547 0.785202
vt 0.106525 0.754040
vt 0.100034 0.774839
vt 0.102772 0.743592
vt 0.034580 0.678210
vt 0.030710 0.685220
vt 0.109101 0.751628
vt 0.102595 0.739458
vt 0.391027 0.671224
vt 0.386144 0.681671
vt 0.377718 0.689689
vt 0.375939 0.653786
vt 0.093517 0.730765
vt 0.093500 0.727804
vt 0.362762 0.656299
vt 0.365238 0.692964
vt 0.089238 0.765153
vt 0.050410 0.701860
vt 0.051840 0.694690
vt 0.015960 0.608990
vt 0.022070 0.611590
vt 0.025670 0.584870
vt 0.030590 0.589010
vt 0.044120 0.562460
vt 0.047780 0.567810
vt 0.020680 0.582380
vt 0.042820 0.557740
vt 0.500030 0.648860
vt 0.492640 0.638970
vt 0.010990 0.607980
vt 0.155300 0.659000
vt 0.159880 0.637950
vt 0.147290 0.638010
vt 0.142910 0.655400
vt 0.135170 0.669060
vt 0.125760 0.661860
vt 0.130600 0.652320
vt 0.118480 0.651650
vt 0.134350 0.638080
vt 0.103040 0.651000
vt 0.108740 0.643740
vt 0.109810 0.634490
vt 0.095940 0.635300
vt 0.095940 0.653340
vt 0.088850 0.651010
vt 0.083140 0.643720
vt 0.082070 0.634490
vt 0.086080 0.621870
vt 0.095940 0.618300
vt 0.105800 0.621870
s 1
usemtl Boy01_Body_MAT1.001
f 2508/3003/2508 2522/3004/2509 2510/3005/2510 2507/3006/2511
f 2508/3003/2508 2507/3006/2511 2509/3007/2512 2649/3008/2513
f 2507/3009/2511 2511/3010/2514 2509/3011/2512
f 2510/3012/2510 2511/3010/2514 2507/3009/2511
f 2511/3010/2514 2514/3013/2515 2515/3014/2516 2512/3015/2517
f 2511/3010/2514 2512/3015/2517 2644/3016/2518 2513/3017/2519
f 2509/3011/2512 2511/3010/2514 2513/3017/2519
f 2514/3013/2515 2511/3010/2514 2510/3012/2510
f 2514/3013/2515 2516/3018/2520 2663/3019/2521 2515/3014/2516
f 2517/3020/2522 2516/3018/2520 2514/3013/2515
f 2517/3020/2522 2514/3013/2515 2510/3012/2510
f 2518/3021/2523 2516/3018/2520 2517/3020/2522
f 2519/3022/2524 2520/3023/2525 2518/3024/2523 2517/3025/2522
f 2510/3005/2510 2522/3004/2509 2519/3022/2524 2517/3025/2522
f 2519/3022/2524 2521/3026/2526 2667/3027/2527 2520/3023/2525
f 2522/3004/2509 2523/3028/2528 2521/3026/2526 2519/3022/2524
f 2524/3029/2529 2523/3028/2528 2522/3004/2509 2508/3003/2508
f 2526/3030/2530 2525/3031/2531 2523/3028/2528 2524/3029/2529
f 2527/3032/2532 2521/3026/2526 2523/3028/2528 2525/3031/2531
f 2531/3033/2533 2528/3034/2534 2525/3031/2531 2526/3030/2530
f 2529/3035/2535 2527/3032/2532 2525/3031/2531 2528/3034/2534
f 2530/3036/2536 2529/3035/2535 2528/3034/2534
f 2530/3036/2536 2528/3034/2534 2531/3033/2533 2532/3037/2537
f 2534/3038/2538 2532/3037/2537 2531/3033/2533 2533/3039/2539
f 2531/3033/2533 2526/3030/2530 2536/3040/2540 2533/3039/2539
f 2534/3038/2538 2533/3039/2539 2535/3041/2541
f 2535/3041/2541 2533/3039/2539 2536/3040/2540 2538/3042/2542
f 2538/3042/2542 2536/3040/2540 2537/3043/2543 2539/3044/2544
f 2526/3030/2530 2524/3029/2529 2537/3043/2543 2536/3040/2540
f 2538/3042/2542 2539/3044/2544 2541/3045/2545 2540/3046/2546
f 2535/3041/2541 2538/3042/2542 2540/3046/2546 2543/3047/2547
f 2540/3046/2546 2541/3045/2545 2651/3048/2548 2542/3049/2549
f 2543/3047/2547 2540/3046/2546 2542/3049/2549 2545/3050/2550
f 2534/3038/2538 2535/3041/2541 2543/3047/2547 2544/3051/2551
f 2544/3051/2551 2543/3047/2547 2545/3050/2550
f 2547/3052/2552 2544/3051/2551 2545/3050/2550 2546/3053/2553
f 2545/3050/2550 2542/3049/2549 2549/3054/2554 2546/3053/2553
f 2547/3052/2552 2546/3053/2553 2548/3055/2555
f 2548/3055/2555 2546/3053/2553 2549/3054/2554 2551/3056/2556
f 2549/3054/2554 2542/3049/2549 2651/3048/2548 2550/3057/2557
f 2551/3056/2556 2549/3054/2554 2550/3057/2557 2552/3058/2558
f 2551/3056/2556 2552/3058/2558 2554/3059/2559 2553/3060/2560
f 2548/3055/2555 2551/3056/2556 2553/3060/2560 2556/3061/2561
f 2553/3060/2560 2554/3059/2559 2658/3062/2562 2555/3063/2563
f 2556/3061/2561 2553/3060/2560 2555/3063/2563 2558/3064/2564
f 2557/3065/2565 2547/3052/2552 2548/3055/2555 2556/3061/2561
f 2559/3066/2566 2557/3065/2565 2556/3061/2561 2558/3064/2564
f 2561/3067/2567 2559/3066/2566 2558/3064/2564 2560/3068/2568
f 2560/3068/2568 2558/3064/2564 2555/3063/2563 2563/3069/2569
f 2683/3070/2570 2561/3067/2567 2560/3068/2568 2562/3071/2571
f 2560/3068/2568 2563/3069/2569 2565/3072/2572 2562/3071/2571
f 2563/3069/2569 2555/3063/2563 2658/3062/2562 2564/3073/2573
f 2563/3069/2569 2564/3073/2573 2566/3074/2574 2565/3072/2572
f 2567/3075/2575 2565/3072/2572 2566/3074/2574 2568/3076/2576
f 2570/3077/2577 2562/3071/2571 2565/3072/2572 2567/3075/2575
f 2567/3075/2575 2568/3076/2576 2581/3078/2578 2569/3079/2579
f 2570/3077/2577 2567/3075/2575 2569/3079/2579 2572/3080/2580
f 2683/3070/2570 2562/3071/2571 2570/3077/2577 2571/3081/2581
f 2571/3081/2581 2570/3077/2577 2572/3080/2580 2573/3082/2582
f 2573/3082/2582 2572/3080/2580 2574/3083/2583 2575/3084/2584
f 2574/3083/2583 2572/3080/2580 2569/3079/2579 2577/3085/2585
f 2575/3084/2584 2574/3083/2583 2576/3086/2586 2672/3087/2587
f 2576/3086/2586 2574/3083/2583 2577/3085/2585 2578/3088/2588
f 2578/3088/2588 2577/3085/2585 2579/3089/2589 2580/3090/2590
f 2577/3085/2585 2569/3079/2579 2581/3078/2578 2579/3089/2589
f 2580/3090/2590 2579/3089/2589 2582/3091/2591 2583/3092/2592
f 2579/3089/2589 2581/3078/2578 2585/3093/2593 2582/3091/2591
f 2583/3092/2592 2582/3091/2591 2584/3094/2594 2605/3095/2595
f 2584/3094/2594 2582/3091/2591 2585/3093/2593 2586/3096/2596
f 2586/3096/2596 2585/3093/2593 2587/3097/2597 2588/3098/2598
f 2585/3093/2593 2581/3078/2578 2568/3076/2576 2587/3097/2597
f 2587/3097/2597 2589/3099/2599 2591/3100/2600 2588/3098/2598
f 2568/3076/2576 2566/3074/2574 2589/3099/2599 2587/3097/2597
f 2590/3101/2601 2592/3102/2602 2591/3100/2600 2589/3099/2599
f 2564/3073/2573 2590/3101/2601 2589/3099/2599 2566/3074/2574
f 2592/3102/2602 2594/3103/2603 2593/3104/2604 2591/3100/2600
f 2588/3098/2598 2591/3100/2600 2593/3104/2604 2596/3105/2605
f 2595/3106/2606 2593/3107/2604 2594/3108/2603 2660/3109/2607
f 2595/3106/2606 2598/3110/2608 2596/3111/2605 2593/3107/2604
f 2586/3096/2596 2588/3098/2598 2596/3105/2605 2597/3112/2609
f 2597/3113/2609 2596/3111/2605 2598/3110/2608
f 2598/3110/2608 2600/3114/2610 2603/3115/2611 2597/3113/2609
f 2599/3116/2612 2600/3114/2610 2598/3110/2608
f 2599/3116/2612 2598/3110/2608 2595/3106/2606
f 2599/3116/2612 2601/3117/2613 2600/3114/2610
f 2600/3114/2610 2601/3117/2613 2604/3118/2614 2602/3119/2615
f 2600/3114/2610 2602/3119/2615 2603/3115/2611
f 2584/3094/2594 2586/3096/2596 2597/3112/2609 2603/3120/2611
f 2605/3095/2595 2584/3094/2594 2603/3120/2611 2602/3121/2615
f 2606/3122/2616 2605/3095/2595 2602/3121/2615 2604/3123/2614
f 2606/3122/2616 2607/3124/2617 2583/3092/2592 2605/3095/2595
f 2608/3125/2618 2609/3126/2619 2607/3124/2617 2606/3122/2616
f 2608/3125/2618 2606/3122/2616 2604/3123/2614 2610/3127/2620
f 2609/3126/2619 2608/3125/2618 2612/3128/2621
f 2618/3129/2622 2611/3130/2623 2608/3131/2618 2610/3132/2620
f 2611/3130/2623 2614/3133/2624 2612/3134/2621 2608/3131/2618
f 2609/3126/2619 2612/3128/2621 2518/3024/2523 2520/3023/2525
f 2612/3134/2621 2613/3135/2625 2518/3021/2523
f 2612/3134/2621 2614/3133/2624 2613/3135/2625
f 2613/3135/2625 2614/3133/2624 2615/3136/2626 2616/3137/2627
f 2615/3136/2626 2614/3133/2624 2611/3130/2623 2618/3129/2622
f 2616/3138/2627 2615/3139/2626 2617/3140/2628
f 2618/3141/2622 2617/3140/2628 2615/3139/2626
f 2610/3142/2620 2617/3140/2628 2618/3141/2622
f 2663/3143/2521 2616/3138/2627 2617/3140/2628 2619/3144/2629
f 2620/3145/2630 2619/3146/2629 2617/3147/2628
f 2601/3117/2613 2620/3145/2630 2617/3147/2628 2610/3148/2620
f 2621/3149/2631 2625/3150/2632 2619/3146/2629 2620/3145/2630
f 2599/3116/2612 2621/3149/2631 2620/3145/2630
f 2599/3116/2612 2620/3145/2630 2601/3117/2613
f 2622/3151/2633 2625/3150/2632 2621/3149/2631
f 2622/3151/2633 2621/3149/2631 2623/3152/2634
f 2621/3149/2631 2624/3153/2635 2627/3154/2636 2623/3152/2634
f 2599/3116/2612 2624/3153/2635 2621/3149/2631
f 2515/3155/2516 2625/3156/2632 2622/3157/2633 2512/3158/2517
f 2625/3156/2632 2515/3155/2516 2663/3143/2521 2619/3144/2629
f 2628/3159/2637 2631/3160/2638 2626/3161/2639 2624/3153/2635
f 2624/3153/2635 2626/3161/2639 2627/3154/2636
f 2599/3116/2612 2628/3159/2637 2624/3153/2635
f 2629/3162/2640 2662/3163/2641 2630/3164/2642 2628/3159/2637
f 2599/3116/2612 2629/3162/2640 2628/3159/2637
f 2630/3164/2642 2631/3160/2638 2628/3159/2637
f 2633/3165/2643 2631/3166/2638 2630/3167/2642 2634/3168/2644
f 2632/3169/2645 2631/3170/2638 2633/3171/2643 2636/3172/2646
f 2631/3173/2638 2632/3174/2645 2626/3175/2639
f 2633/3165/2643 2634/3168/2644 2650/3176/2647 2635/3177/2648
f 2635/3177/2648 2637/3178/2649 2633/3165/2643
f 2636/3172/2646 2633/3171/2643 2637/3179/2649 2640/3180/2650
f 2637/3179/2649 2638/3181/2651 2639/3182/2652
f 2635/3177/2648 2648/3183/2653 2638/3184/2651 2637/3178/2649
f 2637/3179/2649 2639/3182/2652 2640/3180/2650
f 2641/3185/2654 2632/3169/2645 2636/3172/2646 2640/3180/2650
f 2639/3182/2652 2642/3186/2655 2641/3185/2654 2640/3180/2650
f 2626/3175/2639 2632/3174/2645 2641/3187/2654
f 2642/3188/2655 2626/3175/2639 2641/3187/2654
f 2643/3189/2656 2627/3190/2636 2626/3175/2639 2642/3188/2655
f 2645/3191/2657 2643/3192/2656 2642/3186/2655 2639/3182/2652
f 2623/3193/2634 2627/3190/2636 2643/3189/2656 2644/3194/2518
f 2513/3017/2519 2644/3016/2518 2643/3192/2656 2645/3191/2657
f 2646/3195/2658 2513/3017/2519 2645/3191/2657
f 2638/3181/2651 2645/3191/2657 2639/3182/2652
f 2638/3181/2651 2646/3195/2658 2645/3191/2657
f 2509/3007/2512 2646/3196/2658 2647/3197/2659 2649/3008/2513
f 2647/3197/2659 2646/3196/2658 2638/3184/2651 2648/3183/2653
f 2646/3195/2658 2509/3011/2512 2513/3017/2519
f 2647/3197/2659 2648/3183/2653 2541/3045/2545 2539/3044/2544
f 2649/3008/2513 2647/3197/2659 2539/3044/2544 2537/3043/2543
f 2524/3029/2529 2508/3003/2508 2649/3008/2513 2537/3043/2543
f 2541/3045/2545 2648/3183/2653 2635/3177/2648 2651/3048/2548
f 2622/3157/2633 2623/3193/2634 2644/3194/2518 2512/3158/2517
f 2635/3177/2648 2650/3176/2647 2550/3057/2557 2651/3048/2548
f 2634/3168/2644 2653/3198/2660 2652/3199/2661 2650/3176/2647
f 2650/3176/2647 2652/3199/2661 2552/3058/2558 2550/3057/2557
f 2652/3199/2661 2653/3198/2660 2655/3200/2662 2654/3201/2663
f 2552/3058/2558 2652/3199/2661 2654/3201/2663 2554/3059/2559
f 2655/3200/2662 2657/3202/2664 2656/3203/2665 2654/3201/2663
f 2554/3059/2559 2654/3201/2663 2656/3203/2665 2658/3062/2562
f 2657/3202/2664 2592/3102/2602 2590/3101/2601 2656/3203/2665
f 2656/3203/2665 2590/3101/2601 2564/3073/2573 2658/3062/2562
f 2655/3200/2662 2661/3204/2666 2659/3205/2667 2657/3202/2664
f 2657/3202/2664 2659/3205/2667 2594/3103/2603 2592/3102/2602
f 2660/3109/2607 2659/3206/2667 2661/3207/2666 2629/3162/2640
f 2659/3206/2667 2660/3109/2607 2594/3108/2603
f 2629/3162/2640 2661/3207/2666 2662/3163/2641
f 2653/3198/2660 2662/3208/2641 2661/3204/2666 2655/3200/2662
f 2634/3168/2644 2630/3167/2642 2662/3208/2641 2653/3198/2660
f 2599/3116/2612 2595/3106/2606 2660/3109/2607
f 2599/3116/2612 2660/3109/2607 2629/3162/2640
f 2516/3018/2520 2613/3135/2625 2616/3137/2627 2663/3019/2521
f 2518/3021/2523 2613/3135/2625 2516/3018/2520
f 2604/3118/2614 2601/3117/2613 2610/3148/2620
f 2609/3126/2619 2664/3209/2668 2665/3210/2669 2607/3124/2617
f 2667/3027/2527 2664/3209/2668 2609/3126/2619 2520/3023/2525
f 2686/3211/2670 2665/3210/2669 2664/3209/2668 2666/3212/2671
f 2668/3213/2672 2666/3212/2671 2664/3209/2668 2667/3027/2527
f 2527/3032/2532 2668/3213/2672 2667/3027/2527 2521/3026/2526
f 2529/3035/2535 2669/3214/2673 2668/3213/2672 2527/3032/2532
f 2669/3214/2673 2670/3215/2674 2666/3212/2671 2668/3213/2672
f 2671/3216/2675 2670/3215/2674 2669/3214/2673
f 2530/3036/2536 2671/3216/2675 2669/3214/2673 2529/3035/2535
f 2672/3087/2587 2685/3217/2676 2670/3215/2674 2671/3216/2675
f 2676/3218/2677 2673/3219/2678 2671/3216/2675 2530/3036/2536
f 2673/3219/2678 2674/3220/2679 2672/3087/2587 2671/3216/2675
f 2675/3221/2680 2674/3220/2679 2673/3219/2678
f 2673/3219/2678 2676/3218/2677 2675/3221/2680
f 2676/3218/2677 2677/3222/2681 2675/3221/2680
f 2677/3222/2681 2676/3218/2677 2530/3036/2536 2532/3037/2537
f 2678/3223/2682 2675/3221/2680 2677/3222/2681
f 2677/3222/2681 2532/3037/2537 2534/3038/2538 2678/3223/2682
f 2679/3224/2683 2675/3221/2680 2678/3223/2682
f 2678/3223/2682 2534/3038/2538 2544/3051/2551 2679/3224/2683
f 2675/3221/2680 2679/3224/2683 2680/3225/2684
f 2679/3224/2683 2544/3051/2551 2547/3052/2552 2680/3225/2684
f 2675/3221/2680 2680/3225/2684 2681/3226/2685
f 2680/3225/2684 2547/3052/2552 2557/3065/2565 2681/3226/2685
f 2682/3227/2686 2675/3221/2680 2681/3226/2685
f 2681/3226/2685 2561/3067/2567 2683/3070/2570 2682/3227/2686
f 2681/3226/2685 2559/3066/2566 2561/3067/2567
f 2681/3226/2685 2557/3065/2565 2559/3066/2566
f 2682/3227/2686 2684/3228/2687 2675/3221/2680
f 2684/3228/2687 2682/3227/2686 2683/3070/2570 2571/3081/2581
f 2675/3221/2680 2684/3228/2687 2674/3220/2679
f 2684/3228/2687 2571/3081/2581 2573/3082/2582
f 2684/3228/2687 2573/3082/2582 2575/3084/2584
f 2674/3220/2679 2684/3228/2687 2575/3084/2584 2672/3087/2587
f 2672/3087/2587 2576/3086/2586 2685/3217/2676
f 2576/3086/2586 2578/3088/2588 2686/3211/2670 2685/3217/2676
f 2670/3215/2674 2685/3217/2676 2686/3211/2670 2666/3212/2671
f 2578/3088/2588 2580/3090/2590 2665/3210/2669 2686/3211/2670
f 2607/3124/2617 2665/3210/2669 2580/3090/2590 2583/3092/2592
o Boy01_Body_Geo.021
v 0.243541 1.914304 0.116222
v 0.243330 1.919298 0.119566
v 0.209510 1.923105 0.111140
v 0.267125 1.934030 0.098434
v 0.260736 1.927254 0.112047
v 0.270109 1.934817 0.104782
v 0.266318 1.955643 0.066648
v 0.274265 1.944119 0.093549
v 0.280602 1.943968 0.094481
v 0.273041 1.955186 0.077303
v 0.266377 1.963192 0.063019
v 0.279669 1.956356 0.078401
v 0.272728 1.967023 0.061358
v 0.287494 1.953650 0.077814
v 0.296236 1.943751 0.079161
v 0.288039 1.938831 0.096338
v 0.280115 1.965367 0.058170
v 0.288467 1.956824 0.057934
v 0.263490 1.972988 0.039190
v 0.270691 1.962195 0.037492
v 0.239028 1.973788 0.025561
v 0.258076 1.974239 0.044655
v 0.252395 1.968094 0.047988
v 0.236459 1.975981 0.033401
v 0.234104 1.969168 0.039128
v 0.213727 1.973286 0.031713
v 0.216275 1.967338 0.038138
v 0.194292 1.967985 0.042697
v 0.212478 1.969957 0.023168
v 0.218865 1.958914 0.020086
v 0.189701 1.964439 0.036435
v 0.174872 1.956199 0.058731
v 0.194536 1.954399 0.031658
v 0.203775 1.945431 0.025383
v 0.176898 1.948124 0.053805
v 0.169088 1.938916 0.078696
v 0.182346 1.941306 0.045949
v 0.169258 1.932842 0.071407
v 0.182274 1.937297 0.033265
v 0.167084 1.931457 0.061179
v 0.210109 1.938423 0.013585
v 0.169353 1.931891 0.016914
v 0.159232 1.931151 0.061408
v 0.211375 1.929572 -0.004091
v 0.126416 1.928342 0.030511
v 0.169624 1.912555 -0.018275
v 0.168296 1.881820 -0.041750
v 0.211691 1.912960 -0.025842
v 0.121870 1.905830 -0.002921
v 0.114175 1.870436 -0.021864
v 0.079060 1.893719 0.009819
v 0.076197 1.852225 0.006623
v 0.042823 1.878063 0.031270
v 0.081622 1.921645 0.035911
v 0.081568 1.937287 0.067820
v 0.102483 1.939783 0.066610
v 0.045422 1.905874 0.045164
v 0.010931 1.900880 0.074070
v 0.056304 1.928828 0.074395
v 0.071168 1.931894 0.101076
v 0.024123 1.927756 0.095959
v -0.032159 1.921691 0.130537
v 0.040697 1.932098 0.122344
v -0.013889 1.926880 0.155769
v 0.056936 1.910793 0.147629
v 0.001379 1.906391 0.180475
v 0.066100 1.864378 0.163935
v 0.087749 1.914117 0.126041
v 0.096449 1.865763 0.139053
v 0.110852 1.918858 0.110359
v 0.110099 1.934293 0.090580
v 0.092589 1.936968 0.092303
v 0.114777 1.862282 0.127097
v 0.135281 1.894461 0.107787
v 0.138947 1.922614 0.092482
v 0.147804 1.870768 0.105600
v 0.124907 1.851068 0.112340
v 0.131036 1.833517 0.099834
v 0.103548 1.813185 0.066987
v 0.116991 1.801946 0.081533
v 0.107864 1.788129 0.028734
v 0.099146 1.822169 0.093492
v 0.108457 1.815988 0.014907
v 0.116781 1.799191 -0.009256
v 0.118953 1.829866 -0.017232
v 0.092528 1.814676 0.050980
v 0.070001 1.813113 0.087622
v 0.082243 1.820510 0.018948
v 0.054597 1.815868 0.058082
v 0.020651 1.816901 0.094068
v 0.043812 1.833015 0.030718
v 0.008467 1.832991 0.073802
v -0.047861 1.834098 0.116071
v 0.004414 1.861351 0.064219
v -0.052722 1.859361 0.107136
v -0.047234 1.894916 0.111913
v -0.110545 1.855263 0.162264
v -0.130361 1.869840 0.204049
v -0.102467 1.838269 0.175791
v -0.106606 1.882730 0.153780
v -0.129803 1.893536 0.177721
v -0.090357 1.907086 0.157665
v -0.111723 1.917833 0.163809
v -0.068964 1.916490 0.171929
v -0.084900 1.932259 0.165248
v -0.048286 1.906461 0.194306
v -0.058125 1.929038 0.186363
v -0.036543 1.878951 0.214685
v -0.042805 1.908884 0.217728
v -0.041462 1.851274 0.220234
v 0.006353 1.867584 0.193710
v -0.002563 1.832818 0.184892
v 0.053231 1.827094 0.146183
v -0.017983 1.817101 0.162772
v 0.037372 1.812644 0.121267
v -0.035181 1.819808 0.135997
v -0.058970 1.834870 0.211603
v -0.065004 1.868017 0.243982
v -0.082745 1.831508 0.192545
v -0.095694 1.857567 0.236590
v -0.123041 1.855985 0.222779
v -0.099491 1.892807 0.262994
v -0.126816 1.890056 0.247897
v -0.070158 1.903793 0.267306
v -0.107643 1.926655 0.281962
v -0.135800 1.920841 0.266165
v -0.078536 1.938769 0.285759
v -0.118902 1.956048 0.300890
v -0.152377 1.948861 0.286907
v -0.088456 1.969012 0.303164
v -0.127098 1.977547 0.318727
v -0.159721 1.971403 0.302340
v -0.096986 1.992147 0.317577
v -0.128969 1.987839 0.320670
v -0.161252 1.980645 0.305821
v -0.101721 2.002229 0.317702
v -0.131104 1.998466 0.329030
v -0.164209 1.990110 0.314617
v -0.105243 2.013058 0.324939
v -0.140992 2.016965 0.345805
v -0.177954 2.007816 0.335080
v -0.155031 2.043604 0.354404
v -0.110791 2.033483 0.337855
v -0.122066 2.058610 0.342924
v -0.093767 2.049724 0.317278
v -0.101655 2.074152 0.320426
v -0.091933 2.064833 0.289311
v -0.091369 2.028638 0.307833
v -0.087050 2.018043 0.301179
v -0.091842 2.043782 0.280325
v -0.087676 2.032805 0.274889
v -0.108456 2.053362 0.251814
v -0.102816 2.041800 0.247584
v -0.135103 2.051270 0.237608
v -0.108571 2.073434 0.260980
v -0.110482 2.093277 0.269049
v -0.136812 2.070396 0.248082
v -0.138638 2.088646 0.257622
v -0.169794 2.055772 0.251208
v -0.173836 2.074722 0.261715
v -0.197411 2.033887 0.269628
v -0.163256 2.038503 0.239125
v -0.184899 2.018481 0.254697
v -0.155733 2.027582 0.233632
v -0.157600 2.022854 0.223304
v -0.128727 2.040137 0.232129
v -0.176737 2.008391 0.248572
v -0.179137 2.000696 0.242608
v -0.182989 1.988258 0.276363
v -0.181099 1.979820 0.272605
v -0.187919 1.998136 0.283607
v -0.202669 2.014198 0.303147
v -0.216239 2.041156 0.316538
v -0.194088 2.036455 0.346227
v -0.206019 2.055402 0.282169
v -0.213707 2.046232 0.315631
v -0.192463 2.042099 0.300296
v -0.194757 2.041790 0.340166
v -0.204272 2.058439 0.285834
v -0.187831 2.050567 0.283225
v -0.174780 2.075794 0.267000
v -0.169918 2.062531 0.269841
v -0.141321 2.088920 0.262874
v -0.146263 2.072160 0.266983
v -0.115123 2.093338 0.272490
v -0.126254 2.075881 0.274068
v -0.102847 2.088571 0.293239
v -0.117145 2.072543 0.289673
v -0.109149 2.076352 0.317061
v -0.096272 2.087541 0.293635
v -0.121873 2.064932 0.302530
v -0.128608 2.062550 0.336419
v -0.137372 2.053342 0.315308
v -0.159721 2.048583 0.346808
v -0.160187 2.042825 0.320563
v -0.181347 2.038557 0.315569
v -0.169797 1.957433 0.259769
v -0.152531 1.926928 0.242538
v -0.167576 1.976356 0.230657
v -0.153609 1.942831 0.215260
v -0.146357 1.998715 0.210155
v -0.136281 1.963253 0.197132
v -0.116221 2.014670 0.206433
v -0.107631 1.979923 0.193597
v -0.087533 2.017928 0.222828
v -0.127203 2.038131 0.219999
v -0.098663 2.039063 0.239000
v -0.081000 2.027368 0.272038
v -0.068021 2.005566 0.258682
v -0.079759 2.009573 0.301399
v -0.070478 1.986471 0.288279
v -0.059243 1.956694 0.271828
v -0.049588 1.923093 0.254908
v -0.057342 1.974627 0.243873
v -0.047990 1.941664 0.229138
v -0.077181 1.985629 0.209227
v -0.068049 1.954713 0.195985
v -0.096804 1.953462 0.176582
v -0.125078 1.938269 0.178118
v -0.147601 1.914141 0.198064
v -0.145120 1.896191 0.225578
v -0.044780 1.886163 0.238473
v 0.088132 1.827756 0.124583
v 0.141955 1.809333 -0.040285
v 0.188201 1.849966 -0.054239
v 0.188537 1.814058 -0.062559
v 0.241501 1.842717 -0.060540
v 0.216876 1.865340 -0.053271
v 0.241909 1.862204 -0.056308
v 0.213138 1.885378 -0.044515
v 0.242170 1.884894 -0.045590
v 0.242306 1.911826 -0.028174
v 0.271019 1.883689 -0.042347
v 0.272671 1.911177 -0.023563
v 0.306273 1.877294 -0.039849
v 0.266791 1.863893 -0.051422
v 0.292642 1.846748 -0.050875
v 0.291412 1.811287 -0.059166
v 0.357359 1.830534 -0.014622
v 0.336112 1.805454 -0.034020
v 0.370266 1.819182 0.021053
v 0.393631 1.831254 0.015293
v 0.352470 1.869810 -0.029896
v 0.342099 1.904402 -0.014030
v 0.393270 1.858336 -0.008428
v 0.435464 1.836530 0.024129
v 0.386642 1.896383 -0.013421
v 0.430686 1.884727 0.002287
v 0.396348 1.920908 0.002038
v 0.377962 1.946150 0.026657
v 0.401146 1.945878 0.017687
v 0.434880 1.909422 0.006241
v 0.340769 1.927723 0.012293
v 0.342701 1.939845 0.044121
v 0.304962 1.926811 0.020079
v 0.314713 1.929453 0.060924
v 0.290928 1.936725 0.033383
v 0.272334 1.927788 -0.001818
v 0.304474 1.907542 -0.015860
v 0.265588 1.938634 0.013506
v 0.242070 1.928123 -0.009119
v 0.237834 1.938284 0.006184
v 0.228463 1.947457 0.015078
v 0.254817 1.949429 0.020813
v 0.245815 1.962086 0.022756
v 0.279680 1.948912 0.037270
v 0.297974 1.942896 0.059939
v 0.307977 1.930251 0.062348
v 0.305214 1.928487 0.083180
v 0.316047 1.912308 0.089067
v 0.303098 1.905586 0.106181
v 0.289268 1.885454 0.121518
v 0.295579 1.925964 0.099890
v 0.314385 1.875546 0.114489
v 0.295899 1.857398 0.125237
v 0.307978 1.833361 0.123805
v 0.339754 1.874363 0.106148
v 0.325619 1.914985 0.085157
v 0.356163 1.912881 0.084760
v 0.355357 1.839412 0.099350
v 0.333013 1.821030 0.118302
v 0.309136 1.807122 0.124368
v 0.322457 1.782021 0.118355
v 0.277984 1.771566 0.125318
v 0.327475 1.749866 0.108625
v 0.359177 1.801062 0.086751
v 0.373021 1.821344 0.069386
v 0.358406 1.765013 0.074270
v 0.365327 1.783445 0.036697
v 0.353920 1.736697 0.065256
v 0.360917 1.750618 0.023720
v 0.327315 1.723542 0.097765
v 0.351244 1.705761 0.055957
v 0.356673 1.716792 0.015901
v 0.354470 1.668049 0.042110
v 0.325276 1.694028 0.086483
v 0.321661 1.661992 0.082890
v 0.286836 1.688538 0.112015
v 0.339962 1.664521 0.063064
v 0.360516 1.621793 0.033409
v 0.368454 1.621470 -0.007086
v 0.373680 1.568101 -0.002799
v 0.372432 1.567211 0.039304
v 0.329286 1.625743 0.075774
v 0.284511 1.630940 0.102257
v 0.344316 1.579977 0.078340
v 0.351259 1.521326 0.089679
v 0.289607 1.587189 0.110059
v 0.293753 1.530127 0.118568
v 0.236352 1.591362 0.127284
v 0.237478 1.537770 0.136230
v 0.181978 1.588918 0.115033
v 0.234810 1.633927 0.116529
v 0.233749 1.664877 0.114323
v 0.184843 1.632562 0.104957
v 0.184613 1.664425 0.106017
v 0.137725 1.628869 0.081527
v 0.143279 1.665603 0.082419
v 0.105406 1.625650 0.045127
v 0.124417 1.583611 0.089069
v 0.118616 1.526923 0.106634
v 0.091620 1.573708 0.051911
v 0.082888 1.504337 0.072065
v 0.085328 1.565205 0.007671
v 0.074295 1.488185 0.024945
v 0.106269 1.565580 -0.036243
v 0.094929 1.624597 0.003156
v 0.112625 1.628625 -0.033143
v 0.105818 1.677369 0.006996
v 0.115433 1.670804 0.047427
v 0.119934 1.684156 -0.030012
v 0.112944 1.722247 0.012830
v 0.118136 1.710542 0.053221
v 0.123621 1.731490 -0.024970
v 0.110102 1.757001 0.017428
v 0.114434 1.742778 0.059039
v 0.121054 1.768248 -0.019080
v 0.149472 1.776991 -0.045110
v 0.190852 1.783445 -0.064705
v 0.152148 1.740721 -0.049459
v 0.153640 1.694899 -0.051213
v 0.192221 1.750419 -0.066671
v 0.192736 1.707077 -0.068269
v 0.236759 1.752439 -0.069675
v 0.233898 1.709640 -0.071910
v 0.238731 1.784279 -0.067754
v 0.280680 1.748704 -0.065048
v 0.274720 1.705656 -0.068376
v 0.319522 1.736988 -0.047162
v 0.285928 1.781230 -0.062076
v 0.326007 1.773297 -0.040032
v 0.352640 1.763418 -0.013057
v 0.359483 1.794826 -0.001342
v 0.346727 1.726592 -0.022243
v 0.346180 1.680002 -0.031660
v 0.348645 1.624642 -0.039799
v 0.360869 1.672664 0.004951
v 0.312969 1.691960 -0.052012
v 0.312270 1.637230 -0.060700
v 0.312136 1.572886 -0.068852
v 0.268653 1.653295 -0.069528
v 0.266885 1.585504 -0.077584
v 0.231046 1.657293 -0.072501
v 0.193389 1.654564 -0.068039
v 0.227243 1.590838 -0.077549
v 0.187670 1.586799 -0.074140
v 0.224016 1.522875 -0.080317
v 0.184517 1.519250 -0.075092
v 0.221088 1.448392 -0.082272
v 0.263707 1.517954 -0.079878
v 0.305411 1.506826 -0.070016
v 0.259670 1.446409 -0.083715
v 0.256121 1.391110 -0.080961
v 0.302154 1.441989 -0.073872
v 0.297387 1.392552 -0.066684
v 0.354302 1.427485 -0.037186
v 0.348858 1.387117 -0.022025
v 0.386377 1.425598 0.017206
v 0.353488 1.493234 -0.043005
v 0.349716 1.561314 -0.047961
v 0.383803 1.483109 0.004956
v 0.381652 1.499279 0.052592
v 0.381657 1.440844 0.062645
v 0.369786 1.404334 0.069633
v 0.348267 1.463598 0.104714
v 0.291188 1.472860 0.139687
v 0.329695 1.412584 0.111840
v 0.328361 1.398839 0.123458
v 0.281966 1.408731 0.150988
v 0.282927 1.394990 0.158085
v 0.236602 1.410384 0.165154
v 0.182372 1.410112 0.146784
v 0.237482 1.477298 0.157647
v 0.228956 1.396945 0.164340
v 0.171054 1.396480 0.144650
v 0.225173 1.394554 0.169250
v 0.160670 1.397746 0.143256
v 0.287658 1.393570 0.163276
v 0.219640 1.380531 0.166461
v 0.213937 1.361208 0.158726
v 0.150835 1.388780 0.134995
v 0.289885 1.379245 0.163140
v 0.345712 1.389200 0.123808
v 0.298182 1.370030 0.152958
v 0.347180 1.375826 0.118977
v 0.295917 1.363435 0.144963
v 0.341029 1.368005 0.116137
v 0.214157 1.362751 0.149706
v 0.140015 1.387705 0.114110
v 0.147434 1.377390 0.129056
v 0.113233 1.370023 0.091636
v 0.108924 1.376231 0.090495
v 0.098777 1.350065 0.070999
v 0.091664 1.355131 0.067146
v 0.097377 1.328049 0.049610
v 0.088399 1.333501 0.044897
v 0.122298 1.316569 0.013794
v 0.116317 1.322600 0.005813
v 0.158916 1.314403 -0.026823
v 0.154938 1.321610 -0.038790
v 0.195027 1.316909 -0.053028
v 0.192698 1.322498 -0.063091
v 0.227240 1.315679 -0.058087
v 0.226733 1.321434 -0.068312
v 0.258334 1.316079 -0.050567
v 0.292804 1.317381 -0.027244
v 0.260061 1.322361 -0.061722
v 0.260356 1.339209 -0.076870
v 0.298906 1.325849 -0.040458
v 0.298082 1.341187 -0.051427
v 0.335425 1.325502 0.004453
v 0.343684 1.342921 -0.006601
v 0.360413 1.341606 0.040599
v 0.328725 1.320444 0.011832
v 0.352465 1.336968 0.047364
v 0.359301 1.360462 0.078070
v 0.366475 1.366527 0.077247
v 0.370413 1.379081 0.073683
v 0.368863 1.355431 0.035896
v 0.367075 1.387995 0.068895
v 0.360581 1.388531 0.070018
v 0.366456 1.364733 0.030893
v 0.338678 1.400694 0.124047
v 0.362301 1.368656 0.031527
v 0.339234 1.354964 -0.012682
v 0.332759 1.359486 -0.012418
v 0.293917 1.356627 -0.058779
v 0.290097 1.363711 -0.057233
v 0.257791 1.356354 -0.083584
v 0.223309 1.357844 -0.088404
v 0.255231 1.362171 -0.079124
v 0.222550 1.364564 -0.083844
v 0.221059 1.392668 -0.082912
v 0.190255 1.364360 -0.078518
v 0.186341 1.391583 -0.077512
v 0.155940 1.361408 -0.054085
v 0.189594 1.357147 -0.082660
v 0.154190 1.352720 -0.055698
v 0.190558 1.338903 -0.075993
v 0.225112 1.338539 -0.081963
v 0.153157 1.336200 -0.049287
v 0.111737 1.339554 -0.004845
v 0.083041 1.347255 0.038256
v 0.114135 1.353158 -0.009115
v 0.118286 1.358107 -0.007478
v 0.087199 1.356107 0.033854
v 0.094381 1.358411 0.034286
v 0.089404 1.374722 0.063043
v 0.096561 1.375862 0.062538
v 0.112984 1.394848 0.095539
v 0.086573 1.366003 0.065815
v 0.108474 1.385897 0.092478
v 0.120963 1.394995 0.101546
v 0.126652 1.410465 0.108909
v 0.118823 1.464953 0.117015
v 0.085913 1.400926 0.074398
v 0.078750 1.389121 0.037566
v 0.080904 1.442515 0.079384
v 0.070513 1.429437 0.035960
v 0.095822 1.432731 -0.021302
v 0.103957 1.390977 -0.014035
v 0.142428 1.445042 -0.063378
v 0.098531 1.497725 -0.026839
v 0.143770 1.509580 -0.059967
v 0.142723 1.575730 -0.061248
v 0.149068 1.639958 -0.056855
v 0.147151 1.396239 -0.061654
v 0.182354 1.448526 -0.079539
v 0.181623 1.473514 0.143929
v 0.179648 1.531921 0.125728
v 0.377730 1.390353 0.027556
v 0.240262 1.813493 -0.065069
v 0.111498 1.771289 0.066499
v 0.138380 1.728158 0.092756
v 0.138314 1.755133 0.102346
v 0.176694 1.716411 0.115379
v 0.142272 1.699162 0.086497
v 0.178785 1.690510 0.110859
v 0.232736 1.689506 0.118811
v 0.231892 1.713016 0.122579
v 0.231949 1.740255 0.123754
v 0.287460 1.713643 0.118236
v 0.283545 1.740804 0.124151
v 0.180545 1.743670 0.120722
v 0.232519 1.770339 0.125025
v 0.187302 1.774196 0.121969
v 0.233390 1.803726 0.127630
v 0.189003 1.810606 0.124641
v 0.234261 1.836295 0.129623
v 0.278201 1.808018 0.127967
v 0.268622 1.841355 0.129534
v 0.267715 1.872386 0.128368
v 0.267504 1.895852 0.125825
v 0.240486 1.866803 0.131536
v 0.212589 1.870856 0.130004
v 0.244373 1.889365 0.131051
v 0.219837 1.891345 0.130990
v 0.245949 1.905925 0.129130
v 0.223822 1.906231 0.129819
v 0.245096 1.915714 0.124469
v 0.265833 1.912769 0.122236
v 0.280456 1.923514 0.112253
v 0.262862 1.922793 0.117201
v 0.274796 1.931959 0.108136
v 0.285058 1.907720 0.116355
v 0.224664 1.915557 0.125620
v 0.207705 1.919243 0.122920
v 0.222811 1.920060 0.120405
v 0.209290 1.923272 0.118189
v 0.197972 1.929658 0.110374
v 0.193052 1.927378 0.113786
v 0.188528 1.939177 0.095937
v 0.189740 1.941103 0.083518
v 0.185552 1.947878 0.080843
v 0.182976 1.938027 0.099715
v 0.178174 1.949116 0.082213
v 0.177063 1.932729 0.102169
v 0.188623 1.921117 0.116932
v 0.172802 1.925235 0.100627
v 0.171206 1.944736 0.082182
v 0.168781 1.917570 0.095474
v 0.183644 1.911674 0.116418
v 0.198725 1.899555 0.125707
v 0.176121 1.899652 0.112409
v 0.189373 1.883055 0.124063
v 0.164093 1.878635 0.108023
v 0.174445 1.860918 0.120710
v 0.161978 1.912440 0.087698
v 0.161138 1.837617 0.118321
v 0.158423 1.811495 0.118762
v 0.143551 1.823839 0.111650
v 0.144140 1.787193 0.111753
v 0.157101 1.912403 0.088454
v 0.200351 1.843335 0.126995
v 0.204173 1.911640 0.126025
v 0.181233 1.959679 0.061601
v 0.189532 1.956187 0.061850
v 0.193433 1.950975 0.056068
v 0.200994 1.962895 0.046435
v 0.204696 1.957104 0.042674
v 0.217106 1.960853 0.036359
v 0.231476 1.962163 0.036755
v 0.248604 1.961296 0.043861
v 0.283145 1.662806 0.105095
v 0.367787 1.876511 0.093943
v 0.383233 1.851411 0.086748
v 0.377325 1.903817 0.096140
v 0.398220 1.874069 0.108607
v 0.388810 1.832945 0.051502
v 0.413032 1.845227 0.079821
v 0.448601 1.856552 0.107572
v 0.425310 1.831547 0.050046
v 0.462557 1.847986 0.079844
v 0.520927 1.863900 0.111123
v 0.472858 1.853064 0.052752
v 0.531031 1.869426 0.083619
v 0.477700 1.873757 0.030219
v 0.535117 1.889144 0.063776
v 0.470584 1.915040 0.024495
v 0.459882 1.949328 0.033841
v 0.531145 1.924668 0.053304
v 0.517270 1.958637 0.061396
v 0.587897 1.924168 0.083837
v 0.591944 1.889943 0.099505
v 0.620719 1.932525 0.102532
v 0.572177 1.964658 0.088395
v 0.601176 1.973775 0.098524
v 0.554538 1.986164 0.107792
v 0.581304 1.996800 0.113257
v 0.543001 1.983266 0.136392
v 0.501850 1.975504 0.084400
v 0.446098 1.965144 0.057231
v 0.489497 1.967766 0.117248
v 0.432389 1.957366 0.090472
v 0.486079 1.937487 0.146529
v 0.424824 1.923201 0.125012
v 0.493988 1.899350 0.153738
v 0.539797 1.957958 0.165540
v 0.562897 1.977796 0.173608
v 0.543043 1.926977 0.178769
v 0.565822 1.951034 0.193747
v 0.556263 1.899837 0.169166
v 0.580059 1.922417 0.191618
v 0.573372 1.884472 0.145716
v 0.506824 1.873714 0.138943
v 0.598583 1.904181 0.171766
v 0.588045 1.876715 0.120216
v 0.614272 1.897084 0.146735
v 0.625048 1.902346 0.121546
v 0.639602 1.916289 0.167028
v 0.623637 1.923615 0.191898
v 0.647908 1.924064 0.140663
v 0.667274 1.934617 0.181721
v 0.675130 1.941352 0.154857
v 0.650425 1.944575 0.208038
v 0.699195 1.948791 0.195167
v 0.678948 1.961725 0.223834
v 0.710351 1.953221 0.164239
v 0.723117 1.958719 0.207772
v 0.700536 1.974278 0.238448
v 0.733717 1.965581 0.174544
v 0.729373 1.965852 0.211478
v 0.707280 1.981735 0.240840
v 0.740367 1.971204 0.178315
v 0.740686 1.972438 0.218936
v 0.752847 1.977921 0.182956
v 0.717936 1.988699 0.248818
v 0.769285 1.983943 0.230253
v 0.795779 2.012221 0.234759
v 0.779981 1.989132 0.190725
v 0.744370 2.000688 0.262678
v 0.769779 2.024359 0.268381
v 0.718381 2.023144 0.275126
v 0.739033 2.040969 0.279967
v 0.698439 2.048716 0.267506
v 0.696848 2.012002 0.261732
v 0.685343 2.007089 0.254662
v 0.682363 2.037499 0.256128
v 0.670950 2.032932 0.250322
v 0.676447 2.060780 0.233843
v 0.666633 2.054751 0.229742
v 0.682876 2.073103 0.201665
v 0.688585 2.071547 0.243836
v 0.694513 2.082757 0.211716
v 0.697156 2.079238 0.250596
v 0.700432 2.087598 0.222625
v 0.712314 2.060940 0.271930
v 0.702734 2.079644 0.247593
v 0.705813 2.086814 0.223521
v 0.717725 2.056461 0.233931
v 0.716789 2.062940 0.265722
v 0.727518 2.048911 0.242352
v 0.741954 2.044204 0.272497
v 0.745548 2.039484 0.243898
v 0.770581 2.027847 0.260469
v 0.764284 2.031214 0.232462
v 0.793991 2.017056 0.230273
v 0.776246 2.027569 0.215873
v 0.801001 2.023314 0.198277
v 0.778445 2.031651 0.199147
v 0.785400 2.043844 0.179912
v 0.803247 2.018319 0.197168
v 0.785654 2.041724 0.175609
v 0.770387 2.017716 0.168608
v 0.752207 2.066059 0.180933
v 0.742755 2.050391 0.170671
v 0.719466 2.082020 0.198602
v 0.755174 2.066057 0.185054
v 0.750457 2.051386 0.191423
v 0.724252 2.081522 0.202020
v 0.730408 2.059054 0.203914
v 0.718161 2.060682 0.219288
v 0.768952 2.041286 0.189174
v 0.713840 2.075153 0.186510
v 0.700616 2.065130 0.175797
v 0.688509 2.058695 0.173135
v 0.724569 2.038851 0.162008
v 0.710680 2.033815 0.158275
v 0.745742 2.004735 0.162266
v 0.731179 1.998969 0.160182
v 0.727660 1.993624 0.152542
v 0.706678 2.033477 0.145682
v 0.703876 1.980488 0.143904
v 0.685564 2.016118 0.138773
v 0.671160 1.965042 0.132973
v 0.655557 1.997305 0.126916
v 0.644602 1.950549 0.116892
v 0.627611 1.987322 0.109574
v 0.607288 2.012496 0.122178
v 0.591616 2.014890 0.151768
v 0.635288 2.023471 0.138299
v 0.618226 2.032216 0.167119
v 0.661690 2.046897 0.151878
v 0.642790 2.057787 0.179576
v 0.682724 2.060490 0.162173
v 0.664930 2.067638 0.193529
v 0.657907 2.053652 0.229540
v 0.672230 2.066099 0.199814
v 0.661315 2.029399 0.252749
v 0.634870 2.042724 0.219333
v 0.641306 2.013333 0.241693
v 0.609479 2.019226 0.204334
v 0.614417 1.993546 0.225897
v 0.584575 1.997153 0.187978
v 0.588936 1.971338 0.209680
v 0.604015 1.943825 0.210140
v 0.630408 1.965297 0.226623
v 0.657125 1.984517 0.243088
v 0.677755 1.999876 0.255529
v 0.567323 1.997624 0.142221
v 0.435363 1.881147 0.125185
v 0.391416 1.913937 0.106428
v 0.399752 1.952646 0.072241
v 0.414050 1.956591 0.042682
v 0.377084 1.947895 0.061935
v 0.393147 1.955634 0.039026
v 0.375460 1.949720 0.047046
v 0.345564 1.934049 0.068274
v 0.426613 1.942026 0.019060
v 0.129117 1.936576 0.060480
vn -0.6546 0.7056 0.2714
vn -0.2372 0.9320 -0.2740
vn -0.1429 0.9718 0.1878
vn -0.4097 0.8739 0.2615
vn 0.4167 0.9083 0.0360
vn 0.1465 0.9795 0.1382
vn -0.2102 0.7983 0.5643
vn -0.4423 0.7203 0.5343
vn -0.4768 0.7057 0.5241
vn -0.7273 0.3848 0.5683
vn 0.1801 0.7479 0.6390
vn 0.1343 0.8366 0.5311
vn 0.1803 0.6423 0.7449
vn 0.0647 0.9096 0.4104
vn -0.5356 0.5316 0.6562
vn 0.6074 0.7924 -0.0563
vn 0.5843 0.7290 0.3567
vn 0.5274 0.5902 0.6112
vn 0.7710 0.5776 0.2683
vn 0.7832 0.5808 -0.2220
vn 0.6302 0.4602 0.6254
vn 0.5976 0.4782 -0.6436
vn 0.4641 0.7451 -0.4790
vn -0.0180 0.9595 0.2810
vn 0.2768 0.3809 -0.8822
vn 0.1619 0.6364 -0.7542
vn -0.0934 0.9817 0.1657
vn -0.5022 0.4524 0.7370
vn -0.2723 0.3705 0.8880
vn -0.1665 0.9820 0.0891
vn 0.1122 0.4425 0.8897
vn -0.2986 0.4918 -0.8179
vn 0.4595 0.5122 0.7256
vn -0.1969 0.9622 0.1884
vn -0.6978 0.4115 -0.5863
vn -0.2035 0.2058 -0.9572
vn -0.6333 0.0172 -0.7737
vn -0.2057 0.9240 0.3223
vn -0.8809 0.4269 -0.2042
vn -0.8813 0.0316 -0.4715
vn -0.0993 0.5239 -0.8460
vn -0.5023 0.4516 -0.7375
vn -0.7754 0.4431 -0.4499
vn -0.9881 0.1538 -0.0074
vn -0.8431 0.4709 0.2596
vn -0.9297 0.3682 0.0054
vn -0.3177 0.9130 -0.2559
vn -0.4096 0.9010 0.1428
vn -0.2179 0.8402 -0.4965
vn 0.0460 0.9812 0.1874
vn -0.1683 0.9119 -0.3742
vn -0.1258 0.8515 -0.5091
vn -0.1672 0.8904 -0.4233
vn 0.1031 0.9932 -0.0547
vn -0.0996 0.6942 -0.7129
vn -0.2217 0.7152 -0.6628
vn -0.3550 0.6543 -0.6677
vn -0.2850 0.3331 -0.8988
vn -0.4924 0.1624 -0.8551
vn -0.0817 0.4903 -0.8677
vn -0.5642 -0.0961 -0.8201
vn -0.4901 0.4693 -0.7346
vn -0.3143 0.7457 -0.5874
vn -0.5802 -0.4145 -0.7011
vn -0.6372 0.2321 -0.7349
vn -0.5375 0.5628 -0.6280
vn -0.2493 0.9429 -0.2210
vn -0.3213 0.8867 -0.3324
vn 0.0339 0.9873 -0.1555
vn -0.5525 0.4992 -0.6674
vn -0.3107 0.8809 -0.3571
vn -0.6446 0.0403 -0.7634
vn 0.0531 0.9614 0.2702
vn -0.0317 0.9437 0.3293
vn 0.0993 0.9652 0.2420
vn 0.0029 0.9626 0.2710
vn -0.3629 0.8530 -0.3752
vn -0.5589 0.4104 -0.7206
vn 0.3126 0.6189 0.7206
vn 0.4203 0.5740 0.7027
vn 0.4366 0.5562 0.7072
vn 0.4747 0.0717 0.8772
vn 0.5328 -0.0322 0.8456
vn 0.6327 -0.0307 0.7738
vn 0.3782 0.4987 0.7799
vn 0.6415 -0.0872 0.7621
vn 0.3667 0.6869 0.6274
vn 0.2521 0.8741 0.4153
vn 0.4703 0.2136 0.8563
vn 0.4135 -0.3387 0.8451
vn 0.1411 0.6012 0.7866
vn 0.0140 0.1403 0.9900
vn -0.5569 -0.1415 0.8185
vn -0.6308 -0.7261 0.2735
vn -0.7942 -0.1543 0.5878
vn 0.3430 -0.8567 0.3852
vn -0.9952 -0.0667 -0.0717
vn -0.9201 -0.1381 0.3664
vn -0.7358 -0.5945 -0.3243
vn -0.8943 -0.0256 -0.4466
vn -0.0943 -0.9950 -0.0343
vn -0.6531 -0.0956 -0.7512
vn -0.5691 0.1243 -0.8128
vn -0.3567 -0.7776 -0.5178
vn 0.4941 -0.7110 0.5004
vn 0.1128 -0.9903 0.0808
vn -0.2484 -0.9268 -0.2817
vn -0.2345 -0.9449 -0.2285
vn -0.5412 -0.5843 -0.6048
vn 0.0789 -0.9836 0.1622
vn -0.5026 -0.6850 -0.5274
vn -0.6317 -0.0961 -0.7692
vn -0.2470 -0.9596 -0.1352
vn -0.5828 -0.7992 -0.1470
vn -0.7853 -0.3196 -0.5303
vn -0.6747 0.1128 -0.7294
vn -0.8835 -0.4394 -0.1622
vn -0.7997 -0.1126 -0.5897
vn -0.5917 -0.7180 0.3666
vn -0.3893 0.2184 -0.8949
vn -0.3172 0.5155 -0.7961
vn 0.2615 0.4097 -0.8739
vn 0.3069 0.8250 -0.4746
vn 0.7762 0.3514 -0.5235
vn 0.7436 0.6380 0.2001
vn 0.9766 0.1984 -0.0831
vn 0.7945 0.1779 0.5806
vn 0.8264 -0.1768 0.5347
vn 0.4955 -0.4371 0.7506
vn 0.3747 -0.6044 0.7031
vn 0.3862 -0.6945 0.6070
vn 0.0336 -0.9647 0.2613
vn 0.0362 -0.8426 0.5373
vn -0.2627 -0.9372 0.2292
vn -0.1819 -0.7390 0.6487
vn 0.2336 -0.5846 0.7769
vn -0.1346 -0.5527 0.8224
vn 0.3597 -0.4118 0.8373
vn -0.5651 -0.5487 0.6161
vn -0.0938 -0.5425 0.8348
vn -0.5243 -0.5961 0.6081
vn 0.4043 -0.3504 0.8448
vn -0.0393 -0.5809 0.8130
vn -0.5128 -0.6432 0.5686
vn 0.4494 -0.3495 0.8221
vn -0.0395 -0.5029 0.8634
vn -0.5246 -0.5643 0.6375
vn 0.4462 -0.2389 0.8625
vn -0.0296 -0.4302 0.9022
vn -0.5580 -0.5264 0.6415
vn 0.4824 -0.1000 0.8702
vn 0.1442 -0.6260 0.7663
vn -0.3820 -0.7729 0.5066
vn 0.6132 -0.3219 0.7213
vn -0.4064 -0.6595 0.6324
vn 0.1154 -0.4484 0.8863
vn 0.5676 -0.1355 0.8121
vn -0.5633 -0.3704 0.7386
vn -0.0055 -0.0621 0.9981
vn 0.3971 0.2567 0.8812
vn 0.9011 0.0749 0.4271
vn 0.7467 0.3948 0.5353
vn 0.9399 0.0005 0.3414
vn 0.9713 0.1882 -0.1457
vn 0.9037 0.4217 -0.0738
vn 0.9557 0.2305 -0.1831
vn 0.8166 0.5771 0.0132
vn 0.8144 0.3259 0.4802
vn 0.5595 0.7481 -0.3567
vn 0.6374 0.4141 -0.6498
vn 0.6551 0.3433 -0.6730
vn -0.0303 0.7773 -0.6284
vn 0.0123 0.4615 -0.8870
vn 0.0101 0.4563 -0.8898
vn 0.6130 0.4918 -0.6183
vn -0.0050 0.5344 -0.8452
vn -0.4995 0.3267 -0.8024
vn -0.4846 0.3942 -0.7808
vn -0.4803 0.2711 -0.8342
vn -0.8499 0.0297 -0.5260
vn -0.8357 -0.0753 -0.5440
vn -0.7993 -0.1008 -0.5924
vn -0.8776 0.0850 -0.4718
vn -0.5520 0.4937 -0.6720
vn -0.8858 -0.0196 -0.4637
vn -0.5807 0.3535 -0.7334
vn -0.0316 0.6660 -0.7453
vn -0.9204 -0.3816 0.0849
vn -0.9308 -0.3544 0.0891
vn -0.8098 -0.5852 -0.0414
vn -0.8288 -0.5568 0.0558
vn -0.9244 -0.3610 0.1231
vn -0.0525 0.9741 0.2200
vn -0.1608 0.9736 0.1619
vn 0.0694 0.8727 0.4833
vn 0.3653 0.8929 0.2633
vn 0.4172 0.5502 0.7233
vn 0.0370 0.9944 -0.0994
vn 0.2205 0.3127 0.9239
vn -0.0830 0.6633 0.7437
vn -0.1097 0.2629 0.9586
vn -0.3310 0.6628 0.6717
vn -0.5246 0.4071 0.7477
vn -0.4554 0.7406 0.4940
vn -0.7391 0.5909 0.3234
vn -0.4653 0.8058 0.3663
vn -0.6811 0.7321 0.0094
vn -0.4595 0.8583 0.2283
vn -0.5266 0.8384 -0.1406
vn -0.3997 0.9031 0.1571
vn -0.2942 0.9343 -0.2014
vn -0.2932 0.9473 0.1291
vn -0.8797 -0.4743 0.0351
vn -0.8503 -0.1425 -0.5066
vn -0.8963 -0.4271 0.1190
vn -0.8993 -0.0835 -0.4293
vn -0.5096 0.1834 -0.8406
vn -0.5715 0.2203 -0.7905
vn 0.0663 0.4532 -0.8889
vn 0.0417 0.4422 -0.8960
vn 0.6510 0.5412 -0.5322
vn 0.6731 0.4682 -0.5725
vn 0.5704 0.7244 -0.3872
vn 0.8375 0.5460 0.0226
vn 0.9075 0.4154 -0.0628
vn 0.8344 0.2150 0.5076
vn 0.8820 0.0881 0.4629
vn 0.8820 0.0320 0.4701
vn 0.9353 0.3383 -0.1034
vn 0.8832 -0.0514 0.4661
vn 0.9521 0.2824 -0.1171
vn 0.7020 0.4714 -0.5338
vn 0.0915 0.5210 -0.8486
vn -0.5480 0.2711 -0.7913
vn -0.8985 -0.1011 -0.4272
vn -0.9139 -0.3952 0.0929
vn -0.2685 0.1493 -0.9516
vn -0.2512 0.1827 -0.9505
vn 0.0357 0.1417 -0.9893
vn 0.0398 0.1906 -0.9809
vn 0.0432 0.2986 -0.9534
vn -0.0822 0.3077 -0.9479
vn 0.0468 0.4961 -0.8670
vn 0.0473 0.6551 -0.7540
vn 0.1663 0.4855 -0.8583
vn 0.2008 0.6880 -0.6974
vn 0.1598 0.2991 -0.9407
vn 0.1663 0.7152 -0.6789
vn 0.2494 0.3165 -0.9152
vn 0.2958 0.1385 -0.9451
vn 0.3287 0.1199 -0.9368
vn 0.6394 -0.2031 -0.7416
vn 0.6165 0.0671 -0.7845
vn 0.3455 0.0915 -0.9339
vn 0.8064 -0.5570 -0.1985
vn 0.9119 -0.1018 -0.3975
vn 0.3240 -0.8724 -0.3659
vn 0.3443 -0.9095 0.2329
vn 0.3980 -0.2677 -0.8774
vn 0.1158 0.6170 -0.7784
vn 0.2442 0.3216 -0.9148
vn 0.4273 -0.6899 -0.5843
vn 0.1732 -0.9828 0.0649
vn 0.4319 -0.0593 -0.9000
vn 0.0677 0.4758 -0.8769
vn 0.3427 0.2154 -0.9144
vn -0.1165 0.8160 -0.5661
vn -0.2742 0.8294 -0.4867
vn -0.2829 0.9482 -0.1448
vn -0.0251 0.7065 -0.7073
vn 0.1748 0.5975 -0.7826
vn 0.1168 0.9107 -0.3962
vn -0.0491 0.9799 0.1936
vn 0.4559 0.8255 -0.3329
vn 0.5204 0.8497 0.0848
vn 0.2380 0.8285 -0.5068
vn 0.2744 0.8165 -0.5080
vn 0.0448 0.8097 -0.5852
vn 0.0177 0.8021 -0.5970
vn 0.3060 0.5806 -0.7545
vn 0.5929 0.5948 -0.5428
vn 0.7690 0.6148 -0.1754
vn 0.7402 0.5628 0.3678
vn 0.3992 0.5923 0.6998
vn 0.5337 0.4219 0.7329
vn 0.3387 0.3189 0.8852
vn 0.3086 0.2335 0.9221
vn 0.2344 0.1053 0.9664
vn 0.4123 0.3080 0.8574
vn 0.2334 0.0864 0.9685
vn 0.3201 0.2853 0.9034
vn 0.0851 0.6735 0.7343
vn 0.5397 -0.0272 0.8414
vn -0.0431 0.4809 0.8757
vn -0.1704 0.8284 0.5336
vn 0.6986 -0.0547 0.7134
vn 0.1808 0.0069 0.9835
vn 0.1701 -0.0735 0.9827
vn 0.4824 -0.1444 0.8639
vn 0.8341 -0.1592 0.5282
vn 0.0974 -0.0822 0.9918
vn 0.0656 -0.0611 0.9960
vn 0.1795 -0.1352 0.9744
vn 0.5735 -0.2060 0.7929
vn 0.8883 -0.2010 0.4129
vn 0.8586 -0.4023 0.3177
vn 0.9868 -0.1604 -0.0214
vn 0.9117 -0.2163 0.3492
vn 0.9904 -0.1199 -0.0691
vn 0.6462 -0.2691 0.7142
vn 0.9220 -0.1200 0.3682
vn 0.9978 -0.0093 -0.0660
vn 0.6599 -0.2225 0.7177
vn 0.9477 0.0203 0.3187
vn 0.9897 0.1087 -0.0932
vn 0.7897 -0.0624 0.6103
vn 0.6091 -0.1073 0.7858
vn 0.3265 -0.2363 0.9152
vn 0.3466 -0.1251 0.9296
vn 0.2801 -0.2229 0.9338
vn 0.9071 0.1488 0.3939
vn 0.6614 0.1230 0.7399
vn 0.9652 0.1178 -0.2336
vn 0.9540 0.0981 -0.2833
vn 0.9303 0.1970 0.3094
vn 0.6670 0.2172 0.7127
vn 0.3960 0.1021 0.9126
vn 0.4097 0.1884 0.8926
vn 0.6604 0.1975 0.7244
vn 0.9411 0.1240 0.3146
vn 0.4188 0.2288 0.8788
vn 0.0568 0.2471 0.9673
vn 0.0491 0.1947 0.9796
vn 0.0286 0.1269 0.9915
vn -0.3100 0.2187 0.9252
vn -0.2963 0.2352 0.9257
vn -0.3390 0.1356 0.9310
vn 0.0056 -0.1049 0.9945
vn -0.3353 -0.0886 0.9379
vn -0.6051 0.1845 0.7745
vn -0.6521 -0.0236 0.7577
vn -0.5819 0.2652 0.7688
vn -0.8803 0.2201 0.4203
vn -0.8962 0.0913 0.4341
vn -0.8972 0.2347 0.3742
vn -0.5520 0.2231 0.8034
vn -0.8901 0.1574 0.4278
vn -0.9782 0.1302 -0.1620
vn -0.9866 0.0652 -0.1495
vn -0.9766 0.1799 -0.1177
vn -0.7649 0.0505 -0.6421
vn -0.7916 0.0090 -0.6110
vn -0.7677 0.1370 -0.6260
vn -0.9859 0.1591 -0.0526
vn -0.7896 0.1468 -0.5958
vn -0.9287 -0.0687 0.3644
vn -0.9970 0.0332 -0.0695
vn -0.8317 0.0737 -0.5503
vn -0.9920 -0.0618 -0.1101
vn -0.9404 -0.1597 0.3002
vn -0.8586 0.0105 -0.5126
vn -0.5623 0.0418 -0.8259
vn -0.5253 0.0573 -0.8490
vn -0.2503 0.0577 -0.9665
vn -0.2511 0.0520 -0.9666
vn -0.4718 0.0819 -0.8779
vn -0.2409 0.0431 -0.9696
vn 0.0181 0.0587 -0.9981
vn 0.0007 0.0354 -0.9994
vn 0.0291 0.0708 -0.9971
vn 0.2381 0.0484 -0.9700
vn 0.2833 0.0523 -0.9576
vn 0.3047 0.0493 -0.9512
vn 0.5476 0.0535 -0.8350
vn 0.4661 0.0873 -0.8804
vn 0.6031 0.0187 -0.7974
vn 0.8800 -0.0380 -0.4735
vn 0.8456 0.0491 -0.5315
vn 0.7784 0.1350 -0.6131
vn 0.7292 0.1221 -0.6734
vn 0.3952 0.1197 -0.9108
vn 0.1773 0.0844 -0.9805
vn 0.7126 0.0410 -0.7004
vn 0.3687 0.0510 -0.9282
vn 0.1328 0.0689 -0.9887
vn -0.0398 0.0692 -0.9968
vn -0.0190 0.0617 -0.9979
vn -0.2121 0.0623 -0.9753
vn -0.2152 0.0782 -0.9734
vn -0.2285 0.0372 -0.9728
vn -0.0532 0.0427 -0.9977
vn 0.1167 0.0337 -0.9926
vn -0.2492 0.0120 -0.9684
vn -0.0557 0.0144 -0.9983
vn 0.1302 -0.0089 -0.9914
vn 0.4264 -0.0810 -0.9009
vn 0.3833 0.0003 -0.9236
vn 0.1979 -0.0993 -0.9752
vn -0.0468 -0.0098 -0.9989
vn 0.4791 -0.2788 -0.8323
vn 0.6934 -0.3996 -0.5996
vn 0.7092 -0.1546 -0.6879
vn 0.7193 -0.0105 -0.6947
vn 0.9618 -0.1401 -0.2353
vn 0.8996 -0.4162 -0.1325
vn 0.9607 0.0276 -0.2762
vn 0.9078 -0.0424 0.4172
vn 0.6562 0.0710 0.7513
vn 0.6653 -0.0511 0.7448
vn 0.8200 -0.2196 0.5286
vn 0.4393 0.1696 0.8822
vn 0.4288 0.1280 0.8943
vn 0.4460 0.7538 0.4826
vn 0.9160 0.3980 0.0498
vn 0.2613 0.6740 0.6910
vn 0.0101 0.0901 0.9959
vn -0.0949 0.5284 0.8436
vn 0.0332 0.2152 0.9760
vn -0.4021 0.6118 0.6812
vn -0.4187 -0.0065 0.9081
vn -0.3390 0.1353 0.9310
vn -0.1466 0.2851 0.9472
vn -0.3668 0.5504 0.7500
vn 0.3095 0.4211 0.8526
vn -0.5982 -0.0903 0.7962
vn -0.1863 -0.3076 0.9331
vn 0.2778 -0.2459 0.9287
vn -0.1507 -0.7756 0.6130
vn 0.3576 -0.5852 0.7278
vn -0.4679 -0.7923 0.3914
vn 0.4936 0.7592 0.4242
vn 0.7726 0.0941 0.6278
vn 0.7040 -0.3485 0.6188
vn 0.2580 -0.8610 0.4382
vn 0.5279 -0.6797 0.5092
vn -0.0005 -0.9929 -0.1192
vn 0.4199 -0.8236 -0.3813
vn -0.6235 -0.3506 0.6988
vn -0.0749 -0.9330 0.3519
vn -0.7845 -0.3048 0.5400
vn -0.6346 -0.4098 0.6552
vn -0.8189 -0.5739 0.0071
vn -0.6338 -0.7481 0.1965
vn -0.6341 -0.6516 -0.4163
vn -0.4901 -0.8429 -0.2222
vn -0.4981 -0.6591 -0.5634
vn -0.3763 -0.8500 -0.3687
vn -0.2651 -0.6972 -0.6661
vn -0.1930 -0.8730 -0.4479
vn 0.0058 -0.7222 -0.6916
vn 0.0154 -0.8765 -0.4812
vn 0.2435 -0.8635 -0.4417
vn 0.2975 -0.6944 -0.6552
vn 0.3735 -0.8595 -0.3491
vn 0.5188 -0.6533 -0.5514
vn -0.0071 -0.4917 -0.8708
vn 0.3546 -0.4423 -0.8238
vn 0.6189 -0.3574 -0.6994
vn 0.6425 -0.6959 -0.3208
vn 0.7696 -0.3518 -0.5329
vn 0.4896 -0.8592 -0.1486
vn 0.9373 -0.2703 -0.2201
vn 0.7813 -0.6237 -0.0234
vn 0.6135 -0.7710 0.1709
vn 0.8582 -0.3886 0.3355
vn 0.6361 -0.6702 0.3823
vn 0.9775 0.0548 0.2039
vn 0.7226 0.6722 -0.1611
vn 0.8465 0.2866 -0.4487
vn 0.9264 -0.1585 -0.3414
vn 0.7235 0.1179 -0.6802
vn 0.7544 -0.2053 -0.6235
vn 0.6423 0.0595 -0.7641
vn 0.5930 -0.1256 -0.7953
vn 0.3531 -0.0571 -0.9339
vn 0.3058 0.0593 -0.9502
vn -0.0172 -0.0831 -0.9964
vn -0.0211 0.1302 -0.9913
vn -0.3812 0.0295 -0.9240
vn -0.2892 -0.0730 -0.9545
vn -0.3866 -0.1157 -0.9150
vn -0.6983 -0.1331 -0.7033
vn -0.5766 -0.1987 -0.7925
vn -0.7042 -0.0667 -0.7069
vn -0.3409 -0.4639 -0.8177
vn -0.6284 -0.3866 -0.6751
vn -0.7682 -0.3096 -0.5604
vn -0.7804 0.1384 -0.6098
vn -0.9540 -0.2073 -0.2167
vn -0.8194 0.3214 -0.4746
vn -0.7876 -0.1342 -0.6013
vn -0.8899 0.0509 -0.4533
vn -0.7449 0.6510 -0.1462
vn -0.9547 0.2735 0.1171
vn -0.9363 0.0125 0.3511
vn -0.6344 0.7684 0.0844
vn -0.5318 0.5854 0.6119
vn -0.7848 0.0607 0.6167
vn -0.7509 -0.3122 0.5820
vn -0.5449 -0.1632 0.8225
vn -0.5439 0.0390 0.8382
vn -0.8434 -0.0392 0.5358
vn -0.9353 -0.3344 -0.1158
vn -0.9882 -0.0802 -0.1302
vn -0.8000 -0.0886 -0.5934
vn -0.7739 -0.2788 -0.5686
vn -0.5440 -0.0349 -0.8384
vn -0.4926 0.0123 -0.8702
vn -0.4481 0.0447 -0.8929
vn -0.4350 0.1101 -0.8937
vn -0.6997 -0.2122 0.6822
vn -0.6381 -0.1496 0.7553
vn -0.6951 -0.1663 0.6994
vn -0.3322 -0.1821 0.9255
vn -0.2499 -0.1119 0.9618
vn -0.3516 -0.1960 0.9154
vn -0.0147 -0.2008 0.9795
vn -0.0289 -0.1559 0.9874
vn -0.0345 -0.0811 0.9961
vn -0.0375 -0.0548 0.9978
vn -0.1729 -0.0699 0.9825
vn -0.0389 -0.0647 0.9971
vn -0.1427 -0.0547 0.9882
vn -0.0302 -0.0500 0.9983
vn -0.1485 -0.0281 0.9885
vn 0.0782 -0.0070 0.9969
vn 0.0193 -0.0142 0.9997
vn 0.1476 0.0701 0.9866
vn 0.0876 0.0647 0.9940
vn 0.2432 0.1599 0.9567
vn -0.1029 0.0440 0.9937
vn -0.1366 -0.0142 0.9905
vn -0.0550 0.2128 0.9755
vn 0.1257 0.2380 0.9631
vn 0.2614 0.3187 0.9111
vn 0.0702 0.5655 0.8218
vn 0.0062 0.5589 0.8292
vn 0.1072 0.5945 0.7969
vn 0.3973 0.4318 0.8097
vn -0.0874 0.5724 0.8153
vn -0.2413 0.2523 0.9371
vn 0.1281 0.8624 0.4897
vn 0.3398 0.8683 0.3614
vn -0.1555 0.6776 0.7188
vn 0.3695 0.8658 0.3373
vn -0.1894 0.7752 0.6027
vn 0.7086 0.6592 0.2518
vn 0.5306 0.7354 0.4215
vn -0.2054 0.8584 0.4700
vn -0.6448 0.4577 0.6121
vn -0.4471 0.3625 0.8177
vn -0.5936 0.1842 0.7834
vn -0.8472 0.2195 0.4838
vn -0.6505 0.2102 0.7298
vn -0.8423 0.2794 0.4609
vn -0.3320 0.1001 0.9379
vn -0.3779 0.0921 0.9213
vn -0.4623 0.2938 0.8367
vn -0.3839 0.1007 0.9179
vn -0.4849 0.5631 0.6692
vn -0.3285 0.1192 0.9369
vn -0.5992 0.0368 0.7997
vn -0.2810 -0.0458 0.9586
vn -0.5662 -0.0747 0.8209
vn 0.5627 0.6573 0.5013
vn 0.8307 0.1979 0.5204
vn 0.6344 -0.1134 0.7647
vn 0.2541 -0.2529 0.9335
vn -0.1861 -0.2695 0.9449
vn -0.5596 -0.0687 0.8259
vn -0.5501 0.2255 0.8041
vn -0.0445 -0.6192 0.7839
vn -0.4522 -0.3906 0.8018
vn -0.5968 0.3184 0.7365
vn -0.0496 -0.8687 0.4929
vn 0.1969 -0.9649 0.1738
vn -0.0854 -0.8189 0.5675
vn -0.3424 -0.3401 0.8758
vn 0.4565 -0.8107 -0.3665
vn 0.1609 -0.9599 0.2294
vn -0.0591 -0.7710 0.6341
vn 0.3676 -0.8870 -0.2794
vn 0.5122 -0.3236 -0.7956
vn 0.4980 -0.4104 -0.7639
vn 0.4303 0.1387 -0.8919
vn 0.4537 0.0943 -0.8862
vn 0.2343 0.6135 -0.7542
vn 0.2854 0.5849 -0.7592
vn 0.2740 0.4644 -0.8422
vn 0.4908 -0.0289 -0.8708
vn 0.5378 -0.5377 -0.6493
vn 0.5472 -0.1183 -0.8286
vn 0.6861 -0.5853 -0.4321
vn 0.2489 0.3130 -0.9166
vn -0.2066 0.7751 -0.5971
vn -0.1542 0.9080 -0.3896
vn -0.0726 0.9699 -0.2326
vn -0.5746 0.8143 0.0824
vn -0.4681 0.8335 0.2937
vn -0.3565 0.8388 0.4114
vn -0.1020 0.9730 -0.2071
vn -0.3691 0.8310 0.4162
vn -0.4434 0.4121 0.7960
vn -0.4552 0.3583 0.8151
vn -0.5666 0.4827 0.6678
vn -0.3387 -0.2307 0.9122
vn -0.4335 -0.0884 0.8968
vn -0.6833 0.5464 0.4843
vn -0.5874 0.0502 0.8077
vn -0.0795 -0.6596 0.7474
vn -0.1862 -0.5441 0.8181
vn 0.1487 -0.8112 0.5656
vn 0.1533 -0.8935 0.4221
vn 0.3610 -0.9314 -0.0464
vn 0.4461 -0.8683 0.2169
vn 0.4560 -0.8532 0.2531
vn 0.1630 -0.7646 0.6235
vn 0.6873 -0.6343 -0.3539
vn 0.3695 -0.8958 0.2471
vn 0.1338 -0.7548 0.6422
vn 0.5354 -0.7365 -0.4134
vn 0.4835 -0.7577 -0.4384
vn 0.2920 -0.9230 0.2506
vn 0.0683 -0.7681 0.6367
vn 0.3558 -0.8802 0.3140
vn 0.1124 -0.7090 0.6962
vn 0.6121 -0.6957 -0.3760
vn 0.4331 -0.8287 0.3544
vn 0.1455 -0.6536 0.7427
vn 0.6532 -0.6617 -0.3681
vn 0.2391 -0.9246 0.2967
vn -0.0432 -0.7479 0.6624
vn 0.4497 -0.7759 -0.4425
vn 0.6353 -0.6799 -0.3664
vn 0.4668 -0.8100 0.3549
vn 0.1754 -0.6458 0.7431
vn 0.7833 -0.4820 0.3927
vn 0.4729 -0.2559 0.8431
vn 0.8463 -0.3980 -0.3541
vn 0.0479 0.0981 0.9940
vn -0.1848 -0.3000 0.9359
vn -0.3396 -0.3942 0.8540
vn -0.3748 0.4671 0.8009
vn -0.5460 0.1488 0.8245
vn -0.6115 0.1424 0.7783
vn -0.1077 -0.2464 0.9632
vn -0.2991 0.3605 0.8835
vn -0.3899 0.7738 0.4992
vn -0.7036 0.6016 0.3783
vn -0.7387 0.5466 0.3944
vn -0.2639 0.9644 0.0151
vn -0.5123 0.8301 -0.2201
vn -0.4715 0.8614 -0.1892
vn -0.4668 0.8427 -0.2683
vn -0.6575 0.5954 0.4617
vn 0.6693 0.7152 0.2015
vn 0.6895 0.6566 0.3059
vn 0.6161 0.7822 0.0926
vn 0.8363 0.5474 0.0305
vn 0.8400 0.3420 0.4212
vn 0.6439 0.7530 -0.1354
vn 0.5609 0.8246 0.0744
vn 0.4862 0.8700 -0.0819
vn 0.4384 0.8986 0.0148
vn 0.5467 0.8349 0.0644
vn 0.3884 0.9096 0.1476
vn 0.5155 0.8469 0.1306
vn 0.2970 0.8479 0.4392
vn 0.4583 0.8303 0.3172
vn 0.4270 0.7517 0.5027
vn 0.3307 0.5262 0.7834
vn 0.4515 0.1504 -0.8795
vn 0.4148 -0.0857 -0.9059
vn 0.1580 0.4208 -0.8933
vn 0.1131 0.5602 -0.8206
vn 0.5591 0.5328 0.6353
vn -0.0226 0.7613 -0.6480
vn -0.1067 0.7919 -0.6013
vn 0.6734 0.5691 0.4720
vn 0.4637 0.2743 0.8425
vn 0.6446 0.2260 0.7303
vn -0.0871 0.6750 -0.7327
vn 0.1515 0.3313 -0.9313
vn 0.1652 0.8565 -0.4891
vn 0.4612 0.4975 -0.7347
vn 0.5835 -0.0007 -0.8121
vn 0.3270 -0.1389 -0.9348
vn 0.5597 -0.1115 -0.8212
vn 0.3558 0.3753 -0.8559
vn 0.4132 -0.2301 -0.8811
vn 0.2035 0.2288 -0.9520
vn 0.4925 -0.2268 -0.8402
vn 0.3090 0.2624 -0.9142
vn 0.5812 -0.1517 -0.7995
vn 0.3254 0.3051 -0.8950
vn -0.0893 0.7019 -0.7067
vn -0.1124 0.7732 -0.6241
vn -0.5839 0.8009 -0.1324
vn -0.5531 0.8324 -0.0347
vn -0.5368 0.8284 -0.1604
vn -0.1606 0.6608 -0.7332
vn -0.2991 0.9540 -0.0210
vn 0.0664 0.7923 -0.6066
vn -0.4865 0.7266 0.4852
vn -0.6725 0.6296 0.3891
vn -0.4335 0.2426 0.8679
vn -0.5622 0.1291 0.8168
vn -0.7276 0.5760 0.3725
vn -0.5931 0.1115 0.7974
vn -0.7159 0.5718 0.4007
vn -0.6075 0.0875 0.7895
vn -0.1964 -0.4728 0.8590
vn -0.1964 -0.4524 0.8699
vn -0.2204 -0.4459 0.8675
vn -0.1420 -0.3540 0.9244
vn -0.4162 0.8171 0.3989
vn -0.3168 0.7614 0.5656
vn -0.0964 0.9741 -0.2045
vn -0.1279 0.9765 -0.1734
vn -0.3026 0.9479 0.0998
vt 0.860620 0.943930
vt 0.845440 0.939640
vt 0.845430 0.933710
vt 0.856570 0.935890
vt 0.830240 0.943930
vt 0.834250 0.935890
vt 0.863090 0.939310
vt 0.867920 0.944620
vt 0.872810 0.952380
vt 0.870830 0.957600
vt 0.874500 0.939890
vt 0.879890 0.948600
vt 0.867380 0.932660
vt 0.883380 0.958190
vt 0.875760 0.959960
vt 0.890860 0.955040
vt 0.887040 0.944330
vt 0.880870 0.934390
vt 0.892490 0.939170
vt 0.897740 0.951050
vt 0.884860 0.927860
vt 0.900350 0.963390
vt 0.892490 0.966650
vt 0.885220 0.968650
vt 0.899820 0.976580
vt 0.891860 0.978720
vt 0.885180 0.979260
vt 0.877430 0.969220
vt 0.877630 0.978160
vt 0.885890 0.990410
vt 0.875780 0.985320
vt 0.889480 0.991170
vt 0.813170 0.978330
vt 0.815140 0.985390
vt 0.805090 0.990480
vt 0.805600 0.979400
vt 0.801430 0.991200
vt 0.798810 0.978820
vt 0.896730 0.990520
vt 0.794050 0.990510
vt 0.790750 0.976650
vt 0.805500 0.968850
vt 0.798120 0.966850
vt 0.790190 0.963640
vt 0.783070 0.988320
vt 0.782220 0.974510
vt 0.782030 0.960600
vt 0.792840 0.951310
vt 0.799770 0.955280
vt 0.785750 0.947090
vt 0.775880 0.957900
vt 0.780380 0.943300
vt 0.776080 0.973250
vt 0.774790 0.938720
vt 0.768700 0.954660
vt 0.771240 0.973490
vt 0.761080 0.942490
vt 0.766520 0.930630
vt 0.766010 0.976000
vt 0.760630 0.961090
vt 0.747490 0.950720
vt 0.725890 0.883060
vt 0.742460 0.888290
vt 0.736290 0.899620
vt 0.720560 0.895980
vt 0.711820 0.878670
vt 0.706300 0.890870
vt 0.129590 0.868790
vt 0.128890 0.882360
vt 0.113250 0.881010
vt 0.115230 0.867900
vt 0.128390 0.899550
vt 0.110350 0.896060
vt 0.144660 0.870030
vt 0.144220 0.883180
vt 0.143860 0.898390
vt 0.132320 0.913580
vt 0.143670 0.913710
vt 0.123580 0.912840
vt 0.108760 0.911200
vt 0.162410 0.898990
vt 0.161450 0.914330
vt 0.163300 0.883970
vt 0.142630 0.928320
vt 0.131970 0.926930
vt 0.160290 0.928850
vt 0.186700 0.929570
vt 0.187680 0.915190
vt 0.188820 0.899860
vt 0.186120 0.944380
vt 0.159270 0.944000
vt 0.141060 0.943860
vt 0.186260 0.960060
vt 0.158910 0.960140
vt 0.140330 0.960680
vt 0.127850 0.941190
vt 0.127810 0.961160
vt 0.110070 0.925520
vt 0.123800 0.926160
vt 0.113920 0.942380
vt 0.116900 0.962970
vt 0.783890 0.924310
vt 0.774990 0.922080
vt 0.784050 0.908240
vt 0.794230 0.905270
vt 0.784430 0.886430
vt 0.793730 0.888670
vt 0.776610 0.873230
vt 0.792540 0.874580
vt 0.128120 0.976990
vt 0.116890 0.976910
vt 0.776250 0.862560
vt 0.791820 0.861510
vt 0.761170 0.873020
vt 0.761870 0.863120
vt 0.128370 0.991760
vt 0.119500 0.992440
vt 0.748800 0.875790
vt 0.747480 0.862030
vt 0.116530 0.853630
vt 0.122200 0.840810
vt 0.131270 0.843710
vt 0.130470 0.856050
vt 0.140550 0.976020
vt 0.139910 0.989620
vt 0.143290 0.845440
vt 0.144800 0.857870
vt 0.164100 0.859620
vt 0.164000 0.871260
vt 0.160500 0.847680
vt 0.191040 0.872450
vt 0.190030 0.884950
vt 0.191800 0.860880
vt 0.219610 0.873370
vt 0.218460 0.885990
vt 0.217240 0.900890
vt 0.241680 0.887070
vt 0.240650 0.901890
vt 0.242660 0.874410
vt 0.239690 0.917110
vt 0.216150 0.916280
vt 0.239000 0.931180
vt 0.215340 0.930570
vt 0.238680 0.945570
vt 0.214990 0.945130
vt 0.238860 0.960610
vt 0.215330 0.960480
vt 0.239530 0.974900
vt 0.216550 0.975120
vt 0.187130 0.974690
vt 0.159210 0.974970
vt 0.187880 0.987640
vt 0.156300 0.987730
vt 0.221880 0.989510
vt 0.191890 0.849400
vt 0.220990 0.861300
vt 0.226260 0.848060
vt 0.243740 0.862230
vt 0.244220 0.848350
vt 0.239920 0.989090
vt 0.265030 0.864590
vt 0.265820 0.852570
vt 0.263880 0.876230
vt 0.287150 0.867600
vt 0.285540 0.878780
vt 0.288720 0.857030
vt 0.310430 0.870070
vt 0.307940 0.881150
vt 0.312480 0.860030
vt 0.331130 0.871560
vt 0.326760 0.882740
vt 0.340800 0.862110
vt 0.342120 0.872180
vt 0.336860 0.883490
vt 0.346030 0.863030
vt 0.353160 0.872480
vt 0.347030 0.884020
vt 0.356680 0.863710
vt 0.363220 0.886770
vt 0.370220 0.875210
vt 0.375980 0.864000
vt 0.381520 0.892090
vt 0.389140 0.881810
vt 0.400830 0.875380
vt 0.392370 0.968680
vt 0.369500 0.976830
vt 0.365980 0.966380
vt 0.382850 0.962500
vt 0.350740 0.976380
vt 0.349460 0.967620
vt 0.361870 0.956500
vt 0.378940 0.954010
vt 0.345750 0.957220
vt 0.335250 0.957330
vt 0.338540 0.967910
vt 0.340580 0.976240
vt 0.332440 0.945540
vt 0.342890 0.945480
vt 0.359250 0.945550
vt 0.331150 0.934240
vt 0.342020 0.934430
vt 0.358820 0.935000
vt 0.377400 0.944640
vt 0.377970 0.935030
vt 0.358720 0.924740
vt 0.378420 0.925170
vt 0.341820 0.923930
vt 0.377780 0.914470
vt 0.358310 0.913420
vt 0.341550 0.912370
vt 0.331160 0.911230
vt 0.330920 0.923280
vt 0.321630 0.909530
vt 0.320920 0.921900
vt 0.321270 0.933310
vt 0.323540 0.895900
vt 0.332920 0.897300
vt 0.342810 0.898520
vt 0.359120 0.900440
vt 0.377590 0.903320
vt 0.389170 0.905450
vt 0.392500 0.896420
vt 0.389570 0.914910
vt 0.395310 0.906890
vt 0.395260 0.915080
vt 0.398120 0.899400
vt 0.395620 0.924140
vt 0.390250 0.924790
vt 0.395080 0.933240
vt 0.389620 0.934280
vt 0.394340 0.941690
vt 0.388680 0.943220
vt 0.395010 0.948920
vt 0.389470 0.951360
vt 0.398140 0.954740
vt 0.392470 0.958650
vt 0.409240 0.954240
vt 0.394690 0.967420
vt 0.403810 0.892450
vt 0.398880 0.887630
vt 0.403050 0.877790
vt 0.415040 0.892750
vt 0.305860 0.893710
vt 0.304320 0.907040
vt 0.284110 0.891180
vt 0.282890 0.904830
vt 0.303420 0.919920
vt 0.281970 0.918450
vt 0.303480 0.932270
vt 0.281630 0.931590
vt 0.304320 0.945000
vt 0.281840 0.945120
vt 0.322780 0.945140
vt 0.325190 0.957760
vt 0.305600 0.958370
vt 0.328070 0.969230
vt 0.307160 0.970510
vt 0.336570 0.979710
vt 0.308330 0.981140
vt 0.283490 0.972070
vt 0.282500 0.959240
vt 0.284320 0.983730
vt 0.261040 0.973760
vt 0.260430 0.960150
vt 0.261510 0.986600
vt 0.260150 0.945440
vt 0.260300 0.931380
vt 0.260870 0.917730
vt 0.261790 0.903200
vt 0.262830 0.888810
vt 0.730130 0.856800
vt 0.725410 0.868860
vt 0.711000 0.848640
vt 0.706740 0.857610
vt 0.703770 0.863730
vt 0.713510 0.870480
vt 0.699940 0.871940
vt 0.694880 0.883370
vt 0.979060 0.877900
vt 0.990820 0.871020
vt 0.996050 0.882470
vt 0.984630 0.890030
vt 0.986920 0.863000
vt 0.977300 0.869760
vt 0.970560 0.895330
vt 0.965040 0.882370
vt 0.965370 0.868200
vt 0.983960 0.856950
vt 0.979610 0.847940
vt 0.960500 0.856190
vt 0.941920 0.875240
vt 0.943110 0.861500
vt 0.948500 0.887670
vt 0.929460 0.872480
vt 0.928650 0.862650
vt 0.410000 0.711700
vt 0.395940 0.713710
vt 0.395400 0.701090
vt 0.404470 0.698500
vt 0.410710 0.726660
vt 0.396550 0.726800
vt 0.412120 0.740280
vt 0.397130 0.740560
vt 0.954830 0.898880
vt 0.381440 0.727480
vt 0.381550 0.715140
vt 0.381860 0.740650
vt 0.397370 0.757660
vt 0.382250 0.755770
vt 0.413830 0.754680
vt 0.401380 0.770840
vt 0.413970 0.769060
vt 0.393520 0.771320
vt 0.382340 0.771010
vt 0.921860 0.954590
vt 0.915590 0.938540
vt 0.923440 0.930540
vt 0.928760 0.942680
vt 0.943440 0.950760
vt 0.929780 0.961180
vt 0.914680 0.957660
vt 0.910020 0.943040
vt 0.919230 0.973440
vt 0.914370 0.973220
vt 0.924690 0.975780
vt 0.916030 0.988460
vt 0.913320 0.987490
vt 0.924210 0.991380
vt 0.776890 0.987230
vt 0.774090 0.988250
vt 0.766130 0.991380
vt 0.908290 0.974480
vt 0.907230 0.988460
vt 0.908500 0.960330
vt 0.904700 0.946840
vt 0.896980 0.933100
vt 0.900520 0.927750
vt 0.886770 0.919920
vt 0.887500 0.910200
vt 0.875200 0.909520
vt 0.875550 0.901570
vt 0.874690 0.918180
vt 0.878150 0.896010
vt 0.896200 0.905050
vt 0.906580 0.924140
vt 0.885880 0.890240
vt 0.906440 0.907760
vt 0.915540 0.922100
vt 0.896650 0.888350
vt 0.905930 0.885900
vt 0.876470 0.887250
vt 0.880720 0.875950
vt 0.897820 0.874250
vt 0.862940 0.873050
vt 0.864290 0.886690
vt 0.863750 0.859040
vt 0.881520 0.860100
vt 0.898510 0.861250
vt 0.913740 0.872720
vt 0.914140 0.862180
vt 0.897970 0.848140
vt 0.913320 0.849990
vt 0.881730 0.846140
vt 0.896930 0.834510
vt 0.911460 0.836670
vt 0.881520 0.830480
vt 0.896220 0.820890
vt 0.908910 0.822360
vt 0.886970 0.819020
vt 0.877160 0.817650
vt 0.863790 0.830770
vt 0.862420 0.817090
vt 0.864250 0.844980
vt 0.892550 0.806440
vt 0.876650 0.805090
vt 0.906050 0.808100
vt 0.901690 0.795430
vt 0.889100 0.793270
vt 0.875430 0.793110
vt 0.861360 0.804430
vt 0.860540 0.792820
vt 0.874700 0.782220
vt 0.888560 0.782280
vt 0.860080 0.782120
vt 0.845030 0.782140
vt 0.845100 0.792740
vt 0.845150 0.804220
vt 0.829670 0.792930
vt 0.829980 0.782220
vt 0.828900 0.804570
vt 0.845130 0.816790
vt 0.827710 0.817280
vt 0.813410 0.805440
vt 0.811450 0.818630
vt 0.814800 0.793360
vt 0.798780 0.806650
vt 0.796290 0.820520
vt 0.800710 0.793900
vt 0.815330 0.782430
vt 0.801390 0.782590
vt 0.787020 0.794470
vt 0.787850 0.782700
vt 0.784670 0.808010
vt 0.773390 0.795110
vt 0.774410 0.783070
vt 0.770760 0.809170
vt 0.781710 0.822560
vt 0.767590 0.824100
vt 0.793980 0.834660
vt 0.779030 0.836880
vt 0.764810 0.838340
vt 0.777080 0.850280
vt 0.792390 0.848350
vt 0.762840 0.851310
vt 0.748710 0.850100
vt 0.750680 0.837910
vt 0.732840 0.846180
vt 0.735470 0.835670
vt 0.753430 0.824530
vt 0.738800 0.823920
vt 0.719140 0.832110
vt 0.723830 0.822260
vt 0.715060 0.840130
vt 0.951450 0.823370
vt 0.966390 0.821720
vt 0.971230 0.831480
vt 0.954930 0.835100
vt 0.975430 0.839470
vt 0.957680 0.845600
vt 0.939740 0.837430
vt 0.936860 0.824030
vt 0.941800 0.849600
vt 0.927620 0.850900
vt 0.925610 0.837970
vt 0.922740 0.823690
vt 0.919340 0.808770
vt 0.933270 0.809550
vt 0.947250 0.809970
vt 0.916410 0.794820
vt 0.930030 0.795560
vt 0.943430 0.796280
vt 0.955940 0.795480
vt 0.960910 0.809210
vt 0.746460 0.796820
vt 0.742820 0.810510
vt 0.729120 0.809600
vt 0.733800 0.796030
vt 0.748260 0.784690
vt 0.735920 0.784590
vt 0.941540 0.784170
vt 0.953640 0.784070
vt 0.747380 0.774130
vt 0.735550 0.775520
vt 0.942360 0.773550
vt 0.953900 0.774750
vt 0.929440 0.772740
vt 0.928590 0.783420
vt 0.946220 0.763130
vt 0.958720 0.764230
vt 0.932420 0.762440
vt 0.917960 0.762020
vt 0.916050 0.772110
vt 0.915370 0.782730
vt 0.902470 0.771850
vt 0.903630 0.761830
vt 0.901960 0.782440
vt 0.889000 0.771930
vt 0.874920 0.771980
vt 0.875540 0.761830
vt 0.889900 0.761900
vt 0.860060 0.771900
vt 0.860330 0.761570
vt 0.875810 0.752950
vt 0.890480 0.753290
vt 0.860480 0.752450
vt 0.844920 0.761470
vt 0.844860 0.752260
vt 0.844970 0.771900
vt 0.829250 0.752590
vt 0.829490 0.761700
vt 0.829860 0.772000
vt 0.844820 0.744510
vt 0.828910 0.744890
vt 0.860740 0.744750
vt 0.828420 0.735150
vt 0.844780 0.734700
vt 0.861140 0.734990
vt 0.844750 0.725390
vt 0.861540 0.725800
vt 0.827950 0.725960
vt 0.876110 0.745340
vt 0.876500 0.735710
vt 0.876850 0.726740
vt 0.861760 0.721990
vt 0.877040 0.723010
vt 0.844740 0.721540
vt 0.827720 0.722150
vt 0.812650 0.727030
vt 0.812440 0.723300
vt 0.798350 0.727780
vt 0.798260 0.724130
vt 0.782990 0.728240
vt 0.782840 0.724670
vt 0.765340 0.728530
vt 0.764940 0.725090
vt 0.746690 0.729240
vt 0.746010 0.725950
vt 0.727830 0.731170
vt 0.726860 0.728000
vt 0.709250 0.733460
vt 0.708080 0.729590
vt 0.962610 0.727070
vt 0.981380 0.728320
vt 0.980290 0.732170
vt 0.961640 0.730240
vt 0.943470 0.725210
vt 0.942790 0.728490
vt 0.976450 0.740510
vt 0.958940 0.737830
vt 0.941000 0.736440
vt 0.924130 0.727900
vt 0.923110 0.736230
vt 0.924510 0.724450
vt 0.906150 0.736340
vt 0.906480 0.727730
vt 0.906600 0.724150
vt 0.891130 0.727380
vt 0.891200 0.723720
vt 0.891020 0.736210
vt 0.890820 0.745760
vt 0.905650 0.745710
vt 0.904870 0.753250
vt 0.921820 0.745450
vt 0.920240 0.753190
vt 0.938770 0.745380
vt 0.936130 0.753230
vt 0.955390 0.746260
vt 0.951440 0.753740
vt 0.970770 0.749420
vt 0.966580 0.753880
vt 0.731110 0.764950
vt 0.723020 0.754990
vt 0.738190 0.754490
vt 0.743500 0.763770
vt 0.734150 0.747090
vt 0.718770 0.750410
vt 0.753520 0.753850
vt 0.757320 0.763000
vt 0.750800 0.746060
vt 0.713090 0.741560
vt 0.730530 0.738730
vt 0.748500 0.737180
vt 0.766410 0.736850
vt 0.767770 0.746030
vt 0.783400 0.736840
vt 0.783980 0.746180
vt 0.769440 0.753710
vt 0.784860 0.753690
vt 0.798840 0.746110
vt 0.799270 0.753630
vt 0.798550 0.736590
vt 0.813550 0.745590
vt 0.813930 0.753190
vt 0.813070 0.735990
vt 0.799900 0.762240
vt 0.814260 0.762070
vt 0.814970 0.772200
vt 0.800860 0.772260
vt 0.786150 0.762240
vt 0.787360 0.772220
vt 0.773740 0.772520
vt 0.771780 0.762490
vt 0.760360 0.773230
vt 0.761250 0.783860
vt 0.759870 0.796030
vt 0.756820 0.810060
vt 0.808590 0.846420
vt 0.808800 0.860280
vt 0.809550 0.832520
vt 0.826040 0.845100
vt 0.826590 0.859140
vt 0.826480 0.831010
vt 0.845120 0.830500
vt 0.845130 0.844660
vt 0.845170 0.858730
vt 0.845230 0.872300
vt 0.827500 0.873170
vt 0.845320 0.883530
vt 0.826280 0.886760
vt 0.845370 0.890570
vt 0.829030 0.893720
vt 0.861630 0.893730
vt 0.845380 0.898380
vt 0.861330 0.901630
vt 0.845360 0.907080
vt 0.861400 0.910510
vt 0.829270 0.910430
vt 0.829350 0.901560
vt 0.830280 0.918780
vt 0.845360 0.915530
vt 0.860430 0.918830
vt 0.845380 0.924280
vt 0.832570 0.927120
vt 0.858170 0.927150
vt 0.872110 0.925760
vt 0.823380 0.932620
vt 0.818580 0.925710
vt 0.827740 0.939290
vt 0.822890 0.944580
vt 0.816290 0.939890
vt 0.817980 0.952440
vt 0.810900 0.948750
vt 0.819970 0.957680
vt 0.815010 0.960100
vt 0.807300 0.958410
vt 0.803770 0.944500
vt 0.809920 0.934450
vt 0.805900 0.927930
vt 0.798310 0.939350
vt 0.803830 0.919970
vt 0.793640 0.933240
vt 0.815950 0.918120
vt 0.815380 0.909460
vt 0.803040 0.910290
vt 0.815040 0.901580
vt 0.789990 0.927900
vt 0.812390 0.896080
vt 0.804530 0.890420
vt 0.814000 0.887380
vt 0.809670 0.876150
vt 0.813340 0.969410
vt 0.817210 0.969750
vt 0.816750 0.978110
vt 0.819040 0.984720
vt 0.874040 0.977910
vt 0.871810 0.984510
vt 0.873560 0.969560
vt 0.395460 0.818850
vt 0.406320 0.820730
vt 0.406050 0.836040
vt 0.394770 0.835420
vt 0.403110 0.851670
vt 0.394210 0.850510
vt 0.382310 0.834020
vt 0.383060 0.818280
vt 0.382770 0.847680
vt 0.383620 0.702650
vt 0.362080 0.716320
vt 0.366440 0.704450
vt 0.366320 0.845460
vt 0.363700 0.832590
vt 0.361930 0.728200
vt 0.334180 0.716720
vt 0.334080 0.704580
vt 0.334820 0.728680
vt 0.362440 0.741000
vt 0.335640 0.741380
vt 0.363150 0.756010
vt 0.336630 0.756320
vt 0.363860 0.771300
vt 0.337500 0.771630
vt 0.308830 0.771960
vt 0.308060 0.756570
vt 0.307120 0.741630
vt 0.284590 0.756850
vt 0.283900 0.741990
vt 0.285200 0.772090
vt 0.285540 0.786180
vt 0.309260 0.786260
vt 0.338080 0.785990
vt 0.285420 0.800620
vt 0.309110 0.800830
vt 0.338060 0.800790
vt 0.364660 0.785860
vt 0.365080 0.801030
vt 0.337180 0.816660
vt 0.364630 0.817390
vt 0.308200 0.816250
vt 0.335610 0.831730
vt 0.306410 0.831050
vt 0.284730 0.815700
vt 0.283510 0.830060
vt 0.300770 0.845100
vt 0.282310 0.844220
vt 0.334010 0.845250
vt 0.282430 0.717010
vt 0.282050 0.703130
vt 0.300390 0.703220
vt 0.305140 0.716600
vt 0.306250 0.728890
vt 0.283210 0.729270
vt 0.261920 0.730450
vt 0.261070 0.718680
vt 0.262720 0.743100
vt 0.240210 0.732400
vt 0.238800 0.721070
vt 0.241410 0.744890
vt 0.219900 0.746950
vt 0.218040 0.734120
vt 0.215650 0.722880
vt 0.199190 0.735130
vt 0.195070 0.723690
vt 0.202200 0.748890
vt 0.188990 0.735640
vt 0.183970 0.724050
vt 0.192900 0.750130
vt 0.178740 0.735910
vt 0.172830 0.724090
vt 0.183290 0.750950
vt 0.167240 0.751930
vt 0.162840 0.737780
vt 0.155950 0.726010
vt 0.145500 0.741790
vt 0.138440 0.731370
vt 0.148900 0.753750
vt 0.125590 0.724810
vt 0.149220 0.714680
vt 0.170120 0.715070
vt 0.153590 0.828600
vt 0.130680 0.819620
vt 0.141240 0.813710
vt 0.157660 0.818310
vt 0.173140 0.828120
vt 0.174350 0.819950
vt 0.179880 0.714990
vt 0.182970 0.828990
vt 0.185250 0.820710
vt 0.188800 0.809980
vt 0.178340 0.809600
vt 0.162160 0.808620
vt 0.191870 0.798020
vt 0.181600 0.797840
vt 0.165300 0.797690
vt 0.147800 0.796370
vt 0.145890 0.805660
vt 0.135730 0.802620
vt 0.136940 0.794570
vt 0.131900 0.809510
vt 0.130170 0.799950
vt 0.131250 0.792740
vt 0.126440 0.805550
vt 0.128590 0.818210
vt 0.115130 0.805190
vt 0.123130 0.741260
vt 0.110580 0.740950
vt 0.123350 0.726910
vt 0.128790 0.736560
vt 0.128830 0.748570
vt 0.134750 0.745550
vt 0.131460 0.756680
vt 0.137480 0.755360
vt 0.137190 0.765550
vt 0.131530 0.765420
vt 0.148800 0.765600
vt 0.168060 0.765340
vt 0.167260 0.776760
vt 0.148000 0.776610
vt 0.136450 0.775790
vt 0.166490 0.787110
vt 0.147880 0.786720
vt 0.136590 0.785560
vt 0.131020 0.774790
vt 0.131090 0.784140
vt 0.183020 0.786870
vt 0.183820 0.776550
vt 0.193620 0.786720
vt 0.194360 0.776060
vt 0.194480 0.764300
vt 0.184500 0.765090
vt 0.203810 0.762720
vt 0.204070 0.774800
vt 0.220980 0.760400
vt 0.221360 0.773220
vt 0.242270 0.758620
vt 0.242800 0.772260
vt 0.263430 0.757540
vt 0.264000 0.772080
vt 0.242870 0.785420
vt 0.264240 0.785760
vt 0.242190 0.798980
vt 0.263910 0.799870
vt 0.219790 0.798250
vt 0.221050 0.785520
vt 0.201430 0.797870
vt 0.203350 0.785980
vt 0.198710 0.810670
vt 0.218070 0.811690
vt 0.195440 0.822320
vt 0.215940 0.823890
vt 0.241050 0.813120
vt 0.239600 0.826000
vt 0.263120 0.814640
vt 0.262010 0.828330
vt 0.260900 0.841220
vt 0.238620 0.837650
vt 0.237690 0.710340
vt 0.260700 0.706510
vt 0.213580 0.712740
vt 0.213630 0.834200
vt 0.185530 0.714240
vt 0.186320 0.832410
vt 0.383280 0.801220
vt 0.396080 0.798350
vt 0.382770 0.785720
vt 0.393160 0.784370
vt 0.400620 0.783730
vt 0.412940 0.783110
vt 0.408820 0.799230
s 1
usemtl Boy01_Body_MAT1.001
f 2690/3229/2688 2687/3230/2689 2688/3231/2690 2691/3232/2691
f 2689/3233/2692 3214/3234/2693 2688/3231/2690 2687/3230/2689
f 2690/3229/2688 2691/3232/2691 2692/3235/2694
f 2690/3229/2688 2692/3235/2694 2694/3236/2695
f 2696/3237/2696 2693/3238/2697 2690/3229/2688 2694/3236/2695
f 2694/3236/2695 2695/3239/2698 2698/3240/2699 2696/3237/2696
f 2692/3235/2694 3210/3241/2700 2695/3239/2698 2694/3236/2695
f 2699/3242/2701 2697/3243/2702 2696/3237/2696 2698/3240/2699
f 2696/3237/2696 2697/3243/2702 2693/3238/2697
f 2703/3244/2703 2699/3242/2701 2698/3240/2699 2700/3245/2704
f 2695/3239/2698 2702/3246/2705 2700/3245/2704 2698/3240/2699
f 2703/3244/2703 2700/3245/2704 2701/3247/2706 2704/3248/2707
f 2959/3249/2708 2701/3247/2706 2700/3245/2704 2702/3246/2705
f 2704/3248/2707 2706/3250/2709 2705/3251/2710 2703/3244/2703
f 2699/3242/2701 2703/3244/2703 2705/3251/2710 2708/3252/2711
f 2706/3250/2709 2951/3253/2712 2707/3254/2713 2705/3251/2710
f 2708/3252/2711 2705/3251/2710 2707/3254/2713 2710/3255/2714
f 2697/3243/2702 2699/3242/2701 2708/3252/2711 2709/3256/2715
f 2709/3256/2715 2708/3252/2711 2710/3255/2714 2711/3257/2716
f 2711/3257/2716 2710/3255/2714 2712/3258/2717 2713/3259/2718
f 2710/3255/2714 2707/3254/2713 2715/3260/2719 2712/3258/2717
f 3245/3261/2720 2713/3262/2718 2712/3263/2717 2714/3264/2721
f 2714/3264/2721 2712/3263/2717 2715/3265/2719 2717/3266/2722
f 2715/3260/2719 2707/3254/2713 2951/3253/2712 2716/3267/2723
f 2715/3265/2719 2716/3268/2723 2719/3269/2724 2717/3266/2722
f 3242/3270/2725 2714/3264/2721 2717/3266/2722 2718/3271/2726
f 2721/3272/2727 2718/3271/2726 2717/3266/2722 2719/3269/2724
f 2719/3269/2724 2716/3268/2723 2949/3273/2728 2720/3274/2729
f 2721/3272/2727 2719/3269/2724 2720/3274/2729 2723/3275/2730
f 2722/3276/2731 3226/3277/2732 2718/3271/2726 2721/3272/2727
f 2722/3276/2731 2721/3272/2727 2723/3275/2730 2724/3278/2733
f 2724/3278/2733 2723/3275/2730 2725/3279/2734 2726/3280/2735
f 2723/3275/2730 2720/3274/2729 2727/3281/2736 2725/3279/2734
f 2729/3282/2737 2726/3280/2735 2725/3279/2734 2728/3283/2738
f 2728/3283/2738 2725/3279/2734 2727/3281/2736 2730/3284/2739
f 2728/3283/2738 2731/3285/2740 3406/3286/2741 2729/3282/2737
f 2734/3287/2742 2732/3288/2743 2728/3283/2738 2730/3284/2739
f 2728/3283/2738 2732/3288/2743 2735/3289/2744 2731/3285/2740
f 2733/3290/2745 2736/3291/2746 2735/3292/2744 2732/3293/2743
f 2916/3294/2747 2733/3290/2745 2732/3293/2743 2734/3295/2742
f 2738/3296/2748 2737/3297/2749 2735/3298/2744 2736/3299/2746
f 2735/3298/2744 2737/3297/2749 2740/3300/2750 2731/3301/2740
f 2737/3297/2749 2738/3296/2748 2777/3302/2751 2739/3303/2752
f 2740/3300/2750 2737/3297/2749 2739/3303/2752 2743/3304/2753
f 2741/3305/2754 2740/3300/2750 2743/3304/2753 2745/3306/2755
f 2740/3300/2750 2741/3305/2754 2742/3307/2756
f 2742/3307/2756 3406/3308/2741 2731/3301/2740 2740/3300/2750
f 2743/3304/2753 2744/3309/2757 2747/3310/2758 2745/3306/2755
f 2739/3303/2752 2780/3311/2759 2744/3309/2757 2743/3304/2753
f 2746/3312/2760 2758/3313/2761 2741/3305/2754 2745/3306/2755
f 2749/3314/2762 2746/3312/2760 2745/3306/2755 2747/3310/2758
f 2750/3315/2763 2749/3314/2762 2747/3310/2758 2748/3316/2764
f 2744/3309/2757 2782/3317/2765 2748/3316/2764 2747/3310/2758
f 2752/3318/2766 2751/3319/2767 2749/3314/2762 2750/3315/2763
f 2751/3319/2767 2754/3320/2768 2746/3312/2760 2749/3314/2762
f 2797/3321/2769 2753/3322/2770 2751/3319/2767 2752/3318/2766
f 2753/3322/2770 2755/3323/2771 2754/3320/2768 2751/3319/2767
f 2754/3320/2768 2756/3324/2772 2758/3313/2761 2746/3312/2760
f 2759/3325/2773 2756/3324/2772 2754/3320/2768 2755/3323/2771
f 2761/3326/2774 2757/3327/2775 2756/3324/2772 2760/3328/2776
f 2756/3324/2772 2757/3327/2775 2758/3313/2761
f 2759/3325/2773 2763/3329/2777 2760/3328/2776 2756/3324/2772
f 3239/3330/2778 2761/3331/2774 2760/3332/2776 2762/3333/2779
f 2762/3333/2779 2760/3332/2776 2763/3334/2777 2764/3335/2780
f 2764/3335/2780 2763/3334/2777 2765/3336/2781 2766/3337/2782
f 2759/3325/2773 2768/3338/2783 2765/3339/2781 2763/3329/2777
f 2765/3336/2781 2767/3340/2784 3179/3341/2785 2766/3337/2782
f 2767/3340/2784 2765/3336/2781 2769/3342/2786 2770/3343/2787
f 2765/3339/2781 2768/3338/2783 2772/3344/2788 2769/3345/2786
f 2769/3342/2786 2771/3346/2789 2910/3347/2790 2770/3343/2787
f 2771/3348/2789 2769/3349/2786 2772/3350/2788 2774/3351/2791
f 2772/3344/2788 2768/3338/2783 2909/3352/2792 2773/3353/2793
f 2774/3351/2791 2772/3350/2788 2773/3354/2793 2775/3355/2794
f 2738/3296/2748 2774/3351/2791 2775/3355/2794 2777/3302/2751
f 2771/3348/2789 2774/3351/2791 2738/3296/2748 2736/3299/2746
f 2775/3355/2794 2776/3356/2795 2778/3357/2796 2777/3302/2751
f 2776/3356/2795 2775/3355/2794 2773/3354/2793 2801/3358/2797
f 2777/3302/2751 2778/3357/2796 2780/3311/2759 2739/3303/2752
f 2778/3357/2796 2779/3359/2798 2781/3360/2799 2780/3311/2759
f 2776/3356/2795 2802/3361/2800 2779/3359/2798 2778/3357/2796
f 2780/3311/2759 2781/3360/2799 2782/3317/2765 2744/3309/2757
f 2779/3359/2798 2785/3362/2801 2783/3363/2802 2781/3360/2799
f 2781/3360/2799 2783/3363/2802 2786/3364/2803 2782/3317/2765
f 2783/3363/2802 2784/3365/2804 2787/3366/2805 2786/3364/2803
f 2785/3362/2801 2807/3367/2806 2784/3365/2804 2783/3363/2802
f 2786/3364/2803 2787/3366/2805 2789/3368/2807 2788/3369/2808
f 2782/3317/2765 2786/3364/2803 2788/3369/2808 2748/3316/2764
f 2791/3370/2809 2790/3371/2810 2788/3369/2808 2789/3368/2807
f 2790/3371/2810 2750/3315/2763 2748/3316/2764 2788/3369/2808
f 2793/3372/2811 2792/3373/2812 2790/3371/2810 2791/3370/2809
f 2792/3373/2812 2752/3318/2766 2750/3315/2763 2790/3371/2810
f 2795/3374/2813 2794/3375/2814 2792/3373/2812 2793/3372/2811
f 2794/3375/2814 2797/3321/2769 2752/3318/2766 2792/3373/2812
f 2908/3376/2815 2796/3377/2816 2794/3375/2814 2795/3374/2813
f 2796/3377/2816 2798/3378/2817 2797/3321/2769 2794/3375/2814
f 2798/3378/2817 2799/3379/2818 2753/3322/2770 2797/3321/2769
f 2800/3380/2819 2801/3381/2797 2799/3379/2818 2798/3378/2817
f 2803/3382/2820 2800/3380/2819 2798/3378/2817 2796/3377/2816
f 2802/3361/2800 2776/3356/2795 2801/3358/2797 2800/3383/2819
f 2805/3384/2821 2802/3361/2800 2800/3383/2819 2803/3385/2820
f 2806/3386/2822 2805/3384/2821 2803/3385/2820 2804/3387/2823
f 2804/3388/2823 2803/3382/2820 2796/3377/2816 2908/3376/2815
f 2805/3384/2821 2806/3386/2822 2807/3367/2806 2785/3362/2801
f 2802/3361/2800 2805/3384/2821 2785/3362/2801 2779/3359/2798
f 2808/3389/2824 2806/3386/2822 2804/3387/2823 2810/3390/2825
f 2806/3386/2822 2808/3389/2824 2809/3391/2826 2807/3367/2806
f 2808/3389/2824 2811/3392/2827 2812/3393/2828 2809/3391/2826
f 2811/3392/2827 2808/3389/2824 2810/3390/2825 2813/3394/2829
f 2811/3392/2827 2814/3395/2830 2815/3396/2831 2812/3393/2828
f 2814/3395/2830 2811/3392/2827 2813/3394/2829 2816/3397/2832
f 2814/3395/2830 2817/3398/2833 2818/3399/2834 2815/3396/2831
f 2817/3398/2833 2814/3395/2830 2816/3397/2832 2819/3400/2835
f 2817/3398/2833 2820/3401/2836 2821/3402/2837 2818/3399/2834
f 2819/3400/2835 2822/3403/2838 2820/3401/2836 2817/3398/2833
f 2820/3401/2836 2823/3404/2839 2824/3405/2840 2821/3402/2837
f 2822/3403/2838 2825/3406/2841 2823/3404/2839 2820/3401/2836
f 2827/3407/2842 2824/3405/2840 2823/3404/2839 2826/3408/2843
f 2826/3408/2843 2823/3404/2839 2825/3406/2841 2829/3409/2844
f 2860/3410/2845 2827/3407/2842 2826/3408/2843 2828/3411/2846
f 2828/3411/2846 2826/3408/2843 2829/3409/2844 2830/3412/2847
f 2830/3413/2847 2829/3414/2844 2831/3415/2848 2832/3416/2849
f 2829/3414/2844 2825/3417/2841 2834/3418/2850 2831/3415/2848
f 2831/3415/2848 2833/3419/2851 2876/3420/2852 2832/3416/2849
f 2834/3418/2850 2836/3421/2853 2833/3419/2851 2831/3415/2848
f 2837/3422/2854 2836/3421/2853 2834/3418/2850 2835/3423/2855
f 2835/3423/2855 2834/3418/2850 2825/3417/2841 2822/3424/2838
f 2839/3425/2856 2838/3426/2857 2836/3421/2853 2837/3422/2854
f 2841/3427/2858 2833/3419/2851 2836/3421/2853 2838/3426/2857
f 2838/3426/2857 2839/3425/2856 2852/3428/2859 2840/3429/2860
f 2840/3429/2860 2843/3430/2861 2841/3427/2858 2838/3426/2857
f 2842/3431/2862 2876/3420/2852 2833/3419/2851 2841/3427/2858
f 2843/3430/2861 2844/3432/2863 2842/3431/2862 2841/3427/2858
f 2845/3433/2864 2846/3434/2865 2844/3432/2863 2843/3430/2861
f 2848/3435/2866 2845/3433/2864 2843/3430/2861 2840/3429/2860
f 2861/3436/2867 2846/3434/2865 2845/3433/2864 2847/3437/2868
f 2845/3433/2864 2848/3435/2866 2849/3438/2869 2847/3437/2868
f 2853/3439/2870 2849/3438/2869 2848/3435/2866 2850/3440/2871
f 2850/3440/2871 2848/3435/2866 2840/3429/2860 2852/3428/2859
f 2854/3441/2872 2853/3439/2870 2850/3440/2871 2851/3442/2873
f 2851/3442/2873 2850/3440/2871 2852/3428/2859 2892/3443/2874
f 2856/3444/2875 2855/3445/2876 2853/3439/2870 2854/3441/2872
f 2855/3445/2876 2857/3446/2877 2849/3438/2869 2853/3439/2870
f 2818/3399/2834 2821/3402/2837 2855/3445/2876 2856/3444/2875
f 2821/3402/2837 2824/3405/2840 2857/3446/2877 2855/3445/2876
f 2849/3438/2869 2857/3446/2877 2858/3447/2878 2847/3437/2868
f 2858/3447/2878 2857/3446/2877 2824/3405/2840 2827/3407/2842
f 2847/3437/2868 2858/3447/2878 2859/3448/2879 2861/3436/2867
f 2860/3410/2845 2859/3448/2879 2858/3447/2878 2827/3407/2842
f 2862/3449/2880 2859/3448/2879 2860/3410/2845 2864/3450/2881
f 2859/3448/2879 2862/3449/2880 2865/3451/2882 2861/3436/2867
f 2862/3449/2880 2863/3452/2883 2866/3453/2884 2865/3451/2882
f 2863/3452/2883 2862/3449/2880 2864/3450/2881 2882/3454/2885
f 2868/3455/2886 2867/3456/2887 2865/3451/2882 2866/3453/2884
f 2867/3456/2887 2846/3434/2865 2861/3436/2867 2865/3451/2882
f 2867/3456/2887 2868/3455/2886 2870/3457/2888 2869/3458/2889
f 2846/3434/2865 2867/3456/2887 2869/3458/2889 2844/3432/2863
f 2869/3458/2889 2870/3457/2888 2872/3459/2890 2871/3460/2891
f 2844/3432/2863 2869/3458/2889 2871/3460/2891 2842/3431/2862
f 2874/3461/2892 2873/3462/2893 2871/3460/2891 2872/3459/2890
f 2873/3462/2893 2876/3420/2852 2842/3431/2862 2871/3460/2891
f 2877/3463/2894 2875/3464/2895 2873/3462/2893 2874/3461/2892
f 2875/3464/2895 2832/3416/2849 2876/3420/2852 2873/3462/2893
f 2879/3465/2896 2878/3466/2897 2875/3464/2895 2877/3463/2894
f 2878/3466/2897 2830/3413/2847 2832/3416/2849 2875/3464/2895
f 2881/3467/2898 2880/3468/2899 2878/3469/2897 2879/3470/2896
f 2880/3468/2899 2828/3411/2846 2830/3412/2847 2878/3469/2897
f 2882/3454/2885 2864/3450/2881 2880/3468/2899 2881/3467/2898
f 2864/3450/2881 2860/3410/2845 2828/3411/2846 2880/3468/2899
f 2815/3396/2831 2818/3399/2834 2856/3444/2875 2883/3471/2900
f 2883/3471/2900 2856/3444/2875 2854/3441/2872 2885/3472/2901
f 2812/3393/2828 2815/3396/2831 2883/3471/2900 2884/3473/2902
f 2884/3473/2902 2883/3471/2900 2885/3472/2901 2886/3474/2903
f 2886/3474/2903 2885/3472/2901 2887/3475/2904 2888/3476/2905
f 2885/3472/2901 2854/3441/2872 2851/3442/2873 2887/3475/2904
f 2889/3477/2906 2890/3478/2907 2888/3476/2905 2887/3475/2904
f 2892/3443/2874 2889/3477/2906 2887/3475/2904 2851/3442/2873
f 2891/3479/2908 2902/3480/2909 2890/3478/2907 2889/3477/2906
f 2893/3481/2910 2891/3479/2908 2889/3477/2906 2892/3443/2874
f 2892/3443/2874 2852/3428/2859 2839/3425/2856 2893/3481/2910
f 2894/3482/2911 2895/3483/2912 2891/3479/2908 2893/3481/2910
f 2893/3481/2910 2839/3425/2856 2837/3422/2854 2894/3482/2911
f 2896/3484/2913 2897/3485/2914 2895/3483/2912 2894/3482/2911
f 2894/3482/2911 2837/3422/2854 2835/3423/2855 2896/3484/2913
f 2819/3486/2835 2816/3487/2832 2897/3485/2914 2896/3484/2913
f 2896/3484/2913 2835/3423/2855 2822/3424/2838 2819/3486/2835
f 2897/3485/2914 2898/3488/2915 2900/3489/2916 2895/3483/2912
f 2816/3487/2832 2813/3490/2829 2898/3488/2915 2897/3485/2914
f 2898/3488/2915 2899/3491/2917 2901/3492/2918 2900/3489/2916
f 2813/3490/2829 2810/3493/2825 2899/3491/2917 2898/3488/2915
f 2900/3489/2916 2901/3492/2918 2903/3494/2919 2902/3480/2909
f 2895/3483/2912 2900/3489/2916 2902/3480/2909 2891/3479/2908
f 2902/3480/2909 2903/3494/2919 2904/3495/2920 2890/3478/2907
f 2903/3494/2919 2793/3372/2811 2791/3370/2809 2904/3495/2920
f 2901/3492/2918 2795/3374/2813 2793/3372/2811 2903/3494/2919
f 2904/3495/2920 2791/3370/2809 2789/3368/2807 2905/3496/2921
f 2890/3478/2907 2904/3495/2920 2905/3496/2921 2888/3476/2905
f 2787/3366/2805 2906/3497/2922 2905/3496/2921 2789/3368/2807
f 2906/3497/2922 2886/3474/2903 2888/3476/2905 2905/3496/2921
f 2784/3365/2804 2907/3498/2923 2906/3497/2922 2787/3366/2805
f 2907/3498/2923 2884/3473/2902 2886/3474/2903 2906/3497/2922
f 2807/3367/2806 2809/3391/2826 2907/3498/2923 2784/3365/2804
f 2809/3391/2826 2812/3393/2828 2884/3473/2902 2907/3498/2923
f 2899/3491/2917 2908/3376/2815 2795/3374/2813 2901/3492/2918
f 2810/3493/2825 2804/3388/2823 2908/3376/2815 2899/3491/2917
f 2801/3381/2797 2773/3353/2793 2909/3352/2792 2799/3379/2818
f 2799/3379/2818 2909/3352/2792 2755/3323/2771 2753/3322/2770
f 2768/3338/2783 2759/3325/2773 2755/3323/2771 2909/3352/2792
f 2912/3499/2924 2910/3347/2790 2771/3346/2789 2911/3500/2925
f 2771/3346/2789 2736/3291/2746 2733/3290/2745 2911/3500/2925
f 3178/3501/2926 2912/3499/2924 2911/3500/2925 2913/3502/2927
f 2915/3503/2928 2913/3502/2927 2911/3500/2925 2914/3504/2929
f 2914/3504/2929 2911/3500/2925 2733/3290/2745 2916/3294/2747
f 2915/3503/2928 2914/3504/2929 2916/3294/2747 2917/3505/2930
f 2916/3294/2747 2734/3295/2742 2918/3506/2931 2917/3505/2930
f 2919/3507/2932 2917/3508/2930 2918/3509/2931 2920/3510/2933
f 2915/3511/2928 2917/3508/2930 2919/3507/2932 2922/3512/2934
f 2919/3507/2932 2920/3510/2933 2945/3513/2935 2921/3514/2936
f 2922/3512/2934 2919/3507/2932 2921/3514/2936 2923/3515/2937
f 2915/3511/2928 2922/3512/2934 2923/3515/2937 2913/3516/2927
f 3178/3517/2926 2913/3516/2927 2923/3515/2937 2924/3518/2938
f 2924/3518/2938 2923/3515/2937 2925/3519/2939 2926/3520/2940
f 2925/3519/2939 2923/3515/2937 2921/3514/2936 2929/3521/2941
f 2927/3522/2942 3039/3523/2943 2926/3520/2940 2925/3519/2939
f 2925/3524/2939 2928/3525/2944 3255/3526/2945 2927/3527/2942
f 2925/3524/2939 2929/3528/2941 2931/3529/2946 2928/3525/2944
f 2931/3529/2946 2929/3528/2941 2930/3530/2947 2933/3531/2948
f 2921/3514/2936 2945/3513/2935 2930/3532/2947 2929/3521/2941
f 2928/3525/2944 2931/3529/2946 2932/3533/2949 3258/3534/2950
f 2931/3529/2946 2933/3531/2948 2934/3535/2951 2932/3533/2949
f 2933/3531/2948 2935/3536/2952 2938/3537/2953 2934/3535/2951
f 2930/3530/2947 2939/3538/2954 2935/3536/2952 2933/3531/2948
f 2936/3539/2955 2935/3536/2952 2939/3538/2954 2940/3540/2956
f 2935/3536/2952 2936/3539/2955 2937/3541/2957
f 2935/3536/2952 2937/3541/2957 3405/3542/2958 2938/3537/2953
f 2941/3543/2959 2942/3544/2960 2940/3545/2956 2939/3546/2954
f 2941/3543/2959 2939/3546/2954 2930/3547/2947 2945/3548/2935
f 2942/3544/2960 2941/3543/2959 2943/3549/2961 2954/3550/2962
f 2941/3543/2959 2944/3551/2963 2946/3552/2964 2943/3549/2961
f 2920/3553/2933 2944/3551/2963 2941/3543/2959 2945/3548/2935
f 2944/3551/2963 2947/3554/2965 2948/3555/2966 2946/3552/2964
f 2947/3554/2965 2944/3551/2963 2920/3553/2933 2918/3556/2931
f 2730/3284/2739 2727/3281/2736 2948/3557/2966 2947/3558/2965
f 2947/3558/2965 2918/3559/2931 2734/3287/2742 2730/3284/2739
f 2950/3560/2967 2946/3552/2964 2948/3555/2966 2949/3561/2728
f 2720/3274/2729 2949/3273/2728 2948/3557/2966 2727/3281/2736
f 2951/3253/2712 2950/3560/2967 2949/3561/2728 2716/3267/2723
f 2706/3250/2709 2952/3562/2968 2950/3560/2967 2951/3253/2712
f 2952/3562/2968 2943/3549/2961 2946/3552/2964 2950/3560/2967
f 2953/3563/2969 2954/3550/2962 2943/3549/2961 2952/3562/2968
f 2704/3248/2707 2953/3563/2969 2952/3562/2968 2706/3250/2709
f 2955/3564/2970 2953/3563/2969 2704/3248/2707 2701/3247/2706
f 2956/3565/2971 2954/3550/2962 2953/3563/2969 2955/3564/2970
f 2957/3566/2972 2955/3564/2970 2701/3247/2706 2959/3249/2708
f 2960/3567/2973 2956/3565/2971 2955/3564/2970 2957/3566/2972
f 2958/3568/2974 2961/3569/2975 2960/3567/2973 2957/3566/2972
f 3211/3570/2976 2958/3568/2974 2957/3566/2972 2959/3249/2708
f 2960/3567/2973 2961/3569/2975 2962/3571/2977
f 2956/3565/2971 2960/3567/2973 2963/3572/2978 2964/3573/2979
f 2960/3567/2973 2962/3571/2977 2967/3574/2980 2963/3572/2978
f 2964/3573/2979 2963/3572/2978 2965/3575/2981 3404/3576/2982
f 2963/3572/2978 2966/3577/2983 3251/3578/2984 2965/3575/2981
f 2963/3572/2978 2967/3574/2980 2966/3577/2983
f 2967/3574/2980 2962/3571/2977 2968/3579/2985
f 2967/3574/2980 2968/3579/2985 2969/3580/2986
f 2967/3574/2980 2969/3580/2986 2972/3581/2987 2966/3577/2983
f 2970/3582/2988 2969/3580/2986 2968/3579/2985 3196/3583/2989
f 2969/3580/2986 2970/3582/2988 3189/3584/2990 2971/3585/2991
f 2972/3581/2987 2969/3580/2986 2971/3585/2991 2974/3586/2992
f 2966/3577/2983 2972/3581/2987 2973/3587/2993 3251/3578/2984
f 2973/3587/2993 2972/3581/2987 2974/3586/2992 2975/3588/2994
f 2975/3588/2994 2974/3586/2992 2976/3589/2995 2977/3590/2996
f 2974/3586/2992 2971/3585/2991 2978/3591/2997 2976/3589/2995
f 2977/3590/2996 2976/3589/2995 2979/3592/2998 2980/3593/2999
f 2976/3589/2995 2978/3591/2997 2982/3594/3000 2979/3592/2998
f 2981/3595/3001 3043/3596/3002 2980/3593/2999 2979/3592/2998
f 2982/3594/3000 2985/3597/3003 2981/3595/3001 2979/3592/2998
f 2982/3594/3000 2983/3598/3004 2985/3597/3003
f 2984/3599/3005 3250/3600/3006 2983/3598/3004 2982/3594/3000
f 2978/3591/2997 3188/3601/3007 2984/3599/3005 2982/3594/3000
f 2986/3602/3008 2981/3595/3001 2985/3597/3003
f 2985/3597/3003 2983/3598/3004 2990/3603/3009 2986/3602/3008
f 2986/3602/3008 2987/3604/3010 3043/3596/3002 2981/3595/3001
f 2988/3605/3011 2987/3604/3010 2986/3602/3008
f 2988/3605/3011 2986/3602/3008 2989/3606/3012
f 2990/3603/3009 2992/3607/3013 2989/3606/3012 2986/3602/3008
f 2990/3603/3009 2983/3598/3004 3250/3600/3006 2991/3608/3014
f 2992/3607/3013 2990/3603/3009 2991/3608/3014 2994/3609/3015
f 2992/3607/3013 2993/3610/3016 3068/3611/3017 2989/3606/3012
f 2995/3612/3018 2993/3610/3016 2992/3607/3013 2994/3609/3015
f 2997/3613/3019 2995/3612/3018 2994/3609/3015 2996/3614/3020
f 2994/3609/3015 2991/3608/3014 2999/3615/3021 2996/3614/3020
f 2997/3613/3019 2996/3614/3020 2998/3616/3022 3176/3617/3023
f 2998/3616/3022 2996/3614/3020 2999/3615/3021 3001/3618/3024
f 2999/3615/3021 2991/3608/3014 3250/3600/3006 3000/3619/3025
f 2999/3615/3021 3000/3619/3025 3002/3620/3026 3001/3618/3024
f 3003/3621/3027 3001/3618/3024 3002/3620/3026 3004/3622/3028
f 3006/3623/3029 2998/3616/3022 3001/3618/3024 3003/3621/3027
f 3005/3624/3030 3003/3621/3027 3004/3622/3028 3016/3625/3031
f 3005/3624/3030 3008/3626/3032 3006/3623/3029 3003/3621/3027
f 3176/3617/3023 2998/3616/3022 3006/3623/3029 3007/3627/3033
f 3009/3628/3034 3007/3627/3033 3006/3623/3029 3008/3626/3032
f 3009/3628/3034 3008/3626/3032 3010/3629/3035 3011/3630/3036
f 3010/3629/3035 3008/3626/3032 3005/3624/3030 3013/3631/3037
f 3012/3632/3038 3169/3633/3039 3011/3630/3036 3010/3629/3035
f 3010/3629/3035 3013/3631/3037 3014/3634/3040 3012/3632/3038
f 3013/3631/3037 3015/3635/3041 3017/3636/3042 3014/3634/3040
f 3005/3624/3030 3016/3625/3031 3015/3635/3041 3013/3631/3037
f 3016/3625/3031 3019/3637/3043 3018/3638/3044 3015/3635/3041
f 3015/3635/3041 3018/3638/3044 3020/3639/3045 3017/3636/3042
f 3021/3640/3046 3018/3638/3044 3019/3637/3043 3022/3641/3047
f 3018/3638/3044 3021/3640/3046 3023/3642/3048 3020/3639/3045
f 3021/3640/3046 2767/3340/2784 2770/3343/2787 3023/3642/3048
f 2767/3340/2784 3021/3640/3046 3022/3641/3047 3179/3341/2785
f 2910/3347/2790 3024/3643/3049 3023/3642/3048 2770/3343/2787
f 3024/3643/3049 3026/3644/3050 3020/3639/3045 3023/3642/3048
f 3025/3645/3051 3024/3643/3049 2910/3347/2790 2912/3499/2924
f 3028/3646/3052 3026/3644/3050 3024/3643/3049 3025/3645/3051
f 3026/3644/3050 3027/3647/3053 3017/3636/3042 3020/3639/3045
f 3029/3648/3054 3027/3647/3053 3026/3644/3050 3028/3646/3052
f 3029/3648/3054 3028/3646/3052 3030/3649/3055 3031/3650/3056
f 3030/3649/3055 3028/3646/3052 3025/3645/3051 3032/3651/3057
f 3034/3652/3058 3031/3653/3056 3030/3654/3055 3033/3655/3059
f 3030/3654/3055 3032/3656/3057 3036/3657/3060 3033/3655/3059
f 3034/3652/3058 3033/3655/3059 3035/3658/3061 3044/3659/3062
f 3033/3655/3059 3036/3657/3060 3037/3660/3063 3035/3658/3061
f 3032/3656/3057 3178/3517/2926 2924/3518/2938 3036/3657/3060
f 3036/3657/3060 2924/3518/2938 2926/3520/2940 3037/3660/3063
f 3037/3660/3063 3038/3661/3064 3040/3662/3065 3035/3658/3061
f 2926/3520/2940 3039/3523/2943 3038/3661/3064 3037/3660/3063
f 3038/3661/3064 3039/3523/2943 2975/3588/2994 2977/3590/2996
f 3040/3662/3065 3038/3661/3064 2977/3590/2996 2980/3593/2999
f 3035/3658/3061 3040/3662/3065 3041/3663/3066 3044/3659/3062
f 3041/3663/3066 3040/3662/3065 2980/3593/2999 3043/3596/3002
f 3044/3659/3062 3041/3663/3066 3042/3664/3067 3045/3665/3068
f 3042/3664/3067 3041/3663/3066 3043/3596/3002 2987/3604/3010
f 3047/3666/3069 3034/3652/3058 3044/3659/3062 3045/3665/3068
f 3045/3665/3068 3042/3664/3067 3066/3667/3070 3046/3668/3071
f 3045/3665/3068 3046/3668/3071 3048/3669/3072 3047/3666/3069
f 3048/3669/3072 3051/3670/3073 3049/3671/3074 3047/3666/3069
f 3049/3671/3074 3031/3653/3056 3034/3652/3058 3047/3666/3069
f 3052/3672/3075 3050/3673/3076 3049/3674/3074 3051/3675/3073
f 3049/3674/3074 3050/3673/3076 3029/3648/3054 3031/3650/3056
f 3054/3676/3077 3052/3672/3075 3051/3675/3073 3053/3677/3078
f 3056/3678/3079 3053/3679/3078 3051/3670/3073 3048/3669/3072
f 3174/3680/3080 3054/3676/3077 3053/3677/3078 3055/3681/3081
f 3058/3682/3082 3055/3683/3081 3053/3679/3078 3056/3678/3079
f 3060/3684/3083 3058/3682/3082 3056/3678/3079 3057/3685/3084
f 3057/3685/3084 3056/3678/3079 3048/3669/3072 3046/3668/3071
f 3055/3683/3081 3058/3682/3082 3059/3686/3085 3139/3687/3086
f 3061/3688/3087 3059/3686/3085 3058/3682/3082 3060/3684/3083
f 3063/3689/3088 3061/3688/3087 3060/3684/3083 3062/3690/3089
f 3060/3684/3083 3057/3685/3084 3065/3691/3090 3062/3690/3089
f 3063/3689/3088 3062/3690/3089 3064/3692/3091 3177/3693/3092
f 3062/3690/3089 3065/3691/3090 3067/3694/3093 3064/3692/3091
f 3057/3685/3084 3046/3668/3071 3066/3667/3070 3065/3691/3090
f 3065/3691/3090 3066/3667/3070 2988/3605/3011 3067/3694/3093
f 2988/3605/3011 2989/3606/3012 3068/3611/3017 3067/3694/3093
f 3068/3611/3017 3069/3695/3094 3064/3692/3091 3067/3694/3093
f 2993/3610/3016 3071/3696/3095 3069/3695/3094 3068/3611/3017
f 3071/3696/3095 3073/3697/3096 3070/3698/3097 3069/3695/3094
f 3069/3695/3094 3070/3698/3097 3177/3693/3092 3064/3692/3091
f 3072/3699/3098 3075/3700/3099 3073/3697/3096 3071/3696/3095
f 3072/3699/3098 3071/3696/3095 2993/3610/3016 2995/3612/3018
f 3073/3697/3096 3074/3701/3100 3127/3702/3101 3070/3698/3097
f 3075/3700/3099 3076/3703/3102 3074/3701/3100 3073/3697/3096
f 3076/3703/3102 3075/3700/3099 3077/3704/3103 3080/3705/3104
f 3075/3700/3099 3072/3699/3098 3079/3706/3105 3077/3704/3103
f 3081/3707/3106 3080/3705/3104 3077/3704/3103 3078/3708/3107
f 3078/3708/3107 3077/3704/3103 3079/3706/3105 3175/3709/3108
f 3082/3710/3109 3080/3705/3104 3081/3707/3106 3083/3711/3110
f 3082/3710/3109 3084/3712/3111 3076/3703/3102 3080/3705/3104
f 3087/3713/3112 3085/3714/3113 3082/3710/3109 3083/3711/3110
f 3085/3714/3113 3088/3715/3114 3084/3712/3111 3082/3710/3109
f 3086/3716/3115 3090/3717/3116 3088/3715/3114 3085/3714/3113
f 3086/3716/3115 3085/3714/3113 3087/3713/3112 3096/3718/3117
f 3129/3719/3118 3084/3712/3111 3088/3715/3114 3089/3720/3119
f 3089/3720/3119 3088/3715/3114 3090/3717/3116 3091/3721/3120
f 3092/3722/3121 3093/3723/3122 3091/3721/3120 3090/3717/3116
f 3094/3724/3123 3092/3722/3121 3090/3717/3116 3086/3716/3115
f 3094/3724/3123 3086/3716/3115 3096/3718/3117 3095/3725/3124
f 3095/3725/3124 3096/3718/3117 3098/3726/3125 3097/3727/3126
f 3097/3727/3126 3098/3726/3125 3100/3728/3127 3099/3729/3128
f 3099/3729/3128 3100/3728/3127 3102/3730/3129 3101/3731/3130
f 3101/3731/3130 3102/3730/3129 3104/3732/3131 3103/3733/3132
f 3103/3733/3132 3104/3732/3131 3106/3734/3133 3105/3735/3134
f 3105/3735/3134 3106/3734/3133 3108/3736/3135 3107/3737/3136
f 3107/3737/3136 3108/3736/3135 3110/3738/3137 3109/3739/3138
f 3111/3740/3139 3109/3741/3138 3110/3742/3137 3113/3743/3140
f 3112/3744/3141 3111/3740/3139 3113/3743/3140 3115/3745/3142
f 3113/3743/3140 3110/3742/3137 3146/3746/3143 3114/3747/3144
f 3115/3745/3142 3113/3743/3140 3114/3747/3144 3116/3748/3145
f 3117/3749/3146 3115/3745/3142 3116/3748/3145 3118/3750/3147
f 3120/3751/3148 3112/3744/3141 3115/3745/3142 3117/3749/3146
f 3117/3749/3146 3118/3750/3147 3125/3752/3149 3119/3753/3150
f 3120/3751/3148 3117/3749/3146 3119/3753/3150 3121/3754/3151
f 3123/3755/3152 3122/3756/3153 3121/3754/3151 3119/3753/3150
f 3091/3721/3120 3093/3723/3122 3122/3756/3153 3123/3755/3152
f 3089/3720/3119 3091/3721/3120 3123/3755/3152 3124/3757/3154
f 3124/3757/3154 3123/3755/3152 3119/3753/3150 3125/3752/3149
f 3126/3758/3155 3124/3757/3154 3125/3752/3149 3128/3759/3156
f 3129/3719/3118 3089/3720/3119 3124/3757/3154 3126/3758/3155
f 3074/3701/3100 3129/3719/3118 3126/3758/3155 3127/3702/3101
f 3127/3702/3101 3126/3758/3155 3128/3759/3156 3130/3760/3157
f 3084/3712/3111 3129/3719/3118 3074/3701/3100 3076/3703/3102
f 3131/3761/3158 3132/3762/3159 3130/3760/3157 3128/3759/3156
f 3118/3750/3147 3131/3761/3158 3128/3759/3156 3125/3752/3149
f 3132/3762/3159 3131/3761/3158 3133/3763/3160 3134/3764/3161
f 3118/3750/3147 3116/3748/3145 3133/3763/3160 3131/3761/3158
f 3134/3764/3161 3133/3763/3160 3135/3765/3162 3137/3766/3163
f 3116/3748/3145 3114/3747/3144 3135/3765/3162 3133/3763/3160
f 3114/3747/3144 3146/3746/3143 3136/3767/3164 3135/3765/3162
f 3135/3765/3162 3136/3767/3164 3138/3768/3165 3137/3766/3163
f 3059/3686/3085 3061/3688/3087 3134/3764/3161 3137/3766/3163
f 3139/3687/3086 3059/3686/3085 3137/3766/3163 3138/3768/3165
f 3139/3769/3086 3138/3770/3165 3140/3771/3166 3141/3772/3167
f 3143/3773/3168 3140/3771/3166 3138/3770/3165 3136/3774/3164
f 3141/3772/3167 3140/3771/3166 3142/3775/3169 3173/3776/3170
f 3142/3775/3169 3140/3771/3166 3143/3773/3168 3144/3777/3171
f 3146/3778/3143 3145/3779/3172 3143/3773/3168 3136/3774/3164
f 3145/3779/3172 3147/3780/3173 3144/3777/3171 3143/3773/3168
f 3106/3734/3133 3147/3780/3173 3145/3779/3172 3108/3736/3135
f 3108/3736/3135 3145/3779/3172 3146/3778/3143 3110/3738/3137
f 3104/3732/3131 3148/3781/3174 3147/3780/3173 3106/3734/3133
f 3147/3780/3173 3148/3781/3174 3150/3782/3175 3144/3777/3171
f 3102/3730/3129 3149/3783/3176 3148/3781/3174 3104/3732/3131
f 3148/3781/3174 3149/3783/3176 3152/3784/3177 3150/3782/3175
f 3151/3785/3178 3142/3775/3169 3144/3777/3171 3150/3782/3175
f 3153/3786/3179 3151/3785/3178 3150/3782/3175 3152/3784/3177
f 3154/3787/3180 3155/3788/3181 3153/3786/3179 3152/3784/3177
f 3149/3783/3176 3157/3789/3182 3154/3787/3180 3152/3784/3177
f 3156/3790/3183 3159/3791/3184 3155/3788/3181 3154/3787/3180
f 3156/3790/3183 3154/3787/3180 3157/3789/3182 3158/3792/3185
f 3158/3792/3185 3157/3789/3182 3100/3728/3127 3098/3726/3125
f 3100/3728/3127 3157/3789/3182 3149/3783/3176 3102/3730/3129
f 3158/3792/3185 3098/3726/3125 3096/3718/3117 3087/3713/3112
f 3156/3790/3183 3158/3792/3185 3087/3713/3112 3083/3711/3110
f 3083/3711/3110 3081/3707/3106 3159/3791/3184 3156/3790/3183
f 3162/3793/3186 3155/3788/3181 3159/3791/3184 3160/3794/3187
f 3078/3708/3107 3160/3794/3187 3159/3791/3184 3081/3707/3106
f 3175/3709/3108 3161/3795/3188 3160/3794/3187 3078/3708/3107
f 3161/3795/3188 3164/3796/3189 3162/3793/3186 3160/3794/3187
f 3153/3786/3179 3155/3788/3181 3162/3793/3186 3163/3797/3190
f 3163/3797/3190 3162/3793/3186 3164/3796/3189 3165/3798/3191
f 3164/3796/3189 3009/3628/3034 3011/3630/3036 3165/3798/3191
f 3164/3796/3189 3161/3795/3188 3007/3627/3033 3009/3628/3034
f 3163/3797/3190 3165/3798/3191 3166/3799/3192 3167/3800/3193
f 3169/3633/3039 3166/3799/3192 3165/3798/3191 3011/3630/3036
f 3167/3800/3193 3166/3799/3192 3168/3801/3194 3173/3776/3170
f 3168/3801/3194 3166/3799/3192 3169/3633/3039 3170/3802/3195
f 3170/3802/3195 3169/3633/3039 3012/3632/3038 3171/3803/3196
f 3170/3802/3195 3171/3803/3196 3052/3672/3075 3054/3676/3077
f 3168/3801/3194 3170/3802/3195 3054/3676/3077 3174/3680/3080
f 3172/3804/3197 3050/3673/3076 3052/3672/3075 3171/3803/3196
f 3172/3804/3197 3171/3803/3196 3012/3632/3038 3014/3634/3040
f 3050/3673/3076 3172/3804/3197 3027/3647/3053 3029/3648/3054
f 3027/3647/3053 3172/3804/3197 3014/3634/3040 3017/3636/3042
f 3173/3776/3170 3168/3801/3194 3174/3680/3080 3141/3772/3167
f 3055/3681/3081 3139/3769/3086 3141/3772/3167 3174/3680/3080
f 3167/3800/3193 3173/3776/3170 3142/3775/3169 3151/3785/3178
f 3167/3800/3193 3151/3785/3178 3153/3786/3179 3163/3797/3190
f 3175/3709/3108 3176/3617/3023 3007/3627/3033 3161/3795/3188
f 2997/3613/3019 3176/3617/3023 3175/3709/3108 3079/3706/3105
f 3063/3689/3088 3132/3762/3159 3134/3764/3161 3061/3688/3087
f 3132/3762/3159 3063/3689/3088 3177/3693/3092 3130/3760/3157
f 3070/3698/3097 3127/3702/3101 3130/3760/3157 3177/3693/3092
f 2997/3613/3019 3079/3706/3105 3072/3699/3098 2995/3612/3018
f 3066/3667/3070 3042/3664/3067 2987/3604/3010 2988/3605/3011
f 3039/3523/2943 2927/3522/2942 2973/3587/2993 2975/3588/2994
f 3032/3651/3057 3025/3645/3051 2912/3499/2924 3178/3501/2926
f 3179/3341/2785 3022/3641/3047 3180/3805/3198 3181/3806/3199
f 3022/3641/3047 3019/3637/3043 3183/3807/3200 3180/3805/3198
f 3181/3806/3199 3180/3805/3198 3182/3808/3201 3190/3809/3202
f 3180/3805/3198 3183/3807/3200 3184/3810/3203 3182/3808/3201
f 3184/3810/3203 3183/3807/3200 3004/3622/3028 3002/3620/3026
f 3183/3807/3200 3019/3637/3043 3016/3625/3031 3004/3622/3028
f 3182/3808/3201 3184/3810/3203 3185/3811/3204 3186/3812/3205
f 3000/3619/3025 3185/3811/3204 3184/3810/3203 3002/3620/3026
f 3000/3619/3025 3250/3600/3006 2984/3599/3005 3185/3811/3204
f 3188/3601/3007 3186/3812/3205 3185/3811/3204 2984/3599/3005
f 3187/3813/3206 3190/3809/3202 3182/3808/3201 3186/3812/3205
f 3187/3813/3206 3186/3812/3205 3188/3601/3007 3189/3584/2990
f 2971/3585/2991 3189/3584/2990 3188/3601/3007 2978/3591/2997
f 3189/3584/2990 2970/3582/2988 3191/3814/3207 3187/3813/3206
f 3190/3809/3202 3187/3813/3206 3191/3814/3207 3192/3815/3208
f 3192/3815/3208 3191/3814/3207 3193/3816/3209 3194/3817/3210
f 2970/3582/2988 3196/3583/2989 3193/3816/3209 3191/3814/3207
f 3195/3818/3211 3240/3819/3212 3194/3817/3210 3193/3816/3209
f 3195/3818/3211 3193/3816/3209 3196/3583/2989 3197/3820/3213
f 2962/3571/2977 3196/3583/2989 2968/3579/2985
f 2961/3569/2975 3197/3820/3213 3196/3583/2989 2962/3571/2977
f 3200/3821/3214 3195/3818/3211 3197/3820/3213 3198/3822/3215
f 3198/3822/3215 3197/3820/3213 2961/3569/2975 2958/3568/2974
f 3202/3823/3216 3200/3821/3214 3198/3822/3215 3199/3824/3217
f 3199/3824/3217 3198/3822/3215 2958/3568/2974 3211/3570/2976
f 3202/3823/3216 3203/3825/3218 3201/3826/3219 3200/3821/3214
f 3200/3821/3214 3201/3826/3219 3240/3819/3212 3195/3818/3211
f 3205/3827/3220 3203/3825/3218 3202/3823/3216 3204/3828/3221
f 3207/3829/3222 3204/3828/3221 3202/3823/3216 3199/3824/3217
f 3206/3830/3223 3212/3831/3224 3205/3827/3220 3204/3828/3221
f 3206/3830/3223 3204/3828/3221 3207/3829/3222 3209/3832/3225
f 3209/3832/3225 3207/3829/3222 3208/3833/3226 3210/3241/2700
f 3208/3833/3226 3207/3829/3222 3199/3824/3217 3211/3570/2976
f 2688/3231/2690 3206/3830/3223 3209/3832/3225 2691/3232/2691
f 2691/3232/2691 3209/3832/3225 3210/3241/2700 2692/3235/2694
f 3210/3241/2700 3208/3833/3226 2702/3246/2705 2695/3239/2698
f 3211/3570/2976 2959/3249/2708 2702/3246/2705 3208/3833/3226
f 2688/3231/2690 3214/3234/2693 3212/3831/3224 3206/3830/3223
f 3212/3831/3224 3213/3834/3227 3241/3835/3228 3205/3827/3220
f 3214/3234/2693 3215/3836/3229 3213/3834/3227 3212/3831/3224
f 2689/3233/2692 3215/3836/3229 3214/3234/2693
f 2689/3233/2692 3216/3837/3230 3215/3836/3229
f 3215/3836/3229 3216/3837/3230 3217/3838/3231 3213/3834/3227
f 3216/3837/3230 3218/3839/3232 3221/3840/3233 3217/3838/3231
f 3218/3839/3232 3216/3837/3230 2689/3233/2692 3219/3841/3234
f 3218/3839/3232 3219/3841/3234 3220/3842/3235
f 3222/3843/3236 3221/3840/3233 3218/3839/3232 3220/3842/3235
f 3226/3277/2732 3223/3844/3237 3221/3840/3233 3222/3843/3236
f 3217/3838/3231 3221/3840/3233 3223/3844/3237 3224/3845/3238
f 3228/3846/3239 3224/3845/3238 3223/3844/3237 3225/3847/3240
f 3226/3277/2732 2722/3276/2731 3225/3847/3240 3223/3844/3237
f 3222/3843/3236 3242/3270/2725 2718/3271/2726 3226/3277/2732
f 3230/3848/3241 3228/3846/3239 3225/3847/3240 3227/3849/3242
f 3227/3849/3242 3225/3847/3240 2722/3276/2731 2724/3278/2733
f 3229/3850/3243 3241/3835/3228 3224/3845/3238 3228/3846/3239
f 3229/3850/3243 3228/3846/3239 3230/3848/3241 3231/3851/3244
f 3231/3851/3244 3230/3848/3241 3232/3852/3245 3233/3853/3246
f 3232/3852/3245 3230/3848/3241 3227/3849/3242 3234/3854/3247
f 3232/3852/3245 3235/3855/3248 3233/3853/3246
f 3234/3854/3247 3239/3330/2778 2762/3333/2779 3232/3852/3245
f 3232/3852/3245 2762/3333/2779 3237/3856/3249 3235/3855/3248
f 3235/3855/3248 3237/3856/3249 3236/3857/3250
f 3235/3855/3248 3236/3857/3250 3194/3817/3210
f 3233/3853/3246 3235/3855/3248 3194/3817/3210 3240/3819/3212
f 3237/3856/3249 2764/3335/2780 2766/3337/2782 3238/3858/3251
f 3237/3856/3249 3238/3858/3251 3236/3857/3250
f 2762/3333/2779 2764/3335/2780 3237/3856/3249
f 3192/3815/3208 3194/3817/3210 3236/3857/3250 3238/3858/3251
f 2766/3337/2782 3179/3341/2785 3181/3806/3199 3238/3858/3251
f 3238/3858/3251 3181/3806/3199 3190/3809/3202 3192/3815/3208
f 3234/3854/3247 3227/3849/3242 2724/3278/2733 2726/3280/2735
f 3239/3330/2778 3234/3854/3247 2726/3280/2735 2729/3282/2737
f 2729/3282/2737 3406/3286/2741 2761/3331/2774 3239/3330/2778
f 3201/3826/3219 3231/3851/3244 3233/3853/3246 3240/3819/3212
f 3203/3825/3218 3229/3850/3243 3231/3851/3244 3201/3826/3219
f 3241/3835/3228 3229/3850/3243 3203/3825/3218 3205/3827/3220
f 3213/3834/3227 3217/3838/3231 3224/3845/3238 3241/3835/3228
f 3220/3842/3235 3243/3859/3252 3242/3270/2725 3222/3843/3236
f 3243/3859/3252 3245/3261/2720 2714/3264/2721 3242/3270/2725
f 3244/3860/3253 3246/3861/3254 3245/3261/2720 3243/3859/3252
f 3219/3841/3234 3244/3860/3253 3243/3859/3252 3220/3842/3235
f 3246/3861/3254 3247/3862/3255 2713/3262/2718 3245/3261/2720
f 3248/3863/3256 2711/3257/2716 2713/3259/2718 3247/3864/3255
f 3249/3865/3257 2709/3256/2715 2711/3257/2716 3248/3863/3256
f 2693/3238/2697 2697/3243/2702 2709/3256/2715 3249/3865/3257
f 3253/3866/3258 3251/3867/2984 2973/3868/2993 3252/3869/3259
f 2927/3870/2942 3255/3871/2945 3252/3869/3259 2973/3868/2993
f 3253/3866/3258 3252/3869/3259 3254/3872/3260 3398/3873/3261
f 3255/3871/2945 3256/3874/3262 3254/3872/3260 3252/3869/3259
f 3255/3526/2945 2928/3525/2944 3258/3534/2950 3256/3875/3262
f 3259/3876/3263 3257/3877/3264 3256/3875/3262 3258/3534/2950
f 3256/3874/3262 3257/3878/3264 3397/3879/3265 3254/3872/3260
f 3258/3534/2950 2932/3533/2949 3261/3880/3266 3259/3876/3263
f 3260/3881/3267 3291/3882/3268 3257/3877/3264 3259/3876/3263
f 3259/3876/3263 3261/3880/3266 3262/3883/3269 3260/3881/3267
f 3261/3880/3266 3263/3884/3270 3264/3885/3271 3262/3883/3269
f 2932/3533/2949 2934/3535/2951 3263/3884/3270 3261/3880/3266
f 3263/3884/3270 3265/3886/3272 3267/3887/3273 3264/3885/3271
f 2934/3535/2951 2938/3537/2953 3265/3886/3272 3263/3884/3270
f 2938/3537/2953 3405/3542/2958 3266/3888/3274 3265/3886/3272
f 3265/3886/3272 3266/3888/3274 3268/3889/3275 3267/3887/3273
f 3267/3887/3273 3268/3889/3275 3272/3890/3276 3269/3891/3277
f 3264/3885/3271 3267/3887/3273 3269/3891/3277 3270/3892/3278
f 3270/3892/3278 3269/3891/3277 3271/3893/3279 3295/3894/3280
f 3269/3891/3277 3272/3890/3276 3273/3895/3281 3271/3893/3279
f 3275/3896/3282 3273/3895/3281 3272/3890/3276 3274/3897/3283
f 3274/3897/3283 3272/3890/3276 3268/3889/3275 3277/3898/3284
f 3396/3899/3285 3275/3896/3282 3274/3897/3283 3276/3900/3286
f 3276/3900/3286 3274/3897/3283 3277/3898/3284 3279/3901/3287
f 3277/3898/3284 3268/3889/3275 3266/3888/3274 3278/3902/3288
f 3279/3901/3287 3277/3898/3284 3278/3902/3288 3280/3903/3289
f 3281/3904/3290 3279/3901/3287 3280/3903/3289 3282/3905/3291
f 3284/3906/3292 3276/3900/3286 3279/3901/3287 3281/3904/3290
f 3283/3907/3293 3281/3904/3290 3282/3905/3291 3397/3879/3265
f 3286/3908/3294 3284/3906/3292 3281/3904/3290 3283/3907/3293
f 3285/3909/3295 3396/3899/3285 3276/3900/3286 3284/3906/3292
f 3287/3910/3296 3285/3909/3295 3284/3906/3292 3286/3908/3294
f 3288/3911/3297 3289/3912/3298 3287/3910/3296 3286/3908/3294
f 3291/3913/3268 3288/3911/3297 3286/3908/3294 3283/3907/3293
f 3292/3914/3299 3289/3915/3298 3288/3916/3297 3290/3917/3300
f 3290/3917/3300 3288/3916/3297 3291/3882/3268 3260/3881/3267
f 3257/3878/3264 3291/3913/3268 3283/3907/3293 3397/3879/3265
f 3290/3917/3300 3293/3918/3301 3294/3919/3302 3292/3914/3299
f 3260/3881/3267 3262/3883/3269 3293/3918/3301 3290/3917/3300
f 3293/3918/3301 3270/3892/3278 3295/3894/3280 3294/3919/3302
f 3262/3883/3269 3264/3885/3271 3270/3892/3278 3293/3918/3301
f 3292/3914/3299 3294/3919/3302 3296/3920/3303 3297/3921/3304
f 3294/3919/3302 3295/3894/3280 3298/3922/3305 3296/3920/3303
f 3297/3921/3304 3296/3920/3303 3299/3923/3306 3301/3924/3307
f 3296/3920/3303 3298/3922/3305 3300/3925/3308 3299/3923/3306
f 3299/3923/3306 3300/3925/3308 3304/3926/3309 3302/3927/3310
f 3301/3924/3307 3299/3923/3306 3302/3927/3310 3303/3928/3311
f 3303/3928/3311 3302/3927/3310 3305/3929/3312 3306/3930/3313
f 3302/3927/3310 3304/3926/3309 3307/3931/3314 3305/3929/3312
f 3306/3930/3313 3305/3929/3312 3308/3932/3315 3309/3933/3316
f 3305/3929/3312 3307/3931/3314 3310/3934/3317 3308/3932/3315
f 3309/3933/3316 3308/3932/3315 3311/3935/3318 3313/3936/3319
f 3308/3932/3315 3310/3934/3317 3312/3937/3320 3311/3935/3318
f 3316/3938/3321 3314/3939/3322 3311/3935/3318 3312/3937/3320
f 3314/3939/3322 3317/3940/3323 3313/3936/3319 3311/3935/3318
f 3315/3941/3324 3318/3942/3325 3317/3940/3323 3314/3939/3322
f 3315/3941/3324 3314/3939/3322 3316/3938/3321 3348/3943/3326
f 3318/3942/3325 3320/3944/3327 3319/3945/3328 3317/3940/3323
f 3317/3940/3323 3319/3945/3328 3322/3946/3329 3313/3936/3319
f 3319/3947/3328 3320/3948/3327 3333/3949/3330 3321/3950/3331
f 3322/3951/3329 3319/3947/3328 3321/3950/3331 3324/3952/3332
f 3323/3953/3333 3309/3933/3316 3313/3936/3319 3322/3946/3329
f 3323/3954/3333 3322/3951/3329 3324/3952/3332 3325/3955/3334
f 3327/3956/3335 3325/3955/3334 3324/3952/3332 3326/3957/3336
f 3324/3952/3332 3321/3950/3331 3329/3958/3337 3326/3957/3336
f 3384/3959/3338 3327/3956/3335 3326/3957/3336 3328/3960/3339
f 3330/3961/3340 3328/3960/3339 3326/3957/3336 3329/3958/3337
f 3332/3962/3341 3330/3961/3340 3329/3958/3337 3331/3963/3342
f 3321/3950/3331 3333/3949/3330 3331/3963/3342 3329/3958/3337
f 3334/3964/3343 3335/3965/3344 3332/3962/3341 3331/3963/3342
f 3337/3966/3345 3334/3964/3343 3331/3963/3342 3333/3949/3330
f 3336/3967/3346 3358/3968/3347 3335/3965/3344 3334/3964/3343
f 3338/3969/3348 3336/3967/3346 3334/3964/3343 3337/3966/3345
f 3339/3970/3349 3340/3971/3350 3338/3969/3348 3337/3966/3345
f 3320/3948/3327 3339/3970/3349 3337/3966/3345 3333/3949/3330
f 3342/3972/3351 3340/3973/3350 3339/3974/3349 3341/3975/3352
f 3341/3975/3352 3339/3974/3349 3320/3944/3327 3318/3942/3325
f 3344/3976/3353 3342/3972/3351 3341/3975/3352 3343/3977/3354
f 3343/3977/3354 3341/3975/3352 3318/3942/3325 3315/3941/3324
f 3346/3978/3355 3344/3976/3353 3343/3977/3354 3345/3979/3356
f 3345/3979/3356 3343/3977/3354 3315/3941/3324 3348/3943/3326
f 3345/3979/3356 3347/3980/3357 3359/3981/3358 3346/3978/3355
f 3348/3943/3326 3349/3982/3359 3347/3980/3357 3345/3979/3356
f 3350/3983/3360 3349/3982/3359 3348/3943/3326 3316/3938/3321
f 3349/3982/3359 3350/3983/3360 3352/3984/3361 3351/3985/3362
f 3354/3986/3363 3347/3980/3357 3349/3982/3359 3351/3985/3362
f 3352/3984/3361 3360/3987/3364 3353/3988/3365 3351/3985/3362
f 3351/3985/3362 3353/3988/3365 3356/3989/3366 3354/3986/3363
f 3355/3990/3367 3359/3981/3358 3347/3980/3357 3354/3986/3363
f 3354/3986/3363 3356/3989/3366 3357/3991/3368 3355/3990/3367
f 3353/3988/3365 3332/3962/3341 3335/3965/3344 3356/3989/3366
f 3356/3989/3366 3335/3965/3344 3358/3968/3347 3357/3991/3368
f 3360/3987/3364 3330/3961/3340 3332/3962/3341 3353/3988/3365
f 3361/3992/3369 3328/3960/3339 3330/3961/3340 3360/3987/3364
f 3363/3993/3370 3361/3992/3369 3360/3987/3364 3352/3984/3361
f 3328/3960/3339 3361/3992/3369 3362/3994/3371 3384/3959/3338
f 3364/3995/3372 3362/3994/3371 3361/3992/3369 3363/3993/3370
f 3366/3996/3373 3364/3995/3372 3363/3993/3370 3365/3997/3374
f 3352/3984/3361 3350/3983/3360 3365/3997/3374 3363/3993/3370
f 3310/3934/3317 3366/3996/3373 3365/3997/3374 3312/3937/3320
f 3365/3997/3374 3350/3983/3360 3316/3938/3321 3312/3937/3320
f 3367/3998/3375 3368/3999/3376 3364/3995/3372 3366/3996/3373
f 3307/3931/3314 3367/3998/3375 3366/3996/3373 3310/3934/3317
f 3369/4000/3377 3370/4001/3378 3368/3999/3376 3367/3998/3375
f 3304/3926/3309 3369/4000/3377 3367/3998/3375 3307/3931/3314
f 3371/4002/3379 3372/4003/3380 3370/4001/3378 3369/4000/3377
f 3300/3925/3308 3371/4002/3379 3369/4000/3377 3304/3926/3309
f 3373/4004/3381 3374/4005/3382 3372/4003/3380 3371/4002/3379
f 3298/3922/3305 3373/4004/3381 3371/4002/3379 3300/3925/3308
f 3271/3893/3279 3273/3895/3281 3374/4005/3382 3373/4004/3381
f 3295/3894/3280 3271/3893/3279 3373/4004/3381 3298/3922/3305
f 3377/4006/3383 3372/4003/3380 3374/4005/3382 3375/4007/3384
f 3375/4007/3384 3374/4005/3382 3273/3895/3281 3275/3896/3282
f 3378/4008/3385 3377/4006/3383 3375/4007/3384 3376/4009/3386
f 3376/4009/3386 3375/4007/3384 3275/3896/3282 3396/3899/3285
f 3380/4010/3387 3379/4011/3388 3377/4006/3383 3378/4008/3385
f 3379/4011/3388 3370/4001/3378 3372/4003/3380 3377/4006/3383
f 3382/4012/3389 3381/4013/3390 3379/4011/3388 3380/4010/3387
f 3381/4013/3390 3368/3999/3376 3370/4001/3378 3379/4011/3388
f 3381/4013/3390 3382/4012/3389 3384/3959/3338 3362/3994/3371
f 3368/3999/3376 3381/4013/3390 3362/3994/3371 3364/3995/3372
f 3382/4012/3389 3383/4014/3391 3327/3956/3335 3384/3959/3338
f 3383/4014/3391 3382/4012/3389 3380/4010/3387 3386/4015/3392
f 3383/4014/3391 3385/4016/3393 3325/3955/3334 3327/3956/3335
f 3385/4016/3393 3383/4014/3391 3386/4015/3392 3387/4017/3394
f 3387/4017/3394 3386/4015/3392 3388/4018/3395 3389/4019/3396
f 3386/4015/3392 3380/4010/3387 3378/4008/3385 3388/4018/3395
f 3389/4019/3396 3388/4018/3395 3390/4020/3397 3391/4021/3398
f 3388/4018/3395 3378/4008/3385 3376/4009/3386 3390/4020/3397
f 3391/4021/3398 3390/4020/3397 3285/3909/3295 3287/3910/3296
f 3390/4020/3397 3376/4009/3386 3396/3899/3285 3285/3909/3295
f 3392/4022/3399 3393/4023/3400 3389/4019/3396 3391/4021/3398
f 3289/3912/3298 3392/4022/3399 3391/4021/3398 3287/3910/3296
f 3301/3924/3307 3393/4024/3400 3392/4025/3399 3297/3921/3304
f 3297/3921/3304 3392/4025/3399 3289/3915/3298 3292/3914/3299
f 3303/3928/3311 3394/4026/3401 3393/4024/3400 3301/3924/3307
f 3393/4023/3400 3394/4027/3401 3387/4017/3394 3389/4019/3396
f 3306/3930/3313 3395/4028/3402 3394/4026/3401 3303/3928/3311
f 3394/4027/3401 3395/4029/3402 3385/4016/3393 3387/4017/3394
f 3395/4028/3402 3306/3930/3313 3309/3933/3316 3323/3953/3333
f 3395/4029/3402 3323/3954/3333 3325/3955/3334 3385/4016/3393
f 3397/3879/3265 3282/3905/3291 3398/3873/3261 3254/3872/3260
f 3282/3905/3291 3280/3903/3289 3399/4030/3403 3398/3873/3261
f 3401/4031/3404 3253/3866/3258 3398/3873/3261 3399/4030/3403
f 3399/4030/3403 3400/4032/3405 3402/4033/3406 3401/4031/3404
f 3280/3903/3289 3278/3902/3288 3400/4032/3405 3399/4030/3403
f 3401/4031/3404 3402/4033/3406 3403/4034/3407
f 3404/4035/2982 2965/4036/2981 3401/4031/3404 3403/4034/3407
f 3253/3866/3258 3401/4031/3404 2965/4036/2981 3251/3867/2984
f 3403/4034/3407 2936/3539/2955 2940/3540/2956 3404/4035/2982
f 3402/4033/3406 2937/3541/2957 2936/3539/2955 3403/4034/3407
f 2942/3544/2960 2964/3573/2979 3404/3576/2982 2940/3545/2956
f 3400/4032/3405 3405/3542/2958 2937/3541/2957 3402/4033/3406
f 3278/3902/3288 3266/3888/3274 3405/3542/2958 3400/4032/3405
f 2964/3573/2979 2942/3544/2960 2954/3550/2962 2956/3565/2971
f 2757/3327/2775 2761/3326/2774 3406/3308/2741 2742/3307/2756
f 2741/3305/2754 2758/3313/2761 2757/3327/2775 2742/3307/2756
o Boy01_Body_Geo.002
v 0.183983 2.190001 0.359513
v 0.055207 2.123248 0.201824
v 0.180988 2.202120 0.357543
v 0.052410 2.130644 0.199063
vn 0.7589 0.0683 -0.6476
vt 0.016387 0.306158
vt 0.012488 0.443639
vt 0.005419 0.443208
vt 0.007048 0.305589
s 1
usemtl Boy01_Body_MAT1.001
f 3407/4037/3408 3408/4038/3408 3410/4039/3408 3409/4040/3408
