# Blender 5.0.1
# www.blender.org
mtllib Trump.mtl
o QIHL23IIBO25M57B3GBOO0Z0I
v 0.136100 0.219284 -0.258439
v 0.201121 0.286822 -0.192182
v 0.146937 0.228689 -0.203359
v 0.222158 0.257755 -0.139896
v 0.176260 0.185942 -0.127922
v 0.229808 0.213299 0.008980
v 0.166698 0.141487 -0.068452
v 0.189647 0.150036 0.002594
v 0.104226 0.078224 0.039714
v 0.122076 0.120114 0.143089
v 0.000318 0.071385 0.117146
v 0.000318 0.114985 0.176617
v -0.122075 0.120114 0.143089
v -0.095301 0.145762 0.191385
v -0.190284 0.175683 0.147081
v -0.159048 0.202185 0.207350
v -0.213870 0.229543 0.144287
v -0.185822 0.242367 0.212140
v -0.196659 0.289387 0.202959
v -0.134824 0.249206 0.247663
v -0.155861 0.285112 0.244070
v -0.100401 0.280838 0.266820
v -0.108688 0.309904 0.264027
v -0.074903 0.327003 0.301546
v -0.062791 0.357779 0.305936
v -0.016892 0.364619 0.342657
v -0.019443 0.375733 0.333077
v 0.000318 0.374878 0.335472
v -0.023905 0.393686 0.325094
v 0.000318 0.395395 0.335472
v 0.000318 0.404799 0.363012
v 0.023905 0.393686 0.325094
v 0.027092 0.416768 0.345450
v 0.042392 0.406509 0.329883
v 0.027730 0.417623 0.366205
v 0.038567 0.418477 0.345450
v 0.029643 0.443270 0.373390
v 0.046217 0.439851 0.330682
v 0.021993 0.467207 0.345051
v 0.046854 0.457804 0.307133
v 0.016892 0.491145 0.318309
v 0.048129 0.473192 0.286777
v 0.025817 0.527051 0.298752
v 0.067253 0.492855 0.250057
v 0.079365 0.553554 0.305138
v 0.095301 0.511663 0.259637
v 0.131000 0.513373 0.255645
v 0.122713 0.502259 0.242873
v 0.164786 0.495420 0.236088
v 0.137375 0.488580 0.251654
v 0.153949 0.438996 0.244469
v 0.094027 0.439851 0.266022
v 0.133550 0.366328 0.264426
v 0.072990 0.425317 0.295558
v 0.089564 0.350085 0.281589
v 0.048767 0.391975 0.310326
v 0.062791 0.357779 0.305936
v 0.019442 0.375733 0.333077
v 0.016892 0.364619 0.342657
v 0.000318 0.356924 0.345051
v 0.000318 0.345811 0.337068
v -0.015618 0.350940 0.333876
v -0.089564 0.350085 0.281589
v -0.048766 0.391975 0.310326
v -0.072990 0.425317 0.295558
v -0.046854 0.457804 0.307133
v -0.048129 0.473192 0.286777
v -0.016892 0.491145 0.318309
v -0.025817 0.527051 0.298752
v 0.000318 0.495420 0.327090
v 0.000318 0.550134 0.300747
v 0.060241 0.584331 0.292365
v 0.146937 0.574926 0.277997
v 0.199209 0.546715 0.242873
v 0.217696 0.495420 0.200964
v 0.192834 0.460369 0.224912
v 0.224708 0.415913 0.182603
v 0.171160 0.378298 0.232096
v 0.196659 0.289387 0.202959
v 0.155861 0.285112 0.244070
v 0.134825 0.249206 0.247663
v 0.100401 0.280838 0.266820
v 0.098489 0.220139 0.253251
v 0.075540 0.266304 0.276401
v 0.044304 0.226978 0.301546
v 0.039843 0.281693 0.299151
v 0.023905 0.238946 0.313121
v 0.000318 0.238092 0.318309
v 0.000318 0.200476 0.302743
v 0.056416 0.183378 0.241676
v 0.000318 0.158586 0.239680
v 0.095301 0.145762 0.191385
v 0.108688 0.309904 0.264027
v 0.074903 0.327003 0.301546
v 0.015618 0.350940 0.333876
v 0.030281 0.327858 0.329086
v 0.000318 0.298790 0.315915
v -0.039841 0.281693 0.299151
v -0.023905 0.238946 0.313121
v -0.044304 0.226978 0.301546
v 0.015618 0.348376 0.333077
v 0.000318 0.327858 0.342657
v -0.030279 0.327858 0.329086
v -0.075541 0.266304 0.276401
v -0.098489 0.220139 0.253251
v -0.056415 0.183378 0.241676
v 0.169886 -0.801478 -0.175020
v 0.162873 -0.792074 -0.172625
v 0.183910 -0.804897 -0.224113
v 0.178172 -0.791219 -0.230899
v 0.219608 -0.781815 -0.242873
v 0.196022 -0.631351 -0.230899
v 0.239370 -0.627931 -0.218924
v 0.234907 -0.572362 -0.223714
v 0.276343 -0.574927 -0.175419
v 0.296741 -0.466354 -0.185796
v 0.292916 -0.491145 -0.079228
v 0.294192 -0.412494 -0.066455
v 0.240008 -0.515084 -0.006585
v 0.231720 -0.427027 0.041709
v 0.176260 -0.524487 0.030134
v 0.139925 -0.430447 0.093197
v 0.092751 -0.513373 0.008980
v 0.000319 -0.441561 0.135506
v 0.000319 -0.509953 0.018161
v -0.092751 -0.513373 0.008980
v -0.049403 -0.507389 -0.135904
v -0.134186 -0.614253 -0.063262
v -0.104863 -0.615963 -0.145085
v -0.149486 -0.658708 -0.089206
v -0.120163 -0.656143 -0.153866
v -0.173711 -0.755313 -0.107965
v -0.162873 -0.792074 -0.172625
v -0.180722 -0.768136 -0.108764
v -0.169886 -0.801478 -0.175020
v 0.000319 -0.497130 -0.128321
v 0.049404 -0.507389 -0.135904
v 0.134825 -0.614253 -0.063263
v 0.204946 -0.605704 -0.027341
v 0.254031 -0.594590 -0.065658
v 0.276980 -0.581766 -0.117146
v 0.276343 -0.626221 -0.131115
v 0.273793 -0.624511 -0.175818
v 0.288455 -0.760441 -0.151072
v 0.278893 -0.770701 -0.200564
v 0.285267 -0.773266 -0.151871
v 0.276980 -0.784380 -0.194977
v 0.258494 -0.775830 -0.226109
v 0.224071 -0.795494 -0.236487
v 0.257219 -0.787800 -0.221320
v -0.074903 0.327003 0.301546
v -0.074265 0.327858 0.278795
v -0.015618 0.350940 0.333876
v -0.043666 0.347520 0.302743
v 0.000318 0.345811 0.337068
v 0.000318 0.347520 0.306734
v 0.043667 0.347520 0.302743
v 0.000318 0.385137 0.304739
v 0.043667 0.385137 0.300747
v 0.000318 0.406509 0.216530
v 0.060241 0.403089 0.214135
v 0.000318 0.390266 0.097987
v 0.060241 0.385992 0.097588
v 0.051316 0.332132 0.083219
v 0.097214 0.332132 0.115150
v 0.052592 0.279983 0.106369
v 0.090202 0.302210 0.116747
v 0.055141 0.275708 0.217328
v 0.094664 0.301356 0.215333
v 0.043030 0.299646 0.288373
v 0.074265 0.307340 0.270014
v 0.043030 0.340682 0.302344
v 0.074265 0.327858 0.278795
v 0.074903 0.327003 0.301546
v 0.000318 0.331277 0.082022
v 0.000318 0.274854 0.105970
v 0.000318 0.270579 0.219324
v 0.000318 0.298790 0.292764
v 0.000318 0.340682 0.306734
v 0.015618 0.348376 0.333077
v -0.051316 0.332132 0.083219
v -0.052590 0.279983 0.106369
v -0.055140 0.275708 0.217328
v -0.043029 0.299646 0.288373
v -0.043029 0.340682 0.302344
v -0.015618 0.348376 0.333077
v -0.074903 0.327003 0.301546
v -0.097214 0.332132 0.115150
v -0.090202 0.302210 0.116747
v -0.094664 0.301356 0.215333
v -0.074265 0.307340 0.270014
v -0.074265 0.327858 0.278795
v -0.060240 0.385992 0.097588
v -0.060240 0.403089 0.214135
v -0.043666 0.385137 0.300747
v -0.074265 0.365473 0.276799
v -0.101676 0.372313 0.218127
v -0.101676 0.362054 0.116347
v -0.100401 0.336406 0.219324
v -0.074265 0.327858 0.278795
v 0.269968 -0.760441 -0.110759
v 0.273155 -0.746764 -0.106768
v 0.232358 -0.750184 -0.083619
v 0.231083 -0.738214 -0.078429
v 0.173711 -0.755313 -0.107965
v 0.149486 -0.658708 -0.089206
v 0.120163 -0.656143 -0.153866
v 0.104864 -0.615963 -0.145085
v 0.259769 -0.638191 -0.089206
v 0.218971 -0.649305 -0.055679
v -0.074265 0.327858 0.278795
v -0.100401 0.336406 0.219324
v 0.180723 -0.768136 -0.108764
v 0.162873 -0.792074 -0.172625
v 0.169886 -0.801478 -0.175020
v 0.000318 0.477466 0.354231
v -0.021993 0.467207 0.345051
v -0.029642 0.443270 0.373390
v -0.046216 0.439851 0.330682
v -0.038567 0.418477 0.345450
v -0.041754 0.406509 0.329883
v -0.027092 0.416768 0.345450
v -0.027730 0.417623 0.366205
v 0.000318 0.427027 0.380175
v 0.000318 0.453529 0.378578
v 0.233633 -0.870726 -0.243671
v 0.199209 -0.869871 -0.228504
v 0.224071 -0.795494 -0.236487
v 0.183910 -0.804897 -0.224113
v 0.176260 -0.872435 -0.185397
v 0.169886 -0.801478 -0.175020
v 0.161599 -0.873291 -0.124330
v 0.171798 -0.804897 -0.118742
v 0.180723 -0.768136 -0.108764
v 0.171161 -0.812591 -0.044104
v 0.195384 -0.788654 -0.041710
v 0.197934 -0.805753 0.024947
v 0.236183 -0.797203 0.006187
v 0.240008 -0.812591 0.055679
v 0.283354 -0.801478 -0.003392
v 0.294829 -0.816011 0.046101
v 0.320328 -0.816866 -0.000599
v 0.308854 -0.832255 0.054482
v 0.334990 -0.836529 -0.000200
v 0.341365 -0.870726 0.000200
v 0.327340 -0.835675 -0.063263
v 0.335628 -0.872435 -0.064859
v 0.310766 -0.870726 -0.154265
v 0.236820 -0.785235 -0.036122
v 0.280167 -0.792929 -0.044902
v 0.315229 -0.813447 -0.060469
v 0.296104 -0.806607 -0.153467
v 0.289729 -0.871581 -0.199767
v 0.232358 -0.750184 -0.083619
v 0.269968 -0.760441 -0.110759
v 0.285267 -0.773266 -0.151871
v 0.276980 -0.784380 -0.194977
v 0.257219 -0.787800 -0.221320
v 0.266144 -0.871581 -0.228504
v 0.224071 -0.795494 -0.236487
v 0.233633 -0.870726 -0.243671
v 0.159048 0.202185 0.207350
v 0.185822 0.242367 0.212140
v 0.213871 0.229543 0.144287
v 0.226621 0.278273 0.121536
v 0.218333 0.350085 0.165840
v 0.239370 0.350940 0.112756
v 0.254031 0.411639 0.105970
v 0.257856 0.497985 0.117944
v 0.275705 0.475757 0.046500
v 0.292916 0.500549 -0.033727
v 0.273793 0.431302 0.045701
v 0.279530 0.403089 -0.026144
v 0.190284 0.175683 0.147081
v 0.250207 0.273143 0.009779
v 0.000318 0.051722 0.076035
v -0.104226 0.078224 0.039715
v -0.189647 0.150036 0.002594
v -0.166698 0.141487 -0.068452
v -0.229807 0.213299 0.008980
v -0.176260 0.185942 -0.127922
v -0.222158 0.257755 -0.139896
v -0.146936 0.228689 -0.203359
v -0.201121 0.286821 -0.192582
v -0.136099 0.219284 -0.258439
v -0.226619 0.278273 0.121536
v -0.218333 0.350085 0.165840
v -0.224707 0.415913 0.182603
v -0.239369 0.350940 0.112756
v -0.254031 0.411639 0.105970
v -0.279530 0.403089 -0.026144
v -0.273793 0.431301 0.045701
v -0.292916 0.500549 -0.033727
v -0.275705 0.475757 0.046500
v -0.257856 0.497985 0.117944
v -0.217695 0.495420 0.200964
v -0.192834 0.460369 0.224912
v -0.164786 0.495420 0.236088
v -0.153949 0.438996 0.244469
v -0.137374 0.488580 0.251654
v -0.094027 0.439851 0.266022
v -0.103589 0.486016 0.254847
v -0.067253 0.492855 0.250057
v -0.078728 0.553554 0.305138
v -0.060240 0.584331 0.292365
v -0.146936 0.574926 0.277997
v -0.135462 0.612542 0.258838
v -0.180085 0.581766 0.251255
v -0.199847 0.625366 0.205753
v -0.199209 0.546715 0.242873
v -0.232994 0.555264 0.184200
v -0.130999 0.513373 0.255645
v -0.095302 0.511663 0.259637
v -0.093389 0.500549 0.240478
v -0.122712 0.502259 0.242873
v 0.228533 -0.830544 0.070447
v 0.310766 -0.871581 0.068053
v 0.215783 -0.870726 0.085215
v 0.176260 -0.824561 0.030134
v 0.163511 -0.871581 0.030534
v 0.154587 -0.869871 -0.042109
v -0.259131 0.571507 0.119142
v -0.238094 0.673241 0.125927
v -0.184547 0.660417 0.204955
v -0.127812 0.652723 0.248860
v -0.058965 0.650158 0.276001
v 0.000318 0.653578 0.286777
v 0.058966 0.650158 0.276001
v 0.135463 0.612542 0.258838
v 0.127813 0.652723 0.248860
v 0.199846 0.625366 0.205753
v 0.184547 0.660417 0.204955
v 0.238095 0.673241 0.125927
v 0.180085 0.581766 0.251255
v 0.232995 0.555264 0.184200
v 0.259131 0.571507 0.119142
v -0.133550 0.366328 0.264426
v -0.171161 0.378298 0.232096
v 0.245107 0.346665 -0.151871
v 0.277617 0.411639 -0.077232
v 0.301204 0.389411 -0.054881
v 0.312041 0.395395 -0.070846
v 0.301204 0.440705 -0.059272
v 0.319691 0.415913 -0.083619
v 0.291642 0.419334 -0.037718
v 0.018168 0.815156 0.403724
v -0.006693 0.813446 0.408514
v 0.040480 0.737360 0.390552
v -0.019443 0.733085 0.384166
v 0.006693 0.684355 0.337867
v -0.080002 0.715987 0.351437
v -0.065979 0.682645 0.318309
v -0.147573 0.712566 0.279194
v -0.127812 0.652723 0.248860
v -0.184547 0.660417 0.204955
v -0.101676 0.777540 0.361416
v -0.160324 0.751893 0.290769
v -0.208771 0.727955 0.170231
v -0.238094 0.673241 0.125927
v -0.072353 0.791218 0.292764
v -0.161599 0.766427 0.238881
v -0.204308 0.774976 0.139098
v -0.259769 0.696324 0.113553
v -0.282080 0.733940 0.073241
v -0.325427 0.663837 0.008980
v -0.303116 0.736505 -0.018959
v -0.315228 0.709147 -0.099583
v -0.272518 0.775830 -0.060069
v -0.254031 0.757022 -0.169432
v -0.153311 0.834819 -0.135506
v -0.196659 0.757877 -0.240478
v -0.094027 0.804897 -0.254048
v -0.102313 0.737360 -0.333077
v -0.011793 0.757877 -0.323098
v -0.094664 0.675805 -0.368999
v 0.033468 0.695469 -0.362613
v -0.043666 0.580911 -0.401329
v 0.079365 0.590314 -0.408514
v -0.016892 0.483451 -0.396539
v 0.075540 0.492000 -0.395741
v 0.050679 0.377442 -0.365407
v 0.141837 0.394540 -0.336669
v 0.106138 0.248351 -0.327090
v 0.186460 0.279983 -0.279194
v 0.136100 0.219284 -0.258439
v 0.201121 0.286822 -0.192182
v -0.264231 0.779250 0.033327
v -0.147573 0.845933 0.053684
v -0.164149 0.834819 -0.013371
v -0.069166 0.869870 -0.057276
v -0.037929 0.851062 -0.173424
v 0.032193 0.829690 -0.220521
v 0.108688 0.753603 -0.296356
v 0.123350 0.714277 -0.345051
v 0.181359 0.611687 -0.364209
v 0.184547 0.519357 -0.356625
v 0.249569 0.538165 -0.285979
v 0.238732 0.433011 -0.238881
v 0.296104 0.552698 -0.210543
v 0.319054 0.466353 -0.133510
v 0.324153 0.503114 -0.115550
v 0.324791 0.448400 -0.105571
v 0.301204 0.440705 -0.059272
v 0.319691 0.415913 -0.083619
v 0.295466 0.624511 -0.220921
v 0.250844 0.624511 -0.291966
v 0.259131 0.708292 -0.231298
v 0.205584 0.711712 -0.289173
v 0.196659 0.760441 -0.229702
v 0.134825 0.825415 -0.172226
v 0.048767 0.862176 -0.143489
v 0.048129 0.874145 -0.075636
v -0.035379 0.875000 0.012573
v -0.026454 0.833965 0.141892
v -0.099764 0.812591 0.164243
v 0.222158 0.770701 -0.154265
v 0.304392 0.724535 -0.141892
v 0.329253 0.645029 -0.117545
v 0.337540 0.556118 -0.087610
v 0.292916 0.500549 -0.033727
v 0.243832 0.778395 -0.028937
v 0.155861 0.841658 -0.092000
v 0.160324 0.826270 0.022551
v 0.067891 0.863031 0.020156
v 0.141837 0.811737 0.137901
v 0.012431 0.845078 0.109164
v 0.107414 0.810026 0.212938
v 0.037292 0.811737 0.288373
v 0.000318 0.342391 0.337468
v -0.015618 0.348376 0.333077
v 0.000318 0.653578 0.286777
v -0.058965 0.650158 0.276001
v -0.298017 0.607413 0.063263
v -0.259131 0.571507 0.119142
v -0.292916 0.500549 -0.033727
v -0.329252 0.561248 -0.018160
v -0.340727 0.556973 -0.088408
v -0.326065 0.507389 -0.102378
v -0.339452 0.521922 -0.123532
v -0.322877 0.464643 -0.131515
v -0.289729 0.516793 -0.243671
v -0.250844 0.409074 -0.240877
v -0.238732 0.519357 -0.313120
v -0.211320 0.402235 -0.289572
v -0.120163 0.496275 -0.379376
v -0.132912 0.381717 -0.341459
v -0.045578 0.386847 -0.369797
v -0.039841 0.242367 -0.339463
v 0.041755 0.235527 -0.344651
v 0.057053 0.220994 -0.289173
v -0.157774 0.594590 -0.367801
v -0.202396 0.686919 -0.315515
v -0.240006 0.608268 -0.315915
v -0.310128 0.610833 -0.209345
v -0.298017 0.698888 -0.180608
v -0.336902 0.617672 -0.064459
v 0.000318 0.220994 -0.297555
v -0.057053 0.221849 -0.289173
v -0.127175 0.246641 -0.315915
v -0.199209 0.284257 -0.252052
v -0.136099 0.219284 -0.258439
v -0.201121 0.286821 -0.192582
v -0.257856 0.335551 -0.189388
v -0.245106 0.346665 -0.151871
v -0.296104 0.397106 -0.159454
v -0.277617 0.411639 -0.077232
v -0.324790 0.448400 -0.105571
v -0.301204 0.440705 -0.059670
v -0.066616 0.380007 0.120738
v -0.072990 0.380007 0.231298
v -0.069803 0.344100 0.119939
v -0.073628 0.344100 0.237684
v -0.095302 0.344100 0.123932
v -0.094664 0.344100 0.240478
v -0.096576 0.380007 0.240478
v -0.078090 0.344100 0.288373
v -0.064703 0.380007 0.296357
v -0.050041 0.344100 0.303940
v 0.000318 0.380007 0.312721
v 0.000318 0.344100 0.312721
v 0.050042 0.344100 0.303940
v 0.046854 0.342391 0.298752
v 0.071716 0.344100 0.281589
v 0.053866 0.380007 0.279194
v 0.074265 0.344100 0.237684
v 0.072990 0.380007 0.231298
v 0.069803 0.344100 0.119939
v 0.066615 0.380007 0.120738
v 0.095301 0.344100 0.123931
v 0.094664 0.344100 0.240478
v 0.078090 0.344100 0.288373
v 0.064703 0.380007 0.296357
v 0.097214 0.380007 0.240478
v 0.246382 0.320163 -0.216929
v 0.292916 0.398815 -0.159454
v 0.277617 0.411639 -0.077232
v 0.245107 0.346665 -0.151871
v -0.066616 0.307340 0.106369
v -0.094664 0.307340 0.109562
v -0.069803 0.343246 0.105571
v -0.095302 0.343246 0.109562
v -0.073628 0.343246 0.223315
v -0.094664 0.343246 0.226109
v -0.071716 0.343246 0.267220
v -0.078090 0.343246 0.274005
v -0.049403 0.343246 0.289572
v -0.062154 0.307340 0.281988
v 0.000318 0.307340 0.298352
v 0.000318 0.343246 0.298352
v -0.046854 0.345811 0.284383
v -0.051316 0.307340 0.264825
v -0.070440 0.307340 0.216929
v -0.066616 0.307340 0.106369
v 0.000318 0.304775 0.274405
v 0.000318 0.345811 0.291169
v 0.046854 0.345811 0.284383
v 0.049404 0.343246 0.289572
v 0.062154 0.307340 0.281988
v 0.078090 0.343246 0.274005
v 0.071716 0.343246 0.267220
v 0.051316 0.307340 0.264825
v 0.092751 0.307340 0.226109
v 0.094664 0.343246 0.226109
v 0.073628 0.343246 0.223315
v 0.070440 0.307340 0.216929
v 0.095301 0.343246 0.109562
v 0.069803 0.343246 0.105571
v 0.066615 0.307340 0.106369
v 0.094664 0.307340 0.109562
v -0.319690 0.415913 -0.083618
v -0.053866 0.380007 0.279194
v -0.071716 0.344100 0.281589
v -0.046854 0.342391 0.298752
v 0.000318 0.342391 0.305537
v 0.000318 0.380007 0.289972
v -0.092751 0.307340 0.226109
v -0.058965 0.307340 0.098386
v -0.048129 0.297081 0.109164
v -0.058328 0.332987 0.159853
v -0.047491 0.321873 0.163845
v -0.050678 0.338971 0.234491
v -0.040479 0.326148 0.234491
v -0.026454 0.335551 0.288373
v -0.021355 0.324438 0.281589
v 0.000318 0.335551 0.288373
v 0.000318 0.324438 0.281589
v 0.021355 0.324438 0.281589
v 0.000318 0.326148 0.234491
v 0.041117 0.326148 0.234491
v 0.000318 0.321873 0.163845
v 0.047492 0.321873 0.163845
v 0.000318 0.297081 0.109164
v 0.048129 0.297081 0.109164
v 0.015618 0.350940 0.333876
v 0.074265 0.327858 0.278795
v 0.074903 0.327003 0.301546
v 0.074265 0.365473 0.276799
v 0.101676 0.372313 0.218127
v 0.074265 0.327858 0.278795
v 0.100401 0.336406 0.219324
v 0.101676 0.362054 0.116347
v 0.066615 0.380007 0.120738
v 0.095939 0.380007 0.123931
v 0.018168 0.815156 0.403724
v 0.092114 0.791218 0.372990
v 0.169248 0.757877 0.305138
v 0.103589 0.715987 0.355828
v 0.168610 0.704873 0.296357
v 0.085102 0.675805 0.317911
v 0.127813 0.652723 0.248860
v 0.058966 0.650158 0.276001
v 0.214509 0.757022 0.213737
v 0.242557 0.769846 0.106768
v 0.215783 0.705727 0.213338
v 0.254669 0.741634 0.068851
v 0.296104 0.723680 0.044504
v 0.313316 0.734794 -0.032929
v 0.334990 0.663837 -0.009779
v 0.328616 0.561248 -0.018559
v 0.292279 0.684355 0.086811
v 0.238095 0.673241 0.125927
v 0.184547 0.660417 0.204955
v 0.307579 0.608268 0.066057
v 0.259131 0.571507 0.119142
v 0.074265 0.327858 0.278795
v 0.100401 0.336406 0.219324
v -0.095939 0.380007 0.123932
v -0.066616 0.380007 0.120738
v 0.066615 0.307340 0.106369
v 0.094664 0.307340 0.109562
v 0.026454 0.335551 0.288373
v 0.050679 0.338971 0.234491
v 0.058329 0.332987 0.159853
v 0.058966 0.307340 0.098386
v 0.040480 0.737360 0.390552
v 0.006693 0.684355 0.337867
v 0.000318 0.653578 0.286777
v -0.233632 -0.870726 -0.243671
v -0.266143 -0.871581 -0.228504
v -0.224070 -0.795494 -0.236487
v -0.257218 -0.787800 -0.221320
v -0.289729 -0.871581 -0.199767
v -0.276980 -0.784380 -0.194977
v -0.296104 -0.806607 -0.153467
v -0.310766 -0.870726 -0.154265
v -0.327340 -0.835675 -0.063262
v -0.335628 -0.872435 -0.064859
v -0.341365 -0.870726 0.000200
v -0.285267 -0.773266 -0.151871
v -0.315227 -0.813447 -0.060469
v -0.269968 -0.760441 -0.110759
v -0.280167 -0.792929 -0.044902
v -0.232357 -0.750184 -0.083618
v -0.236819 -0.785235 -0.036122
v -0.195384 -0.788654 -0.041709
v -0.236181 -0.797203 0.006187
v -0.197934 -0.805753 0.024947
v -0.240006 -0.812591 0.055679
v -0.228532 -0.830544 0.070447
v -0.308853 -0.832255 0.054482
v -0.310766 -0.871581 0.068053
v -0.320328 -0.816866 -0.000598
v -0.283354 -0.801478 -0.003392
v -0.294829 -0.816011 0.046101
v -0.334989 -0.836529 -0.000199
v -0.232357 -0.750184 -0.083618
v -0.231082 -0.738214 -0.078429
v -0.273155 -0.746764 -0.106768
v -0.259769 -0.638191 -0.089206
v -0.276342 -0.626221 -0.131115
v -0.276980 -0.581766 -0.117146
v -0.276342 -0.574927 -0.175419
v -0.292916 -0.491145 -0.079228
v -0.296741 -0.466354 -0.185796
v -0.294192 -0.412494 -0.066455
v -0.292916 -0.397961 -0.178213
v -0.281442 -0.306485 -0.168634
v -0.236819 -0.383426 -0.273207
v -0.236181 -0.296226 -0.257641
v -0.165423 -0.294517 -0.321901
v -0.229170 -0.201332 -0.252851
v -0.157774 -0.200476 -0.311125
v -0.159048 -0.096177 -0.322300
v -0.074903 -0.099597 -0.353433
v -0.090839 0.006411 -0.368600
v 0.000318 0.008121 -0.382171
v 0.000318 0.141487 -0.351836
v 0.090839 0.006411 -0.368600
v 0.094664 0.140633 -0.342656
v 0.167336 -0.001282 -0.343454
v 0.189647 0.126099 -0.318309
v 0.230446 0.004702 -0.327090
v 0.270605 0.090192 -0.304738
v -0.232994 -0.436432 -0.275602
v -0.167973 -0.375733 -0.326691
v -0.089564 -0.373169 -0.353033
v -0.087014 -0.293661 -0.352634
v 0.000319 -0.370604 -0.361416
v 0.000319 -0.291952 -0.362613
v 0.087014 -0.293661 -0.352634
v 0.074903 -0.212446 -0.342656
v 0.166061 -0.294517 -0.321901
v 0.157774 -0.200476 -0.311125
v 0.229170 -0.201332 -0.252851
v 0.159048 -0.096177 -0.322300
v 0.243195 -0.074805 -0.279593
v 0.074903 -0.099597 -0.353433
v 0.000318 -0.092758 -0.363810
v 0.000319 -0.209880 -0.349840
v -0.074903 -0.212446 -0.342656
v 0.299291 0.132938 -0.227706
v 0.136100 0.219284 -0.258439
v 0.057053 0.220994 -0.289173
v 0.000318 0.220994 -0.297555
v -0.057053 0.221849 -0.289173
v -0.094664 0.140633 -0.342656
v -0.136099 0.219284 -0.258439
v -0.189647 0.126099 -0.318309
v -0.299291 0.132938 -0.227706
v -0.270605 0.090192 -0.304738
v -0.167336 -0.001282 -0.343454
v -0.230444 0.004702 -0.327090
v -0.243193 -0.074805 -0.279593
v -0.275068 -0.116696 -0.151471
v -0.270605 -0.206461 -0.155462
v -0.269968 -0.194492 -0.055679
v -0.285904 -0.303920 -0.053684
v -0.227257 -0.204751 0.050490
v -0.229169 -0.316744 0.062465
v -0.131637 -0.313325 0.133111
v -0.139924 -0.430447 0.093197
v -0.231720 -0.427027 0.041710
v -0.240006 -0.515084 -0.006585
v -0.176260 -0.524487 0.030134
v -0.204946 -0.605704 -0.027341
v -0.218970 -0.649305 -0.055679
v -0.180722 -0.768136 -0.108764
v -0.171160 -0.812591 -0.044104
v -0.171798 -0.804897 -0.118742
v -0.161598 -0.873291 -0.124330
v -0.169886 -0.801478 -0.175020
v -0.176260 -0.872435 -0.185397
v -0.183910 -0.804897 -0.224113
v -0.199209 -0.869871 -0.228504
v -0.224070 -0.795494 -0.236487
v -0.233632 -0.870726 -0.243671
v -0.176260 -0.824561 0.030134
v -0.154587 -0.869871 -0.042108
v -0.163511 -0.871581 0.030534
v -0.215783 -0.870726 0.085215
v -0.254031 -0.594590 -0.065658
v -0.269968 -0.760441 -0.110759
v -0.288455 -0.760441 -0.151072
v -0.285267 -0.773266 -0.151871
v -0.278893 -0.770701 -0.200564
v -0.276980 -0.784380 -0.194977
v -0.257218 -0.787800 -0.221320
v -0.273793 -0.624511 -0.175818
v -0.239369 -0.627931 -0.218924
v -0.257856 -0.775830 -0.226109
v -0.219607 -0.781815 -0.242873
v -0.224070 -0.795494 -0.236487
v -0.183910 -0.804897 -0.224113
v -0.196022 -0.631351 -0.230898
v -0.234907 -0.572362 -0.223714
v -0.179447 -0.581766 -0.233293
v -0.158411 -0.427882 -0.323897
v -0.076815 -0.469774 -0.272009
v -0.076177 -0.425318 -0.345450
v 0.000319 -0.423608 -0.351836
v 0.076178 -0.425318 -0.345450
v 0.089564 -0.373169 -0.353033
v 0.158411 -0.427882 -0.323897
v 0.167973 -0.375733 -0.326691
v 0.232995 -0.436432 -0.275602
v 0.236820 -0.383426 -0.273207
v 0.292916 -0.397960 -0.178213
v 0.281442 -0.306485 -0.168634
v 0.285905 -0.303920 -0.053684
v 0.229170 -0.316744 0.062464
v 0.131638 -0.313325 0.133111
v 0.000319 -0.312469 0.175818
v -0.125262 -0.185944 0.129120
v -0.224070 -0.087628 0.023350
v -0.279530 -0.100452 -0.052885
v 0.236183 -0.296226 -0.257641
v 0.270605 -0.206461 -0.155462
v 0.275068 -0.116696 -0.151471
v 0.269968 -0.194492 -0.055679
v 0.279530 -0.100452 -0.052885
v 0.224071 -0.087628 0.023350
v 0.291642 -0.010687 -0.034525
v 0.224708 0.012396 0.002994
v 0.300566 0.074804 -0.060469
v 0.243195 0.095323 -0.062863
v 0.313316 0.118405 -0.139098
v 0.220246 0.150036 -0.128721
v 0.299291 0.132938 -0.227706
v 0.194109 0.188508 -0.189388
v 0.136100 0.219284 -0.258439
v 0.146937 0.228689 -0.203359
v 0.227258 -0.204751 0.050490
v 0.125263 -0.185944 0.129120
v 0.131000 -0.051722 0.086014
v 0.000319 -0.037189 0.141892
v 0.000318 0.051722 0.076035
v -0.130999 -0.051722 0.086014
v -0.104226 0.078224 0.039715
v -0.224707 0.012396 0.002994
v -0.166698 0.141487 -0.068452
v -0.243193 0.095322 -0.062863
v -0.220245 0.150036 -0.128721
v -0.313315 0.118405 -0.139098
v -0.299291 0.132938 -0.227706
v 0.000319 -0.173974 0.166639
v 0.104226 0.078224 0.039714
v 0.166698 0.141487 -0.068452
v 0.176260 0.185942 -0.127922
v -0.176260 0.185942 -0.127922
v -0.194109 0.188508 -0.189388
v -0.136099 0.219284 -0.258439
v -0.146936 0.228689 -0.203359
v -0.291642 -0.010687 -0.034525
v -0.300566 0.074804 -0.060469
v 0.179447 -0.581766 -0.233293
v 0.076815 -0.469774 -0.272009
v 0.000319 -0.467209 -0.232096
v -0.049403 -0.507389 -0.135904
v -0.124624 -0.592025 -0.217727
v -0.137374 -0.639900 -0.216131
v -0.178172 -0.791219 -0.230898
v -0.104863 -0.615963 -0.145085
v -0.120163 -0.656143 -0.153866
v -0.162873 -0.792074 -0.172625
v 0.000319 -0.497130 -0.128321
v 0.049404 -0.507389 -0.135904
v 0.124626 -0.592025 -0.217727
v 0.104864 -0.615963 -0.145085
v 0.137375 -0.639900 -0.216131
v 0.120163 -0.656143 -0.153866
v -0.457383 -0.303920 -0.151471
v -0.433160 -0.306485 -0.144686
v -0.467583 -0.285112 -0.103575
v -0.451646 -0.283403 -0.082421
v -0.493081 -0.269724 -0.083618
v -0.488620 -0.261176 -0.072443
v -0.529418 -0.247496 -0.099983
v -0.419773 -0.151746 -0.091202
v -0.452284 -0.114985 -0.127522
v -0.355389 -0.062836 -0.070846
v -0.371962 -0.007267 -0.109562
v -0.291642 -0.010687 -0.034525
v -0.300566 0.074804 -0.060469
v -0.379612 0.023510 -0.155861
v -0.469496 -0.104727 -0.178213
v -0.547267 -0.250062 -0.159853
v -0.524318 -0.258610 -0.104772
v -0.313315 0.118405 -0.139098
v -0.375150 0.027784 -0.228903
v -0.466945 -0.111566 -0.232895
v -0.541530 -0.252626 -0.212538
v -0.510293 -0.259465 -0.252851
v -0.530055 -0.270579 -0.206950
v -0.500731 -0.279128 -0.245267
v -0.345190 -0.013251 -0.294361
v -0.438897 -0.137213 -0.272009
v -0.467583 -0.280838 -0.258439
v -0.477145 -0.288532 -0.247663
v -0.316503 -0.073095 -0.303940
v -0.400011 -0.166280 -0.277598
v -0.365588 -0.195347 -0.246066
v -0.443997 -0.304775 -0.226509
v -0.361763 -0.213301 -0.164243
v -0.433160 -0.306485 -0.144686
v -0.457383 -0.303920 -0.151471
v -0.461208 -0.303066 -0.226109
v -0.299291 0.132938 -0.227706
v -0.270605 0.090192 -0.304738
v -0.230444 0.004702 -0.327090
v -0.243193 -0.074805 -0.279593
v -0.293554 -0.117550 -0.258439
v -0.275068 -0.116696 -0.151471
v -0.303116 -0.148327 -0.156261
v -0.279530 -0.100452 -0.052885
v -0.322877 -0.121825 -0.079627
v -0.275068 -0.116696 -0.151471
v -0.303116 -0.148327 -0.156261
v -0.382800 -0.191073 -0.095991
v -0.361763 -0.213301 -0.164243
v -0.245106 0.346665 -0.151871
v -0.250207 0.273143 0.009779
v -0.277617 0.411639 -0.077232
v -0.301204 0.389411 -0.054881
v -0.312040 0.395395 -0.070846
v -0.301204 0.440705 -0.059670
v -0.319690 0.415913 -0.083618
v -0.291642 0.419334 -0.037718
v -0.538342 -0.263740 -0.157458
v 0.103589 0.486016 0.254847
v 0.093389 0.500549 0.240478
v 0.000318 0.342391 0.337468
v 0.457384 -0.303920 -0.151471
v 0.467583 -0.285112 -0.103576
v 0.433160 -0.306485 -0.144686
v 0.451646 -0.283403 -0.082422
v 0.382800 -0.191073 -0.095991
v 0.488620 -0.261176 -0.072443
v 0.419773 -0.151746 -0.091202
v 0.529418 -0.247496 -0.099983
v 0.452284 -0.114985 -0.127523
v 0.547267 -0.250062 -0.159853
v 0.470133 -0.104727 -0.178213
v 0.541530 -0.252626 -0.212538
v 0.466945 -0.111566 -0.232895
v 0.510294 -0.259465 -0.252851
v 0.438897 -0.137213 -0.272010
v 0.467583 -0.280838 -0.258439
v 0.400012 -0.166280 -0.277598
v 0.365588 -0.195347 -0.246066
v 0.293554 -0.117550 -0.258439
v 0.303117 -0.148326 -0.156261
v 0.275068 -0.116696 -0.151471
v 0.316504 -0.073095 -0.303940
v 0.345190 -0.013251 -0.294361
v 0.375150 0.027784 -0.228903
v 0.379612 0.023510 -0.155861
v 0.371962 -0.007267 -0.109562
v 0.300566 0.074804 -0.060469
v 0.291642 -0.010687 -0.034525
v 0.355389 -0.062836 -0.070846
v 0.322879 -0.121824 -0.079627
v 0.303117 -0.148326 -0.156261
v 0.361763 -0.213300 -0.164243
v 0.279530 -0.100452 -0.052885
v 0.275068 -0.116696 -0.151471
v 0.313316 0.118405 -0.139098
v 0.299291 0.132938 -0.227706
v 0.270605 0.090192 -0.304738
v 0.230446 0.004702 -0.327090
v 0.243195 -0.074805 -0.279593
v 0.493083 -0.269724 -0.083619
v 0.524318 -0.258610 -0.104773
v 0.538342 -0.263740 -0.157458
v 0.530055 -0.270579 -0.206950
v 0.500732 -0.279128 -0.245267
v 0.477145 -0.288532 -0.247663
v 0.461208 -0.303066 -0.226109
v 0.443997 -0.304775 -0.226509
v 0.457384 -0.303920 -0.151471
v 0.433160 -0.306485 -0.144686
v 0.361763 -0.213300 -0.164243
v -0.600176 -0.408220 -0.127922
v -0.598263 -0.403945 -0.135506
v -0.568303 -0.419334 -0.129119
v -0.572127 -0.420188 -0.146282
v -0.535155 -0.396251 -0.110361
v -0.529418 -0.384283 -0.157060
v -0.515392 -0.383426 -0.107168
v -0.493081 -0.364619 -0.121136
v -0.477782 -0.370604 -0.064459
v -0.473957 -0.347521 -0.050890
v -0.482882 -0.371459 -0.052486
v -0.483519 -0.353505 -0.028538
v -0.482245 -0.377443 -0.019757
v -0.524318 -0.382572 -0.068052
v -0.505830 -0.384283 -0.070048
v -0.513480 -0.383426 -0.061666
v -0.484795 -0.388557 -0.046101
v -0.510931 -0.395396 -0.051288
v -0.487344 -0.408220 -0.037718
v -0.508381 -0.410785 -0.041310
v -0.503281 -0.442415 -0.032928
v -0.521131 -0.412494 -0.026144
v -0.516031 -0.438141 -0.018959
v -0.552366 -0.401380 -0.079228
v -0.574040 -0.423608 -0.113553
v -0.575315 -0.421043 -0.090404
v -0.585514 -0.433867 -0.093197
v -0.584877 -0.433867 -0.117545
v -0.602088 -0.454384 -0.100782
v -0.598901 -0.451820 -0.123931
v -0.604638 -0.459514 -0.101979
v -0.602088 -0.456950 -0.125527
v -0.608464 -0.474048 -0.105571
v -0.605913 -0.469774 -0.128321
v -0.615476 -0.487726 -0.109961
v -0.612289 -0.483452 -0.131515
v -0.618663 -0.492856 -0.111957
v -0.614839 -0.489436 -0.132712
v -0.621214 -0.504825 -0.115150
v -0.618026 -0.501404 -0.136304
v -0.628225 -0.516793 -0.119939
v -0.625038 -0.513373 -0.139098
v -0.644799 -0.518503 -0.127522
v -0.642887 -0.516793 -0.139497
v -0.640337 -0.506534 -0.145484
v -0.635237 -0.496276 -0.144287
v -0.632687 -0.483452 -0.141093
v -0.630138 -0.477467 -0.139896
v -0.624401 -0.462934 -0.136304
v -0.619938 -0.447546 -0.133510
v -0.617389 -0.441561 -0.132312
v -0.607825 -0.422753 -0.128321
v -0.600813 -0.405654 -0.139896
v -0.586152 -0.429592 -0.148678
v -0.579140 -0.427882 -0.173822
v -0.594439 -0.451820 -0.154664
v -0.589339 -0.450965 -0.178613
v -0.596351 -0.457804 -0.156261
v -0.590614 -0.456950 -0.179411
v -0.595076 -0.476612 -0.158257
v -0.590614 -0.474902 -0.181805
v -0.596989 -0.499695 -0.161849
v -0.591889 -0.496276 -0.185397
v -0.592527 -0.502259 -0.185397
v -0.611652 -0.497985 -0.198170
v -0.591889 -0.516793 -0.188191
v -0.614201 -0.517648 -0.202959
v -0.597626 -0.534746 -0.192182
v -0.616113 -0.533036 -0.203359
v -0.616113 -0.545005 -0.193381
v -0.598263 -0.506534 -0.163046
v -0.596351 -0.519358 -0.165440
v -0.602088 -0.537311 -0.169432
v -0.619301 -0.545860 -0.179011
v -0.618663 -0.519358 -0.158257
v -0.619301 -0.504825 -0.156261
v -0.618663 -0.497985 -0.155861
v -0.616113 -0.474902 -0.153068
v -0.613564 -0.450110 -0.149875
v -0.612289 -0.442415 -0.149076
v -0.606551 -0.427027 -0.146681
v -0.479695 -0.399671 -0.012972
v -0.476507 -0.422753 -0.004191
v -0.480332 -0.435576 -0.028937
v -0.480970 -0.449255 -0.016563
v -0.498182 -0.455240 -0.018959
v -0.505193 -0.456095 -0.001397
v -0.620576 -0.536456 -0.165840
v -0.642887 -0.512518 -0.115150
v -0.638424 -0.502259 -0.108764
v -0.635875 -0.489436 -0.105571
v -0.633325 -0.483452 -0.103974
v -0.627588 -0.467209 -0.099583
v -0.622488 -0.451820 -0.095593
v -0.619301 -0.445836 -0.093996
v -0.605913 -0.424463 -0.086412
v -0.596989 -0.409074 -0.082022
v -0.575315 -0.384283 -0.072841
v -0.541530 -0.373169 -0.055280
v -0.532605 -0.374878 -0.048894
v -0.524956 -0.392831 -0.037319
v -0.487344 -0.333842 -0.038516
v -0.470770 -0.307340 -0.085215
v -0.495631 -0.297081 -0.067254
v -0.493081 -0.269724 -0.083618
v -0.465671 -0.320163 -0.125926
v -0.482882 -0.351796 -0.176617
v -0.514118 -0.381717 -0.198568
v -0.554917 -0.409930 -0.192182
v -0.545355 -0.406510 -0.210143
v -0.563841 -0.415913 -0.198568
v -0.551729 -0.412494 -0.217328
v -0.562566 -0.443270 -0.226907
v -0.580415 -0.427882 -0.244070
v -0.581052 -0.434722 -0.245267
v -0.568940 -0.399671 -0.235689
v -0.558741 -0.392831 -0.232495
v -0.534517 -0.402235 -0.228903
v -0.499456 -0.373169 -0.234491
v -0.477145 -0.349231 -0.231696
v -0.506468 -0.357779 -0.257242
v -0.490532 -0.333842 -0.253649
v -0.517943 -0.323583 -0.250855
v -0.506468 -0.301356 -0.245267
v -0.543442 -0.314180 -0.224912
v -0.531330 -0.291952 -0.217727
v -0.566390 -0.316744 -0.175818
v -0.549816 -0.290242 -0.167037
v -0.569578 -0.327003 -0.117944
v -0.541530 -0.289387 -0.109562
v -0.551092 -0.322729 -0.077232
v -0.523044 -0.290242 -0.078829
v -0.514118 -0.332133 -0.038516
v -0.495631 -0.297081 -0.067254
v -0.487344 -0.333842 -0.038516
v -0.493081 -0.269724 -0.083618
v -0.524318 -0.258610 -0.104772
v -0.538342 -0.263740 -0.157458
v -0.530055 -0.270579 -0.206950
v -0.500731 -0.279128 -0.245267
v -0.477145 -0.288532 -0.247663
v -0.482882 -0.310760 -0.248460
v -0.461208 -0.303066 -0.226109
v -0.465671 -0.316744 -0.227306
v -0.463121 -0.321019 -0.167835
v -0.484795 -0.447546 0.007384
v -0.467583 -0.285112 -0.103575
v -0.457383 -0.303920 -0.151471
v -0.612289 -0.491145 -0.197371
v -0.611014 -0.473192 -0.195775
v -0.609102 -0.448400 -0.194179
v -0.608464 -0.441561 -0.192981
v -0.601451 -0.422753 -0.190187
v -0.588702 -0.402235 -0.186994
v -0.566390 -0.415059 -0.165840
v -0.556191 -0.391976 -0.236886
v -0.538980 -0.409074 -0.236088
v -0.524956 -0.408220 -0.249259
v -0.530693 -0.430447 -0.251653
v -0.540892 -0.419334 -0.269216
v -0.541530 -0.425318 -0.270014
v -0.554917 -0.420188 -0.266421
v -0.553641 -0.435576 -0.268816
v -0.561291 -0.434722 -0.257641
v -0.561929 -0.452675 -0.260434
v -0.558741 -0.443270 -0.246465
v -0.559378 -0.457804 -0.246864
v -0.560016 -0.427882 -0.247263
v -0.561291 -0.421043 -0.256842
v -0.560016 -0.415913 -0.255645
v -0.553641 -0.415059 -0.265224
v -0.556191 -0.393686 -0.252052
v -0.548542 -0.393686 -0.262431
v -0.558741 -0.372313 -0.249259
v -0.544717 -0.372313 -0.259637
v -0.530055 -0.344956 -0.255246
v -0.528143 -0.385137 -0.262830
v -0.556829 -0.341536 -0.234092
v -0.583602 -0.342391 -0.184999
v -0.593164 -0.357779 -0.125128
v -0.587427 -0.371459 -0.086412
v -0.537705 -0.346667 -0.044502
v -0.527505 -0.356070 -0.035323
v -0.507743 -0.349231 -0.025744
v -0.520493 -0.381717 -0.022949
v -0.502006 -0.374878 -0.013371
v -0.515392 -0.405654 -0.010177
v -0.497544 -0.398816 -0.002994
v -0.514755 -0.412494 -0.007384
v -0.495631 -0.405654 -0.000199
v -0.489257 -0.423608 0.002195
v -0.476507 -0.422753 -0.004191
v -0.484795 -0.447546 0.007384
v -0.511568 -0.431302 -0.005788
v -0.492444 -0.441561 0.006985
v -0.504556 -0.445836 0.002994
v -0.505193 -0.456095 -0.001397
v -0.516031 -0.438141 -0.018959
v -0.521131 -0.412494 -0.026144
v -0.524956 -0.392831 -0.037319
v -0.532605 -0.374878 -0.048894
v -0.541530 -0.373169 -0.055280
v -0.575315 -0.384283 -0.072841
v -0.596989 -0.409074 -0.082022
v -0.605913 -0.394540 -0.094394
v -0.607189 -0.390266 -0.114751
v -0.612926 -0.415059 -0.098785
v -0.611652 -0.413349 -0.117146
v -0.628863 -0.439851 -0.105969
v -0.626951 -0.438996 -0.122733
v -0.630775 -0.444981 -0.107168
v -0.628863 -0.443270 -0.123931
v -0.636512 -0.462078 -0.111957
v -0.633963 -0.460369 -0.127124
v -0.644162 -0.479177 -0.117146
v -0.640975 -0.477467 -0.131115
v -0.645437 -0.484306 -0.118343
v -0.642249 -0.482597 -0.132712
v -0.649262 -0.497985 -0.121536
v -0.646074 -0.495420 -0.136304
v -0.652449 -0.507389 -0.125527
v -0.649262 -0.505679 -0.138699
v -0.644799 -0.518503 -0.127522
v -0.642887 -0.516793 -0.139497
v -0.642887 -0.512518 -0.115150
v -0.638424 -0.502259 -0.108764
v -0.635875 -0.489436 -0.105571
v -0.633325 -0.483452 -0.103974
v -0.627588 -0.467209 -0.099583
v -0.622488 -0.451820 -0.095593
v -0.619301 -0.445836 -0.093996
v -0.605913 -0.424463 -0.086412
v -0.585514 -0.399671 -0.196174
v -0.588702 -0.409074 -0.200964
v -0.579777 -0.442415 -0.207749
v -0.563203 -0.446690 -0.227706
v -0.584877 -0.451820 -0.247263
v -0.581052 -0.446690 -0.208547
v -0.565753 -0.462078 -0.228504
v -0.584877 -0.471483 -0.250057
v -0.598263 -0.438996 -0.210542
v -0.597626 -0.458660 -0.212139
v -0.581052 -0.462078 -0.210143
v -0.598901 -0.475757 -0.214934
v -0.582327 -0.480031 -0.214135
v -0.599539 -0.483452 -0.215732
v -0.583602 -0.486016 -0.215732
v -0.585514 -0.498840 -0.216929
v -0.573403 -0.498840 -0.233692
v -0.589339 -0.515939 -0.220521
v -0.579140 -0.515939 -0.237684
v -0.601451 -0.523632 -0.244869
v -0.595076 -0.514228 -0.251255
v -0.569578 -0.479177 -0.231298
v -0.571491 -0.485162 -0.232096
v -0.585514 -0.478322 -0.250855
v -0.589339 -0.499695 -0.252452
v -0.555554 -0.406510 -0.242474
v -0.546629 -0.429592 -0.240877
v -0.547267 -0.432156 -0.241277
v -0.531330 -0.433012 -0.252851
v -0.531968 -0.444981 -0.252452
v -0.543442 -0.438996 -0.270812
v -0.542167 -0.456095 -0.270812
v -0.554279 -0.451820 -0.269615
v -0.554917 -0.456950 -0.270014
v -0.561929 -0.456950 -0.260434
v -0.561291 -0.478322 -0.260434
v -0.560016 -0.474902 -0.246066
v -0.560016 -0.490291 -0.248062
v -0.560016 -0.462934 -0.246864
v -0.581689 -0.368038 -0.227706
v -0.592527 -0.368038 -0.211341
v -0.595076 -0.391121 -0.215332
v -0.585514 -0.399671 -0.196174
v -0.588702 -0.409074 -0.200964
v -0.605276 -0.374878 -0.175818
v -0.611014 -0.379152 -0.153866
v -0.605276 -0.380007 -0.133111
v -0.600813 -0.405654 -0.139896
v -0.598263 -0.403945 -0.135506
v -0.600176 -0.408220 -0.127922
v -0.607825 -0.422753 -0.128321
v -0.617389 -0.441561 -0.132312
v -0.619938 -0.447546 -0.133510
v -0.624401 -0.462934 -0.136304
v -0.630138 -0.477467 -0.139896
v -0.632687 -0.483452 -0.141093
v -0.635237 -0.496276 -0.144287
v -0.640337 -0.506534 -0.145484
v -0.559378 -0.421898 -0.246465
v -0.555554 -0.406510 -0.242474
v -0.556191 -0.391976 -0.236886
v -0.558741 -0.392831 -0.232495
v -0.587427 -0.391976 -0.229701
v -0.568940 -0.399671 -0.235689
v -0.597626 -0.421043 -0.235689
v -0.603364 -0.421898 -0.221718
v -0.596989 -0.432156 -0.209345
v -0.580415 -0.427882 -0.244070
v -0.599539 -0.427027 -0.236886
v -0.605276 -0.427882 -0.223315
v -0.598263 -0.438996 -0.210542
v -0.606551 -0.445836 -0.224513
v -0.599539 -0.446690 -0.240877
v -0.581052 -0.434722 -0.245267
v -0.584877 -0.451820 -0.247263
v -0.602726 -0.469774 -0.243671
v -0.608464 -0.470628 -0.228903
v -0.597626 -0.458660 -0.212139
v -0.609739 -0.477467 -0.229701
v -0.598901 -0.475757 -0.214934
v -0.604001 -0.476612 -0.244469
v -0.612926 -0.501404 -0.232895
v -0.602726 -0.497985 -0.218127
v -0.605276 -0.515084 -0.221718
v -0.605913 -0.499695 -0.248062
v -0.610376 -0.514228 -0.248460
v -0.616113 -0.515084 -0.234891
v -0.607189 -0.524487 -0.232096
v -0.589339 -0.499695 -0.252452
v -0.595076 -0.514228 -0.251255
v -0.601451 -0.523632 -0.244869
v -0.585514 -0.478322 -0.250855
v -0.584877 -0.471483 -0.250057
v -0.534517 -0.402235 -0.265224
v -0.521131 -0.398816 -0.246864
v -0.599539 -0.483452 -0.215732
v -0.483519 -0.353505 -0.028538
v -0.482245 -0.377443 -0.019757
v -0.479695 -0.399671 -0.012972
v -0.559378 -0.421898 -0.246465
v -0.560016 -0.427882 -0.247263
v -0.558741 -0.443270 -0.246465
v -0.546629 -0.444981 -0.241675
v -0.559378 -0.457804 -0.246864
v -0.545992 -0.462078 -0.242873
v -0.560016 -0.462934 -0.246864
v -0.545992 -0.465498 -0.243272
v -0.545992 -0.473192 -0.241277
v -0.534517 -0.474902 -0.252851
v -0.549816 -0.495420 -0.246066
v -0.540254 -0.488581 -0.255645
v -0.550454 -0.492000 -0.261631
v -0.548542 -0.486016 -0.266421
v -0.533880 -0.462078 -0.254846
v -0.534517 -0.465498 -0.255246
v -0.542804 -0.461224 -0.270812
v -0.544717 -0.475757 -0.269216
v -0.552366 -0.475757 -0.268019
v -0.555554 -0.484306 -0.266022
v -0.561929 -0.486871 -0.260035
v -0.556829 -0.493711 -0.256842
v -0.548542 -0.486016 -0.266421
v -0.550454 -0.492000 -0.261631
v -0.556829 -0.493711 -0.256842
v -0.560016 -0.490291 -0.248062
v -0.560016 -0.474902 -0.246066
v -0.596989 -0.432156 -0.209345
v -0.607189 -0.524487 -0.232096
v -0.605276 -0.515084 -0.221718
v -0.602726 -0.497985 -0.218127
v -0.588702 -0.402235 -0.186994
v -0.613564 -0.409074 -0.176617
v -0.616751 -0.412494 -0.161449
v -0.606551 -0.427027 -0.146681
v -0.601451 -0.422753 -0.190187
v -0.621851 -0.437287 -0.182204
v -0.625038 -0.438996 -0.163445
v -0.612289 -0.442415 -0.149076
v -0.626313 -0.444981 -0.164643
v -0.613564 -0.450110 -0.149875
v -0.622488 -0.444126 -0.183003
v -0.626951 -0.473192 -0.167835
v -0.616113 -0.474902 -0.153068
v -0.623126 -0.472338 -0.184999
v -0.628863 -0.488581 -0.170231
v -0.618663 -0.497985 -0.155861
v -0.624401 -0.486871 -0.187393
v -0.628863 -0.495420 -0.171029
v -0.619301 -0.504825 -0.156261
v -0.624401 -0.492856 -0.188191
v -0.631413 -0.520213 -0.175818
v -0.618663 -0.519358 -0.158257
v -0.620576 -0.536456 -0.165840
v -0.632050 -0.535601 -0.179411
v -0.619301 -0.545860 -0.179011
v -0.627588 -0.534746 -0.194977
v -0.616113 -0.545005 -0.193381
v -0.616113 -0.533036 -0.203359
v -0.626313 -0.519358 -0.192981
v -0.611652 -0.497985 -0.198170
v -0.614201 -0.517648 -0.202959
v -0.612289 -0.491145 -0.197371
v -0.611014 -0.473192 -0.195775
v -0.609102 -0.448400 -0.194179
v -0.608464 -0.441561 -0.192981
v 0.588703 -0.409074 -0.200964
v 0.595078 -0.391121 -0.215332
v 0.585516 -0.399671 -0.196174
v 0.592528 -0.368038 -0.211341
v 0.605277 -0.374878 -0.175818
v 0.583603 -0.342391 -0.184999
v 0.611014 -0.379152 -0.153866
v 0.593165 -0.357779 -0.125129
v 0.605277 -0.380007 -0.133111
v 0.607189 -0.390266 -0.114751
v 0.598902 -0.403945 -0.135506
v 0.600177 -0.408220 -0.127922
v 0.581691 -0.368038 -0.227706
v 0.556829 -0.341536 -0.234092
v 0.543442 -0.314180 -0.224912
v 0.566390 -0.316744 -0.175818
v 0.531330 -0.291952 -0.217727
v 0.549816 -0.290242 -0.167038
v 0.530055 -0.270579 -0.206950
v 0.538342 -0.263740 -0.157458
v 0.569578 -0.327003 -0.117944
v 0.541530 -0.289387 -0.109562
v 0.524318 -0.258610 -0.104773
v 0.523044 -0.290242 -0.078829
v 0.551092 -0.322729 -0.077232
v 0.587428 -0.371458 -0.086412
v 0.514118 -0.332133 -0.038516
v 0.537705 -0.346667 -0.044503
v 0.541530 -0.373169 -0.055280
v 0.575315 -0.384282 -0.072841
v 0.596990 -0.409074 -0.082022
v 0.605914 -0.394540 -0.094394
v 0.612926 -0.415059 -0.098785
v 0.611652 -0.413349 -0.117146
v 0.628863 -0.439851 -0.105970
v 0.626951 -0.438996 -0.122733
v 0.630775 -0.444981 -0.107168
v 0.628863 -0.443270 -0.123932
v 0.637150 -0.462078 -0.111957
v 0.633963 -0.460369 -0.127124
v 0.644162 -0.479177 -0.117146
v 0.640975 -0.477467 -0.131115
v 0.645437 -0.484306 -0.118343
v 0.642249 -0.482597 -0.132712
v 0.649262 -0.497985 -0.121536
v 0.646074 -0.495420 -0.136304
v 0.652449 -0.507389 -0.125528
v 0.649262 -0.505679 -0.138699
v 0.644799 -0.518503 -0.127523
v 0.642887 -0.516793 -0.139497
v 0.642887 -0.512518 -0.115150
v 0.638425 -0.502259 -0.108764
v 0.635875 -0.489436 -0.105571
v 0.633325 -0.483451 -0.103975
v 0.627588 -0.467209 -0.099583
v 0.622488 -0.451820 -0.095593
v 0.619301 -0.445836 -0.093996
v 0.605914 -0.424462 -0.086412
v 0.588703 -0.402235 -0.186994
v 0.613564 -0.409074 -0.176617
v 0.601452 -0.422753 -0.190187
v 0.621851 -0.437286 -0.182204
v 0.608464 -0.441561 -0.192981
v 0.622488 -0.444126 -0.183003
v 0.609102 -0.448400 -0.194179
v 0.623126 -0.472338 -0.184999
v 0.611014 -0.473192 -0.195775
v 0.624401 -0.486871 -0.187393
v 0.612289 -0.491145 -0.197371
v 0.624401 -0.492856 -0.188192
v 0.611652 -0.497985 -0.198170
v 0.626313 -0.519358 -0.192981
v 0.614201 -0.517648 -0.202959
v 0.616113 -0.533036 -0.203359
v 0.626313 -0.444981 -0.164643
v 0.626951 -0.473192 -0.167836
v 0.628863 -0.488581 -0.170231
v 0.628863 -0.495420 -0.171029
v 0.631413 -0.520213 -0.175818
v 0.632050 -0.535601 -0.179411
v 0.627588 -0.534746 -0.194977
v 0.619301 -0.545860 -0.179011
v 0.616113 -0.545005 -0.193381
v 0.625038 -0.438996 -0.163445
v 0.613564 -0.450110 -0.149875
v 0.616113 -0.474902 -0.153068
v 0.618664 -0.497985 -0.155861
v 0.619301 -0.504825 -0.156261
v 0.618664 -0.519358 -0.158257
v 0.620576 -0.536455 -0.165840
v 0.616751 -0.412494 -0.161449
v 0.600814 -0.405654 -0.139896
v 0.606551 -0.427027 -0.146682
v 0.612289 -0.442415 -0.149076
v 0.607827 -0.422753 -0.128321
v 0.617389 -0.441561 -0.132312
v 0.619938 -0.447546 -0.133510
v 0.624401 -0.462934 -0.136304
v 0.630138 -0.477467 -0.139896
v 0.632687 -0.483451 -0.141093
v 0.635237 -0.496275 -0.144287
v 0.640337 -0.506534 -0.145485
v 0.493083 -0.269724 -0.083619
v 0.495632 -0.297081 -0.067254
v 0.487346 -0.333842 -0.038516
v 0.507744 -0.349231 -0.025744
v 0.483519 -0.353505 -0.028538
v 0.502007 -0.374878 -0.013371
v 0.482245 -0.377443 -0.019757
v 0.497545 -0.398816 -0.002994
v 0.479695 -0.399671 -0.012972
v 0.495632 -0.405654 -0.000200
v 0.476508 -0.422753 -0.004191
v 0.489258 -0.423608 0.002195
v 0.484796 -0.447546 0.007384
v 0.492445 -0.441561 0.006985
v 0.504557 -0.445836 0.002994
v 0.511569 -0.431301 -0.005788
v 0.505194 -0.456095 -0.001397
v 0.516031 -0.438141 -0.018959
v 0.514756 -0.412494 -0.007384
v 0.515394 -0.405654 -0.010177
v 0.520493 -0.381717 -0.022950
v 0.527505 -0.356070 -0.035323
v 0.521131 -0.412494 -0.026144
v 0.524956 -0.392831 -0.037319
v 0.532605 -0.374878 -0.048894
v 0.500732 -0.279128 -0.245267
v 0.506469 -0.301356 -0.245267
v 0.477145 -0.288532 -0.247663
v 0.482882 -0.310760 -0.248460
v 0.461208 -0.303066 -0.226109
v 0.465671 -0.316744 -0.227306
v 0.463121 -0.321019 -0.167836
v 0.482882 -0.351795 -0.176617
v 0.466309 -0.320163 -0.125927
v 0.493083 -0.364619 -0.121136
v 0.473957 -0.347521 -0.050890
v 0.477782 -0.370604 -0.064460
v 0.482882 -0.371458 -0.052486
v 0.505832 -0.384282 -0.070048
v 0.513481 -0.383426 -0.061666
v 0.524318 -0.382572 -0.068052
v 0.532605 -0.374878 -0.048894
v 0.541530 -0.373169 -0.055280
v 0.529418 -0.384282 -0.157060
v 0.515394 -0.383426 -0.107168
v 0.535155 -0.396251 -0.110361
v 0.572127 -0.420188 -0.146283
v 0.566390 -0.415059 -0.165840
v 0.579141 -0.427882 -0.173822
v 0.588703 -0.402235 -0.186994
v 0.601452 -0.422753 -0.190187
v 0.554917 -0.409930 -0.192182
v 0.514118 -0.381717 -0.198568
v 0.477145 -0.349231 -0.231697
v 0.490533 -0.333842 -0.253649
v 0.506469 -0.357779 -0.257242
v 0.517943 -0.323583 -0.250856
v 0.530055 -0.344956 -0.255246
v 0.558741 -0.372313 -0.249259
v 0.558741 -0.392831 -0.232495
v 0.587428 -0.391976 -0.229702
v 0.568940 -0.399671 -0.235689
v 0.597627 -0.421043 -0.235689
v 0.580415 -0.427882 -0.244070
v 0.599540 -0.427027 -0.236886
v 0.581053 -0.434722 -0.245267
v 0.599540 -0.446690 -0.240877
v 0.584878 -0.451820 -0.247263
v 0.602727 -0.469773 -0.243671
v 0.584878 -0.471483 -0.250057
v 0.604002 -0.476612 -0.244469
v 0.585516 -0.478322 -0.250856
v 0.589341 -0.499695 -0.252452
v 0.457384 -0.303920 -0.151471
v 0.467583 -0.285112 -0.103576
v 0.470770 -0.307340 -0.085215
v 0.493083 -0.269724 -0.083619
v 0.495632 -0.297081 -0.067254
v 0.487346 -0.333842 -0.038516
v 0.483519 -0.353505 -0.028538
v 0.482245 -0.377443 -0.019757
v 0.484796 -0.388557 -0.046101
v 0.487346 -0.408220 -0.037718
v 0.510931 -0.395396 -0.051288
v 0.508381 -0.410784 -0.041310
v 0.524956 -0.392831 -0.037319
v 0.521131 -0.412494 -0.026144
v 0.585516 -0.399671 -0.196174
v 0.563841 -0.415913 -0.198568
v 0.588703 -0.409074 -0.200964
v 0.579778 -0.442415 -0.207749
v 0.596990 -0.432156 -0.209346
v 0.598265 -0.438996 -0.210543
v 0.545355 -0.406510 -0.210144
v 0.534517 -0.402235 -0.228903
v 0.499457 -0.373169 -0.234491
v 0.521131 -0.398816 -0.246864
v 0.528143 -0.385137 -0.262830
v 0.534517 -0.402235 -0.265224
v 0.548542 -0.393686 -0.262431
v 0.554279 -0.415059 -0.265224
v 0.556191 -0.393686 -0.252053
v 0.560016 -0.415913 -0.255645
v 0.555554 -0.406510 -0.242474
v 0.559378 -0.421898 -0.246465
v 0.544717 -0.372313 -0.259637
v 0.556191 -0.391976 -0.236886
v 0.479695 -0.399671 -0.012972
v 0.476508 -0.422753 -0.004191
v 0.480332 -0.435576 -0.028937
v 0.503282 -0.442415 -0.032928
v 0.498182 -0.455240 -0.018959
v 0.516031 -0.438141 -0.018959
v 0.505194 -0.456095 -0.001397
v 0.603364 -0.421898 -0.221718
v 0.596990 -0.432156 -0.209346
v 0.605277 -0.427882 -0.223315
v 0.598265 -0.438996 -0.210543
v 0.606551 -0.445836 -0.224513
v 0.597627 -0.458660 -0.212139
v 0.609102 -0.470628 -0.228903
v 0.598902 -0.475757 -0.214934
v 0.609739 -0.477467 -0.229702
v 0.612926 -0.501404 -0.232895
v 0.605914 -0.499695 -0.248062
v 0.595078 -0.514228 -0.251255
v 0.602727 -0.497985 -0.218127
v 0.605277 -0.515084 -0.221718
v 0.616113 -0.515084 -0.234891
v 0.607189 -0.524487 -0.232096
v 0.610376 -0.514228 -0.248460
v 0.601452 -0.523632 -0.244869
v 0.599540 -0.483451 -0.215732
v 0.586153 -0.429592 -0.148678
v 0.594440 -0.451820 -0.154664
v 0.606551 -0.427027 -0.146682
v 0.612289 -0.442415 -0.149076
v 0.589341 -0.450964 -0.178613
v 0.608464 -0.441561 -0.192981
v 0.596352 -0.457804 -0.156261
v 0.613564 -0.450110 -0.149875
v 0.616113 -0.474902 -0.153068
v 0.595078 -0.476612 -0.158257
v 0.596990 -0.499695 -0.161849
v 0.590615 -0.474902 -0.181805
v 0.591890 -0.496275 -0.185397
v 0.611014 -0.473192 -0.195775
v 0.612289 -0.491145 -0.197371
v 0.590615 -0.456949 -0.179411
v 0.609102 -0.448400 -0.194179
v 0.618664 -0.497985 -0.155861
v 0.619301 -0.504825 -0.156261
v 0.598265 -0.506534 -0.163046
v 0.592528 -0.502259 -0.185397
v 0.596352 -0.519358 -0.165440
v 0.591890 -0.516793 -0.188192
v 0.602090 -0.537311 -0.169432
v 0.597627 -0.534746 -0.192182
v 0.619301 -0.545860 -0.179011
v 0.616113 -0.545005 -0.193381
v 0.611652 -0.497985 -0.198170
v 0.614201 -0.517648 -0.202959
v 0.616113 -0.533036 -0.203359
v 0.600814 -0.405654 -0.139896
v 0.598902 -0.403945 -0.135506
v 0.568303 -0.419334 -0.129119
v 0.574040 -0.423608 -0.113553
v 0.552366 -0.401380 -0.079228
v 0.575315 -0.421043 -0.090404
v 0.575315 -0.384282 -0.072841
v 0.596990 -0.409074 -0.082022
v 0.618664 -0.519358 -0.158257
v 0.620576 -0.536455 -0.165840
v 0.600177 -0.408220 -0.127922
v 0.584878 -0.433867 -0.117545
v 0.585516 -0.433867 -0.093197
v 0.602090 -0.454384 -0.100782
v 0.605914 -0.424462 -0.086412
v 0.598902 -0.451820 -0.123932
v 0.604639 -0.459514 -0.101979
v 0.622488 -0.451820 -0.095593
v 0.627588 -0.467209 -0.099583
v 0.602090 -0.456949 -0.125528
v 0.608464 -0.474048 -0.105571
v 0.615476 -0.487726 -0.109961
v 0.633325 -0.483451 -0.103975
v 0.618664 -0.492856 -0.111957
v 0.635875 -0.489436 -0.105571
v 0.638425 -0.502259 -0.108764
v 0.605914 -0.469773 -0.128321
v 0.612289 -0.483451 -0.131515
v 0.614839 -0.489436 -0.132712
v 0.621214 -0.504825 -0.115150
v 0.618026 -0.501404 -0.136304
v 0.628226 -0.516793 -0.119939
v 0.625038 -0.513373 -0.139098
v 0.644799 -0.518503 -0.127523
v 0.642887 -0.516793 -0.139497
v 0.624401 -0.462934 -0.136304
v 0.630138 -0.477467 -0.139896
v 0.632687 -0.483451 -0.141093
v 0.635237 -0.496275 -0.144287
v 0.640337 -0.506534 -0.145485
v 0.619938 -0.447546 -0.133510
v 0.617389 -0.441561 -0.132312
v 0.607827 -0.422753 -0.128321
v 0.642887 -0.512518 -0.115150
v 0.619301 -0.445836 -0.093996
v -0.341365 -0.870726 0.000200
v -0.335628 -0.872435 -0.064859
v -0.248932 -0.875000 -0.023748
v -0.238094 -0.875000 -0.149875
v -0.161598 -0.873291 -0.124330
v -0.176260 -0.872435 -0.185397
v -0.154587 -0.869871 -0.042108
v -0.163511 -0.871581 0.030534
v -0.215783 -0.870726 0.085215
v -0.310766 -0.871581 0.068053
v -0.310766 -0.870726 -0.154265
v -0.289729 -0.871581 -0.199767
v -0.266143 -0.871581 -0.228504
v -0.233632 -0.870726 -0.243671
v -0.199209 -0.869871 -0.228504
v 0.058966 0.307340 0.098386
v 0.048767 0.353505 0.152669
v 0.058329 0.332987 0.159853
v 0.042392 0.359490 0.234491
v 0.050679 0.338971 0.234491
v 0.021993 0.346665 0.281589
v 0.026454 0.335551 0.288373
v 0.000318 0.335551 0.288373
v 0.048767 0.318454 0.087610
v 0.000318 0.353505 0.152669
v 0.000318 0.359490 0.234491
v 0.000318 0.346665 0.281589
v -0.021993 0.346665 0.281589
v -0.026454 0.335551 0.288373
v -0.050678 0.338971 0.234491
v -0.042391 0.359490 0.234491
v -0.058328 0.332987 0.159853
v -0.048766 0.353505 0.152669
v -0.058965 0.307340 0.098386
v -0.048766 0.318454 0.087610
v 0.000318 0.318454 0.087610
v 0.154587 -0.869871 -0.042109
v 0.161599 -0.873291 -0.124330
v 0.248932 -0.875000 -0.023748
v 0.238095 -0.875000 -0.149875
v 0.335628 -0.872435 -0.064859
v 0.310766 -0.870726 -0.154265
v 0.341365 -0.870726 0.000200
v 0.310766 -0.871581 0.068053
v 0.215783 -0.870726 0.085215
v 0.163511 -0.871581 0.030534
v 0.176260 -0.872435 -0.185397
v 0.199209 -0.869871 -0.228504
v 0.233633 -0.870726 -0.243671
v 0.266144 -0.871581 -0.228504
v 0.289729 -0.871581 -0.199767
v 0.480970 -0.449255 -0.016563
v 0.484796 -0.447546 0.007384
v 0.556829 -0.493711 -0.256842
v 0.550454 -0.492000 -0.261631
v 0.555554 -0.484306 -0.266022
v 0.548542 -0.486016 -0.266421
v 0.553004 -0.475757 -0.268019
v 0.544717 -0.475757 -0.269216
v 0.542804 -0.461224 -0.270813
v 0.534517 -0.474902 -0.252851
v 0.534517 -0.465498 -0.255246
v 0.545992 -0.465498 -0.243272
v 0.545992 -0.462078 -0.242873
v 0.560016 -0.462934 -0.246864
v 0.559378 -0.457804 -0.246864
v 0.546629 -0.444981 -0.241675
v 0.531968 -0.444981 -0.252452
v 0.533880 -0.462078 -0.254846
v 0.542167 -0.456095 -0.270813
v 0.554917 -0.456949 -0.270014
v 0.561291 -0.478322 -0.260434
v 0.561929 -0.486871 -0.260035
v 0.560016 -0.490290 -0.248062
v 0.543442 -0.438996 -0.270813
v 0.554279 -0.451820 -0.269615
v 0.561929 -0.456949 -0.260434
v 0.560016 -0.474902 -0.246066
v 0.561929 -0.452675 -0.260434
v 0.553641 -0.435576 -0.268816
v 0.561291 -0.434722 -0.257641
v 0.554917 -0.420188 -0.266421
v 0.561291 -0.421043 -0.256842
v 0.541530 -0.425318 -0.270014
v 0.540892 -0.419334 -0.269216
v 0.531330 -0.433012 -0.252851
v 0.530693 -0.430447 -0.251654
v 0.524956 -0.408220 -0.249259
v 0.547267 -0.432156 -0.241277
v 0.546629 -0.429592 -0.240877
v 0.539617 -0.409074 -0.236088
v 0.555554 -0.406510 -0.242474
v 0.556191 -0.391976 -0.236886
v 0.558741 -0.392831 -0.232495
v 0.551729 -0.412494 -0.217328
v 0.562566 -0.443270 -0.226907
v 0.563203 -0.446690 -0.227706
v 0.581053 -0.446690 -0.208547
v 0.565753 -0.462078 -0.228504
v 0.581053 -0.462078 -0.210144
v 0.582328 -0.480031 -0.214135
v 0.598902 -0.475757 -0.214934
v 0.599540 -0.483451 -0.215732
v 0.568940 -0.399671 -0.235689
v 0.580415 -0.427882 -0.244070
v 0.581053 -0.434722 -0.245267
v 0.584878 -0.451820 -0.247263
v 0.584878 -0.471483 -0.250057
v 0.569578 -0.479177 -0.231298
v 0.585516 -0.478322 -0.250856
v 0.571491 -0.485162 -0.232096
v 0.573403 -0.498840 -0.233692
v 0.583603 -0.486016 -0.215732
v 0.585516 -0.498840 -0.216929
v 0.602727 -0.497985 -0.218127
v 0.558741 -0.443270 -0.246465
v 0.560016 -0.427882 -0.247263
v 0.559378 -0.421898 -0.246465
v 0.560016 -0.462934 -0.246864
v 0.559378 -0.457804 -0.246864
v 0.558741 -0.443270 -0.246465
v 0.560016 -0.427882 -0.247263
v 0.597627 -0.458660 -0.212139
v 0.589341 -0.499695 -0.252452
v 0.579141 -0.515938 -0.237684
v 0.589341 -0.515938 -0.220521
v 0.601452 -0.523632 -0.244869
v 0.607189 -0.524487 -0.232096
v 0.605277 -0.515084 -0.221718
v 0.595078 -0.514228 -0.251255
v 0.545992 -0.473192 -0.241277
v 0.549816 -0.495420 -0.246066
v 0.540254 -0.488581 -0.255645
v 0.550454 -0.492000 -0.261631
v 0.548542 -0.486016 -0.266421
v 0.560016 -0.474902 -0.246066
v 0.560016 -0.490290 -0.248062
v 0.556829 -0.493711 -0.256842
v -0.077453 0.482597 0.247663
v -0.072990 0.500549 0.247663
v -0.107414 0.500549 0.256843
v -0.077453 0.517648 0.247663
v -0.090202 0.530470 0.247663
v -0.077453 0.552698 0.222118
v -0.107414 0.560393 0.222118
v -0.107414 0.569797 0.187393
v -0.142474 0.560393 0.187393
v -0.138011 0.552698 0.152270
v -0.159686 0.530470 0.152270
v -0.138011 0.517648 0.127124
v -0.142474 0.500549 0.127124
v -0.107414 0.500549 0.117545
v -0.138011 0.482597 0.127124
v -0.125262 0.469773 0.127124
v -0.159686 0.469773 0.152270
v -0.138011 0.448400 0.152270
v -0.167973 0.465498 0.187393
v -0.142474 0.439851 0.187393
v -0.159686 0.469773 0.222118
v -0.138011 0.448400 0.222118
v -0.138011 0.482597 0.247663
v -0.125262 0.469773 0.247663
v -0.107414 0.465498 0.247663
v -0.090202 0.469773 0.247663
v -0.077453 0.448400 0.222118
v -0.055140 0.469773 0.222118
v -0.047491 0.465498 0.187393
v -0.037929 0.500549 0.187393
v -0.047491 0.500549 0.152270
v -0.055140 0.530470 0.152270
v -0.077453 0.517648 0.127124
v -0.090202 0.530470 0.127124
v -0.107414 0.534746 0.127124
v -0.125262 0.530470 0.127124
v -0.107414 0.560393 0.152270
v -0.047491 0.500549 0.222118
v -0.047491 0.534746 0.187393
v -0.077453 0.552698 0.152270
v -0.072990 0.560393 0.187393
v -0.055140 0.530470 0.222118
v -0.107414 0.465498 0.127124
v -0.107414 0.439851 0.152270
v -0.107414 0.430447 0.187393
v -0.107414 0.439851 0.222118
v -0.090202 0.469773 0.127124
v -0.077453 0.448400 0.152270
v -0.072990 0.439851 0.187393
v -0.055140 0.469773 0.152270
v -0.072990 0.500549 0.127124
v -0.077453 0.482597 0.127124
v -0.167973 0.500549 0.152270
v -0.177535 0.500549 0.187393
v -0.167973 0.500549 0.222118
v -0.142474 0.500549 0.247663
v -0.167973 0.534746 0.187393
v -0.138011 0.552698 0.222118
v -0.107414 0.534746 0.247663
v -0.159686 0.530470 0.222118
v -0.125262 0.530470 0.247663
v -0.138011 0.517648 0.247663
v 0.142474 0.560393 0.187393
v 0.138013 0.552698 0.152270
v 0.107414 0.560393 0.152270
v 0.107414 0.534746 0.127124
v 0.090202 0.530470 0.127124
v 0.107414 0.500549 0.117545
v 0.077453 0.517648 0.127124
v 0.072990 0.500549 0.127124
v 0.055141 0.530470 0.152270
v 0.047492 0.500549 0.152270
v 0.047492 0.534746 0.187393
v 0.037930 0.500549 0.187393
v 0.055141 0.530470 0.222118
v 0.047492 0.500549 0.222118
v 0.077453 0.517648 0.247663
v 0.072990 0.500549 0.247663
v 0.107414 0.500549 0.256843
v 0.077453 0.482597 0.247663
v 0.090202 0.469773 0.247663
v 0.077453 0.448400 0.222118
v 0.107414 0.439851 0.222118
v 0.107414 0.430447 0.187393
v 0.142474 0.439851 0.187393
v 0.138013 0.448400 0.152270
v 0.159686 0.469773 0.152270
v 0.138013 0.482597 0.127124
v 0.142474 0.500549 0.127124
v 0.138013 0.517648 0.127124
v 0.125263 0.530470 0.127124
v 0.159686 0.530470 0.152270
v 0.167973 0.534746 0.187393
v 0.159686 0.530470 0.222118
v 0.138013 0.552698 0.222118
v 0.138013 0.517648 0.247663
v 0.125263 0.530470 0.247663
v 0.107414 0.534746 0.247663
v 0.090202 0.530470 0.247663
v 0.077453 0.552698 0.222118
v 0.167973 0.500549 0.152270
v 0.177535 0.500549 0.187393
v 0.167973 0.500549 0.222118
v 0.142474 0.500549 0.247663
v 0.167973 0.465498 0.187393
v 0.138013 0.448400 0.222118
v 0.107414 0.465498 0.247663
v 0.159686 0.469773 0.222118
v 0.125263 0.469773 0.247663
v 0.138013 0.482597 0.247663
v 0.055141 0.469773 0.222118
v 0.047492 0.465498 0.187393
v 0.055141 0.469773 0.152270
v 0.077453 0.482597 0.127124
v 0.072990 0.439851 0.187393
v 0.107414 0.439851 0.152270
v 0.125263 0.469773 0.127124
v 0.077453 0.448400 0.152270
v 0.107414 0.465498 0.127124
v 0.090202 0.469773 0.127124
v 0.072990 0.560393 0.187393
v 0.107414 0.560393 0.222118
v 0.107414 0.569797 0.187393
v 0.077453 0.552698 0.152270
v -0.169886 -0.801478 -0.175020
v -0.095939 0.380007 0.123932
v -0.094664 0.307340 0.109562
v 0.095939 0.380007 0.123931
vn 0.7339 -0.6786 -0.0285
vn 0.6611 -0.5105 -0.5498
vn 0.6605 -0.5135 -0.5477
vn 0.8086 -0.5511 -0.2061
vn 0.8407 -0.4898 -0.2310
vn 0.8351 -0.5091 -0.2085
vn 0.6132 -0.7831 -0.1038
vn 0.6768 -0.7156 0.1731
vn 0.2941 -0.9024 0.3149
vn 0.1931 -0.7913 0.5801
vn -0.1921 -0.7915 0.5802
vn -0.1819 -0.8231 0.5379
vn -0.4818 -0.6347 0.6042
vn -0.4730 -0.6896 0.5484
vn -0.7798 -0.3134 0.5420
vn -0.7371 -0.5397 0.4067
vn -0.9072 -0.1310 0.3998
vn -0.5738 0.0276 0.8185
vn -0.6856 -0.3371 0.6453
vn -0.3849 -0.1341 0.9132
vn -0.3807 -0.0197 0.9245
vn -0.7052 -0.1342 0.6962
vn -0.7726 0.2191 0.5959
vn -0.6312 0.1396 0.7630
vn -0.6004 0.4386 0.6687
vn -0.0647 0.6430 0.7632
vn -0.0946 0.3847 0.9182
vn -0.3938 -0.0000 0.9192
vn -0.0715 -0.9439 0.3223
vn 0.0734 -0.9438 0.3223
vn 0.6136 -0.5682 0.5482
vn 0.2739 -0.6571 0.7023
vn -0.5198 -0.8528 0.0511
vn 0.8529 -0.2911 0.4334
vn 0.8734 -0.1907 0.4482
vn 0.9272 -0.0789 0.3661
vn 0.7866 0.5598 0.2605
vn 0.7812 0.4861 0.3917
vn 0.7514 0.5564 0.3547
vn 0.7371 0.5161 0.4363
vn 0.7462 0.1657 0.6448
vn 0.8134 0.2169 0.5398
vn 0.2529 -0.6774 0.6908
vn 0.2161 -0.6794 0.7012
vn 0.1117 -0.7113 0.6940
vn 0.1060 -0.7832 0.6127
vn -0.0151 -0.7494 0.6619
vn 0.2232 0.6846 0.6939
vn 0.4866 0.0362 0.8729
vn 0.3381 -0.0233 0.9408
vn 0.3361 0.1605 0.9280
vn 0.6741 0.3482 0.6514
vn 0.3892 -0.0846 0.9173
vn 0.5528 -0.0328 0.8327
vn 0.6899 0.1934 0.6976
vn 0.5635 0.1263 0.8164
vn 0.6004 0.4387 0.6687
vn 0.0669 0.6426 0.7633
vn -0.0907 0.4688 0.8786
vn 0.0874 0.4689 0.8789
vn -0.3502 -0.5465 0.7607
vn -0.3276 -0.5318 0.7809
vn -0.6722 -0.0036 0.7403
vn -0.6899 0.1934 0.6976
vn -0.5528 -0.0328 0.8327
vn -0.4620 0.0563 0.8851
vn -0.7764 0.4784 0.4103
vn -0.7371 0.5161 0.4363
vn -0.7462 0.1657 0.6448
vn -0.4924 0.3187 0.8099
vn -0.4118 0.3953 0.8211
vn 0.4203 0.3936 0.8176
vn 0.1152 0.0415 0.9925
vn -0.2336 0.2453 0.9409
vn 0.1938 0.4764 0.8576
vn 0.4482 -0.4054 0.7967
vn 0.3534 -0.3988 0.8462
vn 0.3303 -0.3382 0.8812
vn 0.4983 -0.4337 0.7507
vn 0.5446 0.1742 0.8204
vn 0.7508 -0.0850 0.6550
vn 0.7209 -0.1308 0.6806
vn 0.6924 -0.0376 0.7206
vn 0.7109 -0.0264 0.7028
vn 0.6856 -0.3371 0.6453
vn 0.3849 -0.1341 0.9132
vn 0.3153 -0.2165 0.9240
vn 0.4552 -0.2079 0.8658
vn 0.6614 -0.0466 0.7486
vn 0.5605 0.0818 0.8241
vn 0.5270 0.0800 0.8461
vn 0.2006 0.2359 0.9508
vn 0.2053 -0.4768 0.8547
vn 0.2476 -0.3705 0.8952
vn 0.4351 -0.6837 0.5859
vn 0.4295 -0.6864 0.5868
vn 0.4303 -0.6860 0.5867
vn 0.3290 -0.7866 0.5225
vn 0.2672 -0.6611 0.7011
vn 0.1753 -0.8098 0.5599
vn 0.1829 -0.8227 0.5383
vn 0.4692 -0.0467 0.8819
vn 0.6465 0.0279 0.7624
vn 0.6537 -0.0101 0.7567
vn 0.3986 -0.1184 0.9094
vn 0.2389 -0.2912 0.9264
vn 0.6722 -0.0036 0.7403
vn 0.7726 0.2191 0.5959
vn 0.6312 0.1396 0.7630
vn 0.2236 -0.5412 0.8106
vn 0.3398 -0.5303 0.7768
vn 0.3807 -0.0197 0.9245
vn 0.7052 -0.1342 0.6962
vn 0.5001 -0.3269 0.8019
vn 0.3923 -0.3485 0.8513
vn 0.4739 -0.4079 0.7804
vn 0.1332 -0.5197 0.8439
vn 0.4034 0.0361 0.9143
vn -0.3980 0.0362 0.9167
vn -0.1954 0.2381 0.9514
vn -0.5270 0.0800 0.8461
vn -0.1996 -0.4839 0.8520
vn -0.2443 -0.3708 0.8960
vn 0.5166 0.2076 0.8306
vn 0.4098 0.1169 0.9047
vn 0.3162 -0.6423 0.6982
vn -0.3103 -0.6436 0.6996
vn -0.1309 -0.5202 0.8440
vn -0.4738 -0.4079 0.7804
vn -0.3922 -0.3485 0.8513
vn -0.5002 -0.3269 0.8019
vn -0.4552 -0.2079 0.8658
vn -0.3153 -0.2165 0.9240
vn -0.4717 -0.4430 0.7624
vn -0.5604 0.0818 0.8241
vn -0.6614 -0.0467 0.7486
vn -0.4345 -0.6839 0.5860
vn -0.4359 -0.6833 0.5858
vn -0.4261 -0.6881 0.5874
vn -0.3487 -0.6203 0.7026
vn -0.3505 -0.5996 0.7195
vn -0.2649 -0.6627 0.7005
vn -0.3257 -0.7875 0.5231
vn -0.4248 -0.6887 0.5875
vn -0.8095 -0.5546 -0.1926
vn -0.8513 -0.4714 -0.2304
vn -0.1389 -0.4863 -0.8627
vn -0.2841 0.0317 -0.9583
vn 0.2559 0.1165 -0.9597
vn 0.2703 -0.0611 -0.9608
vn 0.7591 0.0048 -0.6510
vn 0.7383 -0.2003 -0.6441
vn 0.9826 -0.1854 -0.0079
vn 0.9993 -0.0212 0.0309
vn 0.8200 -0.1047 0.5627
vn 0.8622 -0.1788 0.4740
vn 0.5040 -0.3735 0.7788
vn 0.5033 -0.3786 0.7768
vn 0.5035 -0.3759 0.7779
vn 0.4664 -0.3613 0.8075
vn -0.2702 -0.6061 0.7481
vn 0.2443 -0.7559 0.6075
vn 0.0180 -0.8638 0.5035
vn -0.0179 -0.8638 0.5035
vn 0.0396 -0.9988 -0.0294
vn 0.8323 -0.5052 0.2281
vn 0.8361 -0.4532 0.3091
vn 0.8357 -0.4540 0.3091
vn 0.8313 -0.4630 0.3076
vn 0.8302 -0.4651 0.3073
vn 0.8406 -0.3999 0.3653
vn 0.8748 -0.2941 0.3850
vn 0.8856 -0.3242 0.3327
vn 0.7956 -0.4596 0.3947
vn 0.6746 -0.6092 0.4169
vn 0.2138 -0.9732 -0.0852
vn -0.2164 -0.9726 -0.0851
vn -0.0399 -0.9988 -0.0293
vn -0.8302 -0.5090 0.2273
vn -0.2683 -0.6323 0.7268
vn -0.2969 -0.6193 0.7269
vn 0.5038 -0.3733 0.7790
vn 0.6192 -0.3950 0.6786
vn 0.8206 -0.2405 0.5184
vn 0.8980 -0.2947 0.3268
vn 0.9865 -0.1611 -0.0297
vn 0.9999 -0.0105 -0.0122
vn 0.9970 -0.0508 -0.0588
vn 0.9938 0.0976 -0.0530
vn 0.9768 0.0684 -0.2029
vn 0.9631 -0.2308 -0.1382
vn 0.9717 -0.1920 -0.1373
vn 0.7694 0.1326 -0.6249
vn 0.7678 0.1319 -0.6270
vn 0.7638 0.1302 -0.6322
vn 0.7620 0.1294 -0.6345
vn 0.3819 0.0940 -0.9194
vn 0.4159 -0.2697 -0.8685
vn -0.1612 -0.4602 -0.8731
vn 0.4562 -0.3720 -0.8084
vn 0.7731 -0.3049 -0.5562
vn 0.7755 -0.3286 -0.5391
vn 0.3854 -0.9224 -0.0239
vn 0.7087 -0.3755 -0.5972
vn -0.3528 -0.8410 0.4102
vn 0.0051 -0.9984 -0.0562
vn -0.0000 -0.9984 -0.0563
vn -0.0052 -0.9984 -0.0562
vn -0.0916 -0.0527 -0.9944
vn -0.0916 -0.0528 -0.9944
vn -0.0217 -0.9717 -0.2354
vn -0.0642 -0.9747 -0.2143
vn -0.0511 -0.9895 0.1356
vn -0.0694 -0.9870 0.1448
vn -0.0182 -0.2609 0.9652
vn -0.0151 -0.2586 0.9659
vn -0.0118 -0.2559 0.9666
vn -0.5667 -0.1234 0.8146
vn -0.5390 0.3307 0.7747
vn -0.3334 0.1280 0.9341
vn -0.5174 0.8546 0.0448
vn -0.5430 0.8392 0.0318
vn -0.5221 0.7773 -0.3509
vn -0.3595 0.9036 -0.2330
vn -0.5365 0.2720 -0.7989
vn -0.4694 0.3474 -0.8118
vn 0.3948 0.9185 0.0234
vn -0.0183 -0.2612 0.9651
vn -0.0281 0.3905 0.9202
vn -0.0466 0.4043 0.9134
vn -0.0979 0.9945 0.0375
vn -0.0968 0.9946 0.0380
vn -0.0927 0.9949 0.0399
vn -0.0916 0.9950 0.0404
vn -0.0999 0.9288 -0.3568
vn -0.0525 0.9436 -0.3269
vn -0.1033 0.3147 -0.9436
vn -0.1001 0.3177 -0.9429
vn -0.0968 0.3208 -0.9422
vn -0.0273 0.9637 -0.2656
vn 0.3940 0.9108 0.1234
vn 0.0278 0.3906 0.9202
vn 0.0461 0.4044 0.9134
vn 0.0967 0.9946 0.0375
vn 0.0916 0.9950 0.0399
vn 0.0956 0.9947 0.0380
vn 0.0906 0.9951 0.0404
vn 0.0988 0.9289 -0.3568
vn 0.0517 0.9437 -0.3268
vn 0.1018 0.3147 -0.9437
vn 0.0987 0.3177 -0.9430
vn 0.0986 0.3178 -0.9430
vn 0.0954 0.3208 -0.9423
vn 0.0269 0.9638 -0.2652
vn -0.3940 0.9108 0.1234
vn 0.5389 0.3307 0.7747
vn 0.3334 0.1280 0.9341
vn 0.5174 0.8546 0.0448
vn 0.5429 0.8392 0.0318
vn 0.5221 0.7773 -0.3509
vn 0.3595 0.9036 -0.2330
vn 0.5365 0.2720 -0.7989
vn 0.4694 0.3474 -0.8118
vn -0.3948 0.9185 0.0234
vn 0.5667 -0.1234 0.8146
vn 0.0149 -0.2586 0.9659
vn 0.0182 -0.2606 0.9653
vn 0.0117 -0.2559 0.9666
vn 0.0687 -0.9871 0.1448
vn 0.0505 -0.9895 0.1356
vn 0.0635 -0.9747 -0.2142
vn 0.0214 -0.9717 -0.2354
vn 0.0903 -0.0528 -0.9945
vn 0.0902 -0.0527 -0.9945
vn 0.6320 -0.0411 -0.7739
vn 0.6320 -0.0411 -0.7738
vn 0.6616 -0.6989 -0.2715
vn 0.5390 -0.7700 -0.3416
vn 0.5994 -0.7920 0.1162
vn 0.5271 -0.8455 0.0852
vn 0.4012 0.0232 0.9157
vn 0.9889 0.1465 0.0242
vn 0.9048 -0.0226 -0.4253
vn 0.9163 0.0192 -0.3999
vn 0.9994 0.0354 -0.0036
vn 0.8814 -0.2443 0.4042
vn 0.8623 -0.3163 0.3954
vn 0.4847 -0.3472 0.8028
vn 0.4894 -0.3025 0.8179
vn -0.3200 -0.4054 0.8563
vn -0.3771 -0.2668 0.8869
vn -0.8748 -0.2941 0.3850
vn -0.8406 -0.3999 0.3653
vn 0.9481 0.0386 0.3155
vn 0.9234 0.0524 0.3802
vn 0.5480 -0.0673 0.8338
vn 0.6483 -0.1047 0.7542
vn -0.3867 -0.2777 0.8794
vn -0.3003 -0.5527 0.7774
vn -0.8318 -0.4576 0.3141
vn -0.8342 -0.4527 0.3149
vn 0.9345 -0.1189 0.3356
vn 0.9178 -0.0883 0.3871
vn 0.6535 -0.2913 0.6986
vn 0.6297 -0.2707 0.7281
vn -0.3116 -0.5863 0.7478
vn 0.9118 0.1616 -0.3775
vn 0.9127 0.1905 -0.3614
vn 0.9866 0.1563 0.0460
vn -0.3527 -0.2490 0.9020
vn -0.7956 -0.4596 0.3947
vn -0.6746 -0.6092 0.4169
vn 0.5064 0.3120 0.8039
vn 0.4664 0.7014 0.5389
vn 0.5322 0.7069 0.4659
vn 0.5321 0.7062 0.4671
vn 0.5316 0.7117 0.4593
vn -0.5211 0.7119 0.4709
vn -0.5210 0.7124 0.4701
vn -0.5207 0.7158 0.4653
vn -0.5206 0.7164 0.4646
vn -0.7867 0.5597 0.2605
vn -0.9272 -0.0788 0.3661
vn -0.9340 -0.0965 0.3440
vn -0.1294 -0.7731 0.6209
vn -0.3301 -0.6971 0.6364
vn -0.2836 -0.6560 0.6994
vn -0.6048 -0.5721 0.5540
vn -0.4134 -0.9102 0.0248
vn -0.1860 -0.6005 0.7777
vn -0.3525 -0.2767 0.8940
vn -0.1899 0.0591 0.9800
vn -0.3434 0.6697 0.6585
vn 0.3499 0.6680 0.6568
vn 0.5313 0.7125 0.4584
vn -0.9982 0.0315 0.0510
vn -0.7812 0.4860 0.3917
vn -0.7514 0.5564 0.3547
vn -0.4533 0.7054 0.5450
vn 0.4213 -0.9066 0.0244
vn 0.1902 -0.6000 0.7771
vn 0.3594 -0.2765 0.8913
vn 0.1939 0.0590 0.9792
vn -0.5078 0.2415 0.8269
vn -0.5635 0.1263 0.8164
vn -0.8734 -0.1907 0.4482
vn -0.8423 -0.3301 0.4262
vn 0.5355 -0.8430 0.0512
vn -0.4022 0.0362 -0.9148
vn -0.2935 -0.0045 -0.9560
vn -0.8653 -0.1719 -0.4709
vn -0.9613 -0.0467 -0.2714
vn -0.9708 -0.0530 -0.2338
vn -0.9887 0.1440 0.0423
vn -0.9735 0.2237 0.0467
vn -0.9726 0.2319 0.0156
vn -0.6764 0.6498 0.3467
vn -0.6984 0.6864 0.2028
vn -0.0924 0.9636 0.2507
vn -0.0651 0.9514 0.3009
vn 0.1413 0.9519 0.2719
vn 0.1435 0.9481 0.2837
vn 0.1430 0.9482 0.2836
vn 0.1049 0.9605 0.2577
vn 0.3659 0.9125 0.1831
vn 0.6247 0.7086 0.3281
vn 0.7572 0.5710 0.3173
vn 0.8940 0.1715 0.4139
vn 0.9767 0.1807 -0.1160
vn 0.9706 0.2228 -0.0914
vn 0.9402 0.2232 -0.2572
vn -0.1152 0.9563 0.2688
vn 0.1414 0.9520 0.2714
vn 0.2075 0.9612 0.1820
vn 0.3689 0.9155 0.1602
vn 0.5071 0.8619 0.0060
vn 0.8747 0.4825 -0.0469
vn 0.8617 0.4873 -0.1414
vn 0.9417 0.2185 -0.2557
vn 0.8864 0.2078 -0.4137
vn -0.1456 0.7895 0.5963
vn 0.2534 0.7896 0.5589
vn 0.4642 0.8208 0.3330
vn 0.5757 0.7651 0.2883
vn 0.7305 0.6803 0.0596
vn 0.9349 0.3120 -0.1693
vn 0.9157 0.3099 -0.2559
vn 0.9262 0.1543 -0.3441
vn 0.7819 0.1476 -0.6057
vn 0.7659 0.1355 -0.6286
vn 0.3899 0.1198 -0.9130
vn 0.4217 0.1392 -0.8960
vn 0.4359 -0.6833 0.5858
vn 0.3487 -0.6203 0.7026
vn 0.4718 -0.4076 0.7819
vn 0.7371 -0.5396 0.4067
vn 0.9072 -0.1310 0.3998
vn 0.9320 -0.0787 0.3537
vn 0.9274 -0.1130 0.3567
vn 0.9240 -0.1178 0.3639
vn 0.9239 -0.1179 0.3640
vn 0.9238 -0.1181 0.3642
vn 0.9154 -0.1803 0.3599
vn 0.9153 -0.1806 0.3601
vn 0.9153 -0.1805 0.3601
vn 0.9152 -0.1808 0.3603
vn 0.9284 -0.0911 0.3603
vn 0.9610 -0.0793 0.2648
vn 0.9726 0.0554 0.2258
vn 0.9795 -0.0457 0.1960
vn 0.9839 -0.1252 0.1277
vn 0.9263 -0.3196 0.1995
vn 0.9576 -0.2091 0.1984
vn 0.3505 -0.5996 0.7195
vn 0.4730 -0.6896 0.5484
vn 0.7798 -0.3134 0.5420
vn 0.9080 -0.3897 0.1537
vn 0.9721 -0.1902 0.1373
vn 0.9246 -0.3180 0.2097
vn 0.9669 -0.1442 0.2107
vn 0.9629 -0.1566 0.2196
vn 0.4818 -0.6347 0.6042
vn 0.6212 -0.7721 0.1343
vn 0.8364 -0.5403 0.0922
vn 0.3560 -0.8430 0.4032
vn -0.3541 -0.8437 0.4035
vn -0.2926 -0.9028 0.3153
vn -0.6768 -0.7155 0.1731
vn -0.6132 -0.7831 -0.1038
vn -0.8351 -0.5091 -0.2085
vn -0.8407 -0.4898 -0.2310
vn -0.8086 -0.5511 -0.2061
vn -0.6605 -0.5135 -0.5477
vn -0.6605 -0.5138 -0.5475
vn -0.6605 -0.5138 -0.5476
vn -0.6604 -0.5141 -0.5473
vn -0.7338 -0.6787 -0.0285
vn -0.8364 -0.5403 0.0922
vn -0.9080 -0.3897 0.1537
vn -0.9721 -0.1902 0.1373
vn -0.9320 -0.0787 0.3537
vn -0.9240 -0.1176 0.3639
vn -0.9274 -0.1130 0.3567
vn -0.9239 -0.1176 0.3642
vn -0.9448 -0.1638 0.2839
vn -0.9154 -0.1803 0.3599
vn -0.9153 -0.1805 0.3601
vn -0.9153 -0.1806 0.3601
vn -0.9152 -0.1808 0.3603
vn -0.9576 -0.2091 0.1984
vn -0.9263 -0.3196 0.1995
vn -0.9839 -0.1252 0.1277
vn -0.9795 -0.0457 0.1960
vn -0.9726 0.0554 0.2258
vn -0.9610 -0.0793 0.2648
vn -0.9284 -0.0911 0.3603
vn -0.9003 -0.0210 0.4349
vn -0.7508 -0.0850 0.6550
vn -0.5446 0.1742 0.8204
vn -0.4255 0.0525 0.9034
vn -0.4866 0.0362 0.8729
vn -0.3381 -0.0233 0.9408
vn -0.0752 0.2199 0.9726
vn -0.4761 0.1125 0.8722
vn -0.0943 0.8564 0.5077
vn -0.8134 0.2169 0.5398
vn -0.2550 -0.6758 0.6916
vn 0.2373 0.2473 0.9394
vn -0.1938 0.4731 0.8595
vn -0.1940 0.4916 0.8489
vn -0.4738 0.5101 0.7178
vn -0.4791 0.5205 0.7068
vn -0.7591 0.2728 0.5911
vn -0.8273 0.2342 0.5105
vn -0.8688 -0.0855 0.4878
vn -0.8962 -0.1086 0.4302
vn -0.6037 0.1417 0.7845
vn -0.3534 -0.3988 0.8462
vn -0.4448 -0.4052 0.7987
vn -0.1117 -0.7105 0.6948
vn -0.2148 -0.6783 0.7027
vn -0.3965 -0.8107 0.4307
vn -0.0435 0.7177 0.6950
vn 0.0993 0.6635 0.7416
vn -0.0349 0.5661 0.8236
vn -0.2232 0.6846 0.6939
vn -0.0095 -0.8654 0.5010
vn -0.1060 -0.7832 0.6127
vn 0.0151 -0.7494 0.6619
vn -0.3303 -0.3382 0.8812
vn -0.4983 -0.4337 0.7507
vn 0.1760 0.5671 0.8046
vn 0.1754 0.5647 0.8065
vn 0.1738 0.5587 0.8109
vn 0.1733 0.5572 0.8121
vn 0.1909 0.3285 0.9250
vn 0.1726 0.2911 0.9410
vn -0.3317 0.7167 0.6135
vn -0.4145 0.6526 0.6343
vn -0.5181 0.4350 0.7364
vn -0.7100 0.1983 0.6757
vn -0.9575 0.2607 0.1238
vn -0.9537 0.2798 0.1106
vn -0.9573 0.2738 -0.0930
vn -0.9891 0.1470 0.0067
vn -0.9742 -0.0206 0.2248
vn -0.9296 -0.0221 0.3679
vn -0.8644 0.2804 0.4173
vn -0.8560 0.1439 0.4965
vn -0.7516 0.3409 0.5646
vn -0.5673 0.2654 0.7796
vn -0.5710 0.2986 0.7647
vn -0.3420 0.2873 0.8947
vn -0.3211 0.2343 0.9176
vn -0.1870 0.2404 0.9525
vn -0.0615 0.1336 0.9891
vn 0.0621 0.1336 0.9891
vn 0.1890 0.2403 0.9521
vn 0.3211 0.2343 0.9176
vn 0.3420 0.2873 0.8947
vn 0.5710 0.2986 0.7647
vn 0.5673 0.2654 0.7796
vn 0.7516 0.3409 0.5646
vn 0.1940 0.4916 0.8489
vn 0.4738 0.5101 0.7178
vn 0.4791 0.5205 0.7068
vn 0.7591 0.2728 0.5911
vn 0.8273 0.2343 0.5105
vn 0.8688 -0.0854 0.4878
vn 0.8962 -0.1086 0.4302
vn 0.9003 -0.0210 0.4348
vn 0.8644 0.2805 0.4173
vn 0.9296 -0.0221 0.3679
vn 0.9742 -0.0206 0.2248
vn -0.6152 0.4395 0.6545
vn -0.6741 0.3482 0.6514
vn -0.3892 -0.0846 0.9173
vn -0.3986 -0.1184 0.9094
vn -0.2389 -0.2912 0.9264
vn -0.3361 0.1605 0.9280
vn -0.6465 0.0279 0.7624
vn -0.6537 -0.0101 0.7567
vn -0.7109 -0.0264 0.7028
vn -0.4692 -0.0467 0.8819
vn -0.7209 -0.1308 0.6806
vn -0.6924 -0.0376 0.7205
vn 0.5738 0.0276 0.8185
vn 0.4717 -0.4430 0.7624
vn 0.9374 -0.3176 -0.1430
vn 0.9520 -0.2661 -0.1511
vn 0.9553 -0.2565 -0.1469
vn 0.9524 -0.2650 -0.1506
vn 0.9555 -0.2561 -0.1466
vn 0.9295 -0.3565 -0.0945
vn -0.6271 -0.7717 -0.1057
vn -0.2909 -0.8141 -0.5026
vn 0.8177 0.0491 0.5735
vn 0.8193 0.0501 0.5711
vn 0.8992 0.0373 0.4359
vn 0.9253 -0.0331 0.3777
vn 0.7212 -0.0453 0.6912
vn 0.1953 -0.1090 0.9747
vn -0.0823 -0.2770 0.9573
vn -0.0268 -0.6961 0.7175
vn -0.1588 -0.7235 0.6718
vn -0.1604 -0.7263 0.6684
vn -0.1616 -0.7285 0.6658
vn -0.1619 -0.7290 0.6652
vn -0.4993 -0.7073 0.5005
vn -0.5167 -0.5167 0.6827
vn -0.5676 -0.5136 0.6435
vn -0.3938 -0.2806 0.8753
vn -0.6589 -0.3407 0.6707
vn -0.6595 -0.4010 0.6358
vn -0.8259 -0.3882 0.4090
vn -0.8739 -0.0659 0.4815
vn -0.8285 -0.0093 0.5599
vn -0.3670 -0.2159 0.9048
vn -0.3660 0.9302 0.0290
vn -0.4082 0.9128 0.0075
vn -0.3993 0.8802 0.2564
vn -0.7711 0.6079 0.1892
vn -0.8529 0.3421 0.3944
vn -0.7817 0.3942 0.4833
vn -0.7024 0.2832 0.6530
vn -0.8529 0.0510 0.5196
vn -0.9067 0.3618 0.2169
vn -0.9510 0.3069 0.0387
vn -0.8210 0.5667 -0.0690
vn -0.7519 0.6151 -0.2371
vn -0.7502 0.6187 -0.2332
vn -0.7504 0.6185 -0.2331
vn -0.5449 0.8061 -0.2307
vn -0.4820 0.7896 -0.3797
vn -0.4237 0.8051 -0.4151
vn -0.4034 0.7161 -0.5697
vn -0.1020 0.7615 -0.6401
vn -0.0185 0.5022 -0.8645
vn -0.0365 0.5156 -0.8561
vn -0.0021 0.3215 -0.9469
vn -0.0822 0.3683 -0.9260
vn -0.0533 -0.0636 -0.9965
vn 0.0205 -0.1296 -0.9914
vn 0.0326 -0.2624 -0.9644
vn 0.3382 -0.3088 -0.8890
vn 0.3215 -0.1399 -0.9365
vn 0.5568 -0.1890 -0.8089
vn 0.5627 -0.6440 -0.5183
vn 0.7545 -0.6519 -0.0759
vn -0.6708 0.6212 0.4051
vn -0.5116 0.7966 0.3220
vn -0.4932 0.8696 -0.0222
vn -0.3706 0.9267 -0.0620
vn -0.3590 0.9328 -0.0319
vn -0.2035 0.9564 -0.2096
vn -0.2423 0.9050 -0.3496
vn -0.0479 0.8808 -0.4710
vn -0.0097 0.8211 -0.5707
vn 0.1633 0.7739 -0.6118
vn 0.1909 0.6202 -0.7609
vn -0.0375 0.7719 -0.6347
vn 0.0857 0.4298 -0.8989
vn 0.3130 0.3424 -0.8859
vn 0.4084 -0.0607 -0.9108
vn 0.7394 -0.0297 -0.6726
vn 0.7352 -0.3387 -0.5871
vn 0.7355 -0.3386 -0.5868
vn 0.7351 -0.3389 -0.5871
vn 0.8380 -0.2926 -0.4606
vn 0.8058 -0.2603 -0.5319
vn 0.9597 0.0042 -0.2811
vn 0.9754 -0.0285 -0.2186
vn 0.8805 0.0950 0.4644
vn 0.8635 0.1822 0.4702
vn 0.8549 -0.0668 -0.5145
vn 0.8458 -0.0493 -0.5312
vn 0.8108 0.2886 -0.5092
vn 0.6905 0.3782 -0.6166
vn 0.5568 0.6815 -0.4749
vn 0.3640 0.7465 -0.5570
vn 0.3359 0.7829 -0.5237
vn 0.2802 0.8042 -0.5242
vn 0.2342 0.8767 -0.4201
vn 0.0173 0.9199 -0.3917
vn -0.0659 0.9825 -0.1739
vn -0.0655 0.9825 -0.1742
vn -0.0657 0.9825 -0.1740
vn -0.0634 0.9823 -0.1761
vn -0.0445 0.9977 -0.0518
vn -0.2358 0.9708 0.0428
vn -0.1312 0.9423 0.3081
vn -0.1628 0.9230 0.3487
vn -0.2159 0.9547 0.2048
vn -0.3870 0.8926 0.2311
vn -0.3794 0.8940 0.2384
vn -0.3874 0.8925 0.2310
vn 0.6058 0.7350 -0.3047
vn 0.4946 0.7761 -0.3914
vn 0.8279 0.3004 -0.4737
vn 0.9227 0.1849 -0.3383
vn 0.9520 -0.0355 -0.3041
vn 0.9476 -0.0190 -0.3189
vn 0.9458 -0.0719 -0.3168
vn 0.8656 -0.3864 0.3184
vn 0.9342 -0.0226 0.3559
vn 0.5006 0.8544 -0.1390
vn 0.6486 0.7446 -0.1579
vn 0.5372 0.8384 0.0917
vn 0.3648 0.9245 0.1100
vn 0.3601 0.9167 0.1732
vn 0.1754 0.9381 0.2985
vn 0.2217 0.9672 0.1238
vn -0.0008 0.9472 0.3207
vn 0.1262 0.9875 0.0949
vn -0.1709 0.9604 0.2201
vn -0.1865 0.9790 -0.0822
vn -0.0169 0.9527 0.3035
vn 0.0931 0.9632 0.2523
vn 0.1079 0.9898 0.0926
vn 0.2953 0.9541 0.0498
vn 0.2616 0.9509 -0.1653
vn 0.3027 0.9156 -0.2647
vn 0.5500 0.7787 -0.3019
vn 0.5501 0.7790 -0.3009
vn 0.5503 0.7818 -0.2934
vn 0.5502 0.7822 -0.2924
vn 0.1374 0.3331 0.9328
vn -0.1320 0.3333 0.9335
vn -0.4029 0.1112 0.9084
vn -0.5166 0.2076 0.8307
vn -0.1210 -0.8435 0.5233
vn -0.0633 -0.7966 0.6012
vn -0.6559 -0.2305 0.7188
vn -0.6179 -0.1686 0.7680
vn -0.7773 0.1195 0.6177
vn -0.8573 -0.3678 0.3602
vn -0.8550 0.0778 0.5127
vn -0.9176 -0.0693 0.3913
vn -0.6481 -0.5286 0.5483
vn -0.8263 -0.5377 0.1677
vn -0.8541 -0.3587 0.3767
vn -0.8814 -0.3500 0.3173
vn -0.8854 -0.3051 0.3507
vn -0.9063 -0.2112 -0.3661
vn -0.8577 -0.3201 -0.4023
vn -0.7659 -0.2913 -0.5732
vn -0.7625 -0.2938 -0.5765
vn -0.7654 -0.2916 -0.5737
vn -0.7618 -0.2943 -0.5770
vn -0.5093 -0.2826 -0.8129
vn -0.5765 -0.1982 -0.7927
vn -0.2824 -0.2730 -0.9196
vn -0.2909 -0.2076 -0.9340
vn 0.0247 -0.2045 -0.9786
vn -0.0745 -0.1397 -0.9874
vn 0.2888 -0.1563 -0.9446
vn 0.2668 -0.9117 -0.3124
vn 0.1523 -0.8845 -0.4410
vn 0.0174 -0.2715 -0.9623
vn -0.1857 -0.2106 -0.9598
vn -0.1748 -0.0962 -0.9799
vn -0.2813 0.0054 -0.9596
vn -0.2565 0.1853 -0.9486
vn -0.3997 0.2978 -0.8669
vn -0.3639 0.4353 -0.8235
vn -0.4419 0.6684 -0.5983
vn -0.4991 -0.0894 -0.8619
vn -0.5374 -0.0342 -0.8427
vn -0.4896 0.2384 -0.8387
vn -0.7715 0.3715 -0.5166
vn -0.7680 0.2917 -0.5702
vn -0.9631 0.1935 -0.1871
vn -0.9643 0.1429 -0.2229
vn -0.9725 0.2326 0.0057
vn -0.7521 0.6147 -0.2376
vn -0.6373 0.5798 -0.5077
vn -0.6373 0.5805 -0.5068
vn -0.6372 0.5836 -0.5033
vn -0.6371 0.5838 -0.5033
vn 0.3725 0.7736 -0.5126
vn 0.5165 0.4303 -0.7403
vn 0.6416 0.3548 -0.6801
vn 0.7247 -0.0583 -0.6866
vn -0.8051 -0.0302 -0.5923
vn -0.8350 0.0196 -0.5499
vn -0.9232 -0.0617 -0.3794
vn -0.9726 0.1460 -0.1810
vn -0.9727 0.1453 -0.1811
vn -0.9727 0.1454 -0.1810
vn -0.9732 0.1348 -0.1862
vn -0.9869 -0.0015 0.1613
vn -0.9872 -0.0031 0.1593
vn -0.9869 -0.0018 0.1610
vn -0.9875 -0.0048 0.1573
vn 0.0389 -0.9639 -0.2632
vn -0.1010 -0.9221 -0.3735
vn -0.0717 -0.9147 -0.3977
vn -0.1566 -0.8946 -0.4186
vn -0.2642 -0.1900 -0.9455
vn -0.7005 -0.1612 -0.6952
vn -0.5798 -0.3004 -0.7574
vn -0.7666 -0.2647 -0.5850
vn -0.6769 -0.6183 -0.3994
vn -0.7170 -0.6971 0.0070
vn -0.6511 -0.7589 0.0118
vn -0.5820 -0.7043 0.4064
vn -0.6713 -0.6169 0.4109
vn -0.6966 -0.6631 0.2738
vn -0.8512 -0.4495 0.2708
vn -0.3074 -0.7962 -0.5211
vn -0.9963 -0.0170 -0.0841
vn -0.8916 -0.0437 0.4508
vn -0.9012 -0.0612 0.4291
vn -0.8053 -0.2867 -0.5190
vn -0.8242 -0.2700 -0.4978
vn -0.8576 -0.1346 -0.4965
vn 0.9943 -0.0895 0.0573
vn 0.9994 -0.0120 0.0325
vn -0.0000 -1.0000 -0.0000
vn -0.9986 -0.0532 0.0055
vn -0.9438 -0.0503 0.3266
vn -0.8495 0.2090 0.4845
vn -0.4852 -0.0135 0.8743
vn -0.2427 0.1046 0.9644
vn -0.1718 -0.0000 0.9851
vn 0.1739 -0.0000 0.9848
vn 0.0502 -0.9574 0.2845
vn 0.1997 -0.9605 0.1937
vn -0.5247 -0.3136 -0.7914
vn -0.8929 -0.4473 -0.0518
vn -0.9242 -0.0984 -0.3690
vn -0.9989 -0.0287 0.0379
vn -0.9943 -0.0896 0.0573
vn 0.4852 -0.0135 0.8743
vn 0.2450 0.1035 0.9640
vn 0.8458 0.2059 0.4921
vn 0.9429 -0.0670 0.3263
vn 0.9975 -0.0708 0.0055
vn 0.3643 -0.1339 -0.9216
vn 0.3848 -0.2727 -0.8818
vn 0.7311 -0.3443 -0.5890
vn 0.7215 -0.0648 -0.6894
vn 0.7432 -0.0789 -0.6644
vn 0.5807 -0.8134 -0.0339
vn 0.8130 -0.0576 -0.5794
vn 0.8053 -0.0863 -0.5865
vn 0.8748 -0.4267 0.2293
vn 0.2739 -0.7825 -0.5591
vn -0.0703 -0.5509 -0.8316
vn 0.7332 -0.6378 0.2359
vn 0.7289 -0.6289 0.2705
vn -0.1131 -0.0321 -0.9931
vn -0.1546 -0.0027 -0.9880
vn -0.0000 1.0000 -0.0000
vn -0.4769 -0.0163 0.8788
vn -0.2518 -0.1136 0.9611
vn -0.1739 -0.0000 0.9848
vn -0.0729 0.9078 0.4129
vn -0.3005 0.9054 0.2999
vn 0.5096 0.3422 -0.7894
vn 0.8678 0.4955 -0.0378
vn 0.9186 0.1468 -0.3668
vn 0.9961 0.0827 0.0324
vn 0.9954 0.0891 0.0344
vn 0.1854 0.4282 -0.8845
vn 0.1320 0.3749 -0.9176
vn -0.1338 0.3748 -0.9174
vn 0.0490 0.9406 0.3359
vn 0.0738 0.9079 0.4125
vn 0.1761 -0.0000 0.9844
vn 0.2542 -0.1126 0.9606
vn 0.4769 -0.0163 0.8788
vn 0.3005 0.9054 0.2999
vn -0.5096 0.3422 -0.7894
vn -0.1876 0.4278 -0.8842
vn 0.8441 -0.2719 0.4622
vn 0.9438 -0.0503 0.3266
vn -0.8678 0.4955 -0.0378
vn -0.9186 0.1468 -0.3668
vn -0.9961 0.0827 0.0324
vn -0.9954 0.0891 0.0344
vn 0.9986 -0.0532 0.0055
vn 0.9997 -0.0177 0.0164
vn 0.0703 -0.5509 -0.8316
vn -0.8612 0.1848 0.4735
vn 0.9256 -0.0822 -0.3696
vn 0.8937 -0.4469 -0.0389
vn -0.1997 -0.9605 0.1937
vn -0.0497 -0.9573 0.2848
vn -0.0333 -0.9723 0.2313
vn 0.0337 -0.9723 0.2313
vn -0.1335 -0.3789 -0.9157
vn -0.1784 -0.4275 -0.8862
vn 0.5247 -0.3136 -0.7914
vn 0.1763 -0.4280 -0.8864
vn 0.1317 -0.3790 -0.9160
vn -0.8441 -0.2719 0.4622
vn -0.7841 -0.5699 0.2459
vn -0.7353 -0.6140 0.2869
vn -0.7327 -0.6682 0.1287
vn -0.7775 -0.6184 0.1146
vn -0.7470 -0.5942 0.2981
vn -0.7849 -0.5427 0.2990
vn -0.0000 -0.5210 0.8535
vn -0.0000 -0.9993 -0.0363
vn -0.0000 -0.9982 0.0604
vn -0.0000 -0.9108 0.4129
vn 0.3660 -0.8299 0.4210
vn -0.7087 -0.3754 -0.5973
vn -0.3854 -0.9224 -0.0239
vn -0.6320 -0.0411 -0.7738
vn -0.6321 -0.0411 -0.7738
vn -0.6617 -0.6989 -0.2715
vn -0.5390 -0.7700 -0.3416
vn -0.9048 -0.0226 -0.4253
vn -0.9163 0.0192 -0.3999
vn -0.5994 -0.7920 0.1162
vn -0.5271 -0.8455 0.0852
vn -0.9994 0.0354 -0.0036
vn -0.9889 0.1465 0.0242
vn 0.1082 0.0317 -0.9936
vn 0.1547 -0.0027 -0.9880
vn -0.0767 0.9962 -0.0422
vn 0.3171 0.9481 0.0245
vn 0.3802 0.9246 -0.0221
vn 0.6396 -0.0769 0.7649
vn 0.6568 -0.1309 0.7426
vn 0.3975 -0.7199 0.5691
vn 0.3970 -0.7681 0.5023
vn 0.1981 -0.8862 0.4188
vn 0.3305 0.8991 0.2869
vn 0.4328 0.8776 0.2061
vn 0.4315 0.8751 0.2190
vn 0.4327 0.8774 0.2070
vn 0.4315 0.8753 0.2180
vn 0.4315 0.8754 0.2181
vn 0.4246 0.8873 0.1799
vn 0.5234 0.8501 0.0585
vn 0.8927 -0.0841 0.4428
vn 0.8692 0.0177 0.4941
vn 0.9664 0.0220 0.2560
vn 0.9614 0.0487 0.2708
vn 0.9330 0.3584 0.0313
vn 0.5062 0.8242 0.2537
vn 0.5263 0.8173 0.2343
vn 0.8998 0.3568 0.2512
vn 0.9581 0.2672 -0.1032
vn 0.9603 0.2617 -0.0968
vn 0.9601 0.2622 -0.0975
vn 0.9974 -0.0583 -0.0429
vn 0.9844 0.1313 0.1175
vn 0.8360 -0.5285 0.1473
vn 0.8992 0.2770 0.3388
vn 0.5859 0.5664 0.5795
vn 0.4299 0.5148 0.7417
vn 0.9667 -0.0216 0.2548
vn 0.7203 -0.5698 0.3956
vn 0.7199 -0.5701 0.3958
vn 0.7172 -0.5696 0.4014
vn 0.7175 -0.5690 0.4018
vn 0.4542 -0.7674 0.4525
vn 0.5956 -0.0977 0.7973
vn 0.7005 0.0977 0.7069
vn 0.7891 -0.4718 0.3934
vn 0.7042 -0.5317 0.4705
vn 0.9552 -0.0836 0.2840
vn 0.9178 0.0784 0.3892
vn -0.9118 0.1616 -0.3775
vn -0.9127 0.1905 -0.3614
vn -0.9866 0.1563 0.0460
vn -0.9732 0.2291 0.0204
vn -0.8357 0.5096 0.2048
vn -0.7654 0.6420 0.0444
vn -0.4816 0.8763 0.0106
vn -0.4639 0.8849 -0.0412
vn -0.1547 -0.0027 -0.9880
vn -0.1082 0.0317 -0.9936
vn 0.9579 0.2678 -0.1037
vn 0.5225 0.8438 -0.1222
vn 0.1130 -0.0321 -0.9931
vn 0.1546 -0.0027 -0.9880
vn 0.7798 -0.5454 0.3074
vn 0.7630 -0.5689 0.3069
vn 0.7970 -0.5943 0.1079
vn 0.7327 -0.6682 0.1287
vn 0.7353 -0.6140 0.2869
vn 0.7841 -0.5699 0.2459
vn -0.3791 0.8940 0.2389
vn -0.3949 0.8184 0.4176
vn 0.3691 -0.0513 0.9280
vn 0.4422 -0.1348 0.8867
vn 0.1170 -0.7366 0.6661
vn 0.1011 -0.7070 0.7000
vn 0.0347 -0.8619 0.5058
vn 0.0439 -0.8582 0.5115
vn -0.4217 0.1392 -0.8960
vn -0.3899 0.1198 -0.9130
vn -0.7659 0.1355 -0.6286
vn -0.7819 0.1476 -0.6057
vn -0.9262 0.1543 -0.3441
vn -0.8864 0.2078 -0.4137
vn -0.9417 0.2185 -0.2557
vn -0.9405 0.2222 -0.2569
vn -0.9416 0.2191 -0.2559
vn -0.9402 0.2232 -0.2572
vn -0.9706 0.2228 -0.0914
vn -0.9157 0.3099 -0.2559
vn -0.9349 0.3120 -0.1693
vn -0.7305 0.6803 0.0596
vn -0.5758 0.7651 0.2883
vn -0.4641 0.8208 0.3330
vn -0.2533 0.7896 0.5589
vn 0.1455 0.7895 0.5963
vn 0.1152 0.9563 0.2688
vn 0.0924 0.9636 0.2507
vn 0.0651 0.9514 0.3009
vn 0.3317 0.7167 0.6135
vn -0.1754 0.5647 0.8065
vn -0.1738 0.5587 0.8110
vn -0.1733 0.5572 0.8121
vn -0.1909 0.3285 0.9250
vn -0.8952 0.1837 0.4060
vn -0.8617 0.4873 -0.1413
vn -0.8746 0.4825 -0.0470
vn -0.5071 0.8619 0.0060
vn -0.3689 0.9155 0.1602
vn -0.2075 0.9612 0.1820
vn -0.1432 0.9482 0.2836
vn -0.1414 0.9519 0.2720
vn -0.1414 0.9520 0.2714
vn -0.1435 0.9481 0.2837
vn -0.1049 0.9605 0.2577
vn -0.1760 0.5671 0.8047
vn -0.6247 0.7086 0.3281
vn -0.7572 0.5710 0.3173
vn -0.7994 0.5942 -0.0889
vn -0.9767 0.1807 -0.1160
vn 0.3527 -0.2490 0.9020
vn 0.3201 -0.4053 0.8563
vn -0.4895 -0.3024 0.8179
vn -0.5479 -0.0673 0.8338
vn -0.9234 0.0524 0.3801
vn -0.9345 -0.1189 0.3356
vn -0.9999 -0.0105 -0.0122
vn -0.9865 -0.1611 -0.0297
vn -0.9826 -0.1854 -0.0079
vn -0.9993 -0.0212 0.0309
vn -0.9984 0.0563 -0.0041
vn -0.9923 0.1240 0.0048
vn -0.8606 0.1586 -0.4839
vn -0.8920 0.0857 -0.4437
vn -0.6679 0.1355 -0.7318
vn -0.6709 0.0867 -0.7364
vn -0.6272 0.1388 -0.7664
vn -0.6291 -0.0904 -0.7721
vn -0.3488 -0.1041 -0.9314
vn -0.3477 -0.1838 -0.9194
vn -0.1424 -0.1611 -0.9766
vn -0.1477 0.2194 -0.9644
vn 0.1487 0.2193 -0.9643
vn 0.0968 0.1862 -0.9777
vn 0.3231 0.1707 -0.9308
vn 0.2661 0.1416 -0.9535
vn 0.2350 0.1485 -0.9606
vn 0.2261 0.1456 -0.9632
vn -0.8273 0.1074 -0.5514
vn -0.8578 -0.0387 -0.5125
vn -0.6129 -0.0085 -0.7901
vn -0.6167 0.0656 -0.7844
vn -0.3197 0.0658 -0.9452
vn -0.3650 0.0164 -0.9309
vn -0.0931 0.0080 -0.9956
vn -0.1132 -0.0151 -0.9935
vn 0.1140 -0.0151 -0.9934
vn 0.1159 0.1381 -0.9836
vn 0.3589 0.1664 -0.9184
vn 0.3350 0.1364 -0.9323
vn 0.6269 0.1430 -0.7659
vn 0.6291 -0.0904 -0.7721
vn 0.4864 -0.2320 -0.8424
vn 0.4862 -0.2320 -0.8425
vn 0.4862 -0.2307 -0.8428
vn 0.4863 -0.2304 -0.8429
vn 0.2633 -0.4633 -0.8462
vn 0.2826 -0.2322 -0.9307
vn 0.3477 -0.1838 -0.9194
vn 0.1433 -0.1613 -0.9764
vn 0.1196 -0.1778 -0.9768
vn -0.1186 -0.1778 -0.9769
vn -0.1252 -0.1175 -0.9851
vn -0.0914 -0.0947 -0.9913
vn -0.0991 0.1530 -0.9832
vn -0.1151 0.1380 -0.9837
vn 0.1000 0.1530 -0.9832
vn 0.0922 -0.0947 -0.9912
vn 0.3654 -0.0885 -0.9267
vn 0.3488 -0.1041 -0.9314
vn -0.3654 -0.0885 -0.9267
vn -0.3354 0.1341 -0.9325
vn 0.4133 0.7222 -0.5547
vn 0.4586 0.6517 -0.6042
vn 0.2820 0.6280 -0.7253
vn 0.2956 0.6213 -0.7257
vn 0.0841 0.5791 -0.8109
vn 0.1211 0.5597 -0.8198
vn -0.1116 0.5603 -0.8207
vn -0.0838 0.5748 -0.8140
vn -0.3023 0.6179 -0.7258
vn -0.2820 0.6280 -0.7253
vn -0.4586 0.6517 -0.6042
vn -0.4133 0.7222 -0.5547
vn -0.0962 0.1863 -0.9778
vn -0.3231 0.1707 -0.9308
vn -0.2661 0.1416 -0.9535
vn -0.2350 0.1485 -0.9606
vn -0.2271 0.1460 -0.9629
vn -0.2340 0.1482 -0.9609
vn -0.2260 0.1456 -0.9632
vn -0.2633 -0.4633 -0.8462
vn -0.4863 -0.2304 -0.8429
vn -0.4862 -0.2319 -0.8425
vn -0.4861 -0.2307 -0.8429
vn -0.4864 -0.2319 -0.8424
vn -0.9430 -0.1655 -0.2887
vn -0.9193 -0.0282 -0.3926
vn -0.9987 -0.0502 0.0124
vn -0.9895 0.1439 -0.0109
vn -0.9138 0.1400 0.3812
vn -0.8940 0.0627 0.4436
vn -0.5861 0.0960 0.8045
vn -0.5656 -0.2299 0.7920
vn -0.2931 -0.2856 0.9124
vn -0.2974 -0.2891 0.9099
vn -0.2970 -0.2892 0.9100
vn -0.2433 -0.7558 0.6079
vn -0.9183 0.0873 -0.3861
vn -0.8879 0.1533 -0.4338
vn -0.9928 0.1130 -0.0411
vn -0.9959 0.0808 -0.0405
vn -0.8655 0.0072 0.5008
vn -0.8622 -0.1788 0.4740
vn -0.5033 -0.3787 0.7767
vn -0.5042 -0.3735 0.7786
vn -0.5035 -0.3759 0.7779
vn -0.5038 -0.3733 0.7790
vn 0.2947 -0.6192 0.7279
vn 0.3093 -0.5862 0.7488
vn 0.2991 -0.5557 0.7757
vn 0.3867 -0.2777 0.8794
vn 0.3771 -0.2668 0.8869
vn 0.2683 -0.6313 0.7276
vn 0.2702 -0.6061 0.7481
vn -0.4664 -0.3613 0.8075
vn -0.4879 -0.1505 0.8598
vn -0.8995 -0.0606 0.4327
vn 0.4551 0.8187 0.3500
vn 0.6764 0.6498 0.3467
vn 0.9726 0.2319 0.0156
vn 0.9891 0.1470 0.0067
vn 0.9887 0.1440 0.0423
vn 0.9708 -0.0530 -0.2338
vn 0.9613 -0.0467 -0.2714
vn 0.8653 -0.1719 -0.4709
vn 0.2935 -0.0045 -0.9560
vn 0.4022 0.0362 -0.9148
vn 0.6983 0.6864 0.2028
vn 0.6233 0.7641 0.1660
vn 0.9537 0.2798 0.1106
vn 0.9575 0.2607 0.1238
vn 0.7100 0.1983 0.6757
vn 0.5181 0.4350 0.7364
vn -0.1726 0.2911 0.9410
vn -0.8200 -0.1047 0.5627
vn -0.8206 -0.2405 0.5185
vn -0.6192 -0.3950 0.6786
vn -0.6297 -0.2707 0.7281
vn -0.8980 -0.2947 0.3268
vn -0.9178 -0.0883 0.3871
vn -0.6535 -0.2913 0.6986
vn -0.6483 -0.1047 0.7542
vn -0.4847 -0.3472 0.8028
vn -0.8623 -0.3163 0.3954
vn -0.8814 -0.2443 0.4042
vn -0.9631 -0.2308 -0.1382
vn -0.9717 -0.1920 -0.1373
vn -0.7755 -0.3286 -0.5391
vn -0.9481 0.0387 0.3155
vn -0.9938 0.0976 -0.0529
vn -0.9768 0.0684 -0.2029
vn -0.7693 0.1326 -0.6249
vn -0.7533 0.1255 -0.6456
vn -0.3874 0.0930 -0.9172
vn -0.4216 -0.2670 -0.8666
vn 0.1613 -0.4602 -0.8731
vn -0.2559 0.1165 -0.9597
vn -0.2702 -0.0611 -0.9608
vn -0.1687 0.0088 -0.9856
vn -0.2163 -0.3455 -0.9131
vn -0.4651 -0.4011 -0.7892
vn -0.5266 -0.1415 -0.8383
vn -0.3134 -0.1080 -0.9434
vn 0.2549 -0.5162 -0.8176
vn -0.1086 -0.8500 -0.5155
vn -0.0241 -0.8551 -0.5178
vn -0.0779 -0.1773 -0.9811
vn 0.0786 -0.1773 -0.9810
vn 0.0875 -0.1653 -0.9824
vn 0.2425 -0.2003 -0.9492
vn 0.3134 -0.1080 -0.9434
vn 0.5266 -0.1415 -0.8383
vn 0.6129 -0.0085 -0.7901
vn 0.8578 -0.0387 -0.5125
vn 0.8606 0.1586 -0.4839
vn 0.9923 0.1240 0.0048
vn 0.9959 0.0808 -0.0405
vn 0.8655 0.0071 0.5008
vn 0.8995 -0.0606 0.4327
vn 0.4879 -0.1505 0.8598
vn 0.5656 -0.2299 0.7920
vn 0.2987 -0.2889 0.9096
vn 0.2951 -0.2847 0.9121
vn 0.2987 -0.2886 0.9097
vn 0.2948 -0.2848 0.9121
vn -0.2935 -0.2850 0.9125
vn -0.3079 0.0452 0.9504
vn -0.6160 0.0554 0.7858
vn -0.6211 0.1929 0.7596
vn -0.9180 0.1131 0.3802
vn -0.7967 -0.0987 0.5962
vn -0.9946 -0.1003 -0.0285
vn 0.0937 0.0080 -0.9956
vn 0.3625 0.0163 -0.9319
vn 0.3197 0.0633 -0.9454
vn 0.6166 0.0608 -0.7849
vn 0.6712 0.1350 -0.7289
vn 0.6742 0.0868 -0.7334
vn 0.9183 0.0874 -0.3861
vn 0.9193 -0.0282 -0.3926
vn 0.9987 -0.0502 0.0124
vn 0.9946 -0.1003 -0.0285
vn 0.7967 -0.0987 0.5962
vn 0.7693 -0.2260 0.5976
vn 0.5252 0.1665 0.8345
vn 0.5299 0.1951 0.8253
vn 0.1772 0.5875 0.7896
vn 0.2731 0.8218 0.5000
vn 0.3247 0.7800 0.5349
vn 0.3303 0.9384 0.1016
vn 0.5265 0.8021 0.2819
vn 0.4675 0.8840 0.0013
vn 0.6697 0.6989 -0.2511
vn 0.8921 0.0857 -0.4437
vn 0.8879 0.1533 -0.4338
vn 0.9927 0.1130 -0.0411
vn 0.9895 0.1439 -0.0109
vn 0.9138 0.1400 0.3812
vn 0.9180 0.1131 0.3802
vn 0.6211 0.1929 0.7596
vn 0.6019 0.2207 0.7675
vn 0.4039 0.2640 0.8759
vn 0.3792 0.5508 0.7436
vn -0.3776 0.5511 0.7441
vn -0.2208 0.3674 0.9035
vn -0.4536 0.3806 0.8059
vn -0.5105 0.5805 0.6344
vn -0.2797 0.5581 0.7812
vn -0.4252 0.7635 0.4861
vn -0.3247 0.7800 0.5349
vn -0.3303 0.9384 0.1016
vn -0.5925 0.1570 0.7901
vn -0.6019 0.2207 0.7675
vn -0.4022 0.2643 0.8766
vn -0.2969 0.1700 0.9396
vn 0.2983 0.1699 0.9392
vn 0.2926 0.0632 0.9541
vn 0.3092 0.0452 0.9499
vn 0.6160 0.0554 0.7858
vn 0.5861 0.0960 0.8045
vn 0.8940 0.0627 0.4436
vn 0.2220 0.3675 0.9031
vn 0.4536 0.3806 0.8059
vn 0.5105 0.5805 0.6344
vn 0.2797 0.5581 0.7812
vn 0.4252 0.7635 0.4861
vn 0.5296 0.6363 0.5608
vn 0.6203 0.7552 0.2117
vn 0.5984 0.7742 0.2061
vn -0.2425 -0.2003 -0.9492
vn -0.0869 -0.1652 -0.9824
vn -0.5296 0.6363 0.5608
vn -0.6204 0.7552 0.2117
vn -0.5265 0.8021 0.2819
vn -0.4675 0.8840 0.0013
vn -0.6697 0.6989 -0.2511
vn -0.5984 0.7742 0.2061
vn -0.7692 -0.2260 0.5976
vn -0.5252 0.1665 0.8345
vn -0.5299 0.1951 0.8253
vn -0.1772 0.5875 0.7896
vn -0.2731 0.8219 0.5000
vn 0.9984 0.0563 -0.0041
vn 0.8273 0.1074 -0.5514
vn 0.7583 -0.2232 -0.6126
vn 0.2163 -0.3455 -0.9131
vn 0.4651 -0.4011 -0.7892
vn -0.2549 -0.5162 -0.8176
vn 0.1086 -0.8500 -0.5155
vn 0.0243 -0.8551 -0.5178
vn -0.2055 -0.9196 -0.3348
vn 0.2039 -0.9199 -0.3350
vn 0.1844 -0.9372 -0.2961
vn 0.8379 -0.4589 -0.2956
vn 0.1640 -0.4532 -0.8762
vn 0.2544 -0.0998 -0.9619
vn 0.2256 -0.1221 -0.9665
vn 0.2479 0.0277 -0.9684
vn 0.2841 0.0317 -0.9583
vn 0.1390 -0.4862 -0.8627
vn 0.8425 -0.3998 -0.3610
vn 0.9091 -0.2531 -0.3307
vn 0.9060 -0.2746 -0.3221
vn 0.9164 -0.2442 -0.3170
vn 0.9406 -0.2292 -0.2503
vn 0.8513 -0.4714 -0.2304
vn -0.7582 -0.2232 -0.6126
vn -0.7383 -0.2003 -0.6441
vn -0.7591 0.0048 -0.6510
vn -0.7823 -0.0352 -0.6219
vn -0.9970 -0.0508 -0.0588
vn -0.7689 -0.2724 -0.5785
vn -0.4558 -0.3515 -0.8178
vn 0.2338 -0.9342 -0.2694
vn -0.2367 -0.9336 -0.2692
vn -0.1860 -0.9368 -0.2964
vn -0.8379 -0.4589 -0.2956
vn -0.8425 -0.3998 -0.3610
vn -0.9091 -0.2531 -0.3307
vn -0.9060 -0.2746 -0.3221
vn -0.9164 -0.2442 -0.3170
vn -0.1640 -0.4532 -0.8762
vn -0.2544 -0.0998 -0.9619
vn -0.2256 -0.1221 -0.9665
vn -0.2479 0.0277 -0.9684
vn -0.9406 -0.2292 -0.2503
vn -0.1889 -0.9271 0.3238
vn -0.2563 -0.9286 0.2681
vn -0.3066 -0.9020 0.3038
vn -0.2552 -0.7161 0.6496
vn -0.5924 -0.5081 0.6252
vn -0.4161 0.4016 0.8158
vn -0.4272 0.4156 0.8030
vn -0.5847 0.2465 0.7729
vn -0.6022 0.3276 0.7280
vn -0.6448 0.2980 0.7038
vn -0.6715 0.1501 0.7256
vn -0.7937 0.4379 0.4222
vn -0.7709 0.4643 0.4360
vn -0.7740 0.5159 0.3672
vn -0.7999 0.4745 0.3676
vn -0.8218 0.5246 0.2225
vn -0.8268 -0.4947 0.2677
vn -0.5963 -0.5325 0.6007
vn -0.7850 0.4790 0.3929
vn -0.8183 0.5746 -0.0164
vn -0.8178 0.5752 -0.0163
vn -0.8179 0.5752 -0.0163
vn -0.8174 0.5758 -0.0162
vn -0.8289 0.5491 -0.1073
vn -0.8855 0.4541 -0.0981
vn -0.7298 0.2970 -0.6158
vn -0.6901 -0.5770 -0.4368
vn -0.7286 -0.5243 -0.4407
vn -0.6661 0.4557 -0.5905
vn -0.6337 0.3551 -0.6873
vn -0.6776 0.2898 -0.6759
vn -0.1595 -0.0612 -0.9853
vn -0.3454 -0.4792 -0.8069
vn -0.3184 -0.6148 -0.7215
vn -0.2657 0.0264 -0.9637
vn -0.2766 0.0208 -0.9608
vn -0.2655 0.0270 -0.9637
vn -0.2071 -0.0898 -0.9742
vn -0.1831 -0.0562 -0.9815
vn 0.4236 -0.3869 -0.8191
vn 0.4920 -0.4821 -0.7249
vn 0.7871 -0.5938 -0.1671
vn 0.7766 -0.6193 -0.1158
vn -0.1033 -0.9946 -0.0071
vn -0.1000 -0.9950 -0.0065
vn -0.1023 -0.9947 -0.0069
vn -0.0990 -0.9951 -0.0063
vn -0.0951 -0.8290 -0.5512
vn 0.0201 -0.8220 -0.5691
vn -0.8104 0.5850 -0.0323
vn -0.6839 0.4994 -0.5318
vn -0.6842 0.4346 -0.5856
vn -0.2888 0.1129 -0.9507
vn -0.2772 0.0209 -0.9606
vn 0.2571 -0.5257 -0.8109
vn 0.2299 -0.6356 -0.7370
vn 0.6189 -0.7790 -0.1007
vn 0.7517 -0.6476 -0.1247
vn 0.7155 -0.6846 -0.1393
vn 0.3568 -0.4597 -0.8133
vn 0.3865 -0.5547 -0.7369
vn -0.3315 -0.2318 0.9146
vn -0.3705 -0.3333 0.8670
vn 0.3508 -0.9213 0.1677
vn 0.6581 -0.6429 0.3920
vn -0.0617 -0.1801 0.9817
vn -0.0617 -0.1797 0.9818
vn -0.0621 -0.1785 0.9820
vn -0.0623 -0.1782 0.9820
vn 0.6474 -0.6531 0.3928
vn 0.6519 -0.6386 0.4089
vn 0.1834 0.0529 0.9816
vn 0.2400 -0.0363 0.9701
vn 0.7584 -0.5049 0.4123
vn -0.8288 -0.2792 -0.4850
vn -0.9520 -0.2661 -0.1511
vn -0.9524 -0.2650 -0.1506
vn -0.9553 -0.2565 -0.1468
vn -0.9555 -0.2561 -0.1466
vn -0.9629 -0.1566 0.2196
vn -0.9374 -0.3176 -0.1430
vn -0.9246 -0.3180 0.2097
vn -0.9669 -0.1442 0.2107
vn -0.9238 -0.1181 0.3642
vn -0.9295 -0.3566 -0.0945
vn 0.6271 -0.7717 -0.1057
vn 0.2909 -0.8141 -0.5026
vn -0.8168 0.0536 0.5745
vn -0.8166 0.0535 0.5747
vn -0.8167 0.0536 0.5746
vn -0.8165 0.0535 0.5749
vn -0.9011 0.0403 0.4317
vn -0.7647 -0.1189 0.6333
vn -0.7212 -0.0453 0.6912
vn -0.8817 0.4568 -0.1182
vn -0.8318 -0.5515 -0.0637
vn -0.8310 -0.5527 -0.0629
vn -0.8315 -0.5518 -0.0635
vn -0.8308 -0.5531 -0.0627
vn 0.4027 -0.0000 0.9153
vn 0.0978 0.3840 0.9182
vn 0.5078 0.2415 0.8269
vn 0.3257 -0.7049 0.6301
vn 0.2377 -0.7409 0.6281
vn 0.2378 -0.7409 0.6281
vn 0.9340 -0.0965 0.3441
vn 0.9982 0.0315 0.0510
vn 0.4620 0.0564 0.8851
vn 0.7764 0.4784 0.4103
vn 0.6152 0.4395 0.6545
vn 0.4761 0.1125 0.8722
vn 0.0943 0.8564 0.5077
vn 0.0435 0.7177 0.6950
vn 0.3965 -0.8107 0.4307
vn 0.0095 -0.8654 0.5010
vn 0.0752 0.2199 0.9726
vn 0.0349 0.5661 0.8236
vn -0.0993 0.6635 0.7415
vn 0.3636 0.9301 -0.0517
vn -0.3766 0.9250 -0.0514
vn 0.1889 -0.9271 0.3238
vn 0.2563 -0.9286 0.2682
vn -0.7584 -0.5049 0.4123
vn -0.2400 -0.0364 0.9701
vn -0.1834 0.0529 0.9816
vn 0.4161 0.4016 0.8158
vn 0.4272 0.4156 0.8030
vn 0.8218 0.5246 0.2225
vn 0.7979 0.4710 0.3763
vn 0.8832 0.4538 -0.1183
vn 0.8848 0.4527 -0.1104
vn 0.8837 0.4535 -0.1160
vn 0.8852 0.4524 -0.1082
vn 0.7298 0.2970 -0.6158
vn 0.6776 0.2898 -0.6759
vn 0.1596 -0.0612 -0.9853
vn 0.1830 -0.0562 -0.9815
vn -0.4236 -0.3869 -0.8191
vn -0.3568 -0.4597 -0.8133
vn -0.7155 -0.6846 -0.1392
vn -0.7516 -0.6477 -0.1247
vn 0.2071 -0.0898 -0.9742
vn 0.2769 0.0215 -0.9606
vn 0.2661 0.0274 -0.9636
vn 0.2655 0.0270 -0.9637
vn 0.6337 0.3551 -0.6873
vn 0.6661 0.4557 -0.5905
vn 0.8278 0.5487 -0.1169
vn 0.8181 0.5749 -0.0167
vn 0.8157 0.5783 -0.0166
vn 0.8155 0.5785 -0.0160
vn 0.7689 0.4666 0.4372
vn 0.7937 0.4379 0.4222
vn 0.6715 0.1501 0.7256
vn 0.7719 0.5129 0.3756
vn 0.6022 0.3276 0.7280
vn 0.5847 0.2465 0.7729
vn 0.0617 -0.1801 0.9817
vn 0.0622 -0.1785 0.9820
vn 0.0619 -0.1798 0.9818
vn 0.0623 -0.1782 0.9820
vn -0.6475 -0.6531 0.3928
vn -0.6519 -0.6386 0.4089
vn 0.6448 0.2980 0.7038
vn 0.3315 -0.2318 0.9146
vn 0.3705 -0.3333 0.8670
vn -0.3508 -0.9213 0.1677
vn -0.6580 -0.6429 0.3920
vn 0.7850 0.4790 0.3929
vn 0.8183 0.5746 -0.0164
vn 0.8104 0.5850 -0.0323
vn 0.6839 0.4994 -0.5318
vn 0.6842 0.4346 -0.5856
vn 0.2888 0.1129 -0.9507
vn 0.2773 0.0209 -0.9606
vn -0.2571 -0.5257 -0.8109
vn -0.2299 -0.6356 -0.7370
vn -0.3865 -0.5547 -0.7369
vn 0.3066 -0.9021 0.3038
vn 0.2552 -0.7161 0.6496
vn 0.5924 -0.5081 0.6252
vn 0.5963 -0.5325 0.6007
vn 0.8268 -0.4948 0.2677
vn 0.8274 -0.4935 0.2681
vn 0.8270 -0.4942 0.2679
vn 0.8276 -0.4930 0.2683
vn 0.8308 -0.5531 -0.0627
vn 0.8318 -0.5515 -0.0637
vn 0.6901 -0.5770 -0.4368
vn 0.7287 -0.5243 -0.4406
vn 0.3454 -0.4792 -0.8069
vn 0.3184 -0.6148 -0.7215
vn -0.0201 -0.8220 -0.5691
vn 0.0951 -0.8290 -0.5512
vn 0.0990 -0.9951 -0.0063
vn 0.1001 -0.9950 -0.0065
vn 0.1023 -0.9947 -0.0069
vn 0.1033 -0.9946 -0.0071
vn -0.7766 -0.6193 -0.1158
vn -0.7871 -0.5938 -0.1671
vn -0.4920 -0.4821 -0.7249
vn -0.2978 -0.7975 -0.5247
vn -0.4768 -0.8662 0.1493
vn 0.6046 -0.7908 -0.0954
vn 0.6204 -0.7747 -0.1223
vn 0.5549 -0.8197 -0.1419
vn 0.5809 -0.8002 -0.1495
vn 0.5385 -0.8104 -0.2309
vn 0.9653 -0.0064 -0.2612
vn 0.8712 -0.3479 0.3463
vn 0.8911 -0.3514 0.2871
vn 0.9987 0.0493 -0.0104
vn 0.5234 -0.8409 0.1378
vn 0.2428 -0.9671 0.0765
vn -0.0520 0.4673 -0.8826
vn 0.4172 -0.9017 0.1133
vn 0.2572 -0.9091 0.3277
vn 0.3944 -0.3599 -0.8455
vn 0.3026 -0.5868 -0.7511
vn 0.2791 -0.4070 -0.8697
vn 0.2048 -0.5084 -0.8364
vn 0.1904 -0.2227 -0.9561
vn -0.7179 -0.2842 -0.6355
vn -0.7472 -0.3128 -0.5863
vn 0.5113 -0.8474 0.1430
vn 0.5570 -0.8120 0.1741
vn 0.5760 -0.8173 -0.0121
vn -0.3193 -0.8772 -0.3585
vn 0.6115 -0.7821 0.1203
vn 0.7656 -0.6334 0.1124
vn 0.6839 -0.7294 0.0179
vn 0.7741 -0.6328 0.0203
vn 0.7808 -0.6236 0.0384
vn 0.8865 -0.4573 0.0714
vn 0.8443 -0.5348 0.0332
vn 0.9597 -0.2710 0.0744
vn 0.9539 -0.2957 0.0514
vn 0.8881 -0.4595 0.0133
vn 0.9010 -0.4312 0.0477
vn 0.8459 -0.5330 0.0194
vn 0.9079 -0.4069 0.1002
vn 0.9607 -0.2414 0.1372
vn 0.9540 -0.2834 0.0979
vn 0.8540 -0.5183 0.0449
vn 0.8561 -0.5143 0.0502
vn 0.8542 -0.5180 0.0456
vn 0.8565 -0.5136 0.0508
vn 0.1675 -0.9750 -0.1462
vn 0.1894 -0.9758 -0.1091
vn 0.1190 -0.5223 -0.8444
vn 0.3578 -0.0692 -0.9312
vn 0.4133 -0.0297 -0.9101
vn 0.4490 0.1309 -0.8839
vn 0.4591 0.1410 -0.8771
vn 0.4251 -0.0000 -0.9052
vn 0.4250 -0.0000 -0.9052
vn 0.4379 0.0490 -0.8977
vn 0.4041 0.0251 -0.9144
vn 0.4179 0.0727 -0.9056
vn 0.4257 0.0407 -0.9040
vn 0.4114 0.0072 -0.9114
vn 0.4219 0.0199 -0.9064
vn 0.4068 -0.0131 -0.9134
vn 0.4221 -0.0073 -0.9065
vn 0.3544 -0.1613 -0.9211
vn 0.4305 -0.1059 -0.8964
vn -0.3032 -0.8152 0.4935
vn 0.0507 -0.3165 0.9472
vn 0.0528 -0.3153 0.9475
vn 0.0505 -0.3166 0.9472
vn 0.5432 -0.8342 0.0947
vn 0.8925 -0.3926 0.2222
vn 0.8870 -0.4279 0.1736
vn 0.9210 -0.3434 0.1839
vn 0.9461 -0.2320 0.2258
vn 0.9461 -0.2321 0.2258
vn 0.9695 0.0401 0.2417
vn 0.9825 -0.0246 0.1844
vn 0.9781 -0.1087 0.1774
vn 0.9759 -0.0915 0.1981
vn 0.9752 -0.1016 0.1965
vn 0.9750 -0.1037 0.1964
vn 0.9751 -0.1040 0.1961
vn 0.5454 -0.0582 -0.8361
vn 0.5738 0.1788 -0.7993
vn 0.5436 0.1314 -0.8290
vn 0.5517 0.0091 -0.8340
vn 0.5141 -0.0416 -0.8567
vn 0.3755 -0.5935 -0.7119
vn 0.9553 -0.2137 0.2043
vn 0.9599 0.0938 0.2643
vn 0.9812 0.0060 0.1931
vn 0.9325 -0.3304 0.1456
vn 0.9325 -0.3304 0.1457
vn 0.4503 -0.8928 -0.0123
vn 0.4818 -0.8746 0.0548
vn 0.2927 -0.2957 0.9093
vn 0.3038 -0.1309 0.9437
vn 0.2962 -0.1172 0.9479
vn 0.2837 -0.2164 0.9342
vn 0.2595 -0.0805 0.9624
vn 0.2530 -0.1437 0.9567
vn 0.2232 -0.1679 0.9602
vn 0.2319 -0.0871 0.9688
vn 0.2838 -0.1511 0.9469
vn 0.2043 -0.3128 0.9276
vn 0.2290 -0.1380 0.9636
vn 0.1850 -0.2181 0.9582
vn 0.0586 -0.2799 0.9582
vn 0.0531 -0.3151 0.9476
vn 0.9910 -0.1267 -0.0425
vn 0.9891 -0.1433 -0.0353
vn 0.9535 0.0176 -0.3008
vn 0.9535 0.0174 -0.3008
vn 0.9536 0.0173 -0.3007
vn 0.9569 0.1696 -0.2358
vn 0.9882 -0.1255 -0.0877
vn 0.3206 -0.6432 -0.6953
vn 0.3205 -0.6436 -0.6950
vn 0.3199 -0.6433 -0.6956
vn 0.3173 -0.9449 0.0807
vn -0.6605 -0.6895 -0.2973
vn 0.2357 -0.2417 -0.9413
vn 0.3128 -0.6400 -0.7018
vn -0.6400 -0.6680 -0.3797
vn 0.1550 -0.4150 0.8965
vn 0.0761 -0.8080 0.5843
vn -0.1128 -0.8875 0.4468
vn 0.1060 -0.5583 0.8228
vn 0.2416 -0.4792 0.8438
vn 0.2912 -0.3040 0.9070
vn 0.2833 -0.2844 0.9159
vn 0.2633 -0.3519 0.8982
vn 0.1839 -0.4535 0.8721
vn 0.2287 -0.3285 0.9164
vn 0.1534 -0.3724 0.9153
vn 0.1930 -0.2830 0.9395
vn 0.2002 -0.3075 0.9302
vn 0.1997 -0.3086 0.9300
vn 0.1975 -0.3128 0.9291
vn 0.1967 -0.3145 0.9287
vn 0.1901 -0.3464 0.9186
vn 0.1494 -0.4125 0.8986
vn 0.1065 -0.4194 0.9015
vn 0.1469 -0.3492 0.9255
vn 0.1713 -0.3378 0.9255
vn 0.1102 -0.4285 0.8968
vn -0.0699 -0.4300 0.9001
vn -0.2158 -0.5824 0.7837
vn 0.1655 -0.6744 0.7196
vn -0.3348 -0.9156 0.2229
vn -0.2345 -0.9329 0.2732
vn -0.0900 -0.9957 0.0196
vn -0.6129 -0.5958 -0.5190
vn -0.6242 -0.5834 -0.5196
vn -0.6609 -0.4823 -0.5750
vn 0.8071 0.3844 0.4482
vn 0.8031 0.3490 0.4830
vn 0.6238 0.5638 0.5413
vn 0.6392 0.3500 0.6848
vn 0.9928 0.0217 0.1175
vn 0.8421 -0.5300 -0.1002
vn 0.8524 -0.5217 0.0361
vn 0.5434 -0.8343 -0.0929
vn 0.6125 -0.7701 0.1782
vn 0.5783 -0.7992 0.1638
vn 0.5782 -0.7993 0.1637
vn 0.5787 -0.8009 0.1538
vn 0.5793 -0.8008 0.1524
vn 0.5017 -0.8588 0.1036
vn 0.5410 -0.8168 0.2004
vn 0.7964 -0.4168 0.4382
vn 0.6862 -0.0153 -0.7273
vn 0.7163 0.0550 -0.6956
vn 0.7011 -0.0745 -0.7092
vn 0.5092 -0.4044 -0.7597
vn 0.8007 -0.1598 -0.5773
vn -0.2885 -0.8839 -0.3681
vn 0.5792 -0.8008 0.1522
vn 0.6438 -0.7608 0.0817
vn 0.7177 -0.6841 0.1301
vn 0.6393 -0.5309 -0.5562
vn 0.6714 -0.3488 -0.6539
vn -0.0361 0.1718 -0.9845
vn -0.0064 0.2469 -0.9690
vn -0.5453 0.4580 -0.7020
vn -0.5437 0.5114 -0.6655
vn -0.7774 0.5321 -0.3356
vn -0.7621 0.5751 -0.2973
vn -0.8536 0.5189 0.0450
vn -0.8084 0.5787 0.1079
vn -0.7886 0.5325 0.3074
vn -0.7926 0.5284 0.3044
vn -0.7947 0.5244 0.3058
vn -0.6755 0.6040 0.4231
vn -0.5557 0.5120 0.6551
vn -0.1401 0.6709 0.7282
vn 0.0396 0.6209 0.7829
vn -0.2209 0.5157 0.8278
vn -0.2914 0.5996 0.7454
vn -0.7924 0.3674 0.4869
vn -0.8695 0.4572 0.1869
vn -0.9262 0.3546 0.1282
vn -0.8681 0.4509 -0.2077
vn -0.9127 0.2261 -0.3405
vn -0.7033 0.3531 -0.6170
vn -0.6987 0.1803 -0.6923
vn -0.0917 0.0237 -0.9955
vn -0.1089 0.0637 -0.9920
vn 0.7359 -0.1664 -0.6563
vn 0.7365 -0.1833 -0.6511
vn 0.9504 -0.3046 -0.0626
vn 0.8486 -0.5238 -0.0740
vn 0.8317 -0.5517 0.0619
vn -0.0393 0.2315 -0.9720
vn 0.7565 -0.1056 -0.6454
vn 0.7728 -0.1911 -0.6052
vn 0.9363 -0.3417 0.0816
vn 0.6778 -0.7343 0.0364
vn 0.9558 -0.2402 0.1698
vn 0.3390 -0.9330 0.1207
vn 0.7019 0.3911 0.5953
vn 0.9905 -0.0314 0.1339
vn 0.9636 -0.1044 0.2462
vn 0.9260 -0.3720 0.0639
vn 0.9608 -0.2723 -0.0524
vn 0.5279 0.1469 -0.8365
vn 0.5132 0.0398 -0.8573
vn 0.5679 0.1034 -0.8166
vn 0.5677 0.1086 -0.8160
vn 0.5679 0.1062 -0.8162
vn 0.5679 0.1088 -0.8159
vn 0.6247 0.0021 -0.7809
vn 0.6164 -0.0264 -0.7870
vn 0.6231 0.0782 -0.7782
vn 0.5692 -0.0909 -0.8171
vn 0.5763 -0.0860 -0.8127
vn 0.5456 -0.2129 -0.8106
vn 0.6314 -0.1548 -0.7598
vn -0.2547 -0.9224 -0.2905
vn 0.6186 -0.7768 0.1182
vn 0.6415 -0.7670 -0.0130
vn 0.7028 -0.7111 0.0197
vn -0.2948 -0.8912 -0.3447
vn -0.4901 -0.4588 0.7411
vn 0.4629 -0.7677 0.4431
vn 0.6711 -0.2485 0.6985
vn 0.8115 -0.1486 -0.5652
vn 0.8581 -0.0231 -0.5129
vn -0.2020 0.1506 -0.9677
vn -0.2089 0.1335 -0.9688
vn -0.8243 0.0197 -0.5658
vn -0.8153 0.1172 -0.5671
vn -0.9749 -0.0000 0.2225
vn -0.9794 0.0375 0.1983
vn -0.9830 -0.0727 0.1687
vn -0.9919 -0.0074 0.1267
vn -0.8334 0.0322 -0.5517
vn -0.8023 0.3173 -0.5055
vn -0.8023 0.3174 -0.5056
vn -0.8022 0.3175 -0.5056
vn -0.8022 0.3176 -0.5056
vn -0.8201 0.2261 -0.5256
vn -0.7773 0.2603 -0.5728
vn -0.8049 -0.0185 -0.5932
vn -0.5820 0.2070 -0.7864
vn -0.5429 0.4087 -0.7336
vn -0.0475 0.1831 -0.9819
vn 0.0185 0.1866 -0.9823
vn 0.0201 0.1895 -0.9817
vn 0.0181 0.1863 -0.9823
vn 0.7142 -0.4576 -0.5297
vn 0.0203 0.1901 -0.9815
vn -0.5197 0.4444 -0.7296
vn -0.5260 0.4905 -0.6948
vn -0.7599 0.5080 -0.4056
vn -0.7337 0.6039 -0.3114
vn -0.8375 0.5441 0.0503
vn -0.7965 0.6039 0.0280
vn -0.7889 0.5333 0.3053
vn -0.7897 0.5328 0.3042
vn -0.6986 0.4105 0.5860
vn -0.5161 0.5769 0.6331
vn -0.4273 0.3502 0.8335
vn -0.5071 0.3864 0.7704
vn -0.4933 0.2649 0.8286
vn -0.5204 0.2738 0.8089
vn -0.5253 0.3107 0.7921
vn -0.4495 0.2834 0.8471
vn -0.4529 0.3006 0.8393
vn -0.4159 0.2420 0.8766
vn -0.3517 -0.0000 0.9361
vn 0.4177 0.2642 0.8693
vn 0.4174 0.2661 0.8689
vn -0.3434 0.0215 0.9390
vn -0.4119 0.3025 0.8596
vn 0.1325 0.2335 0.9633
vn -0.2300 -0.2309 0.9454
vn -0.2319 -0.3706 0.8994
vn -0.8753 -0.1433 0.4618
vn -0.9055 -0.1635 0.3917
vn -0.9185 -0.1238 0.3755
vn -0.9423 -0.0977 0.3203
vn -0.9459 0.0432 0.3215
vn -0.9387 -0.0163 0.3444
vn -0.9523 -0.0119 0.3050
vn -0.9109 -0.1373 0.3891
vn -0.9100 -0.0502 0.4116
vn -0.5872 -0.3629 0.7236
vn -0.7378 -0.1602 0.6557
vn -0.5505 -0.2451 0.7981
vn -0.5193 0.3395 0.7843
vn -0.5994 0.2414 0.7631
vn -0.6261 0.2455 0.7401
vn -0.7970 0.5790 0.1715
vn -0.9469 0.2976 0.1218
vn -0.9796 0.1946 -0.0498
vn -0.8401 0.5423 -0.0078
vn -0.8499 0.5223 -0.0703
vn -0.9268 0.3651 -0.0873
vn -0.9048 0.4216 -0.0602
vn -0.9392 0.3356 -0.0729
vn -0.9442 0.3049 -0.1243
vn -0.8962 0.4319 -0.1019
vn -0.9006 0.4057 -0.1558
vn -0.9436 0.2769 -0.1814
vn -0.9432 0.2794 -0.1800
vn -0.9419 0.2860 -0.1760
vn -0.9415 0.2882 -0.1746
vn -0.9375 0.3023 -0.1721
vn -0.9360 0.3202 -0.1464
vn -0.9197 0.3688 -0.1345
vn -0.9263 0.3302 -0.1813
vn -0.8160 -0.5142 -0.2642
vn -0.8554 -0.4759 -0.2045
vn -0.7429 -0.0320 0.6687
vn -0.7709 -0.0594 0.6342
vn -0.7518 0.0569 0.6570
vn -0.7987 0.0090 0.6016
vn -0.7890 0.0533 0.6121
vn -0.7416 0.1410 0.6559
vn -0.7435 0.1338 0.6552
vn -0.7835 0.1115 0.6113
vn -0.7885 0.0943 0.6078
vn -0.7810 0.0980 0.6168
vn -0.7880 0.0929 0.6086
vn -0.7806 0.0987 0.6172
vn -0.7649 0.1380 0.6292
vn -0.7139 0.2012 0.6707
vn -0.6924 0.2488 0.6773
vn -0.7481 0.2506 0.6145
vn -0.7447 0.2559 0.6164
vn -0.7448 0.2558 0.6164
vn -0.7446 0.2559 0.6165
vn -0.2583 -0.9035 -0.3421
vn -0.2709 -0.4841 0.8320
vn -0.1945 -0.3921 0.8991
vn -0.1577 -0.2373 0.9586
vn 0.6039 -0.5597 0.5675
vn 0.7072 -0.2831 0.6479
vn 0.7116 0.0315 -0.7019
vn 0.6771 -0.0671 -0.7328
vn 0.6776 -0.0731 -0.7318
vn 0.6770 -0.0659 -0.7330
vn 0.6916 -0.3265 0.6443
vn 0.7229 -0.1547 0.6734
vn 0.6777 -0.0744 -0.7316
vn 0.7230 0.0972 -0.6839
vn -0.1718 -0.1310 0.9764
vn -0.1521 -0.0849 0.9847
vn -0.1397 -0.1022 0.9849
vn -0.1484 -0.1488 0.9777
vn -0.1008 -0.2091 0.9727
vn -0.0728 -0.0969 0.9926
vn -0.0402 -0.2496 0.9675
vn -0.0146 -0.0908 0.9958
vn 0.7956 -0.1782 0.5790
vn 0.7984 -0.1729 0.5768
vn 0.7980 -0.1736 0.5771
vn 0.7755 -0.2912 0.5603
vn 0.7961 -0.3775 0.4730
vn 0.2743 -0.9477 0.1630
vn 0.4264 -0.6879 -0.5874
vn 0.7666 -0.0662 0.6387
vn 0.7538 -0.1932 0.6281
vn 0.7799 -0.2670 0.5661
vn 0.7689 -0.3178 0.5548
vn 0.7706 -0.3139 0.5547
vn 0.7682 -0.3195 0.5548
vn 0.7618 -0.1598 -0.6278
vn 0.7933 -0.0400 -0.6076
vn 0.7611 -0.0882 -0.6426
vn 0.7603 -0.1054 -0.6410
vn 0.6001 -0.2981 -0.7423
vn 0.7953 -0.1788 0.5793
vn 0.7713 -0.3123 0.5546
vn -0.3835 -0.3460 0.8563
vn -0.3690 -0.0786 0.9261
vn 0.5066 -0.3706 0.7785
vn 0.5318 -0.2577 0.8067
vn 0.5319 -0.2576 0.8067
vn 0.5037 -0.4651 0.7280
vn 0.5881 -0.0034 0.8087
vn 0.5918 0.0033 0.8061
vn 0.5875 -0.0043 0.8092
vn 0.8370 -0.0627 -0.5436
vn 0.8555 0.0638 -0.5138
vn -0.1010 -0.0075 -0.9949
vn -0.0680 0.0858 -0.9940
vn -0.7984 0.1447 -0.5844
vn -0.8067 -0.0241 -0.5905
vn -0.9950 -0.0297 0.0954
vn -0.9958 -0.0118 0.0912
vn 0.8635 0.0209 -0.5039
vn 0.8391 -0.0860 -0.5372
vn -0.1654 0.0805 -0.9829
vn -0.1739 0.0552 -0.9832
vn -0.7696 0.0615 -0.6355
vn -0.7683 -0.0000 -0.6401
vn -0.9828 -0.0000 0.1848
vn -0.9741 0.1211 0.1907
vn -0.5363 0.3997 -0.7434
vn -0.5926 0.3854 -0.7074
vn -0.6994 0.5444 -0.4632
vn -0.8195 0.1843 -0.5427
vn -0.8910 0.0200 0.4536
vn -0.8820 0.0609 0.4674
vn -0.8500 -0.3688 -0.3761
vn -0.8400 0.5025 -0.2047
vn -0.6939 0.6191 -0.3677
vn -0.8411 0.5281 -0.1170
vn -0.7880 0.6148 0.0322
vn -0.8840 0.3882 0.2604
vn -0.8898 0.4315 0.1484
vn -0.8432 0.4553 0.2858
vn -0.9404 -0.2299 0.2505
vn -0.7770 -0.2839 0.5618
vn -0.9382 -0.2511 -0.2380
vn -0.9395 -0.1366 -0.3140
vn -0.7173 0.2077 -0.6651
vn -0.7167 0.3930 -0.5762
vn -0.6036 0.4960 -0.6242
vn -0.5745 0.4388 -0.6910
vn -0.5699 0.4480 -0.6888
vn -0.5803 0.3902 -0.7148
vn -0.6184 0.3186 -0.7184
vn -0.6144 0.3105 -0.7253
vn -0.6183 0.3180 -0.7188
vn -0.6139 0.3099 -0.7260
vn -0.5757 0.4027 -0.7116
vn -0.5753 0.4030 -0.7118
vn -0.5755 0.4031 -0.7115
vn -0.5791 0.3924 -0.7146
vn -0.5797 0.3900 -0.7154
vn -0.5935 0.3699 -0.7148
vn -0.5932 0.3710 -0.7145
vn -0.5921 0.3760 -0.7127
vn -0.5915 0.3762 -0.7132
vn -0.5495 0.3032 -0.7785
vn -0.5359 0.3558 -0.7656
vn -0.5461 0.3476 -0.7622
vn -0.5968 -0.2886 -0.7487
vn 0.7753 0.0015 -0.6317
vn 0.7602 -0.0644 -0.6464
vn -0.9791 0.0794 0.1870
vn -0.9621 0.1932 0.1927
vn -0.9624 0.1919 0.1920
vn -0.9618 0.1939 0.1933
vn -0.9631 0.1899 0.1907
vn -0.9635 0.1278 0.2352
vn -0.9989 -0.0458 0.0052
vn -0.9927 -0.1202 0.0136
vn -0.7463 -0.4211 -0.5154
vn -0.6455 -0.4832 -0.5914
vn -0.0933 0.1049 -0.9901
vn -0.8503 0.2427 -0.4671
vn -0.0688 0.5045 -0.8607
vn -0.1963 0.2634 -0.9445
vn -0.8082 0.3768 -0.4526
vn -0.8859 0.3101 -0.3449
vn -0.8441 0.1188 0.5229
vn -0.8428 0.1114 0.5266
vn -0.2804 0.3764 -0.8830
vn -0.3259 0.2845 -0.9015
vn -0.8747 0.3473 -0.3380
vn -0.8647 0.3676 -0.3424
vn -0.8362 0.1246 0.5341
vn -0.8491 0.0665 0.5240
vn -0.8657 0.0281 0.4998
vn -0.9193 0.0908 -0.3829
vn -0.9147 0.0804 -0.3961
vn -0.3381 0.1916 -0.9214
vn -0.3389 0.1843 -0.9226
vn -0.3382 0.1833 -0.9230
vn -0.3379 0.1834 -0.9231
vn -0.3467 0.1597 -0.9243
vn -0.9219 0.1694 -0.3484
vn -0.9074 0.1402 -0.3961
vn -0.8276 -0.0353 0.5603
vn -0.8423 -0.0707 0.5343
vn -0.9152 0.2107 -0.3434
vn -0.8080 0.0826 0.5834
vn -0.8298 -0.0292 0.5573
vn -0.9219 0.1692 -0.3484
vn -0.8261 0.0349 0.5625
vn -0.8232 0.0035 0.5678
vn -0.9048 0.1377 -0.4029
vn -0.8827 0.2814 -0.3764
vn -0.8949 0.2613 -0.3619
vn -0.6400 -0.7009 -0.3148
vn -0.6784 -0.4779 0.5581
vn -0.2524 0.1692 -0.9527
vn -0.2560 0.0215 -0.9664
vn -0.1791 0.0819 -0.9804
vn -0.1577 -0.4794 -0.8633
vn -0.6202 -0.7133 -0.3264
vn -0.3134 0.1264 -0.9412
vn -0.3122 0.1367 -0.9401
vn -0.3126 0.1326 -0.9406
vn -0.3119 0.1387 -0.9399
vn -0.3178 0.1682 -0.9331
vn -0.3225 0.1332 -0.9371
vn -0.0793 0.1432 -0.9865
vn -0.0910 0.1713 -0.9810
vn -0.1025 0.1529 -0.9829
vn -0.1955 0.2915 -0.9364
vn -0.2040 0.2703 -0.9409
vn 0.8145 -0.1745 -0.5532
vn 0.8100 -0.1880 -0.5555
vn 0.7604 -0.4326 0.4844
vn 0.6320 -0.6973 0.3383
vn 0.7297 -0.3269 -0.6006
vn 0.8069 -0.2243 -0.5465
vn -0.7903 0.0731 0.6084
vn -0.8065 0.0056 0.5913
vn 0.0388 0.6072 0.7936
vn 0.1829 0.4729 0.8619
vn 0.1814 0.4599 0.8692
vn 0.3289 0.3406 0.8808
vn 0.3278 0.4265 0.8430
vn 0.4756 0.3063 0.8246
vn 0.4535 0.4430 0.7733
vn 0.4935 0.3680 0.7881
vn -0.4564 -0.1154 0.8823
vn -0.4370 -0.0730 0.8965
vn -0.4337 -0.0326 0.9005
vn -0.4217 0.0121 0.9067
vn -0.3731 -0.0473 0.9266
vn -0.3689 -0.0093 0.9294
vn -0.3076 -0.0779 0.9483
vn -0.2755 0.0343 0.9607
vn -0.2657 -0.1117 0.9576
vn -0.1980 0.2460 0.9488
vn 0.7112 0.1739 0.6811
vn 0.7119 0.1763 0.6798
vn 0.7118 0.1757 0.6800
vn 0.6649 -0.2649 0.6984
vn 0.7743 -0.4212 0.4722
vn 0.4198 -0.8827 -0.2112
vn 0.5403 -0.6243 -0.5642
vn 0.5923 0.0045 0.8057
vn 0.5919 -0.0344 0.8053
vn 0.6921 -0.1754 0.7001
vn 0.6874 -0.2094 0.6954
vn 0.8655 -0.1068 -0.4894
vn 0.8657 -0.1043 -0.4895
vn 0.8657 -0.1050 -0.4894
vn 0.8610 -0.1255 -0.4929
vn 0.8406 -0.1672 -0.5152
vn 0.8286 -0.2446 -0.5036
vn 0.6697 -0.4171 -0.6144
vn 0.8820 -0.0328 -0.4701
vn 0.8654 -0.1075 -0.4894
vn -0.0630 0.0078 -0.9980
vn -0.1071 -0.1192 -0.9871
vn -0.6108 -0.1650 -0.7744
vn -0.6576 0.0700 -0.7501
vn -0.6882 0.0175 -0.7253
vn -0.3951 -0.6137 -0.6836
vn -0.7898 -0.6115 -0.0485
vn -0.1540 -0.0878 -0.9842
vn -0.1513 -0.2069 -0.9666
vn -0.1019 -0.1901 -0.9765
vn -0.1860 -0.5771 -0.7952
vn -0.3520 -0.6289 -0.6932
vn 0.0974 -0.9712 -0.2174
vn -0.4689 -0.8672 0.1676
vn -0.2505 -0.1245 0.9601
vn -0.3030 -0.1506 0.9410
vn -0.3294 0.0628 0.9421
vn 0.7110 0.1735 0.6814
vn 0.7196 -0.0805 0.6897
vn -0.1729 -0.1384 0.9752
vn -0.2386 -0.2546 0.9371
vn 0.3729 -0.9218 0.1058
vn -0.0901 -0.7297 0.6778
vn -0.0838 -0.1928 0.9777
vn -0.0807 -0.1906 0.9783
vn -0.0835 -0.1928 0.9777
vn -0.0775 -0.1883 0.9790
vn -0.0759 -0.1459 0.9864
vn -0.8487 -0.3534 -0.3934
vn -0.4104 0.1206 -0.9039
vn -0.9506 0.2351 -0.2027
vn -0.9666 0.2021 -0.1575
vn -0.8045 0.0034 0.5939
vn -0.8082 0.0303 0.5881
vn -0.4446 0.4009 -0.8010
vn -0.5318 0.3148 -0.7861
vn -0.5314 0.3136 -0.7870
vn -0.5306 0.3119 -0.7881
vn -0.9441 0.3031 -0.1300
vn -0.9439 0.3033 -0.1304
vn -0.9433 0.3046 -0.1322
vn -0.9431 0.3049 -0.1325
vn -0.7211 0.1750 0.6703
vn -0.7185 0.1627 0.6762
vn -0.9619 0.2334 -0.1422
vn -0.7518 0.0283 0.6588
vn -0.7406 0.0532 0.6698
vn -0.9737 0.1138 -0.1975
vn -0.9784 0.0450 -0.2017
vn -0.7652 -0.0553 0.6414
vn -0.8059 0.0068 0.5921
vn -0.8084 0.0156 0.5885
vn -0.8058 0.0066 0.5922
vn -0.9758 0.0373 -0.2156
vn -0.9662 0.1524 -0.2077
vn -0.8061 0.0085 0.5917
vn -0.8096 0.0184 0.5867
vn -0.9633 0.1237 -0.2381
vn -0.9682 0.0298 -0.2484
vn -0.9684 0.0321 -0.2473
vn -0.9681 0.0290 -0.2488
vn -0.8331 -0.0641 0.5494
vn -0.8255 0.0441 0.5626
vn -0.9685 0.0329 -0.2469
vn -0.9628 0.1433 -0.2289
vn -0.8441 -0.0167 0.5359
vn -0.8011 -0.1158 0.5873
vn -0.7934 -0.1704 0.5843
vn -0.7620 -0.1172 0.6369
vn -0.5715 -0.6930 0.4395
vn -0.6080 -0.7640 -0.2162
vn -0.6403 -0.7452 -0.1864
vn -0.4221 -0.5805 -0.6963
vn -0.5977 0.1516 -0.7873
vn -0.9567 0.1140 -0.2680
vn -0.9547 0.1046 -0.2785
vn -0.9534 0.1189 -0.2774
vn -0.5580 0.1864 -0.8087
vn -0.6356 0.2595 -0.7271
vn -0.6069 0.0362 -0.7940
vn -0.6101 0.1047 -0.7854
vn -0.6077 0.1130 -0.7861
vn -0.6469 0.1789 -0.7413
vn -0.6576 0.0988 -0.7469
vn -0.6263 0.0691 -0.7765
vn -0.5920 0.1923 -0.7826
vn -0.5912 0.1477 -0.7929
vn -0.5321 0.3151 -0.7859
vn 0.8820 0.0608 0.4674
vn 0.8910 0.0200 0.4536
vn 0.8501 -0.3687 -0.3761
vn 0.8400 0.5025 -0.2047
vn 0.8411 0.5281 -0.1170
vn 0.7880 0.6148 0.0322
vn 0.8840 0.3882 0.2604
vn 0.8898 0.4315 0.1485
vn 0.9466 -0.2294 -0.2268
vn 0.9487 -0.1793 -0.2606
vn 0.8195 0.1844 -0.5427
vn 0.6993 0.5445 -0.4631
vn 0.6939 0.6191 -0.3677
vn 0.7599 0.5080 -0.4056
vn 0.7337 0.6039 -0.3114
vn 0.7774 0.5321 -0.3356
vn 0.7621 0.5751 -0.2973
vn 0.9127 0.2261 -0.3405
vn 0.8681 0.4509 -0.2077
vn 0.8375 0.5441 0.0503
vn 0.8536 0.5189 0.0450
vn 0.8084 0.5787 0.1079
vn 0.9262 0.3546 0.1282
vn 0.8695 0.4572 0.1869
vn 0.7924 0.3674 0.4869
vn 0.6754 0.6040 0.4231
vn 0.7947 0.5244 0.3058
vn 0.7926 0.5284 0.3044
vn 0.7886 0.5324 0.3075
vn 0.7897 0.5328 0.3042
vn 0.7889 0.5333 0.3053
vn 0.8432 0.4553 0.2858
vn 0.5557 0.5120 0.6551
vn 0.5162 0.5769 0.6331
vn 0.6986 0.4105 0.5860
vn 0.5505 -0.2451 0.7981
vn 0.5193 0.3394 0.7843
vn 0.5994 0.2414 0.7632
vn 0.6261 0.2455 0.7401
vn 0.7971 0.5790 0.1715
vn 0.9469 0.2975 0.1218
vn 0.9796 0.1946 -0.0498
vn 0.8401 0.5423 -0.0078
vn 0.8499 0.5223 -0.0703
vn 0.9267 0.3657 -0.0870
vn 0.9048 0.4216 -0.0602
vn 0.9283 0.3654 -0.0686
vn 0.9369 0.3097 -0.1620
vn 0.8998 0.4123 -0.1426
vn 0.9006 0.4057 -0.1558
vn 0.9436 0.2769 -0.1814
vn 0.9419 0.2860 -0.1760
vn 0.9432 0.2794 -0.1800
vn 0.9415 0.2882 -0.1746
vn 0.9375 0.3023 -0.1721
vn 0.9360 0.3202 -0.1464
vn 0.9197 0.3688 -0.1345
vn 0.9263 0.3302 -0.1813
vn 0.8160 -0.5142 -0.2642
vn 0.8554 -0.4759 -0.2046
vn 0.7255 -0.5689 0.3873
vn 0.7429 -0.0321 0.6686
vn 0.7709 -0.0595 0.6342
vn 0.7518 0.0569 0.6569
vn 0.7987 0.0090 0.6016
vn 0.7890 0.0533 0.6121
vn 0.7415 0.1410 0.6559
vn 0.7498 0.1095 0.6525
vn 0.7670 0.0995 0.6339
vn 0.7667 0.1004 0.6341
vn 0.7650 0.1064 0.6352
vn 0.7647 0.1072 0.6354
vn 0.7806 0.0987 0.6172
vn 0.7649 0.1381 0.6292
vn 0.7139 0.2012 0.6707
vn 0.6924 0.2488 0.6773
vn 0.7481 0.2506 0.6144
vn 0.7446 0.2556 0.6166
vn 0.7464 0.2532 0.6154
vn 0.7446 0.2559 0.6165
vn 0.8487 -0.3535 -0.3934
vn 0.4104 0.1206 -0.9039
vn 0.4446 0.4009 -0.8010
vn 0.5307 0.3119 -0.7881
vn 0.5320 0.3151 -0.7859
vn 0.5912 0.1477 -0.7929
vn 0.5920 0.1923 -0.7826
vn 0.6263 0.0691 -0.7765
vn 0.6576 0.0988 -0.7469
vn 0.6469 0.1789 -0.7413
vn 0.6077 0.1130 -0.7861
vn 0.6080 0.1127 -0.7859
vn 0.6096 0.1065 -0.7855
vn 0.6100 0.1049 -0.7854
vn 0.6068 0.0362 -0.7940
vn 0.5579 0.1864 -0.8087
vn 0.6356 0.2595 -0.7271
vn 0.6410 0.0994 -0.7611
vn 0.9737 0.1137 -0.1975
vn 0.9784 0.0450 -0.2017
vn 0.9758 0.0373 -0.2156
vn 0.9662 0.1524 -0.2078
vn 0.9633 0.1237 -0.2381
vn 0.9681 0.0290 -0.2488
vn 0.9684 0.0320 -0.2473
vn 0.9682 0.0299 -0.2484
vn 0.9685 0.0330 -0.2469
vn 0.9628 0.1432 -0.2289
vn 0.9534 0.1189 -0.2774
vn 0.9547 0.1046 -0.2785
vn 0.9567 0.1140 -0.2680
vn 0.6080 -0.7640 -0.2162
vn 0.6403 -0.7452 -0.1864
vn 0.9619 0.2334 -0.1422
vn 0.7518 0.0283 0.6588
vn 0.7652 -0.0553 0.6414
vn 0.8058 0.0066 0.5921
vn 0.8083 0.0157 0.5885
vn 0.8058 0.0067 0.5921
vn 0.8061 0.0085 0.5917
vn 0.8096 0.0185 0.5867
vn 0.8331 -0.0641 0.5494
vn 0.8256 0.0440 0.5626
vn 0.8441 -0.0167 0.5359
vn 0.8011 -0.1158 0.5872
vn 0.7934 -0.1704 0.5843
vn 0.9431 0.3049 -0.1324
vn 0.9439 0.3033 -0.1303
vn 0.9432 0.3047 -0.1321
vn 0.9441 0.3031 -0.1300
vn 0.9666 0.2021 -0.1575
vn 0.9506 0.2351 -0.2027
vn 0.8046 0.0034 0.5939
vn 0.8083 0.0302 0.5881
vn 0.7211 0.1750 0.6703
vn 0.7188 0.1637 0.6756
vn 0.7188 0.1635 0.6757
vn 0.7185 0.1627 0.6762
vn 0.7406 0.0532 0.6698
vn 0.9404 -0.2299 0.2505
vn 0.8395 -0.2707 0.4710
vn 0.7620 -0.1172 0.6369
vn 0.5714 -0.6930 0.4395
vn 0.7174 0.2077 -0.6650
vn 0.7167 0.3931 -0.5761
vn 0.6037 0.4961 -0.6241
vn 0.5740 0.4396 -0.6909
vn 0.5708 0.4460 -0.6894
vn 0.5745 0.4387 -0.6910
vn 0.5698 0.4482 -0.6888
vn 0.5802 0.3902 -0.7149
vn 0.6184 0.3186 -0.7184
vn 0.6139 0.3099 -0.7260
vn 0.5753 0.4030 -0.7118
vn 0.5757 0.4027 -0.7116
vn 0.5755 0.4031 -0.7115
vn 0.5791 0.3924 -0.7146
vn 0.5797 0.3900 -0.7154
vn 0.5935 0.3699 -0.7148
vn 0.5916 0.3761 -0.7131
vn 0.5932 0.3709 -0.7145
vn 0.5915 0.3762 -0.7132
vn 0.5496 0.3032 -0.7785
vn 0.5411 0.3517 -0.7639
vn 0.5454 0.3478 -0.7626
vn 0.5359 0.3558 -0.7656
vn 0.5462 0.3476 -0.7621
vn 0.5969 -0.2886 -0.7486
vn 0.5977 0.1516 -0.7873
vn 0.4221 -0.5805 -0.6963
vn 0.2914 0.5996 0.7454
vn 0.2209 0.5158 0.8278
vn 0.1401 0.6709 0.7282
vn -0.0396 0.6209 0.7829
vn -0.0388 0.6072 0.7936
vn -0.1829 0.4730 0.8619
vn -0.1814 0.4599 0.8692
vn -0.3288 0.3406 0.8808
vn -0.3278 0.4265 0.8430
vn -0.4756 0.3063 0.8246
vn -0.4535 0.4429 0.7734
vn -0.4935 0.3680 0.7881
vn -0.4177 0.2643 0.8693
vn -0.4178 0.2645 0.8692
vn -0.4175 0.2651 0.8691
vn -0.4174 0.2661 0.8689
vn -0.1325 0.2335 0.9633
vn 0.2300 -0.2309 0.9454
vn 0.3977 0.3263 0.8575
vn 0.8754 -0.1433 0.4618
vn 0.9055 -0.1635 0.3916
vn 0.4158 0.2419 0.8767
vn 0.4529 0.3005 0.8394
vn 0.4495 0.2834 0.8471
vn 0.5254 0.3107 0.7921
vn 0.5204 0.2738 0.8088
vn 0.4933 0.2649 0.8286
vn 0.5072 0.3864 0.7704
vn 0.4273 0.3502 0.8335
vn 0.3517 -0.0000 0.9361
vn 0.3434 0.0215 0.9390
vn 0.9185 -0.1238 0.3755
vn 0.9423 -0.0977 0.3202
vn 0.9459 0.0430 0.3214
vn 0.9387 -0.0163 0.3443
vn 0.9523 -0.0119 0.3050
vn 0.9109 -0.1372 0.3891
vn 0.9100 -0.0502 0.4116
vn 0.5872 -0.3629 0.7236
vn 0.7378 -0.1602 0.6557
vn 0.7033 0.3531 -0.6170
vn 0.6987 0.1803 -0.6923
vn 0.0917 0.0237 -0.9955
vn 0.1089 0.0637 -0.9920
vn -0.7359 -0.1664 -0.6563
vn -0.7365 -0.1833 -0.6511
vn -0.9504 -0.3046 -0.0627
vn -0.8486 -0.5238 -0.0740
vn -0.8294 -0.5537 0.0744
vn -0.8578 -0.5124 0.0393
vn -0.8470 -0.5213 -0.1037
vn -0.9652 -0.0064 -0.2613
vn -0.8712 -0.3479 0.3463
vn -0.4171 -0.9017 0.1134
vn -0.2573 -0.9091 0.3276
vn 0.0900 -0.9957 0.0196
vn 0.2345 -0.9329 0.2732
vn 0.3348 -0.9156 0.2229
vn -0.5434 -0.8343 -0.0929
vn -0.5809 -0.8001 -0.1495
vn -0.5385 -0.8104 -0.2310
vn -0.2428 -0.9671 0.0765
vn 0.0521 0.4673 -0.8826
vn -0.5234 -0.8408 0.1378
vn -0.5549 -0.8197 -0.1419
vn -0.6204 -0.7747 -0.1223
vn -0.6415 -0.7670 -0.0130
vn -0.7028 -0.7111 0.0197
vn -0.6314 -0.1549 -0.7599
vn -0.5456 -0.2129 -0.8106
vn 0.2547 -0.9224 -0.2905
vn -0.6186 -0.7768 0.1182
vn -0.5783 -0.8001 0.1595
vn -0.5783 -0.7992 0.1638
vn -0.5787 -0.8009 0.1537
vn -0.6125 -0.7701 0.1782
vn -0.6778 -0.7343 0.0364
vn -0.9363 -0.3417 0.0816
vn -0.7727 -0.1911 -0.6053
vn -0.7565 -0.1057 -0.6454
vn 0.0393 0.2315 -0.9720
vn -0.6713 -0.3488 -0.6539
vn 0.0360 0.1718 -0.9845
vn -0.0201 0.1895 -0.9817
vn -0.0203 0.1901 -0.9816
vn -0.0185 0.1867 -0.9822
vn 0.5197 0.4444 -0.7297
vn 0.5363 0.3997 -0.7434
vn 0.5925 0.3854 -0.7074
vn 0.6455 -0.4832 -0.5915
vn 0.0933 0.1049 -0.9901
vn 0.0688 0.5044 -0.8607
vn 0.1962 0.2634 -0.9445
vn 0.2804 0.3764 -0.8830
vn 0.3259 0.2845 -0.9016
vn 0.3375 0.1927 -0.9214
vn 0.3381 0.1916 -0.9214
vn 0.3390 0.1843 -0.9226
vn 0.3382 0.1833 -0.9230
vn 0.3379 0.1834 -0.9231
vn 0.3467 0.1597 -0.9243
vn 0.3225 0.1332 -0.9371
vn 0.3178 0.1681 -0.9331
vn 0.3119 0.1389 -0.9399
vn 0.3121 0.1367 -0.9402
vn 0.3127 0.1327 -0.9405
vn 0.3135 0.1264 -0.9411
vn 0.5260 0.4905 -0.6948
vn 0.5453 0.4580 -0.7020
vn 0.5437 0.5114 -0.6655
vn -0.9608 -0.2723 -0.0523
vn -0.9203 -0.3833 0.0778
vn -0.9588 -0.1272 0.2541
vn -0.9917 -0.0416 0.1218
vn -0.7019 0.3911 0.5953
vn -0.6392 0.3501 0.6848
vn -0.6237 0.5638 0.5414
vn -0.8030 0.3490 0.4831
vn -0.8070 0.3845 0.4482
vn -0.8911 -0.3514 0.2871
vn -0.9987 0.0493 -0.0104
vn -0.9910 -0.1268 -0.0425
vn -0.9890 -0.1433 -0.0353
vn -0.2791 -0.4070 -0.8697
vn -0.2048 -0.5084 -0.8364
vn 0.6609 -0.4823 -0.5750
vn 0.6502 -0.4671 -0.5993
vn 0.6242 -0.5835 -0.5196
vn -0.3026 -0.5867 -0.7511
vn -0.3944 -0.3599 -0.8455
vn 0.2583 -0.9035 -0.3420
vn 0.2709 -0.4841 0.8320
vn 0.1945 -0.3921 0.8991
vn 0.1576 -0.2373 0.9586
vn 0.2387 -0.2546 0.9371
vn 0.1727 -0.1368 0.9754
vn 0.1721 -0.1328 0.9761
vn 0.1730 -0.1384 0.9752
vn -0.5017 -0.8588 0.1036
vn -0.5793 -0.8008 0.1524
vn -0.5792 -0.8008 0.1522
vn -0.6438 -0.7608 0.0817
vn -0.6320 -0.6973 0.3383
vn -0.7297 -0.3269 -0.6006
vn -0.8069 -0.2243 -0.5465
vn 0.0910 0.1713 -0.9810
vn 0.1009 0.1555 -0.9827
vn 0.7724 0.2817 -0.5693
vn 0.8449 0.2235 -0.4860
vn 0.8448 0.2239 -0.4860
vn 0.8454 0.2199 -0.4867
vn 0.9635 0.1278 0.2352
vn 0.9631 0.1899 0.1907
vn -0.7177 -0.6841 0.1301
vn -0.6393 -0.5310 -0.5562
vn -0.7142 -0.4576 -0.5297
vn -0.0181 0.1863 -0.9823
vn 0.0475 0.1831 -0.9819
vn 0.5429 0.4087 -0.7336
vn 0.5820 0.2070 -0.7864
vn 0.8048 -0.0185 -0.5932
vn 0.9927 -0.1202 0.0136
vn 0.7463 -0.4211 -0.5154
vn -0.9535 0.0175 -0.3009
vn -0.9535 0.0174 -0.3008
vn -0.9535 0.0172 -0.3008
vn -0.9569 0.1697 -0.2358
vn -0.2357 -0.2417 -0.9413
vn -0.3201 -0.6438 -0.6950
vn -0.3128 -0.6400 -0.7018
vn -0.3198 -0.6434 -0.6955
vn 0.6400 -0.6680 -0.3797
vn 0.6605 -0.6895 -0.2973
vn -0.1904 -0.2227 -0.9561
vn 0.7179 -0.2841 -0.6355
vn 0.7473 -0.3128 -0.5863
vn 0.8502 0.2427 -0.4671
vn 0.8082 0.3768 -0.4527
vn 0.8860 0.3101 -0.3448
vn 0.8441 0.1188 0.5229
vn 0.8430 0.1125 0.5261
vn 0.8439 0.1182 0.5233
vn 0.8428 0.1114 0.5266
vn 0.8361 0.1247 0.5342
vn 0.8646 0.3678 -0.3423
vn 0.8748 0.3473 -0.3380
vn 0.8491 0.0666 0.5241
vn 0.8657 0.0281 0.4997
vn 0.9193 0.0908 -0.3829
vn 0.9147 0.0804 -0.3961
vn 0.8424 -0.0707 0.5342
vn 0.8193 -0.0172 0.5731
vn 0.9038 0.1631 -0.3957
vn 0.9081 0.1716 -0.3821
vn 0.8131 -0.0344 0.5811
vn 0.8065 0.0057 0.5912
vn 0.8065 0.0059 0.5912
vn 0.8065 0.0064 0.5913
vn 0.9130 0.1302 -0.3866
vn 0.9153 0.2107 -0.3434
vn 0.9220 0.1692 -0.3484
vn 0.9049 0.1377 -0.4028
vn 0.2524 0.1692 -0.9527
vn 0.2560 0.0215 -0.9664
vn 0.8261 0.0350 0.5624
vn 0.8232 0.0035 0.5677
vn 0.7694 0.0869 0.6329
vn 0.6784 -0.4779 0.5580
vn 0.6400 -0.7009 -0.3148
vn 0.6203 -0.7133 -0.3264
vn 0.1577 -0.4794 -0.8633
vn 0.1791 0.0818 -0.9804
vn 0.8827 0.2813 -0.3764
vn 0.8949 0.2613 -0.3619
vn 0.8065 0.0056 0.5912
vn 0.7903 0.0731 0.6083
vn -0.5432 -0.8343 0.0947
vn -0.8925 -0.3926 0.2222
vn -0.0586 -0.2799 0.9582
vn -0.1851 -0.2181 0.9582
vn -0.8870 -0.4280 0.1736
vn -0.5763 -0.0860 -0.8127
vn -0.5727 -0.0885 -0.8150
vn -0.5699 -0.0905 -0.8167
vn -0.5693 -0.0908 -0.8171
vn -0.9210 -0.3434 0.1838
vn -0.2043 -0.3128 0.9276
vn -0.2290 -0.1380 0.9636
vn -0.2838 -0.1511 0.9469
vn -0.2319 -0.0871 0.9688
vn -0.2232 -0.1679 0.9602
vn -0.9781 -0.1086 0.1775
vn -0.9752 -0.1016 0.1965
vn -0.9759 -0.0915 0.1981
vn -0.9750 -0.1037 0.1965
vn -0.5679 0.1061 -0.8162
vn -0.5679 0.1086 -0.8159
vn -0.5679 0.1034 -0.8166
vn -0.5132 0.0398 -0.8573
vn -0.9695 0.0400 0.2417
vn -0.9462 -0.2315 0.2259
vn -0.6165 -0.0263 -0.7869
vn -0.6231 0.0782 -0.7782
vn -0.6247 0.0021 -0.7808
vn -0.5679 0.1088 -0.8159
vn -0.9825 -0.0246 0.1844
vn -0.2530 -0.1437 0.9567
vn -0.2595 -0.0804 0.9624
vn -0.2837 -0.2164 0.9342
vn -0.9553 -0.2139 0.2043
vn -0.9599 0.0938 0.2643
vn -0.9812 0.0059 0.1931
vn -0.9325 -0.3304 0.1456
vn -0.9325 -0.3304 0.1457
vn -0.4503 -0.8928 -0.0123
vn -0.4818 -0.8746 0.0549
vn -0.9751 -0.1040 0.1961
vn -0.5455 -0.0582 -0.8361
vn -0.5738 0.1789 -0.7992
vn -0.5436 0.1314 -0.8290
vn -0.5517 0.0091 -0.8340
vn -0.5141 -0.0416 -0.8567
vn -0.3755 -0.5935 -0.7119
vn -0.0531 -0.3151 0.9476
vn -0.0505 -0.3166 0.9472
vn 0.3173 -0.8288 0.4608
vn 0.4688 -0.8708 0.1478
vn -0.6046 -0.7908 -0.0954
vn -0.5760 -0.8173 -0.0121
vn -0.5570 -0.8120 0.1741
vn -0.6115 -0.7821 0.1203
vn 0.0699 -0.4300 0.9001
vn -0.1102 -0.4285 0.8968
vn 0.2158 -0.5824 0.7837
vn -0.1655 -0.6744 0.7196
vn -0.5113 -0.8474 0.1430
vn -0.2962 -0.1172 0.9479
vn -0.3038 -0.1309 0.9437
vn -0.2927 -0.2958 0.9093
vn -0.1550 -0.4150 0.8965
vn -0.0761 -0.8080 0.5843
vn 0.3008 -0.8083 -0.5062
vn 0.3193 -0.8772 -0.3585
vn -0.4304 -0.1059 -0.8964
vn -0.6838 -0.7294 0.0179
vn -0.7656 -0.6335 0.1124
vn -0.1713 -0.3378 0.9255
vn -0.7741 -0.6328 0.0203
vn -0.1065 -0.4194 0.9016
vn -0.1468 -0.3492 0.9255
vn -0.7808 -0.6236 0.0385
vn -0.8865 -0.4572 0.0714
vn -0.1967 -0.3144 0.9287
vn -0.2002 -0.3075 0.9302
vn -0.8442 -0.5350 0.0331
vn -0.9597 -0.2710 0.0744
vn -0.1930 -0.2830 0.9395
vn -0.1534 -0.3724 0.9153
vn -0.2286 -0.3286 0.9164
vn -0.1838 -0.4535 0.8721
vn -0.2634 -0.3518 0.8983
vn -0.2833 -0.2844 0.9159
vn -0.8881 -0.4595 0.0132
vn -0.9010 -0.4311 0.0477
vn -0.8458 -0.5331 0.0193
vn -0.9079 -0.4069 0.1003
vn -0.9607 -0.2413 0.1373
vn -0.9540 -0.2834 0.0979
vn -0.8540 -0.5183 0.0449
vn -0.8542 -0.5179 0.0455
vn -0.8562 -0.5142 0.0501
vn -0.8565 -0.5136 0.0508
vn -0.1675 -0.9750 -0.1462
vn -0.1894 -0.9758 -0.1091
vn -0.9539 -0.2956 0.0514
vn -0.4179 0.0726 -0.9056
vn -0.4041 0.0252 -0.9144
vn -0.4379 0.0490 -0.8977
vn -0.4250 -0.0000 -0.9052
vn -0.4251 -0.0000 -0.9052
vn -0.4591 0.1410 -0.8771
vn -0.4490 0.1309 -0.8839
vn -0.4133 -0.0297 -0.9101
vn -0.3579 -0.0692 -0.9312
vn -0.1190 -0.5224 -0.8444
vn -0.4257 0.0407 -0.9040
vn -0.4114 0.0072 -0.9114
vn -0.4219 0.0198 -0.9064
vn -0.4068 -0.0130 -0.9134
vn -0.4221 -0.0073 -0.9065
vn -0.3544 -0.1613 -0.9211
vn 0.1129 -0.8875 0.4467
vn -0.1060 -0.5583 0.8228
vn -0.2416 -0.4792 0.8438
vn -0.2912 -0.3040 0.9071
vn -0.1495 -0.4125 0.8986
vn -0.1901 -0.3464 0.9186
vn -0.0403 -0.9989 0.0227
vn -0.0284 -0.9996 -0.0024
vn 0.0217 -0.9998 0.0019
vn 0.0294 -0.9993 -0.0211
vn 0.0613 -0.9975 0.0363
vn 0.0509 -0.9986 -0.0172
vn 0.0187 -0.9993 0.0335
vn 0.0020 -0.9993 0.0386
vn -0.0443 -0.9990 0.0074
vn -0.0566 -0.9978 -0.0348
vn -0.0582 -0.9983 -0.0082
vn -0.0369 -0.9989 -0.0303
vn 0.0052 -0.9990 -0.0453
vn 0.0439 -0.9981 -0.0434
vn 0.0056 -0.9980 -0.0623
vn 0.9153 0.3751 -0.1470
vn 0.9005 0.4331 0.0385
vn 0.9253 0.3737 0.0649
vn 0.8282 0.3345 0.4498
vn 0.7584 0.5332 0.3748
vn -0.0000 0.5210 0.8536
vn 0.8251 0.4974 -0.2680
vn -0.0000 0.8804 -0.4743
vn -0.0000 0.9973 -0.0730
vn -0.0000 0.9649 0.2627
vn -0.7584 0.5332 0.3748
vn -0.8282 0.3345 0.4498
vn -0.9253 0.3737 0.0649
vn -0.9005 0.4331 0.0385
vn -0.9153 0.3751 -0.1470
vn -0.8251 0.4974 -0.2680
vn -0.0613 -0.9975 0.0363
vn -0.0217 -0.9998 0.0019
vn 0.0284 -0.9996 -0.0024
vn 0.0566 -0.9978 -0.0348
vn 0.0403 -0.9989 0.0227
vn 0.0443 -0.9990 0.0074
vn -0.0020 -0.9993 0.0386
vn -0.0187 -0.9993 0.0335
vn -0.0509 -0.9986 -0.0172
vn -0.0294 -0.9993 -0.0211
vn -0.0056 -0.9980 -0.0623
vn -0.0439 -0.9981 -0.0434
vn -0.0052 -0.9990 -0.0453
vn 0.0369 -0.9989 -0.0303
vn 0.0582 -0.9983 -0.0082
vn -0.3173 -0.9449 0.0807
vn -0.3390 -0.9330 0.1208
vn -0.9557 -0.2402 0.1698
vn -0.9882 -0.1254 -0.0877
vn -0.3205 -0.6436 -0.6950
vn 0.3520 -0.6289 -0.6932
vn 0.1860 -0.5771 -0.7952
vn 0.1035 -0.1969 -0.9750
vn 0.1397 -0.2115 -0.9673
vn 0.1424 -0.0896 -0.9857
vn -0.8406 -0.1673 -0.5152
vn -0.8610 -0.1255 -0.4928
vn -0.7118 0.1757 0.6800
vn -0.7112 0.1739 0.6811
vn -0.7110 0.1735 0.6814
vn -0.7196 -0.0805 0.6897
vn 0.2657 -0.1117 0.9576
vn 0.2755 0.0343 0.9607
vn 0.3076 -0.0779 0.9483
vn -0.5919 -0.0344 0.8053
vn -0.6921 -0.1754 0.7001
vn -0.8820 -0.0328 -0.4701
vn -0.8655 -0.1068 -0.4894
vn -0.8654 -0.1075 -0.4894
vn -0.8657 -0.1051 -0.4895
vn 0.0631 0.0078 -0.9980
vn 0.1059 -0.1155 -0.9876
vn 0.6432 -0.1452 -0.7518
vn 0.6802 0.0318 -0.7324
vn 0.6882 0.0175 -0.7253
vn 0.3951 -0.6137 -0.6836
vn 0.7898 -0.6115 -0.0484
vn -0.8555 0.0638 -0.5138
vn 0.1011 -0.0075 -0.9949
vn 0.0680 0.0858 -0.9940
vn 0.7984 0.1448 -0.5844
vn 0.8067 -0.0241 -0.5905
vn 0.9950 -0.0297 0.0954
vn 0.9958 -0.0118 0.0912
vn 0.7683 -0.0000 -0.6401
vn 0.7696 0.0615 -0.6355
vn 0.8153 0.1172 -0.5671
vn 0.8243 0.0197 -0.5658
vn 0.8334 0.0322 -0.5517
vn 0.8023 0.3174 -0.5055
vn 0.9618 0.1939 0.1933
vn 0.1740 0.0552 -0.9832
vn 0.1654 0.0805 -0.9829
vn 0.2089 0.1335 -0.9688
vn 0.2020 0.1506 -0.9677
vn 0.2038 0.2465 -0.9475
vn 0.1876 0.2891 -0.9387
vn -0.8391 -0.0859 -0.5372
vn -0.8635 0.0207 -0.5039
vn -0.8581 -0.0231 -0.5129
vn -0.8114 -0.1485 -0.5652
vn -0.8145 -0.1745 -0.5532
vn -0.8100 -0.1880 -0.5555
vn -0.8370 -0.0627 -0.5435
vn -0.5918 0.0033 0.8061
vn -0.5881 -0.0034 0.8088
vn -0.5875 -0.0043 0.8092
vn -0.5038 -0.4649 0.7281
vn -0.5317 -0.2581 0.8067
vn -0.5101 -0.3570 0.7826
vn 0.3823 -0.0841 0.9202
vn 0.3964 -0.3446 0.8510
vn 0.4853 -0.4350 0.7585
vn 0.2948 -0.8912 -0.3447
vn 0.2885 -0.8839 -0.3681
vn -0.8007 -0.1598 -0.5773
vn -0.5410 -0.8168 0.2004
vn -0.7964 -0.4168 0.4382
vn -0.6039 -0.5597 0.5675
vn -0.7071 -0.2831 0.6479
vn -0.6916 -0.3265 0.6443
vn -0.7228 -0.1547 0.6735
vn -0.7665 -0.0663 0.6388
vn -0.7538 -0.1932 0.6281
vn 0.1008 -0.2091 0.9727
vn 0.0728 -0.0969 0.9926
vn -0.5092 -0.4044 -0.7597
vn -0.7011 -0.0745 -0.7092
vn -0.6862 -0.0153 -0.7273
vn -0.7163 0.0549 -0.6957
vn -0.7116 0.0315 -0.7019
vn -0.6770 -0.0659 -0.7330
vn -0.6777 -0.0744 -0.7316
vn -0.7230 0.0972 -0.6840
vn -0.7602 -0.0644 -0.6465
vn -0.7752 0.0015 -0.6317
vn -0.7618 -0.1598 -0.6278
vn -0.7932 -0.0400 -0.6076
vn -0.7953 -0.1788 0.5793
vn -0.7979 -0.1736 0.5772
vn -0.7956 -0.1781 0.5791
vn -0.7983 -0.1729 0.5769
vn 0.0146 -0.0908 0.9958
vn 0.0759 -0.1459 0.9864
vn -0.7799 -0.2670 0.5661
vn -0.7682 -0.3195 0.5548
vn -0.7706 -0.3139 0.5547
vn -0.7689 -0.3179 0.5548
vn -0.7713 -0.3123 0.5546
vn -0.6874 -0.2094 0.6954
vn -0.8658 -0.1040 -0.4895
vn -0.5923 0.0045 0.8057
vn 0.3731 -0.0473 0.9266
vn 0.4217 0.0121 0.9067
vn 0.4337 -0.0326 0.9005
vn 0.4370 -0.0730 0.8965
vn 0.4564 -0.1154 0.8823
vn 0.9896 0.0096 0.1437
vn 0.9741 0.1211 0.1908
vn 0.9828 -0.0000 0.1847
vn 0.9794 0.0375 0.1983
vn 0.9749 -0.0000 0.2225
vn 0.9830 -0.0727 0.1687
vn 0.9919 -0.0074 0.1267
vn 0.9791 0.0794 0.1870
vn 0.1718 -0.1310 0.9764
vn 0.1521 -0.0849 0.9847
vn 0.1396 -0.1022 0.9849
vn 0.1484 -0.1488 0.9777
vn -0.7604 -0.4326 0.4844
vn -0.4382 -0.7856 0.4368
vn -0.7611 -0.0882 -0.6426
vn -0.7602 -0.1055 -0.6411
vn -0.7960 -0.3776 0.4731
vn -0.2743 -0.9477 0.1630
vn -0.3729 -0.9218 0.1058
vn 0.0900 -0.7297 0.6778
vn 0.0838 -0.1928 0.9777
vn 0.0775 -0.1883 0.9790
vn -0.6001 -0.2980 -0.7423
vn -0.4264 -0.6879 -0.5874
vn 0.1980 0.2460 0.9488
vn -0.7119 0.1763 0.6798
vn -0.6649 -0.2649 0.6984
vn -0.7743 -0.4212 0.4722
vn -0.4198 -0.8827 -0.2112
vn -0.5403 -0.6243 -0.5642
vn -0.6697 -0.4171 -0.6144
vn -0.8286 -0.2446 -0.5036
vn 0.3294 0.0628 0.9421
vn 0.3030 -0.1506 0.9410
vn 0.2505 -0.1245 0.9601
vn 0.4689 -0.8672 0.1677
vn 0.2571 -0.0639 0.9643
vn 0.2571 0.0671 0.9641
vn 0.1884 0.1874 0.9640
vn 0.5062 0.5078 0.6970
vn 0.5091 0.5069 0.6956
vn 0.5097 0.5068 0.6953
vn 0.1785 0.6963 0.6952
vn 0.1788 0.6963 0.6951
vn 0.1737 0.6953 0.6974
vn 0.2406 0.9369 0.2537
vn -0.2506 0.9344 0.2531
vn -0.2517 0.9382 -0.2375
vn -0.6952 0.6785 -0.2374
vn -0.6956 0.6783 -0.2370
vn -0.6915 0.6809 -0.2412
vn -0.5069 0.5025 -0.7004
vn -0.5128 0.5005 -0.6975
vn -0.5131 0.5003 -0.6974
vn -0.6958 0.1833 -0.6945
vn -0.6970 0.1819 -0.6936
vn -0.6895 0.1903 -0.6988
vn -0.2629 0.0686 -0.9624
vn -0.2630 -0.0654 -0.9626
vn -0.1905 -0.1894 -0.9633
vn -0.5088 -0.5059 -0.6966
vn -0.5061 -0.5129 -0.6934
vn -0.5084 -0.5070 -0.6961
vn -0.5062 -0.5134 -0.6930
vn -0.6808 -0.6904 -0.2447
vn -0.6834 -0.6863 -0.2489
vn -0.6809 -0.6900 -0.2453
vn -0.6860 -0.6821 -0.2532
vn -0.6870 -0.6830 0.2480
vn -0.6789 -0.6881 0.2561
vn -0.6828 -0.6856 0.2523
vn -0.6786 -0.6882 0.2566
vn -0.5082 -0.5154 0.6900
vn -0.5146 -0.5131 0.6870
vn -0.5086 -0.5151 0.6899
vn -0.5157 -0.5127 0.6864
vn -0.1831 -0.1820 0.9661
vn -0.0606 -0.2529 0.9656
vn 0.0628 -0.2529 0.9655
vn 0.1763 -0.7099 0.6819
vn 0.5016 -0.5237 0.6885
vn 0.6724 -0.7020 0.2345
vn 0.9371 -0.2556 0.2379
vn 0.9331 -0.2546 -0.2540
vn 0.9368 0.2395 -0.2550
vn 0.6905 0.1796 -0.7007
vn 0.6898 0.1767 -0.7021
vn 0.6899 0.1764 -0.7021
vn 0.5041 0.5019 -0.7028
vn 0.5043 0.5014 -0.7031
vn 0.5031 0.5048 -0.7015
vn 0.1960 0.1949 -0.9610
vn 0.0669 0.2691 -0.9608
vn -0.0645 0.2692 -0.9609
vn -0.1654 0.6905 -0.7042
vn -0.1737 0.6923 -0.7004
vn -0.1668 0.6908 -0.7036
vn -0.1741 0.6923 -0.7003
vn -0.2361 0.9387 -0.2513
vn 0.1853 -0.1843 0.9652
vn 0.5082 -0.5052 0.6975
vn 0.6970 -0.1733 0.6958
vn 0.6970 -0.1732 0.6958
vn 0.9376 -0.2330 0.2582
vn 0.9309 0.2603 0.2563
vn 0.9359 0.2617 -0.2357
vn 0.6863 0.6888 -0.2336
vn 0.6863 0.6889 -0.2333
vn 0.6876 0.6869 -0.2354
vn 0.5030 0.5050 -0.7014
vn 0.1729 0.6924 -0.7004
vn 0.1722 0.6931 -0.7000
vn 0.1767 0.6892 -0.7027
vn 0.1770 0.6890 -0.7028
vn 0.2417 0.9410 -0.2369
vn 0.6888 0.6849 -0.2376
vn 0.6853 0.6875 0.2403
vn 0.6871 0.6864 0.2383
vn 0.6891 0.6851 0.2362
vn 0.9412 0.2406 0.2370
vn 0.6943 0.1805 0.6967
vn 0.6962 0.1780 0.6954
vn 0.6964 0.1780 0.6952
vn 0.2552 0.9340 -0.2501
vn 0.2558 0.9364 0.2404
vn 0.6851 0.6877 0.2404
vn 0.5061 0.5080 0.6970
vn 0.6939 0.1811 0.6970
vn -0.1936 0.1925 -0.9620
vn -0.5058 0.5029 -0.7009
vn -0.1693 -0.7069 -0.6867
vn -0.1920 -0.6871 -0.7008
vn -0.2599 -0.9301 -0.2594
vn -0.2554 -0.9326 -0.2549
vn -0.2595 -0.9303 -0.2591
vn -0.2508 -0.9351 -0.2504
vn -0.2500 -0.9322 0.2616
vn -0.2599 -0.9320 0.2527
vn -0.2552 -0.9321 0.2570
vn -0.2604 -0.9319 0.2524
vn -0.1961 -0.7017 0.6850
vn -0.1667 -0.6958 0.6986
vn -0.0630 -0.2631 -0.9627
vn 0.0653 -0.2631 -0.9626
vn 0.1713 -0.6897 -0.7035
vn 0.1983 -0.6949 -0.6912
vn 0.2657 -0.9312 -0.2493
vn 0.2545 -0.9317 -0.2591
vn 0.2550 -0.9333 0.2528
vn 0.2648 -0.9279 0.2625
vn 0.1974 -0.6918 0.6946
vn 0.6855 -0.6816 0.2559
vn 0.6895 -0.6855 -0.2336
vn 0.9435 -0.2345 -0.2340
vn 0.6917 -0.1719 -0.7014
vn 0.6907 0.1803 -0.7004
vn 0.2674 0.0698 -0.9610
vn 0.6689 -0.6983 -0.2550
vn 0.4935 -0.5152 -0.7007
vn 0.6917 -0.1720 -0.7014
vn 0.2675 -0.0665 -0.9613
vn 0.1928 -0.1917 -0.9623
vn 0.5119 -0.5089 -0.6921
vn -0.6917 -0.1720 -0.7014
vn -0.6949 -0.1871 -0.6944
vn -0.9339 -0.2515 -0.2542
vn -0.9338 -0.2531 -0.2528
vn -0.9340 -0.2514 -0.2538
vn -0.9338 -0.2547 -0.2513
vn -0.9324 -0.2544 0.2568
vn -0.9339 -0.2515 0.2542
vn -0.9332 -0.2529 0.2553
vn -0.9340 -0.2515 0.2539
vn -0.6952 -0.1872 0.6940
vn -0.7055 -0.1754 0.6867
vn -0.2528 -0.0628 0.9655
vn -0.6892 0.1909 -0.6989
vn -0.9322 0.2594 -0.2526
vn -0.9327 0.2584 -0.2515
vn -0.9327 0.2583 -0.2515
vn -0.6875 0.6835 -0.2454
vn -0.6934 0.6765 0.2483
vn -0.6909 0.6803 0.2444
vn -0.6884 0.6844 0.2401
vn -0.2368 0.9417 0.2391
vn -0.1689 0.6997 0.6942
vn -0.1741 0.6948 0.6978
vn -0.1747 0.6948 0.6976
vn 0.1727 0.6951 0.6979
vn 0.0643 0.2587 0.9638
vn -0.9316 0.2605 -0.2536
vn -0.9316 0.2579 0.2562
vn -0.9314 0.2592 0.2554
vn -0.9314 0.2604 0.2543
vn -0.6935 0.6762 0.2488
vn -0.5131 0.5085 0.6915
vn -0.5151 0.5028 0.6942
vn -0.5152 0.5024 0.6943
vn -0.1679 0.7007 0.6935
vn -0.0620 0.2588 0.9639
vn -0.9315 0.2580 0.2565
vn -0.6963 0.1835 0.6939
vn -0.6981 0.1928 0.6896
vn -0.6981 0.1933 0.6894
vn -0.5127 0.5098 0.6909
vn -0.1861 0.1850 0.9649
vn -0.2527 0.0660 0.9653
vn -0.6960 0.1817 0.6947
vn 0.2370 0.9423 -0.2365
vn 0.1677 0.6944 -0.6997
vn 0.1732 0.6899 -0.7029
vn 0.1734 0.6895 -0.7032
vn -0.1723 0.6899 -0.7031
vn -0.1714 0.6897 -0.7035
vn -0.1772 0.6908 -0.7010
vn -0.0669 0.2691 -0.9608
vn -0.1960 0.1949 -0.9610
vn -0.2674 0.0698 -0.9610
vn -0.6885 0.1797 -0.7026
vn -0.6909 0.1766 -0.7010
vn -0.6890 0.1791 -0.7023
vn -0.6911 0.1767 -0.7008
vn -0.9418 0.2408 -0.2344
vn -0.9353 0.2615 0.2382
vn -0.9361 0.2393 0.2578
vn -0.6952 0.1777 0.6965
vn -0.6959 0.1810 0.6950
vn -0.6953 0.1779 0.6964
vn -0.2571 0.0671 0.9641
vn -0.2571 -0.0639 0.9643
vn -0.1853 -0.1843 0.9652
vn -0.1998 -0.7001 0.6855
vn -0.2655 -0.9306 0.2520
vn 0.2551 -0.9320 0.2576
vn 0.2506 -0.9344 0.2531
vn 0.2591 -0.9296 0.2621
vn 0.2604 -0.9325 -0.2502
vn 0.2554 -0.9328 -0.2543
vn 0.2502 -0.9329 -0.2589
vn 0.6796 -0.6884 -0.2534
vn 0.6792 -0.6887 -0.2539
vn 0.6833 -0.6861 -0.2497
vn 0.5107 -0.5093 -0.6927
vn 0.5048 -0.5113 -0.6955
vn 0.5044 -0.5115 -0.6956
vn 0.7003 -0.1740 -0.6923
vn 0.2630 -0.0654 -0.9626
vn 0.2629 0.0686 -0.9624
vn 0.1936 0.1925 -0.9620
vn 0.5088 0.5059 -0.6965
vn 0.5111 0.4989 -0.6999
vn 0.5092 0.5048 -0.6971
vn 0.5113 0.4986 -0.7000
vn 0.6940 0.6766 -0.2461
vn 0.6914 0.6808 -0.2418
vn 0.6939 0.6769 -0.2457
vn 0.6889 0.6849 -0.2375
vn 0.6870 0.6830 0.2481
vn 0.6949 0.6779 0.2400
vn 0.6911 0.6804 0.2438
vn 0.6952 0.6778 0.2395
vn 0.5171 0.5041 0.6917
vn 0.5108 0.5064 0.6947
vn 0.5167 0.5044 0.6918
vn 0.5096 0.5068 0.6953
vn 0.1861 0.1850 0.9649
vn 0.0620 0.2588 0.9639
vn -0.0643 0.2587 0.9638
vn -0.1779 0.6945 0.6971
vn -0.1743 0.6977 0.6949
vn -0.1735 0.6984 0.6943
vn -0.5069 0.5086 0.6960
vn -0.5069 0.5088 0.6958
vn -0.5079 0.5059 0.6972
vn -0.6871 0.6864 0.2380
vn -0.6862 0.6881 0.2358
vn -0.6859 0.6885 0.2359
vn 0.6907 0.1802 -0.7004
vn 0.6927 0.1914 -0.6954
vn 0.6910 0.1821 -0.6995
vn 0.6929 0.1919 -0.6950
vn 0.9322 0.2582 -0.2538
vn 0.9321 0.2594 -0.2527
vn 0.9322 0.2582 -0.2535
vn 0.9321 0.2606 -0.2516
vn 0.9320 0.2584 0.2544
vn 0.9315 0.2592 0.2553
vn 0.9321 0.2581 0.2542
vn 0.6945 0.1924 0.6933
vn 0.7011 0.1848 0.6888
vn 0.6949 0.1919 0.6930
vn 0.7023 0.1832 0.6879
vn 0.2527 0.0659 0.9653
vn 0.6899 -0.1858 -0.6996
vn 0.9339 -0.2531 -0.2526
vn 0.9345 -0.2518 -0.2515
vn 0.9347 -0.2517 -0.2512
vn 0.6875 -0.6835 -0.2454
vn 0.6804 -0.6896 0.2480
vn 0.6830 -0.6857 0.2516
vn 0.2597 -0.9294 0.2622
vn 0.1934 -0.6924 0.6951
vn -0.1726 -0.6951 0.6979
vn -0.0628 -0.2529 0.9655
vn 0.9334 -0.2512 0.2563
vn 0.9331 -0.2529 0.2555
vn 0.9331 -0.2546 0.2540
vn 0.6804 -0.6899 0.2473
vn 0.5122 -0.5109 0.6904
vn 0.5100 -0.5168 0.6876
vn 0.5100 -0.5172 0.6873
vn 0.1706 -0.7122 0.6810
vn 0.0606 -0.2529 0.9656
vn 0.9332 -0.2513 0.2570
vn 0.7001 -0.1885 0.6887
vn 0.5127 -0.5097 0.6909
vn 0.1831 -0.1820 0.9661
vn 0.2528 -0.0628 0.9655
vn 0.0645 0.2692 -0.9609
vn 0.1666 0.6953 -0.6991
vn -0.1884 0.1874 0.9640
vn -0.5082 0.5053 0.6975
vn -0.6970 -0.1733 0.6958
vn -0.6971 -0.1732 0.6958
vn -0.9429 -0.2344 0.2366
vn -0.9377 -0.2558 -0.2353
vn -0.9383 -0.2332 -0.2554
vn -0.6917 -0.1719 -0.7014
vn -0.2675 -0.0665 -0.9613
vn -0.4973 -0.5192 0.6950
vn -0.6684 -0.6978 0.2577
vn -0.2543 -0.9310 0.2619
vn -0.2552 -0.9340 -0.2501
vn 0.2606 -0.9326 -0.2497
vn 0.1946 -0.6965 -0.6907
vn 0.1905 -0.1894 -0.9633
vn -0.6891 -0.6851 0.2361
vn -0.6861 -0.6821 -0.2532
vn -0.2650 -0.9286 -0.2597
vn -0.1959 -0.6865 -0.7002
vn 0.1654 -0.6905 -0.7042
vn 0.0630 -0.2631 -0.9627
vn -0.6729 -0.7024 -0.2320
vn -0.4979 -0.5198 -0.6942
vn -0.1750 -0.7046 -0.6876
vn -0.0653 -0.2631 -0.9626
vn -0.1928 -0.1917 -0.9623
vn -0.5043 -0.5013 -0.7031
vn -0.6875 0.6868 -0.2357
vn -0.6895 0.6855 -0.2336
vn -0.6856 0.6882 -0.2374
vn -0.2415 0.9404 0.2394
vn -0.1783 0.6944 0.6972
vn 0.1680 0.6962 0.6979
vn 0.1667 0.6958 0.6986
vn 0.1749 0.6977 0.6947
vn 0.1754 0.6977 0.6946
vn 0.2359 0.9380 0.2540
vn -0.2550 0.9333 0.2528
vn -0.2560 0.9370 -0.2378
vn -0.6855 0.6881 -0.2379
vn -0.5052 0.5031 -0.7012
vn -0.5024 0.5044 -0.7023
vn -0.5022 0.5041 -0.7026
vn 0.2515 0.9376 0.2401
vn 0.2508 0.9351 -0.2504
vn -0.2408 0.9376 -0.2510
vn -0.1775 0.6910 -0.7008
vn 0.7647 -0.1189 0.6333
vn 0.8270 -0.2792 -0.4880
vn -0.0791 -0.5054 -0.8592
vn -0.9944 0.0112 0.1054
vn 0.6037 0.1418 0.7845
vn 0.0791 -0.5054 -0.8593
vn -0.9276 -0.0328 0.3721
vn 0.9735 0.2237 0.0467
vn -0.3659 0.9125 0.1831
vn -0.7255 -0.5689 0.3873
vn -0.2236 -0.5412 0.8106
vn -0.2513 -0.7874 0.5629
vn 0.5925 0.1570 0.7901
vn 0.9430 -0.1655 -0.2887
vn -0.6189 -0.7790 -0.1007
vn 0.1263 -0.1175 -0.9850
vn -0.7413 -0.6474 -0.1767
vn -0.7661 -0.5031 0.4000
vn 0.7823 -0.0352 -0.6219
vn 0.1687 0.0088 -0.9856
vn -0.8856 -0.3242 0.3327
vn -0.4551 0.8187 0.3500
vn -0.6233 0.7641 0.1660
vn 0.7994 0.5942 -0.0889
vn 0.8952 0.1836 0.4060
vn 0.2319 -0.3706 0.8994
vn 0.4119 0.3025 0.8596
vn 0.7965 0.6039 0.0280
vn 0.0063 0.2469 -0.9690
vn 0.6129 -0.5958 -0.5190
vn 0.7397 0.1108 0.6637
vn -0.5279 0.1469 -0.8365
vn 0.0402 -0.2496 0.9675
vn -0.7754 -0.2912 0.5603
vn -0.0974 -0.9712 -0.2174
vn 0.8456 0.2188 -0.4869
vn 0.3689 -0.0093 0.9294
vn 0.9803 0.0815 0.1799
vn 0.9989 -0.0458 0.0052
vn 0.0793 0.1432 -0.9865
vn -0.6556 -0.2461 0.7138
vn 0.9448 -0.1638 0.2838
vn 0.4255 0.0525 0.9034
vn 0.3619 -0.5439 0.7571
vn 0.8560 0.1439 0.4965
vn 0.9536 -0.0464 0.2975
vn -0.4012 0.0232 0.9157
vn -0.2912 0.0633 0.9546
vn -0.2826 -0.2322 -0.9307
vn -0.3614 0.1666 -0.9174
vn 0.7413 -0.6474 -0.1767
vn 0.7661 -0.5031 0.4000
vn 0.8095 -0.5546 -0.1926
vn 0.9573 0.2737 -0.0930
vn -0.8940 0.1715 0.4139
vn 0.4145 0.6526 0.6343
vn -0.8276 -0.4930 0.2683
vn -0.3977 0.3263 0.8575
vn -0.6502 -0.4671 -0.5993
vn -0.7397 0.1108 0.6637
vn -0.6410 0.0994 -0.7611
vn -0.3375 0.1927 -0.9214
vn -0.7693 0.0869 0.6329
vn -0.9896 0.0096 0.1437
vn -0.9803 0.0815 0.1799
vn -0.1134 0.0426 0.9926
vn -0.1742 -0.8100 0.5600
vn -0.6212 -0.7721 0.1343
vn -0.4718 -0.4076 0.7819
vn -0.9536 -0.0464 0.2976
vn 0.9732 0.2291 0.0204
vn 0.0180 -0.2612 0.9651
vn 0.6657 -0.6864 0.2927
vn -0.1437 -0.8847 -0.4434
vn -0.9998 -0.0177 -0.0055
vn -0.0483 0.9407 0.3359
vn -0.9997 -0.0178 0.0164
vn 0.9998 -0.0178 -0.0109
vt 0.350120 0.005800
vt 0.306434 0.051092
vt 0.310175 0.005800
vt 0.271557 0.052662
vt 0.245972 0.005800
vt 0.185270 0.077180
vt 0.190580 0.005800
vt 0.161254 0.039860
vt 0.094759 0.005800
vt 0.075812 0.071021
vt 0.006300 0.027903
vt 0.006300 0.073799
vt 0.056141 0.095418
vt 0.110327 0.101095
vt 0.087156 0.126700
vt 0.129153 0.123197
vt 0.101155 0.143850
vt 0.115396 0.162209
vt 0.074485 0.154841
vt 0.088122 0.169093
vt 0.059520 0.174045
vt 0.066641 0.187331
vt 0.045280 0.202549
vt 0.042746 0.220787
vt 0.014144 0.230207
vt 0.018127 0.236246
vt 0.006300 0.238541
vt 0.022230 0.244942
vt 0.006300 0.248203
vt 0.006300 0.264146
vt 0.019454 0.257624
vt 0.033453 0.254242
vt 0.019454 0.271272
vt 0.028626 0.264146
vt 0.023557 0.281659
vt 0.041780 0.270910
vt 0.037556 0.292046
vt 0.054572 0.277553
vt 0.050711 0.301950
vt 0.067847 0.284316
vt 0.067847 0.314873
vt 0.084260 0.290959
vt 0.096811 0.317410
vt 0.100310 0.294945
vt 0.115878 0.290114
vt 0.111655 0.282384
vt 0.130843 0.272480
vt 0.114068 0.274292
vt 0.111534 0.243735
vt 0.083053 0.256658
vt 0.085829 0.212453
vt 0.060968 0.254605
vt 0.060244 0.211124
vt 0.039849 0.241440
vt 0.006300 0.227550
vt 0.006300 0.220183
vt 0.014506 0.221753
vt 0.043590 0.309680
vt 0.062055 0.331420
vt 0.096207 0.334560
vt 0.129153 0.313062
vt 0.150634 0.290959
vt 0.158841 0.258349
vt 0.136998 0.246754
vt 0.153289 0.215714
vt 0.111655 0.210037
vt 0.054331 0.144213
vt 0.045280 0.170059
vt 0.024161 0.156049
vt 0.026212 0.180688
vt 0.015472 0.162450
vt 0.006300 0.163417
vt 0.006300 0.145904
vt 0.035746 0.124163
vt 0.006300 0.114622
vt 0.022351 0.207742
vt 0.006300 0.191800
vt 0.014627 0.220424
vt 0.006300 0.211366
vt 0.610550 0.800043
vt 0.604274 0.805236
vt 0.600171 0.769365
vt 0.590396 0.771780
vt 0.582310 0.747987
vt 0.496265 0.770090
vt 0.489748 0.743035
vt 0.455595 0.752214
vt 0.451130 0.711753
vt 0.387773 0.719242
vt 0.394048 0.662959
vt 0.350844 0.662234
vt 0.401772 0.614768
vt 0.350844 0.600153
vt 0.405754 0.575031
vt 0.350844 0.547494
vt 0.417702 0.527565
vt 0.350844 0.475872
vt 0.413116 0.476717
vt 0.479249 0.491332
vt 0.479128 0.562954
vt 0.509540 0.532155
vt 0.507488 0.574065
vt 0.527642 0.541334
vt 0.561795 0.598825
vt 0.600051 0.576360
vt 0.568553 0.604381
vt 0.608740 0.579259
vt 0.467905 0.476838
vt 0.457526 0.603052
vt 0.453544 0.640614
vt 0.450044 0.675640
vt 0.478887 0.679868
vt 0.481662 0.708009
vt 0.558536 0.680713
vt 0.568673 0.707043
vt 0.566139 0.679626
vt 0.576518 0.703057
vt 0.574949 0.724797
vt 0.590758 0.743880
vt 0.582190 0.722140
vt 0.300279 0.925894
vt 0.283987 0.922633
vt 0.318864 0.980366
vt 0.295331 0.956210
vt 0.321157 0.991840
vt 0.298951 0.991598
vt 0.275057 0.991477
vt 0.270229 0.967442
vt 0.227267 0.991115
vt 0.224250 0.963215
vt 0.180805 0.990753
vt 0.179357 0.970824
vt 0.160048 0.972998
vt 0.159927 0.942924
vt 0.141221 0.972757
vt 0.145204 0.955485
vt 0.097776 0.964423
vt 0.101759 0.941354
vt 0.058917 0.966597
vt 0.066520 0.945702
vt 0.033333 0.961887
vt 0.052038 0.941354
vt 0.036350 0.938818
vt 0.159686 0.990753
vt 0.139049 0.990511
vt 0.095242 0.990270
vt 0.055538 0.990028
vt 0.029350 0.989787
vt 0.011369 0.978675
vt 0.262868 0.940992
vt 0.220871 0.937731
vt 0.176098 0.950654
vt 0.218940 0.913696
vt 0.268057 0.913454
vt 0.555761 0.656316
vt 0.547554 0.656557
vt 0.549244 0.631556
vt 0.541762 0.629744
vt 0.482628 0.651001
vt 0.488059 0.617063
vt 0.058917 0.933262
vt 0.100793 0.920459
vt 0.029953 0.302312
vt 0.006300 0.282142
vt 0.015230 0.294220
vt 0.770573 0.747141
vt 0.751022 0.744847
vt 0.770331 0.709700
vt 0.748609 0.711029
vt 0.725438 0.744001
vt 0.723387 0.707164
vt 0.692009 0.740378
vt 0.695630 0.704627
vt 0.694906 0.685786
vt 0.657857 0.699555
vt 0.659908 0.682162
vt 0.626480 0.682042
vt 0.634445 0.663442
vt 0.610912 0.664649
vt 0.634324 0.641339
vt 0.611153 0.641218
vt 0.626962 0.623947
vt 0.602464 0.634938
vt 0.621049 0.613198
vt 0.610067 0.597013
vt 0.651461 0.601120
vt 0.644823 0.581191
vt 0.695751 0.570200
vt 0.655443 0.661147
vt 0.654719 0.637957
vt 0.655322 0.614888
vt 0.704922 0.605105
vt 0.724473 0.565490
vt 0.684648 0.660060
vt 0.691768 0.638682
vt 0.708543 0.622860
vt 0.730748 0.613439
vt 0.748971 0.610661
vt 0.746437 0.563920
vt 0.769607 0.606676
vt 0.767556 0.565369
vt 0.152203 0.139019
vt 0.146169 0.182862
vt 0.174409 0.171026
vt 0.193114 0.198080
vt 0.201924 0.242527
vt 0.235473 0.218492
vt 0.280970 0.218613
vt 0.230525 0.193249
vt 0.263351 0.163417
vt 0.205544 0.108100
vt 0.006300 0.005800
vt 0.095966 0.278277
vt 0.136032 0.330454
vt 0.148100 0.308714
vt 0.174650 0.320550
vt 0.179357 0.282022
vt 0.097414 0.287094
vt 0.600895 0.671775
vt 0.580500 0.629744
vt 0.580621 0.683853
vt 0.621170 0.694482
vt 0.609222 0.715618
vt 0.647961 0.730353
vt 0.214233 0.278640
vt 0.223526 0.329367
vt 0.176943 0.338908
vt 0.143514 0.348692
vt 0.111051 0.362823
vt 0.085467 0.376833
vt 0.300882 0.092761
vt 0.290142 0.146749
vt 0.284349 0.162450
vt 0.291711 0.163054
vt 0.290745 0.184432
vt 0.301606 0.165228
vt 0.275539 0.173804
vt 0.334432 0.203998
vt 0.354344 0.217042
vt 0.282780 0.254846
vt 0.322122 0.284316
vt 0.286521 0.326951
vt 0.353499 0.321033
vt 0.338655 0.350020
vt 0.403582 0.362944
vt 0.384152 0.406907
vt 0.437855 0.423454
vt 0.387049 0.290718
vt 0.420598 0.336131
vt 0.486007 0.393259
vt 0.510747 0.442658
vt 0.431942 0.275499
vt 0.453302 0.338063
vt 0.513643 0.365842
vt 0.530056 0.427560
vt 0.559864 0.407149
vt 0.601861 0.441208
vt 0.605119 0.400023
vt 0.641444 0.402197
vt 0.616584 0.376350
vt 0.657977 0.364634
vt 0.637582 0.322120
vt 0.681631 0.342894
vt 0.680545 0.304970
vt 0.712767 0.312216
vt 0.711680 0.279485
vt 0.736782 0.314511
vt 0.735455 0.274775
vt 0.772745 0.305453
vt 0.776245 0.262818
vt 0.812087 0.302675
vt 0.812449 0.265354
vt 0.865790 0.278519
vt 0.860842 0.229241
vt 0.941457 0.251948
vt 0.928303 0.194094
vt 0.975610 0.211728
vt 0.943991 0.137449
vt 0.577000 0.379853
vt 0.561433 0.320550
vt 0.592568 0.329488
vt 0.609343 0.289631
vt 0.652426 0.282988
vt 0.674631 0.263542
vt 0.707698 0.246029
vt 0.732076 0.244097
vt 0.767435 0.225618
vt 0.801346 0.219941
vt 0.788554 0.181775
vt 0.838637 0.157861
vt 0.771659 0.145179
vt 0.800260 0.082615
vt 0.772866 0.081166
vt 0.803157 0.058943
vt 0.788796 0.024158
vt 0.816552 0.034425
vt 0.744144 0.161846
vt 0.755246 0.192283
vt 0.717956 0.185881
vt 0.727128 0.213298
vt 0.700698 0.209313
vt 0.668356 0.222598
vt 0.646392 0.249774
vt 0.623342 0.246513
vt 0.582069 0.270910
vt 0.520039 0.260281
vt 0.503506 0.299293
vt 0.677045 0.190471
vt 0.694544 0.157861
vt 0.713249 0.126458
vt 0.737023 0.087205
vt 0.742213 0.028748
vt 0.641685 0.156291
vt 0.641082 0.208588
vt 0.598602 0.186244
vt 0.587500 0.227309
vt 0.545382 0.175978
vt 0.542606 0.242889
vt 0.503144 0.179843
vt 0.446665 0.207380
vt 0.006300 0.218854
vt 0.283866 0.374418
vt 0.329966 0.387341
vt 0.576759 0.479978
vt 0.538020 0.517178
vt 0.657736 0.531430
vt 0.635651 0.487829
vt 0.672459 0.471765
vt 0.696957 0.492298
vt 0.700216 0.475147
vt 0.732558 0.496284
vt 0.748247 0.424541
vt 0.803881 0.443020
vt 0.765987 0.390360
vt 0.819811 0.413188
vt 0.796761 0.342532
vt 0.844792 0.370553
vt 0.853239 0.325260
vt 0.933854 0.339875
vt 0.942664 0.291201
vt 0.976213 0.277553
vt 0.755246 0.344223
vt 0.715784 0.349054
vt 0.735455 0.372968
vt 0.704198 0.411617
vt 0.672821 0.389756
vt 0.646151 0.448938
vt 0.969455 0.321637
vt 0.959197 0.364634
vt 0.917321 0.391447
vt 0.884134 0.444952
vt 0.938440 0.425265
vt 0.886547 0.485051
vt 0.836344 0.485897
vt 0.832603 0.513796
vt 0.785296 0.496404
vt 0.764539 0.552687
vt 0.728093 0.520560
vt 0.702991 0.550876
vt 0.356516 0.910314
vt 0.399358 0.940026
vt 0.346500 0.924083
vt 0.392238 0.955727
vt 0.336845 0.940267
vt 0.384876 0.966718
vt 0.378118 0.982057
vt 0.406840 0.973361
vt 0.412150 0.991719
vt 0.424580 0.976018
vt 0.455354 0.995101
vt 0.455354 0.978071
vt 0.486248 0.976018
vt 0.484921 0.973240
vt 0.502420 0.968650
vt 0.489145 0.953070
vt 0.518349 0.955727
vt 0.511350 0.940026
vt 0.564329 0.924083
vt 0.554433 0.910314
vt 0.573742 0.940267
vt 0.525952 0.966718
vt 0.503988 0.973361
vt 0.498558 0.991719
vt 0.532710 0.982057
vt 0.903443 0.141676
vt 0.849257 0.097834
vt 0.846240 0.039980
vt 0.898253 0.095660
vt 0.011610 0.345551
vt 0.029350 0.334802
vt 0.022109 0.358837
vt 0.038280 0.349416
vt 0.053366 0.404371
vt 0.064348 0.397124
vt 0.066641 0.420555
vt 0.071347 0.419106
vt 0.074123 0.436860
vt 0.090053 0.424299
vt 0.092949 0.467900
vt 0.075933 0.467900
vt 0.071226 0.438430
vt 0.051073 0.433720
vt 0.038039 0.411497
vt 0.008231 0.368862
vt 0.053245 0.467900
vt 0.072554 0.467900
vt 0.071226 0.497371
vt 0.074123 0.498941
vt 0.090053 0.511381
vt 0.071347 0.516695
vt 0.066641 0.515125
vt 0.051073 0.501839
vt 0.079795 0.545441
vt 0.064348 0.538556
vt 0.053366 0.531309
vt 0.038039 0.524183
vt 0.038039 0.586385
vt 0.022109 0.576964
vt 0.008231 0.566818
vt 0.053245 0.594356
vt 0.733524 0.548943
vt 0.421684 0.953070
vt 0.408409 0.968650
vt 0.425546 0.973240
vt 0.455354 0.974448
vt 0.455354 0.955244
vt 0.079795 0.390119
vt 0.806656 0.630590
vt 0.802915 0.639407
vt 0.772142 0.629986
vt 0.771659 0.638078
vt 0.734489 0.632885
vt 0.735455 0.641339
vt 0.706491 0.647016
vt 0.712043 0.651726
vt 0.704198 0.662717
vt 0.711198 0.662717
vt 0.712043 0.673949
vt 0.735455 0.662717
vt 0.735455 0.684336
vt 0.771297 0.662717
vt 0.771659 0.687477
vt 0.801950 0.662717
vt 0.802915 0.686148
vt 0.577604 0.913454
vt 0.588344 0.931692
vt 0.363395 0.198201
vt 0.408771 0.152909
vt 0.464405 0.123197
vt 0.409254 0.100974
vt 0.463560 0.085273
vt 0.409254 0.060030
vt 0.463681 0.032251
vt 0.405392 0.022468
vt 0.521849 0.115347
vt 0.580380 0.128874
vt 0.523297 0.080441
vt 0.607050 0.117037
vt 0.630221 0.111240
vt 0.660753 0.131893
vt 0.671976 0.099162
vt 0.708784 0.062083
vt 0.621894 0.085152
vt 0.583155 0.067639
vt 0.518349 0.045416
vt 0.652305 0.052058
vt 0.627807 0.007370
vt 0.322484 0.931692
vt 0.333225 0.913454
vt 0.011610 0.590250
vt 0.029350 0.600757
vt 0.706491 0.678660
vt 0.734489 0.692429
vt 0.772142 0.695569
vt 0.806656 0.694844
vt 0.358689 0.127545
vt 0.347948 0.057735
vt 0.358568 0.011477
vt 0.350844 0.718758
vt 0.305468 0.715739
vt 0.350844 0.774075
vt 0.304985 0.767070
vt 0.307278 0.815865
vt 0.253937 0.766708
vt 0.256110 0.815623
vt 0.200114 0.818280
vt 0.202407 0.863452
vt 0.145807 0.857654
vt 0.143152 0.900772
vt 0.070744 0.900772
vt 0.077381 0.855359
vt 0.149186 0.819247
vt 0.084984 0.809584
vt 0.143635 0.788569
vt 0.100793 0.771297
vt 0.377515 0.775766
vt 0.350844 0.817918
vt 0.350844 0.858258
vt 0.309451 0.857896
vt 0.350844 0.900772
vt 0.311140 0.900772
vt 0.264678 0.862244
vt 0.186959 0.772505
vt 0.199993 0.900772
vt 0.265764 0.900772
vt 0.067606 0.746538
vt 0.028988 0.825889
vt 0.027540 0.866230
vt 0.022592 0.898840
vt 0.207234 0.708009
vt 0.253696 0.709942
vt 0.245369 0.656557
vt 0.299313 0.657161
vt 0.249593 0.598825
vt 0.300641 0.593752
vt 0.295090 0.538073
vt 0.467663 0.785791
vt 0.375946 0.821541
vt 0.415650 0.857534
vt 0.374377 0.862848
vt 0.374256 0.897391
vt 0.291349 0.475872
vt 0.239456 0.536744
vt 0.192149 0.606676
vt 0.196373 0.655591
vt 0.153652 0.647378
vt 0.141342 0.612352
vt 0.118533 0.658248
vt 0.098500 0.641943
vt 0.100914 0.687718
vt 0.062537 0.665978
vt 0.083536 0.720208
vt 0.037798 0.693878
vt 0.007145 0.722261
vt 0.009558 0.700279
vt 0.175012 0.547615
vt 0.172960 0.475872
vt 0.114672 0.475872
vt 0.095966 0.546890
vt 0.056865 0.617666
vt 0.233663 0.475872
vt 0.032367 0.659456
vt 0.429046 0.897994
vt 0.473335 0.883984
vt 0.481059 0.818280
vt 0.507367 0.806444
vt 0.509178 0.848596
vt 0.528004 0.838209
vt 0.469956 0.897149
vt 0.911890 0.984955
vt 0.908270 0.968409
vt 0.871703 0.982661
vt 0.866876 0.966355
vt 0.840447 0.981694
vt 0.840085 0.970100
vt 0.806294 0.975655
vt 0.832361 0.896062
vt 0.795192 0.890144
vt 0.829948 0.835069
vt 0.797726 0.822991
vt 0.836585 0.794608
vt 0.807139 0.773471
vt 0.772383 0.816952
vt 0.763573 0.890144
vt 0.767314 0.980366
vt 0.808346 0.987009
vt 0.772021 0.770814
vt 0.739075 0.815744
vt 0.732558 0.890748
vt 0.734127 0.975776
vt 0.702267 0.967563
vt 0.729541 0.992564
vt 0.691527 0.980124
vt 0.702388 0.820575
vt 0.702147 0.891714
vt 0.671132 0.964544
vt 0.670649 0.975051
vt 0.674993 0.831445
vt 0.675959 0.891714
vt 0.645668 0.894854
vt 0.643254 0.966718
vt 0.598844 0.904396
vt 0.600292 0.973240
vt 0.600051 0.985076
vt 0.648444 0.977467
vt 0.738954 0.767674
vt 0.705526 0.770935
vt 0.670649 0.784704
vt 0.648444 0.812724
vt 0.646633 0.842557
vt 0.598120 0.843040
vt 0.598844 0.861036
vt 0.867600 0.818401
vt 0.864704 0.846060
vt 0.908028 0.839658
vt 0.906218 0.859828
vt 0.865790 0.901255
vt 0.907666 0.902826
vt 0.768763 0.993048
vt 0.008714 0.989666
vt 0.887151 0.550272
vt 0.886909 0.551721
vt 0.895719 0.552567
vt 0.890168 0.558364
vt 0.917200 0.549789
vt 0.915390 0.571650
vt 0.928906 0.549668
vt 0.941457 0.558002
vt 0.948215 0.531551
vt 0.961128 0.527807
vt 0.948939 0.523459
vt 0.961852 0.516333
vt 0.955215 0.506671
vt 0.928544 0.531551
vt 0.936509 0.529015
vt 0.932647 0.525754
vt 0.943750 0.513555
vt 0.930958 0.517057
vt 0.937475 0.504255
vt 0.928061 0.508965
vt 0.922148 0.495559
vt 0.917804 0.510294
vt 0.912373 0.497733
vt 0.913338 0.536624
vt 0.895357 0.544957
vt 0.900546 0.536141
vt 0.893064 0.534087
vt 0.889082 0.541938
vt 0.881720 0.531551
vt 0.879910 0.540006
vt 0.878462 0.530585
vt 0.876893 0.539643
vt 0.871462 0.529981
vt 0.870255 0.538556
vt 0.863738 0.528652
vt 0.863135 0.537952
vt 0.859997 0.528169
vt 0.859394 0.537348
vt 0.853360 0.528169
vt 0.852636 0.536624
vt 0.846843 0.528048
vt 0.845998 0.536141
vt 0.836344 0.527444
vt 0.836103 0.535657
vt 0.839240 0.544474
vt 0.849377 0.547131
vt 0.858549 0.547131
vt 0.861446 0.547735
vt 0.869652 0.547977
vt 0.877013 0.548339
vt 0.878582 0.548098
vt 0.884254 0.548943
vt 0.884254 0.552083
vt 0.881841 0.558243
vt 0.880513 0.567181
vt 0.871341 0.557881
vt 0.870014 0.566456
vt 0.867842 0.557760
vt 0.866635 0.566335
vt 0.860118 0.557639
vt 0.858911 0.565852
vt 0.850464 0.556915
vt 0.849981 0.565248
vt 0.847205 0.564765
vt 0.846722 0.575394
vt 0.841654 0.564041
vt 0.837309 0.574548
vt 0.835137 0.563437
vt 0.829465 0.570442
vt 0.826448 0.562954
vt 0.847447 0.556552
vt 0.842740 0.556915
vt 0.836344 0.556431
vt 0.826810 0.554982
vt 0.842257 0.548460
vt 0.847688 0.548943
vt 0.850464 0.548943
vt 0.860721 0.549789
vt 0.870135 0.550755
vt 0.873393 0.550634
vt 0.879306 0.551842
vt 0.948336 0.495076
vt 0.939768 0.483481
vt 0.929872 0.491452
vt 0.926010 0.485413
vt 0.919734 0.487950
vt 0.911890 0.480945
vt 0.833568 0.549305
vt 0.842981 0.519715
vt 0.852394 0.519473
vt 0.859153 0.520077
vt 0.863618 0.520439
vt 0.872790 0.521526
vt 0.880634 0.522855
vt 0.883168 0.524304
vt 0.893547 0.525754
vt 0.900546 0.526841
vt 0.911528 0.528411
vt 0.921424 0.526961
vt 0.922993 0.524908
vt 0.922510 0.518386
vt 0.969455 0.522734
vt 0.975972 0.546286
vt 0.984299 0.534691
vt 0.994798 0.542904
vt 0.966679 0.565852
vt 0.943750 0.588196
vt 0.916838 0.595685
vt 0.890530 0.583728
vt 0.891133 0.593873
vt 0.883651 0.584935
vt 0.883892 0.593752
vt 0.868928 0.593752
vt 0.871100 0.603656
vt 0.868324 0.604260
vt 0.879548 0.603656
vt 0.882685 0.602690
vt 0.892219 0.608246
vt 0.921545 0.615975
vt 0.941336 0.615251
vt 0.923476 0.632160
vt 0.943147 0.630831
vt 0.940492 0.648707
vt 0.958232 0.648103
vt 0.942543 0.670809
vt 0.960283 0.671413
vt 0.941336 0.701366
vt 0.960163 0.703420
vt 0.941457 0.732769
vt 0.966921 0.735788
vt 0.950146 0.753905
vt 0.972593 0.755596
vt 0.957025 0.780356
vt 0.979472 0.771297
vt 0.965955 0.790501
vt 0.994798 0.759823
vt 0.985988 0.737962
vt 0.978989 0.707043
vt 0.975851 0.676123
vt 0.974041 0.649673
vt 0.974041 0.633851
vt 0.959077 0.631556
vt 0.974403 0.614164
vt 0.961973 0.615130
vt 0.964749 0.587472
vt 0.925044 0.474060
vt 0.985747 0.555707
vt 0.977420 0.582761
vt 0.849257 0.575756
vt 0.857584 0.575635
vt 0.867238 0.576118
vt 0.870014 0.575756
vt 0.875565 0.575152
vt 0.881117 0.575998
vt 0.890650 0.567905
vt 0.882082 0.602811
vt 0.885220 0.611748
vt 0.887995 0.623343
vt 0.871462 0.623947
vt 0.873996 0.638078
vt 0.870255 0.638078
vt 0.870738 0.648948
vt 0.862049 0.646049
vt 0.861446 0.656557
vt 0.851550 0.654746
vt 0.855532 0.665495
vt 0.847447 0.664046
vt 0.865549 0.665857
vt 0.870255 0.658248
vt 0.873272 0.658852
vt 0.873514 0.649190
vt 0.887754 0.658852
vt 0.889444 0.649190
vt 0.901753 0.661872
vt 0.903684 0.651001
vt 0.921545 0.649794
vt 0.900305 0.636146
vt 0.921907 0.668997
vt 0.922751 0.699555
vt 0.921183 0.731682
vt 0.922027 0.751248
vt 0.944836 0.773230
vt 0.942785 0.781443
vt 0.951353 0.789656
vt 0.933854 0.792434
vt 0.942543 0.800767
vt 0.925165 0.803183
vt 0.933492 0.810792
vt 0.922389 0.805961
vt 0.930958 0.814053
vt 0.924924 0.821783
vt 0.929992 0.827701
vt 0.914907 0.830479
vt 0.914545 0.812241
vt 0.915873 0.825044
vt 0.910804 0.820817
vt 0.904649 0.822387
vt 0.906460 0.806806
vt 0.917562 0.795815
vt 0.925286 0.786757
vt 0.932044 0.778061
vt 0.932044 0.773351
vt 0.923958 0.760790
vt 0.904167 0.761273
vt 0.905735 0.750765
vt 0.903925 0.740016
vt 0.894633 0.751610
vt 0.892943 0.741827
vt 0.880755 0.751369
vt 0.879668 0.742673
vt 0.877738 0.751248
vt 0.876651 0.742552
vt 0.869048 0.751610
vt 0.868445 0.742552
vt 0.860239 0.751248
vt 0.859756 0.742793
vt 0.857101 0.751127
vt 0.856739 0.742914
vt 0.850946 0.750765
vt 0.850826 0.742914
vt 0.846119 0.749316
vt 0.845516 0.743760
vt 0.838395 0.750040
vt 0.838516 0.743156
vt 0.843464 0.757045
vt 0.850102 0.759944
vt 0.857222 0.760548
vt 0.860842 0.760910
vt 0.869893 0.761031
vt 0.878341 0.760427
vt 0.881720 0.759944
vt 0.893426 0.759944
vt 0.880513 0.576843
vt 0.877858 0.577447
vt 0.869048 0.584573
vt 0.866997 0.593873
vt 0.861446 0.604743
vt 0.867118 0.584452
vt 0.860239 0.593148
vt 0.852877 0.603414
vt 0.868445 0.577447
vt 0.861446 0.577447
vt 0.860239 0.584452
vt 0.852877 0.576843
vt 0.852032 0.584935
vt 0.848653 0.576964
vt 0.848774 0.585056
vt 0.842740 0.585056
vt 0.842740 0.592665
vt 0.835741 0.585660
vt 0.835861 0.592544
vt 0.823914 0.592907
vt 0.829586 0.599550
vt 0.852274 0.593148
vt 0.849136 0.592907
vt 0.849739 0.603173
vt 0.838758 0.602811
vt 0.878944 0.605347
vt 0.871341 0.613439
vt 0.869290 0.613439
vt 0.869048 0.624309
vt 0.860963 0.623585
vt 0.861446 0.637353
vt 0.850946 0.634696
vt 0.852394 0.644962
vt 0.848895 0.644479
vt 0.848291 0.654142
vt 0.836947 0.653055
vt 0.838154 0.662113
vt 0.829948 0.661509
vt 0.844550 0.663442
vt 0.903081 0.678901
vt 0.903805 0.689288
vt 0.890650 0.688322
vt 0.889444 0.698709
vt 0.884254 0.697984
vt 0.903443 0.708734
vt 0.903322 0.720570
vt 0.906460 0.730836
vt 0.892702 0.731440
vt 0.893788 0.732648
vt 0.893064 0.733735
vt 0.887271 0.735426
vt 0.878944 0.734822
vt 0.875686 0.734460
vt 0.867600 0.734339
vt 0.859515 0.734701
vt 0.856256 0.734943
vt 0.849739 0.735426
vt 0.843464 0.737721
vt 0.870497 0.667065
vt 0.880755 0.667669
vt 0.889082 0.667427
vt 0.889806 0.668635
vt 0.889444 0.679264
vt 0.886427 0.668756
vt 0.874117 0.680109
vt 0.874600 0.688081
vt 0.871341 0.697501
vt 0.870255 0.669360
vt 0.870255 0.679747
vt 0.870859 0.687960
vt 0.866394 0.697260
vt 0.861325 0.688201
vt 0.860601 0.678177
vt 0.867238 0.668756
vt 0.858670 0.668514
vt 0.849015 0.678056
vt 0.849257 0.687477
vt 0.856498 0.697743
vt 0.845154 0.687356
vt 0.846843 0.697984
vt 0.845154 0.677935
vt 0.834051 0.686027
vt 0.833327 0.696535
vt 0.823914 0.692670
vt 0.834051 0.677452
vt 0.827896 0.679022
vt 0.827534 0.684457
vt 0.820052 0.684940
vt 0.832965 0.667790
vt 0.825483 0.671655
vt 0.821138 0.677452
vt 0.844912 0.668152
vt 0.848291 0.667790
vt 0.887151 0.636387
vt 0.896322 0.621894
vt 0.842740 0.697622
vt 0.958956 0.799801
vt 0.949663 0.808980
vt 0.940854 0.818884
vt 0.873031 0.605588
vt 0.870738 0.605468
vt 0.862290 0.605951
vt 0.861325 0.613560
vt 0.853239 0.605588
vt 0.850584 0.614043
vt 0.849257 0.605709
vt 0.848291 0.614043
vt 0.842619 0.613801
vt 0.842016 0.622135
vt 0.834534 0.614526
vt 0.834051 0.621894
vt 0.823552 0.621773
vt 0.827172 0.627450
vt 0.850343 0.623101
vt 0.848050 0.622860
vt 0.847447 0.634213
vt 0.835741 0.633126
vt 0.836465 0.643513
vt 0.830551 0.645446
vt 0.831155 0.652692
vt 0.824155 0.654142
vt 0.826448 0.638440
vt 0.823310 0.645083
vt 0.824759 0.613560
vt 0.831155 0.608487
vt 0.840447 0.605709
vt 0.870738 0.577447
vt 0.824155 0.583848
vt 0.831637 0.579621
vt 0.840447 0.577689
vt 0.890288 0.700158
vt 0.887754 0.711512
vt 0.887392 0.719845
vt 0.882565 0.731078
vt 0.881479 0.701245
vt 0.874600 0.711391
vt 0.875082 0.720449
vt 0.875082 0.730353
vt 0.871945 0.720329
vt 0.871824 0.730353
vt 0.871341 0.711391
vt 0.859635 0.720932
vt 0.860239 0.730232
vt 0.859032 0.711632
vt 0.852998 0.720570
vt 0.849739 0.729870
vt 0.852515 0.711632
vt 0.849739 0.720570
vt 0.846360 0.729991
vt 0.849257 0.711753
vt 0.839602 0.719845
vt 0.839844 0.729749
vt 0.831879 0.726488
vt 0.833930 0.718879
vt 0.826448 0.720208
vt 0.833086 0.713444
vt 0.825965 0.713323
vt 0.830551 0.707405
vt 0.839120 0.712236
vt 0.846843 0.703299
vt 0.837792 0.704265
vt 0.849739 0.703661
vt 0.858308 0.702936
vt 0.869411 0.702574
vt 0.872790 0.702453
vt 0.223646 0.355697
vt 0.190580 0.362219
vt 0.216888 0.404733
vt 0.153410 0.417536
vt 0.170788 0.454373
vt 0.139049 0.450508
vt 0.212906 0.453165
vt 0.249231 0.444349
vt 0.273970 0.415120
vt 0.260334 0.367654
vt 0.146652 0.379853
vt 0.124688 0.393259
vt 0.111051 0.407149
vt 0.105379 0.425145
vt 0.115758 0.441691
vt 0.919252 0.013168
vt 0.930958 0.046623
vt 0.918648 0.047952
vt 0.934578 0.087447
vt 0.923355 0.089621
vt 0.944474 0.112810
vt 0.940612 0.118849
vt 0.955456 0.119936
vt 0.928544 0.009786
vt 0.955456 0.046140
vt 0.955456 0.087447
vt 0.955456 0.113052
vt 0.966438 0.112810
vt 0.970541 0.118849
vt 0.987557 0.089621
vt 0.976334 0.087447
vt 0.992505 0.047952
vt 0.979954 0.046623
vt 0.991660 0.013168
vt 0.982247 0.009786
vt 0.955456 0.007974
vt 0.162944 0.716826
vt 0.165961 0.728662
vt 0.142307 0.728662
vt 0.162944 0.740619
vt 0.154255 0.749316
vt 0.162944 0.764292
vt 0.142307 0.769848
vt 0.142307 0.776249
vt 0.118533 0.769848
vt 0.121671 0.764292
vt 0.106707 0.749316
vt 0.121671 0.740619
vt 0.118533 0.728662
vt 0.121671 0.716826
vt 0.130360 0.708130
vt 0.106707 0.708130
vt 0.121671 0.693153
vt 0.101155 0.704990
vt 0.118533 0.687597
vt 0.142307 0.704990
vt 0.154255 0.708130
vt 0.162944 0.693153
vt 0.177908 0.708130
vt 0.183460 0.704990
vt 0.189856 0.728662
vt 0.183460 0.728662
vt 0.177908 0.749316
vt 0.142307 0.752456
vt 0.130360 0.749316
vt 0.183460 0.752456
vt 0.165961 0.769848
vt 0.142307 0.687597
vt 0.142307 0.681196
vt 0.165961 0.687597
vt 0.101155 0.728662
vt 0.094759 0.728662
vt 0.101155 0.752456
vt 0.329122 0.955244
vt 0.053245 0.341324
vt 0.581828 0.955244
s 1
usemtl TexMap.004
f 1/1/1 2/2/1 3/3/1
f 2/2/2 4/4/2 3/3/2
f 3/3/3 4/4/3 5/5/3
f 4/4/4 6/6/4 5/5/4
f 5/5/5 6/6/5 7/7/5
f 6/6/6 8/8/6 7/7/6
f 7/7/7 8/8/7 9/9/7
f 8/8/8 10/10/8 9/9/8
f 9/9/9 10/10/9 11/11/9
f 10/10/10 12/12/10 11/11/10
f 11/11/11 12/12/11 13/10/11
f 12/12/12 14/13/12 13/10/12
f 13/10/13 14/13/13 15/14/13
f 14/13/14 16/15/14 15/14/14
f 15/14/15 16/15/15 17/16/15
f 16/15/16 18/17/16 17/16/16
f 17/16/17 18/17/17 19/18/17
f 18/17/18 20/19/18 19/18/18
f 19/18/19 20/19/19 21/20/19
f 20/19/20 22/21/20 21/20/20
f 21/20/21 22/21/21 23/22/21
f 22/21/22 24/23/22 23/22/22
f 23/22/23 24/23/23 25/24/23
f 24/23/24 26/25/24 25/24/24
f 25/24/25 26/25/25 27/26/25
f 26/25/26 28/27/26 27/26/26
f 27/26/27 28/27/27 29/28/27
f 28/27/28 30/29/28 29/28/28
f 29/28/29 30/29/29 31/30/29
f 30/29/30 32/28/30 31/30/30
f 31/30/31 32/28/31 33/31/31
f 32/28/32 34/32/32 33/31/32
f 33/31/33 34/32/33 35/33/33
f 34/32/34 36/34/34 35/33/34
f 35/33/35 36/34/35 37/35/35
f 36/34/36 38/36/36 37/35/36
f 37/35/37 38/36/37 39/37/37
f 38/36/38 40/38/38 39/37/38
f 39/37/39 40/38/39 41/39/39
f 40/38/40 42/40/40 41/39/40
f 41/39/41 42/40/41 43/41/41
f 42/40/42 44/42/42 43/41/42
f 43/41/43 44/42/43 45/43/43
f 44/42/44 46/44/44 45/43/44
f 45/43/45 46/44/45 47/45/45
f 46/44/46 48/46/46 47/45/46
f 47/45/47 48/46/47 49/47/47
f 48/46/48 50/48/48 49/47/48
f 49/47/49 50/48/49 51/49/49
f 50/48/50 52/50/50 51/49/50
f 51/49/51 52/50/51 53/51/51
f 52/50/52 54/52/52 53/51/52
f 53/51/53 54/52/53 55/53/53
f 54/52/54 56/54/54 55/53/54
f 55/53/55 56/54/55 57/24/55
f 56/54/56 58/26/56 57/24/56
f 57/24/57 58/26/57 59/25/57
f 58/26/58 28/27/58 59/25/58
f 59/25/59 28/27/59 60/55/59
f 28/27/60 26/25/60 60/55/60
f 60/55/61 26/25/61 61/56/61
f 26/25/62 62/57/62 61/56/62
f 23/22/63 25/24/63 63/53/63
f 25/24/64 64/54/64 63/53/64
f 63/53/65 64/54/65 65/52/65
f 64/54/66 66/38/66 65/52/66
f 65/52/67 66/38/67 67/40/67
f 66/38/68 68/39/68 67/40/68
f 67/40/69 68/39/69 69/41/69
f 68/39/70 70/58/70 69/41/70
f 69/41/71 70/58/71 71/59/71
f 70/58/72 43/41/72 71/59/72
f 71/59/73 43/41/73 72/60/73
f 43/41/74 45/43/74 72/60/74
f 72/60/75 45/43/75 73/61/75
f 45/43/76 47/45/76 73/61/76
f 73/61/77 47/45/77 74/62/77
f 47/45/78 49/47/78 74/62/78
f 74/62/79 49/47/79 75/63/79
f 49/47/80 76/64/80 75/63/80
f 75/63/81 76/64/81 77/65/81
f 76/64/82 78/66/82 77/65/82
f 77/65/83 78/66/83 79/18/83
f 78/66/84 80/20/84 79/18/84
f 79/18/85 80/20/85 81/19/85
f 80/20/86 82/21/86 81/19/86
f 81/19/87 82/21/87 83/67/87
f 82/21/88 84/68/88 83/67/88
f 83/67/89 84/68/89 85/69/89
f 84/68/90 86/70/90 85/69/90
f 85/69/91 86/70/91 87/71/91
f 86/70/92 88/72/92 87/71/92
f 87/71/93 88/72/93 85/69/93
f 88/72/94 89/73/94 85/69/94
f 85/69/95 89/73/96 90/74/97
f 89/73/98 91/75/98 90/74/98
f 90/74/99 91/75/99 92/13/99
f 91/75/100 12/12/100 92/13/100
f 92/13/101 12/12/101 10/10/101
f 76/64/102 51/49/102 78/66/102
f 51/49/103 53/51/103 78/66/103
f 78/66/104 53/51/104 80/20/104
f 53/51/105 55/53/105 80/20/105
f 80/20/106 55/53/106 93/22/106
f 55/53/107 57/24/107 93/22/107
f 93/22/108 57/24/108 94/23/108
f 57/24/109 59/25/109 94/23/109
f 94/23/110 59/25/110 95/57/110
f 59/25/111 61/56/111 95/57/111
f 80/20/112 93/22/112 82/21/112
f 93/22/113 94/23/113 82/21/113
f 82/21/114 94/23/114 84/68/114
f 94/23/115 86/70/115 84/68/115
f 94/23/116 96/76/116 86/70/116
f 96/76/117 97/77/117 86/70/117
f 86/70/118 97/77/118 88/72/118
f 97/77/119 98/70/119 88/72/119
f 88/72/120 98/70/120 99/71/120
f 98/70/121 100/69/121 99/71/121
f 99/71/122 100/69/122 88/72/122
f 100/69/123 89/73/123 88/72/123
f 94/23/124 101/78/124 96/76/124
f 101/78/125 102/79/125 96/76/125
f 96/76/126 102/79/126 97/77/126
f 102/79/127 103/76/127 97/77/127
f 97/77/128 103/76/128 98/70/128
f 103/76/129 24/23/129 98/70/129
f 98/70/130 24/23/130 104/68/130
f 24/23/131 22/21/131 104/68/131
f 104/68/132 22/21/132 105/67/132
f 22/21/133 20/19/133 105/67/133
f 105/67/134 20/19/134 18/17/134
f 98/70/135 104/68/135 100/69/135
f 104/68/136 105/67/136 100/69/136
f 100/69/137 105/67/138 106/74/139
f 105/67/140 16/15/140 106/74/140
f 106/74/141 16/15/141 14/13/141
f 14/13/142 91/75/142 106/74/142
f 91/75/143 89/73/143 106/74/143
f 106/74/139 89/73/144 100/69/137
f 107/80/145 108/81/145 109/82/145
f 108/81/146 110/83/146 109/82/146
f 109/82/147 110/83/147 111/84/147
f 110/83/148 112/85/148 111/84/148
f 111/84/149 112/85/149 113/86/149
f 112/85/150 114/87/150 113/86/150
f 113/86/151 114/87/151 115/88/151
f 114/87/152 116/89/152 115/88/152
f 115/88/153 116/89/153 117/90/153
f 116/89/154 118/91/154 117/90/154
f 117/90/155 118/91/155 119/92/155
f 118/91/156 120/93/156 119/92/156
f 119/92/157 120/93/158 121/94/159
f 120/93/160 122/95/160 121/94/160
f 121/94/161 122/95/161 123/96/161
f 122/95/162 124/97/162 123/96/162
f 123/96/163 124/97/163 125/98/163
f 124/97/164 126/96/164 125/98/164
f 125/98/165 126/96/165 127/99/165
f 126/96/166 128/100/166 127/99/166
f 127/99/167 128/100/168 129/101/169
f 128/100/168 130/102/170 129/101/169
f 129/101/171 130/102/171 131/103/171
f 130/102/172 132/104/172 131/103/172
f 131/103/173 132/104/173 133/105/173
f 132/104/174 134/106/174 133/105/174
f 133/105/175 134/106/175 135/107/175
f 127/99/176 136/108/176 125/98/176
f 136/108/177 137/99/177 125/98/177
f 125/98/178 137/99/178 123/96/178
f 137/99/179 138/100/179 123/96/179
f 123/96/180 138/100/180 121/94/180
f 138/100/181 139/109/181 121/94/181
f 121/94/159 139/109/182 119/92/157
f 139/109/183 140/110/183 119/92/183
f 119/92/184 140/110/184 117/90/184
f 140/110/185 141/111/185 117/90/185
f 117/90/186 141/111/186 115/88/186
f 141/111/187 142/112/187 115/88/187
f 115/88/188 142/112/188 143/113/188
f 142/112/189 144/114/189 143/113/189
f 143/113/190 144/114/190 145/115/190
f 144/114/191 146/116/191 145/115/191
f 145/115/192 146/116/192 147/117/192
f 143/113/193 145/115/194 113/86/195
f 145/115/194 148/118/196 113/86/195
f 113/86/197 148/118/197 111/84/197
f 148/118/198 149/119/198 111/84/198
f 111/84/199 149/119/199 109/82/199
f 149/119/200 148/118/200 150/120/200
f 148/118/201 145/115/201 150/120/201
f 150/120/202 145/115/202 147/117/202
f 151/121/203 152/122/203 153/123/203
f 152/122/204 154/124/204 153/123/204
f 153/123/205 154/124/205 155/125/205
f 154/124/206 156/126/207 155/125/207
f 155/125/207 156/126/207 157/124/208
f 156/126/209 158/127/209 157/124/210
f 157/124/210 158/127/209 159/128/210
f 158/127/211 160/129/211 159/128/211
f 159/128/212 160/129/212 161/130/212
f 160/129/213 162/131/213 161/130/213
f 161/130/214 162/131/214 163/132/214
f 162/131/215 164/133/216 163/132/217
f 163/132/218 164/133/218 165/134/218
f 164/133/219 166/135/219 165/134/219
f 165/134/220 166/135/220 167/136/220
f 166/135/221 168/137/221 167/136/221
f 167/136/222 168/137/222 169/138/222
f 168/137/223 170/139/223 169/138/223
f 169/138/224 170/139/224 171/140/224
f 170/139/225 172/141/225 171/140/225
f 171/140/226 172/141/226 173/142/226
f 172/141/227 174/143/227 173/142/227
f 162/131/215 175/144/228 164/133/216
f 175/144/229 176/145/229 164/133/229
f 164/133/230 176/145/230 166/135/230
f 176/145/231 177/146/232 166/135/233
f 166/135/233 177/146/232 168/137/234
f 177/146/235 178/147/235 168/137/235
f 168/137/236 178/147/236 170/139/236
f 178/147/237 179/148/238 170/139/238
f 170/139/238 179/148/238 172/141/239
f 179/148/240 180/149/240 172/141/240
f 172/141/241 180/149/241 174/143/241
f 175/144/242 181/133/242 176/145/242
f 181/133/243 182/135/243 176/145/243
f 176/145/244 182/135/245 177/146/246
f 182/135/245 183/137/247 177/146/246
f 177/146/248 183/137/248 178/147/248
f 183/137/249 184/139/249 178/147/249
f 178/147/250 184/139/251 179/148/252
f 184/139/251 185/141/253 179/148/252
f 179/148/254 185/141/254 186/149/254
f 185/141/255 187/143/255 186/149/255
f 181/133/256 188/134/256 182/135/256
f 188/134/257 189/136/257 182/135/257
f 182/135/258 189/136/258 183/137/258
f 189/136/259 190/138/259 183/137/259
f 183/137/260 190/138/260 184/139/260
f 190/138/261 191/140/261 184/139/261
f 184/139/262 191/140/262 185/141/262
f 191/140/263 192/142/263 185/141/263
f 185/141/264 192/142/264 187/143/264
f 188/134/265 181/133/265 193/132/265
f 181/133/266 162/131/267 193/132/268
f 193/132/269 162/131/269 194/130/269
f 162/131/270 160/129/270 194/130/270
f 194/130/271 160/129/271 195/128/271
f 160/129/272 158/127/272 195/128/272
f 195/128/273 158/127/273 154/124/273
f 158/127/273 156/126/274 154/124/273
f 154/124/275 152/122/275 195/128/275
f 152/122/275 196/150/276 195/128/275
f 195/128/277 196/150/277 194/130/277
f 196/150/278 197/151/278 194/130/278
f 194/130/279 197/151/279 193/132/279
f 197/151/280 198/152/280 193/132/280
f 193/132/281 198/152/281 188/134/281
f 198/152/282 199/153/282 188/134/282
f 196/150/283 200/154/283 197/151/283
f 200/154/284 199/153/284 197/151/284
f 197/151/285 199/153/285 198/152/285
f 146/116/286 144/114/286 201/155/286
f 144/114/287 202/156/287 201/155/287
f 201/155/288 202/156/288 203/157/288
f 202/156/289 204/158/289 203/157/289
f 203/157/290 204/158/290 205/104/290
f 204/158/291 206/102/291 205/104/291
f 205/104/292 206/102/292 207/103/292
f 206/102/293 208/101/293 207/103/293
f 144/114/294 142/112/294 202/156/294
f 142/112/295 209/159/295 202/156/295
f 202/156/296 209/159/296 204/158/296
f 209/159/297 210/160/297 204/158/297
f 204/158/298 210/160/298 206/102/298
f 210/160/299 138/100/299 206/102/299
f 206/102/300 138/100/300 208/101/300
f 138/100/301 137/99/301 208/101/301
f 142/112/302 141/111/302 209/159/302
f 141/111/303 140/110/303 209/159/303
f 209/159/304 140/110/304 210/160/304
f 140/110/305 139/109/305 210/160/305
f 210/160/306 139/109/306 138/100/306
f 211/161/307 191/140/307 212/162/307
f 191/140/308 190/138/308 212/162/308
f 212/162/309 190/138/309 189/136/309
f 203/157/310 205/104/310 213/106/310
f 205/104/311 214/105/311 213/106/311
f 213/106/312 214/105/312 215/107/312
f 43/41/313 70/58/313 41/39/313
f 70/58/314 39/37/314 41/39/314
f 39/37/315 70/58/316 216/163/317
f 70/58/318 217/37/319 216/163/320
f 216/163/320 217/37/319 218/35/321
f 217/37/322 219/36/322 218/35/322
f 218/35/323 219/36/323 220/34/323
f 219/36/324 64/54/324 220/34/324
f 220/34/325 64/54/325 221/32/325
f 64/54/326 29/28/326 221/32/326
f 221/32/327 29/28/327 222/31/327
f 29/28/328 31/30/328 222/31/328
f 222/31/329 31/30/329 223/33/329
f 31/30/330 224/164/330 223/33/330
f 223/33/331 224/164/331 218/35/331
f 224/164/332 225/165/332 218/35/332
f 218/35/333 225/165/333 216/163/333
f 225/165/334 37/35/334 216/163/334
f 216/163/317 37/35/335 39/37/315
f 64/54/336 219/36/336 66/38/336
f 219/36/337 217/37/337 66/38/337
f 66/38/338 217/37/338 68/39/338
f 217/37/339 70/58/339 68/39/339
f 33/31/340 35/33/340 31/30/340
f 35/33/341 224/164/341 31/30/341
f 35/33/342 37/35/342 224/164/342
f 37/35/343 225/165/343 224/164/343
f 29/28/344 64/54/344 27/26/344
f 64/54/345 25/24/345 27/26/345
f 218/35/346 220/34/346 223/33/346
f 220/34/347 221/32/347 223/33/347
f 223/33/348 221/32/348 222/31/348
f 226/166/349 227/167/349 228/168/349
f 227/167/350 229/169/350 228/168/350
f 227/167/351 230/170/351 229/169/351
f 230/170/352 231/171/352 229/169/352
f 230/170/353 232/172/353 231/171/353
f 232/172/354 233/173/354 231/171/354
f 231/171/355 233/173/355 234/174/355
f 233/173/356 235/175/356 234/174/356
f 234/174/357 235/175/357 236/176/357
f 235/175/358 237/177/358 236/176/358
f 236/176/359 237/177/359 238/178/359
f 237/177/360 239/179/360 238/178/360
f 238/178/361 239/179/362 240/180/363
f 239/179/364 241/181/364 240/180/364
f 240/180/365 241/181/365 242/182/365
f 241/181/366 243/183/366 242/182/366
f 242/182/367 243/183/367 244/184/367
f 243/183/368 245/185/368 244/184/368
f 244/184/369 245/185/369 246/186/369
f 245/185/370 247/187/370 246/186/370
f 246/186/371 247/187/371 248/188/371
f 236/176/372 238/178/372 249/189/372
f 238/178/361 240/180/363 249/189/373
f 249/189/374 240/180/374 250/190/374
f 240/180/375 242/182/375 250/190/375
f 250/190/376 242/182/376 251/191/376
f 242/182/377 246/186/377 251/191/377
f 251/191/378 246/186/378 252/192/378
f 246/186/379 248/188/379 252/192/379
f 252/192/380 248/188/380 253/193/380
f 236/176/381 249/189/381 254/194/381
f 249/189/382 250/190/382 254/194/382
f 254/194/383 250/190/383 255/195/383
f 250/190/384 251/191/384 255/195/384
f 255/195/385 251/191/385 256/196/385
f 251/191/386 252/192/386 256/196/386
f 256/196/387 252/192/387 257/197/387
f 252/192/388 253/193/388 257/197/388
f 257/197/389 253/193/389 258/198/389
f 253/193/390 259/199/390 258/198/390
f 258/198/391 259/199/391 260/200/391
f 259/199/392 261/201/392 260/200/392
f 85/69/95 90/74/97 83/67/393
f 90/74/394 262/15/394 83/67/394
f 83/67/395 262/15/395 263/17/395
f 262/15/396 264/16/396 263/17/396
f 263/17/397 264/16/397 79/18/397
f 264/16/398 265/202/398 79/18/398
f 79/18/399 265/202/400 266/203/401
f 265/202/400 267/204/402 266/203/401
f 266/203/403 267/204/404 77/65/405
f 267/204/404 268/205/406 77/65/405
f 77/65/407 268/205/407 269/206/407
f 268/205/408 270/207/408 269/206/408
f 269/206/409 270/207/409 271/208/409
f 270/207/410 272/209/410 271/208/410
f 271/208/411 272/209/411 273/210/411
f 272/209/412 268/205/412 273/210/412
f 273/210/413 268/205/413 267/204/413
f 90/74/414 92/13/414 262/15/414
f 92/13/415 274/14/415 262/15/415
f 262/15/416 274/14/416 264/16/416
f 274/14/417 6/6/417 264/16/417
f 264/16/418 6/6/418 265/202/418
f 6/6/419 275/211/419 265/202/419
f 265/202/420 275/211/420 267/204/420
f 275/211/421 273/210/421 267/204/421
f 92/13/422 10/10/422 274/14/422
f 10/10/423 8/8/423 274/14/423
f 274/14/424 8/8/424 6/6/424
f 9/9/425 11/11/425 276/212/425
f 11/11/426 277/9/426 276/212/426
f 11/11/427 13/10/427 277/9/427
f 13/10/428 278/8/428 277/9/428
f 277/9/429 278/8/429 279/7/429
f 278/8/430 280/6/430 279/7/430
f 279/7/431 280/6/431 281/5/431
f 280/6/432 282/4/432 281/5/432
f 281/5/433 282/4/434 283/3/435
f 282/4/434 284/2/436 283/3/435
f 283/3/437 284/2/437 285/1/437
f 278/8/438 15/14/438 280/6/438
f 15/14/439 17/16/439 280/6/439
f 280/6/440 17/16/440 286/202/440
f 17/16/441 19/18/441 286/202/441
f 286/202/442 19/18/443 287/203/444
f 19/18/445 288/65/445 287/203/445
f 287/203/446 288/65/447 289/204/448
f 288/65/447 290/205/449 289/204/448
f 289/204/450 290/205/450 291/210/450
f 290/205/451 292/209/451 291/210/451
f 291/210/452 292/209/452 293/208/452
f 292/209/453 294/207/453 293/208/453
f 293/208/454 294/207/454 295/206/454
f 294/207/455 290/205/455 295/206/455
f 295/206/456 290/205/456 288/65/456
f 295/206/457 288/65/457 296/63/457
f 288/65/458 297/64/458 296/63/458
f 296/63/459 297/64/459 298/47/459
f 297/64/460 299/49/460 298/47/460
f 298/47/461 299/49/461 300/48/461
f 299/49/462 301/50/462 300/48/462
f 300/48/463 301/50/463 302/213/463
f 301/50/464 67/40/464 302/213/464
f 302/213/465 67/40/465 303/42/465
f 67/40/466 69/41/466 303/42/466
f 303/42/467 69/41/467 304/43/467
f 69/41/468 305/60/468 304/43/468
f 304/43/469 305/60/469 306/61/469
f 305/60/470 307/214/470 306/61/470
f 306/61/471 307/214/471 308/215/471
f 307/214/472 309/216/472 308/215/472
f 308/215/473 309/216/473 310/62/473
f 309/216/474 311/217/474 310/62/474
f 310/62/475 311/217/475 296/63/475
f 311/217/476 295/206/476 296/63/476
f 308/215/477 310/62/477 306/61/477
f 310/62/478 312/45/478 306/61/478
f 306/61/479 312/45/479 304/43/479
f 312/45/480 313/44/480 304/43/480
f 304/43/481 313/44/481 303/42/481
f 313/44/482 314/218/482 303/42/482
f 303/42/483 314/218/483 302/213/483
f 314/218/484 315/46/484 302/213/484
f 302/213/485 315/46/485 300/48/485
f 315/46/486 298/47/486 300/48/486
f 314/218/487 313/44/487 315/46/487
f 313/44/488 312/45/488 315/46/488
f 315/46/489 312/45/489 298/47/489
f 312/45/490 310/62/490 298/47/490
f 298/47/491 310/62/491 296/63/491
f 241/181/492 239/179/493 243/183/494
f 239/179/493 316/219/495 243/183/494
f 243/183/496 316/219/496 317/220/496
f 316/219/497 318/221/497 317/220/497
f 239/179/498 237/177/498 316/219/498
f 237/177/499 319/222/499 316/219/499
f 316/219/500 319/222/500 318/221/500
f 319/222/501 320/223/501 318/221/501
f 320/223/502 319/222/502 321/224/502
f 319/222/503 235/175/503 321/224/503
f 321/224/504 235/175/504 232/172/504
f 235/175/505 233/173/505 232/172/505
f 293/208/506 295/206/506 322/225/506
f 295/206/507 311/217/507 322/225/507
f 322/225/508 311/217/508 309/216/508
f 322/225/509 309/216/509 323/226/509
f 309/216/510 324/227/510 323/226/510
f 324/227/511 309/216/511 325/228/511
f 309/216/512 307/214/512 325/228/512
f 325/228/513 307/214/513 326/229/513
f 307/214/514 305/60/514 326/229/514
f 326/229/515 305/60/515 327/230/515
f 305/60/516 71/59/516 327/230/516
f 327/230/517 71/59/517 72/60/517
f 327/230/518 72/60/518 328/229/518
f 72/60/519 329/214/519 328/229/519
f 328/229/520 329/214/520 330/228/520
f 329/214/521 331/216/521 330/228/521
f 330/228/522 331/216/522 332/227/522
f 331/216/523 333/226/523 332/227/523
f 72/60/524 73/61/524 329/214/524
f 73/61/525 334/215/525 329/214/525
f 329/214/526 334/215/526 331/216/526
f 334/215/527 74/62/527 331/216/527
f 331/216/528 74/62/528 335/217/528
f 74/62/529 75/63/529 335/217/529
f 335/217/530 75/63/530 269/206/530
f 75/63/531 77/65/531 269/206/531
f 331/216/532 335/217/532 336/225/532
f 335/217/533 269/206/533 336/225/533
f 336/225/534 269/206/534 271/208/534
f 67/40/535 301/50/535 65/52/535
f 301/50/536 337/51/536 65/52/536
f 65/52/537 337/51/537 63/53/537
f 337/51/538 21/20/538 63/53/538
f 63/53/539 21/20/539 23/22/539
f 301/50/540 299/49/540 337/51/540
f 299/49/541 338/66/541 337/51/541
f 337/51/542 338/66/542 21/20/542
f 338/66/543 19/18/543 21/20/543
f 299/49/544 297/64/544 338/66/544
f 297/64/545 288/65/545 338/66/545
f 338/66/546 288/65/546 19/18/546
f 79/18/547 81/19/547 263/17/547
f 81/19/548 83/67/548 263/17/548
f 6/6/549 4/4/549 275/211/549
f 4/4/550 339/231/551 275/211/552
f 275/211/552 339/231/551 273/210/553
f 339/231/554 340/232/554 273/210/554
f 273/210/555 340/232/555 341/233/555
f 340/232/556 342/234/556 341/233/556
f 341/233/557 342/234/557 343/235/557
f 342/234/558 344/236/558 343/235/558
f 341/233/559 343/235/559 345/237/559
f 343/235/560 271/208/560 345/237/560
f 345/237/561 271/208/561 273/210/561
f 346/238/562 347/239/562 348/240/562
f 347/239/563 349/241/563 348/240/563
f 348/240/564 349/241/564 350/242/564
f 349/241/565 351/243/566 350/242/567
f 350/242/567 351/243/566 352/244/568
f 351/243/569 353/245/569 352/244/569
f 352/244/570 353/245/570 354/246/570
f 353/245/571 355/247/571 354/246/571
f 349/241/572 356/248/572 351/243/572
f 356/248/573 357/249/573 351/243/573
f 351/243/574 357/249/574 353/245/574
f 357/249/575 358/250/575 353/245/575
f 353/245/576 358/250/576 355/247/576
f 358/250/577 359/251/577 355/247/577
f 349/241/578 347/239/578 356/248/578
f 347/239/579 360/252/579 356/248/579
f 356/248/580 360/252/580 357/249/580
f 360/252/581 361/253/581 357/249/581
f 357/249/582 361/253/582 358/250/582
f 361/253/583 362/254/583 358/250/583
f 358/250/584 362/254/584 363/255/584
f 362/254/585 364/256/585 363/255/585
f 363/255/586 364/256/586 365/257/586
f 364/256/587 366/258/587 365/257/587
f 365/257/588 366/258/588 367/259/588
f 366/258/589 368/260/589 367/259/589
f 367/259/590 368/260/591 369/261/592
f 368/260/593 370/262/593 369/261/593
f 369/261/594 370/262/594 371/263/594
f 370/262/595 372/264/595 371/263/595
f 371/263/596 372/264/596 373/265/596
f 372/264/597 374/266/597 373/265/597
f 373/265/598 374/266/598 375/267/598
f 374/266/599 376/268/599 375/267/599
f 375/267/600 376/268/600 377/269/600
f 376/268/601 378/270/601 377/269/601
f 377/269/602 378/270/602 379/271/602
f 378/270/603 380/272/603 379/271/603
f 379/271/604 380/272/604 381/273/604
f 380/272/605 382/274/605 381/273/605
f 381/273/606 382/274/606 383/275/606
f 382/274/607 384/276/607 383/275/607
f 383/275/608 384/276/608 385/277/608
f 384/276/609 386/278/609 385/277/609
f 364/256/610 362/254/610 387/279/610
f 362/254/611 388/280/611 387/279/611
f 387/279/612 388/280/612 389/281/612
f 388/280/613 390/282/613 389/281/613
f 389/281/614 390/282/614 370/262/614
f 390/282/615 391/283/615 370/262/615
f 370/262/616 391/283/616 372/264/616
f 391/283/617 392/284/617 372/264/617
f 372/264/618 392/284/618 374/266/618
f 392/284/619 393/285/619 374/266/619
f 374/266/620 393/285/620 376/268/620
f 393/285/621 394/286/621 376/268/621
f 376/268/622 394/286/622 378/270/622
f 394/286/623 395/287/623 378/270/623
f 378/270/624 395/287/624 396/288/624
f 395/287/625 397/289/625 396/288/625
f 396/288/626 397/289/627 398/290/628
f 397/289/629 399/291/629 398/290/629
f 398/290/630 399/291/630 400/292/630
f 399/291/631 401/293/631 400/292/631
f 400/292/632 401/293/632 402/294/632
f 401/293/633 403/295/633 402/294/633
f 402/294/634 403/295/634 404/296/634
f 399/291/635 397/289/635 405/297/635
f 397/289/636 406/298/636 405/297/636
f 405/297/637 406/298/637 407/299/637
f 406/298/638 408/300/638 407/299/638
f 407/299/639 408/300/639 409/301/639
f 408/300/640 393/285/640 409/301/640
f 409/301/641 393/285/641 410/302/641
f 393/285/642 392/284/642 410/302/642
f 410/302/643 392/284/643 411/303/643
f 392/284/644 391/283/644 411/303/644
f 411/303/645 391/283/646 412/304/647
f 391/283/646 390/282/648 412/304/647
f 412/304/649 390/282/649 413/305/649
f 390/282/650 388/280/650 413/305/650
f 413/305/651 388/280/651 414/306/651
f 388/280/652 415/307/652 414/306/652
f 414/306/653 415/307/653 360/252/653
f 415/307/654 361/253/655 360/252/656
f 409/301/657 416/308/657 407/299/657
f 416/308/658 417/309/658 407/299/658
f 407/299/659 417/309/659 405/297/659
f 417/309/660 418/310/660 405/297/660
f 405/297/661 418/310/661 399/291/661
f 418/310/662 419/311/662 399/291/662
f 399/291/663 419/311/663 401/293/663
f 419/311/664 420/312/664 401/293/664
f 401/293/665 420/312/665 403/295/665
f 417/309/666 416/308/666 421/313/666
f 416/308/667 422/314/667 421/313/667
f 421/313/668 422/314/668 423/315/668
f 422/314/669 424/316/669 423/315/669
f 423/315/670 424/316/670 425/317/670
f 424/316/671 426/318/671 425/317/671
f 425/317/672 426/318/672 427/319/672
f 426/318/673 414/306/673 427/319/673
f 427/319/674 414/306/674 428/320/674
f 414/306/675 360/252/675 428/320/675
f 428/320/676 360/252/676 347/239/676
f 414/306/677 426/318/677 413/305/677
f 426/318/678 424/316/678 413/305/678
f 413/305/679 424/316/679 412/304/679
f 424/316/680 422/314/680 412/304/680
f 412/304/681 422/314/681 411/303/681
f 422/314/682 410/302/682 411/303/682
f 422/314/683 416/308/684 410/302/685
f 416/308/684 409/301/686 410/302/685
f 101/78/687 429/321/687 102/79/687
f 429/321/688 430/78/688 102/79/688
f 102/79/689 430/78/689 103/76/689
f 430/78/690 24/23/690 103/76/690
f 350/242/691 352/244/691 431/322/691
f 352/244/692 432/323/692 431/322/692
f 358/250/693 363/255/693 359/251/693
f 363/255/694 433/324/694 359/251/694
f 359/251/695 433/324/695 434/325/695
f 433/324/696 435/326/696 434/325/696
f 363/255/697 365/257/697 433/324/697
f 365/257/698 436/327/698 433/324/698
f 433/324/699 436/327/699 435/326/699
f 436/327/700 437/328/700 435/326/700
f 435/326/701 437/328/701 438/329/701
f 437/328/702 439/330/702 438/329/702
f 438/329/703 439/330/703 440/331/703
f 439/330/704 441/332/704 440/331/704
f 440/331/705 441/332/705 442/333/705
f 441/332/706 443/334/707 442/333/708
f 442/333/708 443/334/707 444/335/709
f 443/334/710 445/336/710 444/335/710
f 444/335/711 445/336/711 446/337/711
f 445/336/712 447/338/712 446/337/712
f 446/337/713 447/338/713 448/339/713
f 447/338/714 381/273/714 448/339/714
f 448/339/715 381/273/715 449/340/715
f 381/273/716 383/275/716 449/340/716
f 449/340/717 383/275/717 450/341/717
f 383/275/718 385/277/718 450/341/718
f 381/273/719 447/338/719 379/271/719
f 447/338/720 445/336/720 379/271/720
f 379/271/721 445/336/721 377/269/721
f 445/336/722 451/342/722 377/269/722
f 377/269/723 451/342/723 375/267/723
f 451/342/724 452/343/724 375/267/724
f 375/267/725 452/343/725 373/265/725
f 452/343/726 371/263/726 373/265/726
f 445/336/727 443/334/727 451/342/727
f 443/334/728 453/344/728 451/342/728
f 451/342/729 453/344/729 452/343/729
f 453/344/730 454/345/730 452/343/730
f 452/343/731 454/345/731 455/346/731
f 454/345/732 456/347/732 455/346/732
f 455/346/733 456/347/733 367/259/733
f 456/347/734 365/257/734 367/259/734
f 367/259/590 369/261/592 455/346/735
f 369/261/736 371/263/737 455/346/738
f 455/346/738 371/263/737 452/343/739
f 393/285/740 408/300/740 394/286/740
f 408/300/741 395/287/741 394/286/741
f 408/300/742 406/298/742 395/287/742
f 406/298/743 397/289/743 395/287/743
f 443/334/744 441/332/744 453/344/744
f 441/332/745 454/345/745 453/344/745
f 441/332/746 439/330/746 454/345/746
f 439/330/747 437/328/748 454/345/749
f 454/345/749 437/328/748 456/347/750
f 437/328/751 436/327/752 456/347/753
f 456/347/753 436/327/752 365/257/754
f 450/341/755 457/348/755 449/340/755
f 457/348/756 448/339/756 449/340/756
f 457/348/757 458/349/757 448/339/757
f 458/349/758 459/350/758 448/339/758
f 448/339/759 459/350/759 446/337/759
f 459/350/760 460/351/760 446/337/760
f 446/337/761 460/351/761 444/335/761
f 460/351/762 442/333/762 444/335/762
f 459/350/763 461/352/763 460/351/763
f 461/352/764 462/353/764 460/351/764
f 460/351/765 462/353/765 463/354/765
f 462/353/766 464/355/766 463/354/766
f 463/354/767 464/355/767 465/356/767
f 464/355/768 466/357/768 465/356/768
f 465/356/769 466/357/769 440/331/769
f 466/357/770 467/358/770 440/331/770
f 440/331/771 467/358/771 438/329/771
f 467/358/772 468/359/772 438/329/772
f 438/329/773 468/359/773 435/326/773
f 460/351/774 463/354/774 442/333/774
f 463/354/775 465/356/775 442/333/775
f 442/333/776 465/356/776 440/331/776
f 469/360/777 470/361/777 471/362/777
f 470/361/778 472/363/778 471/362/778
f 471/362/779 472/363/779 473/364/779
f 472/363/779 474/365/779 473/364/779
f 473/364/780 474/365/780 475/366/780
f 474/365/781 476/367/781 475/366/781
f 475/366/782 476/367/782 477/368/782
f 476/367/783 478/369/783 477/368/783
f 477/368/784 478/369/784 479/370/784
f 478/369/785 480/371/785 479/370/785
f 479/370/786 480/371/786 481/372/786
f 480/371/787 482/373/787 481/372/787
f 481/372/788 482/373/788 483/374/788
f 482/373/789 484/375/789 483/374/789
f 483/374/790 484/375/790 485/376/790
f 484/375/791 486/377/791 485/376/791
f 485/376/792 486/377/792 487/378/792
f 486/377/793 488/379/793 487/378/793
f 487/378/779 489/380/779 485/376/779
f 489/380/779 490/381/779 485/376/779
f 485/376/779 490/381/779 483/374/779
f 490/381/779 491/382/779 483/374/779
f 483/374/779 491/382/779 481/372/779
f 491/382/794 492/383/794 481/372/794
f 481/372/795 492/383/795 479/370/795
f 492/383/796 491/382/796 493/384/796
f 491/382/797 490/381/797 493/384/797
f 493/384/798 490/381/798 489/380/798
f 378/270/799 396/288/799 380/272/799
f 396/288/800 382/274/800 380/272/800
f 396/288/626 398/290/628 382/274/801
f 398/290/802 384/276/802 382/274/802
f 398/290/803 494/385/803 384/276/803
f 494/385/804 386/278/804 384/276/804
f 494/385/805 398/290/805 495/386/805
f 398/290/806 400/292/806 495/386/806
f 495/386/807 400/292/807 496/387/807
f 400/292/808 402/294/808 496/387/808
f 496/387/809 402/294/809 404/296/809
f 496/387/810 497/388/810 495/386/810
f 497/388/811 494/385/811 495/386/811
f 498/389/812 499/390/812 500/391/812
f 499/390/813 501/392/813 500/391/813
f 500/391/814 501/392/814 502/393/814
f 501/392/814 503/394/814 502/393/814
f 502/393/814 503/394/814 504/395/814
f 503/394/814 505/396/814 504/395/814
f 504/395/814 505/396/814 506/397/814
f 505/396/815 507/398/815 506/397/815
f 506/397/816 507/398/816 508/399/816
f 508/399/817 509/400/817 506/397/817
f 509/400/818 510/401/818 506/397/818
f 506/397/819 510/401/819 504/395/819
f 510/401/820 511/402/820 504/395/820
f 504/395/821 511/402/821 502/393/821
f 511/402/822 512/403/822 502/393/822
f 502/393/823 512/403/823 500/391/823
f 512/403/824 513/404/824 500/391/824
f 511/402/825 510/401/825 514/405/825
f 510/401/826 515/406/826 514/405/826
f 514/405/827 515/406/827 516/407/827
f 515/406/828 509/400/828 516/407/828
f 516/407/829 509/400/829 517/408/829
f 509/400/830 508/399/830 517/408/830
f 517/408/831 508/399/831 518/409/831
f 518/409/832 519/410/832 517/408/832
f 519/410/814 520/411/814 517/408/814
f 517/408/833 520/411/833 516/407/833
f 520/411/834 521/412/834 516/407/834
f 516/407/835 521/412/835 514/405/835
f 518/409/836 522/413/836 519/410/836
f 522/413/837 523/414/837 519/410/837
f 519/410/814 523/414/814 520/411/814
f 523/414/814 524/415/814 520/411/814
f 520/411/838 524/415/838 521/412/838
f 524/415/839 525/416/839 521/412/839
f 523/414/814 526/417/814 524/415/814
f 526/417/814 527/418/814 524/415/814
f 524/415/840 527/418/840 525/416/840
f 527/418/841 528/419/841 525/416/841
f 523/414/842 522/413/842 526/417/842
f 522/413/843 529/420/843 526/417/843
f 466/357/844 530/421/844 467/358/844
f 530/421/845 468/359/845 467/358/845
f 470/361/846 531/422/846 472/363/846
f 531/422/847 532/423/847 472/363/847
f 472/363/779 532/423/779 474/365/779
f 532/423/779 476/367/779 474/365/779
f 476/367/779 532/423/779 478/369/779
f 532/423/848 533/424/848 478/369/848
f 478/369/849 533/424/849 480/371/849
f 533/424/850 534/425/850 480/371/850
f 480/371/851 534/425/851 482/373/851
f 534/425/852 535/426/852 482/373/852
f 482/373/853 535/426/853 484/375/853
f 532/423/854 531/422/854 533/424/854
f 531/422/855 535/426/855 533/424/855
f 533/424/856 535/426/856 534/425/856
f 507/398/857 505/396/857 536/427/857
f 505/396/781 503/394/781 536/427/781
f 536/427/780 503/394/780 501/392/780
f 537/428/858 538/429/858 539/430/858
f 538/429/859 540/431/859 539/430/859
f 539/430/860 540/431/860 541/432/860
f 540/431/861 542/433/861 541/432/861
f 541/432/862 542/433/862 543/434/862
f 542/433/863 544/435/863 543/434/863
f 543/434/864 544/435/864 545/436/864
f 544/435/864 546/437/864 545/436/864
f 545/436/864 546/437/864 547/438/864
f 546/437/865 548/439/865 547/438/865
f 547/438/865 548/439/865 549/440/865
f 548/439/866 550/441/866 549/440/866
f 549/440/866 550/441/866 551/442/866
f 550/441/867 552/443/867 551/442/867
f 551/442/867 552/443/867 553/444/867
f 546/437/865 544/435/865 548/439/865
f 544/435/865 542/433/865 548/439/865
f 548/439/866 542/433/866 550/441/866
f 542/433/866 540/431/866 550/441/866
f 550/441/867 540/431/867 552/443/867
f 540/431/867 538/429/867 552/443/867
f 155/125/868 157/124/868 554/123/868
f 157/124/869 555/122/869 554/123/869
f 554/123/870 555/122/870 556/121/870
f 157/124/871 159/128/871 555/122/871
f 159/128/872 557/150/872 555/122/872
f 159/128/873 161/130/873 557/150/873
f 161/130/874 558/151/874 557/150/874
f 557/150/875 558/151/875 559/154/875
f 558/151/876 560/153/876 559/154/876
f 161/130/877 163/132/877 558/151/877
f 163/132/878 561/152/878 558/151/878
f 558/151/879 561/152/879 560/153/879
f 561/152/880 165/134/880 560/153/880
f 562/445/881 563/446/881 487/378/881
f 563/446/882 489/380/882 487/378/882
f 347/239/883 564/447/883 428/320/883
f 564/447/884 565/448/884 428/320/884
f 428/320/885 565/448/885 566/449/885
f 565/448/886 567/450/886 566/449/886
f 566/449/887 567/450/887 568/451/887
f 567/450/888 569/452/888 568/451/888
f 568/451/889 569/452/889 570/453/889
f 569/452/890 571/454/890 570/453/890
f 428/320/891 566/449/891 427/319/891
f 566/449/892 572/455/893 427/319/894
f 427/319/894 572/455/893 425/317/895
f 572/455/893 573/456/896 425/317/895
f 425/317/897 573/456/897 423/315/897
f 573/456/898 421/313/898 423/315/898
f 566/449/899 568/451/899 572/455/899
f 568/451/900 574/457/900 572/455/900
f 572/455/901 574/457/901 573/456/901
f 574/457/902 575/458/902 573/456/902
f 573/456/903 575/458/903 421/313/903
f 575/458/904 576/459/904 421/313/904
f 421/313/905 576/459/905 577/460/905
f 576/459/906 578/461/906 577/460/906
f 577/460/907 578/461/908 418/310/909
f 578/461/910 579/462/910 418/310/910
f 418/310/911 579/462/911 419/311/911
f 579/462/912 420/312/912 419/311/912
f 578/461/913 576/459/913 580/463/913
f 576/459/914 575/458/914 580/463/914
f 580/463/915 575/458/915 581/464/915
f 575/458/916 574/457/916 581/464/916
f 581/464/917 574/457/918 582/465/919
f 574/457/918 568/451/920 582/465/919
f 582/465/921 568/451/921 570/453/921
f 580/463/922 581/464/922 583/466/922
f 581/464/923 584/467/923 583/466/923
f 583/466/924 584/467/924 420/312/924
f 420/312/925 579/462/925 583/466/925
f 579/462/926 578/461/926 583/466/926
f 583/466/927 578/461/927 580/463/927
f 585/161/928 586/162/928 171/140/928
f 586/162/929 169/138/929 171/140/929
f 169/138/930 586/162/930 167/136/930
f 586/162/931 165/134/931 167/136/931
f 364/256/932 387/279/932 366/258/932
f 387/279/933 368/260/933 366/258/933
f 387/279/934 389/281/934 368/260/934
f 389/281/935 370/262/935 368/260/935
f 473/364/936 587/468/936 471/362/936
f 587/468/937 588/469/937 471/362/937
f 418/310/909 417/309/938 577/460/907
f 417/309/939 421/313/939 577/460/939
f 589/470/940 527/418/940 590/471/940
f 527/418/941 526/417/941 590/471/941
f 545/436/864 547/438/864 591/472/864
f 547/438/942 549/440/942 591/472/942
f 591/472/943 549/440/943 592/473/943
f 549/440/944 551/442/944 592/473/944
f 592/473/945 551/442/945 593/474/945
f 551/442/946 553/444/946 593/474/946
f 593/474/947 553/444/947 594/475/947
f 361/253/655 415/307/654 362/254/948
f 415/307/949 388/280/949 362/254/949
f 564/447/950 595/476/950 565/448/950
f 595/476/951 567/450/951 565/448/951
f 595/476/952 596/477/952 567/450/952
f 596/477/953 569/452/953 567/450/953
f 569/452/954 596/477/954 571/454/954
f 596/477/955 597/478/955 571/454/955
f 598/201/956 599/199/956 600/200/956
f 599/199/957 601/198/957 600/200/957
f 599/199/958 602/193/958 601/198/958
f 602/193/959 603/197/959 601/198/959
f 603/197/960 602/193/960 604/192/960
f 602/193/961 605/188/961 604/192/961
f 604/192/962 605/188/963 606/186/964
f 605/188/963 607/187/965 606/186/964
f 606/186/966 607/187/966 608/185/966
f 603/197/967 604/192/967 609/196/967
f 604/192/968 610/191/968 609/196/968
f 609/196/969 610/191/969 611/195/969
f 610/191/970 612/190/970 611/195/970
f 611/195/971 612/190/971 613/194/971
f 612/190/972 614/189/972 613/194/972
f 613/194/973 614/189/973 615/176/973
f 614/189/974 616/178/974 615/176/974
f 615/176/975 616/178/975 617/177/975
f 616/178/976 618/179/976 617/177/976
f 617/177/977 618/179/977 619/219/977
f 618/179/978 620/183/979 619/219/980
f 619/219/981 620/183/981 621/220/981
f 620/183/982 608/185/982 621/220/982
f 604/192/983 606/186/983 610/191/983
f 606/186/984 622/182/984 610/191/984
f 610/191/985 622/182/985 612/190/985
f 622/182/986 623/180/986 612/190/986
f 612/190/987 623/180/987 614/189/987
f 623/180/988 616/178/989 614/189/990
f 616/178/989 623/180/988 618/179/991
f 623/180/992 624/181/992 618/179/992
f 618/179/978 624/181/993 620/183/979
f 624/181/994 622/182/994 620/183/994
f 620/183/995 622/182/995 625/184/995
f 622/182/996 606/186/996 625/184/996
f 625/184/997 606/186/997 608/185/997
f 134/106/998 132/104/998 626/157/998
f 132/104/999 627/158/999 626/157/999
f 626/157/1000 627/158/1000 628/156/1000
f 627/158/1001 629/159/1001 628/156/1001
f 628/156/1002 629/159/1002 630/112/1002
f 629/159/1003 631/111/1003 630/112/1003
f 630/112/1004 631/111/1004 632/88/1004
f 631/111/1005 633/90/1005 632/88/1005
f 632/88/1006 633/90/1006 634/89/1006
f 633/90/1007 635/91/1007 634/89/1007
f 634/89/1008 635/91/1008 636/479/1008
f 635/91/1009 637/480/1009 636/479/1009
f 636/479/1010 637/480/1010 638/481/1010
f 637/480/1011 639/482/1011 638/481/1011
f 638/481/1012 639/482/1012 640/483/1012
f 639/482/1013 641/484/1013 640/483/1013
f 640/483/1014 641/484/1014 642/485/1014
f 641/484/1015 643/486/1015 642/485/1015
f 642/485/1016 643/486/1016 644/487/1016
f 643/486/1017 645/488/1017 644/487/1017
f 644/487/1018 645/488/1018 646/489/1018
f 645/488/1019 647/490/1019 646/489/1019
f 646/489/1020 647/490/1020 648/488/1020
f 647/490/1021 649/491/1021 648/488/1021
f 648/488/1022 649/491/1022 650/492/1022
f 649/491/1023 651/493/1023 650/492/1023
f 650/492/1024 651/493/1024 652/494/1024
f 651/493/1025 653/495/1025 652/494/1025
f 634/89/1026 636/479/1026 654/496/1026
f 636/479/1027 638/481/1027 654/496/1027
f 654/496/1028 638/481/1028 655/497/1028
f 638/481/1029 640/483/1029 655/497/1029
f 655/497/1030 640/483/1030 656/498/1030
f 640/483/1031 657/499/1031 656/498/1031
f 656/498/1032 657/499/1032 658/500/1032
f 657/499/1033 659/501/1033 658/500/1033
f 658/500/1034 659/501/1034 660/499/1034
f 659/501/1035 661/502/1035 660/499/1035
f 660/499/1036 661/502/1036 662/483/1036
f 661/502/1037 663/485/1037 662/483/1037
f 662/483/1038 663/485/1038 664/484/1038
f 663/485/1039 665/486/1039 664/484/1039
f 664/484/1040 665/486/1041 666/503/1042
f 665/486/1041 650/492/1043 666/503/1042
f 666/503/1044 650/492/1044 652/494/1044
f 650/492/1045 665/486/1045 648/488/1045
f 665/486/1046 667/487/1046 648/488/1046
f 648/488/1047 667/487/1047 646/489/1047
f 667/487/1048 668/504/1048 646/489/1048
f 646/489/1049 668/504/1049 644/487/1049
f 668/504/1050 669/505/1050 644/487/1050
f 644/487/1051 669/505/1051 670/502/1051
f 669/505/1052 659/501/1052 670/502/1052
f 670/502/1053 659/501/1053 657/499/1053
f 659/501/1054 669/505/1054 661/502/1054
f 669/505/1055 667/487/1055 661/502/1055
f 661/502/1056 667/487/1056 663/485/1056
f 667/487/1057 665/486/1057 663/485/1057
f 644/487/1058 670/502/1058 642/485/1058
f 670/502/1059 640/483/1059 642/485/1059
f 653/495/1060 651/493/1060 671/506/1060
f 651/493/1061 672/507/1061 671/506/1061
f 651/493/1062 649/491/1062 672/507/1062
f 649/491/1063 673/508/1063 672/507/1063
f 649/491/1064 647/490/1064 673/508/1064
f 647/490/1065 674/509/1065 673/508/1065
f 674/509/1066 647/490/1066 675/508/1066
f 647/490/1067 676/491/1067 675/508/1067
f 675/508/1068 676/491/1068 677/507/1068
f 676/491/1069 678/493/1069 677/507/1069
f 677/507/1070 678/493/1070 679/506/1070
f 678/493/1071 680/495/1071 679/506/1071
f 647/490/1072 645/488/1072 676/491/1072
f 645/488/1073 681/492/1073 676/491/1073
f 676/491/1074 681/492/1074 678/493/1074
f 681/492/1075 682/494/1076 678/493/1077
f 678/493/1077 682/494/1076 680/495/1078
f 682/494/1079 681/492/1079 683/503/1079
f 681/492/1080 643/486/1081 683/503/1082
f 683/503/1082 643/486/1081 641/484/1083
f 683/503/1084 641/484/1084 684/510/1084
f 641/484/1085 685/511/1085 684/510/1085
f 684/510/1086 685/511/1086 686/512/1086
f 685/511/1087 687/513/1087 686/512/1087
f 686/512/1088 687/513/1088 688/514/1088
f 687/513/1089 689/515/1089 688/514/1089
f 688/514/1090 689/515/1090 690/516/1090
f 689/515/1091 691/95/1091 690/516/1091
f 690/516/1092 691/95/1093 124/97/1094
f 691/95/1095 126/96/1095 124/97/1095
f 641/484/1096 639/482/1096 685/511/1096
f 639/482/1097 637/480/1097 685/511/1097
f 685/511/1098 637/480/1098 687/513/1098
f 637/480/1099 635/91/1099 687/513/1099
f 687/513/1100 635/91/1100 692/93/1100
f 635/91/1101 693/92/1101 692/93/1101
f 692/93/1102 693/92/1103 694/94/1104
f 693/92/1103 695/109/1105 694/94/1104
f 694/94/1106 695/109/1106 128/100/1106
f 695/109/1107 696/160/1107 128/100/1107
f 128/100/1108 696/160/1108 130/102/1108
f 696/160/1109 627/158/1109 130/102/1109
f 130/102/1110 627/158/1110 132/104/1110
f 128/100/1111 126/96/1111 694/94/1111
f 126/96/1112 691/95/1112 694/94/1112
f 694/94/1113 691/95/1113 692/93/1113
f 691/95/1114 689/515/1114 692/93/1114
f 692/93/1115 689/515/1115 687/513/1115
f 613/194/1116 615/176/1116 697/174/1116
f 615/176/1117 698/175/1117 697/174/1117
f 697/174/1118 698/175/1118 699/173/1118
f 698/175/1119 700/172/1119 699/173/1119
f 699/173/1120 700/172/1120 701/171/1120
f 700/172/1121 702/170/1121 701/171/1121
f 701/171/1122 702/170/1122 703/169/1122
f 702/170/1123 704/167/1123 703/169/1123
f 703/169/1124 704/167/1124 705/168/1124
f 704/167/1125 706/166/1125 705/168/1125
f 615/176/1126 617/177/1126 698/175/1126
f 617/177/1127 707/222/1127 698/175/1127
f 698/175/1128 707/222/1128 708/224/1128
f 707/222/1129 709/223/1129 708/224/1129
f 709/223/1130 707/222/1130 710/221/1130
f 707/222/1131 619/219/1131 710/221/1131
f 710/221/1132 619/219/1132 621/220/1132
f 635/91/1133 633/90/1133 693/92/1133
f 633/90/1134 711/110/1134 693/92/1134
f 693/92/1135 711/110/1135 695/109/1135
f 711/110/1136 696/160/1136 695/109/1136
f 633/90/1137 631/111/1137 711/110/1137
f 631/111/1138 629/159/1138 711/110/1138
f 711/110/1139 629/159/1139 696/160/1139
f 629/159/1140 627/158/1140 696/160/1140
f 626/157/1141 628/156/1141 712/155/1141
f 628/156/1142 713/114/1142 712/155/1142
f 712/155/1143 713/114/1143 714/116/1143
f 713/114/1144 715/115/1144 714/116/1144
f 714/116/1145 715/115/1145 716/117/1145
f 715/115/1146 717/120/1146 716/117/1146
f 628/156/1147 630/112/1147 713/114/1147
f 630/112/1148 718/113/1148 713/114/1148
f 713/114/1149 718/113/1149 715/115/1149
f 718/113/1150 719/86/1150 715/115/1150
f 715/115/1151 719/86/1151 720/118/1151
f 719/86/1152 721/84/1152 720/118/1152
f 720/118/1153 721/84/1153 722/119/1153
f 721/84/1154 723/82/1154 722/119/1154
f 721/84/1155 719/86/1155 724/85/1155
f 719/86/1156 725/87/1156 724/85/1156
f 724/85/1157 725/87/1157 726/517/1157
f 725/87/1158 654/496/1158 726/517/1158
f 726/517/1159 654/496/1159 727/518/1159
f 654/496/1160 655/497/1160 727/518/1160
f 727/518/1161 655/497/1161 656/498/1161
f 726/517/1162 727/518/1162 728/519/1162
f 727/518/1163 729/520/1163 728/519/1163
f 728/519/1164 729/520/1164 730/521/1164
f 729/520/1165 658/500/1165 730/521/1165
f 730/521/1166 658/500/1166 731/520/1166
f 658/500/1167 732/498/1167 731/520/1167
f 731/520/1168 732/498/1168 733/518/1168
f 732/498/1169 734/497/1169 733/518/1169
f 733/518/1170 734/497/1170 735/496/1170
f 734/497/1171 736/481/1171 735/496/1171
f 735/496/1172 736/481/1172 737/479/1172
f 736/481/1173 738/480/1173 737/479/1173
f 737/479/1174 738/480/1174 118/91/1174
f 738/480/1175 739/513/1175 118/91/1175
f 118/91/1176 739/513/1176 120/93/1176
f 739/513/1177 740/515/1177 120/93/1177
f 120/93/1178 740/515/1178 122/95/1178
f 740/515/1179 741/516/1179 122/95/1179
f 122/95/1180 741/516/1181 124/97/1182
f 741/516/1181 742/522/1183 124/97/1182
f 124/97/1094 742/522/1184 690/516/1092
f 742/522/1185 743/523/1185 690/516/1185
f 690/516/1186 743/523/1186 688/514/1186
f 743/523/1187 744/524/1187 688/514/1187
f 688/514/1188 744/524/1188 686/512/1188
f 744/524/1189 745/525/1189 686/512/1189
f 686/512/1190 745/525/1190 684/510/1190
f 658/500/1191 660/499/1191 732/498/1191
f 660/499/1192 662/483/1192 732/498/1192
f 732/498/1193 662/483/1193 734/497/1193
f 662/483/1194 736/481/1194 734/497/1194
f 736/481/1195 662/483/1195 746/482/1195
f 662/483/1196 664/484/1196 746/482/1196
f 746/482/1197 664/484/1197 747/511/1197
f 664/484/1198 748/510/1198 747/511/1198
f 747/511/1199 748/510/1199 749/512/1199
f 748/510/1200 750/525/1200 749/512/1200
f 749/512/1201 750/525/1201 751/524/1201
f 750/525/1202 752/526/1202 751/524/1202
f 751/524/1203 752/526/1203 753/527/1203
f 752/526/1204 754/528/1204 753/527/1204
f 753/527/1205 754/528/1205 755/529/1205
f 754/528/1206 756/530/1206 755/529/1206
f 755/529/1207 756/530/1207 757/531/1207
f 756/530/1208 758/532/1208 757/531/1208
f 757/531/1209 758/532/1209 759/533/1209
f 758/532/1210 760/534/1210 759/533/1210
f 759/533/1211 760/534/1211 761/535/1211
f 736/481/1212 746/482/1212 738/480/1212
f 746/482/1213 747/511/1213 738/480/1213
f 738/480/1214 747/511/1214 739/513/1214
f 747/511/1215 749/512/1215 739/513/1215
f 739/513/1216 749/512/1216 762/514/1216
f 749/512/1217 751/524/1217 762/514/1217
f 762/514/1218 751/524/1218 763/523/1218
f 751/524/1219 764/536/1219 763/523/1219
f 763/523/1220 764/536/1220 765/537/1220
f 764/536/1221 766/538/1221 765/537/1221
f 765/537/1222 766/538/1222 767/536/1222
f 766/538/1223 768/539/1223 767/536/1223
f 767/536/1224 768/539/1224 769/527/1224
f 768/539/1225 770/540/1225 769/527/1225
f 769/527/1226 770/540/1226 771/529/1226
f 770/540/1227 772/531/1227 771/529/1227
f 771/529/1228 772/531/1228 773/530/1228
f 772/531/1229 774/532/1229 773/530/1229
f 769/527/1230 744/524/1230 767/536/1230
f 744/524/1231 743/523/1231 767/536/1231
f 767/536/1232 743/523/1232 765/537/1232
f 743/523/1233 775/541/1233 765/537/1233
f 765/537/1234 775/541/1234 763/523/1234
f 775/541/1235 742/522/1235 763/523/1235
f 763/523/1236 742/522/1236 741/516/1236
f 763/523/1237 741/516/1237 762/514/1237
f 741/516/1238 740/515/1238 762/514/1238
f 762/514/1239 740/515/1239 739/513/1239
f 766/538/1240 764/536/1240 776/539/1240
f 764/536/1241 753/527/1241 776/539/1241
f 776/539/1242 753/527/1242 777/540/1242
f 753/527/1243 755/529/1243 777/540/1243
f 777/540/1244 755/529/1244 757/531/1244
f 777/540/1245 757/531/1245 778/542/1245
f 757/531/1246 759/533/1246 778/542/1246
f 778/542/1247 759/533/1247 761/535/1247
f 727/518/1248 656/498/1248 729/520/1248
f 656/498/1249 658/500/1249 729/520/1249
f 770/540/1250 779/542/1250 772/531/1250
f 779/542/1251 780/533/1251 772/531/1251
f 772/531/1252 780/533/1252 774/532/1252
f 780/533/1253 781/534/1253 774/532/1253
f 781/534/1254 780/533/1254 782/535/1254
f 780/533/1255 779/542/1255 782/535/1255
f 745/525/1256 744/524/1256 783/526/1256
f 744/524/1257 769/527/1257 783/526/1257
f 783/526/1258 769/527/1258 784/528/1258
f 769/527/1259 771/529/1259 784/528/1259
f 784/528/1260 771/529/1260 773/530/1260
f 118/91/1261 116/89/1261 737/479/1261
f 116/89/1262 735/496/1262 737/479/1262
f 116/89/1263 114/87/1263 735/496/1263
f 114/87/1264 785/517/1264 735/496/1264
f 735/496/1265 785/517/1265 733/518/1265
f 785/517/1266 786/519/1266 733/518/1266
f 733/518/1267 786/519/1267 731/520/1267
f 786/519/1268 730/521/1268 731/520/1268
f 786/519/1269 787/543/1269 730/521/1269
f 787/543/1270 728/519/1270 730/521/1270
f 787/543/1271 788/544/1271 728/519/1271
f 788/544/1272 789/545/1272 728/519/1272
f 728/519/1273 789/545/1273 726/517/1273
f 789/545/1274 790/546/1274 726/517/1274
f 726/517/1275 790/546/1275 724/85/1275
f 790/546/1276 791/83/1276 724/85/1276
f 724/85/1277 791/83/1277 721/84/1277
f 791/83/1278 723/82/1278 721/84/1278
f 788/544/1279 792/547/1279 789/545/1279
f 792/547/1280 790/546/1280 789/545/1280
f 792/547/1281 793/548/1281 790/546/1281
f 793/548/1282 794/81/1282 790/546/1282
f 790/546/1283 794/81/1283 791/83/1283
f 794/81/1284 723/82/1284 791/83/1284
f 654/496/1285 725/87/1285 634/89/1285
f 725/87/1286 632/88/1286 634/89/1286
f 725/87/1287 719/86/1287 632/88/1287
f 719/86/1288 718/113/1288 632/88/1288
f 632/88/1289 718/113/1289 630/112/1289
f 715/115/1290 720/118/1290 717/120/1290
f 720/118/1291 722/119/1291 717/120/1291
f 788/544/1292 787/543/1292 795/549/1292
f 787/543/1293 796/544/1293 795/549/1293
f 787/543/1294 786/519/1294 796/544/1294
f 786/519/1295 797/545/1295 796/544/1295
f 796/544/1296 797/545/1296 798/547/1296
f 797/545/1297 799/546/1297 798/547/1297
f 798/547/1298 799/546/1298 800/548/1298
f 799/546/1299 108/81/1299 800/548/1299
f 786/519/1300 785/517/1300 797/545/1300
f 785/517/1301 799/546/1301 797/545/1301
f 785/517/1302 112/85/1302 799/546/1302
f 112/85/1303 110/83/1303 799/546/1303
f 799/546/1304 110/83/1304 108/81/1304
f 801/550/1305 802/551/1305 803/552/1305
f 802/551/1306 804/553/1306 803/552/1306
f 803/552/1307 804/553/1307 805/554/1307
f 804/553/1308 806/555/1308 805/554/1308
f 805/554/1309 806/555/1309 807/556/1309
f 806/555/1310 808/557/1310 807/556/1310
f 807/556/1311 808/557/1311 809/558/1311
f 808/557/1312 810/559/1312 809/558/1312
f 809/558/1313 810/559/1313 811/560/1313
f 810/559/1314 812/561/1314 811/560/1314
f 811/560/1315 812/561/1315 813/562/1315
f 813/562/1316 814/563/1316 811/560/1316
f 814/563/1317 815/564/1317 811/560/1317
f 811/560/1318 815/564/1318 809/558/1318
f 815/564/1319 816/565/1319 809/558/1319
f 809/558/1320 816/565/1320 807/556/1320
f 816/565/1321 817/566/1321 807/556/1321
f 807/556/1322 817/566/1322 805/554/1322
f 813/562/1323 818/567/1323 814/563/1323
f 818/567/1324 819/568/1325 814/563/1326
f 814/563/1326 819/568/1325 815/564/1327
f 819/568/1328 820/569/1328 815/564/1328
f 815/564/1329 820/569/1329 821/570/1329
f 820/569/1330 822/571/1330 821/570/1330
f 821/570/1331 822/571/1331 823/572/1331
f 822/571/1332 824/573/1332 823/572/1332
f 819/568/1333 825/574/1333 820/569/1333
f 825/574/1334 826/575/1334 820/569/1334
f 820/569/1335 826/575/1335 822/571/1335
f 826/575/1336 827/576/1336 822/571/1336
f 822/571/1337 827/576/1337 824/573/1337
f 827/576/1338 828/577/1338 824/573/1338
f 825/574/1339 829/578/1340 826/575/1341
f 829/578/1342 830/579/1342 826/575/1342
f 826/575/1343 830/579/1343 827/576/1343
f 830/579/1344 831/580/1344 827/576/1344
f 827/576/1345 831/580/1345 832/581/1345
f 831/580/1346 833/582/1346 832/581/1346
f 832/581/1347 833/582/1347 834/583/1347
f 834/583/1348 835/584/1349 832/581/1350
f 835/584/1349 836/585/1351 832/581/1350
f 832/581/1352 836/585/1352 827/576/1352
f 836/585/1353 828/577/1353 827/576/1353
f 818/567/1354 837/586/1354 819/568/1354
f 837/586/1355 838/587/1355 819/568/1355
f 819/568/1356 838/587/1356 825/574/1356
f 838/587/1357 839/588/1357 825/574/1357
f 825/574/1339 839/588/1358 829/578/1340
f 839/588/1359 840/589/1359 829/578/1359
f 829/578/1360 840/589/1360 841/590/1360
f 840/589/1361 842/591/1361 841/590/1361
f 841/590/1362 842/591/1362 843/592/1362
f 843/592/1363 831/580/1363 841/590/1363
f 831/580/1364 830/579/1364 841/590/1364
f 841/590/1365 830/579/1365 829/578/1365
f 812/561/1366 810/559/1366 844/593/1366
f 810/559/1367 845/594/1367 844/593/1367
f 844/593/1368 845/594/1368 846/595/1368
f 845/594/1369 847/596/1369 846/595/1369
f 810/559/1370 808/557/1371 845/594/1372
f 808/557/1371 848/597/1373 845/594/1372
f 845/594/1374 848/597/1374 847/596/1374
f 848/597/1375 849/598/1375 847/596/1375
f 808/557/1376 806/555/1376 848/597/1376
f 806/555/1377 804/553/1377 848/597/1377
f 848/597/1378 804/553/1378 802/551/1378
f 284/2/1379 282/4/1379 850/231/1379
f 282/4/1380 851/211/1381 850/231/1382
f 850/231/1382 851/211/1381 291/210/1383
f 851/211/1384 289/204/1384 291/210/1384
f 282/4/1385 280/6/1385 851/211/1385
f 280/6/1386 286/202/1386 851/211/1386
f 851/211/1387 286/202/1387 289/204/1387
f 286/202/442 287/203/444 289/204/1388
f 850/231/1389 291/210/1389 852/232/1389
f 291/210/1390 853/233/1390 852/232/1390
f 852/232/1391 853/233/1391 854/234/1391
f 853/233/1392 855/235/1393 854/234/1394
f 854/234/1394 855/235/1393 856/236/1395
f 855/235/1396 853/233/1396 857/237/1396
f 853/233/1397 291/210/1397 857/237/1397
f 857/237/1398 291/210/1398 293/208/1398
f 815/564/1399 821/570/1399 816/565/1399
f 821/570/1400 823/572/1401 816/565/1402
f 816/565/1402 823/572/1401 858/599/1403
f 30/29/1404 28/27/1404 32/28/1404
f 28/27/1405 58/26/1405 32/28/1405
f 32/28/1406 58/26/1406 56/54/1406
f 32/28/1407 56/54/1407 34/32/1407
f 56/54/1408 36/34/1409 34/32/1408
f 36/34/1410 56/54/1410 38/36/1410
f 56/54/1411 40/38/1411 38/36/1411
f 56/54/1412 54/52/1412 40/38/1412
f 54/52/1413 42/40/1413 40/38/1413
f 54/52/1414 52/50/1414 42/40/1414
f 52/50/1415 859/213/1415 42/40/1415
f 42/40/1416 859/213/1416 44/42/1416
f 859/213/1417 860/218/1417 44/42/1417
f 44/42/1418 860/218/1418 46/44/1418
f 860/218/1419 48/46/1419 46/44/1419
f 52/50/1420 50/48/1420 859/213/1420
f 50/48/1421 48/46/1421 859/213/1421
f 859/213/1422 48/46/1422 860/218/1422
f 186/149/1423 861/600/1423 179/148/1423
f 861/600/1424 180/149/1424 179/148/1424
f 862/550/1425 863/552/1425 864/551/1425
f 863/552/1426 865/553/1426 864/551/1426
f 864/551/1427 865/553/1427 866/597/1427
f 865/553/1428 867/555/1428 866/597/1428
f 866/597/1429 867/555/1429 868/557/1429
f 867/555/1430 869/556/1430 868/557/1430
f 868/557/1431 869/556/1431 870/558/1431
f 869/556/1432 871/565/1432 870/558/1432
f 870/558/1433 871/565/1433 872/564/1433
f 871/565/1434 873/570/1435 872/564/1436
f 872/564/1436 873/570/1435 874/569/1437
f 873/570/1438 875/571/1438 874/569/1438
f 874/569/1439 875/571/1439 876/575/1439
f 875/571/1440 877/576/1440 876/575/1440
f 876/575/1441 877/576/1441 878/579/1441
f 877/576/1442 879/580/1442 878/579/1442
f 878/579/1443 879/580/1443 880/590/1443
f 879/580/1444 881/592/1444 880/590/1444
f 880/590/1445 881/592/1445 882/591/1445
f 878/579/1446 883/578/1446 876/575/1446
f 883/578/1447 884/574/1448 876/575/1449
f 876/575/1450 884/574/1450 874/569/1450
f 884/574/1451 885/568/1451 874/569/1451
f 874/569/1452 885/568/1452 872/564/1452
f 885/568/1453 886/563/1454 872/564/1455
f 872/564/1456 886/563/1456 887/560/1456
f 886/563/1457 888/562/1457 887/560/1457
f 887/560/1458 888/562/1458 889/561/1458
f 872/564/1459 887/560/1459 870/558/1459
f 887/560/1460 890/559/1460 870/558/1460
f 870/558/1461 890/559/1461 868/557/1461
f 890/559/1462 891/594/1463 868/557/1464
f 868/557/1464 891/594/1463 866/597/1465
f 891/594/1466 892/596/1466 866/597/1466
f 866/597/1467 892/596/1467 893/598/1467
f 887/560/1468 889/561/1468 890/559/1468
f 889/561/1469 894/593/1469 890/559/1469
f 890/559/1470 894/593/1470 891/594/1470
f 894/593/1471 895/595/1471 891/594/1471
f 891/594/1472 895/595/1472 892/596/1472
f 888/562/1473 886/563/1473 896/567/1473
f 886/563/1454 885/568/1453 896/567/1474
f 896/567/1475 885/568/1475 897/586/1475
f 885/568/1476 898/587/1476 897/586/1476
f 885/568/1477 884/574/1477 898/587/1477
f 884/574/1478 899/588/1478 898/587/1478
f 884/574/1448 883/578/1447 899/588/1479
f 883/578/1480 900/589/1480 899/588/1480
f 900/589/1481 883/578/1481 880/590/1481
f 883/578/1482 878/579/1482 880/590/1482
f 863/552/1483 901/554/1483 865/553/1483
f 901/554/1484 867/555/1484 865/553/1484
f 867/555/1485 901/554/1485 869/556/1485
f 901/554/1486 902/566/1486 869/556/1486
f 869/556/1487 902/566/1488 871/565/1489
f 902/566/1488 903/599/1490 871/565/1489
f 871/565/1491 903/599/1491 904/572/1491
f 871/565/1492 904/572/1492 873/570/1492
f 904/572/1493 875/571/1493 873/570/1493
f 904/572/1494 905/573/1494 875/571/1494
f 905/573/1495 877/576/1495 875/571/1495
f 905/573/1496 906/577/1496 877/576/1496
f 906/577/1497 907/585/1497 877/576/1497
f 877/576/1498 907/585/1498 908/581/1498
f 907/585/1499 909/584/1500 908/581/1501
f 908/581/1501 909/584/1500 910/583/1502
f 910/583/1503 911/582/1503 908/581/1503
f 911/582/1504 879/580/1504 908/581/1504
f 908/581/1505 879/580/1505 877/576/1505
f 912/601/1506 913/602/1506 914/603/1506
f 913/602/1507 915/604/1507 914/603/1507
f 914/603/1508 915/604/1508 916/605/1508
f 915/604/1509 917/606/1509 916/605/1509
f 916/605/1510 917/606/1510 918/607/1510
f 917/606/1511 919/608/1511 918/607/1511
f 918/607/1512 919/608/1512 920/609/1512
f 919/608/1513 921/610/1513 920/609/1513
f 920/609/1514 921/610/1514 922/611/1514
f 921/610/1515 923/612/1515 922/611/1515
f 922/611/1516 923/612/1516 924/613/1516
f 916/605/1517 918/607/1517 925/614/1517
f 918/607/1518 920/609/1518 925/614/1518
f 925/614/1519 920/609/1519 926/615/1519
f 920/609/1520 922/611/1520 926/615/1520
f 926/615/1521 922/611/1521 927/616/1521
f 922/611/1522 928/617/1522 927/616/1522
f 927/616/1523 928/617/1523 929/618/1523
f 928/617/1524 930/619/1524 929/618/1524
f 929/618/1525 930/619/1525 931/620/1525
f 930/619/1526 932/621/1526 931/620/1526
f 931/620/1527 932/621/1527 933/622/1527
f 932/621/1528 934/623/1528 933/622/1528
f 925/614/1529 935/624/1529 916/605/1529
f 935/624/1530 936/625/1530 916/605/1530
f 916/605/1531 936/625/1531 914/603/1531
f 936/625/1532 912/601/1532 914/603/1532
f 935/624/1533 937/626/1533 936/625/1533
f 937/626/1534 938/627/1534 936/625/1534
f 936/625/1535 938/627/1535 939/628/1535
f 938/627/1536 940/629/1536 939/628/1536
f 939/628/1537 940/629/1537 941/630/1537
f 940/629/1538 942/631/1538 941/630/1538
f 941/630/1539 942/631/1539 943/632/1539
f 942/631/1540 944/633/1540 943/632/1540
f 943/632/1541 944/633/1541 945/634/1541
f 944/633/1542 946/635/1542 945/634/1542
f 945/634/1543 946/635/1543 947/636/1543
f 946/635/1544 948/637/1544 947/636/1544
f 947/636/1545 948/637/1545 949/638/1545
f 948/637/1546 950/639/1546 949/638/1546
f 949/638/1547 950/639/1547 951/640/1547
f 950/639/1548 952/641/1549 951/640/1550
f 951/640/1550 952/641/1549 953/642/1551
f 952/641/1552 954/643/1552 953/642/1552
f 953/642/1553 954/643/1553 955/644/1553
f 955/644/1554 956/645/1554 953/642/1554
f 956/645/1555 957/646/1555 953/642/1555
f 953/642/1556 957/646/1556 951/640/1556
f 957/646/1557 958/647/1557 951/640/1557
f 951/640/1558 958/647/1558 949/638/1558
f 958/647/1559 959/648/1559 949/638/1559
f 949/638/1560 959/648/1560 947/636/1560
f 959/648/1561 960/649/1561 947/636/1561
f 947/636/1562 960/649/1562 945/634/1562
f 960/649/1563 943/632/1563 945/634/1563
f 960/649/1564 961/650/1564 943/632/1564
f 961/650/1565 962/651/1565 943/632/1565
f 943/632/1566 962/651/1566 941/630/1566
f 962/651/1567 963/652/1567 941/630/1567
f 941/630/1568 963/652/1568 939/628/1568
f 963/652/1569 912/601/1569 939/628/1569
f 939/628/1570 912/601/1570 936/625/1570
f 913/602/1571 964/653/1571 915/604/1571
f 964/653/1572 965/654/1573 915/604/1574
f 915/604/1575 965/654/1575 966/655/1575
f 965/654/1576 967/656/1576 966/655/1576
f 966/655/1577 967/656/1577 968/657/1577
f 967/656/1578 969/658/1578 968/657/1578
f 968/657/1579 969/658/1580 970/659/1579
f 969/658/1581 971/660/1581 970/659/1581
f 970/659/1582 971/660/1582 972/661/1582
f 971/660/1583 973/662/1583 972/661/1583
f 972/661/1584 973/662/1585 974/663/1586
f 973/662/1585 975/664/1587 974/663/1586
f 974/663/1588 975/664/1588 976/665/1588
f 975/664/1589 977/666/1589 976/665/1589
f 976/665/1590 977/666/1590 978/667/1590
f 977/666/1591 979/668/1591 978/667/1591
f 978/667/1592 979/668/1592 980/669/1592
f 979/668/1593 981/670/1593 980/669/1593
f 973/662/1594 982/671/1594 975/664/1594
f 982/671/1595 983/672/1595 975/664/1595
f 975/664/1596 983/672/1596 977/666/1596
f 983/672/1597 984/673/1597 977/666/1597
f 977/666/1597 984/673/1597 979/668/1598
f 984/673/1599 985/674/1599 979/668/1599
f 979/668/1600 985/674/1600 981/670/1600
f 984/673/1601 983/672/1601 986/675/1601
f 983/672/1602 982/671/1602 986/675/1602
f 986/675/1603 982/671/1603 987/676/1603
f 982/671/1604 973/662/1604 987/676/1604
f 987/676/1605 973/662/1605 988/677/1605
f 973/662/1606 989/678/1606 988/677/1606
f 973/662/1607 971/660/1607 989/678/1607
f 971/660/1608 969/658/1608 989/678/1608
f 989/678/1609 969/658/1609 990/679/1609
f 969/658/1610 967/656/1610 990/679/1610
f 990/679/1611 967/656/1611 991/680/1611
f 967/656/1612 992/681/1612 991/680/1612
f 967/656/1613 965/654/1613 992/681/1613
f 965/654/1573 964/653/1572 992/681/1614
f 922/611/1615 924/613/1615 928/617/1615
f 924/613/1616 930/619/1616 928/617/1616
f 924/613/1617 993/682/1618 930/619/1618
f 993/682/1618 994/683/1619 930/619/1618
f 930/619/1620 994/683/1620 995/684/1620
f 994/683/1621 996/685/1621 995/684/1621
f 995/684/1622 996/685/1623 997/686/1624
f 996/685/1625 998/687/1625 997/686/1625
f 997/686/1626 998/687/1626 934/623/1626
f 930/619/1627 995/684/1627 932/621/1627
f 995/684/1622 997/686/1624 932/621/1628
f 932/621/1629 997/686/1629 934/623/1629
f 986/675/1630 999/688/1630 984/673/1630
f 999/688/1631 985/674/1631 984/673/1631
f 954/643/1632 952/641/1632 1000/689/1632
f 952/641/1633 1001/690/1633 1000/689/1633
f 952/641/1634 950/639/1634 1001/690/1634
f 950/639/1635 948/637/1635 1001/690/1635
f 1001/690/1636 948/637/1636 1002/691/1636
f 948/637/1637 1003/692/1637 1002/691/1637
f 948/637/1638 946/635/1638 1003/692/1638
f 946/635/1639 1004/693/1639 1003/692/1639
f 946/635/1640 944/633/1640 1004/693/1640
f 944/633/1641 942/631/1641 1004/693/1641
f 1004/693/1642 942/631/1643 1005/694/1644
f 942/631/1643 940/629/1645 1005/694/1644
f 1005/694/1646 940/629/1646 1006/695/1646
f 940/629/1647 1007/696/1647 1006/695/1647
f 940/629/1648 938/627/1648 1007/696/1648
f 938/627/1649 1008/697/1649 1007/696/1649
f 938/627/1650 937/626/1650 1008/697/1650
f 937/626/1651 1009/698/1651 1008/697/1651
f 937/626/1652 935/624/1652 1009/698/1652
f 935/624/1653 1010/699/1653 1009/698/1653
f 935/624/1654 925/614/1654 1010/699/1654
f 925/614/1655 1011/700/1655 1010/699/1655
f 1011/700/1656 925/614/1656 927/616/1656
f 925/614/1657 926/615/1657 927/616/1657
f 1011/700/1658 927/616/1658 1012/701/1658
f 927/616/1659 929/618/1659 1012/701/1659
f 1012/701/1660 929/618/1660 931/620/1660
f 923/612/1661 921/610/1661 1013/702/1661
f 921/610/1662 1014/703/1662 1013/702/1662
f 1013/702/1663 1014/703/1663 1015/704/1663
f 1014/703/1664 1016/705/1664 1015/704/1664
f 1014/703/1665 921/610/1665 1017/706/1665
f 921/610/1666 919/608/1666 1017/706/1666
f 1017/706/1667 919/608/1667 1018/707/1667
f 919/608/1668 917/606/1668 1018/707/1668
f 1018/707/1669 917/606/1669 1019/708/1669
f 917/606/1670 1020/709/1671 1019/708/1672
f 1019/708/1672 1020/709/1671 1021/710/1673
f 1020/709/1674 1022/711/1674 1021/710/1674
f 1021/710/1675 1022/711/1675 1023/712/1675
f 1022/711/1676 1024/713/1676 1023/712/1676
f 1023/712/1677 1024/713/1677 1025/714/1677
f 1024/713/1678 1026/715/1678 1025/714/1678
f 1025/714/1679 1027/716/1679 1023/712/1679
f 1027/716/1680 1028/717/1680 1023/712/1680
f 1023/712/1681 1028/717/1681 1021/710/1681
f 1028/717/1682 1029/718/1682 1021/710/1682
f 1021/710/1673 1029/718/1683 1019/708/1672
f 1029/718/1684 1030/719/1684 1019/708/1684
f 1019/708/1685 1030/719/1685 1031/720/1685
f 1030/719/1686 1032/721/1686 1031/720/1686
f 1031/720/1687 1032/721/1687 1033/722/1687
f 1032/721/1688 1034/723/1688 1033/722/1688
f 1033/722/1689 1034/723/1689 1035/724/1689
f 1034/723/1690 1036/725/1690 1035/724/1690
f 1035/724/1691 1036/725/1691 1037/726/1691
f 1036/725/1692 1038/727/1692 1037/726/1692
f 1037/726/1693 1038/727/1693 1039/728/1693
f 1038/727/1694 1040/729/1694 1039/728/1694
f 1039/728/1695 1040/729/1695 1041/730/1695
f 1040/729/1696 1042/731/1697 1041/730/1698
f 1041/730/1699 1042/731/1699 1043/732/1699
f 1042/731/1700 1044/733/1700 1043/732/1700
f 1043/732/1701 1044/733/1701 1045/734/1701
f 1044/733/1702 1046/735/1702 1045/734/1702
f 1045/734/1703 1047/736/1703 1043/732/1703
f 1047/736/1704 1048/737/1704 1043/732/1704
f 1043/732/1705 1048/737/1705 1041/730/1705
f 1048/737/1706 1049/738/1706 1041/730/1706
f 1041/730/1707 1049/738/1707 1039/728/1707
f 1049/738/1708 1050/739/1708 1039/728/1708
f 1039/728/1709 1050/739/1709 1037/726/1709
f 1050/739/1710 1051/740/1710 1037/726/1710
f 1037/726/1711 1051/740/1711 1035/724/1711
f 1051/740/1712 1052/741/1712 1035/724/1712
f 1035/724/1713 1052/741/1713 1053/742/1713
f 1052/741/1714 1054/743/1714 1053/742/1714
f 1053/742/1715 1054/743/1715 1055/744/1715
f 1054/743/1716 1056/745/1716 1055/744/1716
f 1055/744/1717 1056/745/1717 1018/707/1717
f 1056/745/1718 1017/706/1718 1018/707/1718
f 1035/724/1719 1053/742/1719 1033/722/1719
f 1053/742/1720 1055/744/1720 1033/722/1720
f 1033/722/1721 1055/744/1721 1031/720/1721
f 1055/744/1722 1018/707/1722 1031/720/1722
f 1031/720/1723 1018/707/1723 1019/708/1723
f 994/683/1724 1057/746/1724 996/685/1724
f 1057/746/1725 998/687/1725 996/685/1725
f 1016/705/1726 1014/703/1726 1058/747/1726
f 1014/703/1727 1017/706/1727 1058/747/1727
f 1058/747/1728 1017/706/1728 1059/748/1728
f 1017/706/1729 1056/745/1729 1059/748/1729
f 1059/748/1730 1056/745/1730 1054/743/1730
f 976/665/1731 1060/749/1731 974/663/1731
f 1060/749/1732 1061/750/1732 974/663/1732
f 974/663/1733 1061/750/1734 972/661/1735
f 1061/750/1734 970/659/1736 972/661/1735
f 1061/750/1737 1062/751/1737 970/659/1737
f 1062/751/1738 968/657/1738 970/659/1738
f 1062/751/1739 1063/752/1739 968/657/1739
f 1063/752/1740 1064/753/1740 968/657/1740
f 968/657/1741 1064/753/1741 966/655/1741
f 1064/753/1742 1065/754/1742 966/655/1742
f 966/655/1743 1065/754/1743 1066/755/1743
f 1065/754/1744 1020/709/1744 1066/755/1744
f 1066/755/1745 1020/709/1745 917/606/1745
f 917/606/1746 915/604/1746 1066/755/1746
f 915/604/1747 966/655/1747 1066/755/1747
f 1028/717/1748 1067/756/1748 1029/718/1748
f 1067/756/1749 1068/757/1749 1029/718/1749
f 1029/718/1750 1068/757/1750 1069/758/1750
f 1068/757/1751 1070/759/1751 1069/758/1751
f 1069/758/1752 1070/759/1752 1071/760/1752
f 1070/759/1753 1072/761/1753 1071/760/1753
f 1071/760/1754 1072/761/1754 1073/762/1754
f 1072/761/1755 1074/763/1755 1073/762/1755
f 1073/762/1756 1074/763/1756 1075/764/1756
f 1074/763/1757 1076/765/1757 1075/764/1757
f 1075/764/1758 1076/765/1758 1077/766/1758
f 1076/765/1759 1078/767/1759 1077/766/1759
f 1077/766/1760 1079/768/1760 1075/764/1760
f 1079/768/1761 1080/769/1761 1075/764/1761
f 1075/764/1762 1080/769/1762 1073/762/1762
f 1080/769/1763 1081/770/1764 1073/762/1765
f 1073/762/1765 1081/770/1764 1082/771/1766
f 1081/770/1767 1083/772/1767 1082/771/1767
f 1082/771/1768 1083/772/1768 1084/773/1768
f 1083/772/1769 1085/774/1769 1084/773/1769
f 1084/773/1770 1085/774/1770 1086/775/1770
f 1085/774/1771 1087/776/1771 1086/775/1771
f 1086/775/1772 1087/776/1772 1088/777/1772
f 1087/776/1773 1032/721/1774 1088/777/1775
f 1088/777/1776 1032/721/1776 1030/719/1776
f 1032/721/1774 1087/776/1773 1034/723/1777
f 1087/776/1778 1089/778/1778 1034/723/1778
f 1034/723/1779 1089/778/1779 1036/725/1779
f 1089/778/1780 1090/779/1780 1036/725/1780
f 1036/725/1781 1090/779/1781 1038/727/1781
f 1090/779/1782 1040/729/1782 1038/727/1782
f 1090/779/1783 1091/780/1783 1040/729/1783
f 1091/780/1784 1092/781/1785 1040/729/1696
f 1040/729/1696 1092/781/1785 1042/731/1697
f 1092/781/1786 1093/782/1786 1042/731/1786
f 1042/731/1787 1093/782/1787 1044/733/1787
f 1093/782/1788 1094/783/1788 1044/733/1788
f 1044/733/1789 1094/783/1789 1095/784/1789
f 1094/783/1790 1096/785/1790 1095/784/1790
f 1095/784/1791 1096/785/1791 1097/786/1791
f 1096/785/1792 1098/787/1792 1097/786/1792
f 1097/786/1793 1098/787/1793 1099/788/1793
f 1098/787/1794 1100/789/1794 1099/788/1794
f 1099/788/1795 1100/789/1795 1101/790/1795
f 1100/789/1796 1102/791/1796 1101/790/1796
f 1101/790/1797 1102/791/1797 1103/792/1797
f 1102/791/1798 1104/793/1798 1103/792/1798
f 1100/789/1799 1105/794/1799 1102/791/1799
f 1105/794/1800 1106/795/1800 1102/791/1800
f 1102/791/1801 1106/795/1801 1104/793/1801
f 1106/795/1802 1107/796/1802 1104/793/1802
f 1104/793/1803 1107/796/1803 1108/797/1803
f 1107/796/1804 1105/794/1804 1108/797/1804
f 1108/797/1805 1105/794/1805 1109/798/1805
f 1105/794/1806 1100/789/1806 1109/798/1806
f 1109/798/1807 1100/789/1807 1110/799/1807
f 1100/789/1808 1098/787/1808 1110/799/1808
f 1110/799/1809 1098/787/1809 1096/785/1809
f 1110/799/1810 1096/785/1810 1111/800/1810
f 1096/785/1811 1112/801/1811 1111/800/1811
f 1096/785/1812 1094/783/1812 1112/801/1812
f 1094/783/1813 1113/802/1813 1112/801/1813
f 1094/783/1814 1093/782/1814 1113/802/1814
f 1093/782/1815 1092/781/1815 1113/802/1815
f 1113/802/1816 1092/781/1816 1114/803/1816
f 1092/781/1817 1115/804/1817 1114/803/1817
f 1115/804/1818 1092/781/1818 1116/805/1818
f 1092/781/1819 1117/806/1819 1116/805/1819
f 1116/805/1820 1117/806/1820 1118/807/1820
f 1117/806/1821 1119/808/1821 1118/807/1821
f 1118/807/1822 1119/808/1822 1120/809/1822
f 1119/808/1823 1121/810/1823 1120/809/1823
f 1120/809/1824 1121/810/1824 1122/811/1824
f 1121/810/1825 1123/812/1825 1122/811/1825
f 1122/811/1826 1123/812/1826 1124/813/1826
f 1123/812/1827 1125/814/1827 1124/813/1827
f 1124/813/1828 1125/814/1828 1126/815/1828
f 1125/814/1829 1127/816/1829 1126/815/1829
f 1126/815/1830 1127/816/1831 1128/817/1832
f 1127/816/1831 1129/818/1833 1128/817/1832
f 1128/817/1834 1129/818/1834 1130/819/1834
f 1129/818/1835 1131/820/1835 1130/819/1835
f 1130/819/1836 1131/820/1836 1132/821/1836
f 1131/820/1837 1133/822/1837 1132/821/1837
f 1132/821/1838 1133/822/1838 1134/823/1838
f 1133/822/1839 1135/824/1839 1134/823/1839
f 1132/821/1840 1136/825/1840 1130/819/1840
f 1136/825/1841 1137/826/1841 1130/819/1841
f 1130/819/1842 1137/826/1842 1128/817/1842
f 1137/826/1843 1138/827/1843 1128/817/1843
f 1128/817/1844 1138/827/1844 1126/815/1844
f 1138/827/1845 1139/828/1845 1126/815/1845
f 1126/815/1846 1139/828/1846 1124/813/1846
f 1139/828/1847 1140/829/1847 1124/813/1847
f 1124/813/1848 1140/829/1849 1122/811/1850
f 1140/829/1849 1141/830/1851 1122/811/1850
f 1122/811/1852 1141/830/1852 1120/809/1852
f 1141/830/1853 1142/831/1853 1120/809/1853
f 1120/809/1854 1142/831/1854 1118/807/1854
f 1142/831/1855 1143/832/1856 1118/807/1857
f 1118/807/1857 1143/832/1856 1115/804/1858
f 1065/754/1859 1144/833/1859 1020/709/1859
f 1144/833/1860 1022/711/1860 1020/709/1860
f 1144/833/1861 1145/834/1861 1022/711/1861
f 1145/834/1862 1146/835/1862 1022/711/1862
f 1022/711/1863 1146/835/1863 1024/713/1863
f 1146/835/1864 1147/836/1864 1024/713/1864
f 1024/713/1865 1147/836/1865 1026/715/1865
f 1147/836/1866 1148/837/1867 1026/715/1868
f 1146/835/1869 1149/838/1869 1147/836/1869
f 1149/838/1870 1150/839/1870 1147/836/1870
f 1147/836/1866 1150/839/1871 1148/837/1867
f 1150/839/1872 1151/840/1872 1148/837/1872
f 1146/835/1873 1152/841/1873 1149/838/1873
f 1152/841/1874 1153/842/1874 1149/838/1874
f 1149/838/1875 1153/842/1875 1154/843/1875
f 1153/842/1876 1155/844/1876 1154/843/1876
f 1154/843/1877 1155/844/1877 1156/845/1877
f 1155/844/1878 1157/846/1878 1156/845/1878
f 1156/845/1879 1157/846/1879 1158/847/1879
f 1157/846/1880 1159/848/1880 1158/847/1880
f 1158/847/1881 1159/848/1882 1160/849/1883
f 1159/848/1884 1161/850/1884 1160/849/1884
f 1160/849/1885 1161/850/1885 1162/851/1885
f 1161/850/1886 1163/852/1886 1162/851/1886
f 1162/851/1887 1163/852/1887 1164/853/1887
f 1149/838/1888 1154/843/1888 1150/839/1888
f 1154/843/1889 1156/845/1889 1150/839/1889
f 1150/839/1890 1156/845/1890 1165/854/1890
f 1156/845/1891 1166/855/1892 1165/854/1893
f 1165/854/1894 1166/855/1894 1167/856/1894
f 1166/855/1895 1160/849/1895 1167/856/1895
f 1167/856/1896 1160/849/1896 1168/857/1896
f 1160/849/1897 1162/851/1897 1168/857/1897
f 1168/857/1898 1162/851/1898 1164/853/1898
f 1160/849/1883 1166/855/1899 1158/847/1881
f 1166/855/1892 1156/845/1891 1158/847/1900
f 1067/756/1901 1169/858/1901 1068/757/1901
f 1169/858/1902 1170/859/1902 1068/757/1902
f 1068/757/1903 1170/859/1903 1070/759/1903
f 1170/859/1904 1171/860/1904 1070/759/1905
f 1070/759/1906 1171/860/1906 1172/861/1906
f 1171/860/1907 1173/862/1908 1172/861/1909
f 1172/861/1910 1173/862/1910 1174/863/1910
f 1173/862/1911 1175/864/1911 1174/863/1911
f 1174/863/1912 1175/864/1912 1176/865/1912
f 1175/864/1913 1177/866/1913 1176/865/1913
f 1176/865/1914 1177/866/1914 1178/867/1914
f 1177/866/1915 1179/868/1915 1178/867/1915
f 1178/867/1916 1179/868/1916 1180/869/1916
f 1179/868/1917 1181/870/1917 1180/869/1917
f 1070/759/1918 1172/861/1918 1072/761/1918
f 1172/861/1919 1174/863/1919 1072/761/1919
f 1072/761/1920 1174/863/1920 1074/763/1920
f 1174/863/1921 1176/865/1921 1074/763/1921
f 1074/763/1922 1176/865/1922 1076/765/1922
f 1176/865/1923 1178/867/1923 1076/765/1923
f 1076/765/1924 1178/867/1924 1078/767/1924
f 1178/867/1925 1182/871/1925 1078/767/1925
f 1087/776/1926 1085/774/1926 1089/778/1926
f 1085/774/1927 1183/872/1927 1089/778/1927
f 1089/778/1928 1183/872/1928 1184/873/1928
f 1183/872/1929 1185/874/1929 1184/873/1929
f 1184/873/1930 1185/874/1930 1186/875/1930
f 1185/874/1931 1187/876/1931 1186/875/1931
f 1186/875/1932 1188/877/1932 1184/873/1932
f 1188/877/1933 1090/779/1933 1184/873/1933
f 1184/873/1934 1090/779/1934 1089/778/1934
f 1188/877/1935 1189/878/1935 1090/779/1935
f 1189/878/1936 1091/780/1936 1090/779/1936
f 1189/878/1937 1190/879/1937 1091/780/1937
f 1190/879/1938 1117/806/1938 1091/780/1938
f 1091/780/1939 1117/806/1939 1092/781/1939
f 1189/878/1940 1191/880/1940 1190/879/1940
f 1191/880/1941 1192/881/1941 1190/879/1941
f 1190/879/1942 1192/881/1942 1117/806/1942
f 1192/881/1943 1193/882/1943 1117/806/1943
f 1117/806/1944 1193/882/1944 1119/808/1944
f 1193/882/1945 1194/883/1945 1119/808/1945
f 1119/808/1946 1194/883/1946 1121/810/1946
f 1194/883/1947 1195/884/1947 1121/810/1947
f 1121/810/1948 1195/884/1948 1123/812/1948
f 1195/884/1949 1196/885/1949 1123/812/1949
f 1123/812/1950 1196/885/1951 1125/814/1952
f 1196/885/1951 1197/886/1953 1125/814/1952
f 1125/814/1954 1197/886/1955 1198/887/1956
f 1125/814/1954 1198/887/1956 1127/816/1957
f 1198/887/1956 1199/888/1958 1127/816/1957
f 1127/816/1959 1199/888/1960 1129/818/1961
f 1199/888/1960 1131/820/1962 1129/818/1961
f 1199/888/1963 1200/889/1963 1131/820/1963
f 1200/889/1964 1201/890/1964 1131/820/1964
f 1131/820/1965 1201/890/1965 1133/822/1965
f 1201/890/1966 1135/824/1966 1133/822/1966
f 1167/856/1967 1151/840/1967 1165/854/1967
f 1151/840/1968 1150/839/1968 1165/854/1968
f 1079/768/1969 1202/891/1969 1080/769/1969
f 1202/891/1970 1081/770/1971 1080/769/1972
f 1202/891/1970 1203/892/1973 1081/770/1971
f 1203/892/1974 1083/772/1974 1081/770/1974
f 1203/892/1975 1204/893/1975 1083/772/1975
f 1204/893/1976 1085/774/1976 1083/772/1976
f 1204/893/1977 1205/894/1977 1085/774/1977
f 1205/894/1978 1183/872/1978 1085/774/1978
f 1205/894/1979 1206/895/1979 1183/872/1979
f 1206/895/1980 1185/874/1980 1183/872/1980
f 1205/894/1981 1207/896/1981 1206/895/1981
f 1207/896/1982 1208/897/1982 1206/895/1982
f 1206/895/1983 1208/897/1983 1185/874/1983
f 1208/897/1984 1209/898/1984 1185/874/1984
f 1185/874/1985 1209/898/1985 1187/876/1985
f 1209/898/1986 1210/899/1986 1187/876/1986
f 1207/896/1987 1211/900/1987 1208/897/1987
f 1211/900/1988 1212/901/1988 1208/897/1988
f 1208/897/1989 1212/901/1989 1209/898/1989
f 1212/901/1990 1213/902/1990 1209/898/1990
f 1209/898/1991 1213/902/1991 1210/899/1991
f 1213/902/1992 1214/903/1992 1210/899/1992
f 1214/903/1993 1213/902/1993 1215/904/1993
f 1213/902/1994 1212/901/1994 1215/904/1994
f 1215/904/1995 1212/901/1995 1216/905/1995
f 1212/901/1996 1217/906/1997 1216/905/1998
f 1216/905/1998 1217/906/1997 1218/907/1999
f 1218/907/2000 1219/908/2000 1216/905/2000
f 1219/908/2001 1220/909/2001 1216/905/2001
f 1216/905/2002 1220/909/2002 1215/904/2002
f 1220/909/2003 1221/910/2003 1215/904/2003
f 1215/904/2004 1221/910/2004 1214/903/2004
f 1219/908/2005 1222/911/2005 1220/909/2005
f 1222/911/2006 1223/912/2006 1220/909/2006
f 1220/909/2007 1223/912/2007 1221/910/2007
f 1219/908/2005 1224/913/2005 1222/911/2005
f 1224/913/2008 1225/914/2008 1222/911/2008
f 1222/911/2009 1225/914/2009 1226/915/2009
f 1225/914/2010 1227/916/2010 1226/915/2010
f 1224/913/2011 1228/917/2011 1225/914/2011
f 1228/917/2012 1229/918/2012 1225/914/2012
f 1225/914/2013 1229/918/2013 1230/919/2013
f 1229/918/2014 1231/920/2014 1230/919/2014
f 1230/919/2015 1231/920/2015 1227/916/2015
f 1224/913/2016 1232/921/2016 1228/917/2016
f 1232/921/2017 1233/922/2017 1228/917/2017
f 1228/917/2018 1233/922/2018 1229/918/2018
f 1233/922/2019 1234/923/2019 1229/918/2019
f 1229/918/2020 1234/923/2020 1231/920/2020
f 1232/921/2021 1224/913/2022 1235/924/2023
f 1224/913/2022 1236/925/2024 1235/924/2023
f 1224/913/2025 1219/908/2025 1236/925/2025
f 1219/908/2026 1218/907/2026 1236/925/2026
f 1086/775/2027 1088/777/2027 1084/773/2027
f 1088/777/2028 1237/926/2028 1084/773/2028
f 1084/773/2029 1237/926/2029 1082/771/2029
f 1237/926/2030 1071/760/2030 1082/771/2030
f 1082/771/2031 1071/760/2031 1073/762/2031
f 1071/760/2032 1237/926/2032 1069/758/2032
f 1237/926/2033 1238/927/2033 1069/758/2033
f 1069/758/2034 1238/927/2034 1029/718/2034
f 1238/927/2035 1030/719/2035 1029/718/2035
f 1030/719/2036 1238/927/2036 1088/777/2036
f 1238/927/2037 1237/926/2037 1088/777/2037
f 1226/915/2038 1239/928/2038 1222/911/2038
f 1239/928/2039 1223/912/2039 1222/911/2039
f 1044/733/2040 1095/784/2040 1046/735/2040
f 1095/784/2041 1240/929/2041 1046/735/2041
f 1095/784/2042 1097/786/2042 1240/929/2042
f 1097/786/2043 1241/930/2043 1240/929/2043
f 1097/786/2044 1099/788/2044 1241/930/2044
f 1099/788/2045 1242/931/2045 1241/930/2045
f 1099/788/2046 1101/790/2046 1242/931/2046
f 1101/790/2047 1103/792/2047 1242/931/2047
f 1169/858/2048 1243/932/2048 1170/859/2048
f 1243/932/2049 1244/933/2049 1170/859/2049
f 1170/859/2050 1244/933/2050 1171/860/2050
f 1244/933/2051 1245/934/2051 1171/860/2051
f 1171/860/2052 1245/934/2052 1246/935/2052
f 1245/934/2053 1247/936/2053 1246/935/2053
f 1246/935/2054 1247/936/2054 1248/937/2054
f 1247/936/2055 1249/938/2055 1248/937/2055
f 1248/937/2056 1249/938/2056 1250/939/2056
f 1249/938/2057 1251/940/2057 1250/939/2057
f 1250/939/2058 1251/940/2059 1252/941/2060
f 1251/940/2061 1253/942/2061 1252/941/2061
f 1252/941/2062 1253/942/2062 1254/943/2062
f 1253/942/2063 1255/944/2063 1254/943/2063
f 1254/943/2064 1255/944/2064 1256/945/2064
f 1171/860/1907 1246/935/2065 1173/862/1908
f 1246/935/2066 1248/937/2066 1173/862/2066
f 1173/862/2067 1248/937/2067 1257/946/2067
f 1248/937/2068 1258/947/2068 1257/946/2068
f 1257/946/2069 1258/947/2070 1259/948/2071
f 1258/947/2072 1252/941/2072 1259/948/2072
f 1259/948/2073 1252/941/2073 1260/949/2073
f 1252/941/2074 1254/943/2074 1260/949/2074
f 1260/949/2075 1254/943/2075 1256/945/2075
f 1173/862/2076 1257/946/2076 1175/864/2076
f 1257/946/2069 1259/948/2071 1175/864/2077
f 1175/864/2078 1259/948/2078 1177/866/2078
f 1259/948/2079 1261/950/2079 1177/866/2079
f 1177/866/2080 1261/950/2080 1179/868/2080
f 1261/950/2081 1262/951/2081 1179/868/2081
f 1179/868/2082 1262/951/2082 1263/952/2082
f 1262/951/2083 1264/953/2083 1263/952/2083
f 1263/952/2084 1264/953/2084 1181/870/2084
f 1259/948/2085 1260/949/2085 1261/950/2085
f 1260/949/2086 1265/954/2086 1261/950/2086
f 1261/950/2087 1265/954/2087 1262/951/2087
f 1265/954/2088 1266/955/2088 1262/951/2088
f 1262/951/2089 1266/955/2089 1264/953/2089
f 1255/944/2090 1253/942/2090 1267/956/2090
f 1253/942/2091 1268/957/2091 1267/956/2091
f 1268/957/2092 1253/942/2092 1269/958/2092
f 1253/942/2093 1251/940/2093 1269/958/2093
f 1269/958/2094 1251/940/2094 1249/938/2094
f 1252/941/2060 1258/947/2095 1250/939/2058
f 1258/947/2096 1248/937/2096 1250/939/2096
f 1152/841/2097 1146/835/2097 1270/959/2097
f 1146/835/2098 1145/834/2098 1270/959/2098
f 1163/852/2099 1161/850/2099 1271/960/2099
f 1161/850/2100 1272/961/2100 1271/960/2100
f 1272/961/2101 1161/850/2102 1273/962/2103
f 1161/850/2102 1159/848/2104 1273/962/2103
f 1273/962/2105 1159/848/2105 1157/846/2105
f 1186/875/2106 1274/963/2106 1188/877/2106
f 1274/963/2107 1275/964/2107 1188/877/2107
f 1188/877/2108 1275/964/2108 1189/878/2108
f 1275/964/2109 1276/965/2109 1189/878/2109
f 1189/878/2110 1276/965/2110 1191/880/2110
f 1276/965/2111 1277/966/2111 1191/880/2111
f 1274/963/2112 1278/967/2112 1275/964/2112
f 1278/967/2113 1279/968/2114 1275/964/2115
f 1275/964/2116 1279/968/2117 1276/965/2118
f 1279/968/2117 1280/969/2119 1276/965/2118
f 1276/965/2120 1280/969/2120 1277/966/2120
f 1280/969/2121 1281/970/2121 1277/966/2121
f 1279/968/2122 1282/971/2122 1280/969/2122
f 1282/971/2123 1283/972/2123 1280/969/2123
f 1280/969/2124 1283/972/2124 1281/970/2124
f 1279/968/2125 1284/973/2125 1282/971/2125
f 1284/973/2126 1285/974/2126 1282/971/2126
f 1282/971/2127 1285/974/2127 1283/972/2127
f 1285/974/2128 1286/975/2129 1283/972/2130
f 1284/973/2131 1287/976/2131 1285/974/2131
f 1287/976/2132 1288/977/2132 1285/974/2132
f 1285/974/2128 1288/977/2133 1286/975/2129
f 1288/977/2133 1289/978/2134 1286/975/2129
f 1287/976/2135 1290/979/2135 1288/977/2135
f 1290/979/2136 1291/980/2137 1288/977/2138
f 1288/977/2139 1291/980/2139 1289/978/2139
f 1291/980/2140 1292/981/2140 1289/978/2140
f 1290/979/2136 1293/982/2141 1291/980/2137
f 1293/982/2142 1294/983/2142 1291/980/2142
f 1291/980/2143 1294/983/2143 1292/981/2143
f 1294/983/2144 1295/984/2144 1292/981/2144
f 1295/984/2145 1294/983/2145 1296/985/2145
f 1294/983/2146 1297/986/2146 1296/985/2146
f 1296/985/2147 1297/986/2147 1298/987/2147
f 1297/986/2148 1299/988/2148 1298/987/2148
f 1298/987/2149 1299/988/2149 1300/989/2149
f 1299/988/2150 1301/990/2150 1300/989/2150
f 1301/990/2151 1299/988/2151 1302/991/2151
f 1299/988/2152 1297/986/2152 1302/991/2152
f 1302/991/2153 1297/986/2153 1294/983/2153
f 1294/983/2154 1293/982/2154 1302/991/2154
f 1293/982/2155 1303/992/2155 1302/991/2155
f 1302/991/2156 1303/992/2156 1304/993/2156
f 1303/992/2157 1293/982/2157 1305/994/2157
f 1293/982/2158 1290/979/2158 1305/994/2158
f 1305/994/2159 1290/979/2159 1306/995/2159
f 1290/979/2160 1287/976/2160 1306/995/2160
f 1306/995/2161 1287/976/2161 1307/996/2161
f 1287/976/2162 1284/973/2162 1307/996/2162
f 1307/996/2163 1284/973/2163 1308/997/2163
f 1284/973/2164 1279/968/2164 1308/997/2164
f 1308/997/2165 1279/968/2114 1278/967/2113
f 1309/876/2166 1310/874/2166 1311/875/2166
f 1310/874/2167 1312/873/2167 1311/875/2167
f 1311/875/2168 1312/873/2168 1313/877/2168
f 1312/873/2169 1314/779/2169 1313/877/2169
f 1313/877/2170 1314/779/2170 1315/878/2170
f 1314/779/2171 1316/780/2171 1315/878/2171
f 1315/878/2172 1316/780/2172 1317/879/2172
f 1316/780/2173 1318/806/2173 1317/879/2173
f 1317/879/2174 1318/806/2174 1319/881/2174
f 1318/806/2175 1320/882/2175 1319/881/2175
f 1310/874/2176 1321/872/2176 1312/873/2176
f 1321/872/2177 1322/778/2177 1312/873/2177
f 1312/873/2178 1322/778/2178 1314/779/2178
f 1322/778/2179 1323/725/2179 1314/779/2179
f 1314/779/2180 1323/725/2180 1324/727/2180
f 1323/725/2181 1325/726/2181 1324/727/2181
f 1324/727/2182 1325/726/2182 1326/728/2182
f 1325/726/2183 1327/739/2183 1326/728/2183
f 1326/728/2184 1327/739/2184 1328/738/2184
f 1314/779/2185 1324/727/2185 1329/729/2185
f 1324/727/2186 1326/728/2186 1329/729/2186
f 1329/729/2187 1326/728/2187 1330/730/2187
f 1326/728/2188 1328/738/2188 1330/730/2188
f 1330/730/2189 1328/738/2189 1331/737/2189
f 1331/737/2190 1332/732/2190 1330/730/2190
f 1332/732/2191 1333/731/2191 1330/730/2191
f 1330/730/2192 1333/731/2193 1329/729/2194
f 1333/731/2193 1334/781/2195 1329/729/2194
f 1329/729/2194 1334/781/2195 1316/780/2196
f 1334/781/2197 1318/806/2197 1316/780/2197
f 1332/732/2198 1335/733/2198 1333/731/2198
f 1335/733/2199 1336/782/2199 1333/731/2199
f 1333/731/2200 1336/782/2200 1334/781/2200
f 1336/782/2201 1337/802/2201 1334/781/2201
f 1334/781/2202 1337/802/2202 1338/803/2202
f 1338/803/2203 1339/804/2203 1334/781/2203
f 1339/804/2204 1340/805/2204 1334/781/2204
f 1334/781/2205 1340/805/2205 1318/806/2205
f 1340/805/2206 1341/807/2206 1318/806/2206
f 1318/806/2207 1341/807/2207 1342/808/2207
f 1341/807/2208 1343/809/2208 1342/808/2208
f 1342/808/2209 1343/809/2209 1344/810/2209
f 1343/809/2210 1345/811/2210 1344/810/2210
f 1344/810/2211 1345/811/2211 1346/812/2211
f 1345/811/2212 1347/813/2212 1346/812/2212
f 1346/812/2213 1347/813/2213 1348/814/2213
f 1347/813/2214 1349/815/2214 1348/814/2214
f 1348/814/2215 1349/815/2215 1350/816/2215
f 1349/815/2216 1351/817/2217 1350/816/2218
f 1350/816/2218 1351/817/2217 1352/818/2219
f 1351/817/2220 1353/819/2220 1352/818/2220
f 1352/818/2221 1353/819/2221 1354/820/2221
f 1353/819/2222 1355/821/2222 1354/820/2222
f 1354/820/2223 1355/821/2223 1356/822/2223
f 1355/821/2224 1357/823/2224 1356/822/2224
f 1356/822/2225 1357/823/2225 1358/824/2225
f 1357/823/2226 1355/821/2226 1359/825/2226
f 1355/821/2227 1353/819/2227 1359/825/2227
f 1359/825/2228 1353/819/2228 1360/826/2228
f 1353/819/2229 1351/817/2229 1360/826/2229
f 1360/826/2230 1351/817/2230 1361/827/2230
f 1351/817/2231 1349/815/2231 1361/827/2231
f 1361/827/2232 1349/815/2232 1362/828/2232
f 1349/815/2233 1347/813/2233 1362/828/2233
f 1362/828/2234 1347/813/2235 1363/829/2236
f 1347/813/2235 1345/811/2237 1363/829/2236
f 1363/829/2238 1345/811/2238 1364/830/2238
f 1345/811/2239 1343/809/2239 1364/830/2239
f 1364/830/2240 1343/809/2240 1365/831/2240
f 1343/809/2241 1341/807/2241 1365/831/2241
f 1365/831/2242 1341/807/2243 1366/832/2244
f 1341/807/2243 1339/804/2245 1366/832/2244
f 1311/875/2246 1313/877/2246 1367/963/2246
f 1313/877/2247 1368/964/2247 1367/963/2247
f 1367/963/2248 1368/964/2248 1369/967/2248
f 1368/964/2249 1370/968/2249 1369/967/2249
f 1369/967/2250 1370/968/2250 1371/997/2250
f 1370/968/2251 1372/973/2251 1371/997/2251
f 1371/997/2252 1372/973/2252 1373/996/2252
f 1372/973/2253 1374/976/2253 1373/996/2253
f 1373/996/2254 1374/976/2254 1375/995/2254
f 1374/976/2255 1376/979/2255 1375/995/2255
f 1375/995/2256 1376/979/2257 1377/994/2258
f 1376/979/2257 1378/982/2259 1377/994/2258
f 1377/994/2260 1378/982/2260 1379/992/2260
f 1378/982/2261 1380/991/2261 1379/992/2261
f 1379/992/2262 1380/991/2262 1381/993/2262
f 1380/991/2263 1382/990/2263 1381/993/2263
f 1370/968/2264 1383/971/2264 1372/973/2264
f 1383/971/2265 1384/974/2265 1372/973/2265
f 1372/973/2266 1384/974/2266 1374/976/2266
f 1384/974/2267 1385/977/2267 1374/976/2267
f 1374/976/2268 1385/977/2268 1376/979/2268
f 1385/977/2269 1386/980/2270 1376/979/2271
f 1376/979/2271 1386/980/2270 1378/982/2272
f 1386/980/2273 1387/983/2273 1378/982/2273
f 1378/982/2274 1387/983/2274 1380/991/2274
f 1387/983/2275 1388/986/2275 1380/991/2275
f 1380/991/2276 1388/986/2276 1389/988/2276
f 1388/986/2277 1390/987/2277 1389/988/2277
f 1389/988/2278 1390/987/2278 1391/989/2278
f 1370/968/2279 1392/969/2279 1383/971/2279
f 1392/969/2280 1393/972/2280 1383/971/2280
f 1383/971/2281 1393/972/2281 1384/974/2281
f 1393/972/2282 1394/975/2283 1384/974/2284
f 1384/974/2284 1394/975/2283 1385/977/2285
f 1394/975/2283 1395/978/2286 1385/977/2285
f 1385/977/2287 1395/978/2287 1386/980/2287
f 1395/978/2288 1396/981/2288 1386/980/2288
f 1386/980/2289 1396/981/2289 1387/983/2289
f 1396/981/2290 1397/984/2290 1387/983/2290
f 1387/983/2291 1397/984/2291 1398/985/2291
f 1392/969/2292 1370/968/2293 1399/965/2294
f 1370/968/2293 1368/964/2295 1399/965/2294
f 1399/965/2296 1368/964/2296 1315/878/2296
f 1368/964/2297 1313/877/2297 1315/878/2297
f 1315/878/2298 1400/880/2298 1399/965/2298
f 1400/880/2299 1401/966/2299 1399/965/2299
f 1399/965/2300 1401/966/2301 1392/969/2302
f 1401/966/2301 1402/970/2303 1392/969/2302
f 1392/969/2304 1402/970/2304 1393/972/2304
f 1315/878/2305 1317/879/2305 1400/880/2305
f 1317/879/2306 1319/881/2306 1400/880/2306
f 1387/983/2307 1398/985/2307 1388/986/2307
f 1398/985/2308 1390/987/2308 1388/986/2308
f 1318/806/2309 1342/808/2309 1320/882/2309
f 1342/808/2310 1403/883/2310 1320/882/2310
f 1342/808/2311 1344/810/2311 1403/883/2311
f 1344/810/2312 1404/884/2313 1403/883/2314
f 1344/810/2312 1346/812/2315 1404/884/2313
f 1346/812/2316 1405/885/2316 1404/884/2316
f 1346/812/2317 1348/814/2317 1405/885/2317
f 1348/814/2318 1406/886/2318 1405/885/2318
f 1406/886/2319 1348/814/2320 1407/887/2321
f 1348/814/2320 1350/816/2322 1407/887/2321
f 1407/887/2321 1350/816/2322 1408/888/2323
f 1350/816/2324 1352/818/2325 1408/888/2326
f 1408/888/2326 1352/818/2325 1354/820/2327
f 1408/888/2328 1354/820/2328 1409/889/2328
f 1354/820/2329 1410/890/2330 1409/889/2331
f 1354/820/2329 1356/822/2332 1410/890/2330
f 1356/822/2333 1358/824/2333 1410/890/2333
f 1380/991/2334 1389/988/2334 1382/990/2334
f 1389/988/2335 1391/989/2335 1382/990/2335
f 1331/737/2336 1411/736/2336 1332/732/2336
f 1411/736/2337 1412/734/2337 1332/732/2337
f 1332/732/2338 1412/734/2338 1335/733/2338
f 1412/734/2339 1413/735/2339 1335/733/2339
f 1335/733/2340 1413/735/2340 1414/784/2340
f 1413/735/2341 1415/929/2341 1414/784/2341
f 1414/784/2342 1415/929/2342 1416/786/2342
f 1415/929/2343 1417/930/2343 1416/786/2343
f 1416/786/2344 1417/930/2344 1418/788/2344
f 1417/930/2345 1419/931/2345 1418/788/2345
f 1418/788/2346 1419/931/2346 1420/790/2346
f 1419/931/2347 1421/792/2347 1420/790/2347
f 1420/790/2348 1421/792/2349 1422/791/2350
f 1421/792/2349 1423/793/2351 1422/791/2350
f 1422/791/2352 1423/793/2352 1424/795/2352
f 1423/793/2353 1425/796/2353 1424/795/2353
f 1424/795/2354 1425/796/2354 1426/794/2354
f 1425/796/2355 1427/797/2355 1426/794/2355
f 1426/794/2356 1427/797/2356 1428/798/2356
f 1420/790/2357 1429/789/2357 1418/788/2357
f 1429/789/2358 1430/787/2358 1418/788/2358
f 1418/788/2359 1430/787/2359 1416/786/2359
f 1430/787/2360 1431/785/2360 1416/786/2360
f 1416/786/2361 1431/785/2361 1414/784/2361
f 1431/785/2362 1432/783/2362 1414/784/2362
f 1414/784/2363 1432/783/2363 1335/733/2363
f 1432/783/2364 1336/782/2364 1335/733/2364
f 1420/790/2365 1422/791/2365 1429/789/2365
f 1422/791/2366 1426/794/2366 1429/789/2366
f 1429/789/2367 1426/794/2367 1428/798/2367
f 1428/798/2368 1433/799/2368 1429/789/2368
f 1433/799/2369 1430/787/2369 1429/789/2369
f 1430/787/2370 1433/799/2370 1431/785/2370
f 1433/799/2371 1434/800/2371 1431/785/2371
f 1431/785/2372 1434/800/2372 1435/801/2372
f 1431/785/2373 1435/801/2373 1432/783/2373
f 1435/801/2374 1337/802/2374 1432/783/2374
f 1432/783/2375 1337/802/2375 1336/782/2375
f 1327/739/2376 1325/726/2376 1436/740/2376
f 1325/726/2377 1437/724/2377 1436/740/2377
f 1436/740/2378 1437/724/2378 1438/741/2378
f 1437/724/2379 1439/742/2379 1438/741/2379
f 1438/741/2380 1439/742/2380 1440/743/2380
f 1439/742/2381 1441/744/2381 1440/743/2381
f 1440/743/2382 1441/744/2382 1442/745/2382
f 1441/744/2383 1443/707/2383 1442/745/2383
f 1442/745/2384 1443/707/2384 1444/706/2384
f 1443/707/2385 1445/608/2385 1444/706/2385
f 1444/706/2386 1445/608/2386 1446/610/2386
f 1445/608/2387 1447/609/2387 1446/610/2387
f 1446/610/2388 1447/609/2388 1448/611/2388
f 1447/609/2389 1449/615/2389 1448/611/2389
f 1448/611/2390 1449/615/2390 1450/616/2390
f 1449/615/2391 1451/614/2391 1450/616/2391
f 1450/616/2392 1451/614/2392 1452/700/2392
f 1451/614/2393 1453/699/2393 1452/700/2393
f 1443/707/2394 1454/606/2394 1445/608/2394
f 1454/606/2395 1455/607/2395 1445/608/2395
f 1445/608/2396 1455/607/2396 1447/609/2396
f 1455/607/2397 1451/614/2397 1447/609/2397
f 1447/609/2398 1451/614/2398 1449/615/2398
f 1451/614/2399 1455/607/2399 1456/605/2399
f 1455/607/2400 1454/606/2400 1456/605/2400
f 1456/605/2401 1454/606/2401 1457/604/2401
f 1454/606/2402 1458/755/2402 1457/604/2402
f 1457/604/2403 1458/755/2403 1459/655/2403
f 1458/755/2404 1460/754/2404 1459/655/2404
f 1459/655/2405 1460/754/2405 1461/753/2405
f 1460/754/2406 1458/755/2406 1462/709/2406
f 1458/755/2407 1454/606/2407 1462/709/2407
f 1462/709/2408 1454/606/2409 1463/708/2410
f 1454/606/2411 1443/707/2411 1463/708/2411
f 1463/708/2412 1443/707/2412 1464/720/2412
f 1443/707/2413 1441/744/2413 1464/720/2413
f 1464/720/2414 1441/744/2414 1465/722/2414
f 1441/744/2415 1439/742/2415 1465/722/2415
f 1465/722/2416 1439/742/2416 1437/724/2416
f 1464/720/2417 1465/722/2417 1466/721/2417
f 1465/722/2418 1467/723/2418 1466/721/2418
f 1466/721/2419 1467/723/2420 1468/776/2421
f 1467/723/2422 1322/778/2422 1468/776/2422
f 1468/776/2423 1322/778/2423 1469/774/2423
f 1322/778/2424 1321/872/2424 1469/774/2424
f 1469/774/2425 1321/872/2425 1470/894/2425
f 1321/872/2426 1471/895/2426 1470/894/2426
f 1470/894/2427 1471/895/2427 1472/896/2427
f 1471/895/2428 1473/897/2428 1472/896/2428
f 1472/896/2429 1473/897/2429 1474/900/2429
f 1473/897/2430 1475/901/2430 1474/900/2430
f 1474/900/2431 1475/901/2432 1476/906/2433
f 1475/901/2432 1477/905/2434 1476/906/2433
f 1476/906/2433 1477/905/2434 1478/907/2435
f 1477/905/2436 1479/908/2436 1478/907/2436
f 1478/907/2437 1479/908/2437 1480/925/2437
f 1479/908/2438 1481/913/2438 1480/925/2438
f 1480/925/2439 1481/913/2440 1482/924/2441
f 1481/913/2440 1483/921/2442 1482/924/2441
f 1322/778/2443 1467/723/2443 1323/725/2443
f 1467/723/2444 1437/724/2444 1323/725/2444
f 1323/725/2445 1437/724/2445 1325/726/2445
f 1440/743/2446 1442/745/2446 1484/748/2446
f 1442/745/2447 1444/706/2447 1484/748/2447
f 1484/748/2448 1444/706/2448 1485/747/2448
f 1444/706/2449 1486/703/2449 1485/747/2449
f 1485/747/2450 1486/703/2450 1487/705/2450
f 1486/703/2451 1488/704/2451 1487/705/2451
f 1488/704/2452 1486/703/2452 1489/702/2452
f 1486/703/2453 1446/610/2453 1489/702/2453
f 1489/702/2454 1446/610/2454 1490/612/2454
f 1446/610/2455 1448/611/2455 1490/612/2455
f 1490/612/2456 1448/611/2456 1491/613/2456
f 1448/611/2457 1492/617/2457 1491/613/2457
f 1491/613/2458 1492/617/2458 1493/619/2458
f 1492/617/2459 1494/618/2459 1493/619/2459
f 1493/619/2460 1494/618/2460 1495/620/2460
f 1494/618/2461 1496/701/2461 1495/620/2461
f 1495/620/2462 1496/701/2462 1497/622/2462
f 1496/701/2463 1494/618/2463 1450/616/2463
f 1494/618/2464 1492/617/2464 1450/616/2464
f 1450/616/2465 1492/617/2465 1448/611/2465
f 1460/754/2466 1462/709/2466 1498/833/2466
f 1462/709/2467 1499/711/2467 1498/833/2467
f 1498/833/2468 1499/711/2468 1500/834/2468
f 1499/711/2469 1501/835/2469 1500/834/2469
f 1500/834/2470 1501/835/2470 1502/959/2470
f 1501/835/2471 1503/841/2472 1502/959/2473
f 1499/711/2474 1462/709/2474 1504/710/2474
f 1462/709/2408 1463/708/2410 1504/710/2475
f 1504/710/2475 1463/708/2410 1505/718/2476
f 1463/708/2477 1506/719/2477 1505/718/2477
f 1505/718/2478 1506/719/2478 1507/927/2478
f 1506/719/2479 1508/777/2479 1507/927/2479
f 1507/927/2480 1508/777/2480 1509/926/2480
f 1508/777/2481 1510/773/2481 1509/926/2481
f 1509/926/2482 1510/773/2482 1511/771/2482
f 1510/773/2483 1512/772/2483 1511/771/2483
f 1511/771/2484 1512/772/2485 1513/770/2486
f 1512/772/2487 1514/892/2487 1513/770/2487
f 1513/770/2488 1514/892/2488 1515/891/2488
f 1463/708/2489 1464/720/2489 1506/719/2489
f 1464/720/2490 1466/721/2490 1506/719/2490
f 1506/719/2491 1466/721/2491 1508/777/2491
f 1466/721/2419 1468/776/2421 1508/777/2492
f 1508/777/2493 1468/776/2493 1516/775/2493
f 1468/776/2494 1469/774/2494 1516/775/2494
f 1516/775/2495 1469/774/2495 1510/773/2495
f 1469/774/2496 1512/772/2496 1510/773/2496
f 1512/772/2497 1469/774/2497 1517/893/2497
f 1469/774/2498 1470/894/2498 1517/893/2498
f 1491/613/2499 1493/619/2500 1518/682/2500
f 1493/619/2500 1519/683/2501 1518/682/2500
f 1519/683/2502 1493/619/2502 1520/684/2502
f 1493/619/2503 1521/621/2503 1520/684/2503
f 1520/684/2504 1521/621/2505 1522/686/2506
f 1521/621/2507 1523/623/2507 1522/686/2507
f 1522/686/2508 1523/623/2508 1524/687/2508
f 1493/619/2509 1495/620/2509 1521/621/2509
f 1495/620/2510 1497/622/2510 1521/621/2510
f 1521/621/2511 1497/622/2511 1523/623/2511
f 1321/872/2512 1310/874/2512 1471/895/2512
f 1310/874/2513 1473/897/2513 1471/895/2513
f 1473/897/2514 1310/874/2514 1525/898/2514
f 1310/874/2515 1309/876/2516 1525/898/2517
f 1525/898/2517 1309/876/2516 1526/899/2518
f 1526/899/2519 1527/902/2519 1525/898/2519
f 1527/902/2520 1475/901/2520 1525/898/2520
f 1525/898/2521 1475/901/2521 1473/897/2521
f 1526/899/2522 1528/903/2522 1527/902/2522
f 1528/903/2523 1529/904/2523 1527/902/2523
f 1527/902/2524 1529/904/2524 1475/901/2524
f 1529/904/2525 1477/905/2525 1475/901/2525
f 1528/903/2526 1530/910/2526 1529/904/2526
f 1530/910/2527 1531/909/2527 1529/904/2527
f 1529/904/2528 1531/909/2528 1477/905/2528
f 1531/909/2529 1479/908/2529 1477/905/2529
f 1530/910/2530 1532/912/2530 1531/909/2530
f 1532/912/2531 1533/911/2532 1531/909/2533
f 1531/909/2534 1533/911/2534 1479/908/2534
f 1533/911/2535 1481/913/2535 1479/908/2535
f 1533/911/2536 1534/914/2536 1481/913/2536
f 1534/914/2537 1535/917/2537 1481/913/2537
f 1481/913/2538 1535/917/2538 1483/921/2538
f 1535/917/2539 1536/922/2539 1483/921/2539
f 1533/911/2540 1537/915/2540 1534/914/2540
f 1537/915/2541 1538/916/2541 1534/914/2541
f 1534/914/2542 1538/916/2542 1539/919/2542
f 1538/916/2543 1540/920/2543 1539/919/2543
f 1539/919/2544 1540/920/2544 1541/918/2544
f 1540/920/2545 1542/923/2545 1541/918/2545
f 1541/918/2546 1542/923/2546 1536/922/2546
f 1536/922/2547 1535/917/2547 1541/918/2547
f 1535/917/2548 1534/914/2548 1541/918/2548
f 1541/918/2549 1534/914/2549 1539/919/2549
f 1532/912/2531 1543/928/2550 1533/911/2532
f 1543/928/2551 1537/915/2551 1533/911/2551
f 1457/604/2552 1459/655/2552 1544/654/2552
f 1459/655/2553 1545/656/2553 1544/654/2553
f 1544/654/2554 1545/656/2554 1546/681/2554
f 1545/656/2555 1547/680/2555 1546/681/2555
f 1545/656/2556 1459/655/2556 1548/657/2556
f 1459/655/2557 1461/753/2558 1548/657/2559
f 1548/657/2559 1461/753/2558 1549/752/2560
f 1548/657/2561 1550/658/2561 1545/656/2561
f 1550/658/2562 1551/679/2562 1545/656/2562
f 1545/656/2563 1551/679/2563 1547/680/2563
f 1551/679/2564 1550/658/2564 1552/678/2564
f 1550/658/2565 1553/660/2565 1552/678/2565
f 1552/678/2566 1553/660/2566 1554/662/2566
f 1553/660/2567 1555/661/2567 1554/662/2567
f 1554/662/2568 1555/661/2569 1556/663/2570
f 1555/661/2571 1557/750/2572 1556/663/2573
f 1556/663/2574 1557/750/2574 1558/749/2574
f 1553/660/2575 1550/658/2575 1559/659/2575
f 1550/658/2576 1548/657/2576 1559/659/2576
f 1559/659/2577 1548/657/2577 1560/751/2577
f 1548/657/2578 1549/752/2578 1560/751/2578
f 1560/751/2579 1557/750/2579 1559/659/2579
f 1557/750/2572 1555/661/2571 1559/659/2580
f 1559/659/2581 1555/661/2581 1553/660/2581
f 1552/678/2582 1554/662/2582 1561/677/2582
f 1554/662/2583 1562/676/2583 1561/677/2583
f 1562/676/2584 1554/662/2584 1563/671/2584
f 1554/662/2585 1564/664/2585 1563/671/2585
f 1563/671/2586 1564/664/2586 1565/672/2586
f 1564/664/2587 1566/666/2587 1565/672/2587
f 1565/672/2588 1566/666/2589 1567/673/2589
f 1566/666/2589 1568/668/2589 1567/673/2589
f 1567/673/2590 1568/668/2590 1569/674/2590
f 1568/668/2591 1570/670/2591 1569/674/2591
f 1554/662/2568 1556/663/2570 1564/664/2592
f 1556/663/2593 1571/665/2593 1564/664/2593
f 1564/664/2594 1571/665/2594 1566/666/2594
f 1571/665/2595 1572/667/2595 1566/666/2595
f 1566/666/2596 1572/667/2596 1568/668/2596
f 1572/667/2597 1573/669/2597 1568/668/2597
f 1568/668/2598 1573/669/2598 1570/670/2598
f 1546/681/2599 1574/653/2599 1544/654/2599
f 1574/653/2600 1457/604/2600 1544/654/2600
f 1574/653/2601 1575/602/2601 1457/604/2601
f 1575/602/2602 1576/603/2602 1457/604/2602
f 1457/604/2603 1576/603/2603 1456/605/2603
f 1576/603/2604 1577/625/2604 1456/605/2604
f 1456/605/2605 1577/625/2605 1578/624/2605
f 1577/625/2606 1579/626/2606 1578/624/2606
f 1578/624/2607 1579/626/2607 1580/698/2607
f 1579/626/2608 1581/697/2608 1580/698/2608
f 1580/698/2609 1453/699/2609 1578/624/2609
f 1453/699/2610 1451/614/2610 1578/624/2610
f 1578/624/2611 1451/614/2611 1456/605/2611
f 1562/676/2612 1563/671/2612 1582/675/2612
f 1563/671/2613 1565/672/2613 1582/675/2613
f 1582/675/2614 1565/672/2614 1567/673/2614
f 1582/675/2615 1567/673/2615 1583/688/2615
f 1567/673/2616 1569/674/2616 1583/688/2616
f 1575/602/2617 1584/601/2617 1576/603/2617
f 1584/601/2618 1577/625/2618 1576/603/2618
f 1584/601/2619 1585/628/2619 1577/625/2619
f 1585/628/2620 1586/627/2620 1577/625/2620
f 1577/625/2621 1586/627/2621 1579/626/2621
f 1586/627/2622 1581/697/2622 1579/626/2622
f 1585/628/2623 1587/629/2623 1586/627/2623
f 1587/629/2624 1588/696/2624 1586/627/2624
f 1586/627/2625 1588/696/2625 1581/697/2625
f 1585/628/2626 1589/630/2626 1587/629/2626
f 1589/630/2627 1590/631/2627 1587/629/2627
f 1587/629/2628 1590/631/2628 1591/694/2628
f 1590/631/2629 1592/693/2629 1591/694/2629
f 1589/630/2630 1593/632/2630 1590/631/2630
f 1593/632/2631 1594/633/2631 1590/631/2631
f 1590/631/2632 1594/633/2632 1592/693/2632
f 1594/633/2633 1595/635/2633 1592/693/2633
f 1592/693/2634 1595/635/2634 1596/692/2634
f 1595/635/2635 1597/637/2635 1596/692/2635
f 1596/692/2636 1597/637/2636 1598/691/2636
f 1597/637/2637 1599/690/2637 1598/691/2637
f 1594/633/2638 1600/634/2638 1595/635/2638
f 1600/634/2639 1601/636/2639 1595/635/2639
f 1595/635/2640 1601/636/2640 1597/637/2640
f 1601/636/2641 1602/638/2641 1597/637/2641
f 1597/637/2642 1602/638/2642 1603/639/2642
f 1602/638/2643 1604/640/2643 1603/639/2643
f 1603/639/2644 1604/640/2645 1605/641/2646
f 1604/640/2645 1606/642/2647 1605/641/2646
f 1605/641/2648 1606/642/2648 1607/643/2648
f 1606/642/2649 1608/644/2649 1607/643/2649
f 1594/633/2650 1593/632/2650 1600/634/2650
f 1593/632/2651 1609/649/2651 1600/634/2651
f 1600/634/2652 1609/649/2652 1601/636/2652
f 1609/649/2653 1610/648/2653 1601/636/2653
f 1601/636/2654 1610/648/2654 1602/638/2654
f 1610/648/2654 1611/647/2655 1602/638/2654
f 1602/638/2656 1611/647/2656 1604/640/2656
f 1611/647/2657 1612/646/2657 1604/640/2657
f 1604/640/2658 1612/646/2658 1606/642/2658
f 1612/646/2659 1613/645/2659 1606/642/2659
f 1606/642/2660 1613/645/2660 1608/644/2660
f 1609/649/2661 1593/632/2661 1614/650/2661
f 1593/632/2662 1615/651/2662 1614/650/2662
f 1593/632/2663 1589/630/2663 1615/651/2663
f 1589/630/2664 1616/652/2664 1615/651/2664
f 1589/630/2665 1585/628/2665 1616/652/2665
f 1585/628/2666 1584/601/2666 1616/652/2666
f 1607/643/2667 1617/689/2667 1605/641/2667
f 1617/689/2668 1599/690/2668 1605/641/2668
f 1605/641/2669 1599/690/2669 1603/639/2669
f 1599/690/2670 1597/637/2670 1603/639/2670
f 1588/696/2671 1587/629/2671 1618/695/2671
f 1587/629/2672 1591/694/2672 1618/695/2672
f 1619/998/2673 1620/999/2673 1621/1000/2673
f 1620/999/2674 1622/1001/2674 1621/1000/2674
f 1621/1000/2675 1622/1001/2675 1623/1002/2675
f 1622/1001/2676 1624/1003/2676 1623/1002/2676
f 1623/1002/2677 1625/1004/2677 1621/1000/2677
f 1625/1004/2678 1626/1005/2678 1621/1000/2678
f 1621/1000/2679 1626/1005/2679 1627/1006/2679
f 1627/1006/2680 1628/1007/2680 1621/1000/2680
f 1628/1007/2681 1619/998/2681 1621/1000/2681
f 1620/999/2682 1629/1008/2682 1622/1001/2682
f 1629/1008/2683 1630/1009/2683 1622/1001/2683
f 1622/1001/2684 1630/1009/2684 1631/1010/2684
f 1631/1010/2685 1632/1011/2685 1622/1001/2685
f 1632/1011/2686 1633/1012/2686 1622/1001/2686
f 1622/1001/2687 1633/1012/2687 1624/1003/2687
f 1634/1013/2688 1635/1014/2688 1636/1015/2688
f 1635/1014/2689 1637/1016/2689 1636/1015/2689
f 1636/1015/2690 1637/1016/2690 1638/1017/2690
f 1637/1016/2691 1639/1018/2691 1638/1017/2691
f 1638/1017/2692 1639/1018/2692 1640/1019/2692
f 1639/1018/2693 1641/1020/2693 1640/1019/2693
f 1634/1013/2694 1642/1021/2694 1635/1014/2694
f 1642/1021/2695 1643/1022/2695 1635/1014/2695
f 1635/1014/2696 1643/1022/2696 1637/1016/2696
f 1643/1022/2696 1644/1023/2696 1637/1016/2696
f 1637/1016/2697 1644/1023/2697 1639/1018/2697
f 1644/1023/2697 1645/1024/2697 1639/1018/2697
f 1639/1018/2693 1645/1024/2693 1641/1020/2693
f 1645/1024/2693 1646/1025/2693 1641/1020/2693
f 1641/1020/2693 1646/1025/2693 1647/1026/2693
f 1646/1025/2698 1648/1027/2698 1647/1026/2698
f 1645/1024/2697 1644/1023/2697 1646/1025/2697
f 1644/1023/2697 1649/1028/2697 1646/1025/2697
f 1646/1025/2699 1649/1028/2699 1648/1027/2699
f 1649/1028/2700 1650/1029/2700 1648/1027/2700
f 1644/1023/2696 1643/1022/2696 1649/1028/2696
f 1643/1022/2696 1651/1030/2696 1649/1028/2696
f 1649/1028/2701 1651/1030/2701 1650/1029/2701
f 1651/1030/2702 1652/1031/2702 1650/1029/2702
f 1652/1031/2703 1651/1030/2703 1653/1032/2703
f 1651/1030/2695 1643/1022/2695 1653/1032/2695
f 1653/1032/2695 1643/1022/2695 1654/1033/2695
f 1643/1022/2695 1642/1021/2695 1654/1033/2695
f 1655/1004/2704 1656/1002/2704 1657/1000/2704
f 1656/1002/2705 1658/1001/2705 1657/1000/2705
f 1657/1000/2706 1658/1001/2706 1659/999/2706
f 1658/1001/2707 1660/1008/2707 1659/999/2707
f 1659/999/2708 1661/998/2708 1657/1000/2708
f 1661/998/2709 1662/1007/2709 1657/1000/2709
f 1657/1000/2710 1662/1007/2710 1663/1006/2710
f 1663/1006/2711 1664/1005/2711 1657/1000/2711
f 1664/1005/2712 1655/1004/2712 1657/1000/2712
f 1656/1002/2713 1665/1003/2713 1658/1001/2713
f 1665/1003/2714 1666/1012/2714 1658/1001/2714
f 1658/1001/2715 1666/1012/2715 1667/1011/2715
f 1667/1011/2716 1668/1010/2716 1658/1001/2716
f 1668/1010/2717 1669/1009/2717 1658/1001/2717
f 1658/1001/2718 1669/1009/2718 1660/1008/2718
f 1522/686/2719 1524/687/2719 1670/685/2719
f 1524/687/2720 1671/746/2720 1670/685/2720
f 1670/685/2721 1671/746/2721 1519/683/2721
f 1519/683/2722 1520/684/2722 1670/685/2722
f 1520/684/2504 1522/686/2506 1670/685/2723
f 1672/953/2724 1673/955/2724 1674/951/2724
f 1673/955/2725 1675/954/2725 1674/951/2725
f 1674/951/2726 1675/954/2726 1676/950/2726
f 1675/954/2727 1677/949/2727 1676/950/2727
f 1676/950/2728 1677/949/2728 1678/948/2728
f 1677/949/2729 1679/941/2729 1678/948/2729
f 1678/948/2730 1679/941/2730 1680/947/2730
f 1679/941/2731 1681/939/2732 1680/947/2733
f 1680/947/2734 1681/939/2734 1682/937/2734
f 1681/939/2735 1683/938/2735 1682/937/2735
f 1682/937/2736 1683/938/2736 1684/936/2736
f 1684/936/2737 1685/935/2737 1682/937/2737
f 1685/935/2738 1686/862/2738 1682/937/2738
f 1682/937/2739 1686/862/2739 1687/946/2739
f 1686/862/2740 1688/864/2740 1687/946/2740
f 1687/946/2741 1688/864/2742 1678/948/2743
f 1688/864/2744 1689/866/2744 1678/948/2744
f 1678/948/2745 1689/866/2745 1676/950/2745
f 1689/866/2746 1690/868/2746 1676/950/2746
f 1676/950/2747 1690/868/2747 1674/951/2747
f 1690/868/2748 1691/952/2748 1674/951/2748
f 1674/951/2749 1691/952/2749 1672/953/2749
f 1691/952/2750 1692/870/2750 1672/953/2750
f 1686/862/2751 1693/863/2751 1688/864/2751
f 1693/863/2752 1694/865/2752 1688/864/2752
f 1688/864/2753 1694/865/2753 1689/866/2753
f 1694/865/2754 1695/867/2754 1689/866/2754
f 1689/866/2755 1695/867/2755 1690/868/2755
f 1695/867/2756 1696/869/2756 1690/868/2756
f 1690/868/2757 1696/869/2757 1692/870/2757
f 1695/867/2758 1694/865/2758 1697/765/2758
f 1694/865/2759 1698/763/2759 1697/765/2759
f 1697/765/2760 1698/763/2760 1699/764/2760
f 1698/763/2761 1700/762/2761 1699/764/2761
f 1699/764/2762 1700/762/2762 1701/769/2762
f 1700/762/2763 1513/770/2763 1701/769/2763
f 1701/769/2764 1513/770/2764 1515/891/2764
f 1694/865/2765 1693/863/2765 1698/763/2765
f 1693/863/2766 1702/761/2766 1698/763/2766
f 1698/763/2767 1702/761/2767 1700/762/2767
f 1702/761/2768 1703/760/2768 1700/762/2768
f 1700/762/2769 1703/760/2769 1511/771/2769
f 1703/760/2770 1509/926/2770 1511/771/2770
f 1693/863/2771 1704/861/2771 1702/761/2771
f 1704/861/2772 1705/759/2772 1702/761/2772
f 1702/761/2773 1705/759/2773 1703/760/2773
f 1705/759/2774 1706/758/2774 1703/760/2774
f 1703/760/2775 1706/758/2775 1509/926/2775
f 1706/758/2776 1507/927/2776 1509/926/2776
f 1693/863/2777 1686/862/2777 1704/861/2777
f 1686/862/2778 1707/860/2779 1704/861/2780
f 1704/861/2781 1707/860/2781 1705/759/2781
f 1707/860/2782 1708/859/2782 1705/759/2782
f 1705/759/2783 1708/859/2783 1709/757/2783
f 1708/859/2784 1710/858/2784 1709/757/2784
f 1709/757/2785 1710/858/2785 1711/756/2785
f 1709/757/2786 1711/756/2786 1505/718/2786
f 1711/756/2787 1712/717/2787 1505/718/2787
f 1505/718/2788 1712/717/2788 1504/710/2788
f 1712/717/2789 1713/712/2789 1504/710/2789
f 1504/710/2790 1713/712/2790 1499/711/2790
f 1713/712/2791 1714/713/2791 1499/711/2791
f 1499/711/2792 1714/713/2792 1501/835/2792
f 1714/713/2793 1715/836/2793 1501/835/2793
f 1501/835/2794 1715/836/2794 1716/838/2794
f 1715/836/2795 1717/839/2795 1716/838/2795
f 1716/838/2796 1717/839/2796 1718/843/2796
f 1717/839/2797 1719/845/2797 1718/843/2797
f 1718/843/2798 1719/845/2798 1720/844/2798
f 1719/845/2799 1721/846/2799 1720/844/2799
f 1712/717/2800 1722/716/2800 1713/712/2800
f 1722/716/2801 1723/714/2801 1713/712/2801
f 1713/712/2802 1723/714/2802 1714/713/2802
f 1723/714/2803 1724/715/2803 1714/713/2803
f 1714/713/2804 1724/715/2804 1715/836/2804
f 1724/715/2805 1725/837/2805 1715/836/2805
f 1715/836/2806 1725/837/2806 1717/839/2806
f 1725/837/2807 1726/840/2807 1717/839/2807
f 1717/839/2808 1726/840/2808 1727/854/2808
f 1726/840/2809 1728/856/2809 1727/854/2809
f 1727/854/2810 1728/856/2810 1729/855/2810
f 1728/856/2811 1730/849/2811 1729/855/2811
f 1729/855/2812 1730/849/2813 1731/847/2814
f 1730/849/2813 1732/848/2815 1731/847/2814
f 1731/847/2816 1732/848/2816 1721/846/2816
f 1732/848/2817 1733/962/2817 1721/846/2817
f 1717/839/2818 1727/854/2818 1719/845/2818
f 1727/854/2819 1729/855/2820 1719/845/2821
f 1719/845/2821 1729/855/2820 1731/847/2822
f 1682/937/2823 1687/946/2823 1680/947/2823
f 1687/946/2741 1678/948/2743 1680/947/2824
f 1686/862/2778 1685/935/2825 1707/860/2779
f 1685/935/2826 1734/934/2826 1707/860/2826
f 1707/860/2827 1734/934/2827 1735/933/2827
f 1707/860/2828 1735/933/2828 1708/859/2828
f 1735/933/2829 1736/932/2829 1708/859/2829
f 1708/859/2830 1736/932/2830 1710/858/2830
f 1696/869/2831 1695/867/2831 1737/871/2831
f 1695/867/2832 1738/767/2832 1737/871/2832
f 1695/867/2833 1697/765/2833 1738/767/2833
f 1697/765/2834 1739/766/2834 1738/767/2834
f 1697/765/2835 1699/764/2835 1739/766/2835
f 1699/764/2836 1740/768/2836 1739/766/2836
f 1699/764/2837 1701/769/2837 1740/768/2837
f 1701/769/2838 1515/891/2838 1740/768/2838
f 1501/835/2471 1716/838/2839 1503/841/2472
f 1716/838/2840 1741/842/2840 1503/841/2840
f 1716/838/2841 1718/843/2841 1741/842/2841
f 1718/843/2842 1720/844/2842 1741/842/2842
f 1507/927/2843 1706/758/2843 1505/718/2843
f 1706/758/2844 1709/757/2844 1505/718/2844
f 1728/856/2845 1742/857/2845 1730/849/2845
f 1742/857/2846 1743/851/2846 1730/849/2846
f 1730/849/2847 1743/851/2847 1744/850/2847
f 1743/851/2848 1745/852/2848 1744/850/2848
f 1744/850/2849 1745/852/2849 1746/960/2849
f 1746/960/2850 1747/961/2850 1744/850/2850
f 1747/961/2851 1733/962/2851 1744/850/2851
f 1744/850/2852 1733/962/2852 1732/848/2852
f 1742/857/2853 1748/853/2853 1743/851/2853
f 1748/853/2854 1745/852/2854 1743/851/2854
f 1683/938/2855 1681/939/2855 1749/940/2855
f 1681/939/2732 1679/941/2731 1749/940/2856
f 1749/940/2857 1679/941/2857 1750/942/2857
f 1679/941/2858 1751/943/2858 1750/942/2858
f 1750/942/2859 1751/943/2859 1752/944/2859
f 1751/943/2860 1753/945/2860 1752/944/2860
f 1753/945/2861 1751/943/2861 1677/949/2861
f 1751/943/2862 1679/941/2862 1677/949/2862
f 1683/938/2863 1749/940/2863 1754/958/2863
f 1749/940/2864 1750/942/2864 1754/958/2864
f 1754/958/2865 1750/942/2865 1755/957/2865
f 1750/942/2866 1756/956/2866 1755/957/2866
f 1757/1034/2867 1758/1035/2867 1759/1036/2867
f 1758/1035/2868 1760/1037/2868 1759/1036/2868
f 1759/1036/2869 1760/1037/2869 1761/1038/2869
f 1760/1037/2870 1762/1039/2871 1761/1038/2872
f 1761/1038/2873 1762/1039/2874 1763/1040/2875
f 1762/1039/2876 1764/1041/2876 1763/1040/2876
f 1763/1040/2877 1764/1041/2877 1765/1042/2877
f 1764/1041/2878 1766/1043/2878 1765/1042/2878
f 1765/1042/2879 1766/1043/2880 1767/1044/2881
f 1766/1043/2882 1768/1045/2883 1767/1044/2884
f 1767/1044/2885 1768/1045/2886 1769/1046/2887
f 1768/1045/2888 1770/1036/2888 1769/1046/2888
f 1769/1046/2889 1770/1036/2889 1771/1047/2889
f 1770/1036/2890 1772/1048/2890 1771/1047/2890
f 1771/1047/2891 1772/1048/2892 1773/1049/2893
f 1772/1048/2892 1774/1050/2894 1773/1049/2893
f 1773/1049/2895 1774/1050/2896 1775/1051/2897
f 1774/1050/2896 1776/1052/2898 1775/1051/2897
f 1775/1051/2899 1776/1052/2900 1777/1049/2901
f 1776/1052/2900 1778/1050/2902 1777/1049/2901
f 1777/1049/2903 1778/1050/2904 1779/1047/2905
f 1778/1050/2904 1780/1048/2906 1779/1047/2905
f 1779/1047/2907 1780/1048/2907 1759/1036/2907
f 1780/1048/2908 1781/1053/2908 1759/1036/2908
f 1759/1036/2909 1781/1053/2909 1782/1054/2909
f 1781/1053/2910 1783/1055/2910 1782/1054/2910
f 1782/1054/2911 1783/1055/2911 1784/1056/2911
f 1783/1055/2912 1785/1057/2912 1784/1056/2912
f 1784/1056/2913 1785/1057/2913 1786/1058/2913
f 1785/1057/2914 1787/1059/2914 1786/1058/2914
f 1786/1058/2915 1787/1059/2915 1788/1060/2915
f 1787/1059/2916 1789/1037/2917 1788/1060/2918
f 1788/1060/2919 1789/1037/2920 1790/1038/2921
f 1789/1037/2922 1770/1036/2922 1790/1038/2922
f 1790/1038/2923 1770/1036/2923 1791/1061/2923
f 1770/1036/2924 1792/1062/2924 1791/1061/2924
f 1791/1061/2925 1792/1062/2926 1793/1040/2927
f 1792/1062/2926 1766/1043/2928 1793/1040/2927
f 1793/1040/2929 1766/1043/2929 1764/1041/2929
f 1759/1036/2930 1782/1054/2930 1757/1034/2930
f 1782/1054/2931 1784/1056/2931 1757/1034/2931
f 1757/1034/2932 1784/1056/2933 1794/1059/2932
f 1784/1056/2934 1786/1058/2934 1794/1059/2934
f 1794/1059/2935 1786/1058/2935 1795/1063/2935
f 1786/1058/2936 1788/1060/2936 1795/1063/2936
f 1795/1063/2937 1788/1060/2938 1796/1039/2939
f 1788/1060/2919 1790/1038/2921 1796/1039/2940
f 1796/1039/2941 1790/1038/2942 1791/1061/2943
f 1791/1061/2943 1793/1040/2944 1796/1039/2941
f 1793/1040/2945 1797/1064/2945 1796/1039/2945
f 1796/1039/2939 1797/1064/2946 1795/1063/2937
f 1797/1064/2947 1798/1060/2948 1795/1063/2949
f 1795/1063/2950 1798/1060/2950 1794/1059/2950
f 1798/1060/2951 1758/1035/2952 1794/1059/2953
f 1794/1059/2932 1758/1035/2932 1757/1034/2932
f 1793/1040/2954 1764/1041/2954 1797/1064/2954
f 1764/1041/2955 1762/1039/2955 1797/1064/2955
f 1797/1064/2947 1762/1039/2956 1798/1060/2948
f 1762/1039/2871 1760/1037/2870 1798/1060/2957
f 1798/1060/2951 1760/1037/2958 1758/1035/2952
f 1770/1036/2959 1768/1045/2959 1792/1062/2959
f 1768/1045/2883 1766/1043/2882 1792/1062/2960
f 1772/1048/2961 1799/1053/2961 1774/1050/2961
f 1799/1053/2962 1800/1065/2962 1774/1050/2962
f 1774/1050/2963 1800/1065/2964 1776/1052/2965
f 1800/1065/2964 1801/1066/2966 1776/1052/2965
f 1776/1052/2967 1801/1066/2968 1778/1050/2969
f 1801/1066/2968 1802/1065/2970 1778/1050/2969
f 1778/1050/2971 1802/1065/2971 1780/1048/2971
f 1802/1065/2972 1781/1053/2972 1780/1048/2972
f 1772/1048/2973 1770/1036/2973 1799/1053/2973
f 1770/1036/2974 1803/1054/2974 1799/1053/2974
f 1799/1053/2975 1803/1054/2975 1800/1065/2975
f 1803/1054/2976 1804/1055/2976 1800/1065/2976
f 1800/1065/2977 1804/1055/2977 1801/1066/2977
f 1804/1055/2978 1805/1067/2978 1801/1066/2978
f 1801/1066/2979 1805/1067/2979 1802/1065/2979
f 1805/1067/2980 1783/1055/2980 1802/1065/2980
f 1802/1065/2981 1783/1055/2981 1781/1053/2981
f 1783/1055/2982 1805/1067/2982 1785/1057/2982
f 1805/1067/2983 1806/1056/2983 1785/1057/2983
f 1785/1057/2984 1806/1056/2984 1787/1059/2984
f 1806/1056/2985 1807/1035/2985 1787/1059/2985
f 1787/1059/2916 1807/1035/2986 1789/1037/2917
f 1807/1035/2987 1770/1036/2987 1789/1037/2987
f 1805/1067/2988 1804/1055/2988 1806/1056/2988
f 1804/1055/2989 1808/1034/2989 1806/1056/2989
f 1806/1056/2985 1808/1034/2990 1807/1035/2985
f 1808/1034/2991 1770/1036/2991 1807/1035/2991
f 1770/1036/2992 1808/1034/2992 1803/1054/2992
f 1808/1034/2993 1804/1055/2993 1803/1054/2993
f 1769/1046/2994 1771/1047/2994 1809/1068/2994
f 1771/1047/2995 1773/1049/2995 1809/1068/2995
f 1809/1068/2996 1773/1049/2997 1810/1069/2998
f 1773/1049/2997 1775/1051/2999 1810/1069/2998
f 1810/1069/3000 1775/1051/3001 1811/1068/3002
f 1775/1051/3001 1777/1049/3003 1811/1068/3002
f 1811/1068/3004 1777/1049/3004 1812/1046/3004
f 1777/1049/3005 1779/1047/3005 1812/1046/3005
f 1812/1046/3006 1779/1047/3006 1759/1036/3006
f 1769/1046/2887 1809/1068/3007 1767/1044/2885
f 1809/1068/3008 1813/1070/3009 1767/1044/3010
f 1767/1044/2881 1813/1070/3011 1765/1042/2879
f 1813/1070/3012 1814/1043/3013 1765/1042/3014
f 1765/1042/3015 1814/1043/3015 1763/1040/3015
f 1814/1043/3016 1815/1061/3017 1763/1040/3018
f 1763/1040/2875 1815/1061/3019 1761/1038/2873
f 1815/1061/3020 1759/1036/3020 1761/1038/3020
f 1809/1068/3008 1810/1069/3021 1813/1070/3009
f 1810/1069/3022 1816/1044/3023 1813/1070/3024
f 1813/1070/3012 1816/1044/3025 1814/1043/3013
f 1816/1044/3026 1817/1062/3027 1814/1043/3028
f 1814/1043/3016 1817/1062/3029 1815/1061/3017
f 1817/1062/3030 1759/1036/3030 1815/1061/3030
f 1810/1069/3022 1811/1068/3031 1816/1044/3023
f 1811/1068/3032 1818/1045/3033 1816/1044/3034
f 1816/1044/3026 1818/1045/3035 1817/1062/3027
f 1818/1045/3036 1759/1036/3036 1817/1062/3036
f 1759/1036/3037 1818/1045/3037 1812/1046/3037
f 1818/1045/3033 1811/1068/3032 1812/1046/3038
f 1819/1064/3039 1820/1039/3039 1821/1040/3039
f 1820/1039/3040 1822/1061/3041 1821/1040/3042
f 1821/1040/3043 1822/1061/3044 1823/1062/3045
f 1822/1061/3046 1824/1036/3046 1823/1062/3046
f 1823/1062/3047 1824/1036/3047 1825/1045/3047
f 1824/1036/3048 1826/1046/3048 1825/1045/3048
f 1825/1045/3049 1826/1046/3050 1827/1044/3051
f 1826/1046/3050 1828/1068/3052 1827/1044/3051
f 1827/1044/3053 1828/1068/3053 1829/1070/3053
f 1828/1068/3021 1830/1069/3021 1829/1070/3021
f 1829/1070/3054 1830/1069/3054 1831/1044/3054
f 1830/1069/3055 1832/1068/3055 1831/1044/3055
f 1831/1044/3056 1832/1068/3057 1833/1045/3058
f 1832/1068/3057 1834/1046/3038 1833/1045/3058
f 1833/1045/3059 1834/1046/3059 1835/1036/3059
f 1834/1046/3060 1836/1047/3060 1835/1036/3060
f 1835/1036/3061 1836/1047/3061 1837/1048/3061
f 1836/1047/2906 1838/1050/2906 1837/1048/2906
f 1837/1048/3062 1838/1050/3062 1839/1065/3062
f 1838/1050/3063 1840/1066/3063 1839/1065/3063
f 1839/1065/3064 1840/1066/3065 1841/1067/3066
f 1840/1066/3067 1842/1055/3068 1841/1067/3069
f 1841/1067/3070 1842/1055/3071 1843/1056/3072
f 1842/1055/3073 1844/1034/3074 1843/1056/3075
f 1843/1056/3076 1844/1034/3076 1845/1035/3076
f 1844/1034/3077 1824/1036/3077 1845/1035/3077
f 1845/1035/3078 1824/1036/3078 1846/1037/3078
f 1824/1036/3079 1847/1038/3079 1846/1037/3079
f 1846/1037/3080 1847/1038/3081 1848/1060/3082
f 1847/1038/3081 1820/1039/3083 1848/1060/3082
f 1848/1060/3084 1820/1039/3085 1849/1063/3086
f 1820/1039/3085 1819/1064/3087 1849/1063/3086
f 1849/1063/3088 1819/1064/3089 1850/1060/3090
f 1819/1064/3089 1851/1039/3091 1850/1060/3090
f 1850/1060/3092 1851/1039/3093 1852/1037/3094
f 1851/1039/3093 1853/1038/3095 1852/1037/3094
f 1852/1037/3096 1853/1038/3096 1835/1036/3096
f 1853/1038/3097 1854/1061/3097 1835/1036/3097
f 1835/1036/3098 1854/1061/3098 1855/1062/3098
f 1854/1061/3099 1856/1043/3100 1855/1062/3101
f 1855/1062/3102 1856/1043/3103 1831/1044/3104
f 1856/1043/3105 1829/1070/3106 1831/1044/3107
f 1845/1035/3108 1846/1037/3109 1857/1059/3110
f 1846/1037/3109 1848/1060/3111 1857/1059/3110
f 1857/1059/3112 1848/1060/3113 1858/1058/3114
f 1848/1060/3113 1849/1063/3115 1858/1058/3114
f 1858/1058/2935 1849/1063/3116 1859/1059/3117
f 1849/1063/3116 1850/1060/3118 1859/1059/3117
f 1859/1059/3119 1850/1060/3120 1860/1035/3121
f 1850/1060/3120 1852/1037/3122 1860/1035/3121
f 1860/1035/3123 1852/1037/3123 1835/1036/3123
f 1845/1035/3124 1857/1059/3124 1843/1056/3124
f 1857/1059/3125 1861/1057/3126 1843/1056/3127
f 1843/1056/3072 1861/1057/3128 1841/1067/3070
f 1861/1057/3129 1862/1055/3130 1841/1067/2982
f 1841/1067/3066 1862/1055/3131 1839/1065/3064
f 1862/1055/3132 1863/1053/3132 1839/1065/3132
f 1839/1065/3133 1863/1053/3133 1837/1048/3133
f 1863/1053/3134 1835/1036/3134 1837/1048/3134
f 1857/1059/3125 1858/1058/2914 1861/1057/3126
f 1858/1058/3135 1864/1056/3136 1861/1057/3137
f 1861/1057/3129 1864/1056/3138 1862/1055/3130
f 1864/1056/3139 1865/1054/3140 1862/1055/3141
f 1862/1055/3142 1865/1054/3142 1863/1053/3142
f 1865/1054/3143 1835/1036/3143 1863/1053/3143
f 1858/1058/3135 1859/1059/3144 1864/1056/3136
f 1859/1059/3145 1866/1034/3145 1864/1056/3145
f 1864/1056/3139 1866/1034/3146 1865/1054/3140
f 1866/1034/3147 1835/1036/3147 1865/1054/3147
f 1835/1036/3148 1866/1034/3148 1860/1035/3148
f 1866/1034/2933 1859/1059/2933 1860/1035/2933
f 1824/1036/3149 1822/1061/3149 1847/1038/3149
f 1822/1061/3041 1820/1039/3040 1847/1038/3150
f 1835/1036/3151 1855/1062/3151 1833/1045/3151
f 1855/1062/3102 1831/1044/3104 1833/1045/3152
f 1836/1047/3153 1834/1046/3153 1867/1049/3153
f 1834/1046/3153 1832/1068/3154 1867/1049/3153
f 1867/1049/3155 1832/1068/3155 1868/1051/3155
f 1832/1068/3000 1830/1069/3000 1868/1051/3000
f 1868/1051/3156 1830/1069/3156 1869/1049/3156
f 1830/1069/3157 1828/1068/3157 1869/1049/3157
f 1869/1049/3158 1828/1068/3158 1870/1047/3158
f 1828/1068/3158 1826/1046/2994 1870/1047/3158
f 1870/1047/3159 1826/1046/3159 1824/1036/3159
f 1836/1047/3160 1867/1049/3160 1838/1050/3160
f 1867/1049/3161 1871/1052/3161 1838/1050/3161
f 1838/1050/3162 1871/1052/3162 1840/1066/3162
f 1871/1052/3163 1872/1065/3163 1840/1066/3163
f 1840/1066/3067 1872/1065/3164 1842/1055/3068
f 1872/1065/3165 1873/1054/3165 1842/1055/3165
f 1842/1055/3073 1873/1054/2993 1844/1034/3074
f 1873/1054/3166 1824/1036/3166 1844/1034/3166
f 1867/1049/3167 1868/1051/3167 1871/1052/3167
f 1868/1051/3168 1874/1050/3168 1871/1052/3168
f 1871/1052/3169 1874/1050/3169 1872/1065/3169
f 1874/1050/3170 1875/1053/3170 1872/1065/3170
f 1872/1065/3171 1875/1053/3171 1873/1054/3171
f 1875/1053/3172 1824/1036/3172 1873/1054/3172
f 1868/1051/3173 1869/1049/3173 1874/1050/3173
f 1869/1049/3174 1876/1048/3174 1874/1050/3174
f 1874/1050/3175 1876/1048/3175 1875/1053/3175
f 1876/1048/3176 1824/1036/3176 1875/1053/3176
f 1824/1036/3177 1876/1048/3177 1870/1047/3177
f 1876/1048/3178 1869/1049/3178 1870/1047/3178
f 1827/1044/3179 1829/1070/3180 1877/1042/3181
f 1829/1070/3106 1856/1043/3105 1877/1042/3014
f 1877/1042/3182 1856/1043/3182 1878/1040/3182
f 1856/1043/3100 1854/1061/3099 1878/1040/3183
f 1878/1040/3184 1854/1061/3185 1853/1038/3186
f 1853/1038/3186 1851/1039/3187 1878/1040/3184
f 1851/1039/3188 1879/1041/3188 1878/1040/3188
f 1878/1040/3189 1879/1041/3189 1877/1042/3189
f 1879/1041/3190 1880/1043/3190 1877/1042/3190
f 1877/1042/3181 1880/1043/3191 1827/1044/3179
f 1880/1043/3192 1825/1045/3193 1827/1044/3194
f 1851/1039/3195 1819/1064/3195 1879/1041/3195
f 1819/1064/3196 1821/1040/3196 1879/1041/3196
f 1879/1041/3197 1821/1040/3197 1880/1043/3197
f 1821/1040/3043 1823/1062/3045 1880/1043/3198
f 1880/1043/3192 1823/1062/2960 1825/1045/3193
f 345/237/3199 273/210/3199 341/233/3199
f 4/4/3200 2/2/3200 339/231/3200
f 344/236/3201 342/234/3201 340/232/3201
f 1486/703/3202 1444/706/3202 1446/610/3202
f 73/61/3203 74/62/3203 334/215/3203
f 856/236/3204 852/232/3204 854/234/3204
f 857/237/3205 293/208/3205 855/235/3205
f 699/173/3206 701/171/3206 697/174/3206
f 622/182/3207 624/181/3207 623/180/3207
f 1132/821/3208 1134/823/3208 1136/825/3208
f 24/23/3209 62/57/3209 26/25/3209
f 354/246/3210 432/323/3210 352/244/3210
f 753/527/3211 764/536/3211 751/524/3211
f 664/484/3212 666/503/3212 748/510/3212
f 882/591/3213 900/589/3213 880/590/3213
f 669/505/3214 668/504/3214 667/487/3214
f 881/592/3215 879/580/3215 911/582/3215
f 866/597/3216 893/598/3216 864/551/3216
f 113/86/3217 115/88/3217 143/113/3217
f 112/85/3218 785/517/3218 114/87/3218
f 207/103/3219 214/105/3219 205/104/3219
f 254/194/3220 234/174/3220 236/176/3220
f 235/175/3221 319/222/3221 237/177/3221
f 242/182/3222 244/184/3222 246/186/3222
f 243/183/3223 317/220/3223 245/185/3223
f 1423/793/3224 1427/797/3224 1425/796/3224
f 1426/794/3225 1422/791/3225 1424/795/3225
f 1329/729/3226 1316/780/3226 1314/779/3226
f 1437/724/3227 1467/723/3227 1465/722/3227
f 1496/701/3228 1450/616/3228 1452/700/3228
f 1341/807/3229 1340/805/3229 1339/804/3229
f 1556/663/3230 1558/749/3230 1571/665/3230
f 1721/846/3231 1719/845/3231 1731/847/3231
f 1744/850/3232 1732/848/3232 1730/849/3232
f 1752/944/3233 1756/956/3233 1750/942/3233
f 1700/762/3234 1511/771/2484 1513/770/2486
f 1684/936/3235 1734/934/3235 1685/935/3235
f 1690/868/3236 1692/870/3236 1691/952/3236
f 1512/772/3237 1517/893/3237 1514/892/3237
f 1510/773/3238 1508/777/3238 1516/775/3238
f 1709/757/3239 1706/758/3239 1705/759/3239
f 79/18/3240 266/203/3240 77/65/3240
f 49/47/3241 51/49/3241 76/64/3241
f 61/56/3242 59/25/3242 60/55/3242
f 336/225/3243 333/226/3243 331/216/3243
f 270/207/3244 268/205/3244 272/209/3244
f 165/134/3245 561/152/3245 163/132/3245
f 743/523/3246 742/522/3246 775/541/3246
f 643/486/3247 681/492/3247 645/488/3247
f 670/502/3248 657/499/3248 640/483/3248
f 843/592/3249 833/582/3249 831/580/3249
f 848/597/3250 802/551/3250 849/598/3250
f 794/81/3251 1881/80/3251 723/82/3251
f 698/175/3252 708/224/3252 700/172/3252
f 620/183/3253 625/184/3253 608/185/3253
f 617/177/3254 619/219/3254 707/222/3254
f 816/565/3255 858/599/3255 817/566/3255
f 1105/794/3256 1107/796/3256 1106/795/3256
f 1012/701/3257 931/620/3257 933/622/3257
f 1118/807/3258 1115/804/3258 1116/805/3258
f 1301/990/3259 1302/991/3259 1304/993/3259
f 1211/900/3260 1217/906/1997 1212/901/1996
f 1225/914/3261 1230/919/3261 1227/916/3261
f 1180/869/3262 1182/871/3262 1178/867/3262
f 1179/868/3263 1263/952/3263 1181/870/3263
f 305/60/3264 69/41/3264 71/59/3264
f 91/75/3265 14/13/3265 12/12/3265
f 13/10/3266 15/14/3266 278/8/3266
f 18/17/3267 16/15/3267 105/67/3267
f 294/207/3268 292/209/3268 290/205/3268
f 189/136/3269 188/134/3269 212/162/3269
f 181/133/266 175/144/3270 162/131/267
f 494/385/3271 497/388/3271 386/278/3271
f 459/350/3272 458/349/3272 461/352/3272
f 475/366/3273 1882/1071/3273 473/364/3273
f 510/401/3274 509/400/3274 515/406/3274
f 536/427/3275 501/392/3275 1883/1072/3275
f 489/380/3276 1884/1073/3276 493/384/3276
