# Blender 5.0.1
# www.blender.org
mtllib boss_1.mtl
o mixamorig:R_Eye_Geo
v -0.022381 1.611691 0.307934
v -0.030358 1.617854 0.309796
v -0.040595 1.618344 0.309971
v -0.049182 1.612973 0.308393
v -0.052839 1.603794 0.305664
v -0.050170 1.594313 0.302828
v -0.042193 1.588151 0.300967
v -0.031956 1.587661 0.300791
v -0.023368 1.593031 0.302369
v -0.019711 1.602210 0.305098
v -0.020765 1.611373 0.312654
v -0.029662 1.618247 0.314731
v -0.041081 1.618793 0.314926
v -0.050659 1.612803 0.313166
v -0.054738 1.602565 0.310123
v -0.051760 1.591990 0.306959
v -0.042863 1.585117 0.304883
v -0.031445 1.584571 0.304688
v -0.021867 1.590560 0.306448
v -0.017788 1.600798 0.309491
v -0.020205 1.610298 0.317505
v -0.029416 1.617414 0.319654
v -0.041237 1.617979 0.319857
v -0.051153 1.611778 0.318035
v -0.055376 1.601179 0.314884
v -0.052293 1.590231 0.311609
v -0.043082 1.583115 0.309459
v -0.031261 1.582550 0.309257
v -0.021346 1.588751 0.311079
v -0.017122 1.599349 0.314230
v -0.020738 1.608539 0.322154
v -0.029635 1.615412 0.324230
v -0.041054 1.615958 0.324426
v -0.050632 1.609969 0.322666
v -0.054711 1.599731 0.319623
v -0.051733 1.589156 0.316459
v -0.042836 1.582282 0.314383
v -0.031418 1.581736 0.314187
v -0.021840 1.587726 0.315947
v -0.017761 1.597964 0.318990
v -0.022328 1.606216 0.326286
v -0.030305 1.612378 0.328147
v -0.040543 1.612868 0.328322
v -0.049130 1.607498 0.326745
v -0.052787 1.598319 0.324016
v -0.050118 1.588837 0.321180
v -0.042141 1.582675 0.319318
v -0.031903 1.582185 0.319143
v -0.023316 1.587555 0.320721
v -0.019659 1.596734 0.323449
v -0.024867 1.603487 0.329618
v -0.031380 1.608519 0.331138
v -0.039739 1.608919 0.331281
v -0.046751 1.604534 0.329993
v -0.049737 1.597039 0.327765
v -0.047557 1.589298 0.325449
v -0.041044 1.584266 0.323929
v -0.032685 1.583867 0.323786
v -0.025674 1.588251 0.325074
v -0.022688 1.595746 0.327302
v -0.028182 1.600539 0.331924
v -0.032787 1.604097 0.332999
v -0.038698 1.604380 0.333100
v -0.043656 1.601279 0.332189
v -0.045767 1.595980 0.330614
v -0.044226 1.590505 0.328976
v -0.039621 1.586948 0.327901
v -0.033710 1.586665 0.327800
v -0.028752 1.589765 0.328711
v -0.026641 1.595065 0.330286
v -0.032046 1.597572 0.333046
v -0.034430 1.599414 0.333602
v -0.037490 1.599560 0.333655
v -0.040056 1.597955 0.333183
v -0.041149 1.595212 0.332368
v -0.040351 1.592379 0.331520
v -0.037967 1.590537 0.330964
v -0.034908 1.590391 0.330912
v -0.032341 1.591995 0.331383
v -0.031248 1.594739 0.332198
v -0.036197 1.594789 0.332909
vn 0.7729 0.5934 -0.2245
vn 0.3286 0.9367 -0.1208
vn 0.3450 0.9384 0.0205
vn 0.8110 0.5784 -0.0882
vn -0.2417 0.9640 -0.1110
vn -0.2530 0.9670 0.0307
vn -0.7200 0.6648 -0.1990
vn -0.7546 0.6533 -0.0615
vn -0.9237 0.1536 -0.3510
vn -0.9682 0.1171 -0.2209
vn -0.7750 -0.3746 -0.5090
vn -0.8123 -0.4367 -0.3866
vn -0.3307 -0.7179 -0.6126
vn -0.3463 -0.7967 -0.4952
vn 0.2396 -0.7451 -0.6224
vn 0.2516 -0.8253 -0.5055
vn 0.7179 -0.4460 -0.5345
vn 0.7533 -0.5116 -0.4133
vn 0.9216 0.0653 -0.3825
vn 0.9669 0.0246 -0.2540
vn 0.3568 0.8955 0.2661
vn 0.8378 0.5239 0.1539
vn -0.2604 0.9250 0.2767
vn -0.7782 0.6012 0.1816
vn -0.9987 0.0478 0.0171
vn -0.8377 -0.5239 -0.1539
vn -0.3568 -0.8955 -0.2662
vn 0.2604 -0.9250 -0.2767
vn 0.7782 -0.6012 -0.1816
vn 0.9987 -0.0478 -0.0171
vn 0.3464 0.7967 0.4953
vn 0.8123 0.4367 0.3865
vn -0.2516 0.8253 0.5055
vn -0.7533 0.5116 0.4134
vn -0.9669 -0.0246 0.2540
vn -0.8110 -0.5784 0.0883
vn -0.3450 -0.9384 -0.0205
vn 0.2530 -0.9670 -0.0307
vn 0.7546 -0.6533 0.0615
vn 0.9683 -0.1171 0.2209
vn 0.3143 0.6484 0.6934
vn 0.7363 0.3224 0.5949
vn -0.2272 0.6743 0.7027
vn -0.6814 0.3902 0.6192
vn -0.8749 -0.0953 0.4749
vn -0.7337 -0.5968 0.3248
vn -0.3117 -0.9228 0.2264
vn 0.2298 -0.9487 0.2171
vn 0.6840 -0.6647 0.3006
vn 0.8775 -0.1791 0.4449
vn 0.2629 0.4602 0.8480
vn 0.6148 0.1884 0.7659
vn -0.1887 0.4818 0.8557
vn -0.5675 0.2449 0.7861
vn -0.7288 -0.1600 0.6657
vn -0.6111 -0.5782 0.5406
vn -0.2592 -0.8501 0.4585
vn 0.1924 -0.8717 0.4508
vn 0.5712 -0.6348 0.5204
vn 0.7325 -0.2299 0.6407
vn 0.1961 0.2465 0.9491
vn 0.4574 0.0446 0.8881
vn -0.1392 0.2625 0.9548
vn -0.4205 0.0866 0.9031
vn -0.5403 -0.2141 0.8138
vn -0.4529 -0.5247 0.7208
vn -0.1916 -0.7266 0.6599
vn 0.1438 -0.7426 0.6541
vn 0.4251 -0.5667 0.7058
vn 0.5449 -0.2660 0.7952
vn 0.1228 0.0327 0.9919
vn 0.2850 -0.0926 0.9541
vn -0.0852 0.0426 0.9954
vn -0.2598 -0.0665 0.9634
vn -0.3341 -0.2531 0.9079
vn -0.2798 -0.4458 0.8503
vn -0.1177 -0.5710 0.8125
vn 0.0904 -0.5810 0.8089
vn 0.2649 -0.4718 0.8410
vn 0.3392 -0.2853 0.8964
vn 0.0027 -0.2859 0.9582
vt 0.596869 0.786961
vt 0.597370 0.801719
vt 0.590188 0.803012
vt 0.589961 0.786940
vt 0.572005 0.831584
vt 0.556750 0.832180
vt 0.556918 0.825362
vt 0.573106 0.824112
vt 0.540587 0.832132
vt 0.540460 0.825313
vt 0.525336 0.831444
vt 0.524279 0.823965
vt 0.500151 0.801428
vt 0.500741 0.786673
vt 0.507648 0.786694
vt 0.507325 0.802763
vt 0.500239 0.771915
vt 0.507421 0.770622
vt 0.525604 0.742051
vt 0.540858 0.741454
vt 0.540691 0.748273
vt 0.524502 0.749523
vt 0.557022 0.741502
vt 0.557149 0.748322
vt 0.572272 0.742190
vt 0.573330 0.749669
vt 0.597458 0.772206
vt 0.590284 0.770870
vt 0.582372 0.803906
vt 0.583248 0.786920
vt 0.557276 0.818866
vt 0.573768 0.815461
vt 0.540141 0.818815
vt 0.523669 0.815311
vt 0.514361 0.786714
vt 0.515135 0.803705
vt 0.515237 0.769728
vt 0.540332 0.754768
vt 0.523841 0.758174
vt 0.557468 0.754820
vt 0.573940 0.758323
vt 0.582474 0.769929
vt 0.573489 0.805221
vt 0.577381 0.786903
vt 0.557180 0.813205
vt 0.540271 0.813154
vt 0.524010 0.805072
vt 0.520228 0.786732
vt 0.524120 0.768414
vt 0.540429 0.760430
vt 0.557337 0.760481
vt 0.573599 0.768562
vt 0.568558 0.801105
vt 0.572313 0.786887
vt 0.556045 0.808394
vt 0.541435 0.808351
vt 0.528966 0.800986
vt 0.525296 0.786747
vt 0.529051 0.772529
vt 0.541564 0.765240
vt 0.556174 0.765284
vt 0.568643 0.772648
vt 0.563882 0.797585
vt 0.567068 0.786872
vt 0.554432 0.803567
vt 0.543077 0.803533
vt 0.533663 0.797495
vt 0.530541 0.786762
vt 0.533727 0.776049
vt 0.543177 0.770067
vt 0.554532 0.770101
vt 0.563946 0.776139
vt 0.559027 0.794064
vt 0.561332 0.786855
vt 0.552669 0.798317
vt 0.544872 0.798293
vt 0.538539 0.794003
vt 0.536277 0.786780
vt 0.538582 0.779570
vt 0.544940 0.775318
vt 0.552737 0.775341
vt 0.559070 0.779632
vt 0.553922 0.790407
vt 0.555102 0.786836
vt 0.550756 0.792591
vt 0.546819 0.792579
vt 0.543666 0.790376
vt 0.542507 0.786798
vt 0.543687 0.783228
vt 0.546853 0.781044
vt 0.550791 0.781056
vt 0.553943 0.783258
vt 0.548805 0.786817
s 1
usemtl Eyes_MAT
f 1/1/1 2/2/2 12/3/3 11/4/4
f 2/5/2 3/6/5 13/7/6 12/8/3
f 3/6/5 4/9/7 14/10/8 13/7/6
f 4/9/7 5/11/9 15/12/10 14/10/8
f 5/13/9 6/14/11 16/15/12 15/16/10
f 6/14/11 7/17/13 17/18/14 16/15/12
f 7/19/13 8/20/15 18/21/16 17/22/14
f 8/20/15 9/23/17 19/24/18 18/21/16
f 9/23/17 10/25/19 20/26/20 19/24/18
f 10/27/19 1/1/1 11/4/4 20/28/20
f 11/4/4 12/3/3 22/29/21 21/30/22
f 12/8/3 13/7/6 23/31/23 22/32/21
f 13/7/6 14/10/8 24/33/24 23/31/23
f 14/10/8 15/12/10 25/34/25 24/33/24
f 15/16/10 16/15/12 26/35/26 25/36/25
f 16/15/12 17/18/14 27/37/27 26/35/26
f 17/22/14 18/21/16 28/38/28 27/39/27
f 18/21/16 19/24/18 29/40/29 28/38/28
f 19/24/18 20/26/20 30/41/30 29/40/29
f 20/28/20 11/4/4 21/30/22 30/42/30
f 21/30/22 22/29/21 32/43/31 31/44/32
f 22/32/21 23/31/23 33/45/33 32/43/31
f 23/31/23 24/33/24 34/46/34 33/45/33
f 24/33/24 25/34/25 35/47/35 34/46/34
f 25/36/25 26/35/26 36/48/36 35/47/35
f 26/35/26 27/37/27 37/49/37 36/48/36
f 27/39/27 28/38/28 38/50/38 37/49/37
f 28/38/28 29/40/29 39/51/39 38/50/38
f 29/40/29 30/41/30 40/52/40 39/51/39
f 30/42/30 21/30/22 31/44/32 40/52/40
f 31/44/32 32/43/31 42/53/41 41/54/42
f 32/43/31 33/45/33 43/55/43 42/53/41
f 33/45/33 34/46/34 44/56/44 43/55/43
f 34/46/34 35/47/35 45/57/45 44/56/44
f 35/47/35 36/48/36 46/58/46 45/57/45
f 36/48/36 37/49/37 47/59/47 46/58/46
f 37/49/37 38/50/38 48/60/48 47/59/47
f 38/50/38 39/51/39 49/61/49 48/60/48
f 39/51/39 40/52/40 50/62/50 49/61/49
f 40/52/40 31/44/32 41/54/42 50/62/50
f 41/54/42 42/53/41 52/63/51 51/64/52
f 42/53/41 43/55/43 53/65/53 52/63/51
f 43/55/43 44/56/44 54/66/54 53/65/53
f 44/56/44 45/57/45 55/67/55 54/66/54
f 45/57/45 46/58/46 56/68/56 55/67/55
f 46/58/46 47/59/47 57/69/57 56/68/56
f 47/59/47 48/60/48 58/70/58 57/69/57
f 48/60/48 49/61/49 59/71/59 58/70/58
f 49/61/49 50/62/50 60/72/60 59/71/59
f 50/62/50 41/54/42 51/64/52 60/72/60
f 51/64/52 52/63/51 62/73/61 61/74/62
f 52/63/51 53/65/53 63/75/63 62/73/61
f 53/65/53 54/66/54 64/76/64 63/75/63
f 54/66/54 55/67/55 65/77/65 64/76/64
f 55/67/55 56/68/56 66/78/66 65/77/65
f 56/68/56 57/69/57 67/79/67 66/78/66
f 57/69/57 58/70/58 68/80/68 67/79/67
f 58/70/58 59/71/59 69/81/69 68/80/68
f 59/71/59 60/72/60 70/82/70 69/81/69
f 60/72/60 51/64/52 61/74/62 70/82/70
f 61/74/62 62/73/61 72/83/71 71/84/72
f 62/73/61 63/75/63 73/85/73 72/83/71
f 63/75/63 64/76/64 74/86/74 73/85/73
f 64/76/64 65/77/65 75/87/75 74/86/74
f 65/77/65 66/78/66 76/88/76 75/87/75
f 66/78/66 67/79/67 77/89/77 76/88/76
f 67/79/67 68/80/68 78/90/78 77/89/77
f 68/80/68 69/81/69 79/91/79 78/90/78
f 69/81/69 70/82/70 80/92/80 79/91/79
f 70/82/70 61/74/62 71/84/72 80/92/80
f 71/84/72 72/83/71 81/93/81
f 72/83/71 73/85/73 81/93/81
f 73/85/73 74/86/74 81/93/81
f 74/86/74 75/87/75 81/93/81
f 75/87/75 76/88/76 81/93/81
f 76/88/76 77/89/77 81/93/81
f 77/89/77 78/90/78 81/93/81
f 78/90/78 79/91/79 81/93/81
f 79/91/79 80/92/80 81/93/81
f 80/92/80 71/84/72 81/93/81
o mixamorig:Head_Geo
v 0.011363 1.520170 0.342948
v 0.009772 1.488032 0.338079
v 0.008180 1.456001 0.331458
v 0.019955 1.523714 0.342087
v 0.022891 1.524508 0.361512
v 0.011856 1.522573 0.364339
v 0.022682 1.484251 0.342829
v 0.020740 1.455615 0.334443
v 0.042065 1.451046 0.323481
v 0.038478 1.485130 0.333446
v 0.035270 1.522252 0.337307
v 0.051289 1.592513 0.330423
v 0.047840 1.598558 0.336467
v 0.036746 1.594687 0.335937
v 0.061623 1.593804 0.336698
v 0.060874 1.602518 0.337616
v 0.073592 1.603707 0.334175
v 0.073257 1.594482 0.335477
v 0.081383 1.593796 0.328649
v 0.083497 1.601781 0.328508
v 0.084764 1.590970 0.320651
v 0.088496 1.597969 0.319271
v 0.084448 1.588361 0.313988
v 0.089726 1.591145 0.311934
v 0.086221 1.586209 0.313826
v 0.090432 1.588694 0.310281
v 0.043669 1.589332 0.323654
v 0.051295 1.593628 0.325969
v 0.060431 1.594704 0.332427
v 0.071677 1.594765 0.331910
v 0.079652 1.594034 0.326676
v 0.082494 1.592153 0.319794
v 0.082082 1.590187 0.313805
v 0.050443 1.586497 0.321965
v 0.045683 1.583830 0.326536
v 0.051265 1.584101 0.325440
v 0.057712 1.582208 0.326084
v 0.057608 1.582724 0.324851
v 0.064559 1.580103 0.326242
v 0.064339 1.580584 0.325390
v 0.071910 1.580616 0.324649
v 0.071597 1.580938 0.323866
v 0.078625 1.583027 0.322194
v 0.077539 1.583714 0.320445
v 0.083260 1.585697 0.317179
v 0.050641 1.581383 0.325779
v 0.057306 1.580562 0.326591
v 0.064685 1.579516 0.326372
v 0.072360 1.579382 0.325337
v 0.079694 1.581321 0.322675
v 0.084462 1.584360 0.317315
v 0.085316 1.586967 0.312547
v 0.044707 1.576807 0.330916
v 0.049704 1.576394 0.326319
v 0.056032 1.575840 0.324416
v 0.064439 1.574579 0.323411
v 0.072437 1.573881 0.321361
v 0.079819 1.577083 0.318766
v 0.085537 1.580406 0.314912
v 0.050022 1.594738 0.331772
v 0.060839 1.598364 0.337331
v 0.073809 1.599032 0.335398
v 0.082880 1.597203 0.328950
v 0.087070 1.593081 0.320830
v 0.087434 1.590253 0.313287
v 0.088285 1.585357 0.311546
v 0.082783 1.588015 0.310433
v 0.081181 1.589586 0.309692
v 0.080747 1.586281 0.315103
v 0.083294 1.586981 0.311620
v 0.034733 1.600499 0.347657
v 0.048998 1.602606 0.348946
v 0.062734 1.608133 0.345317
v 0.075062 1.614574 0.337849
v 0.086161 1.612785 0.327658
v 0.095177 1.605406 0.316794
v 0.097794 1.592698 0.307162
v 0.096924 1.589810 0.304825
v 0.096251 1.580514 0.308722
v 0.093016 1.573191 0.314950
v 0.085922 1.567631 0.320434
v 0.076865 1.561805 0.323819
v 0.067071 1.559319 0.326954
v 0.056473 1.564734 0.331656
v 0.050159 1.566864 0.333798
v 0.043847 1.566685 0.337338
v 0.023005 1.613085 0.357827
v 0.035902 1.635332 0.357542
v 0.054799 1.642625 0.348935
v 0.074859 1.649346 0.331093
v 0.087809 1.648231 0.307949
v 0.103057 1.634225 0.291715
v 0.112785 1.612810 0.282794
v 0.110420 1.596491 0.275755
v 0.113361 1.575994 0.279723
v 0.112268 1.555683 0.292517
v 0.102917 1.539938 0.309670
v 0.091621 1.532497 0.319144
v 0.068967 1.530278 0.332455
v 0.050690 1.544973 0.333878
v 0.048323 1.554873 0.335806
v 0.044318 1.555306 0.341364
v 0.037555 1.674967 0.344007
v 0.056312 1.678013 0.334929
v 0.076480 1.681610 0.314113
v 0.093983 1.677143 0.287994
v 0.110290 1.659315 0.266129
v 0.120191 1.634946 0.253785
v 0.122461 1.609972 0.243987
v 0.118301 1.581303 0.241985
v 0.024596 1.633137 0.360711
v 0.020484 1.616665 0.361637
v 0.022804 1.601509 0.355176
v 0.029037 1.594239 0.351045
v 0.036570 1.565097 0.357131
v 0.037883 1.553278 0.361536
v 0.035403 1.575694 0.351282
v 0.035980 1.584313 0.346533
v 0.047341 1.594587 0.317269
v 0.044778 1.586093 0.324248
v 0.039295 1.583324 0.336281
v 0.040711 1.587430 0.333484
v 0.039371 1.576673 0.338424
v 0.038966 1.566469 0.344988
v 0.040440 1.554352 0.349325
v 0.036757 1.590175 0.340863
v 0.028580 1.587016 0.358284
v 0.029032 1.575555 0.363641
v 0.031327 1.562654 0.367324
v 0.031472 1.550059 0.370566
v 0.017065 1.632349 0.362023
v 0.016410 1.618553 0.362144
v 0.015560 1.602452 0.357829
v 0.015212 1.594629 0.358904
v 0.014934 1.587174 0.364039
v 0.014447 1.574548 0.370908
v 0.013893 1.561681 0.374179
v 0.013296 1.548451 0.376251
v 0.012267 1.527998 0.373309
v 0.026805 1.530872 0.369880
v 0.032077 1.530350 0.359283
v 0.035673 1.535968 0.361790
v 0.041277 1.540904 0.350679
v 0.039933 1.536925 0.351581
v 0.046593 1.543929 0.343442
v 0.045998 1.538008 0.333090
v 0.042243 1.538549 0.341578
v 0.011618 1.521716 0.352234
v 0.019697 1.524831 0.350169
v 0.032540 1.529706 0.337461
v 0.031386 1.532388 0.342980
v 0.022491 1.530951 0.340878
v 0.020794 1.532773 0.345785
v 0.050630 1.525400 0.331811
v 0.021233 1.530656 0.356733
v 0.025342 1.536296 0.355842
v 0.033894 1.539622 0.350500
v 0.034746 1.541214 0.342953
v 0.025297 1.537491 0.345486
v 0.019675 1.531575 0.351227
v 0.020666 1.523445 0.355769
v 0.011690 1.521580 0.357283
v 0.058277 1.483255 0.320848
v 0.060839 1.450238 0.304122
v 0.079011 1.481773 0.311213
v 0.080772 1.439762 0.284818
v 0.099287 1.489396 0.296974
v 0.010717 1.506993 0.341618
v 0.018817 1.505246 0.343600
v 0.037898 1.504154 0.336798
v 0.055209 1.503784 0.328246
v 0.074579 1.504333 0.321781
v 0.095710 1.511404 0.309759
v 0.108227 1.520400 0.294011
v 0.115692 1.543450 0.269660
v 0.109693 1.500142 0.277522
v 0.114241 1.524778 0.247350
v 0.120564 1.553785 0.214348
v 0.127925 1.572260 0.188138
v 0.126803 1.609886 0.200475
v 0.105445 1.440903 0.256413
v 0.116251 1.460680 0.225823
v 0.129612 1.483603 0.204073
v 0.135257 1.515856 0.166243
v 0.131057 1.552840 0.175880
v 0.142736 1.495552 0.157336
v 0.142071 1.470526 0.177757
v 0.126453 1.447530 0.198154
v 0.109682 1.425274 0.224222
v 0.139671 1.460502 0.142797
v 0.139495 1.478888 0.145580
v 0.131817 1.436543 0.144242
v 0.117313 1.403648 0.162526
v 0.086839 1.413405 0.252459
v 0.096133 1.383711 0.192070
v 0.018622 1.673996 0.345654
v 0.130206 1.635504 0.211326
v 0.129897 1.660389 0.222959
v 0.122322 1.689695 0.238583
v 0.105283 1.712844 0.265083
v 0.083156 1.726390 0.291312
v 0.048809 1.724150 0.316164
v 0.020740 1.723069 0.323242
v 0.006660 1.426659 0.329781
v 0.021129 1.429913 0.326321
v 0.040799 1.429675 0.311744
v 0.053286 1.427260 0.294916
v 0.060853 1.423492 0.281688
v 0.067123 1.419520 0.274185
v 0.061206 1.416258 0.283439
v 0.071085 1.389220 0.251676
v 0.076478 1.365953 0.212808
v 0.055862 1.369847 0.266755
v 0.044421 1.395432 0.298354
v 0.059919 1.350796 0.230942
v 0.029069 1.384993 0.303738
v 0.035091 1.366499 0.284539
v 0.038366 1.350796 0.277988
v 0.047498 1.354450 0.268822
v 0.045418 1.337626 0.244826
v 0.001861 1.338602 0.294524
v 0.003176 1.365961 0.295182
v 0.004522 1.388092 0.308719
v 0.001384 1.327553 0.285377
v 0.037860 1.333236 0.270866
v 0.000402 1.318943 0.264008
v 0.033630 1.324621 0.258032
v 0.135310 1.438832 0.169780
v 0.116587 1.413629 0.196438
v 0.095939 1.391747 0.222447
v 0.080527 1.371184 0.236059
v 0.061054 1.355554 0.249401
v 0.046431 1.343890 0.259212
v 0.014858 1.387189 0.306294
v 0.019496 1.362828 0.292878
v 0.028069 1.344015 0.288725
v 0.029628 1.324793 0.281656
v 0.020329 1.314789 0.265701
v 0.006749 1.432700 0.317597
v 0.020090 1.432976 0.315607
v 0.036745 1.433683 0.301927
v 0.046681 1.432288 0.287088
v 0.056123 1.427088 0.276444
v 0.061062 1.421904 0.271084
v 0.059143 1.419079 0.288138
v 0.044809 1.401180 0.305636
v 0.028960 1.394929 0.312980
v 0.016051 1.394427 0.317247
v 0.005013 1.396002 0.318377
v 0.005962 1.418652 0.311185
v 0.014157 1.418439 0.310983
v 0.026783 1.417969 0.309487
v 0.040048 1.419546 0.302993
v 0.007211 1.435479 0.335835
v 0.018967 1.437708 0.336497
v 0.042483 1.432902 0.317503
v 0.057035 1.430526 0.298540
v 0.065849 1.426106 0.283910
v 0.072061 1.417553 0.270901
v 0.064534 1.402414 0.269299
v 0.050719 1.384235 0.283825
v 0.030965 1.374736 0.293034
v 0.003810 1.375122 0.298880
v 0.016661 1.374189 0.297758
v 0.007048 1.442282 0.307833
v 0.021501 1.442492 0.306240
v 0.033119 1.441746 0.297780
v 0.040831 1.438123 0.284116
v 0.004985 1.404921 0.292079
v 0.011345 1.406918 0.290619
v 0.022942 1.410390 0.287096
v 0.032422 1.415497 0.282784
v 0.054210 1.423180 0.268829
v 0.054321 1.422105 0.288297
v 0.044861 1.410140 0.308493
v 0.029346 1.407105 0.317441
v 0.016281 1.409681 0.319983
v 0.005771 1.411489 0.319996
v 0.013492 1.330483 0.230992
v 0.025124 1.332207 0.227663
v 0.035913 1.337075 0.221577
v 0.045917 1.345962 0.211635
v 0.057908 1.358661 0.198996
v 0.072629 1.371828 0.183680
v 0.090848 1.389093 0.164907
v 0.106851 1.409834 0.148289
v 0.121219 1.436482 0.137694
v 0.123986 1.461397 0.136051
v 0.127565 1.480403 0.139365
v 0.137774 1.493111 0.149334
v 0.147127 1.505705 0.150020
v 0.144067 1.517324 0.154354
v 0.146618 1.496213 0.146709
v 0.129483 1.583623 0.171610
v 0.134558 1.622593 0.175495
v 0.136678 1.596906 0.157422
v 0.137234 1.498440 0.139604
v 0.147593 1.500048 0.138360
v 0.140266 1.512639 0.127038
v 0.146922 1.514108 0.129671
v 0.149682 1.530286 0.120239
v 0.142723 1.530573 0.117465
v 0.147212 1.549813 0.110075
v 0.156586 1.548885 0.113021
v 0.162416 1.562004 0.110275
v 0.151118 1.563767 0.109102
v 0.167508 1.579075 0.123940
v 0.157415 1.581098 0.119667
v 0.152118 1.592181 0.131757
v 0.160643 1.594317 0.140425
v 0.142166 1.597775 0.143659
v 0.152278 1.593438 0.150189
v 0.145768 1.586913 0.160007
v 0.138885 1.570935 0.166120
v 0.147583 1.512393 0.141192
v 0.147248 1.523072 0.146775
v 0.147490 1.521301 0.134209
v 0.145266 1.528929 0.140078
v 0.136650 1.545459 0.165314
v 0.138758 1.523922 0.164196
v 0.138840 1.567075 0.162687
v 0.142586 1.523560 0.158140
v 0.137981 1.524561 0.150777
v 0.149122 1.534424 0.127127
v 0.154801 1.550297 0.121057
v 0.162588 1.561699 0.118980
v 0.166146 1.575562 0.128588
v 0.157855 1.585425 0.142201
v 0.152690 1.584441 0.150860
v 0.163849 1.581188 0.135958
v 0.165979 1.588038 0.132384
v 0.158675 1.588665 0.126689
v 0.166172 1.568740 0.122655
v 0.165527 1.570610 0.115439
v 0.154836 1.572863 0.113096
v 0.145755 1.579294 0.157967
v 0.137019 1.543555 0.159627
v 0.135828 1.565208 0.155918
v 0.148002 1.538190 0.134692
v 0.150589 1.550256 0.126278
v 0.153509 1.561824 0.123412
v 0.155629 1.568446 0.125975
v 0.140397 1.577818 0.152901
v 0.145429 1.581595 0.145663
v 0.151396 1.582809 0.139503
v 0.154208 1.578760 0.133877
v 0.156019 1.573785 0.129595
v 0.130722 1.540534 0.156152
v 0.138116 1.555389 0.153090
v 0.138348 1.550895 0.144864
v 0.129221 1.541574 0.146052
v 0.136086 1.534023 0.140242
v 0.141951 1.544671 0.138827
v 0.147723 1.573287 0.144563
v 0.148700 1.566053 0.141169
v 0.149807 1.560092 0.137427
v 0.151190 1.553386 0.132444
v 0.133149 1.515254 0.129920
v 0.133255 1.533702 0.121489
v 0.135881 1.553128 0.118463
v 0.141390 1.563976 0.119685
v 0.144148 1.572441 0.122575
v 0.144133 1.580688 0.127164
v 0.137165 1.594136 0.134301
v 0.136759 1.622747 0.138065
v 0.131692 1.612807 0.125048
v 0.139017 1.626748 0.156053
v 0.133509 1.580934 0.127081
v 0.130506 1.573459 0.125108
v 0.127522 1.565328 0.124080
v 0.125891 1.553586 0.121992
v 0.123748 1.534114 0.125584
v 0.122951 1.516217 0.128872
v 0.125442 1.499009 0.131228
v 0.123969 1.599225 0.114076
v 0.116517 1.585414 0.107742
v 0.112359 1.569991 0.105282
v 0.111375 1.551369 0.102907
v 0.111851 1.529391 0.101858
v 0.112127 1.510329 0.100051
v 0.114253 1.492767 0.101850
v 0.118595 1.471443 0.101765
v 0.121214 1.454680 0.097407
v 0.124044 1.433118 0.105074
v 0.137455 1.655874 0.179993
v 0.140285 1.688562 0.187857
v 0.128754 1.723322 0.205257
v 0.103199 1.745700 0.231387
v 0.079495 1.759050 0.257695
v 0.048553 1.767382 0.276508
v 0.022325 1.769414 0.286245
v 0.092261 1.549784 0.077949
v 0.090705 1.577626 0.083301
v 0.040238 1.557105 0.049817
v 0.041186 1.588574 0.066770
v 0.004794 1.558661 0.048119
v 0.009381 1.591754 0.065356
v 0.067487 1.581499 0.071913
v 0.068742 1.553730 0.059386
v 0.098041 1.604122 0.090217
v 0.074203 1.619369 0.076578
v 0.047439 1.633283 0.066481
v 0.012411 1.642037 0.063024
v 0.045678 1.772806 0.240423
v 0.022027 1.776180 0.250077
v 0.073075 1.763689 0.223792
v 0.095112 1.749713 0.198950
v 0.116042 1.734195 0.177852
v 0.139296 1.706355 0.161097
v 0.143113 1.664416 0.153255
v 0.137516 1.662805 0.128691
v 0.128091 1.703951 0.127929
v 0.086565 1.738008 0.154181
v 0.051265 1.757763 0.182134
v 0.020551 1.765687 0.193288
v 0.124390 1.647492 0.109265
v 0.111566 1.687632 0.102182
v 0.072275 1.721036 0.114768
v 0.042139 1.731311 0.126816
v 0.018209 1.737383 0.135428
v 0.110377 1.628181 0.098015
v 0.093675 1.659349 0.081428
v 0.061879 1.685934 0.073387
v 0.015455 1.699803 0.079452
v -0.001661 1.519744 0.047796
v 0.031573 1.520819 0.046673
v 0.062070 1.521220 0.052966
v 0.089359 1.520519 0.069623
v 0.029884 1.341685 0.207633
v 0.046355 1.346110 0.197484
v 0.057486 1.350927 0.190024
v 0.068336 1.358804 0.176408
v 0.083895 1.370221 0.157886
v 0.104624 1.387645 0.140520
v 0.113444 1.408836 0.124414
v 0.042795 1.326498 0.206719
v 0.069906 1.317229 0.202621
v 0.092385 1.321431 0.189038
v 0.111365 1.329407 0.173335
v 0.131266 1.345068 0.149788
v 0.143861 1.357863 0.116618
v 0.151751 1.384474 0.089120
v 0.147331 1.413087 0.053533
v 0.130269 1.433856 0.025263
v 0.106227 1.450748 0.021144
v 0.089776 1.486376 0.048753
v 0.051172 1.487015 0.030748
v 0.018627 1.486540 0.032473
v -0.012789 1.484913 0.038640
v 0.101229 1.439208 -0.036329
v 0.068284 1.451355 -0.030310
v 0.032459 1.464693 -0.018833
v -0.007809 1.460180 -0.012209
v -0.044277 1.456774 -0.000913
v 0.134673 1.431356 -0.018117
v 0.100172 1.409416 -0.070738
v 0.132704 1.409490 -0.065368
v 0.058347 1.421990 -0.060668
v 0.019520 1.426214 -0.049949
v -0.020682 1.422349 -0.038155
v -0.053866 1.420970 -0.025443
v 0.160114 1.403735 0.039654
v 0.167114 1.372247 0.065162
v 0.162093 1.334509 0.093049
v 0.153291 1.313471 0.136084
v 0.134082 1.298134 0.170615
v 0.114375 1.285580 0.197177
v 0.088045 1.278232 0.215648
v 0.054235 1.273578 0.231152
v 0.057410 1.241422 0.237674
v 0.095077 1.245984 0.218142
v 0.123109 1.253641 0.192586
v 0.141231 1.270290 0.159407
v 0.159495 1.289856 0.121733
v 0.170001 1.320023 0.073472
v 0.174614 1.365361 0.051424
v 0.002574 1.352967 0.296714
v 0.013613 1.352032 0.295669
v 0.017030 1.336995 0.294927
v 0.017182 1.321723 0.288852
v 0.014814 1.315326 0.278423
v 0.000775 1.322460 0.275792
v 0.127988 1.534386 0.189781
v 0.112439 1.502803 0.222390
v 0.113549 1.478037 0.256573
v 0.101251 1.464942 0.278981
v 0.082534 1.460992 0.297954
v 0.061503 1.465473 0.311892
v 0.039559 1.470027 0.330286
v 0.022549 1.472556 0.339989
v 0.009101 1.473594 0.335094
v 0.045418 1.580505 0.328411
v 0.042209 1.580198 0.331692
v 0.042478 1.583748 0.330422
v 0.043299 1.586619 0.329022
v 0.043197 1.590808 0.327710
v 0.051039 1.593219 0.331499
v 0.061588 1.595151 0.338225
v 0.073719 1.596141 0.336411
v 0.082312 1.595007 0.329211
v 0.086195 1.591548 0.320911
v 0.085933 1.589337 0.313835
v 0.087711 1.588992 0.311419
v 0.086682 1.588254 0.311741
v 0.080679 1.588055 0.311052
v 0.046645 1.591697 0.322646
v 0.045050 1.592768 0.318317
v 0.047803 1.591333 0.317024
v 0.047678 1.588667 0.318622
v 0.046210 1.589816 0.319095
v 0.030385 1.605668 0.351759
v 0.042945 1.614468 0.355286
v 0.058550 1.620975 0.350482
v 0.074676 1.624912 0.337270
v 0.088510 1.626657 0.322174
v 0.101152 1.616781 0.308138
v 0.105269 1.600625 0.298840
v 0.102763 1.592067 0.294914
v 0.104616 1.576988 0.300505
v 0.101903 1.564911 0.310323
v 0.093947 1.556177 0.318238
v 0.083386 1.550218 0.322524
v 0.067276 1.549584 0.330683
v 0.053836 1.553526 0.334966
v 0.019861 1.607312 0.356519
v 0.015908 1.609695 0.357609
v 0.048699 1.549698 0.337089
v 0.046950 1.548583 0.343879
v 0.041425 1.546563 0.350731
v 0.037744 1.544115 0.362239
v 0.029709 1.540911 0.370969
v 0.012836 1.538902 0.376247
v 0.071484 1.616704 0.344143
v 0.061829 1.611718 0.349688
v 0.047421 1.606590 0.353649
v 0.039470 1.604485 0.351691
v 0.041705 1.601049 0.348863
v 0.064043 1.579387 0.324460
v 0.056990 1.581435 0.324173
v 0.071535 1.579624 0.322840
v 0.077745 1.582303 0.319480
v 0.059920 1.595786 0.331720
v 0.071518 1.595950 0.331490
v 0.079826 1.595351 0.326330
v 0.082902 1.593459 0.319336
v 0.082875 1.591528 0.313246
v 0.079950 1.584593 0.314821
v 0.081562 1.589574 0.308885
v 0.080252 1.586676 0.310323
v 0.050818 1.595075 0.326142
v 0.050984 1.584942 0.321183
v 0.046568 1.594939 0.317032
v 0.047201 1.591105 0.315640
v 0.048080 1.587910 0.316957
v 0.005684 1.415613 0.303357
v 0.012385 1.416832 0.302318
v 0.024721 1.418799 0.299465
v 0.035559 1.423965 0.292442
v 0.046923 1.424074 0.278215
v 0.051391 1.431498 0.274195
v 0.048043 1.423264 0.287658
v 0.044001 1.417647 0.274809
v 0.007460 1.450746 0.308215
v 0.022172 1.450819 0.306524
v 0.034306 1.449495 0.298254
v 0.042314 1.444744 0.283488
v 0.052957 1.437323 0.271811
v 0.056825 1.425280 0.261626
v 0.052392 1.417066 0.265562
v 0.055793 1.418605 0.258914
v 0.003096 1.524523 0.342405
v 0.000907 1.525478 0.361883
v -0.003308 1.485513 0.343265
v -0.004310 1.456793 0.334780
v -0.026322 1.454281 0.324624
v -0.019185 1.487909 0.334333
v -0.012421 1.524547 0.338161
v -0.021863 1.596016 0.331675
v -0.017686 1.601628 0.337589
v -0.006969 1.596834 0.336675
v -0.031807 1.598276 0.338297
v -0.030189 1.606908 0.339150
v -0.042828 1.609299 0.336088
v -0.043359 1.600056 0.337472
v -0.051746 1.600129 0.330936
v -0.053037 1.608318 0.330790
v -0.055663 1.597680 0.323059
v -0.058793 1.605001 0.321816
v -0.055815 1.595054 0.316389
v -0.060892 1.598307 0.314549
v -0.057795 1.593128 0.316313
v -0.061526 1.595802 0.312155
v -0.014883 1.592116 0.324661
v -0.021932 1.597119 0.327211
v -0.030689 1.599042 0.333969
v -0.041879 1.600199 0.333854
v -0.050068 1.600254 0.328895
v -0.053316 1.598660 0.322117
v -0.053299 1.596677 0.316117
v -0.021748 1.589898 0.323362
v -0.017328 1.586860 0.327634
v -0.022812 1.587619 0.326687
v -0.029386 1.586380 0.327582
v -0.029167 1.586825 0.326491
v -0.036396 1.584936 0.327972
v -0.036156 1.585384 0.327117
v -0.043720 1.586138 0.326640
v -0.043403 1.586432 0.325842
v -0.050249 1.589190 0.324400
v -0.049168 1.589762 0.322611
v -0.054777 1.592305 0.319545
v -0.022435 1.584874 0.327036
v -0.029112 1.584673 0.328092
v -0.036572 1.584316 0.328115
v -0.044289 1.584878 0.327352
v -0.051472 1.587597 0.324942
v -0.056132 1.591101 0.319753
v -0.056880 1.593741 0.314956
v -0.016812 1.579759 0.331974
v -0.021996 1.579858 0.327595
v -0.028366 1.579858 0.325792
v -0.036848 1.579347 0.325063
v -0.045188 1.579255 0.323688
v -0.052154 1.583381 0.321035
v -0.057693 1.587283 0.317459
v -0.020326 1.598026 0.333023
v -0.030576 1.602733 0.338885
v -0.043476 1.604645 0.337421
v -0.052924 1.603676 0.331306
v -0.057751 1.599957 0.323324
v -0.058604 1.597240 0.315783
v -0.059929 1.592407 0.313871
v -0.054260 1.594579 0.312873
v -0.052590 1.595984 0.311982
v -0.052328 1.592623 0.317377
v -0.054879 1.593628 0.313993
v -0.004240 1.602121 0.348617
v -0.017921 1.605896 0.350073
v -0.031033 1.612965 0.346744
v -0.043301 1.620180 0.340008
v -0.054705 1.619524 0.330053
v -0.064772 1.613051 0.319555
v -0.068861 1.600742 0.309973
v -0.068747 1.597204 0.307945
v -0.068460 1.588372 0.311510
v -0.065780 1.580793 0.317732
v -0.059100 1.574588 0.323030
v -0.050539 1.567937 0.326166
v -0.040693 1.563867 0.328993
v -0.029620 1.568845 0.333119
v -0.023105 1.570387 0.335077
v -0.016757 1.569603 0.338466
v 0.008289 1.612892 0.359228
v -0.001521 1.637074 0.358019
v -0.020236 1.646402 0.350931
v -0.039945 1.654873 0.333127
v -0.053691 1.655016 0.310392
v -0.070731 1.642556 0.294709
v -0.081684 1.622193 0.285778
v -0.082333 1.605711 0.279108
v -0.089064 1.570283 0.296493
v -0.077432 1.556330 0.320217
v -0.065484 1.548673 0.328115
v -0.045301 1.535730 0.334141
v -0.025568 1.548592 0.335283
v -0.022282 1.558173 0.337190
v -0.018109 1.558295 0.342416
v 0.000127 1.676765 0.344664
v -0.018518 1.681562 0.336152
v -0.039022 1.687159 0.316130
v -0.057793 1.684417 0.290640
v -0.076421 1.668254 0.269348
v -0.089079 1.644981 0.257409
v -0.092446 1.620465 0.247323
v -0.092648 1.591396 0.245669
v 0.010189 1.633680 0.360628
v 0.012432 1.617472 0.360158
v 0.007640 1.601962 0.356402
v 0.001162 1.595893 0.351445
v -0.009000 1.567299 0.357935
v -0.011212 1.555632 0.362384
v -0.006987 1.577724 0.352012
v -0.006895 1.586360 0.347271
v -0.018192 1.597719 0.318391
v -0.016302 1.589386 0.325410
v -0.010595 1.585708 0.337139
v -0.011796 1.590006 0.334440
v -0.011226 1.579075 0.339271
v -0.011719 1.568939 0.345913
v -0.014131 1.556992 0.350291
v -0.007282 1.592296 0.341611
v 0.001131 1.588337 0.358804
v -0.000219 1.576964 0.364170
v -0.003589 1.564321 0.367916
v -0.004862 1.551804 0.371229
v -0.002075 1.532208 0.370420
v -0.007718 1.532182 0.359915
v -0.010753 1.538150 0.362638
v -0.016288 1.543610 0.351745
v -0.015157 1.539543 0.352522
v -0.021323 1.547197 0.344609
v -0.022512 1.542319 0.334111
v -0.017811 1.541144 0.342682
v 0.003701 1.525581 0.350426
v -0.009016 1.531607 0.338287
v -0.007330 1.534315 0.343479
v 0.001229 1.531969 0.341267
v 0.003290 1.533633 0.346080
v -0.027411 1.529247 0.332302
v 0.002979 1.531514 0.356991
v -0.000633 1.537283 0.356038
v -0.008886 1.541874 0.351330
v -0.009853 1.543286 0.343753
v -0.000775 1.538895 0.346138
v 0.004323 1.532337 0.351526
v 0.002826 1.524276 0.356074
v -0.039359 1.488009 0.322143
v -0.045853 1.455332 0.306018
v -0.061782 1.487286 0.316109
v -0.066754 1.447234 0.287113
v -0.080538 1.497997 0.300017
v 0.002574 1.506021 0.343861
v -0.016836 1.506797 0.337785
v -0.033768 1.508449 0.328592
v -0.054447 1.515871 0.325622
v -0.072790 1.525281 0.315874
v -0.085178 1.535174 0.302070
v -0.092808 1.553101 0.270973
v -0.090607 1.509726 0.280950
v -0.093861 1.534736 0.250907
v -0.098510 1.564121 0.218186
v -0.104927 1.583396 0.192127
v -0.099839 1.620697 0.204377
v -0.091227 1.450922 0.259514
v -0.102693 1.471149 0.229564
v -0.114523 1.495326 0.208222
v -0.118491 1.528048 0.170650
v -0.110267 1.564402 0.180057
v -0.128057 1.508505 0.161958
v -0.129002 1.483485 0.182400
v -0.114983 1.459069 0.202337
v -0.100962 1.434985 0.228634
v -0.128943 1.473378 0.146753
v -0.126752 1.491574 0.150220
v -0.122911 1.448932 0.148941
v -0.110542 1.414361 0.167827
v -0.075800 1.422104 0.254434
v -0.090232 1.392706 0.196051
v -0.099851 1.646540 0.215226
v -0.097237 1.671251 0.226839
v -0.086439 1.699680 0.242181
v -0.066371 1.721057 0.268049
v -0.042152 1.732393 0.293484
v -0.007331 1.726838 0.317142
v -0.007499 1.431274 0.326823
v -0.027464 1.432837 0.312640
v -0.040651 1.431703 0.296412
v -0.049131 1.428810 0.283546
v -0.055837 1.425408 0.276279
v -0.050181 1.421603 0.285368
v -0.064190 1.395731 0.255276
v -0.071499 1.373907 0.215976
v -0.049993 1.374630 0.269324
v -0.034763 1.399340 0.299444
v -0.055487 1.355945 0.233319
v -0.020057 1.387815 0.304077
v -0.029291 1.369409 0.285936
v -0.034486 1.354190 0.279838
v -0.042367 1.358882 0.269948
v -0.041521 1.340862 0.246672
v -0.035527 1.336698 0.272163
v -0.029733 1.328606 0.259844
v -0.124856 1.451502 0.174272
v -0.108413 1.424428 0.200377
v -0.088810 1.400761 0.225405
v -0.075433 1.378727 0.238964
v -0.059168 1.359699 0.252550
v -0.044860 1.347392 0.261529
v -0.006371 1.387236 0.307428
v -0.013806 1.364360 0.294547
v -0.025638 1.347179 0.291874
v -0.026968 1.328016 0.282337
v -0.018748 1.319892 0.267209
v -0.006545 1.434261 0.316067
v -0.023526 1.436591 0.302971
v -0.034053 1.436180 0.288475
v -0.044309 1.431909 0.278162
v -0.049891 1.427209 0.272980
v -0.047736 1.424310 0.290005
v -0.034384 1.405105 0.306824
v -0.019207 1.397050 0.314012
v -0.006195 1.395568 0.317661
v -0.002175 1.419300 0.311269
v -0.014843 1.420049 0.310234
v -0.028136 1.422858 0.304202
v -0.004254 1.438811 0.336902
v -0.028808 1.436291 0.318798
v -0.044032 1.435467 0.300175
v -0.053872 1.431759 0.285991
v -0.061584 1.423703 0.273561
v -0.055396 1.408100 0.271462
v -0.041498 1.389082 0.284664
v -0.024719 1.376844 0.295360
v -0.009546 1.374487 0.299254
v -0.007364 1.443889 0.306736
v -0.019286 1.444277 0.298691
v -0.027773 1.441416 0.285297
v -0.001205 1.407520 0.290835
v -0.012520 1.412084 0.287705
v -0.021612 1.418100 0.283701
v -0.043031 1.427841 0.270488
v -0.042655 1.426875 0.290029
v -0.033640 1.413892 0.309724
v -0.018164 1.409403 0.318283
v -0.004848 1.410712 0.320325
v 0.002438 1.332812 0.230323
v -0.007251 1.338040 0.226915
v -0.019933 1.347212 0.219303
v -0.036777 1.361121 0.209048
v -0.055947 1.376676 0.195969
v -0.077751 1.395155 0.178826
v -0.095481 1.418040 0.161529
v -0.110907 1.445984 0.148766
v -0.112496 1.472421 0.142912
v -0.114734 1.491813 0.144709
v -0.123851 1.505191 0.153721
v -0.131704 1.519041 0.154813
v -0.127379 1.530333 0.159039
v -0.132190 1.509514 0.151487
v -0.106373 1.594956 0.175849
v -0.107185 1.634150 0.179647
v -0.112631 1.608933 0.161883
v -0.122840 1.510878 0.144050
v -0.133102 1.513449 0.143130
v -0.124941 1.525327 0.131581
v -0.131389 1.527403 0.134403
v -0.132897 1.543783 0.125060
v -0.126001 1.543427 0.122060
v -0.128873 1.563021 0.114773
v -0.138230 1.562971 0.118051
v -0.142893 1.576591 0.115460
v -0.131498 1.577271 0.113998
v -0.145840 1.594087 0.129284
v -0.135744 1.595068 0.124746
v -0.128942 1.605653 0.136525
v -0.137010 1.608621 0.145531
v -0.118266 1.610394 0.148089
v -0.128403 1.606883 0.154999
v -0.122227 1.599754 0.164630
v -0.116720 1.583156 0.170522
v -0.131869 1.525741 0.145947
v -0.130251 1.536377 0.151563
v -0.131139 1.534623 0.138947
v -0.127943 1.542035 0.144791
v -0.116690 1.557574 0.169595
v -0.121100 1.536328 0.168666
v -0.117186 1.579313 0.167041
v -0.125183 1.536358 0.162728
v -0.120733 1.536938 0.155192
v -0.131773 1.547839 0.131937
v -0.136046 1.564200 0.126055
v -0.142762 1.576284 0.124226
v -0.144646 1.590413 0.133922
v -0.135640 1.598701 0.148126
v -0.129619 1.597969 0.155683
v -0.141565 1.595783 0.141194
v -0.143301 1.602950 0.137629
v -0.136026 1.602753 0.131740
v -0.145533 1.583630 0.128008
v -0.144979 1.585477 0.120725
v -0.134232 1.586587 0.118159
v -0.123044 1.592103 0.162558
v -0.117649 1.555746 0.163969
v -0.114548 1.577189 0.160197
v -0.129983 1.551495 0.139478
v -0.131626 1.563756 0.131094
v -0.133589 1.575537 0.128366
v -0.134954 1.582327 0.130973
v -0.117995 1.590160 0.157317
v -0.122899 1.594404 0.150267
v -0.128920 1.596210 0.144334
v -0.132281 1.592449 0.138799
v -0.134723 1.587659 0.134614
v -0.111833 1.552167 0.160213
v -0.117891 1.567603 0.157535
v -0.118747 1.563218 0.149230
v -0.110632 1.553030 0.150192
v -0.118297 1.546194 0.144604
v -0.123158 1.557345 0.143361
v -0.125643 1.586270 0.149002
v -0.127794 1.579281 0.145906
v -0.129574 1.573456 0.142208
v -0.131817 1.566918 0.137302
v -0.117527 1.527250 0.134224
v -0.116160 1.545629 0.125753
v -0.117043 1.565216 0.122780
v -0.121421 1.576543 0.124183
v -0.123258 1.585235 0.127134
v -0.122306 1.593433 0.131718
v -0.113955 1.606177 0.138512
v -0.110682 1.634579 0.142281
v -0.106896 1.624221 0.129139
v -0.111895 1.638745 0.160352
v -0.111725 1.592641 0.131294
v -0.109426 1.584924 0.129409
v -0.107168 1.576587 0.128287
v -0.106702 1.564740 0.126312
v -0.106523 1.545166 0.129730
v -0.107333 1.527221 0.132783
v -0.111416 1.510333 0.135246
v -0.100963 1.609977 0.117895
v -0.095040 1.595534 0.111362
v -0.092886 1.579787 0.108521
v -0.093383 1.561175 0.106387
v -0.095474 1.539166 0.106109
v -0.099021 1.519467 0.109718
v -0.103164 1.501270 0.115467
v -0.109121 1.479291 0.123220
v -0.112148 1.459936 0.136079
v -0.110074 1.436548 0.155000
v -0.106742 1.667543 0.184192
v -0.106056 1.700340 0.192064
v -0.090788 1.733868 0.209025
v -0.062424 1.753840 0.234257
v -0.036553 1.764684 0.259699
v -0.004306 1.769938 0.277416
v -0.075650 1.557683 0.081633
v -0.071183 1.585426 0.085756
v -0.029783 1.559880 0.054081
v -0.022383 1.591570 0.068127
v -0.048351 1.586944 0.074474
v -0.055248 1.558881 0.065369
v -0.075424 1.612419 0.093241
v -0.050820 1.625350 0.078598
v -0.023198 1.636624 0.067564
v -0.002160 1.775147 0.241244
v -0.030791 1.768455 0.225600
v -0.054854 1.756543 0.201595
v -0.077926 1.743358 0.181205
v -0.104637 1.718185 0.165263
v -0.112492 1.676627 0.157637
v -0.108088 1.674525 0.132749
v -0.094585 1.714627 0.131708
v -0.049117 1.744608 0.156458
v -0.011138 1.760761 0.183196
v -0.096977 1.658076 0.112988
v -0.080539 1.696810 0.105482
v -0.037853 1.726453 0.116575
v -0.006472 1.733606 0.127666
v -0.085202 1.637528 0.101349
v -0.066299 1.667012 0.083974
v -0.032304 1.690549 0.074800
v -0.035847 1.522779 0.055051
v -0.061984 1.525049 0.066734
v -0.082739 1.526461 0.083358
v 0.010030 1.345665 0.207835
v -0.003278 1.351012 0.207043
v -0.020276 1.358963 0.201311
v -0.041722 1.370463 0.193803
v -0.071249 1.388965 0.185231
v -0.090280 1.411136 0.172055
v 0.020736 1.316603 0.222731
v -0.006160 1.320126 0.228684
v -0.032461 1.327654 0.230117
v -0.061940 1.342531 0.227366
v -0.095201 1.354988 0.211306
v -0.120420 1.381299 0.196655
v -0.141806 1.409614 0.168662
v -0.150167 1.431303 0.130263
v -0.134591 1.449695 0.103829
v -0.101236 1.488423 0.091214
v -0.077271 1.488156 0.063849
v -0.047946 1.487171 0.049698
v -0.171979 1.435199 0.076826
v -0.144638 1.448180 0.057553
v -0.111493 1.462546 0.040570
v -0.078173 1.459127 0.016827
v -0.182427 1.426760 0.113710
v -0.194846 1.405090 0.051545
v -0.214056 1.404484 0.078879
v -0.158246 1.418750 0.028721
v -0.123282 1.424073 0.008983
v -0.086378 1.421366 -0.011041
v -0.158615 1.399078 0.172101
v -0.144655 1.367682 0.194699
v -0.120743 1.330321 0.210174
v -0.084013 1.309928 0.234046
v -0.045653 1.295455 0.244814
v -0.012571 1.283818 0.249834
v 0.020178 1.278318 0.246390
v 0.016818 1.244822 0.250370
v -0.021252 1.251469 0.252168
v -0.057919 1.267298 0.241597
v -0.097925 1.285999 0.227968
v -0.139808 1.315439 0.201781
v -0.159504 1.360478 0.190282
v -0.008577 1.353027 0.297407
v -0.013381 1.338342 0.296517
v -0.014965 1.324276 0.288350
v -0.013435 1.319713 0.277980
v -0.108621 1.545731 0.193851
v -0.094860 1.512705 0.225910
v -0.097284 1.488108 0.260224
v -0.084436 1.474105 0.281618
v -0.066941 1.467761 0.301041
v -0.044690 1.470527 0.313518
v -0.021845 1.472943 0.331352
v -0.004311 1.473836 0.340352
v -0.017284 1.583509 0.329529
v -0.014006 1.582873 0.332677
v -0.014096 1.586426 0.331448
v -0.014304 1.589257 0.330019
v -0.014088 1.593586 0.328664
v -0.021483 1.596630 0.332795
v -0.031595 1.599608 0.339807
v -0.043643 1.601755 0.338464
v -0.052568 1.601444 0.331554
v -0.057011 1.598371 0.323371
v -0.057221 1.596150 0.316297
v -0.059091 1.596006 0.313957
v -0.058127 1.595184 0.314242
v -0.052247 1.594399 0.313325
v -0.017613 1.594751 0.323731
v -0.016049 1.595692 0.319362
v -0.018951 1.594534 0.318190
v -0.018657 1.591795 0.319982
v -0.017464 1.592876 0.320198
v 0.000429 1.606735 0.353484
v -0.010942 1.616744 0.357150
v -0.025679 1.625002 0.351915
v -0.041869 1.630498 0.339331
v -0.055990 1.633598 0.324719
v -0.069981 1.624978 0.311097
v -0.075874 1.609256 0.301926
v -0.074755 1.600368 0.298117
v -0.077454 1.585733 0.303653
v -0.066758 1.565406 0.321431
v -0.056217 1.559177 0.324898
v -0.049192 1.553198 0.331795
v -0.028339 1.558645 0.336902
v 0.010988 1.607338 0.358505
v -0.023592 1.553751 0.336487
v -0.021435 1.551906 0.345103
v -0.015826 1.549303 0.351781
v -0.011931 1.546493 0.363099
v -0.004027 1.542525 0.371681
v -0.039287 1.621968 0.346245
v -0.030031 1.616060 0.351810
v -0.015868 1.609576 0.354821
v -0.008234 1.606534 0.352940
v -0.010903 1.603508 0.349800
v -0.036009 1.584172 0.326172
v -0.028807 1.585538 0.325642
v -0.043495 1.585126 0.324809
v -0.049533 1.588390 0.321658
v -0.030094 1.600090 0.333258
v -0.041620 1.601364 0.333424
v -0.050125 1.601573 0.328551
v -0.053607 1.599999 0.321672
v -0.053968 1.598074 0.315588
v -0.051666 1.590888 0.317074
v -0.052997 1.596010 0.311188
v -0.051922 1.592998 0.312585
v -0.021298 1.598524 0.327376
v -0.022602 1.588460 0.322438
v -0.017394 1.597998 0.318126
v -0.018437 1.594244 0.316763
v -0.019571 1.591146 0.318115
v -0.000896 1.417469 0.302545
v -0.013067 1.420610 0.300115
v -0.023591 1.426819 0.293466
v -0.035376 1.428033 0.279612
v -0.039252 1.435839 0.275748
v -0.036240 1.427288 0.289099
v -0.033325 1.422134 0.275755
v -0.007226 1.452244 0.307025
v -0.019711 1.452102 0.299179
v -0.028638 1.448147 0.284701
v -0.040336 1.441788 0.273408
v -0.045677 1.430186 0.263379
v -0.042040 1.422061 0.266978
v -0.045384 1.423461 0.260639
v 0.030782 1.412466 0.267146
v 0.022682 1.409768 0.270575
v 0.013111 1.406876 0.273202
v 0.004761 1.405611 0.274505
v 0.038496 1.412947 0.261620
v 0.007665 1.460046 0.294445
v 0.020262 1.459539 0.291772
v 0.032093 1.455651 0.283705
v 0.040630 1.449122 0.272671
v 0.049463 1.441813 0.262317
v 0.053695 1.431091 0.253071
v 0.052165 1.420395 0.250303
v 0.046209 1.413940 0.254624
v -0.020802 1.414931 0.268028
v -0.012884 1.411455 0.271182
v -0.003534 1.407666 0.273492
v -0.028711 1.416503 0.262635
v -0.005003 1.460750 0.292204
v -0.017420 1.458031 0.284628
v -0.026914 1.452352 0.273844
v -0.036752 1.445935 0.263785
v -0.042301 1.435685 0.254711
v -0.041918 1.424987 0.251877
v -0.036536 1.418262 0.255895
v 0.027736 1.415664 0.252002
v 0.020673 1.413759 0.254288
v 0.012927 1.411510 0.255616
v 0.004680 1.410404 0.256037
v 0.034479 1.416079 0.248103
v 0.007243 1.459381 0.271770
v 0.017581 1.459291 0.270178
v 0.028153 1.456583 0.265500
v 0.036871 1.451329 0.258807
v 0.044482 1.444759 0.250855
v 0.048926 1.434839 0.242924
v 0.047021 1.423309 0.240094
v 0.040925 1.416683 0.243572
v -0.017972 1.417866 0.252764
v -0.011011 1.415425 0.254671
v -0.003492 1.412302 0.255878
v -0.024785 1.418911 0.249117
v -0.003106 1.460297 0.270613
v -0.014028 1.458688 0.266736
v -0.023431 1.454261 0.260054
v -0.031910 1.448422 0.252181
v -0.037544 1.438974 0.244401
v -0.036846 1.427322 0.241528
v -0.031300 1.420161 0.244797
v 0.025296 1.422606 0.242521
v 0.019380 1.421727 0.243376
v 0.012570 1.421211 0.243586
v 0.004927 1.421555 0.243590
v 0.031356 1.423177 0.240469
v 0.006620 1.452558 0.254601
v 0.014571 1.452252 0.253094
v 0.023371 1.450197 0.250566
v 0.030491 1.445845 0.247493
v 0.036377 1.440450 0.243480
v 0.039068 1.432264 0.238623
v 0.041124 1.426517 0.237340
v 0.037327 1.423820 0.238075
v -0.015170 1.424679 0.243111
v -0.009132 1.423818 0.243384
v -0.002583 1.422070 0.243766
v -0.021257 1.425699 0.241352
v -0.001383 1.453040 0.253425
v -0.010366 1.451944 0.251404
v -0.017947 1.448333 0.248503
v -0.024512 1.443446 0.244590
v -0.028130 1.435493 0.239778
v -0.030765 1.429956 0.238571
v -0.027221 1.426914 0.239174
v 0.032034 1.433320 0.240023
v 0.026139 1.435217 0.241509
v 0.019769 1.437013 0.242493
v 0.012554 1.437800 0.243572
v 0.005770 1.438234 0.244606
v -0.000984 1.438497 0.243823
v -0.008274 1.438567 0.242911
v -0.014846 1.437197 0.242211
v -0.020976 1.435865 0.240941
v 0.037561 1.341961 0.204529
v 0.020894 1.341367 0.210108
v -0.088069 1.582415 0.288039
v -0.077568 1.573061 0.311559
v -0.034420 1.531257 0.333160
v -0.041474 1.518596 0.330285
v -0.035522 1.541125 0.335288
v -0.039861 1.547982 0.335098
v -0.090257 1.577877 0.273216
v -0.091866 1.565204 0.267205
v -0.088184 1.579201 0.290240
v -0.092203 1.565430 0.281630
v -0.093849 1.553536 0.280558
v -0.085788 1.537724 0.304814
v -0.072973 1.527765 0.318456
v -0.054517 1.518683 0.328352
v -0.044641 1.521598 0.332438
v -0.038798 1.532236 0.335905
v -0.042383 1.543929 0.336586
v -0.053174 1.550813 0.330905
v -0.059124 1.554734 0.327050
v -0.070959 1.560950 0.321557
v -0.082121 1.571425 0.308813
v -0.085522 1.576565 0.299569
v -0.057742 1.543681 0.330706
v -0.071448 1.535772 0.324266
v -0.084462 1.544431 0.312753
v -0.092247 1.558095 0.289814
v -0.090400 1.572888 0.286479
v -0.091172 1.563258 0.292482
v -0.082194 1.549567 0.315848
v -0.068798 1.540209 0.325387
v -0.061980 1.536009 0.328950
v -0.036412 1.555297 0.334564
v -0.030307 1.547180 0.335527
v -0.037973 1.539128 0.336952
v -0.052482 1.528566 0.332125
v -0.086883 1.565213 0.308420
v -0.089668 1.558069 0.304304
v -0.091256 1.553544 0.300635
v -0.091257 1.549841 0.296688
v -0.085413 1.541081 0.309972
v -0.072245 1.530613 0.321220
v -0.063072 1.529968 0.326403
v -0.056126 1.524533 0.329391
v -0.065342 1.526443 0.324212
v -0.091698 1.562696 0.245617
v -0.091418 1.570004 0.256330
v -0.091038 1.580764 0.260659
v -0.082583 1.579092 0.300120
v 0.027892 1.652943 0.353922
v 0.018025 1.651896 0.354489
v 0.007881 1.654346 0.353538
vn 0.0851 0.9134 -0.3980
vn 0.3964 0.9096 -0.1248
vn 0.1194 0.6021 0.7895
vn 0.1230 0.6170 0.7773
vn -0.3276 0.9100 -0.2540
vn 0.0651 0.6736 0.7362
vn 0.0133 -0.2277 0.9736
vn 0.0773 -0.4091 0.9092
vn 0.2924 -0.4325 0.8529
vn 0.1419 0.7242 0.6748
vn 0.5683 -0.2972 0.7673
vn 0.1796 0.8439 0.5055
vn 0.7541 -0.0380 0.6556
vn -0.4332 0.8994 0.0582
vn 0.5041 0.2723 0.8196
vn 0.3902 0.0999 0.9153
vn 0.2579 0.0821 0.9627
vn 0.2901 0.1376 0.9471
vn 0.3117 0.2669 0.9119
vn 0.7903 -0.1051 0.6036
vn 0.7245 -0.0035 0.6893
vn 0.6692 -0.1705 0.7233
vn 0.7176 -0.3176 0.6198
vn 0.7925 -0.2934 0.5347
vn 0.6312 -0.4595 0.6248
vn 0.3740 0.2023 0.9051
vn 0.5565 0.2937 0.7772
vn 0.3012 0.1962 0.9332
vn 0.3633 0.2664 0.8928
vn 0.3798 0.3380 0.8611
vn 0.5905 0.4294 0.6833
vn 0.8811 0.2362 0.4096
vn 0.8552 0.3056 0.4186
vn 0.7093 0.1869 0.6797
vn 0.0466 0.4489 0.8924
vn 0.0404 0.5248 0.8503
vn 0.8968 0.2211 0.3833
vn 0.5778 0.3344 0.7445
vn 0.0339 0.3638 0.9309
vn 0.5402 -0.7550 0.3718
vn 0.3731 -0.9100 -0.1808
vn -0.0388 -0.9032 -0.4275
vn 0.1175 -0.8307 0.5442
vn 0.3981 -0.2477 0.8833
vn 0.2567 -0.2285 0.9391
vn 0.3576 -0.6353 0.6845
vn 0.4985 -0.3730 0.7825
vn 0.7778 -0.4605 0.4278
vn 0.9143 -0.4009 -0.0577
vn 0.6349 -0.4584 -0.6220
vn 0.4498 -0.8762 0.1730
vn 0.6124 -0.7849 -0.0944
vn 0.7348 -0.6744 0.0726
vn -0.0454 -0.9988 0.0174
vn -0.0343 -0.9088 0.4159
vn -0.0459 -0.9988 0.0163
vn 0.4928 -0.8417 -0.2207
vn 0.2675 -0.7712 -0.5777
vn 0.5017 -0.7972 0.3357
vn 0.3822 -0.1076 0.9178
vn -0.0010 -0.3669 0.9303
vn 0.1450 -0.0360 0.9888
vn 0.0128 -0.0845 0.9963
vn 0.3462 0.0202 0.9380
vn 0.4120 -0.0613 0.9091
vn 0.2285 -0.1202 0.9661
vn 0.3455 -0.2097 0.9147
vn 0.9259 -0.3490 0.1443
vn 0.9124 -0.2186 0.3461
vn 0.8602 -0.3243 0.3934
vn 0.8638 -0.4335 0.2567
vn 0.7250 -0.4596 0.5129
vn 0.8103 -0.4733 0.3454
vn 0.7680 -0.5108 0.3864
vn 0.7611 -0.3088 0.5704
vn 0.7503 -0.3239 0.5763
vn 0.7952 -0.5187 0.3140
vn 0.7310 -0.1890 0.6557
vn 0.8188 -0.4651 0.3364
vn 0.7775 -0.5054 0.3742
vn 0.7527 -0.3192 0.5759
vn 0.6063 -0.3133 0.7310
vn -0.0425 -0.9719 0.2317
vn 0.1588 -0.9631 0.2171
vn 0.3121 -0.2119 0.9261
vn 0.0044 -0.2490 0.9685
vn 0.0090 -0.9958 0.0915
vn 0.5999 -0.3831 0.7024
vn -0.1740 -0.9815 0.0797
vn 0.6018 -0.4763 0.6411
vn -0.2709 -0.9416 0.1998
vn 0.5238 -0.5733 0.6300
vn 0.5670 -0.4469 0.6920
vn 0.6057 -0.5135 0.6078
vn 0.7776 -0.3215 0.5404
vn 0.8412 -0.1893 0.5064
vn 0.7206 -0.4265 0.5467
vn 0.7458 -0.3595 0.5608
vn 0.4850 -0.5119 0.7090
vn 0.3951 -0.6202 0.6777
vn 0.0961 -0.6828 0.7242
vn 0.1709 -0.5115 0.8421
vn 0.0406 -0.4969 0.8669
vn 0.0198 -0.6869 0.7265
vn -0.1724 -0.8588 -0.4824
vn -0.0496 -0.8385 -0.5426
vn -0.3695 -0.3956 -0.8408
vn -0.0376 -0.4631 -0.8855
vn -0.4610 -0.8110 -0.3602
vn -0.7089 -0.3223 -0.6274
vn -0.5738 -0.7951 -0.1962
vn -0.8057 -0.3308 -0.4914
vn -0.5807 -0.8123 0.0543
vn 0.0010 0.6895 0.7243
vn 0.8688 0.1269 0.4786
vn 0.6937 -0.3471 0.6311
vn 0.5677 0.2727 0.7768
vn 0.5445 0.7134 0.4411
vn -0.3084 0.9294 -0.2030
vn -0.2947 0.9497 -0.1057
vn -0.4913 0.8125 -0.3138
vn -0.4130 0.8648 -0.2854
vn 0.3690 -0.5187 0.7712
vn 0.3575 0.1347 0.9241
vn 0.2300 0.8166 0.5294
vn 0.1378 0.8206 0.5547
vn -0.2288 0.8823 -0.4114
vn -0.2976 0.9028 -0.3106
vn 0.1099 -0.5095 0.8534
vn 0.1570 0.2273 0.9611
vn 0.0671 0.9047 0.4208
vn 0.0047 -0.4444 0.8958
vn 0.0308 0.2757 0.9607
vn 0.0329 0.8514 -0.5234
vn 0.0394 0.9442 -0.3272
vn 0.0535 0.9292 0.3656
vn -0.7677 0.5822 -0.2676
vn -0.2628 0.9277 -0.2653
vn 0.2570 0.9163 0.3071
vn -0.4250 0.8265 -0.3691
vn 0.5652 -0.8104 -0.1543
vn 0.6382 -0.7633 -0.1001
vn 0.6197 -0.7808 -0.0801
vn 0.6489 -0.7578 -0.0680
vn 0.7146 -0.6995 -0.0023
vn 0.7759 -0.6238 -0.0938
vn 0.8302 -0.4486 -0.3311
vn 0.9448 -0.1525 -0.2899
vn 0.9670 -0.0468 0.2503
vn 0.9688 0.1197 0.2170
vn 0.9349 0.0221 -0.3543
vn 0.9197 -0.0426 0.3903
vn 0.7198 -0.2195 -0.6586
vn 0.7413 -0.6640 -0.0979
vn 0.6802 -0.5404 -0.4953
vn 0.9977 0.0256 0.0622
vn 0.8769 0.0877 0.4726
vn 0.8750 0.3842 0.2946
vn 0.9973 -0.0075 0.0732
vn 0.7289 -0.4059 -0.5513
vn 0.8339 0.0846 0.5455
vn 0.9426 0.0182 0.3333
vn 0.9317 -0.0188 0.3627
vn 0.9703 -0.1885 0.1515
vn 0.9606 -0.1282 0.2465
vn 0.7579 -0.4194 -0.4996
vn 0.8818 -0.2437 0.4038
vn 0.6827 -0.4307 -0.5903
vn 0.8069 -0.4413 0.3927
vn 0.6139 -0.1290 -0.7788
vn 0.7622 -0.4696 0.4456
vn 0.6668 0.2816 -0.6900
vn 0.5909 0.3668 0.7186
vn 0.8584 -0.4830 0.1727
vn 0.7729 -0.4743 0.4215
vn 0.5414 0.7444 0.3907
vn 0.6583 -0.4327 0.6160
vn 0.5650 0.8128 0.1421
vn 0.8095 0.5779 -0.1033
vn 0.6203 -0.4206 0.6620
vn 0.7954 0.4021 -0.4535
vn 0.6968 -0.4591 0.5510
vn 0.8520 -0.0061 0.5236
vn 0.9669 0.2498 0.0514
vn 0.9772 0.0990 -0.1879
vn 0.7923 0.3268 0.5153
vn 0.8160 -0.0028 0.5780
vn 0.7746 0.6299 -0.0567
vn 0.9566 0.1410 -0.2551
vn 0.7161 0.3253 0.6176
vn 0.9412 -0.0441 0.3350
vn 0.8714 -0.4553 0.1828
vn 0.7449 -0.5385 0.3939
vn 0.5492 -0.6404 0.5369
vn 0.9659 -0.1739 0.1919
vn 0.5755 -0.4615 0.6751
vn 0.7882 -0.0599 0.6125
vn 0.6124 -0.4507 0.6495
vn 0.9015 -0.3305 0.2794
vn 0.8264 -0.2023 0.5255
vn 0.6804 -0.4082 0.6086
vn 0.7638 -0.4293 0.4820
vn 0.8384 -0.2956 0.4580
vn 0.6294 -0.1764 0.7568
vn 0.7564 -0.2544 0.6026
vn 0.8602 -0.1001 0.5000
vn 0.8538 -0.2116 0.4757
vn -0.0918 -0.5243 -0.8465
vn -0.1899 -0.3526 -0.9163
vn -0.2594 -0.1303 -0.9569
vn -0.2866 0.2291 -0.9303
vn -0.1817 0.5424 -0.8202
vn -0.0500 0.6363 -0.7698
vn 0.0735 0.7435 -0.6647
vn 0.0040 0.8485 -0.5291
vn 0.8958 0.4224 -0.1382
vn 0.9363 0.0810 0.3416
vn 0.9456 -0.0095 0.3253
vn 0.7472 0.2058 -0.6319
vn -0.2260 0.5676 -0.7917
vn -0.4086 0.4583 -0.7893
vn -0.4833 0.3165 -0.8162
vn -0.4728 0.0417 -0.8802
vn -0.4070 -0.2118 -0.8885
vn -0.0994 -0.3464 -0.9328
vn 0.4642 -0.5073 -0.7261
vn 0.6604 0.0609 -0.7485
vn 0.5603 0.0067 -0.8282
vn 0.5640 0.0384 -0.8249
vn 0.6044 -0.0144 -0.7966
vn 0.6983 -0.1101 -0.7073
vn 0.8009 -0.0630 -0.5955
vn 0.8841 -0.0131 -0.4672
vn 0.8779 0.0285 -0.4779
vn 0.9194 -0.0159 -0.3930
vn 0.8696 -0.3299 -0.3674
vn 0.9736 -0.1177 0.1954
vn 0.9814 -0.1144 0.1538
vn 0.9737 -0.0354 0.2252
vn 0.9785 -0.1000 0.1804
vn 0.9875 -0.0609 0.1454
vn 0.9782 -0.1123 0.1746
vn 0.9424 0.0397 0.3320
vn 0.9543 0.0178 0.2983
vn 0.8755 0.1291 0.4656
vn 0.8964 0.1753 0.4071
vn 0.8340 0.1492 0.5313
vn 0.8328 0.2937 0.4693
vn 0.7424 0.0200 -0.6697
vn 0.8007 0.0506 -0.5969
vn 0.6970 -0.0658 -0.7141
vn 0.7076 0.2630 0.6558
vn 0.6598 0.4457 0.6050
vn 0.5210 0.3379 0.7838
vn 0.3912 0.5214 0.7583
vn 0.0410 0.5505 0.8338
vn 0.3517 0.7862 0.5081
vn 0.0487 0.7877 0.6141
vn 0.5757 0.7284 0.3714
vn 0.7504 0.6117 0.2503
vn 0.8738 0.4358 0.2156
vn 0.9752 0.1276 0.1811
vn 0.9837 -0.0865 0.1577
vn 0.9944 -0.0769 0.0726
vn 0.9614 -0.0409 -0.2721
vn 0.9960 0.0271 -0.0851
vn 0.8447 0.4995 -0.1921
vn 0.6322 0.7520 -0.1868
vn 0.0479 0.9984 -0.0308
vn 0.2033 0.9772 -0.0618
vn 0.8397 -0.0397 -0.5416
vn 0.9021 0.0844 -0.4231
vn 0.6287 0.5948 -0.5010
vn 0.7399 -0.0604 -0.6700
vn 0.7715 0.0274 -0.6356
vn 0.5355 0.4811 -0.6941
vn 0.6451 -0.0499 -0.7624
vn 0.5746 -0.0376 -0.8176
vn 0.6097 0.1115 -0.7847
vn 0.3790 -0.0095 -0.9253
vn 0.3994 0.1907 -0.8967
vn 0.4715 0.1874 -0.8617
vn 0.1476 0.0662 -0.9868
vn 0.1684 0.1872 -0.9678
vn -0.0101 0.1226 -0.9924
vn -0.0199 0.1817 -0.9832
vn 0.3540 0.9289 -0.1087
vn 0.4259 0.8883 -0.1717
vn 0.0406 0.9508 -0.3072
vn 0.1593 0.9232 -0.3498
vn 0.3005 0.8545 -0.4237
vn 0.2391 0.7664 -0.5962
vn 0.0960 0.8503 -0.5174
vn 0.0339 0.8837 -0.4668
vn 0.0143 0.5521 -0.8337
vn 0.2072 0.4487 -0.8693
vn -0.0545 0.2406 -0.9691
vn 0.1571 0.2506 -0.9553
vn 0.4295 0.2179 -0.8764
vn 0.6852 0.1394 -0.7148
vn 0.8495 0.0811 -0.5213
vn 0.4561 -0.8628 -0.2182
vn 0.6123 -0.7882 -0.0612
vn 0.7218 -0.6919 0.0164
vn 0.6831 -0.7237 -0.0978
vn 0.5473 -0.7628 -0.3444
vn 0.6186 -0.6460 -0.4472
vn 0.1323 -0.9214 -0.3654
vn -0.1316 -0.9019 -0.4114
vn -0.1654 -0.7766 -0.6079
vn -0.0457 -0.4123 0.9099
vn -0.1611 0.4915 0.8558
vn -0.2306 0.8061 0.5449
vn -0.0071 0.7439 0.6683
vn 0.4353 0.5342 0.7247
vn 0.6934 0.2694 0.6683
vn 0.8231 0.1516 0.5474
vn 0.8979 0.3159 0.3067
vn 0.8864 0.4629 -0.0010
vn 0.8963 0.3821 -0.2253
vn 0.9043 0.2818 -0.3207
vn 0.8734 0.1496 -0.4634
vn 0.6735 0.2409 -0.6988
vn 0.3523 0.2953 -0.8881
vn 0.0447 0.2493 -0.9674
vn -0.1354 0.1837 -0.9736
vn 0.6132 0.6187 -0.4911
vn 0.5958 0.7559 -0.2712
vn 0.1707 0.7731 -0.6108
vn -0.0855 0.7394 -0.6678
vn -0.1642 0.6876 -0.7073
vn 0.7013 0.7118 -0.0388
vn 0.1938 0.7751 -0.6014
vn 0.3225 0.8162 -0.4794
vn 0.4428 0.8663 -0.2310
vn 0.2811 0.8063 -0.5205
vn 0.2073 0.7952 -0.5698
vn 0.0182 0.7063 -0.7076
vn -0.0265 0.8152 -0.5786
vn -0.1535 0.6572 -0.7379
vn -0.2106 0.7698 -0.6026
vn -0.2664 0.6161 -0.7412
vn -0.2420 0.7434 -0.6236
vn -0.3129 0.5997 -0.7365
vn 0.8267 0.5220 0.2100
vn 0.8164 0.3336 0.4714
vn 0.7720 0.3515 0.5297
vn 0.6545 0.4375 0.6167
vn 0.5430 0.4568 0.7046
vn 0.4604 0.4602 0.7591
vn 0.3511 0.4306 0.8315
vn 0.3245 0.4265 0.8443
vn 0.4354 0.3104 0.8450
vn 0.3730 0.3184 0.8715
vn 0.5049 0.1596 0.8483
vn 0.3867 0.1683 0.9067
vn 0.6238 0.2683 0.7341
vn 0.7237 0.0988 0.6830
vn 0.7625 0.2134 0.6107
vn 0.8601 0.0352 0.5089
vn 0.8701 0.2070 0.4473
vn 0.9316 0.0645 0.3577
vn 0.9111 0.1941 0.3637
vn 0.9429 0.1123 0.3135
vn 0.8806 0.2862 0.3776
vn 0.9230 0.1790 0.3407
vn 0.7605 0.6243 0.1788
vn 0.4054 -0.1414 0.9032
vn 0.0541 -0.1347 0.9894
vn 0.6395 -0.1214 0.7591
vn 0.0626 0.0204 0.9978
vn 0.2389 0.0231 0.9708
vn 0.0212 -0.3547 0.9347
vn 0.2427 -0.2644 0.9334
vn 0.7035 -0.5256 0.4783
vn 0.1685 -0.6506 0.7405
vn 0.1941 -0.9627 -0.1883
vn -0.0317 -0.9473 0.3188
vn -0.0627 -0.6911 0.7200
vn -0.1330 -0.9486 0.2871
vn -0.0805 -0.9580 -0.2752
vn 0.9101 0.1434 0.3887
vn 0.9822 -0.0729 0.1731
vn 0.9516 0.0257 0.3063
vn 0.9222 0.0686 0.3807
vn 0.9898 -0.0587 0.1298
vn 0.9913 -0.0720 0.1105
vn 0.9679 0.0257 0.2501
vn 0.9391 -0.0933 0.3308
vn 0.9383 -0.1457 0.3137
vn 0.9703 -0.1164 0.2119
vn 0.9702 -0.0794 0.2289
vn 0.8282 -0.3801 0.4118
vn 0.6885 -0.2435 0.6832
vn 0.7757 -0.2764 0.5674
vn 0.8238 -0.3095 0.4750
vn 0.6349 -0.4880 0.5990
vn 0.5279 -0.3491 0.7742
vn 0.4419 -0.2761 0.8535
vn 0.5939 -0.4182 0.6873
vn 0.5855 -0.3762 0.7181
vn 0.4491 -0.2815 0.8480
vn 0.5135 -0.3521 0.7825
vn 0.4869 -0.1591 0.8589
vn 0.5943 -0.2245 0.7723
vn 0.5218 -0.2494 0.8158
vn 0.2470 -0.1539 0.9567
vn 0.1723 -0.1290 0.9766
vn 0.1553 -0.2445 0.9571
vn 0.0074 -0.1815 0.9834
vn 0.0019 -0.2393 0.9710
vn 0.0128 -0.0377 0.9992
vn 0.1635 0.6407 0.7502
vn 0.2214 0.0809 0.9718
vn 0.4118 0.3957 0.8209
vn 0.6453 0.3934 0.6549
vn 0.5999 0.2553 0.7582
vn 0.8940 0.2047 0.3986
vn 0.8001 0.2585 0.5413
vn 0.9254 0.1051 0.3640
vn 0.4786 0.5009 0.7211
vn 0.8413 0.1431 0.5212
vn -0.3249 -0.5292 0.7839
vn 0.2137 -0.9764 0.0311
vn 0.0423 -0.9829 0.1792
vn -0.0915 -0.1377 0.9862
vn 0.3689 0.1594 0.9157
vn 0.5055 -0.2695 0.8197
vn 0.3487 -0.6674 0.6580
vn -0.0267 -0.1355 0.9904
vn 0.1235 -0.9510 0.2836
vn 0.1963 -0.8999 -0.3894
vn -0.0916 -0.9490 -0.3016
vn 0.3465 -0.0575 0.9363
vn 0.1015 -0.9462 0.3072
vn -0.4475 -0.8741 -0.1890
vn 0.7343 0.0016 0.6788
vn 0.6632 -0.2715 0.6975
vn -0.0800 -0.9415 0.3273
vn -0.7826 -0.6188 0.0680
vn 0.8594 -0.2620 0.4390
vn 0.6687 -0.6170 0.4149
vn -0.2706 -0.8670 0.4183
vn -0.8639 -0.4433 0.2389
vn 0.7987 -0.4749 0.3696
vn 0.7983 0.0186 0.6019
vn 0.5600 -0.0169 0.8283
vn 0.4458 -0.2817 0.8496
vn 0.5177 0.3047 0.7994
vn 0.7615 0.2582 0.5945
vn 0.6691 0.3087 0.6760
vn 0.6108 -0.7182 0.3333
vn 0.5499 -0.0659 0.8326
vn 0.2325 0.7184 0.6557
vn -0.3975 0.8881 0.2311
vn -0.0595 0.8803 0.4707
vn -0.6123 -0.1837 0.7690
vn -0.9790 0.1077 0.1730
vn -0.5357 0.7740 0.3377
vn 0.5827 -0.6978 -0.4166
vn 0.9007 0.1833 0.3939
vn 0.5712 0.6207 0.5371
vn 0.4733 0.8163 0.3311
vn 0.9066 -0.1650 0.3883
vn 0.6075 -0.7547 -0.2480
vn 0.7267 0.4272 0.5380
vn 0.7811 -0.6243 -0.0114
vn 0.9129 -0.2400 -0.3302
vn 0.8841 0.2971 0.3608
vn 0.8340 0.5518 0.0061
vn 0.5611 -0.5735 0.5969
vn 0.0013 -0.6412 0.7674
vn 0.5051 -0.5970 0.6233
vn 0.8815 0.2039 0.4259
vn 0.4727 0.2492 0.8453
vn 0.7148 0.2537 0.6517
vn 0.8301 0.2356 0.5054
vn 0.8621 0.2246 0.4544
vn 0.9405 0.0306 0.3383
vn 0.9641 -0.0434 0.2620
vn 0.9724 0.0623 0.2250
vn 0.9568 0.0081 0.2905
vn 0.8449 -0.0920 0.5269
vn 0.5951 -0.1409 0.7912
vn 0.3597 -0.1365 0.9230
vn 0.4909 -0.0927 0.8663
vn 0.0847 -0.0579 0.9947
vn 0.7940 0.2519 0.5533
vn 0.8583 0.1828 0.4795
vn 0.9170 -0.0865 0.3893
vn 0.9235 0.0187 0.3831
vn 0.8682 0.2155 0.4470
vn 0.8081 0.1264 0.5753
vn 0.6352 0.0399 0.7713
vn 0.4633 0.0703 0.8834
vn 0.3745 0.1097 0.9207
vn 0.3209 -0.2436 0.9153
vn 0.3026 -0.1879 0.9344
vn -0.0549 -0.0975 0.9937
vn 0.0239 -0.2988 0.9540
vn 0.4656 0.3738 0.8022
vn 0.2911 0.1025 0.9512
vn 0.7357 0.2852 0.6143
vn 0.9108 0.2199 0.3493
vn 0.8962 0.2421 0.3717
vn 0.5515 0.2499 0.7959
vn 0.0290 0.2485 0.9682
vn 0.5628 0.1697 0.8090
vn 0.2390 -0.1060 0.9652
vn 0.8082 0.1128 0.5780
vn 0.8526 -0.3471 0.3907
vn 0.7910 0.2570 0.5552
vn 0.8453 0.1891 0.4997
vn 0.8894 -0.3036 0.3418
vn 0.9164 0.2076 0.3423
vn 0.9156 0.0439 0.3996
vn 0.8932 0.1396 0.4274
vn 0.7966 -0.3866 0.4647
vn 0.8717 -0.0928 0.4811
vn 0.5027 0.1045 0.8581
vn 0.4545 -0.5040 0.7344
vn 0.4935 -0.1360 0.8590
vn 0.0242 0.1153 0.9930
vn 0.0137 -0.1221 0.9924
vn -0.0106 -0.5632 0.8263
vn 0.6881 0.1980 0.6981
vn 0.6623 -0.1641 0.7310
vn 0.6211 0.0040 0.7837
vn 0.4633 0.1267 0.8771
vn 0.4602 -0.6830 0.5672
vn 0.4671 -0.1595 0.8697
vn 0.2280 -0.0752 0.9708
vn 0.3027 0.1653 0.9386
vn 0.2280 -0.2994 0.9265
vn 0.1892 -0.2400 0.9521
vn 0.2506 -0.2390 0.9381
vn -0.0618 -0.4679 0.8816
vn 0.3210 -0.8075 0.4948
vn 0.4257 -0.6339 0.6457
vn 0.1329 -0.8598 0.4931
vn 0.2089 -0.8397 0.5013
vn 0.0020 0.5638 -0.8259
vn 0.4020 0.4256 -0.8107
vn -0.4001 0.5506 -0.7327
vn -0.7549 0.3960 -0.5228
vn 0.3620 -0.1530 -0.9195
vn -0.2650 -0.3729 -0.8892
vn -0.7619 -0.0886 -0.6416
vn -0.9378 0.2378 -0.2530
vn -0.8760 0.4782 -0.0626
vn -0.9287 0.3217 -0.1845
vn -0.8580 0.5056 -0.0903
vn -0.9443 0.3219 0.0686
vn 0.6996 0.2745 -0.6597
vn 0.6527 0.4516 -0.6083
vn 0.7824 0.4488 -0.4318
vn 0.9337 0.1612 -0.3196
vn 0.9079 0.3813 -0.1742
vn -0.8435 -0.3819 -0.3776
vn -0.0424 -0.5938 -0.8035
vn -0.3263 -0.6014 -0.7293
vn -0.6711 -0.5386 -0.5095
vn -0.8193 -0.4587 -0.3441
vn -0.8697 -0.4311 -0.2402
vn -0.9902 -0.1346 0.0371
vn -0.8383 0.5105 0.1916
vn -0.4996 0.8286 -0.2527
vn -0.0071 0.9158 -0.4017
vn -0.0370 0.6123 0.7898
vn -0.0257 0.5904 0.8067
vn -0.3064 0.9467 -0.0991
vn 0.4030 0.8763 -0.2639
vn 0.0224 0.6685 0.7434
vn -0.0712 -0.3963 0.9154
vn -0.0026 -0.2329 0.9725
vn -0.2961 -0.3812 0.8758
vn -0.0442 0.7341 0.6776
vn -0.5706 -0.2184 0.7917
vn -0.0728 0.8589 0.5070
vn -0.7319 0.0421 0.6801
vn 0.5191 0.8538 0.0402
vn -0.4501 0.3277 0.8307
vn -0.3551 0.1430 0.9238
vn -0.2040 0.1140 0.9723
vn -0.2324 0.1620 0.9590
vn -0.2633 0.2919 0.9195
vn -0.7750 -0.0336 0.6311
vn -0.7235 -0.2467 0.6447
vn -0.6576 -0.1079 0.7456
vn -0.6987 0.0601 0.7128
vn -0.7944 -0.2096 0.5701
vn -0.6499 -0.4036 0.6440
vn -0.2407 0.2367 0.9413
vn -0.3399 0.2359 0.9104
vn -0.3241 0.3933 0.8604
vn -0.2971 0.3288 0.8965
vn -0.5228 0.4819 0.7032
vn -0.6758 0.2108 0.7063
vn -0.8076 0.3848 0.4469
vn -0.8411 0.3171 0.4381
vn -0.8566 0.3083 0.4137
vn -0.5164 0.3863 0.7643
vn -0.5934 -0.7077 0.3833
vn -0.1674 -0.8201 0.5473
vn -0.0623 -0.8970 -0.4377
vn -0.4616 -0.8711 -0.1677
vn -0.5049 -0.3147 0.8038
vn -0.8065 -0.3829 0.4505
vn -0.3996 -0.6057 0.6881
vn -0.4069 -0.2172 0.8872
vn -0.9490 -0.3137 -0.0318
vn -0.6819 -0.7278 -0.0725
vn -0.5186 -0.8326 0.1947
vn -0.6879 -0.4012 -0.6049
vn -0.7915 -0.6038 0.0944
vn -0.5812 -0.7885 -0.2012
vn -0.3561 -0.7347 -0.5774
vn -0.5651 -0.7494 0.3450
vn -0.3569 -0.0744 0.9312
vn -0.1135 -0.0256 0.9932
vn -0.3389 0.0471 0.9396
vn -0.4098 -0.0156 0.9120
vn -0.9499 -0.2636 0.1681
vn -0.8904 -0.3621 0.2759
vn -0.8648 -0.2472 0.4370
vn -0.9210 -0.1270 0.3684
vn -0.8347 -0.4094 0.3684
vn -0.7482 -0.3806 0.5434
vn -0.8048 -0.4569 0.3788
vn -0.7929 -0.5148 0.3261
vn -0.7291 -0.2397 0.6410
vn -0.7509 -0.2068 0.6272
vn -0.8300 -0.4600 0.3154
vn -0.7512 -0.1145 0.6500
vn -0.8306 -0.4150 0.3712
vn -0.7708 -0.2072 0.6024
vn -0.6456 -0.2092 0.7344
vn -0.2993 -0.1807 0.9369
vn -0.2417 -0.9439 0.2252
vn -0.6092 -0.3292 0.7214
vn -0.1000 -0.9908 0.0916
vn -0.6277 -0.4165 0.6576
vn 0.0810 -0.9939 0.0746
vn -0.5874 -0.4992 0.6370
vn 0.1908 -0.9622 0.1943
vn -0.6781 -0.4111 0.6092
vn -0.5502 -0.4017 0.7321
vn -0.7796 -0.2390 0.5788
vn -0.8327 -0.1417 0.5353
vn -0.7528 -0.2679 0.6013
vn -0.7449 -0.3573 0.5634
vn -0.5429 -0.4166 0.7292
vn -0.4691 -0.5321 0.7048
vn -0.1661 -0.4860 0.8580
vn -0.1266 -0.6456 0.7531
vn 0.0769 -0.8679 -0.4908
vn 0.3005 -0.4278 -0.8524
vn 0.3760 -0.8445 -0.3815
vn 0.6525 -0.3880 -0.6509
vn 0.4928 -0.8420 -0.2197
vn 0.7531 -0.4061 -0.5176
vn 0.5045 -0.8628 0.0334
vn 0.0775 0.7013 0.7086
vn -0.8389 0.1985 0.5068
vn -0.7072 -0.2948 0.6426
vn -0.5165 0.3212 0.7938
vn -0.4573 0.7621 0.4584
vn 0.3895 0.8950 -0.2176
vn 0.4842 0.8217 -0.3007
vn 0.5631 0.7611 -0.3221
vn 0.3794 0.9185 -0.1113
vn -0.4114 -0.4827 0.7731
vn -0.3130 0.1689 0.9346
vn -0.0410 0.8285 0.5585
vn -0.1331 0.8332 0.5367
vn 0.2987 0.8558 -0.4224
vn 0.3712 0.8712 -0.3214
vn -0.1299 -0.4833 0.8658
vn -0.0973 0.2411 0.9656
vn 0.0372 0.9065 0.4206
vn -0.1536 0.9373 0.3127
vn 0.3325 0.9079 -0.2551
vn 0.7971 0.5321 -0.2855
vn 0.4949 0.7852 -0.3722
vn -0.5300 -0.8014 -0.2772
vn -0.5131 -0.8170 -0.2631
vn -0.5781 -0.7761 -0.2518
vn -0.6373 -0.7483 -0.1841
vn -0.7053 -0.7032 -0.0898
vn -0.7597 -0.6127 -0.2177
vn -0.7786 -0.4280 -0.4589
vn -0.9275 -0.1124 -0.3564
vn -0.9590 0.0362 0.2812
vn -0.9458 0.2076 0.2499
vn -0.9270 0.1104 -0.3585
vn -0.9070 0.0448 0.4188
vn -0.8134 -0.5771 -0.0734
vn -0.7415 -0.1723 -0.6484
vn -0.9881 0.1203 0.0959
vn -0.7437 -0.4701 -0.4754
vn -0.8492 0.1717 0.4994
vn -0.8228 0.4660 0.3254
vn -0.9905 0.0874 0.1061
vn -0.7780 -0.3363 -0.5308
vn -0.8095 0.1483 0.5681
vn -0.9775 -0.1023 0.1847
vn -0.9190 0.0728 0.3876
vn -0.9261 0.1063 0.3621
vn -0.9597 -0.0353 0.2790
vn -0.8078 -0.3457 -0.4774
vn -0.8869 -0.1594 0.4337
vn -0.7391 -0.3623 -0.5679
vn -0.8319 -0.3628 0.4199
vn -0.6486 -0.0670 -0.7582
vn -0.7899 -0.3939 0.4700
vn -0.6574 0.3475 -0.6686
vn -0.5451 0.4092 0.7317
vn -0.8953 -0.3972 0.2016
vn -0.7877 -0.3897 0.4771
vn -0.4541 0.7876 0.4164
vn -0.6748 -0.3650 0.6414
vn -0.4865 0.8579 0.1654
vn -0.7587 0.6458 -0.0860
vn -0.6593 -0.3612 0.6595
vn -0.7203 -0.3907 0.5732
vn -0.7681 0.4745 -0.4299
vn -0.9708 0.1941 -0.1408
vn -0.9336 0.3470 0.0888
vn -0.8362 0.0859 0.5416
vn -0.7369 0.4014 0.5439
vn -0.7911 0.0765 0.6069
vn -0.7126 0.7008 -0.0315
vn -0.9475 0.2297 -0.2224
vn -0.6590 0.3911 0.6424
vn -0.9298 0.0445 0.3654
vn -0.7673 -0.4906 0.4130
vn -0.9046 -0.3787 0.1957
vn -0.5517 -0.6349 0.5408
vn -0.9707 -0.0739 0.2285
vn -0.5815 -0.4282 0.6917
vn -0.7687 0.0157 0.6394
vn -0.6260 -0.3867 0.6772
vn -0.9202 -0.2359 0.3125
vn -0.8219 -0.1122 0.5585
vn -0.6951 -0.3421 0.6323
vn -0.7851 -0.3556 0.5072
vn -0.8458 -0.2170 0.4873
vn -0.6163 -0.1149 0.7791
vn -0.7554 -0.1810 0.6298
vn -0.8476 -0.0168 0.5303
vn -0.8524 -0.1300 0.5065
vn 0.1249 -0.3681 -0.9214
vn 0.0149 -0.5293 -0.8483
vn 0.2137 -0.1520 -0.9650
vn 0.2754 0.2051 -0.9392
vn 0.2047 0.5249 -0.8262
vn 0.0865 0.6257 -0.7752
vn -0.0227 0.7445 -0.6672
vn 0.0573 0.8433 -0.5343
vn -0.8574 0.5019 -0.1140
vn -0.9132 0.1737 0.3686
vn -0.9290 0.0787 0.3617
vn -0.7423 0.2767 -0.6103
vn 0.2514 0.5395 -0.8036
vn 0.4215 0.4175 -0.8050
vn 0.4838 0.2715 -0.8320
vn 0.4512 -0.0014 -0.8924
vn 0.3620 -0.2459 -0.8992
vn 0.0355 -0.3509 -0.9358
vn -0.5261 -0.4642 -0.7125
vn -0.6745 0.1185 -0.7287
vn -0.5887 0.0636 -0.8058
vn -0.5971 0.0902 -0.7971
vn -0.6326 0.0318 -0.7738
vn -0.7176 -0.0461 -0.6949
vn -0.8086 0.0018 -0.5884
vn -0.8817 0.0249 -0.4712
vn -0.8556 0.0545 -0.5148
vn -0.8716 -0.0151 -0.4899
vn -0.7113 -0.2840 -0.6429
vn -0.9715 -0.0200 0.2361
vn -0.9639 0.0566 0.2603
vn -0.9790 -0.0095 0.2035
vn -0.9268 0.1115 0.3586
vn -0.9393 0.0999 0.3283
vn -0.9761 -0.0224 0.2161
vn -0.9757 0.0101 0.2190
vn -0.8439 0.2074 0.4948
vn -0.8619 0.2581 0.4364
vn -0.7974 0.2274 0.5590
vn -0.7844 0.3702 0.4977
vn -0.7640 0.0888 -0.6391
vn -0.8152 0.1091 -0.5689
vn -0.7265 0.0102 -0.6871
vn -0.6561 0.3296 0.6789
vn -0.5923 0.5055 0.6275
vn -0.4567 0.3894 0.7999
vn -0.3129 0.5551 0.7707
vn -0.2571 0.8156 0.5184
vn -0.4897 0.7803 0.3890
vn -0.6783 0.6824 0.2723
vn -0.8204 0.5172 0.2439
vn -0.9518 0.2172 0.2166
vn -0.9806 0.0054 0.1959
vn -0.9940 0.0204 0.1076
vn -0.9694 0.0495 -0.2406
vn -0.9914 0.1211 -0.0490
vn -0.7987 0.5796 -0.1620
vn -0.5600 0.8116 -0.1662
vn -0.1115 0.9921 -0.0577
vn -0.8566 0.0395 -0.5145
vn -0.9030 0.1705 -0.3943
vn -0.5856 0.6528 -0.4805
vn -0.7636 0.0095 -0.6456
vn -0.7860 0.1014 -0.6098
vn -0.5112 0.5314 -0.6755
vn -0.6742 0.0111 -0.7385
vn -0.6025 0.0209 -0.7978
vn -0.6131 0.1610 -0.7734
vn -0.4099 0.0243 -0.9118
vn -0.4106 0.2074 -0.8879
vn -0.4825 0.2326 -0.8445
vn -0.1731 0.0785 -0.9818
vn -0.2014 0.1861 -0.9617
vn -0.2674 0.9584 -0.1004
vn -0.3437 0.9255 -0.1589
vn -0.0838 0.9352 -0.3440
vn -0.2317 0.8808 -0.4129
vn -0.1839 0.7873 -0.5884
vn -0.0292 0.8569 -0.5147
vn -0.1915 0.4685 -0.8624
vn -0.2488 0.2258 -0.9419
vn -0.4691 0.2015 -0.8598
vn -0.6855 0.1678 -0.7085
vn -0.8579 0.1342 -0.4959
vn -0.3469 -0.8006 -0.4885
vn -0.3223 -0.8077 -0.4936
vn -0.3587 -0.7959 -0.4877
vn -0.3004 -0.7828 -0.5449
vn 0.7415 0.0473 -0.6693
vn 0.8969 0.2745 -0.3468
vn 0.0899 0.3177 0.9439
vn -0.8110 -0.5849 -0.0120
vn -0.0483 0.2348 0.9708
vn -0.3505 0.0569 0.9348
vn -0.2346 0.2031 0.9506
vn 0.5749 0.7861 0.2271
vn 0.2121 0.8250 0.5239
vn -0.8487 0.4779 0.2267
vn -0.8922 0.4328 -0.1289
vn -0.9158 0.3250 -0.2362
vn -0.8874 0.1862 -0.4218
vn -0.7338 0.2059 -0.6474
vn -0.5228 0.1809 -0.8330
vn -0.2958 0.1512 -0.9432
vn -0.7131 0.6215 -0.3244
vn -0.6321 0.7586 0.1578
vn -0.4602 0.6599 -0.5939
vn -0.2551 0.6415 -0.7235
vn -0.4592 0.7723 0.4389
vn -0.5822 0.7633 -0.2800
vn -0.5871 0.7937 -0.1594
vn -0.4639 0.8698 0.1683
vn -0.5681 0.8170 -0.0985
vn -0.5646 0.7832 -0.2606
vn -0.5308 0.6978 -0.4811
vn -0.4149 0.7692 -0.4860
vn -0.4284 0.6530 -0.6246
vn -0.2851 0.7355 -0.6147
vn -0.3496 0.6148 -0.7069
vn -0.2807 0.6549 0.7016
vn -0.1093 0.4875 0.8662
vn -0.1320 0.4756 0.8697
vn -0.0377 0.5223 0.8519
vn 0.0854 0.5025 0.8603
vn 0.1603 0.5072 0.8468
vn 0.3071 0.4836 0.8197
vn 0.2790 0.3090 0.9092
vn 0.2335 0.1158 0.9654
vn 0.0453 0.2664 0.9628
vn -0.0530 0.0676 0.9963
vn -0.1162 0.2117 0.9704
vn -0.2534 0.0170 0.9672
vn -0.3033 0.1996 0.9318
vn -0.4090 0.0441 0.9115
vn -0.3823 0.1935 0.9036
vn -0.4468 0.0905 0.8900
vn -0.3294 0.2883 0.8991
vn -0.4130 0.1574 0.8970
vn -0.3445 0.6506 0.6768
vn -0.3651 -0.0916 0.9265
vn -0.6303 -0.0857 0.7716
vn -0.1199 0.0428 0.9919
vn -0.1998 -0.3145 0.9280
vn -0.7085 -0.5327 0.4629
vn -0.1982 -0.6885 0.6976
vn -0.3231 -0.9209 -0.2180
vn -0.2328 -0.8624 -0.4494
vn -0.0832 -0.9571 0.2775
vn -0.8786 0.2281 0.4196
vn -0.9332 0.1157 0.3401
vn -0.8975 0.1556 0.4128
vn -0.9517 0.1170 0.2837
vn -0.9262 0.0061 0.3771
vn -0.9628 -0.0048 0.2703
vn -0.9652 -0.0339 0.2594
vn -0.9869 0.0323 0.1578
vn -0.8341 -0.3055 0.4593
vn -0.8386 -0.2503 0.4839
vn -0.7924 -0.1970 0.5774
vn -0.6707 -0.4223 0.6098
vn -0.6272 -0.3839 0.6777
vn -0.5218 -0.2997 0.7987
vn -0.5926 -0.3271 0.7361
vn -0.4852 -0.3368 0.8070
vn -0.3917 -0.2389 0.8885
vn -0.5861 -0.1644 0.7934
vn -0.5178 -0.1944 0.8331
vn -0.4845 -0.1015 0.8689
vn -0.2268 -0.1288 0.9654
vn -0.1521 -0.1152 0.9816
vn -0.1447 -0.2306 0.9622
vn -0.1840 0.1018 0.9776
vn -0.0887 0.6328 0.7692
vn -0.3497 0.4320 0.8313
vn -0.5797 0.4558 0.6754
vn -0.5505 0.3052 0.7771
vn -0.8546 0.2941 0.4279
vn -0.7514 0.3224 0.5757
vn -0.8980 0.1892 0.3973
vn -0.4143 0.5307 0.7394
vn -0.8006 0.2331 0.5520
vn 0.2928 -0.5667 0.7701
vn 0.1097 -0.1493 0.9827
vn -0.1328 -0.9748 0.1795
vn -0.3029 -0.9521 0.0412
vn -0.3184 0.2048 0.9256
vn 0.0458 -0.1299 0.9905
vn -0.3873 -0.6186 0.6836
vn -0.4956 -0.2253 0.8389
vn -0.2020 -0.9361 0.2880
vn -0.0088 -0.9525 -0.3044
vn -0.2938 -0.8772 -0.3798
vn -0.3166 -0.0275 0.9482
vn -0.1741 -0.9354 0.3077
vn 0.3596 -0.9098 -0.2071
vn -0.7062 0.0826 0.7032
vn -0.6605 -0.2123 0.7202
vn 0.0103 -0.9467 0.3219
vn 0.7235 -0.6891 0.0400
vn -0.8644 -0.1787 0.4699
vn -0.7085 -0.5542 0.4369
vn 0.2077 -0.8873 0.4117
vn 0.8288 -0.5178 0.2121
vn -0.8261 -0.4064 0.3904
vn -0.7515 0.0981 0.6524
vn -0.4899 0.0366 0.8710
vn -0.5657 -0.2970 0.7693
vn -0.4491 0.3775 0.8098
vn -0.7295 0.3340 0.5969
vn -0.6067 0.3736 0.7017
vn -0.6648 -0.6576 0.3546
vn -0.6126 -0.0309 0.7898
vn -0.1543 0.7342 0.6611
vn 0.4852 0.8470 0.2173
vn 0.1691 0.8615 0.4787
vn 0.6280 -0.2318 0.7429
vn 0.9896 0.0341 0.1400
vn 0.6295 0.7084 0.3192
vn -0.6626 -0.6361 -0.3953
vn -0.8526 0.2768 0.4432
vn -0.5015 0.6642 0.5544
vn -0.3846 0.8574 0.3420
vn -0.9042 -0.0867 0.4182
vn -0.6863 -0.6908 -0.2274
vn -0.6986 0.4876 0.5237
vn -0.8377 -0.5460 0.0088
vn -0.9420 -0.1445 -0.3028
vn -0.8451 0.3451 0.4084
vn -0.7724 0.6342 0.0352
vn -0.5959 -0.5287 0.6044
vn -0.0316 -0.6399 0.7678
vn -0.5269 -0.5532 0.6452
vn -0.8411 0.2962 0.4527
vn -0.6678 0.3217 0.6712
vn -0.4129 0.2957 0.8614
vn -0.7866 0.3127 0.5324
vn -0.8255 0.2966 0.4802
vn -0.9262 0.1151 0.3591
vn -0.4389 -0.1637 0.8835
vn -0.7477 0.3252 0.5790
vn -0.8280 0.2605 0.4965
vn -0.9138 0.0202 0.4056
vn -0.8865 0.1556 0.4359
vn -0.1956 -0.2244 0.9547
vn -0.2061 -0.0900 0.9744
vn -0.3935 0.4271 0.8141
vn -0.6838 0.3553 0.6373
vn -0.8726 0.3077 0.3793
vn -0.8541 0.3264 0.4049
vn -0.4964 0.3004 0.8145
vn -0.7478 0.3290 0.5766
vn -0.5144 0.2400 0.8233
vn -0.6756 0.1119 0.7287
vn -0.8170 0.2656 0.5119
vn -0.9019 -0.2142 0.3750
vn -0.8792 -0.2386 0.4124
vn -0.8794 0.2927 0.3754
vn -0.8912 0.1342 0.4333
vn -0.8594 0.2238 0.4598
vn -0.8138 -0.3129 0.4897
vn -0.8588 -0.0049 0.5122
vn -0.4597 0.1540 0.8746
vn -0.4726 -0.4627 0.7501
vn -0.4730 -0.0879 0.8766
vn -0.6492 0.2553 0.7165
vn -0.6505 -0.1142 0.7508
vn -0.5955 0.0625 0.8009
vn -0.4257 0.1683 0.8891
vn -0.5008 -0.6526 0.5686
vn -0.4657 -0.1344 0.8747
vn -0.2147 -0.0379 0.9760
vn -0.2245 0.2065 0.9524
vn -0.2619 -0.3169 0.9116
vn -0.2005 -0.2242 0.9537
vn -0.1789 -0.1485 0.9726
vn -0.0277 -0.5275 0.8491
vn -0.3930 -0.7777 0.4907
vn -0.4663 -0.6409 0.6097
vn -0.2245 -0.8488 0.4787
vn -0.2766 -0.8117 0.5145
vn -0.3886 0.5471 -0.7414
vn 0.0244 0.5902 -0.8069
vn 0.4255 0.5162 -0.7433
vn 0.7701 0.3321 -0.5447
vn 0.1959 -0.3922 -0.8988
vn -0.4056 -0.1045 -0.9081
vn 0.7272 -0.1630 -0.6668
vn 0.9476 0.1443 -0.2852
vn 0.9159 0.3905 -0.0926
vn 0.9453 0.2503 -0.2092
vn 0.8993 0.4239 -0.1074
vn 0.9660 0.2535 0.0502
vn -0.6888 0.3494 -0.6352
vn -0.6138 0.6217 -0.4866
vn -0.7505 0.5243 -0.4022
vn -0.9480 0.2506 -0.1963
vn -0.8388 0.5426 -0.0441
vn 0.7899 -0.4610 -0.4044
vn 0.2414 -0.6286 -0.7393
vn 0.5986 -0.5992 -0.5316
vn 0.7599 -0.5338 -0.3709
vn 0.8159 -0.5119 -0.2687
vn 0.9727 -0.2320 0.0052
vn 0.5512 0.7874 -0.2761
vn 0.8861 0.4337 0.1635
vn -0.2421 0.9702 0.0046
vn -0.3059 0.9486 0.0815
vn -0.2197 0.9693 0.1106
vn 0.0493 0.9904 0.1292
vn -0.1186 0.9924 -0.0318
vn -0.0510 -0.9579 -0.2827
vn -0.2113 -0.9506 -0.2273
vn -0.4858 -0.8667 -0.1135
vn -0.6327 -0.7731 -0.0460
vn -0.7714 -0.6339 0.0556
vn -0.9169 -0.2958 0.2681
vn -0.7961 0.4225 0.4334
vn -0.2624 0.9542 0.1435
vn 0.3978 0.9147 0.0714
vn 0.3550 0.9349 -0.0074
vn 0.3146 0.9436 0.1027
vn 0.2361 0.9705 -0.0494
vn 0.1102 -0.9660 -0.2339
vn 0.3980 -0.9080 -0.1311
vn 0.5558 -0.8286 -0.0673
vn 0.7094 -0.7042 0.0302
vn 0.8927 -0.3836 0.2366
vn 0.8494 0.3404 0.4032
vn 0.3579 0.9265 0.1158
vn -0.0043 0.9288 0.3706
vn -0.1553 0.9048 0.3964
vn -0.1233 0.9001 0.4178
vn 0.0510 0.9021 0.4285
vn 0.1345 0.9207 0.3664
vn -0.0447 -0.9873 0.1526
vn -0.1055 -0.9813 0.1608
vn -0.3061 -0.9307 0.2001
vn -0.4459 -0.8592 0.2508
vn -0.5671 -0.7360 0.3698
vn -0.7152 -0.4084 0.5672
vn -0.6699 0.2984 0.6798
vn -0.1375 0.8526 0.5041
vn 0.2518 0.8814 0.3997
vn 0.1061 0.9227 0.3706
vn 0.2274 0.8815 0.4138
vn -0.0215 0.9318 0.3624
vn 0.0153 -0.9871 0.1596
vn 0.2247 -0.9566 0.1857
vn 0.3691 -0.8991 0.2352
vn 0.5058 -0.7878 0.3515
vn 0.6907 -0.4768 0.5436
vn 0.7178 0.2317 0.6565
vn 0.2360 0.8393 0.4897
vn 0.1618 0.4824 0.8609
vn 0.0304 0.4672 0.8836
vn 0.0147 0.4437 0.8960
vn 0.0357 0.4198 0.9069
vn 0.2889 0.4468 0.8467
vn -0.0287 -0.8177 0.5749
vn 0.0287 -0.8090 0.5872
vn -0.0679 -0.7807 0.6213
vn -0.1184 -0.7292 0.6740
vn -0.1398 -0.6595 0.7386
vn -0.1483 -0.3899 0.9089
vn -0.2796 0.0681 0.9577
vn 0.1701 0.4211 0.8909
vn -0.0984 0.4334 0.8958
vn 0.3173 0.0393 0.9475
vn 0.0326 0.4379 0.8985
vn -0.0763 0.5035 0.8606
vn 0.0587 0.4506 0.8908
vn -0.2135 0.4732 0.8547
vn -0.0840 -0.8052 0.5871
vn 0.0171 -0.7911 0.6114
vn 0.0730 -0.7436 0.6647
vn 0.1006 -0.6728 0.7329
vn 0.1412 -0.4045 0.9036
vn -0.0001 -0.3301 0.9440
vn -0.1022 -0.3161 0.9432
vn 0.0953 -0.3169 0.9437
vn 0.0879 -0.3016 0.9494
vn 0.1274 -0.2656 0.9556
vn 0.2082 -0.2230 0.9523
vn -0.0854 -0.3134 0.9458
vn -0.1050 -0.2656 0.9584
vn -0.1924 -0.2100 0.9586
vn 0.2555 -0.3423 0.9042
vn -0.5109 0.3410 0.7891
vn -0.9569 0.0908 0.2760
vn -0.3755 -0.2717 0.8861
vn -0.2447 -0.0501 0.9683
vn -0.3496 -0.1515 0.9246
vn -0.9475 -0.1204 0.2962
vn -0.7464 -0.2008 0.6344
vn -0.4733 -0.2487 0.8451
vn -0.0284 -0.3187 0.9474
vn 0.1199 -0.2238 0.9672
vn -0.2833 0.2522 0.9253
vn -0.4043 0.2451 0.8811
vn -0.3847 0.3753 0.8433
vn -0.2613 0.3535 0.8982
vn -0.3358 0.0384 0.9412
vn -0.3137 0.2156 0.9247
vn -0.4376 0.1141 0.8919
vn -0.2749 0.1661 0.9470
vn -0.2809 0.3372 0.8986
vn -0.2714 0.2321 0.9341
vn -0.1380 0.2345 0.9623
vn -0.4628 -0.2173 0.8594
vn -0.0207 -0.0646 0.9977
vn 0.1392 -0.0710 0.9877
vn -0.2426 0.0870 0.9662
vn 0.0942 -0.0731 0.9929
vn 0.0438 -0.2310 0.9720
vn -0.2952 -0.0588 0.9536
vn -0.0536 -0.3807 0.9232
vn -0.6174 0.4551 0.6416
vn -0.7756 0.2670 0.5719
vn -0.5895 0.1722 0.7892
vn -0.5469 -0.0620 0.8349
vn -0.7236 -0.0048 0.6902
vn -0.8975 0.0916 0.4313
vn -0.9255 0.2659 0.2698
vn -0.9709 0.1671 0.1715
vn -0.9515 -0.0171 0.3073
vn -0.9878 0.0829 0.1318
vn -0.9603 -0.2278 0.1612
vn -0.9812 -0.1927 0.0038
vn -0.7986 -0.1266 0.5885
vn -0.8886 -0.4212 0.1815
vn -0.8605 -0.3256 0.3919
vn -0.7096 -0.5022 0.4942
vn -0.6229 -0.1678 0.7641
vn -0.3846 -0.0818 0.9194
vn -0.3164 -0.1260 0.9402
vn -0.4025 -0.5152 0.7567
vn -0.4830 -0.2340 0.8437
vn -0.4333 -0.2514 0.8655
vn -0.6885 -0.3740 0.6214
vn -0.5429 -0.3770 0.7505
vn -0.9896 0.1417 0.0267
vn -0.9743 0.1969 0.1097
vn -0.9919 0.0141 0.1266
vn -0.9960 0.0891 -0.0069
vn -0.9941 0.0837 0.0691
vn -0.9774 0.0431 0.2072
vn -0.9966 0.0235 0.0788
vn -0.9283 0.2228 0.2976
vn -0.9990 0.0239 0.0366
vn -0.9722 0.0195 0.2332
vn -0.9887 0.0613 0.1369
vn -0.9185 0.3150 0.2391
vn -0.7922 0.4455 0.4170
vn -0.7675 0.3547 0.5340
vn -0.5783 0.3592 0.7325
vn -0.7383 0.4482 0.5040
vn 0.2398 0.1556 0.9583
vn 0.2200 0.3898 0.8942
vn 0.1402 0.3364 0.9312
vn -0.0211 0.2120 0.9770
vn 0.0339 0.4274 0.9034
vn 0.0171 0.3609 0.9324
vn -0.1449 0.4088 0.9010
vn -0.1514 0.1892 0.9702
vn -0.0709 0.3410 0.9374
vt 0.800362 0.893197
vt 0.798664 0.893534
vt 0.798482 0.892592
vt 0.800462 0.892666
vt 0.803066 0.893604
vt 0.802911 0.892982
vt 0.798270 0.891849
vt 0.800373 0.891998
vt 0.802828 0.892464
vt 0.805293 0.893344
vt 0.805397 0.892619
vt 0.807951 0.893586
vt 0.808211 0.892811
vt 0.804965 0.894173
vt 0.808611 0.891565
vt 0.805954 0.890682
vt 0.803135 0.889676
vt 0.800361 0.890030
vt 0.797541 0.890133
vt 0.810283 0.903727
vt 0.804594 0.907021
vt 0.804654 0.903427
vt 0.808726 0.900553
vt 0.813412 0.897082
vt 0.810508 0.896458
vt 0.807020 0.886300
vt 0.810128 0.888109
vt 0.803718 0.884356
vt 0.800360 0.883567
vt 0.796466 0.885665
vt 0.780527 0.893300
vt 0.785669 0.892908
vt 0.786852 0.894687
vt 0.781447 0.895766
vt 0.775413 0.896480
vt 0.775231 0.893418
vt 0.785235 0.889935
vt 0.780638 0.889013
vt 0.775231 0.888736
vt 0.791859 0.874150
vt 0.788972 0.876657
vt 0.787302 0.873808
vt 0.788745 0.873770
vt 0.787833 0.868225
vt 0.793455 0.873466
vt 0.787226 0.870200
vt 0.783764 0.868255
vt 0.783095 0.869489
vt 0.782495 0.870898
vt 0.781962 0.871689
vt 0.779836 0.872003
vt 0.779529 0.869316
vt 0.780067 0.867934
vt 0.775462 0.868165
vt 0.775308 0.869700
vt 0.775462 0.866783
vt 0.783883 0.875175
vt 0.784680 0.872441
vt 0.967248 0.955182
vt 0.966806 0.957950
vt 0.964566 0.957421
vt 0.963379 0.953610
vt 0.963812 0.949433
vt 0.966507 0.950988
vt 0.785820 0.871833
vt 0.780220 0.865555
vt 0.775615 0.865171
vt 0.779475 0.861953
vt 0.775615 0.861947
vt 0.788099 0.866629
vt 0.787922 0.861412
vt 0.794784 0.868985
vt 0.795316 0.861057
vt 0.862045 0.828804
vt 0.851131 0.833467
vt 0.836317 0.824850
vt 0.846852 0.819012
vt 0.816767 0.820498
vt 0.831475 0.810100
vt 0.810655 0.794407
vt 0.803741 0.800392
vt 0.799755 0.794232
vt 0.802108 0.789289
vt 0.793746 0.793077
vt 0.794188 0.786211
vt 0.821313 0.801647
vt 0.813874 0.808613
vt 0.791444 0.798618
vt 0.775426 0.837335
vt 0.780658 0.837600
vt 0.779773 0.841372
vt 0.775232 0.840942
vt 0.789788 0.835251
vt 0.789687 0.837328
vt 0.796958 0.830848
vt 0.798202 0.832369
vt 0.801509 0.826228
vt 0.803852 0.827681
vt 0.803714 0.822105
vt 0.805841 0.822328
vt 0.806453 0.814081
vt 0.800355 0.818377
vt 0.792718 0.809097
vt 0.797558 0.806034
vt 0.788323 0.801161
vt 0.785410 0.804998
vt 0.779526 0.804999
vt 0.781413 0.800553
vt 0.775416 0.800425
vt 0.775330 0.805540
vt 0.780741 0.834306
vt 0.775432 0.833313
vt 0.781452 0.829972
vt 0.775393 0.829656
vt 0.788762 0.832060
vt 0.786374 0.829635
vt 0.793602 0.828595
vt 0.790063 0.827141
vt 0.797918 0.826186
vt 0.800093 0.823009
vt 0.798434 0.817580
vt 0.789375 0.811495
vt 0.788382 0.814542
vt 0.796187 0.817962
vt 0.943466 0.801132
vt 0.938284 0.798772
vt 0.940557 0.793880
vt 0.944983 0.795278
vt 0.783387 0.808789
vt 0.782469 0.812880
vt 0.787560 0.817737
vt 0.782467 0.817621
vt 0.948841 0.802560
vt 0.949770 0.796491
vt 0.778848 0.808872
vt 0.778401 0.813994
vt 0.778097 0.818195
vt 0.775301 0.809333
vt 0.775325 0.814627
vt 0.952261 0.802782
vt 0.952213 0.796787
vt 0.775337 0.818289
vt 0.796552 0.823542
vt 0.793510 0.822721
vt 0.793468 0.819614
vt 0.787719 0.822489
vt 0.933569 0.793264
vt 0.935656 0.790895
vt 0.796153 0.780722
vt 0.806396 0.784511
vt 0.816922 0.789558
vt 0.829245 0.795690
vt 0.842810 0.803572
vt 0.859091 0.812486
vt 0.871801 0.825390
vt 0.875394 0.836360
vt 0.863074 0.842923
vt 0.873568 0.853116
vt 0.877229 0.844926
vt 0.874963 0.857134
vt 0.878778 0.852266
vt 0.878448 0.855787
vt 0.880953 0.858303
vt 0.877066 0.859917
vt 0.871253 0.861772
vt 0.874530 0.864184
vt 0.880034 0.863751
vt 0.883128 0.864435
vt 0.865069 0.887064
vt 0.862433 0.877760
vt 0.865316 0.874510
vt 0.866284 0.883882
vt 0.881456 0.869811
vt 0.884607 0.871792
vt 0.881903 0.879055
vt 0.884795 0.879519
vt 0.882445 0.884404
vt 0.885166 0.883972
vt 0.881703 0.887064
vt 0.884424 0.887372
vt 0.868374 0.895434
vt 0.867914 0.891021
vt 0.872180 0.894731
vt 0.873255 0.898813
vt 0.874828 0.892232
vt 0.876200 0.897204
vt 0.879291 0.893865
vt 0.877436 0.891640
vt 0.882569 0.891083
vt 0.880095 0.889660
vt 0.868285 0.864740
vt 0.870325 0.865359
vt 0.867573 0.873374
vt 0.877622 0.866719
vt 0.878612 0.870862
vt 0.872799 0.866472
vt 0.870325 0.872656
vt 0.875520 0.870120
vt 0.872984 0.872717
vt 0.869088 0.887868
vt 0.871253 0.891330
vt 0.874299 0.889359
vt 0.867680 0.882224
vt 0.876097 0.888095
vt 0.872119 0.886383
vt 0.876818 0.886445
vt 0.869862 0.878928
vt 0.873788 0.883415
vt 0.877746 0.884404
vt 0.873035 0.877020
vt 0.875678 0.880949
vt 0.876633 0.874758
vt 0.879440 0.882721
vt 0.880170 0.878151
vt 0.878058 0.878858
vt 0.885619 0.863993
vt 0.887137 0.872112
vt 0.888815 0.879952
vt 0.889309 0.885146
vt 0.887763 0.889722
vt 0.885599 0.893495
vt 0.881579 0.895350
vt 0.880201 0.899658
vt 0.875790 0.903601
vt 0.867623 0.900503
vt 0.862596 0.894855
vt 0.882548 0.903037
vt 0.888181 0.897687
vt 0.890528 0.892430
vt 0.892687 0.887830
vt 0.893344 0.881540
vt 0.891936 0.872622
vt 0.888416 0.863909
vt 0.883626 0.855999
vt 0.889589 0.900785
vt 0.893907 0.895434
vt 0.896066 0.890177
vt 0.897380 0.882855
vt 0.896066 0.873373
vt 0.893344 0.864080
vt 0.889259 0.855589
vt 0.883610 0.845834
vt 0.882068 0.835107
vt 0.875633 0.822614
vt 0.860555 0.909510
vt 0.852494 0.902255
vt 0.857788 0.886572
vt 0.836301 0.902377
vt 0.837820 0.890419
vt 0.847148 0.912803
vt 0.831100 0.912664
vt 0.841015 0.922834
vt 0.823918 0.922953
vt 0.832637 0.934722
vt 0.812370 0.930362
vt 0.819191 0.944084
vt 0.901980 0.894964
vt 0.904327 0.885295
vt 0.897756 0.903413
vt 0.800090 0.932162
vt 0.804900 0.949744
vt 0.789273 0.930670
vt 0.787513 0.950160
vt 0.775273 0.950147
vt 0.795954 0.971835
vt 0.775225 0.972894
vt 0.812889 0.964569
vt 0.828072 0.957943
vt 0.842364 0.947702
vt 0.851964 0.934287
vt 0.857376 0.921349
vt 0.868592 0.910602
vt 0.876024 0.910535
vt 0.865851 0.925651
vt 0.858544 0.941119
vt 0.849456 0.954327
vt 0.808382 0.984694
vt 0.812731 0.979099
vt 0.883299 0.910641
vt 0.874120 0.926798
vt 0.869053 0.942627
vt 0.891091 0.907637
vt 0.883745 0.923886
vt 0.880138 0.940840
vt 0.892688 0.919108
vt 0.901774 0.911660
vt 0.909444 0.901618
vt 0.907939 0.922651
vt 0.917260 0.908176
vt 0.893650 0.934760
vt 0.913883 0.934224
vt 0.924844 0.916740
vt 0.922982 0.945473
vt 0.935264 0.924460
vt 0.824804 0.970708
vt 0.838607 0.963162
vt 0.837960 0.990720
vt 0.842850 0.978944
vt 0.857260 0.963861
vt 0.875218 0.961537
vt 0.872241 0.974554
vt 0.870928 0.984652
vt 0.901185 0.968638
vt 0.896065 0.950570
vt 0.944030 0.909388
vt 0.931995 0.901927
vt 0.922689 0.894992
vt 0.913507 0.888820
vt 0.903696 0.873849
vt 0.808205 0.773172
vt 0.816739 0.777194
vt 0.826827 0.782874
vt 0.837947 0.790079
vt 0.851412 0.798915
vt 0.864595 0.809085
vt 0.801308 0.769313
vt 0.797205 0.765153
vt 0.810220 0.762997
vt 0.812766 0.765431
vt 0.817917 0.768825
vt 0.824309 0.773398
vt 0.832604 0.779634
vt 0.842936 0.787451
vt 0.855456 0.797190
vt 0.867761 0.807670
vt 0.881924 0.819561
vt 0.891794 0.831262
vt 0.896850 0.841882
vt 0.900649 0.853620
vt 0.903081 0.863557
vt 0.917594 0.874716
vt 0.928356 0.880547
vt 0.939410 0.887468
vt 0.951465 0.894823
vt 0.920244 0.855502
vt 0.915220 0.837341
vt 0.936979 0.865241
vt 0.948580 0.874300
vt 0.959837 0.883309
vt 0.908568 0.822135
vt 0.950478 0.820032
vt 0.934221 0.828765
vt 0.923359 0.815387
vt 0.942976 0.808241
vt 0.941100 0.841415
vt 0.957305 0.832127
vt 0.950861 0.852470
vt 0.966272 0.841045
vt 0.963558 0.860961
vt 0.977397 0.850411
vt 0.974356 0.869968
vt 0.986419 0.859482
vt 0.896113 0.809423
vt 0.882111 0.796858
vt 0.868780 0.785280
vt 0.855241 0.775404
vt 0.843954 0.767475
vt 0.833788 0.762546
vt 0.823693 0.758623
vt 0.813019 0.759797
vt 0.830297 0.743359
vt 0.817363 0.738994
vt 0.834427 0.731897
vt 0.819646 0.727145
vt 0.841012 0.748536
vt 0.846959 0.737814
vt 0.851518 0.755919
vt 0.858373 0.746845
vt 0.864313 0.764650
vt 0.871476 0.756127
vt 0.879741 0.776289
vt 0.887976 0.769816
vt 0.893521 0.789897
vt 0.900366 0.785820
vt 0.902904 0.802215
vt 0.783054 0.797407
vt 0.775350 0.797857
vt 0.786787 0.791102
vt 0.775247 0.793639
vt 0.779965 0.793615
vt 0.775128 0.788357
vt 0.781238 0.788494
vt 0.787449 0.784258
vt 0.781716 0.783338
vt 0.786575 0.776654
vt 0.781633 0.779522
vt 0.775030 0.782751
vt 0.774853 0.778161
vt 0.774990 0.771516
vt 0.866244 0.862143
vt 0.848224 0.878778
vt 0.857959 0.870192
vt 0.852274 0.848765
vt 0.828249 0.875181
vt 0.835725 0.867080
vt 0.844133 0.857473
vt 0.840648 0.839995
vt 0.818719 0.866594
vt 0.823552 0.858011
vt 0.830216 0.848388
vt 0.825867 0.833520
vt 0.811527 0.863750
vt 0.814949 0.854801
vt 0.819435 0.844238
vt 0.810079 0.833783
vt 0.805605 0.852210
vt 0.802696 0.861224
vt 0.808892 0.843431
vt 0.800014 0.839846
vt 0.797089 0.853106
vt 0.799338 0.846022
vt 0.788239 0.854926
vt 0.789784 0.843011
vt 0.788667 0.849906
vt 0.780659 0.846568
vt 0.780753 0.856803
vt 0.780853 0.851684
vt 0.775554 0.856374
vt 0.775565 0.852068
vt 0.775520 0.846735
vt 0.795980 0.892506
vt 0.795534 0.891616
vt 0.795344 0.890174
vt 0.792884 0.890153
vt 0.793499 0.891383
vt 0.789732 0.890342
vt 0.791845 0.891489
vt 0.789483 0.892530
vt 0.793648 0.892316
vt 0.791782 0.892400
vt 0.792433 0.897761
vt 0.793370 0.897404
vt 0.796103 0.900101
vt 0.795844 0.900659
vt 0.799823 0.902769
vt 0.799564 0.904385
vt 0.793755 0.902769
vt 0.795042 0.901450
vt 0.800689 0.900264
vt 0.796791 0.898156
vt 0.800509 0.898621
vt 0.800236 0.901174
vt 0.804280 0.900097
vt 0.803861 0.898679
vt 0.804530 0.901866
vt 0.804420 0.900959
vt 0.806719 0.897825
vt 0.805584 0.897591
vt 0.807555 0.899036
vt 0.807303 0.898509
vt 0.808475 0.895878
vt 0.806313 0.896477
vt 0.809661 0.896403
vt 0.813461 0.894947
vt 0.810541 0.895113
vt 0.809642 0.895389
vt 0.809818 0.893856
vt 0.808973 0.894239
vt 0.812343 0.891106
vt 0.809011 0.896140
vt 0.809368 0.895179
vt 0.808811 0.894960
vt 0.806633 0.894584
vt 0.808049 0.894752
vt 0.807625 0.895344
vt 0.806440 0.895725
vt 0.806342 0.895130
vt 0.795577 0.897192
vt 0.791845 0.893376
vt 0.793944 0.893227
vt 0.797004 0.894033
vt 0.793033 0.894500
vt 0.793711 0.895899
vt 0.795299 0.894541
vt 0.795696 0.895465
vt 0.796849 0.896153
vt 0.796678 0.895105
vt 0.796750 0.894491
vt 0.787585 0.896480
vt 0.791739 0.897892
vt 0.791864 0.894711
vt 0.790090 0.893713
vt 0.788826 0.918213
vt 0.797106 0.919779
vt 0.807308 0.919123
vt 0.817247 0.914036
vt 0.821798 0.904040
vt 0.824536 0.896936
vt 0.824197 0.888539
vt 0.820252 0.880426
vt 0.813491 0.874752
vt 0.808921 0.872312
vt 0.800166 0.871612
vt 0.778379 0.898594
vt 0.775350 0.899487
vt 0.805162 0.911798
vt 0.812995 0.906949
vt 0.817082 0.900246
vt 0.817343 0.895520
vt 0.816235 0.889210
vt 0.813064 0.884399
vt 0.809424 0.881408
vt 0.805869 0.879473
vt 0.799721 0.879350
vt 0.777612 0.900997
vt 0.776937 0.904543
vt 0.775290 0.905137
vt 0.775436 0.901423
vt 0.794370 0.886554
vt 0.795099 0.881108
vt 0.792043 0.886710
vt 0.789069 0.886674
vt 0.785073 0.886046
vt 0.781721 0.884759
vt 0.775155 0.885051
vt 0.793706 0.881763
vt 0.794469 0.877342
vt 0.793706 0.879571
vt 0.791821 0.877492
vt 0.791751 0.882166
vt 0.791859 0.879202
vt 0.789163 0.877721
vt 0.789352 0.882202
vt 0.789163 0.879695
vt 0.785592 0.882430
vt 0.784643 0.877302
vt 0.785133 0.879448
vt 0.781770 0.881213
vt 0.780124 0.875527
vt 0.781112 0.878792
vt 0.775078 0.880523
vt 0.775308 0.877376
vt 0.775385 0.873307
vt 0.797330 0.911127
vt 0.799444 0.907200
vt 0.795911 0.908098
vt 0.789050 0.908814
vt 0.792737 0.905044
vt 0.791838 0.906362
vt 0.784872 0.906128
vt 0.781500 0.913029
vt 0.786321 0.903330
vt 0.781053 0.900093
vt 0.778625 0.904375
vt 0.784128 0.901285
vt 0.787709 0.902138
vt 0.783813 0.898601
vt 0.785560 0.900478
vt 0.790412 0.898912
vt 0.962747 0.979196
vt 0.962490 0.976234
vt 0.963105 0.976242
vt 0.963372 0.979183
vt 0.962548 0.973122
vt 0.963213 0.973157
vt 0.962851 0.970059
vt 0.963534 0.970118
vt 0.971148 0.974454
vt 0.970681 0.979032
vt 0.970146 0.979143
vt 0.970648 0.974502
vt 0.970398 0.970561
vt 0.969874 0.970682
vt 0.968927 0.967670
vt 0.968447 0.967960
vt 0.967061 0.965762
vt 0.966637 0.966258
vt 0.963707 0.967401
vt 0.964231 0.967938
vt 0.965326 0.964998
vt 0.965502 0.965436
vt 0.964808 0.965878
vt 0.965311 0.966275
vt 0.968935 0.983279
vt 0.968380 0.983058
vt 0.963553 0.982670
vt 0.964043 0.982144
vt 0.966652 0.986640
vt 0.966701 0.985794
vt 0.965713 0.985376
vt 0.966209 0.985083
vt 0.964801 0.984338
vt 0.965442 0.984000
vt 0.777913 0.820950
vt 0.775349 0.820658
vt 0.782842 0.821270
vt 0.794847 0.825144
vt 0.944641 0.738170
vt 0.951739 0.736531
vt 0.951774 0.739805
vt 0.945829 0.740973
vt 0.938750 0.742576
vt 0.940952 0.744413
vt 0.934151 0.748862
vt 0.936598 0.750235
vt 0.929762 0.755080
vt 0.932047 0.756035
vt 0.926559 0.759533
vt 0.928657 0.761811
vt 0.927208 0.764323
vt 0.924653 0.763146
vt 0.930533 0.789627
vt 0.932163 0.787285
vt 0.750299 0.893555
vt 0.750251 0.893055
vt 0.752780 0.893118
vt 0.752829 0.893628
vt 0.747526 0.894060
vt 0.747620 0.893496
vt 0.750226 0.892680
vt 0.752784 0.892306
vt 0.747630 0.892685
vt 0.745274 0.893541
vt 0.745045 0.892626
vt 0.742529 0.893541
vt 0.741911 0.892718
vt 0.745366 0.894760
vt 0.741404 0.891572
vt 0.744208 0.890059
vt 0.747395 0.889805
vt 0.750303 0.890241
vt 0.752877 0.890417
vt 0.739646 0.903901
vt 0.741386 0.901366
vt 0.746037 0.903670
vt 0.746233 0.907695
vt 0.736962 0.897406
vt 0.739713 0.896907
vt 0.746726 0.884584
vt 0.743268 0.886512
vt 0.753777 0.885649
vt 0.750220 0.883525
vt 0.770039 0.893346
vt 0.769378 0.895976
vt 0.763744 0.894770
vt 0.764892 0.892946
vt 0.765296 0.889938
vt 0.769913 0.889030
vt 0.759602 0.874917
vt 0.763470 0.873179
vt 0.764199 0.873908
vt 0.762629 0.876374
vt 0.767253 0.867880
vt 0.767745 0.869012
vt 0.763608 0.870047
vt 0.763206 0.868623
vt 0.768959 0.870123
vt 0.771931 0.869086
vt 0.771240 0.872232
vt 0.769322 0.870933
vt 0.771240 0.867627
vt 0.768028 0.874663
vt 0.767417 0.872043
vt 0.946149 0.954468
vt 0.949838 0.952868
vt 0.948676 0.956658
vt 0.946474 0.957193
vt 0.946735 0.950275
vt 0.949440 0.948729
vt 0.766040 0.871741
vt 0.770779 0.865555
vt 0.771626 0.861927
vt 0.763242 0.866588
vt 0.763278 0.861285
vt 0.688511 0.829347
vt 0.703748 0.819614
vt 0.714290 0.825486
vt 0.699408 0.834053
vt 0.719034 0.810528
vt 0.733218 0.820446
vt 0.739824 0.794648
vt 0.748235 0.789614
vt 0.750722 0.794526
vt 0.746976 0.800767
vt 0.756008 0.786243
vt 0.756636 0.793273
vt 0.729233 0.801998
vt 0.736911 0.809176
vt 0.758971 0.798769
vt 0.771131 0.841375
vt 0.770211 0.837632
vt 0.761480 0.837930
vt 0.761059 0.835237
vt 0.752445 0.832911
vt 0.753829 0.831023
vt 0.746776 0.827982
vt 0.749197 0.826494
vt 0.744356 0.821606
vt 0.747051 0.822382
vt 0.744159 0.814415
vt 0.750312 0.818625
vt 0.753079 0.806286
vt 0.757578 0.809011
vt 0.762127 0.801383
vt 0.765159 0.805050
vt 0.769253 0.800442
vt 0.770973 0.804935
vt 0.770093 0.834343
vt 0.769335 0.830023
vt 0.762039 0.832166
vt 0.764403 0.829732
vt 0.756159 0.828494
vt 0.760673 0.827288
vt 0.752143 0.825584
vt 0.750607 0.823246
vt 0.752239 0.817805
vt 0.761258 0.811672
vt 0.762483 0.814742
vt 0.754488 0.818143
vt 0.961032 0.800996
vt 0.959416 0.795167
vt 0.963815 0.793696
vt 0.966189 0.798543
vt 0.767209 0.808830
vt 0.768183 0.812942
vt 0.768221 0.817690
vt 0.763126 0.817843
vt 0.955676 0.802506
vt 0.954654 0.796453
vt 0.771741 0.808878
vt 0.772253 0.814008
vt 0.772593 0.818223
vt 0.757238 0.819787
vt 0.757211 0.822898
vt 0.754167 0.823746
vt 0.763004 0.822606
vt 0.970744 0.792883
vt 0.968870 0.790574
vt 0.743779 0.784614
vt 0.754129 0.780834
vt 0.733232 0.789647
vt 0.721162 0.796059
vt 0.707699 0.804160
vt 0.691486 0.813139
vt 0.678705 0.825948
vt 0.674925 0.836861
vt 0.687404 0.843491
vt 0.676758 0.853605
vt 0.673173 0.845425
vt 0.674247 0.858967
vt 0.671571 0.854369
vt 0.670820 0.850838
vt 0.671317 0.862700
vt 0.668566 0.858201
vt 0.677013 0.863407
vt 0.674128 0.865788
vt 0.669474 0.866955
vt 0.667133 0.864939
vt 0.685395 0.886901
vt 0.684418 0.884422
vt 0.685095 0.875556
vt 0.688551 0.878036
vt 0.668456 0.872732
vt 0.665670 0.872321
vt 0.668358 0.879598
vt 0.664960 0.880214
vt 0.667814 0.885023
vt 0.665110 0.884948
vt 0.668716 0.887728
vt 0.666087 0.887953
vt 0.681422 0.893521
vt 0.681412 0.890235
vt 0.678319 0.892795
vt 0.677281 0.897570
vt 0.676079 0.893362
vt 0.673524 0.897194
vt 0.671502 0.893657
vt 0.673299 0.892160
vt 0.670369 0.890207
vt 0.668340 0.891259
vt 0.683066 0.874279
vt 0.679261 0.865616
vt 0.682540 0.865263
vt 0.672483 0.869071
vt 0.671463 0.873257
vt 0.676454 0.867742
vt 0.680787 0.872908
vt 0.675113 0.871359
vt 0.677432 0.873603
vt 0.678224 0.889081
vt 0.680629 0.887751
vt 0.675956 0.889692
vt 0.682507 0.882739
vt 0.674133 0.888543
vt 0.677432 0.885924
vt 0.672776 0.887333
vt 0.680437 0.879388
vt 0.676605 0.882919
vt 0.671855 0.885614
vt 0.676605 0.877435
vt 0.675178 0.880966
vt 0.673975 0.875106
vt 0.670795 0.883260
vt 0.670069 0.878688
vt 0.672154 0.879385
vt 0.662330 0.872777
vt 0.663382 0.864588
vt 0.661503 0.881191
vt 0.661729 0.886075
vt 0.662931 0.889907
vt 0.664960 0.893287
vt 0.668566 0.895541
vt 0.669918 0.899448
vt 0.674276 0.902979
vt 0.681261 0.899025
vt 0.687015 0.892408
vt 0.667965 0.902828
vt 0.662931 0.896969
vt 0.659701 0.892837
vt 0.657897 0.888403
vt 0.657071 0.882468
vt 0.658574 0.873303
vt 0.660377 0.863986
vt 0.665711 0.855121
vt 0.661429 0.898997
vt 0.657146 0.894564
vt 0.654667 0.889756
vt 0.653991 0.883219
vt 0.654667 0.873377
vt 0.656170 0.864588
vt 0.659475 0.855121
vt 0.666757 0.846321
vt 0.668363 0.835642
vt 0.674715 0.823035
vt 0.688675 0.908571
vt 0.692105 0.887147
vt 0.697474 0.902882
vt 0.719096 0.913214
vt 0.709232 0.923377
vt 0.702981 0.913408
vt 0.713731 0.903077
vt 0.726433 0.923380
vt 0.717748 0.935167
vt 0.738070 0.930660
vt 0.731284 0.944402
vt 0.649991 0.894318
vt 0.647614 0.885315
vt 0.653792 0.901102
vt 0.750679 0.931964
vt 0.745624 0.949956
vt 0.761306 0.929965
vt 0.763029 0.950250
vt 0.754656 0.971985
vt 0.737675 0.964845
vt 0.722441 0.958347
vt 0.708071 0.948193
vt 0.698357 0.934835
vt 0.692817 0.921915
vt 0.681543 0.911143
vt 0.674143 0.911079
vt 0.684392 0.926200
vt 0.691828 0.941660
vt 0.701012 0.954815
vt 0.742994 0.985198
vt 0.737894 0.979354
vt 0.667203 0.908996
vt 0.676119 0.927345
vt 0.681305 0.943191
vt 0.659777 0.905641
vt 0.666512 0.924457
vt 0.670216 0.941417
vt 0.657574 0.919677
vt 0.648468 0.912236
vt 0.640786 0.902200
vt 0.642345 0.923231
vt 0.632997 0.908753
vt 0.656675 0.935330
vt 0.636423 0.934799
vt 0.625442 0.917308
vt 0.627367 0.946090
vt 0.615025 0.925066
vt 0.725777 0.971051
vt 0.711923 0.963586
vt 0.712687 0.991106
vt 0.707743 0.979364
vt 0.693255 0.964371
vt 0.675263 0.962111
vt 0.678292 0.975099
vt 0.679649 0.985184
vt 0.649285 0.969254
vt 0.654325 0.951173
vt 0.606268 0.909989
vt 0.618273 0.902498
vt 0.627554 0.895545
vt 0.636739 0.889387
vt 0.646565 0.874382
vt 0.733462 0.777390
vt 0.742043 0.773399
vt 0.723346 0.783126
vt 0.712393 0.790549
vt 0.699116 0.799628
vt 0.685812 0.809546
vt 0.725931 0.773711
vt 0.732336 0.769125
vt 0.717630 0.779993
vt 0.707262 0.787903
vt 0.694869 0.797740
vt 0.682591 0.808118
vt 0.668531 0.820014
vt 0.658570 0.831706
vt 0.653487 0.842374
vt 0.649672 0.854126
vt 0.647223 0.864071
vt 0.632687 0.875249
vt 0.621925 0.881126
vt 0.610855 0.888008
vt 0.598797 0.895451
vt 0.630067 0.856052
vt 0.635122 0.837866
vt 0.613324 0.865836
vt 0.601719 0.874911
vt 0.590445 0.883907
vt 0.641791 0.822634
vt 0.599848 0.820594
vt 0.607340 0.808796
vt 0.626971 0.815925
vt 0.616112 0.829315
vt 0.609222 0.841981
vt 0.593020 0.832696
vt 0.599458 0.853053
vt 0.584052 0.841620
vt 0.586757 0.861543
vt 0.572926 0.850983
vt 0.575951 0.870542
vt 0.563898 0.860047
vt 0.654219 0.809876
vt 0.668086 0.797164
vt 0.681367 0.785503
vt 0.694985 0.775709
vt 0.706283 0.767811
vt 0.716466 0.762859
vt 0.726648 0.759018
vt 0.720122 0.743729
vt 0.733016 0.739346
vt 0.737304 0.760257
vt 0.715876 0.732087
vt 0.730761 0.727442
vt 0.709269 0.748834
vt 0.703237 0.738047
vt 0.698725 0.756220
vt 0.691847 0.747138
vt 0.685899 0.764944
vt 0.678732 0.756417
vt 0.670420 0.776564
vt 0.662180 0.770110
vt 0.656670 0.790252
vt 0.649815 0.786207
vt 0.647383 0.802669
vt 0.767500 0.797619
vt 0.763436 0.791514
vt 0.770554 0.793711
vt 0.769077 0.788585
vt 0.762799 0.784184
vt 0.768354 0.783260
vt 0.763573 0.777019
vt 0.748920 0.769619
vt 0.768421 0.779554
vt 0.753017 0.765489
vt 0.684343 0.862033
vt 0.692043 0.870665
vt 0.698138 0.849384
vt 0.706193 0.858154
vt 0.709914 0.840660
vt 0.720344 0.849204
vt 0.726979 0.859047
vt 0.714365 0.867925
vt 0.724854 0.834217
vt 0.731149 0.844924
vt 0.735683 0.855610
vt 0.740608 0.834301
vt 0.741792 0.843830
vt 0.745336 0.852418
vt 0.750789 0.840068
vt 0.751552 0.846110
vt 0.754015 0.853028
vt 0.761178 0.843753
vt 0.762394 0.849872
vt 0.762918 0.854813
vt 0.770352 0.846566
vt 0.770614 0.856000
vt 0.770012 0.851583
vt 0.755111 0.892100
vt 0.755156 0.892758
vt 0.754872 0.890271
vt 0.757791 0.890003
vt 0.757358 0.891233
vt 0.760827 0.890464
vt 0.759014 0.891351
vt 0.761106 0.892694
vt 0.757358 0.892317
vt 0.758896 0.892573
vt 0.758736 0.898614
vt 0.754473 0.900666
vt 0.754223 0.900001
vt 0.757893 0.898067
vt 0.750754 0.902637
vt 0.755195 0.901638
vt 0.756610 0.902970
vt 0.751542 0.903926
vt 0.749886 0.900587
vt 0.749606 0.899181
vt 0.753575 0.898702
vt 0.750292 0.901592
vt 0.746113 0.900309
vt 0.746565 0.898854
vt 0.746205 0.901985
vt 0.746081 0.901145
vt 0.743369 0.898646
vt 0.744420 0.897780
vt 0.742414 0.899993
vt 0.742826 0.899284
vt 0.742071 0.896332
vt 0.744199 0.897042
vt 0.740675 0.896904
vt 0.736870 0.895310
vt 0.739792 0.895451
vt 0.740401 0.895921
vt 0.740297 0.894339
vt 0.741504 0.894649
vt 0.737952 0.891641
vt 0.741360 0.896560
vt 0.741005 0.895614
vt 0.741610 0.895392
vt 0.743649 0.894570
vt 0.742278 0.895382
vt 0.742772 0.895826
vt 0.744099 0.896046
vt 0.743878 0.895371
vt 0.754283 0.897678
vt 0.758878 0.893607
vt 0.757378 0.893440
vt 0.754696 0.893918
vt 0.757678 0.895498
vt 0.756688 0.896633
vt 0.756204 0.894926
vt 0.755328 0.895569
vt 0.753968 0.896397
vt 0.754461 0.895155
vt 0.754816 0.894487
vt 0.763133 0.896365
vt 0.759275 0.899001
vt 0.759285 0.895532
vt 0.760514 0.893975
vt 0.752641 0.920403
vt 0.761661 0.918050
vt 0.743131 0.919411
vt 0.732755 0.914783
vt 0.728638 0.904461
vt 0.772228 0.898676
vt 0.745140 0.911758
vt 0.736959 0.908327
vt 0.733481 0.900528
vt 0.732849 0.896132
vt 0.772715 0.901251
vt 0.773981 0.904965
vt 0.756184 0.886491
vt 0.758508 0.886647
vt 0.761449 0.886645
vt 0.764792 0.886433
vt 0.768846 0.884764
vt 0.758719 0.882022
vt 0.756791 0.881490
vt 0.756738 0.879373
vt 0.759017 0.879080
vt 0.762301 0.877483
vt 0.759273 0.877233
vt 0.761476 0.881990
vt 0.761819 0.879238
vt 0.765022 0.882288
vt 0.766873 0.876799
vt 0.765329 0.879448
vt 0.768845 0.881226
vt 0.770875 0.875925
vt 0.769542 0.878821
vt 0.752641 0.912364
vt 0.752049 0.906911
vt 0.754275 0.908260
vt 0.759619 0.909694
vt 0.758719 0.905662
vt 0.759608 0.907050
vt 0.766100 0.907294
vt 0.768470 0.914387
vt 0.766186 0.903803
vt 0.770474 0.901240
vt 0.772281 0.906065
vt 0.766595 0.901347
vt 0.763133 0.902914
vt 0.767130 0.899223
vt 0.765113 0.900572
vt 0.760829 0.899917
vt 0.951387 0.971774
vt 0.951932 0.971468
vt 0.952847 0.974335
vt 0.952246 0.974491
vt 0.953238 0.977440
vt 0.952569 0.977442
vt 0.952960 0.980527
vt 0.952302 0.980369
vt 0.944477 0.978161
vt 0.943982 0.978215
vt 0.943816 0.973459
vt 0.944278 0.973731
vt 0.945528 0.981781
vt 0.945086 0.982090
vt 0.947509 0.984052
vt 0.947217 0.984539
vt 0.949803 0.985012
vt 0.949607 0.985631
vt 0.952641 0.982832
vt 0.951917 0.983014
vt 0.951423 0.985575
vt 0.951580 0.985873
vt 0.951851 0.984792
vt 0.952493 0.984844
vt 0.944667 0.969153
vt 0.945215 0.969404
vt 0.949724 0.968803
vt 0.950469 0.968714
vt 0.946646 0.965599
vt 0.946777 0.965898
vt 0.948310 0.965551
vt 0.948077 0.966083
vt 0.948812 0.967099
vt 0.949415 0.966506
vt 0.772789 0.820979
vt 0.767869 0.821345
vt 0.755878 0.825330
vt 0.958869 0.738021
vt 0.957741 0.740851
vt 0.964854 0.742300
vt 0.962697 0.744186
vt 0.969592 0.748488
vt 0.967177 0.749916
vt 0.974116 0.754613
vt 0.971852 0.755619
vt 0.977411 0.758994
vt 0.975366 0.761322
vt 0.979209 0.762522
vt 0.976859 0.763797
vt 0.973724 0.789219
vt 0.972262 0.786935
vt 0.941187 0.787248
vt 0.944711 0.788578
vt 0.948757 0.789618
vt 0.952159 0.790110
vt 0.937887 0.785206
vt 0.951847 0.746294
vt 0.947311 0.747331
vt 0.942653 0.750311
vt 0.938687 0.754593
vt 0.935007 0.759178
vt 0.932109 0.764059
vt 0.929456 0.767402
vt 0.926167 0.769187
vt 0.934482 0.782721
vt 0.959618 0.788463
vt 0.963130 0.787083
vt 0.955582 0.789568
vt 0.966477 0.784948
vt 0.956403 0.747237
vt 0.961124 0.750090
vt 0.965186 0.754315
vt 0.968960 0.758834
vt 0.971960 0.763653
vt 0.974653 0.766926
vt 0.977866 0.768602
vt 0.969862 0.782425
vt 0.941955 0.780704
vt 0.945143 0.781737
vt 0.948585 0.782489
vt 0.952128 0.782782
vt 0.938843 0.779347
vt 0.951945 0.755308
vt 0.948272 0.755751
vt 0.944379 0.757411
vt 0.940992 0.760025
vt 0.937933 0.763251
vt 0.935295 0.767075
vt 0.933081 0.770582
vt 0.930931 0.773356
vt 0.935857 0.777968
vt 0.959136 0.781549
vt 0.962326 0.780536
vt 0.955692 0.782428
vt 0.965438 0.779148
vt 0.955625 0.755645
vt 0.959546 0.757054
vt 0.962993 0.759718
vt 0.966121 0.762964
vt 0.968834 0.766747
vt 0.971118 0.770207
vt 0.973314 0.772933
vt 0.968417 0.777734
vt 0.942671 0.775773
vt 0.945514 0.776280
vt 0.948669 0.776465
vt 0.952133 0.776367
vt 0.939643 0.774976
vt 0.952020 0.762752
vt 0.949013 0.763096
vt 0.945619 0.763956
vt 0.942706 0.765446
vt 0.940000 0.767375
vt 0.937699 0.770515
vt 0.935713 0.771908
vt 0.936421 0.773896
vt 0.967827 0.773617
vt 0.968508 0.771602
vt 0.958650 0.775859
vt 0.961560 0.775549
vt 0.955550 0.776354
vt 0.964604 0.774758
vt 0.955038 0.763011
vt 0.958423 0.763717
vt 0.961355 0.765167
vt 0.964125 0.767101
vt 0.966493 0.770241
vt 0.952079 0.769789
vt 0.955024 0.769898
vt 0.949110 0.769976
vt 0.945989 0.770205
vt 0.943183 0.770644
vt 0.940526 0.770965
vt 0.958156 0.770014
vt 0.960985 0.770468
vt 0.963665 0.770746
vt 0.737802 0.765547
vt 0.740275 0.763039
vt 0.740116 0.888470
vt 0.725535 0.897669
vt 0.757424 0.874090
vt 0.757626 0.868869
vt 0.756154 0.860794
vt 0.732554 0.869518
vt 0.740095 0.866400
vt 0.748346 0.863084
vt 0.753694 0.864236
vt 0.755077 0.869981
vt 0.745345 0.880720
vt 0.741174 0.882236
vt 0.740270 0.880138
vt 0.745119 0.878541
vt 0.746412 0.874150
vt 0.747394 0.877251
vt 0.743587 0.875603
vt 0.755104 0.881364
vt 0.748556 0.878345
vt 0.752502 0.879788
vt 0.752125 0.876599
vt 0.755892 0.876999
vt 0.754764 0.876390
vt 0.754087 0.874061
vt 0.751589 0.874786
vt 0.752851 0.872939
vt 0.753400 0.870318
vt 0.751168 0.871299
vt 0.752342 0.865772
vt 0.734020 0.884025
vt 0.733055 0.881433
vt 0.738353 0.878064
vt 0.742623 0.872248
vt 0.736317 0.875531
vt 0.731407 0.878861
vt 0.729126 0.883609
vt 0.727298 0.880881
vt 0.730189 0.877297
vt 0.726190 0.878849
vt 0.729013 0.875880
vt 0.723017 0.876788
vt 0.735295 0.873781
vt 0.733370 0.871297
vt 0.734710 0.872731
vt 0.740427 0.867607
vt 0.741987 0.870745
vt 0.745362 0.870925
vt 0.749115 0.868160
vt 0.748698 0.864218
vt 0.745028 0.868469
vt 0.747899 0.866438
vt 0.741423 0.868887
vt 0.744109 0.867155
vt 0.723624 0.881511
vt 0.725768 0.884424
vt 0.720578 0.876104
vt 0.718655 0.881068
vt 0.721260 0.886221
vt 0.711929 0.891160
vt 0.716842 0.887097
vt 0.727300 0.887927
vt 0.714920 0.882766
vt 0.701324 0.879311
vt 0.711263 0.879575
vt 0.727496 0.886932
vt 0.730917 0.886185
vt 0.733966 0.890107
vt 0.735764 0.884680
vt 0.731784 0.887434
vt 0.777776 0.913502
vt 0.782140 0.930961
vt 0.779148 0.921806
vt 0.775708 0.913043
vt 0.775248 0.931421
vt 0.775248 0.921198
vt 0.767897 0.931421
vt 0.772995 0.912939
vt 0.771908 0.920358
s 1
usemtl Skin_MAT
f 121/94/82 119/95/83 118/96/84 120/97/85
f 123/98/86 121/94/82 120/97/85 122/99/87
f 120/97/85 118/96/84 128/100/88 129/101/89
f 122/99/87 120/97/85 129/101/89 130/102/90
f 124/103/91 122/99/87 130/102/90 131/104/92
f 126/105/93 124/103/91 131/104/92 132/106/94
f 125/107/95 123/98/86 122/99/87 124/103/91
f 140/108/96 132/106/94 131/104/92 139/109/97
f 139/109/97 131/104/92 130/102/90 138/110/98
f 138/110/98 130/102/90 129/101/89 137/111/99
f 137/111/99 129/101/89 128/100/88 136/112/100
f 157/113/101 156/114/102 101/115/103 103/116/104
f 158/117/105 157/113/101 103/116/104 105/118/106
f 162/119/107 161/120/108 140/108/96 139/109/97
f 163/121/109 162/119/107 139/109/97 138/110/98
f 164/122/110 163/121/109 138/110/98 137/111/99
f 165/123/111 164/122/110 137/111/99 136/112/100
f 208/124/112 199/125/113 207/126/114 195/127/115
f 208/124/112 195/127/115 215/128/116 216/129/117
f 198/130/118 199/125/113 208/124/112 209/131/119
f 209/131/119 208/124/112 216/129/117 217/132/120
f 228/133/121 225/134/122 238/135/123 239/136/124
f 231/137/125 227/138/126 228/133/121 232/139/127
f 233/140/128 231/137/125 232/139/127 234/141/129
f 241/142/130 236/143/131 86/144/132 242/145/133
f 230/146/134 234/141/129 241/142/130 242/145/133
f 243/147/135 242/145/133 86/144/132 87/148/136
f 229/149/137 230/146/134 242/145/133 243/147/135
f 222/150/138 86/144/132 236/143/131 237/151/139
f 237/152/139 236/153/131 241/154/130 240/155/140
f 238/135/123 225/134/122 222/150/138 237/151/139
f 240/155/140 239/156/124 238/157/123 237/152/139
f 232/139/127 228/133/121 239/136/124 240/158/140
f 241/142/130 234/141/129 232/139/127 240/158/140
f 85/159/141 230/146/134 229/149/137 82/160/142
f 233/140/128 234/141/129 230/146/134 85/159/141
f 250/161/143 85/159/141 82/160/142 249/162/144
f 231/137/125 233/140/128 85/159/141 92/163/145
f 92/163/145 85/159/141 250/161/143 251/164/146
f 227/138/126 231/137/125 92/163/145 235/165/147
f 252/166/148 235/165/147 92/163/145 251/164/146
f 309/167/149 269/168/150 270/169/151 310/170/152
f 310/170/152 270/169/151 275/171/153 311/172/154
f 313/173/155 294/174/156 300/175/157 314/176/158
f 314/176/158 300/175/157 299/177/159 306/178/160
f 312/179/161 311/172/154 275/171/153 292/180/162
f 294/174/156 313/173/155 312/179/161 292/180/162
f 299/177/159 300/175/157 294/174/156 298/181/163
f 285/182/164 286/183/165 336/184/166 335/185/167
f 286/183/165 287/186/168 337/187/169 336/184/166
f 287/186/168 288/188/170 338/189/171 337/187/169
f 288/188/170 289/190/172 339/191/173 338/189/171
f 289/190/172 290/192/174 340/193/175 339/191/173
f 341/194/176 292/180/162 275/171/153 340/193/175
f 290/192/174 291/195/177 341/194/176 340/193/175
f 341/194/176 291/195/177 295/196/178 342/197/179
f 341/194/176 342/197/179 294/174/156 292/180/162
f 343/198/180 298/181/163 294/174/156 342/197/179
f 295/196/178 297/199/181 343/198/180 342/197/179
f 343/198/180 297/199/181 315/200/182 345/201/183
f 344/202/184 345/201/183 315/200/182 304/203/185
f 321/204/186 286/183/165 285/182/164 320/205/187
f 347/206/188 321/204/186 320/205/187 346/207/189
f 287/186/168 286/183/165 321/204/186 322/208/190
f 322/208/190 321/204/186 347/206/188 348/209/191
f 288/188/170 287/186/168 322/208/190 323/210/192
f 323/210/192 322/208/190 348/209/191 349/211/193
f 324/212/194 289/190/172 288/188/170 323/210/192
f 290/192/174 289/190/172 324/212/194 325/213/195
f 291/195/177 290/192/174 325/213/195 326/214/196
f 295/196/178 291/195/177 326/214/196 327/215/197
f 356/216/198 327/215/197 326/214/196 355/217/199
f 638/218/200 639/219/201 353/220/202 352/221/203
f 297/199/181 295/196/178 327/215/197 328/222/204
f 357/223/205 328/222/204 327/215/197 356/216/198
f 357/223/205 356/216/198 334/224/206 333/225/207
f 637/226/208 638/218/200 352/221/203 351/227/209
f 315/200/182 297/199/181 328/222/204 329/228/210
f 358/229/211 329/228/210 328/222/204 357/223/205
f 358/229/211 357/223/205 333/225/207 332/230/212
f 304/203/185 315/200/182 329/228/210 330/231/213
f 330/231/213 329/228/210 358/229/211 359/232/214
f 636/233/215 637/226/208 351/227/209 350/234/216
f 359/232/214 358/229/211 332/230/212 331/235/217
f 355/217/199 354/236/218 640/237/219 642/238/220
f 334/224/206 642/238/220 640/237/219 639/239/201
f 640/240/219 643/241/221 353/220/202 639/219/201
f 314/176/158 306/178/160 308/242/222 301/243/223
f 313/173/155 314/176/158 301/243/223 296/244/224
f 312/179/161 313/173/155 296/244/224 293/245/225
f 311/172/154 312/179/161 293/245/225 276/246/226
f 310/170/152 311/172/154 276/246/226 274/247/227
f 309/167/149 310/170/152 274/247/227 273/248/228
f 271/249/229 268/250/230 269/168/150 309/167/149
f 309/167/149 273/248/228 271/249/229
f 267/251/231 268/250/230 271/249/229 272/252/232
f 372/253/233 267/251/231 371/254/234 374/255/235
f 372/253/233 374/255/235 379/256/236 396/257/237
f 373/258/238 372/253/233 396/257/237 397/259/239
f 398/260/240 396/257/237 379/256/236 381/261/241
f 395/262/242 266/263/243 400/264/244 402/265/245
f 405/266/246 398/260/240 381/261/241 382/267/247
f 406/268/248 405/266/246 382/267/247 385/269/249
f 407/270/250 406/268/248 385/269/249 386/271/251
f 414/272/252 407/270/250 386/271/251 415/273/253
f 394/274/254 395/262/242 402/265/245 417/275/255
f 410/276/256 393/277/257 394/274/254 417/275/255
f 409/278/258 391/279/259 393/277/257 410/276/256
f 412/280/260 391/279/259 409/278/258 411/281/261
f 414/272/252 415/273/253 388/282/262 408/283/263
f 408/283/263 388/282/262 412/280/260 411/281/261
f 400/264/244 401/284/264 403/285/265 418/286/266
f 399/287/267 397/259/239 396/257/237 398/260/240
f 420/288/268 399/287/267 398/260/240 405/266/246
f 404/289/269 403/285/265 373/258/238 397/259/239
f 429/290/270 418/286/266 403/285/265 404/289/269
f 404/289/269 397/259/239 399/287/267 433/291/271
f 433/291/271 432/292/272 429/290/270 404/289/269
f 410/276/256 417/275/255 424/293/273 425/294/274
f 426/295/275 409/278/258 410/276/256 425/294/274
f 402/265/245 400/264/244 418/286/266 419/296/276
f 424/293/273 417/275/255 402/265/245 419/296/276
f 427/297/277 426/295/275 425/294/274 435/298/278
f 411/281/261 409/278/258 426/295/275 427/297/277
f 425/294/274 424/293/273 419/296/276 435/298/278
f 408/283/263 411/281/261 427/297/277 428/299/279
f 419/296/276 418/286/266 429/290/270 430/300/280
f 435/298/278 419/296/276 430/300/280 436/301/281
f 428/299/279 427/297/277 435/298/278 436/301/281
f 423/302/282 414/272/252 408/283/263 428/299/279
f 431/303/283 430/300/280 429/290/270 432/292/272
f 436/301/281 430/300/280 431/303/283 437/304/284
f 423/302/282 428/299/279 436/301/281 437/304/284
f 434/305/285 433/291/271 399/287/267 420/288/268
f 422/306/286 407/270/250 414/272/252 423/302/282
f 434/305/285 431/303/283 432/292/272 433/291/271
f 421/307/287 420/288/268 405/266/246 406/268/248
f 438/308/288 434/305/285 420/288/268 421/307/287
f 421/307/287 406/268/248 407/270/250 422/306/286
f 421/307/287 422/306/286 438/308/288
f 437/304/284 431/303/283 434/305/285 438/308/288
f 422/306/286 423/302/282 437/304/284 438/308/288
f 382/267/247 381/261/241 380/309/289 383/310/290
f 385/269/249 382/267/247 383/310/290 384/311/291
f 386/271/251 385/269/249 384/311/291 387/312/292
f 415/273/253 386/271/251 387/312/292 416/313/293
f 389/314/294 388/282/262 415/273/253 416/313/293
f 413/315/295 412/280/260 388/282/262 389/314/294
f 390/316/296 391/279/259 412/280/260 413/315/295
f 393/277/257 391/279/259 390/316/296 392/317/297
f 394/274/254 393/277/257 392/317/297 377/318/298
f 377/318/298 375/319/299 395/262/242 394/274/254
f 445/320/300 392/317/297 390/316/296 444/321/301
f 390/316/296 413/315/295 389/314/294 444/321/301
f 444/321/301 389/314/294 416/313/293 443/322/302
f 443/322/302 416/313/293 387/312/292 442/323/303
f 442/323/303 387/312/292 384/311/291 441/324/304
f 441/324/304 384/311/291 383/310/290 440/325/305
f 440/325/305 383/310/290 380/309/289 439/326/306
f 439/326/306 380/309/289 378/327/307
f 379/256/236 374/255/235 371/254/234 378/327/307
f 380/309/289 381/261/241 379/256/236 378/327/307
f 449/328/308 445/320/300 444/321/301
f 450/329/309 449/328/308 444/321/301 443/322/302
f 451/330/310 450/329/309 443/322/302 442/323/303
f 452/331/311 451/330/310 442/323/303 441/324/304
f 453/332/312 452/331/311 441/324/304 440/325/305
f 454/333/313 453/332/312 440/325/305 439/326/306
f 455/334/314 454/333/313 439/326/306 378/327/307
f 455/334/314 378/327/307 371/254/234 370/335/315
f 371/254/234 267/251/231 272/252/232 370/335/315
f 370/335/315 272/252/232 271/249/229 369/336/316
f 369/336/316 271/249/229 273/248/228 368/337/317
f 376/338/318 261/339/319 260/340/320 375/319/299
f 190/341/321 191/342/322 261/339/319 278/343/323
f 189/344/324 190/341/321 278/343/323 279/345/325
f 188/346/326 189/344/324 279/345/325 280/347/327
f 187/348/328 188/346/326 280/347/327 281/349/329
f 458/350/330 451/330/310 452/331/311 459/351/331
f 457/352/332 450/329/309 451/330/310 458/350/330
f 186/353/333 187/348/328 281/349/329 282/354/334
f 185/355/335 186/353/333 282/354/334 283/356/336
f 284/357/337 283/356/336 471/358/338 472/359/339
f 471/358/338 283/356/336 282/354/334 470/360/340
f 470/360/340 282/354/334 281/349/329 469/361/341
f 469/361/341 281/349/329 280/347/327 468/362/342
f 468/362/342 280/347/327 279/345/325 467/363/343
f 467/363/343 279/345/325 278/343/323 466/364/344
f 278/343/323 261/339/319 376/338/318 466/364/344
f 448/365/345 376/338/318 375/319/299 377/318/298
f 448/365/345 377/318/298 392/317/297 446/366/346
f 491/367/347 466/364/344 376/338/318 448/365/345
f 490/368/348 467/363/343 466/364/344 491/367/347
f 489/369/349 468/362/342 467/363/343 490/368/348
f 486/370/350 472/359/339 471/358/338 485/371/351
f 446/366/346 392/317/297 445/320/300 447/372/352
f 491/367/347 448/365/345 446/366/346 492/373/353
f 490/368/348 491/367/347 492/373/353 493/374/354
f 456/375/355 447/372/352 445/320/300 449/328/308
f 456/375/355 449/328/308 450/329/309 457/352/332
f 492/373/353 446/366/346 447/372/352 497/376/356
f 493/374/354 492/373/353 497/376/356 498/377/357
f 502/378/358 456/375/355 457/352/332 481/379/359
f 481/379/359 457/352/332 458/350/330 474/380/360
f 497/376/356 447/372/352 456/375/355 502/378/358
f 482/381/361 481/379/359 474/380/360 479/382/362
f 503/383/363 502/378/358 481/379/359 482/381/361
f 498/377/357 497/376/356 502/378/358 503/383/363
f 483/384/364 482/381/361 479/382/362 476/385/365
f 484/386/366 483/384/364 476/385/365 478/387/367
f 487/388/368 485/371/351 471/358/338 470/360/340
f 488/389/369 487/388/368 470/360/340 469/361/341
f 488/389/369 469/361/341 468/362/342 489/369/349
f 496/390/370 486/370/350 485/371/351 495/391/371
f 495/391/371 485/371/351 487/388/368
f 489/369/349 490/368/348 493/374/354 494/392/372
f 488/389/369 489/369/349 494/392/372
f 495/391/371 487/388/368 488/389/369 494/392/372
f 494/392/372 493/374/354 498/377/357 499/393/373
f 500/394/374 495/391/371 494/392/372 499/393/373
f 501/395/375 496/390/370 495/391/371 500/394/374
f 505/396/376 500/394/374 499/393/373 504/397/377
f 505/396/376 501/395/375 500/394/374
f 499/393/373 498/377/357 503/383/363 504/397/377
f 504/397/377 503/383/363 482/381/361 483/384/364
f 504/397/377 483/384/364 484/386/366 505/396/376
f 477/398/378 478/387/367 476/385/365 475/399/379
f 475/399/379 476/385/365 479/382/362 480/400/380
f 480/400/380 479/382/362 474/380/360 473/401/381
f 474/380/360 458/350/330 459/351/331 473/401/381
f 460/402/382 459/351/331 452/331/311 453/332/312
f 301/243/223 308/242/222 362/403/383 363/404/384
f 296/244/224 301/243/223 363/404/384 364/405/385
f 293/245/225 296/244/224 364/405/385 365/406/386
f 276/246/226 293/245/225 365/406/386 366/407/387
f 274/247/227 276/246/226 366/407/387 367/408/388
f 368/337/317 273/248/228 274/247/227 367/408/388
f 361/409/389 360/410/390 510/411/391 1245/412/392
f 511/413/393 362/403/383 361/409/389 1245/412/392
f 363/404/384 362/403/383 511/413/393 512/414/394
f 364/405/385 363/404/384 512/414/394 513/415/395
f 365/406/386 364/405/385 513/415/395 514/416/396
f 366/407/387 365/406/386 514/416/396 515/417/397
f 367/408/388 366/407/387 515/417/397 516/418/398
f 465/419/399 368/337/317 367/408/388 516/418/398
f 464/420/400 369/336/316 368/337/317 465/419/399
f 463/421/401 370/335/315 369/336/316 464/420/400
f 462/422/402 455/334/314 370/335/315 463/421/401
f 461/423/403 460/402/382 453/332/312 454/333/313
f 461/423/403 454/333/313 455/334/314 462/422/402
f 509/424/404 473/401/381 459/351/331 460/402/382
f 508/425/405 480/400/380 473/401/381 509/424/404
f 507/426/406 475/399/379 480/400/380 508/425/405
f 506/427/407 477/398/378 475/399/379 507/426/406
f 509/424/404 460/402/382 461/423/403 527/428/408
f 462/422/402 463/421/401 526/429/409 527/428/408
f 461/423/403 462/422/402 527/428/408
f 508/425/405 509/424/404 527/428/408 528/430/410
f 507/426/406 508/425/405 528/430/410 529/431/411
f 506/427/407 507/426/406 529/431/411 530/432/412
f 526/429/409 463/421/401 464/420/400 525/433/413
f 537/434/414 531/435/415 536/436/416 538/437/417
f 527/428/408 526/429/409 531/435/415 532/438/418
f 532/438/418 531/435/415 537/434/414 539/439/419
f 528/430/410 527/428/408 532/438/418 533/440/420
f 533/440/420 532/438/418 539/439/419 540/441/421
f 529/431/411 528/430/410 533/440/420 534/442/422
f 534/442/422 533/440/420 540/441/421 541/443/423
f 530/432/412 529/431/411 534/442/422 535/444/424
f 535/444/424 534/442/422 541/443/423 542/445/425
f 531/435/415 526/429/409 525/433/413 536/436/416
f 525/433/413 464/420/400 465/419/399 524/446/426
f 524/446/426 465/419/399 516/418/398 523/447/427
f 523/447/427 516/418/398 515/417/397 522/448/428
f 522/448/428 515/417/397 514/416/396 521/449/429
f 521/449/429 514/416/396 513/415/395 520/450/430
f 520/450/430 513/415/395 512/414/394 519/451/431
f 519/451/431 512/414/394 511/413/393 518/452/432
f 518/452/432 511/413/393 1245/412/392 517/453/433
f 549/454/434 518/452/432 517/453/433 550/455/435
f 552/456/436 549/454/434 550/455/435 551/457/437
f 548/458/438 519/451/431 518/452/432 549/454/434
f 548/458/438 549/454/434 552/456/436 553/459/439
f 547/460/440 520/450/430 519/451/431 548/458/438
f 547/460/440 548/458/438 553/459/439 554/461/441
f 546/462/442 521/449/429 520/450/430 547/460/440
f 546/462/442 547/460/440 554/461/441 555/463/443
f 545/464/444 522/448/428 521/449/429 546/462/442
f 545/464/444 546/462/442 555/463/443 556/465/445
f 544/466/446 523/447/427 522/448/428 545/464/444
f 544/466/446 545/464/444 556/465/445 557/467/447
f 543/468/448 544/466/446 557/467/447
f 543/468/448 536/436/416 525/433/413 524/446/426
f 543/468/448 524/446/426 523/447/427 544/466/446
f 316/469/449 298/181/163 343/198/180 345/201/183
f 345/201/183 344/202/184 303/470/450 316/469/449
f 317/471/451 299/177/159 298/181/163 316/469/449
f 316/469/449 303/470/450 558/472/452 559/473/453
f 559/473/453 558/472/452 302/474/454 560/475/455
f 317/471/451 316/469/449 559/473/453 560/475/455
f 306/178/160 299/177/159 317/471/451 318/476/456
f 318/476/456 317/471/451 560/475/455 561/477/457
f 308/242/222 306/178/160 318/476/456 319/478/458
f 361/409/389 362/403/383 308/242/222 319/478/458
f 319/478/458 318/476/456 561/477/457 562/479/459
f 561/477/457 560/475/455 302/474/454 305/480/460
f 563/481/461 562/479/459 561/477/457 305/480/460
f 360/410/390 361/409/389 319/478/458 307/482/462
f 307/482/462 319/478/458 562/479/459 563/481/461
f 395/262/242 375/319/299 260/340/320 266/263/243
f 401/284/264 400/264/244 266/263/243 265/483/463
f 260/340/320 261/339/319 191/342/322 259/484/464
f 265/483/463 267/251/231 372/253/233 373/258/238
f 265/483/463 373/258/238 403/285/265 401/284/264
f 266/263/243 260/340/320 259/484/464 564/485/465
f 265/483/463 266/263/243 564/485/465
f 268/250/230 267/251/231 265/483/463 264/486/466
f 259/484/464 191/342/322 256/487/467 258/488/468
f 564/485/465 259/484/464 258/488/468 565/489/469
f 264/486/466 265/483/463 564/485/465 565/489/469
f 269/168/150 268/250/230 264/486/466 263/490/470
f 258/488/468 256/487/467 255/491/471 257/492/472
f 565/489/469 258/488/468 257/492/472 566/493/473
f 263/490/470 264/486/466 565/489/469 566/493/473
f 270/169/151 269/168/150 263/490/470 262/494/474
f 257/492/472 255/491/471 254/495/475 248/496/476
f 566/493/473 257/492/472 248/496/476 567/497/477
f 262/494/474 263/490/470 566/493/473 567/497/477
f 275/171/153 270/169/151 262/494/474 247/498/478
f 246/499/479 248/496/476 254/495/475 253/500/480
f 339/191/173 340/193/175 275/171/153 247/498/478
f 567/497/477 248/496/476 246/499/479 568/501/481
f 247/498/478 262/494/474 567/497/477 568/501/481
f 338/189/171 339/191/173 247/498/478 245/502/482
f 244/503/483 246/499/479 253/500/480 252/166/148
f 568/501/481 246/499/479 244/503/483 569/504/484
f 245/502/482 247/498/478 568/501/481 569/504/484
f 244/503/483 252/166/148 251/164/146 91/505/485
f 337/187/169 338/189/171 245/502/482 90/506/486
f 570/507/487 90/506/486 245/502/482 569/504/484
f 570/507/487 569/504/484 244/503/483 91/505/485
f 336/184/166 337/187/169 90/506/486 89/508/488
f 88/509/489 91/505/485 251/164/146 250/161/143
f 570/507/487 91/505/485 88/509/489 571/510/490
f 89/508/488 90/506/486 570/507/487 571/510/490
f 83/511/491 572/512/492 571/510/490 88/509/489
f 83/511/491 88/509/489 250/161/143 249/162/144
f 335/185/167 336/184/166 89/508/488 84/513/493
f 84/513/493 89/508/488 571/510/490 572/512/492
f 128/100/88 118/96/84 117/514/494 127/515/495
f 135/516/496 136/112/100 128/100/88 127/515/495
f 134/517/497 135/516/496 127/515/495 573/518/498
f 204/519/499 134/517/497 573/518/498 574/520/500
f 202/521/501 199/125/113 198/130/118 204/519/499
f 573/518/498 127/515/495 117/514/494 116/522/502
f 574/520/500 573/518/498 116/522/502 575/523/503
f 202/521/501 204/519/499 574/520/500 575/523/503
f 578/524/504 93/525/505 96/526/506 579/527/507
f 143/528/508 98/529/509 97/530/510 142/531/511
f 99/532/512 96/526/506 110/533/513 111/534/514
f 580/535/515 143/528/508 142/531/511 579/527/507
f 580/535/515 579/527/507 96/526/506 99/532/512
f 100/536/516 99/532/512 111/534/514 112/537/517
f 101/115/103 98/529/509 143/528/508 144/538/518
f 580/535/515 99/532/512 100/536/516 581/539/519
f 144/538/518 143/528/508 580/535/515 581/539/519
f 102/540/520 100/536/516 112/537/517 113/541/521
f 103/116/104 101/115/103 144/538/518 145/542/522
f 581/539/519 100/536/516 102/540/520 582/543/523
f 145/542/522 144/538/518 581/539/519 582/543/523
f 104/544/524 102/540/520 113/541/521 114/545/525
f 105/118/106 103/116/104 145/542/522 146/546/526
f 159/547/527 158/117/105 105/118/106 107/548/528
f 107/548/528 105/118/106 146/546/526 584/549/529
f 147/550/530 106/551/531 132/106/94 140/108/96
f 160/552/532 159/547/527 107/548/528 147/550/530
f 147/550/530 140/108/96 161/120/108 160/552/532
f 582/543/523 102/540/520 104/544/524 583/553/533
f 146/546/526 145/542/522 582/543/523 583/553/533
f 147/550/530 107/548/528 584/549/529 585/554/534
f 585/554/534 583/553/533 104/544/524 133/555/535
f 133/555/535 126/105/93 132/106/94 106/551/531
f 133/555/535 106/551/531 147/550/530 585/554/534
f 585/554/534 584/549/529 146/546/526 583/553/533
f 150/556/536 125/107/95 124/103/91 126/105/93
f 150/556/536 126/105/93 133/555/535 151/557/537
f 151/557/537 133/555/535 104/544/524 148/558/538
f 148/558/538 104/544/524 114/545/525 149/559/539
f 586/560/540 148/558/538 149/559/539
f 586/560/540 150/556/536 151/557/537 148/558/538
f 110/533/513 96/526/506 93/525/505 109/561/541
f 576/562/542 575/523/503 116/522/502 201/563/543
f 201/563/543 116/522/502 117/514/494 115/564/544
f 115/564/544 117/514/494 118/96/84 119/95/83
f 108/565/545 587/566/546 109/561/541 93/525/505
f 108/565/545 201/563/543 115/564/544 591/567/547
f 588/568/548 200/569/549 109/561/541 587/566/546
f 591/567/547 589/570/550 200/569/549 588/568/548
f 588/568/548 587/566/546 108/565/545 591/567/547
f 591/567/547 115/564/544 590/571/551 589/570/550
f 95/572/552 195/127/115 207/126/114
f 578/524/504 579/527/507 142/531/511 141/573/553
f 577/574/554 578/524/504 141/573/553
f 577/574/554 95/572/552 207/126/114 203/575/555
f 577/574/554 576/562/542 201/563/543 108/565/545
f 577/574/554 108/565/545 93/525/505 578/524/504
f 207/126/114 199/125/113 202/521/501 203/575/555
f 203/575/555 202/521/501 575/523/503 576/562/542
f 203/575/555 576/562/542 577/574/554
f 186/353/333 185/355/335 170/576/556 171/577/557
f 187/348/328 186/353/333 171/577/557 172/578/558
f 188/346/326 187/348/328 172/578/558 173/579/559
f 189/344/324 188/346/326 173/579/559 174/580/560
f 190/341/321 189/344/324 174/580/560 175/581/561
f 191/342/322 190/341/321 175/581/561 176/582/562
f 256/487/467 191/342/322 176/582/562 177/583/563
f 255/491/471 256/487/467 177/583/563 178/584/564
f 254/495/475 255/491/471 178/584/564 179/585/565
f 180/586/566 235/165/147 252/166/148 253/500/480
f 253/500/480 254/495/475 179/585/565 180/586/566
f 215/128/116 195/127/115 194/587/567 214/588/568
f 596/589/569 156/114/102 157/113/101 597/590/570
f 596/589/569 597/590/570 173/579/559 172/578/558
f 597/590/570 157/113/101 158/117/105 598/591/571
f 597/590/570 598/591/571 174/580/560 173/579/559
f 598/591/571 158/117/105 159/547/527 599/592/572
f 598/591/571 599/592/572 175/581/561 174/580/560
f 599/592/572 159/547/527 160/552/532 600/593/573
f 599/592/572 600/593/573 176/582/562 175/581/561
f 600/593/573 160/552/532 161/120/108 601/594/574
f 600/593/573 601/594/574 177/583/563 176/582/562
f 601/594/574 161/120/108 162/119/107 602/595/575
f 601/594/574 602/595/575 178/584/564 177/583/563
f 602/595/575 162/119/107 163/121/109 603/596/576
f 602/595/575 603/596/576 179/585/565 178/584/564
f 603/596/576 163/121/109 164/122/110 604/597/577
f 603/596/576 604/597/577 180/586/566 179/585/565
f 606/598/578 193/599/579 213/600/580 607/601/581
f 606/598/578 607/601/581 214/588/568 194/587/567
f 166/602/582 165/123/111 136/112/100 135/516/496
f 604/597/577 164/122/110 165/123/111 605/603/583
f 167/604/584 166/602/582 135/516/496 134/517/497
f 205/605/585 167/604/584 134/517/497 204/519/499
f 205/605/585 204/519/499 198/130/118 196/606/586
f 196/606/586 198/130/118 209/131/119 210/607/587
f 210/607/587 209/131/119 217/132/120 218/608/588
f 605/603/583 165/123/111 166/602/582 182/609/589
f 181/610/590 180/586/566 604/597/577 605/603/583
f 227/138/126 235/165/147 180/586/566 181/610/590
f 608/611/591 181/610/590 605/603/583 182/609/589
f 228/133/121 227/138/126 181/610/590 226/612/592
f 183/613/593 182/609/589 166/602/582 167/604/584
f 608/611/591 182/609/589 183/613/593 609/614/594
f 226/612/592 181/610/590 608/611/591 609/614/594
f 224/615/595 225/134/122 228/133/121 226/612/592
f 206/616/596 183/613/593 167/604/584 205/605/585
f 609/614/594 183/613/593 206/616/596 610/617/597
f 224/615/595 226/612/592 609/614/594 610/617/597
f 197/618/598 206/616/596 205/605/585 196/606/586
f 223/619/599 222/150/138 225/134/122 224/615/595
f 611/620/600 223/619/599 224/615/595 610/617/597
f 611/620/600 610/617/597 206/616/596 197/618/598
f 211/621/601 197/618/598 196/606/586 210/607/587
f 221/622/602 86/144/132 222/150/138 223/619/599
f 612/623/603 221/622/602 223/619/599 611/620/600
f 612/623/603 611/620/600 197/618/598 211/621/601
f 219/624/604 211/621/601 210/607/587 218/608/588
f 613/625/605 612/623/603 211/621/601 219/624/604
f 220/626/606 87/148/136 86/144/132 221/622/602
f 220/626/606 221/622/602 612/623/603 613/625/605
f 595/627/607 596/589/569 172/578/558 171/577/557
f 155/628/608 98/529/509 101/115/103 156/114/102
f 155/628/608 156/114/102 596/589/569 595/627/607
f 155/628/608 595/627/607 614/629/609
f 594/630/610 595/627/607 171/577/557 170/576/556
f 154/631/611 97/530/510 98/529/509 155/628/608
f 615/632/612 154/631/611 155/628/608 614/629/609
f 615/632/612 614/629/609 595/627/607 594/630/610
f 593/633/613 594/630/610 170/576/556 169/634/614
f 616/635/615 615/632/612 594/630/610 593/633/613
f 592/636/616 593/633/613 169/634/614 168/637/617
f 168/637/617 193/599/579 606/598/578 592/636/616
f 617/638/618 616/635/615 593/633/613 592/636/616
f 153/639/619 154/631/611 615/632/612 616/635/615
f 152/640/620 592/636/616 606/598/578 194/587/567
f 194/587/567 195/127/115 95/572/552 152/640/620
f 618/641/621 152/640/620 95/572/552 94/642/622
f 94/642/622 95/572/552 577/574/554 141/573/553
f 141/573/553 142/531/511 97/530/510 94/642/622
f 94/642/622 97/530/510 154/631/611 153/639/619
f 94/642/622 153/639/619 618/641/621
f 617/638/618 592/636/616 152/640/620 618/641/621
f 153/639/619 616/635/615 617/638/618 618/641/621
f 119/643/83 121/644/82 619/645/623 620/646/624
f 121/644/82 123/647/86 621/648/625 619/645/623
f 123/647/86 125/649/95 622/650/626 621/648/625
f 111/651/514 110/652/513 623/653/627 624/654/628
f 112/655/517 111/651/514 624/654/628 625/656/629
f 113/657/521 112/655/517 625/656/629 626/658/630
f 114/659/525 113/657/521 626/658/630 627/660/631
f 125/649/95 150/661/536 628/662/632 622/650/626
f 149/663/539 114/659/525 627/660/631 629/664/633
f 586/665/540 149/663/539 629/664/633 630/666/634
f 150/661/536 586/665/540 630/666/634 628/662/632
f 110/652/513 109/667/541 631/668/635 623/653/627
f 115/669/544 119/643/83 620/646/624 632/670/636
f 109/667/541 200/671/549 633/672/637 631/668/635
f 200/671/549 589/673/550 634/674/638 633/672/637
f 590/675/551 115/669/544 632/670/636 635/676/639
f 589/673/550 590/675/551 635/676/639 634/674/638
f 331/235/217 332/230/212 637/677/208 636/678/215
f 332/230/212 333/225/207 638/679/200 637/677/208
f 333/225/207 334/224/206 639/239/201 638/679/200
f 323/210/192 349/211/193 641/680/640 324/212/194
f 324/212/194 641/680/640 354/236/218 325/213/195
f 355/217/199 642/238/220 334/224/206 356/216/198
f 325/213/195 354/236/218 355/217/199 326/214/196
f 347/681/188 346/682/189 644/683/641 645/684/642
f 348/685/191 347/681/188 645/684/642 646/686/643
f 349/687/193 348/685/191 646/686/643 647/688/644
f 641/689/640 349/687/193 647/688/644 648/690/645
f 354/691/218 641/689/640 648/690/645 649/692/646
f 354/691/218 649/692/646 651/693/647 650/694/648
f 354/695/218 650/696/648 643/241/221 640/240/219
f 687/697/649 686/698/650 684/699/651 685/700/652
f 689/701/653 688/702/654 686/698/650 687/697/649
f 686/698/650 695/703/655 694/704/656 684/699/651
f 688/702/654 696/705/657 695/703/655 686/698/650
f 690/706/658 697/707/659 696/705/657 688/702/654
f 692/708/660 698/709/661 697/707/659 690/706/658
f 691/710/662 690/706/658 688/702/654 689/701/653
f 706/711/663 705/712/664 697/707/659 698/709/661
f 705/712/664 704/713/665 696/705/657 697/707/659
f 704/713/665 703/714/666 695/703/655 696/705/657
f 703/714/666 702/715/667 694/704/656 695/703/655
f 723/716/668 669/717/669 667/718/670 722/719/671
f 724/720/672 671/721/673 669/717/669 723/716/668
f 729/722/674 704/713/665 705/712/664 728/723/675
f 731/724/676 702/715/667 703/714/666 730/725/677
f 773/726/678 760/727/679 772/728/680 764/729/681
f 773/726/678 216/129/117 215/128/116 760/727/679
f 763/730/682 774/731/683 773/726/678 764/729/681
f 774/731/683 217/132/120 216/129/117 773/726/678
f 784/732/684 794/733/685 793/734/686 781/735/687
f 788/736/688 789/737/689 787/738/690 786/739/691
f 796/740/692 797/741/693 653/742/694 791/743/695
f 785/744/696 797/741/693 796/740/692 789/737/689
f 243/147/135 87/148/136 653/742/694 797/741/693
f 229/149/137 243/147/135 797/741/693 785/744/696
f 778/745/697 792/746/698 791/743/695 653/742/694
f 792/747/698 795/748/699 796/749/692 791/750/695
f 793/734/686 792/746/698 778/745/697 781/735/687
f 795/748/699 792/747/698 793/751/686 794/752/685
f 787/738/690 795/753/699 794/733/685 784/732/684
f 796/740/692 795/753/699 787/738/690 789/737/689
f 652/754/700 82/160/142 229/149/137 785/744/696
f 788/736/688 652/754/700 785/744/696 789/737/689
f 803/755/701 249/162/144 82/160/142 652/754/700
f 786/739/691 658/756/702 652/754/700 788/736/688
f 658/756/702 804/757/703 803/755/701 652/754/700
f 854/758/704 855/759/705 823/760/706 822/761/707
f 855/759/705 856/762/708 828/763/709 823/760/706
f 858/764/710 859/765/711 850/766/712 844/767/713
f 859/765/711 852/768/714 849/769/715 850/766/712
f 857/770/716 842/771/717 828/763/709 856/762/708
f 844/767/713 842/771/717 857/770/716 858/764/710
f 849/769/715 848/772/718 844/767/713 850/766/712
f 285/182/164 335/185/167 877/773/719 836/774/720
f 836/774/720 877/773/719 878/775/721 837/776/722
f 837/776/722 878/775/721 879/777/723 838/778/724
f 838/778/724 879/777/723 880/779/725 839/780/726
f 839/780/726 880/779/725 881/781/727 840/782/728
f 882/783/729 881/781/727 828/763/709 842/771/717
f 840/782/728 881/781/727 882/783/729 841/784/730
f 882/783/729 883/785/731 845/786/732 841/784/730
f 882/783/729 842/771/717 844/767/713 883/785/731
f 884/787/733 883/785/731 844/767/713 848/772/718
f 845/786/732 883/785/731 884/787/733 847/788/734
f 884/787/733 885/789/735 860/790/736 847/788/734
f 344/202/184 304/203/185 860/790/736 885/789/735
f 865/791/737 320/205/187 285/182/164 836/774/720
f 886/792/738 346/207/189 320/205/187 865/791/737
f 837/776/722 866/793/739 865/791/737 836/774/720
f 866/793/739 887/794/740 886/792/738 865/791/737
f 838/778/724 867/795/741 866/793/739 837/776/722
f 867/795/741 888/796/742 887/794/740 866/793/739
f 868/797/743 867/795/741 838/778/724 839/780/726
f 840/782/728 869/798/744 868/797/743 839/780/726
f 841/784/730 870/799/745 869/798/744 840/782/728
f 845/786/732 871/800/746 870/799/745 841/784/730
f 894/801/747 893/802/748 870/799/745 871/800/746
f 1151/803/749 890/804/750 891/805/751 1152/806/752
f 847/788/734 872/807/753 871/800/746 845/786/732
f 895/808/754 894/801/747 871/800/746 872/807/753
f 895/808/754 875/809/755 876/810/756 894/801/747
f 1150/811/757 889/812/758 890/804/750 1151/803/749
f 860/790/736 873/813/759 872/807/753 847/788/734
f 896/814/760 895/808/754 872/807/753 873/813/759
f 896/814/760 874/815/761 875/809/755 895/808/754
f 304/203/185 330/231/213 873/813/759 860/790/736
f 330/231/213 359/232/214 896/814/760 873/813/759
f 636/233/215 350/234/216 889/812/758 1150/811/757
f 359/232/214 331/235/217 874/815/761 896/814/760
f 893/802/748 1155/816/762 1153/817/763 892/818/764
f 876/810/756 1152/819/752 1153/817/763 1155/816/762
f 1153/820/763 1152/806/752 891/805/751 1156/821/765
f 859/765/711 851/822/766 853/823/767 852/768/714
f 858/764/710 846/824/768 851/822/766 859/765/711
f 857/770/716 843/825/769 846/824/768 858/764/710
f 856/762/708 829/826/770 843/825/769 857/770/716
f 855/759/705 827/827/771 829/826/770 856/762/708
f 854/758/704 826/828/772 827/827/771 855/759/705
f 824/829/773 854/758/704 822/761/707 821/830/774
f 854/758/704 824/829/773 826/828/772
f 820/831/775 825/832/776 824/829/773 821/830/774
f 908/833/777 910/834/778 907/835/779 820/831/775
f 908/833/777 932/836/780 915/837/781 910/834/778
f 909/838/782 933/839/783 932/836/780 908/833/777
f 934/840/784 917/841/785 915/837/781 932/836/780
f 931/842/786 938/843/787 936/844/788 819/845/789
f 941/846/790 918/847/791 917/841/785 934/840/784
f 942/848/792 921/849/793 918/847/791 941/846/790
f 943/850/794 922/851/795 921/849/793 942/848/792
f 950/852/796 951/853/797 922/851/795 943/850/794
f 930/854/798 953/855/799 938/843/787 931/842/786
f 946/856/800 953/855/799 930/854/798 929/857/801
f 945/858/802 946/856/800 929/857/801 927/859/803
f 948/860/804 947/861/805 945/858/802 927/859/803
f 950/852/796 944/862/806 924/863/807 951/853/797
f 944/862/806 947/861/805 948/860/804 924/863/807
f 936/844/788 954/864/808 939/865/809 937/866/810
f 935/867/811 934/840/784 932/836/780 933/839/783
f 956/868/812 941/846/790 934/840/784 935/867/811
f 940/869/813 933/839/783 909/838/782 939/865/809
f 965/870/814 940/869/813 939/865/809 954/864/808
f 940/869/813 969/871/815 935/867/811 933/839/783
f 969/871/815 940/869/813 965/870/814 968/872/816
f 946/856/800 961/873/817 960/874/818 953/855/799
f 962/875/819 961/873/817 946/856/800 945/858/802
f 938/843/787 955/876/820 954/864/808 936/844/788
f 960/874/818 955/876/820 938/843/787 953/855/799
f 963/877/821 971/878/822 961/873/817 962/875/819
f 947/861/805 963/877/821 962/875/819 945/858/802
f 961/873/817 971/878/822 955/876/820 960/874/818
f 944/862/806 964/879/823 963/877/821 947/861/805
f 955/876/820 966/880/824 965/870/814 954/864/808
f 971/878/822 972/881/825 966/880/824 955/876/820
f 964/879/823 972/881/825 971/878/822 963/877/821
f 959/882/826 964/879/823 944/862/806 950/852/796
f 967/883/827 968/872/816 965/870/814 966/880/824
f 972/881/825 973/884/828 967/883/827 966/880/824
f 959/882/826 973/884/828 972/881/825 964/879/823
f 970/885/829 956/868/812 935/867/811 969/871/815
f 958/886/830 959/882/826 950/852/796 943/850/794
f 970/885/829 969/871/815 968/872/816 967/883/827
f 957/887/831 942/848/792 941/846/790 956/868/812
f 974/888/832 957/887/831 956/868/812 970/885/829
f 957/887/831 958/886/830 943/850/794 942/848/792
f 957/887/831 974/888/832 958/886/830
f 973/884/828 974/888/832 970/885/829 967/883/827
f 958/886/830 974/888/832 973/884/828 959/882/826
f 918/847/791 919/889/833 916/890/834 917/841/785
f 921/849/793 920/891/835 919/889/833 918/847/791
f 922/851/795 923/892/836 920/891/835 921/849/793
f 951/853/797 952/893/837 923/892/836 922/851/795
f 925/894/838 952/893/837 951/853/797 924/863/807
f 949/895/839 925/894/838 924/863/807 948/860/804
f 926/896/840 949/895/839 948/860/804 927/859/803
f 929/857/801 928/897/841 926/896/840 927/859/803
f 930/854/798 913/898/842 928/897/841 929/857/801
f 913/898/842 930/854/798 931/842/786 911/899/843
f 981/900/844 980/901/845 926/896/840 928/897/841
f 926/896/840 980/901/845 925/894/838 949/895/839
f 980/901/845 979/902/846 952/893/837 925/894/838
f 979/902/846 978/903/847 923/892/836 952/893/837
f 978/903/847 977/904/848 920/891/835 923/892/836
f 977/904/848 976/905/849 919/889/833 920/891/835
f 976/905/849 975/906/850 916/890/834 919/889/833
f 975/906/850 914/907/851 916/890/834
f 915/837/781 914/907/851 907/835/779 910/834/778
f 916/890/834 914/907/851 915/837/781 917/841/785
f 985/908/852 980/901/845 981/900/844
f 986/909/853 979/902/846 980/901/845 985/908/852
f 987/910/854 978/903/847 979/902/846 986/909/853
f 988/911/855 977/904/848 978/903/847 987/910/854
f 989/912/856 976/905/849 977/904/848 988/911/855
f 990/913/857 975/906/850 976/905/849 989/912/856
f 991/914/858 914/907/851 975/906/850 990/913/857
f 991/914/858 906/915/859 907/835/779 914/907/851
f 907/835/779 906/915/859 825/832/776 820/831/775
f 906/915/859 905/916/860 824/829/773 825/832/776
f 905/916/860 904/917/861 826/828/772 824/829/773
f 912/918/862 911/899/843 813/919/863 814/920/864
f 754/921/865 831/922/866 830/923/867 755/924/868
f 753/925/869 832/926/870 831/922/866 754/921/865
f 752/927/871 833/928/872 832/926/870 753/925/869
f 994/929/873 995/930/874 988/911/855 987/910/854
f 993/931/875 994/929/873 987/910/854 986/909/853
f 751/932/876 834/933/877 833/928/872 752/927/871
f 750/934/878 835/935/879 834/933/877 751/932/876
f 284/357/337 472/359/339 1007/936/880 835/935/879
f 1007/936/880 1006/937/881 834/933/877 835/935/879
f 1006/937/881 1005/938/882 833/928/872 834/933/877
f 1005/938/882 1004/939/883 832/926/870 833/928/872
f 1004/939/883 1003/940/884 831/922/866 832/926/870
f 1003/940/884 1002/941/885 830/923/867 831/922/866
f 830/923/867 1002/941/885 912/918/862 814/920/864
f 984/942/886 913/898/842 911/899/843 912/918/862
f 984/942/886 982/943/887 928/897/841 913/898/842
f 1022/944/888 984/942/886 912/918/862 1002/941/885
f 1021/945/889 1022/944/888 1002/941/885 1003/940/884
f 1020/946/890 1021/945/889 1003/940/884 1004/939/883
f 486/947/350 1017/948/891 1007/936/880 472/359/339
f 982/943/887 983/949/892 981/900/844 928/897/841
f 1022/944/888 1023/950/893 982/943/887 984/942/886
f 1021/945/889 1024/951/894 1023/950/893 1022/944/888
f 992/952/895 985/908/852 981/900/844 983/949/892
f 992/952/895 993/931/875 986/909/853 985/908/852
f 1023/950/893 1027/953/896 983/949/892 982/943/887
f 1024/951/894 1028/954/897 1027/953/896 1023/950/893
f 1031/955/898 1014/956/899 993/931/875 992/952/895
f 1014/956/899 1009/957/900 994/929/873 993/931/875
f 1027/953/896 1031/955/898 992/952/895 983/949/892
f 1015/958/901 1012/959/902 1009/957/900 1014/956/899
f 1032/960/903 1015/958/901 1014/956/899 1031/955/898
f 1028/954/897 1032/960/903 1031/955/898 1027/953/896
f 1016/961/904 1011/962/905 1012/959/902 1015/958/901
f 484/963/366 478/964/367 1011/962/905 1016/961/904
f 1018/965/906 1006/937/881 1007/936/880 1017/948/891
f 1019/966/907 1005/938/882 1006/937/881 1018/965/906
f 1019/966/907 1020/946/890 1004/939/883 1005/938/882
f 496/967/370 1026/968/908 1017/948/891 486/947/350
f 1026/968/908 1018/965/906 1017/948/891
f 1020/946/890 1025/969/909 1024/951/894 1021/945/889
f 1019/966/907 1025/969/909 1020/946/890
f 1026/968/908 1025/969/909 1019/966/907 1018/965/906
f 1025/969/909 1029/970/910 1028/954/897 1024/951/894
f 1030/971/911 1029/970/910 1025/969/909 1026/968/908
f 501/972/375 1030/971/911 1026/968/908 496/967/370
f 505/973/376 1033/974/912 1029/970/910 1030/971/911
f 505/973/376 1030/971/911 501/972/375
f 1029/970/910 1033/974/912 1032/960/903 1028/954/897
f 1033/974/912 1016/961/904 1015/958/901 1032/960/903
f 1033/974/912 505/973/376 484/963/366 1016/961/904
f 477/975/378 1010/976/913 1011/962/905 478/964/367
f 1010/976/913 1013/977/914 1012/959/902 1011/962/905
f 1013/977/914 1008/978/915 1009/957/900 1012/959/902
f 1009/957/900 1008/978/915 995/930/874 994/929/873
f 996/979/916 989/912/856 988/911/855 995/930/874
f 851/822/766 899/980/917 898/981/918 853/823/767
f 846/824/768 900/982/919 899/980/917 851/822/766
f 843/825/769 901/983/920 900/982/919 846/824/768
f 829/826/770 902/984/921 901/983/920 843/825/769
f 827/827/771 903/985/922 902/984/921 829/826/770
f 904/917/861 903/985/922 827/827/771 826/828/772
f 899/980/917 1038/986/923 1037/987/924 898/981/918
f 900/982/919 1039/988/925 1038/986/923 899/980/917
f 901/983/920 1040/989/926 1039/988/925 900/982/919
f 902/984/921 1041/990/927 1040/989/926 901/983/920
f 903/985/922 1042/991/928 1041/990/927 902/984/921
f 1001/992/929 1042/991/928 903/985/922 904/917/861
f 1000/993/930 1001/992/929 904/917/861 905/916/860
f 999/994/931 1000/993/930 905/916/860 906/915/859
f 998/995/932 999/994/931 906/915/859 991/914/858
f 997/996/933 990/913/857 989/912/856 996/979/916
f 997/996/933 998/995/932 991/914/858 990/913/857
f 1036/997/934 996/979/916 995/930/874 1008/978/915
f 1035/998/935 1036/997/934 1008/978/915 1013/977/914
f 1034/999/936 1035/998/935 1013/977/914 1010/976/913
f 506/1000/407 1034/999/936 1010/976/913 477/975/378
f 1036/997/934 1052/1001/937 997/996/933 996/979/916
f 998/995/932 1052/1001/937 1051/1002/938 999/994/931
f 997/996/933 1052/1001/937 998/995/932
f 1035/998/935 1053/1003/939 1052/1001/937 1036/997/934
f 1034/999/936 1054/1004/940 1053/1003/939 1035/998/935
f 506/1000/407 530/1005/412 1054/1004/940 1034/999/936
f 1051/1002/938 1050/1006/941 1000/993/930 999/994/931
f 1060/1007/942 1061/1008/943 1059/1009/944 1055/1010/945
f 1052/1001/937 1056/1011/946 1055/1010/945 1051/1002/938
f 1056/1011/946 1062/1012/947 1060/1007/942 1055/1010/945
f 1053/1003/939 1057/1013/948 1056/1011/946 1052/1001/937
f 1057/1013/948 1063/1014/949 1062/1012/947 1056/1011/946
f 1054/1004/940 1058/1015/950 1057/1013/948 1053/1003/939
f 1058/1015/950 1064/1016/951 1063/1014/949 1057/1013/948
f 530/1005/412 535/1017/424 1058/1015/950 1054/1004/940
f 535/1017/424 542/1018/425 1064/1016/951 1058/1015/950
f 1055/1010/945 1059/1009/944 1050/1006/941 1051/1002/938
f 1050/1006/941 1049/1019/952 1001/992/929 1000/993/930
f 1049/1019/952 1048/1020/953 1042/991/928 1001/992/929
f 1048/1020/953 1047/1021/954 1041/990/927 1042/991/928
f 1047/1021/954 1046/1022/955 1040/989/926 1041/990/927
f 1046/1022/955 1045/1023/956 1039/988/925 1040/989/926
f 1045/1023/956 1044/1024/957 1038/986/923 1039/988/925
f 1044/1024/957 1043/1025/958 1037/987/924 1038/986/923
f 1071/1026/959 550/1027/435 517/1028/433 1043/1025/958
f 1072/1029/960 551/1030/437 550/1027/435 1071/1026/959
f 1070/1031/961 1071/1026/959 1043/1025/958 1044/1024/957
f 1070/1031/961 1073/1032/962 1072/1029/960 1071/1026/959
f 1069/1033/963 1070/1031/961 1044/1024/957 1045/1023/956
f 1069/1033/963 1074/1034/964 1073/1032/962 1070/1031/961
f 1068/1035/965 1069/1033/963 1045/1023/956 1046/1022/955
f 1068/1035/965 1075/1036/966 1074/1034/964 1069/1033/963
f 1067/1037/967 1068/1035/965 1046/1022/955 1047/1021/954
f 1067/1037/967 1076/1038/968 1075/1036/966 1068/1035/965
f 1066/1039/969 1067/1037/967 1047/1021/954 1048/1020/953
f 1066/1039/969 1077/1040/970 1076/1038/968 1067/1037/967
f 1065/1041/971 1077/1040/970 1066/1039/969
f 1065/1041/971 1049/1019/952 1050/1006/941 1059/1009/944
f 1065/1041/971 1066/1039/969 1048/1020/953 1049/1019/952
f 861/1042/972 885/789/735 884/787/733 848/772/718
f 885/789/735 861/1042/972 303/470/450 344/202/184
f 862/1043/973 861/1042/972 848/772/718 849/769/715
f 861/1042/972 1078/1044/974 558/472/452 303/470/450
f 1078/1044/974 1079/1045/975 302/474/454 558/472/452
f 862/1043/973 1079/1045/975 1078/1044/974 861/1042/972
f 852/768/714 863/1046/976 862/1043/973 849/769/715
f 863/1046/976 1080/1047/977 1079/1045/975 862/1043/973
f 853/823/767 864/1048/978 863/1046/976 852/768/714
f 897/1049/979 864/1048/978 853/823/767 898/981/918
f 864/1048/978 1081/1050/980 1080/1047/977 863/1046/976
f 1080/1047/977 305/480/460 302/474/454 1079/1045/975
f 563/481/461 305/480/460 1080/1047/977 1081/1050/980
f 360/1051/390 307/482/462 864/1048/978 897/1049/979
f 307/482/462 563/481/461 1081/1050/980 864/1048/978
f 931/842/786 819/845/789 813/919/863 911/899/843
f 937/866/810 818/1052/981 819/845/789 936/844/788
f 818/1052/981 909/838/782 908/833/777 820/831/775
f 818/1052/981 937/866/810 939/865/809 909/838/782
f 818/1052/981 1082/1053/982 819/845/789
f 821/830/774 817/1054/983 818/1052/981 820/831/775
f 817/1054/983 1083/1055/984 1082/1053/982 818/1052/981
f 822/761/707 816/1056/985 817/1054/983 821/830/774
f 1083/1055/984 1084/1057/986 810/1058/987 811/1059/988
f 816/1056/985 1084/1057/986 1083/1055/984 817/1054/983
f 823/760/706 815/1060/989 816/1056/985 822/761/707
f 1084/1057/986 1085/1061/990 802/1062/991 810/1058/987
f 815/1060/989 1085/1061/990 1084/1057/986 816/1056/985
f 828/763/709 801/1063/992 815/1060/989 823/760/706
f 880/779/725 801/1063/992 828/763/709 881/781/727
f 1085/1061/990 1086/1064/993 800/1065/994 802/1062/991
f 801/1063/992 1086/1064/993 1085/1061/990 815/1060/989
f 879/777/723 799/1066/995 801/1063/992 880/779/725
f 1086/1064/993 1087/1067/996 798/1068/997 800/1065/994
f 799/1066/995 1087/1067/996 1086/1064/993 801/1063/992
f 878/775/721 656/1069/998 799/1066/995 879/777/723
f 1088/1070/999 1087/1067/996 799/1066/995 656/1069/998
f 1088/1070/999 657/1071/1000 798/1068/997 1087/1067/996
f 877/773/719 655/1072/1001 656/1069/998 878/775/721
f 654/1073/1002 803/755/701 804/757/703 657/1071/1000
f 1088/1070/999 1089/1074/1003 654/1073/1002 657/1071/1000
f 655/1072/1001 1089/1074/1003 1088/1070/999 656/1069/998
f 83/511/491 654/1073/1002 1089/1074/1003 572/512/492
f 83/511/491 249/162/144 803/755/701 654/1073/1002
f 335/185/167 84/513/493 655/1072/1001 877/773/719
f 84/513/493 572/512/492 1089/1074/1003 655/1072/1001
f 694/704/656 693/1075/1004 683/1076/1005 684/699/651
f 701/1077/1006 693/1075/1004 694/704/656 702/715/667
f 700/1078/1007 1090/1079/1008 693/1075/1004 701/1077/1006
f 769/1080/1009 1091/1081/1010 1090/1079/1008 700/1078/1007
f 767/1082/1011 769/1080/1009 763/730/682 764/729/681
f 1090/1079/1008 682/1083/1012 683/1076/1005 693/1075/1004
f 1091/1081/1010 1092/1084/1013 682/1083/1012 1090/1079/1008
f 767/1082/1011 1092/1084/1013 1091/1081/1010 769/1080/1009
f 1095/1085/1014 1096/1086/1015 662/1087/1016 659/1088/1017
f 709/1089/1018 708/1090/1019 663/1091/1020 664/1092/1021
f 665/1093/1022 677/1094/1023 676/1095/1024 662/1087/1016
f 1097/1096/1025 1096/1086/1015 708/1090/1019 709/1089/1018
f 1097/1096/1025 665/1093/1022 662/1087/1016 1096/1086/1015
f 666/1097/1026 678/1098/1027 677/1094/1023 665/1093/1022
f 667/718/670 710/1099/1028 709/1089/1018 664/1092/1021
f 1097/1096/1025 1098/1100/1029 666/1097/1026 665/1093/1022
f 710/1099/1028 1098/1100/1029 1097/1096/1025 709/1089/1018
f 668/1101/1030 679/1102/1031 678/1098/1027 666/1097/1026
f 669/717/669 711/1103/1032 710/1099/1028 667/718/670
f 1098/1100/1029 1099/1104/1033 668/1101/1030 666/1097/1026
f 711/1103/1032 1099/1104/1033 1098/1100/1029 710/1099/1028
f 670/1105/1034 680/1106/1035 679/1102/1031 668/1101/1030
f 671/721/673 712/1107/1036 711/1103/1032 669/717/669
f 725/1108/1037 673/1109/1038 671/721/673 724/720/672
f 673/1109/1038 1101/1110/1039 712/1107/1036 671/721/673
f 713/1111/1040 706/711/663 698/709/661 672/1112/1041
f 726/1113/1042 713/1111/1040 673/1109/1038 725/1108/1037
f 1099/1104/1033 1100/1114/1043 670/1105/1034 668/1101/1030
f 712/1107/1036 1100/1114/1043 1099/1104/1033 711/1103/1032
f 713/1111/1040 1102/1115/1044 1101/1110/1039 673/1109/1038
f 1102/1115/1044 699/1116/1045 670/1105/1034 1100/1114/1043
f 699/1116/1045 672/1112/1041 698/709/661 692/708/660
f 699/1116/1045 1102/1115/1044 713/1111/1040 672/1112/1041
f 1102/1115/1044 1100/1114/1043 712/1107/1036 1101/1110/1039
f 716/1117/1046 692/708/660 690/706/658 691/710/662
f 716/1117/1046 717/1118/1047 699/1116/1045 692/708/660
f 717/1118/1047 714/1119/1048 670/1105/1034 699/1116/1045
f 714/1119/1048 715/1120/1049 680/1106/1035 670/1105/1034
f 1103/1121/1050 715/1120/1049 714/1119/1048
f 1103/1121/1050 714/1119/1048 717/1118/1047 716/1117/1046
f 676/1095/1024 675/1122/1051 659/1088/1017 662/1087/1016
f 1093/1123/1052 766/1124/1053 682/1083/1012 1092/1084/1013
f 766/1124/1053 681/1125/1054 683/1076/1005 682/1083/1012
f 681/1125/1054 685/700/652 684/699/651 683/1076/1005
f 674/1126/1055 659/1088/1017 675/1122/1051 1104/1127/1056
f 674/1126/1055 1108/1128/1057 681/1125/1054 766/1124/1053
f 1105/1129/1058 1104/1127/1056 675/1122/1051 765/1130/1059
f 1108/1128/1057 1105/1129/1058 765/1130/1059 1106/1131/1060
f 1105/1129/1058 1108/1128/1057 674/1126/1055 1104/1127/1056
f 1108/1128/1057 1106/1131/1060 1107/1132/1061 681/1125/1054
f 661/1133/1062 772/728/680 760/727/679
f 1095/1085/1014 707/1134/1063 708/1090/1019 1096/1086/1015
f 1094/1135/1064 707/1134/1063 1095/1085/1014
f 1094/1135/1064 768/1136/1065 772/728/680 661/1133/1062
f 1094/1135/1064 674/1126/1055 766/1124/1053 1093/1123/1052
f 1094/1135/1064 1095/1085/1014 659/1088/1017 674/1126/1055
f 772/728/680 768/1136/1065 767/1082/1011 764/729/681
f 768/1136/1065 1093/1123/1052 1092/1084/1013 767/1082/1011
f 768/1136/1065 1094/1135/1064 1093/1123/1052
f 751/932/876 737/1137/1066 736/1138/1067 750/934/878
f 752/927/871 738/1139/1068 737/1137/1066 751/932/876
f 753/925/869 739/1140/1069 738/1139/1068 752/927/871
f 754/921/865 740/1141/1070 739/1140/1069 753/925/869
f 215/128/116 214/588/568 759/1142/1071 760/727/679
f 1113/1143/1072 1114/1144/1073 723/716/668 722/719/671
f 1113/1143/1072 738/1139/1068 739/1140/1069 1114/1144/1073
f 1114/1144/1073 1115/1145/1074 724/720/672 723/716/668
f 1114/1144/1073 739/1140/1069 740/1141/1070 1115/1145/1074
f 1115/1145/1074 1116/1146/1075 725/1108/1037 724/720/672
f 1122/1147/1076 607/601/581 213/600/580 758/1148/1077
f 1122/1147/1076 759/1142/1071 214/588/568 607/601/581
f 732/1149/1078 701/1077/1006 702/715/667 731/724/676
f 733/1150/1079 700/1078/1007 701/1077/1006 732/1149/1078
f 770/1151/1080 769/1080/1009 700/1078/1007 733/1150/1079
f 770/1151/1080 761/1152/1081 763/730/682 769/1080/1009
f 761/1152/1081 775/1153/1082 774/731/683 763/730/682
f 775/1153/1082 218/608/588 217/132/120 774/731/683
f 748/1154/1083 733/1150/1079 732/1149/1078 747/1155/1084
f 1123/1156/1085 1124/1157/1086 748/1154/1083 747/1155/1084
f 780/1158/1087 782/1159/1088 784/732/684 781/735/687
f 771/1160/1089 770/1151/1080 733/1150/1079 748/1154/1083
f 1124/1157/1086 1125/1161/1090 771/1160/1089 748/1154/1083
f 780/1158/1087 1125/1161/1090 1124/1157/1086 782/1159/1088
f 762/1162/1091 761/1152/1081 770/1151/1080 771/1160/1089
f 779/1163/1092 780/1158/1087 781/735/687 778/745/697
f 1126/1164/1093 1125/1161/1090 780/1158/1087 779/1163/1092
f 1126/1164/1093 762/1162/1091 771/1160/1089 1125/1161/1090
f 776/1165/1094 775/1153/1082 761/1152/1081 762/1162/1091
f 777/1166/1095 779/1163/1092 778/745/697 653/742/694
f 1127/1167/1096 1126/1164/1093 779/1163/1092 777/1166/1095
f 1127/1167/1096 776/1165/1094 762/1162/1091 1126/1164/1093
f 219/624/604 218/608/588 775/1153/1082 776/1165/1094
f 613/625/605 219/624/604 776/1165/1094 1127/1167/1096
f 220/626/606 777/1166/1095 653/742/694 87/148/136
f 220/626/606 613/625/605 1127/1167/1096 777/1166/1095
f 1112/1168/1097 737/1137/1066 738/1139/1068 1113/1143/1072
f 721/1169/1098 722/719/671 667/718/670 664/1092/1021
f 721/1169/1098 1112/1168/1097 1113/1143/1072 722/719/671
f 721/1169/1098 1128/1170/1099 1112/1168/1097
f 1111/1171/1100 736/1138/1067 737/1137/1066 1112/1168/1097
f 720/1172/1101 721/1169/1098 664/1092/1021 663/1091/1020
f 1129/1173/1102 1128/1170/1099 721/1169/1098 720/1172/1101
f 1129/1173/1102 1111/1171/1100 1112/1168/1097 1128/1170/1099
f 1110/1174/1103 735/1175/1104 736/1138/1067 1111/1171/1100
f 1130/1176/1105 1110/1174/1103 1111/1171/1100 1129/1173/1102
f 1109/1177/1106 734/1178/1107 735/1175/1104 1110/1174/1103
f 734/1178/1107 1109/1177/1106 1122/1147/1076 758/1148/1077
f 1131/1179/1108 1109/1177/1106 1110/1174/1103 1130/1176/1105
f 719/1180/1109 1130/1176/1105 1129/1173/1102 720/1172/1101
f 718/1181/1110 759/1142/1071 1122/1147/1076 1109/1177/1106
f 759/1142/1071 718/1181/1110 661/1133/1062 760/727/679
f 1132/1182/1111 660/1183/1112 661/1133/1062 718/1181/1110
f 660/1183/1112 707/1134/1063 1094/1135/1064 661/1133/1062
f 707/1134/1063 660/1183/1112 663/1091/1020 708/1090/1019
f 660/1183/1112 719/1180/1109 720/1172/1101 663/1091/1020
f 660/1183/1112 1132/1182/1111 719/1180/1109
f 1131/1179/1108 1132/1182/1111 718/1181/1110 1109/1177/1106
f 719/1180/1109 1132/1182/1111 1131/1179/1108 1130/1176/1105
f 685/1184/652 1134/1185/1113 1133/1186/1114 687/1187/649
f 687/1187/649 1133/1186/1114 1135/1188/1115 689/1189/653
f 689/1189/653 1135/1188/1115 1136/1190/1116 691/1191/662
f 677/1192/1023 1138/1193/1117 1137/1194/1118 676/1195/1024
f 678/1196/1027 1139/1197/1119 1138/1193/1117 677/1192/1023
f 679/1198/1031 1140/1199/1120 1139/1197/1119 678/1196/1027
f 680/1200/1035 1141/1201/1121 1140/1199/1120 679/1198/1031
f 691/1191/662 1136/1190/1116 1142/1202/1122 716/1203/1046
f 715/1204/1049 1143/1205/1123 1141/1201/1121 680/1200/1035
f 1103/1206/1050 1144/1207/1124 1143/1205/1123 715/1204/1049
f 716/1203/1046 1142/1202/1122 1144/1207/1124 1103/1206/1050
f 676/1195/1024 1137/1194/1118 1145/1208/1125 675/1209/1051
f 681/1210/1054 1146/1211/1126 1134/1185/1113 685/1184/652
f 675/1209/1051 1145/1208/1125 1147/1212/1127 765/1213/1059
f 765/1213/1059 1147/1212/1127 1148/1214/1128 1106/1215/1060
f 1107/1216/1061 1149/1217/1129 1146/1211/1126 681/1210/1054
f 1106/1215/1060 1148/1214/1128 1149/1217/1129 1107/1216/1061
f 331/235/217 636/678/215 1150/1218/757 874/815/761
f 874/815/761 1150/1218/757 1151/1219/749 875/809/755
f 875/809/755 1151/1219/749 1152/819/752 876/810/756
f 867/795/741 868/797/743 1154/1220/1130 888/796/742
f 868/797/743 869/798/744 892/818/764 1154/1220/1130
f 893/802/748 894/801/747 876/810/756 1155/816/762
f 869/798/744 870/799/745 893/802/748 892/818/764
f 886/1221/738 1157/1222/1131 644/683/641 346/682/189
f 887/1223/740 1158/1224/1132 1157/1222/1131 886/1221/738
f 888/1225/742 1159/1226/1133 1158/1224/1132 887/1223/740
f 1154/1227/1130 1160/1228/1134 1159/1226/1133 888/1225/742
f 892/1229/764 1161/1230/1135 1160/1228/1134 1154/1227/1130
f 892/1229/764 1162/1231/1136 1163/1232/1137 1161/1230/1135
f 892/1233/764 1153/820/763 1156/821/765 1162/1234/1136
f 352/221/203 353/220/202 1164/1235/1138 1165/1236/1139
f 351/227/209 352/221/203 1165/1236/1139 1166/1237/1140
f 350/234/216 351/227/209 1166/1237/1140 1167/1238/1141
f 353/220/202 643/241/221 1168/1239/1142 1164/1235/1138
f 645/684/642 644/683/641 1169/1240/1143 1170/1241/1144
f 646/686/643 645/684/642 1170/1241/1144 1171/1242/1145
f 647/688/644 646/686/643 1171/1242/1145 1172/1243/1146
f 648/690/645 647/688/644 1172/1243/1146 1173/1244/1147
f 649/692/646 648/690/645 1173/1244/1147 1174/1245/1148
f 651/693/647 649/692/646 1174/1245/1148 1175/1246/1149
f 650/694/648 651/693/647 1175/1246/1149 1176/1247/1150
f 643/241/221 650/696/648 1176/1248/1150 1168/1239/1142
f 891/805/751 890/804/750 1178/1249/1151 1177/1250/1152
f 890/804/750 889/812/758 1179/1251/1153 1178/1249/1151
f 889/812/758 350/234/216 1167/1238/1141 1179/1251/1153
f 1156/821/765 891/805/751 1177/1250/1152 1180/1252/1154
f 644/683/641 1157/1222/1131 1181/1253/1155 1169/1240/1143
f 1157/1222/1131 1158/1224/1132 1182/1254/1156 1181/1253/1155
f 1158/1224/1132 1159/1226/1133 1183/1255/1157 1182/1254/1156
f 1159/1226/1133 1160/1228/1134 1184/1256/1158 1183/1255/1157
f 1160/1228/1134 1161/1230/1135 1185/1257/1159 1184/1256/1158
f 1161/1230/1135 1163/1232/1137 1186/1258/1160 1185/1257/1159
f 1163/1232/1137 1162/1231/1136 1187/1259/1161 1186/1258/1160
f 1162/1234/1136 1156/821/765 1180/1252/1154 1187/1260/1161
f 1165/1236/1139 1164/1235/1138 1188/1261/1162 1189/1262/1163
f 1166/1237/1140 1165/1236/1139 1189/1262/1163 1190/1263/1164
f 1167/1238/1141 1166/1237/1140 1190/1263/1164 1191/1264/1165
f 1164/1235/1138 1168/1239/1142 1192/1265/1166 1188/1261/1162
f 1170/1241/1144 1169/1240/1143 1193/1266/1167 1194/1267/1168
f 1171/1242/1145 1170/1241/1144 1194/1267/1168 1195/1268/1169
f 1172/1243/1146 1171/1242/1145 1195/1268/1169 1196/1269/1170
f 1173/1244/1147 1172/1243/1146 1196/1269/1170 1197/1270/1171
f 1174/1245/1148 1173/1244/1147 1197/1270/1171 1198/1271/1172
f 1175/1246/1149 1174/1245/1148 1198/1271/1172 1199/1272/1173
f 1176/1247/1150 1175/1246/1149 1199/1272/1173 1200/1273/1174
f 1168/1239/1142 1176/1248/1150 1200/1274/1174 1192/1265/1166
f 1177/1250/1152 1178/1249/1151 1202/1275/1175 1201/1276/1176
f 1178/1249/1151 1179/1251/1153 1203/1277/1177 1202/1275/1175
f 1179/1251/1153 1167/1238/1141 1191/1264/1165 1203/1277/1177
f 1180/1252/1154 1177/1250/1152 1201/1276/1176 1204/1278/1178
f 1169/1240/1143 1181/1253/1155 1205/1279/1179 1193/1266/1167
f 1181/1253/1155 1182/1254/1156 1206/1280/1180 1205/1279/1179
f 1182/1254/1156 1183/1255/1157 1207/1281/1181 1206/1280/1180
f 1183/1255/1157 1184/1256/1158 1208/1282/1182 1207/1281/1181
f 1184/1256/1158 1185/1257/1159 1209/1283/1183 1208/1282/1182
f 1185/1257/1159 1186/1258/1160 1210/1284/1184 1209/1283/1183
f 1186/1258/1160 1187/1259/1161 1211/1285/1185 1210/1284/1184
f 1187/1260/1161 1180/1252/1154 1204/1278/1178 1211/1286/1185
f 1189/1262/1163 1188/1261/1162 1212/1287/1186 1213/1288/1187
f 1190/1263/1164 1189/1262/1163 1213/1288/1187 1214/1289/1188
f 1191/1264/1165 1190/1263/1164 1214/1289/1188 1215/1290/1189
f 1188/1261/1162 1192/1265/1166 1216/1291/1190 1212/1287/1186
f 1194/1267/1168 1193/1266/1167 1217/1292/1191 1218/1293/1192
f 1195/1268/1169 1194/1267/1168 1218/1293/1192 1219/1294/1193
f 1196/1269/1170 1195/1268/1169 1219/1294/1193 1220/1295/1194
f 1197/1270/1171 1196/1269/1170 1220/1295/1194 1221/1296/1195
f 1198/1271/1172 1197/1270/1171 1221/1296/1195 1222/1297/1196
f 1199/1272/1173 1198/1271/1172 1222/1297/1196 1223/1298/1197
f 1192/1265/1166 1200/1274/1174 1224/1299/1198 1216/1291/1190
f 1210/1284/1184 1211/1285/1185 1235/1300/1199 1234/1301/1200
f 1199/1272/1173 1223/1298/1197 1224/1299/1198 1200/1273/1174
f 1202/1275/1175 1226/1302/1201 1225/1303/1202 1201/1276/1176
f 1203/1277/1177 1227/1304/1203 1226/1302/1201 1202/1275/1175
f 1191/1264/1165 1215/1290/1189 1227/1304/1203 1203/1277/1177
f 1201/1276/1176 1225/1303/1202 1228/1305/1204 1204/1278/1178
f 1205/1279/1179 1229/1306/1205 1217/1292/1191 1193/1266/1167
f 1206/1280/1180 1230/1307/1206 1229/1306/1205 1205/1279/1179
f 1207/1281/1181 1231/1308/1207 1230/1307/1206 1206/1280/1180
f 1208/1282/1182 1232/1309/1208 1231/1308/1207 1207/1281/1181
f 1209/1283/1183 1233/1310/1209 1232/1309/1208 1208/1282/1182
f 1210/1284/1184 1234/1301/1200 1233/1310/1209 1209/1283/1183
f 1204/1278/1178 1228/1305/1204 1235/1300/1199 1211/1286/1185
f 1240/1311/1210 1241/1312/1211 1227/1304/1203 1215/1290/1189
f 1239/1313/1212 1240/1311/1210 1215/1290/1189 1214/1289/1188
f 1238/1314/1213 1239/1313/1212 1214/1289/1188 1213/1288/1187
f 1213/1288/1187 1212/1287/1186 1237/1315/1214 1238/1314/1213
f 1236/1316/1215 1237/1315/1214 1212/1287/1186 1216/1291/1190
f 1241/1312/1211 1242/1317/1216 1226/1302/1201 1227/1304/1203
f 1242/1317/1216 1243/1318/1217 1225/1303/1202 1226/1302/1201
f 1243/1318/1217 1244/1319/1218 1228/1305/1204 1225/1303/1202
f 1236/1316/1215 1216/1291/1190 1224/1299/1198 1222/1297/1196
f 1233/1310/1209 1235/1300/1199 1228/1305/1204 1244/1319/1218
f 1223/1298/1197 1222/1297/1196 1224/1299/1198
f 1235/1300/1199 1233/1310/1209 1234/1301/1200
f 1236/1316/1215 1222/1297/1196 1221/1296/1195
f 1221/1296/1195 1220/1295/1194 1237/1315/1214 1236/1316/1215
f 1238/1314/1213 1237/1315/1214 1220/1295/1194 1219/1294/1193
f 1219/1294/1193 1218/1293/1192 1239/1313/1212 1238/1314/1213
f 1218/1293/1192 1217/1292/1191 1240/1311/1210 1239/1313/1212
f 1217/1292/1191 1229/1306/1205 1241/1312/1211 1240/1311/1210
f 1229/1306/1205 1230/1307/1206 1242/1317/1216 1241/1312/1211
f 1230/1307/1206 1231/1308/1207 1243/1318/1217 1242/1317/1216
f 1231/1308/1207 1232/1309/1208 1244/1319/1218 1243/1318/1217
f 1233/1310/1209 1244/1319/1218 1232/1309/1208
f 517/453/433 1245/412/392 510/411/391
f 897/1049/979 1246/1320/1219 510/1321/391 360/1051/390
f 1037/987/924 1246/1320/1219 897/1049/979 898/981/918
f 1043/1025/958 517/1028/433 1246/1320/1219 1037/987/924
f 517/1028/433 510/1321/391 1246/1320/1219
f 728/723/675 705/712/664 706/711/663 727/1322/1220
f 727/1322/1220 706/711/663 713/1111/1040 726/1113/1042
f 740/1141/1070 754/921/865 755/924/868 741/1323/1221
f 1116/1146/1075 1115/1145/1074 740/1141/1070 741/1323/1221
f 786/739/691 787/738/690 784/732/684 783/1324/1222
f 790/1325/1223 658/756/702 786/739/691 783/1324/1222
f 805/1326/1224 804/757/703 658/756/702 790/1325/1223
f 798/1068/997 657/1071/1000 804/757/703 805/1326/1224
f 808/1327/1225 810/1058/987 802/1062/991 807/1328/1226
f 806/1329/1227 800/1065/994 798/1068/997 805/1326/1224
f 807/1328/1226 802/1062/991 800/1065/994 806/1329/1227
f 1250/1330/1228 806/1329/1227 805/1326/1224
f 1250/1330/1228 805/1326/1224 790/1325/1223 1249/1331/1229
f 1119/1332/1230 729/722/674 728/723/675 1118/1333/1231
f 1266/1334/1232 1265/1335/1233 1119/1332/1230 1118/1333/1231
f 1269/1336/1234 1264/1337/1235 1265/1335/1233 744/1338/1236
f 730/725/677 703/714/666 704/713/665 729/722/674
f 747/1155/1084 732/1149/1078 731/724/676 1121/1339/1237
f 1120/1340/1238 1119/1332/1230 1265/1335/1233 1264/1337/1235
f 730/725/677 729/722/674 1119/1332/1230 1120/1340/1238
f 1278/1341/1239 730/725/677 1120/1340/1238 1252/1342/1240
f 746/1343/1241 783/1324/1222 784/732/684 782/1159/1088
f 1123/1156/1085 747/1155/1084 1121/1339/1237 746/1343/1241
f 782/1159/1088 1124/1157/1086 1123/1156/1085 746/1343/1241
f 1121/1339/1237 731/724/676 730/725/677 1278/1341/1239
f 1279/1344/1242 746/1343/1241 1121/1339/1237 1278/1341/1239
f 1251/1345/1243 1249/1331/1229 790/1325/1223 783/1324/1222
f 1263/1346/1244 1252/1342/1240 1120/1340/1238 1264/1337/1235
f 1280/1347/1245 1262/1348/1246 1249/1331/1229 1251/1345/1243
f 1251/1345/1243 1252/1342/1240 1263/1346/1244 1280/1347/1245
f 1279/1344/1242 1278/1341/1239 1252/1342/1240 1251/1345/1243
f 1251/1345/1243 783/1324/1222 746/1343/1241 1279/1344/1242
f 745/1349/1247 1262/1348/1246 1280/1347/1245 1263/1346/1244
f 1261/1350/1248 1250/1330/1228 1249/1331/1229 1262/1348/1246
f 1263/1346/1244 1264/1337/1235 1269/1336/1234 745/1349/1247
f 1266/1334/1232 1267/1351/1249 1282/1352/1250 743/1353/1251
f 743/1353/1251 744/1338/1236 1265/1335/1233 1266/1334/1232
f 1276/1354/1252 744/1338/1236 743/1353/1251 1275/1355/1253
f 1275/1355/1253 743/1353/1251 1282/1352/1250 1283/1356/1254
f 1282/1352/1250 742/1357/1255 1274/1358/1256 1283/1356/1254
f 1284/1359/1257 1283/1356/1254 1274/1358/1256 1272/1360/1258
f 1285/1361/1259 1284/1359/1257 1272/1360/1258 1257/1362/1260
f 1275/1355/1253 1283/1356/1254 1284/1359/1257 1271/1363/1261
f 1285/1361/1259 1257/1362/1260 1258/1364/1262 1286/1365/1263
f 1271/1363/1261 1284/1359/1257 1285/1361/1259 1286/1365/1263
f 1258/1364/1262 808/1327/1225 807/1328/1226 1259/1366/1264
f 1276/1354/1252 1275/1355/1253 1271/1363/1261 1270/1367/1265
f 1277/1368/1266 1269/1336/1234 744/1338/1236 1276/1354/1252
f 1281/1369/1267 745/1349/1247 1269/1336/1234 1277/1368/1266
f 1281/1369/1267 1261/1350/1248 1262/1348/1246 745/1349/1247
f 1260/1370/1268 806/1329/1227 1250/1330/1228 1261/1350/1248
f 1277/1368/1266 1276/1354/1252 1270/1367/1265 1288/1371/1269
f 1289/1372/1270 1281/1369/1267 1277/1368/1266 1288/1371/1269
f 1270/1367/1265 1271/1363/1261 1286/1365/1263 1287/1373/1271
f 1286/1365/1263 1258/1364/1262 1259/1366/1264 1287/1373/1271
f 1259/1366/1264 807/1328/1226 806/1329/1227 1260/1370/1268
f 1260/1370/1268 1261/1350/1248 1281/1369/1267 1289/1372/1270
f 1290/1374/1272 1287/1373/1271 1259/1366/1264 1260/1370/1268
f 1260/1370/1268 1289/1372/1270 1288/1371/1269 1290/1374/1272
f 1290/1374/1272 1288/1371/1269 1270/1367/1265 1287/1373/1271
f 1256/1375/1273 1257/1362/1260 1272/1360/1258 1274/1358/1256
f 1274/1358/1256 742/1357/1255 1273/1376/1274 1256/1375/1273
f 809/1377/1275 811/1059/988 810/1058/987 808/1327/1225
f 809/1377/1275 808/1327/1225 1258/1364/1262 1257/1362/1260
f 809/1377/1275 1257/1362/1260 1256/1375/1273 1254/1378/1276
f 1253/1379/1277 1254/1378/1276 1256/1375/1273 1273/1376/1274
f 755/924/868 830/923/867 814/920/864 756/1380/1278
f 1293/1381/1279 1253/1379/1277 1247/1382/1280 756/1380/1278
f 1293/1381/1279 1292/1383/1281 1254/1378/1276 1253/1379/1277
f 756/1380/1278 814/920/864 813/919/863 812/1384/1282
f 812/1384/1282 813/919/863 819/845/789 1082/1053/982
f 1291/1385/1283 756/1380/1278 812/1384/1282
f 812/1384/1282 1082/1053/982 1083/1055/984 811/1059/988
f 812/1384/1282 811/1059/988 809/1377/1275 1291/1385/1283
f 1291/1385/1283 809/1377/1275 1254/1378/1276 1292/1383/1281
f 1292/1383/1281 1293/1381/1279 756/1380/1278 1291/1385/1283
f 741/1323/1221 755/924/868 756/1380/1278 1247/1382/1280
f 1247/1382/1280 1253/1379/1277 1273/1376/1274 1255/1386/1284
f 1268/1387/1285 1255/1386/1284 1273/1376/1274 742/1357/1255
f 726/1113/1042 725/1108/1037 1116/1146/1075 1117/1388/1286
f 1117/1388/1286 1116/1146/1075 741/1323/1221 1247/1382/1280
f 742/1357/1255 1282/1352/1250 1267/1351/1249 1268/1387/1285
f 727/1322/1220 726/1113/1042 1117/1388/1286 1248/1389/1287
f 1248/1389/1287 1117/1388/1286 1294/1390/1288
f 1118/1333/1231 728/723/675 727/1322/1220 1248/1389/1287
f 1267/1351/1249 1266/1334/1232 1118/1333/1231 1248/1389/1287
f 1294/1390/1288 1268/1387/1285 1267/1351/1249 1248/1389/1287
f 1294/1390/1288 1117/1388/1286 1247/1382/1280
f 1294/1390/1288 1247/1382/1280 1255/1386/1284 1268/1387/1285
f 192/1391/1289 193/599/579 168/637/617 169/634/614
f 185/355/335 283/356/336 184/1392/1290
f 169/634/614 170/576/556 185/355/335 184/1392/1290
f 1295/1393/1291 192/1391/1289 169/634/614 184/1392/1290
f 212/1394/1292 213/600/580 193/599/579 192/1391/1289
f 277/1395/1293 1296/1396/1294 1295/1393/1291 184/1392/1290
f 184/1392/1290 283/356/336 284/357/337 277/1395/1293
f 212/1394/1292 192/1391/1289 1295/1393/1291 1296/1396/1294
f 749/1397/1295 750/934/878 736/1138/1067 735/1175/1104
f 835/935/879 750/934/878 749/1397/1295
f 277/1395/1293 284/357/337 835/935/879 749/1397/1295
f 758/1148/1077 213/600/580 212/1394/1292 757/1398/1296
f 757/1398/1296 212/1394/1292 1296/1396/1294 1297/1399/1297
f 735/1175/1104 734/1178/1107 758/1148/1077 757/1398/1296
f 1297/1399/1297 749/1397/1295 735/1175/1104 757/1398/1296
f 1297/1399/1297 1296/1396/1294 277/1395/1293 749/1397/1295
o mixamorig:Pants_Geo
v 0.003134 0.791433 0.287658
v 0.003501 0.746037 0.269278
v 0.049641 0.752721 0.248655
v 0.062144 0.795064 0.286012
v -0.004817 0.688408 0.219843
v 0.031499 0.736650 0.217389
v -0.018553 0.639817 0.167069
v 0.013330 0.733070 0.201495
v -0.019370 0.617425 0.117655
v -0.004896 0.728966 0.187956
v 0.125386 0.809572 0.260930
v 0.086217 0.768615 0.232042
v 0.073924 0.760818 0.213157
v 0.036482 0.743686 0.231760
v 0.001420 0.716256 0.231826
v 0.191675 0.836212 0.198379
v 0.176313 0.802066 0.187274
v 0.214574 0.816574 0.145913
v 0.227698 0.858706 0.148896
v 0.242205 0.832191 0.106175
v 0.250104 0.875334 0.098047
v 0.204590 0.807805 0.150022
v 0.239615 0.816057 0.097536
v 0.243583 0.836414 0.096364
v 0.236002 0.816020 0.093585
v 0.238906 0.792154 0.118647
v 0.235397 0.791007 0.113676
v 0.235320 0.739509 0.165801
v 0.210645 0.789286 0.173536
v 0.218676 0.747885 0.205733
v 0.169617 0.796958 0.188909
v 0.170793 0.781584 0.217960
v 0.174353 0.748724 0.259642
v 0.154218 0.820629 0.239652
v 0.130632 0.785791 0.213395
v 0.115044 0.779721 0.207594
v 0.113491 0.769346 0.235299
v 0.111994 0.743641 0.273521
v 0.118220 0.667099 0.348515
v 0.178980 0.673314 0.314846
v 0.048448 0.714479 0.279496
v 0.006954 0.673694 0.259964
v 0.004065 0.711442 0.173534
v -0.016411 0.599788 0.073396
v 0.048204 0.657101 0.335662
v 0.009131 0.636002 0.279330
v 0.014866 0.670876 0.137247
v 0.219719 0.666606 0.264520
v 0.239087 0.655930 0.226853
v 0.253785 0.890275 0.030006
v 0.251231 0.851510 0.029371
v 0.246157 0.822198 0.034542
v 0.241740 0.783439 0.066221
v 0.244281 0.716632 0.092202
v 0.230267 0.633417 0.180137
v 0.231623 0.910642 -0.030508
v 0.237140 0.864731 -0.041373
v 0.183760 0.923944 -0.096206
v 0.195717 0.877129 -0.110419
v 0.237146 0.816993 -0.025331
v 0.207500 0.810462 -0.096353
v 0.143676 0.926292 -0.134747
v 0.156975 0.873724 -0.158217
v 0.164870 0.804627 -0.150332
v 0.029140 0.922325 -0.158129
v 0.041378 0.884274 -0.204088
v 0.052495 0.814968 -0.214451
v -0.015592 0.917736 -0.153929
v -0.016346 0.883956 -0.202111
v -0.003892 0.825370 -0.218838
v 0.240767 0.771129 -0.015029
v 0.217694 0.759716 -0.072905
v 0.167027 0.756962 -0.136617
v 0.083342 0.924385 -0.153411
v 0.103631 0.875986 -0.192809
v 0.116116 0.810928 -0.192200
v 0.113920 0.752980 -0.175233
v 0.241436 0.741219 0.013509
v 0.214386 0.696739 -0.038141
v 0.183311 0.684734 -0.081452
v 0.123338 0.711068 -0.151656
v 0.227935 0.649447 0.023972
v 0.184145 0.630123 -0.036347
v 0.065612 0.692344 -0.163737
v 0.229034 0.584943 0.085200
v 0.180764 0.564009 0.020859
v 0.050684 0.655819 -0.124301
v 0.065700 0.757071 -0.197884
v 0.004763 0.775945 -0.212802
v 0.009367 0.722607 -0.190714
v 0.018950 0.677268 -0.149578
v 0.222392 0.750036 -0.069105
v 0.170506 0.744331 -0.133586
v 0.222214 0.700438 -0.044945
v 0.188361 0.690525 -0.092809
v 0.122772 0.744337 -0.169394
v 0.135228 0.716736 -0.155846
v 0.243623 0.761030 -0.019451
v 0.246374 0.741300 -0.003886
v -0.071140 0.886494 -0.195976
v -0.064938 0.918188 -0.149620
v -0.065055 0.849038 -0.218469
v -0.065422 0.803516 -0.219579
v -0.095290 0.807170 -0.206406
v -0.111132 0.846035 -0.197609
v -0.118808 0.882107 -0.178247
v -0.112881 0.912640 -0.139523
v -0.043186 0.756325 -0.223919
v -0.097704 0.774956 -0.209203
v -0.029383 0.714118 -0.213520
v -0.122857 0.698030 -0.213120
v -0.141708 0.754643 -0.190804
v -0.139174 0.804941 -0.179266
v -0.145219 0.836091 -0.166654
v -0.157262 0.875734 -0.146792
v -0.167393 0.902416 -0.114744
v -0.187719 0.827111 -0.123045
v -0.185254 0.795556 -0.142424
v -0.194421 0.863088 -0.096086
v -0.197726 0.889564 -0.073455
v -0.228022 0.807799 -0.062177
v -0.228192 0.774145 -0.084950
v -0.226548 0.845256 -0.035520
v -0.225944 0.880690 -0.021481
v -0.181655 0.742597 -0.163511
v -0.198813 0.689882 -0.161441
v -0.229120 0.740591 -0.095595
v -0.245631 0.671142 -0.076686
v -0.249368 0.788241 0.007503
v -0.252882 0.739531 -0.018471
v -0.243253 0.828676 0.037074
v -0.245765 0.863775 0.054256
v -0.141357 0.801258 -0.183331
v -0.186985 0.790488 -0.148867
v -0.149666 0.759446 -0.193175
v -0.188476 0.747431 -0.164941
v -0.100563 0.802204 -0.206977
v -0.107738 0.779850 -0.211033
v -0.227425 0.773034 -0.101144
v -0.230124 0.750761 -0.108214
v -0.229182 0.845064 0.132194
v -0.221226 0.816022 0.130949
v -0.244856 0.769540 0.089928
v -0.257416 0.717481 0.052958
v -0.266217 0.626885 0.010214
v -0.261783 0.716892 0.060096
v -0.248549 0.768866 0.098924
v -0.219485 0.813254 0.140855
v -0.180680 0.824145 0.197100
v -0.179663 0.784483 0.184621
v -0.204773 0.732261 0.156632
v -0.229838 0.673611 0.121090
v -0.249469 0.599666 0.083773
v -0.127047 0.809430 0.248126
v -0.111776 0.760155 0.224154
v -0.132720 0.696130 0.194503
v -0.159163 0.631758 0.172142
v -0.179981 0.560634 0.134958
v -0.061599 0.796285 0.280369
v -0.041843 0.747277 0.249163
v -0.052877 0.680139 0.210885
v -0.052159 0.607564 0.170340
v -0.022380 0.576361 0.120866
v -0.026052 0.519211 0.092479
v -0.096379 0.537532 0.134707
v -0.101024 0.445655 0.081050
v -0.044023 0.455091 0.056497
v -0.014451 0.528084 0.024666
v -0.010813 0.574096 -0.012752
v -0.187213 0.474078 0.082383
v -0.244650 0.511576 0.034239
v -0.258867 0.551678 -0.032840
v -0.232320 0.584149 -0.121377
v -0.187720 0.602449 -0.179247
v -0.115953 0.610023 -0.221195
v -0.027249 0.667961 -0.194214
v 0.018686 0.656391 -0.106293
v 0.046339 0.621345 -0.067733
v 0.147668 0.514945 0.073505
v 0.217858 0.520979 0.137187
v 0.251986 0.541804 0.220108
v 0.013581 0.655514 -0.056389
v 0.033824 0.633452 -0.029649
v -0.006956 0.648208 -0.138280
v 0.003975 0.659781 -0.011936
v -0.008301 0.615501 -0.102043
v 0.025101 0.635024 0.031077
v -0.008855 0.596018 -0.050357
v 0.020003 0.652019 0.086414
v -0.009352 0.693416 0.078257
v -0.003330 0.670941 0.043330
v -0.126380 0.309268 -0.008766
v -0.072453 0.328314 -0.030435
v -0.197071 0.324070 -0.018946
v -0.233959 0.363078 -0.055067
v -0.250421 0.412114 -0.107397
v -0.224927 0.448423 -0.166019
v -0.175347 0.485428 -0.196597
v -0.115930 0.510010 -0.212188
v -0.046323 0.521179 -0.202012
v -0.031445 0.362073 -0.048662
v -0.014694 0.425293 -0.059668
v -0.015525 0.469969 -0.083363
v -0.011082 0.500763 -0.120520
v -0.018494 0.515973 -0.159486
v -0.009249 0.686986 0.119260
v -0.015493 0.690096 0.155643
v -0.003960 0.699151 0.193391
v 0.012541 0.714964 0.226987
v 0.032590 0.742608 0.270913
v 0.032682 0.791588 0.287420
v 0.089724 0.524598 0.081983
v 0.050206 0.541876 0.111926
v 0.246025 0.563110 0.285429
v 0.218278 0.573035 0.331099
v 0.176520 0.584786 0.377472
v 0.121603 0.592052 0.402474
v 0.058804 0.580832 0.379651
v 0.017736 0.572484 0.325834
v 0.029067 0.559270 0.150123
v 0.016529 0.576962 0.195490
v 0.005728 0.580049 0.238671
v 0.141427 0.431316 0.155942
v 0.194131 0.437661 0.191691
v 0.238773 0.452151 0.252175
v 0.243427 0.459802 0.315284
v 0.217365 0.471222 0.364232
v 0.173346 0.483246 0.401303
v 0.123763 0.495479 0.429829
v 0.067490 0.491516 0.404601
v 0.023226 0.494106 0.360541
v 0.002587 0.487014 0.311337
v 0.007217 0.465831 0.266112
v 0.023285 0.443745 0.217770
v 0.049953 0.435843 0.175862
v 0.091003 0.429176 0.148847
v 0.147017 0.330664 0.180027
v 0.195208 0.337237 0.215459
v 0.237345 0.344213 0.263912
v 0.234470 0.332802 0.335866
v 0.205562 0.337424 0.394840
v 0.163390 0.342253 0.431555
v 0.112818 0.347833 0.468604
v 0.063873 0.354981 0.434328
v 0.029515 0.355104 0.395655
v 0.019080 0.357359 0.347878
v 0.023130 0.349898 0.298802
v 0.043355 0.335853 0.243145
v 0.070422 0.326780 0.212509
v 0.106423 0.326001 0.184274
v 0.108692 0.213100 0.469579
v 0.161314 0.198968 0.456993
v 0.181778 0.156000 0.431948
v 0.187126 0.128809 0.395578
v 0.186717 0.069822 0.355110
v 0.164698 0.045760 0.312828
v 0.116507 0.046777 0.296359
v 0.079899 0.059682 0.301440
v 0.059086 0.078832 0.321791
v 0.051401 0.113987 0.362412
v 0.059414 0.138579 0.390731
v 0.057790 0.160320 0.414872
v 0.063221 0.178844 0.436094
v 0.076683 0.201927 0.461697
v 0.108852 0.294177 0.460659
v 0.156971 0.286277 0.436366
v 0.190785 0.274567 0.403092
v 0.219740 0.261028 0.355152
v 0.223610 0.249951 0.292116
v 0.190833 0.236711 0.243969
v 0.140538 0.237307 0.222417
v 0.104549 0.236347 0.223426
v 0.068075 0.241556 0.239267
v 0.048694 0.257184 0.277913
v 0.034865 0.271748 0.327480
v 0.026110 0.283424 0.370639
v 0.041674 0.290794 0.407716
v 0.069264 0.296243 0.438628
v 0.112185 0.249305 0.459194
v 0.154034 0.235031 0.439367
v 0.187951 0.217290 0.411826
v 0.202556 0.185643 0.371744
v 0.203904 0.154079 0.319457
v 0.173604 0.134872 0.279087
v 0.128310 0.134388 0.256145
v 0.090840 0.139991 0.256870
v 0.057753 0.151444 0.274099
v 0.042441 0.177446 0.317479
v 0.040775 0.200321 0.356001
v 0.045138 0.220566 0.387114
v 0.061774 0.233932 0.412460
v 0.081936 0.245408 0.437421
v 0.111243 0.229637 0.464704
v 0.157518 0.209449 0.449083
v 0.186249 0.177457 0.423072
v 0.197808 0.142708 0.387537
v 0.201533 0.103718 0.337426
v 0.173653 0.079469 0.295411
v 0.119911 0.079057 0.276919
v 0.080268 0.086167 0.278435
v 0.052425 0.104765 0.301421
v 0.039546 0.133537 0.344908
v 0.044707 0.165911 0.377994
v 0.052493 0.188022 0.400555
v 0.059888 0.205028 0.424188
v 0.078076 0.222925 0.449009
v 0.109679 0.221119 0.469140
v 0.159639 0.201988 0.455446
v 0.181070 0.163473 0.426873
v 0.184435 0.129313 0.396970
v 0.181871 0.088400 0.346286
v 0.175258 0.059843 0.301172
v 0.117851 0.061634 0.290230
v 0.080876 0.072197 0.292459
v 0.056702 0.088736 0.315687
v 0.050976 0.115054 0.354552
v 0.056008 0.146283 0.386752
v 0.060111 0.167222 0.408867
v 0.063260 0.185493 0.430413
v 0.076292 0.209816 0.457132
v -0.097567 0.479570 -0.245819
v -0.154770 0.466174 -0.246746
v -0.206645 0.418530 -0.218738
v -0.236151 0.366672 -0.178775
v -0.227590 0.306674 -0.141257
v -0.200646 0.261630 -0.108000
v -0.145511 0.244266 -0.099338
v -0.091131 0.269410 -0.115275
v -0.044222 0.303489 -0.125430
v -0.045963 0.468267 -0.233342
v -0.018674 0.441955 -0.213961
v -0.007963 0.401073 -0.190844
v -0.007107 0.372482 -0.162522
v -0.016748 0.338837 -0.142991
v -0.118291 0.127287 -0.442241
v -0.075834 0.138468 -0.444664
v -0.052912 0.168882 -0.456402
v -0.032647 0.209222 -0.473675
v -0.016084 0.243498 -0.489816
v -0.007530 0.270828 -0.500326
v -0.009755 0.297245 -0.511346
v -0.025764 0.322347 -0.526569
v -0.056648 0.336008 -0.542050
v -0.094752 0.333549 -0.554408
v -0.129480 0.302763 -0.552591
v -0.157107 0.244092 -0.512001
v -0.166463 0.190806 -0.489962
v -0.157958 0.149864 -0.456588
v -0.132028 0.176861 -0.259270
v -0.085655 0.205054 -0.266781
v -0.043080 0.239574 -0.272737
v -0.014919 0.276925 -0.273416
v -0.011545 0.324838 -0.293526
v -0.015140 0.358702 -0.304936
v -0.024400 0.393679 -0.319438
v -0.049166 0.422566 -0.337316
v -0.092537 0.437557 -0.344359
v -0.144630 0.415745 -0.350929
v -0.193258 0.374678 -0.344984
v -0.215720 0.314078 -0.326688
v -0.200438 0.241639 -0.299300
v -0.176866 0.192102 -0.269300
v -0.129643 0.168369 -0.306575
v -0.085823 0.187084 -0.312962
v -0.039944 0.218978 -0.323449
v -0.017874 0.254097 -0.334113
v -0.015800 0.297116 -0.347899
v -0.016501 0.328816 -0.359936
v -0.024110 0.361268 -0.375896
v -0.048865 0.384329 -0.392212
v -0.087060 0.396824 -0.400390
v -0.135911 0.384963 -0.409042
v -0.184908 0.347342 -0.402497
v -0.202020 0.289405 -0.380020
v -0.190967 0.220611 -0.349207
v -0.164260 0.180020 -0.317299
v -0.128904 0.156903 -0.359180
v -0.088630 0.170764 -0.360551
v -0.034525 0.190678 -0.374525
v -0.022499 0.209816 -0.384140
v -0.024023 0.268185 -0.402993
v -0.014968 0.296158 -0.415735
v -0.023959 0.324848 -0.429883
v -0.043383 0.347010 -0.445246
v -0.074348 0.360605 -0.454893
v -0.120594 0.356912 -0.467455
v -0.166148 0.321298 -0.461624
v -0.186552 0.262150 -0.438537
v -0.176735 0.204610 -0.405012
v -0.158335 0.166269 -0.370975
v -0.125187 0.141447 -0.416536
v -0.086903 0.156504 -0.407108
v -0.043508 0.176489 -0.411841
v -0.033250 0.202726 -0.428336
v -0.017633 0.246760 -0.452680
v -0.008368 0.275787 -0.463609
v -0.014999 0.303339 -0.475653
v -0.028803 0.325191 -0.498571
v -0.055839 0.342181 -0.511703
v -0.099385 0.346426 -0.524393
v -0.149029 0.297780 -0.515604
v -0.168423 0.247906 -0.489736
v -0.174016 0.202596 -0.468676
v -0.160103 0.151820 -0.434594
v -0.123282 0.126488 -0.429204
v -0.079438 0.143190 -0.422713
v -0.053226 0.174412 -0.438587
v -0.032634 0.209803 -0.456235
v -0.015640 0.242113 -0.472694
v -0.006907 0.267304 -0.482343
v -0.008219 0.302745 -0.495335
v -0.026612 0.322382 -0.513580
v -0.056709 0.335169 -0.529385
v -0.099432 0.344159 -0.542693
v -0.125863 0.303379 -0.540510
v -0.153660 0.241226 -0.509444
v -0.169938 0.191420 -0.482399
v -0.158812 0.149604 -0.448015
v -0.111650 0.136801 -0.450302
v -0.151790 0.153306 -0.460827
v -0.154788 0.192831 -0.485591
v -0.142069 0.245062 -0.506692
v -0.118298 0.297590 -0.546842
v -0.092522 0.323632 -0.554907
v -0.058920 0.326266 -0.542943
v -0.033170 0.313276 -0.528928
v -0.022890 0.293571 -0.512324
v -0.020480 0.272421 -0.500118
v -0.026776 0.249130 -0.490796
v -0.044717 0.213718 -0.475200
v -0.062601 0.174659 -0.460042
v -0.081026 0.149179 -0.453819
v 0.117634 0.054157 0.310372
v 0.158356 0.048203 0.321883
v 0.172133 0.077980 0.356189
v 0.174378 0.134699 0.394587
v 0.168407 0.158016 0.428419
v 0.153755 0.190675 0.454786
v 0.109277 0.201862 0.464096
v 0.084582 0.190849 0.457985
v 0.075000 0.173168 0.434012
v 0.073831 0.163481 0.410548
v 0.072260 0.144033 0.388048
v 0.071788 0.120333 0.359410
v 0.076147 0.094736 0.325570
v 0.090658 0.063472 0.316097
v -0.182770 0.753043 -0.167810
v 0.195290 0.719164 -0.096347
v 0.205987 0.721218 -0.081654
v 0.212287 0.710726 -0.072145
v 0.202705 0.723251 -0.093209
v 0.207440 0.696589 -0.074850
v 0.208632 0.709082 -0.086488
v 0.197400 0.706516 -0.092730
v 0.201755 0.698216 -0.083950
v 0.209761 0.700590 -0.065109
v 0.197881 0.744855 -0.104485
v 0.183963 0.707941 -0.106306
v 0.205476 0.694983 -0.071306
v 0.222418 0.718076 -0.054081
v 0.204976 0.688108 -0.065130
v -0.175088 0.754618 -0.176978
v -0.168228 0.761994 -0.178681
v -0.185920 0.762167 -0.164291
v -0.181172 0.771504 -0.160942
v -0.176516 0.774249 -0.168199
v -0.167664 0.772143 -0.172131
v -0.188100 0.765631 -0.157696
v -0.170245 0.754558 -0.179362
v -0.166828 0.796395 -0.165698
v -0.179816 0.764942 -0.174479
v -0.163494 0.746447 -0.177925
v -0.104600 0.490383 -0.222497
v -0.049660 0.479490 -0.210592
v -0.022417 0.453109 -0.185969
v -0.011575 0.424811 -0.162195
v -0.009912 0.395664 -0.133482
v -0.017392 0.358593 -0.116581
v -0.039993 0.318296 -0.100632
v -0.085112 0.286808 -0.083555
v -0.139669 0.270614 -0.055043
v -0.200018 0.283089 -0.069057
v -0.230766 0.324300 -0.104097
v -0.241717 0.378769 -0.149398
v -0.213246 0.427593 -0.197583
v -0.161928 0.477008 -0.221551
v 0.091735 0.456489 0.134378
v 0.054739 0.466138 0.163182
v 0.024389 0.476971 0.202456
v 0.009425 0.501105 0.246572
v 0.005100 0.520182 0.293015
v 0.021987 0.522175 0.351191
v 0.065362 0.524010 0.398324
v 0.123870 0.536582 0.420997
v 0.175050 0.520173 0.395636
v 0.218456 0.507957 0.356076
v 0.245070 0.496411 0.308773
v 0.243554 0.481745 0.245050
v 0.203122 0.465365 0.180123
v 0.144062 0.457067 0.135757
vn 0.8839 -0.3832 0.2679
vn 0.8566 -0.3224 0.4029
vn 0.7978 -0.4066 0.4451
vn 0.8217 0.0247 0.5694
vn 0.8888 0.3509 0.2947
vn 0.6336 0.6150 0.4695
vn 0.8508 -0.2688 0.4515
vn 0.7301 -0.4785 0.4878
vn 0.6660 -0.5956 0.4491
vn 0.5885 -0.6651 0.4596
vn 0.4904 -0.7334 0.4707
vn 0.4622 -0.8315 0.3081
vn 0.4959 -0.7956 0.3479
vn 0.6525 0.0263 0.7574
vn 0.2340 0.8132 0.5328
vn 0.4330 -0.0299 0.9009
vn 0.3549 0.0799 0.9315
vn -0.1863 0.8625 0.4704
vn 0.4129 0.6407 0.6473
vn -0.0786 0.7431 0.6645
vn -0.3835 0.8821 0.2736
vn -0.4141 0.6461 0.6411
vn -0.9632 0.1390 0.2303
vn -0.8677 0.3485 0.3544
vn 0.7731 0.4313 0.4651
vn 0.9708 -0.1481 0.1889
vn 0.9754 -0.2008 0.0908
vn 0.9644 -0.2205 0.1461
vn 0.9992 -0.0173 0.0370
vn 0.9671 0.1512 0.2048
vn 0.9929 -0.0124 -0.1187
vn 0.9921 -0.1009 -0.0739
vn 0.8999 0.1942 -0.3905
vn 0.9233 0.0664 -0.3784
vn 0.9941 -0.1071 -0.0162
vn 0.7619 0.3368 -0.5532
vn 0.8090 0.1752 -0.5610
vn 0.9638 -0.0529 -0.2614
vn 0.9975 0.0378 0.0599
vn 0.8521 -0.0514 -0.5209
vn 0.5078 0.5095 -0.6947
vn 0.6206 0.2686 -0.7367
vn 0.2314 0.6618 -0.7131
vn 0.3493 0.3816 -0.8558
vn 0.0950 0.5075 -0.8564
vn 0.0216 0.7629 -0.6462
vn 0.7041 -0.0803 -0.7056
vn 0.4690 -0.0651 -0.8808
vn 0.9985 -0.0525 -0.0129
vn 0.1898 -0.0166 -0.9817
vn 0.4550 -0.3251 -0.8290
vn 0.6988 -0.2103 -0.6837
vn 0.2371 -0.3335 -0.9124
vn 0.2280 -0.5698 -0.7895
vn 0.3801 -0.5705 -0.7281
vn 0.9911 0.0358 -0.1280
vn 0.9854 -0.1087 -0.1309
vn -0.0532 0.8064 -0.5889
vn -0.0080 0.5914 -0.8064
vn 0.0468 0.0793 -0.9958
vn 0.1546 -0.1847 -0.9706
vn -0.1632 0.6448 -0.7467
vn -0.1525 0.2317 -0.9608
vn -0.1326 0.8165 -0.5620
vn -0.1347 -0.0127 -0.9908
vn 0.2972 -0.3689 -0.8807
vn 0.0503 -0.0738 -0.9960
vn -0.5196 0.2034 -0.8299
vn -0.4060 0.0743 -0.9108
vn -0.4609 0.5483 -0.6978
vn -0.3560 0.7437 -0.5658
vn -0.6875 0.1856 -0.7021
vn -0.6756 0.3900 -0.6257
vn -0.6912 0.4700 -0.5490
vn -0.8009 0.2401 -0.5486
vn -0.8402 0.2412 -0.4857
vn -0.8580 0.2455 -0.4511
vn -0.9100 0.2369 -0.3403
vn -0.9332 0.1938 -0.3027
vn -0.9455 0.1237 -0.3012
vn -0.5816 0.2720 -0.7666
vn -0.3304 0.0681 -0.9414
vn -0.4064 0.0902 -0.9092
vn -0.3852 0.3482 -0.8546
vn -0.9959 -0.0901 0.0056
vn -0.9952 0.0970 0.0107
vn -0.9815 0.1829 -0.0561
vn -0.9128 0.2103 -0.3501
vn -0.9828 0.1185 -0.1414
vn -0.9651 0.2386 0.1076
vn -0.9923 0.1145 -0.0469
vn -0.9821 0.0750 0.1727
vn -0.9340 -0.1930 0.3006
vn -0.7908 -0.0649 0.6086
vn -0.8541 0.0085 0.5201
vn -0.9264 -0.0323 0.3752
vn -0.7046 -0.2992 0.6435
vn -0.6626 -0.2029 0.7209
vn -0.6916 -0.1062 0.7144
vn -0.7887 -0.1090 0.6050
vn -0.5295 -0.4733 0.7040
vn -0.4530 -0.3852 0.8040
vn -0.3905 -0.2823 0.8763
vn -0.3869 -0.2982 0.8726
vn -0.3481 -0.5369 0.7685
vn -0.2819 -0.4884 0.8259
vn -0.0933 -0.4529 0.8867
vn 0.1753 -0.4426 0.8794
vn 0.7383 -0.4075 0.5374
vn 0.7571 -0.3882 0.5255
vn 0.0457 -0.4981 0.8659
vn -0.4373 -0.3851 0.8127
vn -0.8507 -0.1940 0.4886
vn -0.9998 -0.0212 0.0062
vn -0.9436 0.0717 -0.3231
vn -0.9127 0.1062 -0.3945
vn 0.3345 -0.2146 -0.9177
vn 0.3124 -0.6687 -0.6747
vn 0.1478 -0.7301 -0.6672
vn 0.5058 -0.6215 -0.5982
vn 0.4213 -0.6976 -0.5795
vn 0.9309 -0.2814 -0.2331
vn 0.9479 -0.2359 -0.2141
vn 0.9978 -0.0279 -0.0609
vn -0.2162 -0.8134 -0.5400
vn 0.1723 -0.9020 -0.3958
vn 0.6730 -0.4506 0.5865
vn 0.0751 -0.5439 0.8358
vn -0.4869 -0.4506 0.7482
vn -0.8859 -0.2598 0.3843
vn -0.9953 -0.0436 -0.0860
vn -0.8915 0.0724 -0.4473
vn 0.5048 -0.1094 -0.8563
vn 0.9872 -0.1591 -0.0134
vn 0.6818 -0.7289 0.0620
vn 0.3909 -0.2304 0.8911
vn 0.9935 -0.1076 0.0373
vn 0.9125 -0.3546 -0.2040
vn 0.2454 -0.9658 -0.0836
vn -0.6295 -0.6647 0.4024
vn 0.9937 -0.0817 0.0769
vn 0.9905 -0.1216 0.0637
vn 0.9675 -0.1689 0.1884
vn 0.9904 0.1185 0.0713
vn -0.6130 -0.7338 0.2930
vn -0.1160 -0.4415 -0.8897
vn 0.9646 -0.1189 0.2355
vn 0.7433 0.3613 0.5630
vn 0.5365 0.8284 -0.1608
vn 0.7721 -0.3664 0.5193
vn 0.9296 -0.2665 -0.2548
vn 0.8406 -0.4691 -0.2708
vn 0.4934 -0.6329 0.5966
vn 0.6604 -0.7307 0.1732
vn 0.5224 -0.7655 0.3756
vn -0.0828 -0.5724 0.8158
vn 0.3903 -0.6350 0.6667
vn -0.1785 -0.4540 0.8729
vn 0.2515 -0.4409 0.8616
vn 0.4632 -0.6501 0.6024
vn -0.7051 -0.6396 -0.3062
vn 0.9741 0.1603 0.1593
vn 0.7991 0.3565 0.4841
vn 0.5308 0.5170 0.6715
vn 0.0269 0.6078 0.7936
vn -0.5115 0.4972 0.7009
vn -0.9730 0.1290 0.1913
vn -0.8637 -0.4786 -0.1577
vn -0.9269 -0.3713 -0.0550
vn -0.9396 -0.3414 0.0250
vn 0.2599 -0.7618 -0.5934
vn 0.8312 -0.3966 -0.3895
vn 0.9845 -0.0822 -0.1550
vn 0.9667 0.1484 0.2084
vn 0.7988 0.2710 0.5371
vn 0.5893 0.3628 0.7219
vn 0.0338 0.4348 0.8999
vn -0.5586 0.3213 0.7647
vn -0.9268 0.1448 0.3465
vn -0.9996 -0.0043 -0.0283
vn -0.9796 -0.1054 -0.1710
vn -0.9415 -0.2296 -0.2466
vn -0.8041 -0.4619 -0.3742
vn -0.4696 -0.6945 -0.5451
vn 0.3214 -0.6200 -0.7158
vn 0.7213 -0.4687 -0.5100
vn 0.9512 -0.2336 -0.2017
vn 0.9678 0.0166 0.2513
vn 0.7928 0.1393 0.5934
vn 0.6033 0.1812 0.7766
vn 0.0438 0.2395 0.9699
vn -0.5633 0.1919 0.8037
vn -0.8682 0.1473 0.4739
vn -0.9968 0.0526 0.0594
vn -0.9773 -0.0579 -0.2037
vn -0.9169 -0.1447 -0.3719
vn -0.7504 -0.3063 -0.5858
vn -0.3513 -0.5328 -0.7699
vn 0.6049 0.0789 0.7924
vn 0.6046 0.1483 0.7826
vn 0.0598 0.2340 0.9704
vn 0.0498 0.1310 0.9901
vn 0.7889 0.0246 0.6140
vn 0.7946 0.0775 0.6022
vn 0.9695 -0.0619 0.2370
vn 0.9763 -0.0121 0.2161
vn 0.9398 -0.1297 -0.3162
vn 0.9438 -0.1184 -0.3086
vn 0.6811 -0.2040 -0.7032
vn 0.6954 -0.2311 -0.6804
vn 0.3408 -0.2842 -0.8961
vn 0.3578 -0.3484 -0.8664
vn -0.2809 -0.3475 -0.8946
vn -0.3048 -0.3872 -0.8701
vn -0.6875 -0.3000 -0.6613
vn -0.7047 -0.3105 -0.6380
vn -0.8941 -0.2403 -0.3778
vn -0.8984 -0.2363 -0.3702
vn -0.9680 -0.1870 -0.1673
vn -0.9749 -0.1616 -0.1529
vn -0.9884 -0.0864 0.1251
vn -0.9903 -0.0389 0.1335
vn -0.8506 0.0441 0.5239
vn -0.8648 0.0897 0.4940
vn -0.6054 0.1297 0.7853
vn -0.5941 0.1984 0.7795
vn 0.5802 -0.0187 0.8142
vn -0.0082 -0.0705 0.9975
vn -0.6402 -0.0853 0.7635
vn 0.7981 -0.0400 0.6012
vn 0.9579 -0.1296 0.2563
vn 0.9419 -0.2311 -0.2438
vn 0.6540 -0.3103 -0.6899
vn 0.2652 -0.3559 -0.8961
vn -0.2707 -0.3253 -0.9060
vn -0.7291 -0.2079 -0.6520
vn -0.9392 -0.1371 -0.3149
vn -0.9793 -0.1503 -0.1353
vn -0.9775 -0.1466 0.1518
vn -0.8362 -0.1091 0.5375
vn 0.5916 0.1330 0.7952
vn 0.0364 0.1084 0.9934
vn -0.6755 0.0375 0.7364
vn 0.8390 0.0388 0.5427
vn 0.9706 -0.1034 0.2173
vn 0.9475 -0.2362 -0.2155
vn 0.6283 -0.3433 -0.6982
vn 0.2087 -0.3619 -0.9086
vn -0.3006 -0.3136 -0.9007
vn -0.7988 -0.1675 -0.5778
vn -0.9753 -0.0457 -0.2162
vn -0.9982 -0.0594 -0.0119
vn -0.9626 -0.1048 0.2498
vn -0.8431 -0.0350 0.5366
vn -0.7161 0.3539 0.6016
vn -0.9014 0.1389 0.4102
vn 0.6430 0.2998 0.7047
vn 0.0573 0.4535 0.8894
vn 0.8851 0.0574 0.4618
vn 0.9462 -0.1689 0.2760
vn 0.9571 -0.2757 -0.0894
vn 0.6305 -0.3651 -0.6850
vn 0.1408 -0.4081 -0.9020
vn -0.4125 -0.4064 -0.8153
vn -0.8822 -0.2406 -0.4047
vn -0.9920 -0.1254 -0.0150
vn -0.9746 -0.0724 0.2121
vn -0.9451 -0.0330 0.3251
vn -0.7444 0.2845 0.6041
vn -0.9511 0.0637 0.3021
vn 0.6236 0.2872 0.7271
vn -0.0166 0.4555 0.8901
vn -0.0158 -0.0410 0.9990
vn 0.4882 -0.1588 0.8582
vn -0.5810 -0.1079 0.8067
vn 0.9047 -0.0380 0.4243
vn 0.2334 -0.6077 0.7591
vn 0.8807 -0.3376 0.3322
vn 0.2813 -0.6174 0.7346
vn 0.9310 -0.3607 0.0560
vn 0.6655 -0.6246 0.4086
vn 0.6736 -0.5036 -0.5410
vn 0.4813 -0.8245 -0.2976
vn 0.0456 -0.5360 -0.8430
vn -0.0714 -0.8879 -0.4545
vn -0.4976 -0.5565 -0.6653
vn -0.5033 -0.8579 -0.1033
vn -0.8939 -0.4124 -0.1757
vn -0.4238 -0.7723 0.4731
vn -0.9367 -0.3068 0.1690
vn -0.1047 -0.6913 0.7149
vn -0.9066 -0.2114 0.3653
vn -0.1490 -0.7136 0.6845
vn -0.9502 -0.0992 0.2956
vn -0.5176 -0.6218 0.5878
vn -0.7516 -0.3677 0.5476
vn -0.6375 0.2946 -0.7119
vn -0.6446 0.0708 -0.7612
vn -0.1091 0.0054 -0.9940
vn -0.1327 0.2277 -0.9647
vn -0.8859 0.1873 -0.4244
vn -0.9941 -0.0438 -0.0989
vn -0.8999 -0.3141 0.3027
vn -0.5231 -0.5684 0.6351
vn 0.0529 -0.6815 0.7299
vn 0.6128 -0.5880 0.5280
vn 0.8732 -0.3640 0.3241
vn 0.5358 0.0695 -0.8415
vn 0.9391 0.0134 -0.3433
vn 0.9991 -0.0076 -0.0425
vn 0.9993 -0.0253 0.0281
vn 0.9857 -0.1086 0.1288
vn 0.5395 -0.7439 0.3945
vn 0.0636 -0.8306 0.5532
vn 0.0885 -0.8916 0.4442
vn 0.5431 -0.7407 0.3955
vn 0.7877 -0.5443 0.2886
vn 0.7166 -0.6159 0.3274
vn 0.9205 -0.3445 0.1842
vn 0.9596 -0.2249 0.1689
vn 0.9978 -0.0606 0.0280
vn 0.9965 -0.0221 0.0801
vn 0.9898 0.1182 -0.0797
vn 0.9955 0.0929 -0.0208
vn 0.8868 0.4228 -0.1868
vn 0.9340 0.2627 -0.2420
vn 0.5609 0.7668 -0.3122
vn 0.5768 0.5580 -0.5966
vn 0.0481 0.9177 -0.3944
vn -0.0027 0.7110 -0.7032
vn -0.4865 0.7800 -0.3936
vn -0.4855 0.6565 -0.5774
vn -0.8338 0.3510 -0.4261
vn -0.8475 0.4401 -0.2967
vn -0.9863 -0.0345 -0.1614
vn -0.9891 0.0189 -0.1458
vn -0.9351 -0.3279 0.1342
vn -0.9485 -0.3164 0.0117
vn -0.6186 -0.6467 0.4463
vn -0.6977 -0.6736 0.2438
vn -0.7028 -0.6896 0.1748
vn -0.9477 -0.3180 -0.0286
vn 0.1098 -0.9231 0.3685
vn 0.5532 -0.7612 0.3385
vn 0.7053 -0.6492 0.2850
vn 0.9192 -0.3668 0.1434
vn 0.9983 -0.0534 -0.0247
vn 0.9875 0.1143 -0.1082
vn 0.8931 0.3827 -0.2365
vn 0.5568 0.7265 -0.4026
vn 0.0160 0.8812 -0.4724
vn -0.4757 0.7654 -0.4333
vn -0.8199 0.4752 -0.3193
vn -0.9861 0.0251 -0.1640
vn -0.6981 -0.7133 0.0615
vn -0.9333 -0.3484 -0.0870
vn 0.0880 -0.9693 0.2295
vn 0.5013 -0.8111 0.3013
vn 0.6960 -0.6478 0.3097
vn 0.9721 -0.2282 0.0535
vn 0.9974 -0.0536 -0.0472
vn 0.9928 0.0900 -0.0785
vn 0.8943 0.3819 -0.2332
vn 0.5884 0.6831 -0.4327
vn 0.0987 0.8413 -0.5315
vn -0.3862 0.7759 -0.4989
vn -0.8030 0.4425 -0.3993
vn -0.9725 -0.0240 -0.2316
vn -0.7307 -0.6765 0.0923
vn -0.9523 -0.2931 -0.0847
vn 0.0110 -0.9689 0.2472
vn 0.4106 -0.8630 0.2943
vn 0.6630 -0.6975 0.2719
vn 0.9704 -0.2376 0.0420
vn 0.9931 -0.1165 0.0131
vn 0.9987 0.0359 0.0367
vn 0.9038 0.4091 -0.1255
vn 0.6469 0.7159 -0.2625
vn 0.2133 0.9063 -0.3650
vn -0.3673 0.8207 -0.4377
vn -0.7919 0.4399 -0.4235
vn -0.9628 -0.0079 -0.2702
vn -0.8307 -0.5517 0.0748
vn -0.9657 -0.1787 -0.1882
vn -0.1016 -0.9379 0.3317
vn 0.3601 -0.8800 0.3099
vn 0.6517 -0.7492 0.1182
vn 0.9549 -0.2919 -0.0541
vn 0.9709 -0.2155 0.1043
vn 0.9870 0.0287 0.1584
vn 0.8968 0.4398 0.0478
vn 0.6485 0.7589 -0.0594
vn 0.2923 0.9387 -0.1827
vn -0.3296 0.8816 -0.3378
vn -0.7934 0.3719 -0.4819
vn -0.9208 0.0416 -0.3877
vn -0.9450 -0.1773 -0.2749
vn -0.8520 0.0478 -0.5214
vn -0.1030 -0.9159 0.3879
vn -0.8160 -0.5780 0.0101
vn 0.4918 -0.7866 0.3735
vn -0.4317 -0.7187 -0.5451
vn 0.0374 -0.9635 -0.2649
vn 0.5761 -0.8037 -0.1487
vn 0.8073 -0.5851 0.0772
vn 0.7492 -0.5857 -0.3093
vn 0.9008 -0.4343 0.0034
vn 0.6591 -0.5574 -0.5048
vn 0.9295 -0.3668 0.0391
vn 0.6440 -0.5070 -0.5729
vn 0.9924 -0.1036 0.0657
vn 0.8356 -0.2537 -0.4873
vn 0.9234 0.3806 0.0500
vn 0.8698 0.0522 -0.4907
vn 0.6603 0.7465 -0.0818
vn 0.6887 0.5095 -0.5158
vn 0.3184 0.9274 -0.1965
vn 0.3668 0.7031 -0.6092
vn -0.4163 0.8328 -0.3648
vn -0.1961 0.6473 -0.7366
vn -0.8061 0.5026 -0.3124
vn -0.3995 -0.0765 -0.9135
vn -0.1922 -0.6560 -0.7299
vn -0.0693 -0.4788 -0.8752
vn 0.2925 -0.4685 -0.8336
vn 0.0508 -0.6075 -0.7927
vn 0.2678 -0.5558 -0.7870
vn 0.1788 -0.5392 -0.8230
vn 0.1829 -0.1291 -0.9746
vn 0.3747 0.0019 -0.9272
vn 0.4105 -0.2249 -0.8837
vn 0.2299 -0.4109 -0.8822
vn -0.0057 -0.3910 -0.9204
vn -0.0729 -0.3672 -0.9273
vn -0.0146 -0.3888 -0.9212
vn 0.1176 -0.4188 -0.9004
vn 0.1988 -0.5442 -0.8151
vn 0.0579 -0.6501 -0.7576
vn -0.2244 -0.6252 0.7475
vn -0.1433 -0.8585 0.4924
vn -0.3048 -0.6675 0.6794
vn -0.1879 -0.6978 0.6912
vn 0.0271 -0.4898 0.8714
vn 0.0309 -0.3999 0.9160
vn -0.2300 -0.5505 0.8025
vn -0.1448 -0.7700 0.6213
vn 0.2313 -0.7736 0.5900
vn 0.3593 -0.7202 0.5935
vn 0.3792 -0.7040 0.6005
vn 0.2564 -0.6729 0.6939
vn -0.1856 -0.7398 0.6468
vn -0.2060 -0.8967 0.3919
vn 0.8394 -0.1331 -0.5269
vn 0.6563 -0.2786 -0.7012
vn 0.6937 -0.2449 -0.6774
vn 0.7779 -0.2327 -0.5837
vn 0.8893 -0.0933 -0.4477
vn 0.8767 -0.1751 -0.4480
vn 0.8771 -0.2918 -0.3816
vn 0.7998 -0.4915 -0.3447
vn 0.6143 -0.5208 -0.5928
vn 0.6580 -0.1216 -0.7432
vn 0.4748 -0.2334 -0.8486
vn 0.6769 -0.2152 -0.7040
vn 0.4714 -0.4413 -0.7636
vn 0.4577 -0.6544 -0.6019
vn 0.8968 -0.1895 -0.3997
vn 0.9012 -0.0170 -0.4331
vn 0.9549 0.0800 -0.2858
vn 0.9442 -0.3295 0.0012
vn 0.8572 -0.5042 -0.1050
vn 0.8998 -0.0369 -0.4347
vn 0.7668 -0.0050 -0.6419
vn 0.6634 -0.6855 -0.3000
vn 0.5451 -0.5404 -0.6410
vn 0.9530 -0.2004 -0.2274
vn 0.7516 -0.4506 -0.4817
vn -0.4853 0.4087 -0.7729
vn -0.5104 0.0671 -0.8573
vn -0.5669 0.3441 -0.7485
vn -0.5371 0.3392 -0.7723
vn -0.6594 0.0270 -0.7513
vn -0.4552 -0.3258 -0.8286
vn -0.6410 0.3145 -0.7002
vn -0.7687 -0.0006 -0.6396
vn -0.7827 0.2219 -0.5814
vn -0.7082 0.3527 -0.6116
vn -0.6125 0.3386 -0.7142
vn -0.8195 0.0251 -0.5725
vn -0.8610 -0.1196 -0.4943
vn -0.7749 -0.2147 -0.5944
vn -0.4236 0.0597 -0.9039
vn -0.2788 0.0338 -0.9597
vn -0.8300 0.4197 -0.3674
vn -0.7325 0.4725 -0.4901
vn -0.7660 0.2613 -0.5873
vn -0.7138 0.3824 -0.5867
vn -0.5654 0.5133 -0.6456
vn -0.5680 0.0605 -0.8208
vn -0.7481 0.0972 -0.6564
vt 0.453710 0.293020
vt 0.439920 0.311900
vt 0.423720 0.301740
vt 0.435440 0.276790
vt 0.464490 0.273580
vt 0.446280 0.259180
vt 0.412180 0.326980
vt 0.392350 0.318540
vt 0.404460 0.293800
vt 0.375700 0.312880
vt 0.364900 0.308930
vt 0.372890 0.279750
vt 0.388790 0.286050
vt 0.416880 0.265780
vt 0.425650 0.246150
vt 0.394520 0.255540
vt 0.375620 0.248060
vt 0.403220 0.234230
vt 0.435540 0.227080
vt 0.411560 0.216330
vt 0.372980 0.219130
vt 0.390940 0.197720
vt 0.375020 0.178960
vt 0.362860 0.194370
vt 0.456530 0.240100
vt 0.431770 0.335020
vt 0.441750 0.316690
vt 0.454620 0.294620
vt 0.466130 0.274680
vt 0.477020 0.248560
vt 0.456080 0.345130
vt 0.465440 0.325810
vt 0.479560 0.354630
vt 0.488160 0.334770
vt 0.476570 0.305160
vt 0.509940 0.364500
vt 0.517220 0.344450
vt 0.497890 0.314730
vt 0.487770 0.284620
vt 0.524100 0.324670
vt 0.531630 0.370810
vt 0.540690 0.351160
vt 0.554380 0.379720
vt 0.563110 0.358200
vt 0.582340 0.366590
vt 0.572550 0.388290
vt 0.548360 0.331290
vt 0.570050 0.339830
vt 0.505210 0.263670
vt 0.590860 0.347380
vt 0.578550 0.323430
vt 0.556240 0.319200
vt 0.595950 0.328280
vt 0.602540 0.304490
vt 0.582660 0.310690
vt 0.512370 0.301500
vt 0.516210 0.289560
vt 0.586100 0.395990
vt 0.597530 0.373760
vt 0.605270 0.352140
vt 0.611250 0.332610
vt 0.103430 0.380330
vt 0.087540 0.388680
vt 0.075460 0.368990
vt 0.092470 0.361800
vt 0.115940 0.400620
vt 0.101290 0.409640
vt 0.085650 0.341100
vt 0.068040 0.349910
vt 0.616920 0.308780
vt 0.074060 0.321630
vt 0.061720 0.326110
vt 0.109370 0.354680
vt 0.098770 0.338940
vt 0.119700 0.371530
vt 0.131510 0.391010
vt 0.126120 0.346740
vt 0.137350 0.363960
vt 0.151460 0.379150
vt 0.146350 0.337710
vt 0.158220 0.353980
vt 0.170490 0.370770
vt 0.170180 0.324720
vt 0.179670 0.341360
vt 0.192230 0.363020
vt 0.118440 0.333540
vt 0.094080 0.326300
vt 0.098090 0.327740
vt 0.100060 0.336180
vt 0.219730 0.351350
vt 0.202370 0.327560
vt 0.191580 0.311230
vt 0.163010 0.311760
vt 0.182860 0.294380
vt 0.216320 0.297750
vt 0.204940 0.281970
vt 0.233630 0.317750
vt 0.245900 0.337050
vt 0.235080 0.314580
vt 0.218270 0.296550
vt 0.206810 0.280970
vt 0.271340 0.323640
vt 0.254640 0.301290
vt 0.243780 0.280380
vt 0.231690 0.263520
vt 0.292980 0.315520
vt 0.282030 0.289770
vt 0.272520 0.264640
vt 0.262370 0.245120
vt 0.315170 0.307150
vt 0.302250 0.281580
vt 0.302220 0.252150
vt 0.296470 0.223760
vt 0.292340 0.183690
vt 0.307220 0.196860
vt 0.275970 0.208380
vt 0.248420 0.226510
vt 0.217660 0.242850
vt 0.192020 0.254300
vt 0.161950 0.273510
vt 0.158490 0.299030
vt 0.066640 0.303570
vt 0.055900 0.305610
vt 0.620240 0.287910
vt 0.611110 0.285900
vt 0.568030 0.279090
vt 0.575740 0.255530
vt 0.548970 0.245350
vt 0.543840 0.269990
vt 0.511580 0.231220
vt 0.619320 0.267070
vt 0.623580 0.272670
vt 0.276400 0.170300
vt 0.257010 0.183950
vt 0.231570 0.203580
vt 0.203580 0.219390
vt 0.178140 0.234340
vt 0.145740 0.249660
vt 0.060170 0.285280
vt 0.050150 0.291750
vt 0.322150 0.110350
vt 0.329370 0.113880
vt 0.328790 0.142290
vt 0.311340 0.127470
vt 0.035920 0.283140
vt 0.023910 0.299230
vt 0.014710 0.284300
vt 0.020270 0.273550
vt 0.330080 0.155160
vt 0.303600 0.141290
vt 0.321180 0.174960
vt 0.293040 0.155910
vt 0.331200 0.171770
vt 0.340310 0.171980
vt 0.339480 0.192160
vt 0.321450 0.194110
vt 0.331760 0.191780
vt 0.346930 0.213680
vt 0.324980 0.215250
vt 0.334270 0.213940
vt 0.347750 0.243090
vt 0.324520 0.243890
vt 0.335860 0.241750
vt 0.349010 0.272610
vt 0.328200 0.274600
vt 0.337600 0.272490
vt 0.329940 0.302100
vt 0.338330 0.302680
vt 0.345750 0.303610
vt 0.650780 0.277900
vt 0.636000 0.265000
vt 0.490000 0.220190
vt 0.472270 0.212090
vt 0.450650 0.200350
vt 0.429460 0.188000
vt 0.404050 0.175100
vt 0.383260 0.164030
vt 0.653950 0.254270
vt 0.658850 0.262180
vt 0.334880 0.112710
vt 0.345950 0.131140
vt 0.352650 0.148250
vt 0.583020 0.235310
vt 0.554290 0.222160
vt 0.525960 0.206980
vt 0.502700 0.195520
vt 0.485090 0.187370
vt 0.463420 0.177260
vt 0.443930 0.165890
vt 0.419380 0.155310
vt 0.398000 0.143250
vt 0.376950 0.133620
vt 0.364600 0.118670
vt 0.355630 0.103410
vt 0.650750 0.231050
vt 0.634370 0.236570
vt 0.612790 0.242390
vt 0.587287 0.215182
vt 0.562741 0.205333
vt 0.535596 0.193228
vt 0.510877 0.181152
vt 0.493274 0.172036
vt 0.473385 0.161200
vt 0.451874 0.151118
vt 0.429214 0.141853
vt 0.410108 0.131895
vt 0.391613 0.121430
vt 0.378790 0.107192
vt 0.366992 0.090884
vt 0.629809 0.217970
vt 0.645127 0.215394
vt 0.610263 0.220742
vt 0.490980 0.132050
vt 0.477970 0.153810
vt 0.455530 0.144320
vt 0.470410 0.122430
vt 0.508920 0.141910
vt 0.497040 0.164980
vt 0.529880 0.153390
vt 0.514640 0.174540
vt 0.550770 0.166330
vt 0.540030 0.186900
vt 0.573830 0.173250
vt 0.566630 0.197590
vt 0.595310 0.179930
vt 0.589250 0.205920
vt 0.610130 0.181690
vt 0.609100 0.210780
vt 0.626220 0.182180
vt 0.627710 0.209410
vt 0.641200 0.183390
vt 0.642540 0.208190
vt 0.406660 0.084630
vt 0.385320 0.101910
vt 0.372220 0.085120
vt 0.392400 0.068110
vt 0.419410 0.096800
vt 0.398360 0.115820
vt 0.433690 0.105660
vt 0.415680 0.126670
vt 0.450000 0.114500
vt 0.433740 0.135660
vt 0.500210 0.113980
vt 0.480950 0.104520
vt 0.464000 0.097320
vt 0.517690 0.121050
vt 0.537460 0.129840
vt 0.559660 0.139550
vt 0.581590 0.144980
vt 0.601060 0.151640
vt 0.614480 0.153980
vt 0.629130 0.156170
vt 0.645670 0.159190
vt 0.427080 0.067850
vt 0.414110 0.053450
vt 0.438490 0.079710
vt 0.450570 0.088590
vt 0.511590 0.090340
vt 0.494370 0.081810
vt 0.481150 0.074470
vt 0.528350 0.097300
vt 0.547820 0.101980
vt 0.570750 0.106750
vt 0.591110 0.110460
vt 0.609130 0.117010
vt 0.622710 0.120590
vt 0.636690 0.124030
vt 0.655630 0.128970
vt 0.452080 0.046720
vt 0.440290 0.035100
vt 0.461080 0.057450
vt 0.470680 0.065930
vt 0.490760 0.060230
vt 0.482070 0.050680
vt 0.519630 0.075000
vt 0.501480 0.068550
vt 0.537790 0.077120
vt 0.555540 0.080190
vt 0.577290 0.085200
vt 0.596600 0.087900
vt 0.615580 0.094870
vt 0.628720 0.099840
vt 0.642390 0.103680
vt 0.661630 0.106850
vt 0.468340 0.032830
vt 0.457000 0.020620
vt 0.475150 0.042300
vt 0.495780 0.053300
vt 0.488330 0.041970
vt 0.522680 0.069460
vt 0.504080 0.063330
vt 0.507660 0.056600
vt 0.526010 0.063340
vt 0.498330 0.049880
vt 0.541390 0.069670
vt 0.544650 0.060260
vt 0.557540 0.070000
vt 0.560600 0.062510
vt 0.580830 0.073870
vt 0.584100 0.067200
vt 0.599190 0.077890
vt 0.602860 0.071300
vt 0.618740 0.084220
vt 0.620200 0.077450
vt 0.631450 0.089810
vt 0.632900 0.082950
vt 0.644960 0.091790
vt 0.644670 0.086310
vt 0.662430 0.093150
vt 0.664160 0.088110
vt 0.476370 0.024630
vt 0.466460 0.011770
vt 0.470440 0.010680
vt 0.480570 0.020220
vt 0.482610 0.033640
vt 0.486210 0.030490
vt 0.492020 0.038700
vt 0.106500 0.228210
vt 0.119570 0.259880
vt 0.090200 0.268010
vt 0.083360 0.238590
vt 0.130440 0.215270
vt 0.158230 0.203340
vt 0.183540 0.188450
vt 0.205880 0.175910
vt 0.229210 0.160130
vt 0.248140 0.146780
vt 0.262850 0.133270
vt 0.059960 0.244970
vt 0.041080 0.247810
vt 0.027190 0.247370
vt 0.299110 0.094770
vt 0.289860 0.104500
vt 0.275410 0.117970
vt 0.231087 0.134566
vt 0.212796 0.147472
vt 0.204040 0.140720
vt 0.221990 0.128050
vt 0.247643 0.121317
vt 0.239530 0.114940
vt 0.252930 0.102790
vt 0.260750 0.108071
vt 0.265020 0.091890
vt 0.273661 0.096277
vt 0.273940 0.082050
vt 0.282696 0.086475
vt 0.037790 0.220620
vt 0.038935 0.230079
vt 0.024464 0.230317
vt 0.023010 0.221220
vt 0.054560 0.217320
vt 0.056439 0.226939
vt 0.073370 0.214140
vt 0.076845 0.222646
vt 0.094340 0.203990
vt 0.098570 0.212416
vt 0.121949 0.200389
vt 0.117420 0.192450
vt 0.147535 0.187311
vt 0.141830 0.178760
vt 0.172513 0.172023
vt 0.166630 0.163260
vt 0.193914 0.160207
vt 0.187530 0.151830
vt 0.176100 0.135380
vt 0.154700 0.144180
vt 0.191040 0.126170
vt 0.206630 0.112860
vt 0.222070 0.099820
vt 0.235150 0.087140
vt 0.246880 0.075870
vt 0.255400 0.066310
vt 0.035190 0.196520
vt 0.021440 0.198490
vt 0.049750 0.192350
vt 0.066220 0.188740
vt 0.084920 0.179410
vt 0.106680 0.169500
vt 0.129490 0.158590
vt 0.166580 0.120870
vt 0.145580 0.127790
vt 0.179620 0.113330
vt 0.193780 0.100370
vt 0.209040 0.084910
vt 0.220590 0.073920
vt 0.231850 0.062210
vt 0.239800 0.052970
vt 0.031920 0.176550
vt 0.018910 0.179500
vt 0.044870 0.171980
vt 0.059490 0.167770
vt 0.076310 0.159180
vt 0.097910 0.150360
vt 0.120340 0.140590
vt 0.154390 0.102950
vt 0.133900 0.107900
vt 0.166280 0.096500
vt 0.179210 0.084880
vt 0.192900 0.067370
vt 0.197990 0.060450
vt 0.213910 0.045110
vt 0.221150 0.035920
vt 0.026380 0.152250
vt 0.014820 0.155870
vt 0.037430 0.147500
vt 0.050230 0.142770
vt 0.065820 0.134920
vt 0.087120 0.127510
vt 0.110750 0.118520
vt 0.139640 0.084170
vt 0.117150 0.089760
vt 0.152720 0.076580
vt 0.166560 0.068530
vt 0.179240 0.055880
vt 0.184680 0.044910
vt 0.195970 0.029430
vt 0.202770 0.019730
vt 0.019300 0.128940
vt 0.008540 0.132970
vt 0.028320 0.118760
vt 0.039460 0.113420
vt 0.054420 0.107120
vt 0.078910 0.099990
vt 0.099910 0.096180
vt 0.114440 0.078370
vt 0.093470 0.082210
vt 0.147850 0.069320
vt 0.134360 0.077480
vt 0.161700 0.060970
vt 0.130380 0.072630
vt 0.144440 0.063560
vt 0.156150 0.054080
vt 0.169910 0.047750
vt 0.163390 0.042230
vt 0.178810 0.034030
vt 0.172330 0.027410
vt 0.187490 0.022400
vt 0.180540 0.015070
vt 0.192970 0.013650
vt 0.186460 0.005720
vt 0.016730 0.117890
vt 0.003740 0.122280
vt 0.004330 0.111290
vt 0.014340 0.108490
vt 0.025730 0.109340
vt 0.025040 0.103080
vt 0.037030 0.102480
vt 0.036820 0.096750
vt 0.052070 0.097000
vt 0.050320 0.091090
vt 0.068010 0.089780
vt 0.065990 0.085550
vt 0.091210 0.078460
vt 0.111350 0.073310
vt 0.110740 0.069080
vt 0.129010 0.069850
vt 0.088550 0.072980
vt 0.064070 0.081310
vt 0.049650 0.087720
vt 0.035670 0.093370
vt 0.023490 0.099090
vt 0.013130 0.103280
vt 0.004170 0.105980
vt 0.177020 0.011990
vt 0.181730 0.003740
vt 0.167950 0.024670
vt 0.159510 0.039270
vt 0.152730 0.049860
vt 0.143040 0.059270
vt 0.584700 0.061480
vt 0.603540 0.067840
vt 0.560200 0.057320
vt 0.543760 0.055700
vt 0.526660 0.059260
vt 0.510020 0.052890
vt 0.501730 0.046250
vt 0.495730 0.035510
vt 0.491010 0.026960
vt 0.484550 0.017960
vt 0.476840 0.006750
vt 0.647290 0.079390
vt 0.663680 0.080270
vt 0.634390 0.076550
vt 0.621660 0.072210
vt 0.549990 0.301050
vt 0.554290 0.302400
vt 0.552130 0.305640
vt 0.548630 0.305190
vt 0.546090 0.303560
vt 0.546090 0.299560
vt 0.548120 0.296730
vt 0.551510 0.297140
vt 0.553880 0.299150
vt 0.557670 0.315820
vt 0.576640 0.320430
vt 0.559320 0.305170
vt 0.578540 0.312460
vt 0.560410 0.299770
vt 0.538900 0.298360
vt 0.532420 0.307370
vt 0.515980 0.300230
vt 0.519220 0.293780
vt 0.542240 0.293670
vt 0.531170 0.310390
vt 0.546200 0.311400
vt 0.551680 0.296190
vt 0.561590 0.296230
vt 0.543260 0.290800
vt 0.552400 0.293560
vt 0.117900 0.331370
vt 0.113960 0.314820
vt 0.122680 0.313190
vt 0.124770 0.317010
vt 0.124430 0.309820
vt 0.122730 0.310330
vt 0.127180 0.312860
vt 0.128700 0.308420
vt 0.130970 0.311390
vt 0.131390 0.315360
vt 0.128530 0.316670
vt 0.128330 0.303960
vt 0.155430 0.303510
vt 0.130240 0.306170
vt 0.111400 0.313040
vt 0.098130 0.294340
vt 0.158400 0.311240
vt 0.137060 0.321990
vt 0.133160 0.312570
vt 0.138910 0.324400
vt 0.128150 0.326070
vt 0.120300 0.307330
vt 0.130270 0.285140
s 1
usemtl Clothes_MAT.001
f 1320/1400/1298 1317/1401/1299 1315/1402/1300 1319/1403/1301
f 1323/1404/1302 1320/1400/1298 1319/1403/1301 1326/1405/1303
f 1315/1402/1300 1316/1406/1304 1313/1407/1305 1314/1408/1306
f 1331/1409/1307 1308/1410/1308 1309/1411/1309 1332/1412/1310
f 1314/1408/1306 1313/1407/1305 1331/1409/1307 1332/1412/1310
f 1328/1413/1311 1319/1403/1301 1315/1402/1300 1314/1408/1306
f 1326/1405/1303 1319/1403/1301 1328/1413/1311 1329/1414/1312
f 1333/1415/1313 1332/1412/1310 1309/1411/1309 1310/1416/1314
f 1328/1413/1311 1314/1408/1306 1332/1412/1310 1333/1415/1313
f 1329/1414/1312 1328/1413/1311 1333/1415/1313 1334/1417/1315
f 1330/1418/1316 1329/1414/1312 1334/1417/1315 1335/1419/1317
f 1334/1417/1315 1333/1415/1313 1310/1416/1314 1311/1420/1318
f 1338/1421/1319 1335/1419/1317 1334/1417/1315 1311/1420/1318
f 1339/1422/1320 1338/1421/1319 1311/1420/1318 1312/1423/1321
f 1327/1424/1322 1326/1405/1303 1329/1414/1312 1330/1418/1316
f 1318/1425/1323 1316/1406/1304 1315/1402/1300 1317/1401/1299
f 1318/1425/1323 1317/1401/1299 1321/1426/1324
f 1321/1426/1324 1317/1401/1299 1320/1400/1298 1322/1427/1325
f 1324/1428/1326 1322/1427/1325 1320/1400/1298 1323/1404/1302
f 1325/1429/1327 1323/1404/1302 1326/1405/1303 1327/1424/1322
f 1324/1428/1326 1323/1404/1302 1325/1429/1327
f 1347/1430/1328 1318/1425/1323 1321/1426/1324 1348/1431/1329
f 1353/1432/1330 1347/1430/1328 1348/1431/1329 1354/1433/1331
f 1349/1434/1332 1348/1431/1329 1321/1426/1324 1322/1427/1325
f 1355/1435/1333 1353/1432/1330 1354/1433/1331 1356/1436/1334
f 1357/1437/1335 1354/1433/1331 1348/1431/1329 1349/1434/1332
f 1350/1438/1336 1349/1434/1332 1322/1427/1325 1324/1428/1326
f 1356/1436/1334 1354/1433/1331 1357/1437/1335 1358/1439/1337
f 1359/1440/1338 1355/1435/1333 1356/1436/1334 1360/1441/1339
f 1371/1442/1340 1359/1440/1338 1360/1441/1339 1372/1443/1341
f 1363/1444/1342 1362/1445/1343 1371/1442/1340 1372/1443/1341
f 1360/1441/1339 1356/1436/1334 1358/1439/1337 1361/1446/1344
f 1372/1443/1341 1360/1441/1339 1361/1446/1344 1373/1447/1345
f 1351/1448/1346 1350/1438/1336 1324/1428/1326 1325/1429/1327
f 1364/1449/1347 1363/1444/1342 1372/1443/1341 1373/1447/1345
f 1374/1450/1348 1373/1447/1345 1361/1446/1344 1370/1451/1349
f 1385/1452/1350 1364/1449/1347 1373/1447/1345 1374/1450/1348
f 1381/1453/1351 1385/1452/1350 1374/1450/1348 1378/1454/1352
f 1368/1455/1353 1357/1437/1335 1349/1434/1332 1350/1438/1336
f 1375/1456/1354 1368/1455/1353 1350/1438/1336 1351/1448/1346
f 1365/1457/1355 1362/1445/1343 1363/1444/1342 1366/1458/1356
f 1367/1459/1357 1366/1458/1356 1363/1444/1342 1364/1449/1347
f 1367/1459/1357 1364/1449/1347 1385/1452/1350 1386/1460/1358
f 1397/1461/1359 1366/1462/1356 1367/1463/1357 1399/1464/1360
f 1398/1465/1361 1365/1466/1355 1366/1462/1356 1397/1461/1359
f 1400/1467/1362 1399/1464/1360 1367/1463/1357 1386/1468/1358
f 1386/1460/1358 1385/1452/1350 1381/1453/1351 1387/1469/1363
f 1405/1470/1364 1400/1467/1362 1386/1468/1358 1387/1471/1363
f 1402/1472/1365 1399/1464/1360 1400/1467/1362 1401/1473/1366
f 1397/1461/1359 1399/1464/1360 1402/1472/1365 1403/1474/1367
f 1398/1465/1361 1397/1461/1359 1403/1474/1367 1404/1475/1368
f 1403/1474/1367 1402/1472/1365 1411/1476/1369 1412/1477/1370
f 1404/1475/1368 1403/1474/1367 1412/1477/1370 1413/1478/1371
f 1412/1477/1370 1411/1476/1369 1414/1479/1372 1416/1480/1373
f 1413/1478/1371 1412/1477/1370 1416/1480/1373 1417/1481/1374
f 1416/1480/1373 1414/1479/1372 1418/1482/1375 1420/1483/1376
f 1417/1481/1374 1416/1480/1373 1420/1483/1376 1421/1484/1377
f 1410/1485/1378 1411/1476/1369 1402/1472/1365 1401/1473/1366
f 1401/1473/1366 1400/1467/1362 1405/1470/1364 1406/1486/1379
f 1435/1487/1380 1434/1488/1381 1401/1473/1366 1406/1486/1379
f 1429/1489/1382 1421/1484/1377 1420/1483/1376 1428/1490/1383
f 1428/1490/1383 1420/1483/1376 1418/1482/1375 1426/1491/1384
f 1426/1491/1384 1418/1482/1375 1419/1492/1385 1427/1493/1386
f 1440/1494/1387 1426/1491/1384 1427/1493/1386 1441/1495/1388
f 1439/1496/1389 1428/1490/1383 1426/1491/1384 1440/1494/1387
f 1438/1497/1390 1429/1489/1382 1428/1490/1383 1439/1496/1389
f 1438/1497/1390 1439/1496/1389 1445/1498/1391
f 1445/1498/1391 1439/1496/1389 1440/1494/1387 1444/1499/1392
f 1444/1499/1392 1440/1494/1387 1441/1495/1388 1443/1500/1393
f 1446/1501/1394 1438/1497/1390 1445/1498/1391 1447/1502/1395
f 1448/1503/1396 1447/1502/1395 1445/1498/1391 1444/1499/1392
f 1449/1504/1397 1448/1503/1396 1444/1499/1392 1443/1500/1393
f 1451/1505/1398 1446/1501/1394 1447/1502/1395 1452/1506/1399
f 1453/1507/1400 1452/1506/1399 1447/1502/1395 1448/1503/1396
f 1454/1508/1401 1453/1507/1400 1448/1503/1396 1449/1504/1397
f 1456/1509/1402 1451/1505/1398 1452/1506/1399 1457/1510/1403
f 1458/1511/1404 1457/1510/1403 1452/1506/1399 1453/1507/1400
f 1459/1512/1405 1458/1511/1404 1453/1507/1400 1454/1508/1401
f 1461/1513/1406 1460/1514/1407 1459/1512/1405 1462/1515/1408
f 1462/1515/1408 1459/1512/1405 1454/1508/1401 1455/1516/1409
f 1455/1516/1409 1454/1508/1401 1449/1504/1397 1450/1517/1410
f 1450/1517/1410 1449/1504/1397 1443/1500/1393 1442/1518/1411
f 1443/1500/1393 1441/1495/1388 1442/1518/1411
f 1442/1518/1411 1441/1495/1388 1427/1493/1386 1425/1519/1412
f 1427/1493/1386 1419/1492/1385 1424/1520/1413 1425/1519/1412
f 1407/1521/1414 1405/1470/1364 1387/1471/1363 1388/1522/1415
f 1388/1523/1415 1387/1469/1363 1381/1453/1351 1384/1524/1416
f 1384/1524/1416 1381/1453/1351 1380/1525/1417 1383/1526/1418
f 1382/1527/1419 1379/1528/1420 1351/1448/1346 1352/1529/1421
f 1475/1530/1422 1474/1531/1423 1388/1523/1415 1384/1524/1416
f 1464/1532/1424 1461/1513/1406 1462/1515/1408 1463/1533/1425
f 1467/1534/1426 1463/1533/1425 1462/1515/1408 1455/1516/1409
f 1468/1535/1427 1467/1534/1426 1455/1516/1409 1450/1517/1410
f 1469/1536/1428 1468/1535/1427 1450/1517/1410 1442/1518/1411
f 1470/1537/1429 1469/1536/1428 1442/1518/1411 1425/1519/1412
f 1473/1538/1430 1407/1521/1414 1388/1522/1415 1474/1539/1423
f 1483/1540/1431 1482/1541/1432 1488/1542/1433 1485/1543/1434
f 1481/1544/1435 1479/1545/1436 1482/1546/1432 1483/1547/1431
f 1481/1544/1435 1473/1538/1430 1474/1539/1423 1479/1545/1436
f 1487/1548/1437 1466/1549/1438 1485/1543/1434 1488/1542/1433
f 1341/1550/1439 1461/1513/1406 1464/1532/1424 1465/1551/1440
f 1341/1550/1439 1465/1551/1440 1466/1549/1438 1487/1548/1437
f 1341/1550/1439 1487/1548/1437 1503/1552/1441
f 1340/1553/1442 1339/1422/1320 1312/1423/1321 1307/1554/1443
f 1460/1514/1407 1461/1513/1406 1341/1550/1439 1306/1555/1444
f 1504/1556/1445 1306/1555/1444 1341/1550/1439 1503/1552/1441
f 1504/1556/1445 1503/1552/1441 1340/1553/1442 1307/1554/1443
f 1305/1557/1446 1307/1554/1443 1312/1423/1321 1311/1420/1318
f 1459/1512/1405 1460/1514/1407 1306/1555/1444 1304/1558/1447
f 1505/1559/1448 1304/1558/1447 1306/1555/1444 1504/1556/1445
f 1505/1559/1448 1504/1556/1445 1307/1554/1443 1305/1557/1446
f 1303/1560/1449 1305/1557/1446 1311/1420/1318 1310/1416/1314
f 1458/1511/1404 1459/1512/1405 1304/1558/1447 1302/1561/1450
f 1506/1562/1451 1302/1561/1450 1304/1558/1447 1505/1559/1448
f 1506/1562/1451 1505/1559/1448 1305/1557/1446 1303/1560/1449
f 1300/1563/1452 1303/1560/1449 1310/1416/1314 1309/1411/1309
f 1457/1510/1403 1458/1511/1404 1302/1561/1450 1299/1564/1453
f 1507/1565/1454 1299/1564/1453 1302/1561/1450 1506/1562/1451
f 1507/1565/1454 1506/1562/1451 1303/1560/1449 1300/1563/1452
f 1298/1566/1455 1299/1564/1453 1507/1565/1454 1508/1567/1456
f 1456/1509/1402 1457/1510/1403 1299/1564/1453 1298/1566/1455
f 1301/1568/1457 1300/1563/1452 1309/1411/1309 1308/1410/1308
f 1508/1567/1456 1507/1565/1454 1300/1563/1452 1301/1568/1457
f 1479/1569/1436 1474/1531/1423 1475/1530/1422 1480/1570/1458
f 1352/1529/1421 1351/1448/1346 1325/1429/1327 1346/1571/1459
f 1346/1571/1459 1325/1429/1327 1327/1424/1322 1345/1572/1460
f 1345/1572/1460 1327/1424/1322 1330/1418/1316 1337/1573/1461
f 1337/1573/1461 1330/1418/1316 1335/1419/1317 1336/1574/1462
f 1342/1575/1463 1336/1574/1462 1335/1419/1317 1338/1421/1319
f 1343/1576/1464 1342/1575/1463 1338/1421/1319 1339/1422/1320
f 1484/1577/1465 1482/1578/1432 1479/1569/1436 1480/1570/1458
f 1488/1542/1433 1482/1541/1432 1484/1579/1465 1486/1580/1466
f 1344/1581/1467 1340/1553/1442 1503/1552/1441 1487/1548/1437
f 1344/1581/1467 1343/1576/1464 1339/1422/1320 1340/1553/1442
f 1344/1581/1467 1487/1548/1437 1488/1542/1433 1486/1580/1466
f 1476/1582/1468 1475/1530/1422 1384/1524/1416 1383/1526/1418
f 1477/1583/1469 1476/1582/1468 1383/1526/1418 1382/1527/1419
f 1478/1584/1470 1477/1583/1469 1382/1527/1419 1352/1529/1421
f 1511/1585/1471 1478/1584/1470 1352/1529/1421 1346/1571/1459
f 1512/1586/1472 1511/1585/1471 1346/1571/1459 1345/1572/1460
f 1513/1587/1473 1512/1586/1472 1345/1572/1460 1337/1573/1461
f 1514/1588/1474 1513/1587/1473 1337/1573/1461 1336/1574/1462
f 1515/1589/1475 1514/1588/1474 1336/1574/1462 1342/1575/1463
f 1516/1590/1476 1515/1589/1475 1342/1575/1463 1343/1576/1464
f 1516/1590/1476 1343/1576/1464 1344/1581/1467 1519/1591/1477
f 1519/1591/1477 1344/1581/1467 1486/1580/1466 1518/1592/1478
f 1518/1592/1478 1486/1580/1466 1484/1579/1465 1517/1593/1479
f 1517/1594/1479 1484/1577/1465 1480/1570/1458 1510/1595/1480
f 1510/1595/1480 1480/1570/1458 1475/1530/1422 1509/1596/1481
f 1509/1596/1481 1475/1530/1422 1476/1582/1468
f 1797/1597/1482 1476/1582/1468 1477/1583/1469 1796/1598/1483
f 1795/1599/1484 1796/1598/1483 1477/1583/1469 1478/1584/1470
f 1794/1600/1485 1795/1599/1484 1478/1584/1470 1511/1585/1471
f 1793/1601/1486 1794/1600/1485 1511/1585/1471 1512/1586/1472
f 1792/1602/1487 1793/1601/1486 1512/1586/1472 1513/1587/1473
f 1791/1603/1488 1792/1602/1487 1513/1587/1473 1514/1588/1474
f 1790/1604/1489 1791/1603/1488 1514/1588/1474 1515/1589/1475
f 1789/1605/1490 1790/1604/1489 1515/1589/1475 1516/1590/1476
f 1788/1606/1491 1789/1605/1490 1516/1590/1476 1519/1591/1477
f 1787/1607/1492 1788/1606/1491 1519/1591/1477 1518/1592/1478
f 1786/1608/1493 1787/1607/1492 1518/1592/1478 1517/1593/1479
f 1785/1609/1494 1786/1610/1493 1517/1594/1479 1510/1595/1480
f 1784/1611/1495 1785/1609/1494 1510/1595/1480 1509/1596/1481
f 1797/1597/1482 1784/1611/1495 1509/1596/1481 1476/1582/1468
f 1539/1612/1496 1525/1613/1497 1526/1614/1498 1540/1615/1499
f 1538/1616/1500 1524/1617/1501 1525/1613/1497 1539/1612/1496
f 1537/1618/1502 1523/1619/1503 1524/1617/1501 1538/1616/1500
f 1536/1620/1504 1522/1621/1505 1523/1619/1503 1537/1618/1502
f 1535/1622/1506 1521/1623/1507 1522/1621/1505 1536/1620/1504
f 1534/1624/1508 1520/1625/1509 1521/1623/1507 1535/1622/1506
f 1547/1626/1510 1533/1627/1511 1520/1625/1509 1534/1624/1508
f 1546/1628/1512 1532/1629/1513 1533/1627/1511 1547/1626/1510
f 1545/1630/1514 1531/1631/1515 1532/1629/1513 1546/1628/1512
f 1544/1632/1516 1530/1633/1517 1531/1634/1515 1545/1635/1514
f 1543/1636/1518 1529/1637/1519 1530/1633/1517 1544/1632/1516
f 1542/1638/1520 1528/1639/1521 1529/1637/1519 1543/1636/1518
f 1541/1640/1522 1527/1641/1523 1528/1639/1521 1542/1638/1520
f 1541/1640/1522 1540/1615/1499 1526/1614/1498 1527/1641/1523
f 1563/1642/1524 1539/1612/1496 1540/1615/1499 1562/1643/1525
f 1562/1643/1525 1540/1615/1499 1541/1640/1522 1575/1644/1526
f 1564/1645/1527 1538/1616/1500 1539/1612/1496 1563/1642/1524
f 1565/1646/1528 1537/1618/1502 1538/1616/1500 1564/1645/1527
f 1566/1647/1529 1536/1620/1504 1537/1618/1502 1565/1646/1528
f 1567/1648/1530 1535/1622/1506 1536/1620/1504 1566/1647/1529
f 1568/1649/1531 1534/1624/1508 1535/1622/1506 1567/1648/1530
f 1569/1650/1532 1547/1626/1510 1534/1624/1508 1568/1649/1531
f 1570/1651/1533 1546/1628/1512 1547/1626/1510 1569/1650/1532
f 1571/1652/1534 1545/1630/1514 1546/1628/1512 1570/1651/1533
f 1572/1653/1535 1544/1632/1516 1545/1635/1514 1571/1654/1534
f 1573/1655/1536 1543/1636/1518 1544/1632/1516 1572/1653/1535
f 1574/1656/1537 1542/1638/1520 1543/1636/1518 1573/1655/1536
f 1575/1644/1526 1541/1640/1522 1542/1638/1520 1574/1656/1537
f 1577/1657/1538 1563/1642/1524 1562/1643/1525 1576/1658/1539
f 1576/1658/1539 1562/1643/1525 1575/1644/1526 1589/1659/1540
f 1578/1660/1541 1564/1645/1527 1563/1642/1524 1577/1657/1538
f 1579/1661/1542 1565/1646/1528 1564/1645/1527 1578/1660/1541
f 1580/1662/1543 1566/1647/1529 1565/1646/1528 1579/1661/1542
f 1581/1663/1544 1567/1648/1530 1566/1647/1529 1580/1662/1543
f 1582/1664/1545 1568/1649/1531 1567/1648/1530 1581/1663/1544
f 1583/1665/1546 1569/1650/1532 1568/1649/1531 1582/1664/1545
f 1584/1666/1547 1570/1651/1533 1569/1650/1532 1583/1665/1546
f 1585/1667/1548 1571/1652/1534 1570/1651/1533 1584/1666/1547
f 1586/1668/1549 1572/1653/1535 1571/1654/1534 1585/1669/1548
f 1587/1670/1550 1573/1655/1536 1572/1653/1535 1586/1668/1549
f 1588/1671/1551 1574/1656/1537 1573/1655/1536 1587/1670/1550
f 1589/1659/1540 1575/1644/1526 1574/1656/1537 1588/1671/1551
f 1603/1672/1552 1589/1659/1540 1588/1671/1551 1602/1673/1553
f 1591/1674/1554 1577/1657/1538 1576/1658/1539 1590/1675/1555
f 1590/1675/1555 1576/1658/1539 1589/1659/1540 1603/1672/1552
f 1592/1676/1556 1578/1660/1541 1577/1657/1538 1591/1674/1554
f 1593/1677/1557 1579/1661/1542 1578/1660/1541 1592/1676/1556
f 1594/1678/1558 1580/1662/1543 1579/1661/1542 1593/1677/1557
f 1595/1679/1559 1581/1663/1544 1580/1662/1543 1594/1678/1558
f 1596/1680/1560 1582/1664/1545 1581/1663/1544 1595/1679/1559
f 1597/1681/1561 1583/1665/1546 1582/1664/1545 1596/1680/1560
f 1598/1682/1562 1584/1666/1547 1583/1665/1546 1597/1681/1561
f 1599/1683/1563 1585/1667/1548 1584/1666/1547 1598/1682/1562
f 1600/1684/1564 1586/1668/1549 1585/1669/1548 1599/1685/1563
f 1601/1686/1565 1587/1670/1550 1586/1668/1549 1600/1684/1564
f 1602/1673/1553 1588/1671/1551 1587/1670/1550 1601/1686/1565
f 1617/1687/1566 1603/1672/1552 1602/1673/1553 1616/1688/1567
f 1605/1689/1568 1591/1674/1554 1590/1675/1555 1604/1690/1569
f 1604/1690/1569 1590/1675/1555 1603/1672/1552 1617/1687/1566
f 1605/1689/1568 1604/1690/1569 1548/1691/1570 1549/1692/1571
f 1604/1690/1569 1617/1687/1566 1561/1693/1572 1548/1691/1570
f 1606/1694/1573 1592/1676/1556 1591/1674/1554 1605/1689/1568
f 1606/1694/1573 1605/1689/1568 1549/1692/1571 1550/1695/1574
f 1607/1696/1575 1593/1677/1557 1592/1676/1556 1606/1694/1573
f 1607/1696/1575 1606/1694/1573 1550/1695/1574 1551/1697/1576
f 1608/1698/1577 1594/1678/1558 1593/1677/1557 1607/1696/1575
f 1608/1698/1577 1607/1696/1575 1551/1697/1576 1552/1699/1578
f 1609/1700/1579 1595/1679/1559 1594/1678/1558 1608/1698/1577
f 1609/1700/1579 1608/1698/1577 1552/1699/1578 1553/1701/1580
f 1610/1702/1581 1596/1680/1560 1595/1679/1559 1609/1700/1579
f 1610/1702/1581 1609/1700/1579 1553/1701/1580 1554/1703/1582
f 1611/1704/1583 1597/1681/1561 1596/1680/1560 1610/1702/1581
f 1611/1704/1583 1610/1702/1581 1554/1703/1582 1555/1705/1584
f 1612/1706/1585 1598/1682/1562 1597/1681/1561 1611/1704/1583
f 1612/1706/1585 1611/1704/1583 1555/1705/1584 1556/1707/1586
f 1613/1708/1587 1599/1683/1563 1598/1682/1562 1612/1706/1585
f 1613/1708/1587 1612/1706/1585 1556/1707/1586 1557/1709/1588
f 1614/1710/1589 1600/1684/1564 1599/1685/1563 1613/1711/1587
f 1614/1710/1589 1613/1711/1587 1557/1712/1588 1558/1713/1590
f 1615/1714/1591 1601/1686/1565 1600/1684/1564 1614/1710/1589
f 1615/1714/1591 1614/1710/1589 1558/1713/1590 1559/1715/1592
f 1616/1688/1567 1602/1673/1553 1601/1686/1565 1615/1714/1591
f 1616/1688/1567 1615/1714/1591 1559/1715/1592 1560/1716/1593
f 1617/1687/1566 1616/1688/1567 1560/1716/1593 1561/1693/1572
f 1495/1717/1594 1471/1718/1595 1472/1719/1596 1496/1720/1597
f 1494/1721/1598 1470/1537/1429 1471/1718/1595 1495/1717/1594
f 1493/1722/1599 1469/1536/1428 1470/1537/1429 1494/1721/1598
f 1492/1723/1600 1468/1535/1427 1469/1536/1428 1493/1722/1599
f 1491/1724/1601 1467/1534/1426 1468/1535/1427 1492/1723/1600
f 1489/1725/1602 1463/1533/1425 1467/1534/1426 1491/1724/1601
f 1490/1726/1603 1464/1532/1424 1463/1533/1425 1489/1725/1602
f 1465/1551/1440 1464/1532/1424 1490/1726/1603 1498/1727/1604
f 1497/1728/1605 1496/1720/1597 1472/1719/1596 1473/1538/1430
f 1497/1728/1605 1473/1538/1430 1481/1544/1435 1502/1729/1606
f 1502/1729/1606 1481/1544/1435 1483/1547/1431 1501/1730/1607
f 1501/1731/1607 1483/1540/1431 1485/1543/1434 1500/1732/1608
f 1500/1732/1608 1485/1543/1434 1466/1549/1438 1499/1733/1609
f 1466/1549/1438 1465/1551/1440 1498/1727/1604 1499/1733/1609
f 1777/1734/1610 1778/1735/1611 1624/1736/1612 1625/1737/1613
f 1776/1738/1614 1777/1734/1610 1625/1737/1613 1626/1739/1615
f 1631/1740/1616 1775/1741/1617 1776/1738/1614 1626/1739/1615
f 1630/1742/1618 1774/1743/1619 1775/1741/1617 1631/1740/1616
f 1629/1744/1620 1773/1745/1621 1774/1743/1619 1630/1742/1618
f 1628/1746/1622 1772/1747/1623 1773/1748/1621 1629/1749/1620
f 1627/1750/1624 1771/1751/1625 1772/1747/1623 1628/1746/1622
f 1618/1752/1626 1770/1753/1627 1771/1751/1625 1627/1750/1624
f 1619/1754/1628 1783/1755/1629 1770/1753/1627 1618/1752/1626
f 1782/1756/1630 1783/1755/1629 1619/1754/1628 1620/1757/1631
f 1781/1758/1632 1782/1756/1630 1620/1757/1631 1621/1759/1633
f 1780/1760/1634 1781/1758/1632 1621/1759/1633 1622/1761/1635
f 1779/1762/1636 1780/1760/1634 1622/1761/1635 1623/1763/1637
f 1624/1736/1612 1778/1735/1611 1779/1762/1636 1623/1763/1637
f 1659/1764/1638 1623/1763/1637 1622/1761/1635 1658/1765/1639
f 1646/1766/1640 1624/1736/1612 1623/1763/1637 1659/1764/1638
f 1647/1767/1641 1625/1737/1613 1624/1736/1612 1646/1766/1640
f 1648/1768/1642 1626/1739/1615 1625/1737/1613 1647/1767/1641
f 1649/1769/1643 1631/1740/1616 1626/1739/1615 1648/1768/1642
f 1650/1770/1644 1630/1742/1618 1631/1740/1616 1649/1769/1643
f 1651/1771/1645 1629/1744/1620 1630/1742/1618 1650/1770/1644
f 1652/1772/1646 1628/1746/1622 1629/1749/1620 1651/1773/1645
f 1653/1774/1647 1627/1750/1624 1628/1746/1622 1652/1772/1646
f 1654/1775/1648 1618/1752/1626 1627/1750/1624 1653/1774/1647
f 1655/1776/1649 1619/1754/1628 1618/1752/1626 1654/1775/1648
f 1656/1777/1650 1620/1757/1631 1619/1754/1628 1655/1776/1649
f 1657/1778/1651 1621/1759/1633 1620/1757/1631 1656/1777/1650
f 1658/1765/1639 1622/1761/1635 1621/1759/1633 1657/1778/1651
f 1673/1779/1652 1659/1764/1638 1658/1765/1639 1672/1780/1653
f 1660/1781/1654 1646/1766/1640 1659/1764/1638 1673/1779/1652
f 1661/1782/1655 1647/1767/1641 1646/1766/1640 1660/1781/1654
f 1662/1783/1656 1648/1768/1642 1647/1767/1641 1661/1782/1655
f 1663/1784/1657 1649/1769/1643 1648/1768/1642 1662/1783/1656
f 1664/1785/1658 1650/1770/1644 1649/1769/1643 1663/1784/1657
f 1665/1786/1659 1651/1771/1645 1650/1770/1644 1664/1785/1658
f 1666/1787/1660 1652/1772/1646 1651/1773/1645 1665/1788/1659
f 1667/1789/1661 1653/1774/1647 1652/1772/1646 1666/1787/1660
f 1668/1790/1662 1654/1775/1648 1653/1774/1647 1667/1789/1661
f 1669/1791/1663 1655/1776/1649 1654/1775/1648 1668/1790/1662
f 1670/1792/1664 1656/1777/1650 1655/1776/1649 1669/1791/1663
f 1671/1793/1665 1657/1778/1651 1656/1777/1650 1670/1792/1664
f 1672/1780/1653 1658/1765/1639 1657/1778/1651 1671/1793/1665
f 1687/1794/1666 1673/1779/1652 1672/1780/1653 1686/1795/1667
f 1674/1796/1668 1660/1781/1654 1673/1779/1652 1687/1794/1666
f 1675/1797/1669 1661/1782/1655 1660/1781/1654 1674/1796/1668
f 1676/1798/1670 1662/1783/1656 1661/1782/1655 1675/1797/1669
f 1677/1799/1671 1663/1784/1657 1662/1783/1656 1676/1798/1670
f 1678/1800/1672 1664/1785/1658 1663/1784/1657 1677/1799/1671
f 1679/1801/1673 1665/1786/1659 1664/1785/1658 1678/1800/1672
f 1680/1802/1674 1666/1787/1660 1665/1788/1659 1679/1803/1673
f 1681/1804/1675 1667/1789/1661 1666/1787/1660 1680/1802/1674
f 1682/1805/1676 1668/1790/1662 1667/1789/1661 1681/1804/1675
f 1683/1806/1677 1669/1791/1663 1668/1790/1662 1682/1805/1676
f 1684/1807/1678 1670/1792/1664 1669/1791/1663 1683/1806/1677
f 1685/1808/1679 1671/1793/1665 1670/1792/1664 1684/1807/1678
f 1686/1795/1667 1672/1780/1653 1671/1793/1665 1685/1808/1679
f 1701/1809/1680 1687/1794/1666 1686/1795/1667 1700/1810/1681
f 1688/1811/1682 1674/1796/1668 1687/1794/1666 1701/1809/1680
f 1689/1812/1683 1675/1797/1669 1674/1796/1668 1688/1811/1682
f 1690/1813/1684 1676/1798/1670 1675/1797/1669 1689/1812/1683
f 1691/1814/1685 1677/1799/1671 1676/1798/1670 1690/1813/1684
f 1692/1815/1686 1678/1800/1672 1677/1799/1671 1691/1814/1685
f 1693/1816/1687 1679/1801/1673 1678/1800/1672 1692/1815/1686
f 1694/1817/1688 1680/1802/1674 1679/1803/1673 1693/1818/1687
f 1695/1819/1689 1681/1804/1675 1680/1802/1674 1694/1817/1688
f 1696/1820/1690 1682/1805/1676 1681/1804/1675 1695/1819/1689
f 1697/1821/1691 1683/1806/1677 1682/1805/1676 1696/1820/1690
f 1698/1822/1692 1684/1807/1678 1683/1806/1677 1697/1821/1691
f 1699/1823/1693 1685/1808/1679 1684/1807/1678 1698/1822/1692
f 1700/1810/1681 1686/1795/1667 1685/1808/1679 1699/1823/1693
f 1714/1824/1694 1700/1810/1681 1699/1823/1693 1713/1825/1695
f 1702/1826/1696 1688/1811/1682 1701/1809/1680 1715/1827/1697
f 1703/1828/1698 1689/1812/1683 1688/1811/1682 1702/1826/1696
f 1702/1826/1696 1715/1827/1697 1645/1829/1699 1632/1830/1700
f 1703/1828/1698 1702/1826/1696 1632/1830/1700 1633/1831/1701
f 1704/1832/1702 1690/1813/1684 1689/1812/1683 1703/1828/1698
f 1704/1832/1702 1703/1828/1698 1633/1831/1701 1634/1833/1703
f 1705/1834/1704 1691/1814/1685 1690/1813/1684 1704/1832/1702
f 1705/1834/1704 1704/1832/1702 1634/1833/1703 1635/1835/1705
f 1706/1836/1706 1692/1815/1686 1691/1814/1685 1705/1834/1704
f 1706/1836/1706 1705/1834/1704 1635/1835/1705 1636/1837/1707
f 1707/1838/1708 1693/1816/1687 1692/1815/1686 1706/1836/1706
f 1707/1838/1708 1706/1836/1706 1636/1837/1707 1637/1839/1709
f 1708/1840/1710 1694/1817/1688 1693/1818/1687 1707/1841/1708
f 1708/1840/1710 1707/1841/1708 1637/1842/1709 1638/1843/1711
f 1709/1844/1712 1695/1819/1689 1694/1817/1688 1708/1840/1710
f 1709/1844/1712 1708/1840/1710 1638/1843/1711 1639/1845/1713
f 1710/1846/1714 1696/1820/1690 1695/1819/1689 1709/1844/1712
f 1710/1846/1714 1709/1844/1712 1639/1845/1713 1640/1847/1715
f 1711/1848/1716 1697/1821/1691 1696/1820/1690 1710/1846/1714
f 1711/1848/1716 1710/1846/1714 1640/1847/1715 1641/1849/1717
f 1712/1850/1718 1698/1822/1692 1697/1821/1691 1711/1848/1716
f 1712/1850/1718 1711/1848/1716 1641/1849/1717 1642/1851/1719
f 1713/1825/1695 1699/1823/1693 1698/1822/1692 1712/1850/1718
f 1713/1825/1695 1712/1850/1718 1642/1851/1719 1643/1852/1720
f 1714/1824/1694 1713/1825/1695 1643/1852/1720 1644/1853/1721
f 1715/1827/1697 1701/1809/1680 1700/1810/1681 1714/1824/1694
f 1715/1827/1697 1714/1824/1694 1644/1853/1721 1645/1829/1699
f 1718/1854/1722 1717/1855/1723 1645/1829/1699 1644/1853/1721
f 1719/1856/1724 1718/1854/1722 1644/1853/1721 1643/1852/1720
f 1720/1857/1725 1719/1856/1724 1643/1852/1720 1642/1851/1719
f 1721/1858/1726 1720/1857/1725 1642/1851/1719 1641/1849/1717
f 1722/1859/1727 1721/1858/1726 1641/1849/1717 1640/1847/1715
f 1723/1860/1728 1722/1859/1727 1640/1847/1715 1639/1845/1713
f 1724/1861/1729 1723/1860/1728 1639/1845/1713 1638/1843/1711
f 1725/1862/1730 1724/1861/1729 1638/1843/1711 1637/1842/1709
f 1726/1863/1731 1725/1864/1730 1637/1839/1709 1636/1837/1707
f 1727/1865/1732 1726/1863/1731 1636/1837/1707 1635/1835/1705
f 1728/1866/1733 1727/1865/1732 1635/1835/1705 1634/1833/1703
f 1729/1867/1734 1633/1831/1701 1632/1830/1700 1716/1868/1735
f 1716/1868/1735 1632/1830/1700 1645/1829/1699 1717/1855/1723
f 1729/1867/1734 1728/1866/1733 1634/1833/1703 1633/1831/1701
f 1732/1869/1736 1731/1870/1737 1553/1701/1580 1552/1699/1578
f 1733/1871/1738 1732/1869/1736 1552/1699/1578 1551/1697/1576
f 1734/1872/1739 1733/1871/1738 1551/1697/1576 1550/1695/1574
f 1735/1873/1740 1734/1872/1739 1550/1695/1574 1549/1692/1571
f 1736/1874/1741 1735/1873/1740 1549/1692/1571 1548/1691/1570
f 1737/1875/1742 1736/1874/1741 1548/1691/1570 1561/1693/1572
f 1738/1876/1743 1737/1875/1742 1561/1693/1572 1560/1716/1593
f 1739/1877/1744 1738/1876/1743 1560/1716/1593 1559/1715/1592
f 1740/1878/1745 1739/1877/1744 1559/1715/1592 1558/1713/1590
f 1741/1879/1746 1740/1878/1745 1558/1713/1590 1557/1712/1588
f 1742/1880/1747 1741/1881/1746 1557/1709/1588 1556/1707/1586
f 1743/1882/1748 1742/1880/1747 1556/1707/1586 1555/1705/1584
f 1730/1883/1749 1554/1703/1582 1553/1701/1580 1731/1870/1737
f 1743/1882/1748 1555/1705/1584 1554/1703/1582 1730/1883/1749
f 1750/1884/1750 1751/1885/1751 1745/1886/1752 1748/1887/1753
f 1750/1884/1750 1748/1887/1753 1746/1888/1754 1747/1889/1755
f 1753/1890/1756 1749/1891/1757 1750/1884/1750 1747/1889/1755
f 1751/1885/1751 1750/1884/1750 1749/1891/1757 1752/1892/1758
f 1374/1450/1348 1370/1451/1349 1390/1893/1759 1393/1894/1760
f 1393/1894/1760 1390/1893/1759 1755/1895/1761
f 1394/1896/1762 1378/1454/1352 1374/1450/1348 1393/1894/1760
f 1755/1895/1761 1392/1897/1763 1394/1896/1762 1393/1894/1760
f 1755/1895/1761 1390/1893/1759 1745/1886/1752 1751/1885/1751
f 1755/1895/1761 1751/1885/1751 1752/1892/1758 1392/1897/1763
f 1757/1898/1764 1389/1899/1765 1395/1900/1766
f 1395/1900/1766 1368/1455/1353 1375/1456/1354 1396/1901/1767
f 1395/1900/1766 1396/1901/1767 1391/1902/1768 1757/1898/1764
f 1747/1889/1755 1746/1888/1754 1389/1899/1765 1757/1898/1764
f 1391/1902/1768 1753/1890/1756 1747/1889/1755 1757/1898/1764
f 1358/1439/1337 1357/1437/1335 1368/1455/1353 1369/1903/1769
f 1369/1903/1769 1368/1455/1353 1395/1900/1766 1389/1899/1765
f 1370/1451/1349 1361/1446/1344 1358/1439/1337 1369/1903/1769
f 1754/1904/1770 1390/1893/1759 1370/1451/1349 1369/1903/1769
f 1369/1903/1769 1389/1899/1765 1754/1904/1770
f 1754/1904/1770 1389/1899/1765 1746/1888/1754 1748/1887/1753
f 1754/1904/1770 1748/1887/1753 1745/1886/1752 1390/1893/1759
f 1749/1891/1757 1753/1890/1756 1391/1902/1768 1756/1905/1771
f 1392/1897/1763 1752/1892/1758 1749/1891/1757 1756/1905/1771
f 1377/1906/1772 1378/1454/1352 1394/1896/1762 1392/1897/1763
f 1391/1902/1768 1396/1901/1767 1375/1456/1354 1376/1907/1773
f 1380/1525/1417 1381/1453/1351 1378/1454/1352 1377/1906/1772
f 1376/1907/1773 1375/1456/1354 1351/1448/1346 1379/1528/1420
f 1758/1908/1774 1376/1907/1773 1379/1528/1420
f 1379/1528/1420 1380/1525/1417 1377/1906/1772 1758/1908/1774
f 1382/1527/1419 1383/1526/1418 1380/1525/1417 1379/1528/1420
f 1756/1905/1771 1391/1902/1768 1376/1907/1773 1758/1908/1774
f 1377/1906/1772 1392/1897/1763 1756/1905/1771 1758/1908/1774
f 1430/1909/1775 1410/1485/1378 1401/1473/1366 1434/1488/1381
f 1432/1910/1776 1430/1909/1775 1434/1488/1381 1435/1487/1380
f 1760/1911/1777 1764/1912/1778 1430/1909/1775 1432/1910/1776
f 1759/1913/1779 1760/1911/1777 1432/1910/1776 1766/1914/1780
f 1768/1915/1781 1759/1913/1779 1744/1916/1782 1761/1917/1783
f 1761/1917/1783 1762/1918/1784 1763/1919/1785 1768/1915/1781
f 1768/1915/1781 1763/1919/1785 1764/1912/1778 1760/1911/1777
f 1768/1915/1781 1760/1911/1777 1759/1913/1779
f 1422/1920/1786 1424/1520/1413 1437/1921/1787 1433/1922/1788
f 1432/1910/1776 1435/1487/1380 1406/1486/1379 1409/1923/1789
f 1408/1924/1790 1405/1470/1364 1407/1521/1414
f 1436/1925/1791 1431/1926/1792 1765/1927/1793
f 1437/1921/1787 1424/1520/1413 1419/1492/1385 1436/1925/1791
f 1765/1927/1793 1433/1922/1788 1437/1921/1787 1436/1925/1791
f 1765/1927/1793 1431/1926/1792 1762/1918/1784 1761/1917/1783
f 1765/1927/1793 1761/1917/1783 1744/1916/1782 1433/1922/1788
f 1433/1922/1788 1744/1916/1782 1759/1913/1779 1766/1914/1780
f 1414/1479/1372 1411/1476/1369 1410/1485/1378 1415/1928/1794
f 1415/1928/1794 1410/1485/1378 1430/1909/1775 1767/1929/1795
f 1419/1492/1385 1418/1482/1375 1414/1479/1372 1415/1928/1794
f 1431/1926/1792 1436/1925/1791 1419/1492/1385 1415/1928/1794
f 1767/1929/1795 1431/1926/1792 1415/1928/1794
f 1767/1929/1795 1430/1909/1775 1764/1912/1778 1763/1919/1785
f 1767/1929/1795 1763/1919/1785 1762/1918/1784 1431/1926/1792
f 1409/1923/1789 1406/1486/1379 1405/1470/1364 1408/1924/1790
f 1408/1924/1790 1407/1521/1414 1473/1538/1430 1472/1719/1596
f 1769/1930/1796 1422/1920/1786 1433/1922/1788 1766/1914/1780
f 1769/1930/1796 1409/1923/1789 1408/1924/1790 1423/1931/1797
f 1423/1931/1797 1408/1924/1790 1472/1719/1596 1471/1718/1595
f 1425/1519/1412 1424/1520/1413 1422/1920/1786 1423/1931/1797
f 1423/1931/1797 1422/1920/1786 1769/1930/1796
f 1471/1718/1595 1470/1537/1429 1425/1519/1412 1423/1931/1797
f 1766/1914/1780 1432/1910/1776 1409/1923/1789 1769/1930/1796
f 1770/1753/1627 1496/1720/1597 1497/1728/1605 1771/1751/1625
f 1772/1747/1623 1771/1751/1625 1497/1728/1605 1502/1729/1606
f 1773/1748/1621 1772/1747/1623 1502/1729/1606 1501/1730/1607
f 1774/1743/1619 1773/1745/1621 1501/1731/1607 1500/1732/1608
f 1775/1741/1617 1774/1743/1619 1500/1732/1608 1499/1733/1609
f 1776/1738/1614 1775/1741/1617 1499/1733/1609 1498/1727/1604
f 1498/1727/1604 1490/1726/1603 1777/1734/1610 1776/1738/1614
f 1490/1726/1603 1489/1725/1602 1778/1735/1611 1777/1734/1610
f 1779/1762/1636 1778/1735/1611 1489/1725/1602 1491/1724/1601
f 1491/1724/1601 1492/1723/1600 1780/1760/1634 1779/1762/1636
f 1492/1723/1600 1493/1722/1599 1781/1758/1632 1780/1760/1634
f 1493/1722/1599 1494/1721/1598 1782/1756/1630 1781/1758/1632
f 1494/1721/1598 1495/1717/1594 1783/1755/1629 1782/1756/1630
f 1770/1753/1627 1783/1755/1629 1495/1717/1594 1496/1720/1597
f 1533/1627/1511 1532/1629/1513 1785/1609/1494 1784/1611/1495
f 1532/1629/1513 1531/1631/1515 1786/1610/1493 1785/1609/1494
f 1531/1634/1515 1530/1633/1517 1787/1607/1492 1786/1608/1493
f 1530/1633/1517 1529/1637/1519 1788/1606/1491 1787/1607/1492
f 1529/1637/1519 1528/1639/1521 1789/1605/1490 1788/1606/1491
f 1528/1639/1521 1527/1641/1523 1790/1604/1489 1789/1605/1490
f 1527/1641/1523 1526/1614/1498 1791/1603/1488 1790/1604/1489
f 1526/1614/1498 1525/1613/1497 1792/1602/1487 1791/1603/1488
f 1525/1613/1497 1524/1617/1501 1793/1601/1486 1792/1602/1487
f 1524/1617/1501 1523/1619/1503 1794/1600/1485 1793/1601/1486
f 1523/1619/1503 1522/1621/1505 1795/1599/1484 1794/1600/1485
f 1522/1621/1505 1521/1623/1507 1796/1598/1483 1795/1599/1484
f 1520/1625/1509 1797/1597/1482 1796/1598/1483 1521/1623/1507
f 1533/1627/1511 1784/1611/1495 1797/1597/1482 1520/1625/1509
o mixamorig:Cigar_Geo
v 0.043123 1.439182 0.279147
v 0.106006 1.323061 0.423651
v 0.094649 1.333556 0.434264
v 0.037579 1.445264 0.285794
v 0.028701 1.438013 0.284171
v 0.079973 1.323883 0.431774
v 0.091890 1.315110 0.421070
v 0.035113 1.433312 0.277386
v 0.102301 1.336703 0.406509
v 0.089849 1.349636 0.421580
v 0.070979 1.334518 0.415506
v 0.084071 1.323272 0.403421
v 0.103630 1.328684 0.427849
v 0.041613 1.443080 0.282331
v 0.084586 1.318602 0.425360
v 0.030700 1.434468 0.280411
v 0.101200 1.346212 0.413873
v 0.075680 1.327305 0.409093
v 0.031481 1.442739 0.286207
v 0.085253 1.329990 0.433997
v 0.039297 1.435392 0.277337
v 0.099497 1.316430 0.421944
v 0.078486 1.345243 0.422074
v 0.096119 1.326429 0.401613
v 0.093936 1.323581 0.429174
v 0.035940 1.440041 0.279984
v 0.103577 1.337958 0.403841
v 0.069281 1.335557 0.414127
v 0.089071 1.352213 0.420777
v 0.082897 1.323146 0.400606
v 0.100907 1.348475 0.412189
v 0.072192 1.328519 0.407119
v 0.076626 1.347886 0.421532
v 0.095875 1.327273 0.399191
v 0.097373 1.350401 0.388208
v 0.062996 1.347706 0.398795
v 0.094839 1.360885 0.396451
v 0.065677 1.339992 0.391232
v 0.082824 1.364742 0.405227
v 0.076745 1.335285 0.384847
v 0.070366 1.360255 0.405735
v 0.089790 1.339624 0.383261
v 0.087003 1.371082 0.362519
v 0.053429 1.367832 0.373159
v 0.084424 1.380990 0.370425
v 0.056116 1.360434 0.365139
v 0.072798 1.384747 0.378815
v 0.067100 1.355984 0.359008
v 0.060207 1.380228 0.379253
v 0.079425 1.360441 0.357198
v 0.077210 1.389504 0.339314
v 0.045189 1.386140 0.349962
v 0.074699 1.398938 0.346741
v 0.047969 1.379065 0.341539
v 0.063423 1.402587 0.355039
v 0.058654 1.375026 0.335956
v 0.051073 1.398123 0.355190
v 0.069860 1.379608 0.334077
v 0.066608 1.408569 0.315515
v 0.036832 1.405074 0.325903
v 0.064350 1.417575 0.322157
v 0.039578 1.398611 0.317336
v 0.053636 1.420956 0.330223
v 0.049759 1.395029 0.312393
v 0.041947 1.416614 0.330325
v 0.059814 1.399701 0.310435
v 0.056826 1.425911 0.293998
v 0.029422 1.422487 0.304209
v 0.054686 1.434284 0.299898
v 0.032304 1.416407 0.295327
v 0.044780 1.437077 0.307432
v 0.041502 1.413314 0.291090
v 0.033889 1.432839 0.307269
v 0.050740 1.417894 0.288994
v 0.095108 1.338057 0.434429
v 0.090302 1.314319 0.416516
v 0.100829 1.316851 0.415651
v 0.107570 1.325251 0.421031
v 0.076532 1.326081 0.427025
v 0.080303 1.317211 0.421375
v 0.105630 1.332077 0.427072
v 0.081822 1.334279 0.434017
v 0.049643 1.436774 0.281098
v 0.026244 1.435587 0.288173
v 0.047259 1.443662 0.285868
v 0.028409 1.428834 0.282655
v 0.039007 1.446278 0.292273
v 0.036592 1.425872 0.278403
v 0.029865 1.442480 0.291558
v 0.044204 1.429659 0.277130
v 0.105878 1.330743 0.414229
v 0.073619 1.330268 0.421899
v 0.077640 1.322302 0.415492
v 0.104316 1.339088 0.421413
v 0.079781 1.339835 0.428475
v 0.093355 1.344390 0.428775
v 0.087867 1.318381 0.410538
v 0.098843 1.321144 0.409252
vn -0.8855 -0.1960 0.4213
vn -0.5268 0.4268 0.7351
vn -0.5875 0.4508 0.6720
vn -0.9145 -0.0788 0.3967
vn -0.6612 -0.7469 -0.0702
vn -0.7326 -0.6691 -0.1253
vn -0.6129 0.4927 0.6177
vn 0.2080 0.7675 0.6064
vn 0.1843 0.8109 0.5554
vn 0.5186 -0.5591 -0.6469
vn 0.5298 -0.6031 -0.5964
vn -0.1811 -0.8499 -0.4949
vn -0.1978 -0.8075 -0.5557
vn 0.9439 -0.0382 -0.3281
vn 0.9298 0.0025 -0.3682
vn -0.9402 -0.0318 0.3392
vn 0.7953 0.5712 0.2031
vn 0.7799 0.6043 0.1631
vn -0.7544 -0.6262 -0.1969
vn 0.1769 0.8180 0.5473
vn -0.6161 0.4996 0.6089
vn -0.1928 -0.7962 -0.5734
vn 0.5256 -0.5440 -0.6540
vn 0.9280 0.0134 -0.3724
vn -0.9471 -0.0344 0.3190
vn 0.7735 0.6138 0.1578
vn -0.7567 -0.6165 -0.2174
vn 0.1677 0.8219 0.5444
vn -0.6198 0.5018 0.6034
vn -0.1803 -0.7872 -0.5898
vn 0.5319 -0.5271 -0.6628
vn 0.9233 0.0197 -0.3836
vn -0.9538 -0.0506 0.2963
vn 0.7677 0.6225 0.1521
vn -0.7500 -0.6177 -0.2363
vn 0.1566 0.8279 0.5386
vn -0.6206 0.5104 0.5953
vn -0.1644 -0.7816 -0.6017
vn 0.5383 -0.5153 -0.6668
vn 0.9207 0.0261 -0.3895
vn -0.9594 -0.0684 0.2737
vn 0.7626 0.6300 0.1470
vn -0.7452 -0.6188 -0.2486
vn 0.1318 0.8474 0.5144
vn -0.6311 0.5348 0.5619
vn -0.1627 -0.7634 -0.6251
vn 0.5373 -0.4883 -0.6877
vn 0.9119 0.0483 -0.4075
vn -0.9693 -0.0609 0.2381
vn 0.7453 0.6549 0.1253
vn -0.7563 -0.5924 -0.2776
vn 0.0658 0.9165 0.3947
vn -0.6703 0.6092 0.4237
vn -0.2055 -0.6450 -0.7360
vn 0.4669 -0.3561 -0.8095
vn 0.2309 0.7220 0.6522
vn -0.1856 -0.9098 -0.3712
vn 0.5665 -0.6448 -0.5132
vn 0.9615 -0.0713 -0.2653
vn -0.7234 -0.6632 -0.1920
vn -0.9471 -0.0909 0.3078
vn -0.5712 0.4969 0.6533
vn -0.1097 -0.7622 0.6379
vn 0.0482 -0.8741 0.4834
vn 0.3522 -0.7749 0.5248
vn 0.2058 -0.5560 0.8053
vn 0.5939 -0.5616 0.5761
vn 0.4475 -0.3644 0.8167
vn -0.0190 -0.3626 0.9318
vn -0.2562 -0.5498 0.7951
vn 0.2604 -0.2764 0.9251
vn 0.5796 -0.7058 -0.4073
vn -0.1112 -0.9477 -0.2992
vn -0.1758 -0.8350 -0.5214
vn 0.5478 -0.5803 -0.6027
vn 0.2908 0.5108 0.8090
vn 0.8456 0.3121 0.4332
vn -0.4930 0.3260 0.8067
vn -0.6102 -0.7922 0.0007
vn 0.9694 -0.2019 -0.1394
vn -0.8613 -0.2635 0.4345
vn 0.8375 0.1620 -0.5218
vn -0.9921 0.0416 0.1187
vn 0.6650 0.7468 -0.0109
vn -0.8070 -0.4625 -0.3671
vn -0.5366 0.7669 -0.3521
vn -0.1486 0.9309 -0.3337
vn 0.1159 0.8047 -0.5823
vn -0.3035 0.5863 -0.7511
vn -0.6355 0.1494 -0.7575
vn -0.7569 0.4145 -0.5053
vn 0.0146 0.2152 -0.9765
vn -0.3358 0.0141 -0.9418
vn 0.2561 0.4646 -0.8477
vn 0.9426 -0.0326 -0.3324
vn 0.8212 0.5280 0.2164
vn 0.2467 0.7482 0.6159
vn 0.8226 0.5181 0.2342
vt 0.292362 0.897139
vt 0.286455 0.896155
vt 0.286228 0.895322
vt 0.292898 0.896204
vt 0.296041 0.900481
vt 0.295996 0.898682
vt 0.286152 0.888278
vt 0.281078 0.895776
vt 0.281002 0.889187
vt 0.307535 0.893194
vt 0.304145 0.901921
vt 0.300353 0.900944
vt 0.302180 0.892121
vt 0.271844 0.901297
vt 0.266885 0.903353
vt 0.264675 0.893647
vt 0.270128 0.892438
vt 0.293119 0.889339
vt 0.276506 0.899311
vt 0.275246 0.890967
vt 0.297116 0.890493
vt 0.280891 0.877143
vt 0.286423 0.876680
vt 0.302749 0.877467
vt 0.308056 0.877259
vt 0.263947 0.877871
vt 0.269611 0.877767
vt 0.292760 0.877023
vt 0.274829 0.877215
vt 0.297366 0.876813
vt 0.281031 0.864978
vt 0.286413 0.864559
vt 0.302013 0.864562
vt 0.306877 0.863775
vt 0.264806 0.864439
vt 0.270171 0.864859
vt 0.292273 0.865008
vt 0.275140 0.864678
vt 0.296859 0.864319
vt 0.281243 0.852135
vt 0.286245 0.851787
vt 0.300750 0.851433
vt 0.305134 0.850310
vt 0.266251 0.851023
vt 0.271126 0.851728
vt 0.291602 0.852396
vt 0.275710 0.851608
vt 0.295960 0.851375
vt 0.281523 0.840430
vt 0.286122 0.840096
vt 0.299118 0.839641
vt 0.303040 0.838042
vt 0.267943 0.838971
vt 0.272339 0.839907
vt 0.290633 0.840973
vt 0.276503 0.839808
vt 0.294861 0.839785
vt 0.281750 0.832904
vt 0.286082 0.832419
vt 0.297375 0.832759
vt 0.299689 0.830173
vt 0.281607 0.897064
vt 0.299580 0.902770
vt 0.302601 0.904431
vt 0.267667 0.904488
vt 0.272510 0.902446
vt 0.294937 0.904259
vt 0.292210 0.899639
vt 0.286731 0.899362
vt 0.290317 0.907364
vt 0.289862 0.910545
vt 0.286403 0.912172
vt 0.286455 0.909181
vt 0.282063 0.910267
vt 0.281911 0.908045
vt 0.286985 0.904941
vt 0.289409 0.903804
vt 0.283955 0.905319
vt 0.291909 0.912669
vt 0.292135 0.910166
vt 0.296982 0.907667
vt 0.298601 0.909745
vt 0.282289 0.904032
vt 0.280321 0.907894
vt 0.286379 0.902365
vt 0.292362 0.906985
vt 0.280321 0.911074
vt 0.280634 0.913071
vt 0.290620 0.901911
vt 0.269519 0.831773
vt 0.273439 0.832595
vt 0.290007 0.832206
vt 0.277146 0.832437
vt 0.293621 0.833233
vt 0.291200 0.828310
vt 0.292660 0.826147
vt 0.294921 0.825978
vt 0.294336 0.828410
vt 0.293661 0.831080
vt 0.291624 0.830515
vt 0.296673 0.829168
vt 0.295720 0.830496
vt 0.296705 0.827076
vt 0.295724 0.823525
vt 0.299145 0.825624
vt 0.289031 0.828192
vt 0.290989 0.824153
vt 0.273229 0.910054
vt 0.275246 0.908045
vt 0.277140 0.905319
vt 0.280245 0.901229
vt 0.276586 0.900554
s 1
usemtl Cigar_Mat
f 1808/1932/1798 1820/1933/1799 1830/1934/1800 1825/1935/1801
f 1815/1936/1802 1808/1932/1798 1825/1935/1801 1829/1937/1803
f 1838/1938/1804 1830/1934/1800 1826/1939/1805 1836/1940/1806
f 1839/1941/1807 1831/1942/1808 1827/1943/1809 1837/1944/1810
f 1824/1945/1811 1831/1946/1808 1839/1947/1807 1832/1948/1812
f 1825/1935/1801 1830/1934/1800 1838/1938/1804 1833/1949/1813
f 1828/1950/1814 1824/1945/1811 1832/1948/1812 1834/1951/1815
f 1834/1951/1815 1836/1940/1806 1826/1939/1805 1828/1950/1814
f 1829/1937/1803 1825/1935/1801 1833/1949/1813 1835/1952/1816
f 1835/1952/1816 1837/1944/1810 1827/1943/1809 1829/1937/1803
f 1838/1938/1804 1836/1940/1806 1844/1953/1817 1846/1954/1818
f 1839/1941/1807 1837/1944/1810 1845/1955/1819 1847/1956/1820
f 1832/1948/1812 1839/1947/1807 1847/1957/1820 1840/1958/1821
f 1833/1949/1813 1838/1938/1804 1846/1954/1818 1841/1959/1822
f 1834/1951/1815 1832/1948/1812 1840/1958/1821 1842/1960/1823
f 1836/1940/1806 1834/1951/1815 1842/1960/1823 1844/1953/1817
f 1835/1952/1816 1833/1949/1813 1841/1959/1822 1843/1961/1824
f 1837/1944/1810 1835/1952/1816 1843/1961/1824 1845/1955/1819
f 1846/1954/1818 1844/1953/1817 1852/1962/1825 1854/1963/1826
f 1847/1956/1820 1845/1955/1819 1853/1964/1827 1855/1965/1828
f 1840/1958/1821 1847/1957/1820 1855/1966/1828 1848/1967/1829
f 1841/1959/1822 1846/1954/1818 1854/1963/1826 1849/1968/1830
f 1842/1960/1823 1840/1958/1821 1848/1967/1829 1850/1969/1831
f 1844/1953/1817 1842/1960/1823 1850/1969/1831 1852/1962/1825
f 1843/1961/1824 1841/1959/1822 1849/1968/1830 1851/1970/1832
f 1845/1955/1819 1843/1961/1824 1851/1970/1832 1853/1964/1827
f 1854/1963/1826 1852/1962/1825 1860/1971/1833 1862/1972/1834
f 1855/1965/1828 1853/1964/1827 1861/1973/1835 1863/1974/1836
f 1848/1967/1829 1855/1966/1828 1863/1975/1836 1856/1976/1837
f 1849/1968/1830 1854/1963/1826 1862/1972/1834 1857/1977/1838
f 1850/1969/1831 1848/1967/1829 1856/1976/1837 1858/1978/1839
f 1852/1962/1825 1850/1969/1831 1858/1978/1839 1860/1971/1833
f 1851/1970/1832 1849/1968/1830 1857/1977/1838 1859/1979/1840
f 1853/1964/1827 1851/1970/1832 1859/1979/1840 1861/1973/1835
f 1862/1972/1834 1860/1971/1833 1868/1980/1841 1870/1981/1842
f 1863/1974/1836 1861/1973/1835 1869/1982/1843 1871/1983/1844
f 1856/1976/1837 1863/1975/1836 1871/1984/1844 1864/1985/1845
f 1857/1977/1838 1862/1972/1834 1870/1981/1842 1865/1986/1846
f 1858/1978/1839 1856/1976/1837 1864/1985/1845 1866/1987/1847
f 1860/1971/1833 1858/1978/1839 1866/1987/1847 1868/1980/1841
f 1859/1979/1840 1857/1977/1838 1865/1986/1846 1867/1988/1848
f 1861/1973/1835 1859/1979/1840 1867/1988/1848 1869/1982/1843
f 1870/1981/1842 1868/1980/1841 1884/1989/1849 1886/1990/1850
f 1871/1983/1844 1869/1982/1843 1885/1991/1851 1887/1992/1852
f 1826/1939/1805 1830/1934/1800 1820/1933/1799 1807/1993/1853
f 1815/1936/1802 1829/1937/1803 1827/1943/1809 1809/1994/1854
f 1821/1995/1855 1809/1994/1854 1827/1943/1809 1831/1942/1808
f 1821/1996/1855 1831/1946/1808 1824/1945/1811 1806/1997/1856
f 1808/1932/1798 1815/1936/1802 1890/1998/1857 1889/1999/1858
f 1820/1933/1799 1808/1932/1798 1889/1999/1858 1892/2000/1859
f 1812/2001/1860 1804/2002/1861 1819/2003/1862 1822/2004/1863
f 1822/2004/1863 1819/2003/1862 1799/2005/1864 1810/2006/1865
f 1817/2007/1866 1803/2008/1867 1812/2001/1860 1822/2004/1863
f 1817/2007/1866 1822/2004/1863 1810/2006/1865 1800/2009/1868
f 1874/2010/1869 1873/2011/1870 1894/2012/1871 1895/2013/1872
f 1872/2014/1873 1800/2009/1868 1810/2006/1865 1878/2015/1874
f 1879/2016/1875 1817/2007/1866 1800/2009/1868 1872/2014/1873
f 1873/2011/1870 1804/2002/1861 1812/2001/1860 1877/2017/1876
f 1874/2010/1869 1819/2003/1862 1804/2002/1861 1873/2011/1870
f 1875/2018/1877 1799/2005/1864 1819/2003/1862 1874/2019/1869
f 1875/2018/1877 1878/2015/1874 1810/2006/1865 1799/2005/1864
f 1803/2008/1867 1817/2007/1866 1879/2016/1875 1876/2020/1878
f 1876/2020/1878 1877/2017/1876 1812/2001/1860 1803/2008/1867
f 1864/1985/1845 1871/1984/1844 1887/2021/1852 1880/2022/1879
f 1865/1986/1846 1870/1981/1842 1886/1990/1850 1881/2023/1880
f 1866/1987/1847 1864/1985/1845 1880/2022/1879 1882/2024/1881
f 1868/1980/1841 1866/1987/1847 1882/2024/1881 1884/1989/1849
f 1867/1988/1848 1865/1986/1846 1881/2023/1880 1883/2025/1882
f 1869/1982/1843 1867/1988/1848 1883/2025/1882 1885/1991/1851
f 1816/2026/1883 1801/2027/1884 1811/2028/1885 1823/2029/1886
f 1816/2026/1883 1823/2029/1886 1813/2030/1887 1802/2031/1888
f 1818/2032/1889 1805/2033/1890 1813/2030/1887 1823/2029/1886
f 1818/2032/1889 1823/2029/1886 1811/2028/1885 1798/2034/1891
f 1798/2034/1891 1811/2028/1885 1882/2035/1881 1880/2036/1879
f 1880/2036/1879 1887/1992/1852 1818/2032/1889 1798/2034/1891
f 1881/2023/1880 1802/2031/1888 1813/2030/1887 1883/2025/1882
f 1886/2037/1850 1816/2026/1883 1802/2031/1888 1881/2023/1880
f 1882/2035/1881 1811/2028/1885 1801/2027/1884 1884/2038/1849
f 1883/2025/1882 1813/2030/1887 1805/2033/1890 1885/1991/1851
f 1801/2027/1884 1816/2026/1883 1886/2037/1850 1884/2038/1849
f 1805/2033/1890 1818/2032/1889 1887/1992/1852 1885/1991/1851
f 1875/2018/1877 1874/2019/1869 1895/2039/1872 1888/2040/1892
f 1873/2011/1870 1877/2017/1876 1890/1998/1857 1894/2012/1871
f 1877/2017/1876 1876/2020/1878 1889/1999/1858 1890/1998/1857
f 1878/2015/1874 1875/2018/1877 1888/2040/1892 1891/2041/1893
f 1872/2014/1873 1878/2015/1874 1891/2041/1893 1893/2042/1894
f 1876/2020/1878 1879/2016/1875 1892/2000/1859 1889/1999/1858
f 1879/2016/1875 1872/2014/1873 1893/2042/1894 1892/2000/1859
f 1815/1936/1802 1809/1994/1854 1894/2012/1871 1890/1998/1857
f 1809/1994/1854 1821/1995/1855 1895/2013/1872 1894/2012/1871
f 1828/1950/1814 1826/1939/1805 1807/1993/1853 1814/2043/1895
f 1820/1933/1799 1892/2000/1859 1893/2042/1894 1807/1993/1853
f 1888/2040/1892 1895/2039/1872 1821/1996/1855 1806/1997/1856
f 1814/2043/1895 1806/1997/1856 1824/1945/1811 1828/1950/1814
f 1888/2040/1892 1806/1997/1856 1814/2043/1895 1891/2041/1893
f 1807/1993/1853 1893/2042/1894 1891/2041/1893 1814/2043/1895
o mixamorig:Hat_Geo
v 0.024674 1.737785 0.333088
v 0.028242 1.773307 0.321492
v 0.084654 1.762808 0.300966
v 0.083875 1.729749 0.311173
v 0.122489 1.712342 0.264692
v 0.122014 1.746094 0.257363
v 0.141963 1.726831 0.211690
v 0.143526 1.696177 0.223909
v 0.157335 1.678772 0.178904
v 0.161561 1.707339 0.163817
v 0.162591 1.662443 0.138621
v 0.166727 1.687804 0.120424
v 0.153448 1.648237 0.102269
v 0.149889 1.674212 0.087373
v 0.133896 1.639982 0.080892
v 0.119159 1.668876 0.061345
v 0.092728 1.634856 0.059644
v 0.089534 1.666192 0.046124
v 0.048832 1.631750 0.046341
v 0.051979 1.664795 0.033313
v 0.001440 1.632191 0.043449
v 0.006683 1.666857 0.028539
v -0.051437 1.638320 0.055811
v -0.053230 1.670351 0.042696
v -0.100297 1.654471 0.090390
v -0.105110 1.682446 0.075668
v -0.124865 1.666072 0.131817
v -0.130818 1.706219 0.127487
v -0.123760 1.686514 0.186185
v -0.125606 1.723650 0.171675
v -0.111441 1.737339 0.206206
v -0.113267 1.700418 0.219906
v -0.124062 1.725832 0.173835
v -0.120941 1.686795 0.190810
v -0.086247 1.751335 0.245815
v -0.087050 1.718707 0.262620
v -0.108578 1.737668 0.208724
v -0.108611 1.699413 0.221890
v -0.060674 1.761697 0.278667
v -0.062816 1.727563 0.292642
v -0.021435 1.770920 0.310027
v -0.027430 1.735347 0.321216
v 0.000506 1.727979 0.049257
v 0.036936 1.730232 0.053358
v -0.040599 1.732559 0.057297
v -0.072488 1.746442 0.078189
v -0.086877 1.766061 0.109362
v -0.087203 1.784788 0.140789
v -0.081038 1.801875 0.177079
v -0.069248 1.810836 0.201278
v -0.048855 1.826457 0.225815
v -0.019165 1.851489 0.253498
v 0.024881 1.869273 0.269685
v 0.066907 1.854071 0.255787
v 0.097158 1.823803 0.225590
v 0.113525 1.803324 0.194208
v 0.130111 1.779399 0.149036
v 0.131442 1.758992 0.112183
v 0.119278 1.744962 0.086122
v 0.097755 1.736657 0.069317
v 0.066646 1.732923 0.057920
v 0.030273 1.731390 0.063457
v 0.067921 1.739357 0.070144
v 0.083883 1.742622 0.081639
v 0.100620 1.748413 0.095244
v 0.108491 1.758992 0.113674
v 0.103370 1.781537 0.140802
v 0.091730 1.802855 0.183916
v 0.079122 1.827729 0.213951
v 0.058457 1.857071 0.242199
v 0.023402 1.865196 0.246700
v -0.009148 1.853533 0.229224
v -0.034238 1.826844 0.208997
v -0.052649 1.805808 0.184191
v -0.062610 1.795968 0.162328
v -0.069467 1.765478 0.109695
v -0.067885 1.781952 0.137436
v -0.061305 1.745960 0.086720
v -0.034864 1.735069 0.066439
v 0.001451 1.731499 0.061101
v -0.152651 1.676287 0.119250
v -0.125393 1.655183 0.063687
v -0.078618 1.636668 0.015420
v -0.007495 1.624920 -0.013509
v 0.056924 1.623700 -0.008800
v 0.115792 1.632221 0.027001
v 0.156320 1.644219 0.064501
v 0.173194 1.653126 0.093498
v 0.186449 1.667046 0.137260
v 0.190066 1.684528 0.182700
v 0.184129 1.704695 0.228028
v 0.141209 1.641253 0.078054
v 0.103367 1.633754 0.043284
v 0.051046 1.626449 0.015886
v -0.005118 1.627797 0.008654
v -0.070381 1.640328 0.030773
v 0.161562 1.727884 0.281636
v 0.117941 1.758645 0.347841
v 0.066714 1.773642 0.381269
v -0.039969 1.773905 0.375149
v -0.088462 1.760321 0.337758
v -0.119493 1.738930 0.288918
v -0.147297 1.721708 0.238914
v -0.155141 1.699947 0.185892
v 0.053712 1.839789 0.232749
v 0.023153 1.853248 0.239282
v 0.066731 1.816817 0.212263
v 0.076477 1.794640 0.186009
v 0.093875 1.776816 0.144578
v 0.096957 1.758610 0.116989
v 0.091853 1.747198 0.101444
v 0.078110 1.744827 0.089037
v 0.064852 1.739404 0.079231
v 0.022251 1.740037 0.068334
v 0.002406 1.738773 0.069999
v -0.029052 1.736384 0.075139
v -0.050250 1.741914 0.094383
v -0.054805 1.750319 0.112586
v -0.055744 1.763177 0.137334
v -0.051722 1.773968 0.156863
v -0.039378 1.785671 0.181862
v -0.024651 1.807794 0.206465
v -0.002065 1.836070 0.223827
v 0.022255 1.835627 0.207940
v 0.022593 1.821410 0.190321
v 0.022525 1.808388 0.168306
v 0.023131 1.796806 0.135583
v 0.021573 1.783615 0.106535
v 0.160898 1.651402 0.099934
v 0.175097 1.664582 0.140004
v 0.174939 1.681431 0.181882
v 0.167556 1.699712 0.224724
v 0.146516 1.721727 0.275000
v 0.104714 1.747677 0.333884
v 0.063871 1.761521 0.362904
v -0.037120 1.761976 0.357051
v -0.076817 1.746879 0.320658
v -0.106366 1.731171 0.278251
v -0.131405 1.713756 0.232418
v -0.136120 1.669281 0.129793
v -0.110392 1.654845 0.077177
v 0.007908 1.668660 0.036612
v 0.050038 1.666456 0.039505
v -0.050460 1.672559 0.049603
v -0.099523 1.684289 0.079306
v -0.125337 1.706852 0.128823
v -0.115249 1.722254 0.174690
v -0.102080 1.731696 0.205259
v -0.076531 1.746217 0.241095
v -0.054492 1.758748 0.273006
v -0.019871 1.770154 0.305077
v 0.028135 1.774640 0.317376
v 0.082983 1.762893 0.297106
v 0.117935 1.744831 0.250310
v 0.134989 1.726253 0.209244
v 0.155938 1.708194 0.160741
v 0.160361 1.689253 0.120097
v 0.145393 1.678362 0.088448
v 0.116588 1.672292 0.063183
v 0.085887 1.669767 0.049889
v -0.141028 1.695731 0.186995
v 0.026802 1.759830 0.333522
v 0.086621 1.746818 0.309760
v 0.124628 1.726159 0.261425
v 0.161704 1.688854 0.172009
v 0.168406 1.672761 0.129480
v 0.153821 1.658385 0.092163
v 0.130852 1.650133 0.071004
v 0.091717 1.647281 0.050826
v 0.051800 1.645235 0.038074
v 0.004320 1.645025 0.032226
v -0.052306 1.652026 0.045631
v -0.105437 1.666690 0.080200
v -0.133149 1.683708 0.130405
v -0.119142 1.717660 0.212396
v -0.131110 1.705404 0.181195
v -0.091618 1.731866 0.255075
v -0.064657 1.744236 0.288930
v -0.026129 1.753212 0.321574
v -0.130354 1.704689 0.175375
v -0.114715 1.719482 0.215808
v 0.145444 1.705965 0.218862
v 0.004319 1.687865 0.030744
v -0.052464 1.691777 0.046873
v -0.118932 1.725606 0.118399
v -0.108166 1.742673 0.161908
v -0.093784 1.748043 0.196176
v -0.044374 1.772814 0.257274
v -0.013069 1.795939 0.288591
v 0.020072 1.804562 0.305779
v 0.075578 1.797417 0.284912
v 0.120863 1.750808 0.203798
v 0.143154 1.732325 0.155649
v 0.155030 1.715136 0.116181
v 0.109689 1.694274 0.055960
v 0.084664 1.689832 0.043087
v 0.046581 1.688544 0.032467
v -0.093414 1.706207 0.074522
v -0.069366 1.761654 0.227858
v 0.106485 1.762186 0.238662
v 0.137102 1.701783 0.080798
v -0.051057 1.718916 0.049404
v -0.108368 1.768182 0.149549
v -0.094246 1.780668 0.185685
v -0.048398 1.806598 0.240462
v -0.017794 1.829128 0.262361
v 0.021539 1.848861 0.283367
v 0.069896 1.834113 0.267717
v 0.122926 1.775796 0.199396
v 0.139773 1.757166 0.153888
v 0.145277 1.742877 0.110060
v 0.105919 1.717332 0.058351
v 0.076516 1.714963 0.046449
v 0.039707 1.710245 0.037798
v -0.085961 1.731257 0.072271
v -0.075315 1.794725 0.213878
v 0.106375 1.800485 0.231306
v 0.129349 1.725543 0.078887
v 0.001620 1.714867 0.039798
v -0.107973 1.752134 0.112992
v 0.050504 1.804852 0.296811
v 0.000944 1.804083 0.299391
v 0.040659 1.845645 0.287800
v 0.001503 1.843894 0.276008
v 0.047001 1.867413 0.265645
v 0.004883 1.866402 0.265963
v 0.003368 1.866575 0.249180
v 0.023934 1.871064 0.257227
v 0.046503 1.867533 0.252141
v 0.001241 1.788512 0.308118
v 0.024893 1.790056 0.311018
v 0.061328 1.778932 0.301607
v 0.050494 1.819201 0.201456
v 0.057128 1.802713 0.176275
v 0.058379 1.789428 0.139653
v 0.061131 1.770849 0.112449
v 0.052849 1.761479 0.095715
v 0.022950 1.763264 0.082102
v -0.006565 1.760754 0.088207
v -0.020478 1.769706 0.108122
v -0.023732 1.780611 0.135270
v -0.020354 1.788072 0.151385
v -0.015096 1.796693 0.175131
v -0.002594 1.818681 0.198251
v 0.008653 1.836318 0.214682
v 0.022826 1.845670 0.223290
v 0.039818 1.840864 0.221130
v 0.067185 1.757768 0.098878
v 0.061993 1.753643 0.090673
v 0.039922 1.752850 0.081077
v 0.003877 1.752040 0.077655
v -0.015084 1.751233 0.082018
v -0.027116 1.758433 0.095781
v 0.189153 1.658368 0.188547
v 0.183760 1.640872 0.143104
v 0.169651 1.627735 0.100227
v 0.151055 1.619114 0.073069
v 0.111757 1.609855 0.036562
v 0.053089 1.599303 0.002895
v -0.009909 1.600986 -0.002124
v -0.077126 1.614287 0.029301
v -0.123273 1.631315 0.079524
v -0.152364 1.648735 0.130274
v -0.153183 1.672836 0.196079
v -0.142394 1.693226 0.251480
v -0.118767 1.713619 0.298135
v -0.089750 1.732285 0.344318
v -0.039192 1.744237 0.378891
v 0.063433 1.744981 0.387615
v 0.118592 1.729661 0.356611
v 0.161886 1.699627 0.291054
v 0.181950 1.676252 0.233439
v -0.019958 1.706461 0.319600
v 0.050637 1.706866 0.320188
v 0.081530 1.701774 0.294529
v 0.110258 1.687954 0.253323
v 0.128352 1.671462 0.212332
v 0.135553 1.656829 0.174570
v 0.132922 1.645139 0.144028
v 0.121656 1.636044 0.118936
v 0.103517 1.629287 0.098109
v 0.075044 1.624224 0.080446
v 0.037758 1.623325 0.069817
v -0.004326 1.624786 0.068524
v -0.048873 1.631798 0.082614
v -0.085077 1.642352 0.110442
v -0.104695 1.654846 0.148847
v -0.103580 1.668262 0.191869
v -0.091330 1.681877 0.232205
v -0.073298 1.692895 0.267253
v -0.049244 1.700523 0.298433
v -0.031864 1.726845 0.355356
v 0.058537 1.727960 0.360989
v 0.102573 1.717407 0.331346
v 0.136160 1.693444 0.278389
v 0.157019 1.671695 0.228305
v 0.164892 1.653837 0.184951
v 0.161291 1.639228 0.145644
v 0.148827 1.628230 0.110530
v 0.128411 1.620163 0.083271
v 0.093583 1.612523 0.056573
v 0.044775 1.608610 0.038296
v -0.008403 1.610157 0.036874
v -0.061785 1.619658 0.057959
v -0.104306 1.633274 0.094888
v -0.128828 1.648742 0.141145
v -0.131587 1.667186 0.195003
v -0.120135 1.685341 0.244025
v -0.100734 1.701790 0.287138
v -0.073105 1.717059 0.325754
v 0.048596 1.716452 0.311966
v 0.074620 1.710897 0.292104
v -0.018764 1.714572 0.310143
v -0.043448 1.711188 0.292408
v -0.068988 1.702047 0.260365
v -0.085995 1.688713 0.229964
v -0.101309 1.675185 0.189019
v -0.109351 1.663497 0.145118
v -0.088327 1.650336 0.105014
v -0.049847 1.639273 0.076993
v 0.000212 1.633361 0.063015
v 0.040279 1.632441 0.070673
v 0.076252 1.634009 0.080603
v 0.103242 1.638407 0.098273
v 0.118099 1.643749 0.116953
v 0.131326 1.653686 0.137836
v 0.134111 1.663001 0.164618
v 0.127363 1.675849 0.203909
v 0.110776 1.692181 0.242435
v -0.025626 1.711799 0.336160
v 0.055506 1.713332 0.338887
v 0.090815 1.704743 0.309466
v 0.119463 1.688418 0.265186
v 0.138745 1.669874 0.220802
v 0.146526 1.653550 0.180755
v 0.143951 1.640313 0.146122
v 0.132433 1.630585 0.116517
v 0.112702 1.623144 0.092412
v 0.081307 1.617287 0.071725
v 0.039525 1.615791 0.059373
v -0.006667 1.617512 0.059142
v -0.053245 1.625227 0.075527
v -0.091478 1.636618 0.106087
v -0.112966 1.650052 0.147273
v -0.114397 1.665450 0.193998
v -0.103180 1.680842 0.237624
v -0.085209 1.693581 0.276825
v -0.060579 1.703920 0.311842
v 0.195927 1.669201 0.186802
v 0.191565 1.650661 0.139447
v 0.176115 1.636369 0.095084
v 0.158183 1.627513 0.066250
v 0.117395 1.617335 0.029041
v 0.055683 1.607417 -0.005893
v -0.009392 1.608005 -0.010599
v -0.080596 1.621077 0.019699
v -0.129548 1.639045 0.068685
v -0.159554 1.659132 0.124252
v -0.162199 1.684213 0.191956
v -0.152723 1.705304 0.247817
v -0.125034 1.725128 0.298142
v -0.092949 1.744297 0.344868
v -0.042521 1.757836 0.382996
v 0.066025 1.759632 0.389921
v 0.122745 1.744282 0.356107
v 0.167323 1.713295 0.289727
v 0.188863 1.688355 0.233156
v 0.009545 1.765024 0.369771
v 0.009726 1.777786 0.388099
v 0.009804 1.762895 0.396976
v 0.009894 1.747905 0.393314
v 0.013590 1.728005 0.365832
v 0.015828 1.712924 0.345967
v 0.016703 1.707293 0.327298
v 0.018248 1.716170 0.318029
v -0.042115 1.765954 0.381339
v -0.092267 1.752204 0.343225
v -0.124588 1.733161 0.295023
v -0.152346 1.713575 0.244189
v -0.161321 1.692635 0.188760
v -0.158253 1.667021 0.121312
v -0.129423 1.646127 0.064942
v -0.080639 1.627148 0.016489
v -0.008791 1.614453 -0.013404
v 0.056690 1.613488 -0.008669
v 0.118147 1.623611 0.026344
v 0.159024 1.634644 0.064246
v 0.176684 1.644106 0.093443
v 0.191025 1.658915 0.137870
v 0.195514 1.677196 0.184853
v 0.188710 1.696822 0.231273
v 0.166353 1.720949 0.286861
v 0.121794 1.751118 0.353721
v 0.066895 1.766693 0.387927
v 0.009775 1.770692 0.394960
vn -0.0875 0.9888 -0.1212
vn 0.1867 0.7150 -0.6737
vn 0.4183 0.5828 -0.6967
vn -0.1916 0.9754 -0.1093
vn -0.0079 0.9907 -0.1358
vn 0.0820 0.8029 -0.5904
vn 0.0765 0.9874 -0.1384
vn 0.0305 0.8358 -0.5482
vn -0.1937 0.9296 -0.3134
vn 0.7787 0.5844 -0.2281
vn 0.5479 0.8154 -0.1869
vn -0.1432 0.9105 -0.3879
vn 0.8300 0.2516 -0.4978
vn -0.2685 0.9427 -0.1981
vn 0.1440 0.9770 -0.1573
vn -0.0680 0.8304 -0.5530
vn 0.2385 0.9593 -0.1513
vn -0.4732 0.5931 -0.6514
vn -0.5596 0.8276 0.0438
vn -0.7219 0.6919 0.0046
vn -0.7578 0.6518 0.0303
vn -0.6589 0.7504 0.0523
vn 0.3673 0.8966 -0.2475
vn -0.7452 0.5240 -0.4123
vn -0.1309 0.8449 -0.5186
vn -0.1590 0.8680 -0.4705
vn 0.2232 0.9450 -0.2391
vn 0.1284 0.9730 -0.1918
vn 0.8550 0.4133 -0.3135
vn 0.8139 0.5809 0.0103
vn 0.9134 0.3985 0.0835
vn 0.9387 0.2509 -0.2363
vn 0.3515 -0.0023 -0.9362
vn 0.5771 0.0780 -0.8129
vn 0.5222 0.0412 -0.8518
vn 0.3760 0.0076 -0.9266
vn -0.3439 0.2179 -0.9134
vn -0.0852 0.1283 -0.9881
vn -0.0650 0.1417 -0.9878
vn -0.3771 0.1447 -0.9148
vn 0.3733 0.8504 -0.3707
vn 0.2634 0.8556 -0.4456
vn -0.2339 0.9577 -0.1679
vn -0.4734 0.8628 -0.1774
vn -0.1237 0.9740 -0.1896
vn -0.2339 0.9525 -0.1949
vn 0.2186 0.8593 -0.4624
vn 0.1973 0.8417 -0.5025
vn -0.4374 0.3208 0.8401
vn -0.3864 0.7096 0.5892
vn -0.5899 0.7209 0.3637
vn -0.7180 0.3153 0.6205
vn 0.1003 0.3113 0.9450
vn 0.6032 0.2081 0.7699
vn 0.5900 0.5599 0.5816
vn 0.1156 0.6919 0.7127
vn 0.8413 -0.1896 -0.5062
vn 0.9923 -0.1124 -0.0523
vn 0.7622 0.1494 -0.6299
vn 0.5747 -0.2759 -0.7705
vn 0.3772 -0.3513 -0.8569
vn 0.1945 -0.3802 -0.9042
vn 0.2043 0.0547 -0.9774
vn -0.0942 -0.3735 -0.9228
vn -0.4136 -0.3780 -0.8283
vn -0.7477 -0.3166 -0.5837
vn -0.7075 0.1494 -0.6907
vn -0.0298 0.9732 -0.2282
vn -0.7072 0.6750 -0.2106
vn -0.9735 -0.1742 -0.1480
vn -0.7899 0.5251 -0.3169
vn -0.8935 0.3291 -0.3054
vn -0.8279 0.5427 -0.1412
vn -0.9923 -0.0756 0.0978
vn -0.9555 0.0956 0.2792
vn -0.6414 0.7467 0.1764
vn -0.8462 0.2227 0.4841
vn -0.4084 0.9057 -0.1140
vn -0.9272 0.1330 0.3502
vn -0.6419 0.7557 0.1297
vn -0.8512 0.2074 0.4821
vn 0.9713 0.0272 0.2363
vn 0.3284 0.9142 -0.2376
vn -0.1434 0.8934 -0.4258
vn 0.8609 0.1462 0.4873
vn 0.8105 0.4761 0.3412
vn 0.8704 0.4597 0.1765
vn 0.7469 0.6617 0.0655
vn 0.9344 0.1170 0.3365
vn 0.1858 0.0530 -0.9812
vn -0.6264 0.3293 -0.7066
vn -0.4971 0.8665 0.0452
vn -0.9439 0.2757 0.1817
vn -0.8646 0.3172 0.3897
vn -0.5453 0.8226 0.1611
vn 0.9123 0.3003 0.2783
vn 0.9287 0.3274 0.1742
vn 0.7537 0.6411 0.1445
vn 0.7555 0.2170 -0.6182
vn 0.9450 0.2545 -0.2054
vn 0.5419 0.0331 -0.8398
vn 0.3344 -0.0087 -0.9424
vn -0.0920 0.7274 -0.6800
vn -0.2473 0.7296 -0.6376
vn 0.3144 0.8843 -0.3453
vn 0.1217 0.9542 -0.2734
vn -0.5490 0.8266 -0.1241
vn -0.6179 0.7859 0.0232
vn 0.2522 0.7640 -0.5939
vn 0.3364 0.7920 -0.5095
vn 0.3789 0.7886 -0.4843
vn -0.4655 0.8204 -0.3320
vn -0.0801 0.7557 -0.6500
vn -0.7040 0.6938 0.1518
vn -0.0144 0.8569 -0.5153
vn 0.1382 0.7966 -0.5885
vn 0.7639 0.6427 0.0582
vn 0.6876 0.7150 -0.1265
vn -0.0195 0.8619 -0.5067
vn 0.6416 0.7372 -0.2118
vn -0.0374 0.8484 -0.5280
vn 0.5161 0.7357 -0.4386
vn 0.0022 0.9141 -0.4054
vn -0.0135 0.9344 -0.3559
vn 0.2331 0.7065 -0.6683
vn 0.0985 0.7253 -0.6813
vn 0.0254 0.7498 -0.6611
vn -0.0136 0.9142 -0.4051
vn 0.1442 0.0031 -0.9895
vn -0.7142 0.0759 -0.6958
vn -0.3880 0.0035 -0.9216
vn -0.7456 0.4239 0.5141
vn -0.7955 0.3488 0.4955
vn 0.8718 0.3313 0.3609
vn 0.8739 0.2580 0.4119
vn 0.9338 0.2054 0.2930
vn -0.8874 0.3413 0.3100
vn -0.8098 0.2843 0.5133
vn 0.9457 0.2861 0.1543
vn 0.8862 0.3747 -0.2724
vn 0.7676 0.1161 -0.6303
vn 0.3372 0.7164 -0.6108
vn -0.0691 0.9057 -0.4181
vn 0.4461 0.3569 -0.8207
vn 0.2374 0.4103 -0.8805
vn 0.6746 0.3306 -0.6600
vn -0.7508 0.2872 0.5948
vn -0.1291 0.0024 -0.9916
vn 0.0875 0.4084 -0.9086
vn 0.0013 0.9238 -0.3829
vn -0.0190 0.7361 -0.6766
vn -0.3262 0.2983 -0.8970
vn -0.0969 0.3703 -0.9238
vn -0.9308 0.2164 -0.2945
vn -0.9005 0.4347 0.0046
vn -0.6113 0.3381 -0.7155
vn -0.3673 0.7683 -0.5242
vn 0.4036 0.7924 -0.4574
vn -0.8228 0.4264 -0.3758
vn 0.7419 0.3491 0.5725
vn 0.7548 0.3340 0.5645
vn -0.7116 0.4208 0.5626
vn -0.7193 0.3180 0.6177
vn 0.7285 0.6297 0.2697
vn -0.7195 0.6247 0.3033
vn -0.5001 0.6929 0.5194
vn -0.5308 0.4111 0.7411
vn -0.2235 0.7758 -0.5901
vn -0.3390 0.9120 -0.2309
vn -0.1211 0.4821 0.8677
vn -0.0796 0.7852 0.6141
vn -0.0143 0.9744 -0.2243
vn 0.0749 0.6774 -0.7318
vn 0.4411 0.7189 0.5372
vn 0.3344 0.4381 0.8344
vn 0.3018 0.7646 -0.5695
vn 0.2678 0.9141 -0.3045
vn -0.5195 0.4312 0.7377
vn -0.5349 0.7605 0.3681
vn -0.3639 0.3449 0.8653
vn 0.1365 0.5960 0.7913
vn -0.0450 0.4000 0.9154
vn 0.1099 0.3205 0.9409
vn 0.3869 0.3637 0.8474
vn 0.7016 0.6095 0.3691
vn 0.3997 0.3526 0.8461
vn 0.1005 0.8749 -0.4737
vn 0.0410 0.7394 -0.6720
vn 0.0965 0.8703 -0.4830
vn 0.3375 0.8726 -0.3531
vn 0.3157 0.8673 -0.3850
vn 0.1490 0.8128 -0.5632
vn 0.0500 0.8797 -0.4729
vn -0.0151 0.8882 -0.4592
vn 0.1361 0.8690 -0.4758
vn -0.3665 0.8828 -0.2937
vn -0.3748 0.8514 -0.3669
vn 0.0382 0.8302 -0.5562
vn -0.0184 0.9194 -0.3930
vn -0.0156 0.9079 -0.4189
vn -0.4152 0.8329 -0.3660
vn 0.0111 0.6712 -0.7412
vn -0.3971 0.7652 -0.5067
vn -0.0031 0.8243 -0.5662
vn 0.0074 0.5918 -0.8061
vn -0.3740 0.7774 -0.5057
vn 0.1296 0.6051 -0.7855
vn -0.0373 0.9062 -0.4212
vn 0.0197 0.6595 -0.7515
vn 0.0538 0.7742 -0.6307
vn 0.3689 0.7770 -0.5101
vn 0.3439 0.7916 -0.5051
vn 0.1444 0.8442 -0.5163
vn 0.3230 0.7962 -0.5115
vn -0.0245 0.8740 -0.4854
vn 0.3438 0.7331 -0.5869
vn 0.3195 0.7207 -0.6152
vn 0.1708 0.8534 -0.4925
vn 0.3123 0.6826 -0.6608
vn 0.1370 0.7728 -0.6196
vn 0.0564 0.6129 -0.7881
vn 0.2613 0.5691 -0.7796
vn 0.0817 0.6688 -0.7390
vn -0.1006 0.6589 -0.7454
vn -0.1606 0.5632 -0.8105
vn -0.1347 0.8410 -0.5240
vn -0.2510 0.7353 -0.6295
vn -0.2901 0.6310 -0.7194
vn -0.0121 0.9012 -0.4332
vn -0.4220 0.7185 -0.5529
vn -0.3758 0.8218 -0.4283
vn 0.2898 0.8858 -0.3625
vn 0.3103 0.8737 -0.3747
vn 0.2699 0.8784 -0.3943
vn 0.1733 0.8952 -0.4106
vn 0.1559 0.8787 -0.4513
vn 0.1269 0.8313 -0.5411
vn -0.0319 0.7926 -0.6088
vn -0.1797 0.7880 -0.5889
vn -0.1975 0.8644 -0.4625
vn -0.1564 0.9175 -0.3657
vn -0.1778 0.9204 -0.3482
vn -0.2358 0.9307 -0.2797
vn -0.1677 0.9480 -0.2706
vn -0.1717 0.9616 -0.2142
vn 0.2296 0.9513 -0.2057
vn 0.2410 0.9282 -0.2835
vn 0.2771 0.9087 -0.3123
vn -0.4868 -0.8728 0.0364
vn -0.3413 -0.9398 0.0182
vn -0.6410 -0.6189 -0.4540
vn -0.8188 -0.5285 -0.2244
vn -0.5986 -0.7920 0.1200
vn -0.9251 -0.3666 -0.0991
vn -0.6998 -0.6835 0.2076
vn -0.9862 -0.1530 0.0638
vn -0.7054 -0.5928 0.3886
vn -0.9442 -0.0532 0.3250
vn -0.5672 -0.6040 0.5598
vn -0.8156 -0.0689 0.5745
vn -0.4182 -0.5912 0.6896
vn -0.6464 -0.0417 0.7619
vn -0.2738 -0.5700 0.7747
vn -0.4164 0.0074 0.9091
vn -0.1376 -0.5002 0.8549
vn -0.1982 0.1262 0.9720
vn 0.1140 -0.3483 0.9304
vn 0.0801 0.3879 0.9182
vn 0.4040 -0.2257 0.8865
vn 0.4536 0.5407 0.7085
vn 0.7202 -0.1832 0.6691
vn 0.7188 0.5574 0.4154
vn 0.8527 -0.4123 0.3208
vn 0.9310 0.3542 0.0883
vn 0.6428 -0.7540 0.1354
vn 0.9690 -0.2094 -0.1310
vn 0.4786 -0.8723 0.0998
vn 0.8116 -0.5594 -0.1681
vn 0.4042 -0.9146 0.0090
vn 0.7391 -0.6009 -0.3044
vn 0.2902 -0.9568 -0.0159
vn 0.6125 -0.6333 -0.4731
vn -0.1409 -0.8913 0.4310
vn -0.2138 -0.8283 0.5179
vn -0.2165 -0.8616 0.4592
vn -0.0861 -0.9299 0.3577
vn -0.0714 -0.9375 0.3405
vn 0.0279 -0.9122 0.4088
vn 0.0597 -0.8924 0.4473
vn 0.0444 -0.9239 0.3800
vn -0.1539 -0.9297 0.3348
vn 0.0258 -0.9210 0.3887
vn -0.1845 -0.9200 0.3459
vn 0.0445 -0.9299 0.3652
vn -0.1735 -0.9171 0.3589
vn 0.0524 -0.9474 0.3158
vn -0.1306 -0.9214 0.3660
vn 0.0491 -0.9607 0.2731
vn -0.0871 -0.9247 0.3706
vn 0.0363 -0.9702 0.2397
vn -0.0730 -0.9243 0.3746
vn 0.0152 -0.9711 0.2381
vn -0.0540 -0.9191 0.3903
vn -0.0197 -0.9674 0.2526
vn -0.0235 -0.9150 0.4028
vn -0.0575 -0.9649 0.2563
vn 0.0170 -0.9133 0.4069
vn -0.0751 -0.9630 0.2588
vn 0.0677 -0.9223 0.3806
vn -0.0825 -0.9599 0.2680
vn 0.0773 -0.9389 0.3353
vn -0.1197 -0.9464 0.3000
vn 0.0481 -0.9459 0.3208
vn -0.1538 -0.9258 0.3454
vn -0.0045 -0.9437 0.3308
vn -0.1773 -0.8991 0.4003
vn 0.4199 -0.8817 0.2151
vn 0.4251 -0.8390 0.3396
vn 0.3779 -0.9196 0.1078
vn 0.2906 -0.9568 0.0086
vn 0.2090 -0.9774 -0.0316
vn 0.0745 -0.9966 -0.0346
vn -0.1155 -0.9929 -0.0286
vn -0.2461 -0.9691 0.0167
vn -0.3425 -0.9366 0.0747
vn -0.4754 -0.8606 0.1827
vn -0.4960 -0.8025 0.3317
vn -0.4732 -0.7508 0.4609
vn -0.4456 -0.7068 0.5494
vn -0.3912 -0.6654 0.6358
vn 0.3640 -0.7679 0.5272
vn 0.3334 -0.6864 0.6463
vn 0.3845 -0.8127 0.4378
vn 0.9223 -0.3816 -0.0617
vn 0.9429 -0.2986 0.1479
vn 0.9358 0.2243 -0.2720
vn 0.9514 0.2941 -0.0910
vn 0.9288 0.3523 0.1147
vn 0.9127 -0.2171 0.3462
vn 0.8505 -0.4689 -0.2383
vn 0.8939 0.1264 -0.4302
vn 0.6865 -0.5786 -0.4403
vn 0.7518 0.0166 -0.6592
vn 0.5331 -0.6278 -0.5671
vn 0.5922 -0.0809 -0.8017
vn 0.2697 -0.6490 -0.7113
vn 0.2993 -0.1644 -0.9399
vn -0.1981 -0.6451 -0.7380
vn -0.1918 -0.1726 -0.9661
vn -0.5408 -0.6332 -0.5537
vn -0.5625 -0.1154 -0.8187
vn -0.7475 -0.5607 -0.3561
vn -0.7998 0.0326 -0.5994
vn -0.9151 -0.3933 -0.0891
vn -0.9161 0.2366 -0.3238
vn -0.9360 -0.3073 0.1716
vn -0.9347 0.3453 -0.0843
vn -0.8857 -0.2474 0.3929
vn -0.8968 0.4156 0.1515
vn -0.8212 -0.1435 0.5522
vn -0.8254 0.4664 0.3181
vn -0.6962 -0.0942 0.7116
vn -0.7228 0.4566 0.5187
vn 0.8561 -0.1051 0.5060
vn 0.8567 0.4374 0.2732
vn 0.7231 0.4876 0.4893
vn 0.7001 -0.0295 0.7134
vn 0.0568 0.9931 -0.1021
vn -0.0749 0.8281 -0.5555
vn 0.1362 0.8250 -0.5485
vn 0.0533 0.8193 -0.5708
vn 0.1351 0.9812 -0.1379
vn -0.1146 0.9851 -0.1286
vn 0.0020 0.9914 -0.1312
vn -0.4336 -0.0910 0.8965
vn -0.4650 0.4601 0.7563
vn 0.3669 0.5054 0.7810
vn 0.3273 -0.0260 0.9445
vn -0.0646 -0.0654 0.9958
vn -0.0570 0.4998 0.8643
vn -0.2473 -0.6523 0.7164
vn -0.0511 -0.6405 0.7662
vn 0.1642 -0.6391 0.7514
vn -0.1521 -0.8135 0.5613
vn 0.0708 -0.8519 0.5190
vn -0.0284 -0.8178 0.5748
vn -0.1200 -0.8661 0.4852
vn 0.1008 -0.8869 0.4507
vn -0.0066 -0.8713 0.4906
vn -0.0950 -0.9955 -0.0050
vn 0.1071 -0.9940 -0.0208
vn 0.0187 -0.9995 -0.0271
vn 0.3511 -0.7078 -0.6129
vn -0.3771 -0.6536 -0.6562
vn 0.0061 -0.7217 -0.6922
vt 0.910920 0.039270
vt 0.916790 0.031880
vt 0.931700 0.049760
vt 0.928520 0.052700
vt 0.890360 0.024660
vt 0.901850 0.016920
vt 0.873460 0.009010
vt 0.888850 0.001740
vt 0.946660 0.079840
vt 0.951710 0.074040
vt 0.965080 0.089870
vt 0.956640 0.096090
vt 0.938830 0.058990
vt 0.935650 0.063410
vt 0.872460 0.353050
vt 0.880300 0.364890
vt 0.865280 0.381900
vt 0.851040 0.372660
vt 0.895970 0.342020
vt 0.902030 0.347450
vt 0.753640 0.131180
vt 0.754960 0.116490
vt 0.758500 0.116270
vt 0.757660 0.130540
vt 0.917020 0.327760
vt 0.920310 0.333020
vt 0.981470 0.168430
vt 0.974210 0.136450
vt 0.986990 0.133970
vt 0.995630 0.166530
vt 0.782050 0.316560
vt 0.776620 0.298760
vt 0.778840 0.297640
vt 0.784230 0.315620
vt 0.788120 0.360310
vt 0.787650 0.346800
vt 0.789460 0.346390
vt 0.790500 0.359530
vt 0.765210 0.047850
vt 0.766940 0.023330
vt 0.770170 0.023850
vt 0.768280 0.047960
vt 0.935520 0.306210
vt 0.949790 0.291040
vt 0.959000 0.300600
vt 0.946380 0.314680
vt 0.984320 0.259100
vt 0.973720 0.278780
vt 0.962220 0.270380
vt 0.971660 0.250080
vt 0.763540 0.187360
vt 0.756400 0.188420
vt 0.756060 0.167920
vt 0.763290 0.167910
vt 0.763530 0.207020
vt 0.769010 0.231370
vt 0.762490 0.232230
vt 0.757810 0.208440
vt 0.796800 0.310000
vt 0.801520 0.326430
vt 0.794060 0.328690
vt 0.789760 0.313050
vt 0.788220 0.330440
vt 0.803750 0.335430
vt 0.796540 0.340730
vt 0.804000 0.356040
vt 0.797410 0.358010
vt 0.805850 0.374340
vt 0.798660 0.374550
vt 0.791490 0.375260
vt 0.786730 0.008070
vt 0.785120 0.027110
vt 0.777870 0.025130
vt 0.779640 0.006500
vt 0.772310 0.006070
vt 0.782180 0.048920
vt 0.774680 0.047630
vt 0.778110 0.073750
vt 0.770780 0.072650
vt 0.765150 0.072310
vt 0.770850 0.167930
vt 0.771280 0.185660
vt 0.944570 0.315890
vt 0.776510 0.093600
vt 0.768090 0.095330
vt 0.758670 0.096180
vt 0.760700 0.096280
vt 0.758920 0.115150
vt 0.774970 0.116600
vt 0.765640 0.114060
vt 0.775560 0.118720
vt 0.765980 0.115990
vt 0.756290 0.150580
vt 0.764130 0.150340
vt 0.960880 0.299720
vt 0.764850 0.129560
vt 0.773160 0.131220
vt 0.757300 0.132100
vt 0.764480 0.131520
vt 0.770770 0.152520
vt 0.773860 0.132820
vt 0.791930 0.293090
vt 0.785740 0.295650
vt 0.977990 0.111370
vt 0.965010 0.113450
vt 0.776610 0.230360
vt 0.781600 0.254730
vt 0.775160 0.255860
vt 0.767680 0.255700
vt 0.773090 0.276290
vt 0.770350 0.276870
vt 0.781120 0.275340
vt 0.786660 0.272670
vt 0.788820 0.375270
vt 0.769530 0.006370
vt 0.762610 0.071780
vt 0.751680 0.150580
vt 0.913950 0.189440
vt 0.924170 0.192850
vt 0.919370 0.209850
vt 0.910940 0.206470
vt 0.752690 0.167980
vt 0.794170 0.205320
vt 0.782440 0.206280
vt 0.776950 0.180320
vt 0.788670 0.181470
vt 0.765540 0.257590
vt 0.785900 0.331160
vt 0.776270 0.159250
vt 0.786700 0.162120
vt 0.800880 0.132790
vt 0.791650 0.128970
vt 0.801850 0.118750
vt 0.808760 0.124420
vt 0.882480 0.141660
vt 0.892960 0.154330
vt 0.888130 0.154960
vt 0.878480 0.143650
vt 0.890900 0.197940
vt 0.885620 0.206800
vt 0.881380 0.198590
vt 0.886310 0.190420
vt 0.889440 0.179910
vt 0.895130 0.183260
vt 0.872480 0.209290
vt 0.876570 0.216080
vt 0.819910 0.195820
vt 0.826130 0.209660
vt 0.821140 0.214050
vt 0.814250 0.200980
vt 0.815210 0.177320
vt 0.807230 0.181410
vt 0.812690 0.163690
vt 0.804560 0.165420
vt 0.827670 0.141060
vt 0.821560 0.147220
vt 0.814500 0.144190
vt 0.825380 0.135940
vt 0.835600 0.129250
vt 0.841760 0.133440
vt 0.820850 0.114370
vt 0.812840 0.108130
vt 0.908240 0.147720
vt 0.895890 0.130780
vt 0.900790 0.124400
vt 0.916810 0.143940
vt 0.907500 0.229350
vt 0.893420 0.245630
vt 0.887960 0.237520
vt 0.900520 0.223070
vt 0.793150 0.228470
vt 0.801120 0.222690
vt 0.813710 0.216650
vt 0.803400 0.202400
vt 0.899330 0.200690
vt 0.890960 0.212410
vt 0.798460 0.182070
vt 0.797700 0.163530
vt 0.791930 0.145500
vt 0.781580 0.143010
vt 0.807450 0.153350
vt 0.815190 0.154530
vt 0.807780 0.138390
vt 0.817510 0.130390
vt 0.800710 0.148870
vt 0.880920 0.224250
vt 0.876970 0.116740
vt 0.881120 0.109120
vt 0.828740 0.120280
vt 0.864360 0.136710
vt 0.853380 0.131590
vt 0.854700 0.125850
vt 0.868100 0.132260
vt 0.863030 0.107690
vt 0.867610 0.098720
vt 0.889140 0.138540
vt 0.871510 0.126590
vt 0.859950 0.116600
vt 0.924680 0.169470
vt 0.915690 0.168940
vt 0.904400 0.185680
vt 0.899710 0.151740
vt 0.896840 0.169420
vt 0.891210 0.167410
vt 0.905600 0.170520
vt 0.828310 0.231020
vt 0.823050 0.241880
vt 0.867690 0.248110
vt 0.866980 0.234210
vt 0.832630 0.225410
vt 0.865450 0.226350
vt 0.856480 0.229120
vt 0.857700 0.237460
vt 0.861140 0.216400
vt 0.857020 0.223910
vt 0.849940 0.239040
vt 0.849760 0.230510
vt 0.849420 0.225670
vt 0.849140 0.222180
vt 0.841700 0.229550
vt 0.841070 0.237990
vt 0.836800 0.221050
vt 0.842110 0.225250
vt 0.858060 0.250680
vt 0.754360 0.188390
vt 0.870610 0.259780
vt 0.857910 0.256100
vt 0.756200 0.208710
vt 0.848480 0.252660
vt 0.844390 0.262290
vt 0.846200 0.256390
vt 0.835100 0.247860
vt 0.760560 0.232740
vt 0.815240 0.252810
vt 0.828260 0.254000
vt 0.825880 0.193340
vt 0.830570 0.205320
vt 0.819360 0.176240
vt 0.834820 0.190450
vt 0.834750 0.175360
vt 0.817620 0.163490
vt 0.882530 0.173890
vt 0.883230 0.163480
vt 0.880490 0.181530
vt 0.866060 0.179690
vt 0.867610 0.173530
vt 0.875290 0.190630
vt 0.848550 0.175140
vt 0.848450 0.188530
vt 0.864090 0.189040
vt 0.869000 0.201610
vt 0.858990 0.199600
vt 0.848150 0.197750
vt 0.859200 0.210430
vt 0.854540 0.206130
vt 0.848980 0.215710
vt 0.848620 0.210880
vt 0.837920 0.214990
vt 0.848250 0.204670
vt 0.836970 0.201210
vt 0.841810 0.209560
vt 0.819380 0.155500
vt 0.833360 0.162560
vt 0.849710 0.163000
vt 0.830490 0.155450
vt 0.836890 0.154580
vt 0.825030 0.149600
vt 0.832750 0.151510
vt 0.830800 0.144110
vt 0.850360 0.138520
vt 0.842140 0.147650
vt 0.849870 0.150390
vt 0.861010 0.141170
vt 0.858560 0.147120
vt 0.874450 0.145980
vt 0.861980 0.153190
vt 0.866370 0.149930
vt 0.882210 0.155540
vt 0.870350 0.156860
vt 0.866840 0.162360
vt 0.951770 0.098830
vt 0.943450 0.081690
vt 0.932090 0.066030
vt 0.923950 0.058050
vt 0.907070 0.044780
vt 0.885737 0.027480
vt 0.865480 0.014030
vt 0.843140 0.368000
vt 0.869674 0.352528
vt 0.892733 0.338849
vt 0.912166 0.323814
vt 0.933587 0.304514
vt 0.947039 0.288487
vt 0.958920 0.268093
vt 0.968365 0.248202
vt 0.975902 0.169124
vt 0.968430 0.136890
vt 0.959300 0.115610
vt 0.933550 0.140560
vt 0.938240 0.166320
vt 0.934690 0.167930
vt 0.931100 0.140140
vt 0.928710 0.120100
vt 0.926280 0.120870
vt 0.922610 0.103000
vt 0.919340 0.103910
vt 0.916960 0.091340
vt 0.913280 0.092680
vt 0.909170 0.080590
vt 0.907220 0.082530
vt 0.901080 0.073150
vt 0.899170 0.075320
vt 0.888020 0.064080
vt 0.887030 0.067960
vt 0.872310 0.057890
vt 0.872280 0.062230
vt 0.856180 0.054000
vt 0.856090 0.057870
vt 0.861730 0.324360
vt 0.840690 0.328290
vt 0.839330 0.324720
vt 0.860330 0.321110
vt 0.880860 0.315260
vt 0.879060 0.313220
vt 0.897550 0.303250
vt 0.894910 0.300960
vt 0.910090 0.286900
vt 0.906970 0.285230
vt 0.919140 0.269280
vt 0.916470 0.268370
vt 0.925490 0.254330
vt 0.921400 0.252880
vt 0.931230 0.237440
vt 0.926890 0.235000
vt 0.937120 0.239210
vt 0.945730 0.241740
vt 0.938440 0.259660
vt 0.930830 0.256520
vt 0.939010 0.140050
vt 0.947980 0.139240
vt 0.952790 0.167390
vt 0.945210 0.166710
vt 0.933550 0.118950
vt 0.940880 0.117330
vt 0.927480 0.102460
vt 0.934850 0.101720
vt 0.921290 0.089820
vt 0.926960 0.087940
vt 0.913050 0.077970
vt 0.918650 0.074320
vt 0.905000 0.070420
vt 0.910440 0.066910
vt 0.891420 0.060350
vt 0.896370 0.055120
vt 0.874120 0.052220
vt 0.876690 0.043990
vt 0.856350 0.047380
vt 0.856750 0.037200
vt 0.862560 0.329270
vt 0.863880 0.336880
vt 0.838880 0.345040
vt 0.839940 0.334900
vt 0.882360 0.318710
vt 0.884580 0.323730
vt 0.899440 0.306650
vt 0.902330 0.311550
vt 0.913550 0.289510
vt 0.918930 0.293450
vt 0.923060 0.271760
vt 0.929210 0.275500
vt 0.935560 0.084780
vt 0.944760 0.100710
vt 0.925750 0.069620
vt 0.917860 0.062320
vt 0.903120 0.048090
vt 0.879787 0.033877
vt 0.858770 0.023050
vt 0.865820 0.346220
vt 0.838980 0.359020
vt 0.887920 0.330280
vt 0.905940 0.317680
vt 0.926060 0.298640
vt 0.937320 0.280440
vt 0.949500 0.263620
vt 0.957790 0.244860
vt 0.959650 0.138290
vt 0.965540 0.168250
vt 0.950220 0.115390
vt 0.938820 0.083150
vt 0.947830 0.099720
vt 0.940860 0.082500
vt 0.949570 0.099320
vt 0.956420 0.115180
vt 0.954140 0.114850
vt 0.928160 0.067810
vt 0.929890 0.067020
vt 0.920770 0.060250
vt 0.922170 0.059270
vt 0.905420 0.046670
vt 0.906150 0.045830
vt 0.881770 0.031320
vt 0.883346 0.030546
vt 0.861020 0.018590
vt 0.862990 0.016570
vt 0.866650 0.349038
vt 0.868130 0.350731
vt 0.841340 0.365360
vt 0.839910 0.363280
vt 0.889350 0.334280
vt 0.890525 0.336353
vt 0.908377 0.319323
vt 0.910649 0.323089
vt 0.930030 0.301970
vt 0.932798 0.303817
vt 0.940313 0.283962
vt 0.945466 0.287269
vt 0.952419 0.265018
vt 0.956682 0.267056
vt 0.961014 0.245756
vt 0.967591 0.247002
vt 0.963940 0.137060
vt 0.966577 0.136834
vt 0.973686 0.168871
vt 0.969674 0.168502
vt 0.773720 0.205470
vt 0.977520 0.187010
vt 0.997700 0.202390
vt 0.973170 0.227140
vt 0.992320 0.233740
vt 0.979740 0.209590
vt 0.976143 0.189812
vt 0.970065 0.225084
vt 0.976611 0.209094
vt 0.962803 0.222929
vt 0.967260 0.224227
vt 0.970192 0.190456
vt 0.965184 0.190300
vt 0.968108 0.208227
vt 0.974261 0.209023
vt 0.961080 0.222090
vt 0.963560 0.206870
vt 0.960250 0.190740
vt 0.950260 0.221960
vt 0.951760 0.188390
vt 0.950580 0.205150
vt 0.941640 0.221350
vt 0.944550 0.186060
vt 0.943780 0.202780
vt 0.938150 0.185110
vt 0.935750 0.220740
vt 0.937130 0.201510
vt 0.929740 0.219770
vt 0.933640 0.184760
vt 0.932060 0.200710
s 1
usemtl Clothes_MAT.001
f 1988/2044/1896 1912/2045/1897 1910/2046/1898 1987/2047/1899
f 1989/2048/1900 1914/2049/1901 1912/2045/1897 1988/2044/1896
f 1990/2050/1902 1916/2051/1903 1914/2049/1901 1989/2048/1900
f 2025/2052/1904 1906/2053/1905 1904/2054/1906 2026/2055/1907
f 1987/2047/1899 1910/2046/1898 1908/2056/1908 2024/2057/1909
f 2024/2057/1909 1908/2056/1908 1906/2053/1905 2025/2052/1904
f 1991/2058/1910 1918/2059/1911 1916/2060/1903 1990/2061/1902
f 2036/2062/1912 1920/2063/1913 1918/2059/1911 1991/2058/1910
f 2043/2064/1914 2042/2065/1915 1928/2066/1916 1926/2067/1917
f 2035/2068/1918 1922/2069/1919 1920/2063/1913 2036/2062/1912
f 2029/2070/1920 2028/2071/1921 1900/2072/1922 1899/2073/1923
f 2052/2074/1924 2051/2075/1925 1905/2076/1926 1907/2077/1927
f 2055/2078/1928 2054/2079/1929 1911/2080/1930 1913/2081/1931
f 2039/2082/1932 2037/2083/1933 1917/2084/1934 1919/2085/1935
f 2056/2086/1936 2034/2087/1937 1927/2088/1938 1929/2089/1939
f 1935/2090/1940 1931/2091/1941 2033/2092/1942 2032/2093/1943
f 2074/2094/1944 1936/2095/1945 1934/2096/1946 2073/2097/1947
f 2057/2098/1948 2058/2099/1949 1898/2100/1950 1897/2101/1951
f 1897/2101/1951 1936/2095/1945 2074/2094/1944 2057/2098/1948
f 1906/2102/1905 1908/2103/1908 2062/2104/1952 2061/2105/1953
f 2061/2105/1953 2062/2104/1952 1909/2106/1954 1907/2077/1927
f 1908/2103/1908 1910/2107/1898 2063/2108/1955 2062/2104/1952
f 2062/2104/1952 2063/2108/1955 1911/2080/1930 1909/2106/1954
f 1910/2107/1898 1912/2109/1897 2064/2110/1956 2063/2108/1955
f 2063/2108/1955 2064/2110/1956 1913/2081/1931 1911/2080/1930
f 1912/2109/1897 1914/2111/1901 2065/2112/1957 2064/2110/1956
f 2064/2110/1956 2065/2112/1957 1915/2113/1958 1913/2081/1931
f 1914/2114/1901 1916/2115/1903 2066/2116/1959 2065/2117/1957
f 2065/2117/1957 2066/2116/1959 1917/2084/1934 1915/2118/1958
f 1916/2115/1903 1918/2119/1911 2067/2120/1960 2066/2116/1959
f 2066/2116/1959 2067/2120/1960 1919/2085/1935 1917/2084/1934
f 1918/2119/1911 1920/2121/1913 2068/2122/1961 2067/2120/1960
f 2067/2120/1960 2068/2122/1961 1921/2123/1962 1919/2085/1935
f 1935/2124/1940 1937/2125/1963 2074/2094/1944 2073/2097/1947
f 1924/2126/1964 1922/2069/1919 2035/2068/1918 2056/2086/1936
f 1920/2121/1913 1922/2127/1919 2069/2128/1965 2068/2122/1961
f 2042/2065/1915 2041/2129/1966 1923/2130/1967 1925/2131/1968
f 2056/2086/1936 1929/2089/1939 1924/2126/1964
f 1925/2131/1968 1928/2066/1916 2042/2065/1915
f 1922/2127/1919 1924/2132/1964 2075/2133/1969 2069/2128/1965
f 1923/2130/1967 1921/2123/1962 2068/2122/1961 2069/2128/1965
f 2075/2133/1969 1925/2131/1968 1923/2130/1967 2069/2128/1965
f 1924/2132/1964 1929/2134/1939 2071/2135/1970 2075/2133/1969
f 2075/2133/1969 2071/2135/1970 1928/2066/1916 1925/2131/1968
f 2073/2097/1947 1934/2096/1946 1930/2136/1971 2072/2137/1972
f 1933/2138/1973 1927/2088/1938 2034/2087/1937
f 2070/2139/1974 1926/2067/1917 1928/2066/1916 2071/2135/1970
f 1929/2134/1939 1927/2140/1938 2070/2139/1974 2071/2135/1970
f 2043/2064/1914 1926/2067/1917 1932/2141/1975
f 2034/2087/1937 2033/2092/1942 1931/2091/1941 1933/2138/1973
f 2072/2137/1972 1930/2136/1971 1932/2141/1975 2076/2142/1976
f 1931/2143/1941 1935/2124/1940 2073/2097/1947 2072/2137/1972
f 1933/2144/1973 1931/2143/1941 2072/2137/1972 2076/2142/1976
f 1932/2141/1975 1926/2067/1917 2070/2139/1974 2076/2142/1976
f 1927/2140/1938 1933/2144/1973 2076/2142/1976 2070/2139/1974
f 1904/2145/1906 1906/2102/1905 2061/2105/1953 2060/2146/1977
f 1903/2147/1978 1900/2072/1922 2028/2071/1921 2027/2148/1979
f 1899/2149/1923 1900/2150/1922 2059/2151/1980 2058/2099/1949
f 1901/2152/1981 1898/2100/1950 2058/2099/1949 2059/2151/1980
f 1902/2153/1982 1905/2076/1926 2051/2075/1925 2050/2154/1983
f 2060/2146/1977 2061/2105/1953 1907/2077/1927 1905/2076/1926
f 1902/2153/1982 1901/2152/1981 2059/2151/1980 2077/2155/1984
f 1900/2150/1922 1903/2156/1978 2077/2155/1984 2059/2151/1980
f 1903/2156/1978 1904/2145/1906 2060/2146/1977 2077/2155/1984
f 2027/2148/1979 2026/2055/1907 1904/2054/1906 1903/2147/1978
f 2060/2146/1977 1905/2076/1926 1902/2153/1982 2077/2155/1984
f 2055/2078/1928 1913/2081/1931 1915/2113/1958 2038/2157/1985
f 2038/2158/1985 1915/2118/1958 1917/2084/1934 2037/2083/1933
f 2039/2082/1932 1919/2085/1935 1921/2123/1962 2040/2159/1986
f 2040/2159/1986 1921/2123/1962 1923/2130/1967 2041/2129/1966
f 2043/2064/1914 1932/2141/1975 1930/2136/1971 2044/2160/1987
f 2081/2161/1988 2042/2162/1915 2043/2163/1914 2082/2164/1989
f 2044/2160/1987 1930/2136/1971 1934/2096/1946 2045/2165/1990
f 2087/2166/1991 2050/2167/1983 2051/2168/1925 2088/2169/1992
f 2049/2170/1993 1901/2152/1981 1902/2153/1982 2050/2154/1983
f 2052/2074/1924 1907/2077/1927 1909/2106/1954 2053/2171/1994
f 2088/2169/1992 2051/2168/1925 2052/2172/1924 2089/2173/1995
f 2090/2174/1996 2054/2175/1929 2055/2176/1928 2091/2177/1997
f 2053/2171/1994 1909/2106/1954 1911/2080/1930 2054/2079/1929
f 1940/2178/1998 1941/2179/1999 1973/2180/2000 1974/2181/2001
f 1944/2182/2002 1945/2183/2003 1969/2184/2004 1970/2185/2005
f 1944/2182/2002 1970/2185/2005 1972/2186/2006 1943/2187/2007
f 1968/2188/2008 1969/2184/2004 1945/2183/2003 1946/2189/2009
f 1963/2190/2010 1964/2191/2011 1950/2192/2012 1951/2193/2013
f 1962/2194/2014 1963/2190/2010 1951/2193/2013 1952/2195/2015
f 1961/2196/2016 1962/2194/2014 1952/2195/2015 1953/2197/2017
f 1958/2198/2018 1959/2199/2019 1955/2200/2020 1956/2201/2021
f 1956/2201/2021 1939/2202/2022 1957/2203/2023 1958/2198/2018
f 2092/2204/2024 2091/2177/1997 2055/2176/1928 2038/2205/1985
f 2093/2206/2025 2079/2207/2026 2039/2208/1932 2040/2209/1986
f 2044/2210/1987 2045/2211/1990 2083/2212/2027 2094/2213/2028
f 2094/2213/2028 2082/2164/1989 2043/2163/1914 2044/2210/1987
f 2049/2214/1993 2050/2167/1983 2087/2166/1991 2095/2215/2029
f 2112/2216/2030 2095/2215/2029 2087/2166/1991 2104/2217/2031
f 2099/2218/2032 2082/2164/1989 2094/2213/2028 2111/2219/2033
f 2099/2218/2032 2111/2219/2033 1945/2183/2003 1944/2182/2002
f 2104/2217/2031 2087/2166/1991 2088/2169/1992 2105/2220/2034
f 2104/2217/2031 2105/2220/2034 1952/2195/2015 1951/2193/2013
f 1951/2193/2013 1950/2192/2012 2112/2216/2030 2104/2217/2031
f 2105/2220/2034 2088/2169/1992 2089/2173/1995 2106/2221/2035
f 2096/2222/2036 2089/2173/1995 2052/2172/1924 2053/2223/1994
f 1953/2197/2017 1952/2195/2015 2105/2220/2034 2106/2221/2035
f 1954/2224/2037 1955/2200/2020 1959/2199/2019 1960/2225/2038
f 1960/2225/2038 1961/2196/2016 1953/2197/2017 1954/2224/2037
f 2107/2226/2039 2090/2174/1996 2091/2177/1997 2108/2227/2040
f 2107/2226/2039 2108/2227/2040 1956/2201/2021 1955/2200/2020
f 1954/2224/2037 1953/2197/2017 2106/2221/2035 2113/2228/2041
f 2113/2228/2041 2106/2221/2035 2089/2173/1995 2096/2222/2036
f 2053/2223/1994 2054/2175/1929 2090/2174/1996 2096/2222/2036
f 2096/2222/2036 2090/2174/1996 2107/2226/2039 2113/2228/2041
f 2107/2226/2039 1955/2200/2020 1954/2224/2037 2113/2228/2041
f 1946/2189/2009 1945/2183/2003 2111/2219/2033 2100/2229/2042
f 2111/2219/2033 2094/2213/2028 2083/2212/2027 2100/2229/2042
f 2078/2230/2043 2037/2231/1933 2039/2208/1932 2079/2207/2026
f 2109/2232/2044 1939/2202/2022 1956/2201/2021 2108/2227/2040
f 1975/2233/2045 1957/2234/2023 1939/2235/2022 1938/2236/2046
f 1938/2236/2046 1940/2178/1998 1974/2181/2001 1975/2233/2045
f 2092/2237/2024 2038/2238/1985 2037/2231/1933 2078/2230/2043
f 2097/2239/2047 1940/2178/1998 1938/2236/2046 2114/2240/2048
f 2114/2240/2048 1938/2236/2046 1939/2235/2022 2109/2241/2044
f 2109/2232/2044 2108/2227/2040 2091/2177/1997 2092/2204/2024
f 2109/2241/2044 2092/2237/2024 2078/2230/2043 2114/2240/2048
f 2078/2230/2043 2079/2207/2026 2097/2239/2047 2114/2240/2048
f 2093/2206/2025 2040/2209/1986 2041/2242/1966 2080/2243/2049
f 2098/2244/2050 2081/2161/1988 2082/2164/1989 2099/2218/2032
f 2110/2245/2051 1941/2179/1999 1940/2178/1998 2097/2239/2047
f 2110/2245/2051 2097/2239/2047 2079/2207/2026 2093/2206/2025
f 1942/2246/2052 1943/2187/2007 1972/2186/2006 1971/2247/2053
f 1971/2247/2053 1973/2180/2000 1941/2179/1999 1942/2246/2052
f 2080/2243/2049 2041/2242/1966 2042/2162/1915 2081/2161/1988
f 1942/2246/2052 1941/2179/1999 2110/2245/2051 2115/2248/2054
f 2115/2248/2054 2080/2243/2049 2081/2161/1988 2098/2244/2050
f 2098/2244/2050 2099/2218/2032 1944/2182/2002 1943/2187/2007
f 2098/2244/2050 1943/2187/2007 1942/2246/2052 2115/2248/2054
f 2115/2248/2054 2110/2245/2051 2093/2206/2025 2080/2243/2049
f 2103/2249/2055 2086/2250/2056 2095/2215/2029 2112/2216/2030
f 2100/2229/2042 2083/2212/2027 2084/2251/2057 2101/2252/2058
f 2103/2249/2055 2112/2216/2030 1950/2192/2012 1949/2253/2059
f 1947/2254/2060 1946/2189/2009 2100/2229/2042 2101/2252/2058
f 2121/2255/2061 1947/2254/2060 2101/2252/2058 2119/2256/2062
f 1968/2188/2008 1946/2189/2009 1947/2254/2060 1967/2257/2063
f 1967/2257/2063 1947/2254/2060 2121/2255/2061 2122/2258/2064
f 2121/2255/2061 2119/2256/2062 2102/2259/2065 1948/2260/2066
f 2122/2258/2064 2121/2255/2061 1948/2260/2066 2123/2261/2067
f 1966/2262/2068 1967/2257/2063 2122/2258/2064 2123/2261/2067
f 2120/2263/2069 1948/2260/2066 2102/2259/2065 2118/2264/2070
f 2120/2263/2069 2118/2264/2070 2103/2249/2055 1949/2253/2059
f 1949/2253/2059 1950/2192/2012 1964/2191/2011 1965/2265/2071
f 2124/2266/2072 2120/2263/2069 1949/2253/2059 1965/2265/2071
f 1965/2265/2071 1966/2262/2068 2123/2261/2067 2124/2266/2072
f 2124/2266/2072 2123/2261/2067 1948/2260/2066 2120/2263/2069
f 2119/2256/2062 2101/2252/2058 2084/2251/2057 2117/2267/2073
f 2045/2165/1990 1934/2096/1946 1936/2095/1945 2046/2268/2074
f 2084/2251/2057 2083/2212/2027 2045/2211/1990 2046/2269/2074
f 2125/2270/2075 2117/2267/2073 2084/2251/2057 2046/2269/2074
f 2046/2268/2074 1936/2095/1945 1897/2101/1951 2047/2271/2076
f 2102/2259/2065 2119/2256/2062 2117/2267/2073 2085/2272/2077
f 2125/2270/2075 2046/2269/2074 2047/2273/2076 2126/2274/2078
f 2085/2272/2077 2117/2267/2073 2125/2270/2075 2126/2274/2078
f 2118/2264/2070 2102/2259/2065 2085/2272/2077 2116/2275/2079
f 2116/2275/2079 2086/2250/2056 2103/2249/2055 2118/2264/2070
f 2048/2276/2080 1898/2100/1950 1901/2152/1981 2049/2170/1993
f 2048/2277/2080 2086/2250/2056 2116/2275/2079 2127/2278/2081
f 2047/2271/2076 1897/2101/1951 1898/2100/1950 2048/2276/2080
f 2048/2277/2080 2049/2214/1993 2095/2215/2029 2086/2250/2056
f 2127/2278/2081 2126/2274/2078 2047/2273/2076 2048/2277/2080
f 2116/2275/2079 2085/2272/2077 2126/2274/2078 2127/2278/2081
f 2003/2279/2082 2002/2280/2083 1964/2191/2011 1963/2190/2010
f 2004/2281/2084 2003/2279/2082 1963/2190/2010 1962/2194/2014
f 2129/2282/2085 2003/2279/2082 2004/2281/2084 2130/2283/2086
f 2005/2284/2087 2004/2281/2084 1962/2194/2014 1961/2196/2016
f 2014/2285/2088 2013/2286/2089 1971/2247/2053 1972/2186/2006
f 2014/2285/2088 1972/2186/2006 1970/2185/2005 2015/2287/2090
f 2137/2288/2091 2136/2289/2092 2014/2285/2088 2015/2287/2090
f 2015/2287/2090 1970/2185/2005 1969/2184/2004 2016/2290/2093
f 2129/2282/2085 2130/2283/2086 2022/2291/2094 2021/2292/2095
f 2021/2292/2095 2022/2291/2094 2136/2289/2092 2137/2288/2091
f 2137/2288/2091 2015/2287/2090 2016/2290/2093 2138/2293/2096
f 2021/2292/2095 2137/2288/2091 2138/2293/2096
f 2017/2294/2097 2016/2290/2093 1969/2184/2004 1968/2188/2008
f 2139/2295/2098 2020/2296/2099 2021/2292/2095 2138/2293/2096
f 2139/2295/2098 2138/2293/2096 2016/2290/2093 2017/2294/2097
f 2018/2297/2100 2017/2294/2097 1968/2188/2008 1967/2257/2063
f 2140/2298/2101 2139/2295/2098 2017/2294/2097 2018/2297/2100
f 2018/2297/2100 1967/2257/2063 1966/2262/2068 2001/2299/2102
f 2141/2300/2103 2140/2298/2101 2018/2297/2100 2001/2299/2102
f 2000/2301/2104 1965/2265/2071 1964/2191/2011 2002/2280/2083
f 2001/2299/2102 1966/2262/2068 1965/2265/2071 2000/2301/2104
f 2020/2296/2099 2139/2295/2098 2140/2298/2101 2019/2302/2105
f 2019/2302/2105 2140/2298/2101 2141/2300/2103
f 2129/2282/2085 2021/2292/2095 2020/2296/2099 2128/2303/2106
f 2019/2302/2105 2141/2300/2103 2142/2304/2107
f 2142/2304/2107 2000/2301/2104 2002/2280/2083 2128/2303/2106
f 2128/2303/2106 2002/2280/2083 2003/2279/2082 2129/2282/2085
f 2128/2303/2106 2020/2296/2099 2019/2302/2105 2142/2304/2107
f 2141/2300/2103 2001/2299/2102 2000/2301/2104 2142/2304/2107
f 2006/2305/2108 2005/2284/2087 1961/2196/2016 1960/2225/2038
f 2130/2283/2086 2004/2281/2084 2005/2284/2087 2131/2306/2109
f 2023/2307/2110 2022/2291/2094 2130/2283/2086 2131/2306/2109
f 2131/2306/2109 2005/2284/2087 2006/2305/2108 2143/2308/2111
f 2132/2309/2112 2023/2307/2110 2131/2306/2109
f 2007/2310/2113 2006/2305/2108 1960/2225/2038 1959/2199/2019
f 2143/2308/2111 2006/2305/2108 2007/2310/2113 2144/2311/2114
f 2132/2309/2112 2131/2306/2109 2143/2308/2111 2144/2311/2114
f 2008/2312/2115 2007/2310/2113 1959/2199/2019 1958/2198/2018
f 2008/2312/2115 1958/2198/2018 1957/2203/2023 2009/2313/2116
f 2145/2314/2117 2008/2312/2115 2009/2313/2116 2133/2315/2118
f 2145/2314/2117 2144/2311/2114 2007/2310/2113 2008/2312/2115
f 2010/2316/2119 2009/2313/2116 1957/2234/2023 1975/2233/2045
f 2133/2315/2118 2132/2309/2112 2144/2311/2114 2145/2314/2117
f 2133/2315/2118 2023/2307/2110 2132/2309/2112
f 2133/2315/2118 2009/2313/2116 2010/2316/2119 2146/2317/2120
f 2011/2318/2121 2010/2316/2119 1975/2233/2045 1974/2181/2001
f 2134/2319/2122 2023/2307/2110 2133/2315/2118
f 2146/2317/2120 2010/2316/2119 2011/2318/2121 2147/2320/2123
f 2134/2319/2122 2133/2315/2118 2146/2317/2120 2147/2320/2123
f 2012/2321/2124 2011/2318/2121 1974/2181/2001 1973/2180/2000
f 2012/2321/2124 1973/2180/2000 1971/2247/2053 2013/2286/2089
f 2148/2322/2125 2012/2321/2124 2013/2286/2089 2135/2323/2126
f 2136/2289/2092 2022/2291/2094 2023/2307/2110 2135/2323/2126
f 2135/2323/2126 2023/2307/2110 2134/2319/2122
f 2135/2323/2126 2134/2319/2122 2147/2320/2123 2148/2322/2125
f 2135/2323/2126 2013/2286/2089 2014/2285/2088 2136/2289/2092
f 2148/2322/2125 2147/2320/2123 2011/2318/2121 2012/2321/2124
f 2025/2052/1904 2026/2055/1907 1985/2324/2127 1984/2325/2128
f 2024/2057/1909 2025/2052/1904 1984/2325/2128 1983/2326/2129
f 1987/2047/1899 2024/2057/1909 1983/2326/2129 1982/2327/2130
f 1988/2044/1896 1987/2047/1899 1982/2327/2130 1981/2328/2131
f 1989/2048/1900 1988/2044/1896 1981/2328/2131 1980/2329/2132
f 1990/2050/1902 1989/2048/1900 1980/2329/2132 1979/2330/2133
f 1991/2058/1910 1990/2061/1902 1979/2331/2133 1978/2332/2134
f 2036/2062/1912 1991/2058/1910 1978/2332/2134 1977/2333/2135
f 2035/2068/1918 2036/2062/1912 1977/2333/2135 1976/2334/2136
f 2056/2086/1936 2035/2068/1918 1976/2334/2136 1999/2335/2137
f 1998/2336/2138 2034/2087/1937 2056/2086/1936 1999/2335/2137
f 2033/2092/1942 2034/2087/1937 1998/2336/2138 1997/2337/2139
f 2032/2093/1943 2033/2092/1942 1997/2337/2139 1996/2338/2140
f 2028/2071/1921 2029/2070/1920 1993/2339/2141 1992/2340/2142
f 2027/2148/1979 2028/2071/1921 1992/2340/2142 1986/2341/2143
f 1986/2341/2143 1985/2324/2127 2026/2055/1907 2027/2148/1979
f 2171/2342/2144 2170/2343/2145 2207/2344/2146 2224/2345/2147
f 2172/2346/2148 2171/2342/2144 2224/2345/2147 2223/2347/2149
f 2173/2348/2150 2172/2346/2148 2223/2347/2149 2222/2349/2151
f 2174/2350/2152 2173/2348/2150 2222/2349/2151 2221/2351/2153
f 2175/2352/2154 2174/2350/2152 2221/2351/2153 2220/2353/2155
f 2176/2354/2156 2175/2352/2154 2220/2353/2155 2219/2355/2157
f 2177/2356/2158 2176/2354/2156 2219/2355/2157 2218/2357/2159
f 2178/2358/2160 2177/2356/2158 2218/2357/2159 2217/2359/2161
f 2179/2360/2162 2178/2358/2160 2217/2359/2161 2216/2361/2163
f 2180/2362/2164 2179/2363/2162 2216/2364/2163 2215/2365/2165
f 2181/2366/2166 2180/2362/2164 2215/2365/2165 2214/2367/2167
f 2182/2368/2168 2181/2366/2166 2214/2367/2167 2213/2369/2169
f 2183/2370/2170 2182/2368/2168 2213/2369/2169 2212/2371/2171
f 2184/2372/2172 2183/2370/2170 2212/2371/2171 2211/2373/2173
f 2185/2374/2174 2184/2372/2172 2211/2373/2173 2210/2375/2175
f 2186/2376/2176 2185/2374/2174 2210/2375/2175 2209/2377/2177
f 2243/2378/2178 2205/2379/2179 2204/2380/2180 2242/2381/2181
f 2228/2382/2182 2190/2383/2183 2189/2384/2184 2227/2385/2185
f 2170/2343/2145 2171/2342/2144 2228/2382/2182 2227/2385/2185
f 2229/2386/2186 2191/2387/2187 2190/2383/2183 2228/2382/2182
f 2171/2342/2144 2172/2346/2148 2229/2386/2186 2228/2382/2182
f 2230/2388/2188 2192/2389/2189 2191/2387/2187 2229/2386/2186
f 2172/2346/2148 2173/2348/2150 2230/2388/2188 2229/2386/2186
f 2231/2390/2190 2193/2391/2191 2192/2389/2189 2230/2388/2188
f 2173/2348/2150 2174/2350/2152 2231/2390/2190 2230/2388/2188
f 2232/2392/2192 2194/2393/2193 2193/2391/2191 2231/2390/2190
f 2174/2350/2152 2175/2352/2154 2232/2392/2192 2231/2390/2190
f 2233/2394/2194 2195/2395/2195 2194/2393/2193 2232/2392/2192
f 2175/2352/2154 2176/2354/2156 2233/2394/2194 2232/2392/2192
f 2234/2396/2196 2196/2397/2197 2195/2395/2195 2233/2394/2194
f 2176/2354/2156 2177/2356/2158 2234/2396/2196 2233/2394/2194
f 2235/2398/2198 2197/2399/2199 2196/2397/2197 2234/2396/2196
f 2177/2356/2158 2178/2358/2160 2235/2398/2198 2234/2396/2196
f 2236/2400/2200 2198/2401/2201 2197/2399/2199 2235/2398/2198
f 2178/2358/2160 2179/2360/2162 2236/2400/2200 2235/2398/2198
f 2237/2402/2202 2199/2403/2203 2198/2404/2201 2236/2405/2200
f 2179/2363/2162 2180/2362/2164 2237/2402/2202 2236/2405/2200
f 2238/2406/2204 2200/2407/2205 2199/2403/2203 2237/2402/2202
f 2180/2362/2164 2181/2366/2166 2238/2406/2204 2237/2402/2202
f 2239/2408/2206 2201/2409/2207 2200/2407/2205 2238/2406/2204
f 2181/2366/2166 2182/2368/2168 2239/2408/2206 2238/2406/2204
f 2240/2410/2208 2202/2411/2209 2201/2409/2207 2239/2408/2206
f 2182/2368/2168 2183/2370/2170 2240/2410/2208 2239/2408/2206
f 2241/2412/2210 2203/2413/2211 2202/2411/2209 2240/2410/2208
f 2183/2370/2170 2184/2372/2172 2241/2412/2210 2240/2410/2208
f 2242/2381/2181 2204/2380/2180 2203/2413/2211 2241/2412/2210
f 2184/2372/2172 2185/2374/2174 2242/2381/2181 2241/2412/2210
f 2185/2374/2174 2186/2376/2176 2243/2378/2178 2242/2381/2181
f 2150/2414/2212 2149/2415/2213 2192/2389/2189 2193/2391/2191
f 2151/2416/2214 2150/2414/2212 2193/2391/2191 2194/2393/2193
f 2152/2417/2215 2151/2416/2214 2194/2393/2193 2195/2395/2195
f 2153/2418/2216 2152/2417/2215 2195/2395/2195 2196/2397/2197
f 2154/2419/2217 2153/2418/2216 2196/2397/2197 2197/2399/2199
f 2155/2420/2218 2154/2419/2217 2197/2399/2199 2198/2401/2201
f 2156/2421/2219 2155/2422/2218 2198/2404/2201 2199/2403/2203
f 2157/2423/2220 2156/2421/2219 2199/2403/2203 2200/2407/2205
f 2158/2424/2221 2157/2423/2220 2200/2407/2205 2201/2409/2207
f 2159/2425/2222 2158/2424/2221 2201/2409/2207 2202/2411/2209
f 2160/2426/2223 2159/2425/2222 2202/2411/2209 2203/2413/2211
f 2161/2427/2224 2160/2426/2223 2203/2413/2211 2204/2380/2180
f 2162/2428/2225 2161/2427/2224 2204/2380/2180 2205/2379/2179
f 2166/2429/2226 2165/2430/2227 2189/2384/2184 2190/2383/2183
f 2167/2431/2228 2166/2429/2226 2190/2383/2183 2191/2387/2187
f 2191/2387/2187 2192/2389/2189 2149/2415/2213 2167/2431/2228
f 2149/2415/2213 2150/2414/2212 2245/2432/2229 2244/2433/2230
f 2245/2432/2229 2284/2434/2231 2285/2435/2232 2244/2433/2230
f 2244/2433/2230 2285/2435/2232 2286/2436/2233 2262/2437/2234
f 2244/2433/2230 2262/2437/2234 2167/2431/2228 2149/2415/2213
f 2246/2438/2235 2283/2439/2236 2284/2434/2231 2245/2432/2229
f 2150/2414/2212 2151/2416/2214 2246/2438/2235 2245/2432/2229
f 2247/2440/2237 2282/2441/2238 2283/2439/2236 2246/2438/2235
f 2151/2416/2214 2152/2417/2215 2247/2440/2237 2246/2438/2235
f 2248/2442/2239 2281/2443/2240 2282/2441/2238 2247/2440/2237
f 2152/2417/2215 2153/2418/2216 2248/2442/2239 2247/2440/2237
f 2249/2444/2241 2280/2445/2242 2281/2443/2240 2248/2442/2239
f 2153/2418/2216 2154/2419/2217 2249/2444/2241 2248/2442/2239
f 2250/2446/2243 2279/2447/2244 2280/2445/2242 2249/2444/2241
f 2154/2419/2217 2155/2420/2218 2250/2446/2243 2249/2444/2241
f 2251/2448/2245 2278/2449/2246 2279/2450/2244 2250/2451/2243
f 2155/2422/2218 2156/2421/2219 2251/2448/2245 2250/2451/2243
f 2252/2452/2247 2277/2453/2248 2278/2449/2246 2251/2448/2245
f 2156/2421/2219 2157/2423/2220 2252/2452/2247 2251/2448/2245
f 2253/2454/2249 2276/2455/2250 2277/2453/2248 2252/2452/2247
f 2157/2423/2220 2158/2424/2221 2253/2454/2249 2252/2452/2247
f 2254/2456/2251 2275/2457/2252 2276/2455/2250 2253/2454/2249
f 2158/2424/2221 2159/2425/2222 2254/2456/2251 2253/2454/2249
f 2255/2458/2253 2274/2459/2254 2275/2457/2252 2254/2456/2251
f 2159/2425/2222 2160/2426/2223 2255/2458/2253 2254/2456/2251
f 2256/2460/2255 2273/2461/2256 2274/2459/2254 2255/2458/2253
f 2160/2426/2223 2161/2427/2224 2256/2460/2255 2255/2458/2253
f 2257/2462/2257 2272/2463/2258 2273/2461/2256 2256/2460/2255
f 2161/2427/2224 2162/2428/2225 2257/2462/2257 2256/2460/2255
f 2261/2464/2259 2287/2465/2260 2288/2466/2261 2260/2467/2262
f 2165/2430/2227 2166/2429/2226 2261/2464/2259 2260/2467/2262
f 2262/2437/2234 2286/2436/2233 2287/2465/2260 2261/2464/2259
f 2166/2429/2226 2167/2431/2228 2262/2437/2234 2261/2464/2259
f 1896/2468/2263 1899/2149/1923 2058/2099/1949 2057/2098/1948
f 1937/2125/1963 1896/2468/2263 2057/2098/1948 2074/2094/1944
f 2030/2469/2264 2029/2070/1920 1899/2073/1923 1896/2470/2263
f 2031/2471/2265 1937/2472/1963 1935/2090/1940 2032/2093/1943
f 2263/2473/2266 2030/2469/2264 1896/2470/2263
f 1896/2470/2263 1937/2472/1963 2031/2471/2265 2263/2473/2266
f 1994/2474/2267 1993/2339/2141 2029/2070/1920 2030/2469/2264
f 2031/2471/2265 2032/2093/1943 1996/2338/2140 1995/2475/2268
f 2264/2476/2269 1994/2474/2267 2030/2469/2264 2263/2473/2266
f 2264/2476/2269 2263/2473/2266 2031/2471/2265 1995/2475/2268
f 2258/2477/2270 2271/2478/2271 2272/2463/2258 2257/2462/2257
f 2260/2467/2262 2288/2466/2261 2289/2479/2272 2259/2480/2273
f 2265/2481/2274 2259/2480/2273 2289/2479/2272 2290/2482/2275
f 2265/2481/2274 2290/2482/2275 2271/2478/2271 2258/2477/2270
f 2258/2477/2270 2257/2462/2257 2162/2428/2225 2163/2483/2276
f 2259/2480/2273 2265/2481/2274 2266/2484/2277 2164/2485/2278
f 2164/2485/2278 2165/2430/2227 2260/2467/2262 2259/2480/2273
f 2266/2484/2277 2265/2481/2274 2258/2477/2270 2163/2483/2276
f 2187/2486/2279 2163/2483/2276 2162/2428/2225 2205/2379/2179
f 2188/2487/2280 2164/2485/2278 2266/2484/2277 2267/2488/2281
f 2189/2384/2184 2165/2430/2227 2164/2485/2278 2188/2487/2280
f 2267/2488/2281 2266/2484/2277 2163/2483/2276 2187/2486/2279
f 2225/2489/2282 2187/2486/2279 2205/2379/2179 2243/2378/2178
f 2227/2385/2185 2189/2384/2184 2188/2487/2280 2226/2490/2283
f 2268/2491/2284 2226/2490/2283 2188/2487/2280 2267/2488/2281
f 2268/2491/2284 2267/2488/2281 2187/2486/2279 2225/2489/2282
f 2169/2492/2285 2170/2343/2145 2227/2385/2185 2226/2490/2283
f 2225/2489/2282 2243/2378/2178 2186/2376/2176 2168/2493/2286
f 2268/2491/2284 2225/2489/2282 2168/2493/2286 2269/2494/2287
f 2169/2492/2285 2226/2490/2283 2268/2491/2284 2269/2494/2287
f 2208/2495/2288 2168/2493/2286 2186/2376/2176 2209/2377/2177
f 2207/2344/2146 2170/2343/2145 2169/2492/2285 2206/2496/2289
f 2206/2496/2289 2169/2492/2285 2269/2494/2287 2270/2497/2290
f 2270/2497/2290 2269/2494/2287 2168/2493/2286 2208/2495/2288
f 2271/2478/2271 1995/2475/2268 1996/2338/2140 2272/2463/2258
f 2273/2461/2256 2272/2463/2258 1996/2338/2140 1997/2337/2139
f 2274/2459/2254 2273/2461/2256 1997/2337/2139 1998/2336/2138
f 2275/2457/2252 2274/2459/2254 1998/2336/2138 1999/2335/2137
f 2276/2455/2250 2275/2457/2252 1999/2335/2137 1976/2334/2136
f 2277/2453/2248 2276/2455/2250 1976/2334/2136 1977/2333/2135
f 2278/2449/2246 2277/2453/2248 1977/2333/2135 1978/2332/2134
f 2279/2450/2244 2278/2449/2246 1978/2332/2134 1979/2331/2133
f 2280/2445/2242 2279/2447/2244 1979/2330/2133 1980/2329/2132
f 2281/2443/2240 2280/2445/2242 1980/2329/2132 1981/2328/2131
f 2282/2441/2238 2281/2443/2240 1981/2328/2131 1982/2327/2130
f 2283/2439/2236 2282/2441/2238 1982/2327/2130 1983/2326/2129
f 2284/2434/2231 2283/2439/2236 1983/2326/2129 1984/2325/2128
f 2285/2435/2232 2284/2434/2231 1984/2325/2128 1985/2324/2127
f 2286/2436/2233 2285/2435/2232 1985/2324/2127 1986/2341/2143
f 2287/2465/2260 2286/2436/2233 1986/2341/2143 1992/2340/2142
f 2288/2466/2261 2287/2465/2260 1992/2340/2142 1993/2339/2141
f 2289/2479/2272 2288/2466/2261 1993/2339/2141 1994/2474/2267
f 2290/2482/2275 2289/2479/2272 1994/2474/2267 2264/2476/2269
f 2271/2478/2271 2290/2482/2275 2264/2476/2269 1995/2475/2268
o mixamorig:Teeth_Up_Geo
v 0.007596 1.450481 0.317046
v 0.006773 1.433632 0.316019
v 0.006441 1.428249 0.311675
v 0.013537 1.435376 0.316123
v 0.018935 1.429226 0.310937
v 0.019611 1.433964 0.314000
v 0.020062 1.450567 0.316009
v 0.014193 1.450522 0.316713
v 0.013246 1.432848 0.313756
v 0.008842 1.431347 0.313618
v 0.016903 1.431723 0.313011
v 0.012988 1.426495 0.312296
v 0.012773 1.420644 0.309355
v 0.006026 1.420661 0.308617
v 0.018265 1.421166 0.307369
v 0.011674 1.416209 0.304264
v 0.005780 1.416695 0.305369
v 0.017266 1.417025 0.303680
v 0.022479 1.431615 0.311374
v 0.026165 1.434705 0.312528
v 0.025282 1.432599 0.310435
v 0.031515 1.433317 0.309693
v 0.028831 1.431419 0.309087
v 0.030383 1.429937 0.306184
v 0.034111 1.431889 0.305880
v 0.038070 1.434755 0.305228
v 0.036493 1.432814 0.303856
v 0.038573 1.431495 0.300073
v 0.041768 1.434148 0.300103
v 0.039229 1.430733 0.297489
v 0.042596 1.433477 0.296336
v 0.045305 1.436697 0.294958
v 0.043445 1.434886 0.292979
v 0.044906 1.435536 0.288736
v 0.047027 1.437654 0.288716
v 0.044210 1.434675 0.286160
v 0.046754 1.437484 0.284222
v 0.049772 1.440162 0.282585
v 0.047425 1.438276 0.281783
v 0.051149 1.440883 0.277471
v 0.048244 1.438219 0.278622
v 0.048416 1.437649 0.275757
v 0.049759 1.440398 0.274213
v 0.052534 1.443332 0.272814
v 0.050497 1.442010 0.272210
v 0.052782 1.442842 0.267977
v 0.051030 1.441074 0.268505
v 0.050314 1.440031 0.265861
v 0.052023 1.442875 0.264625
v 0.054228 1.447939 0.262436
v 0.052312 1.445275 0.261738
v 0.052789 1.444767 0.256600
v 0.054529 1.446862 0.256050
v 0.052060 1.444216 0.254574
v 0.055383 1.448965 0.250603
v 0.052354 1.446824 0.249355
v 0.054652 1.469645 0.256548
v 0.053957 1.467695 0.263002
v 0.053302 1.465430 0.268814
v 0.052633 1.462976 0.274757
v 0.052072 1.460979 0.279291
v 0.051325 1.458899 0.283625
v 0.050057 1.457624 0.289203
v 0.048238 1.455896 0.295691
v 0.045744 1.454217 0.301178
v 0.042084 1.452841 0.305044
v 0.037207 1.452231 0.308980
v 0.031783 1.451213 0.311967
v 0.026269 1.450646 0.314377
v 0.025074 1.426816 0.309337
v 0.024558 1.420839 0.306802
v 0.029313 1.423082 0.303143
v 0.023401 1.416349 0.302990
v 0.027876 1.419694 0.299640
v 0.035524 1.429250 0.302732
v 0.034186 1.423368 0.300232
v 0.037115 1.424552 0.295177
v 0.031694 1.417605 0.297268
v 0.033260 1.419113 0.294824
v 0.028378 1.420927 0.300370
v 0.043391 1.430789 0.291962
v 0.041845 1.425139 0.290359
v 0.042484 1.428810 0.284020
v 0.047247 1.434815 0.280933
v 0.045209 1.429754 0.278452
v 0.045261 1.432065 0.273712
v 0.050204 1.438557 0.270735
v 0.047852 1.433233 0.268511
v 0.046745 1.435167 0.263778
v 0.052242 1.441038 0.260171
v 0.050017 1.436629 0.258345
v 0.048399 1.438727 0.253048
v 0.037613 1.420545 0.291022
v 0.038899 1.420775 0.288348
v 0.038923 1.422796 0.285298
v 0.040290 1.425905 0.280701
v 0.041598 1.425770 0.276900
v 0.041897 1.428481 0.273446
v 0.042589 1.429618 0.270497
v 0.043514 1.429554 0.266593
v 0.043059 1.433436 0.262542
v 0.045289 1.432152 0.259979
v 0.044844 1.431821 0.256768
v 0.046627 1.435543 0.252820
v 0.005283 1.417836 0.303739
v 0.011654 1.416521 0.302889
v 0.017012 1.417019 0.302986
v 0.022721 1.416229 0.300941
v 0.026878 1.417632 0.299113
v 0.045847 1.448734 0.249848
v 0.044279 1.447171 0.256186
v 0.040381 1.437841 0.254620
v 0.029780 1.417955 0.295115
v 0.027823 1.419342 0.297501
v 0.031744 1.421090 0.293180
v 0.035034 1.423949 0.293125
v 0.035926 1.420533 0.290593
v 0.035931 1.420875 0.287252
v 0.036772 1.424156 0.284555
v 0.040419 1.428435 0.283415
v 0.035149 1.428431 0.280359
v 0.035133 1.430468 0.276117
v 0.037399 1.431407 0.272264
v 0.039039 1.427821 0.276547
v 0.038454 1.427326 0.280405
v 0.039447 1.429484 0.272744
v 0.041490 1.430883 0.272015
v 0.041249 1.432078 0.267277
v 0.041023 1.434159 0.262448
v 0.037915 1.431708 0.271414
v 0.037440 1.431404 0.269914
v 0.037974 1.433692 0.267084
v 0.039498 1.434612 0.262799
v 0.041001 1.430974 0.270209
v 0.042985 1.433420 0.260833
v 0.042349 1.434307 0.257198
v 0.043418 1.436362 0.253237
v 0.044701 1.439588 0.253288
v 0.047614 1.445382 0.254400
v 0.049063 1.447460 0.249208
v 0.040757 1.434083 0.261196
v 0.040543 1.435512 0.258052
v 0.038923 1.433991 0.260674
v 0.038846 1.436211 0.258374
v 0.027679 1.417706 0.300670
v 0.029343 1.421441 0.303896
v 0.029769 1.429049 0.307018
v 0.029069 1.418651 0.298977
v 0.030642 1.423341 0.302439
v 0.031985 1.429150 0.305576
v 0.006550 1.432026 0.306557
v 0.013958 1.434509 0.307348
v 0.017734 1.430373 0.306146
v 0.023461 1.433471 0.305323
v 0.029127 1.430508 0.302633
v 0.030374 1.433329 0.301839
v 0.033731 1.434527 0.298508
v 0.035314 1.433020 0.295984
v 0.034724 1.436478 0.294347
v 0.035424 1.437320 0.292242
v 0.036015 1.437579 0.289992
v 0.036940 1.437337 0.287232
v 0.039566 1.435261 0.285149
v 0.037560 1.439361 0.282802
v 0.038489 1.440728 0.278590
v 0.041589 1.440944 0.274459
v 0.040624 1.442619 0.272296
v 0.041270 1.443771 0.268856
v 0.043694 1.443917 0.264733
v 0.042608 1.445420 0.262865
v 0.042986 1.446358 0.260228
v 0.037519 1.465071 0.267699
v 0.037956 1.466614 0.264176
v 0.038458 1.468064 0.259705
v 0.038943 1.470422 0.254720
v 0.036670 1.462512 0.273771
v 0.036154 1.460906 0.276746
v 0.035174 1.458642 0.281889
v 0.034511 1.457600 0.285876
v 0.033734 1.455602 0.290792
v 0.033330 1.454827 0.293166
v 0.032911 1.454103 0.294959
v 0.032021 1.453005 0.297128
v 0.029179 1.452227 0.299945
v 0.025977 1.452351 0.301010
v 0.022235 1.452228 0.301762
v 0.018768 1.451965 0.302540
v 0.014733 1.451348 0.303411
v 0.010883 1.451740 0.304016
v 0.007437 1.451750 0.304187
v 0.000213 1.436013 0.316351
v -0.005921 1.430414 0.311362
v -0.006037 1.435191 0.314438
v -0.004833 1.451757 0.316435
v 0.001026 1.451151 0.316939
v 0.000180 1.433473 0.313980
v 0.004414 1.431559 0.313694
v -0.003591 1.432703 0.313362
v -0.000218 1.427127 0.312522
v -0.000664 1.421287 0.309585
v -0.006145 1.422334 0.307787
v -0.000167 1.416775 0.304467
v -0.005673 1.418122 0.304073
v -0.009204 1.433131 0.311916
v -0.012536 1.436556 0.313190
v -0.011931 1.434379 0.311072
v -0.018088 1.435689 0.310542
v -0.015620 1.433545 0.309848
v -0.017405 1.432223 0.307002
v -0.020938 1.434522 0.306822
v -0.024624 1.437753 0.306301
v -0.023288 1.435673 0.304879
v -0.025613 1.434565 0.301171
v -0.028537 1.437510 0.301306
v -0.026425 1.433873 0.298613
v -0.029553 1.436928 0.297570
v -0.031988 1.440393 0.296281
v -0.030378 1.438417 0.294242
v -0.031914 1.439210 0.290050
v -0.033823 1.441521 0.290100
v -0.031392 1.438290 0.287454
v -0.033721 1.441333 0.285599
v -0.036524 1.444289 0.284062
v -0.034396 1.442189 0.283183
v -0.038000 1.445146 0.278997
v -0.035324 1.442216 0.280053
v -0.035647 1.441670 0.277195
v -0.036774 1.444536 0.275694
v -0.039303 1.447724 0.274385
v -0.037424 1.446215 0.273715
v -0.039761 1.447268 0.269561
v -0.038169 1.445341 0.270032
v -0.037646 1.444238 0.267366
v -0.039118 1.447233 0.266185
v -0.040903 1.452488 0.264064
v -0.039275 1.449655 0.263305
v -0.039973 1.449204 0.258188
v -0.041523 1.451456 0.257694
v -0.039370 1.448589 0.256138
v -0.042358 1.453640 0.252275
v -0.039592 1.451221 0.250929
v -0.039454 1.474146 0.258159
v -0.038729 1.472128 0.264588
v -0.038095 1.469801 0.270379
v -0.037461 1.467285 0.276299
v -0.036938 1.465235 0.280814
v -0.036246 1.463087 0.285124
v -0.034915 1.461688 0.290657
v -0.033049 1.459784 0.297082
v -0.030541 1.457865 0.302483
v -0.026899 1.456140 0.306225
v -0.021971 1.455061 0.309993
v -0.016570 1.453525 0.312795
v -0.011056 1.452431 0.315016
v -0.012313 1.428604 0.309977
v -0.012457 1.422609 0.307436
v -0.017098 1.425302 0.303938
v -0.011864 1.418035 0.303594
v -0.016111 1.421798 0.300393
v -0.022702 1.432035 0.303729
v -0.022018 1.426057 0.301194
v -0.024992 1.427522 0.296240
v -0.020190 1.420087 0.298156
v -0.021687 1.421741 0.295765
v -0.016468 1.423072 0.301137
v -0.030750 1.434335 0.293231
v -0.029805 1.428566 0.291585
v -0.030307 1.432291 0.285266
v -0.034578 1.438728 0.282334
v -0.033118 1.433500 0.279793
v -0.033112 1.435813 0.275054
v -0.037511 1.442752 0.272237
v -0.035755 1.437231 0.269942
v -0.034631 1.439059 0.265171
v -0.039663 1.445434 0.261744
v -0.037932 1.440835 0.259850
v -0.036303 1.442778 0.254498
v -0.026011 1.423588 0.292111
v -0.027360 1.423944 0.289482
v -0.027295 1.425963 0.286432
v -0.028515 1.429195 0.281879
v -0.029959 1.429193 0.278124
v -0.030116 1.431925 0.274679
v -0.030796 1.433128 0.271753
v -0.031856 1.433158 0.267883
v -0.031172 1.436986 0.263813
v -0.033600 1.435925 0.261329
v -0.033299 1.435558 0.258105
v -0.034852 1.439440 0.254214
v -0.000164 1.417086 0.303092
v -0.005444 1.418093 0.303371
v -0.011268 1.417855 0.301523
v -0.015333 1.419651 0.299835
v -0.032919 1.452502 0.251196
v -0.031292 1.450785 0.257480
v -0.028357 1.441128 0.255796
v -0.018325 1.420256 0.295938
v -0.016165 1.421446 0.298254
v -0.020046 1.423567 0.294067
v -0.023049 1.426727 0.294119
v -0.024348 1.423416 0.291624
v -0.024434 1.423762 0.288286
v -0.025050 1.427113 0.285613
v -0.028310 1.431722 0.284591
v -0.023171 1.431221 0.281357
v -0.023106 1.433254 0.277113
v -0.025402 1.434411 0.273339
v -0.027230 1.430990 0.277682
v -0.026563 1.430436 0.281517
v -0.027607 1.432691 0.273891
v -0.029531 1.434280 0.273230
v -0.029339 1.435454 0.268485
v -0.029080 1.437512 0.263648
v -0.025915 1.434761 0.272506
v -0.025524 1.434415 0.270992
v -0.025934 1.436748 0.268178
v -0.027507 1.437817 0.263946
v -0.029097 1.434326 0.271408
v -0.031157 1.436965 0.262102
v -0.030564 1.437794 0.258446
v -0.031567 1.439948 0.254521
v -0.032534 1.443282 0.254610
v -0.034841 1.449325 0.255811
v -0.036261 1.451541 0.250669
v -0.028866 1.437413 0.262388
v -0.028623 1.438820 0.259236
v -0.027068 1.437147 0.261803
v -0.026858 1.439353 0.259498
v -0.016070 1.419798 0.301419
v -0.017259 1.423669 0.304693
v -0.016850 1.431279 0.307816
v -0.017420 1.420875 0.299773
v -0.018419 1.425687 0.303278
v -0.019094 1.431593 0.306451
v -0.000588 1.435205 0.307597
v -0.004780 1.431449 0.306532
v -0.010210 1.435082 0.305899
v -0.016222 1.432677 0.303409
v -0.017220 1.435606 0.302653
v -0.020559 1.437124 0.299437
v -0.022364 1.435778 0.296971
v -0.021503 1.439167 0.295310
v -0.022191 1.440076 0.293228
v -0.022832 1.440393 0.290999
v -0.023869 1.440245 0.288273
v -0.026750 1.438433 0.286284
v -0.024444 1.442327 0.283863
v -0.025382 1.443783 0.279683
v -0.028585 1.444301 0.275660
v -0.027540 1.445879 0.273463
v -0.028190 1.447094 0.270044
v -0.030728 1.447477 0.266007
v -0.029568 1.448872 0.264100
v -0.029945 1.449846 0.261476
v -0.022465 1.467940 0.268726
v -0.022873 1.469524 0.265217
v -0.023387 1.471022 0.260763
v -0.023815 1.473423 0.255794
v -0.021658 1.465302 0.274769
v -0.021196 1.463648 0.277727
v -0.020261 1.461294 0.282837
v -0.019566 1.460187 0.286801
v -0.018815 1.458115 0.291692
v -0.018406 1.457302 0.294051
v -0.017997 1.456538 0.295830
v -0.017142 1.455356 0.297969
v -0.014294 1.454306 0.300689
v -0.011060 1.454122 0.301644
v -0.007322 1.453642 0.302267
v -0.003872 1.453048 0.302928
v 0.000113 1.452047 0.303661
v 0.004001 1.452070 0.304134
v 0.006480 1.420652 0.308784
v 0.006300 1.416778 0.305204
v 0.006828 1.417299 0.303120
v 0.005484 1.420638 0.308784
v 0.005169 1.416800 0.305230
v 0.004774 1.417156 0.303391
v 0.004337 1.425629 0.306813
v 0.007946 1.425605 0.306826
v 0.006438 1.429330 0.307289
vn 0.0091 -0.1629 0.9866
vn 0.1197 -0.1364 0.9834
vn 0.1215 -0.0695 0.9902
vn 0.0146 -0.0511 0.9986
vn 0.0406 -0.4787 0.8770
vn 0.1113 -0.4957 0.8614
vn -0.0009 -0.3638 0.9315
vn 0.2298 -0.1729 0.9578
vn 0.1868 -0.4433 0.8767
vn 0.9945 0.0010 0.1043
vn 0.9910 -0.1053 0.0831
vn 0.9913 -0.1026 0.0822
vn 0.9920 -0.0081 0.1263
vn 0.9924 -0.0094 0.1227
vn 0.9925 -0.0473 0.1127
vn 0.9887 -0.0975 0.1138
vn 0.9909 -0.0228 0.1323
vn 0.9875 -0.0912 0.1287
vn 0.9894 -0.0373 0.1401
vn 0.9704 -0.1480 0.1908
vn 0.9742 -0.0784 0.2118
vn 0.9513 -0.1852 0.2463
vn 0.9561 -0.1274 0.2640
vn 0.4881 -0.1879 0.8524
vn 0.6365 -0.1995 0.7450
vn 0.6279 -0.1425 0.7651
vn 0.4947 -0.1249 0.8600
vn 0.3318 -0.1728 0.9274
vn 0.2594 -0.4370 0.8612
vn 0.2813 -0.4791 0.8315
vn 0.3339 -0.1168 0.9353
vn 0.2316 -0.1036 0.9673
vn 0.9370 -0.2120 0.2776
vn 0.9426 -0.1528 0.2971
vn 0.7643 -0.1717 0.6216
vn 0.7636 -0.2403 0.5993
vn 0.8855 -0.2235 0.4074
vn 0.8839 -0.1740 0.4341
vn 0.2243 -0.3918 0.8923
vn 0.6517 -0.5921 0.4741
vn 0.5913 -0.6052 0.5330
vn 0.8013 -0.5319 0.2739
vn 0.8356 -0.5158 0.1889
vn 0.8639 -0.4927 0.1045
vn 0.7607 -0.4356 0.4813
vn 0.9002 -0.3461 0.2645
vn 0.7939 -0.5890 0.1512
vn 0.8097 -0.5645 0.1600
vn 0.8544 -0.4945 0.1595
vn 0.9133 -0.3708 0.1684
vn 0.8967 -0.3985 0.1927
vn 0.8850 -0.4545 0.1008
vn 0.8732 -0.4873 0.0078
vn 0.8039 -0.5928 0.0480
vn 0.8548 -0.5080 0.1060
vn 0.9005 -0.4302 0.0627
vn 0.8752 -0.4833 0.0193
vn 0.9207 -0.3863 -0.0559
vn 0.9029 -0.4298 -0.0061
vn 0.9234 -0.3815 0.0425
vn 0.9018 -0.4315 -0.0224
vn 0.8013 -0.5943 -0.0688
vn 0.7745 -0.6248 -0.0992
vn 0.8208 -0.5649 -0.0846
vn 0.8656 -0.4505 0.2186
vn 0.7504 -0.4973 0.4353
vn 0.6999 -0.7138 -0.0254
vn 0.4288 -0.7492 0.5048
vn 0.8740 -0.4816 0.0641
vn 0.6253 -0.5886 -0.5123
vn 0.8365 -0.5443 0.0635
vn 0.4410 -0.8851 -0.1489
vn 0.3008 -0.9209 0.2480
vn -0.4683 -0.8049 -0.3645
vn -0.4727 -0.8812 0.0025
vn -0.3140 -0.7329 -0.6035
vn 0.4334 -0.7124 -0.5520
vn 0.8129 -0.5824 -0.0068
vn 0.0697 -0.9071 -0.4151
vn 0.3482 -0.8878 -0.3009
vn 0.2894 -0.9462 0.1447
vn -0.4740 -0.7841 -0.4006
vn -0.4083 -0.8976 -0.1659
vn 0.1371 -0.9272 -0.3485
vn 0.3158 -0.9066 -0.2798
vn 0.4340 -0.8806 0.1904
vn 0.6033 -0.2567 -0.7551
vn 0.4281 -0.5814 -0.6919
vn -0.2153 0.2296 -0.9492
vn -0.4384 -0.1990 -0.8765
vn 0.6093 -0.5551 -0.5663
vn 0.2764 -0.8859 -0.3725
vn -0.4425 -0.8526 -0.2781
vn -0.3567 -0.9253 0.1289
vn -0.5466 -0.7339 -0.4034
vn -0.3082 -0.9339 -0.1813
vn -0.4514 -0.7808 -0.4319
vn 0.2728 -0.5173 0.8112
vn 0.1800 -0.5433 0.8200
vn 0.1142 -0.7811 0.6138
vn 0.2113 -0.7809 0.5878
vn 0.6670 -0.4686 0.5793
vn 0.5912 -0.7240 0.3554
vn 0.2928 -0.3699 0.8817
vn 0.6361 -0.3135 0.7050
vn 0.3390 -0.4814 0.8083
vn 0.5267 -0.7688 0.3627
vn 0.7488 -0.6576 -0.0830
vn 0.6843 -0.4990 0.5318
vn 0.3965 -0.5291 0.7502
vn 0.8029 -0.4142 0.4287
vn -0.9981 -0.0481 -0.0388
vn 0.1282 -0.7490 0.6501
vn 0.7014 -0.4421 0.5591
vn 0.6004 -0.4935 0.6293
vn 0.5576 -0.5829 0.5910
vn 0.4620 -0.4549 0.7614
vn -0.1698 0.1597 -0.9725
vn -0.3179 0.1423 -0.9374
vn -0.3344 0.1777 -0.9255
vn -0.7240 0.0948 -0.6832
vn -0.7855 0.2109 -0.5818
vn 0.6515 0.0122 -0.7585
vn -0.6769 0.1574 -0.7190
vn -0.8595 -0.1488 -0.4889
vn -0.9684 -0.2466 -0.0375
vn -0.9484 -0.1662 -0.2702
vn -0.8048 -0.0376 -0.5924
vn -0.9145 -0.2296 -0.3332
vn -0.9445 -0.1413 0.2965
vn -0.9507 0.1119 -0.2893
vn -0.8159 0.1464 -0.5593
vn -0.9782 -0.0563 0.1999
vn -0.9968 -0.0787 0.0166
vn -0.9538 0.1458 -0.2629
vn -0.9815 0.1519 -0.1165
vn -0.9771 0.0964 0.1898
vn -0.9592 0.2743 -0.0688
vn -0.8252 0.2441 -0.5094
vn -0.9417 -0.1447 -0.3038
vn -0.3256 -0.8505 -0.4130
vn -0.2936 -0.4095 -0.8638
vn -0.9807 -0.0293 -0.1934
vn -0.9507 -0.2013 -0.2360
vn -0.9422 -0.2213 -0.2517
vn -0.8998 -0.3335 -0.2814
vn -0.9400 -0.2315 -0.2506
vn -0.9401 0.2587 -0.2221
vn -0.9454 -0.0614 -0.3201
vn -0.9737 -0.0413 -0.2241
vn -0.9636 -0.0466 -0.2631
vn -0.9437 -0.0922 -0.3178
vn -0.9593 -0.1061 -0.2616
vn -0.8158 0.2442 -0.5243
vn -0.8935 -0.0719 -0.4433
vn -0.7306 0.0408 -0.6816
vn -0.9678 -0.1238 -0.2190
vn -0.9995 -0.0307 0.0067
vn -0.9950 -0.0610 -0.0789
vn -0.9682 -0.1300 -0.2137
vn -0.9608 0.0203 -0.2766
vn -0.9515 -0.1346 -0.2766
vn -0.9788 -0.0592 -0.1959
vn -0.9476 -0.1515 -0.2814
vn -0.9699 -0.0274 -0.2421
vn -0.9558 0.2771 -0.0985
vn -0.9870 -0.0932 -0.1306
vn -0.9562 -0.1874 -0.2248
vn -0.9545 -0.1781 -0.2393
vn -0.8803 -0.1037 -0.4629
vn -0.6951 -0.1204 -0.7088
vn -0.4900 0.0171 -0.8716
vn -0.3881 -0.1131 -0.9146
vn -0.3799 0.0935 -0.9203
vn -0.3475 -0.1677 -0.9226
vn -0.2870 -0.0371 -0.9572
vn -0.2391 -0.1771 -0.9547
vn -0.1660 0.1119 -0.9798
vn -0.2091 -0.1775 -0.9617
vn -0.0937 -0.0592 0.9938
vn -0.0986 -0.1260 0.9871
vn -0.0561 -0.4741 0.8787
vn -0.1286 -0.4842 0.8655
vn -0.2124 -0.1518 0.9653
vn -0.1982 -0.4249 0.8833
vn -0.9858 0.0957 0.1384
vn -0.9833 0.0864 0.1602
vn -0.9932 -0.0077 0.1162
vn -0.9931 -0.0104 0.1171
vn -0.9840 0.0851 0.1564
vn -0.9881 0.0474 0.1466
vn -0.9890 -0.0029 0.1477
vn -0.9835 0.0716 0.1661
vn -0.9867 0.0033 0.1625
vn -0.9831 0.0571 0.1737
vn -0.9735 -0.0543 0.2221
vn -0.9694 0.0145 0.2451
vn -0.9557 -0.0940 0.2790
vn -0.9543 -0.0361 0.2967
vn -0.4744 -0.1418 0.8688
vn -0.4748 -0.0785 0.8766
vn -0.6122 -0.0832 0.7864
vn -0.6273 -0.1390 0.7663
vn -0.3150 -0.1418 0.9384
vn -0.2968 -0.4514 0.8415
vn -0.2703 -0.4117 0.8703
vn -0.3113 -0.0859 0.9464
vn -0.2073 -0.0827 0.9748
vn -0.9430 -0.1221 0.3097
vn -0.9421 -0.0627 0.3293
vn -0.7555 -0.0990 0.6476
vn -0.7621 -0.1673 0.6254
vn -0.8812 -0.0896 0.4643
vn -0.8883 -0.1387 0.4378
vn -0.2300 -0.3700 0.9001
vn -0.6886 -0.5280 0.4970
vn -0.6278 -0.5469 0.5539
vn -0.8741 -0.4340 0.2181
vn -0.8386 -0.4534 0.3020
vn -0.9029 -0.4082 0.1347
vn -0.7819 -0.3618 0.5077
vn -0.9195 -0.2591 0.2957
vn -0.8540 -0.4850 0.1885
vn -0.8408 -0.5108 0.1792
vn -0.8917 -0.4110 0.1894
vn -0.9383 -0.2821 0.2001
vn -0.9235 -0.3114 0.2239
vn -0.9204 -0.3681 0.1317
vn -0.9149 -0.4018 0.0384
vn -0.8547 -0.5135 0.0763
vn -0.8953 -0.4243 0.1359
vn -0.9348 -0.3425 0.0941
vn -0.9162 -0.3976 0.0500
vn -0.9547 -0.2966 -0.0238
vn -0.9395 -0.3416 0.0255
vn -0.9536 -0.2917 0.0746
vn -0.9391 -0.3434 0.0091
vn -0.8335 -0.5478 -0.0716
vn -0.8562 -0.5150 -0.0404
vn -0.8734 -0.4838 -0.0556
vn -0.8967 -0.3663 0.2487
vn -0.7792 -0.4242 0.4615
vn -0.7652 -0.6438 -0.0003
vn -0.4808 -0.7057 0.5203
vn -0.9133 -0.3961 0.0947
vn -0.6958 -0.5254 -0.4897
vn -0.8819 -0.4621 0.0929
vn -0.5282 -0.8387 -0.1323
vn -0.3786 -0.8884 0.2596
vn 0.3766 -0.8453 -0.3789
vn 0.3863 -0.9223 -0.0121
vn 0.2218 -0.7586 -0.6127
vn -0.5179 -0.6669 -0.5357
vn -0.8645 -0.5022 0.0218
vn -0.1701 -0.8956 -0.4110
vn -0.4414 -0.8501 -0.2874
vn -0.3733 -0.9145 0.1560
vn 0.3831 -0.8251 -0.4153
vn 0.3149 -0.9322 -0.1782
vn -0.2368 -0.9093 -0.3422
vn -0.4102 -0.8719 -0.2674
vn -0.5093 -0.8354 0.2065
vn -0.6504 -0.1967 -0.7336
vn -0.5050 -0.5368 -0.6759
vn 0.2037 0.2095 -0.9564
vn 0.3873 -0.2385 -0.8906
vn -0.6784 -0.4935 -0.5443
vn -0.3722 -0.8549 -0.3614
vn 0.3494 -0.8904 -0.2918
vn 0.2710 -0.9553 0.1180
vn 0.4600 -0.7820 -0.4206
vn 0.2113 -0.9587 -0.1904
vn 0.3598 -0.8196 -0.4458
vn -0.2931 -0.4902 0.8209
vn -0.2646 -0.7582 0.5959
vn -0.1672 -0.7677 0.6186
vn -0.2030 -0.5250 0.8265
vn -0.6885 -0.4037 0.6025
vn -0.6451 -0.6648 0.3766
vn -0.2965 -0.3417 0.8918
vn -0.6387 -0.2525 0.7269
vn -0.3556 -0.4481 0.8202
vn -0.5849 -0.7156 0.3818
vn -0.7102 -0.4323 0.5557
vn -0.8105 -0.5830 -0.0563
vn -0.4194 -0.4900 0.7642
vn -0.1768 -0.7344 0.6553
vn 0.9870 -0.1431 -0.0728
vn -0.8237 -0.3364 0.4565
vn -0.7209 -0.3741 0.5834
vn -0.6229 -0.4350 0.6502
vn -0.5902 -0.5280 0.6106
vn -0.4770 -0.4100 0.7774
vn 0.2980 0.1129 -0.9479
vn 0.1511 0.1443 -0.9779
vn 0.3180 0.1465 -0.9367
vn 0.7061 0.0263 -0.7077
vn 0.7816 0.1359 -0.6087
vn -0.6729 0.0755 -0.7359
vn 0.6639 0.0933 -0.7420
vn 0.8243 -0.2293 -0.5177
vn 0.9386 -0.3377 -0.0701
vn 0.9184 -0.2555 -0.3021
vn 0.7768 -0.1133 -0.6195
vn 0.8765 -0.3153 -0.3638
vn 0.9363 -0.2312 0.2643
vn 0.9466 0.0212 -0.3218
vn 0.8066 0.0688 -0.5870
vn 0.9746 -0.1496 0.1664
vn 0.9847 -0.1734 -0.0173
vn 0.9538 0.0545 -0.2955
vn 0.9870 0.0578 -0.1502
vn 0.9878 0.0024 0.1560
vn 0.9781 0.1816 -0.1020
vn 0.8268 0.1651 -0.5377
vn 0.9127 -0.2334 -0.3355
vn 0.2286 -0.8771 -0.4225
vn 0.2236 -0.4343 -0.8726
vn 0.9662 -0.1224 -0.2267
vn 0.9076 -0.3098 -0.2834
vn 0.9185 -0.2907 -0.2680
vn 0.8537 -0.4174 -0.3115
vn 0.9045 -0.3197 -0.2822
vn 0.9523 0.1682 -0.2545
vn 0.9237 -0.1508 -0.3521
vn 0.9571 -0.1337 -0.2571
vn 0.9453 -0.1379 -0.2958
vn 0.9192 -0.1813 -0.3497
vn 0.9353 -0.1964 -0.2942
vn 0.8669 -0.1561 -0.4734
vn 0.8170 0.1661 -0.5522
vn 0.7074 -0.0280 -0.7062
vn 0.9436 -0.2152 -0.2517
vn 0.9917 -0.1259 -0.0274
vn 0.9814 -0.1556 -0.1128
vn 0.9436 -0.2215 -0.2463
vn 0.9483 -0.0710 -0.3093
vn 0.9243 -0.2243 -0.3087
vn 0.9615 -0.1520 -0.2291
vn 0.9186 -0.2407 -0.3133
vn 0.9739 0.1848 -0.1315
vn 0.9540 -0.1194 -0.2751
vn 0.9258 -0.2774 -0.2570
vn 0.9686 -0.1867 -0.1641
vn 0.9244 -0.2679 -0.2714
vn 0.8501 -0.1864 -0.4925
vn 0.6558 -0.1850 -0.7319
vn 0.4593 -0.0283 -0.8878
vn 0.3441 -0.1481 -0.9272
vn 0.3555 0.0583 -0.9329
vn 0.2983 -0.1986 -0.9336
vn 0.2493 -0.0627 -0.9664
vn 0.1884 -0.1975 -0.9620
vn 0.1423 0.0972 -0.9850
vn 0.1582 -0.1951 -0.9679
vn 0.1802 -0.5861 0.7900
vn 0.0815 -0.8326 0.5478
vn -0.1245 0.1706 -0.9774
vn -0.1490 -0.8153 0.5596
vn -0.2110 -0.5665 0.7966
vn 0.1161 0.1625 -0.9798
vn 0.2044 0.1497 -0.9674
vn -0.0089 -0.8115 0.5843
vn 0.1526 -0.3858 0.9099
vn 0.0084 -0.3986 0.9171
vn -0.1069 -0.5268 0.8432
vn -0.0538 -0.8312 0.5533
vn -0.0311 -0.8911 0.4527
vn 0.0809 -0.5398 0.8379
vn -0.1567 -0.3709 0.9153
vn 0.0735 -0.0886 -0.9934
vn 0.0096 -0.1721 -0.9850
vn -0.1779 0.1861 -0.9663
vn -0.1146 -0.0778 -0.9904
vn -0.0597 -0.1688 -0.9838
vn -0.0237 -0.1423 -0.9895
vn -0.0211 -0.1078 -0.9939
vn -0.1230 0.2845 -0.9507
vn 0.1283 0.2606 -0.9569
vn -0.0157 0.0074 -0.9998
vn -0.0679 0.2707 -0.9603
vt 0.698933 0.343337
vt 0.694034 0.341939
vt 0.693432 0.330594
vt 0.699037 0.330668
vt 0.697260 0.345673
vt 0.694051 0.344455
vt 0.698872 0.348461
vt 0.689422 0.343451
vt 0.691339 0.345353
vt 0.629763 0.342651
vt 0.635256 0.358485
vt 0.630986 0.359926
vt 0.625031 0.344668
vt 0.634349 0.340756
vt 0.638423 0.354169
vt 0.644379 0.353830
vt 0.639462 0.338856
vt 0.647363 0.351280
vt 0.643863 0.337678
vt 0.651652 0.350896
vt 0.648279 0.337065
vt 0.655508 0.349645
vt 0.653183 0.335797
vt 0.680423 0.345504
vt 0.674588 0.345830
vt 0.673181 0.332460
vt 0.678244 0.332049
vt 0.684473 0.343517
vt 0.687100 0.345977
vt 0.684853 0.345735
vt 0.683166 0.331524
vt 0.688444 0.330898
vt 0.660950 0.349395
vt 0.658766 0.334689
vt 0.668211 0.333447
vt 0.670462 0.347833
vt 0.665528 0.347789
vt 0.663763 0.333904
vt 0.689724 0.347664
vt 0.672714 0.349960
vt 0.675311 0.347794
vt 0.668312 0.349749
vt 0.665590 0.350213
vt 0.662356 0.351341
vt 0.671283 0.351471
vt 0.666430 0.353111
vt 0.658406 0.351563
vt 0.656441 0.351781
vt 0.654197 0.352772
vt 0.661305 0.353244
vt 0.657116 0.354275
vt 0.652547 0.354101
vt 0.650142 0.352981
vt 0.648077 0.352734
vt 0.646000 0.354805
vt 0.648596 0.355127
vt 0.644975 0.356649
vt 0.642485 0.355738
vt 0.639442 0.356215
vt 0.636993 0.359697
vt 0.640632 0.358723
vt 0.649979 0.359063
vt 0.647055 0.360621
vt 0.642024 0.360607
vt 0.667785 0.356881
vt 0.672888 0.356883
vt 0.669060 0.359728
vt 0.670748 0.359650
vt 0.662599 0.359055
vt 0.667185 0.360876
vt 0.657744 0.358335
vt 0.658321 0.361686
vt 0.660694 0.361892
vt 0.658000 0.363314
vt 0.660848 0.363226
vt 0.655482 0.363800
vt 0.655693 0.362032
vt 0.654024 0.358948
vt 0.654319 0.362685
vt 0.651213 0.362721
vt 0.653341 0.362281
vt 0.651876 0.364617
vt 0.653503 0.363638
vt 0.648410 0.363995
vt 0.644359 0.363965
vt 0.646143 0.363588
vt 0.639772 0.364255
vt 0.641513 0.364950
vt 0.639141 0.367139
vt 0.641659 0.366592
vt 0.636082 0.361917
vt 0.631760 0.363270
vt 0.649156 0.365390
vt 0.647510 0.364529
vt 0.645235 0.366227
vt 0.647999 0.365904
vt 0.645855 0.367249
vt 0.685987 0.354459
vt 0.690369 0.354331
vt 0.690886 0.358803
vt 0.686731 0.358211
vt 0.682160 0.355677
vt 0.683695 0.357752
vt 0.685398 0.349968
vt 0.681341 0.349560
vt 0.682234 0.347136
vt 0.678395 0.358298
vt 0.676379 0.359127
vt 0.677040 0.354757
vt 0.680346 0.354876
vt 0.681352 0.355810
vt 0.682256 0.359644
vt 0.680461 0.358974
vt 0.676111 0.350469
vt 0.680559 0.349359
vt 0.677747 0.347813
vt 0.679456 0.349900
vt 0.690984 0.359760
vt 0.686823 0.359337
vt 0.683202 0.360014
vt 0.678314 0.359960
vt 0.680158 0.360229
vt 0.682585 0.359890
vt 0.675819 0.361097
vt 0.673322 0.361278
vt 0.671289 0.360540
vt 0.669483 0.362150
vt 0.667077 0.362426
vt 0.663521 0.362411
vt 0.660952 0.365299
vt 0.658013 0.366233
vt 0.655450 0.365941
vt 0.654590 0.365915
vt 0.653568 0.366460
vt 0.651997 0.367220
vt 0.649651 0.366994
vt 0.648046 0.367044
vt 0.645527 0.368964
vt 0.642571 0.368563
vt 0.636914 0.371592
vt 0.631939 0.366706
vt 0.635236 0.367249
vt 0.641005 0.373934
vt 0.638899 0.389491
vt 0.634896 0.388356
vt 0.632328 0.370364
vt 0.630663 0.388282
vt 0.654314 0.373435
vt 0.665385 0.372194
vt 0.667900 0.373072
vt 0.670122 0.372905
vt 0.670758 0.385826
vt 0.668647 0.386245
vt 0.673649 0.370020
vt 0.672201 0.372254
vt 0.675752 0.371651
vt 0.666125 0.386512
vt 0.663668 0.369573
vt 0.661465 0.373149
vt 0.661561 0.387463
vt 0.657565 0.374169
vt 0.657684 0.388028
vt 0.651995 0.374769
vt 0.652484 0.389161
vt 0.648840 0.374905
vt 0.646476 0.373781
vt 0.643890 0.374777
vt 0.642741 0.390059
vt 0.648850 0.389854
vt 0.673248 0.385199
vt 0.676916 0.385124
vt 0.679805 0.370776
vt 0.680057 0.385637
vt 0.681201 0.368963
vt 0.683606 0.386095
vt 0.685618 0.372165
vt 0.687062 0.386443
vt 0.690185 0.370284
vt 0.691149 0.386329
vt 0.704651 0.330664
vt 0.703860 0.342001
vt 0.700554 0.345696
vt 0.703789 0.344524
vt 0.708464 0.343564
vt 0.706494 0.345448
vt 0.768585 0.344817
vt 0.773231 0.347032
vt 0.766646 0.362029
vt 0.762436 0.360408
vt 0.764077 0.342722
vt 0.759446 0.355955
vt 0.753500 0.355351
vt 0.759033 0.340594
vt 0.750610 0.352664
vt 0.754660 0.339213
vt 0.746325 0.352085
vt 0.750236 0.338396
vt 0.742496 0.350658
vt 0.745336 0.336906
vt 0.717504 0.345723
vt 0.719965 0.332322
vt 0.725109 0.332840
vt 0.723381 0.346168
vt 0.713445 0.343687
vt 0.713017 0.345900
vt 0.710747 0.346120
vt 0.714978 0.331721
vt 0.709661 0.331027
vt 0.737038 0.350178
vt 0.739730 0.335560
vt 0.730151 0.333964
vt 0.727505 0.348274
vt 0.734679 0.334576
vt 0.732479 0.348397
vt 0.708067 0.347775
vt 0.725181 0.350335
vt 0.722613 0.348110
vt 0.732341 0.350816
vt 0.729617 0.350257
vt 0.735552 0.352066
vt 0.726583 0.351883
vt 0.731410 0.353680
vt 0.741486 0.352758
vt 0.739518 0.352451
vt 0.743699 0.353851
vt 0.736551 0.354012
vt 0.740721 0.355227
vt 0.745306 0.355259
vt 0.747758 0.354241
vt 0.749839 0.354092
vt 0.751836 0.356254
vt 0.749225 0.356466
vt 0.752791 0.358146
vt 0.755320 0.357343
vt 0.758346 0.357957
vt 0.760652 0.361546
vt 0.757058 0.360410
vt 0.750562 0.362041
vt 0.747698 0.360355
vt 0.755153 0.362787
vt 0.729940 0.357396
vt 0.724826 0.357243
vt 0.728576 0.360218
vt 0.726886 0.360063
vt 0.735060 0.359773
vt 0.730398 0.361419
vt 0.739950 0.359266
vt 0.739242 0.362592
vt 0.736860 0.362691
vt 0.739498 0.364238
vt 0.736655 0.364019
vt 0.742200 0.364898
vt 0.741856 0.363069
vt 0.743655 0.360065
vt 0.743230 0.363800
vt 0.746344 0.363976
vt 0.744228 0.363439
vt 0.746049 0.365963
vt 0.744033 0.364714
vt 0.749414 0.365354
vt 0.752921 0.365404
vt 0.751064 0.364906
vt 0.758723 0.365570
vt 0.755823 0.366237
vt 0.757728 0.368520
vt 0.755407 0.367658
vt 0.761480 0.363809
vt 0.765741 0.365346
vt 0.748856 0.367006
vt 0.750269 0.366034
vt 0.752125 0.367758
vt 0.749639 0.367426
vt 0.751860 0.368951
vt 0.711688 0.354595
vt 0.710881 0.358335
vt 0.706681 0.358877
vt 0.707271 0.354425
vt 0.715523 0.355853
vt 0.714086 0.359171
vt 0.712382 0.350120
vt 0.716475 0.349762
vt 0.715637 0.347326
vt 0.719270 0.358522
vt 0.720717 0.355021
vt 0.721271 0.359395
vt 0.717398 0.355071
vt 0.717183 0.359168
vt 0.715708 0.359610
vt 0.716359 0.355978
vt 0.721755 0.350761
vt 0.717291 0.349564
vt 0.720154 0.348076
vt 0.718404 0.350121
vt 0.710774 0.359448
vt 0.706566 0.359824
vt 0.715072 0.360725
vt 0.719416 0.360567
vt 0.717466 0.360417
vt 0.715466 0.359674
vt 0.721786 0.361377
vt 0.724270 0.361623
vt 0.726312 0.360941
vt 0.728181 0.362475
vt 0.730456 0.362967
vt 0.734083 0.363568
vt 0.736678 0.366559
vt 0.739132 0.367078
vt 0.742035 0.367078
vt 0.742837 0.367011
vt 0.743872 0.367697
vt 0.745847 0.368463
vt 0.748259 0.368168
vt 0.749804 0.368587
vt 0.751827 0.370476
vt 0.754413 0.370045
vt 0.759851 0.373532
vt 0.765427 0.368792
vt 0.761208 0.369001
vt 0.756071 0.375681
vt 0.761501 0.390339
vt 0.757449 0.391314
vt 0.764886 0.372459
vt 0.765732 0.390448
vt 0.742277 0.374405
vt 0.731806 0.372802
vt 0.729295 0.373585
vt 0.727111 0.373342
vt 0.726067 0.386236
vt 0.728090 0.386723
vt 0.725084 0.372629
vt 0.723710 0.370357
vt 0.721574 0.371938
vt 0.730533 0.387083
vt 0.733607 0.370251
vt 0.735662 0.373917
vt 0.734996 0.388217
vt 0.739501 0.375112
vt 0.738795 0.388955
vt 0.745039 0.375975
vt 0.743904 0.390333
vt 0.750600 0.375416
vt 0.748193 0.376277
vt 0.753575 0.391716
vt 0.753144 0.376417
vt 0.747484 0.391211
vt 0.723669 0.385541
vt 0.720075 0.385379
vt 0.717569 0.370981
vt 0.716990 0.385833
vt 0.716233 0.369152
vt 0.713492 0.386235
vt 0.711771 0.372289
vt 0.710081 0.386540
vt 0.707239 0.370353
vt 0.706037 0.386383
vt 0.694300 0.353964
vt 0.694776 0.358885
vt 0.694716 0.359698
vt 0.702736 0.358927
vt 0.703288 0.354018
vt 0.702793 0.359730
vt 0.699364 0.359943
vt 0.699230 0.358472
vt 0.694165 0.349198
vt 0.698775 0.354649
vt 0.698597 0.354556
vt 0.698358 0.358516
vt 0.698770 0.358522
vt 0.698971 0.354588
vt 0.703559 0.349276
vt 0.704326 0.373531
vt 0.702183 0.386716
vt 0.698030 0.360067
vt 0.693066 0.373487
vt 0.695026 0.386695
vt 0.698610 0.386628
vt 0.698695 0.371643
vt 0.697552 0.366840
vt 0.700027 0.366712
vt 0.698704 0.369535
vt 0.699033 0.360212
s 1
usemtl Skin_MAT
f 2292/2498/2291 2294/2499/2292 2298/2500/2293 2291/2501/2294
f 2300/2502/2295 2299/2503/2296 2294/2499/2292 2292/2498/2291
f 2300/2502/2295 2292/2498/2291 2293/2504/2297
f 2296/2505/2298 2294/2499/2292 2299/2503/2296 2301/2506/2299
f 2348/2507/2300 2343/2508/2301 2345/2509/2302 2347/2510/2303
f 2349/2511/2304 2340/2512/2305 2343/2508/2301 2348/2507/2300
f 2336/2513/2306 2340/2512/2305 2349/2511/2304 2350/2514/2307
f 2334/2515/2308 2336/2513/2306 2350/2514/2307 2351/2516/2309
f 2330/2517/2310 2334/2515/2308 2351/2516/2309 2352/2518/2311
f 2328/2519/2312 2330/2517/2310 2352/2518/2311 2353/2520/2313
f 2312/2521/2314 2316/2522/2315 2357/2523/2316 2358/2524/2317
f 2310/2525/2318 2296/2505/2298 2309/2526/2319 2311/2527/2320
f 2310/2525/2318 2312/2521/2314 2358/2524/2317 2359/2528/2321
f 2298/2500/2293 2294/2499/2292 2296/2505/2298 2297/2529/2322
f 2297/2529/2322 2296/2505/2298 2310/2525/2318 2359/2528/2321
f 2325/2530/2323 2328/2519/2312 2353/2520/2313 2354/2531/2324
f 2356/2532/2325 2357/2523/2316 2316/2522/2315 2319/2533/2326
f 2319/2533/2326 2322/2534/2327 2355/2535/2328 2356/2532/2325
f 2355/2535/2328 2322/2534/2327 2325/2530/2323 2354/2531/2324
f 2295/2536/2329 2296/2505/2298 2301/2506/2299
f 2309/2526/2319 2296/2505/2298 2295/2536/2329
f 2318/2537/2330 2319/2533/2326 2316/2522/2315 2317/2538/2331
f 2322/2534/2327 2319/2533/2326 2321/2539/2332 2323/2540/2333
f 2324/2541/2334 2325/2530/2323 2322/2534/2327 2323/2540/2333
f 2320/2542/2335 2319/2533/2326 2318/2537/2330
f 2321/2539/2332 2319/2533/2326 2320/2542/2335
f 2371/2543/2336 2323/2540/2333 2321/2539/2332 2320/2542/2335
f 2328/2519/2312 2325/2530/2323 2327/2544/2337 2329/2545/2338
f 2331/2546/2339 2330/2517/2310 2328/2519/2312 2329/2545/2338
f 2326/2547/2340 2324/2541/2334 2323/2540/2333 2371/2543/2336
f 2326/2547/2340 2325/2530/2323 2324/2541/2334
f 2327/2544/2337 2325/2530/2323 2326/2547/2340
f 2374/2548/2341 2329/2545/2338 2327/2544/2337 2326/2547/2340
f 2332/2549/2342 2330/2517/2310 2331/2546/2339
f 2333/2550/2343 2330/2517/2310 2332/2549/2342
f 2332/2549/2342 2331/2546/2339 2329/2545/2338 2374/2548/2341
f 2334/2515/2308 2330/2517/2310 2333/2550/2343 2335/2551/2344
f 2337/2552/2345 2336/2513/2306 2334/2515/2308 2335/2551/2344
f 2335/2551/2344 2333/2550/2343 2332/2549/2342 2377/2553/2346
f 2338/2554/2347 2336/2513/2306 2337/2552/2345
f 2339/2555/2348 2336/2513/2306 2338/2554/2347
f 2338/2554/2347 2337/2552/2345 2335/2551/2344 2377/2553/2346
f 2340/2512/2305 2336/2513/2306 2339/2555/2348 2341/2556/2349
f 2342/2557/2350 2343/2508/2301 2340/2512/2305 2341/2556/2349
f 2341/2556/2349 2339/2555/2348 2338/2554/2347 2380/2558/2351
f 2338/2554/2347 2377/2553/2346 2378/2559/2352 2379/2560/2353
f 2381/2561/2354 2380/2558/2351 2338/2554/2347 2379/2560/2353
f 2372/2562/2355 2371/2543/2336 2320/2542/2335 2367/2563/2356
f 2384/2564/2357 2372/2562/2355 2367/2563/2356 2383/2565/2358
f 2373/2566/2359 2372/2562/2355 2384/2564/2357 2385/2567/2360
f 2326/2547/2340 2371/2543/2336 2372/2562/2355 2373/2566/2359
f 2375/2568/2361 2374/2548/2341 2326/2547/2340 2373/2566/2359
f 2387/2569/2362 2375/2568/2361 2373/2566/2359 2386/2570/2363
f 2414/2571/2364 2387/2569/2362 2386/2570/2363 2415/2572/2365
f 2416/2573/2366 2388/2574/2367 2387/2569/2362 2414/2571/2364
f 2376/2575/2368 2375/2568/2361 2387/2569/2362 2388/2574/2367
f 2332/2549/2342 2374/2548/2341 2375/2568/2361 2376/2575/2368
f 2378/2559/2352 2377/2553/2346 2332/2549/2342 2376/2575/2368
f 2376/2575/2368 2388/2574/2367 2416/2573/2366 2417/2576/2369
f 2390/2577/2370 2378/2559/2352 2376/2575/2368 2389/2578/2371
f 2418/2579/2372 2390/2577/2370 2389/2578/2371 2424/2580/2373
f 2389/2578/2371 2376/2575/2368 2417/2576/2369 2424/2580/2373
f 2379/2560/2353 2378/2559/2352 2390/2577/2370 2391/2581/2374
f 2393/2582/2375 2381/2561/2354 2379/2560/2353 2392/2583/2376
f 2382/2584/2377 2381/2561/2354 2393/2582/2375 2394/2585/2378
f 2428/2586/2379 2382/2584/2377 2394/2585/2378 2427/2587/2380
f 2344/2588/2381 2342/2557/2350 2341/2556/2349 2380/2558/2351
f 2344/2588/2381 2380/2558/2351 2381/2561/2354 2382/2584/2377
f 2343/2508/2301 2342/2557/2350 2344/2588/2381
f 2345/2509/2302 2343/2508/2301 2344/2588/2381 2346/2589/2382
f 2391/2581/2374 2390/2577/2370 2418/2579/2372 2419/2590/2383
f 2392/2583/2376 2379/2560/2353 2391/2581/2374 2425/2591/2384
f 2393/2582/2375 2392/2583/2376 2425/2591/2384 2426/2592/2385
f 2427/2587/2380 2394/2585/2378 2393/2582/2375 2426/2592/2385
f 2425/2591/2384 2391/2581/2374 2419/2590/2383 2431/2593/2386
f 2426/2592/2385 2425/2591/2384 2431/2593/2386 2432/2594/2387
f 2361/2595/2388 2305/2596/2389 2308/2597/2390 2363/2598/2391
f 2436/2599/2392 2361/2595/2388 2363/2598/2391 2435/2600/2393
f 2360/2601/2394 2311/2527/2320 2309/2526/2319 2295/2536/2329
f 2360/2601/2394 2295/2536/2329 2305/2596/2389 2361/2595/2388
f 2437/2602/2395 2360/2601/2394 2361/2595/2388 2436/2599/2392
f 2312/2521/2314 2310/2525/2318 2311/2527/2320 2313/2603/2396
f 2313/2603/2396 2311/2527/2320 2360/2601/2394 2437/2602/2395
f 2368/2604/2397 2369/2605/2398 2367/2563/2356 2366/2606/2399
f 2439/2607/2400 2362/2608/2401 2370/2609/2402 2438/2610/2403
f 2439/2607/2400 2438/2610/2403 2368/2604/2397 2366/2606/2399
f 2366/2606/2399 2367/2563/2356 2320/2542/2335 2365/2611/2404
f 2312/2521/2314 2313/2603/2396 2314/2612/2405
f 2314/2612/2405 2313/2603/2396 2437/2602/2395
f 2437/2602/2395 2436/2599/2392 2362/2608/2401 2314/2612/2405
f 2320/2542/2335 2318/2537/2330 2317/2538/2331 2365/2611/2404
f 2317/2538/2331 2316/2522/2315 2312/2521/2314 2315/2613/2406
f 2440/2614/2407 2439/2607/2400 2366/2606/2399 2365/2611/2404
f 2315/2613/2406 2312/2521/2314 2314/2612/2405
f 2315/2613/2406 2314/2612/2405 2440/2614/2407
f 2440/2614/2407 2365/2611/2404 2317/2538/2331 2315/2613/2406
f 2440/2614/2407 2314/2612/2405 2362/2608/2401 2439/2607/2400
f 2363/2598/2391 2308/2597/2390 2397/2615/2408 2398/2616/2409
f 2435/2600/2393 2363/2598/2391 2398/2616/2409 2399/2617/2410
f 2403/2618/2411 2368/2604/2397 2438/2610/2403 2404/2619/2412
f 2364/2620/2413 2362/2608/2401 2436/2599/2392 2435/2600/2393
f 2435/2600/2393 2399/2617/2410 2364/2620/2413
f 2370/2609/2402 2362/2608/2401 2364/2620/2413
f 2404/2619/2412 2438/2610/2403 2370/2609/2402
f 2369/2605/2398 2368/2604/2397 2403/2618/2411 2405/2621/2414
f 2367/2563/2356 2369/2605/2398 2405/2621/2414 2406/2622/2415
f 2383/2565/2358 2367/2563/2356 2406/2622/2415 2407/2623/2416
f 2384/2564/2357 2383/2565/2358 2407/2623/2416 2408/2624/2417
f 2385/2567/2360 2384/2564/2357 2408/2624/2417 2409/2625/2418
f 2373/2566/2359 2385/2567/2360 2409/2625/2418 2410/2626/2419
f 2415/2572/2365 2386/2570/2363 2373/2566/2359 2410/2626/2419
f 2415/2572/2365 2410/2626/2419 2411/2627/2420
f 2414/2571/2364 2415/2572/2365 2411/2627/2420 2412/2628/2421
f 2416/2573/2366 2414/2571/2364 2412/2628/2421 2413/2629/2422
f 2417/2576/2369 2416/2573/2366 2413/2629/2422 2420/2630/2423
f 2424/2580/2373 2417/2576/2369 2420/2630/2423 2421/2631/2424
f 2418/2579/2372 2424/2580/2373 2421/2631/2424 2422/2632/2425
f 2419/2590/2383 2418/2579/2372 2422/2632/2425 2423/2633/2426
f 2431/2593/2386 2419/2590/2383 2423/2633/2426 2433/2634/2427
f 2432/2594/2387 2431/2593/2386 2433/2634/2427 2434/2635/2428
f 2402/2636/2429 2432/2594/2387 2434/2635/2428
f 2402/2636/2429 2427/2587/2380 2426/2592/2385 2432/2594/2387
f 2428/2586/2379 2427/2587/2380 2402/2636/2429 2401/2637/2430
f 2430/2638/2431 2346/2589/2382 2344/2588/2381 2429/2639/2432
f 2429/2639/2432 2344/2588/2381 2382/2584/2377 2428/2586/2379
f 2429/2639/2432 2428/2586/2379 2401/2637/2430
f 2402/2636/2429 2434/2635/2428 2461/2640/2433 2401/2637/2430
f 2401/2637/2430 2461/2640/2433 2463/2641/2434 2464/2642/2435
f 2400/2643/2436 2430/2638/2431 2429/2639/2432 2401/2637/2430
f 2400/2643/2436 2401/2637/2430 2464/2642/2435 2465/2644/2437
f 2420/2630/2423 2413/2629/2422 2456/2645/2438
f 2452/2646/2439 2409/2625/2418 2408/2624/2417 2451/2647/2440
f 2451/2647/2440 2408/2624/2417 2407/2623/2416 2450/2648/2441
f 2472/2649/2442 2471/2650/2443 2451/2647/2440 2450/2648/2441
f 2406/2622/2415 2405/2621/2414 2448/2651/2444 2449/2652/2445
f 2449/2652/2445 2448/2651/2444 2447/2653/2446
f 2450/2648/2441 2407/2623/2416 2406/2622/2415 2449/2652/2445
f 2452/2646/2439 2451/2647/2440 2471/2650/2443 2470/2654/2447
f 2453/2655/2448 2410/2626/2419 2409/2625/2418 2452/2646/2439
f 2454/2656/2449 2453/2655/2448 2452/2646/2439
f 2452/2646/2439 2470/2654/2447 2469/2657/2450 2454/2656/2449
f 2411/2627/2420 2410/2626/2419 2453/2655/2448 2454/2656/2449
f 2413/2629/2422 2412/2628/2421 2455/2658/2451 2456/2645/2438
f 2412/2628/2421 2411/2627/2420 2454/2656/2449 2455/2658/2451
f 2455/2658/2451 2454/2656/2449 2469/2657/2450 2468/2659/2452
f 2457/2660/2453 2456/2645/2438 2455/2658/2451
f 2455/2658/2451 2468/2659/2452 2467/2661/2454 2457/2660/2453
f 2421/2631/2424 2420/2630/2423 2456/2645/2438 2457/2660/2453
f 2423/2633/2426 2422/2632/2425 2458/2662/2455 2459/2663/2456
f 2463/2641/2434 2461/2640/2433 2460/2664/2457 2462/2665/2458
f 2422/2632/2425 2421/2631/2424 2457/2660/2453 2458/2662/2455
f 2458/2662/2455 2457/2660/2453 2467/2661/2454 2466/2666/2459
f 2460/2664/2457 2459/2663/2456 2458/2662/2455
f 2458/2662/2455 2466/2666/2459 2462/2665/2458 2460/2664/2457
f 2433/2634/2427 2423/2633/2426 2459/2663/2456 2460/2664/2457
f 2461/2640/2433 2434/2635/2428 2433/2634/2427 2460/2664/2457
f 2448/2651/2444 2405/2621/2414 2403/2618/2411 2447/2653/2446
f 2473/2667/2460 2472/2649/2442 2450/2648/2441 2449/2652/2445
f 2473/2667/2460 2449/2652/2445 2447/2653/2446 2474/2668/2461
f 2447/2653/2446 2403/2618/2411 2404/2619/2412 2446/2669/2462
f 2446/2669/2462 2404/2619/2412 2370/2609/2402
f 2475/2670/2463 2474/2668/2461 2447/2653/2446 2446/2669/2462
f 2445/2671/2464 2446/2669/2462 2370/2609/2402 2364/2620/2413
f 2364/2620/2413 2399/2617/2410 2445/2671/2464
f 2476/2672/2465 2475/2670/2463 2446/2669/2462 2445/2671/2464
f 2445/2671/2464 2399/2617/2410 2398/2616/2409 2444/2673/2466
f 2477/2674/2467 2476/2672/2465 2445/2671/2464 2444/2673/2466
f 2444/2673/2466 2398/2616/2409 2397/2615/2408 2443/2675/2468
f 2478/2676/2469 2477/2674/2467 2444/2673/2466 2443/2675/2468
f 2292/2498/2291 2291/2501/2294 2485/2677/2470 2481/2678/2471
f 2487/2679/2472 2292/2498/2291 2481/2678/2471 2486/2680/2473
f 2487/2679/2472 2293/2504/2297 2292/2498/2291
f 2483/2681/2474 2488/2682/2475 2486/2680/2473 2481/2678/2471
f 2533/2683/2476 2532/2684/2477 2530/2685/2478 2528/2686/2479
f 2534/2687/2480 2533/2683/2476 2528/2686/2479 2525/2688/2481
f 2521/2689/2482 2535/2690/2483 2534/2687/2480 2525/2688/2481
f 2519/2691/2484 2536/2692/2485 2535/2690/2483 2521/2689/2482
f 2515/2693/2486 2537/2694/2487 2536/2692/2485 2519/2691/2484
f 2513/2695/2488 2538/2696/2489 2537/2694/2487 2515/2693/2486
f 2497/2697/2490 2543/2698/2491 2542/2699/2492 2501/2700/2493
f 2495/2701/2494 2496/2702/2495 2494/2703/2496 2483/2681/2474
f 2495/2701/2494 2544/2704/2497 2543/2698/2491 2497/2697/2490
f 2485/2677/2470 2484/2705/2498 2483/2681/2474 2481/2678/2471
f 2484/2705/2498 2544/2704/2497 2495/2701/2494 2483/2681/2474
f 2510/2706/2499 2539/2707/2500 2538/2696/2489 2513/2695/2488
f 2541/2708/2501 2504/2709/2502 2501/2700/2493 2542/2699/2492
f 2504/2709/2502 2541/2708/2501 2540/2710/2503 2507/2711/2504
f 2540/2710/2503 2539/2707/2500 2510/2706/2499 2507/2711/2504
f 2482/2712/2505 2488/2682/2475 2483/2681/2474
f 2494/2703/2496 2482/2712/2505 2483/2681/2474
f 2503/2713/2506 2502/2714/2507 2501/2700/2493 2504/2709/2502
f 2507/2711/2504 2508/2715/2508 2506/2716/2509 2504/2709/2502
f 2509/2717/2510 2508/2715/2508 2507/2711/2504 2510/2706/2499
f 2505/2718/2511 2503/2713/2506 2504/2709/2502
f 2506/2716/2509 2505/2718/2511 2504/2709/2502
f 2556/2719/2512 2505/2718/2511 2506/2716/2509 2508/2715/2508
f 2513/2695/2488 2514/2720/2513 2512/2721/2514 2510/2706/2499
f 2516/2722/2515 2514/2720/2513 2513/2695/2488 2515/2693/2486
f 2511/2723/2516 2556/2719/2512 2508/2715/2508 2509/2717/2510
f 2511/2723/2516 2509/2717/2510 2510/2706/2499
f 2512/2721/2514 2511/2723/2516 2510/2706/2499
f 2559/2724/2517 2511/2723/2516 2512/2721/2514 2514/2720/2513
f 2517/2725/2518 2516/2722/2515 2515/2693/2486
f 2518/2726/2519 2517/2725/2518 2515/2693/2486
f 2517/2725/2518 2559/2724/2517 2514/2720/2513 2516/2722/2515
f 2519/2691/2484 2520/2727/2520 2518/2726/2519 2515/2693/2486
f 2522/2728/2521 2520/2727/2520 2519/2691/2484 2521/2689/2482
f 2520/2727/2520 2562/2729/2522 2517/2725/2518 2518/2726/2519
f 2523/2730/2523 2522/2728/2521 2521/2689/2482
f 2524/2731/2524 2523/2730/2523 2521/2689/2482
f 2523/2730/2523 2562/2729/2522 2520/2727/2520 2522/2728/2521
f 2525/2688/2481 2526/2732/2525 2524/2731/2524 2521/2689/2482
f 2527/2733/2526 2526/2732/2525 2525/2688/2481 2528/2686/2479
f 2526/2732/2525 2565/2734/2527 2523/2730/2523 2524/2731/2524
f 2523/2730/2523 2564/2735/2528 2563/2736/2529 2562/2729/2522
f 2566/2737/2530 2564/2735/2528 2523/2730/2523 2565/2734/2527
f 2557/2738/2531 2552/2739/2532 2505/2718/2511 2556/2719/2512
f 2569/2740/2533 2568/2741/2534 2552/2739/2532 2557/2738/2531
f 2558/2742/2535 2570/2743/2536 2569/2740/2533 2557/2738/2531
f 2511/2723/2516 2558/2742/2535 2557/2738/2531 2556/2719/2512
f 2560/2744/2537 2558/2742/2535 2511/2723/2516 2559/2724/2517
f 2572/2745/2538 2571/2746/2539 2558/2742/2535 2560/2744/2537
f 2598/2747/2540 2599/2748/2541 2571/2746/2539 2572/2745/2538
f 2600/2749/2542 2598/2747/2540 2572/2745/2538 2573/2750/2543
f 2561/2751/2544 2573/2750/2543 2572/2745/2538 2560/2744/2537
f 2517/2725/2518 2561/2751/2544 2560/2744/2537 2559/2724/2517
f 2563/2736/2529 2561/2751/2544 2517/2725/2518 2562/2729/2522
f 2561/2751/2544 2601/2752/2545 2600/2749/2542 2573/2750/2543
f 2575/2753/2546 2574/2754/2547 2561/2751/2544 2563/2736/2529
f 2602/2755/2548 2608/2756/2549 2574/2754/2547 2575/2753/2546
f 2574/2754/2547 2608/2756/2549 2601/2752/2545 2561/2751/2544
f 2564/2735/2528 2576/2757/2550 2575/2753/2546 2563/2736/2529
f 2578/2758/2551 2577/2759/2552 2564/2735/2528 2566/2737/2530
f 2567/2760/2553 2579/2761/2554 2578/2758/2551 2566/2737/2530
f 2612/2762/2555 2611/2763/2556 2579/2761/2554 2567/2760/2553
f 2529/2764/2557 2565/2734/2527 2526/2732/2525 2527/2733/2526
f 2529/2764/2557 2567/2760/2553 2566/2737/2530 2565/2734/2527
f 2528/2686/2479 2529/2764/2557 2527/2733/2526
f 2530/2685/2478 2531/2765/2558 2529/2764/2557 2528/2686/2479
f 2576/2757/2550 2603/2766/2559 2602/2755/2548 2575/2753/2546
f 2577/2759/2552 2609/2767/2560 2576/2757/2550 2564/2735/2528
f 2578/2758/2551 2610/2768/2561 2609/2767/2560 2577/2759/2552
f 2611/2763/2556 2610/2768/2561 2578/2758/2551 2579/2761/2554
f 2609/2767/2560 2615/2769/2562 2603/2766/2559 2576/2757/2550
f 2610/2768/2561 2616/2770/2563 2615/2769/2562 2609/2767/2560
f 2546/2771/2564 2548/2772/2565 2493/2773/2566 2491/2774/2567
f 2620/2775/2568 2619/2776/2569 2548/2772/2565 2546/2771/2564
f 2545/2777/2570 2482/2712/2505 2494/2703/2496 2496/2702/2495
f 2545/2777/2570 2546/2771/2564 2491/2774/2567 2482/2712/2505
f 2621/2778/2571 2620/2775/2568 2546/2771/2564 2545/2777/2570
f 2497/2697/2490 2498/2779/2572 2496/2702/2495 2495/2701/2494
f 2498/2779/2572 2621/2778/2571 2545/2777/2570 2496/2702/2495
f 2553/2780/2573 2551/2781/2574 2552/2739/2532 2554/2782/2575
f 2623/2783/2576 2622/2784/2577 2555/2785/2578 2547/2786/2579
f 2623/2783/2576 2551/2781/2574 2553/2780/2573 2622/2784/2577
f 2551/2781/2574 2550/2787/2580 2505/2718/2511 2552/2739/2532
f 2497/2697/2490 2499/2788/2581 2498/2779/2572
f 2499/2788/2581 2621/2778/2571 2498/2779/2572
f 2621/2778/2571 2499/2788/2581 2547/2786/2579 2620/2775/2568
f 2505/2718/2511 2550/2787/2580 2502/2714/2507 2503/2713/2506
f 2502/2714/2507 2500/2789/2582 2497/2697/2490 2501/2700/2493
f 2624/2790/2583 2550/2787/2580 2551/2781/2574 2623/2783/2576
f 2500/2789/2582 2499/2788/2581 2497/2697/2490
f 2500/2789/2582 2624/2790/2583 2499/2788/2581
f 2624/2790/2583 2500/2789/2582 2502/2714/2507 2550/2787/2580
f 2624/2790/2583 2623/2783/2576 2547/2786/2579 2499/2788/2581
f 2548/2772/2565 2582/2791/2584 2581/2792/2585 2493/2773/2566
f 2619/2776/2569 2583/2793/2586 2582/2791/2584 2548/2772/2565
f 2587/2794/2587 2588/2795/2588 2622/2784/2577 2553/2780/2573
f 2549/2796/2589 2619/2776/2569 2620/2775/2568 2547/2786/2579
f 2619/2776/2569 2549/2796/2589 2583/2793/2586
f 2555/2785/2578 2549/2796/2589 2547/2786/2579
f 2588/2795/2588 2555/2785/2578 2622/2784/2577
f 2554/2782/2575 2589/2797/2590 2587/2794/2587 2553/2780/2573
f 2552/2739/2532 2590/2798/2591 2589/2797/2590 2554/2782/2575
f 2568/2741/2534 2591/2799/2592 2590/2798/2591 2552/2739/2532
f 2569/2740/2533 2592/2800/2593 2591/2799/2592 2568/2741/2534
f 2570/2743/2536 2593/2801/2594 2592/2800/2593 2569/2740/2533
f 2558/2742/2535 2594/2802/2595 2593/2801/2594 2570/2743/2536
f 2599/2748/2541 2594/2802/2595 2558/2742/2535 2571/2746/2539
f 2599/2748/2541 2595/2803/2596 2594/2802/2595
f 2598/2747/2540 2596/2804/2597 2595/2803/2596 2599/2748/2541
f 2600/2749/2542 2597/2805/2598 2596/2804/2597 2598/2747/2540
f 2601/2752/2545 2604/2806/2599 2597/2805/2598 2600/2749/2542
f 2608/2756/2549 2605/2807/2600 2604/2806/2599 2601/2752/2545
f 2602/2755/2548 2606/2808/2601 2605/2807/2600 2608/2756/2549
f 2603/2766/2559 2607/2809/2602 2606/2808/2601 2602/2755/2548
f 2615/2769/2562 2617/2810/2603 2607/2809/2602 2603/2766/2559
f 2616/2770/2563 2618/2811/2604 2617/2810/2603 2615/2769/2562
f 2586/2812/2605 2618/2811/2604 2616/2770/2563
f 2586/2812/2605 2616/2770/2563 2610/2768/2561 2611/2763/2556
f 2612/2762/2555 2585/2813/2606 2586/2812/2605 2611/2763/2556
f 2614/2814/2607 2613/2815/2608 2529/2764/2557 2531/2765/2558
f 2613/2815/2608 2612/2762/2555 2567/2760/2553 2529/2764/2557
f 2613/2815/2608 2585/2813/2606 2612/2762/2555
f 2586/2812/2605 2585/2813/2606 2644/2816/2609 2618/2811/2604
f 2585/2813/2606 2647/2817/2610 2646/2818/2611 2644/2816/2609
f 2584/2819/2612 2585/2813/2606 2613/2815/2608 2614/2814/2607
f 2584/2819/2612 2648/2820/2613 2647/2817/2610 2585/2813/2606
f 2604/2806/2599 2639/2821/2614 2597/2805/2598
f 2635/2822/2615 2634/2823/2616 2592/2800/2593 2593/2801/2594
f 2634/2823/2616 2633/2824/2617 2591/2799/2592 2592/2800/2593
f 2655/2825/2618 2633/2824/2617 2634/2823/2616 2654/2826/2619
f 2590/2798/2591 2632/2827/2620 2631/2828/2621 2589/2797/2590
f 2632/2827/2620 2630/2829/2622 2631/2828/2621
f 2633/2824/2617 2632/2827/2620 2590/2798/2591 2591/2799/2592
f 2635/2822/2615 2653/2830/2623 2654/2826/2619 2634/2823/2616
f 2636/2831/2624 2635/2822/2615 2593/2801/2594 2594/2802/2595
f 2637/2832/2625 2635/2822/2615 2636/2831/2624
f 2635/2822/2615 2637/2832/2625 2652/2833/2626 2653/2830/2623
f 2595/2803/2596 2637/2832/2625 2636/2831/2624 2594/2802/2595
f 2597/2805/2598 2639/2821/2614 2638/2834/2627 2596/2804/2597
f 2596/2804/2597 2638/2834/2627 2637/2832/2625 2595/2803/2596
f 2638/2834/2627 2651/2835/2628 2652/2833/2626 2637/2832/2625
f 2640/2836/2629 2638/2834/2627 2639/2821/2614
f 2638/2834/2627 2640/2836/2629 2650/2837/2630 2651/2835/2628
f 2605/2807/2600 2640/2836/2629 2639/2821/2614 2604/2806/2599
f 2607/2809/2602 2642/2838/2631 2641/2839/2632 2606/2808/2601
f 2646/2818/2611 2645/2840/2633 2643/2841/2634 2644/2816/2609
f 2606/2808/2601 2641/2839/2632 2640/2836/2629 2605/2807/2600
f 2641/2839/2632 2649/2842/2635 2650/2837/2630 2640/2836/2629
f 2643/2841/2634 2641/2839/2632 2642/2838/2631
f 2641/2839/2632 2643/2841/2634 2645/2840/2633 2649/2842/2635
f 2617/2810/2603 2643/2841/2634 2642/2838/2631 2607/2809/2602
f 2644/2816/2609 2643/2841/2634 2617/2810/2603 2618/2811/2604
f 2631/2828/2621 2630/2829/2622 2587/2794/2587 2589/2797/2590
f 2656/2843/2636 2632/2827/2620 2633/2824/2617 2655/2825/2618
f 2656/2843/2636 2657/2844/2637 2630/2829/2622 2632/2827/2620
f 2630/2829/2622 2629/2845/2638 2588/2795/2588 2587/2794/2587
f 2629/2845/2638 2555/2785/2578 2588/2795/2588
f 2658/2846/2639 2629/2845/2638 2630/2829/2622 2657/2844/2637
f 2628/2847/2640 2549/2796/2589 2555/2785/2578 2629/2845/2638
f 2549/2796/2589 2628/2847/2640 2583/2793/2586
f 2659/2848/2641 2628/2847/2640 2629/2845/2638 2658/2846/2639
f 2628/2847/2640 2627/2849/2642 2582/2791/2584 2583/2793/2586
f 2660/2850/2643 2627/2849/2642 2628/2847/2640 2659/2848/2641
f 2627/2849/2642 2626/2851/2644 2581/2792/2585 2582/2791/2584
f 2661/2852/2645 2626/2851/2644 2627/2849/2642 2660/2850/2643
f 2308/2597/2390 2305/2596/2389 2303/2853/2646 2306/2854/2647
f 2397/2615/2408 2308/2597/2390 2306/2854/2647 2396/2855/2648
f 2492/2856/2649 2490/2857/2650 2491/2774/2567 2493/2773/2566
f 2580/2858/2651 2668/2859/2652 2667/2860/2653 2492/2856/2649
f 2580/2858/2651 2492/2856/2649 2493/2773/2566 2581/2792/2585
f 2302/2861/2654 2299/2503/2296 2300/2502/2295 2293/2504/2297
f 2295/2536/2329 2301/2506/2299 2299/2503/2296 2302/2861/2654
f 2302/2861/2654 2293/2504/2297 2304/2862/2655 2663/2863/2656
f 2663/2863/2656 2303/2853/2646 2302/2861/2654
f 2302/2861/2654 2303/2853/2646 2305/2596/2389 2295/2536/2329
f 2664/2864/2657 2306/2854/2647 2303/2853/2646 2663/2863/2656
f 2663/2863/2656 2304/2862/2655 2307/2865/2658 2664/2864/2657
f 2666/2866/2659 2304/2862/2655 2293/2504/2297 2489/2867/2660
f 2489/2867/2660 2293/2504/2297 2487/2679/2472 2486/2680/2473
f 2489/2867/2660 2486/2680/2473 2488/2682/2475 2482/2712/2505
f 2489/2867/2660 2490/2857/2650 2666/2866/2659
f 2482/2712/2505 2491/2774/2567 2490/2857/2650 2489/2867/2660
f 2666/2866/2659 2490/2857/2650 2492/2856/2649 2667/2860/2653
f 2667/2860/2653 2307/2865/2658 2304/2862/2655 2666/2866/2659
f 2625/2868/2661 2626/2851/2644 2661/2852/2645 2662/2869/2662
f 2580/2858/2651 2581/2792/2585 2626/2851/2644 2625/2868/2661
f 2665/2870/2663 2396/2855/2648 2306/2854/2647 2664/2864/2657
f 2443/2675/2468 2397/2615/2408 2396/2855/2648 2442/2871/2664
f 2479/2872/2665 2478/2676/2469 2443/2675/2468 2442/2871/2664
f 2480/2873/2666 2479/2872/2665 2442/2871/2664 2441/2874/2667
f 2625/2868/2661 2662/2869/2662 2480/2873/2666 2441/2874/2667
f 2442/2871/2664 2396/2855/2648 2665/2870/2663 2670/2875/2668
f 2669/2876/2669 2668/2859/2652 2580/2858/2651 2625/2868/2661
f 2671/2877/2670 2441/2874/2667 2442/2871/2664 2670/2875/2668
f 2665/2870/2663 2664/2864/2657 2307/2865/2658 2395/2878/2671
f 2395/2878/2671 2307/2865/2658 2667/2860/2653 2668/2859/2652
f 2671/2877/2670 2670/2875/2668 2665/2870/2663 2395/2878/2671
f 2395/2878/2671 2668/2859/2652 2669/2876/2669 2671/2877/2670
f 2669/2876/2669 2625/2868/2661 2441/2874/2667 2671/2877/2670
o mixamorig:Jacket_Geo
v 0.059163 1.204195 0.267828
v 0.057392 1.123992 0.289065
v 0.048219 1.043763 0.301002
v 0.032855 0.960805 0.305785
v 0.020851 0.896700 0.306527
v 0.013949 0.856526 0.302299
v 0.028704 0.834162 0.300890
v -0.017653 0.763197 0.309658
v -0.048950 0.728281 0.296386
v -0.129316 0.723811 0.272845
v -0.154396 0.799704 0.271752
v -0.090065 0.798228 0.304274
v -0.039579 0.816174 0.307996
v -0.041634 0.886468 0.302953
v -0.031214 0.956107 0.301427
v -0.015543 1.041737 0.297342
v -0.001580 1.126285 0.293804
v -0.027213 1.231682 0.278015
v 0.066492 1.209771 0.266945
v 0.065069 1.123805 0.293528
v 0.055338 1.042605 0.305907
v 0.041018 0.960945 0.311998
v 0.027031 0.896263 0.310629
v 0.019197 0.858372 0.306967
v 0.036829 0.838082 0.310199
v -0.107153 0.866081 0.287086
v -0.092447 0.948656 0.288572
v -0.080695 1.029595 0.286668
v -0.062005 1.127147 0.293581
v -0.049594 1.215715 0.285014
v -0.239198 0.926815 0.165434
v -0.156506 0.891723 0.263020
v -0.170456 0.855468 0.261624
v -0.254805 0.891729 0.152015
v -0.203877 0.909799 0.221098
v -0.212875 0.872029 0.210812
v -0.166183 0.966278 0.247579
v -0.144556 1.036087 0.259609
v -0.233652 0.825033 0.200451
v -0.272346 0.850013 0.113516
v -0.215452 0.756430 0.189662
v -0.263524 0.776600 0.108892
v -0.218562 0.987221 0.191361
v -0.208585 1.053103 0.209614
v -0.130292 1.129155 0.277116
v -0.117166 1.225200 0.275770
v -0.199667 1.137691 0.231719
v -0.139379 1.243518 0.264158
v -0.092946 1.308220 0.251091
v -0.199445 1.206852 0.219959
v -0.155296 1.272209 0.257558
v -0.245506 1.117548 0.153460
v -0.231396 1.170092 0.164384
v -0.256460 1.057984 0.134975
v -0.260848 1.003386 0.120081
v -0.267089 0.932586 0.093854
v -0.274996 0.869927 -0.001232
v -0.255056 0.800057 0.014574
v -0.270085 0.941382 0.009839
v -0.275543 1.007908 0.039355
v -0.273551 1.058195 0.068825
v -0.263169 1.112924 0.086265
v -0.262809 1.148827 0.096830
v -0.283731 1.162952 0.062677
v -0.275531 1.130415 0.019504
v -0.252034 1.057102 -0.035284
v -0.240018 0.999965 -0.068039
v -0.236382 0.946224 -0.086938
v -0.236413 0.877528 -0.104382
v -0.227287 0.819573 -0.093510
v -0.296925 1.195525 0.034137
v -0.279313 1.189141 -0.006633
v -0.196752 1.202463 -0.098016
v -0.198048 1.119448 -0.108090
v -0.195957 1.049026 -0.127834
v -0.188451 0.992108 -0.153702
v -0.187739 0.938531 -0.175160
v -0.178249 0.880607 -0.183454
v -0.164430 0.836867 -0.182240
v -0.019148 1.121023 -0.191521
v -0.035040 1.207871 -0.168504
v -0.127351 1.205324 -0.136032
v -0.118609 1.120975 -0.154638
v -0.108081 1.049646 -0.175917
v -0.093415 0.993274 -0.203156
v -0.088795 0.944911 -0.222408
v -0.081771 0.896180 -0.238478
v -0.077865 0.852566 -0.237752
v -0.290820 1.265423 0.023118
v -0.261947 1.293057 -0.031549
v -0.281386 1.362119 0.035140
v -0.258522 1.371161 -0.015174
v -0.269223 1.422783 0.065480
v -0.232956 1.436893 0.035296
v -0.242814 1.464062 0.122872
v -0.205375 1.465018 0.082241
v -0.198364 1.448248 0.196700
v -0.157558 1.444858 0.174223
v -0.146692 1.411362 0.241730
v -0.130448 1.397915 0.224049
v -0.121762 1.317289 0.248774
v -0.137002 1.328380 0.257386
v -0.201001 1.287947 -0.080162
v -0.122106 1.289673 -0.118230
v -0.033262 1.298907 -0.152697
v -0.185444 1.384256 -0.054631
v -0.101820 1.382460 -0.091491
v -0.019609 1.395586 -0.122403
v -0.158831 1.453236 -0.004850
v -0.057896 1.466053 -0.045396
v 0.004909 1.465942 -0.061726
v -0.158363 1.473590 0.051823
v -0.176358 1.471285 0.128132
v -0.218854 1.469126 0.158585
v -0.139734 1.470363 0.100132
v -0.056944 1.266551 0.270805
v -0.125506 1.384401 0.208703
v -0.139071 1.439398 0.156304
v -0.115957 1.495274 0.048511
v -0.070612 1.504164 0.019988
v -0.032980 1.500998 0.002304
v 0.029374 1.499650 -0.006037
v 0.030158 0.836725 0.289147
v -0.015396 0.766142 0.298510
v -0.047017 0.738931 0.276630
v 0.062448 0.815961 0.283016
v 0.000513 0.765585 0.294090
v 0.003768 0.753990 0.290912
v 0.015147 0.743638 0.296361
v 0.034172 0.770487 0.288897
v 0.026174 0.741222 0.288689
v 0.056508 0.757469 0.288166
v 0.076575 0.801387 0.290137
v 0.075900 0.778046 0.277355
v 0.063528 0.815921 0.303593
v 0.086744 0.803154 0.301559
v 0.111347 0.787808 0.289584
v 0.003769 1.052968 -0.205770
v 0.018131 1.000155 -0.222329
v 0.038485 0.950559 -0.238133
v 0.050970 0.905654 -0.249065
v 0.052053 0.858577 -0.243119
v 0.091495 1.486591 -0.008381
v 0.088259 1.456186 -0.087543
v 0.078696 1.407286 -0.145676
v 0.063934 1.310332 -0.180830
v 0.052326 1.207737 -0.182399
v 0.066780 1.125291 -0.189140
v 0.084832 1.068748 -0.191109
v 0.107540 1.005325 -0.196315
v 0.126429 0.954506 -0.201037
v 0.139461 0.905518 -0.210395
v 0.134409 0.859417 -0.212889
v 0.124427 1.471931 0.022262
v 0.173606 1.476491 -0.055480
v 0.150032 1.440009 -0.119467
v 0.160953 1.343296 -0.158248
v 0.173489 1.247783 -0.154957
v 0.176235 1.155422 -0.141394
v 0.141344 1.072457 -0.158699
v 0.164963 1.009777 -0.152315
v 0.186261 0.956249 -0.148291
v 0.204141 0.908028 -0.146763
v 0.212733 0.848998 -0.140826
v 0.194496 1.179177 -0.110674
v 0.197864 1.137869 -0.105524
v 0.213761 1.083379 -0.098839
v 0.218386 1.009448 -0.093340
v 0.238240 0.957438 -0.080559
v 0.255534 0.901768 -0.060110
v 0.259991 0.840130 -0.046347
v 0.212961 1.164876 -0.063319
v 0.224960 1.118699 -0.045492
v 0.242076 1.076553 -0.035272
v 0.257108 1.027767 -0.018110
v 0.269361 0.956990 0.001420
v 0.283347 0.899236 0.032497
v 0.281942 0.822898 0.053261
v 0.225442 1.180260 -0.012430
v 0.240320 1.136933 0.016600
v 0.251649 1.077496 0.035461
v 0.254994 1.013713 0.065628
v 0.262653 0.960953 0.096280
v 0.270803 0.877781 0.133445
v 0.267252 0.824911 0.131431
v 0.233591 1.223913 0.039419
v 0.244047 1.158600 0.087667
v 0.223780 1.271310 0.084820
v 0.210101 1.257004 0.109308
v 0.272414 0.931390 0.098163
v 0.253239 0.916048 0.160939
v 0.238981 0.946749 0.158563
v 0.198328 0.926649 0.213217
v 0.206722 0.899352 0.220990
v 0.219344 0.857370 0.211553
v 0.192099 0.806161 0.210645
v 0.239186 1.005342 0.137730
v 0.238373 1.081776 0.108267
v 0.201964 0.984702 0.206219
v 0.202695 1.068816 0.185352
v 0.207786 1.154577 0.172557
v 0.194658 1.240225 0.166245
v 0.211265 1.321909 0.098023
v 0.193337 1.316468 0.110143
v 0.215642 1.384459 0.078431
v 0.187911 1.393335 0.091991
v 0.139145 1.477046 -0.009143
v 0.193892 1.472412 -0.013352
v 0.165590 1.448413 0.045660
v 0.212200 1.447290 0.028088
v 0.153606 1.443632 0.061843
v 0.167535 1.387654 0.106892
v 0.177470 1.328092 0.141663
v 0.162353 1.245587 0.196377
v 0.165555 1.142705 0.221782
v 0.157346 1.051485 0.238175
v 0.146582 0.964284 0.259933
v 0.141163 0.914376 0.259392
v 0.147417 0.875219 0.259862
v 0.153264 0.834114 0.264044
v 0.120238 0.787623 0.264427
v 0.116220 0.785061 0.253559
v 0.185899 0.800680 0.205490
v 0.254085 0.818682 0.123242
v 0.263187 0.819260 0.053109
v 0.246043 0.834249 -0.041817
v 0.116390 1.135684 0.268084
v 0.106120 1.042888 0.280963
v 0.093654 0.963418 0.291727
v 0.085458 0.908762 0.291951
v 0.081063 0.869729 0.287299
v 0.146292 1.213897 0.221880
v 0.027315 0.743350 0.275265
v 0.058204 0.758334 0.274147
v 0.066934 0.769643 0.261699
v 0.071307 0.770279 0.271735
v 0.109746 0.776357 0.241733
v 0.181313 0.789584 0.198841
v 0.246894 0.812421 0.118369
v 0.102707 0.778377 0.226326
v 0.170695 0.791799 0.181801
v 0.234340 0.815793 0.106916
v 0.197959 0.845646 -0.130594
v 0.011281 0.742763 0.280355
v 0.004964 0.753105 0.274868
v -0.048614 0.742861 0.261664
v -0.096597 0.750595 0.225901
v -0.110697 0.742600 0.241263
v -0.191033 0.762846 0.179273
v -0.183176 0.773363 0.165390
v -0.238606 0.775364 0.103171
v -0.237199 0.802765 0.016617
v -0.206070 0.820480 -0.091808
v -0.156873 0.835401 -0.168410
v -0.073135 0.849703 -0.220732
v 0.053844 0.857925 -0.226046
v 0.121044 0.855269 -0.200622
v -0.227086 0.834345 0.017357
v -0.198466 0.857209 -0.086808
v -0.145953 0.874087 -0.157667
v -0.064547 0.877890 -0.191381
v 0.048686 0.883743 -0.192222
v 0.112375 0.888837 -0.181798
v 0.180408 0.883018 -0.118671
v 0.225401 0.872715 -0.042564
v 0.242102 0.852207 0.043759
v 0.231144 0.850582 0.101269
v 0.177777 0.829489 0.178371
v 0.129412 0.815040 0.227828
v 0.080435 0.799860 0.256660
v 0.045532 0.771326 0.262743
v 0.015805 0.762773 0.270122
v -0.220772 0.814729 0.098951
v -0.193212 0.810609 0.161301
v -0.113392 0.784335 0.232325
v -0.059496 0.780347 0.266715
v -0.009535 0.767416 0.271468
v 0.017853 0.759651 0.273430
v 0.212972 1.317197 0.091069
v 0.212904 1.381878 0.075395
v 0.208408 1.440498 0.020686
v 0.191637 1.462307 -0.016593
v 0.176840 1.467045 -0.053712
v 0.156006 1.430894 -0.111179
v 0.157012 1.335846 -0.147019
v 0.177910 1.251127 -0.146403
v 0.217587 1.272243 0.077181
v 0.220523 1.226648 0.042058
v 0.220620 1.188849 -0.008075
v 0.203116 1.173002 -0.062967
v 0.187484 1.183990 -0.110769
v 0.238830 1.433199 0.011462
v 0.219743 1.460334 -0.022767
v 0.194316 1.461868 -0.063377
v 0.175372 1.434529 -0.110729
v 0.161103 1.345157 -0.134803
v 0.173878 1.255968 -0.135205
v 0.236469 1.384721 0.050005
v 0.224802 1.312996 0.060187
v 0.215136 1.277867 0.045511
v 0.203290 1.254355 0.010624
v 0.206484 1.223109 -0.023838
v 0.193207 1.206936 -0.061046
v 0.187144 1.210597 -0.105899
v 0.271155 1.397400 -0.021944
v 0.268258 1.427328 -0.044226
v 0.239076 1.443918 -0.080139
v 0.260858 1.348361 -0.008482
v 0.244636 1.302707 0.006881
v 0.210069 1.434152 -0.124239
v 0.171648 1.402196 -0.143083
v 0.227012 1.271801 -0.003822
v 0.199307 1.267332 -0.023818
v 0.175584 1.273485 -0.053167
v 0.160821 1.287294 -0.075512
v 0.171331 1.312248 -0.112120
v 0.159201 1.352138 -0.141553
v 0.315459 1.332170 -0.096310
v 0.317587 1.375995 -0.121201
v 0.296345 1.397370 -0.152632
v 0.250495 1.403319 -0.177652
v 0.309395 1.305148 -0.082112
v 0.293930 1.277135 -0.073936
v 0.275670 1.253359 -0.074002
v 0.242095 1.233502 -0.087852
v 0.217458 1.238551 -0.113121
v 0.192776 1.259144 -0.136419
v 0.208417 1.382290 -0.188818
v 0.185357 1.340011 -0.190228
v 0.182716 1.296649 -0.172606
v 0.313679 1.340619 -0.078993
v 0.315606 1.386847 -0.108333
v 0.290507 1.409096 -0.142399
v 0.243387 1.411276 -0.168838
v 0.307307 1.312920 -0.065998
v 0.289586 1.279419 -0.055574
v 0.265219 1.255112 -0.062415
v 0.232595 1.237750 -0.080629
v 0.206654 1.244572 -0.104393
v 0.184100 1.261913 -0.126500
v 0.202121 1.387326 -0.181480
v 0.176459 1.344719 -0.181160
v 0.170890 1.301683 -0.162236
v 0.285922 1.366710 -0.047012
v 0.286831 1.409391 -0.069882
v 0.259576 1.429047 -0.104102
v 0.224164 1.422627 -0.139058
v 0.281492 1.336863 -0.034889
v 0.263621 1.287430 -0.030352
v 0.239520 1.258465 -0.041435
v 0.210807 1.250307 -0.066050
v 0.177422 1.261002 -0.084615
v 0.160604 1.279531 -0.100606
v 0.184655 1.399089 -0.159067
v 0.153890 1.355400 -0.157820
v 0.156209 1.316222 -0.134375
v 0.253131 1.418498 -0.001361
v 0.239477 1.447841 -0.026956
v 0.212788 1.457502 -0.065995
v 0.248192 1.368847 0.027030
v 0.232781 1.304366 0.033050
v 0.188279 1.445605 -0.114113
v 0.153401 1.389576 -0.132574
v 0.218193 1.277340 0.020452
v 0.198000 1.265879 -0.007931
v 0.198238 1.258184 -0.028742
v 0.188628 1.253850 -0.055934
v 0.187072 1.267161 -0.096216
v 0.154748 1.324476 -0.130320
v 0.281728 1.282399 -0.084481
v 0.294656 1.306366 -0.089999
v 0.301259 1.333105 -0.103122
v 0.303473 1.367717 -0.126577
v 0.287008 1.382554 -0.149218
v 0.248527 1.383869 -0.169195
v 0.218904 1.367395 -0.178926
v 0.201812 1.336589 -0.179869
v 0.198668 1.303331 -0.163581
v 0.209611 1.275240 -0.134604
v 0.226041 1.258072 -0.118115
v 0.245438 1.250709 -0.099950
v 0.270686 1.262997 -0.087189
v 0.051989 1.539107 0.045109
v 0.001895 1.539664 0.040540
v -0.036966 1.540985 0.049604
v -0.077667 1.538227 0.075414
v -0.114327 1.517423 0.125985
v -0.126223 1.482286 0.174728
v -0.105805 1.411827 0.216640
v -0.063151 1.363554 0.256103
v -0.030060 1.340071 0.271370
v 0.097835 1.531813 0.071605
v 0.139796 1.508579 0.096921
v 0.145894 1.460164 0.112256
v 0.150908 1.407638 0.150315
v 0.144691 1.371719 0.179693
v 0.123122 1.322324 0.231591
v 0.155883 1.215394 0.233753
v 0.170535 1.250153 0.209008
v 0.086073 1.284889 0.261477
v 0.087937 1.274185 0.252157
v 0.096047 1.275269 0.264258
v 0.089609 1.264839 0.252297
v 0.102284 1.244529 0.240053
v 0.108764 1.249252 0.252592
v 0.131433 1.231036 0.242637
v 0.124878 1.230114 0.234080
v 0.079268 1.257347 0.247298
v 0.066110 1.268053 0.250684
v 0.066489 1.237260 0.249652
v 0.140688 1.298817 0.221015
v 0.160186 1.349964 0.169922
v 0.048826 1.533480 0.024135
v -0.009954 1.535579 0.023588
v -0.046069 1.536560 0.035766
v -0.090948 1.535041 0.066624
v -0.129844 1.512955 0.119417
v -0.134645 1.462057 0.152776
v -0.114954 1.398924 0.214923
v -0.077095 1.339318 0.257046
v -0.039582 1.307619 0.281477
v 0.105176 1.523024 0.045923
v 0.145569 1.503289 0.079083
v 0.150194 1.453066 0.096167
v 0.158336 1.397043 0.137133
v 0.034130 1.516818 -0.008396
v -0.029628 1.520578 -0.001264
v -0.067002 1.522584 0.017659
v -0.112891 1.520082 0.060314
v -0.138660 1.481984 0.101472
v -0.140870 1.454612 0.161314
v -0.124703 1.392478 0.215688
v -0.090489 1.318205 0.260238
v -0.050965 1.274086 0.285387
v 0.096685 1.499576 -0.005718
v 0.126615 1.480390 0.029807
v 0.155864 1.450152 0.071353
v 0.169643 1.390548 0.117540
v 0.181308 1.334849 0.154456
v 0.166051 1.263620 0.213152
v 0.212336 1.371774 -0.163538
v 0.195799 1.339265 -0.163462
v 0.236595 1.389562 -0.156038
v 0.273361 1.390363 -0.133730
v 0.297883 1.385466 -0.103536
v 0.289879 1.349187 -0.083742
v 0.283563 1.323519 -0.076883
v 0.270516 1.297047 -0.069063
v 0.257698 1.278763 -0.074625
v 0.238161 1.266291 -0.085337
v 0.218723 1.270120 -0.097909
v 0.197406 1.288125 -0.118545
v 0.190859 1.313600 -0.146936
v 0.099971 1.322995 0.211688
v 0.134173 1.378541 0.169598
v 0.139082 1.407669 0.141422
v 0.136887 1.467136 0.116602
v 0.119562 1.490941 0.097720
v 0.084072 1.507016 0.075414
v 0.048245 1.515454 0.052811
v 0.006667 1.517053 0.045942
v -0.035265 1.521742 0.054687
v -0.070199 1.515923 0.076980
v -0.096365 1.500686 0.110987
v -0.109968 1.458044 0.156833
v -0.099933 1.412363 0.200151
v -0.064725 1.374538 0.234904
v -0.022024 1.341803 0.247388
v -0.016466 1.476647 0.005424
v 0.025343 1.478083 0.002566
v 0.063371 1.468104 -0.003446
v 0.107840 1.448599 0.019907
v 0.130423 1.434417 0.051241
v 0.154533 1.388132 0.063778
v 0.162175 1.328563 0.097775
v 0.132721 1.257230 0.161810
v -0.063847 1.481819 0.023144
v -0.100858 1.477708 0.049710
v -0.128585 1.457070 0.074145
v -0.163903 1.437028 0.133726
v -0.139957 1.392701 0.176763
v -0.098437 1.330734 0.219870
v -0.060845 1.304425 0.228395
v -0.013326 1.224570 0.302081
v -0.004792 1.216374 0.283707
v 0.001138 1.214160 0.293293
v 0.003071 1.322342 0.281719
v 0.001232 1.289479 0.296861
v -0.002389 1.268276 0.296366
v -0.004556 1.250352 0.295495
v 0.008916 1.230647 0.292915
v 0.021343 1.312313 0.257596
v -0.020245 1.267057 0.233377
v 0.003530 1.229381 0.279114
v -0.010381 1.238855 0.275290
v 0.008909 1.265659 0.287822
v 0.005523 1.264771 0.276485
v 0.007514 1.292780 0.276069
v 0.010219 1.291586 0.289943
v 0.013563 1.309921 0.285595
v 0.010262 1.298228 0.275641
v 0.026716 1.295598 0.270151
v 0.012025 1.286575 0.269470
v 0.028084 1.268727 0.261185
v 0.041583 1.272649 0.260004
v 0.047429 1.241223 0.252834
v 0.055562 1.243381 0.248344
v 0.041364 1.280094 0.243775
v 0.051808 1.245239 0.233275
v 0.004510 1.230359 0.239464
v 0.049642 1.189656 0.236753
v 0.119008 1.261033 0.247225
v 0.148308 1.237675 0.237915
v 0.104158 1.285798 0.261341
v 0.095008 1.294756 0.258893
v 0.069576 1.281709 0.243669
v 0.082735 1.278309 0.213945
v 0.087394 1.191628 0.219240
v 0.164316 1.226194 0.227105
v 0.151010 1.221198 0.212976
v 0.046776 1.232761 0.255572
v 0.067585 1.221973 0.250965
v 0.084567 1.254849 0.236581
v 0.022271 1.263323 0.254094
v 0.005794 1.284349 0.259400
v 0.094342 1.268236 0.234318
v -0.005108 1.268913 0.272722
v -0.016437 1.293791 0.269504
v -0.015911 1.308796 0.265896
v -0.010264 1.306319 0.264882
v -0.010934 1.301267 0.260474
v -0.017290 1.298019 0.258268
v -0.000684 1.279174 0.256208
v 0.023873 1.257594 0.258503
v -0.015578 1.294550 0.266227
v 0.007183 1.271159 0.270118
v 0.023973 1.250645 0.269069
v 0.045917 1.224524 0.265770
v 0.046469 1.219438 0.266926
v 0.085187 1.251141 0.235552
v 0.098758 1.268419 0.228666
v 0.096212 1.222586 0.253909
v 0.095782 1.235003 0.249477
v 0.073393 1.226221 0.255626
v 0.087913 1.249596 0.242323
v 0.103736 1.266044 0.232818
v 0.091781 1.274258 0.244541
v 0.091603 1.269227 0.243410
v 0.100639 1.255307 0.234417
v 0.103655 1.283241 0.232838
v 0.091680 1.271945 0.242854
v 0.100399 1.281925 0.237696
v 0.108038 1.280831 0.227381
v 0.104027 1.280529 0.229760
v -0.208057 1.442133 0.193622
v -0.227940 1.458763 0.153976
v -0.247337 1.443938 0.122924
v -0.268731 1.409138 0.068379
v -0.281052 1.336309 0.044094
v -0.285083 1.266188 0.043148
v -0.151318 1.403614 0.235351
v -0.143306 1.322475 0.251694
v -0.156366 1.268248 0.246192
v -0.189851 1.212102 0.212622
v -0.226963 1.175534 0.160298
v -0.256110 1.156320 0.100940
v -0.271297 1.167918 0.067958
v -0.261316 1.454206 0.172750
v -0.235143 1.445700 0.201824
v -0.272346 1.433604 0.134009
v -0.174923 1.416909 0.245821
v -0.147762 1.346241 0.263013
v -0.294142 1.392608 0.086666
v -0.295016 1.321942 0.068788
v -0.161042 1.283254 0.250639
v -0.195065 1.229173 0.205835
v -0.225384 1.199463 0.161491
v -0.247100 1.182737 0.120042
v -0.265663 1.185235 0.089968
v -0.288434 1.270102 0.060415
v -0.251910 1.430699 0.211610
v -0.192769 1.399994 0.251771
v -0.214472 1.380667 0.265460
v -0.268348 1.410834 0.237798
v -0.256931 1.231743 0.137854
v -0.294015 1.267313 0.129852
v -0.275829 1.428295 0.189125
v -0.292732 1.400918 0.216482
v -0.301499 1.395628 0.161542
v -0.313035 1.367439 0.196781
v -0.322213 1.348459 0.134958
v -0.334509 1.321519 0.184569
v -0.155912 1.348052 0.270758
v -0.172810 1.348542 0.280789
v -0.161188 1.295852 0.260428
v -0.163956 1.303897 0.279481
v -0.313774 1.292639 0.132108
v -0.326141 1.275819 0.182855
v -0.305335 1.247512 0.189571
v -0.194838 1.242460 0.214365
v -0.181225 1.255278 0.243286
v -0.217721 1.228627 0.181294
v -0.201803 1.240648 0.212973
v -0.235116 1.224687 0.159119
v -0.211974 1.237673 0.203686
v -0.246334 1.236221 0.204778
v -0.330003 1.222336 0.237466
v -0.349122 1.245880 0.238567
v -0.335894 1.251234 0.250892
v -0.322642 1.235080 0.246582
v -0.363334 1.279825 0.251617
v -0.348003 1.278903 0.256509
v -0.334439 1.291819 0.246732
v -0.324648 1.266058 0.237347
v -0.357172 1.314761 0.277817
v -0.339722 1.304066 0.274629
v -0.325125 1.318850 0.259453
v -0.330097 1.342800 0.303712
v -0.317001 1.331013 0.300011
v -0.305668 1.339399 0.280580
v -0.299350 1.355365 0.321139
v -0.296388 1.337890 0.310589
v -0.284278 1.368999 0.280955
v -0.261205 1.342502 0.337379
v -0.263895 1.322738 0.327310
v -0.247149 1.331006 0.310887
v -0.226125 1.316447 0.347215
v -0.236232 1.299917 0.337277
v -0.222348 1.309436 0.315187
v -0.200930 1.294019 0.347611
v -0.220755 1.284581 0.339481
v -0.214661 1.294324 0.317752
v -0.193265 1.258813 0.333832
v -0.212056 1.260917 0.327610
v -0.208701 1.272496 0.308708
v -0.202313 1.232832 0.315656
v -0.218369 1.243339 0.310807
v -0.215043 1.259237 0.297796
v -0.229037 1.215034 0.289503
v -0.237694 1.229295 0.287628
v -0.232564 1.243966 0.275606
v -0.265830 1.206157 0.264162
v -0.263186 1.220673 0.268391
v -0.255671 1.232011 0.257021
v -0.313335 1.248379 0.239638
v -0.297410 1.364830 0.312340
v -0.279881 1.385582 0.266106
v -0.233387 1.370435 0.293182
v -0.256916 1.354452 0.327719
v -0.193259 1.336963 0.309554
v -0.215651 1.321697 0.340187
v -0.327415 1.353331 0.290522
v -0.306442 1.372980 0.246986
v -0.354664 1.326218 0.269693
v -0.327588 1.349098 0.227637
v -0.173250 1.300423 0.306442
v -0.194070 1.295939 0.335334
v -0.176340 1.263904 0.288823
v -0.186317 1.261239 0.320171
v -0.193628 1.234469 0.251373
v -0.195665 1.234321 0.300846
v -0.359530 1.289392 0.237808
v -0.341057 1.305869 0.214708
v -0.339118 1.247577 0.223455
v -0.326688 1.260813 0.206200
v -0.312017 1.240679 0.208039
v -0.324339 1.227949 0.224599
v -0.259506 1.202369 0.253063
v -0.245029 1.228446 0.217977
v -0.220875 1.211487 0.276391
v -0.205927 1.229703 0.235804
v -0.283053 1.231121 0.246688
v -0.290812 1.219329 0.259396
v -0.295252 1.205989 0.252399
v -0.290822 1.206426 0.237400
v -0.280560 1.222673 0.214797
v -0.280587 1.226861 0.204925
v -0.270945 1.250539 0.128488
v -0.278753 1.217647 0.077111
v -0.284022 1.201308 0.046592
v -0.016727 1.303586 0.264960
v 0.243303 0.942682 0.161536
v 0.252240 0.920683 0.161405
v 0.208641 0.924837 0.211614
v 0.212850 0.905327 0.213656
v 0.275023 0.935612 0.106343
v 0.266773 0.956021 0.106849
v -0.210133 0.903440 0.222576
v -0.218639 0.877455 0.218324
v -0.242971 0.918399 0.172998
v -0.253092 0.897537 0.163959
v -0.177857 0.861586 0.257839
v -0.170192 0.886876 0.260112
v 0.069597 0.961538 0.305514
v 0.083162 1.041616 0.296957
v 0.089012 1.132625 0.281873
v 0.057931 0.903155 0.304626
v 0.052839 0.871839 0.309916
v 0.098111 1.211940 0.256020
v 0.112017 1.096197 0.275036
v 0.091478 1.093639 0.294060
v 0.058556 1.085119 0.299195
v 0.131941 1.183839 0.239974
v 0.092397 1.186030 0.272867
v 0.066015 1.178439 0.278988
v 0.033450 0.924814 0.311622
v 0.064466 0.927281 0.311182
v 0.088599 0.928655 0.289190
v 0.046883 0.999028 0.308668
v 0.079047 1.003641 0.306261
v 0.099117 1.002277 0.285222
v 0.116633 0.930857 0.274396
v 0.121820 0.962731 0.277454
v 0.127363 1.006445 0.265513
v 0.139022 1.097831 0.251877
v 0.142776 1.139713 0.245116
v 0.147845 1.184977 0.227290
v 0.062211 0.917582 0.309234
v 0.052144 0.925600 0.314122
v 0.052311 0.918583 0.313181
v 0.076129 0.928285 0.303366
v 0.065155 0.936339 0.308077
v 0.073683 0.935858 0.299106
v 0.071292 0.919730 0.299952
v 0.055586 0.933150 0.311187
v 0.036835 0.865338 0.311785
v 0.052590 0.879445 0.306915
v 0.062917 0.871940 0.303062
v 0.040195 0.873682 0.310753
v 0.062777 0.878676 0.303156
v 0.049402 0.863067 0.307973
v 0.090047 1.108325 0.289515
v 0.077939 1.089419 0.299392
v 0.088768 1.078748 0.293494
v 0.101879 1.094994 0.283170
v 0.098087 1.105121 0.281652
v 0.081123 1.081263 0.298027
v 0.097416 1.082158 0.285364
v 0.080973 1.102076 0.296412
v 0.090974 1.198622 0.261810
v 0.101051 1.183291 0.257997
v 0.089242 1.171070 0.272673
v 0.077739 1.185352 0.277188
v 0.082454 1.195781 0.272036
v 0.082519 1.174648 0.277894
v 0.100274 1.174929 0.264985
v 0.100977 1.193125 0.261655
v 0.079609 1.018112 0.301373
v 0.065148 1.001437 0.308875
v 0.074765 0.988633 0.302230
v 0.091384 1.003077 0.295812
v 0.089482 1.014157 0.296331
v 0.069953 1.013937 0.305620
v 0.068466 0.992572 0.308864
v 0.086605 0.993974 0.299223
v 0.050956 1.259598 0.269129
v 0.072786 1.259441 0.260436
v 0.053950 1.242589 0.274273
v 0.073973 1.243867 0.268103
v 0.049805 1.257327 0.268499
v 0.051865 1.241596 0.270103
v 0.051183 1.228547 0.268909
v 0.070992 1.243735 0.261710
v 0.073509 1.257696 0.260571
v 0.073343 1.228947 0.263373
v 0.056233 1.259285 0.265869
v 0.060254 1.243012 0.272708
v 0.074361 1.251601 0.264940
v 0.052140 1.250583 0.272465
v 0.050871 1.248758 0.269602
v 0.074403 1.251045 0.263541
v 0.058960 1.251852 0.271031
v 0.053394 1.234423 0.273517
v 0.074326 1.235612 0.267735
v 0.051550 1.234620 0.271732
v 0.074335 1.235934 0.266104
v 0.060093 1.234681 0.272215
v 0.054520 1.259441 0.257531
v 0.068496 1.258510 0.249908
v 0.049652 1.259984 0.260606
v 0.066471 1.254150 0.245410
v 0.052163 1.254484 0.250962
v 0.048393 1.256499 0.254236
v 0.051245 1.243160 0.249463
v 0.065780 1.242118 0.243809
v 0.044879 1.242421 0.253091
v 0.051490 1.230745 0.251073
v 0.068061 1.231946 0.245789
v 0.045295 1.231588 0.254943
v 0.059297 1.226631 0.268552
v 0.073147 1.226684 0.264851
v 0.052220 1.226208 0.269925
v 0.048897 1.226392 0.262286
v 0.055677 1.224665 0.258262
v 0.070709 1.226202 0.254607
v 0.048256 1.228565 0.262836
v 0.045247 1.232410 0.257004
v 0.044011 1.242752 0.255436
v 0.045552 1.256276 0.254606
v 0.048379 1.259419 0.260769
v 0.069809 1.258553 0.249656
v 0.068583 1.254816 0.246774
v 0.068965 1.243289 0.247041
v 0.068753 1.233972 0.250373
v 0.071327 1.229219 0.254978
v 0.115186 1.245568 0.238421
v 0.114662 1.259701 0.237760
v 0.117405 1.233955 0.242745
v 0.114961 1.268645 0.237141
v 0.120783 1.220745 0.245567
v 0.111856 1.268997 0.231411
v 0.111343 1.261432 0.230224
v 0.112159 1.244782 0.231021
v 0.116096 1.231036 0.235386
v 0.118703 1.220331 0.240029
v 0.000274 1.254571 0.269511
v 0.002507 1.271490 0.269174
v -0.001081 1.237407 0.272392
v -0.000892 1.226217 0.277185
v 0.003903 1.277882 0.269951
v 0.001768 1.227161 0.282736
v 0.006531 1.276400 0.277301
v 0.004841 1.267614 0.277506
v 0.003024 1.252649 0.278071
v 0.001619 1.235870 0.280683
v 0.055248 1.259590 0.261752
v 0.071071 1.259742 0.255688
v 0.050113 1.260116 0.264730
v 0.050217 1.226137 0.266040
v 0.057492 1.223475 0.262878
v 0.072477 1.226008 0.259346
v 0.049714 1.228523 0.265758
v 0.048673 1.258731 0.264652
v 0.071950 1.258251 0.255734
v 0.072032 1.229065 0.258994
v 0.113810 1.269742 0.234153
v 0.119803 1.219742 0.242715
v 0.117258 1.232626 0.237912
v 0.114417 1.245916 0.234410
v 0.113693 1.260772 0.233042
v 0.000329 1.225593 0.280585
v 0.004609 1.277759 0.274073
v 0.002738 1.270130 0.273269
v 0.000483 1.254044 0.273480
v -0.000641 1.237150 0.276612
v 0.113020 1.246401 0.242636
v 0.112307 1.259752 0.242071
v 0.115477 1.234232 0.246171
v 0.112166 1.270815 0.241222
v 0.118118 1.220721 0.250319
v 0.106977 1.269765 0.231505
v 0.106113 1.261549 0.230043
v 0.107655 1.244807 0.230418
v 0.110579 1.229649 0.234173
v 0.113295 1.219235 0.240720
v 0.110347 1.272605 0.235474
v 0.115810 1.217878 0.244842
v 0.062149 1.260768 0.263846
v 0.068102 1.242831 0.271261
v 0.066226 1.252139 0.268439
v 0.067589 1.235021 0.270955
v 0.059147 1.259524 0.253706
v 0.059262 1.254422 0.247979
v 0.058568 1.242503 0.246294
v 0.059502 1.230986 0.247500
v 0.067047 1.226039 0.267198
v 0.062734 1.224115 0.256025
v 0.060731 1.261085 0.259048
v 0.064799 1.223142 0.261097
v 0.068383 1.260975 0.261162
v 0.066470 1.260616 0.257089
v 0.064267 1.258999 0.251578
v 0.062798 1.254702 0.246780
v 0.070665 1.256510 0.266408
v 0.064826 1.256003 0.266883
v 0.005399 1.235828 0.282421
v 0.002907 1.254362 0.266308
v 0.004742 1.271341 0.266236
v 0.001107 1.237047 0.269240
v 0.002882 1.224358 0.273133
v 0.007596 1.278963 0.267681
v 0.006803 1.226166 0.283788
v 0.010751 1.276752 0.278596
v 0.007933 1.266575 0.279316
v 0.006196 1.252223 0.279754
v 0.003887 1.222459 0.280020
v 0.009109 1.280783 0.273369
v 0.086738 1.265247 0.254593
v 0.087524 1.256569 0.257664
v 0.086718 1.245805 0.257425
v 0.090572 1.235185 0.263256
v 0.090805 1.225762 0.263079
v 0.088107 1.224128 0.257130
v 0.086195 1.225752 0.252026
v 0.084375 1.233960 0.247636
v 0.082806 1.243960 0.244288
v 0.082234 1.257676 0.241260
v 0.081871 1.265578 0.243488
v 0.083820 1.267526 0.248856
v 0.100202 1.270822 0.247121
v 0.100576 1.258956 0.249509
v 0.101520 1.247097 0.251198
v 0.104735 1.233495 0.255691
v 0.106547 1.221529 0.257481
v 0.102421 1.219549 0.252060
v 0.099719 1.221692 0.247554
v 0.097090 1.231326 0.242173
v 0.094781 1.244378 0.237854
v 0.094846 1.260157 0.235055
v 0.095452 1.269647 0.236650
v 0.097362 1.272640 0.241301
v 0.022368 1.272477 0.276019
v 0.022454 1.260795 0.276356
v 0.021388 1.248821 0.277455
v 0.020975 1.235285 0.280013
v 0.020917 1.225238 0.280860
v 0.019375 1.221006 0.275470
v 0.017544 1.222826 0.269051
v 0.016766 1.234030 0.264745
v 0.017304 1.251056 0.262013
v 0.017228 1.267019 0.261945
v 0.017941 1.275607 0.264970
v 0.021098 1.276381 0.270320
v 0.033601 1.267182 0.272610
v 0.034423 1.255771 0.272770
v 0.034183 1.244927 0.273480
v 0.034579 1.235544 0.277672
v 0.034663 1.225816 0.277052
v 0.032875 1.222651 0.271332
v 0.030605 1.223809 0.266076
v 0.030039 1.232971 0.261754
v 0.029829 1.247907 0.259161
v 0.029041 1.262650 0.258517
v 0.030080 1.269508 0.261803
v 0.032748 1.270048 0.267489
vn 0.0407 0.1167 0.9923
vn -0.0809 0.0502 0.9955
vn -0.0661 0.0964 0.9931
vn 0.0094 0.2210 0.9752
vn -0.3253 0.0843 0.9418
vn -0.2982 -0.0554 0.9529
vn -0.0790 0.0362 0.9962
vn -0.1332 0.0489 0.9899
vn -0.1521 0.0312 0.9879
vn -0.2755 0.0090 0.9613
vn -0.4084 -0.0128 0.9127
vn -0.5084 -0.0351 0.8604
vn -0.3451 0.0621 0.9365
vn -0.1399 0.0518 0.9888
vn -0.5940 0.0581 0.8024
vn -0.7430 -0.0486 0.6675
vn -0.7012 -0.0108 0.7129
vn -0.8010 0.0165 0.5984
vn -0.9406 -0.0251 0.3385
vn -0.9148 -0.0088 0.4038
vn -0.9014 0.0228 0.4323
vn -0.7676 0.1890 0.6125
vn -0.9212 0.1686 0.3507
vn -0.9883 -0.0346 0.1486
vn -0.9552 0.0301 0.2945
vn -0.9996 -0.0062 0.0261
vn -0.9950 0.0149 -0.0984
vn -0.9868 0.0573 -0.1515
vn -0.9828 0.0511 0.1776
vn -0.9798 -0.0752 -0.1851
vn -0.9819 -0.0733 0.1746
vn -0.9386 -0.0709 -0.3377
vn -0.9613 -0.2116 0.1761
vn -0.9119 0.0799 -0.4026
vn -0.9067 0.0947 -0.4110
vn -0.9040 0.0940 -0.4170
vn -0.8881 -0.0888 -0.4510
vn -0.6960 0.1795 -0.6952
vn -0.7016 0.0829 -0.7078
vn -0.6564 0.2407 -0.7150
vn -0.6707 0.1614 -0.7240
vn -0.6736 -0.0468 -0.7376
vn -0.3989 0.1196 0.9092
vn -0.2937 0.1388 0.9458
vn -0.4218 0.1501 0.8942
vn 0.2024 0.2007 0.9585
vn 0.3285 0.2958 0.8970
vn -0.6338 0.0550 -0.7716
vn -0.8301 -0.0650 -0.5538
vn -0.9778 -0.1372 -0.1583
vn -0.9525 0.0204 -0.3038
vn -0.7433 0.1226 -0.6576
vn -0.3989 0.1735 -0.9004
vn -0.4071 0.1732 -0.8968
vn -0.5436 0.1847 -0.8188
vn -0.6705 0.3905 -0.6308
vn -0.9265 0.2224 -0.3034
vn -0.3922 0.2572 -0.8832
vn -0.4355 0.4736 -0.7655
vn -0.5235 0.7075 -0.4747
vn -0.8052 0.5279 -0.2703
vn -0.3595 0.4656 -0.8087
vn -0.3138 0.9246 -0.2161
vn -0.4979 0.8630 -0.0856
vn 0.1302 0.9770 0.1691
vn -0.0863 0.9729 0.2144
vn -0.0716 0.1493 0.9862
vn 0.6869 0.5125 0.5152
vn 0.3464 0.6270 0.6978
vn 0.0575 0.8358 0.5460
vn 0.5145 0.7914 0.3301
vn -0.3937 0.7015 -0.5940
vn -0.3568 0.9073 -0.2226
vn -0.2759 0.7020 -0.6565
vn 0.1102 -0.2072 0.9721
vn 0.4714 -0.0016 0.8819
vn -0.0212 0.0605 0.9979
vn -0.1376 -0.5309 0.8362
vn 0.0621 -0.4672 0.8820
vn 0.4744 -0.4630 0.7487
vn -0.1486 -0.2831 0.9475
vn 0.1306 -0.0979 0.9866
vn 0.0821 0.0318 0.9961
vn -0.1921 -0.3661 0.9105
vn -0.3651 0.2432 -0.8987
vn -0.3045 0.3123 -0.8999
vn -0.2955 0.2463 -0.9230
vn -0.2705 0.0601 -0.9608
vn -0.2914 0.5008 -0.8150
vn -0.1437 0.7747 -0.6158
vn -0.3100 0.2429 -0.9192
vn -0.2616 0.1583 -0.9521
vn -0.1880 0.1694 -0.9675
vn -0.0804 0.2281 -0.9703
vn 0.0045 0.2961 -0.9552
vn 0.0835 0.2926 -0.9526
vn 0.1281 0.1123 -0.9854
vn -0.0919 0.5127 -0.8536
vn -0.0267 0.1759 -0.9840
vn 0.0760 0.0600 -0.9953
vn 0.2051 0.0905 -0.9746
vn 0.3142 0.1603 -0.9357
vn 0.4071 0.2510 -0.8782
vn 0.4899 0.2795 -0.8257
vn 0.5535 0.1216 -0.8239
vn 0.5200 -0.0374 -0.8533
vn 0.5628 0.0886 -0.8219
vn 0.6579 0.1640 -0.7350
vn 0.7222 0.2169 -0.6568
vn 0.7827 0.0990 -0.6144
vn 0.8292 0.0132 -0.5588
vn 0.8051 0.0907 -0.5861
vn 0.8134 0.1194 -0.5693
vn 0.8685 0.1482 -0.4731
vn 0.9204 0.0532 -0.3872
vn 0.9354 0.1908 -0.2978
vn 0.9469 0.1473 -0.2858
vn 0.9678 0.1365 -0.2116
vn 0.9715 0.1661 -0.1693
vn 0.9938 0.0658 -0.0894
vn 0.9791 0.1577 0.1285
vn 0.9916 0.1276 0.0223
vn 0.9845 0.1306 -0.1171
vn 0.9488 0.0840 0.3046
vn 0.9048 0.1498 0.3987
vn 0.9684 0.1167 0.2204
vn -0.0855 0.8324 -0.5476
vn 0.8515 0.1150 0.5116
vn 0.9187 0.1915 0.3454
vn 0.8422 0.1995 0.5009
vn 0.8239 0.0900 0.5595
vn 0.7691 0.0987 0.6315
vn 0.8937 -0.2440 0.3766
vn 0.9364 -0.0366 0.3490
vn 0.7432 -0.1442 0.6534
vn 0.6814 -0.4174 0.6012
vn 0.9738 -0.2271 -0.0103
vn 0.9039 -0.2282 -0.3619
vn 0.3534 0.0094 0.9354
vn 0.5911 -0.4411 0.6753
vn 0.6429 -0.4769 0.5994
vn 0.5696 -0.1172 0.8135
vn 0.1268 0.0296 0.9915
vn 0.4823 0.1100 0.8691
vn 0.2744 -0.6303 0.7262
vn 0.4182 -0.4071 0.8120
vn 0.5323 -0.8381 0.1197
vn 0.4006 -0.8523 0.3363
vn 0.4870 -0.8148 0.3144
vn 0.4476 -0.8746 0.1866
vn 0.2791 -0.9484 0.1505
vn 0.3254 -0.9396 0.1059
vn 0.3070 -0.9510 0.0354
vn 0.2807 -0.6183 0.7341
vn -0.0629 -0.2606 0.9634
vn -0.0917 -0.5840 0.8065
vn 0.3060 -0.8998 -0.3109
vn -0.4709 -0.6067 0.6405
vn -0.5892 -0.1329 0.7970
vn 0.1247 -0.8932 -0.4321
vn -0.7236 -0.5443 0.4245
vn -0.8198 -0.1232 0.5592
vn 0.1055 -0.9117 -0.3971
vn -0.8940 -0.4317 0.1203
vn -0.8660 -0.4540 -0.2095
vn -0.7674 -0.4862 -0.4180
vn -0.5727 -0.4211 -0.7033
vn -0.2229 -0.3565 -0.9073
vn 0.1296 -0.3410 -0.9311
vn 0.5129 -0.2886 -0.8085
vn 0.7784 -0.2382 -0.5809
vn 0.7322 -0.6511 0.1999
vn 0.7159 -0.6947 -0.0698
vn 0.5268 -0.7497 0.4006
vn 0.6194 -0.4580 0.6376
vn 0.8855 -0.2869 0.3656
vn 0.1868 -0.8851 0.4263
vn 0.2150 -0.6926 0.6886
vn 0.0006 -0.9019 0.4318
vn -0.0241 -0.7369 0.6756
vn -0.3141 -0.8478 0.4274
vn -0.4562 -0.5827 0.6726
vn -0.5207 -0.7964 0.3076
vn -0.7080 -0.4829 0.5154
vn -0.6174 -0.7818 0.0874
vn -0.8360 -0.4806 0.2650
vn -0.5779 -0.8066 -0.1238
vn -0.8815 -0.4689 -0.0559
vn -0.7268 -0.4187 -0.5446
vn -0.8426 -0.2046 -0.4981
vn -0.6086 -0.3529 -0.7107
vn -0.7514 0.0690 -0.6562
vn -0.5970 -0.1586 -0.7864
vn -0.6403 0.2911 -0.7109
vn -0.2166 -0.3543 -0.9097
vn -0.6301 0.2881 -0.7211
vn 0.2105 -0.5651 -0.7977
vn 0.1611 -0.6536 -0.7395
vn -0.4762 -0.8007 -0.3634
vn -0.0095 -0.3965 -0.9180
vn 0.9473 -0.3090 0.0843
vn 0.5365 -0.7609 -0.3649
vn 0.9036 -0.2781 -0.3259
vn 0.6799 -0.1696 -0.7134
vn 0.7697 0.0273 -0.6378
vn 0.5522 -0.2040 -0.8084
vn 0.6206 0.2876 -0.7295
vn 0.4269 -0.3170 -0.8469
vn 0.4559 0.2904 -0.8413
vn 0.0572 -0.5312 -0.8453
vn -0.0335 -0.3214 -0.9463
vn 0.1755 0.1224 -0.9769
vn -0.0682 -0.0840 -0.9941
vn 0.5196 0.4785 0.7079
vn 0.8016 0.2361 0.5493
vn 0.7117 0.1773 0.6797
vn 0.7223 0.4348 0.5378
vn 0.2766 0.8063 0.5229
vn 0.6075 0.7753 0.1724
vn 0.2756 0.9421 -0.1910
vn 0.0870 0.9960 -0.0220
vn 0.0842 0.8767 -0.4736
vn 0.1702 0.5454 -0.8207
vn 0.3159 0.1129 -0.9421
vn 0.3701 -0.0193 -0.9288
vn 0.9482 0.1927 0.2526
vn 0.9734 0.2290 -0.0031
vn 0.9432 0.2171 -0.2514
vn 0.9197 0.2036 -0.3358
vn 0.9078 0.1164 -0.4030
vn 0.7336 0.5794 0.3552
vn 0.6578 0.7491 -0.0781
vn 0.5788 0.6947 -0.4271
vn 0.6781 0.3970 -0.6186
vn 0.9137 0.1915 -0.3583
vn 0.9804 0.1894 -0.0542
vn 0.8918 0.1169 0.4371
vn 0.9079 0.0632 0.4144
vn 0.9994 -0.0340 -0.0072
vn 0.9551 0.2037 -0.2150
vn 0.8547 0.3674 -0.3667
vn 0.8884 0.3678 -0.2746
vn 0.9658 0.2379 -0.1034
vn 0.3623 0.9191 0.1550
vn 0.5973 0.5974 0.5351
vn 0.0240 0.9605 -0.2773
vn 0.7646 0.2551 0.5918
vn 0.9319 -0.0889 0.3515
vn -0.4435 0.8407 -0.3108
vn 0.9662 0.2147 0.1430
vn 0.9821 -0.1865 -0.0247
vn 0.9821 0.0274 -0.1864
vn 0.9216 0.2630 -0.2854
vn 0.9560 0.1517 -0.2512
vn 0.9814 0.1158 -0.1529
vn 0.9832 0.0874 -0.1600
vn 0.8291 0.3521 0.4343
vn 0.8941 -0.0106 0.4477
vn 0.8569 -0.0839 0.5087
vn 0.8785 0.2024 0.4328
vn 0.9464 0.3114 -0.0856
vn 0.9955 -0.0450 0.0837
vn 0.5767 0.8108 0.1004
vn 0.7357 0.6607 0.1495
vn 0.2445 0.9425 -0.2280
vn 0.4267 0.8784 -0.2154
vn -0.2076 0.8679 -0.4512
vn 0.0052 0.8383 -0.5452
vn 0.8879 -0.2947 0.3533
vn 0.8170 -0.3301 0.4728
vn 0.7588 -0.6418 0.1109
vn 0.3726 -0.8580 0.3536
vn -0.9725 0.2130 -0.0945
vn -0.5510 0.5829 -0.5972
vn -0.9444 0.2373 -0.2277
vn 0.8663 -0.4977 -0.0418
vn 0.4366 -0.8990 0.0338
vn 0.9259 0.2211 -0.3062
vn 0.6431 -0.7517 -0.1462
vn 0.9273 0.3257 -0.1844
vn -0.4363 0.3604 0.8245
vn -0.1002 0.7447 -0.6598
vn -0.1394 0.7110 -0.6892
vn -0.3714 0.7254 -0.5796
vn -0.5567 0.7293 -0.3977
vn -0.5422 0.8389 0.0473
vn -0.3297 0.8028 0.4968
vn -0.0988 0.4307 0.8971
vn -0.2236 0.1432 0.9641
vn -0.3161 0.1239 0.9406
vn 0.0830 0.7352 -0.6727
vn 0.2174 0.8557 -0.4696
vn 0.5161 0.8451 -0.1397
vn 0.7220 0.6547 0.2236
vn 0.8753 0.3894 0.2866
vn 0.1996 0.8826 -0.4257
vn 0.5058 0.7652 -0.3984
vn 0.4556 0.6111 -0.6473
vn 0.1633 0.6454 -0.7462
vn -0.1613 0.5923 -0.7894
vn -0.0206 0.9079 -0.4187
vn -0.4321 0.6212 -0.6538
vn -0.1991 0.9135 -0.3547
vn -0.7413 0.5683 -0.3571
vn -0.4795 0.8543 -0.2003
vn -0.9246 0.3697 -0.0923
vn -0.7983 0.5966 0.0817
vn 0.8055 0.4212 -0.4169
vn 0.8354 0.5126 -0.1983
vn 0.9603 0.2472 -0.1295
vn 0.9500 0.2901 0.1154
vn 0.9390 0.2983 0.1709
vn 0.8592 0.3534 0.3700
vn 0.9207 0.2159 0.3250
vn 0.8800 0.2643 0.3945
vn 0.7484 0.3441 0.5670
vn -0.7671 0.4244 0.4811
vn -0.6544 0.2716 0.7057
vn -0.8617 0.3474 0.3698
vn -0.4404 0.4015 0.8030
vn -0.5923 0.0953 0.8000
vn -0.3420 0.3172 0.8845
vn -0.1131 -0.1727 -0.9785
vn 0.0450 0.1432 -0.9887
vn 0.6873 -0.5570 -0.4662
vn 0.8140 -0.3488 -0.4644
vn 0.3541 0.2436 -0.9029
vn 0.3313 -0.8317 -0.4456
vn 0.0676 -0.9118 0.4051
vn 0.5988 -0.6416 0.4794
vn 0.6797 0.1972 -0.7065
vn 0.0771 -0.8976 -0.4339
vn -0.4030 -0.8797 0.2523
vn 0.9363 -0.0193 -0.3506
vn -0.4021 -0.6878 -0.6044
vn -0.9226 -0.3539 -0.1532
vn 0.9103 -0.2788 -0.3059
vn -0.5058 -0.3204 -0.8010
vn -0.9132 -0.0468 -0.4048
vn 0.8727 -0.4318 -0.2280
vn -0.3079 -0.2034 -0.9294
vn -0.7787 0.0559 -0.6249
vn 0.8215 -0.5579 -0.1178
vn -0.0847 -0.0248 -0.9961
vn -0.5973 0.2564 -0.7599
vn 0.6508 -0.7575 -0.0518
vn 0.3624 -0.0165 -0.9319
vn -0.1982 0.5604 -0.8042
vn 0.3443 -0.9255 -0.1578
vn 0.5894 -0.0135 -0.8077
vn 0.2536 0.7423 -0.6202
vn 0.1140 -0.8325 -0.5422
vn 0.7271 0.1193 -0.6761
vn 0.6410 0.7334 -0.2265
vn -0.0709 -0.7259 -0.6841
vn 0.8753 0.0683 -0.4787
vn 0.8123 0.5790 0.0699
vn -0.0844 -0.5579 -0.8256
vn 0.8943 -0.1752 -0.4118
vn 0.9065 0.3348 0.2574
vn 0.9058 -0.1494 0.3966
vn 0.6264 0.4978 0.5998
vn 0.3451 0.6015 0.7205
vn 0.7325 0.3842 0.5620
vn 0.4351 0.6854 0.5840
vn 0.0287 0.8878 0.4593
vn -0.0117 0.9405 0.3395
vn 0.0529 0.8965 0.4399
vn 0.1741 0.8798 0.4424
vn 0.2030 0.8741 0.4413
vn 0.1957 0.7748 0.6012
vn 0.0259 0.6145 0.7885
vn -0.2529 0.5498 0.7961
vn -0.0930 0.5735 0.8139
vn 0.8876 0.1416 0.4384
vn 0.8453 0.1760 0.5045
vn 0.7845 -0.0557 0.6176
vn 0.8139 -0.1071 0.5710
vn 0.6717 -0.3851 0.6328
vn 0.6718 -0.3755 0.6386
vn 0.8360 0.5087 0.2058
vn 0.7879 0.5710 0.2305
vn 0.4782 0.8547 -0.2022
vn 0.4294 0.8868 -0.1711
vn 0.2122 -0.8515 0.4795
vn 0.3358 -0.7569 0.5607
vn -0.2570 -0.9229 0.2866
vn -0.1223 -0.9304 0.3454
vn -0.6003 -0.7909 0.1186
vn -0.4692 -0.8827 0.0251
vn 0.0344 0.8832 -0.4678
vn 0.0010 0.8988 -0.4384
vn -0.4243 0.5995 -0.6786
vn -0.5225 0.6454 -0.5572
vn -0.9170 0.2181 -0.3340
vn -0.7219 0.0785 -0.6876
vn -0.7900 -0.3956 -0.4685
vn -0.9920 -0.1250 0.0191
vn -0.7030 -0.6547 -0.2779
vn -0.9545 -0.2939 0.0509
vn -0.3119 -0.5180 0.7965
vn 0.0225 -0.5405 0.8411
vn -0.5602 -0.4606 0.6884
vn -0.1795 -0.7655 0.6179
vn -0.4454 -0.7280 0.5212
vn -0.7007 -0.3471 0.6233
vn -0.6436 -0.6259 0.4405
vn -0.9205 -0.2060 0.3320
vn -0.9248 -0.3384 0.1741
vn -0.9885 -0.1478 -0.0328
vn -0.9753 -0.2042 -0.0846
vn -0.9455 0.1033 -0.3089
vn -0.9214 -0.0368 -0.3869
vn 0.0623 -0.7278 0.6830
vn 0.3154 -0.5258 0.7900
vn 0.3039 -0.7305 0.6116
vn 0.6686 -0.4898 0.5595
vn 0.6070 -0.7205 0.3353
vn 0.8574 -0.4454 0.2579
vn 0.6792 -0.7339 -0.0085
vn 0.9043 -0.3802 -0.1941
vn 0.6343 -0.6410 -0.4323
vn 0.8200 -0.0788 -0.5669
vn 0.5633 -0.3591 -0.7441
vn 0.6576 0.2137 -0.7224
vn 0.4782 -0.0604 -0.8762
vn 0.0921 0.6580 0.7473
vn -0.2544 0.2712 0.9283
vn -0.5136 -0.0678 0.8554
vn 0.4621 0.4125 -0.7851
vn 0.3194 0.1414 -0.9370
vn -0.0212 0.0415 0.9989
vn -0.3484 -0.3157 0.8826
vn -0.1784 -0.8829 -0.4342
vn 0.2226 -0.7646 0.6049
vn 0.8743 -0.1106 0.4727
vn 0.0360 0.1283 0.9911
vn -0.0480 0.1169 0.9920
vn 0.5900 -0.2621 -0.7637
vn 0.9641 -0.0472 0.2612
vn -0.0796 0.2004 0.9765
vn 0.8523 0.0401 0.5216
vn 0.2648 0.7035 0.6595
vn 0.7077 0.3976 0.5840
vn 0.4357 0.3838 -0.8142
vn 0.7796 0.2521 0.5733
vn 0.2753 0.2556 -0.9267
vn 0.8185 0.2115 0.5341
vn 0.2284 0.1865 -0.9555
vn -0.0254 0.1219 -0.9922
vn 0.7885 0.2295 0.5706
vn 0.6976 0.2895 0.6555
vn 0.5469 0.1980 0.8134
vn 0.5874 0.1505 0.7952
vn 0.0801 -0.2526 0.9642
vn 0.0069 -0.4329 0.9014
vn 0.6145 0.1404 0.7763
vn 0.2961 0.5989 0.7441
vn -0.4035 0.7423 0.5349
vn -0.5109 0.2716 0.8156
vn -0.8964 0.2539 -0.3634
vn -0.8057 0.5910 -0.0397
vn -0.3536 -0.0219 -0.9351
vn -0.3409 0.0701 -0.9375
vn -0.7241 0.0919 -0.6836
vn -0.6381 0.1977 0.7442
vn -0.8216 0.0370 -0.5688
vn -0.5844 -0.0194 -0.8113
vn 0.0362 -0.4535 0.8905
vn 0.9805 -0.1873 0.0599
vn 0.3061 -0.6916 0.6542
vn 0.9014 -0.2523 0.3519
vn 0.8281 0.1010 0.5515
vn 0.3367 0.3734 0.8644
vn 0.1389 -0.0179 0.9902
vn -0.0189 -0.3648 0.9309
vn 0.6714 -0.0718 -0.7376
vn 0.6245 -0.1318 -0.7699
vn 0.4331 -0.8423 0.3207
vn -0.2024 -0.5441 0.8142
vn 0.2267 -0.6173 -0.7534
vn -0.5198 -0.5780 0.6291
vn -0.3841 -0.4564 0.8026
vn -0.3876 -0.4667 0.7950
vn -0.1518 -0.2625 0.9529
vn 0.6168 0.5492 0.5639
vn 0.6144 0.4128 0.6724
vn 0.6837 0.6119 0.3977
vn 0.4614 0.4653 0.7554
vn 0.1277 0.2377 0.9629
vn 0.5484 0.0348 -0.8355
vn 0.9799 0.1705 -0.1040
vn 0.4770 0.4118 0.7764
vn 0.7097 0.6208 0.3330
vn 0.4164 -0.0351 0.9085
vn 0.4118 0.2931 0.8628
vn 0.2379 0.1564 0.9586
vn 0.3788 0.2365 0.8947
vn -0.3204 0.5984 0.7343
vn 0.7140 -0.3014 0.6320
vn 0.0926 0.5168 0.8511
vn -0.1975 0.5965 0.7779
vn -0.2126 0.6199 0.7553
vn -0.7320 -0.5577 0.3913
vn -0.1715 -0.5364 0.8263
vn 0.3017 0.4371 0.8473
vn -0.1087 -0.1701 0.9794
vn 0.2474 -0.2605 0.9333
vn -0.8549 0.3469 -0.3857
vn -0.9928 -0.1160 -0.0311
vn 0.3784 -0.2603 0.8883
vn 0.4437 0.0636 0.8939
vn -0.0892 -0.9960 -0.0068
vn 0.7582 -0.4750 0.4467
vn -0.8274 -0.1290 -0.5467
vn 0.7214 -0.6494 0.2404
vn -0.8369 0.0683 -0.5430
vn -0.2030 0.3797 0.9026
vn 0.7365 -0.4250 0.5263
vn 0.7146 -0.4166 0.5620
vn -0.6511 0.0347 0.7582
vn -0.4215 0.8835 0.2046
vn 0.1280 0.9415 0.3118
vn -0.7868 0.6170 -0.0141
vn -0.9203 0.3739 -0.1152
vn -0.9690 0.1411 -0.2027
vn -0.9882 0.0214 0.1519
vn 0.1537 0.4659 0.8714
vn 0.0763 0.0438 0.9961
vn -0.6849 0.0277 0.7281
vn -0.8801 0.1719 0.4425
vn -0.8961 0.2405 0.3730
vn -0.9017 0.1920 0.3875
vn -0.8579 0.0924 0.5054
vn -0.9053 0.0311 0.4237
vn -0.4480 0.8896 0.0892
vn -0.0718 0.8413 0.5359
vn -0.6870 0.6982 -0.2013
vn 0.3168 0.7202 0.6172
vn 0.7297 0.1538 0.6663
vn -0.8523 0.3518 -0.3871
vn -0.9190 0.0005 -0.3944
vn 0.1041 -0.4103 0.9060
vn -0.6805 -0.2126 0.7012
vn -0.8207 -0.1137 0.5599
vn -0.8508 -0.1762 0.4951
vn -0.8835 -0.2392 0.4028
vn -0.9684 -0.2240 -0.1098
vn -0.9327 -0.2815 0.2253
vn -0.2543 0.7311 0.6331
vn -0.2127 0.7949 0.5683
vn 0.1641 0.7365 0.6562
vn 0.0462 0.5892 0.8066
vn -0.7504 -0.6608 0.0148
vn -0.8073 -0.5504 -0.2130
vn -0.7290 0.6570 0.1918
vn -0.7447 0.6371 0.1988
vn -0.8673 0.4966 -0.0324
vn -0.8857 0.4641 0.0100
vn -0.9563 0.1537 -0.2488
vn -0.9776 0.1187 -0.1740
vn 0.5542 0.2129 0.8047
vn 0.5602 0.4810 0.6743
vn 0.8331 -0.3586 0.4212
vn 0.9290 -0.1191 0.3505
vn -0.9151 -0.2379 -0.3255
vn -0.8793 -0.3541 -0.3187
vn -0.5874 -0.7278 -0.3540
vn 0.0085 -0.8120 0.5835
vn 0.8832 -0.4663 -0.0494
vn -0.5413 -0.6166 0.5716
vn 0.4338 -0.8999 0.0440
vn -0.5923 -0.6730 0.4431
vn -0.0235 -0.9878 0.1537
vn -0.6416 -0.7211 0.2615
vn 0.0011 -0.9957 -0.0928
vn -0.2768 -0.9148 -0.2941
vn -0.6275 -0.7572 0.1817
vn -0.2010 0.0135 0.9795
vn 0.0463 -0.1964 0.9794
vn -0.8745 -0.4828 0.0463
vn 0.1707 -0.4282 0.8874
vn -0.9371 -0.2811 0.2070
vn 0.7856 -0.2946 0.5441
vn 0.5978 0.1248 0.7918
vn 0.3059 -0.6999 0.6454
vn -0.7985 -0.1215 0.5896
vn 0.7492 -0.6432 0.1579
vn 0.3177 -0.8201 0.4759
vn -0.6099 0.0253 0.7921
vn 0.6989 -0.7079 -0.1017
vn -0.0934 -0.9929 -0.0735
vn -0.4543 0.1763 0.8733
vn 0.1490 -0.7859 -0.6001
vn -0.5066 -0.8599 -0.0629
vn -0.2719 0.1202 0.9548
vn -0.2137 -0.7129 -0.6679
vn -0.6778 -0.6833 0.2716
vn -0.1046 0.1134 0.9880
vn -0.4774 -0.6410 -0.6011
vn -0.6839 -0.4973 0.5339
vn 0.2699 -0.0836 0.9592
vn -0.8181 -0.3758 -0.4353
vn -0.7511 -0.3402 0.5658
vn 0.3720 -0.4367 0.8191
vn -0.9879 0.0440 -0.1490
vn -0.7782 -0.0474 0.6263
vn 0.1457 -0.7255 0.6726
vn -0.8794 0.4217 0.2209
vn -0.7206 0.1741 0.6712
vn -0.1430 -0.7675 0.6249
vn -0.7239 0.5795 0.3743
vn -0.5220 0.3059 0.7962
vn -0.2256 -0.7813 0.5819
vn -0.4222 -0.7981 0.4299
vn -0.2944 0.1913 0.9363
vn -0.4684 0.7290 0.4992
vn 0.2398 0.4706 0.8491
vn -0.0791 0.6875 0.7218
vn -0.2203 0.8875 0.4048
vn 0.1726 0.7990 0.5761
vn 0.2176 0.8102 0.5442
vn -0.2101 0.8835 0.4187
vn 0.4651 0.5961 0.6545
vn 0.5543 0.5863 0.5908
vn -0.6424 0.7546 0.1342
vn -0.6746 0.7296 0.1124
vn -0.8426 0.5281 -0.1055
vn -0.8351 0.5383 -0.1135
vn 0.7954 0.1892 0.5759
vn 0.8878 0.0474 0.4577
vn 0.8894 -0.2943 0.3497
vn 0.9108 -0.3739 0.1749
vn 0.7317 -0.6651 0.1495
vn 0.7609 -0.6473 -0.0458
vn -0.8833 0.1425 -0.4467
vn -0.9157 0.1789 -0.3599
vn -0.7208 -0.2812 -0.6335
vn -0.7842 -0.2952 -0.5457
vn -0.4377 -0.6617 -0.6087
vn -0.4144 -0.6840 -0.6004
vn -0.0849 -0.8783 -0.4705
vn -0.0039 -0.8050 -0.5932
vn 0.3966 -0.9133 -0.0932
vn 0.1956 -0.9406 -0.2775
vn 0.4884 -0.8098 -0.3250
vn 0.2207 -0.8569 -0.4658
vn 0.8697 -0.2987 0.3929
vn 0.6466 0.1760 0.7423
vn 0.7868 0.3116 0.5327
vn 0.6425 0.1153 0.7576
vn 0.5550 0.0258 0.8315
vn 0.8850 0.0448 0.4635
vn 0.7201 0.1958 0.6656
vn 0.6130 0.4567 0.6447
vn 0.8396 0.1782 0.5131
vn 0.9806 0.1597 0.1141
vn 0.9435 0.1402 0.3003
vn 0.9570 0.2282 0.1792
vn 0.7074 0.4592 0.5373
vn 0.7853 0.5231 0.3312
vn -0.8703 0.1394 0.4724
vn -0.7181 0.1891 0.6697
vn -0.8936 0.1160 0.4337
vn -0.7965 -0.0389 0.6034
vn -0.9068 -0.1068 0.4077
vn -0.7817 0.3587 0.5102
vn -0.7888 -0.1040 0.6058
vn -0.5573 0.0319 0.8297
vn -0.6768 -0.2037 0.7075
vn -0.5010 0.1039 0.8592
vn -0.6871 0.2832 0.6691
vn -0.5520 0.2674 0.7898
vn 0.4087 0.3031 0.8609
vn -0.1150 0.0717 0.9908
vn -0.1043 0.1033 0.9892
vn 0.6422 0.0360 0.7657
vn 0.4978 -0.0753 0.8640
vn 0.5200 0.0043 0.8541
vn 0.5724 0.0915 0.8149
vn 0.7014 0.0744 0.7089
vn 0.7312 0.0989 0.6749
vn 0.6700 0.1291 0.7310
vn 0.6719 0.0443 0.7393
vn 0.8477 -0.0410 0.5289
vn 0.6762 0.2047 0.7077
vn 0.0123 -0.0245 0.9996
vn -0.3529 0.0698 0.9330
vn -0.1380 0.0125 0.9903
vn 0.1039 -0.2238 0.9691
vn 0.4019 -0.3073 0.8626
vn 0.4766 0.0119 0.8790
vn 0.5584 -0.0035 0.8296
vn 0.5929 -0.0291 0.8047
vn 0.5000 -0.0669 0.8634
vn 0.5026 -0.0300 0.8640
vn 0.3948 0.0905 0.9143
vn -0.1332 0.0764 0.9881
vn 0.1192 0.1112 0.9866
vn 0.4946 -0.0857 0.8649
vn 0.5628 -0.2383 0.7915
vn 0.3527 -0.1036 0.9300
vn 0.4344 0.0279 0.9003
vn 0.4001 -0.2604 0.8787
vn 0.5903 -0.1508 0.7929
vn 0.3392 0.0140 0.9406
vn -0.3896 -0.0900 0.9166
vn 0.1483 -0.1624 0.9755
vn -0.0947 -0.0493 0.9943
vn 0.0139 0.0778 0.9969
vn 0.2766 0.1028 0.9555
vn 0.5087 -0.0395 0.8600
vn 0.5774 0.1674 0.7991
vn 0.6321 0.0464 0.7735
vn 0.4496 0.2624 0.8538
vn 0.5856 0.0907 0.8055
vn 0.5805 0.0789 0.8104
vn 0.5327 0.1705 0.8290
vn -0.0788 0.2430 0.9668
vn -0.2536 0.1721 0.9519
vn 0.0919 0.1280 0.9875
vn 0.1817 0.2366 0.9545
vn 0.2505 0.0359 0.9674
vn -0.0497 0.1135 0.9923
vn 0.5133 -0.0073 0.8582
vn 0.6153 -0.0095 0.7883
vn 0.6386 -0.1484 0.7551
vn 0.5950 0.2025 0.7778
vn 0.4508 0.1983 0.8703
vn -0.2304 0.2591 0.9380
vn -0.0694 0.5355 0.8417
vn 0.4883 0.2744 0.8284
vn 0.2408 0.4410 0.8646
vn 0.4609 0.3730 0.8053
vn 0.1217 0.2990 0.9465
vn 0.5782 0.2387 0.7802
vn 0.5562 0.2006 0.8065
vn 0.5780 0.2077 0.7892
vn 0.5349 0.2593 0.8041
vn 0.4733 0.1707 0.8642
vn 0.3080 0.1769 0.9348
vn 0.4106 -0.0507 0.9104
vn 0.6055 0.0487 0.7943
vn -0.2766 0.1235 0.9530
vn 0.1771 0.1360 0.9748
vn 0.4253 0.1399 0.8942
vn 0.4650 0.0576 0.8834
vn 0.0887 0.0685 0.9937
vn 0.4360 0.0338 0.8993
vn 0.6254 0.0171 0.7801
vn 0.6337 0.0615 0.7711
vn 0.7140 -0.0061 0.7001
vn 0.5915 -0.0760 0.8027
vn 0.4106 -0.0845 0.9079
vn 0.2092 -0.0277 0.9775
vn -0.0759 -0.2374 0.9684
vn 0.1838 -0.2566 0.9489
vn 0.2124 0.1102 0.9709
vn -0.1394 0.0594 0.9884
vn -0.0460 -0.6854 0.7267
vn 0.1110 -0.6561 0.7464
vn -0.6092 -0.0025 -0.7930
vn -0.4588 0.0183 -0.8884
vn -0.4243 -0.4961 -0.7575
vn -0.6225 -0.4725 -0.6239
vn 0.5000 -0.0400 0.8651
vn 0.4292 0.2720 0.8613
vn 0.3577 0.2603 0.8968
vn 0.3830 0.1476 0.9119
vn 0.3245 0.2740 0.9053
vn 0.2940 0.2699 0.9169
vn 0.1044 0.6215 0.7764
vn 0.1264 0.6176 0.7763
vn -0.0109 -0.2027 -0.9792
vn -0.2379 0.0458 -0.9702
vn -0.4234 -0.0031 -0.9059
vn -0.3342 -0.2463 -0.9097
vn 0.1282 -0.4007 -0.9072
vn -0.3202 -0.4453 -0.8362
vn 0.0003 -0.7537 -0.6572
vn -0.3533 -0.7465 -0.5638
vn 0.5036 0.2612 0.8235
vn 0.4864 0.1432 0.8620
vn 0.4982 0.3047 0.8118
vn -0.4507 -0.0147 -0.8926
vn -0.4553 -0.2380 -0.8579
vn -0.4587 -0.4277 -0.7789
vn -0.4214 -0.7090 -0.5654
vn 0.6569 0.3228 0.6813
vn 0.6718 0.2296 0.7043
vn 0.6280 0.1055 0.7710
vn -0.4386 0.5443 -0.7151
vn -0.2619 0.5096 -0.8196
vn -0.3211 0.0089 -0.9470
vn -0.3299 -0.2000 -0.9226
vn -0.3231 -0.4199 -0.8481
vn -0.2898 -0.6970 -0.6559
vn -0.4178 0.5141 -0.7491
vn -0.3475 -0.1025 -0.9320
vn -0.1575 0.2263 -0.9612
vn -0.3481 -0.4105 -0.8428
vn 0.0759 0.2020 0.9764
vn -0.1363 0.2911 0.9469
vn 0.0624 0.0640 0.9960
vn 0.2016 0.0569 0.9778
vn 0.2579 -0.5600 0.7874
vn -0.2803 -0.0819 -0.9564
vn -0.2375 0.1159 -0.9644
vn -0.1321 0.1988 -0.9711
vn -0.2621 -0.0981 -0.9600
vn -0.2725 -0.2395 -0.9319
vn -0.2279 -0.3186 -0.9201
vn -0.2158 -0.6537 -0.7253
vn -0.0623 -0.7345 -0.6757
vn 0.2455 0.0370 0.9687
vn 0.2226 0.1296 0.9663
vn 0.2636 0.1873 0.9463
vn 0.2720 0.0661 0.9600
vn 0.2969 0.8144 -0.4986
vn 0.2333 0.7232 -0.6501
vn -0.0888 -0.8403 -0.5348
vn 0.2933 0.1168 0.9489
vn -0.1105 0.9526 -0.2835
vn -0.4917 -0.8421 -0.2214
vn -0.2840 -0.8758 -0.3903
vn 0.2357 0.3221 0.9169
vn 0.0310 0.6596 0.7510
vn -0.5363 0.7199 -0.4407
vn -0.5563 0.6231 -0.5498
vn 0.1275 -0.6280 0.7677
vn 0.1541 -0.4259 0.8916
vn 0.2970 0.5904 0.7505
vn 0.4187 -0.2854 0.8621
vn 0.5090 0.5013 0.6997
vn 0.6301 -0.1676 0.7582
vn 0.3649 0.3448 0.8648
vn 0.4468 0.3945 0.8030
vn 0.3335 -0.4709 0.8167
vn -0.3504 -0.9081 0.2291
vn 0.1972 -0.9788 0.0561
vn 0.5149 0.8560 0.0461
vn 0.4913 0.8671 0.0824
vn -0.1191 0.9887 0.0915
vn 0.1446 0.7562 0.6381
vn -0.0718 0.9973 0.0140
vn -0.1972 0.9028 -0.3823
vn -0.0988 -0.9818 0.1619
vn 0.2129 -0.9738 0.0799
vn -0.3792 0.8980 0.2232
vn -0.3726 0.9133 0.1648
vn -0.0857 -0.9961 0.0213
vn -0.2421 -0.9633 0.1162
vn -0.1805 0.9835 0.0083
vn -0.1537 -0.9792 0.1323
vn 0.0161 -0.9981 0.0595
vn 0.0397 -0.9848 0.1693
vn 0.2071 -0.3367 0.9186
vn 0.9849 0.0352 0.1693
vn 0.9813 0.1443 0.1278
vn 0.9240 0.0539 -0.3785
vn 0.9015 0.0126 -0.4326
vn 0.9445 0.1146 -0.3078
vn 0.9521 0.2527 0.1722
vn 0.9654 0.1961 0.1722
vn 0.8175 0.4219 -0.3921
vn 0.3817 0.0312 -0.9238
vn 0.3836 0.3234 -0.8650
vn 0.4371 -0.0797 -0.8959
vn 0.4893 -0.2085 -0.8468
vn 0.0860 0.9891 -0.1195
vn 0.9257 -0.2946 -0.2371
vn 0.5091 -0.4114 -0.7560
vn 0.9779 0.0196 0.2084
vn 0.7008 -0.1686 0.6931
vn 0.7353 0.1575 0.6592
vn -0.4299 0.3724 -0.8225
vn 0.5239 -0.6280 0.5754
vn 0.3276 -0.7934 -0.5130
vn 0.1983 -0.4806 -0.8542
vn 0.5183 -0.8534 -0.0555
vn 0.3261 0.1348 0.9357
vn 0.2896 -0.2308 0.9289
vn 0.2510 -0.6565 0.7114
vn -0.2353 -0.5075 -0.8289
vn -0.3474 -0.0138 -0.9376
vn -0.0401 -0.8815 -0.4706
vn 0.1300 -0.9862 0.1024
vn 0.2806 0.9340 -0.2209
vn 0.6291 0.7295 0.2685
vn 0.0566 0.9835 -0.1717
vn 0.2624 0.8973 0.3551
vn 0.0295 0.8686 -0.4946
vn -0.2269 0.8618 -0.4538
vn -0.1023 0.9912 -0.0843
vn -0.0864 0.8821 -0.4631
vn -0.3487 0.3620 -0.8645
vn 0.2301 0.3136 -0.9212
vn 0.7170 0.2672 0.6438
vn 0.3903 0.5139 0.7639
vn 0.0513 0.8430 0.5355
vn 0.3056 0.2890 0.9072
vn 0.1761 0.5526 0.8146
vn 0.2267 0.3819 0.8960
vn -0.2843 0.4065 -0.8683
vn 0.0877 -0.0462 -0.9951
vn -0.9333 0.1719 -0.3153
vn -0.9519 0.0728 -0.2975
vn -0.9423 0.1253 0.3105
vn -0.9384 0.1511 0.3107
vn -0.9312 0.1067 0.3484
vn -0.9543 -0.0573 -0.2932
vn -0.8128 0.5275 -0.2472
vn -0.7745 0.5175 0.3639
vn -0.7069 0.1282 0.6956
vn -0.5660 0.3424 0.7499
vn -0.6528 0.1540 0.7417
vn -0.7114 0.1417 0.6883
vn -0.9317 -0.3111 -0.1874
vn -0.8519 -0.3518 0.3878
vn -0.5631 -0.0376 0.8256
vn -0.1449 -0.9679 0.2055
vn 0.0953 -0.2576 0.9615
vn 0.0406 0.1117 0.9929
vn 0.0498 0.1555 0.9866
vn -0.4140 -0.0457 -0.9092
vn -0.4295 -0.2016 -0.8803
vn -0.3887 0.1267 -0.9126
vn -0.1288 0.6739 -0.7275
vn -0.3828 -0.5984 -0.7039
vn 0.1856 0.9715 0.1472
vn 0.0595 0.0480 0.9971
vn 0.2136 0.3916 0.8950
vn 0.2034 0.1481 0.9678
vn 0.0584 0.6615 -0.7477
vn 0.4163 0.9061 0.0755
vt 0.613980 0.621980
vt 0.628020 0.591780
vt 0.650100 0.601080
vt 0.634680 0.629440
vt 0.633680 0.509170
vt 0.651860 0.475460
vt 0.665790 0.492620
vt 0.653320 0.526620
vt 0.594000 0.613250
vt 0.608120 0.578650
vt 0.569850 0.601610
vt 0.583140 0.569350
vt 0.621330 0.546700
vt 0.641480 0.558710
vt 0.587920 0.539030
vt 0.555800 0.561260
vt 0.547980 0.587400
vt 0.558250 0.533730
vt 0.530790 0.526180
vt 0.525730 0.548120
vt 0.516520 0.565340
vt 0.523530 0.595600
vt 0.505530 0.577610
vt 0.487730 0.549450
vt 0.485060 0.560610
vt 0.493800 0.531560
vt 0.498390 0.512720
vt 0.503850 0.486480
vt 0.532680 0.494680
vt 0.508180 0.453290
vt 0.550730 0.459240
vt 0.456050 0.540430
vt 0.470360 0.557340
vt 0.460050 0.519290
vt 0.462910 0.499430
vt 0.465470 0.476510
vt 0.468010 0.446660
vt 0.426790 0.510650
vt 0.421630 0.535600
vt 0.429170 0.487590
vt 0.429250 0.463780
vt 0.429350 0.438120
vt 0.542120 0.625870
vt 0.556030 0.633900
vt 0.526690 0.618470
vt 0.515040 0.643120
vt 0.525630 0.654960
vt 0.412820 0.563050
vt 0.436410 0.561540
vt 0.458250 0.564190
vt 0.447270 0.583320
vt 0.427810 0.590380
vt 0.388140 0.532360
vt 0.386410 0.561730
vt 0.407460 0.592120
vt 0.421360 0.621070
vt 0.441790 0.612280
vt 0.382950 0.592480
vt 0.399290 0.628670
vt 0.421830 0.655280
vt 0.438220 0.640310
vt 0.377030 0.629450
vt 0.433680 0.673080
vt 0.447250 0.659790
vt 0.454000 0.685180
vt 0.459660 0.668850
vt 0.580440 0.646470
vt 0.502760 0.675180
vt 0.496950 0.661380
vt 0.475870 0.671200
vt 0.475650 0.686140
vt 0.403340 0.667880
vt 0.425800 0.685640
vt 0.374730 0.669390
vt 0.676270 0.467160
vt 0.689320 0.493680
vt 0.681360 0.508520
vt 0.659590 0.447470
vt 0.693160 0.492140
vt 0.679450 0.464600
vt 0.054140 0.479570
vt 0.044890 0.504170
vt 0.025580 0.472730
vt 0.031800 0.466630
vt 0.044240 0.460360
vt 0.061440 0.467210
vt 0.390520 0.506430
vt 0.390200 0.482020
vt 0.389540 0.459690
vt 0.388410 0.436520
vt 0.354000 0.633700
vt 0.354690 0.670280
vt 0.355120 0.594840
vt 0.355280 0.561120
vt 0.352020 0.530190
vt 0.349870 0.505390
vt 0.350730 0.482310
vt 0.350170 0.459120
vt 0.350080 0.437940
vt 0.330340 0.636630
vt 0.328640 0.598560
vt 0.324590 0.563310
vt 0.319770 0.533610
vt 0.316470 0.513050
vt 0.315160 0.486180
vt 0.315220 0.463000
vt 0.313970 0.441030
vt 0.293480 0.542110
vt 0.289600 0.518210
vt 0.285780 0.492440
vt 0.282610 0.467680
vt 0.280680 0.446060
vt 0.270640 0.544120
vt 0.260760 0.523560
vt 0.253870 0.499620
vt 0.247420 0.477260
vt 0.239220 0.451380
vt 0.237920 0.554820
vt 0.230800 0.537820
vt 0.224260 0.514930
vt 0.213860 0.489490
vt 0.203140 0.464060
vt 0.192880 0.529940
vt 0.204790 0.553400
vt 0.214150 0.573040
vt 0.179630 0.571570
vt 0.165670 0.542270
vt 0.191550 0.598160
vt 0.329670 0.667630
vt 0.163900 0.614540
vt 0.201960 0.631300
vt 0.178970 0.646340
vt 0.149650 0.584420
vt 0.136930 0.550900
vt 0.170200 0.436820
vt 0.158330 0.467190
vt 0.127480 0.475590
vt 0.128220 0.446400
vt 0.198860 0.431210
vt 0.237310 0.427050
vt 0.066020 0.469960
vt 0.074240 0.457200
vt 0.094220 0.451880
vt 0.097030 0.480910
vt 0.059280 0.483830
vt 0.096380 0.502910
vt 0.071500 0.453150
vt 0.053540 0.449260
vt 0.072390 0.447250
vt 0.095360 0.448330
vt 0.128240 0.443110
vt 0.170750 0.433290
vt 0.096370 0.442500
vt 0.129300 0.437760
vt 0.170900 0.430880
vt 0.042870 0.449350
vt 0.039090 0.450970
vt 0.031900 0.454780
vt 0.660880 0.442820
vt 0.006730 0.457970
vt 0.632210 0.443180
vt 0.624440 0.470830
vt 0.630640 0.437150
vt 0.581990 0.434150
vt 0.586700 0.462380
vt 0.585940 0.428680
vt 0.546720 0.430250
vt 0.511380 0.424970
vt 0.467840 0.421410
vt 0.426220 0.418010
vt 0.388330 0.417740
vt 0.349220 0.417500
vt 0.317130 0.419070
vt 0.276920 0.421960
vt 0.465390 0.415690
vt 0.512130 0.419510
vt 0.427440 0.414280
vt 0.427340 0.397120
vt 0.467160 0.400680
vt 0.388660 0.413290
vt 0.388490 0.397170
vt 0.347600 0.413480
vt 0.346650 0.396880
vt 0.318960 0.414740
vt 0.316720 0.398580
vt 0.277590 0.418470
vt 0.275020 0.402260
vt 0.237570 0.423150
vt 0.235870 0.406860
vt 0.197930 0.426720
vt 0.198410 0.408850
vt 0.172010 0.426720
vt 0.171440 0.408260
vt 0.130260 0.431570
vt 0.128540 0.410680
vt 0.096010 0.437340
vt 0.092350 0.415060
vt 0.071630 0.443880
vt 0.064060 0.422560
vt 0.055010 0.445730
vt 0.042890 0.444900
vt 0.038290 0.448340
vt 0.046970 0.430740
vt 0.513980 0.406390
vt 0.548670 0.424580
vt 0.550400 0.408360
vt 0.585620 0.422900
vt 0.586390 0.409050
vt 0.631320 0.430550
vt 0.630010 0.415640
vt 0.657950 0.436080
vt 0.659730 0.418200
vt 0.031380 0.450420
vt 0.007220 0.454190
vt 0.033920 0.441150
vt 0.002470 0.437890
vt 0.021390 0.437690
vt 0.030380 0.437770
vt 0.239700 0.677620
vt 0.216660 0.658430
vt 0.228140 0.646970
vt 0.244750 0.664340
vt 0.265830 0.689980
vt 0.267650 0.674620
vt 0.284330 0.670450
vt 0.291850 0.689100
vt 0.295740 0.660350
vt 0.302550 0.640160
vt 0.304520 0.610310
vt 0.296400 0.578420
vt 0.214670 0.619310
vt 0.217290 0.599830
vt 0.233850 0.580240
vt 0.249640 0.566800
vt 0.272300 0.559930
vt 0.267210 0.667600
vt 0.280820 0.664530
vt 0.292230 0.656840
vt 0.296840 0.639500
vt 0.300790 0.610530
vt 0.293460 0.580110
vt 0.246800 0.660350
vt 0.228800 0.641920
vt 0.220240 0.618210
vt 0.221560 0.602190
vt 0.236260 0.582880
vt 0.250310 0.572560
vt 0.271220 0.565320
vt 0.543280 0.876620
vt 0.556800 0.877490
vt 0.561070 0.899810
vt 0.543880 0.897830
vt 0.549690 0.860380
vt 0.536800 0.858790
vt 0.540430 0.916050
vt 0.553050 0.926110
vt 0.528180 0.936910
vt 0.539320 0.947370
vt 0.534600 0.843210
vt 0.521570 0.839570
vt 0.508320 0.825570
vt 0.501080 0.823890
vt 0.515860 0.953920
vt 0.521420 0.965020
vt 0.500840 0.966120
vt 0.510160 0.974230
vt 0.488440 0.974760
vt 0.489740 0.980110
vt 0.475540 0.990250
vt 0.476130 0.994360
vt 0.480770 0.778270
vt 0.467460 0.759490
vt 0.470930 0.757640
vt 0.481870 0.776980
vt 0.488360 0.802550
vt 0.484030 0.802000
vt 0.532750 0.897450
vt 0.529680 0.913420
vt 0.513930 0.911020
vt 0.512970 0.896580
vt 0.477540 0.780850
vt 0.482750 0.801380
vt 0.531950 0.877870
vt 0.511800 0.879950
vt 0.527170 0.858750
vt 0.511580 0.859570
vt 0.512950 0.839620
vt 0.502280 0.839270
vt 0.520630 0.932820
vt 0.511710 0.927500
vt 0.509440 0.949250
vt 0.505110 0.945220
vt 0.497210 0.822540
vt 0.493070 0.821400
vt 0.481910 0.800780
vt 0.496910 0.963320
vt 0.494510 0.960460
vt 0.486400 0.973680
vt 0.483500 0.972340
vt 0.476350 0.986330
vt 0.476900 0.983090
vt 0.464770 0.760740
vt 0.473850 0.783160
vt 0.462240 0.761430
vt 0.375370 0.697150
vt 0.395600 0.697660
vt 0.419050 0.700560
vt 0.450020 0.701490
vt 0.475730 0.696700
vt 0.504830 0.685010
vt 0.541630 0.670290
vt 0.565060 0.664280
vt 0.349590 0.697990
vt 0.319760 0.698480
vt 0.292570 0.701120
vt 0.265470 0.696810
vt 0.236040 0.686300
vt 0.348380 0.714810
vt 0.319750 0.714020
vt 0.319220 0.703200
vt 0.348790 0.704880
vt 0.375860 0.704510
vt 0.375040 0.714730
vt 0.395600 0.704580
vt 0.395300 0.714870
vt 0.419680 0.705750
vt 0.419890 0.714830
vt 0.449030 0.705580
vt 0.447840 0.712680
vt 0.292850 0.704180
vt 0.292180 0.712430
vt 0.266620 0.700760
vt 0.267100 0.708500
vt 0.235870 0.692240
vt 0.235480 0.702040
vt 0.205710 0.675440
vt 0.207510 0.683340
vt 0.208180 0.694880
vt 0.473590 0.701800
vt 0.503210 0.690960
vt 0.473170 0.708270
vt 0.503130 0.699370
vt 0.538030 0.678030
vt 0.535050 0.690070
vt 0.464920 0.804730
vt 0.469380 0.822930
vt 0.461840 0.823540
vt 0.458710 0.806700
vt 0.469600 0.842500
vt 0.462290 0.841620
vt 0.454850 0.840010
vt 0.454800 0.824730
vt 0.467250 0.863890
vt 0.462040 0.863410
vt 0.453680 0.861770
vt 0.467510 0.881180
vt 0.461610 0.880160
vt 0.449250 0.880970
vt 0.467450 0.901530
vt 0.462270 0.900580
vt 0.450850 0.900440
vt 0.468770 0.913840
vt 0.463430 0.914810
vt 0.453400 0.912840
vt 0.470110 0.926470
vt 0.464350 0.927500
vt 0.453890 0.926310
vt 0.471540 0.937330
vt 0.466290 0.937740
vt 0.455840 0.936790
vt 0.471870 0.953620
vt 0.464790 0.952880
vt 0.455920 0.949180
vt 0.467630 0.967580
vt 0.460470 0.966330
vt 0.452300 0.959830
vt 0.461680 0.983300
vt 0.454670 0.978600
vt 0.446230 0.974870
vt 0.442080 0.774300
vt 0.448720 0.768470
vt 0.458600 0.788440
vt 0.452720 0.790810
vt 0.445050 0.794300
vt 0.434010 0.779200
vt 0.451570 0.807670
vt 0.236990 0.708390
vt 0.210870 0.705120
vt 0.267130 0.713570
vt 0.292250 0.716810
vt 0.320630 0.720520
vt 0.347270 0.721660
vt 0.373360 0.722420
vt 0.395450 0.722230
vt 0.419580 0.720800
vt 0.447360 0.717790
vt 0.472050 0.713580
vt 0.502340 0.707190
vt 0.532520 0.701190
vt 0.474670 0.902010
vt 0.496600 0.899060
vt 0.496350 0.910420
vt 0.475010 0.913460
vt 0.494780 0.927200
vt 0.476840 0.927000
vt 0.473670 0.880950
vt 0.496370 0.879950
vt 0.473100 0.862950
vt 0.496190 0.860580
vt 0.492320 0.942320
vt 0.477240 0.938900
vt 0.486860 0.958730
vt 0.475930 0.955210
vt 0.481230 0.971650
vt 0.471840 0.969400
vt 0.474780 0.841600
vt 0.491190 0.839910
vt 0.473590 0.822250
vt 0.486330 0.821170
vt 0.479490 0.801070
vt 0.469230 0.803390
vt 0.462710 0.786720
vt 0.471550 0.783690
vt 0.452440 0.765740
vt 0.460580 0.762110
vt 0.475120 0.983370
vt 0.466150 0.983590
vt 0.346190 0.730030
vt 0.371090 0.730880
vt 0.320910 0.727940
vt 0.350950 0.754390
vt 0.324520 0.755450
vt 0.292380 0.724830
vt 0.294570 0.749270
vt 0.269030 0.720730
vt 0.270700 0.740290
vt 0.238830 0.715280
vt 0.243260 0.742550
vt 0.213120 0.711600
vt 0.216740 0.741380
vt 0.372790 0.754820
vt 0.396080 0.729220
vt 0.397540 0.752280
vt 0.420210 0.728180
vt 0.419960 0.749260
vt 0.443310 0.726180
vt 0.441980 0.749760
vt 0.471040 0.721640
vt 0.469480 0.752480
vt 0.499820 0.714910
vt 0.495980 0.739230
vt 0.527960 0.710670
vt 0.528930 0.730460
vt 0.551030 0.699510
vt 0.556990 0.686980
vt 0.563580 0.672500
vt 0.550480 0.708820
vt 0.546770 0.727030
vt 0.585620 0.656420
vt 0.578340 0.668590
vt 0.590720 0.663590
vt 0.587140 0.668370
vt 0.585940 0.675210
vt 0.579970 0.675650
vt 0.578350 0.681590
vt 0.595060 0.666200
vt 0.582460 0.682910
vt 0.574450 0.689220
vt 0.577740 0.691780
vt 0.569680 0.699460
vt 0.577120 0.698060
vt 0.571810 0.708670
vt 0.578790 0.707500
vt 0.583470 0.718510
vt 0.586880 0.715730
vt 0.566140 0.730720
vt 0.579260 0.739060
vt 0.170670 0.672550
vt 0.174740 0.688110
vt 0.154670 0.673380
vt 0.152320 0.684330
vt 0.150650 0.694910
vt 0.145860 0.683770
vt 0.154660 0.696240
vt 0.176130 0.699770
vt 0.154540 0.699580
vt 0.149870 0.699580
vt 0.177910 0.708170
vt 0.152980 0.708940
vt 0.600180 0.746900
vt 0.593800 0.728270
vt 0.143610 0.719270
vt 0.162260 0.718430
vt 0.148080 0.709420
vt 0.178290 0.739960
vt 0.141500 0.741850
vt 0.129500 0.732950
vt 0.148840 0.672560
vt 0.166550 0.666520
vt 0.152820 0.665340
vt 0.155550 0.665180
vt 0.163310 0.659770
vt 0.595900 0.725750
vt 0.141700 0.717290
vt 0.597610 0.723040
vt 0.589080 0.712860
vt 0.585850 0.682880
vt 0.582270 0.693360
vt 0.580850 0.698310
vt 0.582980 0.704580
vt 0.591230 0.696170
vt 0.591300 0.698360
vt 0.589040 0.705200
vt 0.594090 0.698980
vt 0.592830 0.712540
vt 0.593140 0.705680
vt 0.597290 0.697150
vt 0.596030 0.713280
vt 0.601240 0.723940
vt 0.610840 0.731960
vt 0.592460 0.692010
vt 0.591400 0.682010
vt 0.597370 0.680940
vt 0.594370 0.694230
vt 0.599360 0.686800
vt 0.598540 0.661860
vt 0.604610 0.673860
vt 0.614570 0.663280
vt 0.614070 0.665080
vt 0.606400 0.677780
vt 0.615690 0.669590
vt 0.136230 0.708010
vt 0.139050 0.706810
vt 0.133290 0.720060
vt 0.131470 0.683460
vt 0.120450 0.675810
vt 0.123650 0.674310
vt 0.133370 0.681190
vt 0.144970 0.693570
vt 0.145520 0.698920
vt 0.132790 0.675540
vt 0.140590 0.681240
vt 0.144110 0.670260
vt 0.137620 0.688650
vt 0.139900 0.685930
vt 0.143030 0.707380
vt 0.138150 0.715980
vt 0.143090 0.697420
vt 0.141820 0.699970
vt 0.143250 0.693420
vt 0.137980 0.696310
vt 0.137550 0.694540
vt 0.133290 0.689740
vt 0.137670 0.701320
vt 0.133980 0.701030
vt 0.134280 0.696500
vt 0.132820 0.694880
vt 0.461740 0.661450
vt 0.475990 0.664300
vt 0.451760 0.653850
vt 0.444640 0.636750
vt 0.445590 0.614180
vt 0.450810 0.586150
vt 0.495710 0.654560
vt 0.510910 0.639600
vt 0.520410 0.616320
vt 0.518040 0.599930
vt 0.503780 0.580690
vt 0.486210 0.566670
vt 0.473060 0.561050
vt 0.460980 0.566260
vt 0.432590 0.875930
vt 0.434410 0.858630
vt 0.449230 0.851570
vt 0.446660 0.874220
vt 0.439190 0.892550
vt 0.426510 0.892150
vt 0.429760 0.835130
vt 0.441180 0.825800
vt 0.416890 0.815940
vt 0.425850 0.804720
vt 0.424420 0.911170
vt 0.411270 0.911340
vt 0.400660 0.927550
vt 0.393960 0.926630
vt 0.403320 0.798100
vt 0.410400 0.787800
vt 0.390950 0.784510
vt 0.397350 0.777650
vt 0.377950 0.774650
vt 0.377400 0.769280
vt 0.359750 0.763330
vt 0.357810 0.757490
vt 0.366600 0.977730
vt 0.369710 0.978070
vt 0.363250 0.991820
vt 0.357610 0.991600
vt 0.377830 0.946620
vt 0.377620 0.944610
vt 0.367000 0.964400
vt 0.370400 0.965220
vt 0.420540 0.862050
vt 0.402940 0.862800
vt 0.401560 0.842420
vt 0.417160 0.839160
vt 0.365810 0.962110
vt 0.373470 0.945050
vt 0.419150 0.877510
vt 0.402570 0.878280
vt 0.414940 0.893700
vt 0.400470 0.894250
vt 0.400900 0.914020
vt 0.389940 0.913360
vt 0.407880 0.820540
vt 0.399090 0.826290
vt 0.396990 0.803800
vt 0.390010 0.806780
vt 0.386160 0.927520
vt 0.380910 0.927860
vt 0.371310 0.942710
vt 0.384320 0.788130
vt 0.380540 0.792530
vt 0.376030 0.777410
vt 0.370170 0.778230
vt 0.361970 0.767600
vt 0.363940 0.770610
vt 0.353980 0.991640
vt 0.362260 0.976640
vt 0.351540 0.992320
vt 0.359530 0.973240
vt 0.363150 0.957100
vt 0.354060 0.939450
vt 0.348490 0.937610
vt 0.350280 0.928130
vt 0.355170 0.927830
vt 0.351220 0.911610
vt 0.356610 0.911990
vt 0.342780 0.908540
vt 0.341180 0.924620
vt 0.350180 0.895330
vt 0.356780 0.894090
vt 0.339980 0.893020
vt 0.350990 0.875810
vt 0.357510 0.875410
vt 0.341210 0.875090
vt 0.351020 0.861870
vt 0.357990 0.861090
vt 0.333650 0.861820
vt 0.352490 0.842890
vt 0.359670 0.843920
vt 0.342310 0.840030
vt 0.353100 0.826670
vt 0.360400 0.827470
vt 0.341300 0.826770
vt 0.353630 0.816240
vt 0.360050 0.815860
vt 0.343010 0.818300
vt 0.351350 0.801970
vt 0.357770 0.800930
vt 0.342100 0.805090
vt 0.347420 0.789220
vt 0.353640 0.787670
vt 0.339850 0.793930
vt 0.341160 0.774950
vt 0.346590 0.771440
vt 0.334070 0.779700
vt 0.331140 0.979940
vt 0.338830 0.966380
vt 0.344470 0.966020
vt 0.335910 0.983880
vt 0.349510 0.954840
vt 0.344330 0.954430
vt 0.331860 0.964510
vt 0.323420 0.976600
vt 0.341390 0.935650
vt 0.337170 0.951950
vt 0.362730 0.861600
vt 0.365250 0.844810
vt 0.384200 0.843610
vt 0.386240 0.863370
vt 0.365080 0.826290
vt 0.382390 0.827060
vt 0.363480 0.876150
vt 0.386070 0.878220
vt 0.361120 0.892620
vt 0.384890 0.893260
vt 0.365130 0.814650
vt 0.379960 0.810900
vt 0.362620 0.798860
vt 0.373960 0.794960
vt 0.357360 0.785370
vt 0.367150 0.780130
vt 0.363100 0.911830
vt 0.378390 0.912140
vt 0.361910 0.931380
vt 0.372780 0.931090
vt 0.367260 0.941520
vt 0.359140 0.940190
vt 0.354290 0.955870
vt 0.361070 0.958090
vt 0.340060 0.984950
vt 0.347930 0.966950
vt 0.350080 0.992460
vt 0.357550 0.973000
vt 0.350210 0.768680
vt 0.363200 0.771340
vt 0.593270 0.695970
vt 0.125790 0.517450
vt 0.151520 0.511530
vt 0.124080 0.500650
vt 0.099630 0.529680
vt 0.153260 0.493230
vt 0.127380 0.502030
vt 0.128930 0.513010
vt 0.152370 0.495740
vt 0.177740 0.489360
vt 0.174140 0.492980
vt 0.177870 0.506170
vt 0.151750 0.508610
vt 0.174030 0.504000
vt 0.559880 0.502200
vt 0.585960 0.506720
vt 0.559680 0.484250
vt 0.586470 0.488810
vt 0.562670 0.488830
vt 0.562840 0.498690
vt 0.586660 0.492810
vt 0.612520 0.493760
vt 0.609410 0.497000
vt 0.610890 0.511510
vt 0.585780 0.502960
vt 0.607800 0.506740
vt 0.130120 0.670620
vt 0.620720 0.658190
vt 0.130880 0.728880
vt 0.663120 0.569250
vt 0.674470 0.535460
vt 0.108590 0.559570
vt 0.092300 0.547300
vt 0.097950 0.565020
vt 0.105830 0.581720
vt 0.124170 0.592600
vt 0.141770 0.624130
vt 0.130580 0.628530
vt 0.122500 0.613750
vt 0.154710 0.658020
vt 0.142740 0.643230
vt 0.066360 0.560250
vt 0.060580 0.563030
vt 0.054650 0.547210
vt 0.065550 0.556070
vt 0.068620 0.553190
vt 0.070350 0.558370
vt 0.076190 0.560740
vt 0.074800 0.556080
vt 0.081100 0.552700
vt 0.087010 0.571790
vt 0.072240 0.563400
vt 0.067740 0.580550
vt 0.068690 0.563650
vt 0.076710 0.540570
vt 0.072860 0.551680
vt 0.065820 0.544300
vt 0.070830 0.513070
vt 0.057630 0.518330
vt 0.063330 0.520420
vt 0.059670 0.523690
vt 0.047730 0.523030
vt 0.045110 0.523370
vt 0.045390 0.506660
vt 0.050020 0.506370
vt 0.054180 0.523300
vt 0.052160 0.549630
vt 0.056230 0.528340
vt 0.061040 0.528720
vt 0.064280 0.525380
vt 0.118310 0.632800
vt 0.110540 0.618980
vt 0.103440 0.627740
vt 0.100740 0.622380
vt 0.105950 0.620550
vt 0.106860 0.625020
vt 0.098070 0.639060
vt 0.089660 0.625640
vt 0.095860 0.623480
vt 0.099030 0.627350
vt 0.095570 0.619860
vt 0.082200 0.610670
vt 0.098030 0.617500
vt 0.102490 0.616730
vt 0.149330 0.660710
vt 0.137230 0.646330
vt 0.107780 0.637200
vt 0.113180 0.668370
vt 0.095670 0.640990
vt 0.109630 0.657680
vt 0.117000 0.668930
vt 0.128080 0.665480
vt 0.117990 0.660950
vt 0.122600 0.661020
vt 0.113970 0.658040
vt 0.118380 0.655920
vt 0.124480 0.657250
vt 0.123710 0.653010
vt 0.120330 0.649910
vt 0.115400 0.650630
vt 0.080000 0.613350
vt 0.113280 0.653240
vt 0.077320 0.575940
vt 0.093800 0.586490
vt 0.064610 0.582810
vt 0.074010 0.595410
vt 0.083050 0.597280
vt 0.086920 0.596950
vt 0.091390 0.605170
vt 0.079700 0.593250
vt 0.084300 0.591690
vt 0.101070 0.600710
vt 0.090180 0.593690
vt 0.089410 0.588920
vt 0.086470 0.586020
vt 0.081810 0.586020
vt 0.079570 0.589090
vt 0.169272 0.802755
vt 0.166626 0.802613
vt 0.166543 0.799576
vt 0.168821 0.799720
vt 0.169304 0.806081
vt 0.166576 0.805763
vt 0.170557 0.817119
vt 0.167859 0.817648
vt 0.167738 0.813188
vt 0.170346 0.812969
vt 0.159843 0.796116
vt 0.159746 0.799012
vt 0.154385 0.797849
vt 0.154408 0.793849
vt 0.159869 0.802540
vt 0.153643 0.802425
vt 0.159921 0.793159
vt 0.154324 0.790492
vt 0.160309 0.817447
vt 0.160786 0.822001
vt 0.155226 0.823272
vt 0.154990 0.817994
vt 0.160232 0.813408
vt 0.154434 0.813915
vt 0.159801 0.810331
vt 0.153861 0.810326
vt 0.148357 0.796943
vt 0.148757 0.792631
vt 0.147735 0.802169
vt 0.150071 0.824696
vt 0.149905 0.818878
vt 0.149084 0.813914
vt 0.148311 0.810091
vt 0.142532 0.801505
vt 0.142862 0.796741
vt 0.143625 0.791885
vt 0.150325 0.828178
vt 0.145803 0.828617
vt 0.145602 0.825682
vt 0.144374 0.819794
vt 0.143189 0.814235
vt 0.142577 0.809922
vt 0.169839 0.822552
vt 0.171437 0.817099
vt 0.171086 0.822397
vt 0.171077 0.812791
vt 0.170369 0.799914
vt 0.169317 0.796665
vt 0.170527 0.797063
vt 0.170367 0.802840
vt 0.170295 0.805907
vt 0.181935 0.819743
vt 0.182384 0.825461
vt 0.177711 0.824203
vt 0.177052 0.818799
vt 0.182133 0.813608
vt 0.177035 0.813217
vt 0.182251 0.809523
vt 0.177439 0.809623
vt 0.181433 0.792661
vt 0.181879 0.796999
vt 0.176847 0.798346
vt 0.176724 0.794387
vt 0.170460 0.825230
vt 0.177963 0.827029
vt 0.170729 0.809505
vt 0.177071 0.802030
vt 0.169883 0.825302
vt 0.169843 0.809339
vt 0.166898 0.809689
vt 0.170598 0.793616
vt 0.169648 0.793311
vt 0.160947 0.824017
vt 0.155754 0.826272
vt 0.159868 0.805979
vt 0.153260 0.805739
vt 0.148770 0.788243
vt 0.147182 0.806274
vt 0.144127 0.787973
vt 0.142637 0.806617
vt 0.181545 0.788420
vt 0.177122 0.790199
vt 0.177106 0.805419
vt 0.169681 0.807704
vt 0.170524 0.807762
vt 0.176556 0.788110
vt 0.170368 0.791918
vt 0.169601 0.791813
vt 0.167338 0.792795
vt 0.167333 0.791193
vt 0.167758 0.824831
vt 0.169903 0.826800
vt 0.167994 0.826359
vt 0.170275 0.826699
vt 0.166649 0.808046
vt 0.177201 0.807682
vt 0.176964 0.829096
vt 0.160213 0.791194
vt 0.154953 0.788101
vt 0.161786 0.826299
vt 0.156452 0.828348
vt 0.159777 0.808273
vt 0.153613 0.808174
vt 0.149020 0.785820
vt 0.150664 0.830269
vt 0.147808 0.808417
vt 0.142221 0.808521
vt 0.182271 0.807420
vt 0.182260 0.805283
vt 0.141826 0.791552
vt 0.140983 0.796804
vt 0.139541 0.796321
vt 0.140204 0.790733
vt 0.139282 0.801932
vt 0.141092 0.801715
vt 0.142355 0.788283
vt 0.141579 0.787388
vt 0.143686 0.825866
vt 0.144084 0.828623
vt 0.143232 0.829443
vt 0.142321 0.825890
vt 0.142659 0.819772
vt 0.141156 0.820120
vt 0.141109 0.814219
vt 0.140010 0.814413
vt 0.144990 0.830557
vt 0.143271 0.785975
vt 0.140267 0.808228
vt 0.140711 0.809626
vt 0.140972 0.807060
vt 0.160767 0.802463
vt 0.161584 0.799282
vt 0.167839 0.821753
vt 0.160976 0.805987
vt 0.161031 0.809891
vt 0.161726 0.813614
vt 0.160824 0.808045
vt 0.163723 0.799690
vt 0.163712 0.802471
vt 0.163529 0.805790
vt 0.164696 0.813497
vt 0.164867 0.817499
vt 0.164172 0.809676
vt 0.163888 0.808026
vt 0.160680 0.790949
vt 0.160637 0.792780
vt 0.162497 0.790616
vt 0.162374 0.792204
vt 0.161928 0.826277
vt 0.161584 0.823954
vt 0.165571 0.824289
vt 0.165723 0.826342
vt 0.163440 0.824097
vt 0.163502 0.826292
vt 0.164842 0.821727
vt 0.161732 0.821564
vt 0.160602 0.796170
vt 0.162237 0.794677
vt 0.164934 0.790591
vt 0.164911 0.792385
vt 0.163969 0.796071
vt 0.164304 0.794553
vt 0.166808 0.796237
vt 0.163322 0.821805
vt 0.162006 0.817223
vt 0.188657 0.826625
vt 0.189241 0.820320
vt 0.190700 0.820030
vt 0.190207 0.826471
vt 0.190996 0.812898
vt 0.189590 0.813706
vt 0.188139 0.828934
vt 0.189272 0.829765
vt 0.188282 0.790254
vt 0.187378 0.787089
vt 0.188427 0.786132
vt 0.189810 0.789029
vt 0.190983 0.795085
vt 0.191249 0.801928
vt 0.189630 0.802425
vt 0.189131 0.795822
vt 0.189438 0.808987
vt 0.189913 0.807275
vt 0.189209 0.805819
vt 0.188041 0.807266
vt 0.187430 0.805486
vt 0.187743 0.795939
vt 0.188110 0.802158
vt 0.187670 0.820482
vt 0.188247 0.814162
vt 0.187339 0.826551
vt 0.186710 0.829311
vt 0.187579 0.809473
vt 0.187280 0.831350
vt 0.186999 0.790719
vt 0.185881 0.787132
vt 0.186424 0.784813
vt 0.182200 0.801912
vt 0.182789 0.828745
vt 0.181895 0.830820
vt 0.181213 0.785882
s 1
usemtl Clothes_MAT
f 2688/2879/2672 2687/2880/2673 2674/2881/2674 2673/2882/2675
f 2697/2883/2676 2683/2884/2677 2684/2885/2678 2685/2886/2679
f 2700/2887/2680 2699/2888/2681 2687/2880/2673 2688/2879/2672
f 2716/2889/2682 2709/2890/2683 2699/2888/2681 2700/2887/2680
f 2698/2891/2684 2697/2883/2676 2685/2886/2679 2686/2892/2685
f 2698/2891/2684 2699/2888/2681 2709/2890/2683 2708/2893/2686
f 2698/2891/2684 2686/2892/2685 2687/2880/2673 2699/2888/2681
f 2715/2894/2687 2709/2890/2683 2716/2889/2682 2718/2895/2688
f 2714/2896/2689 2708/2893/2686 2709/2890/2683 2715/2894/2687
f 2726/2897/2690 2714/2896/2689 2715/2894/2687 2725/2898/2691
f 2725/2898/2691 2715/2894/2687 2718/2895/2688 2723/2899/2692
f 2723/2899/2692 2718/2895/2688 2721/2900/2693 2724/2901/2694
f 2733/2902/2695 2723/2899/2692 2724/2901/2694 2734/2903/2696
f 2732/2904/2697 2725/2898/2691 2723/2899/2692 2733/2902/2695
f 2731/2905/2698 2726/2897/2690 2725/2898/2691 2732/2904/2697
f 2730/2906/2699 2727/2907/2700 2726/2897/2690 2731/2905/2698
f 2728/2908/2701 2711/2909/2702 2727/2907/2700 2730/2906/2699
f 2736/2910/2703 2733/2902/2695 2734/2903/2696 2735/2911/2704
f 2732/2904/2697 2733/2902/2695 2736/2910/2703 2737/2912/2705
f 2731/2905/2698 2732/2904/2697 2737/2912/2705 2738/2913/2706
f 2730/2906/2699 2731/2905/2698 2738/2913/2706 2739/2914/2707
f 2728/2908/2701 2730/2906/2699 2739/2914/2707 2740/2915/2708
f 2746/2916/2709 2737/2912/2705 2736/2910/2703 2745/2917/2710
f 2738/2913/2706 2737/2912/2705 2746/2916/2709 2747/2918/2711
f 2739/2914/2707 2738/2913/2706 2747/2918/2711 2748/2919/2712
f 2740/2915/2708 2739/2914/2707 2748/2919/2712 2749/2920/2713
f 2719/2921/2714 2718/2895/2688 2716/2889/2682 2717/2922/2715
f 2721/2900/2693 2718/2895/2688 2719/2921/2714 2722/2923/2716
f 2773/2924/2717 2722/2923/2716 2719/2921/2714 2772/2925/2718
f 2744/2926/2719 2745/2917/2710 2736/2910/2703 2743/2927/2720
f 2743/2927/2720 2736/2910/2703 2735/2911/2704 2742/2928/2721
f 2743/2927/2720 2742/2928/2721 2760/2929/2722 2761/2930/2723
f 2754/2931/2724 2745/2917/2710 2744/2926/2719 2753/2932/2725
f 2744/2926/2719 2743/2927/2720 2761/2930/2723 2774/2933/2726
f 2763/2934/2727 2761/2930/2723 2760/2929/2722 2762/2935/2728
f 2753/2932/2725 2744/2926/2719 2774/2933/2726 2775/2936/2729
f 2777/2937/2730 2774/2933/2726 2761/2930/2723 2763/2934/2727
f 2765/2938/2731 2763/2934/2727 2762/2935/2728 2764/2939/2732
f 2775/2936/2729 2774/2933/2726 2777/2937/2730 2778/2940/2733
f 2767/2941/2734 2765/2938/2731 2764/2939/2732 2766/2942/2735
f 2784/2943/2736 2767/2941/2734 2766/2942/2735 2785/2944/2737
f 2717/2922/2715 2716/2889/2682 2700/2887/2680 2701/2945/2738
f 2771/2946/2739 2770/2947/2740 2773/2924/2717 2772/2925/2718
f 2784/2943/2736 2785/2944/2737 2768/2948/2741 2769/2949/2742
f 2769/2949/2742 2768/2948/2741 2770/2947/2740 2771/2946/2739
f 2780/2950/2743 2765/2938/2731 2767/2941/2734 2783/2951/2744
f 2780/2950/2743 2777/2937/2730 2763/2934/2727 2765/2938/2731
f 2778/2940/2733 2777/2937/2730 2780/2950/2743 2781/2952/2745
f 2679/2953/2746 2678/2954/2747 2677/2955/2748 2684/2885/2678
f 2680/2956/2749 2679/2953/2746 2684/2885/2678 2683/2884/2677
f 2794/2957/2750 2678/2954/2747 2679/2953/2746 2795/2958/2751
f 2797/2959/2752 2794/2960/2750 2795/2961/2751 2798/2962/2753
f 2797/2959/2752 2798/2962/2753 2801/2963/2754 2804/2964/2755
f 2746/2916/2709 2745/2917/2710 2754/2931/2724 2755/2965/2756
f 2747/2918/2711 2746/2916/2709 2755/2965/2756 2756/2966/2757
f 2748/2919/2712 2747/2918/2711 2756/2966/2757 2757/2967/2758
f 2749/2920/2713 2748/2919/2712 2757/2967/2758 2758/2968/2759
f 2779/2969/2760 2778/2940/2733 2781/2952/2745 2782/2970/2761
f 2776/2971/2762 2775/2936/2729 2778/2940/2733 2779/2969/2760
f 2752/2972/2763 2753/2932/2725 2775/2936/2729 2776/2971/2762
f 2754/2931/2724 2753/2932/2725 2752/2972/2763 2751/2973/2764
f 2755/2965/2756 2754/2931/2724 2751/2973/2764 2809/2974/2765
f 2756/2966/2757 2755/2965/2756 2809/2974/2765 2810/2975/2766
f 2757/2967/2758 2756/2966/2757 2810/2975/2766 2811/2976/2767
f 2758/2968/2759 2757/2967/2758 2811/2976/2767 2812/2977/2768
f 2776/2971/2762 2779/2969/2760 2816/2978/2769 2817/2979/2770
f 2752/2972/2763 2776/2971/2762 2817/2979/2770 2818/2980/2771
f 2751/2973/2764 2752/2972/2763 2818/2980/2771 2819/2981/2772
f 2809/2974/2765 2751/2973/2764 2819/2981/2772 2820/2982/2773
f 2810/2975/2766 2809/2974/2765 2820/2982/2773 2821/2983/2774
f 2811/2976/2767 2810/2975/2766 2821/2983/2774 2822/2984/2775
f 2812/2977/2768 2811/2976/2767 2822/2984/2775 2823/2985/2776
f 2820/2982/2773 2819/2981/2772 2830/2986/2777 2831/2987/2778
f 2821/2983/2774 2820/2982/2773 2831/2987/2778 2832/2988/2779
f 2822/2984/2775 2821/2983/2774 2832/2988/2779 2833/2989/2780
f 2823/2985/2776 2822/2984/2775 2833/2989/2780 2834/2990/2781
f 2831/2987/2778 2830/2986/2777 2837/2991/2782 2838/2992/2783
f 2832/2988/2779 2831/2987/2778 2838/2992/2783 2839/2993/2784
f 2833/2989/2780 2832/2988/2779 2839/2993/2784 2840/2994/2785
f 2834/2990/2781 2833/2989/2780 2840/2994/2785 2841/2995/2786
f 2838/2992/2783 2837/2991/2782 2844/2996/2787 2845/2997/2788
f 2839/2993/2784 2838/2992/2783 2845/2997/2788 2846/2998/2789
f 2840/2994/2785 2839/2993/2784 2846/2998/2789 2847/2999/2790
f 2841/2995/2786 2840/2994/2785 2847/2999/2790 2848/3000/2791
f 2853/3001/2792 2846/2998/2789 2845/2997/2788 2852/3002/2793
f 2845/2997/2788 2844/2996/2787 2851/3003/2794 2852/3002/2793
f 2869/3004/2795 2868/3005/2796 2853/3001/2792 2852/3002/2793
f 2869/3004/2795 2852/3002/2793 2851/3003/2794 2858/3006/2797
f 2816/2978/2769 2779/2969/2760 2782/2970/2761 2815/3007/2798
f 2872/3008/2799 2858/3006/2797 2860/3009/2800 2873/3010/2801
f 2871/3011/2802 2869/3004/2795 2858/3006/2797 2872/3008/2799
f 2870/3012/2803 2868/3005/2796 2869/3004/2795 2871/3011/2802
f 2856/3013/2804 2855/3014/2805 2866/3015/2806 2867/3016/2807
f 2849/3017/2808 2848/3000/2791 2855/3014/2805 2856/3013/2804
f 2842/3018/2809 2841/2995/2786 2848/3000/2791 2849/3017/2808
f 2807/3019/2810 2808/3020/2811 2892/3021/2812 2891/3022/2813
f 2892/3021/2812 2867/3016/2807 2866/3015/2806 2891/3022/2813
f 2806/3023/2814 2797/2959/2752 2804/2964/2755 2807/3019/2810
f 2806/3023/2814 2807/3019/2810 2891/3022/2813 2890/3024/2815
f 2805/3025/2816 2804/2964/2755 2801/2963/2754 2803/3026/2817
f 2808/3020/2811 2807/3019/2810 2804/2964/2755 2805/3025/2816
f 2907/3027/2818 2805/3025/2816 2803/3026/2817
f 2893/3028/2819 2892/3021/2812 2808/3020/2811 2805/3025/2816
f 2894/3029/2820 2867/3016/2807 2892/3021/2812 2893/3028/2819
f 2856/3013/2804 2867/3016/2807 2894/3029/2820 2895/3030/2821
f 2893/3028/2819 2805/3025/2816 2907/3027/2818 2908/3031/2822
f 2894/3029/2820 2893/3028/2819 2908/3031/2822 2909/3032/2823
f 2895/3030/2821 2894/3029/2820 2909/3032/2823 2910/3033/2824
f 2802/3034/2825 2803/3026/2817 2801/2963/2754 2800/3035/2826
f 2800/3035/2826 2801/2963/2754 2798/2962/2753 2799/3036/2827
f 2796/3037/2828 2795/2958/2751 2679/2953/2746 2680/2956/2749
f 2799/3036/2827 2798/2962/2753 2795/2961/2751 2796/3038/2828
f 2681/3039/2829 2680/2956/2749 2683/2884/2677 2682/3040/2830
f 2796/3037/2828 2680/2956/2749 2681/3039/2829 2919/3041/2831
f 2712/3042/2832 2681/3039/2829 2682/3040/2830 2710/3043/2833
f 2920/3044/2834 2919/3041/2831 2681/3039/2829 2712/3042/2832
f 2713/3045/2835 2712/3042/2832 2710/3043/2833 2711/2909/2702
f 2713/3045/2835 2711/2909/2702 2728/2908/2701 2729/3046/2836
f 2729/3046/2836 2728/2908/2701 2740/2915/2708 2741/3047/2837
f 2741/3047/2837 2740/2915/2708 2749/2920/2713 2750/3048/2838
f 2750/3048/2838 2749/2920/2713 2758/2968/2759 2759/3049/2839
f 2759/3049/2839 2758/2968/2759 2812/2977/2768 2813/3050/2840
f 2813/3050/2840 2812/2977/2768 2823/2985/2776 2824/3051/2841
f 2824/3051/2841 2823/2985/2776 2834/2990/2781 2835/3052/2842
f 2835/3052/2842 2834/2990/2781 2841/2995/2786 2842/3018/2809
f 2924/3053/2843 2923/3054/2844 2729/3046/2836 2741/3047/2837
f 2925/3055/2845 2924/3053/2843 2741/3047/2837 2750/3048/2838
f 2931/3056/2846 2930/3057/2847 2924/3053/2843 2925/3055/2845
f 2926/3058/2848 2925/3055/2845 2750/3048/2838 2759/3049/2839
f 2932/3059/2849 2931/3056/2846 2925/3055/2845 2926/3058/2848
f 2927/3060/2850 2926/3058/2848 2759/3049/2839 2813/3050/2840
f 2933/3061/2851 2932/3059/2849 2926/3058/2848 2927/3060/2850
f 2928/3062/2852 2927/3060/2850 2813/3050/2840 2824/3051/2841
f 2934/3063/2853 2933/3061/2851 2927/3060/2850 2928/3062/2852
f 2928/3062/2852 2824/3051/2841 2835/3052/2842 2914/3064/2854
f 2935/3065/2855 2934/3063/2853 2928/3062/2852 2914/3064/2854
f 2914/3064/2854 2835/3052/2842 2842/3018/2809 2897/3066/2856
f 2936/3067/2857 2935/3065/2855 2914/3064/2854 2897/3066/2856
f 2897/3066/2856 2842/3018/2809 2849/3017/2808 2896/3068/2858
f 2849/3017/2808 2856/3013/2804 2895/3030/2821 2896/3068/2858
f 2896/3068/2858 2895/3030/2821 2910/3033/2824
f 2937/3069/2859 2936/3067/2857 2897/3066/2856 2896/3068/2858
f 2896/3068/2858 2910/3033/2824 2913/3070/2860
f 2938/3071/2861 2937/3069/2859 2896/3068/2858 2913/3070/2860
f 2913/3070/2860 2910/3033/2824 2909/3032/2823 2912/3072/2862
f 2939/3073/2863 2938/3071/2861 2913/3070/2860 2912/3072/2862
f 2912/3072/2862 2909/3032/2823 2908/3031/2822 2911/3074/2864
f 2940/3075/2865 2939/3073/2863 2912/3072/2862 2911/3074/2864
f 2911/3074/2864 2908/3031/2822 2907/3027/2818 2906/3076/2866
f 2941/3077/2867 2940/3075/2865 2911/3074/2864 2906/3076/2866
f 2906/3076/2866 2907/3027/2818 2803/3026/2817 2905/3078/2868
f 2904/3079/2869 2802/3034/2825 2800/3035/2826 2915/3080/2870
f 2905/3078/2868 2803/3026/2817 2802/3034/2825 2904/3079/2869
f 2942/3081/2871 2941/3077/2867 2906/3076/2866 2905/3078/2868
f 2929/3082/2872 2923/3054/2844 2924/3053/2843 2930/3057/2847
f 2922/3083/2873 2713/3045/2835 2729/3046/2836 2923/3054/2844
f 2922/3083/2873 2920/3044/2834 2712/3042/2832 2713/3045/2835
f 2922/3083/2873 2923/3054/2844 2929/3082/2872 2944/3084/2874
f 2921/3085/2875 2920/3044/2834 2922/3083/2873
f 2921/3085/2875 2922/3083/2873 2944/3084/2874 2945/3086/2876
f 2918/3087/2877 2919/3041/2831 2920/3044/2834 2921/3085/2875
f 2918/3087/2877 2921/3085/2875 2945/3086/2876 2946/3088/2878
f 2917/3089/2879 2796/3037/2828 2919/3041/2831 2918/3087/2877
f 2917/3089/2879 2918/3087/2877 2946/3088/2878 2947/3090/2880
f 2916/3091/2881 2799/3036/2827 2796/3038/2828 2917/3092/2879
f 2916/3091/2881 2915/3080/2870 2800/3035/2826 2799/3036/2827
f 2942/3081/2871 2905/3078/2868 2904/3079/2869 2943/3093/2882
f 2943/3093/2882 2904/3079/2869 2915/3080/2870 2916/3091/2881
f 2916/3091/2881 2917/3092/2879 2947/3094/2880 2948/3095/2883
f 2949/3096/2884 2943/3093/2882 2916/3091/2881 2948/3095/2883
f 2877/3097/2885 2875/3098/2886 2874/3099/2887 2876/3100/2888
f 2880/3101/2889 2877/3097/2885 2876/3100/2888 2881/3102/2890
f 2879/3103/2891 2878/3104/2892 2880/3101/2889 2881/3102/2890
f 2826/3105/2893 2815/3007/2798 2878/3104/2892 2879/3103/2891
f 2816/2978/2769 2815/3007/2798 2826/3105/2893 2827/3106/2894
f 2817/2979/2770 2816/2978/2769 2827/3106/2894 2828/3107/2895
f 2818/2980/2771 2817/2979/2770 2828/3107/2895 2829/3108/2896
f 2830/2986/2777 2819/2981/2772 2818/2980/2771 2829/3108/2896
f 2874/3099/2887 2875/3098/2886 2860/3009/2800 2859/3109/2897
f 2859/3109/2897 2860/3009/2800 2858/3006/2797 2857/3110/2898
f 2857/3110/2898 2858/3006/2797 2851/3003/2794 2850/3111/2899
f 2850/3111/2899 2851/3003/2794 2844/2996/2787 2843/3112/2900
f 2843/3112/2900 2844/2996/2787 2837/2991/2782 2836/3113/2901
f 2837/2991/2782 2830/2986/2777 2829/3108/2896 2836/3113/2901
f 2879/3103/2891 2881/3102/2890 2952/3114/2902 2953/3115/2903
f 2826/3105/2893 2879/3103/2891 2953/3115/2903 2954/3116/2904
f 2827/3106/2894 2826/3105/2893 2954/3116/2904 2955/3117/2905
f 2828/3107/2895 2827/3106/2894 2955/3117/2905 2956/3118/2906
f 2829/3108/2896 2828/3107/2895 2956/3118/2906 2957/3119/2907
f 2952/3114/2902 2881/3102/2890 2876/3100/2888 2951/3120/2908
f 2951/3120/2908 2876/3100/2888 2874/3099/2887 2950/3121/2909
f 2958/3122/2910 2950/3121/2909 2874/3099/2887 2859/3109/2897
f 2959/3123/2911 2958/3122/2910 2859/3109/2897 2857/3110/2898
f 2960/3124/2912 2959/3123/2911 2857/3110/2898 2850/3111/2899
f 2961/3125/2913 2960/3124/2912 2850/3111/2899 2843/3112/2900
f 2962/3126/2914 2961/3125/2913 2843/3112/2900 2836/3113/2901
f 2962/3126/2914 2836/3113/2901 2829/3108/2896 2957/3119/2907
f 2964/3127/2915 2953/3128/2903 2952/3129/2902 2963/3130/2916
f 2954/3131/2904 2953/3128/2903 2964/3127/2915 2965/3132/2917
f 2969/3133/2918 2963/3130/2916 2952/3129/2902 2951/3134/2908
f 2970/3135/2919 2969/3133/2918 2951/3134/2908 2950/3136/2909
f 2955/3137/2905 2954/3131/2904 2965/3132/2917 2966/3138/2920
f 2956/3139/2906 2955/3137/2905 2966/3138/2920 2967/3140/2921
f 2971/3141/2922 2970/3135/2919 2950/3136/2909 2958/3142/2910
f 2972/3143/2923 2971/3141/2922 2958/3142/2910 2959/3144/2911
f 2973/3145/2924 2972/3143/2923 2959/3144/2911 2960/3146/2912
f 2974/3147/2925 2973/3145/2924 2960/3146/2912 2961/3148/2913
f 2975/3149/2926 2974/3150/2925 2961/3151/2913 2962/3152/2914
f 2957/3153/2907 2956/3139/2906 2967/3140/2921 2968/3154/2927
f 2975/3149/2926 2962/3152/2914 2957/3153/2907 2968/3154/2927
f 3028/3155/2928 3031/3156/2929 2979/3157/2930 2976/3158/2931
f 3039/3159/2932 2975/3149/2926 2968/3154/2927 3040/3160/2933
f 3029/3161/2934 2964/3127/2915 2963/3130/2916 3028/3155/2928
f 3028/3155/2928 2963/3130/2916 2969/3133/2918 3031/3156/2929
f 2976/3158/2931 2977/3162/2935 3029/3161/2934 3028/3155/2928
f 3030/3163/2936 2965/3132/2917 2964/3127/2915 3029/3161/2934
f 2977/3162/2935 2978/3164/2937 3030/3163/2936 3029/3161/2934
f 3033/3165/2938 2966/3138/2920 2965/3132/2917 3030/3163/2936
f 2978/3164/2937 2981/3166/2939 3033/3165/2938 3030/3163/2936
f 3031/3156/2929 2969/3133/2918 2970/3135/2919 3032/3167/2940
f 3031/3156/2929 3032/3167/2940 2980/3168/2941 2979/3157/2930
f 3032/3167/2940 2970/3135/2919 2971/3141/2922 3035/3169/2942
f 3032/3167/2940 3035/3169/2942 2983/3170/2943 2980/3168/2941
f 3034/3171/2944 2967/3140/2921 2966/3138/2920 3033/3165/2938
f 2981/3166/2939 2982/3172/2945 3034/3171/2944 3033/3165/2938
f 3040/3160/2933 2968/3154/2927 2967/3140/2921 3034/3171/2944
f 2982/3172/2945 2988/3173/2946 3040/3160/2933 3034/3171/2944
f 3035/3169/2942 2971/3141/2922 2972/3143/2923 3036/3174/2947
f 3035/3169/2942 3036/3174/2947 2984/3175/2948 2983/3170/2943
f 3036/3174/2947 2972/3143/2923 2973/3145/2924 3037/3176/2949
f 3036/3174/2947 3037/3176/2949 2985/3177/2950 2984/3175/2948
f 3037/3176/2949 2973/3145/2924 2974/3147/2925 3038/3178/2951
f 3037/3176/2949 3038/3178/2951 2986/3179/2952 2985/3177/2950
f 3038/3180/2951 2974/3150/2925 2975/3149/2926 3039/3159/2932
f 3038/3180/2951 3039/3159/2932 2987/3181/2953 2986/3182/2952
f 3039/3159/2932 3040/3160/2933 2988/3173/2946 2987/3181/2953
f 2792/3183/2954 2781/2952/2745 2780/2950/2743 2791/3184/2955
f 2791/3184/2955 2780/2950/2743 2783/2951/2744 2790/3185/2956
f 2790/3185/2956 2783/2951/2744 2786/3186/2957
f 2783/2951/2744 2767/2941/2734 2784/2943/2736 2786/3186/2957
f 2786/3186/2957 2784/2943/2736 2769/2949/2742 2789/3187/2958
f 2789/3187/2958 2769/2949/2742 2771/2946/2739 2788/3188/2959
f 2772/2925/2718 2719/2921/2714 2717/2922/2715 2720/3189/2960
f 2788/3188/2959 2771/2946/2739 2772/2925/2718 2720/3189/2960
f 2787/3190/2961 2720/3189/2960 2717/2922/2715 2701/2945/2738
f 2782/2970/2761 2781/2952/2745 2792/3183/2954 2793/3191/2962
f 2814/3192/2963 2815/3007/2798 2782/2970/2761 2793/3191/2962
f 2878/3104/2892 2815/3007/2798 2814/3192/2963 2825/3193/2964
f 2882/3194/2965 2880/3101/2889 2878/3104/2892 2825/3193/2964
f 2877/3097/2885 2880/3101/2889 2882/3194/2965 2883/3195/2966
f 3084/3196/2967 3093/3197/2968 3106/3198/2969 3097/3199/2970
f 3097/3199/2970 2793/3191/2962 2792/3183/2954 3098/3200/2971
f 3106/3198/2969 2814/3192/2963 2793/3191/2962 3097/3199/2970
f 3097/3199/2970 3098/3200/2971 3085/3201/2972 3084/3196/2967
f 3098/3200/2971 2792/3183/2954 2791/3184/2955 3099/3202/2973
f 3098/3200/2971 3099/3202/2973 3086/3203/2974 3085/3201/2972
f 3099/3202/2973 2791/3184/2955 2790/3185/2956 3100/3204/2975
f 3099/3202/2973 3100/3204/2975 3087/3205/2976 3086/3203/2974
f 3100/3204/2975 2790/3185/2956 2786/3186/2957 3101/3206/2977
f 3100/3204/2975 3101/3206/2977 3088/3207/2978 3087/3205/2976
f 3107/3208/2979 2825/3193/2964 2814/3192/2963 3106/3198/2969
f 3093/3197/2968 3094/3209/2980 3107/3208/2979 3106/3198/2969
f 3108/3210/2981 2882/3194/2965 2825/3193/2964 3107/3208/2979
f 3094/3209/2980 3095/3211/2982 3108/3210/2981 3107/3208/2979
f 3109/3212/2983 2883/3195/2966 2882/3194/2965 3108/3210/2981
f 3109/3212/2983 3108/3210/2981 3095/3211/2982 3096/3213/2984
f 2875/3098/2886 2877/3097/2885 2883/3195/2966 2884/3214/2985
f 2873/3010/2801 2860/3009/2800 2875/3098/2886 2884/3214/2985
f 3110/3215/2986 2884/3214/2985 2883/3195/2966 3109/3212/2983
f 3110/3215/2986 3109/3212/2983 3096/3213/2984 3083/3216/2987
f 3102/3217/2988 2789/3187/2958 2788/3188/2959 3103/3218/2989
f 3101/3206/2977 2786/3186/2957 2789/3187/2958 3102/3217/2988
f 3089/3219/2990 3088/3207/2978 3101/3206/2977 3102/3217/2988
f 3103/3218/2989 3090/3220/2991 3089/3219/2990 3102/3217/2988
f 3103/3218/2989 2788/3188/2959 2720/3189/2960 3104/3221/2992
f 3103/3218/2989 3104/3221/2992 3091/3222/2993 3090/3220/2991
f 3000/3223/2994 2999/3224/2995 3047/3225/2996 3048/3226/2997
f 3047/3225/2996 2999/3224/2995 2992/3227/2998 3046/3228/2999
f 3114/3229/3000 3112/3230/3001 3047/3225/2996 3046/3228/2999
f 3046/3228/2999 2992/3227/2998 2991/3231/3002 3045/3232/3003
f 3115/3233/3004 3114/3229/3000 3046/3228/2999 3045/3232/3003
f 3045/3232/3003 2991/3231/3002 2990/3234/3005 3044/3235/3006
f 3116/3236/3007 3115/3233/3004 3045/3232/3003 3044/3235/3006
f 3044/3235/3006 2990/3234/3005 2989/3237/3008 3043/3238/3009
f 3117/3239/3010 3116/3236/3007 3044/3235/3006 3043/3238/3009
f 3043/3238/3009 2989/3237/3008 2993/3240/3011 3042/3241/3012
f 3118/3242/3013 3117/3239/3010 3043/3238/3009 3042/3241/3012
f 3042/3241/3012 2993/3240/3011 2994/3243/3014 3041/3244/3015
f 3119/3245/3016 3118/3242/3013 3042/3241/3012 3041/3244/3015
f 3041/3244/3015 2994/3243/3014 2995/3246/3017 3053/3247/3018
f 3120/3248/3019 3119/3245/3016 3041/3244/3015 3053/3247/3018
f 3053/3247/3018 2995/3246/3017 2996/3249/3020 3052/3250/3021
f 3121/3251/3022 3120/3248/3019 3053/3247/3018 3052/3250/3021
f 3052/3250/3021 2996/3249/3020 2997/3252/3023 3051/3253/3024
f 3122/3254/3025 3121/3251/3022 3052/3250/3021 3051/3253/3024
f 3051/3253/3024 2997/3252/3023 2998/3255/3026 3050/3256/3027
f 3123/3257/3028 3122/3254/3025 3051/3253/3024 3050/3256/3027
f 3050/3258/3027 2998/3259/3026 3001/3260/3029 3049/3261/3030
f 3001/3260/3029 3000/3223/2994 3048/3226/2997 3049/3261/3030
f 3124/3262/3031 3123/3263/3028 3050/3258/3027 3049/3261/3030
f 3113/3264/3032 3048/3226/2997 3047/3225/2996 3112/3230/3001
f 3124/3262/3031 3049/3261/3030 3048/3226/2997 3113/3264/3032
f 3066/3265/3033 3067/3266/3034 3083/3216/2987 3096/3213/2984
f 3065/3267/3035 3066/3265/3033 3096/3213/2984 3095/3211/2982
f 3064/3268/3036 3065/3267/3035 3095/3211/2982 3094/3209/2980
f 3063/3269/3037 3064/3268/3036 3094/3209/2980 3093/3197/2968
f 3054/3270/3038 3063/3269/3037 3093/3197/2968 3084/3196/2967
f 3055/3271/3039 3054/3270/3038 3084/3196/2967 3085/3201/2972
f 3056/3272/3040 3055/3271/3039 3085/3201/2972 3086/3203/2974
f 3057/3273/3041 3056/3272/3040 3086/3203/2974 3087/3205/2976
f 3058/3274/3042 3057/3273/3041 3087/3205/2976 3088/3207/2978
f 3059/3275/3043 3058/3274/3042 3088/3207/2978 3089/3219/2990
f 3060/3276/3044 3059/3275/3043 3089/3219/2990 3090/3220/2991
f 3061/3277/3045 3060/3276/3044 3090/3220/2991 3091/3222/2993
f 3002/3278/3046 3015/3279/3047 3019/3280/3048 3006/3281/3049
f 2993/3240/3011 2989/3237/3008 3002/3278/3046 3006/3281/3049
f 3015/3279/3047 2976/3158/2931 2979/3157/2930 3019/3280/3048
f 3006/3281/3049 3019/3280/3048 3020/3282/3050 3007/3283/3051
f 2994/3243/3014 2993/3240/3011 3006/3281/3049 3007/3283/3051
f 3019/3280/3048 2979/3157/2930 2980/3168/2941 3020/3282/3050
f 3003/3284/3052 3016/3285/3053 3015/3279/3047 3002/3278/3046
f 3003/3284/3052 3002/3278/3046 2989/3237/3008 2990/3234/3005
f 3016/3285/3053 2977/3162/2935 2976/3158/2931 3015/3279/3047
f 3004/3286/3054 3017/3287/3055 3016/3285/3053 3003/3284/3052
f 3004/3286/3054 3003/3284/3052 2990/3234/3005 2991/3231/3002
f 3017/3287/3055 2978/3164/2937 2977/3162/2935 3016/3285/3053
f 3007/3283/3051 3020/3282/3050 3021/3288/3056 3008/3289/3057
f 2995/3246/3017 2994/3243/3014 3007/3283/3051 3008/3289/3057
f 3020/3282/3050 2980/3168/2941 2983/3170/2943 3021/3288/3056
f 3008/3289/3057 3021/3288/3056 3022/3290/3058 3009/3291/3059
f 2996/3249/3020 2995/3246/3017 3008/3289/3057 3009/3291/3059
f 3021/3288/3056 2983/3170/2943 2984/3175/2948 3022/3290/3058
f 3009/3291/3059 3022/3290/3058 3023/3292/3060 3010/3293/3061
f 2997/3252/3023 2996/3249/3020 3009/3291/3059 3010/3293/3061
f 3022/3290/3058 2984/3175/2948 2985/3177/2950 3023/3292/3060
f 3005/3294/3062 3018/3295/3063 3017/3287/3055 3004/3286/3054
f 3005/3294/3062 3004/3286/3054 2991/3231/3002 2992/3227/2998
f 3018/3295/3063 2981/3166/2939 2978/3164/2937 3017/3287/3055
f 3012/3296/3064 3025/3297/3065 3018/3295/3063 3005/3294/3062
f 3012/3296/3064 3005/3294/3062 2992/3227/2998 2999/3224/2995
f 3025/3297/3065 2982/3172/2945 2981/3166/2939 3018/3295/3063
f 3026/3298/3066 2988/3173/2946 2982/3172/2945 3025/3297/3065
f 3013/3299/3067 3026/3298/3066 3025/3297/3065 3012/3296/3064
f 3013/3299/3067 3012/3296/3064 2999/3224/2995 3000/3223/2994
f 3014/3300/3068 3013/3299/3067 3000/3223/2994 3001/3260/3029
f 3027/3301/3069 2987/3181/2953 2988/3173/2946 3026/3298/3066
f 3014/3300/3068 3027/3301/3069 3026/3298/3066 3013/3299/3067
f 3011/3302/3070 3014/3300/3068 3001/3260/3029 2998/3259/3026
f 3024/3303/3071 2986/3182/2952 2987/3181/2953 3027/3301/3069
f 3010/3293/3061 3023/3292/3060 3024/3304/3071 3011/3305/3070
f 3011/3302/3070 3024/3303/3071 3027/3301/3069 3014/3300/3068
f 2998/3255/3026 2997/3252/3023 3010/3293/3061 3011/3305/3070
f 3023/3292/3060 2985/3177/2950 2986/3179/2952 3024/3304/3071
f 3131/3306/3072 3054/3270/3038 3055/3271/3039 3132/3307/3073
f 3130/3308/3074 3063/3269/3037 3054/3270/3038 3131/3306/3072
f 3130/3308/3074 3131/3306/3072 3141/3309/3075 3142/3310/3076
f 3129/3311/3077 3064/3268/3036 3063/3269/3037 3130/3308/3074
f 3129/3311/3077 3130/3308/3074 3142/3310/3076 3143/3312/3078
f 3128/3313/3079 3065/3267/3035 3064/3268/3036 3129/3311/3077
f 3128/3313/3079 3129/3311/3077 3143/3312/3078 3144/3314/3080
f 3127/3315/3081 3066/3265/3033 3065/3267/3035 3128/3313/3079
f 3127/3315/3081 3128/3313/3079 3144/3314/3080 3145/3316/3082
f 3126/3317/3083 3067/3266/3034 3066/3265/3033 3127/3315/3081
f 3126/3317/3083 3127/3315/3081 3145/3316/3082 3146/3318/3084
f 3141/3309/3075 3131/3306/3072 3132/3307/3073 3140/3319/3085
f 3133/3320/3086 3132/3307/3073 3055/3271/3039 3056/3272/3040
f 3148/3321/3087 3140/3319/3085 3132/3307/3073 3133/3320/3086
f 3134/3322/3088 3133/3320/3086 3056/3272/3040 3057/3273/3041
f 3149/3323/3089 3148/3321/3087 3133/3320/3086 3134/3322/3088
f 3134/3322/3088 3057/3273/3041 3058/3274/3042 3135/3324/3090
f 3150/3325/3091 3149/3323/3089 3134/3322/3088 3135/3324/3090
f 3136/3326/3092 3135/3324/3090 3058/3274/3042 3059/3275/3043
f 3151/3327/3093 3150/3325/3091 3135/3324/3090 3136/3326/3092
f 3137/3328/3094 3136/3326/3092 3059/3275/3043 3060/3276/3044
f 3152/3329/3095 3151/3327/3093 3136/3326/3092 3137/3328/3094
f 3138/3330/3096 3137/3328/3094 3060/3276/3044 3061/3277/3045
f 3153/3331/3097 3152/3329/3095 3137/3328/3094 3138/3330/3096
f 3062/3332/3098 3061/3277/3045 3091/3222/2993 3092/3333/3099
f 3104/3221/2992 2720/3189/2960 2787/3190/2961 3105/3334/3100
f 3092/3333/3099 3091/3222/2993 3104/3221/2992 3105/3334/3100
f 3139/3335/3101 3138/3330/3096 3061/3277/3045 3062/3332/3098
f 3154/3336/3102 3153/3331/3097 3138/3330/3096 3139/3335/3101
f 2701/2945/2738 2700/2887/2680 2688/2879/2672 2689/3337/3103
f 2787/3190/2961 2701/2945/2738 2689/3337/3103
f 3155/3338/3104 3105/3334/3100 2787/3190/2961 2689/3337/3103
f 3156/3339/3105 3157/3340/3106 3155/3338/3104 2689/3337/3103
f 3162/3341/3107 3161/3342/3108 3155/3338/3104 3157/3340/3106
f 3160/3343/3109 3105/3334/3100 3155/3338/3104 3161/3342/3108
f 3162/3341/3107 3157/3340/3106 3156/3339/3105 3165/3344/3110
f 3160/3343/3109 3161/3342/3108 3162/3341/3107 3167/3345/3111
f 3159/3346/3112 3092/3333/3099 3105/3334/3100 3160/3343/3109
f 3159/3346/3112 3160/3343/3109 3167/3345/3111 3170/3347/3113
f 3158/3348/3114 3062/3332/3098 3092/3333/3099 3159/3346/3112
f 3158/3348/3114 3159/3346/3112 3170/3347/3113 3171/3349/3115
f 3163/3350/3116 3139/3335/3101 3062/3332/3098 3158/3348/3114
f 3163/3350/3116 3158/3348/3114 3171/3349/3115 3173/3351/3117
f 3179/3352/3118 3163/3350/3116 3173/3351/3117 3176/3353/3119
f 3164/3354/3120 3154/3336/3102 3139/3335/3101 3163/3350/3116
f 3164/3354/3120 3163/3350/3116 3179/3352/3118 3181/3355/3121
f 3111/3356/3122 3110/3215/2986 3083/3216/2987 3082/3357/3123
f 3184/3358/3124 3111/3356/3122 3082/3357/3123 3183/3359/3125
f 3073/3360/3126 3076/3361/3127 3183/3359/3125 3185/3362/3128
f 3185/3362/3128 3183/3359/3125 3082/3357/3123 3068/3363/3129
f 3082/3357/3123 3083/3216/2987 3067/3266/3034 3068/3363/3129
f 3186/3364/3130 3071/3365/3131 3073/3360/3126 3185/3362/3128
f 3186/3364/3130 3185/3362/3128 3068/3363/3129
f 3125/3366/3132 3068/3363/3129 3067/3266/3034 3126/3317/3083
f 3186/3364/3130 3068/3363/3129 3125/3366/3132 3187/3367/3133
f 3182/3368/3134 3181/3355/3121 3179/3352/3118 3180/3369/3135
f 3180/3370/3135 3187/3367/3133 3125/3366/3132 3188/3371/3136
f 3080/3372/3137 3071/3365/3131 3186/3364/3130 3187/3367/3133
f 3125/3366/3132 3126/3317/3083 3146/3318/3084 3147/3373/3138
f 3189/3374/3139 3188/3371/3136 3125/3366/3132 3147/3373/3138
f 3189/3374/3139 3182/3375/3134 3180/3370/3135 3188/3371/3136
f 3183/3359/3125 3076/3361/3127 3077/3376/3140 3184/3358/3124
f 3070/3377/3141 2884/3214/2985 3110/3215/2986 3111/3356/3122
f 3184/3358/3124 3077/3376/3140 3069/3378/3142 3190/3379/3143
f 3070/3377/3141 3111/3356/3122 3184/3358/3124 3190/3379/3143
f 2885/3380/3144 2873/3010/2801 2884/3214/2985
f 2885/3380/3144 2884/3214/2985 3070/3377/3141
f 3180/3369/3135 3179/3352/3118 3176/3353/3119 3178/3381/3145
f 3080/3372/3137 3187/3367/3133 3180/3370/3135 3178/3382/3145
f 3177/3383/3146 3178/3381/3145 3176/3353/3119 3175/3384/3147
f 3168/3385/3148 3167/3345/3111 3162/3341/3107 3165/3344/3110
f 3170/3347/3113 3167/3345/3111 3168/3385/3148 3169/3386/3149
f 3171/3349/3115 3170/3347/3113 3169/3386/3149 3172/3387/3150
f 3173/3351/3117 3171/3349/3115 3172/3387/3150 3174/3388/3151
f 3175/3384/3147 3176/3353/3119 3173/3351/3117 3174/3388/3151
f 3174/3388/3151 3172/3387/3150 3200/3389/3152 3201/3390/3153
f 3196/3391/3154 3174/3388/3151 3201/3390/3153 3202/3392/3155
f 3195/3393/3156 3175/3384/3147 3174/3388/3151 3196/3391/3154
f 3204/3394/3157 3196/3391/3154 3202/3392/3155 3203/3395/3158
f 3195/3393/3156 3196/3391/3154 3204/3394/3157 3205/3396/3159
f 3192/3397/3160 3195/3393/3156 3205/3396/3159
f 3192/3397/3160 3177/3383/3146 3175/3384/3147 3195/3393/3156
f 2672/3398/3161 3178/3381/3145 3177/3383/3146 3192/3397/3160
f 3200/3389/3152 3172/3387/3150 3169/3386/3149 3199/3399/3162
f 3199/3399/3162 3169/3386/3149 3168/3385/3148 3198/3400/3163
f 3207/3401/3164 3206/3402/3165 3199/3399/3162 3198/3400/3163
f 3207/3401/3164 3204/3403/3157 3203/3395/3158 3206/3402/3165
f 3165/3344/3110 3156/3339/3105 2689/3337/3103 3166/3404/3166
f 3198/3400/3163 3168/3385/3148 3165/3344/3110 3166/3404/3166
f 3208/3405/3167 3207/3401/3164 3198/3400/3163 3166/3404/3166
f 3166/3404/3166 3210/3406/3168 3209/3407/3169 3208/3405/3167
f 3205/3408/3159 3204/3403/3157 3207/3401/3164 3208/3405/3167
f 3209/3407/3169 3192/3409/3160 3205/3408/3159 3208/3405/3167
f 3211/3410/3170 3194/3411/3171 3193/3412/3172
f 3211/3413/3170 3193/3414/3172 3215/3415/3173 3216/3416/3174
f 3074/3417/3175 3073/3360/3126 3071/3365/3131 3072/3418/3176
f 3216/3416/3174 3215/3415/3173 3214/3419/3177 3075/3420/3178
f 3076/3361/3127 3073/3360/3126 3074/3417/3175 3075/3420/3178
f 3078/3421/3179 3077/3376/3140 3076/3361/3127 3075/3420/3178
f 3217/3422/3180 3216/3416/3174 3075/3420/3178 3220/3423/3181
f 3079/3424/3182 3072/3418/3176 3071/3365/3131 3080/3372/3137
f 3079/3424/3182 3080/3372/3137 3178/3382/3145 3081/3425/3183
f 3079/3424/3182 3081/3425/3183 3193/3412/3172 3194/3411/3171
f 3218/3426/3184 3072/3418/3176 3079/3424/3182 3222/3427/3185
f 3074/3417/3175 3072/3418/3176 3218/3426/3184 3219/3428/3186
f 3220/3423/3181 3075/3420/3178 3074/3417/3175 3219/3428/3186
f 3219/3428/3186 3218/3426/3184 3223/3429/3187 3221/3430/3188
f 3221/3430/3188 3217/3422/3180 3220/3423/3181 3219/3428/3186
f 3212/3431/3189 3211/3413/3170 3216/3416/3174 3217/3422/3180
f 3222/3427/3185 3079/3424/3182 3194/3411/3171 3197/3432/3190
f 3197/3432/3190 3194/3411/3171 3211/3410/3170 3212/3433/3189
f 3223/3429/3187 3222/3427/3185 3197/3432/3190 3225/3434/3191
f 3218/3426/3184 3222/3427/3185 3223/3429/3187
f 3225/3434/3191 3197/3432/3190 3212/3433/3189 3224/3435/3192
f 2785/2944/2737 3227/3436/3193 3226/3437/3194 2768/2948/2741
f 2766/2942/2735 3228/3438/3195 3227/3436/3193 2785/2944/2737
f 2764/2939/2732 3229/3439/3196 3228/3438/3195 2766/2942/2735
f 2762/2935/2728 3230/3440/3197 3229/3439/3196 2764/2939/2732
f 2760/2929/2722 3231/3441/3198 3230/3440/3197 2762/2935/2728
f 3226/3437/3194 3232/3442/3199 2770/2947/2740 2768/2948/2741
f 3232/3442/3199 3233/3443/3200 2773/2924/2717 2770/2947/2740
f 3234/3444/3201 2722/2923/2716 2773/2924/2717 3233/3443/3200
f 3235/3445/3202 2721/2900/2693 2722/2923/2716 3234/3444/3201
f 3236/3446/3203 2724/2901/2694 2721/2900/2693 3235/3445/3202
f 3237/3447/3204 2734/2903/2696 2724/2901/2694 3236/3446/3203
f 3238/3448/3205 2735/2911/2704 2734/2903/2696 3237/3447/3204
f 3351/3449/3206 3231/3441/3198 2760/2929/2722 2742/2928/2721
f 3239/3450/3207 3240/3451/3208 3226/3452/3194 3227/3453/3193
f 3228/3454/3195 3241/3455/3209 3239/3450/3207 3227/3453/3193
f 3242/3456/3210 3232/3457/3199 3226/3452/3194 3240/3451/3208
f 3243/3458/3211 3233/3459/3200 3232/3457/3199 3242/3456/3210
f 3229/3460/3196 3244/3461/3212 3241/3455/3209 3228/3454/3195
f 3230/3462/3197 3245/3463/3213 3244/3461/3212 3229/3460/3196
f 3246/3464/3214 3234/3465/3201 3233/3459/3200 3243/3458/3211
f 3247/3466/3215 3235/3467/3202 3234/3465/3201 3246/3464/3214
f 3248/3468/3216 3236/3469/3203 3235/3467/3202 3247/3466/3215
f 3249/3470/3217 3237/3471/3204 3236/3469/3203 3248/3468/3216
f 3250/3472/3218 3238/3473/3205 3237/3474/3204 3249/3475/3217
f 3231/3476/3198 3251/3477/3219 3245/3463/3213 3230/3462/3197
f 3350/3478/3220 3251/3477/3219 3231/3476/3198 3351/3479/3206
f 3252/3480/3221 3255/3481/3222 3254/3482/3223 3253/3483/3224
f 3349/3484/3225 3257/3485/3226 3251/3477/3219 3350/3478/3220
f 3258/3486/3227 3252/3480/3221 3240/3451/3208 3239/3450/3207
f 3252/3480/3221 3253/3483/3224 3242/3456/3210 3240/3451/3208
f 3255/3481/3222 3252/3480/3221 3258/3486/3227 3259/3487/3228
f 3260/3488/3229 3258/3486/3227 3239/3450/3207 3241/3455/3209
f 3259/3487/3228 3258/3486/3227 3260/3488/3229 3261/3489/3230
f 3262/3490/3231 3260/3488/3229 3241/3455/3209 3244/3461/3212
f 3261/3489/3230 3260/3488/3229 3262/3490/3231 3263/3491/3232
f 3253/3483/3224 3264/3492/3233 3243/3458/3211 3242/3456/3210
f 3253/3483/3224 3254/3482/3223 3265/3493/3234 3264/3492/3233
f 3264/3492/3233 3266/3494/3235 3246/3464/3214 3243/3458/3211
f 3264/3492/3233 3265/3493/3234 3267/3495/3236 3266/3494/3235
f 3268/3496/3237 3262/3490/3231 3244/3461/3212 3245/3463/3213
f 3263/3491/3232 3262/3490/3231 3268/3496/3237 3269/3497/3238
f 3257/3485/3226 3268/3496/3237 3245/3463/3213 3251/3477/3219
f 3269/3497/3238 3268/3496/3237 3257/3485/3226 3270/3498/3239
f 3266/3494/3235 3271/3499/3240 3247/3466/3215 3246/3464/3214
f 3266/3494/3235 3267/3495/3236 3272/3500/3241 3271/3499/3240
f 3271/3499/3240 3273/3501/3242 3248/3468/3216 3247/3466/3215
f 3271/3499/3240 3272/3500/3241 3274/3502/3243 3273/3501/3242
f 3273/3501/3242 3275/3503/3244 3249/3470/3217 3248/3468/3216
f 3273/3501/3242 3274/3502/3243 3276/3504/3245 3275/3503/3244
f 3275/3505/3244 3256/3506/3246 3250/3472/3218 3249/3475/3217
f 3275/3505/3244 3276/3507/3245 3277/3508/3247 3256/3506/3246
f 3349/3484/3225 3348/3509/3248 3270/3498/3239 3257/3485/3226
f 3278/3510/3249 3281/3511/3250 3280/3512/3251 3279/3513/3252
f 3280/3512/3251 3283/3514/3253 3282/3515/3254 3279/3513/3252
f 3284/3516/3255 3283/3514/3253 3280/3512/3251 3285/3517/3256
f 3283/3514/3253 3287/3518/3257 3286/3519/3258 3282/3515/3254
f 3288/3520/3259 3287/3518/3257 3283/3514/3253 3284/3516/3255
f 3287/3518/3257 3290/3521/3260 3289/3522/3261 3286/3519/3258
f 3291/3523/3262 3290/3521/3260 3287/3518/3257 3288/3520/3259
f 3290/3521/3260 3293/3524/3263 3292/3525/3264 3289/3522/3261
f 3294/3526/3265 3293/3524/3263 3290/3521/3260 3291/3523/3262
f 3293/3524/3263 3296/3527/3266 3295/3528/3267 3292/3525/3264
f 3297/3529/3268 3296/3527/3266 3293/3524/3263 3294/3526/3265
f 3296/3527/3266 3299/3530/3269 3298/3531/3270 3295/3528/3267
f 3300/3532/3271 3299/3530/3269 3296/3527/3266 3297/3529/3268
f 3299/3530/3269 3302/3533/3272 3301/3534/3273 3298/3531/3270
f 3303/3535/3274 3302/3533/3272 3299/3530/3269 3300/3532/3271
f 3302/3533/3272 3305/3536/3275 3304/3537/3276 3301/3534/3273
f 3306/3538/3277 3305/3536/3275 3302/3533/3272 3303/3535/3274
f 3305/3536/3275 3308/3539/3278 3307/3540/3279 3304/3537/3276
f 3309/3541/3280 3308/3539/3278 3305/3536/3275 3306/3538/3277
f 3308/3539/3278 3311/3542/3281 3310/3543/3282 3307/3540/3279
f 3312/3544/3283 3311/3542/3281 3308/3539/3278 3309/3541/3280
f 3311/3545/3281 3314/3546/3284 3313/3547/3285 3310/3548/3282
f 3345/3549/3286 3344/3550/3287 3281/3511/3250 3278/3510/3249
f 3315/3551/3288 3314/3546/3284 3311/3545/3281 3312/3552/3283
f 3316/3553/3289 3285/3517/3256 3280/3512/3251 3281/3511/3250
f 3343/3554/3290 3316/3553/3289 3281/3511/3250 3344/3550/3287
f 3317/3555/3291 3320/3556/3292 3319/3557/3293 3318/3558/3294
f 3295/3528/3267 3320/3556/3292 3317/3555/3291 3292/3525/3264
f 3318/3558/3294 3319/3557/3293 3254/3482/3223 3255/3481/3222
f 3320/3556/3292 3322/3559/3295 3321/3560/3296 3319/3557/3293
f 3298/3531/3270 3322/3559/3295 3320/3556/3292 3295/3528/3267
f 3319/3557/3293 3321/3560/3296 3265/3493/3234 3254/3482/3223
f 3323/3561/3297 3317/3555/3291 3318/3558/3294 3324/3562/3298
f 3323/3561/3297 3289/3522/3261 3292/3525/3264 3317/3555/3291
f 3324/3562/3298 3318/3558/3294 3255/3481/3222 3259/3487/3228
f 3325/3563/3299 3323/3561/3297 3324/3562/3298 3326/3564/3300
f 3325/3563/3299 3286/3519/3258 3289/3522/3261 3323/3561/3297
f 3326/3564/3300 3324/3562/3298 3259/3487/3228 3261/3489/3230
f 3322/3559/3295 3328/3565/3301 3327/3566/3302 3321/3560/3296
f 3301/3534/3273 3328/3565/3301 3322/3559/3295 3298/3531/3270
f 3321/3560/3296 3327/3566/3302 3267/3495/3236 3265/3493/3234
f 3328/3565/3301 3330/3567/3303 3329/3568/3304 3327/3566/3302
f 3304/3537/3276 3330/3567/3303 3328/3565/3301 3301/3534/3273
f 3327/3566/3302 3329/3568/3304 3272/3500/3241 3267/3495/3236
f 3330/3567/3303 3332/3569/3305 3331/3570/3306 3329/3568/3304
f 3307/3540/3279 3332/3569/3305 3330/3567/3303 3304/3537/3276
f 3329/3568/3304 3331/3570/3306 3274/3502/3243 3272/3500/3241
f 3333/3571/3307 3325/3563/3299 3326/3564/3300 3334/3572/3308
f 3333/3571/3307 3282/3515/3254 3286/3519/3258 3325/3563/3299
f 3334/3572/3308 3326/3564/3300 3261/3489/3230 3263/3491/3232
f 3335/3573/3309 3333/3571/3307 3334/3572/3308 3336/3574/3310
f 3335/3573/3309 3279/3513/3252 3282/3515/3254 3333/3571/3307
f 3336/3574/3310 3334/3572/3308 3263/3491/3232 3269/3497/3238
f 3337/3575/3311 3336/3574/3310 3269/3497/3238 3270/3498/3239
f 3338/3576/3312 3335/3573/3309 3336/3574/3310 3337/3575/3311
f 3338/3576/3312 3278/3510/3249 3279/3513/3252 3335/3573/3309
f 3346/3577/3313 3345/3549/3286 3278/3510/3249 3338/3576/3312
f 3347/3578/3314 3337/3575/3311 3270/3498/3239 3348/3509/3248
f 3346/3577/3313 3338/3576/3312 3337/3575/3311 3347/3578/3314
f 3341/3579/3315 3310/3548/3282 3313/3547/3285 3339/3580/3316
f 3342/3581/3317 3340/3582/3318 3277/3508/3247 3276/3507/3245
f 3332/3569/3305 3341/3583/3315 3342/3584/3317 3331/3570/3306
f 3341/3579/3315 3339/3580/3316 3340/3582/3318 3342/3581/3317
f 3310/3543/3282 3341/3583/3315 3332/3569/3305 3307/3540/3279
f 3331/3570/3306 3342/3584/3317 3276/3504/3245 3274/3502/3243
f 3315/3551/3288 3343/3554/3290 3344/3550/3287 3314/3546/3284
f 3313/3547/3285 3314/3546/3284 3344/3550/3287 3345/3549/3286
f 3339/3580/3316 3313/3547/3285 3345/3549/3286 3346/3577/3313
f 3339/3580/3316 3346/3577/3313 3347/3578/3314 3340/3582/3318
f 3340/3582/3318 3347/3578/3314 3348/3509/3248 3277/3508/3247
f 3256/3506/3246 3277/3508/3247 3348/3509/3248 3349/3484/3225
f 3256/3506/3246 3349/3484/3225 3350/3478/3220 3250/3472/3218
f 3250/3472/3218 3350/3478/3220 3351/3479/3206 3238/3473/3205
f 3238/3448/3205 3351/3449/3206 2742/2928/2721 2735/2911/2704
f 3224/3435/3192 3212/3431/3189 3217/3422/3180 3221/3430/3188
f 3224/3435/3192 3221/3430/3188 3223/3429/3187 3225/3434/3191
f 3206/3402/3165 3203/3395/3158 3202/3392/3155 3352/3585/3319
f 3352/3585/3319 3202/3392/3155 3201/3390/3153 3200/3389/3152
f 3206/3402/3165 3352/3585/3319 3200/3389/3152 3199/3399/3162
f 2864/3586/3320 2863/3587/3321 2868/3005/2796 2870/3012/2803
f 2865/3588/3322 2864/3586/3320 2889/3589/3323 2890/3024/2815
f 2890/3024/2815 2891/3022/2813 2866/3015/2806 2865/3588/3322
f 2866/3015/2806 2855/3014/2805 2862/3590/3324 2865/3588/3322
f 3356/3591/3325 3355/3592/3326 2864/3586/3320 2865/3588/3322
f 3356/3591/3325 2865/3588/3322 2862/3590/3324 3354/3593/3327
f 2862/3590/3324 2855/3014/2805 2848/3000/2791 2861/3594/3328
f 3357/3595/3329 3354/3593/3327 2862/3590/3324 2861/3594/3328
f 2854/3596/3330 2853/3001/2792 2868/3005/2796 2863/3587/3321
f 2847/2999/2790 2846/2998/2789 2853/3001/2792 2854/3596/3330
f 2861/3594/3328 2848/3000/2791 2847/2999/2790 2854/3596/3330
f 3355/3592/3326 3356/3591/3325 3354/3593/3327 3353/3597/3331
f 3358/3598/3332 3357/3595/3329 2861/3594/3328 2854/3596/3330
f 3358/3598/3332 2854/3596/3330 2863/3587/3321 3353/3597/3331
f 3353/3597/3331 2863/3587/3321 2864/3586/3320 3355/3592/3326
f 3353/3597/3331 3354/3593/3327 3357/3595/3329 3358/3598/3332
f 2702/3599/3333 2706/3600/3334 2708/2893/2686 2714/2896/2689
f 2702/3599/3333 2714/2896/2689 2726/2897/2690 2727/2907/2700
f 2705/3601/3335 2702/3599/3333 2727/2907/2700 2711/2909/2702
f 2711/2909/2702 2710/3043/2833 2707/3602/3336 2705/3601/3335
f 3362/3603/3337 3361/3604/3338 2702/3599/3333 2705/3601/3335
f 3362/3603/3337 2705/3601/3335 2707/3602/3336 3360/3605/3339
f 2707/3602/3336 2710/3043/2833 2682/3040/2830 2704/3606/3340
f 2704/3606/3340 2682/3040/2830 2683/2884/2677 2697/2883/2676
f 3363/3607/3341 3360/3605/3339 2707/3602/3336 2704/3606/3340
f 2703/3608/3342 2704/3606/3340 2697/2883/2676 2698/2891/2684
f 2698/2891/2684 2708/2893/2686 2706/3600/3334 2703/3608/3342
f 3361/3604/3338 3362/3603/3337 3360/3605/3339 3359/3609/3343
f 3364/3610/3344 3363/3607/3341 2704/3606/3340 2703/3608/3342
f 3364/3610/3344 2703/3608/3342 2706/3600/3334 3359/3609/3343
f 3359/3609/3343 2706/3600/3334 2702/3599/3333 3361/3604/3338
f 3359/3609/3343 3360/3605/3339 3363/3607/3341 3364/3610/3344
f 3213/3611/3345 3078/3421/3179 3075/3420/3178 3214/3419/3177
f 2689/3337/3103 2688/2879/2672 2673/2882/2675 2672/3612/3161
f 3210/3406/3168 3166/3404/3166 2689/3337/3103 2672/3612/3161
f 3193/3412/3172 3081/3425/3183 3178/3382/3145 2672/3613/3161
f 2672/3612/3161 3192/3409/3160 3209/3407/3169 3210/3406/3168
f 2674/2881/2674 2687/2880/2673 2686/2892/2685 2675/3614/3346
f 2685/2886/2679 2684/2885/2678 2677/2955/2748 2676/3615/3347
f 2675/3614/3346 2686/2892/2685 2685/2886/2679 2676/3615/3347
f 2889/3589/3323 2864/3586/3320 2870/3012/2803 2888/3616/3348
f 3383/3617/3349 2889/3589/3323 2888/3616/3348 3384/3618/3350
f 3385/3619/3351 3384/3618/3350 2888/3616/3348 2887/3620/3352
f 2888/3616/3348 2870/3012/2803 2871/3011/2802 2887/3620/3352
f 2887/3620/3352 2871/3011/2802 2872/3008/2799 2886/3621/3353
f 2886/3621/3353 2872/3008/2799 2873/3010/2801 2885/3380/3144
f 3387/3622/3354 3386/3623/3355 2887/3620/3352 2886/3621/3353
f 2885/3380/3144 3070/3377/3141 3190/3379/3143 3191/3624/3356
f 2886/3621/3353 2885/3380/3144 3191/3624/3356
f 3388/3625/3357 3387/3622/3354 2886/3621/3353 3191/3624/3356
f 3390/3626/3358 3377/3627/3359 2694/3628/3360 3391/3629/3361
f 3391/3629/3361 3389/3630/3362 3378/3631/3363 3390/3626/3358
f 3394/3632/3364 3392/3633/3365 3379/3634/3366 2900/3635/3367
f 3393/3636/3368 3378/3631/3363 3392/3633/3365 3394/3632/3364
f 2693/3637/3369 3377/3627/3359 3390/3626/3358 3396/3638/3370
f 3396/3638/3370 3390/3626/3358 3378/3631/3363 3393/3636/3368
f 2901/3639/3371 3379/3634/3366 3392/3633/3365 3395/3640/3372
f 3392/3633/3365 3378/3631/3363 3389/3630/3362 3395/3640/3372
f 3389/3630/3362 3391/3629/3361 2694/3628/3360 3368/3641/3373
f 2902/3642/3374 2890/3024/2815 2889/3589/3323 2901/3639/3371
f 3402/3643/3375 3399/3644/3376 3369/3645/3377
f 2695/3646/3378 2677/3647/2748 2678/3648/2747 2696/3649/3379
f 2696/3649/3379 2678/3648/2747 2794/2960/2750
f 2696/3649/3379 2794/2960/2750 2797/2959/2752 2806/3023/2814
f 3402/3643/3375 3397/3650/3380 2695/3646/3378 2696/3649/3379
f 2696/3649/3379 2902/3642/3374 3399/3644/3376 3402/3643/3375
f 2806/3023/2814 2890/3024/2815 2902/3642/3374 2696/3649/3379
f 3402/3643/3375 3369/3645/3377 3397/3650/3380
f 2694/3628/3360 3377/3627/3359 2676/3651/3347
f 2694/3628/3360 2676/3651/3347 2677/3647/2748 2695/3646/3378
f 2694/3628/3360 2695/3646/3378 3397/3650/3380 3400/3652/3381
f 3400/3652/3381 3398/3653/3382 3368/3641/3373 2694/3628/3360
f 3397/3650/3380 3369/3645/3377 3398/3653/3382 3400/3652/3381
f 2901/3639/3371 2889/3589/3323 3383/3617/3349 3379/3634/3366
f 3401/3654/3383 3399/3644/3376 2902/3642/3374 2901/3639/3371
f 2901/3639/3371 3368/3641/3373 3398/3653/3382 3401/3654/3383
f 3395/3640/3372 3389/3630/3362 3368/3641/3373 2901/3639/3371
f 3401/3654/3383 3398/3653/3382 3369/3645/3377 3399/3644/3376
f 2898/3655/3384 3371/3656/3385 3386/3623/3355 3387/3622/3354
f 3403/3657/3386 3372/3658/3387 3406/3659/3388 3407/3660/3389
f 2691/3661/3390 3373/3662/3391 3404/3663/3392 3410/3664/3393
f 3404/3663/3392 3372/3658/3387 3403/3657/3386 3410/3664/3393
f 3408/3665/3394 3404/3663/3392 3373/3662/3391 2692/3666/3395
f 3405/3667/3396 3372/3658/3387 3404/3663/3392 3408/3665/3394
f 3406/3659/3388 3372/3658/3387 3405/3667/3396 3409/3668/3397
f 3388/3625/3357 3191/3624/3356 2903/3669/3398 3374/3670/3399
f 3403/3657/3386 3407/3660/3389 2898/3655/3384 3367/3671/3400
f 2672/3672/3161 2673/3673/2675 2691/3661/3390 3376/3674/3401
f 2690/3675/3402 3370/3676/3403 3213/3611/3345
f 3415/3677/3404 3411/3678/3405 3370/3676/3403 2690/3675/3402
f 2690/3675/3402 3213/3611/3345 3214/3419/3177 3215/3415/3173
f 2690/3675/3402 3215/3415/3173 3193/3414/3172 2672/3672/3161
f 2672/3672/3161 3376/3674/3401 2690/3675/3402
f 2690/3675/3402 3376/3674/3401 3414/3679/3406 3415/3677/3404
f 3415/3677/3404 3414/3679/3406 3375/3680/3407 3411/3678/3405
f 2903/3669/3398 3069/3378/3142 3077/3376/3140 3078/3421/3179
f 3191/3624/3356 3190/3379/3143 3069/3378/3142 2903/3669/3398
f 3418/3681/3408 3412/3682/3409 3374/3670/3399 2903/3669/3398
f 2903/3669/3398 3078/3421/3179 3213/3611/3345 3370/3676/3403
f 2903/3669/3398 3370/3676/3403 3411/3678/3405 3418/3681/3408
f 3418/3681/3408 3411/3678/3405 3375/3680/3407 3412/3682/3409
f 3417/3683/3410 3413/3684/3411 3367/3671/3400 2898/3655/3384
f 3407/3660/3389 3406/3659/3388 3371/3656/3385 2898/3655/3384
f 2898/3655/3384 3387/3622/3354 3388/3625/3357 3374/3670/3399
f 2898/3655/3384 3374/3670/3399 3412/3682/3409 3417/3683/3410
f 3417/3683/3410 3412/3682/3409 3375/3680/3407 3413/3684/3411
f 2691/3661/3390 2673/3673/2675 2674/3685/2674 3373/3662/3391
f 3416/3686/3412 3414/3679/3406 3376/3674/3401 2691/3661/3390
f 2691/3661/3390 3367/3671/3400 3413/3684/3411 3416/3686/3412
f 3410/3664/3393 3403/3657/3386 3367/3671/3400 2691/3661/3390
f 3416/3686/3412 3413/3684/3411 3375/3680/3407 3414/3679/3406
f 3365/3687/3413 2693/3637/3369 3396/3638/3370 3393/3636/3368
f 3382/3688/3414 2900/3635/3367 3384/3618/3350 3385/3619/3351
f 2692/3666/3395 3373/3662/3391 2674/3685/2674
f 2692/3666/3395 2674/3685/2674 2675/3689/3346 3380/3690/3415
f 3424/3691/3416 3419/3692/3417 3366/3693/3418 2692/3666/3395
f 2692/3666/3395 3366/3693/3418 3405/3667/3396 3408/3665/3394
f 2692/3666/3395 3380/3690/3415 3420/3694/3419 3424/3691/3416
f 3420/3694/3419 3381/3695/3420 3419/3692/3417 3424/3691/3416
f 2899/3696/3421 3366/3693/3418 3419/3692/3417 3423/3697/3422
f 3409/3668/3397 3405/3667/3396 3366/3693/3418 2899/3696/3421
f 2899/3696/3421 3382/3688/3414 3385/3619/3351 2887/3620/3352
f 3423/3697/3422 3422/3698/3423 3382/3688/3414 2899/3696/3421
f 2899/3696/3421 2887/3620/3352 3386/3623/3355 3371/3656/3385
f 2899/3696/3421 3371/3656/3385 3406/3659/3388 3409/3668/3397
f 3419/3692/3417 3381/3695/3420 3422/3698/3423 3423/3697/3422
f 2900/3635/3367 3379/3634/3366 3383/3617/3349 3384/3618/3350
f 2900/3635/3367 3365/3687/3413 3393/3636/3368 3394/3632/3364
f 3426/3699/3424 3421/3700/3425 3365/3687/3413 2900/3635/3367
f 2900/3635/3367 3382/3688/3414 3422/3698/3423 3426/3699/3424
f 3422/3698/3423 3381/3695/3420 3421/3700/3425 3426/3699/3424
f 3425/3701/3426 3420/3694/3419 3380/3690/3415 2693/3637/3369
f 2693/3637/3369 3380/3690/3415 2675/3689/3346
f 2693/3637/3369 2675/3689/3346 2676/3651/3347 3377/3627/3359
f 2693/3637/3369 3365/3687/3413 3421/3700/3425 3425/3701/3426
f 3421/3700/3425 3381/3695/3420 3420/3694/3419 3425/3701/3426
f 3444/3702/3427 3448/3703/3428 3438/3704/3429 3429/3705/3430
f 3448/3703/3428 3444/3702/3427 3463/3706/3431 3461/3707/3432
f 3457/3708/3433 3455/3709/3434 3458/3710/3435 3460/3711/3436
f 3442/3712/3437 3434/3713/3438 3561/3714/3439 3560/3715/3440
f 3434/3713/3438 3447/3716/3441 3562/3717/3442 3561/3714/3439
f 3435/3718/3443 3442/3712/3437 3560/3715/3440 3559/3719/3444
f 3474/3720/3445 3473/3721/3446 3568/3722/3447 3567/3723/3448
f 3475/3724/3449 3474/3720/3445 3567/3723/3448 3566/3725/3450
f 3476/3726/3451 3475/3724/3449 3566/3725/3450 3565/3727/3452
f 3560/3715/3440 3561/3714/3439 3573/3728/3453 3572/3729/3454
f 3561/3714/3439 3562/3717/3442 3574/3730/3455 3573/3728/3453
f 3567/3723/3448 3568/3722/3447 3580/3731/3456 3579/3732/3457
f 3566/3725/3450 3567/3723/3448 3579/3732/3457 3578/3733/3458
f 3565/3727/3452 3566/3725/3450 3578/3733/3458 3577/3734/3459
f 3573/3728/3453 3574/3730/3455 3519/3735/3460 3517/3736/3461
f 3572/3729/3454 3573/3728/3453 3517/3736/3461 3518/3737/3462
f 3580/3731/3456 3581/3738/3463 3522/3739/3464 3523/3740/3465
f 3579/3732/3457 3580/3731/3456 3523/3740/3465 3524/3741/3466
f 3578/3733/3458 3579/3732/3457 3524/3741/3466 3525/3742/3467
f 3577/3734/3459 3578/3733/3458 3525/3742/3467 3526/3743/3468
f 3454/3744/3469 3457/3708/3433 3469/3745/3470 3470/3746/3471
f 3469/3745/3470 3457/3708/3433 3460/3711/3436 3468/3747/3472
f 3432/3748/3473 3429/3705/3430 3440/3749/3474 3441/3750/3475
f 3444/3702/3427 3429/3705/3430 3432/3748/3473 3446/3751/3476
f 3433/3752/3477 3463/3706/3431 3444/3702/3427 3446/3751/3476
f 3591/3753/3478 3592/3754/3479 3604/3755/3480 3603/3756/3481
f 3590/3757/3482 3591/3753/3478 3603/3756/3481 3602/3758/3483
f 3589/3759/3484 3590/3757/3482 3602/3758/3483 3601/3760/3485
f 3584/3761/3486 3585/3762/3487 3597/3763/3488 3596/3764/3489
f 3603/3756/3481 3604/3755/3480 3470/3746/3471 3469/3745/3470
f 3603/3756/3481 3469/3745/3470 3468/3747/3472 3602/3758/3483
f 3471/3765/3490 3470/3746/3471 3604/3755/3480 3605/3766/3491
f 3601/3760/3485 3602/3758/3483 3468/3747/3472 3467/3767/3492
f 3432/3748/3473 3441/3750/3475 3596/3764/3489 3597/3763/3488
f 3446/3751/3476 3432/3748/3473 3597/3763/3488 3598/3768/3493
f 3451/3769/3494 3454/3744/3469 3470/3746/3471 3471/3765/3490
f 3464/3770/3495 3460/3711/3436 3458/3710/3435 3465/3771/3496
f 3468/3747/3472 3460/3711/3436 3464/3770/3495 3467/3767/3492
f 3431/3772/3497 3441/3750/3475 3440/3749/3474 3427/3773/3498
f 3568/3722/3447 3473/3721/3446 3472/3774/3499 3569/3775/3500
f 3562/3717/3442 3447/3716/3441 3436/3776/3501 3563/3777/3502
f 3559/3719/3444 3560/3715/3440 3572/3729/3454 3571/3778/3503
f 3574/3730/3455 3562/3717/3442 3563/3777/3502 3575/3779/3504
f 3571/3778/3503 3572/3729/3454 3518/3737/3462 3520/3780/3505
f 3519/3735/3460 3574/3730/3455 3575/3779/3504 3521/3781/3506
f 3583/3782/3507 3584/3761/3486 3596/3764/3489 3595/3783/3508
f 3596/3764/3489 3441/3750/3475 3431/3772/3497 3595/3783/3508
f 3433/3752/3477 3446/3751/3476 3598/3768/3493 3599/3784/3509
f 3500/3785/3510 3503/3786/3511 3467/3767/3492 3464/3770/3495
f 3606/3787/3512 3595/3783/3508 3431/3772/3497 3504/3788/3513
f 3499/3789/3514 3427/3773/3498 3437/3790/3515 3497/3791/3516
f 3449/3792/3517 3451/3769/3494 3499/3793/3514 3497/3794/3516
f 3451/3769/3494 3471/3765/3490 3504/3795/3513 3499/3793/3514
f 3499/3789/3514 3504/3788/3513 3431/3772/3497 3427/3773/3498
f 3501/3796/3518 3461/3707/3432 3463/3706/3431 3500/3785/3510
f 3500/3785/3510 3463/3706/3431 3433/3752/3477 3503/3786/3511
f 3464/3770/3495 3465/3771/3496 3501/3796/3518 3500/3785/3510
f 3503/3786/3511 3433/3752/3477 3599/3784/3509 3600/3797/3519
f 3601/3760/3485 3467/3767/3492 3503/3786/3511 3600/3797/3519
f 3606/3798/3512 3504/3795/3513 3471/3765/3490 3605/3766/3491
f 3505/3799/3520 3435/3718/3443 3559/3719/3444 3570/3800/3521
f 3569/3775/3500 3472/3774/3499 3505/3801/3520 3570/3802/3521
f 3506/3803/3522 3476/3726/3451 3565/3727/3452 3564/3804/3523
f 3563/3777/3502 3436/3776/3501 3506/3803/3522 3564/3804/3523
f 3570/3800/3521 3559/3719/3444 3571/3778/3503 3582/3805/3524
f 3581/3738/3463 3569/3775/3500 3570/3802/3521 3582/3806/3524
f 3564/3804/3523 3565/3727/3452 3577/3734/3459 3576/3807/3525
f 3575/3779/3504 3563/3777/3502 3564/3804/3523 3576/3807/3525
f 3576/3807/3525 3577/3734/3459 3526/3743/3468 3528/3808/3526
f 3521/3781/3506 3575/3779/3504 3576/3807/3525 3528/3808/3526
f 3588/3809/3527 3589/3759/3484 3601/3760/3485 3600/3797/3519
f 3599/3784/3509 3587/3810/3528 3588/3809/3527 3600/3797/3519
f 3478/3811/3529 3477/3812/3530 3510/3813/3531 3511/3814/3532
f 3509/3815/3533 3510/3813/3531 3477/3812/3530 3479/3816/3534
f 3480/3817/3535 3478/3811/3529 3511/3814/3532 3507/3818/3536
f 3483/3819/3537 3482/3820/3538 3507/3821/3536 3511/3822/3532
f 3484/3823/3539 3483/3819/3537 3511/3822/3532 3510/3824/3531
f 3485/3825/3540 3484/3823/3539 3510/3824/3531 3509/3826/3533
f 3522/3739/3464 3581/3738/3463 3582/3806/3524 3527/3827/3541
f 3527/3828/3541 3582/3805/3524 3571/3778/3503 3520/3780/3505
f 3508/3829/3542 3486/3830/3543 3485/3825/3540 3509/3826/3533
f 3508/3829/3542 3509/3815/3533 3479/3816/3534 3481/3831/3544
f 3477/3812/3530 3478/3811/3529 3518/3737/3462 3517/3736/3461
f 3522/3739/3464 3527/3827/3541 3507/3821/3536 3482/3820/3538
f 3517/3736/3461 3519/3735/3460 3479/3816/3534 3477/3812/3530
f 3478/3811/3529 3480/3817/3535 3520/3780/3505 3518/3737/3462
f 3519/3735/3460 3521/3781/3506 3481/3831/3544 3479/3816/3534
f 3480/3817/3535 3507/3818/3536 3527/3828/3541 3520/3780/3505
f 3521/3781/3506 3528/3808/3526 3508/3829/3542 3481/3831/3544
f 3482/3820/3538 3483/3819/3537 3523/3740/3465 3522/3739/3464
f 3483/3819/3537 3484/3823/3539 3524/3741/3466 3523/3740/3465
f 3484/3823/3539 3485/3825/3540 3525/3742/3467 3524/3741/3466
f 3485/3825/3540 3486/3830/3543 3526/3743/3468 3525/3742/3467
f 3486/3830/3543 3508/3829/3542 3528/3808/3526 3526/3743/3468
f 3445/3832/3545 3447/3716/3441 3434/3713/3438 3430/3833/3546
f 3454/3744/3469 3451/3769/3494 3449/3792/3517 3453/3834/3547
f 3455/3709/3434 3457/3708/3433 3454/3744/3469 3453/3834/3547
f 3436/3776/3501 3447/3716/3441 3445/3832/3545 3462/3835/3548
f 3466/3836/3549 3459/3837/3550 3475/3724/3449 3476/3726/3451
f 3506/3803/3522 3436/3776/3501 3462/3835/3548 3502/3838/3551
f 3466/3836/3549 3476/3726/3451 3506/3803/3522 3502/3838/3551
f 3530/3839/3552 3532/3840/3553 3445/3832/3545 3430/3833/3546
f 3530/3839/3552 3438/3704/3429 3448/3703/3428 3532/3840/3553
f 3532/3840/3553 3448/3703/3428 3461/3707/3432 3537/3841/3554
f 3532/3840/3553 3537/3841/3554 3462/3835/3548 3445/3832/3545
f 3536/3842/3555 3458/3710/3435 3455/3709/3434 3535/3843/3556
f 3538/3844/3557 3465/3771/3496 3458/3710/3435 3536/3842/3555
f 3459/3837/3550 3466/3836/3549 3538/3844/3557 3536/3842/3555
f 3537/3841/3554 3461/3707/3432 3501/3796/3518 3540/3845/3558
f 3537/3841/3554 3540/3845/3558 3502/3838/3551 3462/3835/3548
f 3540/3845/3558 3501/3796/3518 3465/3771/3496 3538/3844/3557
f 3466/3836/3549 3502/3838/3551 3540/3845/3558 3538/3844/3557
f 3498/3846/3559 3428/3847/3560 3435/3718/3443 3505/3799/3520
f 3542/3848/3561 3541/3849/3562 3428/3847/3560 3498/3846/3559
f 3498/3850/3559 3505/3801/3520 3472/3774/3499 3450/3851/3563
f 3533/3852/3564 3449/3792/3517 3497/3794/3516 3539/3853/3565
f 3543/3854/3566 3533/3852/3564 3539/3853/3565 3542/3855/3561
f 3543/3854/3566 3542/3855/3561 3498/3850/3559 3450/3851/3563
f 3453/3834/3547 3449/3792/3517 3533/3852/3564 3534/3856/3567
f 3452/3857/3568 3450/3851/3563 3472/3774/3499 3473/3721/3446
f 3534/3856/3567 3535/3843/3556 3455/3709/3434 3453/3834/3547
f 3442/3712/3437 3435/3718/3443 3428/3847/3560 3439/3858/3569
f 3430/3833/3546 3434/3713/3438 3442/3712/3437 3439/3858/3569
f 3439/3858/3569 3428/3847/3560 3541/3849/3562 3545/3859/3570
f 3541/3849/3562 3542/3848/3561 3539/3860/3565 3529/3861/3571
f 3539/3860/3565 3497/3791/3516 3437/3790/3515 3529/3861/3571
f 3531/3862/3572 3530/3839/3552 3430/3833/3546 3439/3858/3569
f 3546/3863/3573 3529/3861/3571 3437/3790/3515 3443/3864/3574
f 3437/3790/3515 3427/3773/3498 3440/3749/3474 3443/3864/3574
f 3546/3863/3573 3531/3862/3572 3439/3858/3569 3545/3859/3570
f 3546/3863/3573 3545/3859/3570 3541/3849/3562 3529/3861/3571
f 3440/3749/3474 3429/3705/3430 3438/3704/3429 3443/3864/3574
f 3443/3864/3574 3438/3704/3429 3530/3839/3552 3531/3862/3572
f 3443/3864/3574 3531/3862/3572 3546/3863/3573
f 3544/3865/3575 3452/3857/3568 3456/3866/3576
f 3456/3866/3576 3452/3857/3568 3473/3721/3446 3474/3720/3445
f 3474/3720/3445 3475/3724/3449 3459/3837/3550 3456/3866/3576
f 3456/3866/3576 3459/3837/3550 3536/3842/3555 3535/3843/3556
f 3456/3866/3576 3535/3843/3556 3534/3856/3567 3544/3865/3575
f 3543/3854/3566 3450/3851/3563 3452/3857/3568 3544/3865/3575
f 3534/3856/3567 3533/3852/3564 3543/3854/3566 3544/3865/3575
f 3488/3867/3577 3487/3868/3578 3515/3869/3579 3514/3870/3580
f 3516/3871/3581 3515/3869/3579 3487/3868/3578 3489/3872/3582
f 3491/3873/3583 3488/3867/3577 3514/3870/3580 3513/3874/3584
f 3494/3875/3585 3493/3876/3586 3513/3877/3584 3514/3878/3580
f 3515/3879/3579 3516/3880/3581 3496/3881/3587 3495/3882/3588
f 3495/3882/3588 3494/3875/3585 3514/3878/3580 3515/3879/3579
f 3516/3871/3581 3489/3872/3582 3490/3883/3589 3512/3884/3590
f 3492/3885/3591 3496/3881/3587 3516/3880/3581 3512/3884/3590
f 3492/3885/3591 3512/3884/3590 3557/3886/3592 3553/3887/3593
f 3556/3888/3594 3495/3882/3588 3496/3881/3587 3547/3889/3595
f 3547/3889/3595 3496/3881/3587 3492/3885/3591 3553/3887/3593
f 3548/3890/3596 3550/3891/3597 3489/3872/3582 3487/3868/3578
f 3487/3868/3578 3488/3867/3577 3549/3892/3598 3548/3890/3596
f 3488/3867/3577 3491/3873/3583 3552/3893/3599 3549/3892/3598
f 3550/3891/3597 3551/3894/3600 3490/3883/3589 3489/3872/3582
f 3551/3894/3600 3557/3886/3592 3512/3884/3590 3490/3883/3589
f 3491/3873/3583 3513/3874/3584 3558/3895/3601 3552/3893/3599
f 3493/3876/3586 3494/3875/3585 3555/3896/3602 3554/3897/3603
f 3554/3897/3603 3558/3898/3601 3513/3877/3584 3493/3876/3586
f 3494/3875/3585 3495/3882/3588 3556/3888/3594 3555/3896/3602
f 3581/3738/3463 3580/3731/3456 3568/3722/3447 3569/3775/3500
f 3555/3896/3602 3584/3761/3486 3583/3782/3507 3554/3897/3603
f 3585/3762/3487 3584/3761/3486 3555/3896/3602 3556/3888/3594
f 3547/3889/3595 3586/3899/3604 3585/3762/3487 3556/3888/3594
f 3553/3887/3593 3587/3810/3528 3586/3899/3604 3547/3889/3595
f 3557/3886/3592 3588/3809/3527 3587/3810/3528 3553/3887/3593
f 3551/3894/3600 3589/3759/3484 3588/3809/3527 3557/3886/3592
f 3550/3891/3597 3590/3757/3482 3589/3759/3484 3551/3894/3600
f 3548/3890/3596 3591/3753/3478 3590/3757/3482 3550/3891/3597
f 3592/3754/3479 3591/3753/3478 3548/3890/3596 3549/3892/3598
f 3593/3900/3605 3592/3754/3479 3549/3892/3598 3552/3893/3599
f 3558/3895/3601 3594/3901/3606 3593/3900/3605 3552/3893/3599
f 3554/3897/3603 3583/3782/3507 3594/3902/3606 3558/3898/3601
f 3598/3768/3493 3597/3763/3488 3585/3762/3487 3586/3899/3604
f 3599/3784/3509 3598/3768/3493 3586/3899/3604 3587/3810/3528
f 3605/3766/3491 3604/3755/3480 3592/3754/3479 3593/3900/3605
f 3594/3901/3606 3606/3798/3512 3605/3766/3491 3593/3900/3605
f 3583/3782/3507 3595/3783/3508 3606/3787/3512 3594/3902/3606
o mixamorig:Arms_Geo
v -0.201329 1.287008 0.303147
v -0.262246 1.247228 0.378910
v -0.308350 1.269684 0.386204
v -0.235023 1.325065 0.311436
v -0.285874 1.341410 0.294579
v -0.348535 1.269258 0.389396
v -0.344130 1.305339 0.231378
v -0.380058 1.253391 0.325180
v -0.286081 1.234228 0.219488
v -0.327900 1.183336 0.327295
v -0.228839 1.230527 0.254801
v -0.279930 1.193975 0.364071
v -0.086032 1.345115 0.660305
v -0.097506 1.329796 0.675914
v -0.048400 1.306772 0.679277
v -0.034826 1.321777 0.664156
v -0.045113 1.277596 0.657954
v -0.033558 1.287534 0.640594
v -0.054875 1.277048 0.627189
v -0.061413 1.271250 0.637476
v -0.067494 1.355879 0.639484
v -0.080305 1.344456 0.659351
v -0.039871 1.322956 0.668783
v -0.028143 1.334232 0.649766
v -0.031222 1.300253 0.634378
v -0.039925 1.292814 0.652356
v -0.059386 1.282870 0.637240
v -0.053053 1.287433 0.623667
v -0.102984 1.330350 0.678317
v -0.110093 1.308409 0.684929
v -0.057658 1.293111 0.693112
v -0.046154 1.311801 0.683159
v -0.031515 1.279243 0.658315
v -0.041982 1.265324 0.673855
v -0.057755 1.259600 0.657017
v -0.052944 1.266581 0.643969
v -0.113731 1.309974 0.688126
v -0.116756 1.283116 0.689007
v -0.079309 1.280993 0.700570
v -0.069671 1.300670 0.691542
v -0.061435 1.280840 0.668305
v -0.070406 1.265991 0.681488
v -0.076078 1.268848 0.653242
v -0.081115 1.260524 0.663444
v -0.062271 1.288158 0.592680
v -0.074492 1.326600 0.590637
v -0.040764 1.327691 0.599620
v -0.030406 1.307142 0.606973
v -0.016064 1.334304 0.628397
v -0.023432 1.345247 0.619665
v -0.110266 1.276513 0.681755
v -0.087024 1.284894 0.690675
v -0.080920 1.272751 0.678220
v -0.087853 1.267442 0.663695
v -0.098882 1.301610 0.675481
v -0.075515 1.301883 0.686179
v -0.069074 1.287939 0.668989
v -0.082498 1.274918 0.654750
v -0.095900 1.296921 0.671606
v -0.063232 1.294747 0.680733
v -0.049285 1.272880 0.673029
v -0.060320 1.266221 0.657020
v -0.037961 1.284894 0.656995
v -0.056554 1.272419 0.646169
v -0.042711 1.321016 0.656189
v -0.042023 1.297772 0.641287
v -0.058786 1.284451 0.629196
v -0.064819 1.277316 0.641660
v -0.053571 1.287911 0.658258
v -0.053817 1.308177 0.671336
v -0.089569 1.312865 0.659834
v -0.073481 1.328034 0.648074
v -0.050825 1.310290 0.672742
v -0.090408 1.316033 0.661755
v -0.076252 1.325997 0.649570
v -0.068106 1.344180 0.631386
v -0.035794 1.332461 0.644277
v -0.047800 1.321826 0.661725
v -0.048374 1.301895 0.652044
v -0.039396 1.307997 0.632807
v -0.062266 1.292155 0.638599
v -0.055757 1.295345 0.624551
v -0.046890 1.326959 0.607729
v -0.031816 1.342301 0.624158
v -0.066284 1.319117 0.608054
v -0.071429 1.287605 0.614025
v -0.041986 1.308617 0.615769
v -0.025849 1.332601 0.631376
v -0.111481 1.348876 0.655219
v -0.118641 1.333690 0.669459
v -0.127548 1.310325 0.677699
v -0.123617 1.328771 0.670829
v -0.101147 1.353705 0.650540
v -0.089362 1.362527 0.629016
v -0.132323 1.304581 0.676557
v -0.131091 1.280741 0.681271
v -0.119179 1.269206 0.675972
v -0.080017 1.345787 0.625732
v -0.079732 1.328212 0.643725
v -0.087738 1.313930 0.652887
v -0.083502 1.325271 0.645429
v -0.092001 1.308199 0.654457
v -0.094855 1.290962 0.661299
v -0.096753 1.286106 0.667215
v -0.072283 1.355507 0.651682
v -0.028072 1.328516 0.661051
v -0.031855 1.295180 0.643820
v -0.057752 1.283669 0.629023
v -0.071234 1.330306 0.637144
v -0.043953 1.326123 0.648843
v -0.048193 1.308496 0.640261
v -0.061429 1.295876 0.631185
v -0.097930 1.360913 0.639701
v -0.078595 1.334516 0.633418
v -0.092104 1.342373 0.670158
v -0.037654 1.315548 0.676437
v -0.035074 1.280146 0.648400
v -0.057635 1.272541 0.631034
v -0.063442 1.282212 0.635203
v -0.053230 1.295062 0.647570
v -0.050433 1.313244 0.660761
v -0.080556 1.315770 0.650547
v -0.117645 1.343528 0.661989
v -0.087534 1.318931 0.648390
v -0.106096 1.321068 0.684689
v -0.048296 1.303780 0.694269
v -0.032008 1.268884 0.667808
v -0.055767 1.260650 0.648921
v -0.059890 1.270498 0.652330
v -0.047616 1.280950 0.662167
v -0.059328 1.300214 0.670143
v -0.087306 1.305028 0.662780
v -0.129184 1.318652 0.676563
v -0.091327 1.298621 0.659250
v -0.120049 1.299043 0.693640
v -0.070973 1.290388 0.700409
v -0.061120 1.272905 0.673784
v -0.078730 1.264154 0.655971
v -0.101967 1.285608 0.676185
v -0.084626 1.295313 0.684314
v -0.078954 1.283591 0.671598
v -0.086689 1.272309 0.658024
v -0.134423 1.293899 0.680676
v -0.104269 1.273277 0.667998
v -0.053145 1.258615 0.662954
v -0.046783 1.270759 0.644982
v -0.058293 1.268942 0.664279
v -0.050660 1.277644 0.646607
v -0.047118 1.259957 0.652947
v -0.057936 1.277422 0.656457
v -0.061038 1.305374 0.579106
v -0.030283 1.318297 0.596124
v -0.019246 1.341732 0.624663
v -0.047555 1.317551 0.615232
v -0.028423 1.338444 0.629229
v -0.065396 1.310118 0.615367
v -0.046017 1.283016 0.629890
v -0.055426 1.270316 0.646469
v -0.052481 1.292282 0.632648
v -0.060725 1.281723 0.651016
v -0.048587 1.271828 0.636600
v -0.061554 1.289673 0.640425
v -0.052652 1.283992 0.645094
v -0.042214 1.292539 0.625655
v -0.057101 1.296663 0.645878
v -0.049604 1.302907 0.627035
v -0.045347 1.284995 0.634389
v -0.057938 1.303331 0.635634
v -0.070406 1.274127 0.656515
v -0.079178 1.261456 0.669693
v -0.086976 1.268683 0.670872
v -0.078288 1.281386 0.657986
v -0.071536 1.265782 0.661878
v -0.087110 1.280065 0.663538
v -0.017519 1.326130 0.625767
v -0.027216 1.341956 0.612475
v -0.040678 1.336593 0.619085
v -0.029962 1.325033 0.629831
v -0.018374 1.337486 0.616893
v -0.037350 1.331385 0.626773
v -0.025907 1.312692 0.614385
v -0.045968 1.327456 0.607513
v -0.040132 1.311729 0.619371
v -0.025234 1.324067 0.602973
v -0.046085 1.319122 0.616140
v -0.034908 1.330759 0.603280
v -0.088595 1.350356 0.609432
v -0.065112 1.330868 0.615744
v -0.082133 1.303797 0.627695
v -0.087584 1.280387 0.614089
v -0.084411 1.275332 0.591707
v -0.085778 1.295417 0.574148
v -0.095835 1.318319 0.575825
v -0.073613 1.330880 0.627110
v -0.094930 1.296318 0.632747
v -0.095628 1.286992 0.622392
v -0.103116 1.269793 0.587674
v -0.105625 1.287452 0.568699
v -0.116080 1.306929 0.567724
v -0.103888 1.270243 0.604976
v -0.105829 1.273841 0.613148
v -0.108057 1.275361 0.620282
v -0.134950 1.288394 0.558722
v -0.125461 1.274055 0.551750
v -0.122960 1.254233 0.560899
v -0.125154 1.245622 0.588472
v -0.108936 1.337468 0.599356
v -0.127411 1.321458 0.581462
v -0.112578 1.349741 0.638159
v -0.122862 1.336476 0.619824
v -0.131748 1.325226 0.655724
v -0.138791 1.306030 0.665376
v -0.098509 1.280561 0.659310
v -0.090598 1.305596 0.650928
v -0.084112 1.322923 0.637941
v -0.102342 1.271188 0.642133
v -0.113255 1.256685 0.652701
v -0.128924 1.257324 0.661637
v -0.142892 1.268511 0.662917
v -0.146706 1.288815 0.657700
v -0.140697 1.315264 0.640659
v -0.111560 1.256036 0.626166
v -0.124269 1.246458 0.638253
v -0.138662 1.247857 0.645249
v -0.151395 1.260587 0.646516
v -0.156182 1.280711 0.641849
v -0.151293 1.304084 0.623961
v -0.141958 1.318316 0.605053
v -0.150101 1.225072 0.599336
v -0.166417 1.229469 0.607950
v -0.173398 1.245762 0.612613
v -0.164625 1.280284 0.598506
v -0.144884 1.294196 0.572937
v -0.167016 1.223237 0.578347
v -0.186000 1.226782 0.585595
v -0.192305 1.246382 0.590977
v -0.176048 1.274469 0.582505
v -0.152930 1.289849 0.566608
v -0.136974 1.287770 0.551637
v -0.128536 1.273643 0.543409
v -0.133100 1.249199 0.549613
v -0.364571 1.222568 0.312515
v -0.364892 1.266781 0.367451
v -0.373742 1.267394 0.342588
v -0.147435 1.231941 0.565026
v -0.119841 1.243979 0.612607
v -0.132291 1.234096 0.618294
v -0.109563 1.259692 0.584280
v -0.111800 1.263976 0.571376
v -0.119028 1.283086 0.559832
v -0.129095 1.297166 0.563619
v -0.140384 1.305812 0.578986
v -0.151036 1.301314 0.595947
v -0.158157 1.292088 0.610853
v -0.165521 1.272684 0.623199
v -0.161955 1.250672 0.628914
v -0.152341 1.237523 0.627200
v -0.156725 1.267992 0.511071
v -0.160258 1.242048 0.519403
v -0.161401 1.288498 0.526402
v -0.183130 1.288606 0.541434
v -0.223232 1.218369 0.554873
v -0.203449 1.206659 0.541767
v -0.207298 1.272825 0.555004
v -0.228271 1.242169 0.558159
v -0.171856 1.218637 0.528407
v -0.226160 1.262243 0.418605
v -0.231347 1.218140 0.410682
v -0.297553 1.291811 0.441841
v -0.361680 1.203521 0.419758
v -0.338687 1.174743 0.403879
v -0.249276 1.291084 0.422762
v -0.330151 1.266510 0.454473
v -0.367039 1.237008 0.436064
v -0.261384 1.173611 0.416834
v -0.314228 1.339651 0.274550
v -0.335712 1.327361 0.253861
v -0.325510 1.269902 0.218352
v -0.277039 1.233635 0.363500
v -0.291661 1.276778 0.374908
v -0.326932 1.293622 0.359684
v -0.367182 1.271972 0.291510
v -0.319478 1.200591 0.292833
v -0.291964 1.194532 0.324460
v -0.346317 1.298568 0.334928
v -0.362395 1.288068 0.310342
v -0.356404 1.238356 0.276825
v -0.229317 1.250157 0.342471
v -0.302760 1.321592 0.328505
v -0.352759 1.285274 0.262004
v -0.299469 1.213134 0.256571
v -0.254898 1.207923 0.289929
v -0.255533 1.302442 0.342850
v -0.328816 1.315875 0.307345
v -0.347998 1.304091 0.283309
v -0.341928 1.249265 0.244561
v -0.240922 1.258100 0.403220
v -0.250363 1.208576 0.390829
v -0.329233 1.285005 0.418330
v -0.381078 1.226992 0.368448
v -0.360712 1.194493 0.354961
v -0.273360 1.289329 0.400019
v -0.364428 1.260397 0.407320
v -0.379335 1.249391 0.386144
v -0.306065 1.163854 0.377413
v -0.284839 1.268611 0.379345
v -0.288562 1.252557 0.372847
v -0.236007 1.277259 0.345353
v -0.203064 1.306921 0.311770
v -0.203593 1.254772 0.279228
v -0.231964 1.225641 0.321610
v -0.281149 1.215294 0.352948
v -0.268267 1.226168 0.374195
v -0.255573 1.231735 0.386076
v -0.249575 1.251888 0.388833
v -0.274257 1.276240 0.384383
v -0.041202 1.327771 0.669768
v -0.030349 1.338811 0.650750
v -0.031215 1.336720 0.662700
v -0.050205 1.309983 0.680986
v -0.039485 1.326451 0.666294
v -0.040351 1.320659 0.678867
v -0.066453 1.297435 0.692321
v -0.055833 1.316602 0.684237
v -0.058541 1.309968 0.695311
v -0.087792 1.284708 0.703885
v -0.081280 1.307474 0.697118
v -0.086370 1.284145 0.689907
v -0.081254 1.305355 0.688640
v -0.084017 1.297156 0.705673
v -0.084942 1.294454 0.683987
v -0.045208 1.323289 0.596206
v -0.037513 1.303461 0.603424
v -0.036561 1.314319 0.594195
v -0.054792 1.313274 0.679797
v -0.046355 1.322113 0.654607
v -0.049421 1.325398 0.679058
v -0.045529 1.329887 0.666677
v -0.054946 1.306489 0.666533
v -0.051971 1.311440 0.658689
v -0.051582 1.333667 0.668756
v -0.039852 1.336632 0.641964
v -0.045577 1.346116 0.660524
v -0.040628 1.346661 0.649058
v -0.050346 1.320640 0.659015
v -0.044845 1.323554 0.647313
v -0.029513 1.311287 0.641140
v -0.039298 1.302955 0.658526
v -0.051085 1.306012 0.653630
v -0.038698 1.312537 0.634287
v -0.029841 1.307802 0.651204
v -0.049722 1.311694 0.640590
v -0.045545 1.286447 0.665692
v -0.032910 1.298100 0.648883
v -0.044403 1.302566 0.644153
v -0.056809 1.291697 0.660115
v -0.032980 1.291191 0.658255
v -0.054867 1.299765 0.649345
v -0.034948 1.290416 0.667896
v -0.046613 1.274636 0.681285
v -0.052985 1.276641 0.672698
v -0.041584 1.291364 0.660694
v -0.035088 1.282578 0.679672
v -0.053205 1.283929 0.661341
v -0.071134 1.297914 0.690495
v -0.065626 1.293026 0.679320
v -0.069758 1.312998 0.693463
v -0.066140 1.320117 0.682599
v -0.060336 1.311385 0.669056
v -0.060779 1.300456 0.668847
v -0.103318 1.283437 0.695173
v -0.100981 1.308682 0.690460
v -0.106276 1.298759 0.699004
v -0.058661 1.320431 0.590160
v -0.055675 1.299635 0.614885
v -0.051557 1.295731 0.596988
v -0.057392 1.321507 0.607156
v -0.050242 1.307929 0.587010
v -0.056418 1.314485 0.615788
v -0.042313 1.290068 0.627405
v -0.038612 1.293117 0.630531
v -0.039481 1.288833 0.637833
v -0.043491 1.286295 0.645277
v -0.050124 1.283016 0.641856
v -0.054564 1.280333 0.637895
v -0.052071 1.280507 0.630068
v -0.049207 1.286129 0.624383
v -0.039051 1.282740 0.636931
v -0.040554 1.277221 0.644289
v -0.045705 1.278880 0.631095
v -0.049916 1.274970 0.628237
v -0.052065 1.270690 0.632209
v -0.056317 1.268469 0.640713
v -0.053359 1.270173 0.644713
v -0.045606 1.273995 0.651240
v -0.038066 1.262753 0.659371
v -0.036123 1.268593 0.652870
v -0.046006 1.266366 0.646152
v -0.049660 1.263774 0.644159
v -0.052523 1.258299 0.649803
v -0.054342 1.256988 0.656887
v -0.051352 1.257420 0.660025
v -0.042643 1.260572 0.665200
v -0.065378 1.269583 0.668309
v -0.069290 1.265149 0.672284
v -0.075152 1.260900 0.667436
v -0.076636 1.259189 0.663803
v -0.074565 1.263250 0.657949
v -0.072110 1.267437 0.654952
v -0.070318 1.270904 0.657365
v -0.064504 1.274706 0.664190
v -0.024463 1.328190 0.608679
v -0.021417 1.323287 0.614654
v -0.015773 1.329306 0.622311
v -0.027565 1.332874 0.607111
v -0.023468 1.341151 0.613091
v -0.021060 1.344218 0.617359
v -0.016224 1.341537 0.620425
v -0.013325 1.333919 0.625338
v -0.030245 1.302347 0.647827
v -0.029492 1.306372 0.638452
v -0.038903 1.300347 0.656434
v -0.033714 1.285370 0.652999
v -0.044436 1.281525 0.661376
v -0.032558 1.292459 0.644605
v -0.032557 1.276199 0.674585
v -0.043035 1.270066 0.677935
v -0.032084 1.285442 0.664083
v -0.062677 1.278328 0.681936
v -0.071429 1.269745 0.685823
v -0.062224 1.286943 0.675450
v -0.289453 1.236948 0.507527
v -0.259589 1.276521 0.509616
v -0.233491 1.292558 0.490047
v -0.207712 1.289751 0.471430
v -0.195215 1.267739 0.459882
v -0.201109 1.231615 0.458771
v -0.223083 1.194009 0.464784
v -0.269382 1.181573 0.475627
v -0.289705 1.202568 0.491345
v 0.239484 1.270495 -0.073147
v 0.295967 1.245823 -0.156333
v 0.329823 1.281239 -0.173460
v 0.277641 1.305028 -0.071182
v 0.290558 1.355508 -0.091725
v 0.346909 1.304163 -0.201890
v 0.242121 1.414022 -0.145755
v 0.299751 1.355393 -0.223791
v 0.175276 1.350459 -0.153463
v 0.246731 1.287251 -0.237975
v 0.181235 1.290686 -0.122984
v 0.263984 1.239675 -0.204064
v 0.490721 0.985472 -0.016551
v 0.499611 0.980484 -0.039569
v 0.466508 0.937912 -0.031881
v 0.457794 0.942724 -0.008568
v 0.434765 0.942763 -0.047454
v 0.423057 0.949204 -0.028598
v 0.418258 0.970248 -0.044940
v 0.425060 0.966269 -0.055899
v 0.472705 0.989673 0.007165
v 0.486635 0.982378 -0.013791
v 0.464054 0.943837 -0.011388
v 0.451447 0.951575 0.008848
v 0.424839 0.955737 -0.015163
v 0.437039 0.947541 -0.030610
v 0.430742 0.968549 -0.044748
v 0.421127 0.974582 -0.033963
v 0.503525 0.981474 -0.041971
v 0.500145 0.978288 -0.065742
v 0.472980 0.931420 -0.051368
v 0.470735 0.935055 -0.027570
v 0.429511 0.933223 -0.038811
v 0.437313 0.926290 -0.059735
v 0.429770 0.946810 -0.068264
v 0.422496 0.953813 -0.056408
v 0.504759 0.976597 -0.066850
v 0.492426 0.974804 -0.090689
v 0.481613 0.938273 -0.074273
v 0.481578 0.942874 -0.050981
v 0.450900 0.947642 -0.056126
v 0.455762 0.941104 -0.076359
v 0.440634 0.964898 -0.069589
v 0.445242 0.959370 -0.081711
v 0.400191 1.000021 -0.031900
v 0.427918 1.023813 -0.004294
v 0.417906 0.989161 0.010002
v 0.406465 0.971706 -0.002962
v 0.433628 0.955012 0.019182
v 0.436590 0.968909 0.026136
v 0.480432 0.971753 -0.089984
v 0.480511 0.951268 -0.073013
v 0.462237 0.952258 -0.076034
v 0.452434 0.965611 -0.080083
v 0.484290 0.971736 -0.062067
v 0.481200 0.950769 -0.051918
v 0.458840 0.954280 -0.054995
v 0.448060 0.969852 -0.068793
v 0.477841 0.974759 -0.062998
v 0.467834 0.943974 -0.050053
v 0.444306 0.933934 -0.057739
v 0.434886 0.950502 -0.064576
v 0.434667 0.940116 -0.037722
v 0.429001 0.956560 -0.054573
v 0.455388 0.953070 -0.011606
v 0.433141 0.957147 -0.025473
v 0.425629 0.973419 -0.041818
v 0.432920 0.967273 -0.054134
v 0.444687 0.950970 -0.044125
v 0.464527 0.947423 -0.031807
v 0.474918 0.981151 -0.044310
v 0.466815 0.981564 -0.020582
v 0.464783 0.944811 -0.028798
v 0.476690 0.982235 -0.043180
v 0.468564 0.981665 -0.024112
v 0.461251 0.992812 -0.000662
v 0.450312 0.959808 0.004621
v 0.462157 0.953487 -0.014965
v 0.445787 0.955797 -0.028109
v 0.432004 0.964262 -0.013121
v 0.438258 0.971880 -0.039385
v 0.427464 0.977781 -0.029456
v 0.425741 0.988287 0.003577
v 0.441168 0.971471 0.017672
v 0.430653 1.001204 -0.013545
v 0.419231 0.990442 -0.041225
v 0.418934 0.974896 -0.010707
v 0.438379 0.959888 0.011360
v 0.501414 1.007490 -0.024964
v 0.506414 0.999882 -0.045008
v 0.503785 0.995129 -0.070317
v 0.507233 1.000874 -0.051447
v 0.495739 1.004412 -0.014478
v 0.479892 1.012842 0.004267
v 0.502541 0.997251 -0.076811
v 0.491613 0.988458 -0.096656
v 0.476474 0.980339 -0.098558
v 0.464142 1.004740 -0.003859
v 0.466721 0.989396 -0.023330
v 0.469381 0.986315 -0.041724
v 0.468496 0.989344 -0.027592
v 0.471396 0.979889 -0.045485
v 0.467110 0.979022 -0.065050
v 0.470058 0.975896 -0.071026
v 0.483378 0.984715 0.001321
v 0.456050 0.942427 0.001506
v 0.428697 0.948456 -0.022033
v 0.424852 0.973233 -0.040981
v 0.459617 0.987675 -0.014891
v 0.453761 0.960651 -0.006225
v 0.441483 0.965407 -0.019657
v 0.434936 0.977281 -0.033972
v 0.490569 1.011147 -0.004171
v 0.462413 0.997039 -0.015133
v 0.499600 0.982973 -0.024870
v 0.464045 0.934706 -0.018211
v 0.424953 0.943048 -0.037329
v 0.419631 0.968393 -0.051055
v 0.430641 0.971957 -0.047777
v 0.441225 0.959871 -0.035506
v 0.458156 0.953400 -0.023277
v 0.465756 0.981491 -0.034808
v 0.506075 1.006314 -0.034423
v 0.469329 0.987912 -0.035283
v 0.504959 0.978161 -0.053578
v 0.475194 0.927014 -0.037925
v 0.430523 0.924450 -0.049717
v 0.423546 0.950312 -0.063738
v 0.433909 0.954461 -0.059693
v 0.440712 0.941994 -0.047465
v 0.461689 0.949883 -0.040937
v 0.470701 0.976248 -0.050444
v 0.508188 0.999074 -0.064132
v 0.468374 0.981340 -0.057014
v 0.505554 0.978166 -0.080507
v 0.482760 0.935119 -0.062116
v 0.450139 0.941655 -0.063640
v 0.441077 0.963697 -0.075494
v 0.477067 0.972458 -0.077045
v 0.480688 0.956651 -0.061792
v 0.462806 0.958187 -0.064645
v 0.450764 0.969874 -0.074063
v 0.500194 0.994062 -0.087647
v 0.466305 0.975689 -0.085376
v 0.431278 0.939624 -0.068209
v 0.422937 0.950484 -0.050225
v 0.440416 0.944846 -0.063297
v 0.429741 0.953768 -0.047399
v 0.422412 0.942607 -0.061084
v 0.439716 0.952032 -0.054292
v 0.399668 1.012263 -0.013735
v 0.405269 0.981463 0.009067
v 0.436508 0.961607 0.024143
v 0.426449 0.981144 -0.006252
v 0.441255 0.964760 0.015014
v 0.430687 0.992914 -0.022291
v 0.419289 0.963815 -0.036057
v 0.427833 0.955787 -0.055735
v 0.429419 0.968693 -0.033083
v 0.439837 0.959180 -0.050911
v 0.418760 0.958202 -0.048098
v 0.437503 0.968965 -0.042259
v 0.433522 0.958827 -0.042287
v 0.420241 0.967020 -0.024500
v 0.443296 0.964462 -0.034963
v 0.430510 0.973707 -0.020776
v 0.423385 0.961359 -0.034554
v 0.440509 0.973671 -0.027379
v 0.443227 0.960097 -0.063187
v 0.449144 0.954038 -0.081611
v 0.457636 0.960461 -0.080581
v 0.451975 0.966389 -0.062258
v 0.442707 0.955138 -0.071836
v 0.459107 0.968398 -0.069708
v 0.427383 0.955300 0.012990
v 0.430913 0.975103 0.023864
v 0.437442 0.979490 0.010012
v 0.434316 0.961716 0.003827
v 0.428092 0.964435 0.023953
v 0.438626 0.970832 0.005434
v 0.414361 0.964553 0.002004
v 0.425628 0.987924 0.004095
v 0.422943 0.971954 -0.008308
v 0.411925 0.973848 0.014325
v 0.427056 0.980428 -0.005004
v 0.420027 0.983645 0.014102
v 0.459134 1.023850 0.001215
v 0.442885 0.998363 -0.004201
v 0.444277 0.993584 -0.038966
v 0.424875 1.000746 -0.056570
v 0.404946 1.013386 -0.053604
v 0.404493 1.033023 -0.032977
v 0.422437 1.045292 -0.020697
v 0.453352 0.996639 -0.014499
v 0.450051 0.998229 -0.054063
v 0.439447 1.003481 -0.059778
v 0.408536 1.027871 -0.066995
v 0.405963 1.047169 -0.049086
v 0.420493 1.059490 -0.038468
v 0.421167 1.017399 -0.072363
v 0.429314 1.014422 -0.073146
v 0.436015 1.011538 -0.075030
v 0.413328 1.076547 -0.061848
v 0.396236 1.069128 -0.065834
v 0.391116 1.053761 -0.081736
v 0.407102 1.035457 -0.096666
v 0.455152 1.043497 -0.017444
v 0.443184 1.061283 -0.035820
v 0.490800 1.019746 -0.020021
v 0.475829 1.036349 -0.031043
v 0.498958 1.015504 -0.054763
v 0.498781 1.009563 -0.076579
v 0.461608 0.979209 -0.074751
v 0.465263 0.984684 -0.048053
v 0.462353 0.992909 -0.028839
v 0.446473 0.991222 -0.079766
v 0.451301 0.988496 -0.100023
v 0.465383 0.993749 -0.110018
v 0.478972 1.005370 -0.108525
v 0.488042 1.016278 -0.092627
v 0.487462 1.029573 -0.063491
v 0.431702 1.004876 -0.092608
v 0.441086 1.003553 -0.110202
v 0.453613 1.009376 -0.118401
v 0.467423 1.020491 -0.115011
v 0.477247 1.031677 -0.099909
v 0.474972 1.045615 -0.073627
v 0.464968 1.054962 -0.052130
v 0.415323 1.036663 -0.128602
v 0.430927 1.043740 -0.136719
v 0.446024 1.051269 -0.129067
v 0.450686 1.067508 -0.093942
v 0.431191 1.076190 -0.065994
v 0.405967 1.057226 -0.135659
v 0.420968 1.067109 -0.146604
v 0.437764 1.076512 -0.136735
v 0.439453 1.083245 -0.103799
v 0.426588 1.085122 -0.074778
v 0.408100 1.083465 -0.063430
v 0.390869 1.076596 -0.066834
v 0.384336 1.064417 -0.089188
v 0.268392 1.338462 -0.232605
v 0.334465 1.326487 -0.211311
v 0.318541 1.347453 -0.212693
v 0.392669 1.056502 -0.114066
v 0.420287 1.016058 -0.101762
v 0.424814 1.018464 -0.118107
v 0.403990 1.030995 -0.075666
v 0.398201 1.042328 -0.070771
v 0.403791 1.061033 -0.057381
v 0.418801 1.069664 -0.052803
v 0.439591 1.069509 -0.055263
v 0.454134 1.064475 -0.068225
v 0.462990 1.057045 -0.083318
v 0.464599 1.048702 -0.106043
v 0.455071 1.036550 -0.123320
v 0.442344 1.027608 -0.128434
v 0.372537 1.110763 -0.086078
v 0.367298 1.095447 -0.108390
v 0.396638 1.114344 -0.076725
v 0.416403 1.118987 -0.093705
v 0.406263 1.102392 -0.173353
v 0.382789 1.092108 -0.166490
v 0.427977 1.118473 -0.123218
v 0.422724 1.115124 -0.160044
v 0.366768 1.085978 -0.134435
v 0.321830 1.206611 -0.125915
v 0.295401 1.192870 -0.159789
v 0.380754 1.251946 -0.157279
v 0.341818 1.262268 -0.261097
v 0.306349 1.243422 -0.263294
v 0.347907 1.232829 -0.121913
v 0.389825 1.252276 -0.199468
v 0.373574 1.272114 -0.243563
v 0.288824 1.186010 -0.213012
v 0.283724 1.384955 -0.108883
v 0.268430 1.405426 -0.128572
v 0.206807 1.393244 -0.155418
v 0.282532 1.257560 -0.174328
v 0.320147 1.280053 -0.155677
v 0.329470 1.319739 -0.165320
v 0.278737 1.376573 -0.195930
v 0.225633 1.311394 -0.213476
v 0.237595 1.271592 -0.205228
v 0.319481 1.349492 -0.170744
v 0.300288 1.369711 -0.184746
v 0.245770 1.362679 -0.209421
v 0.259794 1.247162 -0.125404
v 0.312003 1.336394 -0.123404
v 0.258075 1.391506 -0.171318
v 0.197300 1.326590 -0.184197
v 0.205240 1.275396 -0.163159
v 0.296874 1.288428 -0.106872
v 0.301403 1.363183 -0.141550
v 0.283004 1.384449 -0.158692
v 0.221678 1.378118 -0.185953
v 0.313004 1.223094 -0.136969
v 0.281888 1.212038 -0.177029
v 0.370332 1.282619 -0.180801
v 0.320460 1.316966 -0.250168
v 0.285827 1.296607 -0.256939
v 0.337866 1.260771 -0.136706
v 0.361975 1.299166 -0.221472
v 0.345165 1.315991 -0.236150
v 0.268703 1.233290 -0.245053
v 0.315316 1.270197 -0.156822
v 0.304066 1.268111 -0.170402
v 0.278754 1.262510 -0.111528
v 0.257375 1.275795 -0.061936
v 0.204525 1.271194 -0.092993
v 0.231453 1.249904 -0.140652
v 0.266366 1.257654 -0.188266
v 0.283829 1.242104 -0.174733
v 0.291631 1.229600 -0.163512
v 0.301715 1.234125 -0.145413
v 0.319344 1.264299 -0.144522
v 0.467715 0.945085 -0.008560
v 0.455545 0.953455 0.011033
v 0.462949 0.945385 0.005901
v 0.470185 0.938756 -0.030736
v 0.463773 0.945541 -0.007959
v 0.469762 0.936198 -0.016183
v 0.478783 0.939187 -0.052486
v 0.478486 0.942280 -0.029291
v 0.483938 0.935034 -0.038839
v 0.489971 0.942975 -0.076783
v 0.494449 0.948916 -0.053229
v 0.479205 0.951118 -0.073002
v 0.487356 0.953954 -0.052833
v 0.496185 0.942479 -0.065157
v 0.479943 0.956748 -0.062460
v 0.415172 0.993630 0.005531
v 0.405156 0.978925 -0.008982
v 0.404573 0.986810 0.003050
v 0.472963 0.943419 -0.030288
v 0.456130 0.956729 -0.012387
v 0.476515 0.943528 -0.017447
v 0.468390 0.950218 -0.008652
v 0.460176 0.950632 -0.032589
v 0.456143 0.955169 -0.025028
v 0.474451 0.954288 -0.009483
v 0.451571 0.964652 0.005845
v 0.472643 0.958959 0.005891
v 0.462520 0.963286 0.011825
v 0.459764 0.956269 -0.016995
v 0.450529 0.960978 -0.008757
v 0.434385 0.952974 -0.007613
v 0.446281 0.945650 -0.024121
v 0.450290 0.957875 -0.026975
v 0.434969 0.964459 -0.009948
v 0.439447 0.945424 -0.013165
v 0.443994 0.967241 -0.018282
v 0.444976 0.940166 -0.042833
v 0.433957 0.946002 -0.022274
v 0.438651 0.958233 -0.023906
v 0.449418 0.953023 -0.043500
v 0.436567 0.937875 -0.030189
v 0.445682 0.960996 -0.033191
v 0.443767 0.932268 -0.034498
v 0.449760 0.927061 -0.056913
v 0.447880 0.937843 -0.056756
v 0.442358 0.941959 -0.035651
v 0.447612 0.922299 -0.043762
v 0.444108 0.947610 -0.048246
v 0.479845 0.944042 -0.054058
v 0.466783 0.946107 -0.052374
v 0.489417 0.944863 -0.042031
v 0.483933 0.951219 -0.031763
v 0.467051 0.953922 -0.032296
v 0.461171 0.951483 -0.041319
v 0.490539 0.959434 -0.084093
v 0.499532 0.967372 -0.061094
v 0.502760 0.962864 -0.074191
v 0.415246 1.006725 -0.003675
v 0.420467 0.983429 -0.025479
v 0.403754 0.990991 -0.021458
v 0.427796 0.995047 -0.006727
v 0.402674 0.999565 -0.008279
v 0.429547 0.987004 -0.014269
v 0.420081 0.965287 -0.026980
v 0.422173 0.961354 -0.023385
v 0.425116 0.955913 -0.029230
v 0.430622 0.952965 -0.035469
v 0.429583 0.959060 -0.040782
v 0.427481 0.964162 -0.044268
v 0.421097 0.967835 -0.040626
v 0.419063 0.971127 -0.033066
v 0.420645 0.954157 -0.034307
v 0.423247 0.948788 -0.041467
v 0.417633 0.961744 -0.039466
v 0.415469 0.965608 -0.044111
v 0.416770 0.963302 -0.049742
v 0.423299 0.959864 -0.056135
v 0.425587 0.955530 -0.054230
v 0.428530 0.946708 -0.048678
v 0.424271 0.932530 -0.055499
v 0.422344 0.936917 -0.047941
v 0.420889 0.948057 -0.053571
v 0.419775 0.951286 -0.057089
v 0.421860 0.948058 -0.064522
v 0.426790 0.944169 -0.068496
v 0.427772 0.940081 -0.067357
v 0.429008 0.931342 -0.061469
v 0.446401 0.947490 -0.067189
v 0.448426 0.946382 -0.073930
v 0.445425 0.952641 -0.079197
v 0.442662 0.955692 -0.080373
v 0.439993 0.959250 -0.074434
v 0.439170 0.960639 -0.068963
v 0.441948 0.958646 -0.065903
v 0.446071 0.950969 -0.061553
v 0.419222 0.970696 0.016051
v 0.418569 0.963018 0.011960
v 0.426108 0.956968 0.017468
v 0.422186 0.976039 0.018424
v 0.429489 0.971637 0.025147
v 0.433454 0.968154 0.027424
v 0.432222 0.961824 0.027062
v 0.430197 0.954772 0.021455
v 0.434377 0.946607 -0.016781
v 0.429897 0.953487 -0.010713
v 0.443238 0.946141 -0.025409
v 0.430164 0.940403 -0.033785
v 0.438849 0.941012 -0.044944
v 0.427948 0.947127 -0.025303
v 0.439511 0.922262 -0.046056
v 0.443260 0.925601 -0.057681
v 0.437095 0.931470 -0.035819
v 0.459493 0.938655 -0.062367
v 0.461448 0.939814 -0.075059
v 0.459570 0.944978 -0.053629
v 0.402008 1.180188 -0.199580
v 0.412646 1.179743 -0.151115
v 0.395836 1.183097 -0.119061
v 0.370457 1.176777 -0.100758
v 0.345832 1.165040 -0.106232
v 0.329010 1.151575 -0.135839
v 0.322870 1.143162 -0.178556
v 0.341936 1.159508 -0.220807
v 0.372165 1.173133 -0.222019
vn -0.9801 -0.1718 0.0992
vn -0.7487 0.1173 0.6525
vn -0.6189 0.7765 0.1186
vn -0.9462 0.1557 -0.2838
vn -0.0794 0.7840 -0.6157
vn -0.6563 0.2790 -0.7010
vn -0.0737 0.7684 -0.6358
vn -0.4376 0.3529 -0.8270
vn -0.9196 0.2137 -0.3297
vn -0.7280 0.6854 0.0172
vn -0.7745 -0.0446 0.6310
vn -0.9508 -0.2368 0.1996
vn -0.8149 -0.3349 0.4730
vn -0.8155 0.5029 -0.2864
vn -0.9505 -0.0676 0.3032
vn -0.6755 0.1898 0.7125
vn -0.6366 0.7712 0.0011
vn -0.9034 0.2615 -0.3398
vn -0.0685 0.6577 -0.7501
vn -0.3808 0.2601 -0.8873
vn 0.1331 0.5174 -0.8453
vn -0.8065 0.5040 -0.3092
vn -0.7627 0.6437 0.0633
vn -0.8262 -0.1571 0.5411
vn -0.8672 -0.3127 0.3876
vn -0.7483 0.6223 -0.2296
vn -0.9050 -0.4004 -0.1436
vn -0.8446 -0.0476 -0.5332
vn -0.0539 0.8051 -0.5907
vn 0.0935 0.8377 -0.5381
vn -0.3175 0.2907 -0.9026
vn -0.7075 0.0861 0.7015
vn -0.2082 0.5075 0.8362
vn -0.4551 0.8401 0.2952
vn -0.7678 0.6404 0.0198
vn -0.0646 -0.5052 0.8606
vn 0.0643 0.0220 0.9977
vn -0.7212 0.1165 0.6828
vn -0.6182 0.7851 -0.0397
vn -0.4923 0.8289 0.2655
vn -0.4004 0.2627 0.8779
vn -0.1646 -0.5826 0.7959
vn 0.0568 0.8521 0.5203
vn -0.3336 0.9417 0.0433
vn -0.2519 0.8001 0.5444
vn -0.6638 -0.3080 0.6816
vn 0.8597 0.4947 -0.1272
vn 0.1505 0.8754 -0.4594
vn 0.0795 0.9262 -0.3686
vn 0.6919 0.5176 -0.5033
vn 0.1164 0.5297 -0.8401
vn -0.2634 0.8248 -0.5004
vn 0.3468 0.6317 -0.6933
vn -0.6075 0.7874 -0.1043
vn -0.5306 0.7536 0.3880
vn -0.4103 0.6530 0.6366
vn -0.4434 -0.2903 0.8480
vn -0.0866 0.6858 0.7227
vn -0.2891 0.3553 0.8889
vn -0.6412 0.4166 0.6444
vn -0.5434 0.2900 0.7878
vn -0.9690 -0.0710 0.2364
vn -0.8952 0.3595 0.2633
vn -0.7624 0.3652 0.5341
vn -0.4460 0.8586 0.2528
vn 0.8914 -0.2857 0.3519
vn 0.8964 -0.4044 0.1812
vn 0.4414 -0.7349 0.5149
vn 0.0507 0.1967 -0.9791
vn 0.9113 -0.4051 0.0743
vn 0.9148 -0.2638 0.3059
vn 0.9253 -0.3612 0.1159
vn 0.7613 -0.3688 0.5332
vn 0.4769 -0.8252 -0.3026
vn 0.6494 -0.6052 -0.4605
vn 0.7748 -0.5551 -0.3027
vn 0.8462 -0.4627 -0.2643
vn 0.7211 0.0481 0.6912
vn 0.6714 -0.7370 -0.0776
vn 0.9757 -0.1981 0.0936
vn 0.8602 -0.4665 0.2059
vn 0.4701 -0.6588 0.5874
vn 0.4312 -0.7748 0.4624
vn 0.6510 -0.3786 0.6579
vn 0.8373 -0.5344 -0.1153
vn 0.6893 -0.6233 0.3692
vn 0.0666 -0.7418 0.6673
vn 0.2690 -0.8527 0.4478
vn -0.5703 -0.3774 0.7296
vn -0.2485 -0.5987 0.7615
vn -0.8103 0.5734 0.1212
vn -0.5825 0.6345 0.5081
vn 0.8787 -0.4739 -0.0572
vn 0.4916 -0.7486 0.4448
vn 0.8892 -0.4516 -0.0733
vn 0.5730 -0.7663 0.2906
vn -0.0839 -0.7843 0.6147
vn -0.6911 -0.3634 0.6247
vn -0.7643 0.0542 0.6426
vn -0.8977 0.1970 0.3941
vn -0.8287 0.5401 0.1468
vn -0.6252 0.7680 -0.1389
vn 0.5271 -0.8111 0.2535
vn 0.7056 -0.6196 -0.3439
vn 0.4430 -0.8573 -0.2623
vn 0.8584 -0.5056 -0.0867
vn 0.4318 -0.8432 0.3203
vn 0.6798 -0.7235 -0.1203
vn 0.7555 -0.6549 -0.0167
vn 0.7888 -0.6045 -0.1111
vn 0.8022 -0.3742 -0.4652
vn 0.7598 -0.5512 -0.3447
vn 0.5001 -0.1586 -0.8513
vn 0.3524 -0.1967 -0.9150
vn 0.5270 0.0867 -0.8454
vn 0.7989 0.0644 -0.5980
vn 0.0343 0.4721 -0.8809
vn -0.1323 0.5172 -0.8456
vn 0.0656 0.7783 -0.6245
vn -0.3831 0.7459 -0.5449
vn -0.6529 0.5862 -0.4796
vn -0.7119 0.6900 -0.1304
vn -0.8485 0.5090 0.1451
vn -0.9016 0.2102 0.3780
vn -0.7450 -0.3048 0.5934
vn -0.1879 -0.7909 0.5824
vn 0.3996 -0.8994 0.1770
vn 0.3037 -0.9501 0.0707
vn -0.8289 -0.1961 0.5239
vn -0.2503 -0.7802 0.5732
vn -0.3767 -0.7806 0.4987
vn 0.7702 0.1558 -0.6185
vn 0.3166 0.8864 -0.3376
vn 0.7466 -0.5066 -0.4312
vn 0.5686 -0.8134 -0.1231
vn 0.2513 -0.9531 0.1685
vn -0.3763 -0.6910 0.6172
vn -0.8077 0.5320 -0.2543
vn -0.8849 0.4594 0.0768
vn -0.9334 0.1957 0.3006
vn -0.6042 0.7368 -0.3034
vn -0.2789 0.9565 0.0856
vn -0.7014 0.1953 0.6855
vn -0.5705 0.6955 0.4368
vn -0.4755 0.6905 0.5451
vn -0.6417 0.1386 0.7543
vn -0.8391 0.0302 0.5431
vn -0.8197 0.5446 0.1772
vn 0.7849 0.1559 -0.5996
vn 0.3275 0.9052 -0.2707
vn 0.7734 -0.4100 -0.4834
vn 0.5785 -0.7967 -0.1750
vn -0.1549 0.9666 0.2043
vn -0.4420 -0.6064 0.6610
vn 0.1069 -0.9580 0.2662
vn -0.4898 0.6654 0.5634
vn -0.6593 0.0704 0.7485
vn 0.7842 0.2250 -0.5782
vn 0.3255 0.9108 -0.2539
vn 0.8081 -0.3441 -0.4781
vn 0.5297 -0.8381 -0.1302
vn -0.1510 0.9695 0.1930
vn -0.5190 -0.5826 0.6255
vn -0.0862 -0.9428 0.3220
vn -0.9730 -0.0464 -0.2262
vn -0.9427 0.1124 -0.3140
vn -0.7213 -0.4872 -0.4924
vn -0.7211 -0.5731 -0.3893
vn -0.5175 0.8073 0.2836
vn -0.0807 0.8241 0.5607
vn -0.0981 0.8516 0.5148
vn -0.5441 0.7816 0.3049
vn -0.1277 0.7937 0.5947
vn -0.5368 0.7883 0.3007
vn -0.6640 -0.4906 -0.5643
vn -0.9348 0.0971 -0.3415
vn -0.9434 0.0737 -0.3235
vn -0.6630 -0.4481 -0.5997
vn -0.7954 0.6047 0.0406
vn -0.8247 0.5572 0.0974
vn -0.7851 0.6188 0.0275
vn -0.1124 -0.8708 -0.4785
vn -0.1243 -0.8173 -0.5626
vn -0.1950 -0.9021 -0.3848
vn -0.5913 0.7617 0.2647
vn -0.3187 0.9266 0.1995
vn -0.8621 0.4963 0.1027
vn -0.1197 -0.9295 -0.3489
vn -0.2404 0.9514 0.1927
vn -0.3367 0.9414 -0.0202
vn -0.6350 0.7215 0.2760
vn -0.5597 0.5939 0.5779
vn -0.9430 0.2742 0.1889
vn -0.9492 -0.3136 -0.0268
vn -0.6608 -0.7361 -0.1466
vn -0.7523 -0.5217 0.4023
vn -0.4184 -0.8795 0.2269
vn -0.8119 0.0237 0.5833
vn 0.0992 -0.9677 -0.2319
vn 0.3739 -0.9129 -0.1637
vn 0.3354 0.6545 0.6776
vn -0.0491 0.9957 -0.0784
vn 0.2588 0.6107 0.7484
vn 0.8097 0.5741 0.1218
vn 0.5521 0.1757 0.8150
vn 0.2429 0.6970 0.6746
vn 0.6057 0.2946 0.7392
vn 0.6953 -0.2943 0.6557
vn 0.8549 -0.2008 0.4783
vn 0.3860 -0.9150 -0.1176
vn 0.4523 -0.8582 -0.2427
vn 0.8122 -0.5594 0.1658
vn 0.6694 -0.6692 0.3225
vn 0.3815 -0.9178 -0.1104
vn 0.9932 -0.0935 0.0696
vn 0.8815 -0.4721 0.0032
vn 0.7021 -0.5331 -0.4720
vn 0.0508 0.9253 -0.3758
vn 0.7473 -0.0300 -0.6638
vn 0.5081 0.2631 -0.8201
vn 0.6663 -0.4101 -0.6228
vn 0.7097 -0.0327 -0.7038
vn 0.7869 -0.3490 -0.5089
vn 0.6710 0.3117 -0.6728
vn 0.7458 0.2683 -0.6098
vn 0.6467 0.2757 -0.7111
vn 0.3306 0.7300 -0.5981
vn 0.2432 0.9313 -0.2713
vn 0.2948 0.5813 -0.7584
vn 0.3753 0.6142 -0.6942
vn 0.3618 0.9240 0.1238
vn 0.7142 0.6838 0.1496
vn -0.2928 0.4136 -0.8621
vn 0.1118 0.7807 -0.6148
vn -0.4509 -0.8874 0.0960
vn 0.2475 0.7860 0.5665
vn 0.0691 0.2367 0.9691
vn 0.6780 -0.0162 0.7349
vn 0.7540 0.6222 0.2105
vn 0.1725 -0.6032 0.7787
vn 0.5553 -0.8296 -0.0594
vn 0.4923 -0.1138 -0.8630
vn 0.6073 0.0213 -0.7942
vn 0.6691 -0.7271 -0.1535
vn 0.7492 -0.0299 0.6617
vn 0.4974 0.3256 0.8041
vn -0.1458 -0.3545 0.9236
vn 0.0286 -0.4774 0.8782
vn -0.0343 0.9576 0.2861
vn 0.0445 -0.6703 -0.7407
vn -0.3792 -0.9194 -0.1048
vn -0.0089 -0.0166 -0.9998
vn -0.2413 -0.4400 0.8649
vn 0.2759 0.5411 0.7944
vn 0.6338 0.7716 -0.0539
vn 0.4728 0.8672 -0.1563
vn 0.2232 -0.9339 0.2792
vn -0.7237 -0.5779 0.3773
vn 0.4653 0.2473 -0.8499
vn 0.3170 -0.6840 -0.6570
vn 0.3873 0.4697 -0.7934
vn -0.1956 -0.3078 -0.9311
vn 0.6081 0.4681 0.6412
vn 0.8692 -0.0411 0.4927
vn 0.9150 0.2639 -0.3051
vn 0.7500 0.6087 -0.2586
vn 0.4046 0.8307 -0.3825
vn 0.3901 0.0396 -0.9199
vn -0.6713 -0.7147 -0.1966
vn 0.0305 -0.7279 -0.6850
vn -0.2611 -0.1139 0.9586
vn 0.0623 -0.0447 0.9971
vn 0.2446 0.7499 0.6147
vn 0.5179 0.7764 -0.3591
vn -0.0127 -0.9093 0.4159
vn -0.5558 -0.4756 0.6819
vn 0.4100 -0.0171 -0.9119
vn 0.2852 -0.7538 -0.5920
vn 0.3806 0.1866 -0.9057
vn -0.2705 -0.3136 -0.9102
vn 0.1979 -0.3024 0.9324
vn -0.7096 -0.1475 0.6890
vn 0.0729 -0.4953 0.8657
vn 0.8766 -0.3044 0.3727
vn 0.8502 0.1274 -0.5108
vn -0.0691 0.3954 -0.9159
vn -0.9320 -0.1668 0.3217
vn -0.8502 0.2504 -0.4631
vn 0.8754 0.4504 -0.1756
vn 0.1616 0.6803 -0.7149
vn 0.0233 -0.5938 0.8043
vn 0.8319 -0.2808 0.4787
vn -0.9507 -0.2429 0.1927
vn 0.8825 0.2958 -0.3657
vn -0.0709 0.5124 -0.8558
vn -0.8504 0.2416 -0.4674
vn -0.7951 -0.4351 0.4226
vn -0.7018 0.4402 -0.5601
vn 0.1898 0.6821 -0.7062
vn -0.1637 -0.5620 0.8108
vn -0.2219 -0.6522 0.7249
vn 0.7335 -0.1020 0.6720
vn 0.5098 0.1356 0.8495
vn 0.8620 0.4921 -0.1215
vn 0.1107 0.4898 -0.8648
vn -0.3667 -0.9300 0.0268
vn -0.7633 -0.6316 -0.1357
vn -0.6327 -0.1403 -0.7616
vn -0.0579 -0.2649 -0.9625
vn -0.1809 -0.4396 0.8798
vn 0.0911 0.3690 0.9250
vn 0.0213 0.9995 0.0252
vn 0.7925 -0.6084 0.0438
vn 0.5704 -0.4042 -0.7150
vn -0.2021 -0.6833 0.7016
vn -0.0602 0.3061 0.9501
vn 0.0587 -0.9937 -0.0958
vn 0.3163 -0.5071 -0.8017
vn 0.2895 0.9512 -0.1073
vn 0.3408 0.5530 -0.7603
vn -0.0685 -0.5413 0.8380
vn -0.0095 -0.7474 0.6643
vn 0.4383 -0.8988 -0.0050
vn 0.2670 0.7173 -0.6435
vn -0.0618 0.9429 0.3272
vn 0.9009 -0.0869 -0.4253
vn -0.4785 0.1088 0.8713
vn -0.1686 -0.7165 0.6769
vn -0.3369 0.1584 0.9281
vn -0.0007 0.9937 0.1118
vn -0.0244 0.7396 -0.6726
vn -0.0285 0.7604 -0.6488
vn 0.5498 -0.7984 -0.2454
vn 0.4667 -0.6531 0.5964
vn 0.6714 0.7381 0.0673
vn 0.4393 -0.0556 -0.8966
vn 0.3801 -0.1053 0.9189
vn 0.1931 0.8145 -0.5471
vn 0.5346 -0.0811 -0.8412
vn -0.1795 0.9318 0.3153
vn 0.5932 -0.8011 -0.0795
vn 0.3261 -0.5596 0.7619
vn -0.0827 0.2549 0.9634
vn 0.8925 -0.3080 0.3295
vn 0.8155 -0.5584 0.1518
vn 0.7235 -0.0022 -0.6903
vn 0.9171 0.0670 -0.3929
vn -0.7505 -0.4558 -0.4785
vn -0.8364 -0.4990 0.2269
vn 0.7121 -0.5939 -0.3745
vn 0.6437 -0.7619 -0.0718
vn 0.3567 0.2248 -0.9068
vn 0.6537 -0.6018 -0.4588
vn 0.5742 -0.8099 -0.1198
vn 0.3112 -0.5421 0.7805
vn 0.0338 -0.5341 0.8448
vn -0.4448 -0.4205 0.7908
vn 0.4467 -0.8488 0.2829
vn 0.3100 -0.9099 0.2757
vn 0.0281 -0.9903 0.1362
vn 0.2156 -0.9334 -0.2867
vn -0.2788 -0.1396 -0.9502
vn 0.4055 -0.6701 -0.6218
vn 0.3812 0.3546 -0.8538
vn 0.7340 0.2102 -0.6458
vn -0.5838 -0.5383 -0.6078
vn -0.2365 -0.0375 -0.9709
vn -0.4695 -0.6136 0.6349
vn -0.7676 -0.6366 -0.0746
vn -0.0890 -0.6459 0.7582
vn 0.4143 -0.8873 0.2026
vn 0.6432 -0.7572 -0.1141
vn 0.7775 -0.6214 0.0967
vn 0.2187 -0.6921 0.6879
vn 0.8447 -0.4141 0.3392
vn 0.3100 -0.9377 0.1570
vn 0.5923 -0.7909 -0.1538
vn -0.0139 -0.9993 -0.0361
vn 0.2407 -0.8803 -0.4088
vn 0.4566 -0.4775 -0.7507
vn 0.6960 -0.4474 -0.5616
vn 0.9166 0.1835 -0.3552
vn 0.7329 -0.4865 -0.4756
vn -0.4399 -0.1107 -0.8912
vn -0.7312 -0.4425 -0.5191
vn -0.8538 -0.5119 0.0947
vn -0.4674 -0.5589 0.6850
vn 0.1362 -0.5879 0.7974
vn 0.8436 -0.1753 0.5076
vn -0.1091 -0.7089 0.6968
vn 0.3527 -0.9093 0.2210
vn 0.1897 -0.9749 0.1169
vn 0.6569 -0.7314 -0.1832
vn 0.8710 -0.4512 0.1944
vn 0.4757 -0.8158 -0.3289
vn 0.8551 0.1620 -0.4925
vn 0.9321 0.3485 -0.0988
vn 0.7412 -0.3412 -0.5781
vn 0.3854 0.2782 -0.8798
vn 0.5810 -0.3990 -0.7094
vn 0.2869 -0.5633 -0.7748
vn 0.0751 -0.8848 -0.4598
vn -0.1307 -0.9889 -0.0703
vn -0.4232 -0.5712 -0.7033
vn -0.5815 -0.7895 -0.1963
vn 0.4231 0.4689 -0.7753
vn -0.0299 -0.0111 -0.9995
vn -0.0592 -0.8052 0.5901
vn 0.8898 -0.2583 0.3761
vn -0.4185 -0.7499 0.5123
vn 0.0387 -0.8421 0.5379
vn 0.5659 -0.8233 0.0447
vn 0.7794 -0.5962 -0.1928
vn 0.9079 -0.3983 0.1310
vn 0.4636 -0.8842 0.0566
vn 0.7542 -0.6081 -0.2479
vn 0.7746 0.4379 -0.4563
vn 0.8839 0.4434 -0.1489
vn 0.8401 -0.2739 -0.4683
vn 0.7932 -0.3057 -0.5267
vn 0.6578 -0.4312 -0.6175
vn 0.4498 -0.7669 -0.4577
vn 0.3037 -0.9372 -0.1716
vn 0.2878 0.6971 0.6567
vn 0.4809 0.1085 0.8700
vn 0.6094 -0.7168 0.3387
vn 0.8011 0.1252 -0.5853
vn 0.5293 -0.6307 0.5675
vn 0.8995 -0.2508 -0.3578
vn 0.8090 0.0563 -0.5851
vn 0.9067 -0.2590 -0.3328
vn 0.7893 0.0452 -0.6123
vn -0.1234 0.7814 -0.6117
vn -0.3165 0.8167 -0.4826
vn 0.4825 0.3905 -0.7840
vn 0.5124 0.4070 -0.7562
vn -0.1596 0.9825 0.0964
vn 0.5234 0.7374 -0.4269
vn 0.8703 0.4448 -0.2115
vn 0.9977 0.0680 0.0053
vn 0.3869 0.5830 -0.7144
vn 0.2973 0.8932 -0.3373
vn 0.8051 0.5442 0.2359
vn 0.8579 0.1031 -0.5034
vn 0.0600 0.6750 0.7354
vn -0.0512 0.9985 0.0176
vn 0.0395 0.6749 0.7368
vn 0.7426 0.6560 0.1353
vn 0.3285 0.9101 -0.2527
vn -0.1578 0.9532 0.2580
vn 0.7711 0.0884 -0.6306
vn 0.4493 0.4576 -0.7672
vn 0.4741 0.8804 0.0020
vn 0.5184 0.1202 -0.8467
vn 0.6158 0.4302 -0.6601
vn 0.3433 0.9178 -0.1995
vn 0.7422 0.6154 0.2655
vn 0.9147 0.0162 -0.4037
vn -0.2751 0.9319 0.2366
vn -0.0971 0.7183 0.6889
vn -0.3711 0.6244 0.6873
vn 0.4106 0.9115 0.0230
vn 0.7589 0.6477 0.0677
vn 0.5332 0.8363 0.1275
vn 0.5042 0.2366 -0.8305
vn 0.6646 0.1717 -0.7272
vn 0.0945 0.6216 -0.7776
vn -0.0008 0.9328 -0.3605
vn 0.0839 0.6467 0.7581
vn 0.0183 0.5541 0.8322
vn -0.3062 0.9038 0.2988
vn 0.8152 0.1139 -0.5679
vn 0.6761 0.7354 0.0451
vn 0.8774 0.3903 0.2790
vn 0.9762 -0.2164 -0.0112
vn 0.7028 -0.6547 -0.2781
vn 0.3420 -0.6217 -0.7046
vn 0.8300 0.1724 -0.5305
vn 0.9246 -0.2466 -0.2905
vn 0.8335 0.4295 0.3476
vn 0.6989 0.6640 0.2659
vn 0.2681 -0.5260 -0.8071
vn 0.7877 -0.1805 0.5890
vn 0.6036 -0.1430 -0.7844
vn 0.9226 -0.0125 0.3857
vn 0.7082 0.4013 0.5809
vn -0.1865 -0.4588 0.8688
vn -0.3695 -0.1076 0.9230
vn 0.2278 0.3581 0.9055
vn 0.1129 0.3823 0.9171
vn -0.3707 0.6435 0.6698
vn -0.3160 0.3736 0.8721
vn 0.2543 0.7409 0.6217
vn 0.6624 0.6662 0.3426
vn 0.9255 0.3025 0.2280
vn 0.9158 -0.2601 0.3060
vn 0.4737 -0.2938 -0.8302
vn 0.9926 0.0281 0.1181
vn 0.9477 -0.2955 -0.1211
vn 0.7975 -0.2607 -0.5440
vn 0.9490 -0.0459 -0.3118
vn 0.9736 0.1457 -0.1760
vn 0.8160 0.5343 -0.2207
vn 0.9300 0.2325 -0.2848
vn 0.8541 0.3346 0.3982
vn -0.3596 -0.9109 0.2024
vn -0.4411 0.0357 0.8967
vn -0.5630 -0.5878 -0.5810
vn -0.3763 -0.9160 0.1395
vn -0.5258 -0.8356 0.1590
vn -0.4703 -0.8756 0.1103
vn -0.4587 -0.8742 0.1591
vn -0.1705 -0.9852 0.0162
vn -0.8455 -0.5338 0.0112
vn -0.9189 -0.3938 0.0227
vn -0.8634 -0.4516 -0.2247
vn -0.7777 -0.6070 0.1637
vn 0.0251 -0.9831 0.1813
vn -0.6097 -0.6137 0.5016
vn -0.6666 -0.7425 0.0656
vn -0.5088 -0.8609 0.0035
vn -0.0674 -0.9924 -0.1031
vn -0.2934 -0.8002 -0.5231
vn -0.1893 -0.8751 -0.4454
vn -0.7600 -0.6490 0.0342
vn -0.3935 -0.8941 -0.2140
vn 0.0443 -0.6780 -0.7338
vn -0.2678 -0.6853 -0.6772
vn 0.5857 -0.1676 -0.7930
vn 0.3451 -0.4310 -0.8338
vn 0.7776 0.6288 0.0051
vn 0.9738 0.2150 0.0746
vn -0.7232 -0.6814 0.1129
vn -0.3462 -0.8219 -0.4523
vn -0.7277 -0.6750 0.1217
vn -0.4793 -0.7795 -0.4033
vn 0.0619 -0.5411 -0.8387
vn 0.5807 -0.0285 -0.8136
vn 0.8396 0.1340 -0.5264
vn 0.8142 0.4102 -0.4110
vn 0.7894 0.6128 -0.0353
vn 0.6294 0.7113 0.3130
vn -0.5060 -0.7394 -0.4442
vn -0.8523 -0.3178 -0.4154
vn -0.9055 -0.4230 -0.0337
vn -0.7387 -0.6706 0.0676
vn -0.4347 -0.7170 -0.5448
vn -0.7648 -0.6290 -0.1391
vn -0.7105 -0.6991 -0.0799
vn -0.7649 -0.6438 -0.0209
vn -0.9107 -0.3280 0.2511
vn -0.8674 -0.4806 0.1294
vn -0.9200 0.1823 0.3470
vn -0.9024 0.3526 0.2478
vn -0.7847 0.1872 0.5909
vn -0.7272 -0.0772 0.6821
vn -0.3866 0.7038 0.5960
vn -0.2499 0.7486 0.6142
vn -0.0532 0.6043 0.7950
vn 0.2117 0.8329 0.5113
vn 0.3107 0.9043 0.2926
vn 0.6331 0.7452 0.2093
vn 0.7877 0.6125 -0.0662
vn 0.8076 0.4318 -0.4017
vn 0.6029 0.0645 -0.7952
vn 0.0697 -0.4380 -0.8962
vn -0.5395 -0.6474 -0.5383
vn -0.5708 -0.5965 -0.5642
vn 0.6351 0.2092 -0.7435
vn 0.1124 -0.4021 -0.9087
vn 0.1296 -0.3461 -0.9292
vn 0.0740 0.4422 0.8938
vn -0.6898 -0.0237 0.7236
vn -0.8730 -0.4422 0.2058
vn -0.7229 -0.6623 -0.1971
vn -0.4335 -0.7028 -0.5640
vn 0.2939 -0.4493 -0.8437
vn 0.5363 0.8380 0.1006
vn 0.7374 0.6669 -0.1075
vn 0.7440 0.5092 -0.4327
vn 0.4674 0.8188 0.3333
vn 0.6573 0.5743 0.4880
vn 0.9016 0.1280 -0.4132
vn 0.8953 0.0220 -0.4449
vn 0.9418 0.3231 0.0923
vn 0.9028 0.4252 0.0638
vn 0.7651 0.2590 -0.5895
vn 0.7760 0.6242 -0.0903
vn 0.1168 0.4130 0.9032
vn -0.6788 -0.0536 0.7323
vn -0.8629 -0.4016 0.3068
vn -0.7380 -0.6587 -0.1466
vn 0.6935 0.4628 0.5521
vn 0.3833 -0.4235 -0.8208
vn -0.2926 -0.7071 -0.6438
vn 0.8609 -0.0025 -0.5088
vn 0.9519 0.3007 0.0586
vn 0.1360 0.4025 0.9052
vn -0.6272 -0.0326 0.7782
vn -0.8394 -0.3915 0.3769
vn -0.7093 -0.6715 -0.2144
vn 0.6890 0.4614 0.5589
vn 0.3856 -0.3403 -0.8576
vn -0.1846 -0.6068 -0.7731
vn 0.1495 0.7157 -0.6822
vn -0.3579 0.4374 -0.8250
vn -0.3839 0.5186 -0.7640
vn 0.1325 0.8489 -0.5117
vn 0.8259 0.5411 0.1582
vn 0.8378 0.5330 0.1180
vn 0.8865 0.1535 0.4366
vn 0.9013 0.1012 0.4212
vn 0.9292 0.0900 0.3586
vn 0.8333 0.5363 0.1343
vn -0.4735 0.5349 -0.6998
vn -0.4786 0.5757 -0.6629
vn 0.1088 0.8345 -0.5402
vn 0.1045 0.8511 -0.5146
vn 0.6526 0.7321 -0.1953
vn 0.6240 0.7702 -0.1316
vn 0.6170 0.7791 -0.1115
vn -0.7977 -0.0486 -0.6010
vn -0.8297 0.0340 -0.5572
vn -0.7124 -0.0658 -0.6987
vn 0.7395 0.5326 0.4116
vn 0.8093 0.5811 0.0862
vn 0.6375 0.7239 -0.2635
vn -0.7210 -0.1429 -0.6781
vn 0.7148 0.5042 0.4845
vn 0.9529 0.2978 -0.0578
vn 0.8108 0.5845 0.0291
vn 0.5600 0.7064 0.4329
vn 0.6205 0.6137 -0.4882
vn 0.1475 0.4688 -0.8709
vn -0.2578 0.1513 -0.9543
vn 0.3154 -0.0253 -0.9486
vn -0.1147 -0.3009 -0.9467
vn 0.7634 0.1672 -0.6239
vn -0.7053 -0.3961 -0.5879
vn -0.7110 -0.6047 -0.3590
vn 0.7455 -0.3214 0.5839
vn 0.5632 0.5169 0.6447
vn 0.8161 -0.3326 0.4725
vn 0.1010 -0.3153 0.9436
vn 0.5368 -0.7657 0.3545
vn 0.8121 -0.2346 0.5343
vn 0.5243 -0.6961 0.4904
vn 0.1177 -0.9813 0.1525
vn -0.0267 -0.9318 0.3620
vn -0.7119 -0.6076 -0.3521
vn -0.7992 -0.5482 -0.2463
vn -0.4455 -0.8846 0.1375
vn -0.3331 -0.9407 -0.0636
vn -0.7046 -0.6076 -0.3665
vn -0.3641 -0.7236 0.5864
vn -0.5595 -0.7840 0.2689
vn -0.8850 -0.4331 0.1709
vn 0.1418 0.6645 0.7337
vn -0.8009 -0.0884 0.5922
vn -0.7164 0.3397 0.6095
vn -0.9259 -0.2721 0.2618
vn -0.8292 -0.0428 0.5574
vn -0.8595 -0.3591 0.3638
vn -0.6152 0.0326 0.7877
vn -0.6159 0.1389 0.7755
vn -0.6727 0.1719 0.7197
vn -0.2035 0.5609 0.8025
vn 0.1648 0.4708 0.8667
vn -0.4127 0.5661 0.7136
vn -0.3167 0.3815 0.8684
vn 0.1398 -0.4128 0.9000
vn 0.4162 -0.0793 0.9058
vn -0.1017 0.5342 0.8392
vn -0.2058 0.9067 0.3682
vn -0.1578 0.0248 -0.9872
vn 0.6873 -0.3615 0.6300
vn 0.1146 -0.5045 0.8558
vn 0.1862 -0.9672 0.1730
vn 0.7727 -0.6345 -0.0177
vn 0.0202 -0.7792 -0.6264
vn -0.7658 -0.5370 -0.3539
vn -0.8010 -0.5752 -0.1658
vn -0.8043 0.0507 0.5920
vn -0.8794 0.2250 0.4195
vn 0.0747 -0.9729 0.2190
vn 0.3323 -0.7407 -0.5839
vn 0.5400 -0.6068 -0.5832
vn 0.4991 -0.8000 0.3330
vn 0.7400 0.0790 0.6679
vn 0.0344 -0.1223 -0.9919
vn -0.9057 0.2708 -0.3262
vn -0.7089 0.6744 0.2065
vn 0.4862 -0.5025 -0.7149
vn 0.7207 -0.5810 0.3783
vn 0.1414 0.0156 0.9898
vn 0.0840 -0.1931 0.9776
vn -0.3909 -0.5637 -0.7276
vn 0.3068 0.0266 -0.9514
vn -0.7095 0.2135 0.6716
vn -0.9848 -0.0218 -0.1725
vn -0.4525 0.3755 0.8088
vn -0.7382 0.6746 -0.0078
vn 0.4045 -0.7350 0.5442
vn -0.2005 -0.1868 0.9617
vn -0.5271 -0.3498 0.7745
vn -0.1134 -0.9439 0.3102
vn -0.0302 0.1859 0.9821
vn -0.8135 0.3509 0.4637
vn -0.3338 -0.5820 -0.7415
vn -0.9001 0.2168 -0.3780
vn 0.7313 -0.4879 -0.4766
vn 0.7231 -0.3723 0.5818
vn 0.6479 -0.7283 -0.2234
vn -0.0706 0.1073 0.9917
vn -0.1928 -0.5926 -0.7821
vn 0.4864 -0.2683 -0.8315
vn -0.8547 0.2530 0.4534
vn -0.9670 -0.1383 -0.2140
vn -0.7098 0.2778 0.6473
vn -0.7291 0.6703 0.1383
vn 0.3673 -0.8462 -0.3861
vn 0.7091 -0.1006 -0.6979
vn -0.3317 -0.9333 0.1378
vn 0.2782 -0.7628 -0.5837
vn -0.6965 -0.1990 0.6894
vn -0.3691 0.7974 0.4774
vn 0.5633 0.3889 -0.7290
vn 0.2164 0.9644 -0.1518
vn -0.2959 -0.3624 0.8838
vn -0.1924 0.5602 0.8057
vn 0.2090 -0.7159 -0.6662
vn -0.2207 -0.9681 0.1187
vn 0.4451 0.4649 -0.7653
vn -0.2625 0.7731 0.5774
vn -0.5110 -0.2768 0.8138
vn 0.2184 0.9636 -0.1543
vn 0.4448 0.1047 -0.8895
vn 0.1785 0.9815 0.0694
vn -0.2288 0.5575 0.7980
vn 0.3556 -0.5843 -0.7295
vn 0.4396 -0.8813 0.1732
vn 0.0781 -0.9846 0.1562
vn 0.2475 -0.5103 -0.8236
vn -0.2166 -0.3808 0.8989
vn -0.3874 0.6416 0.6621
vn -0.1071 0.4456 -0.8888
vn -0.3018 -0.0547 -0.9518
vn -0.3252 0.9080 -0.2644
vn -0.8263 0.5622 0.0350
vn 0.4772 -0.5618 -0.6757
vn 0.8085 -0.5784 0.1089
vn 0.6520 0.2863 0.7021
vn -0.5934 -0.2864 0.7523
vn -0.9896 -0.1287 0.0639
vn 0.2032 -0.4711 -0.8584
vn 0.8547 -0.5178 -0.0366
vn -0.6185 -0.2798 -0.7343
vn -0.9921 0.1198 -0.0380
vn 0.3141 0.1331 0.9400
vn -0.4079 0.3811 0.8297
vn 0.3590 -0.6286 -0.6900
vn 0.0281 -0.6471 -0.7619
vn -0.7159 -0.6064 -0.3459
vn -0.1620 0.4640 0.8709
vn 0.8565 0.1629 0.4898
vn -0.7705 -0.4027 0.4942
vn 0.8868 -0.1296 -0.4437
vn 0.1833 -0.5171 -0.8361
vn 0.8833 -0.3421 -0.3207
vn 0.6017 0.2330 0.7640
vn -0.0478 0.6564 0.7529
vn -0.0600 0.6191 0.7830
vn -0.1720 -0.8798 -0.4431
vn -0.8761 -0.3828 -0.2932
vn 0.2240 -0.2819 0.9329
vn -0.8761 0.2553 0.4090
vn 0.4266 -0.8948 -0.1319
vn -0.0737 0.3357 0.9391
vn -0.8698 0.1172 0.4792
vn 0.8169 0.1414 0.5591
vn -0.7573 -0.5881 -0.2841
vn 0.0912 -0.8644 -0.4944
vn 0.8674 -0.4801 -0.1305
vn -0.3649 -0.9155 0.1696
vn -0.6668 -0.3398 0.6632
vn -0.8039 -0.0322 0.5938
vn -0.5983 -0.8005 -0.0343
vn 0.2669 0.2980 -0.9165
vn -0.2273 0.7313 -0.6431
vn -0.9249 -0.3800 0.0078
vn -0.7843 -0.5746 -0.2339
vn -0.6662 0.4621 0.5854
vn -0.9582 -0.2860 0.0049
vn -0.8088 -0.5120 -0.2893
vn 0.0806 -0.8835 -0.4614
vn 0.2772 -0.7603 -0.5875
vn 0.5159 -0.3728 -0.7713
vn -0.5022 -0.7030 -0.5035
vn -0.4744 -0.6235 -0.6215
vn -0.4794 -0.3553 -0.8025
vn -0.8224 -0.1816 -0.5391
vn -0.5912 0.8065 -0.0052
vn -0.9906 -0.0187 -0.1355
vn -0.5629 0.4248 0.7090
vn -0.6853 0.0090 0.7282
vn -0.4417 0.6810 -0.5841
vn -0.5700 0.8155 0.1006
vn 0.3062 -0.2648 -0.9144
vn -0.0482 0.4188 -0.9068
vn 0.1705 -0.5883 -0.7904
vn -0.6532 -0.7519 -0.0886
vn -0.8087 -0.5484 -0.2128
vn -0.5610 -0.6394 -0.5258
vn -0.3926 -0.9180 0.0564
vn 0.0059 -0.8090 -0.5878
vn -0.5684 -0.5541 -0.6082
vn -0.8282 -0.4999 -0.2533
vn -0.5806 -0.2160 -0.7851
vn -0.8866 -0.1067 -0.4500
vn -0.9937 0.0791 0.0789
vn -0.9614 -0.2071 0.1809
vn -0.5708 -0.3390 0.7478
vn -0.9442 -0.2978 0.1408
vn -0.4673 0.8784 -0.1005
vn -0.2577 0.7586 -0.5984
vn 0.1557 0.4306 -0.8890
vn 0.3712 -0.2732 -0.8875
vn 0.0999 -0.7863 -0.6097
vn -0.1294 -0.9706 0.2031
vn 0.1965 -0.6382 -0.7443
vn -0.5273 -0.6228 -0.5780
vn -0.5587 -0.4527 -0.6950
vn -0.5161 -0.8526 0.0821
vn -0.8419 -0.5152 -0.1605
vn -0.9072 -0.3105 -0.2837
vn -0.6332 -0.2153 0.7434
vn -0.3051 -0.4809 0.8220
vn -0.9287 -0.2174 0.3003
vn -0.6146 0.4244 0.6649
vn -0.9792 -0.0271 0.2013
vn -0.9697 0.2235 -0.0985
vn -0.8306 0.0889 -0.5497
vn -0.5393 -0.0716 -0.8391
vn -0.6075 0.6240 -0.4915
vn -0.3108 0.3351 -0.8894
vn -0.4624 0.3491 0.8151
vn -0.6758 0.6942 0.2477
vn -0.0556 -0.5696 -0.8200
vn -0.2913 -0.9386 0.1849
vn 0.1225 -0.2608 -0.9576
vn -0.0748 -0.6370 -0.7672
vn -0.5572 -0.8169 0.1490
vn -0.8257 -0.5636 0.0232
vn -0.6944 -0.6316 -0.3447
vn -0.6745 -0.5826 -0.4535
vn -0.8615 -0.5076 0.0084
vn -0.4646 -0.0795 0.8819
vn -0.2694 -0.3943 0.8786
vn -0.8602 -0.3382 0.3816
vn -0.8997 -0.2699 0.3432
vn -0.9538 -0.1953 -0.2281
vn -0.9699 -0.1461 0.1948
vn -0.7867 -0.3310 -0.5210
vn 0.7771 -0.4182 0.4704
vn 0.5095 -0.8584 0.0601
vn -0.3948 -0.8603 -0.3226
vn -0.6542 -0.2219 0.7230
vn -0.1312 -0.9090 -0.3955
vn -0.7215 -0.5472 0.4243
vn -0.6674 -0.2029 0.7165
vn -0.7039 -0.5581 0.4395
vn -0.6951 -0.1786 0.6963
vn 0.0507 0.6622 0.7476
vn 0.2455 0.7475 0.6173
vn -0.5153 0.1992 0.8335
vn -0.5129 0.1892 0.8374
vn 0.7072 0.3347 0.6228
vn -0.0683 0.0747 0.9949
vn -0.2088 -0.3858 0.8986
vn -0.3246 -0.7216 0.6114
vt 0.946180 0.654690
vt 0.942340 0.652810
vt 0.942030 0.658460
vt 0.946050 0.658200
vt 0.942770 0.664420
vt 0.946300 0.662110
vt 0.937760 0.685500
vt 0.943280 0.684620
vt 0.943910 0.680450
vt 0.939380 0.679710
vt 0.939560 0.673140
vt 0.944580 0.676140
vt 0.932170 0.671170
vt 0.931470 0.678590
vt 0.935510 0.700800
vt 0.932500 0.696430
vt 0.929560 0.701690
vt 0.933110 0.704580
vt 0.925580 0.706030
vt 0.930370 0.708430
vt 0.919110 0.702090
vt 0.922540 0.697380
vt 0.935940 0.644020
vt 0.936300 0.637420
vt 0.927710 0.637250
vt 0.927600 0.643860
vt 0.939830 0.639440
vt 0.940440 0.643670
vt 0.936200 0.648900
vt 0.927940 0.650060
vt 0.940340 0.646940
vt 0.866660 0.696910
vt 0.861150 0.701770
vt 0.859090 0.705800
vt 0.868710 0.699140
vt 0.863610 0.693380
vt 0.863530 0.697160
vt 0.869170 0.685620
vt 0.874620 0.688390
vt 0.876960 0.683200
vt 0.870500 0.680900
vt 0.864730 0.683430
vt 0.801270 0.692400
vt 0.804700 0.679410
vt 0.797090 0.679710
vt 0.791760 0.690650
vt 0.826220 0.683210
vt 0.820000 0.673330
vt 0.812640 0.680690
vt 0.822610 0.686070
vt 0.830000 0.651720
vt 0.817050 0.657250
vt 0.831190 0.667580
vt 0.801570 0.671740
vt 0.787040 0.672150
vt 0.779140 0.669940
vt 0.771130 0.678420
vt 0.780560 0.683960
vt 0.763550 0.669710
vt 0.772540 0.660920
vt 0.766420 0.656900
vt 0.758800 0.661680
vt 0.774000 0.654430
vt 0.766550 0.653600
vt 0.792700 0.675400
vt 0.908110 0.642980
vt 0.904600 0.646080
vt 0.915280 0.649110
vt 0.913390 0.645930
vt 0.902390 0.640470
vt 0.897210 0.653760
vt 0.903260 0.650070
vt 0.891740 0.663310
vt 0.894330 0.668400
vt 0.897700 0.667230
vt 0.898070 0.662540
vt 0.890020 0.672880
vt 0.885570 0.669530
vt 0.882170 0.676340
vt 0.885670 0.679180
vt 0.900400 0.659590
vt 0.904030 0.656400
vt 0.887290 0.646260
vt 0.877720 0.642940
vt 0.869590 0.648460
vt 0.883480 0.654840
vt 0.914130 0.640170
vt 0.907770 0.636040
vt 0.912450 0.628470
vt 0.915770 0.633400
vt 0.761420 0.644100
vt 0.756980 0.636790
vt 0.752280 0.638410
vt 0.754140 0.645940
vt 0.784090 0.662880
vt 0.776390 0.665390
vt 0.879950 0.633220
vt 0.872730 0.634020
vt 0.892990 0.635930
vt 0.899110 0.627470
vt 0.905650 0.621080
vt 0.769940 0.636320
vt 0.763370 0.630490
vt 0.764400 0.650180
vt 0.776650 0.644210
vt 0.791080 0.653070
vt 0.805480 0.659690
vt 0.866620 0.634680
vt 0.855970 0.636080
vt 0.855980 0.647810
vt 0.885330 0.627010
vt 0.892750 0.620370
vt 0.868320 0.617470
vt 0.862420 0.625940
vt 0.879900 0.620520
vt 0.854850 0.624400
vt 0.853920 0.615760
vt 0.842310 0.637280
vt 0.842390 0.649650
vt 0.841700 0.625740
vt 0.841380 0.616890
vt 0.830630 0.638960
vt 0.832040 0.628270
vt 0.831710 0.619860
vt 0.819650 0.642820
vt 0.821530 0.632390
vt 0.808520 0.644320
vt 0.797400 0.642220
vt 0.783920 0.636060
vt 0.776090 0.629200
vt 0.898560 0.614690
vt 0.768960 0.623500
vt 0.884390 0.616040
vt 0.878620 0.610390
vt 0.781920 0.621220
vt 0.775300 0.616600
vt 0.892610 0.609040
vt 0.887820 0.604630
vt 0.841260 0.610840
vt 0.831750 0.613060
vt 0.854080 0.608770
vt 0.866610 0.607360
vt 0.874570 0.602790
vt 0.885250 0.598980
vt 0.811100 0.633440
vt 0.801340 0.632760
vt 0.790960 0.627370
vt 0.822470 0.622960
vt 0.821820 0.614760
vt 0.789710 0.607060
vt 0.806610 0.613360
vt 0.802940 0.596900
vt 0.786530 0.592900
vt 0.786570 0.615290
vt 0.778230 0.611810
vt 0.804810 0.621420
vt 0.778720 0.606670
vt 0.840820 0.593120
vt 0.830550 0.596450
vt 0.852570 0.591210
vt 0.865620 0.589430
vt 0.818410 0.597930
vt 0.776440 0.593660
vt 0.879920 0.587260
vt 0.890230 0.591010
vt 0.795780 0.568560
vt 0.776990 0.565930
vt 0.839680 0.571370
vt 0.827960 0.568350
vt 0.854740 0.567960
vt 0.872910 0.563530
vt 0.811120 0.569630
vt 0.763980 0.566040
vt 0.905370 0.565080
vt 0.890570 0.559780
vt 0.927250 0.505380
vt 0.928760 0.488930
vt 0.912060 0.487920
vt 0.911740 0.499920
vt 0.777690 0.472900
vt 0.793160 0.474880
vt 0.790610 0.446940
vt 0.776160 0.444970
vt 0.795030 0.496920
vt 0.778380 0.494320
vt 0.912160 0.469170
vt 0.929470 0.467720
vt 0.929080 0.443860
vt 0.911760 0.445310
vt 0.748810 0.465850
vt 0.762800 0.470340
vt 0.761830 0.443980
vt 0.746730 0.442250
vt 0.751170 0.486260
vt 0.764680 0.491080
vt 0.892060 0.473820
vt 0.894660 0.447070
vt 0.890390 0.494880
vt 0.778690 0.508270
vt 0.794990 0.510140
vt 0.765040 0.503950
vt 0.751680 0.502530
vt 0.888330 0.507600
vt 0.803480 0.538190
vt 0.799000 0.523570
vt 0.782200 0.521340
vt 0.787010 0.536310
vt 0.767120 0.517560
vt 0.753950 0.514890
vt 0.906750 0.515920
vt 0.924230 0.517400
vt 0.918350 0.535690
vt 0.900240 0.533820
vt 0.754540 0.534690
vt 0.769290 0.533590
vt 0.884990 0.524240
vt 0.880720 0.540900
vt 0.814480 0.496030
vt 0.816180 0.513440
vt 0.813120 0.475210
vt 0.827970 0.502230
vt 0.826330 0.479460
vt 0.810790 0.448830
vt 0.825370 0.448500
vt 0.837140 0.484490
vt 0.834600 0.450480
vt 0.866980 0.478650
vt 0.867480 0.450410
vt 0.849150 0.450090
vt 0.851090 0.481520
vt 0.866530 0.500880
vt 0.839430 0.506940
vt 0.852520 0.503540
vt 0.866160 0.519430
vt 0.822060 0.529460
vt 0.852470 0.521020
vt 0.842090 0.522430
vt 0.862540 0.533450
vt 0.853370 0.528540
vt 0.859830 0.545230
vt 0.840900 0.538750
vt 0.840710 0.549300
vt 0.842920 0.530270
vt 0.828150 0.516800
vt 0.824450 0.543020
vt 0.827950 0.522730
vt 0.753710 0.691330
vt 0.753180 0.683380
vt 0.750210 0.685400
vt 0.923990 0.643630
vt 0.923390 0.650260
vt 0.923710 0.637430
vt 0.745670 0.656180
vt 0.745540 0.652110
vt 0.740930 0.651950
vt 0.740200 0.656740
vt 0.864460 0.679310
vt 0.855480 0.675910
vt 0.847790 0.679070
vt 0.848710 0.682670
vt 0.856160 0.679790
vt 0.769330 0.701190
vt 0.771110 0.698930
vt 0.763810 0.694900
vt 0.762190 0.698000
vt 0.788540 0.689060
vt 0.909880 0.669140
vt 0.911240 0.663380
vt 0.907580 0.675490
vt 0.770490 0.688370
vt 0.775320 0.692180
vt 0.775470 0.703320
vt 0.779920 0.696780
vt 0.760150 0.689950
vt 0.760970 0.687070
vt 0.756720 0.693360
vt 0.782890 0.704640
vt 0.785100 0.701610
vt 0.913110 0.678540
vt 0.914860 0.671920
vt 0.780650 0.709340
vt 0.917960 0.681680
vt 0.920320 0.674470
vt 0.916680 0.667000
vt 0.922620 0.667960
vt 0.800860 0.705540
vt 0.800290 0.709220
vt 0.806300 0.710310
vt 0.806760 0.707440
vt 0.808680 0.693320
vt 0.815520 0.696480
vt 0.785780 0.701610
vt 0.906010 0.676860
vt 0.900100 0.682300
vt 0.895840 0.687330
vt 0.793650 0.700020
vt 0.793390 0.706750
vt 0.800800 0.699000
vt 0.807500 0.700150
vt 0.785990 0.705260
vt 0.785360 0.710360
vt 0.814580 0.703450
vt 0.902050 0.691350
vt 0.905820 0.685580
vt 0.812510 0.713140
vt 0.909260 0.695750
vt 0.912610 0.689710
vt 0.910490 0.680410
vt 0.916550 0.683780
vt 0.792680 0.709550
vt 0.926230 0.690660
vt 0.792120 0.717710
vt 0.799180 0.717850
vt 0.804930 0.719120
vt 0.811000 0.720870
vt 0.785230 0.716440
vt 0.917620 0.693560
vt 0.921440 0.687060
vt 0.913960 0.699110
vt 0.773320 0.705690
vt 0.929600 0.684510
vt 0.757290 0.704610
vt 0.763720 0.709100
vt 0.752390 0.699270
vt 0.768990 0.712980
vt 0.775130 0.716480
vt 0.923760 0.682770
vt 0.925860 0.676540
vt 0.927140 0.669590
vt 0.933410 0.651350
vt 0.933410 0.658590
vt 0.934190 0.665730
vt 0.743180 0.673160
vt 0.737680 0.675540
vt 0.739980 0.683010
vt 0.747750 0.679230
vt 0.743840 0.689210
vt 0.746550 0.694330
vt 0.740100 0.667050
vt 0.735560 0.669430
vt 0.928550 0.658410
vt 0.928860 0.651380
vt 0.924040 0.651420
vt 0.923320 0.658060
vt 0.928520 0.666130
vt 0.921960 0.666420
vt 0.745940 0.671780
vt 0.751030 0.677480
vt 0.769460 0.677070
vt 0.759190 0.687620
vt 0.911840 0.662510
vt 0.913390 0.655250
vt 0.752000 0.668490
vt 0.757540 0.673670
vt 0.746050 0.664650
vt 0.746110 0.663810
vt 0.917820 0.656940
vt 0.918770 0.650860
vt 0.760590 0.679140
vt 0.757340 0.688710
vt 0.916470 0.664230
vt 0.745620 0.646070
vt 0.741540 0.646250
vt 0.744990 0.638600
vt 0.740690 0.637670
vt 0.737790 0.662020
vt 0.742790 0.661970
vt 0.756680 0.658370
vt 0.919520 0.643260
vt 0.920960 0.637530
vt 0.918890 0.649650
vt 0.745190 0.663260
vt 0.755910 0.652540
vt 0.748880 0.646030
vt 0.750030 0.652440
vt 0.749130 0.657200
vt 0.841050 0.682170
vt 0.841720 0.687030
vt 0.837100 0.687940
vt 0.853120 0.661310
vt 0.866890 0.660380
vt 0.830150 0.681710
vt 0.843020 0.664380
vt 0.876780 0.668470
vt 0.879110 0.673510
vt 0.836910 0.674390
vt 0.845320 0.671390
vt 0.833750 0.682990
vt 0.854290 0.668170
vt 0.865480 0.669350
vt 0.872610 0.674080
vt 0.877510 0.677110
vt 0.798180 0.723210
vt 0.797750 0.725560
vt 0.803080 0.725680
vt 0.803400 0.724530
vt 0.794000 0.744270
vt 0.794750 0.739250
vt 0.790450 0.737720
vt 0.788230 0.740100
vt 0.801260 0.730330
vt 0.797150 0.728890
vt 0.809070 0.727930
vt 0.802920 0.733700
vt 0.806830 0.736900
vt 0.800650 0.732960
vt 0.796500 0.732320
vt 0.785220 0.723280
vt 0.791730 0.722500
vt 0.791590 0.724240
vt 0.784140 0.733460
vt 0.789350 0.732830
vt 0.792660 0.728660
vt 0.792030 0.732460
vt 0.792360 0.735360
vt 0.795550 0.736190
vt 0.799640 0.738810
vt 0.800680 0.741420
vt 0.798980 0.736740
vt 0.759480 0.725670
vt 0.762010 0.729690
vt 0.769180 0.722080
vt 0.763420 0.718690
vt 0.751650 0.724660
vt 0.747760 0.728660
vt 0.754100 0.730350
vt 0.754450 0.727570
vt 0.749350 0.717430
vt 0.744690 0.714340
vt 0.744990 0.722530
vt 0.747600 0.722610
vt 0.753860 0.710500
vt 0.754270 0.713770
vt 0.757730 0.716780
vt 0.759340 0.715170
vt 0.754710 0.709020
vt 0.760510 0.713530
vt 0.749090 0.705580
vt 0.751170 0.718450
vt 0.754670 0.720710
vt 0.750370 0.720640
vt 0.753410 0.723190
vt 0.755400 0.725310
vt 0.758610 0.723560
vt 0.765040 0.717020
vt 0.761120 0.720360
vt 0.726530 0.692880
vt 0.723960 0.689560
vt 0.720420 0.690880
vt 0.724440 0.695250
vt 0.723880 0.685300
vt 0.725940 0.682580
vt 0.722360 0.679410
vt 0.720780 0.685400
vt 0.730990 0.673080
vt 0.733980 0.677740
vt 0.737000 0.684350
vt 0.732480 0.678650
vt 0.731730 0.682110
vt 0.727160 0.684050
vt 0.733440 0.685720
vt 0.735680 0.684950
vt 0.729760 0.687650
vt 0.737770 0.691810
vt 0.739640 0.691000
vt 0.734810 0.690130
vt 0.729960 0.694700
vt 0.729830 0.697880
vt 0.739800 0.696140
vt 0.730000 0.692070
vt 0.727870 0.691830
vt 0.726550 0.688380
vt 0.725740 0.685240
vt 0.721860 0.648640
vt 0.723580 0.645550
vt 0.720200 0.643090
vt 0.717050 0.648500
vt 0.724610 0.654640
vt 0.721520 0.652240
vt 0.718640 0.653550
vt 0.722400 0.658760
vt 0.737170 0.645350
vt 0.736560 0.651520
vt 0.735130 0.638070
vt 0.726320 0.643240
vt 0.735480 0.645010
vt 0.724840 0.639230
vt 0.730820 0.647180
vt 0.730670 0.650740
vt 0.734910 0.651360
vt 0.727230 0.645960
vt 0.727270 0.650010
vt 0.733960 0.655790
vt 0.731940 0.661140
vt 0.736100 0.656110
vt 0.729730 0.653950
vt 0.725530 0.653120
vt 0.724120 0.651800
vt 0.724320 0.649410
vt 0.725610 0.646380
vt 0.857360 0.700780
vt 0.859830 0.697080
vt 0.857640 0.684410
vt 0.850480 0.687550
vt 0.859090 0.692390
vt 0.855320 0.688690
vt 0.851380 0.690270
vt 0.857360 0.693050
vt 0.853580 0.695350
vt 0.844560 0.691800
vt 0.838900 0.694400
vt 0.846320 0.703930
vt 0.849860 0.700460
vt 0.849150 0.692890
vt 0.851030 0.697820
vt 0.853130 0.702120
vt 0.853330 0.700120
vt 0.855450 0.698260
vt 0.857560 0.695510
s 1
usemtl Skin_MAT
f 3668/3903/3607 3753/3904/3608 3756/3905/3609 3735/3906/3610
f 3754/3907/3611 3670/3908/3612 3735/3906/3610 3756/3905/3609
f 3765/3909/3613 3673/3910/3614 3725/3911/3615 3768/3912/3616
f 3766/3913/3617 3768/3912/3616 3725/3911/3615 3674/3914/3618
f 3766/3913/3617 3675/3915/3619 3726/3916/3620 3768/3912/3616
f 3687/3917/3621 3771/3918/3622 3774/3919/3623 3718/3920/3624
f 3774/3919/3623 3772/3921/3625 3688/3922/3626 3718/3920/3624
f 3686/3923/3627 3772/3921/3625 3774/3919/3623 3717/3924/3628
f 3780/3925/3629 3777/3926/3630 3659/3927/3631 3747/3928/3632
f 3660/3929/3633 3777/3926/3630 3780/3925/3629 3748/3930/3634
f 3778/3931/3635 3780/3925/3629 3747/3928/3632 3663/3932/3636
f 3778/3931/3635 3664/3933/3637 3748/3930/3634 3780/3925/3629
f 3786/3934/3638 3761/3935/3639 3690/3936/3640 3783/3937/3641
f 3761/3935/3639 3786/3934/3638 3784/3938/3642 3694/3939/3643
f 3791/3940/3644 3788/3941/3645 3689/3942/3646 3760/3943/3647
f 3783/3937/3641 3788/3941/3645 3791/3940/3644 3786/3934/3638
f 3789/3944/3648 3784/3938/3642 3786/3934/3638 3791/3940/3644
f 3711/3945/3649 3719/3946/3650 3699/3947/3651 3628/3948/3652
f 3794/3949/3653 3793/3950/3654 3700/3951/3655 3704/3952/3656
f 3799/3953/3657 3813/3954/3658 3793/3950/3654 3652/3955/3659
f 3793/3950/3654 3815/3956/3660 3719/3946/3650 3700/3951/3655
f 3729/3957/3661 3696/3958/3662 3620/3959/3663 3721/3960/3664
f 3731/3961/3665 3739/3962/3666 3697/3963/3667 3636/3964/3668
f 3818/3965/3669 3701/3966/3670 3697/3963/3667 3739/3962/3666
f 3815/3956/3660 3695/3967/3671 3699/3947/3651 3719/3946/3650
f 3710/3968/3672 3709/3969/3673 3665/3970/3674 3661/3971/3675
f 3819/3972/3676 3820/3973/3677 3740/3974/3678 3709/3969/3673
f 3821/3975/3679 3705/3976/3680 3707/3977/3681 3730/3978/3682
f 3720/3979/3683 3800/3980/3684 3794/3981/3653 3704/3982/3656
f 3821/3975/3679 3800/3980/3684 3720/3979/3683 3705/3976/3680
f 3820/3973/3677 3706/3983/3685 3708/3984/3686 3740/3974/3678
f 3820/3973/3677 3821/3975/3679 3730/3978/3682 3706/3983/3685
f 3801/3985/3687 3802/3986/3688 3796/3987/3689 3795/3988/3690
f 3820/3973/3677 3801/3985/3687 3795/3988/3690 3821/3975/3679
f 3745/3989/3691 3750/3990/3692 3710/3968/3672 3661/3971/3675
f 3750/3990/3692 3819/3972/3676 3709/3969/3673 3710/3968/3672
f 3703/3991/3693 3750/3990/3692 3745/3989/3691 3657/3992/3694
f 3702/3993/3695 3703/3994/3693 3657/3995/3694 3644/3996/3696
f 3817/3997/3697 3818/3965/3669 3739/3962/3666 3698/3998/3698
f 3815/3956/3660 3817/3997/3697 3729/3957/3661 3695/3967/3671
f 3817/3997/3697 3698/3998/3698 3696/3958/3662 3729/3957/3661
f 3808/3999/3699 3807/4000/3700 3802/3986/3688 3801/3985/3687
f 3822/4001/3701 3801/3985/3687 3820/3973/3677 3819/3972/3676
f 3823/4002/3702 3822/4001/3701 3819/3972/3676 3750/3990/3692
f 3703/3991/3693 3824/4003/3703 3823/4002/3702 3750/3990/3692
f 3702/3993/3695 3825/4004/3704 3824/4005/3703 3703/3994/3693
f 3749/4006/3705 3826/4007/3706 3825/4004/3704 3702/3993/3695
f 3818/3965/3669 3826/4007/3706 3749/4006/3705 3701/3966/3670
f 3817/3997/3697 3827/4008/3707 3826/4007/3706 3818/3965/3669
f 3816/4009/3708 3827/4008/3707 3817/3997/3697 3815/3956/3660
f 3813/3954/3658 3816/4009/3708 3815/3956/3660 3793/3950/3654
f 3807/4000/3700 3806/4010/3709 3796/3987/3689 3802/3986/3688
f 3806/4010/3709 3803/4011/3710 3797/4012/3711 3796/3987/3689
f 3822/4001/3701 3828/4013/3712 3808/3999/3699 3801/3985/3687
f 3829/4014/3713 3828/4013/3712 3822/4001/3701 3823/4002/3702
f 3808/3999/3699 3812/4015/3714 3807/4000/3700
f 3812/4015/3714 3854/4016/3715 3806/4010/3709 3807/4000/3700
f 3852/4017/3716 3812/4015/3714 3808/3999/3699 3828/4013/3712
f 3854/4016/3715 3855/4018/3717 3803/4011/3710 3806/4010/3709
f 3811/4019/3718 3855/4018/3717 3854/4016/3715 3812/4015/3714
f 3804/4020/3719 3798/4021/3720 3797/4012/3711 3803/4011/3710
f 3855/4018/3717 3856/4022/3721 3804/4020/3719 3803/4011/3710
f 3810/4023/3722 3856/4022/3721 3855/4018/3717 3811/4019/3718
f 3805/4024/3723 3799/3953/3657 3798/4021/3720 3804/4020/3719
f 3856/4022/3721 3857/4025/3724 3805/4024/3723 3804/4020/3719
f 3809/4026/3725 3857/4025/3724 3856/4022/3721 3810/4023/3722
f 3805/4024/3723 3814/4027/3726 3813/3954/3658 3799/3953/3657
f 3857/4025/3724 3858/4028/3727 3814/4027/3726 3805/4024/3723
f 3814/4027/3726 3834/4029/3728 3816/4009/3708 3813/3954/3658
f 3834/4029/3728 3833/4030/3729 3827/4008/3707 3816/4009/3708
f 3833/4030/3729 3832/4031/3730 3826/4007/3706 3827/4008/3707
f 3832/4031/3730 3831/4032/3731 3825/4004/3704 3826/4007/3706
f 3824/4003/3703 3830/4033/3732 3829/4014/3713 3823/4002/3702
f 3831/4032/3731 3830/4034/3732 3824/4005/3703 3825/4004/3704
f 3853/4035/3733 3835/4036/3734 3812/4015/3714 3852/4017/3716
f 3862/4037/3735 3863/4038/3736 3830/4034/3732 3831/4032/3731
f 3853/4035/3733 3852/4017/3716 3828/4013/3712 3829/4014/3713
f 3863/4039/3736 3853/4035/3733 3829/4014/3713 3830/4033/3732
f 3853/4035/3733 3863/4039/3736 3836/4040/3737 3835/4036/3734
f 3810/4023/3722 3846/4041/3738 3845/4042/3739 3809/4026/3725
f 3811/4019/3718 3847/4043/3740 3846/4041/3738 3810/4023/3722
f 3851/4044/3741 3847/4043/3740 3811/4019/3718 3812/4015/3714
f 3840/4045/3742 3851/4044/3741 3812/4015/3714 3835/4036/3734
f 3841/4046/3743 3840/4045/3742 3835/4036/3734 3836/4040/3737
f 3858/4028/3727 3859/4047/3744 3834/4029/3728 3814/4027/3726
f 3860/4048/3745 3861/4049/3746 3832/4031/3730 3833/4030/3729
f 3859/4047/3744 3860/4048/3745 3833/4030/3729 3834/4029/3728
f 3839/4050/3747 3858/4028/3727 3857/4025/3724 3809/4026/3725
f 3845/4042/3739 3844/4051/3748 3839/4050/3747 3809/4026/3725
f 3842/4052/3749 3843/4053/3750 3870/4054/3751 3871/4055/3752
f 3861/4049/3746 3862/4037/3735 3831/4032/3731 3832/4031/3730
f 3862/4037/3735 3837/4056/3753 3836/4057/3737 3863/4038/3736
f 3838/4058/3754 3859/4047/3744 3858/4028/3727 3839/4050/3747
f 3838/4058/3754 3861/4049/3746 3860/4048/3745
f 3837/4056/3753 3842/4052/3749 3841/4059/3743 3836/4057/3737
f 3842/4052/3749 3837/4056/3753 3838/4058/3754 3843/4053/3750
f 3837/4056/3753 3862/4037/3735 3861/4049/3746 3838/4058/3754
f 3843/4053/3750 3838/4058/3754 3839/4050/3747 3844/4051/3748
f 3859/4047/3744 3838/4058/3754 3860/4048/3745
f 3846/4041/3738 3864/4060/3755 3866/4061/3756 3845/4042/3739
f 3847/4043/3740 3865/4062/3757 3864/4060/3755 3846/4041/3738
f 3865/4062/3757 3847/4043/3740 3851/4044/3741 3872/4063/3758
f 3844/4051/3748 3867/4064/3759 3870/4054/3751 3843/4053/3750
f 3867/4064/3759 3844/4051/3748 3845/4042/3739 3866/4061/3756
f 3868/4065/3760 3841/4059/3743 3842/4052/3749 3871/4055/3752
f 3869/4066/3761 3840/4045/3742 3841/4046/3743 3868/4067/3760
f 3840/4045/3742 3869/4066/3761 3872/4063/3758 3851/4044/3741
f 3870/4054/3751 4039/4068/3762 4038/4069/3763 3871/4055/3752
f 3864/4060/3755 4042/4070/3764 4041/4071/3765 3866/4061/3756
f 3865/4062/3757 4043/4072/3766 4042/4070/3764 3864/4060/3755
f 3872/4063/3758 4044/4073/3767 4043/4072/3766 3865/4062/3757
f 3867/4064/3759 4040/4074/3768 4039/4068/3762 3870/4054/3751
f 3866/4061/3756 4041/4071/3765 4040/4074/3768 3867/4064/3759
f 3871/4055/3752 4038/4069/3763 4046/4075/3769 3868/4065/3760
f 3868/4067/3760 4046/4076/3769 4045/4077/3770 3869/4066/3761
f 3869/4066/3761 4045/4077/3770 4044/4073/3767 3872/4063/3758
f 3614/4078/3771 3888/4079/3772 3893/4080/3773 3848/4081/3774
f 3900/4082/3775 3895/4083/3776 3611/4084/3777 3882/4085/3778
f 3887/4086/3779 3895/4083/3776 3900/4082/3775 3891/4087/3780
f 3902/4088/3781 3896/4089/3782 3613/4090/3783 3884/4091/3784
f 3896/4092/3782 3901/4093/3785 3883/4094/3786 3613/4095/3783
f 3888/4079/3772 3896/4089/3782 3902/4088/3781 3893/4080/3773
f 3896/4092/3782 3888/4096/3772 3892/4097/3787 3901/4093/3785
f 3897/4098/3788 3902/4088/3781 3884/4091/3784 3615/4099/3789
f 3897/4098/3788 3889/4100/3790 3893/4080/3773 3902/4088/3781
f 3900/4082/3775 3901/4093/3785 3892/4097/3787 3891/4087/3780
f 3900/4082/3775 3882/4085/3778 3883/4094/3786 3901/4093/3785
f 3891/4087/3780 3849/4101/3791 3612/4102/3792 3887/4086/3779
f 3850/4103/3793 3892/4097/3787 3888/4096/3772 3614/4104/3771
f 3889/4100/3790 3616/4105/3794 3848/4081/3774 3893/4080/3773
f 3892/4097/3787 3850/4103/3793 3849/4101/3791 3891/4087/3780
f 3875/4106/3795 3905/4107/3796 3909/4108/3797 3879/4109/3798
f 3909/4108/3797 3849/4101/3791 3850/4103/3793 3910/4110/3799
f 3909/4108/3797 3905/4107/3796 3612/4102/3792 3849/4101/3791
f 3906/4111/3800 3910/4110/3799 3850/4103/3793 3614/4104/3771
f 3907/4112/3801 3906/4113/3800 3614/4078/3771 3848/4081/3774
f 3876/4114/3802 3906/4113/3800 3907/4112/3801 3877/4115/3803
f 3906/4111/3800 3876/4116/3802 3880/4117/3804 3910/4110/3799
f 3911/4118/3805 3907/4112/3801 3848/4081/3774 3616/4105/3794
f 3877/4115/3803 3907/4112/3801 3911/4118/3805 3881/4119/3806
f 3909/4108/3797 3910/4110/3799 3880/4117/3804 3879/4109/3798
f 3886/4120/3807 3887/4086/3779 3612/4102/3792 3609/4121/3808
f 3899/4122/3809 3895/4083/3776 3887/4086/3779 3886/4120/3807
f 3913/4123/3810 3914/4124/3811 3899/4122/3809 3886/4120/3807
f 3610/4125/3812 3899/4122/3809 3914/4124/3811 3915/4126/3813
f 3899/4122/3809 3610/4125/3812 3611/4084/3777 3895/4083/3776
f 3894/4127/3814 3607/4128/3815 3915/4126/3813 3914/4124/3811
f 3898/4129/3816 3897/4098/3788 3615/4099/3789 3617/4130/3817
f 3916/4131/3818 3917/4132/3819 3898/4129/3816 3617/4130/3817
f 3894/4127/3814 3917/4132/3819 3916/4131/3818 3607/4128/3815
f 3898/4129/3816 3890/4133/3820 3889/4100/3790 3897/4098/3788
f 3885/4134/3821 3894/4127/3814 3914/4124/3811 3913/4123/3810
f 3918/4135/3822 3917/4132/3819 3894/4127/3814 3885/4134/3821
f 3918/4135/3822 3890/4133/3820 3898/4129/3816 3917/4132/3819
f 3890/4133/3820 3618/4136/3823 3616/4105/3794 3889/4100/3790
f 3908/4137/3824 3609/4121/3808 3612/4102/3792 3905/4107/3796
f 3918/4135/3822 3919/4138/3825 3618/4136/3823 3890/4133/3820
f 3608/4139/3826 3919/4138/3825 3918/4135/3822 3885/4134/3821
f 3904/4140/3827 3911/4118/3805 3616/4105/3794 3618/4136/3823
f 3920/4141/3828 3904/4140/3827 3618/4136/3823 3919/4138/3825
f 3904/4140/3827 3874/4142/3829 3881/4119/3806 3911/4118/3805
f 3874/4142/3829 3904/4140/3827 3903/4143/3830 3873/4144/3831
f 3921/4145/3832 3920/4141/3828 3919/4138/3825 3608/4139/3826
f 3921/4145/3832 3903/4143/3830 3904/4140/3827 3920/4141/3828
f 3913/4123/3810 3912/4146/3833 3608/4139/3826 3885/4134/3821
f 3912/4146/3833 3913/4123/3810 3886/4120/3807 3609/4121/3808
f 3903/4143/3830 3908/4137/3824 3878/4147/3834 3873/4144/3831
f 3908/4137/3824 3905/4107/3796 3875/4106/3795 3878/4147/3834
f 3922/4148/3835 3908/4137/3824 3903/4143/3830 3921/4145/3832
f 3908/4137/3824 3922/4148/3835 3912/4146/3833 3609/4121/3808
f 3912/4146/3833 3922/4148/3835 3921/4145/3832 3608/4139/3826
f 3679/4149/3836 3930/4150/3837 3638/4151/3838
f 3747/3928/3632 3746/4152/3839 3662/4153/3840 3663/3932/3636
f 3658/4154/3841 3746/4152/3839 3747/3928/3632 3659/3927/3631
f 3933/4155/3842 3936/4156/3843 3742/4157/3844 3646/4158/3845
f 3760/3943/3647 3693/4159/3846 3789/3944/3648 3791/3940/3644
f 3939/4160/3847 3940/4161/3848 3758/4162/3849 3654/4163/3850
f 3722/4164/3851 3928/4165/3852 3926/4166/3853 3621/4167/3854
f 3619/4168/3855 3695/3967/3671 3729/3957/3661 3721/3960/3664
f 3619/4168/3855 3628/3948/3652 3699/3947/3651 3695/3967/3671
f 3730/3978/3682 3728/4169/3856 3677/4170/3857 3706/3983/3685
f 3678/4171/3858 3728/4169/3856 3730/3978/3682 3707/3977/3681
f 3941/4172/3859 3926/4166/3853 3928/4165/3852 3943/4173/3860
f 3943/4173/3860 3928/4165/3852 3927/4174/3861 3944/4175/3862
f 3945/4176/3863 3941/4172/3859 3620/3959/3663 3677/4177/3857
f 3941/4172/3859 3943/4173/3860 3721/3960/3664 3620/3959/3663
f 3926/4166/3853 3941/4172/3859 3945/4176/3863 3676/4178/3864
f 3944/4175/3862 3942/4179/3865 3678/4180/3858 3619/4168/3855
f 3942/4181/3865 3946/4182/3866 3728/4169/3856 3678/4171/3858
f 3671/4183/3867 3942/4179/3865 3944/4175/3862 3927/4174/3861
f 3942/4181/3865 3671/4184/3867 3727/4185/3868 3946/4182/3866
f 3943/4173/3860 3944/4175/3862 3619/4168/3855 3721/3960/3664
f 3945/4186/3863 3946/4182/3866 3727/4185/3868 3676/4187/3864
f 3945/4186/3863 3677/4170/3857 3728/4169/3856 3946/4182/3866
f 3925/4188/3869 3712/4189/3870 3630/4190/3871 3924/4191/3872
f 3627/4192/3873 3700/3951/3655 3719/3946/3650 3711/3945/3649
f 3700/3951/3655 3627/4192/3873 3682/4193/3874 3704/3952/3656
f 3678/4180/3858 3681/4194/3875 3628/3948/3652 3619/4168/3855
f 3681/4195/3875 3678/4171/3858 3707/3977/3681 3705/3976/3680
f 3720/3979/3683 3715/4196/3876 3681/4195/3875 3705/3976/3680
f 3682/4197/3874 3715/4196/3876 3720/3979/3683 3704/3982/3656
f 3947/4198/3877 3923/4199/3878 3925/4188/3869 3949/4200/3879
f 3949/4200/3879 3925/4188/3869 3924/4191/3872 3950/4201/3880
f 3951/4202/3881 3947/4198/3877 3628/3948/3652 3681/4194/3875
f 3947/4198/3877 3949/4200/3879 3711/3945/3649 3628/3948/3652
f 3923/4199/3878 3947/4198/3877 3951/4202/3881 3684/4203/3882
f 3950/4201/3880 3948/4204/3883 3682/4193/3874 3627/4192/3873
f 3948/4205/3883 3952/4206/3884 3715/4196/3876 3682/4197/3874
f 3683/4207/3885 3948/4204/3883 3950/4201/3880 3924/4191/3872
f 3948/4205/3883 3683/4208/3885 3716/4209/3886 3952/4206/3884
f 3949/4200/3879 3950/4201/3880 3627/4192/3873 3711/3945/3649
f 3951/4210/3881 3952/4206/3884 3716/4209/3886 3684/4211/3882
f 3951/4210/3881 3681/4195/3875 3715/4196/3876 3952/4206/3884
f 3629/4212/3887 3923/4199/3878 3684/4203/3882
f 3923/4199/3878 3629/4212/3887 3712/4189/3870 3925/4188/3869
f 3683/4207/3885 3924/4191/3872 3630/4190/3871
f 3771/3918/3622 3685/4213/3888 3717/3924/3628 3774/3919/3623
f 3629/4212/3887 3954/4214/3889 3957/4215/3890 3712/4189/3870
f 3953/4216/3891 3956/4217/3892 3683/4207/3885 3630/4190/3871
f 3957/4215/3890 3953/4216/3891 3630/4190/3871 3712/4189/3870
f 3954/4214/3889 3629/4212/3887 3684/4203/3882 3955/4218/3893
f 3958/4219/3894 3955/4220/3893 3684/4211/3882 3716/4209/3886
f 3685/4213/3888 3955/4220/3893 3958/4219/3894 3717/3924/3628
f 3958/4219/3894 3956/4221/3892 3686/3923/3627 3717/3924/3628
f 3683/4208/3885 3956/4221/3892 3958/4219/3894 3716/4209/3886
f 3722/4164/3851 3622/4222/3895 3927/4174/3861 3928/4165/3852
f 3622/4222/3895 3671/4183/3867 3927/4174/3861
f 3726/3916/3620 3672/4223/3896 3765/3909/3613 3768/3912/3616
f 3676/4178/3864 3621/4167/3854 3926/4166/3853
f 3959/4224/3897 3963/4225/3898 3722/4164/3851 3621/4167/3854
f 3962/4226/3899 3959/4224/3897 3621/4167/3854 3676/4178/3864
f 3622/4222/3895 3960/4227/3900 3961/4228/3901 3671/4183/3867
f 3960/4227/3900 3622/4222/3895 3722/4164/3851 3963/4225/3898
f 3961/4229/3901 3964/4230/3902 3727/4185/3868 3671/4184/3867
f 3961/4229/3901 3672/4223/3896 3726/3916/3620 3964/4230/3902
f 3962/4231/3899 3964/4230/3902 3726/3916/3620 3675/3915/3619
f 3962/4231/3899 3676/4187/3864 3727/4185/3868 3964/4230/3902
f 3667/4232/3903 3736/4233/3904 3756/3905/3609 3753/3904/3608
f 3736/4233/3904 3669/4234/3905 3754/3907/3611 3756/3905/3609
f 3637/4235/3906 3966/4236/3907 3969/4237/3908 3732/4238/3909
f 3965/4239/3910 3968/4240/3911 3679/4149/3836 3638/4151/3838
f 3969/4237/3908 3965/4239/3910 3638/4151/3838 3732/4238/3909
f 3966/4236/3907 3637/4235/3906 3666/4241/3912 3967/4242/3913
f 3970/4243/3914 3967/4244/3913 3666/4245/3912 3737/4246/3915
f 3667/4232/3903 3967/4244/3913 3970/4243/3914 3736/4233/3904
f 3968/4247/3911 3970/4243/3914 3737/4246/3915 3679/4248/3836
f 3968/4247/3911 3669/4234/3905 3736/4233/3904 3970/4243/3914
f 3666/4241/3912 3637/4235/3906 3929/4249/3916
f 3732/4238/3909 3931/4250/3917 3929/4249/3916 3637/4235/3906
f 3635/4251/3918 3698/3998/3698 3739/3962/3666 3731/3961/3665
f 3635/4251/3918 3620/3959/3663 3696/3958/3662 3698/3998/3698
f 3931/4250/3917 3732/4238/3909 3638/4151/3838 3930/4150/3837
f 3680/4252/3919 3677/4177/3857 3620/3959/3663 3635/4251/3918
f 3680/4253/3919 3708/3984/3686 3706/3983/3685 3677/4170/3857
f 3740/3974/3678 3738/4254/3920 3665/3970/3674 3709/3969/3673
f 3680/4253/3919 3738/4254/3920 3740/3974/3678 3708/3984/3686
f 3971/4255/3921 3929/4249/3916 3931/4250/3917 3973/4256/3922
f 3972/4257/3923 3971/4255/3921 3636/3964/3668 3665/4258/3674
f 3971/4255/3921 3973/4256/3922 3731/3961/3665 3636/3964/3668
f 3929/4249/3916 3971/4255/3921 3972/4257/3923 3666/4241/3912
f 3976/4259/3924 3972/4260/3923 3665/3970/3674 3738/4254/3920
f 3666/4245/3912 3972/4260/3923 3976/4259/3924 3737/4246/3915
f 3973/4256/3922 3974/4261/3925 3635/4251/3918 3731/3961/3665
f 3973/4256/3922 3931/4250/3917 3930/4150/3837 3974/4261/3925
f 3975/4262/3926 3974/4261/3925 3930/4150/3837 3679/4149/3836
f 3635/4251/3918 3974/4261/3925 3975/4262/3926 3680/4252/3919
f 3976/4259/3924 3975/4263/3926 3679/4248/3836 3737/4246/3915
f 3680/4253/3919 3975/4263/3926 3976/4259/3924 3738/4254/3920
f 3932/4264/3927 3645/4265/3928 3742/4157/3844 3936/4156/3843
f 3934/4266/3929 3658/4267/3841 3645/4265/3928 3932/4264/3927
f 3662/4268/3840 3935/4269/3930 3933/4155/3842 3646/4158/3845
f 3701/3966/3670 3643/4270/3931 3636/3964/3668 3697/3963/3667
f 3937/4271/3932 3746/4152/3839 3658/4154/3841 3934/4272/3929
f 3746/4152/3839 3937/4271/3932 3935/4273/3930 3662/4153/3840
f 3636/3964/3668 3643/4270/3931 3661/4274/3675 3665/4258/3674
f 3749/4006/3705 3741/4275/3933 3643/4270/3931 3701/3966/3670
f 3644/3996/3696 3741/4275/3933 3749/4006/3705 3702/3993/3695
f 3935/4273/3930 3937/4271/3932 3745/3989/3691 3661/3971/3675
f 3934/4266/3929 3977/4276/3934 3644/3996/3696 3657/3995/3694
f 3977/4276/3934 3979/4277/3935 3741/4275/3933 3644/3996/3696
f 3932/4264/3927 3977/4276/3934 3934/4266/3929
f 3977/4276/3934 3932/4264/3927 3936/4156/3843 3979/4277/3935
f 3937/4271/3932 3934/4272/3929 3657/3992/3694 3745/3989/3691
f 3978/4278/3936 3935/4269/3930 3661/4274/3675 3643/4270/3931
f 3935/4269/3930 3978/4278/3936 3933/4155/3842
f 3978/4278/3936 3979/4277/3935 3936/4156/3843 3933/4155/3842
f 3978/4278/3936 3643/4270/3931 3741/4275/3933 3979/4277/3935
f 3938/4279/3937 3653/4280/3938 3758/4162/3849 3940/4161/3848
f 3653/4280/3938 3938/4279/3937 3689/4281/3646
f 3797/4012/3711 3651/4282/3939 3692/4283/3940 3796/3987/3689
f 3693/4159/3846 3939/4160/3847 3654/4163/3850
f 3794/3949/3653 3691/4284/3941 3652/3955/3659 3793/3950/3654
f 3798/4021/3720 3757/4285/3942 3651/4282/3939 3797/4012/3711
f 3757/4285/3942 3798/4021/3720 3799/3953/3657 3652/3955/3659
f 3762/4286/3943 3795/3988/3690 3796/3987/3689 3692/4283/3940
f 3800/3980/3684 3762/4286/3943 3691/4287/3941 3794/3981/3653
f 3762/4286/3943 3800/3980/3684 3821/3975/3679 3795/3988/3690
f 3980/4288/3944 3938/4279/3937 3940/4161/3848 3984/4289/3945
f 3983/4290/3946 3980/4288/3944 3652/3955/3659 3691/4284/3941
f 3980/4288/3944 3984/4289/3945 3757/4285/3942 3652/3955/3659
f 3938/4279/3937 3980/4288/3944 3983/4290/3946 3689/4281/3646
f 3982/4291/3947 3981/4292/3948 3692/4283/3940 3651/4282/3939
f 3981/4292/3948 3985/4293/3949 3762/4286/3943 3692/4283/3940
f 3693/4159/3846 3981/4292/3948 3982/4291/3947 3939/4160/3847
f 3981/4292/3948 3693/4159/3846 3760/3943/3647 3985/4293/3949
f 3982/4291/3947 3984/4289/3945 3940/4161/3848 3939/4160/3847
f 3982/4291/3947 3651/4282/3939 3757/4285/3942 3984/4289/3945
f 3983/4294/3946 3985/4293/3949 3760/3943/3647 3689/3942/3646
f 3983/4294/3946 3691/4287/3941 3762/4286/3943 3985/4293/3949
f 4026/4295/3950 3713/4296/3951 3631/4297/3952 4027/4298/3953
f 3718/4299/3624 3714/4300/3954 3633/4301/3955 3687/4302/3621
f 3987/4303/3956 3631/4297/3952 3713/4296/3951 3988/4304/3957
f 4027/4298/3953 3631/4297/3952 3686/4305/3627
f 3631/4297/3952 3770/4306/3958 3772/4307/3625 3686/4305/3627
f 3631/4297/3952 3987/4303/3956 3986/4308/3959 3770/4306/3958
f 3987/4303/3956 3988/4304/3957 3773/4309/3960 3986/4308/3959
f 3685/4310/3888 4028/4311/3961 3954/4214/3889 3955/4218/3893
f 4028/4311/3961 4026/4295/3950 3957/4215/3890 3954/4214/3889
f 3632/4312/3962 3685/4310/3888 3771/4313/3622 3769/4314/3963
f 3989/4315/3964 3632/4312/3962 3769/4314/3963 3990/4316/3965
f 3632/4312/3962 3989/4315/3964 3988/4304/3957 3713/4296/3951
f 3989/4315/3964 3990/4316/3965 3773/4309/3960 3988/4304/3957
f 3991/4317/3966 3633/4301/3955 3714/4300/3954 3992/4318/3967
f 3633/4301/3955 3769/4314/3963 3771/4313/3622 3687/4302/3621
f 3633/4301/3955 3991/4317/3966 3990/4316/3965 3769/4314/3963
f 3991/4317/3966 3992/4318/3967 3773/4309/3960 3990/4316/3965
f 3634/4319/3968 3688/4320/3626 3772/4307/3625 3770/4306/3958
f 3993/4321/3969 3634/4319/3968 3770/4306/3958 3986/4308/3959
f 3634/4319/3968 3714/4300/3954 3718/4299/3624 3688/4320/3626
f 3634/4319/3968 3993/4321/3969 3992/4318/3967 3714/4300/3954
f 3993/4321/3969 3986/4308/3959 3773/4309/3960 3992/4318/3967
f 3763/4322/3970 3765/4323/3613 3672/4324/3896 3624/4325/3971
f 3724/4326/3972 3725/4327/3615 3673/4328/3614 3625/4329/3973
f 3764/4330/3974 3766/4331/3617 3674/4332/3618 3626/4333/3975
f 3623/4334/3976 4001/4335/3977 3995/4336/3978 3723/4337/3979
f 3959/4224/3897 4030/4338/3980 4029/4339/3981 3963/4225/3898
f 4030/4338/3980 3959/4224/3897 3962/4226/3899 3675/4340/3619
f 3764/4330/3974 3623/4334/3976 3675/4340/3619 3766/4331/3617
f 4001/4335/3977 3623/4334/3976 3764/4330/3974 4000/4341/3982
f 3995/4336/3978 4001/4335/3977 4000/4341/3982 3767/4342/3983
f 3626/4333/3975 3999/4343/3984 4000/4341/3982 3764/4330/3974
f 3724/4326/3972 3626/4333/3975 3674/4332/3618 3725/4327/3615
f 3999/4343/3984 3626/4333/3975 3724/4326/3972 3998/4344/3985
f 4000/4341/3982 3999/4343/3984 3998/4344/3985 3767/4342/3983
f 3625/4329/3973 3997/4345/3986 3998/4344/3985 3724/4326/3972
f 3763/4322/3970 3625/4329/3973 3673/4328/3614 3765/4323/3613
f 3997/4345/3986 3625/4329/3973 3763/4322/3970 3996/4346/3987
f 3998/4344/3985 3997/4345/3986 3996/4346/3987 3767/4342/3983
f 3624/4325/3971 3672/4324/3896 4031/4347/3988
f 3723/4337/3979 3624/4325/3971 4031/4347/3988 4029/4339/3981
f 3624/4325/3971 3994/4348/3989 3996/4346/3987 3763/4322/3970
f 3994/4348/3989 3624/4325/3971 3723/4337/3979 3995/4336/3978
f 3996/4346/3987 3994/4348/3989 3995/4336/3978 3767/4342/3983
f 3642/4349/3990 3734/4350/3991 3735/4351/3610 3670/4352/3612
f 3641/4353/3992 3751/4354/3993 3753/4355/3608 3668/4356/3607
f 3667/4357/3903 4033/4358/3994 3966/4236/3907 3967/4242/3913
f 4033/4358/3994 4032/4359/3995 3969/4237/3908 3966/4236/3907
f 3640/4360/3996 3667/4357/3903 3753/4355/3608 3751/4354/3993
f 4009/4361/3997 3640/4360/3996 3751/4354/3993 4008/4362/3998
f 3640/4360/3996 4009/4361/3997 4002/4363/3999 3733/4364/4000
f 4002/4363/3999 4009/4361/3997 4008/4362/3998 3755/4365/4001
f 3639/4366/4002 4034/4367/4003 4032/4359/3995 3733/4364/4000
f 4003/4368/4004 3639/4366/4002 3733/4364/4000 4002/4363/3999
f 3639/4366/4002 3752/4369/4005 3754/4370/3611 3669/4371/3905
f 4034/4367/4003 3639/4366/4002 3669/4371/3905
f 3639/4366/4002 4003/4368/4004 4004/4372/4006 3752/4369/4005
f 4004/4372/4006 4003/4368/4004 4002/4363/3999 3755/4365/4001
f 3642/4349/3990 3670/4352/3612 3754/4370/3611 3752/4369/4005
f 4005/4373/4007 3642/4349/3990 3752/4369/4005 4004/4372/4006
f 3642/4349/3990 4005/4373/4007 4006/4374/4008 3734/4350/3991
f 4006/4374/4008 4005/4373/4007 4004/4372/4006 3755/4365/4001
f 4007/4375/4009 3641/4353/3992 3734/4350/3991 4006/4374/4008
f 3641/4353/3992 3668/4356/3607 3735/4351/3610 3734/4350/3991
f 3641/4353/3992 4007/4375/4009 4008/4362/3998 3751/4354/3993
f 4008/4362/3998 4007/4375/4009 4006/4374/4008 3755/4365/4001
f 3744/4376/4010 3650/4377/4011 3660/4378/3633 3748/4379/3634
f 3775/4380/4012 3649/4381/4013 3664/4382/3637 3778/4383/3635
f 4036/4384/4014 4035/4385/4015 3742/4157/3844 3645/4265/3928
f 3659/4386/3631 4036/4384/4014 3645/4265/3928 3658/4267/3841
f 3776/4387/4016 3648/4388/4017 3659/4386/3631 3777/4389/3630
f 3648/4388/4017 4011/4390/4018 4010/4391/4019 3743/4392/4020
f 4011/4390/4018 3648/4388/4017 3776/4387/4016 4012/4393/4021
f 4011/4390/4018 4012/4393/4021 3779/4394/4022 4010/4391/4019
f 3647/4395/4023 3663/4396/3636 4037/4397/4024
f 3743/4392/4020 3647/4395/4023 4037/4397/4024 4035/4385/4015
f 4017/4398/4025 3647/4395/4023 3743/4392/4020 4010/4391/4019
f 3663/4396/3636 3647/4395/4023 3775/4380/4012 3778/4383/3635
f 3647/4395/4023 4017/4398/4025 4016/4399/4026 3775/4380/4012
f 4017/4398/4025 4010/4391/4019 3779/4394/4022 4016/4399/4026
f 3664/4382/3637 3649/4381/4013 3744/4376/4010 3748/4379/3634
f 3649/4381/4013 4015/4400/4027 4014/4401/4028 3744/4376/4010
f 4015/4400/4027 3649/4381/4013 3775/4380/4012 4016/4399/4026
f 4015/4400/4027 4016/4399/4026 3779/4394/4022 4014/4401/4028
f 3660/4378/3633 3650/4377/4011 3776/4387/4016 3777/4389/3630
f 3650/4377/4011 4013/4402/4029 4012/4393/4021 3776/4387/4016
f 4013/4402/4029 3650/4377/4011 3744/4376/4010 4014/4401/4028
f 4013/4402/4029 4014/4401/4028 3779/4394/4022 4012/4393/4021
f 3759/4403/4030 3761/3935/3639 3694/3939/3643 3655/4404/4031
f 3787/4405/4032 3789/3944/3648 3693/4159/3846 3654/4163/3850
f 3790/4406/4033 3787/4405/4032 3654/4163/3850 3758/4162/3849
f 3787/4405/4032 3781/4407/4034 3784/3938/3642 3789/3944/3648
f 4019/4408/4035 3787/4405/4032 3790/4406/4033 4018/4409/4036
f 3787/4405/4032 4019/4408/4035 4020/4410/4037 3781/4407/4034
f 4020/4410/4037 4019/4408/4035 4018/4409/4036 3785/4411/4038
f 3792/4412/4039 3788/4413/3645 3783/4414/3641 3782/4415/4040
f 4021/4416/4041 3792/4412/4039 3782/4415/4040 4022/4417/4042
f 3792/4412/4039 3653/4280/3938 3689/4281/3646 3788/4413/3645
f 3653/4280/3938 3792/4412/4039 3790/4406/4033 3758/4162/3849
f 3792/4412/4039 4021/4416/4041 4018/4409/4036 3790/4406/4033
f 4021/4416/4041 4022/4417/4042 3785/4411/4038 4018/4409/4036
f 3690/3936/3640 3656/4418/4043 3782/4415/4040 3783/4414/3641
f 3656/4418/4043 4023/4419/4044 4022/4417/4042 3782/4415/4040
f 3759/4403/4030 3656/4418/4043 3690/3936/3640 3761/3935/3639
f 4023/4419/4044 3656/4418/4043 3759/4403/4030 4024/4420/4045
f 4023/4419/4044 4024/4420/4045 3785/4411/4038 4022/4417/4042
f 3655/4404/4031 4025/4421/4046 4024/4420/4045 3759/4403/4030
f 3781/4407/4034 3655/4404/4031 3694/3939/3643 3784/3938/3642
f 4025/4421/4046 3655/4404/4031 3781/4407/4034 4020/4410/4037
f 4025/4421/4046 4020/4410/4037 3785/4411/4038 4024/4420/4045
f 3957/4215/3890 4026/4295/3950 4027/4298/3953 3953/4216/3891
f 3953/4216/3891 4027/4298/3953 3686/4305/3627 3956/4217/3892
f 3632/4312/3962 3713/4296/3951 4026/4295/3950 4028/4311/3961
f 3685/4310/3888 3632/4312/3962 4028/4311/3961
f 4030/4338/3980 3623/4334/3976 3723/4337/3979 4029/4339/3981
f 3623/4334/3976 4030/4338/3980 3675/4340/3619
f 4031/4347/3988 3960/4227/3900 3963/4225/3898 4029/4339/3981
f 3672/4324/3896 3961/4228/3901 3960/4227/3900 4031/4347/3988
f 3640/4360/3996 3733/4364/4000 4032/4359/3995 4033/4358/3994
f 3667/4357/3903 3640/4360/3996 4033/4358/3994
f 4034/4367/4003 3965/4239/3910 3969/4237/3908 4032/4359/3995
f 3965/4239/3910 4034/4367/4003 3669/4371/3905 3968/4240/3911
f 3648/4388/4017 3743/4392/4020 4035/4385/4015 4036/4384/4014
f 3659/4386/3631 3648/4388/4017 4036/4384/4014
f 4037/4397/4024 3646/4158/3845 3742/4157/3844 4035/4385/4015
f 3663/4396/3636 3662/4268/3840 3646/4158/3845 4037/4397/4024
f 4039/4068/3762 3879/4109/3798 3880/4117/3804 4038/4069/3763
f 4040/4074/3768 3875/4106/3795 3879/4109/3798 4039/4068/3762
f 3878/4147/3834 3875/4106/3795 4040/4074/3768 4041/4071/3765
f 4042/4070/3764 3873/4144/3831 3878/4147/3834 4041/4071/3765
f 4043/4072/3766 3874/4142/3829 3873/4144/3831 4042/4070/3764
f 4044/4073/3767 3881/4119/3806 3874/4142/3829 4043/4072/3766
f 3877/4115/3803 3881/4119/3806 4044/4073/3767 4045/4077/3770
f 3876/4114/3802 3877/4115/3803 4045/4077/3770 4046/4076/3769
f 3880/4117/3804 3876/4116/3802 4046/4075/3769 4038/4069/3763
f 4108/3903/4047 4175/3906/4048 4196/3905/4049 4193/3904/4050
f 4194/3907/4051 4196/3905/4049 4175/3906/4048 4110/3908/4052
f 4205/3909/4053 4208/3912/4054 4165/3911/4055 4113/3910/4056
f 4206/3913/4057 4114/3914/4058 4165/3911/4055 4208/3912/4054
f 4206/3913/4057 4208/3912/4054 4166/3916/4059 4115/3915/4060
f 4127/3917/4061 4158/3920/4062 4214/3919/4063 4211/3918/4064
f 4214/3919/4063 4158/3920/4062 4128/3922/4065 4212/3921/4066
f 4126/3923/4067 4157/3924/4068 4214/3919/4063 4212/3921/4066
f 4220/3925/4069 4187/3928/4070 4099/3927/4071 4217/3926/4072
f 4100/3929/4073 4188/3930/4074 4220/3925/4069 4217/3926/4072
f 4218/3931/4075 4103/3932/4076 4187/3928/4070 4220/3925/4069
f 4218/3931/4075 4220/3925/4069 4188/3930/4074 4104/3933/4077
f 4226/3934/4078 4223/3937/4079 4130/3936/4080 4201/3935/4081
f 4201/3935/4081 4134/3939/4082 4224/3938/4083 4226/3934/4078
f 4231/3940/4084 4200/3943/4085 4129/3942/4086 4228/3941/4087
f 4223/3937/4079 4226/3934/4078 4231/3940/4084 4228/3941/4087
f 4229/3944/4088 4231/3940/4084 4226/3934/4078 4224/3938/4083
f 4151/3945/4089 4068/3948/4090 4139/3947/4091 4159/3946/4092
f 4234/3949/4093 4144/3952/4094 4140/3951/4095 4233/3950/4096
f 4239/3953/4097 4092/3955/4098 4233/3950/4096 4253/3954/4099
f 4233/3950/4096 4140/3951/4095 4159/3946/4092 4255/3956/4100
f 4169/3957/4101 4161/3960/4102 4060/3959/4103 4136/3958/4104
f 4171/3961/4105 4076/3964/4106 4137/3963/4107 4179/3962/4108
f 4258/3965/4109 4179/3962/4108 4137/3963/4107 4141/3966/4110
f 4255/3956/4100 4159/3946/4092 4139/3947/4091 4135/3967/4111
f 4150/3968/4112 4101/3971/4113 4105/3970/4114 4149/3969/4115
f 4259/3972/4116 4149/3969/4115 4180/3974/4117 4260/3973/4118
f 4261/3975/4119 4170/3978/4120 4147/3977/4121 4145/3976/4122
f 4160/3979/4123 4144/3982/4094 4234/3981/4093 4240/3980/4124
f 4261/3975/4119 4145/3976/4122 4160/3979/4123 4240/3980/4124
f 4260/3973/4118 4180/3974/4117 4148/3984/4125 4146/3983/4126
f 4260/3973/4118 4146/3983/4126 4170/3978/4120 4261/3975/4119
f 4241/3985/4127 4235/3988/4128 4236/3987/4129 4242/3986/4130
f 4260/3973/4118 4261/3975/4119 4235/3988/4128 4241/3985/4127
f 4185/3989/4131 4101/3971/4113 4150/3968/4112 4190/3990/4132
f 4190/3990/4132 4150/3968/4112 4149/3969/4115 4259/3972/4116
f 4143/3991/4133 4097/3992/4134 4185/3989/4131 4190/3990/4132
f 4142/3993/4135 4084/3996/4136 4097/3995/4134 4143/3994/4133
f 4257/3997/4137 4138/3998/4138 4179/3962/4108 4258/3965/4109
f 4255/3956/4100 4135/3967/4111 4169/3957/4101 4257/3997/4137
f 4257/3997/4137 4169/3957/4101 4136/3958/4104 4138/3998/4138
f 4248/3999/4139 4241/3985/4127 4242/3986/4130 4247/4000/4140
f 4262/4001/4141 4259/3972/4116 4260/3973/4118 4241/3985/4127
f 4263/4002/4142 4190/3990/4132 4259/3972/4116 4262/4001/4141
f 4143/3991/4133 4190/3990/4132 4263/4002/4142 4264/4003/4143
f 4142/3993/4135 4143/3994/4133 4264/4005/4143 4265/4004/4144
f 4189/4006/4145 4142/3993/4135 4265/4004/4144 4266/4007/4146
f 4258/3965/4109 4141/3966/4110 4189/4006/4145 4266/4007/4146
f 4257/3997/4137 4258/3965/4109 4266/4007/4146 4267/4008/4147
f 4256/4009/4148 4255/3956/4100 4257/3997/4137 4267/4008/4147
f 4253/3954/4099 4233/3950/4096 4255/3956/4100 4256/4009/4148
f 4247/4000/4140 4242/3986/4130 4236/3987/4129 4246/4010/4149
f 4246/4010/4149 4236/3987/4129 4237/4012/4150 4243/4011/4151
f 4262/4001/4141 4241/3985/4127 4248/3999/4139 4268/4013/4152
f 4269/4014/4153 4263/4002/4142 4262/4001/4141 4268/4013/4152
f 4248/3999/4139 4247/4000/4140 4252/4015/4154
f 4252/4015/4154 4247/4000/4140 4246/4010/4149 4294/4016/4155
f 4292/4017/4156 4268/4013/4152 4248/3999/4139 4252/4015/4154
f 4294/4016/4155 4246/4010/4149 4243/4011/4151 4295/4018/4157
f 4251/4019/4158 4252/4015/4154 4294/4016/4155 4295/4018/4157
f 4244/4020/4159 4243/4011/4151 4237/4012/4150 4238/4021/4160
f 4295/4018/4157 4243/4011/4151 4244/4020/4159 4296/4022/4161
f 4250/4023/4162 4251/4019/4158 4295/4018/4157 4296/4022/4161
f 4245/4024/4163 4244/4020/4159 4238/4021/4160 4239/3953/4097
f 4296/4022/4161 4244/4020/4159 4245/4024/4163 4297/4025/4164
f 4249/4026/4165 4250/4023/4162 4296/4022/4161 4297/4025/4164
f 4245/4024/4163 4239/3953/4097 4253/3954/4099 4254/4027/4166
f 4297/4025/4164 4245/4024/4163 4254/4027/4166 4298/4028/4167
f 4254/4027/4166 4253/3954/4099 4256/4009/4148 4274/4029/4168
f 4274/4029/4168 4256/4009/4148 4267/4008/4147 4273/4030/4169
f 4273/4030/4169 4267/4008/4147 4266/4007/4146 4272/4031/4170
f 4272/4031/4170 4266/4007/4146 4265/4004/4144 4271/4032/4171
f 4264/4003/4143 4263/4002/4142 4269/4014/4153 4270/4033/4172
f 4271/4032/4171 4265/4004/4144 4264/4005/4143 4270/4034/4172
f 4293/4035/4173 4292/4017/4156 4252/4015/4154 4275/4036/4174
f 4302/4037/4175 4271/4032/4171 4270/4034/4172 4303/4038/4176
f 4293/4035/4173 4269/4014/4153 4268/4013/4152 4292/4017/4156
f 4303/4039/4176 4270/4033/4172 4269/4014/4153 4293/4035/4173
f 4293/4035/4173 4275/4036/4174 4276/4040/4177 4303/4039/4176
f 4250/4023/4162 4249/4026/4165 4285/4042/4178 4286/4041/4179
f 4251/4019/4158 4250/4023/4162 4286/4041/4179 4287/4043/4180
f 4291/4044/4181 4252/4015/4154 4251/4019/4158 4287/4043/4180
f 4280/4045/4182 4275/4036/4174 4252/4015/4154 4291/4044/4181
f 4281/4046/4183 4276/4040/4177 4275/4036/4174 4280/4045/4182
f 4298/4028/4167 4254/4027/4166 4274/4029/4168 4299/4047/4184
f 4300/4048/4185 4273/4030/4169 4272/4031/4170 4301/4049/4186
f 4299/4047/4184 4274/4029/4168 4273/4030/4169 4300/4048/4185
f 4279/4050/4187 4249/4026/4165 4297/4025/4164 4298/4028/4167
f 4285/4042/4178 4249/4026/4165 4279/4050/4187 4284/4051/4188
f 4282/4052/4189 4311/4055/4190 4310/4054/4191 4283/4053/4192
f 4301/4049/4186 4272/4031/4170 4271/4032/4171 4302/4037/4175
f 4302/4037/4175 4303/4038/4176 4276/4057/4177 4277/4056/4193
f 4278/4058/4194 4279/4050/4187 4298/4028/4167 4299/4047/4184
f 4278/4058/4194 4300/4048/4185 4301/4049/4186
f 4277/4056/4193 4276/4057/4177 4281/4059/4183 4282/4052/4189
f 4282/4052/4189 4283/4053/4192 4278/4058/4194 4277/4056/4193
f 4277/4056/4193 4278/4058/4194 4301/4049/4186 4302/4037/4175
f 4283/4053/4192 4284/4051/4188 4279/4050/4187 4278/4058/4194
f 4299/4047/4184 4300/4048/4185 4278/4058/4194
f 4286/4041/4179 4285/4042/4178 4306/4061/4195 4304/4060/4196
f 4287/4043/4180 4286/4041/4179 4304/4060/4196 4305/4062/4197
f 4305/4062/4197 4312/4063/4198 4291/4044/4181 4287/4043/4180
f 4284/4051/4188 4283/4053/4192 4310/4054/4191 4307/4064/4199
f 4307/4064/4199 4306/4061/4195 4285/4042/4178 4284/4051/4188
f 4308/4065/4200 4311/4055/4190 4282/4052/4189 4281/4059/4183
f 4309/4066/4201 4308/4067/4200 4281/4046/4183 4280/4045/4182
f 4280/4045/4182 4291/4044/4181 4312/4063/4198 4309/4066/4201
f 4310/4054/4191 4311/4055/4190 4478/4069/4202 4479/4068/4203
f 4304/4060/4196 4306/4061/4195 4481/4071/4204 4482/4070/4205
f 4305/4062/4197 4304/4060/4196 4482/4070/4205 4483/4072/4206
f 4312/4063/4198 4305/4062/4197 4483/4072/4206 4484/4073/4207
f 4307/4064/4199 4310/4054/4191 4479/4068/4203 4480/4074/4208
f 4306/4061/4195 4307/4064/4199 4480/4074/4208 4481/4071/4204
f 4311/4055/4190 4308/4065/4200 4486/4075/4209 4478/4069/4202
f 4308/4067/4200 4309/4066/4201 4485/4077/4210 4486/4076/4209
f 4309/4066/4201 4312/4063/4198 4484/4073/4207 4485/4077/4210
f 4054/4078/4211 4288/4081/4212 4333/4080/4213 4328/4079/4214
f 4340/4082/4215 4322/4085/4216 4051/4084/4217 4335/4083/4218
f 4327/4086/4219 4331/4087/4220 4340/4082/4215 4335/4083/4218
f 4342/4088/4221 4324/4091/4222 4053/4090/4223 4336/4089/4224
f 4336/4092/4224 4053/4095/4223 4323/4094/4225 4341/4093/4226
f 4328/4079/4214 4333/4080/4213 4342/4088/4221 4336/4089/4224
f 4336/4092/4224 4341/4093/4226 4332/4097/4227 4328/4096/4214
f 4337/4098/4228 4055/4099/4229 4324/4091/4222 4342/4088/4221
f 4337/4098/4228 4342/4088/4221 4333/4080/4213 4329/4100/4230
f 4340/4082/4215 4331/4087/4220 4332/4097/4227 4341/4093/4226
f 4340/4082/4215 4341/4093/4226 4323/4094/4225 4322/4085/4216
f 4331/4087/4220 4327/4086/4219 4052/4102/4231 4289/4101/4232
f 4290/4103/4233 4054/4104/4211 4328/4096/4214 4332/4097/4227
f 4329/4100/4230 4333/4080/4213 4288/4081/4212 4056/4105/4234
f 4332/4097/4227 4331/4087/4220 4289/4101/4232 4290/4103/4233
f 4315/4106/4235 4319/4109/4236 4349/4108/4237 4345/4107/4238
f 4349/4108/4237 4350/4110/4239 4290/4103/4233 4289/4101/4232
f 4349/4108/4237 4289/4101/4232 4052/4102/4231 4345/4107/4238
f 4346/4111/4240 4054/4104/4211 4290/4103/4233 4350/4110/4239
f 4347/4112/4241 4288/4081/4212 4054/4078/4211 4346/4113/4240
f 4316/4114/4242 4317/4115/4243 4347/4112/4241 4346/4113/4240
f 4346/4111/4240 4350/4110/4239 4320/4117/4244 4316/4116/4242
f 4351/4118/4245 4056/4105/4234 4288/4081/4212 4347/4112/4241
f 4317/4115/4243 4321/4119/4246 4351/4118/4245 4347/4112/4241
f 4349/4108/4237 4319/4109/4236 4320/4117/4244 4350/4110/4239
f 4326/4120/4247 4049/4121/4248 4052/4102/4231 4327/4086/4219
f 4339/4122/4249 4326/4120/4247 4327/4086/4219 4335/4083/4218
f 4353/4123/4250 4326/4120/4247 4339/4122/4249 4354/4124/4251
f 4050/4125/4252 4355/4126/4253 4354/4124/4251 4339/4122/4249
f 4339/4122/4249 4335/4083/4218 4051/4084/4217 4050/4125/4252
f 4334/4127/4254 4354/4124/4251 4355/4126/4253 4047/4128/4255
f 4338/4129/4256 4057/4130/4257 4055/4099/4229 4337/4098/4228
f 4356/4131/4258 4057/4130/4257 4338/4129/4256 4357/4132/4259
f 4334/4127/4254 4047/4128/4255 4356/4131/4258 4357/4132/4259
f 4338/4129/4256 4337/4098/4228 4329/4100/4230 4330/4133/4260
f 4325/4134/4261 4353/4123/4250 4354/4124/4251 4334/4127/4254
f 4358/4135/4262 4325/4134/4261 4334/4127/4254 4357/4132/4259
f 4358/4135/4262 4357/4132/4259 4338/4129/4256 4330/4133/4260
f 4330/4133/4260 4329/4100/4230 4056/4105/4234 4058/4136/4263
f 4348/4137/4264 4345/4107/4238 4052/4102/4231 4049/4121/4248
f 4358/4135/4262 4330/4133/4260 4058/4136/4263 4359/4138/4265
f 4048/4139/4266 4325/4134/4261 4358/4135/4262 4359/4138/4265
f 4344/4140/4267 4058/4136/4263 4056/4105/4234 4351/4118/4245
f 4360/4141/4268 4359/4138/4265 4058/4136/4263 4344/4140/4267
f 4344/4140/4267 4351/4118/4245 4321/4119/4246 4314/4142/4269
f 4314/4142/4269 4313/4144/4270 4343/4143/4271 4344/4140/4267
f 4361/4145/4272 4048/4139/4266 4359/4138/4265 4360/4141/4268
f 4361/4145/4272 4360/4141/4268 4344/4140/4267 4343/4143/4271
f 4353/4123/4250 4325/4134/4261 4048/4139/4266 4352/4146/4273
f 4352/4146/4273 4049/4121/4248 4326/4120/4247 4353/4123/4250
f 4343/4143/4271 4313/4144/4270 4318/4147/4274 4348/4137/4264
f 4348/4137/4264 4318/4147/4274 4315/4106/4235 4345/4107/4238
f 4362/4148/4275 4361/4145/4272 4343/4143/4271 4348/4137/4264
f 4348/4137/4264 4049/4121/4248 4352/4146/4273 4362/4148/4275
f 4352/4146/4273 4048/4139/4266 4361/4145/4272 4362/4148/4275
f 4119/4149/4276 4078/4151/4277 4370/4150/4278
f 4187/3928/4070 4103/3932/4076 4102/4153/4279 4186/4152/4280
f 4098/4154/4281 4099/3927/4071 4187/3928/4070 4186/4152/4280
f 4373/4155/4282 4086/4158/4283 4182/4157/4284 4376/4156/4285
f 4200/3943/4085 4231/3940/4084 4229/3944/4088 4133/4159/4286
f 4379/4160/4287 4094/4163/4288 4198/4162/4289 4380/4161/4290
f 4162/4164/4291 4061/4167/4292 4366/4166/4293 4368/4165/4294
f 4059/4168/4295 4161/3960/4102 4169/3957/4101 4135/3967/4111
f 4059/4168/4295 4135/3967/4111 4139/3947/4091 4068/3948/4090
f 4170/3978/4120 4146/3983/4126 4117/4170/4296 4168/4169/4297
f 4118/4171/4298 4147/3977/4121 4170/3978/4120 4168/4169/4297
f 4381/4172/4299 4383/4173/4300 4368/4165/4294 4366/4166/4293
f 4383/4173/4300 4384/4175/4301 4367/4174/4302 4368/4165/4294
f 4385/4176/4303 4117/4177/4296 4060/3959/4103 4381/4172/4299
f 4381/4172/4299 4060/3959/4103 4161/3960/4102 4383/4173/4300
f 4366/4166/4293 4116/4178/4304 4385/4176/4303 4381/4172/4299
f 4384/4175/4301 4059/4168/4295 4118/4180/4298 4382/4179/4305
f 4382/4181/4305 4118/4171/4298 4168/4169/4297 4386/4182/4306
f 4111/4183/4307 4367/4174/4302 4384/4175/4301 4382/4179/4305
f 4382/4181/4305 4386/4182/4306 4167/4185/4308 4111/4184/4307
f 4383/4173/4300 4161/3960/4102 4059/4168/4295 4384/4175/4301
f 4385/4186/4303 4116/4187/4304 4167/4185/4308 4386/4182/4306
f 4385/4186/4303 4386/4182/4306 4168/4169/4297 4117/4170/4296
f 4365/4188/4309 4364/4191/4310 4070/4190/4311 4152/4189/4312
f 4067/4192/4313 4151/3945/4089 4159/3946/4092 4140/3951/4095
f 4140/3951/4095 4144/3952/4094 4122/4193/4314 4067/4192/4313
f 4118/4180/4298 4059/4168/4295 4068/3948/4090 4121/4194/4315
f 4121/4195/4315 4145/3976/4122 4147/3977/4121 4118/4171/4298
f 4160/3979/4123 4145/3976/4122 4121/4195/4315 4155/4196/4316
f 4122/4197/4314 4144/3982/4094 4160/3979/4123 4155/4196/4316
f 4387/4198/4317 4389/4200/4318 4365/4188/4309 4363/4199/4319
f 4389/4200/4318 4390/4201/4320 4364/4191/4310 4365/4188/4309
f 4391/4202/4321 4121/4194/4315 4068/3948/4090 4387/4198/4317
f 4387/4198/4317 4068/3948/4090 4151/3945/4089 4389/4200/4318
f 4363/4199/4319 4124/4203/4322 4391/4202/4321 4387/4198/4317
f 4390/4201/4320 4067/4192/4313 4122/4193/4314 4388/4204/4323
f 4388/4205/4323 4122/4197/4314 4155/4196/4316 4392/4206/4324
f 4123/4207/4325 4364/4191/4310 4390/4201/4320 4388/4204/4323
f 4388/4205/4323 4392/4206/4324 4156/4209/4326 4123/4208/4325
f 4389/4200/4318 4151/3945/4089 4067/4192/4313 4390/4201/4320
f 4391/4210/4321 4124/4211/4322 4156/4209/4326 4392/4206/4324
f 4391/4210/4321 4392/4206/4324 4155/4196/4316 4121/4195/4315
f 4069/4212/4327 4124/4203/4322 4363/4199/4319
f 4363/4199/4319 4365/4188/4309 4152/4189/4312 4069/4212/4327
f 4123/4207/4325 4070/4190/4311 4364/4191/4310
f 4211/3918/4064 4214/3919/4063 4157/3924/4068 4125/4213/4328
f 4069/4212/4327 4152/4189/4312 4397/4215/4329 4394/4214/4330
f 4393/4216/4331 4070/4190/4311 4123/4207/4325 4396/4217/4332
f 4397/4215/4329 4152/4189/4312 4070/4190/4311 4393/4216/4331
f 4394/4214/4330 4395/4218/4333 4124/4203/4322 4069/4212/4327
f 4398/4219/4334 4156/4209/4326 4124/4211/4322 4395/4220/4333
f 4125/4213/4328 4157/3924/4068 4398/4219/4334 4395/4220/4333
f 4398/4219/4334 4157/3924/4068 4126/3923/4067 4396/4221/4332
f 4123/4208/4325 4156/4209/4326 4398/4219/4334 4396/4221/4332
f 4162/4164/4291 4368/4165/4294 4367/4174/4302 4062/4222/4335
f 4062/4222/4335 4367/4174/4302 4111/4183/4307
f 4166/3916/4059 4208/3912/4054 4205/3909/4053 4112/4223/4336
f 4116/4178/4304 4366/4166/4293 4061/4167/4292
f 4399/4224/4337 4061/4167/4292 4162/4164/4291 4403/4225/4338
f 4402/4226/4339 4116/4178/4304 4061/4167/4292 4399/4224/4337
f 4062/4222/4335 4111/4183/4307 4401/4228/4340 4400/4227/4341
f 4400/4227/4341 4403/4225/4338 4162/4164/4291 4062/4222/4335
f 4401/4229/4340 4111/4184/4307 4167/4185/4308 4404/4230/4342
f 4401/4229/4340 4404/4230/4342 4166/3916/4059 4112/4223/4336
f 4402/4231/4339 4115/3915/4060 4166/3916/4059 4404/4230/4342
f 4402/4231/4339 4404/4230/4342 4167/4185/4308 4116/4187/4304
f 4107/4232/4343 4193/3904/4050 4196/3905/4049 4176/4233/4344
f 4176/4233/4344 4196/3905/4049 4194/3907/4051 4109/4234/4345
f 4077/4235/4346 4172/4238/4347 4409/4237/4348 4406/4236/4349
f 4405/4239/4350 4078/4151/4277 4119/4149/4276 4408/4240/4351
f 4409/4237/4348 4172/4238/4347 4078/4151/4277 4405/4239/4350
f 4406/4236/4349 4407/4242/4352 4106/4241/4353 4077/4235/4346
f 4410/4243/4354 4177/4246/4355 4106/4245/4353 4407/4244/4352
f 4107/4232/4343 4176/4233/4344 4410/4243/4354 4407/4244/4352
f 4408/4247/4351 4119/4248/4276 4177/4246/4355 4410/4243/4354
f 4408/4247/4351 4410/4243/4354 4176/4233/4344 4109/4234/4345
f 4106/4241/4353 4369/4249/4356 4077/4235/4346
f 4172/4238/4347 4077/4235/4346 4369/4249/4356 4371/4250/4357
f 4075/4251/4358 4171/3961/4105 4179/3962/4108 4138/3998/4138
f 4075/4251/4358 4138/3998/4138 4136/3958/4104 4060/3959/4103
f 4371/4250/4357 4370/4150/4278 4078/4151/4277 4172/4238/4347
f 4120/4252/4359 4075/4251/4358 4060/3959/4103 4117/4177/4296
f 4120/4253/4359 4117/4170/4296 4146/3983/4126 4148/3984/4125
f 4180/3974/4117 4149/3969/4115 4105/3970/4114 4178/4254/4360
f 4120/4253/4359 4148/3984/4125 4180/3974/4117 4178/4254/4360
f 4411/4255/4361 4413/4256/4362 4371/4250/4357 4369/4249/4356
f 4412/4257/4363 4105/4258/4114 4076/3964/4106 4411/4255/4361
f 4411/4255/4361 4076/3964/4106 4171/3961/4105 4413/4256/4362
f 4369/4249/4356 4106/4241/4353 4412/4257/4363 4411/4255/4361
f 4416/4259/4364 4178/4254/4360 4105/3970/4114 4412/4260/4363
f 4106/4245/4353 4177/4246/4355 4416/4259/4364 4412/4260/4363
f 4413/4256/4362 4171/3961/4105 4075/4251/4358 4414/4261/4365
f 4413/4256/4362 4414/4261/4365 4370/4150/4278 4371/4250/4357
f 4415/4262/4366 4119/4149/4276 4370/4150/4278 4414/4261/4365
f 4075/4251/4358 4120/4252/4359 4415/4262/4366 4414/4261/4365
f 4416/4259/4364 4177/4246/4355 4119/4248/4276 4415/4263/4366
f 4120/4253/4359 4178/4254/4360 4416/4259/4364 4415/4263/4366
f 4372/4264/4367 4376/4156/4285 4182/4157/4284 4085/4265/4368
f 4374/4266/4369 4372/4264/4367 4085/4265/4368 4098/4267/4281
f 4102/4268/4279 4086/4158/4283 4373/4155/4282 4375/4269/4370
f 4141/3966/4110 4137/3963/4107 4076/3964/4106 4083/4270/4371
f 4377/4271/4372 4374/4272/4369 4098/4154/4281 4186/4152/4280
f 4186/4152/4280 4102/4153/4279 4375/4273/4370 4377/4271/4372
f 4076/3964/4106 4105/4258/4114 4101/4274/4113 4083/4270/4371
f 4189/4006/4145 4141/3966/4110 4083/4270/4371 4181/4275/4373
f 4084/3996/4136 4142/3993/4135 4189/4006/4145 4181/4275/4373
f 4375/4273/4370 4101/3971/4113 4185/3989/4131 4377/4271/4372
f 4374/4266/4369 4097/3995/4134 4084/3996/4136 4417/4276/4374
f 4417/4276/4374 4084/3996/4136 4181/4275/4373 4419/4277/4375
f 4372/4264/4367 4374/4266/4369 4417/4276/4374
f 4417/4276/4374 4419/4277/4375 4376/4156/4285 4372/4264/4367
f 4377/4271/4372 4185/3989/4131 4097/3992/4134 4374/4272/4369
f 4418/4278/4376 4083/4270/4371 4101/4274/4113 4375/4269/4370
f 4375/4269/4370 4373/4155/4282 4418/4278/4376
f 4418/4278/4376 4373/4155/4282 4376/4156/4285 4419/4277/4375
f 4418/4278/4376 4419/4277/4375 4181/4275/4373 4083/4270/4371
f 4378/4279/4377 4380/4161/4290 4198/4162/4289 4093/4280/4378
f 4093/4280/4378 4129/4281/4086 4378/4279/4377
f 4237/4012/4150 4236/3987/4129 4132/4283/4379 4091/4282/4380
f 4133/4159/4286 4094/4163/4288 4379/4160/4287
f 4234/3949/4093 4233/3950/4096 4092/3955/4098 4131/4284/4381
f 4238/4021/4160 4237/4012/4150 4091/4282/4380 4197/4285/4382
f 4197/4285/4382 4092/3955/4098 4239/3953/4097 4238/4021/4160
f 4202/4286/4383 4132/4283/4379 4236/3987/4129 4235/3988/4128
f 4240/3980/4124 4234/3981/4093 4131/4287/4381 4202/4286/4383
f 4202/4286/4383 4235/3988/4128 4261/3975/4119 4240/3980/4124
f 4420/4288/4384 4424/4289/4385 4380/4161/4290 4378/4279/4377
f 4423/4290/4386 4131/4284/4381 4092/3955/4098 4420/4288/4384
f 4420/4288/4384 4092/3955/4098 4197/4285/4382 4424/4289/4385
f 4378/4279/4377 4129/4281/4086 4423/4290/4386 4420/4288/4384
f 4422/4291/4387 4091/4282/4380 4132/4283/4379 4421/4292/4388
f 4421/4292/4388 4132/4283/4379 4202/4286/4383 4425/4293/4389
f 4133/4159/4286 4379/4160/4287 4422/4291/4387 4421/4292/4388
f 4421/4292/4388 4425/4293/4389 4200/3943/4085 4133/4159/4286
f 4422/4291/4387 4379/4160/4287 4380/4161/4290 4424/4289/4385
f 4422/4291/4387 4424/4289/4385 4197/4285/4382 4091/4282/4380
f 4423/4294/4386 4129/3942/4086 4200/3943/4085 4425/4293/4389
f 4423/4294/4386 4425/4293/4389 4202/4286/4383 4131/4287/4381
f 4466/4295/4390 4467/4298/4391 4071/4297/4392 4153/4296/4393
f 4158/4299/4062 4127/4302/4061 4073/4301/4394 4154/4300/4395
f 4427/4303/4396 4428/4304/4397 4153/4296/4393 4071/4297/4392
f 4467/4298/4391 4126/4305/4067 4071/4297/4392
f 4071/4297/4392 4126/4305/4067 4212/4307/4066 4210/4306/4398
f 4071/4297/4392 4210/4306/4398 4426/4308/4399 4427/4303/4396
f 4427/4303/4396 4426/4308/4399 4213/4309/4400 4428/4304/4397
f 4125/4310/4328 4395/4218/4333 4394/4214/4330 4468/4311/4401
f 4468/4311/4401 4394/4214/4330 4397/4215/4329 4466/4295/4390
f 4072/4312/4402 4209/4314/4403 4211/4313/4064 4125/4310/4328
f 4429/4315/4404 4430/4316/4405 4209/4314/4403 4072/4312/4402
f 4072/4312/4402 4153/4296/4393 4428/4304/4397 4429/4315/4404
f 4429/4315/4404 4428/4304/4397 4213/4309/4400 4430/4316/4405
f 4431/4317/4406 4432/4318/4407 4154/4300/4395 4073/4301/4394
f 4073/4301/4394 4127/4302/4061 4211/4313/4064 4209/4314/4403
f 4073/4301/4394 4209/4314/4403 4430/4316/4405 4431/4317/4406
f 4431/4317/4406 4430/4316/4405 4213/4309/4400 4432/4318/4407
f 4074/4319/4408 4210/4306/4398 4212/4307/4066 4128/4320/4065
f 4433/4321/4409 4426/4308/4399 4210/4306/4398 4074/4319/4408
f 4074/4319/4408 4128/4320/4065 4158/4299/4062 4154/4300/4395
f 4074/4319/4408 4154/4300/4395 4432/4318/4407 4433/4321/4409
f 4433/4321/4409 4432/4318/4407 4213/4309/4400 4426/4308/4399
f 4203/4322/4410 4064/4325/4411 4112/4324/4336 4205/4323/4053
f 4164/4326/4412 4065/4329/4413 4113/4328/4056 4165/4327/4055
f 4204/4330/4414 4066/4333/4415 4114/4332/4058 4206/4331/4057
f 4063/4334/4416 4163/4337/4417 4435/4336/4418 4441/4335/4419
f 4399/4224/4337 4403/4225/4338 4469/4339/4420 4470/4338/4421
f 4470/4338/4421 4115/4340/4060 4402/4226/4339 4399/4224/4337
f 4204/4330/4414 4206/4331/4057 4115/4340/4060 4063/4334/4416
f 4441/4335/4419 4440/4341/4422 4204/4330/4414 4063/4334/4416
f 4435/4336/4418 4207/4342/4423 4440/4341/4422 4441/4335/4419
f 4066/4333/4415 4204/4330/4414 4440/4341/4422 4439/4343/4424
f 4164/4326/4412 4165/4327/4055 4114/4332/4058 4066/4333/4415
f 4439/4343/4424 4438/4344/4425 4164/4326/4412 4066/4333/4415
f 4440/4341/4422 4207/4342/4423 4438/4344/4425 4439/4343/4424
f 4065/4329/4413 4164/4326/4412 4438/4344/4425 4437/4345/4426
f 4203/4322/4410 4205/4323/4053 4113/4328/4056 4065/4329/4413
f 4437/4345/4426 4436/4346/4427 4203/4322/4410 4065/4329/4413
f 4438/4344/4425 4207/4342/4423 4436/4346/4427 4437/4345/4426
f 4064/4325/4411 4471/4347/4428 4112/4324/4336
f 4163/4337/4417 4469/4339/4420 4471/4347/4428 4064/4325/4411
f 4064/4325/4411 4203/4322/4410 4436/4346/4427 4434/4348/4429
f 4434/4348/4429 4435/4336/4418 4163/4337/4417 4064/4325/4411
f 4436/4346/4427 4207/4342/4423 4435/4336/4418 4434/4348/4429
f 4082/4349/4430 4110/4352/4052 4175/4351/4048 4174/4350/4431
f 4081/4353/4432 4108/4356/4047 4193/4355/4050 4191/4354/4433
f 4107/4357/4343 4407/4242/4352 4406/4236/4349 4473/4358/4434
f 4473/4358/4434 4406/4236/4349 4409/4237/4348 4472/4359/4435
f 4080/4360/4436 4191/4354/4433 4193/4355/4050 4107/4357/4343
f 4449/4361/4437 4448/4362/4438 4191/4354/4433 4080/4360/4436
f 4080/4360/4436 4173/4364/4439 4442/4363/4440 4449/4361/4437
f 4442/4363/4440 4195/4365/4441 4448/4362/4438 4449/4361/4437
f 4079/4366/4442 4173/4364/4439 4472/4359/4435 4474/4367/4443
f 4443/4368/4444 4442/4363/4440 4173/4364/4439 4079/4366/4442
f 4079/4366/4442 4109/4371/4345 4194/4370/4051 4192/4369/4445
f 4474/4367/4443 4109/4371/4345 4079/4366/4442
f 4079/4366/4442 4192/4369/4445 4444/4372/4446 4443/4368/4444
f 4444/4372/4446 4195/4365/4441 4442/4363/4440 4443/4368/4444
f 4082/4349/4430 4192/4369/4445 4194/4370/4051 4110/4352/4052
f 4445/4373/4447 4444/4372/4446 4192/4369/4445 4082/4349/4430
f 4082/4349/4430 4174/4350/4431 4446/4374/4448 4445/4373/4447
f 4446/4374/4448 4195/4365/4441 4444/4372/4446 4445/4373/4447
f 4447/4375/4449 4446/4374/4448 4174/4350/4431 4081/4353/4432
f 4081/4353/4432 4174/4350/4431 4175/4351/4048 4108/4356/4047
f 4081/4353/4432 4191/4354/4433 4448/4362/4438 4447/4375/4449
f 4448/4362/4438 4195/4365/4441 4446/4374/4448 4447/4375/4449
f 4184/4376/4450 4188/4379/4074 4100/4378/4073 4090/4377/4451
f 4215/4380/4452 4218/4383/4075 4104/4382/4077 4089/4381/4453
f 4476/4384/4454 4085/4265/4368 4182/4157/4284 4475/4385/4455
f 4099/4386/4071 4098/4267/4281 4085/4265/4368 4476/4384/4454
f 4216/4387/4456 4217/4389/4072 4099/4386/4071 4088/4388/4457
f 4088/4388/4457 4183/4392/4458 4450/4391/4459 4451/4390/4460
f 4451/4390/4460 4452/4393/4461 4216/4387/4456 4088/4388/4457
f 4451/4390/4460 4450/4391/4459 4219/4394/4462 4452/4393/4461
f 4087/4395/4463 4477/4397/4464 4103/4396/4076
f 4183/4392/4458 4475/4385/4455 4477/4397/4464 4087/4395/4463
f 4457/4398/4465 4450/4391/4459 4183/4392/4458 4087/4395/4463
f 4103/4396/4076 4218/4383/4075 4215/4380/4452 4087/4395/4463
f 4087/4395/4463 4215/4380/4452 4456/4399/4466 4457/4398/4465
f 4457/4398/4465 4456/4399/4466 4219/4394/4462 4450/4391/4459
f 4104/4382/4077 4188/4379/4074 4184/4376/4450 4089/4381/4453
f 4089/4381/4453 4184/4376/4450 4454/4401/4467 4455/4400/4468
f 4455/4400/4468 4456/4399/4466 4215/4380/4452 4089/4381/4453
f 4455/4400/4468 4454/4401/4467 4219/4394/4462 4456/4399/4466
f 4100/4378/4073 4217/4389/4072 4216/4387/4456 4090/4377/4451
f 4090/4377/4451 4216/4387/4456 4452/4393/4461 4453/4402/4469
f 4453/4402/4469 4454/4401/4467 4184/4376/4450 4090/4377/4451
f 4453/4402/4469 4452/4393/4461 4219/4394/4462 4454/4401/4467
f 4199/4403/4470 4095/4404/4471 4134/3939/4082 4201/3935/4081
f 4227/4405/4472 4094/4163/4288 4133/4159/4286 4229/3944/4088
f 4230/4406/4473 4198/4162/4289 4094/4163/4288 4227/4405/4472
f 4227/4405/4472 4229/3944/4088 4224/3938/4083 4221/4407/4474
f 4459/4408/4475 4458/4409/4476 4230/4406/4473 4227/4405/4472
f 4227/4405/4472 4221/4407/4474 4460/4410/4477 4459/4408/4475
f 4460/4410/4477 4225/4411/4478 4458/4409/4476 4459/4408/4475
f 4232/4412/4479 4222/4415/4480 4223/4414/4079 4228/4413/4087
f 4461/4416/4481 4462/4417/4482 4222/4415/4480 4232/4412/4479
f 4232/4412/4479 4228/4413/4087 4129/4281/4086 4093/4280/4378
f 4093/4280/4378 4198/4162/4289 4230/4406/4473 4232/4412/4479
f 4232/4412/4479 4230/4406/4473 4458/4409/4476 4461/4416/4481
f 4461/4416/4481 4458/4409/4476 4225/4411/4478 4462/4417/4482
f 4130/3936/4080 4223/4414/4079 4222/4415/4480 4096/4418/4483
f 4096/4418/4483 4222/4415/4480 4462/4417/4482 4463/4419/4484
f 4199/4403/4470 4201/3935/4081 4130/3936/4080 4096/4418/4483
f 4463/4419/4484 4464/4420/4485 4199/4403/4470 4096/4418/4483
f 4463/4419/4484 4462/4417/4482 4225/4411/4478 4464/4420/4485
f 4095/4404/4471 4199/4403/4470 4464/4420/4485 4465/4421/4486
f 4221/4407/4474 4224/3938/4083 4134/3939/4082 4095/4404/4471
f 4465/4421/4486 4460/4410/4477 4221/4407/4474 4095/4404/4471
f 4465/4421/4486 4464/4420/4485 4225/4411/4478 4460/4410/4477
f 4397/4215/4329 4393/4216/4331 4467/4298/4391 4466/4295/4390
f 4393/4216/4331 4396/4217/4332 4126/4305/4067 4467/4298/4391
f 4072/4312/4402 4468/4311/4401 4466/4295/4390 4153/4296/4393
f 4125/4310/4328 4468/4311/4401 4072/4312/4402
f 4470/4338/4421 4469/4339/4420 4163/4337/4417 4063/4334/4416
f 4063/4334/4416 4115/4340/4060 4470/4338/4421
f 4471/4347/4428 4469/4339/4420 4403/4225/4338 4400/4227/4341
f 4112/4324/4336 4471/4347/4428 4400/4227/4341 4401/4228/4340
f 4080/4360/4436 4473/4358/4434 4472/4359/4435 4173/4364/4439
f 4107/4357/4343 4473/4358/4434 4080/4360/4436
f 4474/4367/4443 4472/4359/4435 4409/4237/4348 4405/4239/4350
f 4405/4239/4350 4408/4240/4351 4109/4371/4345 4474/4367/4443
f 4088/4388/4457 4476/4384/4454 4475/4385/4455 4183/4392/4458
f 4099/4386/4071 4476/4384/4454 4088/4388/4457
f 4477/4397/4464 4475/4385/4455 4182/4157/4284 4086/4158/4283
f 4103/4396/4076 4477/4397/4464 4086/4158/4283 4102/4268/4279
f 4479/4068/4203 4478/4069/4202 4320/4117/4244 4319/4109/4236
f 4480/4074/4208 4479/4068/4203 4319/4109/4236 4315/4106/4235
f 4318/4147/4274 4481/4071/4204 4480/4074/4208 4315/4106/4235
f 4482/4070/4205 4481/4071/4204 4318/4147/4274 4313/4144/4270
f 4483/4072/4206 4482/4070/4205 4313/4144/4270 4314/4142/4269
f 4484/4073/4207 4483/4072/4206 4314/4142/4269 4321/4119/4246
f 4317/4115/4243 4485/4077/4210 4484/4073/4207 4321/4119/4246
f 4316/4114/4242 4486/4076/4209 4485/4077/4210 4317/4115/4243
f 4320/4117/4244 4478/4069/4202 4486/4075/4209 4316/4116/4242
o mixamorig:L_Eye_Geo
v 0.068587 1.582546 0.298979
v 0.058411 1.583719 0.299358
v 0.050902 1.590400 0.301373
v 0.048930 1.600037 0.304254
v 0.053246 1.608950 0.306901
v 0.062203 1.613734 0.308303
v 0.072379 1.612561 0.307924
v 0.079887 1.605880 0.305909
v 0.081860 1.596242 0.303028
v 0.077544 1.587330 0.300381
v 0.068968 1.579427 0.302868
v 0.057618 1.580735 0.303290
v 0.049243 1.588187 0.305537
v 0.047043 1.598936 0.308751
v 0.051857 1.608876 0.311703
v 0.061847 1.614211 0.313267
v 0.073197 1.612903 0.312844
v 0.081572 1.605452 0.310597
v 0.083772 1.594703 0.307383
v 0.078958 1.584762 0.304431
v 0.069107 1.577396 0.307434
v 0.057356 1.578750 0.307871
v 0.048686 1.586465 0.310198
v 0.046408 1.597593 0.313525
v 0.051393 1.607884 0.316581
v 0.061735 1.613408 0.318200
v 0.073485 1.612054 0.317762
v 0.082155 1.604339 0.315436
v 0.084433 1.593211 0.312109
v 0.079449 1.582920 0.309053
v 0.068995 1.576593 0.312367
v 0.057645 1.577901 0.312790
v 0.049270 1.585352 0.315037
v 0.047070 1.596101 0.318250
v 0.051884 1.606042 0.321203
v 0.061874 1.611377 0.322766
v 0.073224 1.610069 0.322344
v 0.081599 1.602618 0.320096
v 0.083799 1.591868 0.316883
v 0.078985 1.581928 0.313931
v 0.068639 1.577071 0.317331
v 0.058463 1.578243 0.317710
v 0.050954 1.584924 0.319725
v 0.048982 1.594562 0.322606
v 0.053298 1.603474 0.325253
v 0.062255 1.608258 0.326655
v 0.072431 1.607085 0.326276
v 0.079939 1.600404 0.324261
v 0.081912 1.590766 0.321380
v 0.077596 1.581854 0.318733
v 0.068064 1.578798 0.321987
v 0.059755 1.579756 0.322297
v 0.053625 1.585211 0.323942
v 0.052014 1.593079 0.326294
v 0.055538 1.600357 0.328455
v 0.062852 1.604262 0.329600
v 0.071160 1.603305 0.329291
v 0.077291 1.597850 0.327646
v 0.078902 1.589981 0.325293
v 0.075377 1.582704 0.323132
v 0.067309 1.581657 0.326019
v 0.061434 1.582334 0.326237
v 0.057099 1.586192 0.327401
v 0.055960 1.591756 0.329064
v 0.058452 1.596901 0.330592
v 0.063623 1.599663 0.331402
v 0.069498 1.598986 0.331183
v 0.073833 1.595128 0.330020
v 0.074972 1.589564 0.328356
v 0.072480 1.584419 0.326828
v 0.066425 1.585453 0.329150
v 0.063384 1.585803 0.329263
v 0.061140 1.587800 0.329866
v 0.060551 1.590680 0.330727
v 0.061840 1.593344 0.331518
v 0.064517 1.594773 0.331937
v 0.067559 1.594422 0.331823
v 0.069802 1.592426 0.331221
v 0.070392 1.589546 0.330360
v 0.069102 1.586882 0.329569
v 0.065473 1.589926 0.331169
vn 0.1768 -0.7592 -0.6264
vn 0.1858 -0.8400 -0.5097
vn -0.4086 -0.7715 -0.4876
vn -0.3901 -0.6939 -0.6053
vn -0.8472 -0.3813 -0.3699
vn -0.8083 -0.3217 -0.4931
vn -0.9625 0.1817 -0.2016
vn -0.9182 0.2151 -0.3326
vn -0.7103 0.7023 -0.0470
vn -0.6778 0.7116 -0.1851
vn -0.1871 0.9817 0.0349
vn -0.1788 0.9780 -0.1069
vn 0.4073 0.9132 0.0128
vn 0.3880 0.9127 -0.1281
vn 0.8459 0.5229 -0.1049
vn 0.8062 0.5406 -0.2404
vn 0.9611 -0.0400 -0.2732
vn 0.9161 0.0037 -0.4009
vn 0.7090 -0.5606 -0.4278
vn 0.6757 -0.4927 -0.5483
vn 0.1925 -0.9402 -0.2810
vn -0.4211 -0.8695 -0.2582
vn -0.8738 -0.4667 -0.1368
vn -0.9927 0.1144 0.0370
vn -0.7325 0.6518 0.1966
vn -0.1925 0.9402 0.2811
vn 0.4211 0.8695 0.2582
vn 0.8738 0.4667 0.1367
vn 0.9927 -0.1144 -0.0370
vn 0.7325 -0.6518 -0.1965
vn 0.1871 -0.9817 -0.0349
vn -0.4073 -0.9132 -0.0128
vn -0.8459 -0.5229 0.1049
vn -0.9611 0.0400 0.2732
vn -0.7090 0.5606 0.4278
vn -0.1858 0.8401 0.5097
vn 0.4086 0.7715 0.4876
vn 0.8472 0.3813 0.3699
vn 0.9625 -0.1817 0.2016
vn 0.7103 -0.7023 0.0469
vn 0.1702 -0.9621 0.2133
vn -0.3681 -0.9000 0.2333
vn -0.7653 -0.5466 0.3399
vn -0.8696 -0.0368 0.4923
vn -0.6413 0.4346 0.6323
vn -0.1675 0.6876 0.7065
vn 0.3707 0.6256 0.6864
vn 0.7679 0.2722 0.5799
vn 0.8723 -0.2376 0.4275
vn 0.6439 -0.7090 0.2874
vn 0.1427 -0.8828 0.4476
vn -0.3062 -0.8310 0.4643
vn -0.6374 -0.5363 0.5532
vn -0.7245 -0.1112 0.6803
vn -0.5341 0.2819 0.7970
vn -0.1389 0.4930 0.8589
vn 0.3099 0.4412 0.8422
vn 0.6412 0.1465 0.7533
vn 0.7282 -0.2786 0.6262
vn 0.5378 -0.6718 0.5094
vn 0.1069 -0.7509 0.6518
vn -0.2265 -0.7124 0.6642
vn -0.4725 -0.4936 0.7302
vn -0.5371 -0.1779 0.8246
vn -0.3957 0.1141 0.9113
vn -0.1023 0.2708 0.9572
vn 0.2311 0.2324 0.9448
vn 0.4770 0.0135 0.8788
vn 0.5417 -0.3022 0.7844
vn 0.4003 -0.5942 0.6977
vn 0.0675 -0.5862 0.8074
vn -0.1394 -0.5623 0.8151
vn -0.2920 -0.4265 0.8561
vn -0.3321 -0.2306 0.9146
vn -0.2444 -0.0495 0.9684
vn -0.0623 0.0478 0.9969
vn 0.1445 0.0239 0.9892
vn 0.2971 -0.1119 0.9483
vn 0.3372 -0.3078 0.8897
vn 0.2495 -0.4889 0.8359
vn 0.0027 -0.2859 0.9582
vt 0.596869 0.786961
vt 0.589961 0.786940
vt 0.590188 0.803012
vt 0.597370 0.801719
vt 0.572005 0.831584
vt 0.573106 0.824112
vt 0.556918 0.825362
vt 0.556750 0.832180
vt 0.540460 0.825313
vt 0.540587 0.832132
vt 0.524279 0.823965
vt 0.525336 0.831444
vt 0.500151 0.801428
vt 0.507325 0.802763
vt 0.507648 0.786694
vt 0.500741 0.786673
vt 0.507421 0.770622
vt 0.500239 0.771915
vt 0.525604 0.742051
vt 0.524502 0.749523
vt 0.540691 0.748273
vt 0.540858 0.741454
vt 0.557149 0.748322
vt 0.557022 0.741502
vt 0.573330 0.749669
vt 0.572272 0.742190
vt 0.597458 0.772206
vt 0.590284 0.770870
vt 0.583248 0.786920
vt 0.582372 0.803906
vt 0.573768 0.815461
vt 0.557276 0.818866
vt 0.540141 0.818815
vt 0.523669 0.815311
vt 0.515135 0.803705
vt 0.514361 0.786714
vt 0.515237 0.769728
vt 0.523841 0.758174
vt 0.540332 0.754768
vt 0.557468 0.754820
vt 0.573940 0.758323
vt 0.582474 0.769929
vt 0.577381 0.786903
vt 0.573489 0.805221
vt 0.557180 0.813205
vt 0.540271 0.813154
vt 0.524010 0.805072
vt 0.520228 0.786732
vt 0.524120 0.768414
vt 0.540429 0.760430
vt 0.557337 0.760481
vt 0.573599 0.768562
vt 0.572313 0.786887
vt 0.568558 0.801105
vt 0.556045 0.808394
vt 0.541435 0.808351
vt 0.528966 0.800986
vt 0.525296 0.786747
vt 0.529051 0.772529
vt 0.541564 0.765240
vt 0.556174 0.765284
vt 0.568643 0.772648
vt 0.567068 0.786872
vt 0.563882 0.797585
vt 0.554432 0.803567
vt 0.543077 0.803533
vt 0.533663 0.797495
vt 0.530541 0.786762
vt 0.533727 0.776049
vt 0.543177 0.770067
vt 0.554532 0.770101
vt 0.563946 0.776139
vt 0.561332 0.786855
vt 0.559027 0.794064
vt 0.552669 0.798317
vt 0.544872 0.798293
vt 0.538539 0.794003
vt 0.536277 0.786780
vt 0.538582 0.779570
vt 0.544940 0.775318
vt 0.552737 0.775341
vt 0.559070 0.779632
vt 0.555102 0.786836
vt 0.553922 0.790407
vt 0.550756 0.792591
vt 0.546819 0.792579
vt 0.543666 0.790376
vt 0.542507 0.786798
vt 0.543687 0.783228
vt 0.546853 0.781044
vt 0.550791 0.781056
vt 0.553943 0.783258
vt 0.548805 0.786817
s 1
usemtl Eyes_MAT.001
f 4487/4422/4487 4497/4423/4488 4498/4424/4489 4488/4425/4490
f 4488/4426/4490 4498/4427/4489 4499/4428/4491 4489/4429/4492
f 4489/4429/4492 4499/4428/4491 4500/4430/4493 4490/4431/4494
f 4490/4431/4494 4500/4430/4493 4501/4432/4495 4491/4433/4496
f 4491/4434/4496 4501/4435/4495 4502/4436/4497 4492/4437/4498
f 4492/4437/4498 4502/4436/4497 4503/4438/4499 4493/4439/4500
f 4493/4440/4500 4503/4441/4499 4504/4442/4501 4494/4443/4502
f 4494/4443/4502 4504/4442/4501 4505/4444/4503 4495/4445/4504
f 4495/4445/4504 4505/4444/4503 4506/4446/4505 4496/4447/4506
f 4496/4448/4506 4506/4449/4505 4497/4423/4488 4487/4422/4487
f 4497/4423/4488 4507/4450/4507 4508/4451/4508 4498/4424/4489
f 4498/4427/4489 4508/4452/4508 4509/4453/4509 4499/4428/4491
f 4499/4428/4491 4509/4453/4509 4510/4454/4510 4500/4430/4493
f 4500/4430/4493 4510/4454/4510 4511/4455/4511 4501/4432/4495
f 4501/4435/4495 4511/4456/4511 4512/4457/4512 4502/4436/4497
f 4502/4436/4497 4512/4457/4512 4513/4458/4513 4503/4438/4499
f 4503/4441/4499 4513/4459/4513 4514/4460/4514 4504/4442/4501
f 4504/4442/4501 4514/4460/4514 4515/4461/4515 4505/4444/4503
f 4505/4444/4503 4515/4461/4515 4516/4462/4516 4506/4446/4505
f 4506/4449/4505 4516/4463/4516 4507/4450/4507 4497/4423/4488
f 4507/4450/4507 4517/4464/4517 4518/4465/4518 4508/4451/4508
f 4508/4452/4508 4518/4465/4518 4519/4466/4519 4509/4453/4509
f 4509/4453/4509 4519/4466/4519 4520/4467/4520 4510/4454/4510
f 4510/4454/4510 4520/4467/4520 4521/4468/4521 4511/4455/4511
f 4511/4456/4511 4521/4468/4521 4522/4469/4522 4512/4457/4512
f 4512/4457/4512 4522/4469/4522 4523/4470/4523 4513/4458/4513
f 4513/4459/4513 4523/4470/4523 4524/4471/4524 4514/4460/4514
f 4514/4460/4514 4524/4471/4524 4525/4472/4525 4515/4461/4515
f 4515/4461/4515 4525/4472/4525 4526/4473/4526 4516/4462/4516
f 4516/4463/4516 4526/4473/4526 4517/4464/4517 4507/4450/4507
f 4517/4464/4517 4527/4474/4527 4528/4475/4528 4518/4465/4518
f 4518/4465/4518 4528/4475/4528 4529/4476/4529 4519/4466/4519
f 4519/4466/4519 4529/4476/4529 4530/4477/4530 4520/4467/4520
f 4520/4467/4520 4530/4477/4530 4531/4478/4531 4521/4468/4521
f 4521/4468/4521 4531/4478/4531 4532/4479/4532 4522/4469/4522
f 4522/4469/4522 4532/4479/4532 4533/4480/4533 4523/4470/4523
f 4523/4470/4523 4533/4480/4533 4534/4481/4534 4524/4471/4524
f 4524/4471/4524 4534/4481/4534 4535/4482/4535 4525/4472/4525
f 4525/4472/4525 4535/4482/4535 4536/4483/4536 4526/4473/4526
f 4526/4473/4526 4536/4483/4536 4527/4474/4527 4517/4464/4517
f 4527/4474/4527 4537/4484/4537 4538/4485/4538 4528/4475/4528
f 4528/4475/4528 4538/4485/4538 4539/4486/4539 4529/4476/4529
f 4529/4476/4529 4539/4486/4539 4540/4487/4540 4530/4477/4530
f 4530/4477/4530 4540/4487/4540 4541/4488/4541 4531/4478/4531
f 4531/4478/4531 4541/4488/4541 4542/4489/4542 4532/4479/4532
f 4532/4479/4532 4542/4489/4542 4543/4490/4543 4533/4480/4533
f 4533/4480/4533 4543/4490/4543 4544/4491/4544 4534/4481/4534
f 4534/4481/4534 4544/4491/4544 4545/4492/4545 4535/4482/4535
f 4535/4482/4535 4545/4492/4545 4546/4493/4546 4536/4483/4536
f 4536/4483/4536 4546/4493/4546 4537/4484/4537 4527/4474/4527
f 4537/4484/4537 4547/4494/4547 4548/4495/4548 4538/4485/4538
f 4538/4485/4538 4548/4495/4548 4549/4496/4549 4539/4486/4539
f 4539/4486/4539 4549/4496/4549 4550/4497/4550 4540/4487/4540
f 4540/4487/4540 4550/4497/4550 4551/4498/4551 4541/4488/4541
f 4541/4488/4541 4551/4498/4551 4552/4499/4552 4542/4489/4542
f 4542/4489/4542 4552/4499/4552 4553/4500/4553 4543/4490/4543
f 4543/4490/4543 4553/4500/4553 4554/4501/4554 4544/4491/4544
f 4544/4491/4544 4554/4501/4554 4555/4502/4555 4545/4492/4545
f 4545/4492/4545 4555/4502/4555 4556/4503/4556 4546/4493/4546
f 4546/4493/4546 4556/4503/4556 4547/4494/4547 4537/4484/4537
f 4547/4494/4547 4557/4504/4557 4558/4505/4558 4548/4495/4548
f 4548/4495/4548 4558/4505/4558 4559/4506/4559 4549/4496/4549
f 4549/4496/4549 4559/4506/4559 4560/4507/4560 4550/4497/4550
f 4550/4497/4550 4560/4507/4560 4561/4508/4561 4551/4498/4551
f 4551/4498/4551 4561/4508/4561 4562/4509/4562 4552/4499/4552
f 4552/4499/4552 4562/4509/4562 4563/4510/4563 4553/4500/4553
f 4553/4500/4553 4563/4510/4563 4564/4511/4564 4554/4501/4554
f 4554/4501/4554 4564/4511/4564 4565/4512/4565 4555/4502/4555
f 4555/4502/4555 4565/4512/4565 4566/4513/4566 4556/4503/4556
f 4556/4503/4556 4566/4513/4566 4557/4504/4557 4547/4494/4547
f 4557/4504/4557 4567/4514/4567 4558/4505/4558
f 4558/4505/4558 4567/4514/4567 4559/4506/4559
f 4559/4506/4559 4567/4514/4567 4560/4507/4560
f 4560/4507/4560 4567/4514/4567 4561/4508/4561
f 4561/4508/4561 4567/4514/4567 4562/4509/4562
f 4562/4509/4562 4567/4514/4567 4563/4510/4563
f 4563/4510/4563 4567/4514/4567 4564/4511/4564
f 4564/4511/4564 4567/4514/4567 4565/4512/4565
f 4565/4512/4565 4567/4514/4567 4566/4513/4566
f 4566/4513/4566 4567/4514/4567 4557/4504/4557
o mixamorig:Shoes_Geo
v 0.053947 0.186325 0.548412
v 0.069008 0.207866 0.519629
v 0.091187 0.229839 0.542625
v 0.069217 0.218070 0.578603
v 0.151933 0.232550 0.609684
v 0.162343 0.248336 0.581868
v 0.195440 0.175825 0.608604
v 0.203258 0.203642 0.572561
v 0.196827 0.148437 0.594057
v 0.203326 0.167970 0.555195
v 0.045375 0.143192 0.506663
v 0.063513 0.182319 0.485753
v 0.197372 0.153566 0.530693
v 0.190810 0.122396 0.568024
v 0.050879 0.113770 0.471342
v 0.060200 0.151835 0.447631
v 0.051494 0.089079 0.423355
v 0.055108 0.119859 0.393959
v 0.041265 0.058772 0.370767
v 0.051914 0.092580 0.349604
v 0.054133 0.037114 0.337230
v 0.065123 0.072647 0.313081
v 0.132023 0.016832 0.324350
v 0.137862 0.036070 0.314815
v 0.163971 0.022889 0.347532
v 0.171981 0.056523 0.329054
v 0.179749 0.044148 0.394598
v 0.180791 0.079364 0.365542
v 0.175220 0.065014 0.429022
v 0.179012 0.109965 0.404822
v 0.173092 0.075198 0.475382
v 0.182192 0.128535 0.455533
v 0.178718 0.087921 0.518193
v 0.192259 0.136825 0.495784
v 0.114440 0.249361 0.563846
v 0.093914 0.235620 0.595702
v 0.060425 0.197983 0.533899
v 0.078129 0.229159 0.560561
v 0.160087 0.244956 0.596564
v 0.206899 0.192288 0.589600
v 0.204779 0.156112 0.573327
v 0.051946 0.162687 0.496477
v 0.198270 0.133509 0.552831
v 0.053706 0.132020 0.461071
v 0.050722 0.105781 0.406253
v 0.043904 0.076928 0.359256
v 0.057770 0.052938 0.324102
v 0.136305 0.030682 0.312966
v 0.169597 0.039549 0.337584
v 0.182061 0.061521 0.381494
v 0.180236 0.083241 0.418766
v 0.183387 0.092790 0.471349
v 0.188613 0.107564 0.510259
v 0.104611 0.250553 0.577586
v 0.140160 0.063965 0.303582
v 0.074840 0.080298 0.316303
v 0.063309 0.098729 0.349170
v 0.063994 0.136553 0.381059
v 0.072224 0.172211 0.437692
v 0.090896 0.198246 0.468005
v 0.101552 0.206947 0.503427
v 0.178785 0.166918 0.478101
v 0.175072 0.157291 0.441243
v 0.175571 0.118516 0.399395
v 0.179073 0.086129 0.356025
v 0.169463 0.070856 0.325088
v 0.134738 0.191135 0.475506
v 0.179692 0.199931 0.551144
v 0.181281 0.180048 0.537112
v 0.113558 0.213833 0.529072
v 0.125150 0.221917 0.546653
v 0.147144 0.194289 0.529132
v 0.150852 0.208498 0.546451
v 0.140744 0.191211 0.503301
v 0.179283 0.170137 0.516956
v 0.130743 0.184884 0.449543
v 0.176120 0.135353 0.383617
v 0.159986 0.174372 0.407234
v 0.178063 0.100167 0.347508
v 0.164801 0.084302 0.318755
v 0.142324 0.081470 0.305950
v 0.090698 0.103149 0.311315
v 0.075302 0.123094 0.337710
v 0.067288 0.151702 0.366491
v 0.074696 0.181210 0.387958
v 0.124226 0.194274 0.425850
v 0.169980 0.062064 0.431116
v 0.180182 0.041272 0.395360
v 0.169091 0.069920 0.476702
v 0.171989 0.078480 0.516140
v 0.187212 0.118747 0.572687
v 0.193043 0.149124 0.601314
v 0.194033 0.172547 0.614353
v 0.150440 0.230974 0.616430
v 0.090046 0.232292 0.601204
v 0.068784 0.213969 0.583281
v 0.055127 0.181452 0.554168
v 0.047005 0.134129 0.510805
v 0.051362 0.108101 0.478933
v 0.053686 0.085003 0.428191
v 0.038133 0.055023 0.372706
v 0.051978 0.033302 0.337463
v 0.133380 0.011826 0.323449
v 0.167748 0.018678 0.350399
v 0.042564 0.028242 0.387870
v 0.050133 0.007170 0.359957
v 0.126902 -0.017834 0.345612
v 0.157241 -0.008310 0.366767
v 0.167452 0.013714 0.400966
v 0.168483 0.024554 0.414324
v 0.174361 0.047846 0.410629
v 0.180020 0.052645 0.407010
v 0.179500 0.070180 0.395374
v 0.175690 0.090939 0.381656
v 0.177713 0.099871 0.377704
v 0.178227 0.116456 0.365191
v 0.040267 0.063966 0.391837
v 0.040499 0.070439 0.388382
v 0.047673 0.087484 0.377282
v 0.057754 0.102539 0.367637
v 0.064191 0.119983 0.356986
v 0.071024 0.135394 0.350524
v 0.044695 0.040835 0.400455
v 0.101606 0.039415 0.309845
v 0.095069 0.021512 0.317935
v 0.097439 0.034737 0.307674
v 0.109460 0.067785 0.301312
v 0.113023 0.084915 0.305023
v 0.093659 0.014427 0.318150
v 0.088423 -0.013693 0.337925
v 0.137233 0.253655 0.571926
v 0.132037 0.253281 0.590622
v 0.121313 0.239259 0.604788
v 0.119503 0.239119 0.610582
v 0.192935 0.229540 0.578767
v 0.192870 0.224666 0.597895
v 0.181974 0.207998 0.614538
v 0.181809 0.204311 0.621078
v 0.179691 0.222840 0.561374
v 0.160378 0.233066 0.562201
v 0.141255 0.238965 0.560163
v 0.139933 0.049761 0.407459
v 0.138464 0.207300 0.614042
v 0.111297 0.216488 0.607850
v 0.169006 0.185750 0.614000
v 0.094468 0.211943 0.597257
v 0.179583 0.168173 0.608039
v 0.127045 0.175776 0.589040
v 0.105693 0.185676 0.584918
v 0.151106 0.162218 0.590863
v 0.086112 0.197210 0.582621
v 0.174561 0.149283 0.593082
v 0.075079 0.167892 0.554912
v 0.093885 0.155428 0.553516
v 0.115778 0.143342 0.554644
v 0.140683 0.134591 0.561028
v 0.163981 0.125268 0.565940
v 0.108919 0.113100 0.522436
v 0.085666 0.125699 0.521843
v 0.065480 0.131775 0.517147
v 0.130654 0.103619 0.525072
v 0.154539 0.093335 0.526897
v 0.066720 0.102193 0.479374
v 0.083883 0.097376 0.482923
v 0.106072 0.090981 0.486743
v 0.131915 0.082408 0.487390
v 0.152768 0.074705 0.482508
v 0.071331 0.081545 0.432712
v 0.092232 0.075015 0.431066
v 0.113414 0.072164 0.435475
v 0.138021 0.067639 0.436304
v 0.153279 0.066330 0.437521
v 0.068531 0.059392 0.398216
v 0.093104 0.054801 0.401705
v 0.115251 0.052913 0.404191
v 0.156891 0.047925 0.409522
v 0.113222 0.028278 0.408354
v 0.091776 0.031278 0.405645
v 0.066824 0.035643 0.402162
v 0.138732 0.024255 0.410782
v 0.153989 0.024383 0.413661
v 0.064713 0.025057 0.391901
v 0.094041 0.019736 0.393005
v 0.114674 0.016630 0.394683
v 0.138498 0.015556 0.399746
v 0.156422 0.014216 0.401814
v 0.123826 -0.000039 0.372131
v 0.084887 0.004240 0.367464
v 0.141544 0.002708 0.380921
v 0.153516 0.000022 0.379500
v 0.057930 0.013561 0.373135
v -0.053548 0.046729 -0.484236
v -0.061259 0.071488 -0.454391
v -0.082507 0.049619 -0.437523
v -0.071450 0.013919 -0.460305
v -0.158067 0.000008 -0.442372
v -0.159784 0.024349 -0.419220
v -0.203914 0.025851 -0.490765
v -0.200129 0.054162 -0.454460
v -0.203543 0.046967 -0.513516
v -0.198373 0.079784 -0.484702
v -0.039646 0.094446 -0.512708
v -0.054737 0.108055 -0.468331
v -0.190920 0.105878 -0.498242
v -0.194174 0.077417 -0.537144
v -0.038033 0.135781 -0.527456
v -0.047878 0.150121 -0.483974
v -0.026108 0.185679 -0.529384
v -0.031172 0.205884 -0.492097
v 0.002685 0.239217 -0.539039
v -0.011558 0.253019 -0.502833
v 0.003393 0.279435 -0.550931
v -0.010977 0.295646 -0.512234
v -0.061920 0.318562 -0.580041
v -0.070358 0.324039 -0.560188
v -0.098557 0.304594 -0.587623
v -0.110846 0.315215 -0.551946
v -0.129040 0.260064 -0.585659
v -0.132906 0.278082 -0.543875
v -0.137585 0.221584 -0.576322
v -0.147608 0.233371 -0.527527
v -0.152720 0.174490 -0.575042
v -0.165635 0.181372 -0.519216
v -0.171136 0.131630 -0.567962
v -0.182351 0.142995 -0.514361
v -0.108919 0.029965 -0.420547
v -0.098341 -0.001024 -0.444059
v -0.056297 0.058735 -0.468473
v -0.074582 0.029980 -0.444178
v -0.161635 0.010936 -0.426237
v -0.208855 0.041994 -0.468892
v -0.205311 0.066223 -0.500172
v -0.044698 0.100389 -0.490698
v -0.197492 0.090562 -0.522466
v -0.041135 0.141219 -0.506864
v -0.026035 0.196933 -0.508286
v -0.002033 0.245895 -0.518982
v -0.001313 0.288492 -0.532713
v -0.067097 0.326702 -0.564331
v -0.106035 0.311059 -0.570002
v -0.132905 0.268323 -0.565768
v -0.144830 0.227755 -0.557033
v -0.164600 0.176338 -0.557817
v -0.180260 0.136323 -0.546705
v -0.102889 0.014513 -0.423970
v -0.077338 0.327840 -0.531099
v -0.022804 0.293430 -0.507923
v -0.023789 0.255043 -0.499069
v -0.041095 0.215986 -0.474108
v -0.062157 0.157073 -0.461934
v -0.079615 0.127166 -0.447477
v -0.089696 0.094580 -0.448245
v -0.167341 0.148201 -0.480806
v -0.161190 0.185411 -0.488306
v -0.145419 0.235201 -0.517213
v -0.130998 0.284638 -0.534246
v -0.111339 0.314458 -0.536889
v -0.125107 0.133112 -0.456435
v -0.172194 0.069793 -0.456219
v -0.171592 0.088512 -0.471840
v -0.101767 0.071652 -0.446686
v -0.116855 0.055721 -0.441453
v -0.135593 0.084423 -0.460924
v -0.142564 0.065326 -0.450808
v -0.129011 0.108188 -0.460343
v -0.169626 0.110087 -0.480526
v -0.124420 0.158479 -0.459140
v -0.146911 0.245572 -0.496647
v -0.146910 0.209100 -0.464864
v -0.131855 0.288585 -0.518302
v -0.109074 0.315511 -0.521515
v -0.084424 0.321732 -0.515957
v -0.042588 0.296598 -0.487992
v -0.038935 0.262706 -0.474971
v -0.044993 0.226452 -0.455999
v -0.064231 0.201071 -0.436712
v -0.122400 0.176659 -0.445673
v -0.132338 0.218935 -0.578765
v -0.128867 0.260228 -0.588655
v -0.148320 0.173583 -0.580116
v -0.163460 0.134356 -0.576691
v -0.191962 0.073163 -0.542173
v -0.201710 0.039117 -0.515073
v -0.204279 0.020996 -0.495462
v -0.158479 -0.006246 -0.445675
v -0.096274 -0.006200 -0.449082
v -0.072539 0.010508 -0.465408
v -0.056300 0.042904 -0.490245
v -0.041898 0.093377 -0.522555
v -0.039408 0.130361 -0.535180
v -0.028155 0.182885 -0.535112
v 0.006189 0.237511 -0.542570
v 0.006360 0.279599 -0.554155
v -0.061708 0.321074 -0.584658
v -0.101638 0.304103 -0.593143
v 0.005700 0.231689 -0.573105
v 0.010036 0.265065 -0.585256
v -0.052681 0.306450 -0.618093
v -0.088265 0.293004 -0.621509
v -0.110941 0.258592 -0.613731
v -0.117594 0.243737 -0.608069
v -0.128373 0.242779 -0.586306
v -0.134167 0.246476 -0.581737
v -0.135722 0.252537 -0.561638
v -0.134568 0.258761 -0.537275
v -0.137939 0.260669 -0.528084
v -0.140034 0.268081 -0.508779
v -0.002251 0.218127 -0.540700
v -0.003406 0.219709 -0.533624
v -0.012194 0.227574 -0.515565
v -0.023515 0.235429 -0.500358
v -0.031809 0.242568 -0.481935
v -0.040850 0.246477 -0.466802
v -0.002275 0.217403 -0.565772
v -0.036019 0.317533 -0.548835
v -0.026959 0.312850 -0.566858
v -0.030415 0.319574 -0.551735
v -0.048934 0.320285 -0.521181
v -0.057529 0.313428 -0.507070
v -0.023843 0.314087 -0.573257
v -0.015872 0.301623 -0.604725
v -0.132640 0.026505 -0.415200
v -0.132463 0.007883 -0.420661
v -0.126807 -0.004196 -0.438949
v -0.126563 -0.010004 -0.440689
v -0.189858 0.039201 -0.432402
v -0.195070 0.022529 -0.441598
v -0.190080 0.008780 -0.463038
v -0.191876 0.003578 -0.468142
v -0.173124 0.054215 -0.436572
v -0.153969 0.046327 -0.429565
v -0.134581 0.042298 -0.426022
v -0.095770 0.235495 -0.577194
v -0.148079 -0.000573 -0.469536
v -0.119630 -0.003413 -0.462949
v -0.179094 0.012122 -0.486092
v -0.101029 0.003837 -0.467133
v -0.189055 0.024735 -0.500166
v -0.132986 0.028483 -0.495562
v -0.110620 0.024852 -0.487983
v -0.157644 0.035851 -0.505749
v -0.090308 0.019489 -0.479018
v -0.181775 0.042545 -0.515512
v -0.076706 0.050444 -0.501393
v -0.095348 0.059462 -0.511286
v -0.117452 0.066784 -0.521312
v -0.143500 0.069011 -0.529064
v -0.167601 0.072357 -0.536952
v -0.104757 0.103422 -0.544487
v -0.082144 0.094875 -0.532578
v -0.061421 0.092657 -0.526001
v -0.126350 0.108906 -0.554187
v -0.149719 0.115939 -0.564669
v -0.053822 0.135513 -0.541837
v -0.070767 0.137982 -0.548563
v -0.092444 0.141946 -0.557278
v -0.116547 0.150438 -0.567714
v -0.134468 0.162581 -0.575716
v -0.044844 0.184582 -0.543010
v -0.062478 0.193691 -0.552406
v -0.082629 0.196332 -0.560353
v -0.104806 0.203682 -0.569347
v -0.119095 0.207202 -0.573755
v -0.029050 0.221395 -0.552172
v -0.051747 0.226293 -0.562071
v -0.072644 0.230733 -0.568689
v -0.111705 0.238851 -0.582672
v -0.065243 0.232695 -0.592552
v -0.045246 0.228369 -0.584961
v -0.022133 0.223414 -0.575212
v -0.088741 0.238691 -0.601756
v -0.103759 0.240303 -0.605355
v -0.015195 0.235039 -0.581418
v -0.041668 0.243672 -0.592112
v -0.060650 0.248747 -0.599329
v -0.083894 0.251072 -0.606310
v -0.100866 0.254565 -0.611511
v -0.060099 0.276480 -0.609372
v -0.023542 0.268695 -0.596752
v -0.079383 0.272647 -0.612860
v -0.089656 0.278033 -0.617109
v -0.001794 0.253438 -0.584918
vn -0.7529 0.5991 -0.2725
vn -0.8993 0.4013 -0.1738
vn -0.9746 0.1873 -0.1230
vn -0.9388 0.2938 -0.1800
vn -0.5555 0.7606 -0.3361
vn -0.8692 0.4735 -0.1424
vn 0.9861 0.0738 -0.1488
vn 0.9813 0.0863 -0.1719
vn 0.9604 -0.2755 -0.0410
vn 0.9770 -0.2066 -0.0537
vn -0.2125 0.8428 -0.4944
vn -0.6991 0.7097 -0.0870
vn -0.1711 0.8999 -0.4010
vn 0.0509 0.9369 -0.3458
vn 0.2661 0.8219 -0.5037
vn 0.4475 0.7777 -0.4416
vn 0.4312 0.8772 -0.2111
vn 0.9636 0.1483 -0.2227
vn 0.9197 0.1724 -0.3528
vn 0.9789 -0.1897 0.0762
vn 0.9514 -0.3078 -0.0006
vn 0.6872 0.6865 -0.2376
vn 0.5948 0.6138 -0.5191
vn 0.7261 0.6552 -0.2085
vn 0.3314 0.9008 -0.2807
vn 0.8332 0.5385 -0.1257
vn 0.3389 0.0474 -0.9396
vn 0.7717 -0.0339 -0.6351
vn 0.7848 -0.1171 -0.6085
vn 0.2980 -0.2002 -0.9334
vn -0.6216 0.7757 -0.1087
vn 0.2140 0.9689 -0.1244
vn -0.0608 0.9681 0.2430
vn -0.7885 0.6030 0.1209
vn 0.7937 0.6060 0.0528
vn 0.8623 -0.4952 0.1060
vn 0.8708 -0.4880 0.0600
vn 0.8632 -0.4741 0.1735
vn 0.9017 -0.3107 0.3007
vn -0.8076 0.5824 0.0929
vn -0.9512 0.3084 0.0033
vn -0.9898 0.1225 -0.0727
vn -0.9974 0.0126 -0.0709
vn 0.9861 -0.1430 -0.0843
vn 0.9792 -0.1748 -0.1032
vn 0.8366 -0.3323 -0.4355
vn 0.8647 -0.3510 -0.3594
vn 0.9272 -0.3521 0.1280
vn 0.9982 -0.0541 -0.0248
vn 0.9741 -0.1317 0.1836
vn 0.9986 0.0482 0.0213
vn 0.8372 -0.2064 -0.5064
vn 0.9946 -0.0239 -0.1009
vn 0.9906 0.0920 -0.1015
vn 0.9959 0.0890 -0.0189
vn 0.9764 0.2020 -0.0767
vn 0.9812 0.0208 -0.1917
vn 0.9987 0.0396 0.0334
vn 0.9742 0.2214 -0.0442
vn 0.9983 0.0291 0.0504
vn 0.9822 0.0113 -0.1875
vn 0.8257 -0.4329 -0.3616
vn 0.9563 -0.2921 0.0150
vn -0.9566 0.0994 -0.2738
vn -0.7771 -0.1502 -0.6112
vn -0.7671 -0.2984 -0.5679
vn -0.9873 -0.0870 -0.1330
vn -0.9777 0.2052 -0.0443
vn -0.9970 0.0554 0.0533
vn -0.7658 -0.1487 -0.6257
vn -0.9491 0.1443 -0.2800
vn -0.9755 0.2113 0.0616
vn -0.9499 0.3090 -0.0474
vn -0.9347 0.3194 -0.1561
vn -0.8280 0.3995 -0.3935
vn -0.5838 0.1460 -0.7987
vn -0.9126 0.3569 -0.1996
vn -0.9480 0.2915 -0.1280
vn -0.9176 0.2391 -0.3175
vn -0.7368 0.4314 -0.5206
vn -0.8154 0.2556 -0.5194
vn -0.9314 0.1769 -0.3180
vn -0.9721 0.2222 -0.0749
vn 0.3594 -0.2892 -0.8873
vn 0.3612 -0.4756 -0.8021
vn 0.3738 -0.4999 -0.7813
vn -0.5005 0.2583 -0.8263
vn -0.6306 0.2258 -0.7426
vn 0.3551 -0.5323 -0.7685
vn -0.1204 -0.1468 -0.9818
vn -0.1016 -0.0781 -0.9918
vn -0.2738 -0.4838 -0.8312
vn -0.2657 -0.4223 -0.8666
vn -0.2918 -0.4109 -0.8638
vn -0.1639 0.1322 -0.9776
vn -0.4376 0.8940 0.0963
vn -0.0851 0.8536 -0.5139
vn -0.5290 0.8000 0.2832
vn -0.1321 0.8439 0.5199
vn -0.0486 0.9083 0.4155
vn 0.9542 0.0899 0.2853
vn 0.8788 0.3115 -0.3614
vn 0.2622 0.6975 0.6670
vn 0.3066 0.7806 0.5446
vn 0.8920 0.0055 0.4520
vn 0.6766 0.5214 0.5199
vn 0.6365 0.4190 0.6475
vn 0.7103 0.6591 -0.2471
vn 0.4977 0.4668 -0.7311
vn 0.4313 0.5111 -0.7434
vn 0.4080 0.8979 -0.1651
vn 0.3178 0.5711 -0.7569
vn 0.3049 0.5873 -0.7497
vn 0.2690 0.6356 -0.7236
vn 0.1511 0.9031 -0.4019
vn 0.2235 0.5755 -0.7867
vn -0.2382 0.2550 0.9371
vn -0.0427 0.1857 0.9817
vn 0.1037 0.0142 0.9945
vn -0.5493 0.1054 0.8290
vn 0.2157 -0.3104 0.9258
vn -0.3368 -0.2893 0.8961
vn -0.2836 -0.3076 0.9083
vn -0.2731 -0.3666 0.8894
vn -0.4131 -0.3815 0.8269
vn -0.6570 -0.2544 0.7097
vn -0.4133 -0.5186 0.7485
vn -0.3037 -0.4608 0.8339
vn -0.0073 -0.6135 0.7896
vn -0.6228 -0.4290 0.6543
vn -0.3781 -0.5551 0.7409
vn -0.3735 -0.5506 0.7466
vn -0.3766 -0.5596 0.7383
vn -0.3663 -0.5812 0.7266
vn -0.0483 -0.7471 0.6630
vn -0.3820 -0.6189 0.6863
vn -0.3735 -0.6097 0.6991
vn -0.3837 -0.5829 0.7162
vn -0.6238 -0.5677 0.5372
vn -0.3834 -0.6275 0.6777
vn -0.3579 -0.6546 0.6659
vn -0.0448 -0.8970 0.4397
vn -0.5808 -0.7085 0.4010
vn -0.3492 -0.6770 0.6478
vn -0.3623 -0.6885 0.6283
vn -0.3671 -0.7152 0.5947
vn -0.3540 -0.7435 0.5674
vn -0.3358 -0.7662 0.5479
vn 0.0383 -0.9625 0.2685
vn -0.3141 -0.8291 0.4625
vn -0.5133 -0.7297 0.4518
vn -0.3171 -0.8357 0.4483
vn -0.3086 -0.8587 0.4092
vn -0.2883 -0.8892 0.3552
vn -0.2833 -0.9170 0.2807
vn 0.1594 -0.9027 0.3997
vn -0.2731 -0.8539 0.4430
vn -0.7184 -0.2879 0.6333
vn -0.2323 -0.8699 0.4351
vn -0.2188 -0.8964 0.3854
vn -0.1996 -0.9092 0.3655
vn -0.1633 -0.9329 0.3209
vn 0.4671 -0.4997 0.7295
vn -0.1682 -0.5095 0.8439
vn -0.1886 -0.4843 0.8544
vn -0.2291 -0.4860 0.8434
vn -0.1638 -0.4953 0.8532
vn -0.1044 -0.4697 0.8766
vn -0.5838 -0.0790 0.8081
vn -0.9115 -0.3924 0.1232
vn -0.1633 -0.1827 0.9695
vn -0.1533 -0.2352 0.9598
vn -0.1425 -0.2257 0.9637
vn -0.1459 -0.2509 0.9570
vn -0.1039 -0.1980 0.9747
vn 0.5481 -0.2518 0.7976
vn 0.8433 -0.5203 0.1344
vn 0.2045 -0.9209 -0.3319
vn -0.3231 -0.8455 -0.4250
vn -0.7840 -0.5122 -0.3508
vn -0.1623 -0.8026 0.5741
vn -0.1684 -0.7919 0.5869
vn -0.1459 -0.8024 0.5786
vn -0.1350 -0.8329 0.5368
vn -0.1571 -0.8324 0.5315
vn -0.0653 -0.8099 0.5829
vn 0.7107 -0.6670 -0.2238
vn -0.0759 -0.8411 0.5355
vn -0.1920 -0.7640 0.6159
vn -0.1703 -0.8322 0.5276
vn -0.1976 -0.8117 0.5496
vn 0.7817 0.0188 0.6234
vn 0.9545 -0.0389 0.2955
vn 0.9565 -0.1167 0.2675
vn 0.8609 -0.0959 0.4996
vn 0.6613 0.0455 0.7487
vn 0.9111 -0.1268 0.3922
vn -0.9394 0.3422 0.0205
vn -0.9082 0.3221 -0.2673
vn -0.9335 0.2673 -0.2388
vn -0.9407 0.3143 0.1275
vn 0.4002 0.2001 0.8943
vn 0.7581 -0.2477 0.6032
vn 0.2051 0.1426 0.9683
vn 0.0663 0.0951 0.9933
vn -0.0652 0.3140 0.9472
vn -0.3518 0.0695 0.9335
vn -0.2639 0.3085 0.9139
vn -0.8973 0.3349 0.2876
vn -0.9594 0.2158 -0.1814
vn -0.9848 0.1687 -0.0426
vn -0.7834 0.4773 0.3981
vn -0.5899 0.2087 0.7801
vn -0.3948 0.4667 0.7914
vn -0.6920 0.2004 0.6935
vn -0.2999 0.1320 0.9448
vn -0.8857 0.1806 0.4277
vn -0.1294 0.9514 0.2796
vn -0.0281 0.9981 0.0548
vn -0.5779 0.8139 -0.0604
vn -0.5813 0.8132 0.0278
vn 0.5044 -0.1564 0.8492
vn -0.3194 -0.0664 0.9453
vn -0.2697 -0.4734 0.8385
vn 0.5375 -0.4282 0.7264
vn -0.9249 -0.0040 0.3802
vn -0.8524 0.1525 -0.5002
vn -0.7905 0.2594 -0.5548
vn -0.9129 0.0822 -0.3999
vn -0.9748 -0.0224 -0.2218
vn 0.8108 -0.4058 0.4218
vn 0.9474 -0.2559 0.1924
vn 0.9860 -0.1358 0.0964
vn 0.9867 -0.1398 0.0832
vn -0.8733 0.3932 -0.2877
vn -0.6459 0.6669 -0.3716
vn -0.6080 0.7244 -0.3249
vn -0.8545 0.4169 -0.3099
vn -0.9234 0.3188 -0.2137
vn -0.8264 0.2136 -0.5211
vn -0.9225 0.1394 -0.3599
vn -0.9574 0.2496 -0.1455
vn -0.9087 0.3800 -0.1731
vn -0.6260 0.7575 -0.1855
vn -0.9370 0.3467 -0.0426
vn -0.9567 0.2754 -0.0943
vn -0.9569 0.2873 0.0431
vn -0.8881 0.4486 -0.1003
vn -0.9578 0.2407 -0.1573
vn -0.9709 0.2374 0.0304
vn -0.9583 0.2276 -0.1725
vn -0.8875 0.4474 -0.1106
vn -0.5875 0.6791 -0.4400
vn -0.8279 0.3317 -0.4524
vn 0.9338 -0.0427 0.3551
vn 0.9808 -0.1332 0.1428
vn 0.9217 0.3854 0.0434
vn 0.9020 0.3842 0.1968
vn 0.8968 -0.2615 0.3568
vn 0.9281 -0.3216 0.1878
vn 0.8941 0.4004 0.2007
vn 0.9164 -0.0465 0.3975
vn 0.8505 -0.3868 0.3564
vn 0.8244 -0.3043 0.4772
vn 0.8502 -0.1739 0.4970
vn 0.7606 0.0265 0.6486
vn 0.6835 0.5352 0.4963
vn 0.8096 -0.1655 0.5632
vn 0.8547 -0.1870 0.4842
vn 0.8703 -0.0275 0.4918
vn 0.6938 0.1613 0.7018
vn 0.8132 0.1835 0.5523
vn 0.8995 -0.0148 0.4366
vn 0.8766 -0.2175 0.4294
vn -0.0727 0.9959 -0.0538
vn -0.0544 0.9566 -0.2863
vn -0.0444 0.9660 -0.2547
vn 0.5819 0.5552 0.5942
vn 0.6948 0.4496 0.5613
vn -0.0312 0.9479 -0.3170
vn 0.3625 0.9110 0.1967
vn 0.3291 0.9077 0.2603
vn 0.5459 0.8349 -0.0695
vn 0.5619 0.8159 -0.1364
vn 0.5669 0.8220 -0.0549
vn 0.3302 0.8227 0.4628
vn 0.4631 -0.4246 0.7780
vn 0.2773 0.2390 0.9306
vn 0.4962 -0.5963 0.6311
vn 0.0562 -0.7384 0.6720
vn 0.0074 -0.6382 0.7698
vn -0.9861 -0.0716 0.1498
vn -0.7309 0.4593 0.5047
vn -0.3723 -0.7473 0.5503
vn -0.3775 -0.6442 0.6652
vn -0.9752 -0.2202 0.0209
vn -0.7469 -0.4683 0.4721
vn -0.7487 -0.5702 0.3381
vn -0.5722 0.2225 0.7893
vn -0.2572 0.6777 0.6889
vn -0.1868 0.6624 0.7255
vn -0.2842 0.0136 0.9587
vn -0.0695 0.6333 0.7708
vn -0.0576 0.6193 0.7830
vn -0.0262 0.5740 0.8184
vn 0.0245 0.1753 0.9842
vn 0.0294 0.6383 0.7692
vn 0.0077 -0.9999 -0.0074
vn -0.1973 -0.9786 -0.0578
vn -0.3543 -0.9122 -0.2058
vn 0.3240 -0.9309 -0.1684
vn -0.4687 -0.7372 -0.4868
vn 0.0729 -0.8418 -0.5348
vn 0.0171 -0.8362 -0.5481
vn 0.0075 -0.8007 -0.5990
vn 0.1574 -0.7704 -0.6178
vn 0.4474 -0.7360 -0.5081
vn 0.1792 -0.6547 -0.7343
vn 0.0443 -0.7310 -0.6809
vn -0.2432 -0.6012 -0.7612
vn 0.4430 -0.6038 -0.6627
vn 0.1412 -0.6357 -0.7589
vn 0.1325 -0.6468 -0.7511
vn 0.1333 -0.6453 -0.7522
vn 0.1254 -0.6384 -0.7594
vn -0.1618 -0.5076 -0.8463
vn 0.1803 -0.5845 -0.7911
vn 0.1740 -0.5786 -0.7968
vn 0.1823 -0.5899 -0.7866
vn 0.5080 -0.4402 -0.7404
vn 0.1733 -0.5948 -0.7850
vn 0.1399 -0.5894 -0.7957
vn -0.0552 -0.2766 -0.9594
vn 0.5577 -0.2447 -0.7931
vn 0.2168 -0.4771 -0.8517
vn 0.2310 -0.4843 -0.8438
vn 0.2439 -0.4774 -0.8441
vn 0.2282 -0.4736 -0.8507
vn 0.1838 -0.4690 -0.8639
vn 0.0202 -0.0554 -0.9983
vn 0.3346 -0.2277 -0.9144
vn 0.5757 -0.3106 -0.7564
vn 0.3298 -0.2521 -0.9098
vn 0.3216 -0.2503 -0.9132
vn 0.3045 -0.2319 -0.9239
vn 0.2903 -0.1870 -0.9385
vn -0.0270 -0.1201 -0.9924
vn 0.3678 -0.2173 -0.9042
vn 0.6149 -0.7132 -0.3364
vn 0.3306 -0.2242 -0.9168
vn 0.3230 -0.1885 -0.9274
vn 0.3076 -0.1840 -0.9336
vn 0.2647 -0.1501 -0.9526
vn -0.4670 -0.4127 -0.7820
vn 0.1091 -0.6950 -0.7106
vn 0.1196 -0.7171 -0.6867
vn 0.1605 -0.7180 -0.6773
vn 0.0992 -0.7061 -0.7011
vn 0.0316 -0.7177 -0.6957
vn 0.3964 -0.8908 -0.2222
vn 0.9335 -0.2694 -0.2366
vn -0.0073 -0.8944 -0.4473
vn -0.0010 -0.8690 -0.4948
vn -0.0145 -0.8720 -0.4893
vn -0.0032 -0.8602 -0.5099
vn -0.0603 -0.8784 -0.4740
vn -0.6222 -0.5170 -0.5878
vn -0.6881 0.2484 -0.6817
vn 0.6148 0.5204 -0.5926
vn 0.1176 0.6026 -0.7893
vn 0.9464 0.2354 -0.2213
vn 0.2375 -0.3683 -0.8989
vn 0.2378 -0.3846 -0.8919
vn 0.2211 -0.3680 -0.9032
vn 0.2277 -0.3183 -0.9202
vn 0.2495 -0.3198 -0.9140
vn 0.1460 -0.3472 -0.9264
vn -0.4481 0.5800 -0.6803
vn 0.1744 -0.2982 -0.9384
vn 0.2466 -0.4253 -0.8708
vn 0.2630 -0.3198 -0.9102
vn 0.2784 -0.3533 -0.8931
vt 0.163075 0.932951
vt 0.173219 0.917071
vt 0.180769 0.923668
vt 0.171540 0.937712
vt 0.157120 0.948015
vt 0.162263 0.953572
vt 0.103100 0.896200
vt 0.104125 0.913960
vt 0.091942 0.914493
vt 0.088077 0.898246
vt 0.148544 0.957888
vt 0.152571 0.965427
vt 0.152557 0.923275
vt 0.147384 0.938023
vt 0.142279 0.948177
vt 0.129427 0.941761
vt 0.132749 0.930912
vt 0.105718 0.930931
vt 0.104870 0.942999
vt 0.098703 0.946766
vt 0.095555 0.934387
vt 0.115906 0.929716
vt 0.115736 0.940085
vt 0.117723 0.912324
vt 0.136007 0.917942
vt 0.115504 0.894152
vt 0.084286 0.821835
vt 0.090695 0.831702
vt 0.085638 0.836645
vt 0.076336 0.825179
vt 0.163650 0.910080
vt 0.138055 0.902616
vt 0.141558 0.890953
vt 0.164284 0.883522
vt 0.129712 0.877294
vt 0.083469 0.914505
vt 0.079731 0.898176
vt 0.089230 0.937272
vt 0.091625 0.952035
vt 0.157939 0.972041
vt 0.167911 0.958696
vt 0.179371 0.941460
vt 0.187282 0.928449
vt 0.080204 0.862472
vt 0.073550 0.866256
vt 0.066504 0.847859
vt 0.071985 0.845902
vt 0.075794 0.880742
vt 0.083994 0.878044
vt 0.073949 0.871792
vt 0.080981 0.868702
vt 0.077464 0.841988
vt 0.087467 0.855654
vt 0.095505 0.874497
vt 0.091118 0.863356
vt 0.105890 0.869863
vt 0.094137 0.848963
vt 0.099751 0.858912
vt 0.113821 0.864479
vt 0.106504 0.854478
vt 0.099350 0.845228
vt 0.065240 0.848974
vt 0.072376 0.866609
vt 0.014739 0.867089
vt 0.019594 0.850211
vt 0.020364 0.850798
vt 0.016131 0.867661
vt 0.195136 0.906959
vt 0.198854 0.914745
vt 0.224513 0.885206
vt 0.228846 0.891025
vt 0.216917 0.901605
vt 0.211769 0.895320
vt 0.210461 0.906064
vt 0.205431 0.899718
vt 0.191095 0.901209
vt 0.206866 0.889206
vt 0.218246 0.878181
vt 0.200334 0.893651
vt 0.185397 0.893241
vt 0.194410 0.885871
vt 0.200331 0.881606
vt 0.193679 0.873657
vt 0.187202 0.877289
vt 0.178532 0.880898
vt 0.066152 0.830663
vt 0.053196 0.838205
vt 0.058676 0.835725
vt 0.210577 0.870940
vt 0.204168 0.864198
vt 0.051861 0.839989
vt 0.057610 0.820010
vt 0.070610 0.815041
vt 0.036140 0.839339
vt 0.035443 0.837332
vt 0.236163 0.872788
vt 0.228105 0.865568
vt 0.218005 0.858438
vt 0.045144 0.827839
vt 0.240439 0.877364
vt 0.078835 0.811702
vt 0.209997 0.855283
vt 0.140784 0.972368
vt 0.138655 0.966940
vt 0.145697 0.979914
vt 0.132498 0.983381
vt 0.130333 0.975918
vt 0.101745 0.959047
vt 0.107954 0.956730
vt 0.117022 0.982110
vt 0.119264 0.975518
vt 0.093484 0.961510
vt 0.107112 0.969691
vt 0.097522 0.975096
vt 0.112185 0.964549
vt 0.116789 0.949298
vt 0.117611 0.958393
vt 0.121892 0.970404
vt 0.127457 0.950269
vt 0.124035 0.961269
vt 0.136731 0.954650
vt 0.130756 0.969259
vt 0.130462 0.962497
vt 0.066996 0.984178
vt 0.079604 0.982287
vt 0.080825 0.984369
vt 0.067103 0.986057
vt 0.094535 0.973663
vt 0.055075 0.982504
vt 0.055566 0.980174
vt 0.091468 0.961866
vt 0.064223 0.976024
vt 0.074652 0.973929
vt 0.085383 0.966892
vt 0.057178 0.972977
vt 0.046249 0.971502
vt 0.044570 0.972630
vt 0.052496 0.965843
vt 0.086592 0.960687
vt 0.089266 0.952743
vt 0.039165 0.956273
vt 0.036476 0.956827
vt 0.059729 0.962467
vt 0.067680 0.960086
vt 0.076077 0.956086
vt 0.083878 0.952042
vt 0.087579 0.938208
vt 0.061286 0.943396
vt 0.053270 0.947263
vt 0.046593 0.951736
vt 0.033209 0.933346
vt 0.029907 0.934886
vt 0.070662 0.941548
vt 0.079165 0.939205
vt 0.079964 0.912852
vt 0.030896 0.917566
vt 0.027251 0.916615
vt 0.040439 0.933182
vt 0.048316 0.931751
vt 0.057150 0.927407
vt 0.065501 0.924332
vt 0.074422 0.920636
vt 0.076743 0.898788
vt 0.036927 0.915506
vt 0.025148 0.896489
vt 0.022452 0.895781
vt 0.044152 0.914471
vt 0.053245 0.912529
vt 0.063248 0.908594
vt 0.070819 0.903334
vt 0.072583 0.882286
vt 0.032755 0.896899
vt 0.016325 0.878874
vt 0.018688 0.878795
vt 0.041187 0.894132
vt 0.050131 0.893181
vt 0.059858 0.889850
vt 0.066414 0.887672
vt 0.070986 0.873505
vt 0.048202 0.881164
vt 0.039802 0.881950
vt 0.030158 0.882162
vt 0.057527 0.879063
vt 0.064215 0.876940
vt 0.024882 0.873687
vt 0.025149 0.868579
vt 0.032063 0.874350
vt 0.040416 0.874130
vt 0.047520 0.873291
vt 0.055910 0.871222
vt 0.060547 0.870893
vt 0.064697 0.869737
vt 0.063206 0.865334
vt 0.048668 0.849779
vt 0.038169 0.848732
vt 0.026503 0.857688
vt 0.047329 0.867893
vt 0.041031 0.868787
vt 0.055047 0.867241
vt 0.054935 0.859646
vt 0.049106 0.858989
vt 0.060326 0.866347
vt 0.058365 0.853345
vt 0.058385 0.857675
vt 0.031684 0.869698
vt 0.037099 0.859492
vt 0.028469 0.862369
s 1
usemtl Clothes_MAT.001
f 4579/4515/4568 4583/4516/4569 4611/4517/4570 4609/4518/4571
f 4569/4519/4572 4579/4515/4568 4609/4518/4571 4604/4520/4573
f 4599/4521/4574 4601/4522/4575 4620/4523/4576 4619/4524/4577
f 4570/4525/4578 4569/4519/4572 4604/4520/4573 4605/4526/4579
f 4627/4527/4580 4579/4515/4568 4569/4519/4572 4628/4528/4581
f 4628/4528/4581 4569/4519/4572 4570/4525/4578 4637/4529/4582
f 4628/4528/4581 4637/4529/4582 4639/4530/4583 4641/4531/4584
f 4580/4532/4585 4577/4533/4586 4608/4534/4587 4610/4535/4588
f 4642/4536/4589 4636/4537/4590 4577/4533/4586 4580/4532/4585
f 4580/4532/4585 4610/4535/4588 4620/4523/4576 4601/4522/4575
f 4580/4532/4585 4601/4522/4575 4629/4538/4591 4642/4536/4589
f 4641/4531/4584 4642/4536/4589 4629/4538/4591 4634/4539/4592
f 4641/4531/4584 4639/4530/4583 4636/4537/4590 4642/4536/4589
f 4634/4539/4592 4627/4527/4580 4628/4528/4581 4641/4531/4584
f 4630/4540/4593 4629/4538/4591 4601/4522/4575 4599/4521/4574
f 4648/4541/4594 4647/4542/4595 4633/4543/4596 4622/4544/4597
f 4626/4545/4598 4583/4516/4569 4579/4515/4568 4627/4527/4580
f 4643/4546/4599 4634/4539/4592 4629/4538/4591 4630/4540/4593
f 4626/4545/4598 4627/4527/4580 4634/4539/4592 4643/4546/4599
f 4653/4547/4600 4652/4548/4601 4626/4545/4598 4643/4546/4599
f 4653/4547/4600 4643/4546/4599 4630/4540/4593 4645/4549/4602
f 4600/4550/4603 4598/4551/4604 4619/4524/4577 4620/4523/4576
f 4581/4552/4605 4600/4550/4603 4620/4523/4576 4610/4535/4588
f 4581/4552/4605 4610/4535/4588 4608/4534/4587 4576/4553/4606
f 4571/4554/4607 4605/4526/4579 4604/4520/4573 4568/4555/4608
f 4568/4555/4608 4604/4520/4573 4609/4518/4571 4578/4556/4609
f 4582/4557/4610 4578/4556/4609 4609/4518/4571 4611/4517/4570
f 4617/4558/4611 4594/4559/4612 4592/4560/4613 4616/4561/4614
f 4619/4524/4577 4598/4551/4604 4596/4562/4615 4618/4563/4616
f 4679/4564/4617 4594/4559/4612 4617/4558/4611 4680/4565/4618
f 4618/4563/4616 4596/4562/4615 4679/4564/4617 4680/4565/4618
f 4617/4558/4611 4616/4561/4614 4593/4566/4619 4595/4567/4620
f 4597/4568/4621 4599/4521/4574 4619/4524/4577 4618/4563/4616
f 4680/4565/4618 4617/4558/4611 4595/4567/4620 4681/4569/4622
f 4597/4568/4621 4618/4563/4616 4680/4565/4618 4681/4569/4622
f 4631/4570/4623 4630/4540/4593 4599/4521/4574 4597/4568/4621
f 4632/4571/4624 4595/4567/4620 4593/4566/4619 4633/4543/4596
f 4682/4572/4625 4631/4570/4623 4597/4568/4621 4681/4569/4622
f 4682/4572/4625 4681/4569/4622 4595/4567/4620 4632/4571/4624
f 4645/4549/4602 4630/4540/4593 4631/4570/4623 4644/4573/4626
f 4644/4573/4626 4631/4570/4623 4682/4572/4625 4683/4574/4627
f 4646/4575/4628 4632/4571/4624 4633/4543/4596 4647/4542/4595
f 4683/4574/4627 4682/4572/4625 4632/4571/4624 4646/4575/4628
f 4671/4576/4629 4592/4560/4613 4594/4559/4612 4655/4577/4630
f 4586/4578/4631 4588/4579/4632 4669/4580/4633 4668/4581/4634
f 4612/4582/4635 4584/4583/4636 4582/4557/4610 4611/4517/4570
f 4614/4584/4637 4588/4585/4632 4586/4586/4631 4613/4587/4638
f 4685/4588/4639 4584/4583/4636 4612/4582/4635 4686/4589/4640
f 4613/4587/4638 4586/4586/4631 4685/4588/4639 4686/4589/4640
f 4612/4582/4635 4611/4517/4570 4583/4516/4569 4585/4590/4641
f 4587/4591/4642 4589/4592/4643 4614/4584/4637 4613/4587/4638
f 4686/4589/4640 4612/4582/4635 4585/4590/4641 4687/4593/4644
f 4587/4591/4642 4613/4587/4638 4686/4589/4640 4687/4593/4644
f 4625/4594/4645 4585/4590/4641 4583/4516/4569 4626/4545/4598
f 4688/4595/4646 4624/4596/4647 4587/4591/4642 4687/4593/4644
f 4688/4595/4646 4687/4593/4644 4585/4590/4641 4625/4594/4645
f 4650/4597/4648 4624/4596/4647 4688/4595/4646 4689/4598/4649
f 4651/4599/4650 4625/4594/4645 4626/4545/4598 4652/4548/4601
f 4689/4598/4649 4688/4595/4646 4625/4594/4645 4651/4599/4650
f 4622/4544/4597 4633/4543/4596 4593/4566/4619 4591/4600/4651
f 4616/4561/4614 4592/4560/4613 4590/4601/4652 4615/4602/4653
f 4591/4600/4651 4593/4566/4619 4616/4561/4614 4615/4602/4653
f 4623/4603/4654 4589/4592/4643 4587/4591/4642 4624/4596/4647
f 4649/4604/4655 4623/4603/4654 4624/4596/4647 4650/4597/4648
f 4670/4605/4656 4590/4601/4652 4592/4560/4613 4671/4576/4629
f 4691/4606/4657 4694/4607/4658 4622/4544/4597 4591/4600/4651
f 4590/4601/4652 4670/4605/4656 4696/4608/4659 4692/4609/4660
f 4693/4610/4661 4614/4584/4637 4589/4592/4643 4691/4611/4657
f 4691/4611/4657 4589/4592/4643 4623/4603/4654 4694/4612/4658
f 4591/4600/4651 4615/4602/4653 4693/4613/4661 4691/4606/4657
f 4692/4614/4660 4588/4585/4632 4614/4584/4637 4693/4610/4661
f 4696/4608/4659 4669/4580/4633 4588/4579/4632 4692/4609/4660
f 4692/4609/4660 4693/4613/4661 4615/4602/4653 4590/4601/4652
f 4695/4615/4662 4648/4541/4594 4622/4544/4597 4694/4607/4658
f 4623/4603/4654 4649/4604/4655 4695/4616/4662 4694/4612/4658
f 4621/4617/4663 4602/4618/4664 4570/4525/4578 4605/4526/4579
f 4621/4617/4663 4605/4526/4579 4571/4554/4607 4603/4619/4665
f 4700/4620/4666 4699/4621/4667 4621/4617/4663 4603/4619/4665
f 4607/4622/4668 4608/4534/4587 4577/4533/4586 4575/4623/4669
f 4572/4624/4670 4606/4625/4671 4699/4621/4667 4700/4620/4666
f 4576/4553/4606 4608/4534/4587 4607/4622/4668 4574/4626/4672
f 4703/4627/4673 4606/4625/4671 4572/4624/4670 4704/4628/4674
f 4574/4626/4672 4607/4622/4668 4703/4627/4673 4704/4628/4674
f 4703/4627/4673 4607/4622/4668 4575/4623/4669 4702/4629/4675
f 4635/4630/4676 4575/4623/4669 4577/4533/4586 4636/4537/4590
f 4706/4631/4677 4702/4629/4675 4575/4623/4669 4635/4630/4676
f 4606/4625/4671 4703/4627/4673 4702/4629/4675 4573/4632/4678
f 4635/4630/4676 4636/4537/4590 4639/4530/4583 4640/4633/4679
f 4706/4631/4677 4635/4630/4676 4640/4633/4679 4707/4634/4680
f 4573/4632/4678 4702/4629/4675 4706/4631/4677 4707/4634/4680
f 4640/4633/4679 4639/4530/4583 4637/4529/4582 4638/4635/4681
f 4638/4635/4681 4637/4529/4582 4570/4525/4578 4602/4618/4664
f 4698/4636/4682 4602/4618/4664 4621/4617/4663 4699/4621/4667
f 4708/4637/4683 4707/4634/4680 4640/4633/4679 4638/4635/4681
f 4699/4621/4667 4606/4625/4671 4573/4632/4678 4698/4636/4682
f 4698/4636/4682 4573/4632/4678 4707/4634/4680 4708/4637/4683
f 4708/4637/4683 4638/4635/4681 4602/4618/4664 4698/4636/4682
f 4701/4638/4684 4661/4639/4685 4572/4640/4670 4700/4641/4666
f 4705/4642/4686 4704/4628/4674 4572/4640/4670 4661/4639/4685
f 4701/4638/4684 4700/4641/4666 4603/4643/4665 4662/4644/4687
f 4660/4645/4688 4574/4626/4672 4704/4628/4674 4705/4642/4686
f 4711/4646/4689 4710/4647/4690 4661/4639/4685 4701/4638/4684
f 4705/4642/4686 4661/4639/4685 4710/4647/4690 4712/4648/4691
f 4713/4649/4692 4711/4646/4689 4701/4638/4684 4662/4644/4687
f 4663/4650/4693 4662/4644/4687 4603/4643/4665 4571/4651/4607
f 4718/4652/4694 4713/4649/4692 4662/4644/4687 4663/4650/4693
f 4660/4645/4688 4705/4642/4686 4712/4648/4691 4714/4653/4695
f 4659/4654/4696 4576/4553/4606 4574/4626/4672 4660/4645/4688
f 4664/4655/4697 4663/4650/4693 4571/4651/4607 4568/4656/4608
f 4716/4657/4698 4711/4646/4689 4713/4649/4692 4718/4652/4694
f 4715/4658/4699 4710/4647/4690 4711/4646/4689 4716/4657/4698
f 4712/4648/4691 4710/4647/4690 4715/4658/4699 4717/4659/4700
f 4659/4654/4696 4660/4645/4688 4714/4653/4695 4719/4660/4701
f 4719/4660/4701 4714/4653/4695 4712/4648/4691 4717/4659/4700
f 4658/4661/4702 4581/4552/4605 4576/4553/4606 4659/4654/4696
f 4722/4662/4703 4715/4658/4699 4716/4657/4698 4721/4663/4704
f 4721/4663/4704 4716/4657/4698 4718/4652/4694 4720/4664/4705
f 4720/4664/4705 4718/4652/4694 4663/4650/4693 4664/4655/4697
f 4665/4665/4706 4664/4655/4697 4568/4656/4608 4578/4666/4609
f 4717/4659/4700 4715/4658/4699 4722/4662/4703 4723/4667/4707
f 4719/4660/4701 4717/4659/4700 4723/4667/4707 4724/4668/4708
f 4658/4661/4702 4659/4654/4696 4719/4660/4701 4724/4668/4708
f 4657/4669/4709 4600/4550/4603 4581/4552/4605 4658/4661/4702
f 4666/4670/4710 4665/4665/4706 4578/4666/4609 4582/4671/4610
f 4727/4672/4711 4720/4664/4705 4664/4655/4697 4665/4665/4706
f 4726/4673/4712 4721/4663/4704 4720/4664/4705 4727/4672/4711
f 4725/4674/4713 4722/4662/4703 4721/4663/4704 4726/4673/4712
f 4723/4667/4707 4722/4662/4703 4725/4674/4713 4728/4675/4714
f 4724/4668/4708 4723/4667/4707 4728/4675/4714 4729/4676/4715
f 4657/4669/4709 4658/4661/4702 4724/4668/4708 4729/4676/4715
f 4656/4677/4716 4598/4551/4604 4600/4550/4603 4657/4669/4709
f 4727/4672/4711 4665/4665/4706 4666/4670/4710 4730/4678/4717
f 4667/4679/4718 4666/4670/4710 4582/4671/4610 4584/4680/4636
f 4726/4673/4712 4727/4672/4711 4730/4678/4717 4731/4681/4719
f 4725/4674/4713 4726/4673/4712 4731/4681/4719 4732/4682/4720
f 4728/4675/4714 4725/4674/4713 4732/4682/4720 4733/4683/4721
f 4729/4676/4715 4728/4675/4714 4733/4683/4721 4734/4684/4722
f 4656/4677/4716 4657/4669/4709 4729/4676/4715 4734/4684/4722
f 4654/4685/4723 4596/4562/4615 4598/4551/4604 4656/4677/4716
f 4735/4686/4724 4730/4678/4717 4666/4670/4710 4667/4679/4718
f 4685/4687/4639 4586/4578/4631 4668/4581/4634 4684/4688/4725
f 4684/4688/4725 4667/4679/4718 4584/4680/4636 4685/4687/4639
f 4731/4681/4719 4730/4678/4717 4735/4686/4724 4736/4689/4726
f 4732/4682/4720 4731/4681/4719 4736/4689/4726 4737/4690/4727
f 4733/4683/4721 4732/4682/4720 4737/4690/4727 4738/4691/4728
f 4734/4684/4722 4733/4683/4721 4738/4691/4728 4739/4692/4729
f 4654/4685/4723 4656/4677/4716 4734/4684/4722 4739/4692/4729
f 4655/4577/4630 4594/4559/4612 4679/4564/4617 4678/4693/4730
f 4679/4564/4617 4596/4562/4615 4654/4685/4723 4678/4693/4730
f 4742/4694/4731 4737/4690/4727 4736/4689/4726 4741/4695/4732
f 4741/4695/4732 4736/4689/4726 4735/4686/4724 4740/4696/4733
f 4740/4696/4733 4735/4686/4724 4667/4679/4718 4684/4688/4725
f 4738/4691/4728 4737/4690/4727 4742/4694/4731 4709/4697/4734
f 4743/4698/4735 4739/4692/4729 4738/4691/4728 4709/4697/4734
f 4743/4698/4735 4678/4693/4730 4654/4685/4723 4739/4692/4729
f 4690/4699/4736 4684/4688/4725 4668/4581/4634 4672/4700/4737
f 4746/4701/4738 4740/4696/4733 4684/4688/4725 4690/4699/4736
f 4745/4702/4739 4741/4695/4732 4740/4696/4733 4746/4701/4738
f 4744/4703/4740 4742/4694/4731 4741/4695/4732 4745/4702/4739
f 4709/4697/4734 4742/4694/4731 4744/4703/4740 4747/4704/4741
f 4743/4698/4735 4709/4697/4734 4747/4704/4741 4748/4705/4742
f 4677/4706/4743 4678/4693/4730 4743/4698/4735 4748/4705/4742
f 4677/4706/4743 4676/4707/4744 4655/4577/4630 4678/4693/4730
f 4696/4608/4659 4670/4605/4656 4674/4708/4745 4697/4709/4746
f 4672/4700/4737 4668/4581/4634 4669/4580/4633 4673/4710/4747
f 4751/4711/4748 4744/4703/4740 4745/4702/4739 4750/4712/4749
f 4747/4704/4741 4744/4703/4740 4751/4711/4748 4752/4713/4750
f 4756/4714/4751 4752/4713/4750 4751/4711/4748 4754/4715/4752
f 4748/4705/4742 4747/4704/4741 4752/4713/4750 4753/4716/4753
f 4676/4707/4744 4677/4706/4743 4748/4705/4742 4753/4716/4753
f 4754/4715/4752 4674/4708/4745 4675/4717/4754
f 4675/4717/4754 4674/4708/4745 4670/4605/4656 4671/4576/4629
f 4675/4717/4754 4671/4576/4629 4655/4577/4630 4676/4707/4744
f 4675/4717/4754 4676/4707/4744 4753/4716/4753 4757/4718/4755
f 4757/4718/4755 4756/4714/4751 4754/4715/4752 4675/4717/4754
f 4753/4716/4753 4752/4713/4750 4756/4714/4751 4757/4718/4755
f 4746/4701/4738 4690/4699/4736 4672/4700/4737 4749/4719/4756
f 4750/4712/4749 4745/4702/4739 4746/4701/4738 4749/4719/4756
f 4697/4709/4746 4674/4708/4745 4754/4715/4752 4755/4720/4757
f 4755/4720/4757 4754/4715/4752 4751/4711/4748 4750/4712/4749
f 4673/4710/4747 4669/4580/4633 4696/4608/4659 4697/4709/4746
f 4758/4721/4758 4749/4719/4756 4672/4700/4737 4673/4710/4747
f 4673/4710/4747 4697/4709/4746 4755/4720/4757
f 4673/4710/4747 4755/4720/4757 4758/4721/4758
f 4755/4720/4757 4750/4712/4749 4749/4719/4756 4758/4721/4758
f 4770/4515/4759 4800/4518/4760 4802/4517/4761 4774/4516/4762
f 4760/4519/4763 4795/4520/4764 4800/4518/4760 4770/4515/4759
f 4790/4521/4765 4810/4524/4766 4811/4523/4767 4792/4522/4768
f 4761/4525/4769 4796/4526/4770 4795/4520/4764 4760/4519/4763
f 4818/4527/4771 4819/4528/4772 4760/4519/4763 4770/4515/4759
f 4819/4528/4772 4828/4529/4773 4761/4525/4769 4760/4519/4763
f 4819/4528/4772 4832/4531/4774 4830/4530/4775 4828/4529/4773
f 4771/4532/4776 4801/4535/4777 4799/4534/4778 4768/4533/4779
f 4833/4536/4780 4771/4532/4776 4768/4533/4779 4827/4537/4781
f 4771/4532/4776 4792/4522/4768 4811/4523/4767 4801/4535/4777
f 4771/4532/4776 4833/4536/4780 4820/4538/4782 4792/4522/4768
f 4832/4531/4774 4825/4539/4783 4820/4538/4782 4833/4536/4780
f 4832/4531/4774 4833/4536/4780 4827/4537/4781 4830/4530/4775
f 4825/4539/4783 4832/4531/4774 4819/4528/4772 4818/4527/4771
f 4821/4540/4784 4790/4521/4765 4792/4522/4768 4820/4538/4782
f 4839/4541/4785 4813/4544/4786 4824/4543/4787 4838/4542/4788
f 4817/4545/4789 4818/4527/4771 4770/4515/4759 4774/4516/4762
f 4834/4546/4790 4821/4540/4784 4820/4538/4782 4825/4539/4783
f 4817/4545/4789 4834/4546/4790 4825/4539/4783 4818/4527/4771
f 4844/4547/4791 4834/4546/4790 4817/4545/4789 4843/4548/4792
f 4844/4547/4791 4836/4549/4793 4821/4540/4784 4834/4546/4790
f 4791/4550/4794 4811/4523/4767 4810/4524/4766 4789/4551/4795
f 4772/4552/4796 4801/4535/4777 4811/4523/4767 4791/4550/4794
f 4772/4552/4796 4767/4553/4797 4799/4534/4778 4801/4535/4777
f 4762/4554/4798 4759/4555/4799 4795/4520/4764 4796/4526/4770
f 4759/4555/4799 4769/4556/4800 4800/4518/4760 4795/4520/4764
f 4773/4557/4801 4802/4517/4761 4800/4518/4760 4769/4556/4800
f 4808/4558/4802 4807/4561/4803 4783/4560/4804 4785/4559/4805
f 4810/4524/4766 4809/4563/4806 4787/4562/4807 4789/4551/4795
f 4870/4564/4808 4871/4565/4809 4808/4558/4802 4785/4559/4805
f 4809/4563/4806 4871/4565/4809 4870/4564/4808 4787/4562/4807
f 4808/4558/4802 4786/4567/4810 4784/4566/4811 4807/4561/4803
f 4788/4568/4812 4809/4563/4806 4810/4524/4766 4790/4521/4765
f 4871/4565/4809 4872/4569/4813 4786/4567/4810 4808/4558/4802
f 4788/4568/4812 4872/4569/4813 4871/4565/4809 4809/4563/4806
f 4822/4570/4814 4788/4568/4812 4790/4521/4765 4821/4540/4784
f 4823/4571/4815 4824/4543/4787 4784/4566/4811 4786/4567/4810
f 4873/4572/4816 4872/4569/4813 4788/4568/4812 4822/4570/4814
f 4873/4572/4816 4823/4571/4815 4786/4567/4810 4872/4569/4813
f 4836/4549/4793 4835/4573/4817 4822/4570/4814 4821/4540/4784
f 4835/4573/4817 4874/4574/4818 4873/4572/4816 4822/4570/4814
f 4837/4575/4819 4838/4542/4788 4824/4543/4787 4823/4571/4815
f 4874/4574/4818 4837/4575/4819 4823/4571/4815 4873/4572/4816
f 4862/4576/4820 4846/4577/4821 4785/4559/4805 4783/4560/4804
f 4777/4578/4822 4859/4581/4823 4860/4580/4824 4779/4579/4825
f 4803/4582/4826 4802/4517/4761 4773/4557/4801 4775/4583/4827
f 4805/4584/4828 4804/4587/4829 4777/4586/4822 4779/4585/4825
f 4876/4588/4830 4877/4589/4831 4803/4582/4826 4775/4583/4827
f 4804/4587/4829 4877/4589/4831 4876/4588/4830 4777/4586/4822
f 4803/4582/4826 4776/4590/4832 4774/4516/4762 4802/4517/4761
f 4778/4591/4833 4804/4587/4829 4805/4584/4828 4780/4592/4834
f 4877/4589/4831 4878/4593/4835 4776/4590/4832 4803/4582/4826
f 4778/4591/4833 4878/4593/4835 4877/4589/4831 4804/4587/4829
f 4816/4594/4836 4817/4545/4789 4774/4516/4762 4776/4590/4832
f 4879/4595/4837 4878/4593/4835 4778/4591/4833 4815/4596/4838
f 4879/4595/4837 4816/4594/4836 4776/4590/4832 4878/4593/4835
f 4841/4597/4839 4880/4598/4840 4879/4595/4837 4815/4596/4838
f 4842/4599/4841 4843/4548/4792 4817/4545/4789 4816/4594/4836
f 4880/4598/4840 4842/4599/4841 4816/4594/4836 4879/4595/4837
f 4813/4544/4786 4782/4600/4842 4784/4566/4811 4824/4543/4787
f 4807/4561/4803 4806/4602/4843 4781/4601/4844 4783/4560/4804
f 4782/4600/4842 4806/4602/4843 4807/4561/4803 4784/4566/4811
f 4814/4603/4845 4815/4596/4838 4778/4591/4833 4780/4592/4834
f 4840/4604/4846 4841/4597/4839 4815/4596/4838 4814/4603/4845
f 4861/4605/4847 4862/4576/4820 4783/4560/4804 4781/4601/4844
f 4882/4606/4848 4782/4600/4842 4813/4544/4786 4885/4607/4849
f 4781/4601/4844 4883/4609/4850 4887/4608/4851 4861/4605/4847
f 4884/4610/4852 4882/4611/4848 4780/4592/4834 4805/4584/4828
f 4882/4611/4848 4885/4612/4849 4814/4603/4845 4780/4592/4834
f 4782/4600/4842 4882/4606/4848 4884/4613/4852 4806/4602/4843
f 4883/4614/4850 4884/4610/4852 4805/4584/4828 4779/4585/4825
f 4887/4608/4851 4883/4609/4850 4779/4579/4825 4860/4580/4824
f 4883/4609/4850 4781/4601/4844 4806/4602/4843 4884/4613/4852
f 4886/4615/4853 4885/4607/4849 4813/4544/4786 4839/4541/4785
f 4814/4603/4845 4885/4612/4849 4886/4616/4853 4840/4604/4846
f 4812/4617/4854 4796/4526/4770 4761/4525/4769 4793/4618/4855
f 4812/4617/4854 4794/4619/4856 4762/4554/4798 4796/4526/4770
f 4891/4620/4857 4794/4619/4856 4812/4617/4854 4890/4621/4858
f 4798/4622/4859 4766/4623/4860 4768/4533/4779 4799/4534/4778
f 4763/4624/4861 4891/4620/4857 4890/4621/4858 4797/4625/4862
f 4767/4553/4797 4765/4626/4863 4798/4622/4859 4799/4534/4778
f 4894/4627/4864 4895/4628/4865 4763/4624/4861 4797/4625/4862
f 4765/4626/4863 4895/4628/4865 4894/4627/4864 4798/4622/4859
f 4894/4627/4864 4893/4629/4866 4766/4623/4860 4798/4622/4859
f 4826/4630/4867 4827/4537/4781 4768/4533/4779 4766/4623/4860
f 4897/4631/4868 4826/4630/4867 4766/4623/4860 4893/4629/4866
f 4797/4625/4862 4764/4632/4869 4893/4629/4866 4894/4627/4864
f 4826/4630/4867 4831/4633/4870 4830/4530/4775 4827/4537/4781
f 4897/4631/4868 4898/4634/4871 4831/4633/4870 4826/4630/4867
f 4764/4632/4869 4898/4634/4871 4897/4631/4868 4893/4629/4866
f 4831/4633/4870 4829/4635/4872 4828/4529/4773 4830/4530/4775
f 4829/4635/4872 4793/4618/4855 4761/4525/4769 4828/4529/4773
f 4889/4636/4873 4890/4621/4858 4812/4617/4854 4793/4618/4855
f 4899/4637/4874 4829/4635/4872 4831/4633/4870 4898/4634/4871
f 4890/4621/4858 4889/4636/4873 4764/4632/4869 4797/4625/4862
f 4889/4636/4873 4899/4637/4874 4898/4634/4871 4764/4632/4869
f 4899/4637/4874 4889/4636/4873 4793/4618/4855 4829/4635/4872
f 4892/4638/4875 4891/4641/4857 4763/4640/4861 4852/4639/4876
f 4896/4642/4877 4852/4639/4876 4763/4640/4861 4895/4628/4865
f 4892/4638/4875 4853/4644/4878 4794/4643/4856 4891/4641/4857
f 4851/4645/4879 4896/4642/4877 4895/4628/4865 4765/4626/4863
f 4902/4646/4880 4892/4638/4875 4852/4639/4876 4901/4647/4881
f 4896/4642/4877 4903/4648/4882 4901/4647/4881 4852/4639/4876
f 4904/4649/4883 4853/4644/4878 4892/4638/4875 4902/4646/4880
f 4854/4650/4884 4762/4651/4798 4794/4643/4856 4853/4644/4878
f 4909/4652/4885 4854/4650/4884 4853/4644/4878 4904/4649/4883
f 4851/4645/4879 4905/4653/4886 4903/4648/4882 4896/4642/4877
f 4850/4654/4887 4851/4645/4879 4765/4626/4863 4767/4553/4797
f 4855/4655/4888 4759/4656/4799 4762/4651/4798 4854/4650/4884
f 4907/4657/4889 4909/4652/4885 4904/4649/4883 4902/4646/4880
f 4906/4658/4890 4907/4657/4889 4902/4646/4880 4901/4647/4881
f 4903/4648/4882 4908/4659/4891 4906/4658/4890 4901/4647/4881
f 4850/4654/4887 4910/4660/4892 4905/4653/4886 4851/4645/4879
f 4910/4660/4892 4908/4659/4891 4903/4648/4882 4905/4653/4886
f 4849/4661/4893 4850/4654/4887 4767/4553/4797 4772/4552/4796
f 4913/4662/4894 4912/4663/4895 4907/4657/4889 4906/4658/4890
f 4912/4663/4895 4911/4664/4896 4909/4652/4885 4907/4657/4889
f 4911/4664/4896 4855/4655/4888 4854/4650/4884 4909/4652/4885
f 4856/4665/4897 4769/4666/4800 4759/4656/4799 4855/4655/4888
f 4908/4659/4891 4914/4667/4898 4913/4662/4894 4906/4658/4890
f 4910/4660/4892 4915/4668/4899 4914/4667/4898 4908/4659/4891
f 4849/4661/4893 4915/4668/4899 4910/4660/4892 4850/4654/4887
f 4848/4669/4900 4849/4661/4893 4772/4552/4796 4791/4550/4794
f 4857/4670/4901 4773/4671/4801 4769/4666/4800 4856/4665/4897
f 4918/4672/4902 4856/4665/4897 4855/4655/4888 4911/4664/4896
f 4917/4673/4903 4918/4672/4902 4911/4664/4896 4912/4663/4895
f 4916/4674/4904 4917/4673/4903 4912/4663/4895 4913/4662/4894
f 4914/4667/4898 4919/4675/4905 4916/4674/4904 4913/4662/4894
f 4915/4668/4899 4920/4676/4906 4919/4675/4905 4914/4667/4898
f 4848/4669/4900 4920/4676/4906 4915/4668/4899 4849/4661/4893
f 4847/4677/4907 4848/4669/4900 4791/4550/4794 4789/4551/4795
f 4918/4672/4902 4921/4678/4908 4857/4670/4901 4856/4665/4897
f 4858/4679/4909 4775/4680/4827 4773/4671/4801 4857/4670/4901
f 4917/4673/4903 4922/4681/4910 4921/4678/4908 4918/4672/4902
f 4916/4674/4904 4923/4682/4911 4922/4681/4910 4917/4673/4903
f 4919/4675/4905 4924/4683/4912 4923/4682/4911 4916/4674/4904
f 4920/4676/4906 4925/4684/4913 4924/4683/4912 4919/4675/4905
f 4847/4677/4907 4925/4684/4913 4920/4676/4906 4848/4669/4900
f 4845/4685/4914 4847/4677/4907 4789/4551/4795 4787/4562/4807
f 4926/4686/4915 4858/4679/4909 4857/4670/4901 4921/4678/4908
f 4876/4687/4830 4875/4688/4916 4859/4581/4823 4777/4578/4822
f 4875/4688/4916 4876/4687/4830 4775/4680/4827 4858/4679/4909
f 4922/4681/4910 4927/4689/4917 4926/4686/4915 4921/4678/4908
f 4923/4682/4911 4928/4690/4918 4927/4689/4917 4922/4681/4910
f 4924/4683/4912 4929/4691/4919 4928/4690/4918 4923/4682/4911
f 4925/4684/4913 4930/4692/4920 4929/4691/4919 4924/4683/4912
f 4845/4685/4914 4930/4692/4920 4925/4684/4913 4847/4677/4907
f 4846/4577/4821 4869/4693/4921 4870/4564/4808 4785/4559/4805
f 4870/4564/4808 4869/4693/4921 4845/4685/4914 4787/4562/4807
f 4933/4694/4922 4932/4695/4923 4927/4689/4917 4928/4690/4918
f 4932/4695/4923 4931/4696/4924 4926/4686/4915 4927/4689/4917
f 4931/4696/4924 4875/4688/4916 4858/4679/4909 4926/4686/4915
f 4929/4691/4919 4900/4697/4925 4933/4694/4922 4928/4690/4918
f 4934/4698/4926 4900/4697/4925 4929/4691/4919 4930/4692/4920
f 4934/4698/4926 4930/4692/4920 4845/4685/4914 4869/4693/4921
f 4881/4699/4927 4863/4700/4928 4859/4581/4823 4875/4688/4916
f 4937/4701/4929 4881/4699/4927 4875/4688/4916 4931/4696/4924
f 4936/4702/4930 4937/4701/4929 4931/4696/4924 4932/4695/4923
f 4935/4703/4931 4936/4702/4930 4932/4695/4923 4933/4694/4922
f 4900/4697/4925 4938/4704/4932 4935/4703/4931 4933/4694/4922
f 4934/4698/4926 4939/4705/4933 4938/4704/4932 4900/4697/4925
f 4868/4706/4934 4939/4705/4933 4934/4698/4926 4869/4693/4921
f 4868/4706/4934 4869/4693/4921 4846/4577/4821 4867/4707/4935
f 4887/4608/4851 4888/4709/4936 4865/4708/4937 4861/4605/4847
f 4863/4700/4928 4864/4710/4938 4860/4580/4824 4859/4581/4823
f 4942/4711/4939 4941/4712/4940 4936/4702/4930 4935/4703/4931
f 4938/4704/4932 4943/4713/4941 4942/4711/4939 4935/4703/4931
f 4947/4714/4942 4945/4715/4943 4942/4711/4939 4943/4713/4941
f 4939/4705/4933 4944/4716/4944 4943/4713/4941 4938/4704/4932
f 4867/4707/4935 4944/4716/4944 4939/4705/4933 4868/4706/4934
f 4945/4715/4943 4866/4717/4945 4865/4708/4937
f 4866/4717/4945 4862/4576/4820 4861/4605/4847 4865/4708/4937
f 4866/4717/4945 4867/4707/4935 4846/4577/4821 4862/4576/4820
f 4866/4717/4945 4948/4718/4946 4944/4716/4944 4867/4707/4935
f 4948/4718/4946 4866/4717/4945 4945/4715/4943 4947/4714/4942
f 4944/4716/4944 4948/4718/4946 4947/4714/4942 4943/4713/4941
f 4937/4701/4929 4940/4719/4947 4863/4700/4928 4881/4699/4927
f 4941/4712/4940 4940/4719/4947 4937/4701/4929 4936/4702/4930
f 4888/4709/4936 4946/4720/4948 4945/4715/4943 4865/4708/4937
f 4946/4720/4948 4941/4712/4940 4942/4711/4939 4945/4715/4943
f 4864/4710/4938 4888/4709/4936 4887/4608/4851 4860/4580/4824
f 4949/4721/4949 4864/4710/4938 4863/4700/4928 4940/4719/4947
f 4864/4710/4938 4946/4720/4948 4888/4709/4936
f 4864/4710/4938 4949/4721/4949 4946/4720/4948
f 4946/4720/4948 4949/4721/4949 4940/4719/4947 4941/4712/4940
o mixamorig:Teeth_Down_Geo
v 0.004319 1.391297 0.290962
v 0.005142 1.404965 0.300869
v 0.005474 1.411882 0.300933
v -0.001622 1.403552 0.299843
v -0.007020 1.411596 0.299742
v -0.007696 1.405990 0.299098
v -0.008147 1.391890 0.290105
v -0.002278 1.391477 0.290678
v -0.001331 1.407009 0.299619
v 0.003073 1.408254 0.300466
v -0.004988 1.408349 0.299757
v -0.001073 1.412842 0.302526
v -0.000858 1.419229 0.303971
v 0.005889 1.419685 0.303390
v -0.006350 1.420087 0.302105
v 0.000241 1.425888 0.302855
v 0.006135 1.424812 0.303400
v -0.005351 1.425630 0.301886
v -0.010564 1.409473 0.298562
v -0.014250 1.406354 0.297490
v -0.013367 1.409309 0.297211
v -0.019599 1.409226 0.296182
v -0.016916 1.411076 0.296919
v -0.018468 1.414066 0.295618
v -0.022196 1.412751 0.294143
v -0.026154 1.410952 0.291820
v -0.024578 1.413322 0.291993
v -0.026658 1.416743 0.289908
v -0.029852 1.414675 0.288246
v -0.027313 1.418973 0.288396
v -0.030680 1.417585 0.285762
v -0.033389 1.415973 0.282654
v -0.031529 1.418629 0.282274
v -0.032990 1.420823 0.278584
v -0.035111 1.419198 0.277224
v -0.032294 1.423123 0.277141
v -0.034838 1.422184 0.273860
v -0.037856 1.421155 0.270895
v -0.035509 1.423121 0.271473
v -0.039233 1.423845 0.266487
v -0.036328 1.425172 0.269068
v -0.036499 1.427433 0.267216
v -0.037842 1.426290 0.264278
v -0.040617 1.424912 0.261334
v -0.038581 1.426318 0.261707
v -0.040865 1.428362 0.257909
v -0.039113 1.429392 0.259440
v -0.038397 1.431877 0.258059
v -0.040106 1.430466 0.255300
v -0.042310 1.427945 0.250392
v -0.040395 1.430446 0.251545
v -0.040871 1.434101 0.247898
v -0.042612 1.432832 0.246143
v -0.040143 1.435814 0.246683
v -0.043466 1.434667 0.240600
v -0.040436 1.437114 0.240997
v -0.042734 1.414918 0.232059
v -0.042039 1.412326 0.238282
v -0.041385 1.410383 0.244210
v -0.040716 1.408504 0.250359
v -0.040155 1.407168 0.255130
v -0.039409 1.406022 0.259799
v -0.038141 1.403465 0.264917
v -0.036322 1.400678 0.271025
v -0.033829 1.398490 0.276331
v -0.030168 1.397099 0.280191
v -0.025291 1.395069 0.283619
v -0.019867 1.393959 0.286573
v -0.014353 1.392866 0.288795
v -0.013158 1.414474 0.300037
v -0.012643 1.420700 0.301874
v -0.017398 1.421291 0.297623
v -0.011486 1.426589 0.301782
v -0.015961 1.426133 0.297068
v -0.023608 1.416789 0.293388
v -0.022271 1.422920 0.295192
v -0.025200 1.425216 0.290536
v -0.019778 1.429253 0.296563
v -0.021344 1.429642 0.293718
v -0.016463 1.424717 0.296849
v -0.031475 1.422440 0.284091
v -0.029929 1.427823 0.286442
v -0.030568 1.429012 0.279214
v -0.035330 1.426335 0.273016
v -0.033292 1.431820 0.274313
v -0.033344 1.433045 0.269184
v -0.038287 1.429921 0.262761
v -0.035935 1.435446 0.264425
v -0.034828 1.436958 0.259541
v -0.040325 1.434714 0.253025
v -0.038100 1.439279 0.254415
v -0.036481 1.441022 0.248991
v -0.025697 1.430950 0.289871
v -0.026983 1.432471 0.287660
v -0.027007 1.432847 0.284021
v -0.028374 1.433364 0.278495
v -0.029682 1.435882 0.275644
v -0.029981 1.435981 0.271254
v -0.030672 1.436976 0.268254
v -0.031597 1.439506 0.265280
v -0.031142 1.439080 0.259685
v -0.033371 1.441700 0.258521
v -0.032927 1.443995 0.256251
v -0.034710 1.443628 0.250837
v 0.006633 1.424965 0.301417
v 0.000262 1.426520 0.301595
v -0.005096 1.426075 0.301353
v -0.010805 1.427984 0.300275
v -0.014963 1.428061 0.297972
v -0.033929 1.435325 0.240164
v -0.032361 1.432507 0.246052
v -0.028463 1.440709 0.250768
v -0.017864 1.430351 0.294678
v -0.015908 1.427764 0.295640
v -0.019828 1.429157 0.291192
v -0.023119 1.426985 0.289334
v -0.024010 1.431232 0.289547
v -0.024015 1.433088 0.286750
v -0.024856 1.432266 0.282583
v -0.028503 1.429687 0.278984
v -0.023232 1.431630 0.276626
v -0.023216 1.432751 0.272056
v -0.025482 1.434473 0.268483
v -0.027123 1.434522 0.274069
v -0.026538 1.432454 0.277364
v -0.027530 1.435654 0.270075
v -0.029574 1.435036 0.268623
v -0.029333 1.437122 0.264205
v -0.029106 1.438580 0.259153
v -0.025998 1.434780 0.267636
v -0.025523 1.435968 0.266670
v -0.026058 1.435997 0.263031
v -0.027581 1.438008 0.259137
v -0.029084 1.436113 0.267171
v -0.031068 1.440178 0.258376
v -0.030431 1.441801 0.255004
v -0.031500 1.442729 0.250640
v -0.032784 1.440205 0.248630
v -0.035696 1.435024 0.245809
v -0.037145 1.436716 0.240479
v -0.028840 1.439435 0.258235
v -0.028626 1.440327 0.254898
v -0.027006 1.439837 0.257889
v -0.026929 1.439583 0.254703
v -0.015764 1.427015 0.299128
v -0.017428 1.422082 0.299247
v -0.017854 1.414222 0.296826
v -0.017154 1.427361 0.297219
v -0.018726 1.421539 0.296915
v -0.020069 1.415058 0.295648
v 0.005366 1.412214 0.294581
v -0.002043 1.409793 0.293614
v -0.005819 1.413753 0.295314
v -0.011546 1.411882 0.292709
v -0.017212 1.415880 0.292513
v -0.018459 1.414205 0.290107
v -0.021815 1.415395 0.286774
v -0.023398 1.418162 0.285781
v -0.022808 1.416530 0.282321
v -0.023508 1.417217 0.280159
v -0.024099 1.418446 0.278257
v -0.025024 1.420386 0.276279
v -0.027650 1.423312 0.275989
v -0.025644 1.421636 0.271571
v -0.026573 1.423255 0.267450
v -0.029672 1.425712 0.264122
v -0.028707 1.425792 0.261388
v -0.029353 1.427086 0.257998
v -0.031777 1.429592 0.254721
v -0.030690 1.429618 0.252324
v -0.031068 1.430568 0.249691
v -0.025601 1.411369 0.243577
v -0.026038 1.412413 0.239876
v -0.026540 1.414134 0.235502
v -0.027025 1.415478 0.230153
v -0.024753 1.409490 0.249892
v -0.024237 1.408840 0.253211
v -0.023257 1.407322 0.258621
v -0.022595 1.405595 0.262362
v -0.021818 1.404015 0.267429
v -0.021414 1.403107 0.269754
v -0.020994 1.402528 0.271600
v -0.020105 1.401999 0.273972
v -0.017264 1.400810 0.276643
v -0.014062 1.400038 0.277387
v -0.010319 1.399656 0.278045
v -0.006852 1.399364 0.278814
v -0.002818 1.399288 0.279879
v 0.001033 1.398601 0.280097
v 0.004479 1.398485 0.280224
v 0.011702 1.402915 0.299615
v 0.017836 1.410408 0.299316
v 0.017952 1.404763 0.298659
v 0.016749 1.390700 0.289679
v 0.010890 1.390848 0.290453
v 0.011735 1.406384 0.299396
v 0.007501 1.408042 0.300390
v 0.015506 1.407369 0.299407
v 0.012133 1.412211 0.302300
v 0.012579 1.418586 0.303741
v 0.018060 1.418920 0.301687
v 0.012082 1.425322 0.302652
v 0.017588 1.424533 0.301493
v 0.021119 1.407958 0.298020
v 0.024452 1.404503 0.296828
v 0.023846 1.407529 0.296575
v 0.030003 1.406853 0.295334
v 0.027535 1.408951 0.296158
v 0.029320 1.411780 0.294800
v 0.032853 1.410118 0.293201
v 0.036540 1.407954 0.290747
v 0.035204 1.410463 0.290969
v 0.037528 1.413673 0.288809
v 0.040452 1.411313 0.287043
v 0.038341 1.415833 0.287272
v 0.041469 1.414135 0.284527
v 0.043904 1.412277 0.281331
v 0.042294 1.415098 0.281011
v 0.043830 1.417149 0.277270
v 0.045739 1.415331 0.275840
v 0.043308 1.419508 0.275848
v 0.045637 1.418335 0.272483
v 0.048440 1.417028 0.269418
v 0.046313 1.419208 0.270073
v 0.049917 1.419582 0.264961
v 0.047241 1.421175 0.267638
v 0.047564 1.423412 0.265778
v 0.048691 1.422152 0.262797
v 0.051220 1.420520 0.259762
v 0.049340 1.422113 0.260202
v 0.051678 1.423936 0.256325
v 0.050086 1.425126 0.257913
v 0.049563 1.427671 0.256554
v 0.051035 1.426107 0.253740
v 0.052820 1.423396 0.248764
v 0.051192 1.426066 0.249977
v 0.051890 1.429664 0.246311
v 0.053441 1.428239 0.244499
v 0.051288 1.431441 0.245118
v 0.054276 1.429993 0.238927
v 0.051510 1.432717 0.239423
v 0.051372 1.410417 0.230448
v 0.050647 1.407894 0.236696
v 0.050012 1.406011 0.242646
v 0.049378 1.404195 0.248817
v 0.048855 1.402911 0.253607
v 0.048163 1.401834 0.258300
v 0.046832 1.399401 0.263462
v 0.044965 1.396790 0.269634
v 0.042457 1.394842 0.275025
v 0.038815 1.393799 0.279011
v 0.033886 1.392239 0.282607
v 0.028485 1.391646 0.285746
v 0.022971 1.391081 0.288156
v 0.024228 1.412686 0.299397
v 0.024372 1.418930 0.301241
v 0.029013 1.419071 0.296829
v 0.023779 1.424903 0.301178
v 0.028027 1.424029 0.296316
v 0.034618 1.414004 0.292391
v 0.033934 1.420232 0.294230
v 0.036907 1.422246 0.289473
v 0.032105 1.426772 0.295675
v 0.033602 1.427014 0.292778
v 0.028383 1.422572 0.296082
v 0.042665 1.418894 0.282822
v 0.041721 1.424396 0.285215
v 0.042223 1.425531 0.277968
v 0.046495 1.422421 0.271615
v 0.045034 1.428074 0.272972
v 0.045028 1.429297 0.267843
v 0.049428 1.425726 0.261260
v 0.047672 1.431447 0.262994
v 0.046548 1.433066 0.258148
v 0.051580 1.430318 0.251452
v 0.049850 1.435073 0.252910
v 0.048221 1.436971 0.247541
v 0.037926 1.427907 0.288783
v 0.039276 1.429302 0.286526
v 0.039211 1.429679 0.282888
v 0.040431 1.430073 0.277317
v 0.041876 1.432460 0.274419
v 0.042033 1.432537 0.270022
v 0.042713 1.433466 0.266998
v 0.043773 1.435901 0.263991
v 0.043089 1.435530 0.258415
v 0.045517 1.437927 0.257171
v 0.045216 1.440258 0.254913
v 0.046770 1.439731 0.249443
v 0.012079 1.425955 0.301393
v 0.017359 1.425001 0.300969
v 0.023184 1.426359 0.299693
v 0.027249 1.426042 0.297249
v 0.044837 1.431558 0.238816
v 0.043209 1.428893 0.244759
v 0.040275 1.437422 0.249592
v 0.030241 1.428050 0.293854
v 0.028081 1.425660 0.294887
v 0.031962 1.426681 0.290306
v 0.034965 1.424207 0.288340
v 0.036264 1.428349 0.288515
v 0.036350 1.430201 0.285717
v 0.036966 1.429310 0.281525
v 0.040226 1.426400 0.277808
v 0.035087 1.428841 0.275628
v 0.035022 1.429965 0.271059
v 0.037319 1.431470 0.267408
v 0.039147 1.431352 0.272935
v 0.038479 1.429345 0.276251
v 0.039523 1.432447 0.268927
v 0.041448 1.431639 0.267408
v 0.041256 1.433746 0.262997
v 0.040997 1.435228 0.257954
v 0.037832 1.431727 0.266544
v 0.037440 1.432956 0.265593
v 0.037850 1.432941 0.261937
v 0.039425 1.434803 0.257990
v 0.041014 1.432760 0.265972
v 0.043075 1.436632 0.257107
v 0.042481 1.438313 0.253756
v 0.043484 1.439143 0.249356
v 0.044452 1.436511 0.247308
v 0.046759 1.431080 0.244398
v 0.048179 1.432635 0.239019
v 0.040783 1.436105 0.257043
v 0.040541 1.437019 0.253714
v 0.038985 1.436681 0.256760
v 0.038775 1.436441 0.253579
v 0.027985 1.424923 0.298379
v 0.029174 1.419853 0.298449
v 0.028765 1.411992 0.296028
v 0.029336 1.425137 0.296423
v 0.030334 1.419193 0.296075
v 0.031009 1.412615 0.294774
v 0.012504 1.409097 0.293365
v 0.016696 1.412676 0.294928
v 0.022126 1.410272 0.292133
v 0.028137 1.413711 0.291737
v 0.029136 1.411929 0.289293
v 0.032475 1.412798 0.285845
v 0.034280 1.415404 0.284794
v 0.033419 1.413841 0.281359
v 0.034107 1.414461 0.279173
v 0.034748 1.415632 0.277250
v 0.035785 1.417477 0.275238
v 0.038666 1.420141 0.274854
v 0.036361 1.418670 0.270510
v 0.037298 1.420201 0.266357
v 0.040502 1.422356 0.262921
v 0.039457 1.422532 0.260221
v 0.040107 1.423764 0.256809
v 0.042645 1.426033 0.253447
v 0.041485 1.426167 0.251089
v 0.041862 1.427080 0.248443
v 0.034383 1.408500 0.242551
v 0.034790 1.409504 0.238835
v 0.035305 1.411176 0.234443
v 0.035733 1.412476 0.229079
v 0.033575 1.406700 0.248894
v 0.033113 1.406098 0.252229
v 0.032178 1.404671 0.257672
v 0.031482 1.403009 0.261437
v 0.030731 1.401502 0.266530
v 0.030322 1.400633 0.268869
v 0.029913 1.400093 0.270728
v 0.029058 1.399647 0.273131
v 0.026209 1.398730 0.275899
v 0.022976 1.398267 0.276753
v 0.019238 1.398242 0.277540
v 0.015788 1.398281 0.278427
v 0.011803 1.398589 0.279629
v 0.007915 1.398272 0.279980
v 0.005435 1.419586 0.303525
v 0.005616 1.424853 0.303220
v 0.005087 1.425773 0.301278
v 0.006432 1.419597 0.303533
v 0.006746 1.424818 0.303226
v 0.007141 1.425712 0.301579
v 0.007578 1.416992 0.298841
v 0.003969 1.417003 0.298866
v 0.005478 1.413832 0.296858
vn -0.0092 -0.5008 0.8655
vn -0.1198 -0.5192 0.8462
vn -0.1216 -0.5751 0.8090
vn -0.0147 -0.5947 0.8038
vn -0.0406 -0.1872 0.9815
vn -0.1114 -0.1641 0.9801
vn 0.0008 -0.3105 0.9506
vn -0.2298 -0.4747 0.8496
vn -0.1868 -0.2143 0.9587
vn -0.9945 -0.0671 0.0799
vn -0.9910 0.0285 0.1311
vn -0.9913 0.0270 0.1286
vn -0.9920 -0.0740 0.1027
vn -0.9924 -0.0706 0.1006
vn -0.9925 -0.0350 0.1171
vn -0.9887 0.0031 0.1498
vn -0.9909 -0.0664 0.1167
vn -0.9875 -0.0114 0.1573
vn -0.9894 -0.0602 0.1320
vn -0.9704 -0.0069 0.2413
vn -0.9743 -0.0741 0.2127
vn -0.9513 -0.0133 0.3079
vn -0.9561 -0.0692 0.2848
vn -0.4881 -0.3962 0.7777
vn -0.6366 -0.3190 0.7021
vn -0.6280 -0.3759 0.6815
vn -0.4948 -0.4497 0.7436
vn -0.3319 -0.4555 0.8261
vn -0.2594 -0.2094 0.9428
vn -0.2813 -0.1580 0.9465
vn -0.3339 -0.5038 0.7966
vn -0.2316 -0.5343 0.8129
vn -0.9370 -0.0125 0.3490
vn -0.9425 -0.0707 0.3268
vn -0.7643 -0.2622 0.5892
vn -0.7636 -0.1951 0.6155
vn -0.8855 -0.0861 0.4566
vn -0.8840 -0.1413 0.4457
vn -0.2243 -0.2641 0.9381
vn -0.6517 0.1563 0.7422
vn -0.5913 0.1290 0.7960
vn -0.8013 0.2369 0.5493
vn -0.8356 0.2785 0.4735
vn -0.8639 0.3143 0.3936
vn -0.7607 0.0307 0.6484
vn -0.9002 0.0993 0.4241
vn -0.7939 0.3589 0.4909
vn -0.8098 0.3345 0.4821
vn -0.8545 0.2807 0.4372
vn -0.9134 0.1794 0.3655
vn -0.8967 0.1854 0.4019
vn -0.8851 0.2870 0.3665
vn -0.8732 0.3715 0.3155
vn -0.8039 0.4274 0.4135
vn -0.8549 0.3251 0.4043
vn -0.9005 0.2925 0.3217
vn -0.8752 0.3611 0.3218
vn -0.9207 0.3339 0.2022
vn -0.9029 0.3358 0.2682
vn -0.9234 0.2677 0.2750
vn -0.9018 0.3476 0.2567
vn -0.8013 0.5027 0.3242
vn -0.7745 0.5455 0.3201
vn -0.8208 0.4901 0.2934
vn -0.8656 0.2092 0.4549
vn -0.7505 0.1077 0.6521
vn -0.6999 0.5675 0.4337
vn -0.4288 0.2582 0.8657
vn -0.8741 0.3313 0.3553
vn -0.6253 0.7801 -0.0220
vn -0.8365 0.3802 0.3947
vn -0.4409 0.7783 0.4471
vn -0.3008 0.5539 0.7764
vn 0.4682 0.8533 0.2297
vn 0.4726 0.6791 0.5616
vn 0.3140 0.9494 -0.0006
vn -0.4333 0.9009 0.0261
vn -0.8129 0.4542 0.3646
vn -0.0697 0.9643 0.2555
vn -0.3482 0.8769 0.3314
vn -0.2894 0.6390 0.7127
vn 0.4741 0.8601 0.1885
vn 0.4084 0.7986 0.4421
vn -0.1371 0.9376 0.3196
vn -0.3158 0.8780 0.3596
vn -0.4341 0.5593 0.7062
vn -0.6032 0.6779 -0.4202
vn -0.4281 0.8885 -0.1651
vn 0.2153 0.4255 -0.8790
vn 0.4385 0.7103 -0.5507
vn -0.6093 0.7884 -0.0849
vn -0.2765 0.9208 0.2750
vn 0.4426 0.8352 0.3266
vn 0.3568 0.6329 0.6872
vn 0.5466 0.8230 0.1545
vn 0.3082 0.8365 0.4530
vn 0.4514 0.8774 0.1623
vn -0.2729 -0.1156 0.9551
vn -0.1801 -0.1011 0.9784
vn -0.1142 0.2136 0.9702
vn -0.2113 0.2299 0.9500
vn -0.6671 -0.0059 0.7450
vn -0.5912 0.3335 0.7344
vn -0.2928 -0.2743 0.9160
vn -0.6362 -0.2056 0.7436
vn -0.3391 -0.1415 0.9301
vn -0.5267 0.3634 0.7684
vn -0.7488 0.5607 0.3535
vn -0.6843 0.0477 0.7276
vn -0.3966 -0.0678 0.9155
vn -0.8029 0.0476 0.5942
vn 0.9981 0.0618 0.0007
vn -0.1282 0.1657 0.9778
vn -0.7014 -0.0136 0.7126
vn -0.6004 -0.0184 0.7995
vn -0.5576 0.0750 0.8267
vn -0.4620 -0.1322 0.8770
vn 0.1699 0.4942 -0.8526
vn 0.3181 0.4853 -0.8144
vn 0.3345 0.4505 -0.8277
vn 0.7241 0.3607 -0.5879
vn 0.7855 0.2066 -0.5834
vn -0.6515 0.4723 -0.5937
vn 0.6770 0.3350 -0.6553
vn 0.8596 0.4254 -0.2831
vn 0.9684 0.2142 0.1277
vn 0.9484 0.3000 -0.1030
vn 0.8048 0.4053 -0.4337
vn 0.9145 0.3889 -0.1115
vn 0.9445 -0.0791 0.3188
vn 0.9507 0.0972 -0.2945
vn 0.8161 0.2421 -0.5248
vn 0.9782 -0.0835 0.1901
vn 0.9968 0.0503 0.0628
vn 0.9538 0.0543 -0.2956
vn 0.9815 -0.0433 -0.1864
vn 0.9771 -0.1951 0.0854
vn 0.9592 -0.1681 -0.2273
vn 0.8252 0.1349 -0.5485
vn 0.9417 0.3047 -0.1427
vn 0.3256 0.9193 0.2212
vn 0.2937 0.8649 -0.4071
vn 0.9807 0.1454 -0.1308
vn 0.9507 0.3053 -0.0544
vn 0.9421 0.3309 -0.0537
vn 0.8997 0.4364 -0.0055
vn 0.9400 0.3380 -0.0465
vn 0.9401 -0.0588 -0.3359
vn 0.9454 0.2507 -0.2082
vn 0.9737 0.1744 -0.1468
vn 0.9636 0.2031 -0.1736
vn 0.9437 0.2730 -0.1869
vn 0.9593 0.2483 -0.1343
vn 0.8158 0.1443 -0.5600
vn 0.8935 0.3370 -0.2967
vn 0.7306 0.4014 -0.5524
vn 0.9678 0.2347 -0.0905
vn 0.9995 0.0194 0.0247
vn 0.9950 0.0973 -0.0222
vn 0.9682 0.2361 -0.0824
vn 0.9608 0.1599 -0.2266
vn 0.9515 0.2796 -0.1281
vn 0.9788 0.1702 -0.1138
vn 0.9476 0.2957 -0.1211
vn 0.9699 0.1749 -0.1696
vn 0.9558 -0.1515 -0.2520
vn 0.9871 0.1549 -0.0416
vn 0.9562 0.2875 -0.0546
vn 0.9545 0.2895 -0.0717
vn 0.8804 0.3740 -0.2917
vn 0.6951 0.5431 -0.4710
vn 0.4900 0.5403 -0.6841
vn 0.3881 0.6682 -0.6347
vn 0.3799 0.5122 -0.7703
vn 0.3476 0.7154 -0.6061
vn 0.2871 0.6365 -0.7158
vn 0.2392 0.7431 -0.6250
vn 0.1660 0.5358 -0.8279
vn 0.2091 0.7479 -0.6301
vn 0.0937 -0.5854 0.8053
vn 0.0985 -0.5296 0.8425
vn 0.0560 -0.1918 0.9798
vn 0.1286 -0.1756 0.9760
vn 0.2124 -0.4959 0.8420
vn 0.1982 -0.2327 0.9521
vn 0.9857 -0.1618 0.0461
vn 0.9833 -0.1685 0.0689
vn 0.9932 -0.0680 0.0947
vn 0.9931 -0.0664 0.0971
vn 0.9840 -0.1651 0.0668
vn 0.9881 -0.1297 0.0832
vn 0.9890 -0.0915 0.1160
vn 0.9835 -0.1608 0.0829
vn 0.9867 -0.1058 0.1235
vn 0.9831 -0.1546 0.0985
vn 0.9735 -0.0991 0.2061
vn 0.9695 -0.1671 0.1794
vn 0.9557 -0.1045 0.2753
vn 0.9543 -0.1606 0.2521
vn 0.4744 -0.4422 0.7612
vn 0.4747 -0.4961 0.7270
vn 0.6121 -0.4352 0.6602
vn 0.6273 -0.3793 0.6802
vn 0.3149 -0.4864 0.8150
vn 0.2968 -0.1858 0.9367
vn 0.2703 -0.2348 0.9337
vn 0.3113 -0.5347 0.7856
vn 0.2070 -0.5555 0.8053
vn 0.9429 -0.1024 0.3168
vn 0.9421 -0.1608 0.2942
vn 0.7555 -0.3348 0.5631
vn 0.7621 -0.2680 0.5894
vn 0.8811 -0.2257 0.4155
vn 0.8883 -0.1709 0.4263
vn 0.2300 -0.2858 0.9303
vn 0.6886 0.0922 0.7192
vn 0.6278 0.0707 0.7752
vn 0.8741 0.1967 0.4442
vn 0.8385 0.1585 0.5213
vn 0.9029 0.2298 0.3633
vn 0.7818 -0.0430 0.6220
vn 0.9195 0.0123 0.3929
vn 0.8540 0.2549 0.4536
vn 0.8408 0.2808 0.4629
vn 0.8918 0.1972 0.4073
vn 0.9383 0.0909 0.3338
vn 0.9235 0.0983 0.3707
vn 0.9204 0.2007 0.3356
vn 0.9149 0.2859 0.2850
vn 0.8547 0.3481 0.3852
vn 0.8953 0.2414 0.3744
vn 0.9348 0.2047 0.2902
vn 0.9162 0.2754 0.2912
vn 0.9547 0.2442 0.1701
vn 0.9395 0.2477 0.2367
vn 0.9536 0.1779 0.2429
vn 0.9391 0.2595 0.2252
vn 0.8335 0.4686 0.2926
vn 0.8562 0.4234 0.2959
vn 0.8734 0.4090 0.2644
vn 0.8966 0.1249 0.4248
vn 0.7791 0.0345 0.6259
vn 0.7652 0.4975 0.4086
vn 0.4808 0.2147 0.8502
vn 0.9133 0.2458 0.3248
vn 0.6958 0.7169 -0.0446
vn 0.8819 0.2980 0.3653
vn 0.5281 0.7319 0.4305
vn 0.3786 0.5214 0.7647
vn -0.3765 0.8936 0.2442
vn -0.3862 0.7202 0.5763
vn -0.2218 0.9751 0.0086
vn 0.5179 0.8554 0.0099
vn 0.8644 0.3741 0.3359
vn 0.1701 0.9528 0.2514
vn 0.4414 0.8391 0.3179
vn 0.3732 0.6073 0.7014
vn -0.3832 0.9011 0.2032
vn -0.3150 0.8332 0.4545
vn 0.2368 0.9197 0.3132
vn 0.4102 0.8433 0.3472
vn 0.5093 0.5141 0.6901
vn 0.6505 0.6179 -0.4417
vn 0.5050 0.8439 -0.1811
vn -0.2036 0.4456 -0.8718
vn -0.3873 0.7498 -0.5365
vn 0.6785 0.7268 -0.1069
vn 0.3722 0.8898 0.2639
vn -0.3494 0.8730 0.3401
vn -0.2711 0.6629 0.6979
vn -0.4600 0.8711 0.1718
vn -0.2114 0.8614 0.4619
vn -0.3598 0.9162 0.1762
vn 0.2930 -0.1427 0.9454
vn 0.2646 0.2071 0.9419
vn 0.1672 0.2002 0.9654
vn 0.2029 -0.1194 0.9719
vn 0.6885 -0.0708 0.7218
vn 0.6450 0.2743 0.7132
vn 0.2964 -0.3024 0.9059
vn 0.6387 -0.2666 0.7218
vn 0.3556 -0.1747 0.9182
vn 0.5849 0.3103 0.7494
vn 0.7102 -0.0190 0.7038
vn 0.8105 0.4861 0.3269
vn 0.4193 -0.1068 0.9015
vn 0.1768 0.1511 0.9726
vn -0.9870 0.1568 0.0347
vn 0.8236 -0.0302 0.5663
vn 0.7209 -0.0816 0.6883
vn 0.6229 -0.0769 0.7785
vn 0.5901 0.0201 0.8070
vn 0.4770 -0.1771 0.8609
vn -0.2979 0.5148 -0.8039
vn -0.1511 0.5095 -0.8471
vn -0.3180 0.4818 -0.8166
vn -0.7060 0.4291 -0.5634
vn -0.7816 0.2816 -0.5566
vn 0.6730 0.4090 -0.6163
vn -0.6640 0.3991 -0.6323
vn -0.8242 0.5060 -0.2543
vn -0.9386 0.3054 0.1603
vn -0.9184 0.3893 -0.0711
vn -0.7768 0.4809 -0.4066
vn -0.8765 0.4746 -0.0808
vn -0.9363 0.0108 0.3510
vn -0.9466 0.1880 -0.2620
vn -0.8066 0.3197 -0.4972
vn -0.9747 0.0099 0.2235
vn -0.9847 0.1451 0.0967
vn -0.9538 0.1455 -0.2629
vn -0.9870 0.0508 -0.1527
vn -0.9877 -0.1011 0.1190
vn -0.9781 -0.0755 -0.1942
vn -0.8268 0.2139 -0.5202
vn -0.9127 0.3934 -0.1110
vn -0.2287 0.9458 0.2307
vn -0.2235 0.8896 -0.3982
vn -0.9662 0.2385 -0.0974
vn -0.9076 0.4192 -0.0222
vn -0.9185 0.3947 -0.0224
vn -0.8537 0.5203 0.0245
vn -0.9045 0.4262 -0.0149
vn -0.9523 0.0317 -0.3035
vn -0.9237 0.3401 -0.1763
vn -0.9570 0.2667 -0.1138
vn -0.9452 0.2944 -0.1410
vn -0.9191 0.3621 -0.1550
vn -0.9353 0.3388 -0.1020
vn -0.8669 0.4212 -0.2666
vn -0.8170 0.2224 -0.5321
vn -0.7074 0.4702 -0.5278
vn -0.9436 0.3261 -0.0578
vn -0.9917 0.1147 0.0588
vn -0.9814 0.1918 0.0116
vn -0.9435 0.3275 -0.0497
vn -0.9483 0.2512 -0.1939
vn -0.9243 0.3693 -0.0960
vn -0.9615 0.2629 -0.0805
vn -0.9186 0.3850 -0.0892
vn -0.9739 -0.0592 -0.2191
vn -0.9540 0.2669 -0.1367
vn -0.9257 0.3775 -0.0223
vn -0.9686 0.2484 -0.0082
vn -0.9244 0.3793 -0.0397
vn -0.8501 0.4568 -0.2620
vn -0.6558 0.6077 -0.4479
vn -0.4592 0.5857 -0.6679
vn -0.3440 0.7033 -0.6222
vn -0.3554 0.5474 -0.7577
vn -0.2982 0.7463 -0.5951
vn -0.2493 0.6622 -0.7066
vn -0.1884 0.7636 -0.6176
vn -0.1423 0.5505 -0.8226
vn -0.1581 0.7655 -0.6238
vn -0.1802 -0.0490 0.9824
vn -0.0815 0.2953 0.9519
vn 0.1246 0.4889 -0.8634
vn 0.1489 0.2744 0.9500
vn 0.2109 -0.0684 0.9751
vn -0.1160 0.4967 -0.8601
vn -0.2043 0.4988 -0.8423
vn 0.0089 0.2556 0.9667
vn -0.1526 -0.2799 0.9478
vn -0.0084 -0.2746 0.9615
vn 0.1068 -0.1287 0.9859
vn 0.0538 0.2907 0.9553
vn 0.0315 0.4011 0.9155
vn -0.0809 -0.1153 0.9900
vn 0.1567 -0.2948 0.9426
vn -0.0735 0.6994 -0.7110
vn -0.0096 0.7586 -0.6515
vn 0.1778 0.4699 -0.8646
vn 0.1146 0.6891 -0.7156
vn 0.0597 0.7552 -0.6528
vn 0.0237 0.7384 -0.6740
vn 0.0212 0.7145 -0.6993
vn 0.1231 0.3840 -0.9151
vn -0.1283 0.4065 -0.9046
vn 0.0157 0.6293 -0.7770
vn 0.0681 0.4008 -0.9136
vt 0.698933 0.343337
vt 0.694034 0.341939
vt 0.693432 0.330594
vt 0.699037 0.330668
vt 0.697260 0.345673
vt 0.694051 0.344455
vt 0.698872 0.348461
vt 0.689422 0.343451
vt 0.691339 0.345353
vt 0.629763 0.342651
vt 0.635256 0.358485
vt 0.630986 0.359926
vt 0.625031 0.344668
vt 0.634349 0.340756
vt 0.638423 0.354169
vt 0.644379 0.353830
vt 0.639462 0.338856
vt 0.647363 0.351280
vt 0.643863 0.337678
vt 0.651652 0.350896
vt 0.648279 0.337065
vt 0.655508 0.349645
vt 0.653183 0.335797
vt 0.680423 0.345504
vt 0.674588 0.345830
vt 0.673181 0.332460
vt 0.678244 0.332049
vt 0.684473 0.343517
vt 0.687100 0.345977
vt 0.684853 0.345735
vt 0.683166 0.331524
vt 0.688444 0.330898
vt 0.660950 0.349395
vt 0.658766 0.334689
vt 0.668211 0.333447
vt 0.670462 0.347833
vt 0.665528 0.347789
vt 0.663763 0.333904
vt 0.689724 0.347664
vt 0.672714 0.349960
vt 0.675311 0.347794
vt 0.668312 0.349749
vt 0.665590 0.350213
vt 0.662356 0.351341
vt 0.671283 0.351471
vt 0.666430 0.353111
vt 0.658406 0.351563
vt 0.656441 0.351781
vt 0.654197 0.352772
vt 0.661305 0.353244
vt 0.657116 0.354275
vt 0.652547 0.354101
vt 0.650142 0.352981
vt 0.648077 0.352734
vt 0.646000 0.354805
vt 0.648596 0.355127
vt 0.644975 0.356649
vt 0.642485 0.355738
vt 0.639442 0.356215
vt 0.636993 0.359697
vt 0.640632 0.358723
vt 0.649979 0.359063
vt 0.647055 0.360621
vt 0.642024 0.360607
vt 0.667785 0.356881
vt 0.672888 0.356883
vt 0.669060 0.359728
vt 0.670748 0.359650
vt 0.662599 0.359055
vt 0.667185 0.360876
vt 0.657744 0.358335
vt 0.658321 0.361686
vt 0.660694 0.361892
vt 0.658000 0.363314
vt 0.660848 0.363226
vt 0.655482 0.363800
vt 0.655693 0.362032
vt 0.654024 0.358948
vt 0.654319 0.362685
vt 0.651213 0.362721
vt 0.653341 0.362281
vt 0.651876 0.364617
vt 0.653503 0.363638
vt 0.648410 0.363995
vt 0.644359 0.363965
vt 0.646143 0.363588
vt 0.639772 0.364255
vt 0.641513 0.364950
vt 0.639141 0.367139
vt 0.641659 0.366592
vt 0.636082 0.361917
vt 0.631760 0.363270
vt 0.649156 0.365390
vt 0.647510 0.364529
vt 0.645235 0.366227
vt 0.647999 0.365904
vt 0.645855 0.367249
vt 0.685987 0.354459
vt 0.690369 0.354331
vt 0.690886 0.358803
vt 0.686731 0.358211
vt 0.682160 0.355677
vt 0.683695 0.357752
vt 0.685398 0.349968
vt 0.681341 0.349560
vt 0.682234 0.347136
vt 0.678395 0.358298
vt 0.676379 0.359127
vt 0.677040 0.354757
vt 0.680346 0.354876
vt 0.681352 0.355810
vt 0.682256 0.359644
vt 0.680461 0.358974
vt 0.676111 0.350469
vt 0.680559 0.349359
vt 0.677747 0.347813
vt 0.679456 0.349900
vt 0.690984 0.359760
vt 0.686823 0.359337
vt 0.683202 0.360014
vt 0.678314 0.359960
vt 0.680158 0.360229
vt 0.682585 0.359890
vt 0.675819 0.361097
vt 0.673322 0.361278
vt 0.671289 0.360540
vt 0.669483 0.362150
vt 0.667077 0.362426
vt 0.663521 0.362411
vt 0.660952 0.365299
vt 0.658013 0.366233
vt 0.655450 0.365941
vt 0.654590 0.365915
vt 0.653568 0.366460
vt 0.651997 0.367220
vt 0.649651 0.366994
vt 0.648046 0.367044
vt 0.645527 0.368964
vt 0.642571 0.368563
vt 0.636914 0.371592
vt 0.631939 0.366706
vt 0.635236 0.367249
vt 0.641005 0.373934
vt 0.638899 0.389491
vt 0.634896 0.388356
vt 0.632328 0.370364
vt 0.630663 0.388282
vt 0.654314 0.373435
vt 0.665385 0.372194
vt 0.667900 0.373072
vt 0.670122 0.372905
vt 0.670758 0.385826
vt 0.668647 0.386245
vt 0.673649 0.370020
vt 0.672201 0.372254
vt 0.675752 0.371651
vt 0.666125 0.386512
vt 0.663668 0.369573
vt 0.661465 0.373149
vt 0.661561 0.387463
vt 0.657565 0.374169
vt 0.657684 0.388028
vt 0.651995 0.374769
vt 0.652484 0.389161
vt 0.648840 0.374905
vt 0.646476 0.373781
vt 0.643890 0.374777
vt 0.642741 0.390059
vt 0.648850 0.389854
vt 0.673248 0.385199
vt 0.676916 0.385124
vt 0.679805 0.370776
vt 0.680057 0.385637
vt 0.681201 0.368963
vt 0.683606 0.386095
vt 0.685618 0.372165
vt 0.687062 0.386443
vt 0.690185 0.370284
vt 0.691149 0.386329
vt 0.704651 0.330664
vt 0.703860 0.342001
vt 0.700554 0.345696
vt 0.703789 0.344524
vt 0.708464 0.343564
vt 0.706494 0.345448
vt 0.768585 0.344817
vt 0.773231 0.347032
vt 0.766646 0.362029
vt 0.762436 0.360408
vt 0.764077 0.342722
vt 0.759446 0.355955
vt 0.753500 0.355351
vt 0.759033 0.340594
vt 0.750610 0.352664
vt 0.754660 0.339213
vt 0.746325 0.352085
vt 0.750236 0.338396
vt 0.742496 0.350658
vt 0.745336 0.336906
vt 0.717504 0.345723
vt 0.719965 0.332322
vt 0.725109 0.332840
vt 0.723381 0.346168
vt 0.713445 0.343687
vt 0.713017 0.345900
vt 0.710747 0.346120
vt 0.714978 0.331721
vt 0.709661 0.331027
vt 0.737038 0.350178
vt 0.739730 0.335560
vt 0.730151 0.333964
vt 0.727505 0.348274
vt 0.734679 0.334576
vt 0.732479 0.348397
vt 0.708067 0.347775
vt 0.725181 0.350335
vt 0.722613 0.348110
vt 0.732341 0.350816
vt 0.729617 0.350257
vt 0.735552 0.352066
vt 0.726583 0.351883
vt 0.731410 0.353680
vt 0.741486 0.352758
vt 0.739518 0.352451
vt 0.743699 0.353851
vt 0.736551 0.354012
vt 0.740721 0.355227
vt 0.745306 0.355259
vt 0.747758 0.354241
vt 0.749839 0.354092
vt 0.751836 0.356254
vt 0.749225 0.356466
vt 0.752791 0.358146
vt 0.755320 0.357343
vt 0.758346 0.357957
vt 0.760652 0.361546
vt 0.757058 0.360410
vt 0.750562 0.362041
vt 0.747698 0.360355
vt 0.755153 0.362787
vt 0.729940 0.357396
vt 0.724826 0.357243
vt 0.728576 0.360218
vt 0.726886 0.360063
vt 0.735060 0.359773
vt 0.730398 0.361419
vt 0.739950 0.359266
vt 0.739242 0.362592
vt 0.736860 0.362691
vt 0.739498 0.364238
vt 0.736655 0.364019
vt 0.742200 0.364898
vt 0.741856 0.363069
vt 0.743655 0.360065
vt 0.743230 0.363800
vt 0.746344 0.363976
vt 0.744228 0.363439
vt 0.746049 0.365963
vt 0.744033 0.364714
vt 0.749414 0.365354
vt 0.752921 0.365404
vt 0.751064 0.364906
vt 0.758723 0.365570
vt 0.755823 0.366237
vt 0.757728 0.368520
vt 0.755407 0.367658
vt 0.761480 0.363809
vt 0.765741 0.365346
vt 0.748856 0.367006
vt 0.750269 0.366034
vt 0.752125 0.367758
vt 0.749639 0.367426
vt 0.751860 0.368951
vt 0.711688 0.354595
vt 0.710881 0.358335
vt 0.706681 0.358877
vt 0.707271 0.354425
vt 0.715523 0.355853
vt 0.714086 0.359171
vt 0.712382 0.350120
vt 0.716475 0.349762
vt 0.715637 0.347326
vt 0.719270 0.358522
vt 0.720717 0.355021
vt 0.721271 0.359395
vt 0.717398 0.355071
vt 0.717183 0.359168
vt 0.715708 0.359610
vt 0.716359 0.355978
vt 0.721755 0.350761
vt 0.717291 0.349564
vt 0.720154 0.348076
vt 0.718404 0.350121
vt 0.710774 0.359448
vt 0.706566 0.359824
vt 0.715072 0.360725
vt 0.719416 0.360567
vt 0.717466 0.360417
vt 0.715466 0.359674
vt 0.721786 0.361377
vt 0.724270 0.361623
vt 0.726312 0.360941
vt 0.728181 0.362475
vt 0.730456 0.362967
vt 0.734083 0.363568
vt 0.736678 0.366559
vt 0.739132 0.367078
vt 0.742035 0.367078
vt 0.742837 0.367011
vt 0.743872 0.367697
vt 0.745847 0.368463
vt 0.748259 0.368168
vt 0.749804 0.368587
vt 0.751827 0.370476
vt 0.754413 0.370045
vt 0.759851 0.373532
vt 0.765427 0.368792
vt 0.761208 0.369001
vt 0.756071 0.375681
vt 0.761501 0.390339
vt 0.757449 0.391314
vt 0.764886 0.372459
vt 0.765732 0.390448
vt 0.742277 0.374405
vt 0.731806 0.372802
vt 0.729295 0.373585
vt 0.727111 0.373342
vt 0.726067 0.386236
vt 0.728090 0.386723
vt 0.725084 0.372629
vt 0.723710 0.370357
vt 0.721574 0.371938
vt 0.730533 0.387083
vt 0.733607 0.370251
vt 0.735662 0.373917
vt 0.734996 0.388217
vt 0.739501 0.375112
vt 0.738795 0.388955
vt 0.745039 0.375975
vt 0.743904 0.390333
vt 0.750600 0.375416
vt 0.748193 0.376277
vt 0.753575 0.391716
vt 0.753144 0.376417
vt 0.747484 0.391211
vt 0.723669 0.385541
vt 0.720075 0.385379
vt 0.717569 0.370981
vt 0.716990 0.385833
vt 0.716233 0.369152
vt 0.713492 0.386235
vt 0.711771 0.372289
vt 0.710081 0.386540
vt 0.707239 0.370353
vt 0.706037 0.386383
vt 0.694300 0.353964
vt 0.694776 0.358885
vt 0.694716 0.359698
vt 0.702736 0.358927
vt 0.703288 0.354018
vt 0.702793 0.359730
vt 0.699364 0.359943
vt 0.699230 0.358472
vt 0.694165 0.349198
vt 0.698775 0.354649
vt 0.698597 0.354556
vt 0.698358 0.358516
vt 0.698770 0.358522
vt 0.698971 0.354588
vt 0.703559 0.349276
vt 0.704326 0.373531
vt 0.702183 0.386716
vt 0.698030 0.360067
vt 0.693066 0.373487
vt 0.695026 0.386695
vt 0.698610 0.386628
vt 0.698695 0.371643
vt 0.697552 0.366840
vt 0.700027 0.366712
vt 0.698704 0.369535
vt 0.699033 0.360212
s 1
usemtl Skin_MAT
f 4951/4722/4950 4953/4723/4951 4957/4724/4952 4950/4725/4953
f 4959/4726/4954 4958/4727/4955 4953/4723/4951 4951/4722/4950
f 4959/4726/4954 4951/4722/4950 4952/4728/4956
f 4955/4729/4957 4953/4723/4951 4958/4727/4955 4960/4730/4958
f 5007/4731/4959 5002/4732/4960 5004/4733/4961 5006/4734/4962
f 5008/4735/4963 4999/4736/4964 5002/4732/4960 5007/4731/4959
f 4995/4737/4965 4999/4736/4964 5008/4735/4963 5009/4738/4966
f 4993/4739/4967 4995/4737/4965 5009/4738/4966 5010/4740/4968
f 4989/4741/4969 4993/4739/4967 5010/4740/4968 5011/4742/4970
f 4987/4743/4971 4989/4741/4969 5011/4742/4970 5012/4744/4972
f 4971/4745/4973 4975/4746/4974 5016/4747/4975 5017/4748/4976
f 4969/4749/4977 4955/4729/4957 4968/4750/4978 4970/4751/4979
f 4969/4749/4977 4971/4745/4973 5017/4748/4976 5018/4752/4980
f 4957/4724/4952 4953/4723/4951 4955/4729/4957 4956/4753/4981
f 4956/4753/4981 4955/4729/4957 4969/4749/4977 5018/4752/4980
f 4984/4754/4982 4987/4743/4971 5012/4744/4972 5013/4755/4983
f 5015/4756/4984 5016/4747/4975 4975/4746/4974 4978/4757/4985
f 4978/4757/4985 4981/4758/4986 5014/4759/4987 5015/4756/4984
f 5014/4759/4987 4981/4758/4986 4984/4754/4982 5013/4755/4983
f 4954/4760/4988 4955/4729/4957 4960/4730/4958
f 4968/4750/4978 4955/4729/4957 4954/4760/4988
f 4977/4761/4989 4978/4757/4985 4975/4746/4974 4976/4762/4990
f 4981/4758/4986 4978/4757/4985 4980/4763/4991 4982/4764/4992
f 4983/4765/4993 4984/4754/4982 4981/4758/4986 4982/4764/4992
f 4979/4766/4994 4978/4757/4985 4977/4761/4989
f 4980/4763/4991 4978/4757/4985 4979/4766/4994
f 5030/4767/4995 4982/4764/4992 4980/4763/4991 4979/4766/4994
f 4987/4743/4971 4984/4754/4982 4986/4768/4996 4988/4769/4997
f 4990/4770/4998 4989/4741/4969 4987/4743/4971 4988/4769/4997
f 4985/4771/4999 4983/4765/4993 4982/4764/4992 5030/4767/4995
f 4985/4771/4999 4984/4754/4982 4983/4765/4993
f 4986/4768/4996 4984/4754/4982 4985/4771/4999
f 5033/4772/5000 4988/4769/4997 4986/4768/4996 4985/4771/4999
f 4991/4773/5001 4989/4741/4969 4990/4770/4998
f 4992/4774/5002 4989/4741/4969 4991/4773/5001
f 4991/4773/5001 4990/4770/4998 4988/4769/4997 5033/4772/5000
f 4993/4739/4967 4989/4741/4969 4992/4774/5002 4994/4775/5003
f 4996/4776/5004 4995/4737/4965 4993/4739/4967 4994/4775/5003
f 4994/4775/5003 4992/4774/5002 4991/4773/5001 5036/4777/5005
f 4997/4778/5006 4995/4737/4965 4996/4776/5004
f 4998/4779/5007 4995/4737/4965 4997/4778/5006
f 4997/4778/5006 4996/4776/5004 4994/4775/5003 5036/4777/5005
f 4999/4736/4964 4995/4737/4965 4998/4779/5007 5000/4780/5008
f 5001/4781/5009 5002/4732/4960 4999/4736/4964 5000/4780/5008
f 5000/4780/5008 4998/4779/5007 4997/4778/5006 5039/4782/5010
f 4997/4778/5006 5036/4777/5005 5037/4783/5011 5038/4784/5012
f 5040/4785/5013 5039/4782/5010 4997/4778/5006 5038/4784/5012
f 5031/4786/5014 5030/4767/4995 4979/4766/4994 5026/4787/5015
f 5043/4788/5016 5031/4786/5014 5026/4787/5015 5042/4789/5017
f 5032/4790/5018 5031/4786/5014 5043/4788/5016 5044/4791/5019
f 4985/4771/4999 5030/4767/4995 5031/4786/5014 5032/4790/5018
f 5034/4792/5020 5033/4772/5000 4985/4771/4999 5032/4790/5018
f 5046/4793/5021 5034/4792/5020 5032/4790/5018 5045/4794/5022
f 5073/4795/5023 5046/4793/5021 5045/4794/5022 5074/4796/5024
f 5075/4797/5025 5047/4798/5026 5046/4793/5021 5073/4795/5023
f 5035/4799/5027 5034/4792/5020 5046/4793/5021 5047/4798/5026
f 4991/4773/5001 5033/4772/5000 5034/4792/5020 5035/4799/5027
f 5037/4783/5011 5036/4777/5005 4991/4773/5001 5035/4799/5027
f 5035/4799/5027 5047/4798/5026 5075/4797/5025 5076/4800/5028
f 5049/4801/5029 5037/4783/5011 5035/4799/5027 5048/4802/5030
f 5077/4803/5031 5049/4801/5029 5048/4802/5030 5083/4804/5032
f 5048/4802/5030 5035/4799/5027 5076/4800/5028 5083/4804/5032
f 5038/4784/5012 5037/4783/5011 5049/4801/5029 5050/4805/5033
f 5052/4806/5034 5040/4785/5013 5038/4784/5012 5051/4807/5035
f 5041/4808/5036 5040/4785/5013 5052/4806/5034 5053/4809/5037
f 5087/4810/5038 5041/4808/5036 5053/4809/5037 5086/4811/5039
f 5003/4812/5040 5001/4781/5009 5000/4780/5008 5039/4782/5010
f 5003/4812/5040 5039/4782/5010 5040/4785/5013 5041/4808/5036
f 5002/4732/4960 5001/4781/5009 5003/4812/5040
f 5004/4733/4961 5002/4732/4960 5003/4812/5040 5005/4813/5041
f 5050/4805/5033 5049/4801/5029 5077/4803/5031 5078/4814/5042
f 5051/4807/5035 5038/4784/5012 5050/4805/5033 5084/4815/5043
f 5052/4806/5034 5051/4807/5035 5084/4815/5043 5085/4816/5044
f 5086/4811/5039 5053/4809/5037 5052/4806/5034 5085/4816/5044
f 5084/4815/5043 5050/4805/5033 5078/4814/5042 5090/4817/5045
f 5085/4816/5044 5084/4815/5043 5090/4817/5045 5091/4818/5046
f 5020/4819/5047 4964/4820/5048 4967/4821/5049 5022/4822/5050
f 5095/4823/5051 5020/4819/5047 5022/4822/5050 5094/4824/5052
f 5019/4825/5053 4970/4751/4979 4968/4750/4978 4954/4760/4988
f 5019/4825/5053 4954/4760/4988 4964/4820/5048 5020/4819/5047
f 5096/4826/5054 5019/4825/5053 5020/4819/5047 5095/4823/5051
f 4971/4745/4973 4969/4749/4977 4970/4751/4979 4972/4827/5055
f 4972/4827/5055 4970/4751/4979 5019/4825/5053 5096/4826/5054
f 5027/4828/5056 5028/4829/5057 5026/4787/5015 5025/4830/5058
f 5098/4831/5059 5021/4832/5060 5029/4833/5061 5097/4834/5062
f 5098/4831/5059 5097/4834/5062 5027/4828/5056 5025/4830/5058
f 5025/4830/5058 5026/4787/5015 4979/4766/4994 5024/4835/5063
f 4971/4745/4973 4972/4827/5055 4973/4836/5064
f 4973/4836/5064 4972/4827/5055 5096/4826/5054
f 5096/4826/5054 5095/4823/5051 5021/4832/5060 4973/4836/5064
f 4979/4766/4994 4977/4761/4989 4976/4762/4990 5024/4835/5063
f 4976/4762/4990 4975/4746/4974 4971/4745/4973 4974/4837/5065
f 5099/4838/5066 5098/4831/5059 5025/4830/5058 5024/4835/5063
f 4974/4837/5065 4971/4745/4973 4973/4836/5064
f 4974/4837/5065 4973/4836/5064 5099/4838/5066
f 5099/4838/5066 5024/4835/5063 4976/4762/4990 4974/4837/5065
f 5099/4838/5066 4973/4836/5064 5021/4832/5060 5098/4831/5059
f 5022/4822/5050 4967/4821/5049 5056/4839/5067 5057/4840/5068
f 5094/4824/5052 5022/4822/5050 5057/4840/5068 5058/4841/5069
f 5062/4842/5070 5027/4828/5056 5097/4834/5062 5063/4843/5071
f 5023/4844/5072 5021/4832/5060 5095/4823/5051 5094/4824/5052
f 5094/4824/5052 5058/4841/5069 5023/4844/5072
f 5029/4833/5061 5021/4832/5060 5023/4844/5072
f 5063/4843/5071 5097/4834/5062 5029/4833/5061
f 5028/4829/5057 5027/4828/5056 5062/4842/5070 5064/4845/5073
f 5026/4787/5015 5028/4829/5057 5064/4845/5073 5065/4846/5074
f 5042/4789/5017 5026/4787/5015 5065/4846/5074 5066/4847/5075
f 5043/4788/5016 5042/4789/5017 5066/4847/5075 5067/4848/5076
f 5044/4791/5019 5043/4788/5016 5067/4848/5076 5068/4849/5077
f 5032/4790/5018 5044/4791/5019 5068/4849/5077 5069/4850/5078
f 5074/4796/5024 5045/4794/5022 5032/4790/5018 5069/4850/5078
f 5074/4796/5024 5069/4850/5078 5070/4851/5079
f 5073/4795/5023 5074/4796/5024 5070/4851/5079 5071/4852/5080
f 5075/4797/5025 5073/4795/5023 5071/4852/5080 5072/4853/5081
f 5076/4800/5028 5075/4797/5025 5072/4853/5081 5079/4854/5082
f 5083/4804/5032 5076/4800/5028 5079/4854/5082 5080/4855/5083
f 5077/4803/5031 5083/4804/5032 5080/4855/5083 5081/4856/5084
f 5078/4814/5042 5077/4803/5031 5081/4856/5084 5082/4857/5085
f 5090/4817/5045 5078/4814/5042 5082/4857/5085 5092/4858/5086
f 5091/4818/5046 5090/4817/5045 5092/4858/5086 5093/4859/5087
f 5061/4860/5088 5091/4818/5046 5093/4859/5087
f 5061/4860/5088 5086/4811/5039 5085/4816/5044 5091/4818/5046
f 5087/4810/5038 5086/4811/5039 5061/4860/5088 5060/4861/5089
f 5089/4862/5090 5005/4813/5041 5003/4812/5040 5088/4863/5091
f 5088/4863/5091 5003/4812/5040 5041/4808/5036 5087/4810/5038
f 5088/4863/5091 5087/4810/5038 5060/4861/5089
f 5061/4860/5088 5093/4859/5087 5120/4864/5092 5060/4861/5089
f 5060/4861/5089 5120/4864/5092 5122/4865/5093 5123/4866/5094
f 5059/4867/5095 5089/4862/5090 5088/4863/5091 5060/4861/5089
f 5059/4867/5095 5060/4861/5089 5123/4866/5094 5124/4868/5096
f 5079/4854/5082 5072/4853/5081 5115/4869/5097
f 5111/4870/5098 5068/4849/5077 5067/4848/5076 5110/4871/5099
f 5110/4871/5099 5067/4848/5076 5066/4847/5075 5109/4872/5100
f 5131/4873/5101 5130/4874/5102 5110/4871/5099 5109/4872/5100
f 5065/4846/5074 5064/4845/5073 5107/4875/5103 5108/4876/5104
f 5108/4876/5104 5107/4875/5103 5106/4877/5105
f 5109/4872/5100 5066/4847/5075 5065/4846/5074 5108/4876/5104
f 5111/4870/5098 5110/4871/5099 5130/4874/5102 5129/4878/5106
f 5112/4879/5107 5069/4850/5078 5068/4849/5077 5111/4870/5098
f 5113/4880/5108 5112/4879/5107 5111/4870/5098
f 5111/4870/5098 5129/4878/5106 5128/4881/5109 5113/4880/5108
f 5070/4851/5079 5069/4850/5078 5112/4879/5107 5113/4880/5108
f 5072/4853/5081 5071/4852/5080 5114/4882/5110 5115/4869/5097
f 5071/4852/5080 5070/4851/5079 5113/4880/5108 5114/4882/5110
f 5114/4882/5110 5113/4880/5108 5128/4881/5109 5127/4883/5111
f 5116/4884/5112 5115/4869/5097 5114/4882/5110
f 5114/4882/5110 5127/4883/5111 5126/4885/5113 5116/4884/5112
f 5080/4855/5083 5079/4854/5082 5115/4869/5097 5116/4884/5112
f 5082/4857/5085 5081/4856/5084 5117/4886/5114 5118/4887/5115
f 5122/4865/5093 5120/4864/5092 5119/4888/5116 5121/4889/5117
f 5081/4856/5084 5080/4855/5083 5116/4884/5112 5117/4886/5114
f 5117/4886/5114 5116/4884/5112 5126/4885/5113 5125/4890/5118
f 5119/4888/5116 5118/4887/5115 5117/4886/5114
f 5117/4886/5114 5125/4890/5118 5121/4889/5117 5119/4888/5116
f 5092/4858/5086 5082/4857/5085 5118/4887/5115 5119/4888/5116
f 5120/4864/5092 5093/4859/5087 5092/4858/5086 5119/4888/5116
f 5107/4875/5103 5064/4845/5073 5062/4842/5070 5106/4877/5105
f 5132/4891/5119 5131/4873/5101 5109/4872/5100 5108/4876/5104
f 5132/4891/5119 5108/4876/5104 5106/4877/5105 5133/4892/5120
f 5106/4877/5105 5062/4842/5070 5063/4843/5071 5105/4893/5121
f 5105/4893/5121 5063/4843/5071 5029/4833/5061
f 5134/4894/5122 5133/4892/5120 5106/4877/5105 5105/4893/5121
f 5104/4895/5123 5105/4893/5121 5029/4833/5061 5023/4844/5072
f 5023/4844/5072 5058/4841/5069 5104/4895/5123
f 5135/4896/5124 5134/4894/5122 5105/4893/5121 5104/4895/5123
f 5104/4895/5123 5058/4841/5069 5057/4840/5068 5103/4897/5125
f 5136/4898/5126 5135/4896/5124 5104/4895/5123 5103/4897/5125
f 5103/4897/5125 5057/4840/5068 5056/4839/5067 5102/4899/5127
f 5137/4900/5128 5136/4898/5126 5103/4897/5125 5102/4899/5127
f 4951/4722/4950 4950/4725/4953 5144/4901/5129 5140/4902/5130
f 5146/4903/5131 4951/4722/4950 5140/4902/5130 5145/4904/5132
f 5146/4903/5131 4952/4728/4956 4951/4722/4950
f 5142/4905/5133 5147/4906/5134 5145/4904/5132 5140/4902/5130
f 5192/4907/5135 5191/4908/5136 5189/4909/5137 5187/4910/5138
f 5193/4911/5139 5192/4907/5135 5187/4910/5138 5184/4912/5140
f 5180/4913/5141 5194/4914/5142 5193/4911/5139 5184/4912/5140
f 5178/4915/5143 5195/4916/5144 5194/4914/5142 5180/4913/5141
f 5174/4917/5145 5196/4918/5146 5195/4916/5144 5178/4915/5143
f 5172/4919/5147 5197/4920/5148 5196/4918/5146 5174/4917/5145
f 5156/4921/5149 5202/4922/5150 5201/4923/5151 5160/4924/5152
f 5154/4925/5153 5155/4926/5154 5153/4927/5155 5142/4905/5133
f 5154/4925/5153 5203/4928/5156 5202/4922/5150 5156/4921/5149
f 5144/4901/5129 5143/4929/5157 5142/4905/5133 5140/4902/5130
f 5143/4929/5157 5203/4928/5156 5154/4925/5153 5142/4905/5133
f 5169/4930/5158 5198/4931/5159 5197/4920/5148 5172/4919/5147
f 5200/4932/5160 5163/4933/5161 5160/4924/5152 5201/4923/5151
f 5163/4933/5161 5200/4932/5160 5199/4934/5162 5166/4935/5163
f 5199/4934/5162 5198/4931/5159 5169/4930/5158 5166/4935/5163
f 5141/4936/5164 5147/4906/5134 5142/4905/5133
f 5153/4927/5155 5141/4936/5164 5142/4905/5133
f 5162/4937/5165 5161/4938/5166 5160/4924/5152 5163/4933/5161
f 5166/4935/5163 5167/4939/5167 5165/4940/5168 5163/4933/5161
f 5168/4941/5169 5167/4939/5167 5166/4935/5163 5169/4930/5158
f 5164/4942/5170 5162/4937/5165 5163/4933/5161
f 5165/4940/5168 5164/4942/5170 5163/4933/5161
f 5215/4943/5171 5164/4942/5170 5165/4940/5168 5167/4939/5167
f 5172/4919/5147 5173/4944/5172 5171/4945/5173 5169/4930/5158
f 5175/4946/5174 5173/4944/5172 5172/4919/5147 5174/4917/5145
f 5170/4947/5175 5215/4943/5171 5167/4939/5167 5168/4941/5169
f 5170/4947/5175 5168/4941/5169 5169/4930/5158
f 5171/4945/5173 5170/4947/5175 5169/4930/5158
f 5218/4948/5176 5170/4947/5175 5171/4945/5173 5173/4944/5172
f 5176/4949/5177 5175/4946/5174 5174/4917/5145
f 5177/4950/5178 5176/4949/5177 5174/4917/5145
f 5176/4949/5177 5218/4948/5176 5173/4944/5172 5175/4946/5174
f 5178/4915/5143 5179/4951/5179 5177/4950/5178 5174/4917/5145
f 5181/4952/5180 5179/4951/5179 5178/4915/5143 5180/4913/5141
f 5179/4951/5179 5221/4953/5181 5176/4949/5177 5177/4950/5178
f 5182/4954/5182 5181/4952/5180 5180/4913/5141
f 5183/4955/5183 5182/4954/5182 5180/4913/5141
f 5182/4954/5182 5221/4953/5181 5179/4951/5179 5181/4952/5180
f 5184/4912/5140 5185/4956/5184 5183/4955/5183 5180/4913/5141
f 5186/4957/5185 5185/4956/5184 5184/4912/5140 5187/4910/5138
f 5185/4956/5184 5224/4958/5186 5182/4954/5182 5183/4955/5183
f 5182/4954/5182 5223/4959/5187 5222/4960/5188 5221/4953/5181
f 5225/4961/5189 5223/4959/5187 5182/4954/5182 5224/4958/5186
f 5216/4962/5190 5211/4963/5191 5164/4942/5170 5215/4943/5171
f 5228/4964/5192 5227/4965/5193 5211/4963/5191 5216/4962/5190
f 5217/4966/5194 5229/4967/5195 5228/4964/5192 5216/4962/5190
f 5170/4947/5175 5217/4966/5194 5216/4962/5190 5215/4943/5171
f 5219/4968/5196 5217/4966/5194 5170/4947/5175 5218/4948/5176
f 5231/4969/5197 5230/4970/5198 5217/4966/5194 5219/4968/5196
f 5257/4971/5199 5258/4972/5200 5230/4970/5198 5231/4969/5197
f 5259/4973/5201 5257/4971/5199 5231/4969/5197 5232/4974/5202
f 5220/4975/5203 5232/4974/5202 5231/4969/5197 5219/4968/5196
f 5176/4949/5177 5220/4975/5203 5219/4968/5196 5218/4948/5176
f 5222/4960/5188 5220/4975/5203 5176/4949/5177 5221/4953/5181
f 5220/4975/5203 5260/4976/5204 5259/4973/5201 5232/4974/5202
f 5234/4977/5205 5233/4978/5206 5220/4975/5203 5222/4960/5188
f 5261/4979/5207 5267/4980/5208 5233/4978/5206 5234/4977/5205
f 5233/4978/5206 5267/4980/5208 5260/4976/5204 5220/4975/5203
f 5223/4959/5187 5235/4981/5209 5234/4977/5205 5222/4960/5188
f 5237/4982/5210 5236/4983/5211 5223/4959/5187 5225/4961/5189
f 5226/4984/5212 5238/4985/5213 5237/4982/5210 5225/4961/5189
f 5271/4986/5214 5270/4987/5215 5238/4985/5213 5226/4984/5212
f 5188/4988/5216 5224/4958/5186 5185/4956/5184 5186/4957/5185
f 5188/4988/5216 5226/4984/5212 5225/4961/5189 5224/4958/5186
f 5187/4910/5138 5188/4988/5216 5186/4957/5185
f 5189/4909/5137 5190/4989/5217 5188/4988/5216 5187/4910/5138
f 5235/4981/5209 5262/4990/5218 5261/4979/5207 5234/4977/5205
f 5236/4983/5211 5268/4991/5219 5235/4981/5209 5223/4959/5187
f 5237/4982/5210 5269/4992/5220 5268/4991/5219 5236/4983/5211
f 5270/4987/5215 5269/4992/5220 5237/4982/5210 5238/4985/5213
f 5268/4991/5219 5274/4993/5221 5262/4990/5218 5235/4981/5209
f 5269/4992/5220 5275/4994/5222 5274/4993/5221 5268/4991/5219
f 5205/4995/5223 5207/4996/5224 5152/4997/5225 5150/4998/5226
f 5279/4999/5227 5278/5000/5228 5207/4996/5224 5205/4995/5223
f 5204/5001/5229 5141/4936/5164 5153/4927/5155 5155/4926/5154
f 5204/5001/5229 5205/4995/5223 5150/4998/5226 5141/4936/5164
f 5280/5002/5230 5279/4999/5227 5205/4995/5223 5204/5001/5229
f 5156/4921/5149 5157/5003/5231 5155/4926/5154 5154/4925/5153
f 5157/5003/5231 5280/5002/5230 5204/5001/5229 5155/4926/5154
f 5212/5004/5232 5210/5005/5233 5211/4963/5191 5213/5006/5234
f 5282/5007/5235 5281/5008/5236 5214/5009/5237 5206/5010/5238
f 5282/5007/5235 5210/5005/5233 5212/5004/5232 5281/5008/5236
f 5210/5005/5233 5209/5011/5239 5164/4942/5170 5211/4963/5191
f 5156/4921/5149 5158/5012/5240 5157/5003/5231
f 5158/5012/5240 5280/5002/5230 5157/5003/5231
f 5280/5002/5230 5158/5012/5240 5206/5010/5238 5279/4999/5227
f 5164/4942/5170 5209/5011/5239 5161/4938/5166 5162/4937/5165
f 5161/4938/5166 5159/5013/5241 5156/4921/5149 5160/4924/5152
f 5283/5014/5242 5209/5011/5239 5210/5005/5233 5282/5007/5235
f 5159/5013/5241 5158/5012/5240 5156/4921/5149
f 5159/5013/5241 5283/5014/5242 5158/5012/5240
f 5283/5014/5242 5159/5013/5241 5161/4938/5166 5209/5011/5239
f 5283/5014/5242 5282/5007/5235 5206/5010/5238 5158/5012/5240
f 5207/4996/5224 5241/5015/5243 5240/5016/5244 5152/4997/5225
f 5278/5000/5228 5242/5017/5245 5241/5015/5243 5207/4996/5224
f 5246/5018/5246 5247/5019/5247 5281/5008/5236 5212/5004/5232
f 5208/5020/5248 5278/5000/5228 5279/4999/5227 5206/5010/5238
f 5278/5000/5228 5208/5020/5248 5242/5017/5245
f 5214/5009/5237 5208/5020/5248 5206/5010/5238
f 5247/5019/5247 5214/5009/5237 5281/5008/5236
f 5213/5006/5234 5248/5021/5249 5246/5018/5246 5212/5004/5232
f 5211/4963/5191 5249/5022/5250 5248/5021/5249 5213/5006/5234
f 5227/4965/5193 5250/5023/5251 5249/5022/5250 5211/4963/5191
f 5228/4964/5192 5251/5024/5252 5250/5023/5251 5227/4965/5193
f 5229/4967/5195 5252/5025/5253 5251/5024/5252 5228/4964/5192
f 5217/4966/5194 5253/5026/5254 5252/5025/5253 5229/4967/5195
f 5258/4972/5200 5253/5026/5254 5217/4966/5194 5230/4970/5198
f 5258/4972/5200 5254/5027/5255 5253/5026/5254
f 5257/4971/5199 5255/5028/5256 5254/5027/5255 5258/4972/5200
f 5259/4973/5201 5256/5029/5257 5255/5028/5256 5257/4971/5199
f 5260/4976/5204 5263/5030/5258 5256/5029/5257 5259/4973/5201
f 5267/4980/5208 5264/5031/5259 5263/5030/5258 5260/4976/5204
f 5261/4979/5207 5265/5032/5260 5264/5031/5259 5267/4980/5208
f 5262/4990/5218 5266/5033/5261 5265/5032/5260 5261/4979/5207
f 5274/4993/5221 5276/5034/5262 5266/5033/5261 5262/4990/5218
f 5275/4994/5222 5277/5035/5263 5276/5034/5262 5274/4993/5221
f 5245/5036/5264 5277/5035/5263 5275/4994/5222
f 5245/5036/5264 5275/4994/5222 5269/4992/5220 5270/4987/5215
f 5271/4986/5214 5244/5037/5265 5245/5036/5264 5270/4987/5215
f 5273/5038/5266 5272/5039/5267 5188/4988/5216 5190/4989/5217
f 5272/5039/5267 5271/4986/5214 5226/4984/5212 5188/4988/5216
f 5272/5039/5267 5244/5037/5265 5271/4986/5214
f 5245/5036/5264 5244/5037/5265 5303/5040/5268 5277/5035/5263
f 5244/5037/5265 5306/5041/5269 5305/5042/5270 5303/5040/5268
f 5243/5043/5271 5244/5037/5265 5272/5039/5267 5273/5038/5266
f 5243/5043/5271 5307/5044/5272 5306/5041/5269 5244/5037/5265
f 5263/5030/5258 5298/5045/5273 5256/5029/5257
f 5294/5046/5274 5293/5047/5275 5251/5024/5252 5252/5025/5253
f 5293/5047/5275 5292/5048/5276 5250/5023/5251 5251/5024/5252
f 5314/5049/5277 5292/5048/5276 5293/5047/5275 5313/5050/5278
f 5249/5022/5250 5291/5051/5279 5290/5052/5280 5248/5021/5249
f 5291/5051/5279 5289/5053/5281 5290/5052/5280
f 5292/5048/5276 5291/5051/5279 5249/5022/5250 5250/5023/5251
f 5294/5046/5274 5312/5054/5282 5313/5050/5278 5293/5047/5275
f 5295/5055/5283 5294/5046/5274 5252/5025/5253 5253/5026/5254
f 5296/5056/5284 5294/5046/5274 5295/5055/5283
f 5294/5046/5274 5296/5056/5284 5311/5057/5285 5312/5054/5282
f 5254/5027/5255 5296/5056/5284 5295/5055/5283 5253/5026/5254
f 5256/5029/5257 5298/5045/5273 5297/5058/5286 5255/5028/5256
f 5255/5028/5256 5297/5058/5286 5296/5056/5284 5254/5027/5255
f 5297/5058/5286 5310/5059/5287 5311/5057/5285 5296/5056/5284
f 5299/5060/5288 5297/5058/5286 5298/5045/5273
f 5297/5058/5286 5299/5060/5288 5309/5061/5289 5310/5059/5287
f 5264/5031/5259 5299/5060/5288 5298/5045/5273 5263/5030/5258
f 5266/5033/5261 5301/5062/5290 5300/5063/5291 5265/5032/5260
f 5305/5042/5270 5304/5064/5292 5302/5065/5293 5303/5040/5268
f 5265/5032/5260 5300/5063/5291 5299/5060/5288 5264/5031/5259
f 5300/5063/5291 5308/5066/5294 5309/5061/5289 5299/5060/5288
f 5302/5065/5293 5300/5063/5291 5301/5062/5290
f 5300/5063/5291 5302/5065/5293 5304/5064/5292 5308/5066/5294
f 5276/5034/5262 5302/5065/5293 5301/5062/5290 5266/5033/5261
f 5303/5040/5268 5302/5065/5293 5276/5034/5262 5277/5035/5263
f 5290/5052/5280 5289/5053/5281 5246/5018/5246 5248/5021/5249
f 5315/5067/5295 5291/5051/5279 5292/5048/5276 5314/5049/5277
f 5315/5067/5295 5316/5068/5296 5289/5053/5281 5291/5051/5279
f 5289/5053/5281 5288/5069/5297 5247/5019/5247 5246/5018/5246
f 5288/5069/5297 5214/5009/5237 5247/5019/5247
f 5317/5070/5298 5288/5069/5297 5289/5053/5281 5316/5068/5296
f 5287/5071/5299 5208/5020/5248 5214/5009/5237 5288/5069/5297
f 5208/5020/5248 5287/5071/5299 5242/5017/5245
f 5318/5072/5300 5287/5071/5299 5288/5069/5297 5317/5070/5298
f 5287/5071/5299 5286/5073/5301 5241/5015/5243 5242/5017/5245
f 5319/5074/5302 5286/5073/5301 5287/5071/5299 5318/5072/5300
f 5286/5073/5301 5285/5075/5303 5240/5016/5244 5241/5015/5243
f 5320/5076/5304 5285/5075/5303 5286/5073/5301 5319/5074/5302
f 4967/4821/5049 4964/4820/5048 4962/5077/5305 4965/5078/5306
f 5056/4839/5067 4967/4821/5049 4965/5078/5306 5055/5079/5307
f 5151/5080/5308 5149/5081/5309 5150/4998/5226 5152/4997/5225
f 5239/5082/5310 5327/5083/5311 5326/5084/5312 5151/5080/5308
f 5239/5082/5310 5151/5080/5308 5152/4997/5225 5240/5016/5244
f 4961/5085/5313 4958/4727/4955 4959/4726/4954 4952/4728/4956
f 4954/4760/4988 4960/4730/4958 4958/4727/4955 4961/5085/5313
f 4961/5085/5313 4952/4728/4956 4963/5086/5314 5322/5087/5315
f 5322/5087/5315 4962/5077/5305 4961/5085/5313
f 4961/5085/5313 4962/5077/5305 4964/4820/5048 4954/4760/4988
f 5323/5088/5316 4965/5078/5306 4962/5077/5305 5322/5087/5315
f 5322/5087/5315 4963/5086/5314 4966/5089/5317 5323/5088/5316
f 5325/5090/5318 4963/5086/5314 4952/4728/4956 5148/5091/5319
f 5148/5091/5319 4952/4728/4956 5146/4903/5131 5145/4904/5132
f 5148/5091/5319 5145/4904/5132 5147/4906/5134 5141/4936/5164
f 5148/5091/5319 5149/5081/5309 5325/5090/5318
f 5141/4936/5164 5150/4998/5226 5149/5081/5309 5148/5091/5319
f 5325/5090/5318 5149/5081/5309 5151/5080/5308 5326/5084/5312
f 5326/5084/5312 4966/5089/5317 4963/5086/5314 5325/5090/5318
f 5284/5092/5320 5285/5075/5303 5320/5076/5304 5321/5093/5321
f 5239/5082/5310 5240/5016/5244 5285/5075/5303 5284/5092/5320
f 5324/5094/5322 5055/5079/5307 4965/5078/5306 5323/5088/5316
f 5102/4899/5127 5056/4839/5067 5055/5079/5307 5101/5095/5323
f 5138/5096/5324 5137/4900/5128 5102/4899/5127 5101/5095/5323
f 5139/5097/5325 5138/5096/5324 5101/5095/5323 5100/5098/5326
f 5284/5092/5320 5321/5093/5321 5139/5097/5325 5100/5098/5326
f 5101/5095/5323 5055/5079/5307 5324/5094/5322 5329/5099/5327
f 5328/5100/5328 5327/5083/5311 5239/5082/5310 5284/5092/5320
f 5330/5101/5329 5100/5098/5326 5101/5095/5323 5329/5099/5327
f 5324/5094/5322 5323/5088/5316 4966/5089/5317 5054/5102/5330
f 5054/5102/5330 4966/5089/5317 5326/5084/5312 5327/5083/5311
f 5330/5101/5329 5329/5099/5327 5324/5094/5322 5054/5102/5330
f 5054/5102/5330 5327/5083/5311 5328/5100/5328 5330/5101/5329
f 5328/5100/5328 5284/5092/5320 5100/5098/5326 5330/5101/5329
