# Blender 5.0.1
# www.blender.org
mtllib winne.mtl
o ZKTZ8JJ04L23O7INOI4BZ3XY9
v 0.088215 0.326524 -0.200705
v 0.149374 0.325136 -0.149020
v 0.103156 0.405677 -0.257194
v 0.184918 0.392454 -0.185697
v 0.196456 0.370826 -0.206299
v 0.253049 0.355846 -0.091130
v 0.227592 0.322758 -0.082818
v 0.265913 0.337490 0.005473
v 0.233355 0.303224 0.003293
v 0.244273 0.309156 0.111632
v 0.210353 0.274226 0.093440
v 0.143960 0.277318 0.178668
v 0.119757 0.239978 0.150212
v 0.097264 0.268365 0.201059
v 0.000000 0.223513 0.184561
v 0.000000 0.260380 0.215398
v -0.097263 0.268365 0.201059
v -0.090654 0.287367 0.183745
v -0.135697 0.300537 0.164599
v -0.117630 0.248659 0.115445
v -0.232292 0.332727 0.099343
v -0.189330 0.293123 0.068118
v -0.249801 0.359004 0.006965
v -0.195801 0.312704 0.005294
v -0.236499 0.377570 -0.084399
v -0.181379 0.322339 -0.081010
v -0.184918 0.392454 -0.185697
v -0.149373 0.325136 -0.149020
v -0.103156 0.405677 -0.257194
v -0.088215 0.326524 -0.200705
v 0.000000 0.409898 -0.280270
v 0.000000 0.323695 -0.222109
v 0.088215 0.326524 -0.200705
v -0.120761 0.219342 0.150631
v 0.000000 0.199106 0.192040
v 0.000000 0.199105 0.206100
v 0.120760 0.219342 0.150631
v 0.130801 0.217230 0.168330
v 0.197879 0.246487 0.086680
v 0.226488 0.261998 0.032107
v 0.217920 0.295520 -0.051425
v 0.179441 0.287643 -0.207226
v 0.185741 0.308219 -0.220424
v 0.106870 0.293945 -0.253906
v 0.110528 0.321124 -0.273643
v 0.000000 0.299428 -0.274686
v 0.000000 0.325036 -0.293222
v -0.110528 0.321124 -0.273643
v -0.101566 0.348382 -0.251156
v -0.185742 0.308219 -0.220424
v -0.175804 0.337058 -0.195957
v -0.227592 0.322758 -0.082818
v -0.196456 0.370826 -0.206299
v -0.253049 0.355846 -0.091130
v 0.088303 0.115798 0.205283
v 0.174876 0.078376 0.162784
v 0.174164 0.048047 0.247652
v 0.220983 0.015314 0.201443
v 0.238598 0.033448 0.207485
v 0.258227 -0.013034 0.144841
v 0.275155 0.004717 0.150647
v 0.295751 -0.006091 0.094499
v 0.255768 0.113377 0.063917
v 0.320295 -0.003602 -0.030808
v 0.267295 0.102341 -0.051425
v 0.299256 0.010172 -0.148411
v 0.251242 0.106226 -0.155317
v 0.241771 0.040552 -0.269284
v 0.199685 0.181068 -0.228636
v 0.108705 0.181068 -0.280489
v 0.107787 0.261709 -0.247792
v 0.000000 0.264451 -0.270760
v 0.000000 0.299428 -0.274686
v -0.107787 0.261709 -0.247792
v -0.106870 0.293945 -0.253906
v -0.183421 0.256427 -0.204457
v -0.179441 0.287643 -0.207226
v -0.217602 0.261998 -0.134956
v -0.217921 0.295520 -0.051425
v 0.376568 0.116893 -0.051028
v 0.310246 0.152025 0.027388
v 0.267295 0.102341 -0.051425
v 0.244332 0.192185 0.050305
v 0.272823 0.220037 0.054692
v 0.226488 0.261998 0.032107
v 0.207771 0.245426 0.032107
v 0.217920 0.295520 -0.051425
v 0.170851 0.234711 -0.051425
v 0.217602 0.261998 -0.134957
v 0.207771 0.245426 -0.134957
v 0.235446 0.192185 -0.153155
v 0.271419 0.220037 -0.156554
v 0.310256 0.152023 -0.129445
v 0.376568 0.220037 -0.167100
v 0.376568 0.147104 -0.133103
v 0.429238 0.131372 -0.150806
v 0.429238 0.094645 -0.051028
v 0.447568 0.146147 -0.134180
v 0.447568 0.115540 -0.051028
v 0.399643 0.158337 -0.122060
v 0.399643 0.132780 -0.051028
v -0.376568 0.116893 -0.051028
v -0.267295 0.102341 -0.051425
v -0.310246 0.152025 0.027388
v -0.244332 0.192185 0.050306
v -0.272822 0.220037 0.054692
v -0.226489 0.261998 0.032107
v -0.207771 0.245426 0.032107
v -0.217921 0.295520 -0.051425
v -0.170851 0.234711 -0.051425
v -0.217602 0.261998 -0.134956
v -0.207771 0.245426 -0.134956
v -0.235446 0.192185 -0.153155
v -0.271419 0.220037 -0.156554
v -0.310256 0.152023 -0.129445
v -0.376568 0.220037 -0.167100
v -0.376568 0.147103 -0.133103
v -0.429238 0.131371 -0.150807
v -0.429238 0.094645 -0.051028
v -0.447568 0.146147 -0.134179
v -0.447568 0.115540 -0.051028
v -0.399643 0.158337 -0.122060
v -0.399643 0.132780 -0.051028
v 0.197879 0.246487 0.086680
v 0.120760 0.219342 0.150631
v 0.204737 0.162343 0.142822
v 0.104664 0.153023 0.206493
v 0.185111 0.068872 0.258380
v 0.107193 0.095705 0.287197
v 0.100218 0.073403 0.275234
v 0.000000 0.084949 0.291691
v 0.000000 0.129110 0.212815
v -0.100218 0.073403 0.275234
v -0.088303 0.115797 0.205283
v -0.174164 0.048047 0.247652
v -0.174876 0.078375 0.162784
v -0.220983 0.015314 0.201443
v -0.258227 -0.013034 0.144841
v -0.238598 0.033448 0.207485
v -0.275155 0.004717 0.150647
v -0.204737 0.162343 0.142822
v -0.255768 0.113376 0.063917
v -0.244332 0.192185 0.050306
v -0.267295 0.102341 -0.051425
v 0.247887 0.036434 0.080989
v 0.271944 0.018254 -0.030808
v 0.303063 -0.020450 -0.030808
v 0.280936 -0.007480 -0.145475
v 0.226010 0.020432 -0.258487
v 0.121800 0.048004 -0.318361
v 0.130234 0.070774 -0.334769
v 0.000000 0.062310 -0.355335
v 0.000000 0.086535 -0.375072
v -0.130234 0.070774 -0.334769
v -0.108705 0.181068 -0.280489
v -0.241771 0.040552 -0.269284
v -0.199685 0.181068 -0.228636
v -0.251242 0.106226 -0.155317
v -0.235446 0.192185 -0.153155
v 0.198326 0.266234 -0.051028
v 0.257532 0.281564 0.022232
v 0.257532 0.307049 -0.051028
v 0.376568 0.292972 0.031047
v 0.376568 0.323182 -0.051028
v 0.429238 0.345430 -0.051028
v 0.376568 0.292972 -0.133103
v 0.429238 0.308704 -0.150806
v 0.429238 0.220037 -0.192136
v 0.447568 0.220038 -0.168622
v 0.399643 0.220037 -0.150820
v -0.198326 0.266234 -0.051028
v -0.257532 0.281564 -0.124288
v -0.257532 0.307049 -0.051028
v -0.376568 0.292972 -0.133103
v -0.376568 0.323182 -0.051028
v -0.429238 0.345430 -0.051028
v -0.376568 0.292972 0.031047
v -0.429238 0.308704 0.048750
v -0.376568 0.220037 0.065043
v -0.429238 0.220037 0.090080
v -0.429238 0.131371 0.048750
v -0.447568 0.220037 0.066566
v -0.447568 0.146147 0.032124
v -0.399643 0.220037 0.047165
v -0.399643 0.158337 0.018405
v -0.130801 0.217230 0.168330
v 0.000000 0.221423 0.206100
v -0.130801 0.237330 0.168330
v -0.119757 0.239977 0.150212
v -0.143960 0.277318 0.178668
v -0.244273 0.309156 0.111633
v -0.265913 0.337490 0.005473
v 0.376568 0.147104 0.031047
v 0.376568 0.220037 0.065043
v 0.429238 0.131372 0.048750
v 0.429238 0.220037 0.090080
v 0.447568 0.220037 0.066566
v 0.429238 0.308704 0.048750
v 0.447568 0.293929 0.032124
v 0.447568 0.324535 -0.051028
v 0.447568 0.293929 -0.134180
v 0.399643 0.281737 -0.122060
v 0.181379 0.322339 -0.081010
v 0.236499 0.377570 -0.084399
v 0.195800 0.312704 0.005294
v 0.249802 0.359004 0.006965
v 0.189330 0.293123 0.068118
v 0.232292 0.332727 0.099343
v 0.117630 0.248659 0.115444
v 0.135698 0.300537 0.164599
v 0.090654 0.287367 0.183745
v 0.000000 0.199106 0.192040
v 0.000000 0.155564 0.236945
v 0.000000 0.107752 0.305402
v -0.107193 0.095705 0.287197
v -0.185111 0.068871 0.258381
v -0.295751 -0.006091 0.094499
v -0.278543 -0.023577 0.090096
v -0.247886 0.036434 0.080989
v -0.303063 -0.020450 -0.030808
v -0.271944 0.018254 -0.030808
v -0.280935 -0.007480 -0.145475
v -0.248380 0.029837 -0.141890
v -0.226010 0.020432 -0.258487
v -0.186692 0.045894 -0.233468
v -0.097280 0.067801 -0.293014
v -0.197880 0.246487 0.086680
v -0.210353 0.274226 0.093440
v -0.226489 0.261998 0.032107
v -0.233355 0.303224 0.003293
v -0.217921 0.295520 -0.051425
v -0.179441 0.287643 -0.207226
v -0.106870 0.293945 -0.253906
v 0.399643 0.307295 -0.051028
v 0.399643 0.281738 0.018405
v 0.399643 0.220037 0.047165
v 0.447568 0.146147 0.032124
v 0.429238 0.094645 -0.051028
v 0.000000 0.181068 -0.305647
v -0.429238 0.220037 -0.192136
v -0.447568 0.220037 -0.168622
v -0.429238 0.308703 -0.150807
v -0.447568 0.293929 -0.134179
v -0.447568 0.324535 -0.051028
v -0.447568 0.293929 0.032124
v -0.399643 0.281737 0.018405
v 0.101566 0.348382 -0.251156
v 0.000000 0.351413 -0.270656
v 0.111024 0.382473 -0.283849
v 0.000000 0.388751 -0.307660
v -0.111024 0.382473 -0.283849
v 0.097280 0.067801 -0.293014
v 0.000000 0.085624 -0.306468
v -0.121800 0.048004 -0.318361
v -0.299256 0.010172 -0.148411
v -0.257532 0.281564 0.022232
v -0.376568 0.147103 0.031047
v -0.429238 0.094645 -0.051028
v -0.399643 0.220037 -0.150820
v -0.399643 0.281737 -0.122060
v -0.399643 0.307295 -0.051028
v 0.088215 0.326524 -0.200705
v 0.175805 0.337058 -0.195957
v 0.278544 -0.023577 0.090096
v 0.106870 0.293945 -0.253906
v 0.183422 0.256427 -0.204457
v 0.235446 0.192185 -0.153155
v -0.226489 0.261998 0.032107
v -0.197880 0.246487 0.086680
v -0.120761 0.219342 0.150631
v -0.104664 0.153023 0.206493
v -0.447568 0.115540 -0.051028
v -0.399643 0.132780 -0.051028
v 0.257532 0.281564 -0.124289
v -0.320295 -0.003602 -0.030808
v 0.186692 0.045894 -0.233468
v 0.248380 0.029837 -0.141890
v 0.130801 0.237330 0.168330
v 0.058815 0.237175 0.136188
v 0.000000 0.233071 0.153153
v 0.000000 0.276679 0.194734
v -0.058815 0.237175 0.136187
v 0.267295 0.102341 -0.051425
v 0.376568 0.116893 -0.051028
v -0.267295 0.102341 -0.051425
v -0.376568 0.116893 -0.051028
v 0.226488 0.261998 0.032107
v 0.244332 0.192185 0.050305
v 0.217920 0.295520 -0.051425
v 0.217602 0.261998 -0.134957
v 0.179441 0.287643 -0.207226
v 0.399643 0.158337 0.018405
v 0.447568 0.115540 -0.051028
v 0.399643 0.132780 -0.051028
v -0.265347 -0.223119 -0.103690
v -0.213566 -0.199616 -0.097833
v -0.234893 -0.267118 -0.157200
v -0.185552 -0.240090 -0.147057
v -0.147286 -0.295379 -0.165073
v -0.202320 -0.445801 -0.030808
v -0.109019 -0.350668 -0.147057
v -0.107696 -0.405908 -0.030615
v -0.138255 -0.405908 -0.138276
v -0.135124 -0.463595 -0.127933
v -0.193403 -0.385860 -0.167269
v -0.192064 -0.463208 -0.154097
v -0.239165 -0.358973 -0.165423
v -0.265857 -0.463595 -0.127469
v -0.275824 -0.376215 -0.132646
v -0.299760 -0.464214 -0.030615
v -0.311832 -0.358098 -0.030615
v -0.277033 -0.368586 0.074822
v -0.288409 -0.294241 0.063582
v -0.239077 -0.358973 0.104236
v -0.234804 -0.267118 0.096013
v -0.193203 -0.327223 0.115599
v -0.185464 -0.240090 0.085870
v -0.147196 -0.295379 0.103886
v -0.202320 -0.445801 -0.030808
v -0.108929 -0.350668 0.085870
v -0.107696 -0.405908 -0.030615
v -0.139191 -0.405285 0.082037
v -0.107629 -0.464214 -0.030615
v -0.138590 -0.464214 0.085035
v -0.136183 -0.534351 0.071537
v -0.191269 -0.536850 0.092587
v -0.189853 -0.601095 0.069398
v -0.258203 -0.534322 0.071289
v -0.254004 -0.597160 0.049281
v -0.284256 -0.585198 -0.038436
v -0.250925 -0.632544 0.035150
v -0.276216 -0.636555 -0.044726
v -0.244954 -0.744869 -0.017877
v -0.257190 -0.768753 -0.072431
v 0.257191 -0.768753 -0.072431
v 0.276216 -0.636555 -0.044726
v 0.244954 -0.744869 -0.017877
v 0.250926 -0.632544 0.035150
v 0.284256 -0.585198 -0.038436
v 0.254005 -0.597160 0.049280
v 0.258203 -0.534322 0.071289
v 0.189853 -0.601095 0.069398
v 0.191269 -0.536850 0.092587
v 0.136184 -0.534351 0.071536
v 0.138591 -0.464214 0.085035
v 0.107630 -0.464214 -0.030615
v 0.139191 -0.405285 0.082036
v 0.107696 -0.405908 -0.030615
v 0.108929 -0.350668 0.085870
v 0.202321 -0.445801 -0.030808
v 0.147196 -0.295379 0.103886
v 0.185464 -0.240090 0.085870
v 0.193204 -0.327223 0.115599
v 0.234805 -0.267118 0.096013
v 0.239077 -0.358973 0.104236
v 0.288409 -0.294241 0.063582
v 0.277033 -0.368586 0.074822
v 0.311832 -0.358098 -0.030615
v 0.299760 -0.464214 -0.030615
v 0.275825 -0.376215 -0.132647
v 0.265857 -0.463595 -0.127469
v 0.239166 -0.358973 -0.165423
v 0.192064 -0.463208 -0.154097
v 0.193403 -0.385860 -0.167269
v 0.135125 -0.463595 -0.127933
v 0.138255 -0.405908 -0.138276
v 0.107696 -0.405908 -0.030615
v 0.109019 -0.350668 -0.147057
v 0.202321 -0.445801 -0.030808
v 0.147286 -0.295379 -0.165074
v 0.185553 -0.240090 -0.147057
v 0.234893 -0.267118 -0.157200
v 0.213566 -0.199615 -0.097833
v 0.265347 -0.223119 -0.103690
v 0.186692 0.045894 -0.233468
v 0.103035 0.002927 -0.307805
v 0.097280 0.067801 -0.293014
v 0.000000 0.002927 -0.324721
v 0.000000 -0.105065 -0.345408
v -0.103034 0.002927 -0.307805
v -0.110933 -0.105065 -0.326847
v -0.193805 0.002927 -0.242282
v -0.213650 -0.105065 -0.257112
v -0.254456 0.002927 -0.144219
v -0.282283 -0.105065 -0.152746
v -0.275753 0.002927 -0.030808
v -0.306384 -0.105065 -0.030808
v -0.254456 0.002928 0.093236
v -0.282283 -0.105065 0.107240
v -0.193805 0.002927 0.194139
v -0.213650 -0.105065 0.219955
v -0.103034 0.002927 0.263783
v -0.110932 -0.105065 0.297491
v 0.000000 0.002928 0.281660
v 0.000000 -0.105065 0.318252
v 0.110933 -0.105065 0.297491
v 0.000000 -0.231837 0.318251
v 0.114397 -0.229786 0.298484
v 0.000000 -0.346064 0.281872
v 0.111784 -0.339628 0.263519
v 0.000000 -0.441801 0.213307
v 0.112365 -0.428685 0.199390
v 0.111690 -0.489928 0.104404
v 0.197498 -0.431001 0.089510
v 0.111803 -0.506492 -0.030808
v 0.202321 -0.445801 -0.030808
v 0.195800 0.312704 0.005294
v 0.181379 0.322339 -0.081010
v 0.197672 0.374153 -0.086514
v 0.159239 0.367891 -0.156236
v 0.174345 0.431870 -0.165964
v 0.101765 0.428756 -0.222216
v 0.106086 0.500613 -0.232661
v 0.000000 0.500004 -0.256218
v 0.106086 0.581862 -0.239971
v 0.000000 0.581862 -0.263670
v 0.104509 0.665139 -0.232847
v 0.000000 0.672907 -0.255110
v 0.000000 0.758082 -0.199223
v -0.104509 0.665139 -0.232847
v -0.102241 0.743272 -0.182403
v -0.178242 0.644393 -0.173438
v -0.176378 0.703235 -0.135802
v -0.223806 0.617024 -0.095324
v -0.220471 0.650070 -0.074056
v -0.221893 0.581862 0.005295
v -0.216157 0.671937 -0.040901
v -0.210133 0.673796 -0.002719
v -0.168672 0.747468 -0.008097
v -0.160437 0.727928 0.049070
v -0.090437 0.778506 0.063608
v -0.160271 0.664491 0.119668
v -0.083398 0.691667 0.165185
v -0.095754 0.648184 0.237026
v -0.049372 0.648831 0.256803
v 0.098665 -0.797058 0.020153
v 0.135379 -0.742071 0.084391
v 0.137444 -0.760126 0.020369
v 0.189853 -0.745565 0.025493
v 0.189853 -0.745811 0.015364
v 0.242261 -0.760126 0.020369
v 0.244954 -0.760443 -0.009392
v 0.281040 -0.797058 0.020153
v 0.262202 -0.801559 -0.070618
v 0.267725 -0.853809 -0.061010
v 0.241136 -0.810977 -0.124304
v 0.244450 -0.853809 -0.110193
v 0.189853 -0.853809 -0.131042
v 0.189853 -0.875000 -0.097360
v 0.135255 -0.853809 -0.110193
v 0.142440 -0.875000 -0.078400
v 0.111980 -0.853809 -0.061010
v 0.127891 -0.875000 0.020153
v 0.102537 -0.853809 0.020153
v 0.100402 -0.852884 0.079743
v 0.096098 -0.794879 0.087267
v 0.147685 -0.763817 0.120709
v 0.189853 -0.752564 0.118754
v 0.189853 -0.808656 0.134844
v 0.232021 -0.763817 0.120709
v 0.258689 -0.800106 0.121563
v 0.283607 -0.794879 0.087267
v -0.281039 -0.797058 0.020153
v -0.244325 -0.742071 0.084391
v -0.242260 -0.760126 0.020369
v -0.189852 -0.745565 0.025493
v -0.189853 -0.745811 0.015364
v -0.137444 -0.760126 0.020369
v -0.134751 -0.760443 -0.009392
v -0.098664 -0.797058 0.020153
v -0.117503 -0.801559 -0.070618
v -0.111980 -0.853809 -0.061010
v -0.138568 -0.810977 -0.124304
v -0.135255 -0.853809 -0.110193
v -0.189852 -0.853809 -0.131041
v -0.189852 -0.875000 -0.097359
v -0.244450 -0.853809 -0.110193
v -0.237265 -0.875000 -0.078400
v -0.267724 -0.853809 -0.061010
v -0.251814 -0.875000 0.020153
v -0.277168 -0.853809 0.020153
v -0.279302 -0.852884 0.079743
v -0.283606 -0.794879 0.087267
v -0.232020 -0.763817 0.120709
v -0.189852 -0.752564 0.118754
v -0.189852 -0.808656 0.134845
v -0.147685 -0.763817 0.120709
v -0.121015 -0.800106 0.121563
v -0.096098 -0.794879 0.087267
v 0.248380 0.029837 -0.141890
v 0.193805 0.002927 -0.242282
v 0.110932 -0.105065 -0.326847
v 0.000000 -0.210007 -0.349031
v -0.114395 -0.209258 -0.330489
v -0.221823 -0.206066 -0.258070
v -0.290157 -0.201681 -0.155232
v -0.315571 -0.196377 -0.030808
v -0.290205 -0.210312 0.107085
v -0.297503 -0.259361 0.028606
v -0.284785 -0.278623 0.084297
v -0.284043 -0.294241 0.063582
v -0.207520 -0.382994 0.148512
v -0.197498 -0.431001 0.089510
v -0.112365 -0.428685 0.199390
v -0.111690 -0.489928 0.104404
v 0.000000 -0.508148 0.109010
v 0.000000 -0.524317 -0.030808
v -0.088303 0.115797 0.205283
v 0.000000 0.129110 0.212815
v 0.088303 0.115798 0.205283
v 0.103035 0.002927 0.263783
v 0.174876 0.078376 0.162784
v 0.193805 0.002927 0.194139
v 0.247887 0.036434 0.080989
v 0.254456 0.002927 0.093236
v 0.271944 0.018254 -0.030808
v 0.275753 0.002927 -0.030808
v 0.254456 0.002927 -0.144219
v 0.282283 -0.105065 -0.152746
v 0.213650 -0.105065 -0.257112
v 0.221823 -0.206066 -0.258070
v 0.114395 -0.209258 -0.330489
v 0.114528 -0.315083 -0.308011
v 0.000000 -0.319572 -0.325415
v 0.000000 -0.419305 -0.262086
v -0.114528 -0.315083 -0.308011
v -0.112590 -0.407452 -0.249005
v -0.220609 -0.297559 -0.240085
v -0.216956 -0.361194 -0.197948
v -0.284785 -0.271073 -0.138053
v -0.284167 -0.288472 -0.121017
v -0.297005 -0.256736 -0.088208
v 0.819783 0.210490 0.018365
v 0.847147 0.203980 -0.006375
v 0.837222 0.241228 -0.018925
v 0.844975 0.235025 -0.050744
v 0.806002 0.269977 -0.050744
v 0.837222 0.241228 -0.082563
v 0.816437 0.248689 -0.100293
v 0.819783 0.210489 -0.119853
v 0.717338 0.220037 -0.127425
v 0.703842 0.172960 -0.106077
v 0.687098 0.172224 -0.107588
v 0.687097 0.151260 -0.050744
v 0.627478 0.167410 -0.112494
v 0.561805 0.138803 -0.052249
v 0.561805 0.162596 -0.116778
v 0.531000 0.162275 -0.118885
v 0.541517 0.220037 -0.146116
v 0.480161 0.220037 -0.148873
v 0.531000 0.277800 -0.118885
v 0.479640 0.279568 -0.120798
v 0.505114 0.304154 -0.051028
v 0.399643 0.307295 -0.051028
v 0.478211 0.281880 0.011138
v 0.399643 0.281738 0.018405
v 0.476755 0.220037 0.040451
v 0.399643 0.220037 0.047165
v -0.399643 0.220037 0.047165
v -0.399643 0.281737 0.018405
v -0.476755 0.220037 0.040451
v -0.478211 0.281879 0.011138
v -0.399643 0.307295 -0.051028
v -0.505114 0.304154 -0.051028
v -0.479640 0.279568 -0.120798
v -0.531000 0.277800 -0.118885
v -0.480161 0.220037 -0.148873
v -0.541517 0.220037 -0.146116
v -0.531000 0.162275 -0.118885
v -0.561805 0.162596 -0.116778
v -0.561805 0.138803 -0.052249
v -0.627478 0.167410 -0.112494
v -0.687098 0.151260 -0.050744
v -0.687098 0.172224 -0.107588
v -0.703842 0.172959 -0.106077
v -0.717338 0.220038 -0.127424
v -0.819783 0.210489 -0.119853
v -0.816437 0.248689 -0.100292
v -0.837222 0.241228 -0.082563
v -0.806002 0.269976 -0.050744
v -0.844975 0.235025 -0.050744
v -0.837222 0.241228 -0.018924
v -0.847146 0.203980 -0.006375
v -0.819783 0.210489 0.018365
v 0.220426 0.358158 0.098475
v 0.168512 0.326404 0.143874
v 0.189330 0.293123 0.068118
v 0.117630 0.248659 0.115444
v 0.094867 0.298808 0.160118
v 0.000000 0.248247 0.149999
v 0.000000 0.278758 0.175297
v -0.094867 0.298808 0.160118
v -0.082109 0.316737 0.169014
v -0.147515 0.372909 0.194524
v -0.071771 0.352250 0.195987
v -0.087700 0.397265 0.197589
v -0.070372 0.352261 0.211958
v -0.060036 0.361064 0.222932
v -0.039053 0.324716 0.224378
v -0.034148 0.341874 0.235040
v 0.000000 0.335523 0.241545
v 0.000000 0.348130 0.227975
v 0.034148 0.341874 0.235040
v 0.030052 0.353726 0.222363
v 0.060036 0.361064 0.222932
v 0.049395 0.368992 0.212430
v 0.070686 0.404706 0.201867
v 0.213650 -0.105065 0.219955
v 0.219943 -0.221938 0.220500
v 0.282283 -0.105065 0.107240
v 0.290205 -0.210312 0.107085
v 0.306384 -0.105065 -0.030808
v 0.315571 -0.196377 -0.030808
v 0.290157 -0.201681 -0.155232
v 0.297005 -0.256736 -0.088208
v 0.284785 -0.271073 -0.138053
v 0.284167 -0.288472 -0.121017
v 0.216956 -0.361193 -0.197948
v 0.211670 -0.406121 -0.145615
v 0.112590 -0.407452 -0.249005
v 0.111812 -0.472919 -0.165393
v 0.000000 -0.490034 -0.170460
v -0.111811 -0.472919 -0.165393
v -0.111802 -0.506492 -0.030808
v -0.202320 -0.445801 -0.030808
v 0.189330 0.293123 0.068118
v 0.220426 0.358158 0.098475
v 0.220964 0.382460 0.005294
v 0.215676 0.435963 -0.092043
v 0.181749 0.502143 -0.173665
v 0.182568 0.581862 -0.178765
v 0.178242 0.644394 -0.173438
v 0.102241 0.743272 -0.182403
v 0.000000 0.815702 -0.114544
v -0.100240 0.796617 -0.104758
v -0.149778 0.738081 -0.119524
v -0.131395 0.771696 -0.091993
v 0.202597 0.552181 0.097869
v 0.224584 0.520279 0.153098
v 0.241746 0.525734 0.097467
v 0.257360 0.491014 0.107323
v 0.236436 0.483504 0.176936
v 0.248569 0.437033 0.103020
v 0.226190 0.430028 0.184386
v 0.198535 0.358259 0.160649
v 0.171830 0.364265 0.189681
v 0.147516 0.372909 0.194524
v 0.082109 0.316737 0.169014
v 0.071771 0.352250 0.195987
v 0.039550 0.323588 0.205422
v 0.070373 0.352261 0.211958
v 0.039053 0.324716 0.224378
v 0.149374 0.325136 -0.149020
v 0.091891 0.363161 -0.209375
v 0.000000 0.427496 -0.244966
v -0.101765 0.428756 -0.222216
v -0.106086 0.500613 -0.232661
v -0.174345 0.431870 -0.165964
v -0.181749 0.502142 -0.173665
v -0.215676 0.435963 -0.092043
v -0.224835 0.504144 -0.096423
v -0.240112 0.441419 0.005294
v -0.250309 0.503311 0.005295
v -0.257360 0.491014 0.107323
v -0.243167 0.537922 0.052598
v -0.241746 0.525734 0.097467
v -0.202597 0.552180 0.097869
v 0.248569 0.437033 0.103020
v 0.240113 0.441419 0.005294
v 0.257360 0.491014 0.107323
v 0.250309 0.503311 0.005294
v 0.243167 0.537922 0.052598
v 0.221893 0.581862 0.005294
v 0.202597 0.552181 0.097869
v 0.197064 0.666494 0.027800
v 0.160271 0.664491 0.119668
v 0.160437 0.727928 0.049070
v 0.090436 0.778506 0.063607
v 0.168672 0.747468 -0.008097
v 0.096011 0.804714 -0.011097
v 0.137245 0.768515 -0.074180
v 0.100240 0.796617 -0.104758
v 0.131395 0.771696 -0.091993
v 0.193403 -0.402523 0.107711
v 0.193403 -0.463822 0.107960
v 0.264144 -0.464225 0.084361
v 0.256731 -0.573347 -0.117504
v 0.250732 -0.638935 -0.116131
v 0.189853 -0.640378 -0.140889
v 0.238299 -0.768753 -0.127160
v 0.189853 -0.764866 -0.146654
v 0.052688 0.395945 0.237737
v 0.000000 0.450362 0.197086
v 0.098009 0.417469 0.215453
v 0.118501 0.455682 0.201501
v 0.000000 0.442868 0.106515
v 0.070686 0.404706 0.201867
v 0.039658 0.358098 0.129069
v 0.042697 0.349483 0.163692
v 0.025755 0.366332 0.164929
v 0.019427 0.353977 0.194543
v 0.000000 0.375464 0.166166
v 0.000000 0.359359 0.193460
v -0.019427 0.353977 0.194543
v 0.000000 0.331285 0.204761
v -0.031837 0.338852 0.199673
v -0.030052 0.353726 0.222363
v -0.049395 0.368992 0.212430
v -0.128426 0.546586 0.187064
v -0.101035 0.545836 0.210729
v -0.079395 0.538838 0.210020
v -0.073827 0.528257 0.235143
v -0.140900 0.529696 0.210344
v -0.092383 0.501939 0.243004
v -0.146860 0.489236 0.222358
v -0.108732 0.479942 0.215855
v -0.164749 0.437645 0.220527
v -0.131919 0.443026 0.208557
v -0.118501 0.455682 0.201501
v -0.079175 0.403453 0.208448
v -0.070686 0.404707 0.201867
v -0.049395 0.368992 0.212430
v -0.030052 0.353726 0.222363
v -0.193403 -0.402523 0.107711
v -0.193403 -0.463822 0.107961
v -0.264144 -0.464225 0.084361
v -0.256731 -0.573347 -0.117504
v -0.250732 -0.638935 -0.116131
v -0.189853 -0.640378 -0.140888
v -0.238299 -0.768753 -0.127160
v -0.189853 -0.764866 -0.146653
v 0.026289 0.526058 0.357963
v 0.014907 0.508290 0.366759
v 0.023262 0.498290 0.346756
v 0.000000 0.486168 0.361362
v 0.000000 0.497538 0.371086
v -0.014907 0.508289 0.366759
v 0.000000 0.512849 0.375072
v -0.026289 0.526058 0.357963
v 0.000000 0.535366 0.369979
v -0.022457 0.537988 0.353584
v 0.000000 0.544041 0.355590
v 0.000000 0.539159 0.335362
v 0.022458 0.537988 0.353584
v 0.034165 0.529871 0.331563
v 0.038030 0.518437 0.333799
v 0.687098 0.220037 -0.131134
v 0.627478 0.220037 -0.137708
v 0.561805 0.220037 -0.144143
v 0.561805 0.277479 -0.116778
v 0.561805 0.301272 -0.052249
v 0.562543 0.277479 0.008872
v 0.569154 0.220037 0.036238
v -0.569154 0.220037 0.036238
v -0.562543 0.277479 0.008873
v -0.561805 0.301272 -0.052249
v -0.561805 0.277479 -0.116778
v -0.561805 0.220037 -0.144143
v -0.627478 0.220037 -0.137707
v -0.687098 0.220037 -0.131134
v 0.088215 0.326524 -0.200705
v 0.000000 0.361199 -0.230752
v -0.091891 0.363161 -0.209375
v -0.159238 0.367891 -0.156236
v -0.197672 0.374153 -0.086514
v -0.220964 0.382460 0.005294
v -0.248569 0.437032 0.103020
v 0.079175 0.403453 0.208448
v 0.087700 0.397264 0.197589
v 0.118501 0.455682 0.201501
v 0.131919 0.443026 0.208557
v 0.108732 0.479942 0.215855
v 0.164749 0.437645 0.220527
v 0.146860 0.489236 0.222358
v 0.194025 0.482260 0.217164
v 0.140899 0.529696 0.210344
v 0.187737 0.524396 0.184448
v 0.132172 0.543680 0.195165
v 0.175255 0.546479 0.140354
v 0.128425 0.546586 0.187064
v 0.765580 0.175459 -0.002699
v 0.704935 0.173016 0.005066
v 0.698897 0.152185 -0.050744
v 0.687098 0.172224 0.006100
v 0.562543 0.162596 0.008872
v 0.505114 0.135921 -0.051028
v 0.479640 0.160507 -0.120798
v 0.399643 0.220037 -0.150820
v 0.399643 0.281737 -0.122060
v 0.032900 0.551960 0.234133
v 0.000000 0.559366 0.250544
v 0.000000 0.556761 0.284447
v -0.032900 0.551960 0.234133
v -0.036914 0.547625 0.276171
v -0.073827 0.528257 0.235143
v -0.061339 0.509671 0.314893
v -0.092383 0.501939 0.243004
v -0.080725 0.489504 0.303998
v -0.108732 0.479942 0.215855
v -0.092739 0.448867 0.280233
v -0.118501 0.455682 0.201501
v -0.103299 0.416752 0.225749
v -0.098009 0.417469 0.215453
v -0.052688 0.395945 0.237737
v -0.765580 0.175459 -0.002698
v -0.698897 0.152185 -0.050744
v -0.704935 0.173015 0.005066
v -0.687098 0.172224 0.006101
v -0.562543 0.162596 0.008873
v -0.505114 0.135920 -0.051028
v -0.479640 0.160506 -0.120798
v -0.399643 0.220037 -0.150820
v -0.399643 0.281737 -0.122060
v 0.134751 -0.744869 -0.017877
v 0.189853 -0.731020 0.006427
v 0.244954 -0.744869 -0.017877
v 0.257191 -0.768753 -0.072431
v 0.238299 -0.768753 -0.127160
v 0.189853 -0.764866 -0.146654
v 0.189853 -0.815129 -0.142767
v 0.138569 -0.810977 -0.124304
v 0.131395 0.771696 -0.091993
v 0.149778 0.738081 -0.119524
v 0.100240 0.796617 -0.104758
v 0.176378 0.703236 -0.135802
v 0.223806 0.617024 -0.095324
v 0.224835 0.581862 -0.099321
v 0.224835 0.504144 -0.096424
v -0.244954 -0.744869 -0.017877
v -0.189853 -0.731020 0.006427
v -0.134751 -0.744869 -0.017877
v -0.122514 -0.768753 -0.072431
v -0.141406 -0.768753 -0.127160
v -0.189853 -0.764866 -0.146653
v -0.189852 -0.815129 -0.142767
v -0.241136 -0.810977 -0.124304
v 0.000000 0.323695 -0.222109
v -0.088215 0.326524 -0.200705
v -0.149373 0.325136 -0.149020
v -0.181379 0.322339 -0.081010
v -0.195801 0.312704 0.005294
v -0.220426 0.358158 0.098475
v 0.036914 0.547625 0.276171
v 0.073828 0.528257 0.235143
v 0.061340 0.509671 0.314893
v 0.092382 0.501939 0.243004
v 0.080725 0.489504 0.303998
v 0.108732 0.479942 0.215855
v 0.092739 0.448867 0.280233
v 0.118501 0.455682 0.201501
v 0.103300 0.416752 0.225749
v 0.098009 0.417469 0.215453
v 0.052688 0.395945 0.237737
v 0.137245 0.768515 -0.074180
v 0.135875 0.779736 -0.068532
v 0.131395 0.771696 -0.091993
v 0.129571 0.785785 -0.090834
v 0.139890 0.819814 -0.060354
v 0.132546 0.830211 -0.089158
v 0.161447 0.851147 -0.054389
v 0.157300 0.868117 -0.086970
v 0.192190 0.856351 -0.053206
v 0.194724 0.874999 -0.086589
v 0.220608 0.847368 -0.054788
v 0.230265 0.863151 -0.087246
v 0.247904 0.814795 -0.089926
v -0.202597 0.552180 0.097869
v -0.241746 0.525734 0.097467
v -0.224584 0.520279 0.153098
v -0.257360 0.491014 0.107323
v -0.236436 0.483504 0.176936
v -0.248569 0.437032 0.103020
v -0.226190 0.430028 0.184386
v -0.220426 0.358158 0.098475
v -0.198535 0.358259 0.160649
v -0.168512 0.326404 0.143874
v -0.171830 0.364265 0.189681
v -0.137244 0.768514 -0.074180
v -0.131395 0.771696 -0.091993
v -0.135875 0.779736 -0.068532
v -0.129571 0.785786 -0.090834
v -0.139889 0.819815 -0.060354
v -0.132546 0.830212 -0.089158
v -0.161447 0.851147 -0.054389
v -0.157300 0.868117 -0.086970
v -0.192189 0.856352 -0.053206
v -0.194724 0.875000 -0.086589
v -0.220609 0.847368 -0.054788
v -0.230264 0.863151 -0.087246
v -0.247904 0.814796 -0.089926
v -0.627478 0.272665 -0.112494
v -0.687098 0.267851 -0.107588
v -0.717338 0.266559 -0.104966
v -0.717338 0.288179 -0.050744
v -0.717338 0.266559 0.003478
v -0.816437 0.248689 -0.001196
v -0.766688 0.216218 0.023029
v 0.816437 0.248689 -0.001195
v 0.766688 0.216218 0.023029
v 0.717338 0.266559 0.003478
v 0.717338 0.288179 -0.050744
v 0.717338 0.266559 -0.104965
v 0.687098 0.267851 -0.107588
v 0.627478 0.272665 -0.112494
v 0.185377 0.624067 0.168927
v 0.177640 0.589916 0.187977
v 0.202597 0.552181 0.097869
v 0.175255 0.546479 0.140354
v 0.128425 0.582329 0.187064
v 0.128425 0.546586 0.187064
v 0.079395 0.583071 0.210020
v 0.079395 0.538838 0.210020
v 0.035666 0.579342 0.228852
v 0.032900 0.551960 0.234133
v 0.000000 0.569460 0.236865
v 0.000000 0.559366 0.250544
v 0.150942 0.644199 0.202847
v 0.095754 0.648184 0.237026
v 0.083398 0.691667 0.165185
v 0.000000 0.704745 0.177520
v 0.000000 0.794898 0.070360
v -0.096011 0.804714 -0.011097
v -0.137244 0.768514 -0.074180
v -0.171987 0.743670 -0.061826
v 0.277169 -0.853809 0.020153
v 0.251814 -0.875000 0.020153
v 0.279303 -0.852884 0.079743
v 0.240457 -0.875000 0.081184
v 0.255529 -0.852884 0.113830
v 0.189853 -0.852884 0.127070
v 0.189853 -0.808656 0.134844
v 0.124176 -0.852884 0.113830
v 0.121016 -0.800106 0.121563
v 0.717338 0.220037 0.025937
v 0.687098 0.220037 0.029646
v 0.569154 0.220037 0.036238
v 0.478211 0.158196 0.011138
v 0.399643 0.132780 -0.051028
v 0.399643 0.158337 -0.122060
v 0.000000 0.085624 -0.306468
v -0.097280 0.067801 -0.293014
v -0.186692 0.045894 -0.233468
v -0.248380 0.029837 -0.141890
v -0.271944 0.018254 -0.030808
v -0.717338 0.220038 0.025937
v -0.687098 0.220037 0.029646
v -0.569154 0.220037 0.036238
v -0.478211 0.158196 0.011138
v -0.399643 0.132780 -0.051028
v -0.399643 0.158337 -0.122060
v -0.102536 -0.853809 0.020153
v -0.127891 -0.875000 0.020153
v -0.100402 -0.852884 0.079743
v -0.139247 -0.875000 0.081184
v -0.124176 -0.852884 0.113831
v -0.189852 -0.852884 0.127070
v -0.189852 -0.808656 0.134845
v -0.255529 -0.852884 0.113831
v -0.258689 -0.800106 0.121563
v 0.000000 0.559366 0.250544
v 0.000000 0.569460 0.236865
v -0.032900 0.551960 0.234133
v -0.035666 0.579342 0.228852
v -0.079395 0.538838 0.210020
v -0.079395 0.583071 0.210020
v -0.128426 0.546586 0.187064
v -0.128425 0.582329 0.187064
v -0.175255 0.546479 0.140354
v -0.177639 0.589916 0.187977
v -0.202597 0.552180 0.097869
v -0.185377 0.624067 0.168928
v 0.150942 0.644199 0.202847
v 0.148420 0.604374 0.209043
v 0.095754 0.609820 0.242563
v 0.049271 0.606176 0.263465
v 0.000000 0.587364 0.248351
v 0.239918 0.764499 -0.092714
v 0.218700 0.724184 -0.093820
v 0.219244 0.757588 -0.131746
v 0.176378 0.703236 -0.135802
v 0.182279 0.757051 -0.151506
v 0.149116 0.768020 -0.130572
v 0.188167 0.816992 -0.156100
v 0.153784 0.821855 -0.134068
v 0.191966 0.852239 -0.134567
v 0.157300 0.868117 -0.086970
v 0.194724 0.874999 -0.086589
v 0.297005 -0.256736 -0.088208
v 0.302638 -0.243813 -0.030808
v 0.312777 -0.296678 -0.030615
v 0.297504 -0.259360 0.028606
v 0.265258 -0.223119 0.042503
v 0.213478 -0.199615 0.036646
v 0.284043 -0.294241 0.063582
v 0.000000 0.587364 0.248351
v -0.049270 0.606176 0.263465
v -0.095754 0.609820 0.242563
v -0.148420 0.604374 0.209043
v -0.150941 0.644199 0.202847
v -0.052688 0.395945 0.237737
v -0.098009 0.417469 0.215453
v -0.118501 0.455682 0.201501
v -0.070686 0.404707 0.201867
v -0.039658 0.358098 0.129069
v -0.042697 0.349483 0.163692
v -0.025755 0.366332 0.164929
v -0.284043 -0.294241 0.063582
v -0.213478 -0.199616 0.036646
v -0.265257 -0.223119 0.042503
v -0.297503 -0.259361 0.028606
v -0.312777 -0.296678 -0.030615
v -0.302638 -0.243814 -0.030808
v -0.297005 -0.256736 -0.088208
v -0.224835 0.581862 -0.099321
v -0.182568 0.581862 -0.178765
v -0.106086 0.581862 -0.239971
v -0.131395 0.771696 -0.091993
v -0.149778 0.738081 -0.119524
v -0.149116 0.768021 -0.130572
v -0.176378 0.703235 -0.135802
v -0.182279 0.757052 -0.151506
v -0.219244 0.757588 -0.131746
v -0.188167 0.816992 -0.156100
v -0.226803 0.812627 -0.134382
v -0.191965 0.852239 -0.134567
v -0.230264 0.863151 -0.087246
v -0.194724 0.875000 -0.086589
v 0.107598 -0.585198 -0.038436
v 0.134899 -0.597160 0.049280
v 0.135165 -0.632544 0.035150
v 0.189853 -0.632045 0.055933
v 0.189853 -0.731020 0.006427
v 0.048671 0.483746 0.342250
v 0.062733 0.431960 0.313415
v 0.000000 0.418321 0.329444
v 0.000000 0.384122 0.273752
v -0.062733 0.431960 0.313415
v -0.058365 0.393401 0.254194
v 0.191997 0.430897 0.217096
v 0.302638 -0.243813 -0.030808
v 0.297504 -0.259360 0.028606
v 0.284785 -0.278623 0.084297
v 0.215322 -0.314510 0.191887
v 0.207520 -0.382994 0.148512
v -0.175255 0.546479 0.140354
v -0.187737 0.524396 0.184448
v -0.194024 0.482260 0.217164
v -0.191997 0.430897 0.217096
v -0.107598 -0.585198 -0.038436
v -0.134899 -0.597160 0.049281
v -0.135165 -0.632544 0.035150
v -0.189853 -0.632045 0.055934
v -0.189853 -0.731020 0.006427
v 0.000000 0.313033 0.208655
v 0.000000 0.314349 0.229721
v 0.038030 0.518437 0.333799
v 0.023262 0.498290 0.346756
v 0.000000 0.486168 0.361362
v -0.048671 0.483746 0.342250
v 0.171986 0.743670 -0.061826
v 0.176179 0.760249 -0.057790
v 0.184465 0.807778 -0.047253
v 0.231956 0.760469 -0.073088
v 0.237958 0.805792 -0.062985
v 0.239918 0.764499 -0.092714
v 0.220471 0.650070 -0.074057
v 0.192224 0.695492 -0.093820
v 0.216156 0.671937 -0.040901
v 0.182866 0.726895 -0.069024
v 0.171986 0.743670 -0.061826
v 0.111245 -0.636555 -0.044726
v 0.107598 -0.585198 -0.038436
v 0.135645 -0.638935 -0.116131
v 0.131418 -0.573347 -0.117504
v 0.189853 -0.569396 -0.142161
v 0.847147 0.203980 -0.095113
v 0.818424 0.178053 -0.099611
v 0.831986 0.175378 -0.050744
v 0.795792 0.157366 -0.050744
v 0.818424 0.178053 -0.001876
v 0.819783 0.210490 0.018365
v 0.766688 0.216218 0.023029
v 0.766688 0.216218 0.023029
v 0.765845 0.178395 0.027779
v 0.765580 0.175459 -0.002699
v 0.724337 0.174568 0.027779
v 0.731381 0.178086 0.060185
v 0.724337 0.212853 0.027779
v 0.731382 0.209335 0.060185
v 0.765845 0.209026 0.027779
v 0.762630 0.206940 0.053597
v -0.219942 -0.221939 0.220500
v -0.114397 -0.229786 0.298484
v -0.766688 0.216218 0.023029
v -0.724337 0.212853 0.027779
v -0.717338 0.220038 0.025937
v -0.724337 0.174568 0.027779
v -0.731381 0.178086 0.060185
v -0.765845 0.178394 0.027779
v -0.762630 0.180482 0.053597
v -0.762630 0.206940 0.053597
v -0.743765 0.204760 0.067937
v -0.818424 0.178053 -0.099611
v -0.847147 0.203980 -0.095112
v -0.831986 0.175378 -0.050744
v -0.795792 0.157366 -0.050744
v -0.818424 0.178053 -0.001876
v -0.819783 0.210489 0.018365
v -0.766688 0.216218 0.023029
v -0.111245 -0.636555 -0.044726
v -0.135644 -0.638935 -0.116131
v -0.107598 -0.585198 -0.038436
v -0.131418 -0.573347 -0.117504
v -0.189853 -0.569396 -0.142161
v -0.171987 0.743670 -0.061826
v -0.176179 0.760250 -0.057790
v -0.184465 0.807779 -0.047253
v -0.231956 0.760469 -0.073088
v -0.237958 0.805792 -0.062985
v -0.239918 0.764500 -0.092714
v 0.079395 0.538838 0.210020
v 0.101034 0.545836 0.210729
v 0.073828 0.528257 0.235143
v 0.092382 0.501939 0.243004
v 0.058366 0.393401 0.254194
v 0.000000 0.387408 0.254876
v 0.049395 0.368992 0.212430
v 0.031837 0.338852 0.199673
v 0.030052 0.353726 0.222363
v 0.000000 0.348130 0.227975
v 0.220609 -0.297559 -0.240085
v 0.287743 -0.288472 -0.121017
v 0.193293 -0.327223 -0.176786
v 0.202321 -0.445801 -0.030808
v 0.111803 -0.506492 -0.030808
v 0.000000 -0.524317 -0.030808
v 0.117503 -0.801559 -0.070618
v 0.134751 -0.760443 -0.009392
v 0.122515 -0.768753 -0.072431
v 0.141406 -0.768753 -0.127160
v 0.743765 0.204761 0.067937
v 0.743765 0.182660 0.067937
v 0.762630 0.180482 0.053597
v 0.743765 0.204761 0.067937
v 0.762630 0.206940 0.053597
v -0.765845 0.209026 0.027779
v -0.731382 0.209335 0.060185
v -0.743765 0.182660 0.067937
v -0.193293 -0.327223 -0.176786
v -0.287743 -0.288472 -0.121017
v -0.262201 -0.801559 -0.070618
v -0.244954 -0.760443 -0.009392
v -0.238299 -0.768753 -0.127160
v -0.257190 -0.768753 -0.072431
v -0.174876 0.078375 0.162784
v -0.247886 0.036434 0.080989
v -0.215321 -0.314510 0.191888
v -0.111783 -0.339628 0.263519
v -0.192224 0.695491 -0.093820
v -0.218700 0.724184 -0.093820
v -0.239918 0.764500 -0.092714
v -0.247904 0.814796 -0.089926
v -0.132172 0.543680 0.195165
v -0.023262 0.498290 0.346756
v -0.038030 0.518437 0.333798
v -0.034165 0.529871 0.331563
v 0.000000 0.606794 0.272553
v 0.000000 0.649526 0.265650
v 0.049372 0.648831 0.256803
v 0.095754 0.648184 0.237026
v -0.687098 0.290004 -0.050744
v -0.687098 0.267851 0.006101
v -0.687098 0.220037 0.029646
v -0.131395 0.771696 -0.091993
v -0.100240 0.796617 -0.104758
v 0.000000 0.823183 -0.012834
v -0.095754 0.648184 0.237026
v -0.049372 0.648831 0.256803
v 0.000000 0.649526 0.265650
v 0.000000 0.606794 0.272553
v 0.687098 0.220037 0.029646
v 0.687098 0.267851 0.006100
v 0.687097 0.290004 -0.050744
v 0.210133 0.673796 -0.002720
v 0.230265 0.863151 -0.087246
v 0.226803 0.812627 -0.134383
v 0.132546 0.830211 -0.089158
v 0.129571 0.785785 -0.090834
v 0.131395 0.771696 -0.091993
v 0.149778 0.738081 -0.119524
v 0.244326 -0.742071 0.084391
v 0.189853 -0.728330 0.081842
v 0.717338 0.220037 0.025937
v 0.766688 0.216218 0.023029
v 0.717338 0.220037 0.025937
v 0.704935 0.173016 0.005066
v -0.765845 0.209026 0.027779
v -0.766688 0.216218 0.023029
v -0.765580 0.175459 -0.002698
v -0.704935 0.173015 0.005066
v -0.717338 0.220038 0.025937
v -0.135379 -0.742071 0.084391
v -0.189853 -0.728330 0.081843
v -0.202320 -0.445801 -0.030808
v -0.111802 -0.506492 -0.030808
v -0.197064 0.666494 0.027800
v -0.157300 0.868117 -0.086970
v -0.153784 0.821856 -0.134068
v -0.192224 0.695491 -0.093820
v -0.182866 0.726895 -0.069024
v 0.107630 -0.464214 -0.030615
v 0.189853 -0.875000 0.092016
v 0.139248 -0.875000 0.081184
v -0.189852 -0.875000 0.092016
v -0.240456 -0.875000 0.081184
v -0.107629 -0.464214 -0.030615
v 0.034165 0.529871 0.331563
v 0.000000 0.539159 0.335362
v 0.182866 0.726895 -0.069024
v 0.218700 0.724184 -0.093820
v 0.189853 -0.875000 0.092016
v 0.139248 -0.875000 0.081184
v 0.240457 -0.875000 0.081184
v 0.127891 -0.875000 0.020153
v 0.251814 -0.875000 0.020153
v 0.237266 -0.875000 -0.078400
v 0.847147 0.203980 -0.006375
v 0.856857 0.197471 -0.050744
v -0.211669 -0.406121 -0.145615
v -0.847146 0.203980 -0.006375
v -0.856857 0.197471 -0.050744
v -0.189852 -0.875000 -0.097359
v -0.142439 -0.875000 -0.078400
v -0.237265 -0.875000 -0.078400
v -0.127891 -0.875000 0.020153
v -0.251814 -0.875000 0.020153
v -0.240456 -0.875000 0.081184
v -0.111245 -0.636555 -0.044726
v -0.134751 -0.744869 -0.017877
v -0.122514 -0.768753 -0.072431
v 0.000000 0.233071 0.153153
v -0.058815 0.237175 0.136187
v -0.117630 0.248659 0.115445
v -0.218700 0.724184 -0.093820
v -0.182866 0.726895 -0.069024
v -0.132546 0.830212 -0.089158
v -0.129571 0.785786 -0.090834
v -0.039550 0.323588 0.205422
v 0.000000 0.649526 0.265650
v 0.049372 0.648831 0.256803
v -0.023262 0.498290 0.346756
v -0.038030 0.518437 0.333798
v -0.034165 0.529871 0.331563
v 0.122515 -0.768753 -0.072431
v 0.134751 -0.744869 -0.017877
v 0.111245 -0.636555 -0.044726
v 0.856857 0.197471 -0.050744
v 0.847147 0.203980 -0.095113
v -0.847147 0.203980 -0.095112
v -0.856857 0.197471 -0.050744
v -0.122514 -0.768753 -0.072431
v -0.141406 -0.768753 -0.127160
v 0.141406 -0.768753 -0.127160
v 0.122515 -0.768753 -0.072431
v 0.000000 0.367006 0.104143
v 0.000000 0.376373 0.129599
v 0.247904 0.814795 -0.089926
v 0.284043 -0.294241 0.063582
v 0.237266 -0.875000 -0.078400
v 0.284167 -0.288472 -0.121017
v 0.265347 -0.223119 -0.103690
v 0.765845 0.209026 0.027779
v 0.476755 0.220037 0.040451
v 0.399643 0.158337 0.018405
v 0.399643 0.220037 0.047165
v -0.302638 -0.243814 -0.030808
v -0.476755 0.220037 0.040451
v -0.399643 0.158337 0.018405
v -0.284167 -0.288472 -0.121017
v -0.265347 -0.223119 -0.103690
v -0.297005 -0.256736 -0.088208
v -0.142439 -0.875000 -0.078400
v -0.150941 0.644199 0.202847
v -0.185377 0.624067 0.168928
v 0.258689 -0.800106 0.121563
v -0.743765 0.204760 0.067937
v -0.762630 0.206940 0.053597
v -0.121015 -0.800106 0.121563
v 0.000000 0.815702 -0.114544
v 0.241746 0.525734 0.097467
v 0.185377 0.624067 0.168927
v 0.000000 0.387408 0.254876
v 0.000000 0.367006 0.104143
v 0.058815 0.237175 0.136188
v 0.121016 -0.800106 0.121563
v 0.189853 -0.875000 -0.097360
v 0.142440 -0.875000 -0.078400
v 0.297504 -0.259360 0.028606
v 0.265258 -0.223119 0.042503
v -0.265257 -0.223119 0.042503
v -0.297503 -0.259361 0.028606
v -0.258689 -0.800106 0.121563
v -0.189852 -0.875000 0.092016
v -0.139247 -0.875000 0.081184
v -0.189330 0.293123 0.068118
v 0.079395 0.538838 0.210020
v 0.192224 0.695492 -0.093820
v 0.192224 0.695492 -0.093820
v 0.297005 -0.256736 -0.088208
v -0.192224 0.695491 -0.093820
v -0.189330 0.293123 0.068118
v -0.079395 0.538838 0.210020
v -0.399643 0.220037 0.047165
vn -0.5287 0.5569 0.6406
vn -0.4691 0.6005 0.6475
vn 0.5207 0.7170 -0.4635
vn 0.5204 0.7180 -0.4623
vn 0.5213 0.7147 -0.4663
vn 0.7213 0.6365 -0.2733
vn 0.7196 0.6394 -0.2710
vn 0.7189 0.6406 -0.2699
vn 0.6703 -0.6187 -0.4098
vn 0.7460 -0.6289 -0.2189
vn 0.7167 -0.6683 -0.1996
vn 0.7256 -0.6872 -0.0355
vn 0.7260 -0.6868 -0.0356
vn 0.7261 -0.6866 -0.0356
vn 0.5228 -0.7337 0.4339
vn 0.5495 -0.7017 0.4535
vn 0.4117 -0.7060 0.5763
vn 0.2679 -0.7859 0.5573
vn 0.1635 -0.6330 0.7567
vn -0.1635 -0.6330 0.7567
vn -0.0515 0.6823 0.7292
vn -0.1033 0.6893 0.7171
vn 0.4441 0.6929 -0.5681
vn 0.5574 0.6650 -0.4970
vn 0.5981 0.7831 -0.1704
vn 0.7026 0.7083 0.0683
vn 0.6448 0.7461 0.1661
vn 0.6359 0.7330 0.2415
vn 0.6885 0.6990 0.1931
vn 0.6304 0.6547 0.4172
vn 0.7260 0.5825 0.3656
vn 0.4691 0.6005 0.6475
vn 0.5287 0.5569 0.6405
vn 0.1526 0.5930 0.7906
vn 0.2140 0.5463 0.8098
vn -0.2140 0.5463 0.8098
vn -0.1652 -0.9863 -0.0001
vn 0.1652 -0.9863 -0.0001
vn 0.0879 -0.9820 -0.1670
vn 0.1658 -0.9637 -0.2091
vn 0.7611 -0.4549 0.4623
vn 0.8365 -0.4517 0.3101
vn 0.9677 0.0147 0.2516
vn 0.9264 -0.3068 -0.2181
vn 0.8505 -0.4978 -0.1698
vn 0.8415 -0.5087 -0.1821
vn 0.8821 -0.4141 -0.2245
vn 0.4052 -0.5783 -0.7081
vn 0.4061 -0.5721 -0.7126
vn 0.1241 -0.5939 -0.7949
vn 0.1218 -0.5820 -0.8040
vn -0.1218 -0.5820 -0.8040
vn -0.1538 0.6584 -0.7368
vn -0.5139 0.6401 -0.5711
vn -0.5144 0.6509 -0.5583
vn -0.7960 0.5269 -0.2978
vn -0.7214 -0.5642 -0.4015
vn -0.6703 -0.6187 -0.4098
vn -0.7189 0.6406 -0.2699
vn -0.7196 0.6394 -0.2710
vn -0.7213 0.6365 -0.2733
vn -0.7221 0.6351 -0.2744
vn -0.4976 -0.8155 -0.2956
vn -0.7057 -0.6653 -0.2437
vn 0.3364 -0.5725 0.7477
vn 0.3353 -0.5745 0.7467
vn 0.3391 -0.5676 0.7502
vn 0.4504 -0.6437 0.6187
vn 0.4520 -0.6427 0.6185
vn 0.4566 -0.6400 0.6179
vn 0.4582 -0.6391 0.6178
vn 0.6160 -0.6993 0.3627
vn 0.6141 -0.7019 0.3609
vn 0.6134 -0.7028 0.3603
vn 0.8945 0.3653 0.2578
vn 0.9163 0.3544 0.1865
vn 0.8898 0.4540 0.0455
vn 0.8973 0.4274 -0.1105
vn 0.8913 0.4368 -0.1214
vn 0.8601 0.4079 -0.3065
vn 0.8963 0.3480 -0.2750
vn 0.4598 0.3711 -0.8068
vn 0.4662 0.3370 -0.8180
vn 0.2084 0.3770 -0.9024
vn 0.2030 0.3705 -0.9064
vn 0.2026 0.3699 -0.9067
vn 0.2045 -0.1092 -0.9728
vn -0.2045 -0.1092 -0.9728
vn -0.1790 -0.1784 -0.9675
vn -0.4836 -0.1498 -0.8624
vn -0.5406 -0.0057 -0.8412
vn -0.8925 0.0743 -0.4449
vn -0.8006 0.5550 -0.2258
vn 0.1137 -0.8672 0.4847
vn -0.2471 -0.7533 0.6095
vn 0.1463 -0.2982 0.9432
vn -0.3066 0.1660 0.9373
vn 0.2265 -0.2558 -0.9398
vn 0.6220 -0.7025 -0.3457
vn 0.7633 -0.5908 -0.2616
vn 0.7685 -0.5948 0.2358
vn 0.8204 -0.4867 0.3002
vn 0.2892 -0.1716 0.9418
vn -0.2431 0.1982 -0.9495
vn 0.1403 -0.2964 -0.9447
vn -0.0909 -0.4131 -0.9062
vn -0.0815 -0.4209 -0.9034
vn -0.0818 -0.4206 -0.9035
vn -0.0811 -0.4211 -0.9034
vn -0.3957 -0.3880 -0.8324
vn -0.3685 -0.8724 -0.3211
vn 0.7305 -0.6409 -0.2359
vn 0.7305 -0.6408 -0.2359
vn 0.3100 0.8922 0.3284
vn 0.3206 0.8913 0.3207
vn -0.1137 -0.8672 0.4847
vn 0.2470 -0.7533 0.6095
vn -0.1463 -0.2982 0.9432
vn 0.3066 0.1660 0.9373
vn -0.2265 -0.2558 -0.9398
vn -0.6220 -0.7025 -0.3457
vn -0.7632 -0.5908 -0.2616
vn -0.7685 -0.5949 0.2358
vn -0.8204 -0.4867 0.3002
vn -0.2892 -0.1716 0.9418
vn 0.2432 0.1982 -0.9495
vn -0.1403 -0.2964 -0.9447
vn 0.0909 -0.4131 -0.9062
vn 0.0818 -0.4206 -0.9035
vn 0.0815 -0.4209 -0.9034
vn 0.0811 -0.4211 -0.9034
vn 0.3957 -0.3880 -0.8324
vn 0.3685 -0.8724 -0.3211
vn -0.7305 -0.6408 -0.2359
vn -0.3100 0.8922 0.3284
vn -0.3206 0.8913 0.3207
vn 0.4255 0.5260 0.7364
vn 0.4229 0.5215 0.7410
vn 0.3330 0.7047 0.6265
vn 0.4426 0.7376 0.5100
vn 0.1422 -0.5041 0.8519
vn 0.1425 -0.5021 0.8530
vn 0.1414 -0.5089 0.8491
vn 0.0857 -0.4916 0.8666
vn -0.1743 -0.8570 -0.4850
vn -0.1779 -0.8586 -0.4807
vn -0.1713 -0.8554 -0.4888
vn 0.1779 -0.8586 -0.4807
vn 0.1707 -0.8553 -0.4893
vn 0.4295 -0.8029 -0.4134
vn 0.4976 -0.8155 -0.2956
vn 0.7057 -0.6653 -0.2437
vn 0.7447 -0.6464 -0.1663
vn -0.4504 -0.6437 0.6187
vn -0.4566 -0.6400 0.6179
vn -0.4520 -0.6427 0.6185
vn -0.4582 -0.6391 0.6178
vn -0.8501 0.3969 0.3461
vn -0.8625 0.4007 0.3092
vn -0.8748 0.2029 0.4399
vn -0.9840 0.1572 0.0833
vn -0.7777 -0.6253 -0.0657
vn -0.7769 -0.6246 0.0793
vn 0.6609 -0.7207 -0.2091
vn 0.5812 -0.6780 -0.4499
vn 0.5791 -0.6806 -0.4488
vn 0.5750 -0.6855 -0.4466
vn 0.5730 -0.6879 -0.4454
vn 0.2673 -0.6098 -0.7461
vn 0.2616 -0.6262 -0.7345
vn 0.1618 -0.6157 -0.7712
vn 0.1617 -0.6176 -0.7697
vn 0.1614 -0.6215 -0.7666
vn 0.1613 -0.6234 -0.7651
vn -0.1617 -0.6176 -0.7697
vn -0.1614 -0.6215 -0.7666
vn -0.1613 -0.6234 -0.7651
vn -0.3125 0.4679 -0.8267
vn -0.5394 0.4542 -0.7090
vn -0.4598 0.3711 -0.8068
vn -0.8963 0.3480 -0.2750
vn -0.8800 0.1728 -0.4424
vn -0.9727 0.1824 -0.1435
vn -0.7329 0.6357 0.2424
vn -0.5325 0.8049 0.2620
vn -0.5456 0.7915 0.2753
vn -0.1141 0.9383 0.3264
vn -0.1262 0.9309 0.3427
vn -0.3685 0.8724 0.3211
vn -0.3685 0.8724 -0.3211
vn -0.3957 0.3880 -0.8324
vn 0.7582 -0.2755 -0.5910
vn 0.7581 -0.2755 -0.5910
vn 0.3191 0.4004 0.8590
vn 0.7302 0.6394 -0.2407
vn 0.5304 0.8070 -0.2598
vn 0.5456 0.7915 -0.2753
vn 0.1141 0.9383 -0.3264
vn 0.1262 0.9309 -0.3427
vn 0.3685 0.8724 -0.3211
vn 0.3685 0.8724 0.3211
vn 0.3957 0.3880 0.8324
vn 0.3957 -0.3880 0.8324
vn -0.7582 -0.2755 0.5910
vn -0.3445 0.3966 -0.8509
vn -0.0879 -0.9820 -0.1670
vn -0.2774 -0.0000 0.9607
vn 0.0928 0.9910 0.0962
vn 0.0796 0.9783 0.1914
vn -0.2679 -0.7859 0.5573
vn -0.4117 -0.7060 0.5763
vn -0.2653 0.5669 0.7799
vn -0.3226 0.5718 0.7543
vn -0.3253 0.5645 0.7586
vn -0.3235 0.5694 0.7557
vn -0.3262 0.5621 0.7601
vn -0.7749 0.5532 0.3056
vn -0.7730 0.5562 0.3051
vn -0.7743 0.5542 0.3055
vn -0.7723 0.5573 0.3049
vn -0.8006 0.5991 0.0072
vn -0.7975 0.6033 0.0070
vn -0.7997 0.6004 0.0071
vn -0.7965 0.6046 0.0069
vn -0.0883 -0.9348 0.3441
vn -0.0818 -0.4207 0.9035
vn -0.0811 -0.4211 0.9034
vn -0.0816 -0.4210 0.9034
vn -0.3957 -0.3880 0.8324
vn 0.7582 -0.2755 0.5910
vn 0.7582 0.2755 0.5910
vn 0.7581 0.2755 0.5910
vn 0.7305 0.6409 0.2359
vn 0.7305 0.6409 -0.2359
vn 0.3100 -0.8922 0.3284
vn 0.3191 -0.4004 0.8590
vn -0.7260 0.5825 0.3656
vn -0.6304 0.6547 0.4172
vn -0.6885 0.6990 0.1931
vn -0.6359 0.7330 0.2415
vn -0.6448 0.7461 0.1661
vn -0.7026 0.7083 0.0683
vn -0.5981 0.7831 -0.1704
vn -0.5574 0.6651 -0.4970
vn -0.4441 0.6929 -0.5681
vn 0.1033 0.6893 0.7171
vn 0.0515 0.6823 0.7292
vn 0.1627 0.6122 0.7737
vn 0.2148 0.7012 0.6799
vn 0.1840 0.8041 0.5653
vn 0.1842 0.8041 0.5653
vn 0.1860 0.8054 0.5628
vn 0.1861 0.8055 0.5626
vn 0.0873 -0.5133 0.8537
vn -0.0873 -0.5133 0.8537
vn -0.0857 -0.4916 0.8666
vn -0.1425 -0.5021 0.8530
vn -0.1422 -0.5041 0.8519
vn -0.1414 -0.5090 0.8491
vn -0.1410 -0.5110 0.8479
vn -0.3401 -0.5658 0.7512
vn -0.3390 -0.5677 0.7502
vn -0.3364 -0.5725 0.7477
vn -0.3353 -0.5745 0.7467
vn -0.8945 0.3653 0.2578
vn -0.6134 -0.7028 0.3603
vn -0.6140 -0.7019 0.3609
vn -0.6160 -0.6993 0.3627
vn -0.6167 -0.6984 0.3633
vn 0.8531 -0.4701 -0.2261
vn 0.8630 -0.4693 -0.1872
vn 0.7777 -0.6253 -0.0657
vn 0.7769 -0.6246 0.0793
vn 0.7462 -0.6596 0.0895
vn 0.7301 -0.6555 0.1930
vn 0.4633 -0.8718 0.1592
vn 0.3956 -0.8774 0.2712
vn -0.1658 -0.9637 -0.2091
vn -0.7611 -0.4549 0.4623
vn -0.8365 -0.4517 0.3101
vn -0.9677 0.0147 0.2517
vn -0.9265 -0.3068 -0.2181
vn -0.8505 -0.4977 -0.1698
vn -0.8415 -0.5087 -0.1821
vn -0.8821 -0.4141 -0.2245
vn -0.4052 -0.5783 -0.7081
vn -0.4058 -0.5734 -0.7117
vn -0.4054 -0.5768 -0.7092
vn -0.4060 -0.5721 -0.7126
vn -0.1241 -0.5939 -0.7949
vn 0.3206 -0.8913 0.3207
vn 0.3199 -0.8891 -0.3273
vn 0.3445 -0.3966 -0.8509
vn 0.3445 0.3966 -0.8509
vn 0.7581 -0.2755 0.5910
vn 0.7305 -0.6409 0.2359
vn 0.7305 -0.6408 0.2359
vn -0.3685 -0.8724 0.3211
vn 0.3125 0.4679 -0.8267
vn 0.1834 0.5819 -0.7923
vn 0.2088 0.3775 -0.9022
vn -0.2088 0.3775 -0.9022
vn -0.2084 0.3770 -0.9024
vn -0.2030 0.3705 -0.9064
vn -0.2026 0.3699 -0.9067
vn -0.4662 0.3370 -0.8180
vn -0.4826 0.3603 -0.7983
vn -0.8361 0.3228 -0.4436
vn -0.8365 0.3254 -0.4408
vn -0.8372 0.3277 -0.4379
vn -0.8370 0.3281 -0.4379
vn -0.7582 -0.2755 -0.5910
vn -0.7582 0.2755 -0.5910
vn -0.7305 0.6409 -0.2359
vn -0.7305 0.6408 -0.2359
vn -0.7305 0.6409 0.2359
vn -0.3199 -0.8891 -0.3273
vn -0.3445 -0.3966 -0.8509
vn 0.1538 0.6584 -0.7368
vn 0.1631 0.6414 -0.7497
vn 0.1136 -0.7039 -0.7011
vn 0.1132 -0.7030 -0.7021
vn 0.1121 -0.7003 -0.7050
vn 0.1118 -0.6995 -0.7058
vn 0.1732 0.7796 -0.6019
vn -0.1732 0.7796 -0.6019
vn -0.1697 0.7676 -0.6181
vn -0.5216 0.7138 -0.4674
vn -0.5213 0.7147 -0.4662
vn -0.5207 0.7170 -0.4635
vn -0.5204 0.7180 -0.4623
vn -0.2194 -0.8805 0.4201
vn 0.2194 -0.8805 0.4201
vn 0.2366 -0.8635 0.4455
vn 0.3984 -0.8690 0.2933
vn -0.2673 -0.6098 -0.7461
vn -0.5791 -0.6806 -0.4488
vn -0.5751 -0.6855 -0.4465
vn -0.5730 -0.6879 -0.4454
vn -0.8601 0.4079 -0.3065
vn -0.8913 0.4368 -0.1214
vn 0.2653 0.5669 0.7799
vn 0.3226 0.5718 0.7543
vn 0.3235 0.5694 0.7557
vn 0.3253 0.5645 0.7586
vn 0.3262 0.5621 0.7601
vn 0.7749 0.5532 0.3056
vn 0.7743 0.5542 0.3055
vn 0.7730 0.5562 0.3051
vn 0.7723 0.5572 0.3049
vn 0.8007 0.5991 0.0072
vn 0.7997 0.6004 0.0071
vn 0.7975 0.6033 0.0070
vn 0.7965 0.6046 0.0069
vn 0.7221 0.6351 -0.2744
vn 0.5456 0.7915 0.2753
vn 0.1141 0.9383 0.3264
vn 0.1083 0.4427 0.8901
vn 0.0901 0.4208 0.9027
vn 0.0904 -0.4135 0.9060
vn 0.0816 -0.4210 0.9034
vn 0.0818 -0.4207 0.9035
vn 0.0811 -0.4211 0.9034
vn 0.0884 -0.9348 0.3441
vn 0.3685 -0.8724 0.3211
vn -0.1707 -0.8553 -0.4893
vn -0.4295 -0.8029 -0.4134
vn 0.1411 -0.5110 0.8479
vn 0.3401 -0.5657 0.7512
vn 0.7545 0.4417 0.4854
vn 0.8501 0.3969 0.3461
vn 0.8625 0.4007 0.3092
vn -0.3191 0.4004 0.8590
vn -0.3191 -0.4004 0.8590
vn -0.3100 -0.8922 0.3284
vn -0.3190 -0.8914 0.3218
vn -0.3111 -0.8921 0.3276
vn -0.3206 -0.8913 0.3207
vn -0.1526 0.5930 0.7906
vn 0.1697 0.7676 -0.6181
vn 0.5216 0.7138 -0.4674
vn 0.5304 -0.5276 -0.6636
vn 0.7214 -0.5642 -0.4015
vn 0.7961 0.5269 -0.2978
vn -0.7266 -0.5951 -0.3434
vn -0.8531 -0.4701 -0.2261
vn 0.6167 -0.6983 0.3634
vn 0.6919 -0.7116 0.1219
vn 0.6924 -0.7112 0.1219
vn 0.6934 -0.7102 0.1218
vn 0.6939 -0.7097 0.1218
vn 0.6843 -0.6999 -0.2044
vn 0.1790 -0.1784 -0.9675
vn 0.4836 -0.1498 -0.8624
vn 0.4826 0.3603 -0.7983
vn 0.8361 0.3228 -0.4436
vn 0.8800 0.1728 -0.4424
vn 0.9727 0.1824 -0.1435
vn -0.7918 0.3354 0.5104
vn -0.8022 0.3752 0.4644
vn -0.4255 0.5260 0.7364
vn -0.4231 0.5218 0.7407
vn -0.4254 0.5257 0.7367
vn -0.4229 0.5215 0.7410
vn -0.1627 0.6122 0.7737
vn -0.2148 0.7012 0.6799
vn -0.7305 -0.6408 0.2359
vn -0.3198 0.8891 -0.3273
vn -0.3199 0.8891 -0.3273
vn -0.7460 -0.6289 -0.2189
vn -0.7167 -0.6683 -0.1996
vn -0.7256 -0.6872 -0.0355
vn -0.7258 -0.6870 -0.0355
vn -0.7260 -0.6868 -0.0356
vn -0.7261 -0.6866 -0.0356
vn -0.5228 -0.7337 0.4339
vn -0.5495 -0.7017 0.4535
vn -0.1392 0.4348 0.8897
vn -0.1083 0.4427 0.8901
vn -0.0901 0.4208 0.9027
vn -0.3957 0.3880 0.8324
vn -0.7302 0.6394 -0.2407
vn -0.5304 0.8070 -0.2598
vn -0.1273 0.4380 -0.8899
vn -0.1083 0.4424 -0.8903
vn -0.0905 0.4207 -0.9026
vn 0.1273 0.4380 -0.8899
vn 0.1083 0.4424 -0.8902
vn 0.0905 0.4207 -0.9026
vn 0.3957 0.3880 -0.8324
vn -0.9163 0.3544 0.1865
vn -0.6934 -0.7102 0.1218
vn -0.6939 -0.7097 0.1218
vn -0.6924 -0.7112 0.1219
vn -0.6843 -0.6999 -0.2044
vn -0.6609 -0.7207 -0.2091
vn -0.5812 -0.6781 -0.4499
vn -0.7545 0.4417 0.4854
vn -0.3330 0.7047 0.6265
vn -0.4426 0.7376 0.5100
vn -0.1840 0.8041 0.5653
vn -0.1859 0.8054 0.5629
vn -0.1842 0.8041 0.5652
vn -0.1861 0.8055 0.5626
vn -0.3956 -0.8774 0.2712
vn -0.4633 -0.8718 0.1592
vn -0.7301 -0.6555 0.1930
vn -0.7462 -0.6596 0.0895
vn -0.0796 0.9783 0.1915
vn -0.0928 0.9910 0.0962
vn 0.2774 -0.0000 0.9607
vn -0.2488 0.6684 -0.7010
vn 0.2488 0.6684 -0.7010
vn 0.1664 0.7318 -0.6609
vn 0.3450 0.7516 -0.5622
vn -0.2180 -0.7644 -0.6068
vn 0.1170 -0.8656 -0.4868
vn -0.0883 -0.9348 -0.3441
vn -0.3450 0.7516 -0.5622
vn -0.1664 0.7318 -0.6609
vn -0.0175 0.7850 0.6192
vn 0.0175 0.7850 0.6192
vn 0.2180 -0.7644 -0.6068
vn -0.1170 -0.8656 -0.4868
vn 0.0883 -0.9348 -0.3441
vn -0.5304 -0.5276 -0.6636
vn -0.3569 -0.6963 -0.6228
vn -0.1121 -0.7003 -0.7050
vn -0.1132 -0.7030 -0.7021
vn -0.1136 -0.7039 -0.7011
vn -0.1631 0.6414 -0.7497
vn 0.3569 -0.6963 -0.6228
vn 0.5144 0.6509 -0.5583
vn 0.5139 0.6401 -0.5711
vn 0.7918 0.3354 0.5104
vn 0.8022 0.3752 0.4644
vn 0.8748 0.2029 0.4399
vn 0.8006 0.5550 -0.2258
vn 0.8925 0.0744 -0.4449
vn 0.5406 -0.0057 -0.8412
vn -0.5456 0.7915 -0.2753
vn -0.1141 0.9383 -0.3264
vn -0.1262 0.9309 -0.3427
vn 0.7329 0.6357 0.2424
vn 0.5325 0.8049 0.2620
vn 0.1392 0.4348 0.8897
vn 0.3198 0.8891 -0.3273
vn 0.7582 0.2755 -0.5910
vn 0.7581 0.2755 -0.5910
vn -0.7582 0.2755 0.5910
vn -0.7581 0.2755 0.5910
vn -0.1961 0.9461 0.2578
vn 0.6854 -0.0000 0.7281
vn -0.3984 -0.8690 0.2933
vn -0.2366 -0.8635 0.4455
vn -0.6854 -0.0000 0.7281
vn 0.1961 0.9461 0.2578
vn -0.8973 0.4274 -0.1105
vn -0.8898 0.4540 0.0455
vn -0.2616 -0.6262 -0.7345
vn -0.1618 -0.6157 -0.7712
vn -0.7447 -0.6464 -0.1663
vn 0.5394 0.4542 -0.7090
vn 0.9840 0.1572 0.0833
vn -0.8630 -0.4693 -0.1872
vn 0.8370 0.3281 -0.4379
vn -0.1834 0.5819 -0.7923
vn 0.7266 -0.5951 -0.3434
vn 0.3199 0.8891 -0.3273
vn 0.1262 0.9309 0.3427
vn -0.0904 -0.4135 0.9060
vn -0.1118 -0.6995 -0.7058
vn -0.6919 -0.7116 0.1219
vn -0.2315 0.6827 -0.6931
vn 0.0186 0.3214 -0.9468
vn 0.7214 0.2952 0.6264
vn 0.4024 0.5233 0.7512
vn -0.3561 0.8427 0.4038
vn 0.8420 -0.4836 -0.2390
vn 0.9620 0.0029 -0.2730
vn 0.9623 0.0013 -0.2721
vn 0.9620 0.0033 -0.2731
vn 0.4189 -0.1446 -0.8965
vn 0.4205 -0.1386 -0.8966
vn 0.4165 -0.1393 -0.8984
vn 0.4122 -0.1460 -0.8993
vn -0.1334 -0.1599 -0.9781
vn -0.1384 -0.1686 -0.9759
vn -0.1377 -0.1674 -0.9762
vn -0.3277 -0.2472 -0.9119
vn -0.6307 -0.1174 -0.7671
vn -0.9360 -0.1262 -0.3285
vn -0.9434 -0.1073 -0.3139
vn -0.9505 -0.0992 0.2946
vn -0.9487 -0.1067 0.2976
vn -0.9478 -0.1005 0.3027
vn -0.9478 -0.0992 0.3030
vn -0.6163 0.0247 0.7872
vn -0.5515 0.0998 0.8282
vn -0.3032 0.0990 0.9478
vn 0.0186 0.3214 0.9468
vn 0.7218 0.2957 -0.6257
vn 0.4036 0.5238 -0.7501
vn -0.3547 0.8433 -0.4037
vn 0.8424 -0.4834 0.2382
vn 0.9631 0.0011 0.2692
vn 0.9657 0.0230 0.2585
vn 0.9658 -0.0166 0.2586
vn 0.3586 -0.1645 0.9189
vn 0.3467 -0.3073 0.8862
vn 0.3515 -0.3110 0.8830
vn 0.3513 -0.3109 0.8832
vn -0.2975 -0.3299 0.8959
vn -0.2991 -0.3315 0.8948
vn -0.3007 -0.3331 0.8937
vn -0.9387 -0.1681 0.3008
vn -0.9345 -0.1992 0.2951
vn -0.9344 -0.1837 0.3051
vn -0.9324 -0.1932 0.3054
vn -0.9342 -0.1850 0.3051
vn -0.9325 -0.1935 0.3050
vn -0.9348 -0.1965 0.2957
vn 0.9348 -0.1965 0.2957
vn 0.9344 -0.1948 0.2984
vn 0.9329 -0.1940 0.3035
vn 0.9342 -0.1850 0.3052
vn 0.9344 -0.1837 0.3051
vn 0.9345 -0.1992 0.2951
vn 0.9387 -0.1681 0.3008
vn 0.3007 -0.3331 0.8937
vn 0.2991 -0.3315 0.8948
vn 0.2975 -0.3299 0.8959
vn -0.3512 -0.3110 0.8831
vn -0.3516 -0.3110 0.8830
vn -0.3466 -0.3074 0.8862
vn -0.3586 -0.1645 0.9189
vn -0.9658 -0.0165 0.2586
vn -0.9658 -0.0166 0.2586
vn -0.9657 0.0230 0.2585
vn -0.9631 0.0011 0.2692
vn -0.8423 -0.4834 0.2382
vn 0.3547 0.8433 -0.4037
vn -0.4036 0.5238 -0.7501
vn -0.7218 0.2957 -0.6257
vn -0.0186 0.3214 0.9468
vn 0.3033 0.0989 0.9478
vn 0.5515 0.0998 0.8282
vn 0.6163 0.0247 0.7872
vn 0.9478 -0.0992 0.3030
vn 0.9487 -0.1067 0.2976
vn 0.9478 -0.1005 0.3027
vn 0.9505 -0.0992 0.2946
vn 0.9434 -0.1073 -0.3139
vn 0.9360 -0.1262 -0.3285
vn 0.6307 -0.1174 -0.7671
vn 0.3277 -0.2472 -0.9119
vn 0.1376 -0.1674 -0.9762
vn 0.1384 -0.1686 -0.9759
vn 0.1333 -0.1600 -0.9781
vn -0.4122 -0.1460 -0.8993
vn -0.4205 -0.1385 -0.8966
vn -0.4165 -0.1393 -0.8984
vn -0.4189 -0.1446 -0.8965
vn -0.9620 0.0032 -0.2731
vn -0.8420 -0.4836 -0.2390
vn 0.3561 0.8427 0.4038
vn -0.4024 0.5233 0.7512
vn -0.7214 0.2952 0.6264
vn -0.0186 0.3214 -0.9468
vn 0.2315 0.6827 -0.6931
vn 0.5778 0.2298 -0.7831
vn 0.1576 0.2328 -0.9597
vn 0.1607 0.1843 -0.9696
vn 0.1608 0.1842 -0.9696
vn 0.1592 0.1857 -0.9696
vn -0.1592 0.1857 -0.9696
vn -0.1608 0.1842 -0.9696
vn -0.1607 0.1843 -0.9696
vn -0.1622 0.1828 -0.9697
vn -0.5754 0.1827 -0.7972
vn -0.5489 0.2119 -0.8086
vn -0.8292 0.2265 -0.5109
vn -0.8291 0.2228 -0.5128
vn -0.8289 0.2240 -0.5126
vn -0.8089 0.2504 -0.5319
vn -0.9494 0.2587 -0.1783
vn -0.9473 0.2633 -0.1825
vn -0.9492 0.2590 -0.1786
vn -0.9451 0.2681 -0.1868
vn -0.9492 0.2692 0.1630
vn -0.9495 0.2665 0.1657
vn -0.9492 0.2691 0.1632
vn -0.9496 0.2662 0.1658
vn -0.8237 0.2764 0.4951
vn -0.8230 0.2737 0.4978
vn -0.8237 0.2760 0.4953
vn -0.8222 0.2708 0.5007
vn -0.5828 0.2887 0.7596
vn -0.5805 0.2851 0.7627
vn -0.5826 0.2884 0.7598
vn -0.5781 0.2813 0.7659
vn -0.1628 0.3048 0.9384
vn -0.1745 0.3160 0.9326
vn 0.1745 0.3160 0.9326
vn 0.1840 -0.0000 0.9829
vn 0.1700 0.0126 0.9854
vn 0.1677 -0.2992 0.9394
vn 0.1695 -0.3008 0.9385
vn 0.1714 -0.3025 0.9376
vn 0.1647 -0.5743 0.8019
vn 0.1655 -0.5749 0.8013
vn 0.1663 -0.5755 0.8007
vn 0.1604 -0.8315 0.5319
vn 0.1631 -0.8300 0.5333
vn 0.1630 -0.8297 0.5338
vn 0.5578 -0.6993 0.4469
vn 0.5750 -0.8120 0.1000
vn 0.5526 -0.8242 0.1235
vn 0.9305 -0.3128 -0.1904
vn 0.8437 -0.3117 -0.4371
vn 0.8534 -0.2693 -0.4462
vn 0.5989 -0.2567 -0.7585
vn 0.6098 -0.1497 -0.7783
vn 0.6097 -0.1498 -0.7784
vn 0.2172 -0.1502 -0.9645
vn 0.2154 -0.1528 -0.9645
vn 0.2151 -0.1531 -0.9645
vn 0.2164 -0.0875 -0.9724
vn 0.2169 -0.0881 -0.9722
vn 0.2167 -0.0879 -0.9723
vn 0.2172 -0.0885 -0.9721
vn 0.2172 0.0873 -0.9722
vn 0.2170 0.0877 -0.9722
vn 0.2143 0.0912 -0.9725
vn 0.2140 0.0914 -0.9726
vn 0.2129 0.5351 -0.8175
vn 0.2138 0.5359 -0.8168
vn 0.2121 0.5345 -0.8181
vn -0.2138 0.5359 -0.8168
vn -0.2129 0.5351 -0.8175
vn -0.2120 0.5345 -0.8182
vn -0.2120 0.5344 -0.8182
vn -0.6365 0.4313 -0.6394
vn -0.6360 0.4308 -0.6403
vn -0.6354 0.4305 -0.6410
vn -0.6354 0.4303 -0.6412
vn -0.8678 0.2870 -0.4057
vn -0.8794 0.3172 -0.3549
vn -0.9964 0.0721 0.0442
vn -0.9932 0.0968 0.0654
vn -0.9793 0.1382 0.1478
vn -0.8625 0.4936 0.1120
vn -0.8263 0.4858 0.2851
vn -0.5965 0.7292 0.3352
vn -0.5600 0.6156 0.5545
vn -0.5590 0.6154 0.5557
vn -0.5556 0.6153 0.5592
vn -0.5513 0.6149 0.5639
vn -0.5012 0.7758 0.3833
vn -0.2158 0.8513 0.4782
vn -0.6720 0.7068 -0.2210
vn -0.2330 0.9340 -0.2709
vn -0.2655 0.9638 -0.0234
vn 0.2655 0.9638 -0.0234
vn 0.2623 0.9649 0.0135
vn 0.6888 0.7229 0.0546
vn 0.7716 0.6070 -0.1902
vn 0.9764 0.0654 -0.2059
vn 0.9281 0.0361 -0.3705
vn 0.9287 0.0302 -0.3697
vn 0.9286 0.0313 -0.3699
vn 0.9016 -0.0708 -0.4267
vn 0.3452 -0.2719 -0.8983
vn 0.3435 -0.2698 -0.8996
vn 0.3436 -0.2699 -0.8995
vn 0.1993 -0.8294 -0.5218
vn -0.1993 -0.8294 -0.5218
vn -0.2037 -0.8345 -0.5119
vn -0.1999 -0.8299 -0.5209
vn -0.2042 -0.8352 -0.5106
vn -0.6559 -0.6881 -0.3104
vn -0.6025 -0.7931 -0.0890
vn -0.6395 -0.7652 -0.0744
vn -0.6413 -0.7672 -0.0111
vn -0.9971 -0.0680 -0.0347
vn -0.9970 -0.0687 -0.0353
vn -0.9969 -0.0693 -0.0359
vn -0.8027 0.5943 -0.0500
vn -0.6625 0.5221 0.5371
vn -0.1912 0.8122 0.5511
vn -0.0290 0.2756 0.9608
vn 0.0290 0.2756 0.9608
vn 0.1697 0.1476 0.9744
vn 0.6626 0.5000 0.5576
vn 0.9764 0.0653 -0.2059
vn 0.3452 -0.2720 -0.8982
vn 0.3436 -0.2700 -0.8995
vn -0.2038 -0.8345 -0.5120
vn -0.6026 -0.7931 -0.0890
vn 0.6626 0.5001 0.5576
vn 0.8239 0.2416 -0.5126
vn 0.5660 0.2545 -0.7841
vn 0.5755 0.1826 -0.7972
vn 0.1622 0.1828 -0.9697
vn 0.1645 0.0339 -0.9858
vn 0.1594 0.0394 -0.9864
vn 0.1649 0.0340 -0.9857
vn -0.1649 0.0340 -0.9857
vn -0.1594 0.0394 -0.9864
vn -0.1645 0.0340 -0.9858
vn -0.1596 0.0398 -0.9864
vn -0.5611 0.0475 -0.8264
vn -0.5572 0.0526 -0.8287
vn -0.5607 0.0478 -0.8266
vn -0.5571 0.0529 -0.8288
vn -0.8333 0.0726 -0.5480
vn -0.8288 0.0811 -0.5536
vn -0.8330 0.0732 -0.5484
vn -0.8285 0.0818 -0.5540
vn -0.9775 0.0846 -0.1932
vn -0.9742 0.0980 -0.2032
vn -0.9769 0.0983 0.1896
vn -0.9782 -0.1226 0.1676
vn -0.9750 -0.1360 0.1756
vn -0.9628 -0.2313 0.1399
vn -0.8456 -0.4404 0.3017
vn -0.8388 -0.4833 0.2507
vn -0.5716 -0.6813 0.4572
vn -0.5578 -0.6993 0.4469
vn -0.1630 -0.8297 0.5338
vn -0.1632 -0.8300 0.5334
vn -0.1604 -0.8315 0.5319
vn -0.1578 -0.8332 0.5300
vn 0.1578 -0.8332 0.5300
vn 0.1645 -0.9798 0.1133
vn 0.1640 -0.9799 0.1136
vn 0.1568 -0.9804 0.1197
vn 0.1563 -0.9804 0.1202
vn -0.1455 0.4739 0.8685
vn 0.1455 0.4739 0.8685
vn 0.1460 0.4736 0.8686
vn 0.1504 0.4707 0.8694
vn 0.1509 0.4703 0.8695
vn 0.5419 0.4414 0.7152
vn 0.5479 0.4348 0.7146
vn 0.5480 0.4347 0.7146
vn 0.5483 0.4345 0.7146
vn 0.7763 0.3979 0.4889
vn 0.8074 0.3357 0.4853
vn 0.9547 0.2475 0.1652
vn 0.9566 0.2404 0.1646
vn 0.9553 0.2452 0.1650
vn 0.9573 0.2379 0.1644
vn 0.9548 0.2373 -0.1793
vn 0.9492 0.2590 -0.1786
vn 0.9473 0.2633 -0.1825
vn 0.9494 0.2587 -0.1783
vn 0.8089 0.2504 -0.5319
vn 0.8330 0.0732 -0.5484
vn 0.8288 0.0811 -0.5536
vn 0.8333 0.0726 -0.5480
vn 0.5608 0.0478 -0.8266
vn 0.5571 0.0529 -0.8288
vn 0.5572 0.0525 -0.8287
vn 0.5539 -0.1721 -0.8146
vn 0.5513 -0.1684 -0.8171
vn 0.5541 -0.1723 -0.8144
vn 0.1563 -0.2065 -0.9659
vn 0.1549 -0.2051 -0.9664
vn 0.1564 -0.2066 -0.9658
vn 0.1502 -0.5322 -0.8332
vn 0.1477 -0.5302 -0.8349
vn -0.1477 -0.5302 -0.8349
vn -0.1502 -0.5322 -0.8332
vn -0.1528 -0.5343 -0.8314
vn -0.5308 -0.4641 -0.7091
vn -0.5482 -0.4834 -0.6825
vn -0.8339 -0.3372 -0.4370
vn -0.8438 -0.3904 -0.3681
vn -0.9623 -0.2069 -0.1764
vn 0.6745 0.3831 0.6311
vn 0.6666 0.3914 0.6344
vn 0.6671 0.3910 0.6341
vn 0.9370 0.3062 0.1680
vn 0.9370 0.3063 0.1680
vn 0.9369 0.3064 0.1685
vn 0.6676 0.7444 0.0175
vn 0.6676 0.7444 -0.0175
vn 0.5075 0.8253 -0.2477
vn 0.6753 0.3822 -0.6308
vn 0.1080 0.4606 -0.8810
vn 0.0280 -0.4195 -0.9073
vn 0.1019 -0.4355 -0.8944
vn 0.0999 -0.4345 -0.8951
vn 0.1060 -0.4377 -0.8929
vn 0.0729 -0.9358 -0.3449
vn 0.0724 -0.9358 -0.3450
vn 0.0723 -0.9358 -0.3451
vn 0.1037 -0.9332 -0.3441
vn 0.1041 -0.9334 -0.3434
vn 0.0982 -0.9327 -0.3471
vn 0.0940 -0.9351 -0.3416
vn 0.0910 -0.9344 -0.3445
vn 0.0346 -0.9375 -0.3463
vn 0.0360 -0.9361 -0.3499
vn 0.0334 -0.9377 -0.3458
vn 0.0659 -0.4353 -0.8979
vn 0.0408 -0.4321 -0.9009
vn 0.0479 -0.4268 -0.9031
vn 0.0405 -0.4321 -0.9009
vn 0.0405 0.4321 -0.9009
vn 0.0478 0.4269 -0.9030
vn 0.0409 0.4321 -0.9009
vn 0.0483 0.4264 -0.9032
vn 0.0360 0.9361 -0.3499
vn 0.0452 0.9369 -0.3466
vn 0.0446 0.9369 -0.3468
vn 0.0280 0.9395 -0.3413
vn 0.0279 0.9371 0.3479
vn 0.0281 0.9372 0.3477
vn 0.0300 0.9379 0.3456
vn 0.0302 0.9380 0.3453
vn 0.0826 0.4253 0.9013
vn 0.0787 0.4212 0.9036
vn -0.0787 0.4212 0.9036
vn -0.0826 0.4253 0.9013
vn -0.0302 0.9380 0.3453
vn -0.0279 0.9371 0.3479
vn -0.0295 0.9400 -0.3398
vn -0.0306 0.9404 -0.3387
vn -0.0280 0.9395 -0.3413
vn -0.0446 0.9369 -0.3468
vn -0.0452 0.9369 -0.3466
vn -0.0360 0.9361 -0.3499
vn -0.0483 0.4264 -0.9032
vn -0.0478 0.4269 -0.9030
vn -0.0409 0.4321 -0.9009
vn -0.0405 0.4321 -0.9009
vn -0.0479 -0.4268 -0.9031
vn -0.0408 -0.4321 -0.9009
vn -0.0405 -0.4321 -0.9009
vn -0.0659 -0.4353 -0.8979
vn -0.0361 -0.9360 -0.3501
vn -0.0347 -0.9375 -0.3463
vn -0.0334 -0.9377 -0.3458
vn -0.0910 -0.9344 -0.3445
vn -0.0940 -0.9351 -0.3416
vn -0.0982 -0.9327 -0.3471
vn -0.1041 -0.9334 -0.3433
vn -0.1037 -0.9332 -0.3442
vn -0.0727 -0.9358 -0.3450
vn -0.0730 -0.9358 -0.3449
vn -0.0722 -0.9358 -0.3451
vn -0.1060 -0.4376 -0.8929
vn -0.0998 -0.4345 -0.8951
vn -0.1019 -0.4355 -0.8944
vn -0.0280 -0.4194 -0.9074
vn -0.1080 0.4606 -0.8810
vn -0.6745 0.3831 -0.6311
vn -0.6671 0.3910 -0.6341
vn -0.6753 0.3822 -0.6308
vn -0.5075 0.8253 -0.2477
vn -0.6675 0.7444 -0.0175
vn -0.6675 0.7444 0.0175
vn -0.9369 0.3064 0.1685
vn -0.6667 0.3913 0.6344
vn 0.7154 -0.5457 0.4363
vn 0.6655 -0.5986 0.4459
vn 0.3654 -0.5212 0.7713
vn 0.2301 -0.5870 0.7762
vn 0.2499 -0.6180 0.7454
vn -0.2499 -0.6180 0.7454
vn -0.2135 -0.3081 0.9271
vn -0.0236 -0.4347 0.9003
vn -0.0202 -0.4328 0.9013
vn -0.0213 -0.4334 0.9009
vn -0.1695 -0.5643 0.8080
vn -0.0321 -0.0469 0.9984
vn -0.9386 -0.3351 0.0824
vn -0.7078 -0.0475 0.7048
vn -0.5655 -0.2958 0.7699
vn -0.5793 -0.3043 0.7562
vn -0.2479 -0.4592 0.8530
vn 0.0068 0.7322 0.6811
vn 0.0066 0.7326 0.6806
vn 0.0078 0.7298 0.6837
vn -0.0066 0.7326 0.6806
vn -0.0080 0.7292 0.6843
vn -0.1818 0.6883 0.7023
vn -0.1816 0.6876 0.7031
vn -0.4124 0.4757 0.7770
vn 0.6023 0.0231 0.7979
vn 0.5922 0.0356 0.8050
vn 0.8531 0.0484 0.5195
vn 0.8455 0.0629 0.5302
vn 0.9824 0.0737 0.1715
vn 0.9769 0.0983 0.1896
vn 0.9742 0.0980 -0.2032
vn 0.9742 -0.1151 -0.1941
vn 0.9717 -0.1240 -0.2012
vn 0.9714 -0.1248 -0.2021
vn 0.9713 -0.1252 -0.2021
vn 0.9623 -0.2069 -0.1764
vn 0.8438 -0.3904 -0.3681
vn 0.8381 -0.4529 -0.3041
vn 0.5450 -0.6626 -0.5138
vn 0.5450 -0.6626 -0.5137
vn 0.1527 -0.7788 -0.6084
vn 0.1499 -0.7809 -0.6064
vn 0.1498 -0.7810 -0.6063
vn 0.1472 -0.7830 -0.6044
vn -0.1499 -0.7810 -0.6063
vn -0.1472 -0.7830 -0.6044
vn -0.1499 -0.7809 -0.6064
vn -0.1575 -0.9582 -0.2390
vn -0.5453 -0.8133 -0.2028
vn 0.9081 -0.4172 -0.0365
vn 0.9374 -0.3382 -0.0828
vn 0.9210 -0.3322 -0.2036
vn 0.9328 -0.2921 -0.2112
vn 0.9334 -0.2907 -0.2105
vn 0.9292 -0.3003 -0.2155
vn 0.8430 -0.2863 -0.4555
vn 0.8670 -0.1438 -0.4772
vn 0.8671 -0.1436 -0.4769
vn 0.8655 -0.1468 -0.4789
vn 0.6099 -0.1495 -0.7783
vn 0.6146 -0.0566 -0.7868
vn 0.6233 -0.0701 -0.7788
vn 0.6211 0.1091 -0.7761
vn 0.6387 0.0776 -0.7656
vn 0.6359 0.4308 -0.6403
vn 0.6365 0.4313 -0.6394
vn 0.6354 0.4305 -0.6410
vn 0.2120 0.5344 -0.8182
vn 0.2077 0.8087 -0.5503
vn -0.2077 0.8087 -0.5503
vn -0.6345 0.6446 -0.4265
vn -0.6684 0.6547 -0.3531
vn 0.5442 0.8019 0.2465
vn 0.8342 0.4610 0.3026
vn 0.8340 0.4616 0.3022
vn 0.8336 0.4633 0.3009
vn 0.8336 0.4635 0.3006
vn 0.9479 -0.1756 0.2660
vn 0.9567 -0.1484 0.2504
vn 0.9142 -0.3390 0.2222
vn 0.8523 -0.4279 0.3008
vn 0.6455 -0.7287 0.2285
vn 0.4415 -0.7070 0.5524
vn 0.3957 -0.7217 0.5679
vn 0.0245 -0.4353 0.9000
vn 0.0213 -0.4334 0.9009
vn 0.0235 -0.4347 0.9003
vn 0.0202 -0.4328 0.9013
vn 0.1695 -0.5643 0.8080
vn 0.5612 -0.3908 0.7296
vn 0.6731 -0.7371 0.0594
vn 0.6729 -0.7372 0.0610
vn 0.6730 -0.7372 0.0598
vn 0.6728 -0.7373 0.0615
vn 0.5655 -0.2958 0.7699
vn 0.5793 -0.3043 0.7562
vn 0.8667 -0.2707 -0.4190
vn 0.6085 -0.2666 -0.7475
vn 0.6117 -0.2397 -0.7539
vn 0.2155 -0.2187 -0.9517
vn 0.2175 -0.1497 -0.9645
vn -0.2175 -0.1497 -0.9645
vn -0.2172 -0.1502 -0.9645
vn -0.2154 -0.1528 -0.9645
vn -0.2151 -0.1531 -0.9645
vn -0.6097 -0.1498 -0.7784
vn -0.6098 -0.1497 -0.7783
vn -0.6099 -0.1495 -0.7783
vn -0.8671 -0.1436 -0.4769
vn -0.8670 -0.1438 -0.4771
vn -0.8655 -0.1467 -0.4789
vn -0.8654 -0.1470 -0.4789
vn -0.9616 -0.1442 -0.2333
vn -0.9576 -0.1578 -0.2411
vn -0.9829 -0.1619 -0.0874
vn -0.9676 0.2499 -0.0368
vn -0.8857 0.4402 0.1476
vn -0.5457 0.8042 0.2357
vn 0.9402 -0.3308 -0.0809
vn 0.9467 -0.3075 -0.0957
vn 0.9839 -0.1529 -0.0920
vn 0.9838 -0.1543 -0.0912
vn 0.9831 -0.1608 -0.0879
vn 0.9829 -0.1619 -0.0874
vn 0.9676 0.2499 -0.0367
vn 0.9350 0.3382 -0.1063
vn 0.6351 0.6872 0.3527
vn 0.9425 0.2066 0.2627
vn 0.8929 0.2660 0.3634
vn 0.8529 0.3873 0.3500
vn 0.5590 0.6154 0.5557
vn 0.5600 0.6156 0.5545
vn 0.5556 0.6153 0.5592
vn 0.5965 0.7293 0.3352
vn 0.5810 0.7535 0.3077
vn 0.6194 0.7838 -0.0449
vn 0.6196 0.7836 -0.0447
vn 0.6243 0.7802 -0.0396
vn 0.6247 0.7799 -0.0392
vn 0.6413 0.7637 -0.0742
vn -0.3073 -0.0958 0.9468
vn -0.2709 -0.2159 0.9381
vn -0.4221 -0.0956 0.9015
vn -0.4296 0.0503 0.9016
vn -0.3859 0.0037 0.9225
vn -0.3785 -0.1801 0.9079
vn 0.3087 -0.2046 0.9289
vn 0.3032 -0.2007 0.9315
vn 0.3034 -0.2004 0.9315
vn 0.3040 -0.1995 0.9316
vn 0.9465 -0.1349 0.2932
vn 0.9466 -0.1401 0.2904
vn 0.9465 -0.1356 0.2929
vn 0.9468 -0.1401 0.2897
vn 0.9352 -0.0979 -0.3402
vn 0.9359 -0.0935 -0.3398
vn 0.9353 -0.0974 -0.3401
vn 0.9359 -0.0927 -0.3397
vn 0.3773 -0.0539 -0.9245
vn 0.3755 0.0427 -0.9258
vn 0.3758 0.0428 -0.9257
vn 0.3756 0.0427 -0.9258
vn 0.3759 0.0429 -0.9257
vn -0.0717 -0.6406 -0.7645
vn 0.0511 -0.3666 -0.9290
vn 0.0416 -0.9957 0.0824
vn -0.5635 0.5331 0.6311
vn -0.8230 -0.2493 0.5104
vn -0.9213 0.3507 0.1681
vn 0.7048 0.7004 0.1124
vn 0.6594 0.6333 0.4051
vn 0.3209 0.8478 0.4223
vn 0.2058 0.8428 0.4973
vn -0.2058 0.8428 0.4973
vn -0.0517 0.3729 0.9264
vn -0.0518 0.3724 0.9266
vn -0.0607 0.3649 0.9290
vn -0.0616 0.3655 0.9288
vn 0.2753 0.7939 -0.5421
vn 0.6847 0.5836 -0.4365
vn 0.2845 0.9103 -0.3005
vn 0.3015 0.9008 0.3125
vn -0.2594 0.6232 0.7378
vn -0.2991 0.4605 0.8357
vn -0.3997 0.3145 0.8610
vn -0.0721 -0.7533 0.6537
vn 0.1471 -0.0860 0.9854
vn 0.3711 -0.3989 0.8386
vn 0.3279 0.0914 0.9403
vn 0.3630 0.1296 0.9227
vn -0.6158 -0.3712 0.6950
vn 0.4961 0.4706 0.7296
vn 0.4950 0.4724 0.7292
vn 0.4957 0.4707 0.7298
vn 0.4953 0.4727 0.7289
vn 0.4124 0.4757 0.7770
vn 0.1818 0.6881 0.7024
vn 0.1817 0.6881 0.7025
vn 0.1816 0.6876 0.7031
vn 0.3073 -0.0958 0.9468
vn 0.2709 -0.2159 0.9381
vn 0.4221 -0.0956 0.9015
vn 0.4296 0.0503 0.9016
vn 0.3859 0.0038 0.9225
vn 0.3785 -0.1801 0.9079
vn -0.3087 -0.2046 0.9289
vn -0.3034 -0.2004 0.9315
vn -0.3032 -0.2006 0.9316
vn -0.3040 -0.1995 0.9316
vn -0.9465 -0.1349 0.2932
vn -0.9465 -0.1356 0.2929
vn -0.9466 -0.1401 0.2903
vn -0.9468 -0.1401 0.2897
vn -0.9352 -0.0979 -0.3402
vn -0.9353 -0.0974 -0.3401
vn -0.9359 -0.0935 -0.3398
vn -0.9359 -0.0927 -0.3397
vn -0.3773 -0.0539 -0.9245
vn -0.3755 0.0427 -0.9258
vn -0.3759 0.0429 -0.9257
vn 0.8244 -0.2873 0.4877
vn 0.8245 -0.2867 0.4877
vn 0.8244 -0.2871 0.4877
vn 0.6301 -0.5567 0.5415
vn 0.5676 -0.5351 0.6257
vn -0.5676 -0.5351 0.6257
vn -0.4199 -0.2287 0.8783
vn -0.5075 0.0986 0.8560
vn -0.4641 0.1954 0.8640
vn -0.4972 0.4352 0.7506
vn -0.2669 0.8253 0.4976
vn -0.2342 0.9451 -0.2277
vn -0.2343 0.9450 -0.2281
vn -0.2333 0.9456 -0.2268
vn 0.2343 0.9450 -0.2281
vn 0.2322 0.9462 -0.2253
vn 0.8641 0.3929 0.3145
vn 0.8791 0.3586 0.3140
vn 0.8227 -0.2876 0.4904
vn 0.9563 0.2314 -0.1787
vn 0.8275 0.2311 -0.5118
vn 0.8289 0.2240 -0.5127
vn 0.8279 0.2291 -0.5120
vn 0.8291 0.2228 -0.5128
vn 0.5489 0.2119 -0.8086
vn 0.5611 0.0475 -0.8264
vn 0.1596 0.0398 -0.9864
vn 0.1578 -0.2081 -0.9653
vn -0.1578 -0.2081 -0.9653
vn -0.1564 -0.2066 -0.9658
vn -0.1563 -0.2065 -0.9659
vn -0.1549 -0.2051 -0.9664
vn -0.5541 -0.1723 -0.8144
vn -0.5513 -0.1684 -0.8171
vn -0.5539 -0.1721 -0.8146
vn -0.5511 -0.1680 -0.8173
vn -0.8294 -0.1183 -0.5460
vn -0.8527 -0.1868 -0.4878
vn -0.9714 -0.1248 -0.2021
vn -0.9713 -0.1252 -0.2021
vn -0.9717 -0.1240 -0.2012
vn 0.1092 -0.4392 -0.8918
vn 0.1088 -0.4392 -0.8918
vn 0.0990 -0.4300 -0.8974
vn 0.0977 -0.4300 -0.8975
vn 0.0889 -0.4293 -0.8988
vn 0.0875 -0.4285 -0.8993
vn 0.0878 -0.4284 -0.8993
vn 0.0875 -0.4284 -0.8993
vn 0.0878 0.4284 -0.8993
vn 0.0875 0.4284 -0.8993
vn 0.0875 0.4286 -0.8993
vn 0.0659 0.4353 -0.8979
vn 0.0334 0.9377 -0.3458
vn 0.0346 0.9375 -0.3463
vn 0.0551 0.9307 0.3616
vn 0.0554 0.9307 0.3615
vn 0.0553 0.9307 0.3616
vn 0.0583 0.9315 0.3590
vn 0.0468 0.4340 0.8997
vn 0.0412 0.4272 0.9032
vn -0.0412 0.4272 0.9032
vn -0.0474 0.4341 0.8996
vn -0.0468 0.4340 0.8997
vn -0.0533 0.4345 0.8991
vn -0.0582 0.9315 0.3590
vn -0.0552 0.9308 0.3614
vn -0.0553 0.9308 0.3613
vn -0.0551 0.9307 0.3616
vn -0.0346 0.9375 -0.3463
vn -0.0334 0.9377 -0.3458
vn -0.0659 0.4353 -0.8979
vn -0.0875 0.4286 -0.8993
vn -0.0875 0.4284 -0.8993
vn -0.0878 0.4284 -0.8993
vn -0.0875 -0.4284 -0.8993
vn -0.0873 -0.4285 -0.8993
vn -0.0878 -0.4284 -0.8993
vn -0.0889 -0.4293 -0.8988
vn -0.0977 -0.4299 -0.8976
vn -0.0989 -0.4299 -0.8974
vn -0.1088 -0.4392 -0.8918
vn -0.1092 -0.4392 -0.8917
vn 0.6236 -0.2387 -0.7444
vn 0.2246 -0.2457 -0.9430
vn 0.2259 -0.2042 -0.9525
vn -0.2259 -0.2042 -0.9525
vn -0.2155 -0.2187 -0.9517
vn -0.6117 -0.2397 -0.7539
vn -0.5989 -0.2568 -0.7585
vn -0.8534 -0.2694 -0.4462
vn -0.8430 -0.2863 -0.4555
vn -0.9334 -0.2907 -0.2105
vn -0.9328 -0.2921 -0.2112
vn -0.9292 -0.3003 -0.2155
vn -0.9286 -0.3016 -0.2162
vn -0.9467 -0.3075 -0.0957
vn -0.9839 -0.1529 -0.0920
vn -0.4953 0.4727 0.7289
vn 0.7485 -0.1148 0.6531
vn 0.6158 -0.3712 0.6950
vn -0.3630 0.1296 0.9227
vn -0.7300 -0.5411 0.4177
vn -0.3711 -0.3989 0.8386
vn -0.1471 -0.0860 0.9854
vn 0.1099 0.0028 0.9939
vn 0.1483 0.3015 0.9419
vn 0.4406 0.5906 0.6760
vn 0.3683 0.7796 0.5065
vn 0.3755 0.8668 0.3282
vn 0.3756 0.8667 0.3283
vn 0.3658 0.8695 0.3319
vn 0.2328 0.9446 0.2312
vn 0.0814 -0.9366 0.3408
vn 0.0615 -0.9373 0.3432
vn 0.0722 -0.9334 0.3514
vn 0.0642 -0.9369 0.3436
vn 0.0795 -0.9352 0.3450
vn 0.0800 -0.9352 0.3449
vn 0.0880 -0.9286 0.3604
vn 0.0552 -0.9308 0.3613
vn 0.0551 -0.9307 0.3616
vn 0.0445 -0.9369 -0.3468
vn 0.0452 -0.9369 -0.3466
vn 0.0483 -0.4264 -0.9032
vn 0.0219 -0.4266 -0.9042
vn 0.0219 0.4266 -0.9042
vn 0.0219 0.4262 -0.9043
vn 0.0253 0.4225 -0.9060
vn 0.0257 0.4223 -0.9061
vn 0.0308 0.9405 -0.3384
vn 0.2542 0.9643 0.0742
vn 0.2540 0.9644 0.0741
vn -0.2540 0.9644 0.0741
vn -0.2554 0.9639 0.0750
vn -0.5000 0.8650 0.0415
vn -0.6634 0.6991 0.2668
vn -0.7512 0.6071 0.2591
vn -0.7627 0.5895 0.2660
vn -0.8983 0.3641 0.2459
vn -0.9505 0.1115 0.2899
vn -0.9292 0.1848 0.3200
vn -0.9386 -0.1852 0.2911
vn -0.7310 -0.5429 -0.4134
vn -0.3230 -0.9181 -0.2299
vn -0.0814 -0.9366 0.3408
vn -0.0615 -0.9373 0.3432
vn -0.0642 -0.9369 0.3436
vn -0.0652 -0.9361 0.3457
vn -0.0795 -0.9352 0.3450
vn -0.0800 -0.9352 0.3449
vn -0.0880 -0.9286 0.3604
vn -0.0551 -0.9308 0.3613
vn -0.0551 -0.9307 0.3616
vn -0.0552 -0.9308 0.3613
vn -0.0446 -0.9368 -0.3469
vn -0.0452 -0.9369 -0.3466
vn -0.0483 -0.4264 -0.9032
vn -0.0254 -0.4224 -0.9060
vn -0.0219 -0.4266 -0.9042
vn -0.0220 -0.4262 -0.9044
vn -0.0219 0.4266 -0.9042
vn -0.0257 0.4223 -0.9061
vn -0.0308 0.9405 -0.3384
vn -0.4525 0.4612 0.7632
vn 0.4526 0.4612 0.7632
vn 0.4625 0.4242 0.7786
vn 0.9794 0.0966 0.1774
vn 0.9730 0.1579 0.1681
vn 0.9378 0.1254 -0.3237
vn 0.9280 0.0373 -0.3707
vn 0.3704 -0.0379 -0.9281
vn 0.3430 -0.0724 -0.9365
vn -0.3430 -0.0724 -0.9365
vn -0.3454 -0.2722 -0.8981
vn -0.3437 -0.2699 -0.8994
vn -0.3452 -0.2720 -0.8982
vn -0.3435 -0.2698 -0.8996
vn 0.6684 0.6547 -0.3531
vn 0.6345 0.6446 -0.4265
vn 0.6200 0.6666 -0.4137
vn 0.6354 0.4303 -0.6412
vn 0.8678 0.2870 -0.4057
vn 0.8744 0.1009 -0.4747
vn 0.8801 0.0790 -0.4682
vn 0.8822 -0.0391 -0.4693
vn 0.8734 -0.0181 -0.4867
vn 0.8654 -0.1470 -0.4789
vn 0.9616 -0.1442 -0.2333
vn 0.9286 -0.3016 -0.2162
vn -0.4526 0.4612 0.7632
vn 0.4525 0.4612 0.7632
vn 0.4624 0.4242 0.7786
vn -0.3454 -0.2723 -0.8981
vn -0.3436 -0.2700 -0.8995
vn -0.3452 -0.2720 -0.8983
vn 0.2367 -0.2182 -0.9468
vn -0.2367 -0.2182 -0.9468
vn -0.2246 -0.2457 -0.9430
vn -0.6236 -0.2387 -0.7444
vn -0.6085 -0.2666 -0.7475
vn -0.8667 -0.2707 -0.4190
vn -0.8437 -0.3117 -0.4371
vn -0.9305 -0.3128 -0.1904
vn -0.9210 -0.3322 -0.2036
vn -0.9374 -0.3382 -0.0828
vn -0.9378 -0.3372 -0.0825
vn -0.9399 -0.3316 -0.0810
vn -0.9402 -0.3308 -0.0809
vn 0.2554 0.9639 0.0750
vn 0.5000 0.8651 0.0415
vn 0.6634 0.6991 0.2668
vn 0.7513 0.6070 0.2591
vn 0.7627 0.5895 0.2660
vn 0.8983 0.3642 0.2459
vn 0.9505 0.1115 0.2899
vn 0.9292 0.1848 0.3200
vn 0.9386 -0.1852 0.2911
vn 0.7310 -0.5429 -0.4134
vn 0.3230 -0.9181 -0.2299
vn -0.9330 -0.2460 0.2625
vn -0.9618 -0.1437 0.2329
vn -0.9588 0.0386 0.2815
vn -0.9627 0.0545 0.2651
vn -0.7956 0.4760 0.3747
vn -0.7909 0.4957 0.3589
vn -0.1648 0.8660 0.4720
vn -0.1641 0.8664 0.4715
vn 0.2882 0.8265 0.4836
vn 0.2844 0.8262 0.4864
vn 0.8675 0.2942 0.4012
vn -0.5442 0.8019 0.2465
vn -0.8342 0.4610 0.3026
vn -0.8336 0.4635 0.3006
vn -0.9479 -0.1756 0.2660
vn -0.9567 -0.1484 0.2504
vn -0.9142 -0.3390 0.2223
vn -0.8523 -0.4279 0.3008
vn -0.6455 -0.7287 0.2285
vn -0.4415 -0.7070 0.5524
vn -0.3957 -0.7217 0.5679
vn -0.0245 -0.4353 0.9000
vn 0.9331 -0.2459 0.2624
vn 0.9618 -0.1437 0.2329
vn 0.9588 0.0386 0.2815
vn 0.9627 0.0545 0.2651
vn 0.7956 0.4761 0.3747
vn 0.7908 0.4958 0.3589
vn 0.1648 0.8660 0.4720
vn 0.1644 0.8663 0.4718
vn 0.1645 0.8662 0.4718
vn 0.1642 0.8664 0.4715
vn -0.2882 0.8265 0.4836
vn -0.2879 0.8266 0.4837
vn -0.2864 0.8263 0.4849
vn -0.2844 0.8262 0.4863
vn -0.8675 0.2942 0.4011
vn -0.0889 0.4293 -0.8988
vn -0.0977 0.4299 -0.8976
vn -0.0989 0.4299 -0.8974
vn -0.1088 0.4392 -0.8918
vn -0.0975 0.4396 -0.8929
vn -0.0964 0.4391 -0.8932
vn -0.0962 0.4397 -0.8930
vn -0.0716 0.9265 -0.3694
vn -0.1828 0.9162 -0.3567
vn -0.1866 0.9131 -0.3626
vn -0.1873 0.9124 -0.3638
vn -0.1873 0.9124 0.3638
vn -0.1866 0.9131 0.3626
vn -0.1828 0.9162 0.3566
vn -0.1821 0.9168 0.3555
vn -0.1249 0.4632 0.8774
vn -0.1269 0.4609 0.8783
vn 0.1269 0.4609 0.8783
vn 0.1252 0.4632 0.8774
vn 0.1266 0.4613 0.8782
vn 0.1249 0.4632 0.8774
vn 0.1821 0.9168 0.3555
vn 0.1866 0.9131 0.3626
vn 0.1828 0.9162 0.3566
vn 0.1873 0.9124 0.3638
vn 0.1866 0.9131 -0.3626
vn 0.1828 0.9162 -0.3566
vn 0.1873 0.9124 -0.3638
vn 0.0716 0.9265 -0.3694
vn 0.0962 0.4397 -0.8930
vn 0.0975 0.4396 -0.8929
vn 0.0963 0.4392 -0.8932
vn 0.1088 0.4392 -0.8918
vn 0.0990 0.4299 -0.8974
vn 0.0889 0.4293 -0.8988
vn 0.0978 0.4300 -0.8975
vn 0.9560 -0.0558 0.2882
vn 0.7566 -0.5016 0.4196
vn 0.1013 -0.7376 0.6676
vn 0.7062 -0.0000 0.7080
vn 0.4240 -0.0000 0.9056
vn 0.3955 -0.0000 0.9185
vn 0.4833 0.1185 0.8674
vn 0.1710 0.1699 0.9705
vn 0.4308 0.7262 0.5358
vn 0.2256 0.9403 0.2547
vn 0.5012 0.7758 0.3833
vn 0.5513 0.6149 0.5639
vn 0.2106 0.7358 0.6436
vn 0.1836 0.7522 0.6328
vn -0.1836 0.7522 0.6328
vn -0.1922 0.9215 0.3376
vn -0.5810 0.7535 0.3077
vn -0.6242 0.7803 -0.0396
vn -0.6195 0.7837 -0.0445
vn -0.6194 0.7838 -0.0449
vn -0.5865 0.8097 -0.0211
vn 0.9910 -0.0676 -0.1153
vn 0.6395 -0.7652 -0.0744
vn 0.6412 -0.7673 -0.0111
vn 0.4952 -0.8639 0.0922
vn 0.4760 -0.8144 0.3320
vn 0.1056 -0.8452 0.5239
vn 0.1948 -0.1698 0.9660
vn -0.1947 -0.1698 0.9660
vn -0.2056 -0.1539 0.9665
vn -0.8114 -0.1320 0.5694
vn 0.1101 -0.4273 0.8974
vn 0.0714 -0.4407 0.8948
vn 0.0501 -0.4412 0.8960
vn 0.0536 -0.4345 0.8991
vn 0.0474 -0.4340 0.8997
vn 0.0533 -0.4343 0.8992
vn 0.0468 -0.4340 0.8997
vn 0.0582 -0.9315 0.3590
vn 0.0279 -0.9371 0.3479
vn 0.0280 -0.9395 -0.3413
vn 0.0295 -0.9400 -0.3398
vn 0.0306 -0.9404 -0.3388
vn 0.0309 -0.9405 -0.3384
vn 0.0258 -0.4223 -0.9061
vn 0.1719 0.2123 -0.9620
vn -0.1719 0.2123 -0.9620
vn -0.1576 0.2328 -0.9597
vn -0.5778 0.2298 -0.7831
vn -0.5660 0.2545 -0.7841
vn -0.8239 0.2416 -0.5126
vn -0.8247 0.2394 -0.5125
vn -0.9563 0.2314 -0.1787
vn -0.9552 0.2357 -0.1791
vn -0.9559 0.2329 -0.1788
vn -0.9548 0.2373 -0.1793
vn -0.9573 0.2379 0.1644
vn -0.1101 -0.4273 0.8974
vn -0.0715 -0.4406 0.8948
vn -0.0501 -0.4412 0.8960
vn -0.0531 -0.4356 0.8986
vn -0.0508 -0.4399 0.8966
vn -0.0536 -0.4345 0.8991
vn -0.0468 -0.4340 0.8997
vn -0.0582 -0.9315 0.3590
vn -0.0300 -0.9379 0.3456
vn -0.0279 -0.9371 0.3479
vn -0.0280 -0.9372 0.3478
vn -0.0280 -0.9395 -0.3413
vn -0.0308 -0.9405 -0.3384
vn -0.0257 -0.4223 -0.9061
vn 0.1056 -0.8452 0.5238
vn 0.1947 -0.1698 0.9660
vn -0.4308 0.7262 0.5358
vn -0.1710 0.1699 0.9705
vn -0.4833 0.1185 0.8674
vn -0.3955 -0.0000 0.9185
vn -0.4240 -0.0000 0.9057
vn -0.4240 -0.0000 0.9056
vn -0.7062 -0.0000 0.7080
vn -0.1013 -0.7376 0.6676
vn -0.7566 -0.5016 0.4196
vn -0.9559 -0.0559 0.2882
vn 0.7431 0.1897 0.6418
vn 0.6098 0.0840 0.7881
vn 0.1031 -0.7476 0.6561
vn 0.2681 -0.7912 0.5497
vn 0.2411 -0.8057 0.5410
vn 0.2944 -0.8056 0.5142
vn 0.2920 -0.8069 0.5134
vn 0.2898 -0.8081 0.5128
vn 0.2897 -0.8082 0.5127
vn 0.1323 -0.8079 0.5743
vn 0.3208 -0.5114 0.7972
vn 0.8285 -0.4261 -0.3634
vn 0.7149 -0.5298 -0.4564
vn 0.4538 -0.2951 -0.8408
vn -0.5660 -0.1731 -0.8060
vn -0.5366 -0.0120 -0.8438
vn -0.5399 -0.0083 -0.8417
vn -0.5369 -0.0116 -0.8436
vn -0.5403 -0.0078 -0.8414
vn -0.4132 0.5068 -0.7566
vn -0.5106 0.6321 -0.5828
vn -0.1604 0.8953 -0.4155
vn 0.9729 0.1861 -0.1374
vn 0.9733 0.1872 0.1331
vn 0.9681 -0.0039 0.2506
vn 0.9681 -0.0013 0.2505
vn 0.9679 -0.0138 0.2509
vn 0.7044 0.4026 0.5846
vn 0.6142 0.4013 0.6795
vn 0.2315 0.6827 0.6931
vn -0.4570 -0.5417 -0.7055
vn 0.0774 0.4967 -0.8645
vn -0.3208 -0.5114 0.7972
vn -0.1323 -0.8079 0.5743
vn -0.2897 -0.8082 0.5127
vn -0.2920 -0.8069 0.5134
vn -0.2899 -0.8081 0.5127
vn -0.2944 -0.8056 0.5142
vn -0.2411 -0.8057 0.5410
vn -0.2681 -0.7912 0.5497
vn -0.1031 -0.7476 0.6561
vn -0.6098 0.0840 0.7881
vn -0.7430 0.1896 0.6418
vn 0.0717 -0.6406 -0.7645
vn -0.0511 -0.3666 -0.9290
vn -0.0416 -0.9957 0.0824
vn 0.5635 0.5331 0.6311
vn 0.8230 -0.2492 0.5104
vn 0.9213 0.3507 0.1681
vn -0.7048 0.7004 0.1124
vn -0.6594 0.6333 0.4051
vn -0.3209 0.8478 0.4223
vn -0.0774 0.4967 -0.8645
vn 0.4570 -0.5417 -0.7055
vn -0.2315 0.6827 0.6931
vn -0.6142 0.4013 0.6795
vn -0.7044 0.4026 0.5846
vn -0.9679 -0.0138 0.2509
vn -0.9681 -0.0012 0.2505
vn -0.9681 -0.0038 0.2506
vn -0.9733 0.1872 0.1331
vn -0.9729 0.1861 -0.1374
vn -0.9159 0.3313 -0.2267
vn -0.9996 0.0010 0.0281
vn -0.9993 0.0260 0.0281
vn -0.8801 0.0790 -0.4682
vn -0.8744 0.1009 -0.4747
vn -0.6211 0.1091 -0.7761
vn -0.6387 0.0776 -0.7656
vn -0.2172 0.0873 -0.9722
vn -0.2143 0.0913 -0.9725
vn -0.2170 0.0877 -0.9722
vn -0.2140 0.0914 -0.9726
vn 0.9019 -0.1669 -0.3984
vn 0.7240 -0.2528 -0.6418
vn 0.5660 -0.1731 -0.8060
vn -0.4538 -0.2951 -0.8408
vn -0.4697 -0.1132 -0.8755
vn -0.4771 -0.1079 -0.8722
vn -0.4704 -0.1127 -0.8752
vn -0.4779 -0.1074 -0.8718
vn -0.4804 0.4189 -0.7705
vn -0.5990 0.5239 -0.6056
vn -0.2793 0.8612 -0.4246
vn -0.9658 -0.0165 0.2587
vn -0.9547 -0.0818 0.2860
vn -0.9525 -0.1191 0.2802
vn -0.3440 -0.3505 0.8711
vn -0.3260 -0.3771 0.8669
vn 0.2979 -0.3770 0.8770
vn 0.2950 -0.3812 0.8762
vn 0.2956 -0.3804 0.8763
vn 0.2880 -0.4284 0.8565
vn 0.2748 -0.4224 0.8638
vn 0.6989 0.3287 0.6352
vn 0.7690 -0.1383 0.6242
vn 0.7693 -0.1384 0.6238
vn 0.7689 -0.1383 0.6242
vn 0.3078 -0.3981 0.8641
vn 0.3165 -0.4035 0.8585
vn 0.3074 -0.3979 0.8644
vn 0.3011 -0.8109 0.5018
vn 0.3039 -0.8119 0.4985
vn 0.3038 -0.8118 0.4987
vn -0.3039 -0.8119 0.4985
vn -0.3011 -0.8109 0.5018
vn -0.3038 -0.8118 0.4987
vn -0.2981 -0.8098 0.5053
vn -0.6092 -0.6843 0.4006
vn -0.3167 -0.9148 -0.2507
vn 0.3667 0.8614 0.3516
vn 0.3757 0.8668 0.3278
vn 0.5690 0.5685 0.5941
vn 0.5625 0.5578 0.6103
vn 0.6883 -0.0309 0.7247
vn 0.6903 -0.0282 0.7230
vn 0.6906 -0.0282 0.7227
vn 0.6090 -0.4508 0.6526
vn 0.6105 -0.4523 0.6502
vn 0.6103 -0.4520 0.6506
vn 0.0439 -0.3915 0.9191
vn 0.9642 -0.2629 -0.0354
vn 0.9647 -0.2630 0.0145
vn 0.9782 -0.1225 0.1676
vn 0.9750 -0.1360 0.1757
vn 0.8510 -0.2257 0.4742
vn 0.8339 -0.3600 0.4183
vn 0.5752 -0.4762 0.6651
vn 0.5809 -0.4809 0.6567
vn 0.5817 -0.4815 0.6556
vn 0.5716 -0.6813 0.4572
vn -0.3667 0.8614 0.3516
vn -0.3756 0.8667 0.3283
vn -0.3757 0.8668 0.3278
vn -0.3755 0.8668 0.3282
vn -0.5690 0.5685 0.5941
vn -0.5625 0.5578 0.6103
vn -0.6883 -0.0309 0.7247
vn -0.6904 -0.0282 0.7229
vn -0.6906 -0.0282 0.7227
vn -0.6090 -0.4508 0.6526
vn -0.6103 -0.4520 0.6506
vn -0.6105 -0.4523 0.6502
vn -0.0439 -0.3915 0.9191
vn 0.9658 -0.0165 0.2587
vn 0.9547 -0.0818 0.2860
vn 0.3465 -0.3070 0.8864
vn 0.3440 -0.3505 0.8711
vn 0.3260 -0.3771 0.8669
vn 0.3183 -0.4241 0.8478
vn -0.2880 -0.4284 0.8565
vn -0.2748 -0.4224 0.8638
vn 0.9451 0.2681 -0.1868
vn 0.9492 0.2692 0.1630
vn 0.9492 0.2690 0.1632
vn 0.9495 0.2664 0.1658
vn 0.9496 0.2662 0.1658
vn 0.8237 0.2764 0.4951
vn 0.8237 0.2760 0.4953
vn 0.8230 0.2737 0.4978
vn 0.8222 0.2708 0.5007
vn 0.5828 0.2887 0.7596
vn 0.5826 0.2885 0.7599
vn 0.5805 0.2851 0.7627
vn 0.5781 0.2813 0.7659
vn 0.1628 0.3048 0.9384
vn 0.2135 -0.3081 0.9271
vn 0.3785 -0.7226 0.5784
vn 0.2377 -0.6775 0.6961
vn 0.2622 -0.9629 0.0642
vn 0.2635 -0.9627 0.0608
vn 0.2625 -0.9628 0.0633
vn 0.2638 -0.9627 0.0601
vn 0.2415 -0.4731 0.8472
vn -0.2415 -0.4731 0.8472
vn 0.3399 0.3197 0.8845
vn 0.3569 0.3559 0.8637
vn 0.3169 -0.4037 0.8582
vn -0.3169 -0.4037 0.8582
vn -0.3078 -0.3981 0.8641
vn -0.3165 -0.4034 0.8585
vn -0.3074 -0.3979 0.8644
vn -0.7693 -0.1384 0.6238
vn -0.7690 -0.1383 0.6242
vn -0.7689 -0.1383 0.6242
vn -0.7686 -0.1381 0.6247
vn -0.5581 -0.4264 0.7118
vn -0.3204 -0.1468 0.9358
vn -0.3220 -0.1507 0.9347
vn -0.3203 -0.1482 0.9356
vn -0.3177 -0.1586 0.9348
vn 0.2560 -0.2617 0.9306
vn 0.2561 -0.2615 0.9306
vn 0.2569 -0.2517 0.9331
vn 0.2654 -0.2431 0.9330
vn 0.9220 -0.1965 0.3337
vn 0.9418 -0.1658 0.2923
vn 0.8794 0.3172 -0.3549
vn 0.8674 0.4316 -0.2478
vn 0.8686 0.4580 -0.1890
vn 0.8802 0.4266 -0.2081
vn 0.8504 0.5257 0.0206
vn 0.8416 0.5399 0.0137
vn 0.5865 0.8097 -0.0211
vn -0.9462 -0.0277 -0.3224
vn -0.9525 -0.0676 -0.2971
vn -0.4160 -0.0458 -0.9082
vn -0.3878 -0.0165 -0.9216
vn 0.3450 -0.0168 -0.9385
vn 0.3369 -0.1122 -0.9348
vn 0.3378 -0.1128 -0.9344
vn 0.3378 -0.1129 -0.9344
vn 0.9381 -0.1079 -0.3291
vn 0.5305 -0.4647 -0.7090
vn 0.6720 -0.7055 -0.2251
vn 0.4390 -0.8822 -0.1701
vn 0.4390 -0.8822 0.1701
vn 0.0399 -0.9265 0.3742
vn 0.0397 -0.9266 0.3739
vn 0.0403 -0.9264 0.3743
vn 0.0128 -0.5297 0.8481
vn 0.0166 -0.5340 0.8453
vn 0.9997 -0.0231 -0.0065
vn 0.0914 -0.9913 0.0947
vn 0.0939 -0.9916 0.0893
vn 0.0915 -0.9914 0.0936
vn 0.0949 -0.9913 0.0914
vn -0.9772 -0.0000 0.2124
vn 0.0915 0.9919 0.0878
vn 0.0954 0.9912 0.0920
vn -0.9824 0.0737 0.1715
vn -0.8455 0.0629 0.5303
vn -0.8531 0.0484 0.5195
vn -0.5922 0.0356 0.8050
vn -0.6023 0.0231 0.7979
vn -0.1700 0.0126 0.9854
vn -0.1840 -0.0000 0.9829
vn -0.0804 0.3203 0.9439
vn 0.2545 -0.0000 0.9671
vn 0.9772 -0.0000 0.2124
vn -0.0914 -0.9914 0.0937
vn -0.0948 -0.9913 0.0914
vn -0.0939 -0.9916 0.0892
vn -0.0954 -0.9912 0.0920
vn -0.9923 -0.0000 0.1236
vn -0.6052 -0.0000 0.7961
vn -0.5305 -0.4647 -0.7090
vn -0.6720 -0.7055 -0.2251
vn -0.4390 -0.8822 -0.1701
vn -0.4390 -0.8822 0.1701
vn -0.0398 -0.9265 0.3743
vn -0.0403 -0.9264 0.3743
vn -0.0397 -0.9266 0.3739
vn -0.0128 -0.5297 0.8481
vn -0.0166 -0.5340 0.8453
vn 0.9462 -0.0277 -0.3224
vn 0.9525 -0.0676 -0.2971
vn 0.4160 -0.0458 -0.9082
vn 0.3878 -0.0165 -0.9216
vn -0.3450 -0.0168 -0.9385
vn -0.3369 -0.1122 -0.9348
vn -0.3378 -0.1129 -0.9344
vn -0.9381 -0.1079 -0.3291
vn 0.5580 -0.4264 0.7119
vn 0.3204 -0.1468 0.9358
vn 0.3203 -0.1482 0.9356
vn 0.3220 -0.1507 0.9347
vn 0.3177 -0.1587 0.9348
vn -0.2562 -0.2617 0.9305
vn -0.2650 -0.2437 0.9330
vn -0.2556 -0.2567 0.9321
vn -0.2654 -0.2431 0.9330
vn -0.9220 -0.1965 0.3337
vn -0.9418 -0.1658 0.2923
vn -0.2846 0.9103 -0.3005
vn -0.3015 0.9008 0.3126
vn 0.2594 0.6232 0.7378
vn 0.2991 0.4605 0.8357
vn 0.3996 0.3145 0.8610
vn 0.0721 -0.7533 0.6538
vn 0.7563 -0.4889 0.4348
vn 0.6092 -0.6843 0.4006
vn 0.2981 -0.8098 0.5053
vn 0.0987 -0.9804 -0.1707
vn -0.0987 -0.9804 -0.1707
vn -0.0982 -0.9778 -0.1850
vn -0.8663 0.4933 -0.0784
vn -0.8416 0.5313 -0.0970
vn -0.6847 0.5836 -0.4365
vn -0.2753 0.7939 -0.5421
vn -0.2520 0.7832 -0.5684
vn 0.2520 0.7832 -0.5684
vn 0.9775 0.0846 -0.1932
vn 0.8285 0.0818 -0.5540
vn 0.8294 -0.1183 -0.5460
vn 0.5511 -0.1680 -0.8173
vn 0.5308 -0.4641 -0.7091
vn 0.1528 -0.5343 -0.8314
vn 0.9442 -0.0861 -0.3179
vn 0.6685 0.0078 -0.7436
vn 0.5891 0.0992 -0.8019
vn 0.3033 0.0990 -0.9478
vn -0.3073 -0.0958 -0.9468
vn 0.8563 -0.5057 -0.1051
vn 0.5721 -0.7884 -0.2259
vn 0.5453 -0.8133 -0.2028
vn 0.1575 -0.9582 -0.2390
vn 0.1572 -0.9583 -0.2387
vn 0.1533 -0.9596 -0.2358
vn 0.1530 -0.9597 -0.2356
vn -0.1530 -0.9597 -0.2356
vn -0.9016 -0.0708 -0.4267
vn -0.9286 0.0312 -0.3698
vn -0.9287 0.0302 -0.3697
vn -0.9281 0.0361 -0.3705
vn -0.9764 0.0654 -0.2059
vn -0.7716 0.6070 -0.1902
vn -0.6888 0.7229 0.0546
vn -0.2623 0.9649 0.0135
vn -0.4624 0.4242 0.7786
vn -0.9794 0.0966 0.1774
vn -0.9730 0.1579 0.1680
vn -0.9378 0.1254 -0.3237
vn -0.9280 0.0373 -0.3707
vn -0.3704 -0.0379 -0.9281
vn 0.1406 0.9345 0.3269
vn -0.5306 -0.0000 0.8476
vn 0.1406 -0.9346 0.3269
vn 0.6052 -0.0000 0.7961
vn -0.0504 0.5463 0.8361
vn -0.0955 0.9912 0.0916
vn -0.0949 0.9913 0.0914
vn -0.0915 0.9919 0.0878
vn 0.5306 -0.0000 0.8476
vn -0.1406 -0.9346 0.3269
vn 0.3073 -0.0958 -0.9468
vn -0.3033 0.0989 -0.9478
vn -0.5891 0.0992 -0.8019
vn -0.6685 0.0077 -0.7436
vn -0.9442 -0.0861 -0.3179
vn -0.9286 0.0312 -0.3699
vn -0.9730 0.1579 0.1681
vn -0.4625 0.4242 0.7786
vn -0.1509 0.4703 0.8695
vn -0.5419 0.4414 0.7152
vn -0.5483 0.4345 0.7146
vn -0.7763 0.3979 0.4889
vn -0.8073 0.3357 0.4853
vn -0.9547 0.2476 0.1652
vn -0.8510 -0.2257 0.4742
vn -0.8423 -0.1971 0.5016
vn -0.5913 -0.2649 0.7617
vn -0.5910 -0.2642 0.7622
vn -0.5869 -0.2583 0.7674
vn -0.5864 -0.2583 0.7677
vn -0.1714 -0.3025 0.9376
vn -0.1695 -0.3008 0.9385
vn -0.1677 -0.2992 0.9394
vn -0.6818 -0.6291 -0.3734
vn -0.7149 -0.5298 -0.4563
vn -0.8285 -0.4261 -0.3634
vn -0.8849 -0.1428 -0.4434
vn -0.8992 -0.1194 -0.4210
vn -0.8459 0.3317 -0.4177
vn -0.2328 0.9446 0.2312
vn -0.3658 0.8695 0.3319
vn -0.3683 0.7796 0.5065
vn -0.4406 0.5906 0.6760
vn -0.1483 0.3015 0.9419
vn -0.1099 0.0028 0.9939
vn -0.3569 0.3559 0.8637
vn -0.3399 0.3197 0.8845
vn -0.6655 0.3630 0.6522
vn -0.6655 0.3620 0.6527
vn -0.6658 0.3555 0.6560
vn -0.6658 0.3535 0.6570
vn -0.6729 0.6941 0.2559
vn -0.2916 0.9064 0.3058
vn -0.2829 0.9069 0.3124
vn -0.2927 0.9063 0.3050
vn 0.1810 0.1568 0.9709
vn 0.1807 0.1567 0.9710
vn 0.1765 0.1518 0.9725
vn 0.1764 0.1515 0.9726
vn 0.3968 0.1407 0.9070
vn 0.3904 0.1315 0.9112
vn 0.5419 0.1201 0.8319
vn 0.5291 0.0976 0.8429
vn -0.0910 0.9344 -0.3445
vn -0.0906 0.9343 -0.3449
vn -0.0896 0.9340 -0.3459
vn -0.0881 0.9336 -0.3473
vn -0.0792 0.9293 0.3608
vn -0.0736 0.9295 0.3614
vn -0.0796 0.9289 0.3616
vn -0.0713 0.9291 0.3629
vn -0.0536 0.4345 0.8991
vn -0.0501 0.4412 0.8960
vn -0.6413 0.7637 -0.0741
vn -0.6247 0.7799 -0.0392
vn -0.1897 0.9789 -0.0761
vn -0.1736 0.9324 0.3170
vn 0.1736 0.9324 0.3170
vn 0.1922 0.9214 0.3376
vn -0.5291 0.0976 0.8429
vn -0.5419 0.1201 0.8319
vn -0.3904 0.1315 0.9112
vn -0.3966 0.1402 0.9072
vn -0.3910 0.1322 0.9109
vn -0.3968 0.1407 0.9070
vn -0.1764 0.1515 0.9726
vn -0.1806 0.1567 0.9710
vn -0.1765 0.1519 0.9725
vn -0.1811 0.1568 0.9709
vn -0.8734 -0.0181 -0.4867
vn -0.8822 -0.0391 -0.4693
vn -0.6146 -0.0566 -0.7868
vn -0.6233 -0.0701 -0.7788
vn -0.2164 -0.0875 -0.9724
vn -0.2167 -0.0879 -0.9723
vn -0.2169 -0.0881 -0.9722
vn -0.2172 -0.0885 -0.9721
vn 0.0501 0.4412 0.8960
vn 0.0530 0.4356 0.8986
vn 0.0508 0.4400 0.8966
vn 0.0536 0.4345 0.8991
vn 0.0713 0.9292 0.3627
vn 0.0737 0.9295 0.3614
vn 0.0795 0.9290 0.3615
vn 0.0792 0.9293 0.3608
vn 0.0881 0.9336 -0.3472
vn 0.0906 0.9343 -0.3449
vn 0.0896 0.9340 -0.3459
vn 0.0910 0.9344 -0.3445
vn 0.9964 0.0721 0.0442
vn 0.9932 0.0968 0.0654
vn 0.9793 0.1382 0.1478
vn 0.8625 0.4936 0.1120
vn 0.8263 0.4858 0.2851
vn 0.9386 -0.3351 0.0824
vn 0.0321 -0.0469 0.9984
vn -0.0945 -0.3493 0.9322
vn 0.0230 -0.3779 0.9256
vn 0.1234 -0.0062 0.9923
vn 0.4199 -0.2287 0.8783
vn 0.5075 0.0986 0.8560
vn 0.4641 0.1954 0.8640
vn 0.4972 0.4352 0.7506
vn 0.2669 0.8253 0.4976
vn 0.2793 0.8612 -0.4246
vn 0.5990 0.5239 -0.6056
vn 0.4804 0.4189 -0.7705
vn 0.4779 -0.1074 -0.8718
vn 0.4771 -0.1079 -0.8722
vn 0.4704 -0.1127 -0.8752
vn 0.4697 -0.1132 -0.8755
vn -0.7384 0.5078 -0.4437
vn -0.8958 0.0765 -0.4379
vn -0.8878 0.0473 -0.4578
vn -0.9085 -0.0839 -0.4093
vn -0.9019 -0.1669 -0.3984
vn 0.6720 0.7068 -0.2210
vn 0.2330 0.9340 -0.2709
vn 0.2470 0.9266 -0.2834
vn -0.2470 0.9266 -0.2834
vn -0.1821 0.8220 0.5396
vn 0.1094 0.4391 0.8917
vn 0.0943 0.4327 0.8966
vn 0.0879 0.4330 0.8971
vn 0.0962 0.4327 0.8964
vn 0.0711 0.9294 0.3622
vn 0.0560 0.9274 0.3698
vn 0.0561 0.9303 -0.3625
vn 0.0504 0.5463 0.8361
vn 0.0804 0.3204 0.9439
vn -0.2545 -0.0000 0.9671
vn -0.7542 -0.0898 0.6504
vn 0.0441 -0.9986 0.0305
vn -0.8339 -0.3600 0.4183
vn -0.5817 -0.4815 0.6556
vn -0.5809 -0.4809 0.6567
vn -0.5752 -0.4762 0.6651
vn -0.5756 -0.4754 0.6654
vn -0.1663 -0.5755 0.8007
vn -0.1655 -0.5749 0.8013
vn -0.1647 -0.5743 0.8019
vn -0.9846 -0.0000 0.1747
vn -0.9997 -0.0231 -0.0065
vn -0.0914 -0.9913 0.0947
vn -0.0442 -0.9986 0.0306
vn 0.7542 -0.0897 0.6504
vn -0.0561 0.9303 -0.3625
vn -0.0560 0.9274 0.3698
vn -0.0711 0.9294 0.3622
vn -0.0962 0.4327 0.8964
vn -0.1094 0.4391 0.8917
vn 0.6719 0.7069 -0.2210
vn -0.1821 0.8220 0.5397
vn -0.8492 -0.5189 0.0979
vn -0.5526 -0.8242 0.1235
vn -0.5750 -0.8120 0.1000
vn -0.1563 -0.9804 0.1202
vn -0.1645 -0.9798 0.1133
vn -0.8529 0.3873 0.3500
vn -0.8929 0.2660 0.3634
vn -0.9425 0.2066 0.2627
vn -0.6351 0.6872 0.3527
vn -0.9350 0.3382 -0.1063
vn 0.1604 0.8953 -0.4155
vn 0.5106 0.6321 -0.5828
vn 0.4132 0.5068 -0.7566
vn 0.5403 -0.0078 -0.8414
vn 0.5399 -0.0083 -0.8417
vn 0.5369 -0.0116 -0.8436
vn 0.5366 -0.0120 -0.8438
vn -0.8674 0.4316 -0.2478
vn -0.8686 0.4580 -0.1890
vn -0.8801 0.4266 -0.2082
vn -0.8504 0.5257 0.0206
vn -0.8416 0.5399 0.0138
vn 0.3368 -0.1121 -0.9349
vn -0.4152 -0.0931 -0.9050
vn -0.3834 -0.0745 -0.9206
vn -0.9623 0.0021 -0.2719
vn -0.9623 0.0067 -0.2718
vn -0.9623 0.0061 -0.2719
vn -0.9581 0.0187 -0.2858
vn 0.9971 -0.0680 -0.0347
vn 0.9970 -0.0687 -0.0353
vn 0.9969 -0.0693 -0.0359
vn 0.8027 0.5943 -0.0500
vn 0.6625 0.5221 0.5371
vn 0.1912 0.8122 0.5511
vn 0.1135 -0.8403 0.5301
vn -0.1135 -0.8403 0.5301
vn -0.1059 -0.8449 0.5244
vn -0.1124 -0.8409 0.5294
vn -0.1056 -0.8452 0.5239
vn -0.4760 -0.8144 0.3320
vn -0.8128 -0.1338 0.5669
vn 0.9970 -0.0687 -0.0352
vn -0.1056 -0.8452 0.5238
vn -0.4760 -0.8144 0.3319
vn -0.8129 -0.1338 0.5669
vn 0.9581 0.0187 -0.2858
vn 0.9623 0.0067 -0.2718
vn 0.3834 -0.0745 -0.9206
vn 0.4152 -0.0931 -0.9050
vn -0.3368 -0.1121 -0.9349
vn 0.9993 0.0260 0.0281
vn 0.9996 0.0010 0.0281
vn 0.9159 0.3313 -0.2267
vn 0.9576 -0.1578 -0.2411
vn 0.6729 0.6941 0.2559
vn 0.2927 0.9063 0.3050
vn 0.2814 0.9069 0.3135
vn -0.2814 0.9069 0.3135
vn 0.1937 -0.2780 0.9408
vn 0.2562 -0.2620 0.9304
vn 0.4418 -0.5613 0.6998
vn 0.8534 -0.4561 0.2526
vn -0.0602 0.1309 0.9896
vn 0.0890 0.1072 0.9902
vn 0.2789 -0.0724 0.9576
vn 0.8664 0.2800 0.4134
vn 0.0720 0.0041 0.9974
vn 0.3142 -0.1034 0.9437
vn 0.6120 -0.0036 0.7909
vn 0.9506 -0.0987 0.2944
vn -0.0000 -1.0000 -0.0000
vn 0.7077 0.3974 -0.5842
vn 0.9636 -0.0049 -0.2673
vn 0.9635 -0.0069 -0.2675
vn 0.9633 -0.0139 -0.2681
vn 0.9633 -0.0148 -0.2681
vn 0.9679 -0.0149 0.2508
vn 0.0712 -0.5302 -0.8449
vn 0.0619 -0.9291 -0.3647
vn 0.0501 -0.9365 -0.3471
vn 0.0494 -0.9241 0.3791
vn 0.5305 -0.4647 0.7090
vn 0.6720 -0.7055 0.2251
vn 0.6435 -0.7244 0.2471
vn 0.6435 -0.7244 -0.2471
vn -0.8381 -0.4529 -0.3041
vn -0.5450 -0.6626 -0.5138
vn -0.5450 -0.6626 -0.5137
vn -0.1527 -0.7788 -0.6084
vn -0.0494 -0.9241 0.3790
vn -0.0501 -0.9365 -0.3471
vn -0.0619 -0.9291 -0.3647
vn -0.0712 -0.5302 -0.8449
vn -0.5305 -0.4647 0.7090
vn -0.6721 -0.7054 0.2251
vn -0.6435 -0.7244 0.2471
vn -0.6435 -0.7244 -0.2471
vn -0.9679 -0.0149 0.2508
vn -0.9633 -0.0148 -0.2681
vn -0.9635 -0.0069 -0.2675
vn -0.9633 -0.0139 -0.2681
vn -0.9636 -0.0049 -0.2673
vn -0.7077 0.3974 -0.5842
vn 0.9525 -0.1191 0.2802
vn 0.9514 -0.1031 0.2901
vn 0.9475 -0.1336 0.2905
vn 0.9517 -0.1386 0.2741
vn -0.0720 0.0041 0.9974
vn -0.3142 -0.1034 0.9437
vn -0.6120 -0.0036 0.7909
vn -0.9506 -0.0987 0.2944
vn -0.2591 0.1965 0.9457
vn -0.2694 0.2828 0.9206
vn -0.2301 -0.5870 0.7762
vn -0.3654 -0.5212 0.7713
vn -0.8534 -0.4561 0.2525
vn -0.4418 -0.5613 0.6998
vn -0.2562 -0.2620 0.9304
vn -0.1938 -0.2780 0.9408
vn 0.0602 0.1309 0.9896
vn -0.0890 0.1072 0.9902
vn -0.2789 -0.0724 0.9576
vn -0.8664 0.2800 0.4134
vn 0.7384 0.5078 -0.4437
vn 0.8958 0.0765 -0.4379
vn 0.8878 0.0473 -0.4578
vn 0.9085 -0.0839 -0.4093
vn -0.3785 -0.7226 0.5784
vn -0.2377 -0.6775 0.6961
vn -0.2622 -0.9629 0.0642
vn -0.2625 -0.9628 0.0633
vn -0.2635 -0.9627 0.0608
vn -0.2638 -0.9627 0.0601
vn -0.1065 0.8426 0.5279
vn 0.1065 0.8426 0.5279
vn 0.2045 0.8554 0.4759
vn 0.2046 0.8552 0.4762
vn 0.2139 0.8520 0.4778
vn 0.2158 0.8513 0.4782
vn -0.6300 -0.5567 0.5414
vn -0.8246 -0.2867 0.4877
vn -0.8227 -0.2876 0.4904
vn -0.8791 0.3585 0.3140
vn -0.9517 -0.1386 0.2741
vn -0.9475 -0.1336 0.2905
vn -0.2803 -0.4090 0.8685
vn -0.3183 -0.4241 0.8478
vn 0.9408 0.2977 0.1622
vn 0.9408 0.2977 -0.1622
vn 0.9369 0.3064 -0.1685
vn 0.6666 0.3914 -0.6344
vn -0.6666 0.3914 -0.6344
vn -0.9369 0.3064 -0.1685
vn -0.9370 0.3062 -0.1679
vn -0.9370 0.3063 -0.1679
vn -0.9408 0.2977 -0.1622
vn -0.9408 0.2977 0.1622
vn 0.9463 -0.0130 -0.3229
vn 0.9461 -0.0132 -0.3235
vn 0.9454 -0.0140 -0.3256
vn 0.9452 -0.0142 -0.3263
vn 0.4134 0.0588 -0.9086
vn -0.4134 0.0588 -0.9086
vn -0.9452 -0.0142 -0.3263
vn -0.9461 -0.0132 -0.3235
vn -0.9454 -0.0140 -0.3255
vn -0.9463 -0.0130 -0.3229
vn 0.6431 0.6596 0.3890
vn 0.0616 0.3655 0.9288
vn 0.0518 0.3724 0.9266
vn 0.0607 0.3650 0.9290
vn 0.0517 0.3729 0.9264
vn 0.3934 0.8628 -0.3175
vn -0.3934 0.8628 -0.3175
vn -0.4176 0.9075 -0.0465
vn 0.8459 0.3317 -0.4177
vn 0.8992 -0.1194 -0.4210
vn 0.8849 -0.1428 -0.4434
vn 0.8527 -0.1868 -0.4878
vn 0.8339 -0.3372 -0.4370
vn 0.5482 -0.4834 -0.6825
vn 0.9628 -0.2313 0.1399
vn 0.8456 -0.4404 0.3017
vn 0.8388 -0.4833 0.2507
vn 0.6026 -0.7931 -0.0889
vn 0.6559 -0.6881 -0.3104
vn 0.2042 -0.8352 -0.5106
vn 0.9376 -0.1062 -0.3311
vn 0.9405 -0.0655 -0.3335
vn 0.9409 -0.0651 -0.3322
vn 0.9428 -0.0633 -0.3272
vn 0.9434 -0.0627 -0.3257
vn 0.0120 0.4927 0.8701
vn -0.4534 -0.5444 0.7057
vn -0.0080 -0.2584 0.9660
vn -0.2494 -0.2794 -0.9272
vn -0.4181 -0.1463 -0.8965
vn 0.1326 -0.1585 -0.9784
vn 0.1098 0.4321 -0.8951
vn 0.1116 0.4320 -0.8949
vn 0.1193 0.4315 -0.8942
vn 0.1200 0.4316 -0.8940
vn 0.1821 0.9168 -0.3555
vn 0.9846 -0.0000 0.1747
vn 0.9923 -0.0000 0.1236
vn 0.0412 -0.4272 0.9032
vn 0.0826 -0.4253 0.9013
vn 0.0787 -0.4212 0.9036
vn 0.4176 0.9075 -0.0465
vn 0.3351 0.9419 0.0234
vn -0.3351 0.9419 0.0234
vn 0.8423 -0.1971 0.5016
vn 0.5913 -0.2650 0.7617
vn 0.5869 -0.2583 0.7674
vn 0.5910 -0.2643 0.7622
vn 0.5864 -0.2583 0.7677
vn 0.0945 -0.3493 0.9322
vn -0.0230 -0.3779 0.9256
vn -0.1234 -0.0062 0.9923
vn -0.9742 -0.1151 -0.1941
vn -0.9642 -0.2629 -0.0354
vn -0.9647 -0.2630 0.0146
vn -0.5612 -0.3908 0.7296
vn -0.6731 -0.7371 0.0595
vn -0.6730 -0.7372 0.0599
vn -0.6729 -0.7372 0.0609
vn -0.6728 -0.7373 0.0615
vn -0.0412 -0.4272 0.9032
vn -0.0826 -0.4253 0.9013
vn -0.0303 -0.9380 0.3453
vn -0.1098 0.4321 -0.8951
vn -0.1193 0.4317 -0.8941
vn -0.1117 0.4320 -0.8949
vn -0.1200 0.4316 -0.8940
vn -0.1821 0.9168 -0.3555
vn 0.4534 -0.5444 0.7057
vn 0.0080 -0.2584 0.9660
vn 0.6919 -0.3645 0.6233
vn -0.1326 -0.1585 -0.9784
vn 0.4181 -0.1463 -0.8965
vn 0.2494 -0.2794 -0.9272
vn -0.9376 -0.1062 -0.3311
vn -0.9405 -0.0655 -0.3335
vn -0.9434 -0.0627 -0.3256
vn -0.2256 0.9403 0.2547
vn -0.6589 0.7105 0.2472
vn -0.9135 0.3749 -0.1579
vn -0.6431 0.6596 0.3890
vn 0.8416 0.5313 -0.0970
vn 0.8663 0.4933 -0.0784
vn 0.8128 -0.1338 0.5669
vn 0.8127 -0.1338 0.5671
vn 0.8115 -0.1323 0.5692
vn 0.8114 -0.1320 0.5694
vn 0.2056 -0.1539 0.9665
vn -0.1406 0.9345 0.3270
vn -0.0954 0.9912 0.0920
vn 0.8115 -0.1321 0.5692
vn 0.8127 -0.1336 0.5671
vn 0.1897 0.9789 -0.0761
vn 0.1915 0.9787 -0.0740
vn 0.1900 0.9788 -0.0761
vn 0.1933 0.9785 -0.0720
vn -0.1933 0.9785 -0.0720
vn 0.5457 0.8042 0.2357
vn 0.8857 0.4402 0.1476
vn 0.6589 0.7105 0.2472
vn 0.9135 0.3749 -0.1579
vn 0.8951 0.1511 0.4194
vn 0.8307 0.3437 0.4379
vn 0.3215 0.7813 0.5350
vn 0.1915 0.9487 0.2517
vn 0.6655 0.3630 0.6522
vn 0.6658 0.3536 0.6570
vn -0.1290 -0.6706 -0.7305
vn 0.1290 -0.6706 -0.7305
vn -0.5362 -0.0264 0.8437
vn 0.5362 -0.0264 0.8437
vn -0.2796 0.0096 0.9601
vn -0.3177 -0.1589 0.9348
vn 0.2591 0.1965 0.9457
vn 0.2694 0.2829 0.9205
vn -0.1697 0.1476 0.9744
vn -0.6626 0.5001 0.5576
vn -0.6844 -0.3674 -0.6298
vn -0.0233 -0.2897 -0.9568
vn 0.5075 0.8253 0.2477
vn 0.6753 0.3822 0.6308
vn -0.5075 0.8253 0.2477
vn -0.6753 0.3822 0.6308
vn 0.0233 -0.2897 -0.9568
vn 0.6844 -0.3674 -0.6298
vn -0.2951 -0.3812 0.8762
vn -0.2979 -0.3770 0.8770
vn -0.2957 -0.3804 0.8763
vn -0.2982 -0.3763 0.8772
vn -0.8563 -0.5057 -0.1051
vn -0.5721 -0.7884 -0.2259
vn 0.2796 0.0096 0.9601
vn 0.3176 -0.1589 0.9348
vn -0.1915 0.9487 0.2518
vn -0.3215 0.7813 0.5349
vn -0.7154 -0.5457 0.4363
vn -0.6655 -0.5986 0.4459
vn -0.8307 0.3436 0.4380
vn -0.8951 0.1511 0.4195
vn 0.1818 0.6883 0.7023
vn 0.0080 0.7292 0.6843
vn -0.2322 0.9462 -0.2253
vn -0.8641 0.3930 0.3145
vn -0.2106 0.7358 0.6436
vn -0.2045 0.8554 0.4759
vn 0.0982 -0.9778 -0.1850
vn 0.3167 -0.9148 -0.2507
vn -0.4962 0.4706 0.7296
vn -0.3278 0.0914 0.9403
vn 0.4446 0.7860 0.4296
vn 0.1051 -0.7755 0.6226
vn 0.4855 -0.4480 0.7507
vn 0.6818 -0.6291 -0.3734
vn -0.7240 -0.2528 -0.6418
vn 0.8492 -0.5189 0.0979
vn 0.1720 -0.1022 0.9798
vn -0.9910 -0.0676 -0.1153
vn -0.4952 -0.8639 0.0922
vn -0.9514 -0.1031 0.2901
vn 0.2982 -0.3763 0.8772
vn 0.6223 0.3928 -0.6771
vn -0.6919 -0.3645 0.6233
vn 0.1045 0.9266 -0.3611
vn 0.0734 -0.9358 -0.3448
vn 0.0864 0.4331 0.8972
vn 0.7078 -0.0475 0.7048
vn -0.0864 0.4331 0.8972
vn -0.0734 -0.9358 -0.3448
vn -0.1045 0.9266 -0.3611
vn -0.6223 0.3928 -0.6771
vn -0.0120 0.4927 0.8701
vn -0.1720 -0.1022 0.9798
vn -0.6201 0.6666 -0.4137
vn -0.4855 -0.4480 0.7507
vn -0.7563 -0.4889 0.4348
vn -0.6989 0.3287 0.6352
vn -0.1051 -0.7755 0.6226
vn -0.9081 -0.4172 -0.0365
vn -0.4446 0.7860 0.4296
vn 0.7300 -0.5411 0.4177
vn -0.7485 -0.1148 0.6531
vn -0.9623 0.0011 -0.2719
vn 0.3454 -0.2722 -0.8981
vn 0.0303 -0.9380 0.3453
vn 0.5756 -0.4754 0.6653
vn 0.3454 -0.2723 -0.8981
vn -0.6087 -0.4505 0.6531
vn 0.2479 -0.4592 0.8530
vn 0.6087 -0.4505 0.6531
vn 0.7686 -0.1381 0.6247
vn -0.3465 -0.3070 0.8864
vn 0.1821 0.8220 0.5396
vn 0.0954 -0.9912 0.0920
vn -0.0787 -0.4212 0.9036
vn 0.1821 0.8220 0.5397
vn 0.2803 -0.4090 0.8685
vn 0.9623 0.0011 -0.2719
vt 0.775146 0.957764
vt 0.658936 0.961426
vt 0.779785 0.853272
vt 0.658447 0.867920
vt 0.659668 0.829834
vt 0.529297 0.866211
vt 0.513428 0.822266
vt 0.427246 0.876709
vt 0.417969 0.826661
vt 0.314941 0.872803
vt 0.308838 0.817139
vt 0.192383 0.826905
vt 0.194092 0.768555
vt 0.141602 0.810547
vt 0.064209 0.726807
vt 0.042725 0.775147
vt 0.132080 0.838135
vt 0.186279 0.856934
vt 0.151611 0.928955
vt 0.316406 0.902832
vt 0.294434 0.965088
vt 0.429688 0.906983
vt 0.425537 0.983643
vt 0.534668 0.896241
vt 0.557373 0.976563
vt 0.895996 0.835205
vt 0.893555 0.948975
vt 0.219727 0.709229
vt 0.079346 0.666993
vt 0.070801 0.679444
vt 0.210449 0.727295
vt 0.310547 0.783936
vt 0.376465 0.789795
vt 0.473145 0.800782
vt 0.631836 0.724854
vt 0.648926 0.745362
vt 0.737549 0.696289
vt 0.749512 0.730713
vt 0.861328 0.673829
vt 0.872070 0.706299
vt 0.757324 0.768555
vt 0.650879 0.788330
vt 0.386719 0.024170
vt 0.515137 0.015625
vt 0.465332 0.089356
vt 0.534668 0.089112
vt 0.531982 0.111084
vt 0.600098 0.099854
vt 0.592773 0.119385
vt 0.637939 0.140381
vt 0.590820 0.238526
vt 0.723877 0.203125
vt 0.673828 0.290772
vt 0.789063 0.281006
vt 0.735840 0.354004
vt 0.844238 0.381348
vt 0.739990 0.451661
vt 0.787109 0.528321
vt 0.718262 0.555909
vt 0.754639 0.641114
vt 0.728271 0.655518
vt 0.695801 0.571045
vt 0.682861 0.488770
vt 0.664063 0.507569
vt 0.635742 0.443604
vt 0.564453 0.417481
vt 0.050781 0.319825
vt 0.104736 0.395020
vt 0.046875 0.404297
vt 0.119141 0.457032
vt 0.152588 0.448975
vt 0.148926 0.552979
vt 0.162109 0.517579
vt 0.207275 0.620606
vt 0.203369 0.592041
vt 0.301514 0.661133
vt 0.288818 0.607178
vt 0.382080 0.638916
vt 0.352051 0.584229
vt 0.417480 0.604981
vt 0.414795 0.519532
vt 0.459717 0.568116
vt 0.494385 0.534668
vt 0.547119 0.596680
vt 0.512695 0.520752
vt 0.560303 0.577393
vt 0.544678 0.492920
vt 0.589355 0.545899
vt 0.496338 0.318604
vt 0.425049 0.271729
vt 0.501221 0.232666
vt 0.405518 0.202149
vt 0.462891 0.111573
vt 0.390381 0.120118
vt 0.390625 0.096680
vt 0.302979 0.106934
vt 0.304688 0.027588
vt 0.559814 0.299561
vt 0.662109 0.062500
vt 0.766357 0.160157
vt 0.736572 0.187989
vt 0.807373 0.268555
vt 0.865479 0.368897
vt 0.905762 0.470948
vt 0.882080 0.481934
vt 0.942383 0.575440
vt 0.919678 0.591065
vt 0.685303 0.407227
vt 0.222412 0.564454
vt 0.201660 0.484131
vt 0.254395 0.515625
vt 0.249268 0.395508
vt 0.310303 0.431153
vt 0.336914 0.391114
vt 0.365967 0.473877
vt 0.396973 0.436768
vt 0.448975 0.485108
vt 0.466064 0.469239
vt 0.495361 0.438477
vt 0.302979 0.554444
vt 0.271729 0.354004
vt 0.188232 0.365479
vt 0.206299 0.320557
vt 0.136963 0.297364
vt 0.217041 0.299805
vt 0.143066 0.275147
vt 0.231445 0.260010
vt 0.154297 0.233887
vt 0.066162 0.703125
vt 0.205078 0.748047
vt 0.120850 0.342530
vt 0.282715 0.332520
vt 0.349609 0.373047
vt 0.411865 0.419190
vt 0.438232 0.386231
vt 0.321289 0.250245
vt 0.313721 0.199952
vt 0.300049 0.131104
vt 0.648926 0.121827
vt 0.846191 0.253907
vt 0.907471 0.361084
vt 0.941162 0.471192
vt 0.372314 0.337159
vt 0.303955 0.295655
vt 0.056885 0.272217
vt 0.825195 0.615479
vt 0.875732 0.743653
vt 0.777832 0.815430
vt 0.895508 0.796875
vt 0.982178 0.551026
vt 0.534668 0.355713
vt 0.069336 0.252442
vt 0.086426 0.213135
vt 0.077148 0.900635
vt 0.014893 0.867432
vt 0.036865 0.804444
vt 0.468994 0.689209
vt 0.506592 0.622803
vt 0.763916 0.656738
vt 0.793457 0.663330
vt 0.779297 0.623535
vt 0.805664 0.629883
vt 0.813477 0.593506
vt 0.901611 0.557129
vt 0.818604 0.557861
vt 0.834229 0.499756
vt 0.793701 0.536621
vt 0.776367 0.512451
vt 0.773438 0.561523
vt 0.750977 0.530029
vt 0.761230 0.583740
vt 0.718262 0.549072
vt 0.736328 0.586670
vt 0.674316 0.568848
vt 0.693604 0.615479
vt 0.643799 0.629150
vt 0.662354 0.660156
vt 0.622803 0.640869
vt 0.638672 0.681396
vt 0.606445 0.661865
vt 0.623535 0.705811
vt 0.593994 0.685303
vt 0.503906 0.722168
vt 0.562500 0.664795
vt 0.507568 0.632813
vt 0.563965 0.630859
vt 0.504395 0.599854
vt 0.560791 0.600586
vt 0.554932 0.565674
vt 0.582031 0.561523
vt 0.578125 0.530029
vt 0.614502 0.555908
vt 0.610840 0.524902
vt 0.654541 0.513184
vt 0.607910 0.499023
vt 0.644531 0.488037
vt 0.600830 0.440430
vt 0.625244 0.425781
vt 0.359863 0.595215
vt 0.418457 0.582764
vt 0.412598 0.613525
vt 0.468018 0.591064
vt 0.479004 0.536133
vt 0.426514 0.530518
vt 0.363281 0.574951
vt 0.369141 0.523193
vt 0.306885 0.568848
vt 0.310791 0.516357
vt 0.248535 0.564697
vt 0.253418 0.510010
vt 0.185547 0.560791
vt 0.188232 0.507568
vt 0.126465 0.559082
vt 0.124756 0.506836
vt 0.068359 0.558350
vt 0.063721 0.504639
vt 0.017334 0.563232
vt 0.011475 0.506104
vt 0.013672 0.440430
vt 0.067871 0.445801
vt 0.029785 0.378418
vt 0.079346 0.393799
vt 0.056885 0.322754
vt 0.102051 0.348877
vt 0.136230 0.307861
vt 0.169189 0.343506
vt 0.186035 0.266846
vt 0.218262 0.313477
vt 0.791504 0.017578
vt 0.845947 0.023926
vt 0.844971 0.050537
vt 0.888916 0.047852
vt 0.888916 0.080322
vt 0.935791 0.078369
vt 0.937744 0.115234
vt 0.991455 0.113770
vt 0.939697 0.156250
vt 0.993652 0.159424
vt 0.936035 0.198242
vt 0.987061 0.210938
vt 0.964355 0.263428
vt 0.917725 0.240723
vt 0.890625 0.183594
vt 0.876953 0.215576
vt 0.844971 0.172852
vt 0.837646 0.190674
vt 0.793213 0.162109
vt 0.824219 0.204834
vt 0.806152 0.208496
vt 0.813232 0.250488
vt 0.782227 0.245117
vt 0.773682 0.287354
vt 0.738525 0.221436
vt 0.712158 0.262207
vt 0.673828 0.243652
vt 0.658936 0.262939
vt 0.331299 0.079834
vt 0.368408 0.113525
vt 0.330078 0.110596
vt 0.332031 0.142090
vt 0.324219 0.141602
vt 0.310791 0.107422
vt 0.277588 0.075439
vt 0.284912 0.045898
vt 0.244873 0.066406
vt 0.255859 0.043945
vt 0.225830 0.031982
vt 0.241455 0.014160
vt 0.270020 0.026855
vt 0.331543 0.027832
vt 0.331299 0.046875
vt 0.365234 0.049072
vt 0.371094 0.078613
vt 0.391602 0.111328
vt 0.397461 0.135498
vt 0.426758 0.113037
vt 0.395752 0.085449
vt 0.305176 0.581787
vt 0.486572 0.482178
vt 0.432861 0.479736
vt 0.373047 0.475586
vt 0.316406 0.470215
vt 0.257080 0.464844
vt 0.190918 0.457520
vt 0.227295 0.433594
vt 0.199463 0.424072
vt 0.208984 0.412842
vt 0.150879 0.374512
vt 0.097656 0.272461
vt 0.148438 0.226074
vt 0.076660 0.615723
vt 0.035400 0.630127
vt 0.127930 0.597168
vt 0.186768 0.578369
vt 0.246582 0.573975
vt 0.432129 0.428223
vt 0.485107 0.421143
vt 0.466309 0.359375
vt 0.417480 0.377930
vt 0.373291 0.432373
vt 0.364746 0.399414
vt 0.314697 0.434814
vt 0.310303 0.423340
vt 0.289063 0.439453
vt 0.727051 0.973145
vt 0.705811 0.955566
vt 0.724121 0.943115
vt 0.718506 0.923828
vt 0.747070 0.925049
vt 0.725586 0.905273
vt 0.739258 0.895996
vt 0.730469 0.874756
vt 0.792480 0.863037
vt 0.791992 0.832520
vt 0.801270 0.830566
vt 0.789307 0.798584
vt 0.833496 0.820068
vt 0.854980 0.772217
vt 0.868652 0.808350
vt 0.893555 0.802490
vt 0.903320 0.839111
vt 0.937256 0.829834
vt 0.913574 0.875244
vt 0.945557 0.869629
vt 0.927490 0.915283
vt 0.988525 0.913574
vt 0.940918 0.953369
vt 0.986084 0.955811
vt 0.943115 0.991211
vt 0.986084 0.993408
vt 0.467529 0.151855
vt 0.527344 0.123535
vt 0.463135 0.095459
vt 0.539795 0.052246
vt 0.583252 0.086182
vt 0.630371 0.019531
vt 0.645508 0.044678
vt 0.601318 0.095459
vt 0.575928 0.159912
vt 0.623047 0.124268
vt 0.623047 0.164795
vt 0.633301 0.126953
vt 0.644775 0.133057
vt 0.653076 0.102783
vt 0.661621 0.114502
vt 0.684814 0.103027
vt 0.687744 0.116455
vt 0.666748 0.126465
vt 0.655273 0.141357
vt 0.643311 0.170166
vt 0.128174 0.451904
vt 0.352295 0.370117
vt 0.393799 0.332520
vt 0.437500 0.303711
vt 0.350586 0.282715
vt 0.315430 0.326172
vt 0.742920 0.008545
vt 0.739990 0.045898
vt 0.792236 0.054688
vt 0.843994 0.081787
vt 0.889648 0.114990
vt 0.890869 0.153809
vt 0.934814 0.308350
vt 0.891357 0.279785
vt 0.879150 0.242188
vt 0.875244 0.266602
vt 0.464844 0.320801
vt 0.503418 0.281006
vt 0.458008 0.282715
vt 0.463135 0.253174
vt 0.516113 0.250977
vt 0.463623 0.212891
vt 0.525635 0.213135
vt 0.522705 0.155518
vt 0.554932 0.159668
vt 0.642090 0.094727
vt 0.889404 0.025879
vt 0.934082 0.044189
vt 0.987061 0.073486
vt 0.843750 0.116699
vt 0.792236 0.084961
vt 0.792480 0.117432
vt 0.742920 0.113037
vt 0.769775 0.137939
vt 0.746338 0.132813
vt 0.741943 0.157959
vt 0.742676 0.086426
vt 0.788574 0.208740
vt 0.811035 0.296387
vt 0.845459 0.272705
vt 0.856934 0.300781
vt 0.853760 0.279297
vt 0.594482 0.626953
vt 0.588135 0.596924
vt 0.621826 0.588867
vt 0.693359 0.500732
vt 0.677002 0.470459
vt 0.704346 0.453857
vt 0.649902 0.413086
vt 0.673828 0.402588
vt 0.386230 0.173584
vt 0.366211 0.231689
vt 0.350098 0.158691
vt 0.317627 0.162354
vt 0.314697 0.270996
vt 0.275146 0.190186
vt 0.249512 0.250977
vt 0.239502 0.228027
vt 0.225098 0.238037
vt 0.213623 0.218506
vt 0.208252 0.246582
vt 0.200684 0.224609
vt 0.198486 0.202393
vt 0.221680 0.206787
vt 0.224121 0.187500
vt 0.243164 0.190918
vt 0.576416 0.327393
vt 0.604980 0.324219
vt 0.619385 0.332764
vt 0.634766 0.314941
vt 0.583984 0.299561
vt 0.630859 0.285889
vt 0.591553 0.262939
vt 0.621582 0.255371
vt 0.579834 0.218262
vt 0.606201 0.218018
vt 0.619873 0.221924
vt 0.635498 0.169678
vt 0.409912 0.920410
vt 0.407959 0.882813
vt 0.447510 0.890869
vt 0.427490 0.842041
vt 0.401855 0.851807
vt 0.379639 0.872559
vt 0.360107 0.913574
vt 0.398682 0.937988
vt 0.361572 0.945801
vt 0.375488 0.979004
vt 0.434326 0.961426
vt 0.450439 0.941162
vt 0.809814 0.859131
vt 0.843018 0.851318
vt 0.880371 0.842529
vt 0.886230 0.878662
vt 0.890869 0.917725
vt 0.892334 0.955566
vt 0.889160 0.991943
vt 0.932129 0.025146
vt 0.981201 0.038086
vt 0.557861 0.254150
vt 0.541748 0.291748
vt 0.578369 0.318604
vt 0.515625 0.323242
vt 0.734375 0.787109
vt 0.765625 0.769775
vt 0.782471 0.800293
vt 0.774902 0.766602
vt 0.840088 0.738281
vt 0.886475 0.759766
vt 0.920654 0.792725
vt 0.981201 0.819336
vt 0.990967 0.865479
vt 0.538330 0.969971
vt 0.561523 0.987549
vt 0.583740 0.975098
vt 0.564697 0.952637
vt 0.523193 0.936279
vt 0.579102 0.910156
vt 0.519287 0.910645
vt 0.562988 0.895020
vt 0.493164 0.892578
vt 0.541992 0.866211
vt 0.479980 0.869385
vt 0.503418 0.837646
vt 0.496094 0.833252
vt 0.532471 0.801270
vt 0.301758 0.113525
vt 0.314941 0.145508
vt 0.274414 0.093506
vt 0.239502 0.089844
vt 0.208008 0.083984
vt 0.216064 0.054688
vt 0.845703 0.155762
vt 0.977783 0.018555
vt 0.850098 0.472168
vt 0.861816 0.474365
vt 0.844727 0.491455
vt 0.857178 0.496826
vt 0.901123 0.484131
vt 0.904297 0.513916
vt 0.937256 0.473145
vt 0.960693 0.498535
vt 0.951904 0.447021
vt 0.987305 0.456299
vt 0.953125 0.417480
vt 0.985107 0.404053
vt 0.934326 0.361328
vt 0.849121 0.883057
vt 0.815186 0.887695
vt 0.796387 0.892090
vt 0.797363 0.924805
vt 0.794922 0.957764
vt 0.737061 0.952881
vt 0.760498 0.980957
vt 0.316895 0.758301
vt 0.282715 0.720947
vt 0.384033 0.635986
vt 0.314941 0.643799
vt 0.225586 0.691406
vt 0.227051 0.644043
vt 0.153564 0.689453
vt 0.156494 0.630371
vt 0.090576 0.682617
vt 0.086670 0.644531
vt 0.043213 0.666260
vt 0.037598 0.644775
vt 0.694092 0.218018
vt 0.695801 0.302002
vt 0.758301 0.330322
vt 0.840088 0.247559
vt 0.374756 0.025146
vt 0.387451 0.044189
vt 0.420654 0.027100
vt 0.432129 0.051514
vt 0.396240 0.072266
vt 0.746582 0.746826
vt 0.761475 0.738525
vt 0.821533 0.707275
vt 0.884521 0.719727
vt 0.941162 0.736328
vt 0.961914 0.777344
vt 0.458252 0.630859
vt 0.037598 0.832275
vt 0.043213 0.853760
vt 0.086670 0.832031
vt 0.090576 0.870117
vt 0.156494 0.817871
vt 0.153564 0.876953
vt 0.227051 0.831543
vt 0.225586 0.878906
vt 0.314941 0.831299
vt 0.282715 0.908447
vt 0.384033 0.823486
vt 0.316895 0.945801
vt 0.249023 0.794678
vt 0.236328 0.740723
vt 0.153076 0.750732
vt 0.086182 0.744141
vt 0.036133 0.692139
vt 0.011719 0.093018
vt 0.023926 0.045654
vt 0.053467 0.083008
vt 0.089844 0.026367
vt 0.095215 0.079346
vt 0.135986 0.084961
vt 0.095215 0.134521
vt 0.132813 0.139404
vt 0.095215 0.172363
vt 0.149658 0.202148
vt 0.097656 0.221924
vt 0.739746 0.647705
vt 0.715088 0.665771
vt 0.705078 0.642334
vt 0.683594 0.670654
vt 0.672119 0.696777
vt 0.653564 0.722168
vt 0.608154 0.758545
vt 0.036133 0.879639
vt 0.086182 0.931641
vt 0.153076 0.938232
vt 0.236328 0.928223
vt 0.249023 0.982178
vt 0.176270 0.084961
vt 0.138916 0.053955
vt 0.054688 0.138428
vt 0.046143 0.209473
vt 0.505615 0.533203
vt 0.550049 0.532959
vt 0.547363 0.506836
vt 0.576904 0.506348
vt 0.572754 0.453613
vt 0.600098 0.888428
vt 0.574951 0.851807
vt 0.616211 0.825195
vt 0.582031 0.785889
vt 0.541260 0.811035
vt 0.559570 0.215332
vt 0.258301 0.441162
vt 0.137451 0.408447
vt 0.665527 0.074463
vt 0.677002 0.085938
vt 0.602051 0.916260
vt 0.619141 0.897461
vt 0.638916 0.881104
vt 0.843018 0.428467
vt 0.859863 0.429932
vt 0.905518 0.437988
vt 0.875244 0.376709
vt 0.919922 0.385986
vt 0.877686 0.356201
vt 0.854248 0.213867
vt 0.843506 0.234131
vt 0.761230 0.421631
vt 0.777344 0.440186
vt 0.730225 0.440430
vt 0.748047 0.467285
vt 0.723389 0.485840
vt 0.706299 0.861328
vt 0.726563 0.851318
vt 0.708984 0.828613
vt 0.731445 0.819824
vt 0.706787 0.798340
vt 0.696045 0.779053
vt 0.723877 0.762451
vt 0.466064 0.824219
vt 0.460938 0.785156
vt 0.490479 0.780273
vt 0.451904 0.740967
vt 0.422363 0.758545
vt 0.424072 0.709229
vt 0.402344 0.735840
vt 0.384277 0.691162
vt 0.375488 0.718018
vt 0.386719 0.683594
vt 0.444824 0.682373
vt 0.435791 0.786621
vt 0.428955 0.811523
vt 0.405518 0.799561
vt 0.570801 0.776855
vt 0.202393 0.182373
vt 0.747803 0.627197
vt 0.787598 0.587158
vt 0.393799 0.246826
vt 0.391357 0.745850
vt 0.413818 0.772949
vt 0.042480 0.010010
vt 0.011719 0.152100
vt 0.601563 0.928223
vt 0.021484 0.730957
vt 0.013428 0.789307
vt 0.082520 0.800781
vt 0.155762 0.802734
vt 0.819580 0.922852
vt 0.820801 0.958008
vt 0.820068 0.988037
vt 0.801514 0.344727
vt 0.155762 0.989990
vt 0.082520 0.988281
vt 0.013428 0.976807
vt 0.021484 0.918457
vt 0.178711 0.152100
vt 0.179688 0.101807
vt 0.369141 0.144287
vt 0.790527 0.986328
vt 0.473877 0.719482
vt 0.458984 0.817139
vt 0.814453 0.482422
vt 0.404541 0.008301
vt 0.616943 0.951904
vt 0.830078 0.412354
vt 0.833496 0.369629
vt 0.616211 0.385010
vt 0.609863 0.414063
vt 0.610107 0.356201
vt 0.574951 0.420410
vt 0.574951 0.349609
vt 0.518555 0.357910
vt 0.686279 0.805176
vt 0.690674 0.835693
vt 0.507813 0.385010
vt 0.518555 0.412109
vt 0.510986 0.503662
vt 0.543457 0.447266
vt 0.516846 0.438477
vt 0.627197 0.009033
vt 0.584961 0.027100
vt 0.647461 0.284424
vt 0.696777 0.923096
vt 0.707764 0.891602
vt 0.717285 0.375000
vt 0.694824 0.389160
vt 0.236328 0.283691
vt 0.221680 0.269775
vt 0.849365 0.660645
vt 0.819092 0.674316
vt 0.869141 0.684570
vt 0.923340 0.698486
vt 0.907227 0.664551
vt 0.840820 0.681641
vt 0.710938 0.198486
vt 0.853760 0.352295
vt 0.417480 0.198486
vt 0.261719 0.281982
vt 0.629639 0.768066
vt 0.642090 0.747559
vt 0.504883 0.945313
vt 0.799561 0.387207
s 1
usemtl mat_0-texture001.jpg.001
f 1/1/1 2/2/1 3/3/1
f 2/2/2 4/4/2 3/3/2
f 3/3/3 4/4/4 5/5/5
f 4/4/6 6/6/7 5/5/8
f 5/5/9 6/6/9 7/7/9
f 6/6/10 8/8/10 7/7/10
f 7/7/11 8/8/11 9/9/11
f 8/8/12 10/10/12 9/9/13
f 9/9/13 10/10/12 11/11/14
f 10/10/15 12/12/15 11/11/15
f 11/11/16 12/12/16 13/13/16
f 12/12/17 14/14/17 13/13/17
f 13/13/18 14/14/18 15/15/18
f 14/14/19 16/16/19 15/15/19
f 15/15/20 16/16/20 17/14/20
f 16/16/21 18/17/21 17/14/21
f 17/14/22 18/17/22 19/18/22
f 18/17/23 20/19/23 19/18/23
f 19/18/24 20/19/24 21/20/24
f 20/19/25 22/21/25 21/20/25
f 21/20/26 22/21/26 23/22/26
f 22/21/27 24/23/27 23/22/27
f 23/22/28 24/23/28 25/24/28
f 24/23/29 26/25/29 25/24/29
f 25/24/30 26/25/30 27/4/30
f 26/25/31 28/2/31 27/4/31
f 27/4/32 28/2/32 29/3/32
f 28/2/33 30/1/33 29/3/33
f 29/3/34 30/1/34 31/26/34
f 30/1/35 32/27/35 31/26/35
f 32/27/36 33/1/36 31/26/36
f 34/28/37 35/29/37 36/30/37
f 35/29/38 37/28/38 36/30/38
f 36/30/39 37/28/39 38/31/39
f 37/28/40 39/32/40 38/31/40
f 38/31/41 39/32/41 11/11/41
f 39/32/42 40/33/42 11/11/42
f 11/11/43 40/33/43 9/9/43
f 40/33/44 41/34/44 9/9/44
f 9/9/45 41/34/45 7/7/45
f 41/34/46 42/35/46 7/7/46
f 7/7/47 42/35/47 43/36/47
f 42/35/48 44/37/48 43/36/48
f 43/36/49 44/37/49 45/38/49
f 44/37/50 46/39/50 45/38/50
f 45/38/51 46/39/51 47/40/51
f 46/39/52 48/38/52 47/40/52
f 47/40/53 48/38/53 49/41/53
f 48/38/54 50/36/54 49/41/54
f 49/41/55 50/36/55 51/42/55
f 50/36/56 52/7/56 51/42/56
f 51/42/57 52/7/57 53/5/57
f 52/7/58 54/6/58 53/5/58
f 53/5/59 54/6/60 27/4/61
f 54/6/60 25/24/62 27/4/61
f 55/43/63 56/44/63 57/45/63
f 56/44/64 58/46/64 57/45/64
f 57/45/65 58/46/66 59/47/67
f 58/46/68 60/48/69 59/47/70
f 59/47/70 60/48/69 61/49/71
f 60/48/72 62/50/73 61/49/74
f 61/49/75 62/50/75 63/51/75
f 62/50/76 64/52/76 63/51/76
f 63/51/77 64/52/77 65/53/77
f 64/52/78 66/54/78 65/53/78
f 65/53/79 66/54/79 67/55/79
f 66/54/80 68/56/80 67/55/80
f 67/55/81 68/56/81 69/57/81
f 68/56/82 70/58/82 69/57/82
f 69/57/83 70/58/83 71/59/83
f 70/58/84 72/60/85 71/59/86
f 71/59/87 72/60/87 73/61/87
f 72/60/88 74/59/88 73/61/88
f 73/61/89 74/59/89 75/62/89
f 74/59/90 76/63/90 75/62/90
f 75/62/91 76/63/91 77/64/91
f 76/63/92 78/65/92 77/64/92
f 77/64/93 78/65/93 79/66/93
f 80/67/94 81/68/94 82/69/94
f 82/69/95 81/68/95 83/70/95
f 81/68/96 84/71/96 83/70/96
f 83/70/97 84/71/97 85/72/97
f 84/71/98 86/73/98 85/72/98
f 85/72/99 86/73/99 87/74/99
f 86/73/100 88/75/100 87/74/100
f 87/74/101 88/75/101 89/76/101
f 88/75/102 90/77/102 89/76/102
f 89/76/103 90/77/103 91/78/103
f 90/77/104 92/79/104 91/78/104
f 91/78/105 92/79/105 93/80/105
f 92/79/106 94/81/107 93/80/108
f 93/80/108 94/81/107 95/82/109
f 94/81/110 96/83/110 95/82/110
f 95/82/111 96/83/111 97/84/111
f 96/83/112 98/85/112 97/84/112
f 97/84/113 98/85/113 99/86/113
f 98/85/114 100/87/114 99/86/114
f 99/86/115 100/87/115 101/88/115
f 102/67/116 103/69/116 104/68/116
f 103/69/117 105/70/117 104/68/117
f 104/68/118 105/70/118 106/71/118
f 105/70/119 107/72/119 106/71/119
f 106/71/120 107/72/120 108/73/120
f 107/72/121 109/74/121 108/73/121
f 108/73/122 109/74/122 110/75/122
f 109/74/123 111/76/123 110/75/123
f 110/75/124 111/76/124 112/77/124
f 111/76/125 113/78/125 112/77/125
f 112/77/126 113/78/126 114/79/126
f 113/78/127 115/80/127 114/79/127
f 114/79/128 115/80/129 116/81/130
f 115/80/129 117/82/131 116/81/130
f 116/81/132 117/82/132 118/83/132
f 117/82/133 119/84/133 118/83/133
f 118/83/134 119/84/134 120/85/134
f 119/84/134 121/86/134 120/85/134
f 120/85/135 121/86/135 122/87/135
f 121/86/136 123/88/136 122/87/136
f 124/89/137 125/90/137 126/91/137
f 125/90/138 127/92/138 126/91/138
f 126/91/139 127/92/139 128/93/139
f 127/92/140 129/94/140 128/93/140
f 128/93/141 129/94/142 130/95/143
f 129/94/144 131/96/144 130/95/144
f 130/95/145 131/96/146 132/97/147
f 131/96/148 133/95/148 132/97/148
f 132/97/149 133/95/149 134/43/149
f 133/95/150 135/45/150 134/43/150
f 134/43/151 135/45/151 136/44/151
f 135/45/152 137/46/152 136/44/152
f 136/44/153 137/46/153 138/48/153
f 137/46/154 139/47/155 138/48/156
f 138/48/156 139/47/155 140/49/157
f 139/47/158 141/91/158 140/49/158
f 140/49/159 141/91/159 142/51/159
f 141/91/160 143/98/160 142/51/160
f 142/51/161 143/98/161 144/53/161
f 145/99/162 146/100/162 147/101/162
f 146/100/163 148/102/163 147/101/163
f 147/101/164 148/102/164 66/54/164
f 148/102/165 149/103/166 66/54/167
f 66/54/167 149/103/166 68/56/168
f 149/103/169 150/104/169 68/56/169
f 68/56/170 150/104/170 151/105/170
f 150/104/171 152/106/172 151/105/173
f 151/105/173 152/106/172 153/107/174
f 152/106/175 154/105/176 153/107/177
f 153/107/178 154/105/178 155/58/178
f 154/105/179 156/56/179 155/58/179
f 155/58/180 156/56/180 157/57/180
f 156/56/181 158/55/181 157/57/181
f 157/57/182 158/55/182 159/108/182
f 158/55/183 144/53/183 159/108/183
f 88/75/184 86/73/184 160/109/184
f 86/73/185 161/110/185 160/109/185
f 160/109/186 161/110/186 162/111/186
f 161/110/187 163/112/187 162/111/187
f 162/111/188 163/112/188 164/113/188
f 163/112/189 165/114/189 164/113/189
f 164/113/190 165/114/190 166/115/190
f 165/114/190 167/116/190 166/115/190
f 166/115/191 167/116/191 94/81/191
f 167/116/191 168/117/191 94/81/191
f 94/81/110 168/117/110 96/83/110
f 168/117/192 169/118/192 96/83/192
f 96/83/192 169/118/192 98/85/193
f 169/118/194 170/119/194 98/85/194
f 98/85/194 170/119/194 100/87/194
f 110/75/195 112/77/195 171/109/195
f 112/77/196 172/120/196 171/109/196
f 171/109/197 172/120/197 173/111/197
f 172/120/198 174/115/198 173/111/198
f 173/111/199 174/115/199 175/113/199
f 174/115/200 176/114/200 175/113/200
f 175/113/201 176/114/201 177/112/201
f 176/114/201 178/121/201 177/112/201
f 177/112/202 178/121/202 179/122/202
f 178/121/202 180/123/202 179/122/202
f 179/122/203 180/123/203 181/124/203
f 180/123/204 182/125/204 181/124/204
f 181/124/204 182/125/204 183/126/204
f 182/125/205 184/127/205 183/126/205
f 183/126/205 184/127/205 185/128/205
f 34/28/206 36/30/206 186/31/206
f 36/30/207 187/129/207 186/31/207
f 186/31/207 187/129/207 188/130/207
f 187/129/208 15/15/208 188/130/208
f 188/130/209 15/15/209 189/13/209
f 15/15/210 17/14/210 189/13/210
f 189/13/211 17/14/211 190/12/211
f 17/14/212 19/18/212 190/12/212
f 190/12/213 19/18/214 191/10/215
f 19/18/214 21/20/216 191/10/215
f 191/10/217 21/20/218 192/8/219
f 21/20/218 23/22/220 192/8/219
f 192/8/221 23/22/222 54/6/223
f 23/22/222 25/24/224 54/6/223
f 80/67/225 193/131/225 81/68/225
f 81/68/226 193/131/227 194/122/228
f 193/131/229 195/124/229 194/122/229
f 194/122/229 195/124/229 196/123/229
f 195/124/230 197/125/230 196/123/230
f 196/123/231 197/125/231 198/121/231
f 197/125/231 199/132/232 198/121/231
f 198/121/233 199/132/233 165/114/233
f 199/132/233 200/133/233 165/114/233
f 165/114/234 200/133/234 201/134/234
f 200/133/235 202/135/235 201/134/235
f 201/134/236 202/135/236 170/119/236
f 2/2/237 203/25/237 4/4/237
f 4/4/238 203/25/238 204/24/238
f 203/25/239 205/23/239 204/24/239
f 204/24/240 205/23/240 206/22/240
f 205/23/241 207/21/241 206/22/241
f 206/22/242 207/21/242 208/20/242
f 207/21/243 209/19/243 208/20/243
f 208/20/244 209/19/244 210/18/244
f 209/19/245 211/17/245 210/18/245
f 210/18/246 211/17/246 14/14/246
f 211/17/247 16/16/247 14/14/247
f 125/90/248 212/136/248 127/92/248
f 212/136/249 213/137/249 127/92/249
f 127/92/250 213/137/251 129/94/252
f 213/137/251 214/138/253 129/94/252
f 129/94/254 214/138/254 131/96/254
f 214/138/255 215/94/255 131/96/255
f 131/96/256 215/94/256 133/95/256
f 215/94/257 216/93/258 133/95/259
f 133/95/259 216/93/258 135/45/260
f 216/93/261 139/47/262 135/45/263
f 135/45/263 139/47/262 137/46/264
f 142/51/265 217/50/265 140/49/265
f 140/49/266 217/50/267 138/48/268
f 217/50/267 218/139/269 138/48/268
f 138/48/270 218/139/270 219/99/270
f 218/139/271 220/101/271 219/99/271
f 219/99/272 220/101/272 221/100/272
f 220/101/273 222/102/273 221/100/273
f 221/100/274 222/102/274 223/140/274
f 222/102/275 224/103/275 223/140/275
f 223/140/276 224/103/276 225/141/276
f 224/103/277 226/142/277 225/141/277
f 34/28/278 186/31/278 227/32/278
f 186/31/279 228/11/279 227/32/279
f 227/32/280 228/11/280 229/33/280
f 228/11/281 230/9/281 229/33/281
f 229/33/282 230/9/282 231/34/282
f 230/9/283 52/7/283 231/34/283
f 231/34/284 52/7/284 232/35/284
f 52/7/285 50/36/285 232/35/285
f 232/35/286 50/36/287 233/37/288
f 50/36/287 48/38/289 233/37/288
f 233/37/290 48/38/290 46/39/290
f 202/135/291 200/133/291 234/143/291
f 234/143/292 200/133/292 235/144/292
f 200/133/292 199/132/292 235/144/292
f 235/144/293 199/132/293 236/127/293
f 199/132/293 197/125/293 236/127/293
f 236/127/294 197/125/294 237/126/294
f 197/125/230 195/124/230 237/126/295
f 237/126/296 195/124/296 238/145/297
f 195/124/298 193/131/298 238/145/298
f 238/145/298 193/131/298 80/67/298
f 151/105/299 153/107/299 70/58/299
f 153/107/300 239/146/300 70/58/300
f 70/58/84 239/146/301 72/60/85
f 239/146/302 155/58/303 72/60/304
f 72/60/304 155/58/303 74/59/305
f 155/58/306 157/57/306 74/59/306
f 74/59/307 157/57/307 76/63/307
f 157/57/308 159/108/309 76/63/310
f 76/63/310 159/108/309 78/65/311
f 116/81/132 118/83/132 240/117/132
f 118/83/312 241/118/312 240/117/312
f 240/117/313 241/118/313 242/116/313
f 241/118/313 243/134/313 242/116/313
f 242/116/314 243/134/314 176/114/314
f 243/134/314 244/133/315 176/114/314
f 176/114/316 244/133/316 245/132/316
f 244/133/317 246/144/317 245/132/317
f 245/132/318 246/144/318 184/127/318
f 45/38/319 47/40/319 247/41/319
f 47/40/320 248/147/320 247/41/320
f 247/41/321 248/147/322 249/148/323
f 248/147/322 250/149/324 249/148/323
f 249/148/325 250/149/325 31/26/325
f 250/149/326 251/148/326 31/26/326
f 31/26/327 251/148/327 29/3/327
f 251/148/328 53/5/329 29/3/330
f 29/3/330 53/5/329 27/4/331
f 252/142/332 253/150/332 152/106/332
f 253/150/333 226/142/333 152/106/333
f 152/106/334 226/142/334 254/104/334
f 226/142/335 224/103/335 254/104/335
f 254/104/336 224/103/336 156/56/336
f 224/103/337 255/54/338 156/56/339
f 156/56/340 255/54/340 158/55/340
f 255/54/341 144/53/341 158/55/341
f 14/14/342 12/12/342 210/18/342
f 12/12/343 10/10/344 210/18/345
f 210/18/345 10/10/344 208/20/346
f 10/10/347 8/8/348 208/20/349
f 208/20/349 8/8/348 206/22/350
f 8/8/351 6/6/352 206/22/353
f 206/22/353 6/6/352 204/24/354
f 6/6/7 4/4/6 204/24/355
f 171/109/356 173/111/356 256/110/356
f 173/111/357 177/112/357 256/110/357
f 256/110/358 177/112/358 106/71/358
f 177/112/359 179/122/359 106/71/359
f 106/71/360 179/122/361 104/68/362
f 179/122/361 257/131/363 104/68/362
f 104/68/364 257/131/364 102/67/364
f 257/131/365 258/145/365 102/67/365
f 132/97/147 55/43/366 130/95/145
f 55/43/367 57/45/367 130/95/367
f 130/95/143 57/45/368 128/93/141
f 57/45/65 59/47/67 128/93/369
f 128/93/370 59/47/370 126/91/370
f 59/47/371 61/49/371 126/91/371
f 126/91/372 61/49/372 63/51/372
f 118/83/312 120/85/312 241/118/312
f 120/85/373 259/119/373 241/118/373
f 241/118/374 259/119/374 243/134/374
f 259/119/374 260/135/374 243/134/374
f 243/134/375 260/135/376 244/133/377
f 260/135/376 261/143/378 244/133/377
f 244/133/317 261/143/317 246/144/317
f 262/1/379 3/3/379 31/26/379
f 31/26/380 3/3/380 249/148/380
f 3/3/3 5/5/5 249/148/381
f 249/148/382 5/5/382 263/42/382
f 5/5/383 7/7/383 263/42/383
f 263/42/384 7/7/384 43/36/384
f 56/44/385 145/99/385 60/48/385
f 145/99/386 264/139/386 60/48/386
f 60/48/72 264/139/387 62/50/73
f 264/139/388 147/101/389 62/50/390
f 62/50/390 147/101/389 64/52/391
f 147/101/392 66/54/392 64/52/392
f 73/61/393 265/62/393 71/59/393
f 265/62/394 266/63/394 71/59/394
f 71/59/395 266/63/395 69/57/395
f 266/63/396 267/108/396 69/57/396
f 69/57/397 267/108/397 67/55/397
f 267/108/398 65/53/398 67/55/398
f 268/151/399 143/98/399 269/89/399
f 143/98/400 141/91/400 269/89/400
f 269/89/401 141/91/402 270/90/403
f 141/91/402 271/92/404 270/90/403
f 270/90/405 271/92/405 212/136/405
f 271/92/406 213/137/406 212/136/406
f 179/122/203 181/124/203 257/131/203
f 257/131/365 181/124/365 258/145/365
f 181/124/407 183/126/407 258/145/407
f 258/145/407 183/126/407 272/152/407
f 183/126/408 185/128/408 272/152/408
f 272/152/409 185/128/409 273/153/409
f 54/6/410 52/7/410 192/8/410
f 52/7/411 230/9/411 192/8/411
f 192/8/412 230/9/413 191/10/414
f 230/9/413 228/11/415 191/10/414
f 191/10/416 228/11/416 190/12/416
f 228/11/417 189/13/417 190/12/417
f 86/73/418 84/71/418 161/110/418
f 161/110/419 84/71/419 163/112/419
f 84/71/420 194/122/420 163/112/420
f 163/112/421 194/122/421 198/121/421
f 194/122/421 196/123/421 198/121/421
f 88/75/422 160/109/422 90/77/422
f 160/109/423 274/120/423 90/77/423
f 90/77/424 274/120/424 92/79/424
f 274/120/425 166/115/425 92/79/425
f 92/79/426 166/115/426 94/81/426
f 112/77/427 114/79/427 172/120/427
f 172/120/428 114/79/428 174/115/428
f 114/79/429 116/81/429 174/115/429
f 174/115/430 116/81/430 242/116/430
f 116/81/430 240/117/430 242/116/430
f 142/51/431 275/52/431 217/50/431
f 217/50/432 275/52/433 220/101/434
f 275/52/435 255/54/435 220/101/435
f 220/101/436 255/54/436 222/102/436
f 255/54/338 224/103/337 222/102/437
f 139/47/438 216/93/438 141/91/438
f 141/91/439 216/93/439 271/92/439
f 216/93/440 215/94/440 271/92/440
f 271/92/441 215/94/442 213/137/443
f 215/94/442 214/138/444 213/137/443
f 252/142/445 149/103/445 276/141/445
f 276/141/446 149/103/446 277/140/446
f 149/103/447 148/102/447 277/140/447
f 277/140/448 148/102/448 146/100/448
f 13/13/449 15/15/449 278/130/449
f 15/15/450 187/129/450 278/130/450
f 278/130/451 187/129/451 38/31/451
f 187/129/451 36/30/451 38/31/451
f 279/154/452 280/155/452 281/156/452
f 280/155/453 282/154/453 281/156/453
f 281/156/454 282/154/454 18/17/454
f 282/154/455 20/19/455 18/17/455
f 91/78/456 93/80/456 283/157/456
f 283/157/457 93/80/457 284/158/457
f 93/80/458 95/82/458 284/158/458
f 284/158/111 95/82/111 97/84/111
f 209/19/459 279/154/459 211/17/459
f 279/154/460 281/156/460 211/17/460
f 211/17/461 281/156/461 16/16/461
f 281/156/462 18/17/462 16/16/462
f 113/78/463 285/157/463 115/80/463
f 285/157/464 286/158/464 115/80/464
f 115/80/465 286/158/465 117/82/465
f 286/158/133 119/84/133 117/82/133
f 53/5/466 251/148/466 51/42/466
f 51/42/467 251/148/467 49/41/467
f 251/148/468 248/147/469 49/41/470
f 49/41/471 248/147/471 47/40/471
f 249/148/472 263/42/472 247/41/472
f 263/42/473 43/36/473 247/41/473
f 247/41/474 43/36/474 45/38/474
f 287/151/475 124/89/475 288/98/475
f 124/89/476 126/91/476 288/98/476
f 288/98/477 126/91/477 63/51/477
f 289/66/478 290/65/478 291/64/478
f 290/65/479 266/63/479 291/64/479
f 291/64/480 266/63/480 265/62/480
f 160/109/481 162/111/481 274/120/481
f 274/120/482 162/111/482 166/115/482
f 162/111/483 164/113/483 166/115/483
f 110/75/484 171/109/484 108/73/484
f 171/109/485 256/110/485 108/73/485
f 108/73/486 256/110/486 106/71/486
f 236/127/294 237/126/294 292/128/294
f 292/128/487 237/126/487 293/152/487
f 237/126/296 238/145/297 293/152/297
f 170/119/236 169/118/236 201/134/236
f 169/118/488 167/116/489 201/134/489
f 201/134/234 167/116/234 165/114/234
f 176/114/316 245/132/316 178/121/316
f 178/121/490 245/132/491 182/125/490
f 245/132/318 184/127/318 182/125/318
f 13/13/492 278/130/492 11/11/492
f 278/130/493 38/31/493 11/11/493
f 149/103/494 252/142/494 150/104/494
f 150/104/495 252/142/495 152/106/495
f 186/31/496 188/130/496 228/11/496
f 228/11/497 188/130/497 189/13/497
f 255/54/498 275/52/498 144/53/498
f 144/53/499 275/52/499 142/51/499
f 156/56/500 154/105/500 254/104/500
f 154/105/176 152/106/175 254/104/501
f 58/46/502 56/44/502 60/48/502
f 70/58/503 68/56/503 151/105/503
f 63/51/504 65/53/504 288/98/504
f 264/139/505 145/99/505 147/101/505
f 290/65/506 267/108/506 266/63/506
f 239/146/507 153/107/507 155/58/507
f 136/44/508 138/48/508 219/99/508
f 293/152/509 294/153/509 292/128/509
f 173/111/510 175/113/510 177/112/510
f 120/85/373 122/87/373 259/119/373
f 169/118/488 168/117/488 167/116/489
f 194/122/228 84/71/511 81/68/226
f 163/112/189 198/121/189 165/114/189
f 174/115/200 242/116/200 176/114/200
f 182/125/490 180/123/490 178/121/490
f 251/148/468 250/149/512 248/147/469
f 220/101/434 218/139/513 217/50/432
usemtl mat_1-texture000.jpg.001
f 295/159/514 296/160/514 297/161/514
f 296/160/514 298/162/514 297/161/514
f 297/161/515 298/162/515 299/163/515
f 298/162/516 300/164/516 299/163/516
f 299/163/517 300/164/517 301/165/517
f 300/164/518 302/166/518 301/165/518
f 301/165/519 302/166/519 303/167/519
f 302/166/520 304/168/521 303/167/522
f 303/167/523 304/168/524 305/169/525
f 304/168/524 306/170/526 305/169/525
f 305/169/527 306/170/528 307/171/529
f 306/170/530 308/172/530 307/171/530
f 307/171/531 308/172/531 309/173/531
f 308/172/532 310/174/532 309/173/532
f 309/173/533 310/174/533 311/175/533
f 310/174/534 312/176/535 311/175/536
f 311/175/536 312/176/535 313/177/537
f 312/176/538 314/178/538 313/177/538
f 313/177/539 314/178/539 315/179/539
f 314/178/540 316/180/540 315/179/540
f 315/179/541 316/180/541 317/181/541
f 316/180/541 318/182/541 317/181/541
f 317/181/542 318/182/542 319/183/542
f 318/182/543 320/184/543 319/183/543
f 319/183/544 320/184/544 321/185/544
f 320/184/545 322/186/545 321/185/545
f 321/185/546 322/186/546 323/187/546
f 322/186/547 324/188/547 323/187/547
f 323/187/548 324/188/548 325/189/548
f 324/188/549 326/190/549 325/189/549
f 325/189/550 326/190/551 327/191/552
f 326/190/553 328/192/554 327/191/554
f 327/191/554 328/192/554 329/193/555
f 328/192/556 330/194/556 329/193/556
f 329/193/557 330/194/557 331/195/557
f 330/194/558 332/196/559 331/195/560
f 331/195/560 332/196/559 333/197/561
f 332/196/562 334/198/562 333/197/562
f 335/198/563 336/196/564 337/197/565
f 337/197/565 336/196/564 338/195/566
f 336/196/564 339/194/567 338/195/566
f 338/195/568 339/194/568 340/193/568
f 339/194/569 341/192/569 340/193/569
f 340/193/570 341/192/571 342/191/571
f 341/192/571 343/190/572 342/191/571
f 342/191/573 343/190/574 344/189/575
f 343/190/576 345/188/576 344/189/576
f 344/189/577 345/188/578 346/187/577
f 345/188/579 347/186/579 346/187/579
f 346/187/580 347/186/580 348/185/580
f 347/186/581 349/184/581 348/185/581
f 348/185/582 349/184/582 350/183/582
f 349/184/583 351/182/583 350/183/583
f 350/183/584 351/182/584 352/181/584
f 351/182/585 353/180/585 352/181/585
f 352/181/585 353/180/585 354/179/585
f 353/180/586 355/178/586 354/179/586
f 354/179/587 355/178/587 356/177/587
f 355/178/588 357/176/588 356/177/588
f 356/177/589 357/176/590 358/175/591
f 357/176/590 359/174/592 358/175/591
f 358/175/593 359/174/593 360/173/593
f 359/174/594 361/172/594 360/173/594
f 360/173/595 361/172/595 362/171/595
f 361/172/596 363/170/596 362/171/596
f 362/171/597 363/170/598 364/169/599
f 363/170/600 365/168/601 364/169/602
f 364/169/602 365/168/601 366/167/603
f 365/168/604 367/166/604 366/167/604
f 366/167/605 367/166/605 368/165/605
f 367/166/606 369/164/606 368/165/606
f 368/165/607 369/164/607 370/163/607
f 369/164/608 371/162/608 370/163/608
f 370/163/609 371/162/609 372/161/609
f 371/162/610 373/160/610 372/161/610
f 372/161/610 373/160/610 374/159/610
f 375/199/611 376/200/611 377/201/611
f 377/201/612 376/200/612 378/202/612
f 376/200/613 379/203/614 378/202/615
f 378/202/616 379/203/617 380/200/618
f 379/203/617 381/204/619 380/200/618
f 380/200/620 381/204/620 382/205/620
f 381/204/621 383/206/621 382/205/621
f 382/205/622 383/206/623 384/207/624
f 383/206/625 385/208/625 384/207/625
f 384/207/626 385/208/627 386/209/628
f 385/208/627 387/210/629 386/209/628
f 386/209/630 387/210/631 388/211/632
f 387/210/631 389/212/633 388/211/632
f 388/211/634 389/212/635 390/213/636
f 389/212/635 391/214/637 390/213/636
f 390/213/638 391/214/639 392/215/640
f 391/214/639 393/216/641 392/215/640
f 392/215/642 393/216/642 394/217/642
f 393/216/643 395/218/643 394/217/643
f 394/217/644 395/218/644 396/216/644
f 395/218/645 397/219/645 396/216/645
f 396/216/646 397/219/646 398/220/646
f 397/219/647 399/221/648 398/220/648
f 398/220/648 399/221/648 400/222/649
f 399/221/650 401/223/651 400/222/651
f 400/222/651 401/223/651 402/224/652
f 401/223/653 403/225/654 402/224/655
f 402/224/656 403/225/656 404/226/656
f 403/225/657 405/227/657 404/226/657
f 404/226/658 405/227/658 406/228/658
f 407/229/659 408/230/659 409/231/659
f 408/230/660 410/232/660 409/231/660
f 409/231/661 410/232/661 411/233/661
f 410/232/662 412/234/662 411/233/662
f 411/233/663 412/234/664 413/235/663
f 412/234/665 414/236/666 413/235/667
f 413/235/668 414/236/669 415/237/670
f 414/236/669 416/238/671 415/237/670
f 415/237/672 416/238/673 417/239/674
f 416/238/673 418/240/675 417/239/674
f 417/239/676 418/240/677 419/241/678
f 418/240/679 420/239/680 419/241/681
f 419/241/681 420/239/680 421/242/682
f 420/239/683 422/243/684 421/242/685
f 421/242/685 422/243/684 423/244/686
f 422/243/687 424/245/687 423/244/687
f 423/244/688 424/245/688 425/246/688
f 424/245/689 426/247/689 425/246/689
f 425/246/690 426/247/690 427/248/690
f 426/247/691 428/249/691 427/248/691
f 427/248/692 428/249/692 429/250/692
f 428/249/693 430/251/693 429/250/693
f 429/250/694 430/251/694 431/252/694
f 430/251/695 432/253/696 431/252/697
f 431/252/697 432/253/696 433/254/698
f 432/253/699 434/255/699 433/254/699
f 433/254/700 434/255/700 435/256/700
f 436/257/701 437/258/701 438/259/701
f 437/258/702 439/260/702 438/259/702
f 438/259/703 439/260/703 440/261/703
f 439/260/704 441/259/704 440/261/704
f 440/261/705 441/259/705 442/262/705
f 441/259/706 443/257/706 442/262/706
f 442/262/707 443/257/707 444/263/707
f 443/257/708 445/264/708 444/263/708
f 444/263/709 445/264/710 446/265/711
f 445/264/712 447/266/712 446/265/712
f 446/265/713 447/266/714 448/267/715
f 447/266/716 449/268/716 448/267/716
f 448/267/717 449/268/718 450/266/719
f 449/268/718 451/269/720 450/266/719
f 450/266/721 451/269/721 452/264/721
f 451/269/722 453/270/722 452/264/722
f 452/264/723 453/270/723 454/271/723
f 453/270/724 455/272/724 454/271/724
f 454/271/725 455/272/726 436/257/726
f 455/272/726 456/273/727 436/257/726
f 436/257/728 456/273/728 437/258/728
f 456/273/729 457/274/729 437/258/729
f 437/258/730 457/274/730 458/275/730
f 457/274/731 459/276/731 458/275/731
f 458/275/732 459/276/732 460/274/732
f 459/276/733 461/277/733 460/274/733
f 460/274/734 461/277/734 462/273/734
f 463/257/701 464/258/701 465/259/701
f 464/258/702 466/260/702 465/259/702
f 465/259/703 466/260/703 467/261/703
f 466/260/704 468/259/704 467/261/704
f 467/261/705 468/259/705 469/262/705
f 468/259/706 470/257/706 469/262/706
f 469/262/707 470/257/707 471/263/707
f 470/257/735 472/264/735 471/263/735
f 471/263/709 472/264/710 473/265/711
f 472/264/712 474/266/712 473/265/712
f 473/265/736 474/266/714 475/267/737
f 474/266/716 476/268/716 475/267/716
f 475/267/717 476/268/738 477/266/719
f 476/268/738 478/269/720 477/266/719
f 477/266/721 478/269/721 479/264/721
f 478/269/739 480/270/739 479/264/739
f 479/264/723 480/270/723 481/271/723
f 480/270/724 482/272/724 481/271/724
f 481/271/725 482/272/726 463/257/726
f 482/272/726 483/273/727 463/257/726
f 463/257/728 483/273/728 464/258/728
f 483/273/729 484/274/729 464/258/729
f 464/258/730 484/274/730 485/275/730
f 484/274/731 486/276/731 485/275/731
f 485/275/732 486/276/732 487/274/732
f 486/276/733 488/277/733 487/274/733
f 487/274/740 488/277/740 489/273/740
f 490/278/741 491/205/741 375/199/741
f 375/199/742 491/205/742 376/200/742
f 491/205/743 492/204/743 376/200/743
f 376/200/613 492/204/744 379/203/614
f 492/204/745 493/279/746 379/203/747
f 379/203/748 493/279/749 381/204/750
f 493/279/749 494/280/751 381/204/750
f 381/204/752 494/280/753 383/206/754
f 494/280/753 495/281/755 383/206/754
f 383/206/756 495/281/757 385/208/758
f 495/281/757 496/282/759 385/208/758
f 385/208/760 496/282/760 387/210/760
f 496/282/761 497/283/761 387/210/761
f 387/210/762 497/283/762 498/284/762
f 497/283/763 499/285/763 498/284/763
f 498/284/764 499/285/764 500/286/764
f 499/285/765 501/287/765 500/286/765
f 500/286/766 501/287/766 502/288/766
f 501/287/767 503/226/767 502/288/767
f 502/288/768 503/226/768 504/224/768
f 503/226/769 505/225/769 504/224/769
f 504/224/770 505/225/771 401/223/772
f 505/225/771 506/289/773 401/223/772
f 401/223/653 506/289/774 403/225/654
f 506/289/775 507/290/776 403/225/777
f 403/225/777 507/290/776 405/227/778
f 508/291/779 394/217/779 509/292/779
f 509/292/780 394/217/781 510/291/782
f 394/217/781 511/215/783 510/291/782
f 510/291/784 511/215/785 512/293/786
f 511/215/785 513/213/787 512/293/786
f 512/293/788 513/213/788 514/294/788
f 513/213/789 515/211/789 514/294/789
f 514/294/790 515/211/791 516/295/792
f 515/211/791 517/209/793 516/295/792
f 516/295/794 517/209/794 518/207/794
f 517/209/795 519/208/796 518/207/797
f 518/207/798 519/208/798 520/206/798
f 519/208/799 521/281/800 520/206/801
f 520/206/802 521/281/803 522/280/804
f 521/281/805 523/296/806 522/280/807
f 522/280/808 523/296/809 524/297/810
f 523/296/811 525/298/811 524/297/812
f 524/297/813 525/298/814 526/296/814
f 525/298/814 527/299/815 526/296/814
f 526/296/816 527/299/816 528/300/816
f 527/299/817 529/301/817 528/300/817
f 528/300/818 529/301/818 530/302/818
f 529/301/819 531/303/819 530/302/819
f 530/302/820 531/303/820 532/304/820
f 533/305/821 534/306/822 535/307/823
f 534/306/824 536/308/825 535/307/826
f 535/307/827 536/308/827 537/309/827
f 536/308/828 538/310/828 537/309/828
f 537/309/829 538/310/829 539/311/829
f 538/310/830 540/312/830 539/311/830
f 539/311/831 540/312/831 541/313/831
f 540/312/832 542/314/832 541/313/832
f 541/313/833 542/314/834 543/315/835
f 542/314/836 544/316/837 543/315/838
f 543/315/839 544/316/840 545/317/841
f 544/316/840 546/318/842 545/317/841
f 545/317/841 546/318/842 547/319/843
f 546/318/844 548/320/845 547/319/846
f 547/319/847 548/320/847 549/321/847
f 548/320/848 550/322/849 549/321/850
f 549/321/851 550/322/852 551/323/853
f 550/322/852 552/324/854 551/323/853
f 551/323/855 552/324/856 553/325/857
f 552/324/858 554/326/858 553/325/858
f 553/325/859 554/326/860 555/327/861
f 554/326/860 556/328/862 555/327/861
f 555/327/863 556/328/863 557/329/863
f 556/328/864 558/330/864 557/329/864
f 559/330/865 560/328/865 561/329/865
f 561/329/866 560/328/866 562/327/866
f 560/328/867 563/326/867 562/327/867
f 562/327/868 563/326/868 564/325/868
f 563/326/869 565/324/870 564/325/871
f 564/325/872 565/324/873 566/323/874
f 565/324/875 567/322/876 566/323/877
f 566/323/877 567/322/876 568/321/878
f 567/322/879 569/320/880 568/321/881
f 568/321/882 569/320/882 570/319/882
f 569/320/883 571/318/884 570/319/885
f 570/319/886 571/318/887 572/317/888
f 571/318/887 573/316/889 572/317/888
f 572/317/888 573/316/889 574/315/890
f 573/316/891 575/314/892 574/315/893
f 574/315/894 575/314/895 576/313/896
f 575/314/897 577/312/897 576/313/897
f 576/313/898 577/312/898 578/311/898
f 577/312/899 579/310/900 578/311/901
f 578/311/902 579/310/902 580/309/902
f 579/310/903 581/308/903 580/309/903
f 580/309/904 581/308/904 582/307/904
f 581/308/905 583/306/905 582/307/905
f 582/307/906 583/306/906 584/305/906
f 585/331/907 586/332/907 587/333/907
f 587/333/908 586/332/908 588/334/908
f 586/332/909 589/335/909 588/334/909
f 588/334/910 589/335/910 590/336/910
f 589/335/911 591/337/911 590/336/911
f 590/336/912 591/337/912 592/335/912
f 591/337/913 593/338/913 592/335/913
f 592/335/914 593/338/915 594/339/916
f 593/338/917 595/340/917 594/339/917
f 594/339/918 595/340/918 596/341/918
f 595/340/919 597/342/919 596/341/919
f 596/341/920 597/342/920 598/343/920
f 597/342/921 599/344/921 598/343/921
f 598/343/922 599/344/922 600/345/922
f 599/344/923 601/346/923 600/345/923
f 600/345/924 601/346/925 602/347/926
f 601/346/927 603/345/927 602/347/927
f 602/347/928 603/345/928 604/348/928
f 603/345/929 605/343/929 604/348/929
f 604/348/930 605/343/930 606/349/930
f 605/343/931 607/350/931 606/349/931
f 396/216/932 398/220/932 608/214/932
f 398/220/933 609/351/933 608/214/933
f 608/214/934 609/351/934 610/212/934
f 609/351/935 611/284/935 610/212/935
f 610/212/936 611/284/936 612/210/936
f 611/284/937 613/283/937 612/210/937
f 612/210/938 613/283/938 614/282/938
f 613/283/939 615/304/940 614/282/941
f 614/282/941 615/304/940 616/302/942
f 615/304/943 617/303/943 616/302/943
f 616/302/944 617/303/944 618/301/944
f 617/303/945 619/352/945 618/301/945
f 618/301/946 619/352/946 620/299/946
f 619/352/946 621/353/947 620/299/946
f 620/299/948 621/353/949 525/298/950
f 621/353/949 622/354/951 525/298/950
f 525/298/952 622/354/953 623/353/954
f 622/354/955 624/355/955 623/353/955
f 623/353/956 624/355/956 625/356/956
f 626/357/957 407/229/957 627/358/957
f 627/358/958 407/229/958 628/359/958
f 407/229/959 409/231/959 628/359/959
f 628/359/960 409/231/961 629/360/962
f 409/231/963 411/233/963 629/360/963
f 629/360/964 411/233/965 630/361/966
f 411/233/663 413/235/663 630/361/967
f 630/361/968 413/235/968 631/362/968
f 413/235/969 415/237/969 631/362/969
f 631/362/970 415/237/970 632/243/970
f 415/237/971 417/239/971 632/243/971
f 632/243/972 417/239/973 633/242/974
f 417/239/676 419/241/678 633/242/975
f 633/242/976 419/241/976 634/363/976
f 419/241/977 421/242/977 634/363/977
f 634/363/977 421/242/977 635/364/977
f 421/242/978 636/365/978 635/364/978
f 635/364/979 636/365/979 637/366/979
f 638/367/980 639/368/980 640/369/980
f 640/369/981 639/368/982 641/370/983
f 639/368/982 642/371/984 641/370/983
f 641/370/985 642/371/985 643/372/985
f 642/371/986 644/373/986 643/372/986
f 643/372/987 644/373/987 585/331/987
f 644/373/988 645/374/988 585/331/988
f 585/331/989 645/374/989 586/332/989
f 645/374/990 646/375/990 586/332/990
f 586/332/991 646/375/991 589/335/991
f 646/375/992 647/339/993 589/335/994
f 589/335/994 647/339/993 648/338/995
f 647/339/996 649/340/996 648/338/996
f 648/338/997 649/340/997 650/376/997
f 649/340/998 651/342/999 650/376/1000
f 650/376/1000 651/342/999 652/344/1001
f 651/342/1002 605/343/1002 652/344/1002
f 652/344/1003 605/343/1003 603/345/1003
f 408/230/1004 653/377/1004 410/232/1004
f 653/377/1005 654/378/1005 410/232/1005
f 410/232/1006 654/378/1006 412/234/1006
f 654/378/1007 655/379/1007 412/234/1007
f 412/234/665 655/379/1008 414/236/666
f 655/379/1009 656/234/1010 414/236/1011
f 414/236/1011 656/234/1010 657/235/1012
f 656/234/1013 658/233/1014 657/235/1014
f 657/235/1014 658/233/1014 659/361/1015
f 658/233/1016 660/360/1017 659/361/1018
f 659/361/1018 660/360/1017 661/380/1019
f 660/360/1020 662/381/1020 661/380/1020
f 661/380/1021 662/381/1021 663/382/1021
f 662/381/1022 664/383/1022 663/382/1022
f 663/382/1023 664/383/1023 665/384/1023
f 664/383/1024 666/385/1024 665/384/1024
f 665/384/1025 666/385/1025 667/386/1025
f 627/358/1026 628/359/1026 668/387/1026
f 628/359/1027 669/381/1027 668/387/1027
f 668/387/1028 669/381/1029 670/383/1030
f 669/381/1029 671/382/1031 670/383/1030
f 670/383/1032 671/382/1032 672/384/1032
f 671/382/1033 673/247/1033 672/384/1033
f 672/384/1034 673/247/1034 674/386/1034
f 673/247/1035 675/388/1035 674/386/1035
f 674/386/1036 675/388/1036 676/253/1036
f 675/388/1037 677/251/1037 676/253/1037
f 676/253/1038 677/251/1039 678/252/1040
f 677/251/1041 679/250/1041 678/252/1041
f 678/252/1042 679/250/1042 680/389/1042
f 679/250/1043 681/390/1044 680/389/1045
f 680/389/1045 681/390/1044 682/391/1046
f 681/390/1047 683/392/1047 682/391/1047
f 351/182/1048 349/184/1048 353/180/1048
f 349/184/1049 347/186/1049 353/180/1049
f 353/180/1050 347/186/1050 684/393/1050
f 347/186/1051 345/188/1051 684/393/1051
f 684/393/1052 345/188/1052 685/394/1052
f 345/188/1053 343/190/1053 685/394/1053
f 685/394/1054 343/190/1055 686/395/1056
f 343/190/1055 341/192/1057 686/395/1056
f 686/395/1058 341/192/1059 359/174/1060
f 341/192/1059 339/194/1061 359/174/1060
f 359/174/1062 339/194/1063 687/396/1064
f 339/194/1063 688/397/1065 687/396/1064
f 687/396/1066 688/397/1066 689/398/1066
f 688/397/1067 690/399/1068 689/398/1069
f 689/398/1069 690/399/1068 691/400/1070
f 692/401/1071 693/402/1071 694/403/1071
f 694/403/1072 693/402/1072 695/404/1072
f 693/402/1073 696/405/1073 695/404/1073
f 695/404/1074 696/405/1074 697/406/1074
f 696/405/1075 698/407/1075 697/406/1075
f 697/406/1076 698/407/1076 699/408/1076
f 698/407/1077 700/409/1077 699/408/1077
f 699/408/1078 700/409/1078 701/410/1078
f 700/409/1079 702/411/1079 701/410/1079
f 701/410/1080 702/411/1080 703/412/1080
f 702/411/1081 704/410/1081 703/412/1081
f 703/412/1082 704/410/1083 705/413/1084
f 704/410/1083 706/414/1085 705/413/1084
f 705/413/1086 706/414/1086 707/415/1086
f 706/414/1087 708/416/1087 707/415/1087
f 709/417/1088 710/418/1088 711/419/1088
f 711/419/1089 710/418/1089 712/420/1089
f 710/418/1090 713/421/1090 712/420/1090
f 712/420/1091 713/421/1091 714/422/1091
f 713/421/1092 715/423/1092 714/422/1092
f 714/422/1093 715/423/1093 716/424/1093
f 715/423/1094 717/425/1094 716/424/1094
f 716/424/1095 717/425/1095 718/426/1095
f 717/425/1096 596/341/1096 718/426/1096
f 718/426/1097 596/341/1097 719/427/1097
f 596/341/1098 720/428/1098 719/427/1098
f 719/427/1099 720/428/1100 721/350/1101
f 720/428/1100 598/343/1102 721/350/1101
f 721/350/1103 598/343/1103 722/349/1103
f 598/343/1104 723/348/1105 722/349/1106
f 318/182/1107 316/180/1107 320/184/1107
f 320/184/1108 316/180/1108 322/186/1108
f 316/180/1109 724/393/1109 322/186/1109
f 322/186/1110 724/393/1110 324/188/1110
f 724/393/1111 725/394/1111 324/188/1111
f 324/188/1112 725/394/1112 326/190/1112
f 725/394/1113 726/395/1114 326/190/1115
f 326/190/1115 726/395/1114 328/192/1116
f 726/395/1117 310/174/1118 328/192/1119
f 328/192/1119 310/174/1118 330/194/1120
f 310/174/1121 727/396/1122 330/194/1123
f 330/194/1123 727/396/1122 728/397/1124
f 727/396/1125 729/398/1125 728/397/1125
f 728/397/1126 729/398/1126 730/399/1126
f 729/398/1127 731/400/1127 730/399/1127
f 732/429/1128 733/430/1129 734/431/1130
f 734/431/1131 733/430/1131 735/432/1131
f 733/430/1132 736/433/1132 735/432/1132
f 735/432/1133 736/433/1133 737/430/1133
f 736/433/1134 738/434/1134 737/430/1134
f 737/430/1135 738/434/1135 739/429/1135
f 738/434/1136 740/435/1136 739/429/1136
f 739/429/1137 740/435/1137 741/436/1137
f 740/435/1138 742/437/1138 741/436/1138
f 741/436/1139 742/437/1140 743/438/1141
f 742/437/1142 744/436/1142 743/438/1142
f 743/438/1143 744/436/1143 745/439/1143
f 744/436/1144 732/429/1144 745/439/1144
f 745/439/1145 732/429/1145 746/440/1145
f 732/429/1128 734/431/1130 746/440/1146
f 516/295/1147 518/207/1147 490/278/1147
f 490/278/1148 518/207/1149 491/205/1150
f 518/207/1149 520/206/1151 491/205/1150
f 491/205/1152 520/206/1152 492/204/1152
f 520/206/802 522/280/804 492/204/1153
f 492/204/745 522/280/1154 493/279/746
f 522/280/808 524/297/810 493/279/1155
f 493/279/1156 524/297/1157 494/280/1158
f 524/297/1157 526/296/1159 494/280/1158
f 494/280/1160 526/296/1161 495/281/1162
f 526/296/1161 528/300/1163 495/281/1162
f 495/281/1164 528/300/1164 496/282/1164
f 528/300/1165 530/302/1165 496/282/1165
f 496/282/1166 530/302/1167 532/304/1168
f 541/313/833 543/315/835 747/441/1169
f 543/315/835 545/317/1170 747/441/1169
f 747/441/1171 545/317/1172 748/442/1173
f 545/317/1172 547/319/1174 748/442/1173
f 748/442/1173 547/319/1174 749/443/1175
f 547/319/1174 549/321/1176 749/443/1175
f 749/443/1177 549/321/1178 750/444/1179
f 549/321/1180 551/323/1180 750/444/1180
f 750/444/1181 551/323/855 751/445/1182
f 551/323/855 553/325/857 751/445/1182
f 751/445/1183 553/325/1184 752/446/1185
f 553/325/1184 555/327/1186 752/446/1185
f 752/446/1187 555/327/1187 753/447/1187
f 555/327/1188 557/329/1188 753/447/1188
f 561/329/1189 562/327/1189 754/447/1189
f 754/447/1190 562/327/1191 755/446/1192
f 562/327/1193 564/325/1194 755/446/1195
f 755/446/1195 564/325/1194 756/445/1196
f 564/325/872 566/323/874 756/445/1197
f 756/445/1197 566/323/874 757/444/1198
f 566/323/1199 568/321/1199 757/444/1199
f 757/444/1200 568/321/1201 758/443/1202
f 568/321/1203 570/319/1204 758/443/1205
f 758/443/1205 570/319/1204 759/442/1206
f 570/319/1204 572/317/1207 759/442/1206
f 759/442/1206 572/317/1207 760/441/1208
f 572/317/1209 574/315/894 760/441/1210
f 760/441/1210 574/315/894 576/313/896
f 653/377/1211 761/448/1211 654/378/1211
f 761/448/1212 762/449/1212 654/378/1212
f 654/378/1213 762/449/1213 655/379/1213
f 762/449/1214 763/378/1214 655/379/1214
f 655/379/1215 763/378/1215 656/234/1215
f 763/378/1216 764/232/1216 656/234/1216
f 656/234/1217 764/232/1217 658/233/1217
f 764/232/1218 765/231/1218 658/233/1218
f 658/233/1219 765/231/1219 660/360/1219
f 765/231/1220 766/359/1221 660/360/1222
f 660/360/1222 766/359/1221 662/381/1223
f 766/359/1224 767/387/1224 662/381/1224
f 662/381/1225 767/387/1225 664/383/1225
f 607/350/1226 605/343/1226 768/428/1226
f 605/343/1227 769/341/1227 768/428/1227
f 768/428/1228 769/341/1228 770/427/1228
f 769/341/1229 771/426/1229 770/427/1229
f 770/427/1230 771/426/1230 772/424/1230
f 771/426/1231 773/425/1231 772/424/1231
f 772/424/1232 773/425/1232 774/423/1232
f 773/425/1233 775/450/1233 774/423/1233
f 774/423/1234 775/450/1234 776/421/1234
f 775/450/1235 777/451/1235 776/421/1235
f 776/421/1236 777/451/1236 778/452/1236
f 777/451/1237 779/453/1238 778/452/1239
f 778/452/1240 779/453/1240 780/417/1240
f 781/454/1241 782/455/1241 783/456/1241
f 782/455/1242 784/457/1243 783/456/1244
f 783/456/1244 784/457/1243 544/316/1245
f 784/457/1243 785/458/1246 544/316/1245
f 544/316/1247 785/458/1247 546/318/1247
f 785/458/1248 786/459/1248 546/318/1249
f 546/318/844 786/459/1250 548/320/845
f 786/459/1250 787/460/1251 548/320/845
f 548/320/848 787/460/1252 550/322/849
f 787/460/1253 788/461/1253 550/322/1253
f 550/322/1254 788/461/1255 552/324/1256
f 788/461/1255 789/462/1257 552/324/1256
f 552/324/1258 789/462/1258 554/326/1258
f 790/463/1259 791/464/1260 792/465/1259
f 791/464/1261 793/463/1261 792/465/1261
f 792/465/1262 793/463/1262 794/466/1262
f 793/463/1263 795/467/1263 794/466/1263
f 794/466/1264 795/467/1264 796/468/1264
f 795/467/1265 797/469/1265 796/468/1265
f 796/468/1266 797/469/1266 798/470/1266
f 797/469/1267 799/471/1267 798/470/1267
f 798/470/1268 799/471/1268 800/472/1268
f 799/471/1269 801/473/1269 800/472/1269
f 800/472/1270 801/473/1270 802/474/1270
f 801/473/1271 803/475/1271 802/474/1271
f 802/474/1272 803/475/1272 804/476/1272
f 805/454/1273 806/456/1273 807/455/1273
f 807/455/1274 806/456/1275 808/457/1276
f 806/456/1275 573/316/1277 808/457/1276
f 808/457/1276 573/316/1277 809/458/1278
f 573/316/1279 571/318/1279 809/458/1279
f 809/458/1280 571/318/1281 810/459/1282
f 571/318/884 569/320/883 810/459/1283
f 810/459/1283 569/320/883 811/460/1284
f 569/320/880 567/322/879 811/460/1285
f 811/460/1286 567/322/1287 812/461/1288
f 567/322/1289 565/324/1289 812/461/1289
f 812/461/1290 565/324/1290 813/462/1290
f 565/324/870 563/326/869 813/462/1291
f 814/477/1292 440/261/1292 815/478/1292
f 815/478/1293 440/261/1293 816/477/1293
f 440/261/1294 442/262/1294 816/477/1294
f 816/477/1295 442/262/1295 817/479/1295
f 442/262/1296 444/263/1296 817/479/1296
f 817/479/1297 444/263/1297 818/480/1297
f 444/263/709 446/265/711 818/480/1298
f 818/480/1299 446/265/1299 819/481/1299
f 446/265/1300 820/482/1300 819/481/1300
f 819/481/1301 820/482/1301 821/265/1301
f 820/482/1302 448/267/1303 821/265/1304
f 821/265/1304 448/267/1303 450/266/1305
f 822/366/1306 823/365/1306 824/364/1306
f 824/364/1307 823/365/1307 633/242/1307
f 823/365/1308 825/244/1308 633/242/1308
f 633/242/974 825/244/1309 632/243/972
f 825/244/1310 826/245/1310 632/243/1310
f 632/243/1311 826/245/1311 631/362/1311
f 826/245/1312 827/483/1312 631/362/1312
f 631/362/1313 827/483/1313 630/361/1313
f 827/483/1314 828/380/1314 630/361/1314
f 630/361/966 828/380/1315 629/360/964
f 828/380/1316 669/381/1316 629/360/1316
f 629/360/962 669/381/1317 628/359/960
f 829/477/1318 467/261/1318 830/478/1318
f 830/478/1319 467/261/1319 831/477/1319
f 467/261/1320 469/262/1320 831/477/1320
f 831/477/1295 469/262/1295 832/479/1295
f 469/262/1296 471/263/1296 832/479/1296
f 832/479/1297 471/263/1297 833/480/1297
f 471/263/709 473/265/711 833/480/1298
f 833/480/1299 473/265/1299 834/481/1299
f 473/265/1300 835/482/1300 834/481/1300
f 834/481/1301 835/482/1301 836/265/1301
f 835/482/1321 475/267/1322 836/265/1323
f 836/265/1323 475/267/1322 477/266/1305
f 761/448/1324 837/484/1324 762/449/1324
f 837/484/1325 838/448/1325 762/449/1325
f 762/449/1326 838/448/1326 763/378/1326
f 838/448/1327 839/377/1327 763/378/1327
f 763/378/1328 839/377/1328 764/232/1328
f 839/377/1329 840/230/1329 764/232/1329
f 764/232/1330 840/230/1330 765/231/1330
f 840/230/1331 841/229/1331 765/231/1331
f 765/231/1332 841/229/1332 766/359/1332
f 841/229/1333 842/358/1334 766/359/1335
f 766/359/1335 842/358/1334 767/387/1336
f 792/465/1259 843/466/1337 790/463/1259
f 790/463/1338 843/466/1338 844/467/1338
f 843/466/1339 845/468/1339 844/467/1339
f 844/467/1340 845/468/1340 846/469/1340
f 845/468/1341 847/470/1341 846/469/1341
f 846/469/1342 847/470/1342 848/471/1342
f 847/470/1343 849/472/1343 848/471/1343
f 848/471/1344 849/472/1344 850/473/1344
f 849/472/1345 851/474/1345 850/473/1345
f 850/473/1346 851/474/1346 852/475/1346
f 851/474/1347 853/476/1347 852/475/1347
f 854/485/1348 855/486/1348 856/487/1348
f 856/487/1349 855/486/1349 857/488/1349
f 855/486/1350 858/489/1350 857/488/1350
f 857/488/1351 858/489/1351 859/490/1351
f 858/489/1352 860/491/1352 859/490/1352
f 859/490/1353 860/491/1353 861/492/1353
f 860/491/1354 862/493/1354 861/492/1354
f 861/492/1355 862/493/1355 863/494/1355
f 862/493/1356 864/495/1356 863/494/1356
f 863/494/1357 864/495/1357 865/496/1357
f 864/495/1358 866/497/1358 865/496/1358
f 867/367/1359 868/369/1359 869/368/1359
f 868/369/1360 870/370/1360 869/368/1360
f 869/368/1361 870/370/1361 871/371/1361
f 870/370/1362 872/372/1362 871/371/1362
f 871/371/1363 872/372/1363 873/373/1363
f 872/372/1364 874/331/1364 873/373/1364
f 873/373/1365 874/331/1365 875/374/1365
f 874/331/1366 876/332/1366 875/374/1366
f 875/374/1367 876/332/1367 877/375/1367
f 876/332/1368 592/335/1368 877/375/1368
f 877/375/1369 592/335/914 594/339/916
f 878/485/1370 879/487/1370 880/486/1370
f 879/487/1371 881/488/1371 880/486/1371
f 880/486/1372 881/488/1372 882/489/1372
f 881/488/1373 883/490/1373 882/489/1373
f 882/489/1374 883/490/1374 884/491/1374
f 883/490/1375 885/492/1375 884/491/1375
f 884/491/1376 885/492/1377 886/493/1378
f 885/492/1377 887/494/1379 886/493/1378
f 886/493/1380 887/494/1381 888/495/1382
f 887/494/1381 889/496/1383 888/495/1382
f 888/495/1384 889/496/1384 890/497/1384
f 758/443/1202 759/442/1385 757/444/1200
f 757/444/1200 759/442/1385 891/498/1386
f 759/442/1385 760/441/1387 891/498/1386
f 891/498/1388 760/441/1389 892/499/1390
f 760/441/1389 893/500/1391 892/499/1390
f 892/499/1392 893/500/1392 894/501/1392
f 893/500/1393 580/309/1394 894/501/1395
f 894/501/1396 580/309/1397 895/502/1398
f 580/309/1397 896/503/1399 895/502/1398
f 895/502/1400 896/503/1400 897/504/1400
f 896/503/1401 584/305/1401 897/504/1401
f 533/305/1402 898/503/1403 899/504/1404
f 899/504/1404 898/503/1403 900/502/1405
f 898/503/1406 537/309/1407 900/502/1408
f 900/502/1408 537/309/1407 901/501/1409
f 537/309/1410 902/500/1411 901/501/1412
f 901/501/1413 902/500/1413 903/499/1413
f 902/500/1414 747/441/1415 903/499/1416
f 903/499/1416 747/441/1415 904/498/1417
f 747/441/1418 748/442/1419 904/498/1420
f 904/498/1420 748/442/1419 750/444/1179
f 748/442/1419 749/443/1177 750/444/1179
f 905/505/1421 906/506/1421 907/507/1421
f 907/507/1422 906/506/1422 908/508/1422
f 906/506/1423 909/509/1423 908/508/1423
f 908/508/1424 909/509/1424 910/510/1424
f 909/509/1425 911/511/1425 910/510/1425
f 910/510/1425 911/511/1425 912/512/1425
f 911/511/1426 913/513/1426 912/512/1426
f 912/512/1427 913/513/1427 914/514/1427
f 913/513/1428 915/515/1428 914/514/1428
f 914/514/1429 915/515/1429 916/516/1429
f 917/517/1430 676/253/1430 918/255/1430
f 918/255/1431 676/253/1431 919/254/1431
f 676/253/1038 678/252/1040 919/254/1432
f 919/254/1433 678/252/1433 920/518/1433
f 678/252/1434 921/519/1434 920/518/1434
f 920/518/1435 921/519/1435 431/252/1435
f 921/519/1436 922/389/1436 431/252/1436
f 431/252/1437 922/389/1437 429/250/1437
f 922/389/1438 923/390/1439 429/250/1440
f 429/250/1441 923/390/1441 924/520/1441
f 443/257/1442 925/271/1442 445/264/1442
f 445/264/1443 925/271/1443 926/270/1443
f 925/271/1444 927/272/1444 926/270/1444
f 926/270/1445 927/272/1445 928/521/1445
f 927/272/1446 929/522/1446 928/521/1446
f 928/521/1447 929/522/1447 930/523/1447
f 929/522/1448 931/524/1448 930/523/1448
f 930/523/1449 931/524/1449 932/522/1449
f 931/524/1450 933/525/1450 932/522/1450
f 932/522/1451 933/525/1451 456/273/1451
f 934/526/1452 935/527/1452 782/455/1452
f 782/455/1453 935/527/1453 784/457/1453
f 935/527/1454 936/528/1454 784/457/1454
f 784/457/1455 936/528/1456 785/458/1457
f 936/528/1456 937/529/1458 785/458/1457
f 785/458/1248 937/529/1459 786/459/1248
f 937/529/1460 938/530/1460 786/459/1460
f 786/459/1461 938/530/1462 787/460/1463
f 938/530/1462 939/531/1464 787/460/1463
f 787/460/1465 939/531/1465 788/461/1465
f 377/201/1466 378/202/1466 940/532/1466
f 940/532/1467 378/202/1467 941/201/1467
f 378/202/1468 380/200/1468 941/201/1468
f 941/201/1469 380/200/1469 942/199/1469
f 380/200/1470 382/205/1470 942/199/1470
f 942/199/1471 382/205/622 943/278/1472
f 382/205/622 384/207/624 943/278/1472
f 943/278/1473 384/207/1474 944/295/1475
f 384/207/1474 386/209/1476 944/295/1475
f 944/295/1477 386/209/1477 388/211/1477
f 945/526/1478 807/455/1478 946/527/1478
f 807/455/1479 808/457/1479 946/527/1479
f 946/527/1480 808/457/1481 947/528/1482
f 808/457/1481 809/458/1483 947/528/1482
f 947/528/1484 809/458/1484 948/529/1484
f 809/458/1280 810/459/1282 948/529/1485
f 948/529/1486 810/459/1487 949/530/1488
f 810/459/1489 811/460/1489 949/530/1489
f 949/530/1490 811/460/1490 950/531/1490
f 811/460/1286 812/461/1288 950/531/1491
f 470/257/1442 951/271/1442 472/264/1442
f 472/264/1443 951/271/1443 952/270/1443
f 951/271/1444 953/272/1444 952/270/1444
f 952/270/1445 953/272/1445 954/521/1445
f 953/272/1446 955/522/1446 954/521/1446
f 954/521/1492 955/522/1492 956/523/1492
f 955/522/1493 957/524/1493 956/523/1493
f 956/523/1449 957/524/1449 958/522/1449
f 957/524/1450 959/525/1450 958/522/1450
f 958/522/1451 959/525/1451 483/273/1451
f 960/533/1494 961/534/1494 962/535/1494
f 961/534/1495 963/536/1495 962/535/1495
f 962/535/1496 963/536/1496 964/537/1496
f 963/536/1497 965/538/1497 964/537/1497
f 964/537/1498 965/538/1498 966/539/1498
f 965/538/1498 967/540/1499 966/539/1498
f 966/539/1500 967/540/1500 968/541/1500
f 967/540/1501 969/542/1501 968/541/1501
f 968/541/1502 969/542/1502 970/543/1502
f 969/542/1503 971/544/1503 970/543/1503
f 905/505/1504 972/545/1504 906/506/1504
f 972/545/1505 973/546/1505 906/506/1505
f 906/506/1506 973/546/1506 909/509/1506
f 973/546/1507 974/547/1507 909/509/1507
f 909/509/1508 974/547/1508 911/511/1508
f 974/547/1509 975/548/1510 911/511/1511
f 911/511/1511 975/548/1510 913/513/1512
f 975/548/1513 976/549/1513 913/513/1513
f 913/513/1514 976/549/1514 915/515/1514
f 977/550/1515 978/551/1515 979/552/1515
f 978/551/1516 980/553/1516 979/552/1516
f 979/552/1517 980/553/1517 981/554/1517
f 980/553/1518 982/555/1518 981/554/1518
f 981/554/1519 982/555/1520 983/556/1521
f 982/555/1520 984/557/1522 983/556/1521
f 983/556/1523 984/557/1523 985/558/1523
f 984/557/1524 986/559/1524 985/558/1524
f 985/558/1525 986/559/1525 987/560/1525
f 988/561/1526 989/562/1526 990/563/1526
f 989/562/1527 991/564/1527 990/563/1527
f 990/563/1528 991/564/1529 356/177/1530
f 991/564/1531 992/565/1531 356/177/1531
f 356/177/1532 992/565/1532 354/179/1532
f 992/565/1533 993/566/1533 354/179/1533
f 354/179/1533 993/566/1533 352/181/1533
f 993/566/1534 994/567/1534 352/181/1534
f 352/181/1535 994/567/1535 350/183/1535
f 961/534/1536 995/568/1536 963/536/1536
f 995/568/1537 996/569/1537 963/536/1537
f 963/536/1538 996/569/1539 965/538/1540
f 996/569/1539 997/570/1541 965/538/1540
f 965/538/1542 997/570/1542 967/540/1542
f 997/570/1543 998/571/1543 967/540/1543
f 967/540/1544 998/571/1544 969/542/1544
f 998/571/1545 999/572/1545 969/542/1545
f 969/542/1546 999/572/1546 971/544/1546
f 1000/401/1547 1001/403/1547 693/402/1547
f 1001/403/1548 1002/404/1548 693/402/1548
f 693/402/1549 1002/404/1549 696/405/1549
f 1002/404/1550 1003/406/1550 696/405/1550
f 696/405/1551 1003/406/1551 1004/407/1551
f 1003/406/1552 1005/408/1552 1004/407/1552
f 1004/407/1553 1005/408/1553 1006/409/1553
f 1005/408/1554 704/410/1554 1006/409/1554
f 1006/409/1555 704/410/1555 702/411/1555
f 319/183/1556 1007/567/1556 317/181/1556
f 1007/567/1557 1008/566/1557 317/181/1557
f 317/181/1558 1008/566/1558 315/179/1558
f 1008/566/1558 1009/565/1558 315/179/1558
f 315/179/1559 1009/565/1559 313/177/1559
f 1009/565/1560 1010/564/1560 313/177/1560
f 313/177/1561 1010/564/1562 1011/563/1563
f 1010/564/1564 1012/562/1564 1011/563/1564
f 1011/563/1565 1012/562/1565 1013/561/1565
f 663/382/1566 426/247/1566 661/380/1566
f 661/380/1567 426/247/1567 1014/483/1567
f 426/247/1568 424/245/1568 1014/483/1568
f 1014/483/1569 424/245/1569 1015/362/1569
f 424/245/1570 422/243/1570 1015/362/1570
f 1015/362/1571 422/243/1571 1016/237/1571
f 422/243/1572 420/239/1572 1016/237/1572
f 1016/237/1573 420/239/1574 416/238/1575
f 420/239/1574 418/240/1576 416/238/1575
f 1017/573/1577 1018/574/1577 1019/555/1577
f 1018/574/1578 1020/553/1578 1019/555/1578
f 1019/555/1579 1020/553/1579 1021/554/1579
f 1020/553/1580 1022/552/1580 1021/554/1580
f 1021/554/1581 1022/552/1582 1023/556/1583
f 1022/552/1582 1024/575/1584 1023/556/1583
f 1023/556/1585 1024/575/1585 1025/558/1585
f 1024/575/1586 1026/576/1586 1025/558/1586
f 1025/558/1587 1026/576/1587 1027/560/1587
f 346/187/577 1028/577/1588 344/189/577
f 344/189/1589 1028/577/1589 1029/578/1589
f 1028/577/1590 1030/579/1590 1029/578/1590
f 1029/578/1591 1030/579/1591 342/191/1591
f 1030/579/1592 1031/580/1592 342/191/1592
f 342/191/1593 1031/580/1594 338/195/1595
f 1031/580/1596 1032/581/1596 338/195/1596
f 338/195/1597 1032/581/1597 337/197/1597
f 845/468/1598 1033/582/1598 847/470/1598
f 847/470/1599 1033/582/1600 1034/583/1601
f 1033/582/1602 1035/584/1603 1034/583/1604
f 1034/583/1605 1035/584/1606 1036/585/1607
f 1035/584/1608 1037/583/1609 1036/585/1610
f 1036/585/1610 1037/583/1609 1038/586/1611
f 1037/583/1612 802/474/1612 1038/586/1612
f 1038/586/1613 802/474/1613 804/476/1613
f 638/367/1614 779/453/1614 639/368/1614
f 779/453/1238 777/451/1237 639/368/1615
f 639/368/1616 777/451/1616 642/371/1616
f 777/451/1617 775/450/1617 642/371/1617
f 642/371/1618 775/450/1619 644/373/1619
f 775/450/1619 1039/587/1620 644/373/1619
f 644/373/1621 1039/587/1622 646/375/1623
f 1039/587/1624 647/339/1624 646/375/1624
f 615/304/1625 613/283/1625 1040/588/1625
f 1040/588/1626 613/283/1626 1041/285/1626
f 613/283/1627 611/284/1627 1041/285/1627
f 1041/285/1628 611/284/1628 1042/286/1628
f 611/284/1629 1043/589/1629 1042/286/1629
f 1042/286/1630 1043/589/1630 1044/288/1630
f 1043/589/1631 402/224/1632 1044/288/1633
f 1044/288/1634 402/224/1634 404/226/1634
f 867/367/1635 869/368/1635 1045/453/1635
f 1045/453/1636 869/368/1637 1046/451/1638
f 869/368/1639 871/371/1639 1046/451/1639
f 1046/451/1640 871/371/1640 1047/450/1640
f 871/371/1641 873/373/1642 1047/450/1642
f 1047/450/1642 873/373/1642 1048/587/1643
f 873/373/1644 877/375/1645 1048/587/1646
f 1048/587/1647 877/375/1647 594/339/1647
f 323/187/1648 325/189/1648 1049/577/1648
f 1049/577/1649 325/189/1649 1050/578/1649
f 325/189/550 327/191/552 1050/578/1650
f 1050/578/1651 327/191/1651 1051/579/1651
f 327/191/1652 1052/580/1652 1051/579/1652
f 1051/579/1653 1052/580/1653 1053/581/1653
f 1052/580/1654 331/195/1654 1053/581/1654
f 1053/581/1655 331/195/1655 333/197/1655
f 519/208/796 517/209/795 612/210/1656
f 517/209/1657 515/211/1658 612/210/1659
f 612/210/1659 515/211/1658 610/212/1660
f 515/211/1661 513/213/1662 610/212/1663
f 610/212/1663 513/213/1662 608/214/1664
f 513/213/1665 511/215/1666 608/214/1667
f 608/214/1667 511/215/1666 396/216/1668
f 511/215/1669 394/217/1669 396/216/1669
f 589/335/1670 648/338/1670 591/337/1670
f 648/338/1671 650/376/1671 591/337/1671
f 591/337/1672 650/376/1672 1054/590/1672
f 650/376/1673 652/344/1674 1054/590/1675
f 1054/590/1675 652/344/1674 1055/591/1676
f 652/344/1677 601/346/1677 1055/591/1677
f 1055/591/1678 601/346/1678 599/344/1678
f 1056/592/1679 1057/593/1679 1033/582/1679
f 1057/593/1680 1058/594/1680 1033/582/1680
f 1033/582/1602 1058/594/1681 1035/584/1603
f 1058/594/1682 1059/582/1683 1035/584/1684
f 1035/584/1684 1059/582/1683 1037/583/1685
f 1059/582/1686 798/470/1687 1037/583/1688
f 1037/583/1688 798/470/1687 800/472/1689
f 854/485/1690 1060/595/1690 855/486/1690
f 1060/595/1691 1061/596/1692 855/486/1693
f 855/486/1693 1061/596/1692 1062/597/1694
f 1061/596/1695 1063/598/1696 1062/597/1697
f 1062/597/1698 1063/598/1698 1064/599/1698
f 1063/598/1699 1065/600/1699 1064/599/1699
f 1064/599/1700 1065/600/1700 866/497/1700
f 826/245/1701 825/244/1701 1066/246/1701
f 825/244/1702 1067/601/1702 1066/246/1702
f 1066/246/1703 1067/601/1703 1068/248/1703
f 1067/601/1704 1069/602/1704 1068/248/1704
f 1068/248/1705 1069/602/1705 679/250/1705
f 1069/602/1706 1070/520/1706 679/250/1706
f 679/250/1707 1070/520/1707 681/390/1707
f 1071/603/1708 1072/604/1708 1073/605/1708
f 1072/604/1709 1074/606/1709 1073/605/1709
f 1073/605/1710 1074/606/1710 689/398/1710
f 1074/606/1711 1075/607/1711 689/398/1711
f 689/398/1712 1075/607/1712 687/396/1712
f 1075/607/1713 361/172/1714 687/396/1715
f 687/396/1716 361/172/1716 359/174/1716
f 540/312/1717 1076/608/1717 1077/609/1717
f 1076/608/1718 1078/610/1718 1077/609/1718
f 1077/609/1719 1078/610/1719 1079/611/1719
f 1078/610/1720 1080/612/1720 1079/611/1720
f 1079/611/1721 1080/612/1722 781/454/1723
f 1080/612/1724 1081/613/1724 781/454/1724
f 781/454/1725 1081/613/1725 1082/614/1725
f 1083/615/1726 1084/616/1726 1085/617/1726
f 1085/617/1727 1084/616/1728 1086/618/1729
f 1084/616/1728 1087/619/1730 1086/618/1729
f 1086/618/1731 1087/619/1731 1088/620/1731
f 1087/619/1731 1089/621/1731 1088/620/1731
f 1088/620/1732 1089/621/1732 1090/622/1732
f 1089/621/1733 1091/623/1733 1090/622/1733
f 387/210/1734 498/284/1734 389/212/1734
f 498/284/1735 1092/351/1735 389/212/1735
f 389/212/1736 1092/351/1736 391/214/1736
f 1092/351/1737 1093/220/1737 391/214/1737
f 391/214/1738 1093/220/1738 393/216/1738
f 1093/220/1739 397/219/1739 393/216/1739
f 393/216/1740 397/219/1740 395/218/1740
f 1094/624/1741 1095/620/1741 1096/625/1741
f 1096/625/1742 1095/620/1742 1097/618/1742
f 1095/620/1743 1098/619/1743 1097/618/1743
f 1097/618/1744 1098/619/1745 1099/616/1746
f 1098/619/1745 1100/626/1747 1099/616/1746
f 1099/616/1748 1100/626/1748 1101/627/1748
f 1100/626/1749 1102/628/1749 1101/627/1749
f 577/312/1750 1103/609/1750 1104/608/1750
f 1104/608/1751 1103/609/1751 1105/610/1751
f 1103/609/1752 1106/611/1752 1105/610/1752
f 1105/610/1753 1106/611/1753 1107/612/1753
f 1106/611/1754 805/454/1755 1107/612/1756
f 1107/612/1757 805/454/1757 1108/613/1757
f 805/454/1758 1109/614/1758 1108/613/1758
f 1110/603/1759 1111/605/1759 1112/604/1759
f 1112/604/1760 1111/605/1760 1113/606/1760
f 1111/605/1761 729/398/1761 1113/606/1761
f 1113/606/1762 729/398/1762 1114/607/1762
f 729/398/1763 727/396/1763 1114/607/1763
f 1114/607/1764 727/396/1765 308/172/1765
f 727/396/1766 310/174/1766 308/172/1766
f 878/485/1767 880/486/1767 1115/595/1767
f 1115/595/1768 880/486/1769 1116/596/1770
f 880/486/1769 1117/597/1771 1116/596/1770
f 1116/596/1772 1117/597/1773 1118/598/1774
f 1117/597/1773 1119/599/1775 1118/598/1774
f 1118/598/1776 1119/599/1776 1120/600/1776
f 1119/599/1777 890/497/1777 1120/600/1777
f 780/417/1778 1121/419/1778 1122/418/1778
f 1121/419/1779 1123/420/1779 1122/418/1779
f 1122/418/1780 1123/420/1780 776/421/1780
f 1123/420/1781 1124/422/1781 776/421/1781
f 776/421/1782 1124/422/1782 774/423/1782
f 1124/422/1783 772/424/1783 774/423/1783
f 849/472/1784 1034/583/1784 851/474/1784
f 851/474/1785 1034/583/1785 1125/586/1785
f 1034/583/1605 1036/585/1607 1125/586/1786
f 1125/586/1787 1036/585/1787 1126/629/1787
f 1036/585/1788 1038/586/1788 1126/629/1788
f 1126/629/1789 1038/586/1789 804/476/1789
f 697/406/1790 699/408/1790 1127/416/1790
f 699/408/1791 1128/414/1791 1127/416/1791
f 1127/416/1792 1128/414/1792 1129/415/1792
f 1128/414/1793 705/413/1793 1129/415/1793
f 1129/415/1794 705/413/1794 1130/630/1794
f 705/413/1795 707/415/1795 1130/630/1795
f 612/210/1796 614/282/1796 519/208/1796
f 519/208/799 614/282/1797 521/281/800
f 614/282/1798 1131/300/1798 521/281/1798
f 521/281/805 1131/300/1799 523/296/806
f 1131/300/1800 620/299/1800 523/296/1800
f 523/296/811 620/299/1801 525/298/811
f 358/175/1802 360/173/1802 1132/631/1802
f 360/173/1803 362/171/1803 1132/631/1803
f 1132/631/1804 362/171/1804 372/161/1804
f 362/171/1805 1133/632/1805 372/161/1805
f 372/161/609 1133/632/609 370/163/609
f 1133/632/1806 368/165/1806 370/163/1806
f 617/303/1807 1134/356/1807 619/352/1807
f 619/352/1808 1134/356/1808 621/353/1808
f 1134/356/1809 1135/355/1809 621/353/1809
f 621/353/1810 1135/355/1811 622/354/1812
f 1135/355/1811 1136/633/1813 622/354/1812
f 622/354/1814 1136/633/1814 624/355/1814
f 450/266/1815 452/264/1815 821/265/1815
f 821/265/1816 452/264/1817 1137/263/1818
f 452/264/1819 436/257/1819 1137/263/1819
f 1137/263/1820 436/257/1820 1138/262/1820
f 436/257/1821 438/259/1821 1138/262/1821
f 1138/262/1822 438/259/1822 440/261/1822
f 440/261/1823 814/477/1823 1138/262/1823
f 814/477/1824 1139/479/1824 1138/262/1824
f 1138/262/1825 1139/479/1825 1137/263/1825
f 1139/479/1826 1140/480/1826 1137/263/1826
f 1137/263/1818 1140/480/1827 821/265/1816
f 1140/480/1828 819/481/1828 821/265/1828
f 1091/623/1829 1089/621/1829 1141/634/1829
f 1089/621/1830 1087/619/1830 1141/634/1830
f 1141/634/1830 1087/619/1830 1142/635/1830
f 1087/619/1831 1143/626/1831 1142/635/1831
f 1142/635/1832 1143/626/1832 1144/628/1832
f 1143/626/1832 1145/627/1832 1144/628/1832
f 1094/624/1833 1146/622/1833 1095/620/1833
f 1146/622/1834 1147/621/1835 1095/620/1836
f 1095/620/1743 1147/621/1743 1098/619/1743
f 1147/621/1837 1148/635/1837 1098/619/1837
f 1098/619/1838 1148/635/1838 1100/626/1838
f 1148/635/1749 1102/628/1749 1100/626/1749
f 301/165/1839 1149/632/1839 299/163/1839
f 299/163/515 1149/632/515 297/161/515
f 1149/632/1840 307/171/1840 297/161/1840
f 297/161/1841 307/171/1841 1150/631/1841
f 307/171/1842 309/173/1842 1150/631/1842
f 1150/631/1843 309/173/1843 311/175/1843
f 477/266/1815 479/264/1815 836/265/1815
f 836/265/1844 479/264/1817 1151/263/1818
f 479/264/1819 463/257/1819 1151/263/1819
f 1151/263/1820 463/257/1820 1152/262/1820
f 463/257/1821 465/259/1821 1152/262/1821
f 1152/262/1822 465/259/1822 467/261/1822
f 834/481/1828 836/265/1828 1153/480/1828
f 836/265/1844 1151/263/1818 1153/480/1827
f 1153/480/1826 1151/263/1826 1154/479/1826
f 1151/263/1845 1152/262/1845 1154/479/1845
f 1154/479/1824 1152/262/1824 829/477/1824
f 1152/262/1846 467/261/1846 829/477/1846
f 394/217/1847 508/291/1847 392/215/1847
f 508/291/1848 1155/293/1848 392/215/1848
f 392/215/1849 1155/293/1849 390/213/1849
f 1155/293/1850 1156/294/1850 390/213/1850
f 390/213/1851 1156/294/1851 388/211/1851
f 1156/294/1852 944/295/1852 388/211/1852
f 500/286/1853 1157/589/1853 498/284/1853
f 498/284/1854 1157/589/1854 1092/351/1854
f 1157/589/1855 1158/222/1856 1092/351/1857
f 1092/351/1857 1158/222/1856 1093/220/1858
f 1158/222/1859 399/221/1860 1093/220/1860
f 1093/220/1860 399/221/1860 397/219/1861
f 1159/636/1862 1160/551/1862 1020/553/1862
f 1020/553/1863 1160/551/1863 1022/552/1863
f 1160/551/1864 1161/550/1864 1022/552/1864
f 1022/552/1865 1161/550/1865 1024/575/1865
f 1161/550/1866 1162/637/1866 1024/575/1866
f 1024/575/1867 1162/637/1867 1026/576/1867
f 709/417/1868 1045/453/1868 1163/452/1868
f 1045/453/1636 1046/451/1638 1163/452/1869
f 1163/452/1870 1046/451/1870 713/421/1870
f 1046/451/1871 1047/450/1871 713/421/1871
f 713/421/1872 1047/450/1872 715/423/1872
f 1047/450/1873 717/425/1873 715/423/1873
f 1058/594/1874 1164/593/1874 1059/582/1874
f 1164/593/1875 1165/592/1875 1059/582/1875
f 1059/582/1876 1165/592/1877 796/468/1878
f 1165/592/1877 1166/638/1879 796/468/1878
f 796/468/1880 1166/638/1880 794/466/1880
f 1166/638/1881 792/465/1882 794/466/1883
f 1167/639/1884 975/548/1885 1168/640/1886
f 1168/640/1886 975/548/1885 1169/641/1887
f 975/548/1888 974/547/1888 1169/641/1888
f 1169/641/1889 974/547/1889 1170/642/1889
f 974/547/1890 973/546/1890 1170/642/1890
f 1170/642/1891 973/546/1891 972/545/1891
f 757/444/1892 891/498/1893 756/445/1894
f 891/498/1893 1171/643/1895 756/445/1894
f 756/445/1896 1171/643/1897 755/446/1898
f 1171/643/1897 1172/644/1899 755/446/1898
f 755/446/1192 1172/644/1900 754/447/1190
f 1172/644/1901 1173/645/1901 754/447/1901
f 1174/392/1902 923/390/1902 1175/391/1902
f 923/390/1439 922/389/1438 1175/391/1903
f 1175/391/1904 922/389/1904 1176/646/1904
f 922/389/1905 921/519/1905 1176/646/1905
f 1176/646/1906 921/519/1906 680/389/1906
f 921/519/1907 678/252/1907 680/389/1907
f 999/572/1908 998/571/1908 1177/647/1908
f 998/571/1909 997/570/1909 1177/647/1909
f 1177/647/1910 997/570/1911 1178/648/1912
f 997/570/1911 996/569/1913 1178/648/1912
f 1178/648/1914 996/569/1915 1179/649/1916
f 996/569/1915 1180/650/1917 1179/649/1916
f 661/380/1918 1014/483/1918 659/361/1918
f 1014/483/1919 1015/362/1919 659/361/1919
f 659/361/1920 1015/362/1920 657/235/1920
f 1015/362/1921 1016/237/1921 657/235/1921
f 657/235/1922 1016/237/1923 414/236/1924
f 1016/237/1923 416/238/1925 414/236/1924
f 1181/645/1926 1182/644/1927 753/447/1928
f 753/447/1928 1182/644/1927 752/446/1929
f 1182/644/1930 1183/643/1931 752/446/1932
f 752/446/1932 1183/643/1931 751/445/1933
f 1183/643/1934 904/498/1935 751/445/1936
f 751/445/1936 904/498/1935 750/444/1937
f 826/245/1938 1066/246/1938 673/247/1938
f 1066/246/1939 1068/248/1939 673/247/1939
f 673/247/1940 1068/248/1940 1184/249/1940
f 1068/248/1941 679/250/1941 1184/249/1941
f 1184/249/1942 679/250/1942 677/251/1942
f 651/342/1943 649/340/1943 769/341/1943
f 649/340/1944 647/339/1944 769/341/1944
f 769/341/1945 647/339/1945 773/425/1945
f 647/339/1946 1039/587/1946 773/425/1946
f 773/425/1947 1039/587/1947 775/450/1947
f 736/433/1948 733/430/1948 738/434/1948
f 733/430/1949 732/429/1949 738/434/1949
f 738/434/1950 732/429/1950 740/435/1950
f 732/429/1951 744/436/1951 740/435/1951
f 740/435/1952 744/436/1952 742/437/1952
f 987/560/1953 1185/576/1953 985/558/1953
f 1185/576/1954 1186/575/1954 985/558/1954
f 985/558/1955 1186/575/1955 983/556/1955
f 1186/575/1956 979/552/1957 983/556/1958
f 983/556/1958 979/552/1957 981/554/1959
f 986/559/1960 984/557/1960 1187/651/1960
f 1187/651/1961 984/557/1961 1188/652/1961
f 984/557/1962 982/555/1962 1188/652/1962
f 1188/652/1963 982/555/1963 1189/573/1963
f 982/555/1964 1190/574/1964 1189/573/1964
f 443/257/1965 441/259/1965 1191/258/1965
f 441/259/1966 439/260/1966 1191/258/1966
f 1191/258/1967 439/260/1967 1192/653/1967
f 439/260/1968 437/258/1968 1192/653/1968
f 1192/653/1969 437/258/1969 458/275/1969
f 1181/645/1970 1193/654/1970 1182/644/1970
f 1193/654/1971 900/502/1972 1182/644/1973
f 1182/644/1930 900/502/1974 1183/643/1931
f 900/502/1975 901/501/1975 1183/643/1975
f 1183/643/1976 901/501/1976 903/499/1976
f 1090/622/1977 1194/624/1977 1088/620/1977
f 1194/624/1978 1195/625/1978 1088/620/1978
f 1088/620/1979 1195/625/1979 1086/618/1979
f 1195/625/1980 1196/655/1980 1086/618/1980
f 1086/618/1981 1196/655/1981 1085/617/1981
f 500/286/1982 502/288/1982 1157/589/1982
f 502/288/1983 504/224/1984 1157/589/1985
f 1157/589/1985 504/224/1984 1158/222/1986
f 504/224/1987 401/223/1988 1158/222/1988
f 1158/222/1988 401/223/1988 399/221/1989
f 1197/656/1990 1198/615/1990 1099/616/1990
f 1198/615/1991 1199/617/1991 1099/616/1991
f 1099/616/1746 1199/617/1992 1097/618/1744
f 1199/617/1993 1200/655/1993 1097/618/1993
f 1097/618/1994 1200/655/1994 1096/625/1994
f 892/499/1995 894/501/1995 1171/643/1995
f 894/501/1996 895/502/1996 1171/643/1996
f 1171/643/1897 895/502/1997 1172/644/1899
f 895/502/1998 1201/654/1998 1172/644/1998
f 1172/644/1999 1201/654/1999 1173/645/1999
f 470/257/2000 468/259/2000 1202/258/2000
f 468/259/1966 466/260/1966 1202/258/1966
f 1202/258/1967 466/260/1967 1203/653/1967
f 466/260/1968 464/258/1968 1203/653/1968
f 1203/653/2001 464/258/2001 485/275/2001
f 501/287/2002 1204/228/2002 503/226/2002
f 1204/228/2003 1205/227/2003 503/226/2003
f 503/226/2004 1205/227/2004 505/225/2004
f 1205/227/2005 507/290/2005 505/225/2005
f 505/225/2006 507/290/2006 506/289/2006
f 430/251/2007 1206/388/2007 432/253/2007
f 432/253/2008 1206/388/2008 667/386/2008
f 1206/388/2009 426/247/2009 667/386/2009
f 667/386/2010 426/247/2010 665/384/2010
f 426/247/2011 663/382/2011 665/384/2011
f 1027/560/2012 1207/559/2012 1025/558/2012
f 1207/559/2013 1208/557/2013 1025/558/2013
f 1025/558/2014 1208/557/2014 1023/556/2014
f 1208/557/2015 1019/555/2016 1023/556/2017
f 1023/556/2017 1019/555/2016 1021/554/2018
f 423/244/2019 425/246/2019 1209/601/2019
f 425/246/2020 427/248/2020 1209/601/2020
f 1209/601/2021 427/248/2021 1210/602/2021
f 427/248/2022 429/250/2022 1210/602/2022
f 1210/602/2023 429/250/2023 924/520/2023
f 361/172/1714 1075/607/1713 363/170/2024
f 363/170/2025 1075/607/2025 365/168/2025
f 1075/607/2026 1074/606/2026 365/168/2026
f 365/168/2027 1074/606/2028 1211/657/2029
f 1074/606/2030 1072/604/2030 1211/657/2030
f 925/271/2031 443/257/2032 927/272/2032
f 927/272/2032 443/257/2032 462/273/2033
f 443/257/2034 1191/258/2034 462/273/2034
f 462/273/2035 1191/258/2035 460/274/2035
f 1191/258/2036 458/275/2036 460/274/2036
f 928/521/2037 930/523/2037 1212/658/2037
f 1212/658/2038 930/523/2039 1213/521/2040
f 930/523/2039 932/522/2041 1213/521/2040
f 1213/521/2042 932/522/2042 455/272/2042
f 932/522/2043 456/273/2043 455/272/2043
f 485/275/2036 487/274/2036 1202/258/2036
f 487/274/2035 489/273/2035 1202/258/2035
f 1202/258/2034 489/273/2034 470/257/2034
f 489/273/2033 953/272/2032 470/257/2044
f 470/257/2044 953/272/2032 951/271/2031
f 954/521/2037 956/523/2037 1214/658/2037
f 1214/658/2038 956/523/2039 1215/521/2040
f 956/523/2039 958/522/2045 1215/521/2040
f 1215/521/2046 958/522/2046 482/272/2046
f 958/522/2047 483/273/2047 482/272/2047
f 1112/604/2048 1113/606/2048 1216/657/2048
f 1216/657/2049 1113/606/2049 304/168/2049
f 1113/606/2050 1114/607/2050 304/168/2050
f 304/168/2051 1114/607/2051 306/170/2051
f 1114/607/1764 308/172/1765 306/170/2052
f 826/245/2053 673/247/2053 827/483/2053
f 827/483/2054 673/247/2054 828/380/2054
f 673/247/2055 671/382/2055 828/380/2055
f 828/380/2056 671/382/2056 669/381/2056
f 845/468/2057 843/466/2057 1217/638/2057
f 843/466/2058 792/465/2058 1217/638/2058
f 1217/638/2059 792/465/2059 1218/659/2059
f 792/465/1882 1166/638/1881 1218/659/2060
f 1060/595/2061 1219/660/2061 1061/596/2061
f 1061/596/1695 1219/660/2062 1063/598/1696
f 1219/660/2063 1220/661/2063 1063/598/2063
f 1063/598/2064 1220/661/2064 1065/600/2064
f 860/491/2065 1062/597/2065 862/493/2065
f 862/493/2066 1062/597/2066 864/495/2066
f 1062/597/2067 1064/599/2067 864/495/2067
f 864/495/2068 1064/599/2068 866/497/2068
f 684/393/2069 685/394/2069 355/178/2069
f 685/394/2070 686/395/2070 355/178/2070
f 355/178/2071 686/395/2071 357/176/2071
f 686/395/2072 359/174/592 357/176/590
f 1221/662/2073 1222/663/2073 1223/664/2073
f 1222/663/2073 1224/665/2073 1223/664/2073
f 1223/664/2073 1224/665/2073 1225/666/2073
f 1224/665/2073 1226/667/2073 1225/666/2073
f 374/159/2074 988/561/2074 1132/631/2074
f 988/561/2075 990/563/2076 1132/631/2077
f 1132/631/2077 990/563/2076 358/175/2078
f 990/563/1528 356/177/1530 358/175/2079
f 540/312/2080 1077/609/2080 542/314/2080
f 1077/609/2081 1079/611/2081 542/314/2081
f 542/314/2082 1079/611/2082 783/456/2082
f 1079/611/1721 781/454/1723 783/456/2083
f 1081/613/2084 1080/612/2084 1227/668/2084
f 1080/612/2085 1078/610/2085 1227/668/2085
f 1227/668/2086 1078/610/2086 1228/669/2086
f 1078/610/2087 1076/608/2087 1228/669/2087
f 531/303/2088 529/301/2088 1229/352/2088
f 529/301/2089 527/299/2090 1229/352/2090
f 1229/352/2090 527/299/2090 623/353/2090
f 527/299/2091 525/298/952 623/353/954
f 805/454/1755 1106/611/1754 806/456/2092
f 806/456/2093 1106/611/2093 575/314/2093
f 1106/611/2094 1103/609/2094 575/314/2094
f 575/314/2095 1103/609/2095 577/312/2095
f 1108/613/2096 1230/668/2096 1107/612/2096
f 1107/612/2097 1230/668/2097 1105/610/2097
f 1230/668/2098 1231/669/2098 1105/610/2098
f 1105/610/2099 1231/669/2099 1104/608/2099
f 313/177/1561 1011/563/1563 311/175/2100
f 311/175/2101 1011/563/2102 1150/631/2103
f 1011/563/2102 1013/561/2104 1150/631/2103
f 1013/561/2105 295/159/2105 1150/631/2105
f 1232/670/2073 1233/671/2073 1234/667/2073
f 1233/671/2073 1235/665/2073 1234/667/2073
f 1234/667/2073 1235/665/2073 1236/666/2073
f 1235/665/2073 1237/664/2073 1236/666/2073
f 1050/578/2106 1051/579/2106 1049/577/2106
f 1049/577/2107 1051/579/2107 1238/672/2107
f 1051/579/2108 1239/673/2108 1238/672/2108
f 1238/672/2109 1239/673/2109 1240/674/2109
f 724/393/2110 314/178/2110 725/394/2110
f 725/394/2111 314/178/2111 726/395/2111
f 314/178/2112 312/176/2112 726/395/2112
f 726/395/2113 312/176/535 310/174/534
f 1241/675/2114 590/336/2114 1242/676/2114
f 1242/676/2115 590/336/2115 1243/334/2115
f 590/336/2116 592/335/2116 1243/334/2116
f 1243/334/2117 592/335/2117 876/332/2117
f 1120/600/2118 1244/661/2118 1118/598/2118
f 1244/661/2119 1245/660/2119 1118/598/2119
f 1118/598/1774 1245/660/2120 1116/596/1772
f 1245/660/2121 1115/595/2121 1116/596/2121
f 884/491/2122 886/493/2122 1117/597/2122
f 886/493/2123 888/495/2123 1117/597/2123
f 1117/597/2124 888/495/2124 1119/599/2124
f 888/495/2125 890/497/2125 1119/599/2125
f 1207/559/2126 1246/651/2126 1208/557/2126
f 1246/651/2127 1247/652/2127 1208/557/2127
f 1208/557/2128 1247/652/2128 1019/555/2128
f 1247/652/2129 1017/573/2129 1019/555/2129
f 593/338/2130 591/337/2130 1248/376/2130
f 591/337/2131 1054/590/2131 1248/376/2131
f 1248/376/2132 1054/590/2133 599/344/2134
f 1054/590/2133 1055/591/2135 599/344/2134
f 435/256/2136 1249/677/2136 920/518/2136
f 1249/677/2137 1250/256/2137 920/518/2137
f 920/518/2138 1250/256/2139 919/254/2140
f 1250/256/2139 918/255/2141 919/254/2140
f 735/432/2142 737/430/2142 1251/431/2142
f 737/430/2143 739/429/2143 1251/431/2143
f 1251/431/2144 739/429/2144 1252/440/2144
f 739/429/2145 1253/439/2145 1252/440/2145
f 1254/674/2146 1255/673/2146 1256/672/2146
f 1256/672/2147 1255/673/2147 1030/579/2147
f 1255/673/2148 1032/581/2148 1030/579/2148
f 1030/579/2149 1032/581/2149 1031/580/2149
f 534/306/824 1257/678/2150 536/308/825
f 1257/678/2151 1258/679/2151 536/308/2151
f 536/308/2152 1258/679/2152 538/310/2152
f 1258/679/2153 540/312/2153 538/310/2153
f 577/312/899 1259/679/2154 579/310/900
f 579/310/2155 1259/679/2156 581/308/2157
f 1259/679/2156 1260/678/2158 581/308/2157
f 581/308/2159 1260/678/2159 583/306/2159
f 1110/603/2160 1261/680/2161 1111/605/2162
f 1261/680/2161 1262/681/2163 1111/605/2162
f 1111/605/2164 1262/681/2164 729/398/2164
f 1262/681/1070 731/400/1070 729/398/1070
f 691/400/1127 1263/681/1127 689/398/1127
f 689/398/2165 1263/681/2165 1073/605/2165
f 1263/681/2166 1264/680/2167 1073/605/2168
f 1073/605/2168 1264/680/2167 1071/603/2169
f 699/408/2170 701/410/2170 1128/414/2170
f 1128/414/2171 701/410/2172 705/413/2173
f 701/410/2172 703/412/2174 705/413/2173
f 698/407/2175 1265/682/2175 1266/683/2175
f 1265/682/2176 1004/407/2176 1266/683/2176
f 1266/683/2177 1004/407/2177 1006/409/2177
f 1185/576/2178 1267/637/2178 1186/575/2178
f 1267/637/2179 977/550/2179 1186/575/2179
f 1186/575/2180 977/550/2180 979/552/2180
f 614/282/2181 616/302/2181 1131/300/2181
f 616/302/2182 618/301/2182 1131/300/2182
f 1131/300/2183 618/301/2183 620/299/2183
f 1041/285/2184 1042/286/2184 1268/287/2184
f 1042/286/2185 1044/288/2185 1268/287/2185
f 1268/287/2186 1044/288/2186 404/226/2186
f 926/270/2187 1269/269/2187 445/264/2187
f 445/264/2188 1269/269/2188 447/266/2188
f 1269/269/2189 449/268/2189 447/266/2189
f 339/194/2190 336/196/2190 688/397/2190
f 336/196/2191 335/198/2192 688/397/2193
f 688/397/2193 335/198/2192 690/399/2194
f 369/164/2195 1270/684/2195 371/162/2195
f 371/162/2196 1270/684/2196 373/160/2196
f 1270/684/2197 1271/685/2197 373/160/2197
f 368/165/2198 1133/632/2198 366/167/2198
f 366/167/603 1133/632/2199 364/169/602
f 1133/632/2200 362/171/597 364/169/599
f 747/441/2201 902/500/2202 541/313/2203
f 541/313/2203 902/500/2202 539/311/2204
f 902/500/1411 537/309/1410 539/311/2205
f 1083/615/2206 1272/656/2206 1084/616/2206
f 1272/656/2207 1145/627/2207 1084/616/2207
f 1084/616/2207 1145/627/2207 1143/626/2207
f 936/528/2208 1273/686/2208 937/529/2208
f 937/529/2209 1273/686/2209 1274/687/2209
f 1273/686/2210 1275/688/2210 1274/687/2210
f 698/407/2211 1266/683/2211 700/409/2211
f 700/409/2212 1266/683/2212 702/411/2212
f 1266/683/2213 1006/409/2213 702/411/2213
f 611/284/2214 609/351/2214 1043/589/2214
f 1043/589/2215 609/351/2216 400/222/2217
f 609/351/2216 398/220/2218 400/222/2217
f 596/341/2219 717/425/2219 594/339/2219
f 594/339/2220 717/425/2220 1048/587/2220
f 717/425/2221 1047/450/2221 1048/587/2221
f 496/282/1166 532/304/1168 497/283/2222
f 532/304/2223 1276/588/2223 497/283/2223
f 497/283/2224 1276/588/2224 499/285/2224
f 593/338/2225 1248/376/2225 595/340/2225
f 595/340/2226 1248/376/2227 597/342/2228
f 1248/376/2227 599/344/2229 597/342/2228
f 947/528/2230 948/529/2230 1277/686/2230
f 1277/686/2231 948/529/2231 1278/687/2231
f 948/529/1486 949/530/1488 1278/687/2232
f 760/441/2233 576/313/2234 893/500/2235
f 576/313/2234 578/311/2236 893/500/2235
f 893/500/1393 578/311/2237 580/309/1394
f 298/162/2238 296/160/2238 1279/684/2238
f 296/160/2239 1280/685/2239 1279/684/2239
f 1279/684/2240 1280/685/2240 1281/689/2240
f 307/171/529 1149/632/2241 305/169/527
f 305/169/525 1149/632/2242 303/167/523
f 1149/632/2243 301/165/2243 303/167/2243
f 330/194/2244 728/397/2244 332/196/2244
f 332/196/2245 728/397/2245 334/198/2245
f 728/397/2246 730/399/2246 334/198/2246
f 952/270/2187 1282/269/2187 472/264/2187
f 472/264/2188 1282/269/2188 474/266/2188
f 1282/269/2189 476/268/2189 474/266/2189
f 434/255/2247 432/253/2247 1283/517/2247
f 1283/517/2248 432/253/2248 1284/690/2248
f 432/253/2249 667/386/2249 1284/690/2249
f 704/410/2250 1005/408/2250 706/414/2250
f 706/414/2251 1005/408/2251 708/416/2251
f 1005/408/2252 1003/406/2252 708/416/2252
f 927/272/2253 462/273/2254 929/522/2255
f 462/273/2254 1285/525/2256 929/522/2255
f 929/522/2257 1285/525/2257 931/524/2257
f 1148/635/1837 1147/621/1837 1286/634/1837
f 1286/634/2258 1147/621/2258 1287/623/2258
f 1147/621/1835 1146/622/1834 1287/623/2259
f 957/524/2257 955/522/2257 1288/525/2257
f 1288/525/2256 955/522/2260 489/273/2261
f 955/522/2260 953/272/2253 489/273/2261
f 680/389/2262 682/391/2263 1176/646/2264
f 682/391/2263 1289/691/2265 1176/646/2264
f 1176/646/2266 1289/691/2266 1175/391/2266
f 674/386/2267 1290/385/2267 672/384/2267
f 672/384/2268 1290/385/2268 670/383/2268
f 917/517/2269 1291/690/2269 676/253/2269
f 1291/690/2270 674/386/2270 676/253/2270
f 673/247/2271 1184/249/2271 675/388/2271
f 675/388/2272 1184/249/2272 677/251/2272
f 776/421/2273 778/452/2273 1122/418/2273
f 778/452/2274 780/417/2274 1122/418/2274
f 1033/582/2275 845/468/2275 1056/592/2275
f 845/468/2276 1217/638/2276 1056/592/2276
f 692/401/2277 1292/692/2277 693/402/2277
f 693/402/2278 1292/692/2278 1000/401/2278
f 698/407/2279 696/405/2279 1293/693/2279
f 1293/693/2280 696/405/2280 1004/407/2280
f 860/491/2281 858/489/2281 1062/597/2281
f 858/489/2282 855/486/1693 1062/597/1694
f 1241/675/2283 1294/676/2283 590/336/2283
f 1294/676/2284 588/334/2284 590/336/2284
f 459/276/2285 457/274/2285 1295/277/2285
f 1295/277/2286 457/274/2286 456/273/2286
f 1296/670/2073 1226/667/2073 1297/671/2073
f 1226/667/2073 1224/665/2073 1297/671/2073
f 1298/694/2287 994/567/2287 1299/695/2287
f 1299/695/2288 994/567/2288 993/566/2288
f 537/309/2289 898/503/2289 535/307/2289
f 535/307/823 898/503/2290 533/305/821
f 580/309/2291 582/307/2291 896/503/2291
f 896/503/2292 582/307/2292 584/305/2292
f 1008/566/2293 1007/567/2293 1300/695/2293
f 1300/695/2294 1007/567/2294 1301/694/2294
f 1052/580/2295 327/191/2296 331/195/2297
f 327/191/2296 329/193/2298 331/195/2297
f 486/276/2285 484/274/2285 1302/277/2285
f 1302/277/2286 484/274/2286 483/273/2286
f 1303/662/2073 1237/664/2073 1304/663/2073
f 1304/663/2073 1237/664/2073 1235/665/2073
f 531/303/2299 1229/352/2299 625/356/2299
f 625/356/2300 1229/352/2300 623/353/2300
f 884/491/2301 1117/597/2301 882/489/2301
f 1117/597/1771 880/486/1769 882/489/2302
f 709/417/2303 1163/452/2303 710/418/2303
f 710/418/2304 1163/452/2304 713/421/2304
f 874/331/2305 1305/333/2305 876/332/2305
f 1305/333/2306 1243/334/2306 876/332/2306
f 430/251/2307 428/249/2307 1206/388/2307
f 428/249/2308 426/247/2308 1206/388/2308
f 598/343/1104 600/345/2309 723/348/1105
f 600/345/924 602/347/926 723/348/2310
f 743/438/1141 1253/439/2311 741/436/1139
f 1253/439/2312 739/429/2312 741/436/2312
f 431/252/2313 433/254/2313 920/518/2313
f 433/254/2314 435/256/2314 920/518/2314
f 1126/629/2315 853/476/2315 1125/586/2315
f 853/476/2316 851/474/2316 1125/586/2316
f 770/427/2317 607/350/2317 768/428/2317
f 771/426/2318 769/341/2318 773/425/2318
f 1306/696/2319 790/463/2319 844/467/2319
f 1167/639/2320 976/549/2320 975/548/2320
f 1307/697/2321 1220/661/2321 1219/660/2321
f 978/551/2322 1308/636/2322 980/553/2322
f 1190/574/2323 982/555/2323 980/553/2323
f 404/226/2324 406/228/2324 1268/287/2324
f 353/180/2325 684/393/2325 355/178/2325
f 452/264/2326 454/271/2326 436/257/2326
f 1213/521/2327 455/272/2327 453/270/2327
f 1256/672/2328 1030/579/2328 1028/577/2328
f 338/195/1595 340/193/2329 342/191/1593
f 374/159/2330 1132/631/2330 372/161/2330
f 1309/689/2331 1271/685/2331 1270/684/2331
f 903/499/2332 904/498/2332 1183/643/2332
f 783/456/2333 544/316/837 542/314/836
f 1193/654/1971 899/504/2334 900/502/1972
f 651/342/2335 769/341/2335 605/343/2335
f 1201/654/2336 895/502/2336 897/504/2336
f 806/456/2337 575/314/892 573/316/891
f 892/499/2338 1171/643/2338 891/498/2338
f 295/159/2339 297/161/2339 1150/631/2339
f 300/164/2340 298/162/2340 1279/684/2340
f 1215/521/2327 482/272/2327 480/270/2327
f 479/264/2326 481/271/2326 463/257/2326
f 316/180/2341 314/178/2341 724/393/2341
f 423/244/2342 636/365/2342 421/242/2342
f 1310/697/2343 1245/660/2343 1244/661/2343
f 800/472/2344 802/474/2344 1037/583/2344
f 1059/582/2345 796/468/2345 798/470/2345
f 1180/650/2346 996/569/2346 995/568/2346
f 841/229/2347 1311/357/2347 842/358/2347
f 1312/696/2348 795/467/2348 793/463/2348
f 719/427/2349 716/424/2349 718/426/2349
f 720/428/2350 596/341/2350 598/343/2350
f 634/363/976 824/364/976 633/242/976
f 365/168/2027 1211/657/2029 367/166/2351
f 448/267/715 820/482/2352 446/265/713
f 937/529/2353 1274/687/2353 938/530/2353
f 1043/589/1631 400/222/2354 402/224/1632
f 1101/627/1748 1197/656/1748 1099/616/1748
f 475/267/737 835/482/2355 473/265/736
f 873/373/1644 875/374/2356 877/375/1645
f 652/344/2357 603/345/2357 601/346/2357
f 646/375/1623 645/374/2358 644/373/1621
f 1034/583/1601 849/472/2359 847/470/1599
f 344/189/575 1029/578/2360 342/191/573
f 1191/258/2361 1192/653/2361 458/275/2361
f 1084/616/1728 1143/626/2362 1087/619/1730
f 1278/687/2363 1313/688/2363 1277/686/2363
f 1202/258/2364 1203/653/2364 485/275/2364
f 1053/581/2365 1239/673/2365 1051/579/2365
f 302/166/520 1216/657/2366 304/168/521
