#
# SMPL UV coordinate template model
# http://smpl.is.tue.mpg.de/
# Version: 20200910
#
# Ownership / Licensees:
#  The Software and the associated materials has been developed at the Max Planck Institute for Intelligent Systems.
#  Any copyright or patent right is owned by and proprietary material of the Max-Planck-Gesellschaft zur Förderung der Wissenschaften e.V.
#
# License:
#  Creative Commons Attribution 4.0 International License
#  https://smpl.is.tue.mpg.de/bodylicense
#
v 0.042479 0.477178 0.086266
v 0.036918 0.464265 0.095966
v 0.047306 0.458996 0.087464
v 0.053044 0.468028 0.076495
v 0.044281 0.450620 0.095586
v 0.034428 0.452999 0.101772
v 0.054100 0.451323 0.078893
v 0.059026 0.457164 0.067212
v 0.061014 0.414449 0.074968
v 0.064787 0.408667 0.066106
v 0.063702 0.420983 0.065243
v 0.059111 0.423567 0.074104
v 0.059612 0.388535 0.075574
v 0.053738 0.381237 0.085123
v 0.055658 0.370948 0.076547
v 0.060361 0.377920 0.065711
v 0.022260 0.397888 0.105677
v 0.027366 0.391495 0.105571
v 0.031494 0.397928 0.103891
v 0.025597 0.403602 0.103781
v 0.013416 0.408210 0.109536
v 0.014617 0.413137 0.105783
v 0.009743 0.417528 0.109852
v 0.009319 0.412130 0.114710
v 0.016810 0.392605 0.106117
v 0.022244 0.385974 0.105755
v 0.017828 0.403489 0.106095
v 0.015652 0.399372 0.108512
v 0.012373 0.394841 0.119004
v 0.013905 0.399364 0.117093
v 0.010699 0.401378 0.123234
v 0.009564 0.395915 0.123340
v 0.015315 0.392806 0.110331
v 0.015617 0.396064 0.112568
v 0.013248 0.392652 0.115205
v 0.011939 0.390065 0.112483
v 0.012527 0.403983 0.112784
v 0.009572 0.407057 0.119064
v 0.005758 0.409369 0.125243
v 0.006560 0.402077 0.129693
v 0.037569 0.377674 0.101105
v 0.032909 0.384770 0.104191
v 0.027677 0.380096 0.104936
v 0.032088 0.374350 0.102865
v 0.012974 0.386942 0.109597
v 0.016207 0.371932 0.111656
v 0.016566 0.375641 0.111269
v 0.010659 0.377085 0.114823
v 0.010980 0.373554 0.115189
v 0.042249 0.362682 0.093680
v 0.036325 0.362142 0.098145
v 0.036513 0.355382 0.096329
v 0.042157 0.354233 0.090881
v 0.034256 0.349678 0.096014
v 0.040350 0.346182 0.088796
v 0.030942 0.332955 0.090581
v 0.036065 0.338714 0.089373
v 0.030454 0.344505 0.097061
v 0.025484 0.340026 0.100507
v 0.014288 0.345651 0.108490
v 0.008733 0.344702 0.111245
v 0.012889 0.332711 0.110168
v 0.019186 0.335728 0.105954
v 0.015619 0.365638 0.108266
v 0.019320 0.365225 0.105646
v 0.019774 0.367070 0.107636
v 0.015927 0.368560 0.110698
v 0.022942 0.364746 0.103757
v 0.024555 0.364424 0.103166
v 0.024421 0.365860 0.104276
v 0.022890 0.365409 0.104309
v 0.021026 0.365111 0.104797
v 0.019851 0.363428 0.105294
v 0.021968 0.364073 0.104170
v 0.016507 0.363085 0.108052
v 0.004725 0.362068 0.116176
v 0.008319 0.362315 0.114822
v 0.006959 0.366289 0.113420
v 0.003896 0.366423 0.114434
v 0.022844 0.367742 0.105666
v 0.025199 0.369375 0.105262
v 0.021732 0.372553 0.107926
v 0.020486 0.369705 0.107898
v 0.028003 0.371351 0.104773
v 0.026606 0.366834 0.103551
v 0.029757 0.367567 0.102703
v 0.023789 0.362811 0.103086
v 0.026417 0.361044 0.101759
v 0.027183 0.363732 0.102669
v 0.024393 0.358237 0.102505
v 0.021491 0.361261 0.104272
v 0.018244 0.359997 0.107109
v 0.014021 0.358914 0.110882
v 0.016338 0.354081 0.108336
v 0.020964 0.355845 0.104975
v 0.023827 0.376116 0.106761
v 0.031103 0.362931 0.100777
v 0.034602 0.368869 0.100284
v 0.030747 0.358299 0.099851
v 0.028641 0.354109 0.100064
v 0.024897 0.350637 0.101848
v 0.019877 0.347820 0.105148
v 0.015130 0.323143 0.099947
v 0.023088 0.327387 0.095965
v 0.032465 0.444975 0.101052
v 0.040998 0.443498 0.098147
v 0.041480 0.435274 0.094825
v 0.043300 0.437432 0.094309
v 0.038220 0.439485 0.097250
v 0.037494 0.436681 0.096992
v 0.053831 0.426073 0.079925
v 0.049403 0.428407 0.084602
v 0.049721 0.424672 0.083756
v 0.055439 0.419672 0.080250
v 0.042696 0.418327 0.092095
v 0.046786 0.419143 0.088681
v 0.043089 0.425868 0.090313
v 0.040202 0.425323 0.092950
v 0.036695 0.425093 0.095206
v 0.032655 0.425403 0.096676
v 0.032945 0.419957 0.096710
v 0.037842 0.418826 0.094951
v 0.031713 0.440653 0.098755
v 0.024394 0.439942 0.098815
v 0.025844 0.436864 0.098223
v 0.032033 0.437448 0.098625
v 0.015898 0.429691 0.094594
v 0.017015 0.432255 0.095295
v 0.013713 0.433770 0.096403
v 0.012874 0.429443 0.096032
v 0.015130 0.426438 0.096343
v 0.017157 0.428072 0.095024
v 0.033892 0.498634 0.080639
v 0.029197 0.483456 0.094577
v 0.048272 0.490128 0.071206
v 0.058778 0.477298 0.062544
v 0.064385 0.462194 0.054658
v 0.049072 0.365778 0.086225
v 0.049922 0.356306 0.081161
v 0.056782 0.361251 0.068553
v 0.054650 0.351188 0.064520
v 0.047824 0.346147 0.078458
v 0.034556 0.328682 0.077085
v 0.042830 0.336145 0.077129
v 0.049407 0.341511 0.060109
v 0.055833 0.351139 0.043361
v 0.059413 0.358831 0.050043
v 0.058872 0.364716 0.029770
v 0.050265 0.343270 0.033612
v 0.055789 0.362879 0.022007
v 0.037222 0.310924 0.039654
v 0.039724 0.299678 0.036522
v 0.049135 0.304584 0.024049
v 0.048124 0.315672 0.027355
v 0.061262 0.367779 0.056649
v 0.064594 0.431130 0.055823
v 0.060838 0.432283 0.066888
v 0.066935 0.417608 0.054604
v 0.067947 0.487816 0.026718
v 0.063176 0.484291 0.045505
v 0.069508 0.467577 0.040978
v 0.072868 0.471598 0.024879
v 0.041767 0.523456 0.030701
v 0.039212 0.513658 0.058629
v 0.052359 0.501181 0.052236
v 0.056288 0.508798 0.029230
v 0.075245 0.471636 0.009838
v 0.075660 0.469361 -0.007900
v 0.070040 0.482893 -0.017720
v 0.069237 0.488969 0.003991
v 0.058189 0.500892 -0.027119
v 0.057897 0.507844 -0.000391
v 0.054652 0.348633 0.014241
v 0.055920 0.366569 0.009680
v 0.046877 0.328578 0.031487
v 0.053460 0.333378 0.015744
v 0.040528 0.513028 -0.032811
v 0.040978 0.523227 -0.002674
v 0.062104 0.441183 -0.050462
v 0.064909 0.458831 -0.045561
v 0.072667 0.449132 -0.028557
v 0.069604 0.434444 -0.035071
v 0.050982 0.448496 -0.066973
v 0.052867 0.469242 -0.061533
v 0.049796 0.388558 -0.040010
v 0.043654 0.372749 -0.031664
v 0.034727 0.373227 -0.042522
v 0.040299 0.389049 -0.054399
v 0.050821 0.445934 0.088384
v 0.047058 0.440638 0.093309
v 0.050407 0.436808 0.087895
v 0.054505 0.439870 0.081649
v 0.057948 0.442421 0.071570
v 0.061806 0.444879 0.059869
v 0.071419 0.452734 0.035824
v 0.075273 0.457831 0.022263
v 0.077446 0.456251 -0.003105
v 0.077001 0.457951 0.010681
v 0.074782 0.437623 -0.018382
v 0.071926 0.428466 -0.022254
v 0.054962 0.374797 -0.005595
v 0.051448 0.353980 -0.002123
v 0.044932 0.355940 -0.014709
v 0.049442 0.374047 -0.019493
v 0.030587 0.357146 -0.034676
v 0.037542 0.356861 -0.025158
v 0.050186 0.322225 -0.001160
v 0.050888 0.309136 -0.004935
v 0.046719 0.311455 -0.018880
v 0.044742 0.323954 -0.014488
v 0.040325 0.311104 -0.030885
v 0.030964 0.310086 -0.039240
v 0.029198 0.324597 -0.034869
v 0.037152 0.324792 -0.026419
v 0.018665 0.292410 0.051027
v 0.019835 0.283113 0.047854
v 0.030559 0.286135 0.042361
v 0.028014 0.295880 0.044878
v 0.053821 0.298394 -0.009931
v 0.050817 0.301902 -0.024547
v 0.056617 0.388698 -0.026092
v 0.060390 0.391745 -0.014819
v 0.044698 0.301208 -0.036978
v 0.036529 0.340104 -0.023711
v 0.043709 0.338548 -0.013288
v 0.019976 0.358210 -0.042335
v 0.023669 0.373650 -0.052402
v 0.019934 0.408445 0.103843
v 0.023034 0.423021 0.097323
v 0.023670 0.426704 0.096655
v 0.019839 0.427414 0.095907
v 0.018665 0.424501 0.096824
v 0.011650 0.465427 0.106289
v 0.010198 0.448191 0.107807
v 0.022937 0.452279 0.106281
v 0.024552 0.466241 0.102586
v 0.049635 0.394061 0.093738
v 0.040820 0.400255 0.099676
v 0.037739 0.391439 0.102551
v 0.043499 0.383878 0.098329
v 0.046701 0.429933 0.087601
v 0.048286 0.432003 0.087329
v 0.045793 0.431837 0.089853
v 0.040181 0.370645 0.097589
v 0.046965 0.374927 0.092394
v 0.066497 0.402764 0.054670
v 0.056868 0.432433 0.076383
v 0.020464 0.533683 0.033383
v 0.019817 0.521972 0.065344
v 0.020088 0.523501 -0.033708
v 0.020327 0.533393 -0.002367
v 0.036709 0.476924 -0.072948
v 0.035419 0.454331 -0.079264
v 0.017575 0.459567 -0.087444
v 0.018143 0.484887 -0.078569
v 0.027854 0.390044 -0.064952
v 0.021692 0.309780 -0.044625
v 0.019560 0.325779 -0.040917
v 0.017822 0.503239 0.086416
v 0.014941 0.484176 0.099811
v 0.066918 0.447673 0.047346
v 0.060395 0.405855 0.078788
v 0.055714 0.413602 0.083421
v 0.053304 0.409686 0.088160
v 0.057394 0.399274 0.084323
v 0.062875 0.396919 0.069881
v 0.063653 0.388721 0.057489
v 0.064431 0.380511 0.043524
v 0.061805 0.370175 0.036380
v 0.074288 0.462465 -0.022253
v 0.066570 0.474407 -0.037866
v 0.056076 0.487331 -0.048576
v 0.038994 0.497095 -0.057107
v 0.075997 0.452278 -0.015519
v 0.019262 0.506497 -0.059789
v 0.010088 0.381409 0.113792
v 0.017093 0.381058 0.109358
v 0.008542 0.385374 0.113465
v 0.009673 0.357939 0.113860
v 0.005592 0.357446 0.115469
v 0.006573 0.352137 0.112458
v 0.011306 0.352808 0.111005
v 0.015595 0.318841 0.084461
v 0.024764 0.322909 0.080465
v 0.017655 0.301529 0.055673
v 0.026525 0.305317 0.049048
v 0.008451 0.393614 0.117536
v 0.006931 0.393966 0.117819
v 0.006731 0.392931 0.115681
v 0.008646 0.392825 0.115421
v 0.021576 0.366272 0.105746
v 0.006318 0.373720 0.117342
v 0.003339 0.373493 0.118012
v 0.003611 0.369953 0.116524
v 0.006636 0.370065 0.115955
v 0.039222 0.330298 0.055761
v 0.036318 0.321740 0.045140
v 0.052518 0.305967 0.010457
v 0.052579 0.319150 0.013579
v 0.050765 0.337173 -0.000105
v 0.028802 0.341838 -0.033345
v 0.019753 0.342305 -0.039968
v -0.002515 0.344273 -0.045818
v -0.003669 0.358867 -0.050520
v 0.009128 0.358530 -0.048356
v 0.008427 0.343517 -0.043616
v 0.026045 0.319960 0.065209
v 0.016281 0.315501 0.070721
v 0.016796 0.310119 0.061590
v 0.025850 0.314378 0.055190
v 0.003287 0.390835 0.118767
v 0.001966 0.389927 0.120330
v 0.002375 0.387752 0.117541
v 0.004165 0.389733 0.116788
v 0.009440 0.390904 0.113751
v 0.007262 0.389918 0.113803
v 0.007659 0.388074 0.113675
v 0.009895 0.393445 0.118216
v 0.010290 0.392117 0.115590
v 0.005428 0.394352 0.122759
v 0.008115 0.394156 0.121175
v 0.005470 0.394591 0.127608
v 0.004783 0.391934 0.117324
v 0.005253 0.390722 0.115685
v 0.008364 0.391838 0.114163
v 0.006770 0.391567 0.114258
v 0.005650 0.394321 0.120702
v 0.007383 0.394111 0.119443
v 0.005401 0.415429 0.119984
v -0.000213 0.416433 0.122272
v -0.000362 0.409868 0.127690
v -0.000444 0.402316 0.132604
v -0.000366 0.394354 0.130520
v 0.009167 0.307543 0.064457
v 0.009929 0.299104 0.058731
v -0.001165 0.483271 0.101800
v -0.001109 0.463761 0.106838
v 0.022208 0.365069 0.104152
v 0.023498 0.444133 0.101356
v 0.047481 0.408192 0.093698
v 0.027049 0.409509 0.100908
v 0.033463 0.405251 0.100854
v 0.033385 0.412876 0.098248
v 0.027526 0.415630 0.098791
v 0.014563 0.441091 0.101694
v 0.005986 0.437450 0.106720
v 0.009651 0.435492 0.100569
v 0.009110 0.429016 0.100317
v 0.006164 0.428235 0.108033
v 0.010374 0.421540 0.104543
v 0.012097 0.423925 0.099211
v 0.044117 0.433547 0.092333
v 0.046297 0.434932 0.090712
v 0.015576 0.417105 0.101963
v 0.021088 0.413277 0.100942
v 0.021987 0.418146 0.098544
v 0.016800 0.420699 0.098634
v 0.040041 0.410086 0.096871
v 0.052359 0.432202 0.082940
v 0.049065 0.421361 0.085472
v 0.064033 0.396747 -0.006834
v 0.060353 0.386039 -0.000190
v 0.065930 0.376973 0.018387
v 0.063166 0.373090 0.021460
v 0.058665 0.375620 0.017091
v 0.063996 0.379302 0.014313
v 0.075375 0.427672 -0.000341
v 0.075341 0.434277 -0.004274
v 0.075702 0.435462 0.002673
v 0.074714 0.428092 0.002188
v 0.074581 0.431311 0.008319
v 0.074888 0.434885 0.010433
v 0.073800 0.426852 0.011982
v 0.073893 0.426892 0.008661
v 0.076507 0.445292 0.010752
v 0.074610 0.443501 0.020621
v 0.073016 0.431868 0.018090
v 0.068290 0.429999 0.041022
v 0.068889 0.419005 0.028763
v 0.070435 0.426671 0.023905
v 0.071245 0.438259 0.030259
v 0.064304 0.377446 0.025588
v 0.064924 0.384707 0.029116
v 0.058010 0.379038 0.008943
v -0.002453 0.469840 -0.086411
v -0.002450 0.495365 -0.074307
v 0.058963 0.423622 -0.050863
v 0.048330 0.427825 -0.066485
v 0.066081 0.419407 -0.035772
v 0.069225 0.416463 -0.022570
v 0.036152 0.433838 -0.079115
v 0.021090 0.433889 -0.085561
v 0.068754 0.412684 0.042197
v 0.067582 0.406874 0.030370
v 0.055201 0.405498 -0.047249
v 0.044951 0.408414 -0.062527
v 0.061980 0.403338 -0.032938
v 0.065546 0.404219 -0.020359
v 0.031318 0.413869 -0.075096
v 0.013335 0.388827 -0.071357
v 0.014942 0.410207 -0.081277
v 0.068143 0.387684 0.018106
v 0.066719 0.385777 0.022315
v 0.066504 0.379708 0.021253
v 0.069276 0.381891 0.019366
v 0.066882 0.397275 0.041912
v 0.066763 0.395269 0.029891
v 0.005727 0.421460 0.114622
v -0.000158 0.429895 0.111863
v -0.000119 0.422983 0.117149
v -0.000421 0.438132 0.108671
v -0.001928 0.537661 0.004546
v -0.001676 0.536199 0.036027
v -0.002279 0.516052 -0.052956
v -0.002087 0.530962 -0.025763
v 0.004141 0.344336 0.112849
v 0.006562 0.331206 0.112514
v 0.005359 0.381245 0.116305
v 0.002538 0.380646 0.116949
v 0.002967 0.377014 0.117679
v 0.005909 0.377505 0.116971
v 0.017890 0.437655 0.097508
v 0.010841 0.374242 -0.058541
v 0.009044 0.326765 -0.044484
v 0.010524 0.310517 -0.047631
v 0.035297 0.299100 -0.045909
v 0.024179 0.297543 -0.051257
v 0.002179 0.384260 0.116804
v 0.004763 0.384793 0.115804
v 0.004914 0.393667 0.119280
v 0.011089 0.369677 0.114131
v 0.004668 0.387546 0.115643
v 0.005369 0.389513 0.115359
v 0.000455 0.387208 0.118237
v 0.000707 0.383943 0.117016
v 0.027957 0.421517 0.097565
v 0.028182 0.426024 0.097090
v 0.002786 0.391659 0.123939
v 0.003553 0.392669 0.121407
v -0.000418 0.390787 0.124616
v 0.042101 0.289327 0.033412
v 0.050468 0.292729 0.020278
v 0.001348 0.373309 0.118131
v 0.001529 0.369671 0.116795
v -0.001752 0.524044 0.068369
v -0.002127 0.387053 -0.072282
v -0.002191 0.405138 -0.081521
v 0.068979 0.412148 0.021418
v 0.070582 0.408351 0.016689
v 0.072029 0.414974 0.014233
v 0.070452 0.419393 0.018921
v 0.010706 0.290131 0.054431
v 0.054001 0.295237 0.005254
v 0.012267 0.297420 -0.054442
v 0.046439 0.428279 0.087141
v 0.045143 0.426925 0.088158
v 0.020531 0.435019 0.096683
v -0.002471 0.435341 -0.088345
v 0.012448 0.362571 0.111898
v 0.010994 0.366144 0.111358
v -0.001677 0.328387 -0.045612
v 0.008605 0.313069 0.073442
v 0.000540 0.389410 0.121172
v -0.003241 0.373052 -0.060183
v 0.074430 0.420914 0.005992
v 0.075958 0.419515 0.009088
v 0.075423 0.416575 0.008830
v 0.073808 0.417309 0.007318
v 0.076784 0.422698 0.013371
v 0.077810 0.419607 0.011311
v 0.079506 0.422097 0.010490
v 0.078176 0.425704 0.011848
v 0.072637 0.424232 0.015594
v 0.074513 0.419286 0.014147
v 0.080448 0.423846 0.008880
v 0.080344 0.426604 0.010071
v 0.077730 0.428151 0.008754
v 0.074503 0.427859 0.005511
v 0.082655 0.427407 0.006758
v 0.079109 0.429447 0.004702
v 0.085196 0.426934 0.001970
v 0.080717 0.429437 -0.000354
v 0.086510 0.423661 -0.003019
v 0.081177 0.425438 -0.005159
v 0.067595 0.393345 0.022287
v 0.067973 0.394140 0.015832
v 0.086941 0.418451 -0.006014
v 0.080894 0.419184 -0.007467
v 0.086181 0.411626 -0.007494
v 0.080535 0.412141 -0.008894
v 0.084441 0.404457 -0.006892
v 0.079673 0.404632 -0.008428
v 0.082838 0.397544 -0.004998
v 0.078234 0.396523 -0.006375
v 0.080526 0.390916 -0.001059
v 0.075785 0.387822 -0.001926
v 0.082007 0.424892 0.000943
v 0.083056 0.421797 -0.002595
v 0.073447 0.423825 -0.001387
v 0.081008 0.425538 0.005438
v 0.073548 0.411769 0.001821
v 0.072080 0.413827 0.002028
v 0.072978 0.412135 0.003125
v 0.071770 0.410809 0.000677
v 0.069520 0.400882 0.016910
v 0.070878 0.400948 0.013362
v 0.071336 0.406545 0.013426
v 0.069308 0.396927 0.012914
v 0.068570 0.398339 0.011729
v 0.068289 0.401821 0.011959
v 0.067638 0.406343 0.011761
v 0.069068 0.396772 0.010233
v 0.069978 0.395037 0.010849
v 0.067914 0.398068 0.009590
v 0.067575 0.398950 0.010562
v 0.066625 0.401102 0.009640
v 0.067192 0.404205 0.007283
v 0.068201 0.402609 0.022394
v 0.068603 0.399860 -0.000714
v 0.065393 0.391666 0.003160
v 0.077335 0.386485 0.004548
v 0.073962 0.380772 0.004702
v 0.071591 0.378774 0.016768
v 0.072987 0.376960 0.011309
v 0.072220 0.418671 -0.003344
v 0.071918 0.412966 -0.004699
v 0.063547 0.385096 0.009359
v 0.071069 0.406703 -0.004050
v 0.078812 0.395126 -0.000145
v 0.075680 0.391977 0.003584
v 0.081268 0.399694 -0.003099
v 0.070544 0.391727 0.012422
v 0.071697 0.385939 0.014681
v 0.074693 0.385162 0.010113
v 0.072798 0.391024 0.008035
v 0.077563 0.398343 0.001652
v 0.073929 0.396219 0.004217
v 0.074625 0.401259 0.001548
v 0.071351 0.399307 0.003976
v 0.069693 0.397493 0.007288
v 0.071297 0.395053 0.007572
v 0.067795 0.401560 0.003561
v 0.071273 0.404656 0.001371
v 0.067512 0.399100 0.007268
v 0.077282 0.403982 0.000933
v 0.079699 0.407471 0.000580
v 0.077602 0.410094 0.002417
v 0.074671 0.407386 0.001133
v 0.081800 0.405393 -0.005011
v 0.081889 0.405983 -0.001743
v 0.080085 0.401715 -0.000461
v 0.082674 0.411167 -0.002631
v 0.082624 0.411756 -0.005525
v 0.081071 0.411253 -0.000313
v 0.079697 0.412366 0.001650
v 0.082407 0.419717 -0.000558
v 0.082686 0.416023 -0.002063
v 0.083438 0.417551 -0.004717
v 0.081684 0.414863 0.000149
v 0.081132 0.417807 0.001123
v 0.079829 0.416216 0.002200
v 0.080493 0.414504 0.001131
v 0.078391 0.423535 0.007394
v 0.077141 0.421968 0.008764
v 0.079622 0.423536 0.004833
v 0.077448 0.423804 0.005398
v 0.078272 0.421466 0.004655
v 0.076089 0.422881 0.005650
v 0.077326 0.419584 0.005124
v 0.075307 0.417365 0.005051
v 0.023464 0.261291 0.044716
v 0.021668 0.272267 0.045503
v 0.011746 0.269219 0.048048
v 0.012550 0.258718 0.046370
v 0.078695 0.417809 0.003927
v 0.079769 0.419932 0.002778
v 0.081038 0.422494 0.001747
v 0.076295 0.413871 0.003130
v 0.077607 0.412835 0.002930
v 0.078598 0.414222 0.002857
v 0.077181 0.415732 0.003837
v 0.071577 0.410538 0.012268
v 0.069729 0.409012 0.009060
v 0.070083 0.406402 0.005226
v 0.055430 0.248720 0.031372
v 0.069154 0.256547 0.019377
v 0.063635 0.264284 0.015980
v 0.050842 0.257961 0.027116
v 0.065422 0.226210 0.049438
v 0.067342 0.208452 0.060146
v 0.084915 0.213860 0.053436
v 0.085829 0.235540 0.035557
v 0.084048 0.195841 0.067744
v 0.067566 0.191798 0.072219
v 0.081303 0.148427 0.105563
v 0.082216 0.163541 0.093233
v 0.066225 0.162064 0.097461
v 0.065537 0.146709 0.109293
v 0.106329 0.074321 0.139580
v 0.094403 0.076273 0.144643
v 0.087577 0.060204 0.143163
v 0.100830 0.056069 0.136994
v 0.141288 0.172898 0.061828
v 0.150381 0.163854 0.059048
v 0.153111 0.182710 0.053484
v 0.142837 0.191183 0.054600
v 0.096431 0.269628 -0.011200
v 0.089518 0.272077 -0.013777
v 0.084935 0.259232 0.006550
v 0.092193 0.255945 0.011850
v 0.146829 0.087137 0.088836
v 0.141296 0.096327 0.098220
v 0.139341 0.084632 0.105423
v 0.143461 0.075176 0.097143
v 0.113712 0.002972 0.084055
v 0.100694 0.002409 0.099061
v 0.099917 -0.015007 0.100143
v 0.113943 -0.014722 0.084525
v 0.144988 0.023381 0.022309
v 0.141154 0.007846 0.021063
v 0.140084 0.008102 -0.003623
v 0.143344 0.022599 -0.003336
v 0.108388 0.148214 0.095275
v 0.109907 0.163816 0.083343
v 0.096871 0.164002 0.088310
v 0.095639 0.148891 0.100650
v 0.326724 0.220679 0.015637
v 0.301425 0.221331 0.016996
v 0.302367 0.205422 0.018268
v 0.327474 0.204648 0.016606
v 0.142729 -0.079743 0.040133
v 0.144538 -0.096364 0.044066
v 0.145076 -0.092918 0.018705
v 0.142688 -0.076576 0.015829
v 0.194837 0.245226 0.029185
v 0.194843 0.262137 0.012093
v 0.181842 0.264375 0.012091
v 0.180558 0.248045 0.030675
v 0.143832 0.136685 0.072430
v 0.146720 0.148980 0.065573
v 0.139201 0.157197 0.069988
v 0.136467 0.142998 0.078231
v 0.153239 0.050893 -0.007976
v 0.156229 0.067448 -0.010691
v 0.157865 0.068072 0.009678
v 0.155423 0.051691 0.014773
v 0.151758 0.036802 0.019099
v 0.149297 0.035837 -0.005317
v 0.128858 0.145636 0.083886
v 0.130215 0.162621 0.074094
v 0.121114 0.163512 0.078494
v 0.119342 0.147133 0.089758
v 0.078389 0.046091 0.136315
v 0.093923 0.040828 0.128206
v 0.137915 -0.100477 0.068689
v 0.136888 -0.083354 0.064255
v 0.125810 -0.087146 0.085005
v 0.126220 -0.104509 0.089772
v 0.085029 0.018010 0.109248
v 0.099349 0.017733 0.098555
v 0.102384 0.029024 0.107998
v 0.087567 0.030308 0.116439
v 0.110701 -0.107552 0.107867
v 0.110466 -0.090242 0.102475
v 0.093545 -0.092173 0.118113
v 0.093685 -0.111486 0.124444
v 0.083036 0.179290 0.080815
v 0.067005 0.176591 0.084932
v 0.125915 0.074048 0.124634
v 0.117145 0.073745 0.132599
v 0.112839 0.054958 0.129538
v 0.123204 0.056338 0.121243
v 0.161489 0.136581 0.043643
v 0.169816 0.149782 0.038068
v 0.165391 0.170215 0.048765
v 0.158322 0.151282 0.053579
v 0.149865 -0.108682 0.020584
v 0.148442 -0.112195 0.046741
v 0.113212 -0.125901 0.111898
v 0.095556 -0.130559 0.128787
v 0.201283 0.146625 -0.027336
v 0.199270 0.150101 -0.015311
v 0.190033 0.137476 -0.012396
v 0.192763 0.134714 -0.024558
v 0.055185 0.077578 0.146221
v 0.064049 0.057954 0.143313
v 0.076696 0.070297 0.147098
v 0.069771 0.086242 0.146688
v 0.119318 0.040922 0.111417
v 0.107601 0.039439 0.119795
v 0.115727 0.030166 0.098785
v 0.039287 0.068773 0.141359
v 0.049298 0.044819 0.132928
v 0.050278 0.173325 0.088579
v 0.049589 0.159133 0.100539
v 0.050457 0.188347 0.077316
v 0.049577 0.204082 0.066563
v 0.032577 0.200574 0.071135
v 0.033171 0.184775 0.081449
v 0.047499 0.220533 0.057851
v 0.031070 0.216739 0.063022
v 0.040183 0.243416 0.040991
v 0.036920 0.253425 0.036577
v 0.153052 0.137945 0.059152
v 0.149729 0.126633 0.065037
v 0.129052 -0.121603 0.093097
v 0.110140 0.205401 -0.096799
v 0.125804 0.211279 -0.089032
v 0.124894 0.194539 -0.093556
v 0.109338 0.187900 -0.101467
v 0.102794 0.256546 0.013554
v 0.104018 0.270266 -0.010370
v 0.176539 0.151402 -0.064682
v 0.176269 0.141992 -0.060387
v 0.165846 0.133239 -0.063327
v 0.165126 0.144455 -0.067409
v 0.201257 0.147575 -0.046703
v 0.199901 0.153801 -0.053231
v 0.213225 0.161639 -0.055997
v 0.214394 0.155462 -0.049463
v 0.139781 -0.090089 -0.004426
v 0.136877 -0.073714 -0.007731
v 0.119984 0.033950 -0.065001
v 0.128674 0.050116 -0.064526
v 0.137942 0.042526 -0.047487
v 0.130575 0.027228 -0.046729
v 0.016669 0.172652 -0.099961
v 0.035502 0.176015 -0.103395
v 0.035251 0.161168 -0.105791
v 0.016348 0.157936 -0.101907
v 0.074096 0.205082 -0.102198
v 0.053620 0.196349 -0.103123
v 0.053043 0.210062 -0.098959
v 0.073989 0.219635 -0.097134
v 0.092278 0.197519 -0.103319
v 0.091609 0.180197 -0.107537
v 0.149276 0.053464 -0.028367
v 0.152786 0.069724 -0.028709
v 0.161096 0.093011 -0.031215
v 0.166234 0.101786 -0.032014
v 0.167283 0.101474 -0.018074
v 0.162541 0.092365 -0.016169
v 0.082466 0.276734 -0.016279
v 0.089547 0.278107 -0.036300
v 0.080880 0.281416 -0.038816
v 0.048452 0.255967 -0.079436
v 0.058498 0.260907 -0.075181
v 0.061163 0.255328 -0.078430
v 0.048418 0.249753 -0.082840
v 0.037594 0.094096 -0.110785
v 0.039384 0.072250 -0.106575
v 0.017550 0.073213 -0.107430
v 0.016755 0.093680 -0.111104
v 0.171188 0.112434 -0.043435
v 0.169495 0.117166 -0.052005
v 0.179188 0.126452 -0.050716
v 0.181305 0.121480 -0.043541
v 0.161708 0.108867 -0.052983
v 0.164174 0.104360 -0.043421
v 0.158823 0.095589 -0.043750
v 0.155679 0.100345 -0.054921
v 0.136570 0.065309 -0.062172
v 0.143945 0.079821 -0.059293
v 0.149075 0.074307 -0.044923
v 0.143862 0.058578 -0.046380
v 0.018191 0.006040 -0.087757
v 0.017710 0.026855 -0.096729
v 0.037247 0.026006 -0.095303
v 0.037028 0.004422 -0.088782
v 0.206631 0.167525 0.003324
v 0.222087 0.170426 -0.000423
v 0.219411 0.178749 0.013217
v 0.205720 0.175061 0.016662
v 0.219475 0.182320 -0.067830
v 0.218291 0.189028 -0.069298
v 0.228757 0.193639 -0.070632
v 0.229615 0.187361 -0.069726
v 0.244556 0.163397 -0.015457
v 0.264787 0.161942 -0.018302
v 0.261111 0.169602 -0.004597
v 0.240086 0.170541 -0.002575
v 0.113147 0.273833 -0.036727
v 0.105582 0.275490 -0.035795
v 0.111719 0.270977 -0.009953
v 0.230145 0.155489 -0.034470
v 0.229447 0.156587 -0.044648
v 0.246226 0.159031 -0.049522
v 0.247150 0.156964 -0.038794
v 0.326123 0.235700 0.007570
v 0.300857 0.236243 0.008818
v 0.288274 0.158679 -0.033523
v 0.266977 0.157851 -0.031014
v 0.267385 0.157571 -0.043046
v 0.289451 0.160200 -0.046181
v 0.124202 0.012388 -0.045689
v 0.112130 0.017922 -0.062885
v 0.115555 -0.085650 -0.042139
v 0.111424 -0.068303 -0.045234
v 0.125592 -0.070725 -0.028567
v 0.129550 -0.087517 -0.025080
v 0.144041 -0.106069 -0.003414
v 0.118988 -0.103184 -0.040507
v 0.133407 -0.104290 -0.023844
v 0.064636 0.289093 -0.034596
v 0.072687 0.285285 -0.037792
v 0.062444 0.281719 -0.054219
v 0.056016 0.287912 -0.049253
v 0.179237 -0.212291 -0.008793
v 0.183000 -0.214937 0.022025
v 0.184627 -0.238952 0.014806
v 0.179157 -0.238955 -0.014801
v 0.032935 0.270148 -0.071814
v 0.029673 0.279452 -0.065625
v 0.043746 0.283212 -0.059153
v 0.048841 0.275664 -0.064878
v 0.177442 -0.187206 -0.005688
v 0.180342 -0.191106 0.023440
v 0.067448 0.284170 -0.016305
v 0.075138 0.280209 -0.017016
v 0.065004 0.277532 0.000502
v 0.072219 0.271862 0.000581
v 0.058044 0.272539 0.015208
v 0.179469 -0.220834 0.047811
v 0.183829 -0.245711 0.044112
v 0.050099 0.293814 -0.043449
v 0.039269 0.290664 -0.053075
v 0.026766 0.288112 -0.058593
v 0.013756 0.286787 -0.061887
v -0.000504 0.286724 -0.062665
v -0.000609 0.297102 -0.056178
v 0.156426 -0.123735 0.021792
v 0.151577 -0.121340 -0.004070
v 0.127404 -0.342545 -0.084420
v 0.129477 -0.357430 -0.073603
v 0.096472 -0.356933 -0.082497
v 0.099281 -0.346758 -0.092324
v 0.027297 -0.330973 -0.098477
v 0.065853 -0.341867 -0.098011
v 0.060622 -0.352112 -0.085785
v 0.024372 -0.340205 -0.084783
v 0.034738 -0.219167 -0.111079
v 0.035514 -0.197864 -0.104417
v 0.065176 -0.197908 -0.103512
v 0.065342 -0.219062 -0.111047
v 0.140909 -0.120025 -0.025855
v 0.126114 -0.119528 -0.043151
v 0.153969 -0.127340 0.048696
v 0.183343 -0.380634 0.056197
v 0.179508 -0.417027 0.052711
v 0.184227 -0.411656 0.014317
v 0.191254 -0.375973 0.015452
v 0.152230 -0.406044 -0.045485
v 0.120740 -0.403549 -0.060346
v 0.125885 -0.378724 -0.066490
v 0.158258 -0.377432 -0.050553
v 0.076718 -0.134522 0.143350
v 0.077821 -0.154746 0.145485
v 0.097299 -0.149652 0.130794
v 0.017349 -0.144485 0.164906
v 0.016483 -0.164964 0.167121
v 0.037057 -0.162208 0.163645
v 0.038461 -0.141169 0.161110
v 0.025699 -0.271335 0.141842
v 0.030194 -0.249101 0.148235
v 0.013428 -0.250573 0.151910
v 0.011959 -0.271279 0.144941
v 0.169139 -0.226514 0.071561
v 0.166099 -0.206180 0.074341
v 0.148761 -0.212438 0.095129
v 0.151338 -0.232392 0.092852
v 0.055162 -0.361168 -0.067247
v 0.022075 -0.347473 -0.065866
v 0.163732 -0.383092 0.093489
v 0.161760 -0.420787 0.089311
v 0.133701 -0.424529 0.117723
v 0.136433 -0.389418 0.120134
v 0.103075 -0.391580 0.131395
v 0.099807 -0.423663 0.128132
v 0.011220 -0.335474 0.078197
v 0.010668 -0.347710 0.079586
v 0.027796 -0.333607 0.102688
v 0.023037 -0.319071 0.104634
v 0.030676 -0.303940 -0.112445
v 0.064049 -0.309622 -0.112668
v 0.064763 -0.326265 -0.106963
v 0.029720 -0.320202 -0.105864
v 0.108232 -0.120100 -0.056593
v 0.102081 -0.102774 -0.052927
v 0.084063 -0.102650 -0.060997
v 0.081204 -0.083176 -0.062300
v 0.099222 -0.084200 -0.054636
v 0.080192 0.034313 -0.088738
v 0.089170 0.052114 -0.092484
v 0.105889 0.041440 -0.079870
v 0.097879 0.025319 -0.077107
v 0.054023 0.181835 -0.106621
v 0.054534 0.166399 -0.109457
v 0.083339 -0.393906 -0.066351
v 0.086498 -0.425491 -0.059109
v 0.050959 -0.417327 -0.053890
v 0.041190 -0.377007 -0.056362
v 0.146428 -0.435506 -0.041833
v 0.175191 -0.407205 -0.020701
v 0.167067 -0.438954 -0.019540
v 0.173423 -0.450193 0.050781
v 0.177081 -0.444709 0.013407
v 0.129122 -0.457154 0.114023
v 0.095625 -0.454849 0.122867
v 0.015698 -0.417281 0.087065
v 0.014872 -0.440792 0.076950
v 0.034038 -0.446055 0.099383
v 0.036737 -0.420529 0.108061
v 0.065429 -0.271339 0.125233
v 0.074727 -0.294203 0.124322
v 0.103661 -0.276098 0.119918
v 0.101099 -0.254427 0.118587
v 0.039433 -0.119535 0.157291
v 0.022377 -0.123370 0.160946
v 0.075606 -0.114223 0.139106
v 0.056902 -0.116575 0.150393
v 0.057199 -0.138071 0.154391
v 0.044647 -0.032251 0.141765
v 0.042078 -0.052155 0.146338
v 0.061763 -0.052524 0.136820
v 0.064861 -0.033095 0.132224
v 0.068132 -0.013017 0.128140
v 0.047422 -0.011915 0.137234
v 0.048240 0.025163 0.123472
v 0.068097 0.020782 0.117949
v 0.070067 0.034557 0.125085
v 0.032987 0.169386 0.091667
v 0.032590 0.154559 0.102212
v 0.174834 -0.249604 0.070252
v 0.013102 -0.383724 -0.029232
v 0.021812 -0.416356 -0.034965
v 0.006838 -0.421549 -0.006619
v 0.003618 -0.394876 0.001457
v 0.175873 -0.198766 0.050208
v 0.141079 -0.116680 0.071604
v 0.145712 -0.132619 0.073624
v 0.139789 0.027524 0.052206
v 0.135724 0.008192 0.045541
v 0.084938 0.079881 0.146362
v 0.082867 0.091568 0.144578
v 0.182459 -0.374298 -0.022892
v 0.123981 -0.487276 0.108394
v 0.091006 -0.485492 0.115785
v 0.085836 -0.514798 0.107734
v 0.118169 -0.516464 0.102107
v 0.007518 -0.461999 0.040061
v 0.011081 -0.490906 0.029667
v 0.017121 -0.495048 0.054979
v 0.015353 -0.467183 0.066033
v 0.015132 -0.519816 0.021247
v 0.017503 -0.547825 0.012445
v 0.020105 -0.553125 0.036030
v 0.019444 -0.524417 0.046786
v 0.156542 -0.456129 0.087043
v 0.159021 -0.510603 0.048111
v 0.165653 -0.481502 0.050057
v 0.150029 -0.486270 0.083770
v 0.144215 -0.515461 0.079519
v 0.118608 -0.432727 -0.054332
v 0.003817 -0.412870 0.062462
v 0.004794 -0.435030 0.051522
v 0.021352 -0.485331 -0.018735
v 0.013845 -0.453620 -0.013109
v 0.031019 -0.451948 -0.037454
v 0.038202 -0.484033 -0.040272
v 0.141680 -0.492338 -0.037671
v 0.143814 -0.464475 -0.038676
v 0.162438 -0.468946 -0.016159
v 0.158365 -0.497246 -0.014863
v 0.169979 -0.475014 0.015355
v 0.163572 -0.503859 0.015007
v 0.147513 -0.566252 0.044174
v 0.152773 -0.538707 0.045963
v 0.137836 -0.543503 0.075594
v 0.131549 -0.570658 0.071350
v 0.154104 -0.559020 0.012858
v 0.158508 -0.531590 0.013724
v 0.151395 -0.552005 -0.014396
v 0.155139 -0.524895 -0.014862
v 0.137866 -0.546208 -0.035302
v 0.140369 -0.519284 -0.037001
v 0.118947 -0.542267 -0.049832
v 0.119068 -0.515865 -0.051438
v 0.093322 -0.513362 -0.057286
v 0.096167 -0.540072 -0.055593
v 0.072289 -0.539084 -0.053883
v 0.067818 -0.512155 -0.054094
v 0.033006 -0.541743 -0.029912
v 0.027788 -0.514509 -0.024282
v 0.044365 -0.512844 -0.043281
v 0.050034 -0.539900 -0.045687
v 0.051565 -0.647605 -0.048542
v 0.045476 -0.619407 -0.046390
v 0.065005 -0.617537 -0.051691
v 0.070360 -0.645276 -0.051405
v 0.087694 -0.643159 -0.055122
v 0.083964 -0.616586 -0.052311
v 0.101920 -0.616037 -0.053024
v 0.106300 -0.642396 -0.055619
v 0.132498 -0.622011 -0.031598
v 0.134939 -0.647883 -0.033413
v 0.122758 -0.643622 -0.048857
v 0.119391 -0.617601 -0.046821
v 0.146193 -0.628270 -0.013254
v 0.146170 -0.653342 -0.014291
v 0.147178 -0.635270 0.010889
v 0.144140 -0.659908 0.009341
v 0.132448 -0.641308 0.035649
v 0.129193 -0.665120 0.032718
v 0.021757 -0.632657 0.004961
v 0.020882 -0.627252 -0.014932
v 0.026462 -0.654404 -0.021917
v 0.025419 -0.659758 -0.001456
v 0.047411 -0.642509 0.046122
v 0.050393 -0.668030 0.034666
v 0.065042 -0.668938 0.055596
v 0.065250 -0.644640 0.066278
v 0.142714 -0.592239 0.042398
v 0.150109 -0.585039 0.012180
v 0.147807 -0.577879 -0.013868
v 0.134633 -0.571842 -0.033228
v 0.037003 -0.567456 -0.035883
v 0.055110 -0.565373 -0.048086
v 0.020413 -0.580446 0.025757
v 0.018470 -0.574794 0.003461
v 0.094852 -0.622054 0.078100
v 0.119792 -0.621316 0.063860
v 0.125467 -0.596448 0.067506
v 0.099383 -0.596826 0.081930
v 0.148548 -0.610273 0.011540
v 0.145910 -0.603025 -0.013443
v 0.132884 -0.596958 -0.031757
v 0.100006 -0.590988 -0.052055
v 0.118484 -0.592825 -0.046268
v 0.080422 -0.590535 -0.051989
v 0.041169 -0.592921 -0.041775
v 0.059979 -0.590908 -0.050400
v 0.021627 -0.607110 0.015175
v 0.019656 -0.601086 -0.005874
v 0.089892 -0.669221 0.062960
v 0.114181 -0.668044 0.053179
v 0.115536 -0.644962 0.058083
v 0.091496 -0.646815 0.072857
v 0.089692 -0.690471 0.051911
v 0.067824 -0.690866 0.044839
v 0.109544 -0.669370 -0.057869
v 0.092410 -0.670244 -0.058326
v 0.125467 -0.670553 -0.050799
v 0.141052 -0.685206 0.008792
v 0.147104 -0.678189 -0.016769
v 0.127125 -0.690471 0.031771
v 0.111015 -0.689620 0.047225
v 0.040155 -0.709339 -0.028549
v 0.038489 -0.712605 -0.010638
v 0.031807 -0.684516 -0.006983
v 0.034318 -0.681306 -0.024683
v 0.060911 -0.703534 -0.055583
v 0.058579 -0.675375 -0.046743
v 0.075456 -0.672893 -0.051995
v 0.077300 -0.700071 -0.064801
v 0.114667 -0.697108 -0.066108
v 0.095925 -0.697467 -0.068882
v 0.131717 -0.697119 -0.058206
v 0.147772 -0.705451 -0.018601
v 0.145640 -0.699726 -0.042178
v 0.139564 -0.673056 -0.037297
v 0.140812 -0.712137 0.010236
v 0.120437 -0.747126 0.028086
v 0.143016 -0.740889 0.010116
v 0.118781 -0.717838 0.030718
v 0.097640 -0.842894 0.015221
v 0.098106 -0.876562 0.010064
v 0.119817 -0.873583 0.009634
v 0.122224 -0.840190 0.015186
v 0.041322 -0.739101 -0.035470
v 0.041651 -0.741383 -0.014924
v 0.079107 -0.729414 -0.075953
v 0.060584 -0.733219 -0.066311
v 0.154844 -0.764085 -0.023896
v 0.152410 -0.759355 -0.049995
v 0.149715 -0.728702 -0.045409
v 0.151501 -0.734053 -0.019511
v 0.043310 -0.836172 -0.028023
v 0.040701 -0.803864 -0.024615
v 0.040858 -0.801923 -0.046267
v 0.043645 -0.834674 -0.048090
v 0.077773 -0.761070 -0.083803
v 0.078238 -0.793937 -0.087997
v 0.060390 -0.796984 -0.077897
v 0.059311 -0.764727 -0.073409
v 0.152099 -0.831130 -0.029076
v 0.151148 -0.828182 -0.053180
v 0.153494 -0.792513 -0.052672
v 0.154989 -0.796403 -0.026995
v 0.122687 -0.776251 0.024894
v 0.124362 -0.807533 0.020018
v 0.145806 -0.801638 0.001134
v 0.145944 -0.770439 0.005638
v 0.095786 -0.778838 0.025172
v 0.097813 -0.809774 0.020465
v 0.056817 -0.904920 -0.047724
v 0.056564 -0.908485 -0.031186
v 0.049593 -0.871767 -0.029766
v 0.049844 -0.869065 -0.048185
v 0.080582 -0.828132 -0.087891
v 0.083528 -0.864037 -0.083723
v 0.067382 -0.865714 -0.075320
v 0.062829 -0.830618 -0.078490
v 0.141890 -0.905205 -0.032510
v 0.139877 -0.903076 -0.052943
v 0.146200 -0.865553 -0.052992
v 0.147450 -0.867529 -0.031217
v 0.117814 -0.909828 0.003734
v 0.135837 -0.907492 -0.010372
v 0.139788 -0.870201 -0.005804
v 0.097762 -0.912143 0.004834
v 0.097169 -0.947650 0.001384
v 0.114287 -0.945753 0.000913
v 0.062080 -0.940032 -0.046831
v 0.063404 -0.942580 -0.031856
v 0.073361 -0.936686 -0.068104
v 0.071702 -0.901708 -0.071314
v 0.085639 -0.899505 -0.078966
v 0.086116 -0.934288 -0.075617
v 0.119281 -0.901590 -0.077096
v 0.116716 -0.935934 -0.073010
v 0.101720 -0.934084 -0.077402
v 0.102793 -0.899767 -0.081109
v 0.132657 -0.937325 -0.051518
v 0.126236 -0.936508 -0.064640
v 0.132096 -0.901975 -0.067787
v 0.136329 -0.939190 -0.032848
v 0.130952 -0.942795 -0.011820
v 0.002708 -0.358294 -0.006200
v 0.009477 -0.363902 -0.017537
v 0.001832 -0.378364 0.012791
v -0.000684 -0.370239 0.024575
v 0.032709 -0.502947 0.080038
v 0.033545 -0.473386 0.090140
v 0.031412 -0.559442 0.059260
v 0.032840 -0.532081 0.070881
v 0.031382 -0.586546 0.047830
v 0.032159 -0.639569 0.025734
v 0.032057 -0.613140 0.036466
v 0.034626 -0.664958 0.015931
v 0.040670 -0.690085 0.010883
v 0.046058 -0.717173 0.008735
v 0.051941 -0.773513 0.001286
v 0.050547 -0.744344 0.005151
v 0.041221 -0.772095 -0.020060
v 0.054520 -0.838679 -0.006404
v 0.052512 -0.805141 -0.002557
v 0.064865 -0.911602 -0.014661
v 0.059137 -0.874943 -0.010586
v 0.071324 -0.945392 -0.017028
v 0.073322 -0.366274 0.129871
v 0.076778 -0.340797 0.129254
v 0.048571 -0.353694 0.121408
v 0.044359 -0.373801 0.119370
v 0.002547 -0.346149 0.046962
v 0.000812 -0.352131 0.046009
v 0.004258 -0.351987 0.061406
v 0.005552 -0.343800 0.060748
v 0.138368 -0.617302 0.039900
v 0.118135 -0.567702 -0.047385
v 0.076366 -0.564847 -0.052645
v 0.098071 -0.565631 -0.053152
v 0.045916 -0.618045 0.058189
v 0.067320 -0.620409 0.074430
v 0.070926 -0.595130 0.081580
v 0.047931 -0.591984 0.068065
v 0.092941 -0.752169 0.028561
v 0.068745 -0.748939 0.020758
v 0.071601 -0.777175 0.016221
v 0.091943 -0.727679 0.033109
v 0.137812 -0.725607 -0.064816
v 0.120260 -0.725336 -0.075251
v 0.100261 -0.757546 -0.087050
v 0.099831 -0.726610 -0.078684
v 0.122568 -0.755823 -0.083352
v 0.053726 -0.539501 0.089610
v 0.050345 -0.565599 0.079302
v 0.075834 -0.569412 0.090273
v 0.080716 -0.542836 0.099172
v 0.107041 -0.050462 -0.048451
v 0.120817 -0.053561 -0.032611
v 0.139107 0.052770 0.093242
v 0.129910 0.045184 0.102490
v 0.128182 0.033510 0.087757
v 0.139198 0.040876 0.075810
v 0.147050 0.051692 0.067397
v 0.145712 0.063091 0.085133
v 0.151836 0.064272 0.059950
v 0.150144 0.075564 0.077003
v 0.165306 0.127992 0.028733
v 0.173399 0.139253 0.023371
v 0.026280 0.024956 0.128166
v 0.026428 0.007584 0.135786
v 0.048854 0.007210 0.131430
v 0.057364 -0.158883 0.156813
v 0.073190 -0.242744 0.133612
v 0.049834 -0.246633 0.141838
v 0.042565 -0.271715 0.135593
v 0.008824 -0.322870 0.102086
v 0.001770 -0.331433 0.084783
v 0.001247 -0.340973 0.061998
v 0.001099 -0.343933 0.046299
v 0.055945 0.000773 -0.085598
v 0.056777 0.022162 -0.091199
v 0.016669 0.186158 -0.097305
v 0.035024 0.189796 -0.100504
v 0.033559 0.215085 -0.094177
v 0.016473 0.211050 -0.092547
v 0.015982 0.222229 -0.090007
v 0.032187 0.226230 -0.090876
v 0.015219 0.276823 -0.069073
v 0.016424 0.266679 -0.074854
v -0.000853 -0.349718 0.029058
v -0.001380 -0.352508 0.020214
v -0.000584 -0.357840 0.042538
v 0.017582 -0.396755 0.095639
v 0.020689 -0.379312 0.101707
v 0.005912 -0.380991 0.078785
v 0.004338 -0.395186 0.071991
v 0.195111 -0.338638 0.020649
v 0.185825 -0.343604 0.060382
v 0.090897 -0.372767 -0.071432
v 0.336474 0.167541 -0.048716
v 0.312363 0.163555 -0.047928
v 0.313956 0.171198 -0.059336
v 0.337875 0.175627 -0.059335
v 0.060809 0.095088 -0.109953
v 0.067416 0.069262 -0.102916
v 0.078525 0.265926 0.002746
v 0.131273 0.271940 -0.004624
v 0.120741 0.271096 -0.008074
v 0.121811 0.259852 0.015283
v 0.130923 0.261163 0.018697
v 0.136918 0.230498 -0.075815
v 0.125662 0.227652 -0.082484
v 0.124813 0.244125 -0.071929
v 0.135318 0.245776 -0.065817
v 0.064128 -0.242453 -0.116563
v 0.033366 -0.241987 -0.115854
v 0.039138 -0.058802 -0.071561
v 0.037412 -0.038633 -0.077036
v 0.056430 -0.041817 -0.075405
v 0.058908 -0.061661 -0.070381
v 0.090142 0.082536 -0.101429
v 0.103266 0.067509 -0.091586
v 0.035320 0.091814 0.140028
v 0.051383 0.097415 0.141715
v 0.049935 0.114251 0.133125
v 0.033180 0.110284 0.132743
v 0.281114 0.193141 -0.071460
v 0.288813 0.178438 -0.066987
v 0.265700 0.172370 -0.063958
v 0.259872 0.181000 -0.068818
v 0.160885 -0.350661 -0.057602
v 0.186671 -0.332958 -0.025813
v 0.131981 -0.023115 -0.022828
v 0.130527 -0.040254 -0.017630
v 0.118773 -0.036689 -0.037659
v 0.120802 -0.019984 -0.043595
v 0.138381 0.023777 -0.026045
v 0.133783 0.009414 -0.025787
v 0.144844 0.037865 -0.027550
v 0.201675 0.144753 -0.038670
v 0.192394 0.133471 -0.035839
v 0.191039 0.135909 -0.044159
v 0.040351 -0.396008 0.114629
v 0.049812 -0.314867 0.118873
v 0.042908 -0.300154 0.120380
v 0.000469 -0.344355 0.032737
v 0.000851 -0.343573 0.033518
v 0.053449 0.282033 0.016747
v 0.058393 0.285183 0.001953
v 0.247141 0.158337 -0.027459
v 0.229119 0.157790 -0.023536
v 0.173579 0.110296 -0.019917
v 0.182983 0.120634 -0.022112
v 0.180849 0.124353 -0.008108
v 0.172199 0.113538 -0.004504
v 0.173207 0.109851 -0.032859
v 0.182970 0.119596 -0.033954
v 0.132171 0.179015 0.064264
v 0.132848 0.196615 0.055620
v 0.122468 0.199223 0.057553
v 0.122015 0.181651 0.067783
v 0.111063 0.181109 0.071519
v 0.111781 0.199533 0.059788
v 0.098989 0.198101 0.062957
v 0.097905 0.180368 0.075865
v 0.075230 0.248525 0.025990
v 0.060487 0.240323 0.040302
v 0.044064 0.234179 0.049641
v 0.029035 0.230251 0.056017
v 0.016708 0.255443 -0.079804
v 0.036974 0.259068 -0.078488
v 0.032667 0.247058 -0.083984
v 0.015822 0.243837 -0.083790
v 0.000909 0.242252 -0.083179
v 0.000535 0.253178 -0.079562
v 0.047307 0.268828 0.027044
v 0.035003 0.264641 0.037413
v 0.024716 0.250307 0.044923
v 0.327338 0.246112 -0.005119
v 0.302670 0.246962 -0.004707
v 0.057019 0.294217 -0.029797
v 0.059685 0.290220 -0.013644
v 0.328433 0.250497 -0.021521
v 0.303631 0.251451 -0.021546
v 0.113703 0.238673 0.032966
v 0.123262 0.240578 0.032415
v 0.112332 0.258064 0.014086
v 0.044568 0.279071 0.029514
v 0.033408 0.275397 0.039908
v 0.193617 -0.301829 0.029150
v 0.183452 -0.306318 0.064085
v 0.140554 -0.063151 0.035186
v 0.135992 -0.066296 0.058760
v 0.001649 -0.032469 0.147289
v 0.000305 -0.052234 0.151748
v 0.021246 -0.052337 0.151012
v 0.023407 -0.032011 0.146518
v 0.003411 0.023788 0.128855
v 0.003089 0.005998 0.136043
v 0.011188 0.280030 0.050773
v 0.038858 -0.096049 0.153253
v 0.040039 -0.073109 0.150218
v 0.019512 -0.074403 0.154099
v 0.017887 -0.100347 0.156626
v 0.008650 -0.125376 0.162809
v 0.007041 -0.137068 0.164605
v 0.021373 -0.288725 0.134526
v 0.010826 -0.288052 0.136840
v 0.239274 0.224507 0.025326
v 0.238569 0.242328 0.017749
v 0.222150 0.243145 0.022256
v 0.223579 0.224295 0.029034
v 0.076363 -0.092806 0.133454
v 0.057704 -0.093791 0.145738
v 0.156616 0.125523 0.048626
v 0.159442 0.116534 0.033586
v 0.025911 0.043167 0.130658
v 0.066831 0.102607 0.141252
v 0.065745 0.117496 0.132066
v 0.081657 0.105990 0.138387
v 0.080910 0.119937 0.128989
v 0.000404 -0.339026 0.018388
v -0.000307 -0.347421 0.026496
v 0.222398 0.229485 -0.065295
v 0.224782 0.220790 -0.068304
v 0.213217 0.216408 -0.068489
v 0.210912 0.226496 -0.065964
v 0.000648 -0.405831 0.033554
v 0.000125 -0.389855 0.043785
v 0.017626 -0.349405 -0.043881
v 0.004085 -0.345854 -0.029909
v 0.000273 -0.342255 -0.031517
v 0.000854 -0.334461 -0.045232
v 0.062208 -0.451885 0.116233
v 0.066388 -0.422130 0.123338
v 0.059324 -0.481631 0.107948
v 0.056262 -0.511334 0.099114
v 0.054976 -0.692521 0.026795
v 0.065331 -0.719754 0.026479
v 0.073803 -0.808211 0.011294
v 0.075506 -0.841354 0.006243
v 0.077502 -0.876778 0.001258
v 0.082783 -0.947537 -0.006136
v 0.079889 -0.913336 -0.003084
v 0.330279 0.247919 -0.037511
v 0.333126 0.240626 -0.050954
v 0.307146 0.240070 -0.053282
v 0.303649 0.248478 -0.039140
v 0.286413 0.161951 -0.020043
v 0.308516 0.162879 -0.021436
v 0.306710 0.169271 -0.007723
v 0.283780 0.169167 -0.006240
v 0.331652 0.163842 -0.022939
v 0.310269 0.160567 -0.035116
v 0.334010 0.163447 -0.036455
v 0.337881 0.187563 -0.067075
v 0.313968 0.183066 -0.067467
v 0.311184 0.198236 -0.071155
v 0.336836 0.202112 -0.069973
v 0.335088 0.229520 -0.061098
v 0.336457 0.216307 -0.067744
v 0.311079 0.214239 -0.069234
v 0.310255 0.228510 -0.062892
v 0.327925 0.190245 0.011890
v 0.303331 0.190969 0.013397
v 0.304818 0.178983 0.004374
v 0.328924 0.177949 0.003306
v 0.238335 0.255985 0.003468
v 0.221507 0.258445 0.007846
v 0.180178 0.160529 0.030080
v 0.191607 0.169489 0.021723
v 0.193758 0.181698 0.033902
v 0.180481 0.175357 0.040092
v 0.277036 0.237506 0.011491
v 0.279063 0.249452 -0.003127
v 0.256999 0.252768 -0.000159
v 0.256355 0.239984 0.014691
v 0.279243 0.191013 0.015678
v 0.256328 0.190516 0.018946
v 0.257967 0.179183 0.008603
v 0.281077 0.179382 0.006208
v 0.267036 0.162315 -0.054244
v 0.290040 0.166759 -0.057837
v 0.223809 0.204883 0.030098
v 0.239181 0.205827 0.026870
v 0.154149 0.114409 0.053858
v 0.166398 0.104287 -0.001186
v 0.162048 0.094346 0.001808
v 0.131506 0.059605 0.112830
v 0.132435 0.074861 0.116462
v 0.156531 0.071704 0.031649
v 0.153726 0.056168 0.038139
v 0.136885 0.075637 0.109775
v 0.138174 0.065576 0.104854
v 0.086237 0.003257 0.112248
v 0.026421 0.240258 0.048753
v 0.256096 0.205538 0.023505
v 0.256412 0.223116 0.022158
v 0.242806 0.173705 -0.065138
v 0.245325 0.165692 -0.058865
v 0.227874 0.160649 -0.053580
v 0.226916 0.167902 -0.060616
v 0.123429 0.107591 -0.091214
v 0.130433 0.096392 -0.082590
v 0.117543 0.082364 -0.087731
v 0.108102 0.094737 -0.097605
v 0.223257 0.245188 -0.055771
v 0.210384 0.245470 -0.055554
v 0.212415 0.254227 -0.045491
v 0.227142 0.252745 -0.046740
v 0.215624 0.261481 -0.031260
v 0.219718 0.264830 -0.012358
v 0.236735 0.261935 -0.015441
v 0.232174 0.259196 -0.033510
v 0.188444 -0.266760 0.006650
v 0.181331 -0.265221 -0.023210
v 0.115845 -0.144393 0.114138
v 0.132747 -0.138961 0.095260
v 0.101079 -0.232273 0.123450
v 0.008789 -0.359117 0.081312
v 0.026560 -0.349618 0.104891
v 0.002564 -0.428775 0.023239
v 0.187502 -0.269060 0.035765
v 0.013102 -0.487577 0.005502
v 0.007307 -0.457587 0.013895
v 0.063641 -0.484385 -0.053491
v 0.058423 -0.453115 -0.053388
v 0.089227 -0.457172 -0.058080
v 0.091070 -0.486276 -0.057615
v 0.118556 -0.461042 -0.052574
v 0.118287 -0.489026 -0.051997
v 0.105371 -0.571531 0.087550
v 0.100698 -0.791509 -0.091224
v 0.122386 -0.826457 -0.085809
v 0.101479 -0.827037 -0.090530
v 0.123013 -0.789633 -0.086914
v 0.140848 -0.756391 -0.070627
v 0.141389 -0.789843 -0.073471
v 0.143327 -0.834827 -0.001897
v 0.102579 -0.863273 -0.086322
v 0.121352 -0.864196 -0.081691
v 0.140097 -0.826282 -0.072879
v 0.136663 -0.864109 -0.070358
v 0.000442 -0.378404 0.052792
v 0.000961 -0.332897 -0.061308
v 0.162966 -0.315448 0.098162
v 0.164443 -0.347173 0.095018
v 0.077586 -0.316495 0.126457
v 0.105773 -0.301839 0.124858
v 0.111498 -0.072612 0.097136
v 0.094689 -0.073635 0.112220
v 0.113070 -0.034191 0.087123
v 0.112401 -0.053919 0.091698
v 0.125883 -0.051161 0.074101
v 0.126041 -0.032238 0.069419
v 0.139966 -0.027765 0.025046
v 0.139459 -0.045816 0.029881
v 0.138125 -0.043245 0.005439
v 0.138656 -0.025456 0.000363
v 0.132721 -0.057186 -0.012360
v 0.139738 -0.060415 0.010858
v 0.073864 -0.024884 -0.074485
v 0.074200 -0.004332 -0.079777
v 0.091027 -0.009756 -0.071616
v 0.090393 -0.028904 -0.065506
v 0.032289 -0.291734 0.128085
v 0.002179 -0.360567 0.061006
v 0.070083 -0.393397 0.127916
v 0.105855 -0.359546 0.132031
v 0.137485 -0.354483 0.120644
v 0.226242 0.163084 -0.012270
v 0.156408 0.124864 -0.066861
v 0.154638 0.136352 -0.071747
v 0.255579 0.258018 -0.018650
v 0.250712 0.255319 -0.036442
v 0.237370 0.190021 0.022491
v 0.208196 0.243643 0.026379
v 0.194929 0.223355 0.037770
v 0.209280 0.223326 0.033301
v 0.128281 -0.241593 0.107437
v 0.131432 -0.264532 0.109655
v 0.155789 -0.255364 0.093000
v 0.000686 -0.346534 -0.013501
v 0.000421 -0.340889 -0.021060
v 0.051303 -0.333671 0.120657
v 0.021558 -0.544253 -0.009875
v 0.017948 -0.516790 -0.002006
v 0.024264 -0.570467 -0.017785
v 0.027070 -0.596302 -0.025760
v 0.030208 -0.622774 -0.033415
v 0.036109 -0.649506 -0.039165
v 0.044388 -0.677419 -0.039003
v 0.048663 -0.706444 -0.043543
v 0.040823 -0.770134 -0.041829
v 0.047838 -0.736097 -0.052748
v 0.047262 -0.767324 -0.059376
v 0.048254 -0.799665 -0.063449
v 0.056541 -0.867456 -0.062966
v 0.050858 -0.832797 -0.064665
v 0.062366 -0.902745 -0.060815
v 0.066002 -0.938123 -0.058913
v -0.000516 -0.343527 0.012609
v -0.000349 -0.345679 0.000683
v 0.102822 0.236796 0.033532
v 0.168985 0.120270 0.012217
v 0.177012 0.130412 0.007548
v 0.221349 0.188901 0.025611
v 0.001340 -0.327530 -0.077549
v 0.000918 -0.319052 -0.091724
v 0.286871 0.225543 -0.065402
v 0.282421 0.238426 -0.056895
v 0.236701 0.179149 0.010955
v 0.181757 0.151087 0.016215
v 0.191256 0.161562 0.009003
v 0.525751 0.245909 -0.019150
v 0.545166 0.242259 -0.019139
v 0.545004 0.247016 -0.029892
v 0.525055 0.250037 -0.030969
v 0.525333 0.236934 -0.010116
v 0.544421 0.233200 -0.011231
v 0.521613 0.179929 -0.028575
v 0.541590 0.181474 -0.032862
v 0.540927 0.188857 -0.021733
v 0.521012 0.188267 -0.017600
v 0.561825 0.218789 -0.009420
v 0.543136 0.221838 -0.007359
v 0.541552 0.209544 -0.008342
v 0.560606 0.207735 -0.011384
v 0.522072 0.180393 -0.056570
v 0.502619 0.176611 -0.052704
v 0.501934 0.185119 -0.063546
v 0.521429 0.189372 -0.066117
v 0.440331 0.182080 -0.006417
v 0.424102 0.184310 -0.000977
v 0.426625 0.173415 -0.010216
v 0.442793 0.171987 -0.016569
v 0.485481 0.253412 -0.019229
v 0.505768 0.249535 -0.018980
v 0.504475 0.252415 -0.031898
v 0.483442 0.254287 -0.033052
v 0.481797 0.216736 -0.000500
v 0.459952 0.220031 0.000168
v 0.458550 0.204740 -0.001308
v 0.479999 0.201683 -0.003330
v 0.462299 0.254882 -0.034827
v 0.464438 0.256525 -0.020788
v 0.522344 0.211631 -0.005218
v 0.502492 0.213935 -0.002426
v 0.500785 0.200122 -0.006073
v 0.521048 0.199087 -0.009775
v 0.560717 0.187934 -0.059877
v 0.541531 0.184231 -0.058923
v 0.540859 0.193393 -0.067134
v 0.560229 0.197115 -0.066940
v 0.560147 0.198141 -0.017291
v 0.540720 0.198520 -0.013646
v 0.560407 0.189751 -0.025649
v 0.563240 0.240360 -0.052064
v 0.542685 0.241150 -0.054983
v 0.543856 0.246046 -0.042291
v 0.563945 0.244078 -0.040165
v 0.480754 0.178962 -0.018754
v 0.501303 0.179031 -0.023801
v 0.500591 0.187998 -0.013349
v 0.479823 0.188723 -0.009452
v 0.485403 0.244916 -0.007843
v 0.505615 0.240635 -0.008948
v 0.521939 0.241315 -0.057614
v 0.501002 0.240427 -0.059558
v 0.502466 0.248920 -0.046050
v 0.523350 0.247803 -0.044294
v 0.479884 0.223904 -0.068612
v 0.500209 0.227286 -0.068251
v 0.500072 0.212051 -0.071007
v 0.479931 0.207728 -0.069767
v 0.461875 0.171801 -0.024746
v 0.459973 0.179907 -0.012711
v 0.482833 0.173340 -0.047329
v 0.463242 0.169972 -0.040497
v 0.462766 0.176470 -0.054247
v 0.482237 0.180952 -0.059599
v 0.424293 0.240135 -0.002796
v 0.440832 0.238835 -0.001766
v 0.442537 0.251286 -0.010126
v 0.425048 0.251641 -0.012646
v 0.442744 0.257165 -0.023351
v 0.424616 0.255938 -0.026790
v 0.398384 0.246650 -0.044826
v 0.409759 0.248334 -0.043520
v 0.408217 0.236848 -0.051726
v 0.397415 0.235877 -0.053101
v 0.441599 0.212774 -0.068710
v 0.460184 0.219098 -0.068885
v 0.460402 0.202036 -0.067861
v 0.441430 0.195731 -0.065551
v 0.426830 0.177013 -0.054275
v 0.442564 0.181758 -0.059129
v 0.444557 0.171646 -0.048374
v 0.429503 0.168291 -0.042023
v 0.374808 0.169007 -0.039675
v 0.389826 0.170178 -0.040829
v 0.389196 0.166276 -0.027490
v 0.373879 0.166328 -0.026620
v 0.385632 0.176367 -0.000609
v 0.385055 0.188097 0.007760
v 0.369924 0.188772 0.008937
v 0.370565 0.176830 0.000327
v 0.374162 0.245034 -0.006045
v 0.387671 0.244218 -0.005007
v 0.387420 0.251801 -0.019788
v 0.374006 0.251148 -0.021926
v 0.426483 0.206891 -0.068116
v 0.423692 0.189482 -0.062722
v 0.399171 0.175380 -0.002540
v 0.412348 0.174410 -0.005608
v 0.410543 0.185485 0.003263
v 0.398003 0.186908 0.005893
v 0.396560 0.215255 0.007774
v 0.408940 0.212948 0.005425
v 0.409525 0.227381 0.002740
v 0.398370 0.229373 0.004119
v 0.398774 0.242826 -0.004041
v 0.410543 0.241547 -0.003277
v 0.410830 0.251759 -0.014999
v 0.398831 0.251836 -0.017143
v 0.416723 0.204872 -0.066795
v 0.408352 0.201773 -0.065963
v 0.406666 0.213935 -0.063812
v 0.415148 0.217647 -0.063983
v 0.416238 0.166675 -0.035398
v 0.414663 0.174043 -0.047935
v 0.422508 0.210754 0.002758
v 0.409484 0.198928 0.007091
v 0.423034 0.197054 0.003369
v 0.410482 0.254510 -0.029575
v 0.375941 0.174425 -0.050442
v 0.359590 0.171582 -0.049639
v 0.360262 0.179330 -0.059311
v 0.376311 0.181977 -0.059533
v 0.358137 0.166964 -0.038138
v 0.356224 0.165843 -0.025170
v 0.351505 0.189592 0.010315
v 0.352334 0.177324 0.001775
v 0.351173 0.204155 0.014451
v 0.369937 0.203490 0.012626
v 0.369888 0.218573 0.011316
v 0.350596 0.219225 0.013697
v 0.351843 0.245395 -0.005571
v 0.353063 0.250264 -0.021677
v 0.374303 0.249254 -0.036201
v 0.355063 0.247982 -0.037052
v 0.387481 0.168572 -0.013033
v 0.401146 0.167793 -0.015181
v 0.520829 0.229581 -0.067013
v 0.541587 0.231178 -0.064697
v 0.540637 0.218221 -0.069639
v 0.520299 0.215602 -0.070998
v 0.540360 0.205263 -0.070550
v 0.560109 0.208428 -0.069194
v 0.504370 0.228170 -0.003095
v 0.524139 0.225036 -0.005177
v 0.563111 0.229819 -0.011898
v 0.423160 0.225193 0.001201
v 0.438966 0.223230 0.000458
v 0.396853 0.223721 -0.058783
v 0.386847 0.222124 -0.060838
v 0.386658 0.234254 -0.054658
v 0.425461 0.223456 -0.063362
v 0.421401 0.236866 -0.051865
v 0.440730 0.243532 -0.049840
v 0.440971 0.230453 -0.062405
v 0.399168 0.198641 -0.065356
v 0.388879 0.195837 -0.065578
v 0.387885 0.209275 -0.065425
v 0.397905 0.211556 -0.064268
v 0.372063 0.233042 0.005764
v 0.386608 0.231343 0.004929
v 0.358267 0.230613 -0.059010
v 0.357724 0.240836 -0.049686
v 0.374763 0.242687 -0.047621
v 0.374525 0.232524 -0.056354
v 0.387170 0.244717 -0.046179
v 0.358718 0.218182 -0.065546
v 0.374861 0.220344 -0.062869
v 0.350810 0.233958 0.007189
v 0.376013 0.193467 -0.065614
v 0.359907 0.190967 -0.066148
v 0.359415 0.204714 -0.068097
v 0.375521 0.207125 -0.066524
v 0.520501 0.201709 -0.070721
v 0.500697 0.197694 -0.069498
v 0.429290 0.166527 -0.025195
v 0.444805 0.167261 -0.032529
v 0.414947 0.167074 -0.019243
v 0.522269 0.176770 -0.043015
v 0.541900 0.179677 -0.046622
v 0.482077 0.172684 -0.032028
v 0.502232 0.174475 -0.037966
v 0.480238 0.238658 -0.060610
v 0.401733 0.178971 -0.052974
v 0.412026 0.182353 -0.056835
v 0.402782 0.171764 -0.043381
v 0.353681 0.169331 -0.010618
v 0.372216 0.169180 -0.012276
v 0.415642 0.194404 -0.064871
v 0.330021 0.169037 -0.009058
v 0.423244 0.250586 -0.041466
v 0.387387 0.251460 -0.034148
v 0.398881 0.252989 -0.031916
v 0.564381 0.244181 -0.028425
v 0.483818 0.231629 -0.001394
v 0.438047 0.207891 0.000408
v 0.438749 0.194219 -0.001002
v 0.390073 0.176365 -0.051227
v 0.389783 0.183995 -0.059960
v 0.400271 0.186916 -0.060954
v 0.384655 0.202519 0.011167
v 0.383987 0.217372 0.009649
v 0.561023 0.183033 -0.049031
v 0.397237 0.200913 0.009471
v 0.441304 0.253333 -0.037760
v 0.016516 0.198989 -0.094878
v 0.000177 0.185238 -0.095181
v 0.000442 0.197553 -0.092828
v 0.148857 0.042367 0.044589
v 0.112682 0.019098 0.086849
v 0.125998 0.021685 0.072199
v 0.163147 0.110216 0.016410
v 0.159306 0.098821 0.020885
v 0.195187 0.154298 -0.003802
v 0.185968 0.142993 0.001504
v 0.154591 0.078122 0.052224
v 0.073850 0.430073 -0.009271
v 0.071967 0.423472 -0.011647
v 0.076486 0.442793 -0.009803
v 0.007504 -0.112851 0.158977
v -0.005584 -0.138353 0.163368
v -0.005703 -0.150085 0.164934
v 0.073885 0.415120 0.003663
v 0.071905 0.408938 0.000062
v 0.075855 0.411853 0.002484
v 0.073838 0.417018 0.005760
v 0.073518 0.416082 0.005415
v 0.077145 0.445259 0.000555
v 0.069768 0.415735 -0.012157
v 0.067578 0.406762 -0.010608
v 0.074864 0.431881 0.005832
v 0.048531 -0.122488 -0.073611
v 0.053746 -0.140231 -0.080045
v 0.027822 -0.140069 -0.081996
v 0.024580 -0.122841 -0.074474
v 0.000261 -0.155049 -0.089505
v -0.000585 -0.138186 -0.082398
v 0.031587 -0.159313 -0.089595
v 0.151619 -0.191598 -0.058818
v 0.147722 -0.169565 -0.055523
v 0.163350 -0.167172 -0.032018
v 0.167558 -0.188303 -0.034323
v 0.166904 -0.150662 -0.004957
v 0.173048 -0.167188 -0.004876
v 0.156407 -0.149460 -0.029951
v 0.170433 -0.153953 0.023281
v 0.175858 -0.171089 0.023672
v 0.166665 -0.159681 0.050553
v 0.171776 -0.178376 0.050769
v 0.161517 -0.186371 0.074822
v 0.145370 -0.194050 0.096197
v 0.126592 -0.221096 0.110642
v 0.124696 -0.202362 0.114136
v 0.101732 -0.210321 0.128195
v 0.077232 -0.217571 0.140281
v 0.054149 -0.222978 0.149287
v 0.033503 -0.226385 0.155374
v 0.014795 -0.228002 0.158660
v -0.001826 -0.228829 0.158552
v -0.000655 -0.251602 0.152176
v 0.100238 0.217063 0.049490
v 0.081650 0.273182 -0.056572
v 0.097337 0.276133 -0.035087
v 0.090118 0.270256 -0.056311
v 0.111105 0.222353 -0.090523
v 0.093183 0.213973 -0.097750
v 0.093669 0.229735 -0.090598
v 0.111240 0.240263 -0.080713
v 0.072523 0.263581 -0.070040
v 0.067468 0.266267 -0.069200
v 0.078603 0.259630 -0.072214
v 0.064650 0.249522 -0.081978
v 0.048289 0.241926 -0.086265
v 0.132099 0.270661 -0.029724
v 0.143779 0.270330 -0.024800
v 0.142855 0.260112 -0.045759
v 0.133504 0.260374 -0.051013
v 0.138028 0.215122 -0.082315
v 0.147483 0.218086 -0.076818
v 0.148737 0.203536 -0.080501
v 0.138344 0.199619 -0.086295
v 0.179959 0.268817 -0.010695
v 0.192466 0.268147 -0.009854
v 0.188708 0.263944 -0.030016
v 0.176719 0.262947 -0.031470
v 0.145789 0.232719 -0.069890
v 0.082382 0.102133 -0.108298
v 0.101081 0.110183 -0.104024
v 0.117315 0.119525 -0.098125
v 0.153089 0.148316 -0.075376
v 0.145150 0.127126 -0.077416
v 0.142962 0.140121 -0.081389
v 0.164190 0.156072 -0.071715
v 0.173376 0.161191 -0.068372
v 0.179920 0.224180 0.041327
v 0.180211 0.198134 0.045571
v 0.194715 0.200474 0.039310
v 0.195431 0.170174 -0.062518
v 0.196750 0.164955 -0.060394
v 0.186161 0.156789 -0.059750
v 0.184574 0.162855 -0.062174
v 0.121396 0.271357 -0.033963
v 0.186922 0.253456 -0.045321
v 0.185046 0.243350 -0.056015
v 0.173743 0.240146 -0.056887
v 0.174918 0.251389 -0.046489
v 0.185745 0.231105 -0.062933
v 0.187245 0.218803 -0.067235
v 0.176449 0.215029 -0.068638
v 0.174969 0.227283 -0.064368
v 0.194541 0.176902 -0.064645
v 0.182423 0.169945 -0.064948
v 0.207561 0.260403 0.010568
v 0.155552 0.270671 0.006004
v 0.143146 0.271857 0.000606
v 0.141547 0.260249 0.024113
v 0.152979 0.256582 0.028151
v 0.208934 0.160700 -0.009074
v 0.212457 0.155944 -0.020498
v 0.214430 0.152056 -0.031818
v 0.188796 0.141627 -0.051848
v 0.215168 0.151817 -0.041541
v 0.206507 0.185742 0.028901
v 0.209156 0.202761 0.033844
v 0.140680 0.237621 0.038367
v 0.151967 0.233120 0.040919
v 0.205260 0.266668 -0.010602
v 0.201284 0.262983 -0.030409
v 0.221810 0.177680 -0.066426
v 0.210238 0.171059 -0.062662
v 0.208240 0.175812 -0.064876
v 0.177277 0.133829 -0.056407
v 0.186657 0.149896 -0.056821
v 0.155744 0.270069 -0.019455
v 0.197418 0.244009 -0.056149
v 0.198701 0.254242 -0.045504
v 0.165437 0.223842 -0.067232
v 0.156419 0.220734 -0.071750
v 0.154226 0.234452 -0.064894
v 0.163432 0.236692 -0.060071
v 0.200792 0.210824 -0.068903
v 0.198584 0.222660 -0.066724
v 0.158159 0.206915 -0.075348
v 0.167042 0.210634 -0.071270
v 0.206966 0.182253 -0.066791
v 0.131808 0.240791 0.034859
v 0.123518 0.219459 0.046590
v 0.132883 0.218651 0.046384
v 0.141767 0.213904 0.047478
v 0.152848 0.207476 0.049089
v 0.166280 0.200473 0.049116
v 0.113207 0.218340 0.047750
v 0.409078 0.190631 -0.062805
v 0.224969 0.173953 -0.064722
v 0.233092 0.184005 -0.069147
v 0.238018 0.179747 -0.067994
v 0.286356 0.210866 -0.070525
v 0.002502 0.357254 0.116033
v 0.002961 0.351938 0.113186
v 0.000980 0.380283 0.116985
v 0.001154 0.376812 0.117705
v 0.406371 0.225300 -0.057423
v 0.414000 0.226840 -0.057333
v 0.460039 0.235563 -0.061569
v 0.460767 0.247352 -0.048739
v 0.481459 0.248833 -0.047525
v 0.464029 0.249207 -0.008311
v 0.462138 0.235756 -0.000942
v 0.458756 0.191011 -0.005392
v 0.461320 0.187723 -0.063286
v 0.601387 0.233198 -0.015552
v 0.620239 0.229895 -0.014132
v 0.621520 0.237243 -0.021771
v 0.602340 0.239509 -0.024457
v 0.638543 0.226893 -0.012115
v 0.618953 0.220404 -0.011094
v 0.636816 0.217190 -0.011055
v 0.617532 0.211006 -0.012969
v 0.635051 0.208734 -0.014097
v 0.633778 0.201626 -0.020067
v 0.616524 0.202876 -0.018186
v 0.616638 0.197214 -0.025529
v 0.633845 0.196988 -0.027749
v 0.598427 0.192154 -0.031778
v 0.598875 0.188688 -0.041685
v 0.617470 0.191725 -0.043341
v 0.617147 0.193410 -0.034220
v 0.635348 0.201923 -0.058997
v 0.617668 0.198473 -0.060031
v 0.617923 0.207086 -0.063737
v 0.635816 0.209604 -0.062286
v 0.600751 0.224651 -0.061789
v 0.620031 0.227184 -0.059856
v 0.618889 0.217184 -0.063360
v 0.599340 0.214056 -0.065290
v 0.637742 0.229420 -0.059050
v 0.621158 0.234904 -0.053094
v 0.638611 0.236456 -0.051313
v 0.581684 0.226772 -0.011730
v 0.582754 0.236116 -0.017341
v 0.564083 0.238991 -0.018488
v 0.598264 0.204308 -0.015977
v 0.599041 0.213354 -0.011666
v 0.580429 0.216116 -0.010671
v 0.579575 0.206074 -0.013876
v 0.560867 0.183796 -0.036507
v 0.579965 0.186272 -0.039412
v 0.579393 0.191042 -0.029004
v 0.598101 0.197345 -0.022876
v 0.579192 0.197815 -0.020294
v 0.598978 0.189297 -0.052040
v 0.617527 0.193085 -0.052602
v 0.602880 0.241111 -0.035109
v 0.622024 0.239980 -0.032336
v 0.621992 0.238545 -0.043053
v 0.602807 0.239095 -0.045784
v 0.580034 0.186211 -0.050659
v 0.583581 0.242536 -0.037672
v 0.583295 0.239691 -0.048912
v 0.601935 0.233834 -0.055540
v 0.582315 0.232835 -0.058515
v 0.639910 0.239192 -0.029694
v 0.639771 0.235310 -0.019049
v 0.583405 0.241919 -0.026630
v 0.598900 0.194774 -0.060659
v 0.579845 0.191489 -0.060339
v 0.579674 0.200585 -0.066344
v 0.598819 0.203810 -0.065302
v 0.560852 0.220442 -0.067047
v 0.580916 0.222364 -0.064534
v 0.579828 0.211256 -0.067264
v 0.636672 0.219488 -0.062372
v 0.562141 0.231974 -0.061666
v 0.714868 0.193867 -0.024744
v 0.719457 0.192235 -0.015856
v 0.710611 0.188958 -0.014303
v 0.705658 0.191272 -0.023801
v 0.690569 0.182003 -0.008133
v 0.698846 0.182437 0.001122
v 0.692579 0.186146 0.006757
v 0.682841 0.185852 -0.001371
v 0.722999 0.193594 -0.007579
v 0.714700 0.189111 -0.006169
v 0.722012 0.198289 -0.001788
v 0.730692 0.198026 -0.008113
v 0.730235 0.204789 -0.004785
v 0.737816 0.208143 -0.006704
v 0.736336 0.216234 -0.010273
v 0.725066 0.215032 -0.006683
v 0.719031 0.225560 -0.028966
v 0.732653 0.223230 -0.029210
v 0.730093 0.223815 -0.039268
v 0.716300 0.225909 -0.038611
v 0.721167 0.218941 -0.055987
v 0.708602 0.221744 -0.053955
v 0.712773 0.223887 -0.046194
v 0.726587 0.221074 -0.047448
v 0.708887 0.197198 -0.038198
v 0.710814 0.196348 -0.032852
v 0.701586 0.194710 -0.032786
v 0.699282 0.195918 -0.038601
v 0.719260 0.201331 0.007758
v 0.720542 0.197896 0.006201
v 0.721071 0.205188 -0.000401
v 0.715805 0.208970 0.001246
v 0.674912 0.189642 -0.048635
v 0.674438 0.189888 -0.041779
v 0.664342 0.192034 -0.039379
v 0.663978 0.192042 -0.047231
v 0.668577 0.188862 -0.015489
v 0.665262 0.199655 -0.007999
v 0.658851 0.201360 -0.012497
v 0.663756 0.192442 -0.021896
v 0.674681 0.186632 -0.009036
v 0.680575 0.195883 0.002497
v 0.671694 0.197485 -0.003183
v 0.690961 0.194272 0.009740
v 0.662802 0.194775 -0.056842
v 0.670312 0.192698 -0.059981
v 0.785525 0.202658 -0.010766
v 0.780018 0.202646 -0.010609
v 0.780657 0.201191 -0.015184
v 0.786238 0.201394 -0.015381
v 0.669074 0.210331 -0.067072
v 0.662878 0.209562 -0.065512
v 0.664277 0.218660 -0.064123
v 0.670812 0.219047 -0.063977
v 0.677139 0.210554 -0.069253
v 0.679574 0.219246 -0.064416
v 0.787781 0.214797 -0.010213
v 0.781924 0.215468 -0.010829
v 0.781042 0.211351 -0.008480
v 0.786757 0.210640 -0.008152
v 0.723955 0.195128 -0.024057
v 0.728101 0.194163 -0.015578
v 0.745629 0.195827 -0.017643
v 0.744404 0.197761 -0.012023
v 0.736444 0.195759 -0.013726
v 0.734571 0.195392 -0.022676
v 0.727038 0.197389 -0.041036
v 0.731345 0.196777 -0.034419
v 0.721104 0.197400 -0.034728
v 0.717123 0.197935 -0.041329
v 0.713545 0.195399 -0.051650
v 0.713087 0.193351 -0.057077
v 0.721363 0.193457 -0.058031
v 0.723100 0.195518 -0.052027
v 0.742643 0.196883 -0.047516
v 0.741191 0.196437 -0.052626
v 0.749597 0.199270 -0.053176
v 0.751460 0.199244 -0.048274
v 0.656862 0.209960 -0.064505
v 0.657765 0.219171 -0.063934
v 0.711932 0.212330 -0.071619
v 0.720256 0.210575 -0.074959
v 0.716050 0.203598 -0.080256
v 0.707411 0.205623 -0.076949
v 0.673822 0.225760 -0.057545
v 0.666797 0.226520 -0.058037
v 0.788893 0.216867 -0.014862
v 0.783028 0.217798 -0.015391
v 0.693539 0.203795 0.008794
v 0.682558 0.206778 0.001344
v 0.673340 0.209085 -0.004555
v 0.666498 0.211009 -0.007910
v 0.659963 0.212861 -0.009293
v 0.739383 0.195791 -0.027030
v 0.718354 0.196670 -0.031119
v 0.707158 0.197136 -0.041933
v 0.701311 0.190161 -0.067363
v 0.704072 0.191013 -0.060839
v 0.697365 0.190378 -0.058394
v 0.693624 0.190321 -0.067135
v 0.706081 0.197426 -0.077560
v 0.714749 0.196052 -0.079654
v 0.716007 0.191475 -0.075356
v 0.707881 0.192074 -0.073679
v 0.717492 0.204359 0.011141
v 0.710223 0.209997 0.004666
v 0.668749 0.200704 -0.066243
v 0.662215 0.201208 -0.063304
v 0.656259 0.202442 -0.060660
v 0.686561 0.192462 -0.040639
v 0.688118 0.192161 -0.037053
v 0.675390 0.188188 -0.032325
v 0.674355 0.189605 -0.037519
v 0.695309 0.186217 -0.022226
v 0.701316 0.184249 -0.012386
v 0.683310 0.183153 -0.017866
v 0.663998 0.191829 -0.032178
v 0.656144 0.195189 -0.029942
v 0.656324 0.194707 -0.038113
v 0.656256 0.195411 -0.046516
v 0.656130 0.197716 -0.054832
v 0.647144 0.196471 -0.029131
v 0.647632 0.195412 -0.037432
v 0.647911 0.196218 -0.046177
v 0.648130 0.198905 -0.053816
v 0.650272 0.229680 -0.058652
v 0.659262 0.228030 -0.058462
v 0.649340 0.219897 -0.063352
v 0.649208 0.205747 -0.013803
v 0.647645 0.200135 -0.021267
v 0.656667 0.197479 -0.021303
v 0.651278 0.214841 -0.010162
v 0.705131 0.183934 0.007522
v 0.711080 0.186205 0.003041
v 0.715623 0.186339 0.008302
v 0.711082 0.184450 0.012622
v 0.737554 0.201114 -0.008073
v 0.744748 0.203159 -0.008263
v 0.745490 0.209938 -0.007947
v 0.678356 0.191748 -0.063699
v 0.682476 0.189747 -0.053775
v 0.747926 0.196386 -0.022747
v 0.774954 0.215890 -0.011274
v 0.762979 0.216082 -0.011545
v 0.761753 0.210804 -0.008994
v 0.774198 0.211405 -0.008755
v 0.756610 0.200989 -0.026219
v 0.764339 0.203484 -0.024898
v 0.761991 0.199908 -0.020641
v 0.754351 0.198414 -0.021205
v 0.738839 0.195002 -0.058622
v 0.745807 0.197211 -0.058982
v 0.745829 0.218485 -0.029610
v 0.734329 0.222220 -0.019039
v 0.745298 0.220777 -0.019624
v 0.724702 0.196847 -0.046840
v 0.732402 0.195523 -0.052345
v 0.733839 0.196367 -0.047254
v 0.742645 0.196345 -0.029247
v 0.738931 0.196577 -0.034014
v 0.746372 0.197529 -0.032812
v 0.748832 0.197558 -0.027252
v 0.695355 0.197214 -0.075268
v 0.697056 0.208148 -0.074155
v 0.780209 0.206677 -0.008383
v 0.785838 0.206301 -0.008415
v 0.648719 0.210386 -0.062953
v 0.648350 0.203406 -0.059470
v 0.714906 0.197114 -0.046386
v 0.721439 0.222791 -0.018317
v 0.705305 0.196202 -0.045916
v 0.736325 0.210225 -0.065694
v 0.743659 0.210524 -0.066601
v 0.743046 0.204384 -0.067888
v 0.735699 0.203965 -0.068897
v 0.775780 0.205761 -0.024090
v 0.782832 0.206881 -0.023684
v 0.781830 0.202987 -0.020149
v 0.774421 0.201794 -0.020118
v 0.752296 0.197839 -0.016381
v 0.760484 0.198866 -0.015796
v 0.759753 0.200936 -0.011272
v 0.751133 0.199667 -0.011515
v 0.751678 0.204660 -0.008915
v 0.760480 0.205613 -0.009010
v 0.776805 0.211732 -0.025159
v 0.765831 0.210132 -0.025963
v 0.764693 0.216556 -0.022910
v 0.776587 0.216963 -0.021598
v 0.696105 0.224664 -0.052062
v 0.704950 0.218824 -0.062145
v 0.692958 0.221824 -0.059716
v 0.732445 0.216987 -0.058215
v 0.727037 0.211172 -0.066272
v 0.716556 0.215635 -0.064357
v 0.701303 0.215215 -0.068564
v 0.754852 0.209437 -0.031983
v 0.753708 0.214753 -0.033578
v 0.754879 0.214787 -0.025830
v 0.703134 0.193831 -0.051878
v 0.773216 0.206361 -0.008549
v 0.671680 0.229189 -0.016833
v 0.679664 0.227156 -0.016451
v 0.681474 0.232364 -0.028710
v 0.672399 0.234116 -0.027364
v 0.773171 0.200189 -0.015066
v 0.772850 0.201721 -0.010584
v 0.737734 0.194739 -0.064888
v 0.738490 0.196983 -0.069785
v 0.743825 0.199092 -0.068139
v 0.744031 0.197340 -0.064130
v 0.690034 0.218149 -0.066012
v 0.725622 0.209056 -0.078101
v 0.722738 0.201455 -0.082873
v 0.682269 0.224559 -0.058126
v 0.676439 0.230025 -0.048758
v 0.684994 0.227676 -0.050179
v 0.740642 0.217197 -0.048301
v 0.699593 0.226398 -0.044917
v 0.687746 0.229125 -0.042991
v 0.678299 0.231912 -0.040100
v 0.670848 0.234172 -0.038724
v 0.669264 0.231681 -0.048217
v 0.775841 0.218375 -0.015976
v 0.783654 0.216732 -0.020827
v 0.651351 0.235775 -0.049391
v 0.661050 0.233678 -0.048427
v 0.652508 0.238031 -0.039148
v 0.662544 0.236119 -0.038478
v 0.692766 0.229927 -0.026910
v 0.690633 0.230469 -0.035212
v 0.705781 0.227641 -0.028544
v 0.702773 0.227945 -0.037508
v 0.742562 0.221527 -0.039623
v 0.798019 0.212098 -0.021995
v 0.797386 0.207946 -0.022781
v 0.789072 0.207328 -0.023396
v 0.789918 0.212120 -0.022908
v 0.783630 0.212092 -0.023995
v 0.789724 0.216167 -0.019981
v 0.708098 0.224190 -0.017677
v 0.753684 0.200272 -0.032199
v 0.692869 0.223783 -0.014300
v 0.702706 0.217243 -0.002980
v 0.712867 0.218353 -0.006196
v 0.686173 0.216671 -0.003364
v 0.676259 0.219430 -0.008310
v 0.662250 0.222535 -0.010950
v 0.668751 0.221148 -0.010445
v 0.653140 0.224361 -0.010927
v 0.696745 0.212126 0.004007
v 0.793778 0.201324 -0.016195
v 0.793087 0.202057 -0.011249
v 0.664264 0.230769 -0.016962
v 0.654299 0.232951 -0.017305
v 0.707094 0.184570 -0.003594
v 0.696005 0.194829 -0.044975
v 0.694032 0.192717 -0.049343
v 0.690426 0.189850 -0.056239
v 0.686257 0.190773 -0.065918
v 0.653849 0.238157 -0.027845
v 0.634524 0.194649 -0.036164
v 0.634806 0.194825 -0.044993
v 0.639362 0.238975 -0.040825
v 0.793548 0.205339 -0.008535
v 0.752841 0.205578 -0.052389
v 0.754459 0.204926 -0.050361
v 0.700128 0.186411 0.012195
v 0.707768 0.186793 0.016697
v 0.711067 0.198554 0.018860
v 0.702320 0.201042 0.014579
v 0.699469 0.193065 0.015121
v 0.708291 0.192069 0.018909
v 0.685871 0.192138 -0.043554
v 0.684973 0.191183 -0.047729
v 0.686717 0.210036 -0.071567
v 0.685333 0.199381 -0.072790
v 0.752737 0.210525 -0.008900
v 0.753533 0.215971 -0.012188
v 0.745700 0.216593 -0.011628
v 0.763572 0.218759 -0.017153
v 0.758325 0.207862 -0.027455
v 0.756363 0.205357 -0.031057
v 0.691004 0.190030 -0.030993
v 0.678526 0.185814 -0.026044
v 0.719108 0.192026 0.005136
v 0.716256 0.190852 0.000224
v 0.735640 0.196687 -0.040738
v 0.752117 0.216689 -0.046281
v 0.752306 0.219682 -0.039593
v 0.743701 0.197254 -0.040303
v 0.794793 0.209408 -0.008134
v 0.795912 0.213609 -0.010103
v 0.753920 0.219132 -0.018646
v 0.730318 0.193746 -0.058556
v 0.753787 0.211246 -0.049321
v 0.747160 0.213404 -0.052388
v 0.720913 0.195339 -0.081119
v 0.664347 0.236162 -0.027160
v 0.787512 0.203051 -0.020441
v 0.795256 0.203288 -0.020902
v 0.797495 0.215080 -0.019361
v 0.796554 0.215883 -0.014774
v 0.676617 0.200389 -0.069562
v 0.697495 0.195714 -0.041858
v 0.634945 0.197132 -0.053008
v 0.705594 0.207832 0.010417
v 0.714526 0.203944 0.015763
v 0.751094 0.198714 -0.040306
v 0.730402 0.207797 -0.071907
v 0.750665 0.214532 -0.055276
v 0.746455 0.215857 -0.061379
v 0.740282 0.216016 -0.059991
v 0.753755 0.209991 -0.053708
v 0.803317 0.215410 -0.014578
v 0.804018 0.214626 -0.019057
v 0.802939 0.213185 -0.009869
v 0.801269 0.208953 -0.008332
v 0.799450 0.205128 -0.008880
v 0.804278 0.211876 -0.021592
v 0.803351 0.208021 -0.022297
v 0.800724 0.203563 -0.020530
v 0.809729 0.211323 -0.021585
v 0.810637 0.213923 -0.018886
v 0.815591 0.210906 -0.009308
v 0.817117 0.212838 -0.011252
v 0.813550 0.213430 -0.011589
v 0.810227 0.212798 -0.009928
v 0.820375 0.209927 -0.009928
v 0.821639 0.212401 -0.011623
v 0.817345 0.214340 -0.014638
v 0.812890 0.214475 -0.014324
v 0.822231 0.214067 -0.015144
v 0.821743 0.213259 -0.018656
v 0.817060 0.213355 -0.018013
v 0.813406 0.213904 -0.017096
v 0.809227 0.214959 -0.014370
v 0.824566 0.209689 -0.011807
v 0.826842 0.210314 -0.015891
v 0.826237 0.213231 -0.015564
v 0.824771 0.212055 -0.012364
v 0.807288 0.208645 -0.008581
v 0.813850 0.207758 -0.009131
v 0.819238 0.206933 -0.010153
v 0.823433 0.206820 -0.012412
v 0.812913 0.204469 -0.010127
v 0.818543 0.204541 -0.011654
v 0.821926 0.204800 -0.013755
v 0.812711 0.202323 -0.012800
v 0.818323 0.203249 -0.014052
v 0.805202 0.204926 -0.009240
v 0.804240 0.202215 -0.011866
v 0.820820 0.204026 -0.014988
v 0.825483 0.207671 -0.016519
v 0.816060 0.212325 -0.020483
v 0.821063 0.211544 -0.020839
v 0.815383 0.210318 -0.021956
v 0.820491 0.209515 -0.021881
v 0.825157 0.213116 -0.018770
v 0.825206 0.211030 -0.019949
v 0.798559 0.202125 -0.011554
v 0.799144 0.201746 -0.016504
v 0.804694 0.201761 -0.016471
v 0.812916 0.201845 -0.017221
v 0.806218 0.203874 -0.020400
v 0.808774 0.207815 -0.022186
v 0.814704 0.207537 -0.022201
v 0.813538 0.204162 -0.020894
v 0.819576 0.207049 -0.021689
v 0.818832 0.204656 -0.020406
v 0.818526 0.203229 -0.017466
v 0.822666 0.206431 -0.020200
v 0.824150 0.208647 -0.020429
v 0.823407 0.205680 -0.017043
v 0.821343 0.204377 -0.017370
v 0.821292 0.205058 -0.019517
v 0.791699 0.203726 -0.042031
v 0.784460 0.204033 -0.040643
v 0.784016 0.203100 -0.045003
v 0.791432 0.203014 -0.046572
v 0.791980 0.215581 -0.039295
v 0.785267 0.216292 -0.038597
v 0.785261 0.211313 -0.036976
v 0.792023 0.210332 -0.038051
v 0.791307 0.217942 -0.044682
v 0.784681 0.218903 -0.044009
v 0.777384 0.216706 -0.037273
v 0.763715 0.215539 -0.035493
v 0.763796 0.209890 -0.034316
v 0.777417 0.211325 -0.035894
v 0.762372 0.205560 -0.050345
v 0.760915 0.202077 -0.046817
v 0.784925 0.206989 -0.038216
v 0.791975 0.206239 -0.039231
v 0.776066 0.206882 -0.051710
v 0.784581 0.207531 -0.052929
v 0.784166 0.204337 -0.049555
v 0.775551 0.203489 -0.048204
v 0.760770 0.200866 -0.041058
v 0.761871 0.201790 -0.035687
v 0.763211 0.205405 -0.034095
v 0.776624 0.212116 -0.052386
v 0.763410 0.211643 -0.050648
v 0.763162 0.217243 -0.047346
v 0.776881 0.217158 -0.049298
v 0.776854 0.206731 -0.036551
v 0.775316 0.202429 -0.043139
v 0.776064 0.203400 -0.038742
v 0.776816 0.219226 -0.042972
v 0.784749 0.216644 -0.050245
v 0.801342 0.212098 -0.054228
v 0.801596 0.208094 -0.054996
v 0.791860 0.207639 -0.054085
v 0.792013 0.212077 -0.053808
v 0.784917 0.212077 -0.053134
v 0.791524 0.216172 -0.050583
v 0.802031 0.202950 -0.048747
v 0.802009 0.203279 -0.043952
v 0.802150 0.205506 -0.040985
v 0.763235 0.219738 -0.040919
v 0.801888 0.209269 -0.039893
v 0.801480 0.214381 -0.040787
v 0.791599 0.204309 -0.051079
v 0.801622 0.204439 -0.052847
v 0.800746 0.215528 -0.051240
v 0.800436 0.217051 -0.045784
v 0.808418 0.216127 -0.047107
v 0.808380 0.214778 -0.052029
v 0.809438 0.213842 -0.042250
v 0.809054 0.209078 -0.041180
v 0.808542 0.205635 -0.042243
v 0.808659 0.212131 -0.054542
v 0.808405 0.208670 -0.055294
v 0.807759 0.204949 -0.053529
v 0.815563 0.211978 -0.055414
v 0.816488 0.214452 -0.053297
v 0.828863 0.211586 -0.046307
v 0.829307 0.214252 -0.047853
v 0.824232 0.214163 -0.046880
v 0.823324 0.212223 -0.044705
v 0.820552 0.214636 -0.046631
v 0.817526 0.213772 -0.044138
v 0.824061 0.215356 -0.050315
v 0.819785 0.215273 -0.049422
v 0.829617 0.216318 -0.051518
v 0.828658 0.215198 -0.054822
v 0.823230 0.214572 -0.053252
v 0.819640 0.214615 -0.052128
v 0.833498 0.212004 -0.048786
v 0.833121 0.214474 -0.048949
v 0.815579 0.215691 -0.048578
v 0.815247 0.209314 -0.042669
v 0.822193 0.208885 -0.044125
v 0.828414 0.208708 -0.046289
v 0.832854 0.209155 -0.049255
v 0.821436 0.205537 -0.045061
v 0.827704 0.206148 -0.047361
v 0.831230 0.207096 -0.050197
v 0.820879 0.203318 -0.047984
v 0.827001 0.204639 -0.049892
v 0.813818 0.205629 -0.043433
v 0.812997 0.203461 -0.046192
v 0.829780 0.206073 -0.051221
v 0.834400 0.210498 -0.053181
v 0.835587 0.213440 -0.052892
v 0.834753 0.216565 -0.052344
v 0.822534 0.213224 -0.054930
v 0.828305 0.213228 -0.056010
v 0.822143 0.211808 -0.056570
v 0.828020 0.211737 -0.057187
v 0.832874 0.215643 -0.055516
v 0.833152 0.213738 -0.056141
v 0.808072 0.203556 -0.045179
v 0.807756 0.203271 -0.049526
v 0.812657 0.203070 -0.050464
v 0.820488 0.203210 -0.052357
v 0.812812 0.205031 -0.054354
v 0.814460 0.208846 -0.056081
v 0.821257 0.209159 -0.056972
v 0.820427 0.205706 -0.055767
v 0.827018 0.209493 -0.057130
v 0.826302 0.206770 -0.056134
v 0.826469 0.204726 -0.053431
v 0.830916 0.209207 -0.056251
v 0.832512 0.211385 -0.056529
v 0.832295 0.208195 -0.053443
v 0.829910 0.206466 -0.053611
v 0.829314 0.207444 -0.055628
v 0.779106 0.202630 -0.064624
v 0.773620 0.203071 -0.062841
v 0.771960 0.200727 -0.066691
v 0.777660 0.200144 -0.068602
v 0.779490 0.213419 -0.065500
v 0.773122 0.214488 -0.063008
v 0.774459 0.210886 -0.061078
v 0.780232 0.210386 -0.063517
v 0.778197 0.214425 -0.069955
v 0.771254 0.215498 -0.068100
v 0.766707 0.214821 -0.060718
v 0.757288 0.214684 -0.057824
v 0.759038 0.209801 -0.055966
v 0.768485 0.210666 -0.058649
v 0.774566 0.206861 -0.061099
v 0.780193 0.206607 -0.063218
v 0.762998 0.201789 -0.072045
v 0.769935 0.202603 -0.074095
v 0.770639 0.200669 -0.070948
v 0.763713 0.200071 -0.068644
v 0.753525 0.199109 -0.061008
v 0.756140 0.201209 -0.057156
v 0.758315 0.204993 -0.055892
v 0.762805 0.206466 -0.073818
v 0.751740 0.205400 -0.070217
v 0.752384 0.211670 -0.068949
v 0.762949 0.212386 -0.071737
v 0.768734 0.206195 -0.058829
v 0.765319 0.199887 -0.064426
v 0.767398 0.202332 -0.060577
v 0.764256 0.215740 -0.066073
v 0.769881 0.212263 -0.073290
v 0.786224 0.207642 -0.079258
v 0.786060 0.203547 -0.079168
v 0.776078 0.202671 -0.076360
v 0.776146 0.207108 -0.077100
v 0.769607 0.206798 -0.075533
v 0.776953 0.211917 -0.074762
v 0.786694 0.199943 -0.071667
v 0.787887 0.201799 -0.067569
v 0.788759 0.205646 -0.066142
v 0.754500 0.215931 -0.063395
v 0.751481 0.200442 -0.068715
v 0.789083 0.209069 -0.066434
v 0.788805 0.211982 -0.068240
v 0.776441 0.200330 -0.073123
v 0.785805 0.200639 -0.076209
v 0.786719 0.211521 -0.076863
v 0.787520 0.213602 -0.072384
v 0.794209 0.213019 -0.074102
v 0.793261 0.211479 -0.078615
v 0.795669 0.211608 -0.069960
v 0.795460 0.208421 -0.068405
v 0.794559 0.205169 -0.068161
v 0.792824 0.207740 -0.080775
v 0.792514 0.204202 -0.080515
v 0.791442 0.201121 -0.077694
v 0.797651 0.207586 -0.082263
v 0.799241 0.210881 -0.080057
v 0.812319 0.209423 -0.074125
v 0.812243 0.210868 -0.075826
v 0.807753 0.210656 -0.074551
v 0.807697 0.209753 -0.072535
v 0.804347 0.211402 -0.073932
v 0.801975 0.211219 -0.071803
v 0.807057 0.212269 -0.077764
v 0.803012 0.212159 -0.076489
v 0.811606 0.212322 -0.079278
v 0.809730 0.210720 -0.082513
v 0.805312 0.210529 -0.080801
v 0.802298 0.211348 -0.079270
v 0.815867 0.209555 -0.076627
v 0.815254 0.211219 -0.077241
v 0.799511 0.212401 -0.075488
v 0.800707 0.208062 -0.069843
v 0.806768 0.207230 -0.071359
v 0.811828 0.206866 -0.073367
v 0.815016 0.206729 -0.076252
v 0.805553 0.204176 -0.071605
v 0.810664 0.204166 -0.073820
v 0.813319 0.204343 -0.076384
v 0.804202 0.201514 -0.073066
v 0.809500 0.202110 -0.075238
v 0.799378 0.204736 -0.069805
v 0.797687 0.201939 -0.071221
v 0.811795 0.203011 -0.076886
v 0.815409 0.206798 -0.080697
v 0.816428 0.209933 -0.080882
v 0.815547 0.212421 -0.080622
v 0.804032 0.209314 -0.082664
v 0.808854 0.208956 -0.083880
v 0.802972 0.206868 -0.083389
v 0.808200 0.206755 -0.084278
v 0.813119 0.211130 -0.083091
v 0.813076 0.209453 -0.083820
v 0.793205 0.202061 -0.069568
v 0.791824 0.200451 -0.073232
v 0.796288 0.200524 -0.074498
v 0.803043 0.200373 -0.076625
v 0.795758 0.201297 -0.078753
v 0.796804 0.204205 -0.081446
v 0.802275 0.204058 -0.082722
v 0.802033 0.201428 -0.080399
v 0.807659 0.204291 -0.083470
v 0.807517 0.202118 -0.081552
v 0.808402 0.201274 -0.078323
v 0.811257 0.204580 -0.082840
v 0.812267 0.206980 -0.083749
v 0.813395 0.204387 -0.079965
v 0.811387 0.202714 -0.079296
v 0.810306 0.202954 -0.081586
v 0.751843 0.199120 -0.065097
v 0.753846 0.196316 -0.086938
v 0.749936 0.196832 -0.084103
v 0.747965 0.194927 -0.086693
v 0.751782 0.194317 -0.089508
v 0.754038 0.205944 -0.089872
v 0.749630 0.206984 -0.086726
v 0.751215 0.204042 -0.083744
v 0.755547 0.203349 -0.086933
v 0.751374 0.205891 -0.094281
v 0.746715 0.206868 -0.091392
v 0.744402 0.207166 -0.082936
v 0.736016 0.207555 -0.076661
v 0.738706 0.203507 -0.074610
v 0.746174 0.203951 -0.080069
v 0.725707 0.194962 -0.082148
v 0.731538 0.194931 -0.084933
v 0.733649 0.193497 -0.081802
v 0.727194 0.192742 -0.078529
v 0.751257 0.200169 -0.082908
v 0.755297 0.199679 -0.086125
v 0.739640 0.195410 -0.089872
v 0.744240 0.195605 -0.093188
v 0.746028 0.194450 -0.089949
v 0.741707 0.194024 -0.086771
v 0.730266 0.192299 -0.074798
v 0.736014 0.193718 -0.078653
v 0.738001 0.195741 -0.075784
v 0.733954 0.193536 -0.071450
v 0.739250 0.198760 -0.074700
v 0.738494 0.198789 -0.091784
v 0.730167 0.198231 -0.086653
v 0.729551 0.203307 -0.086513
v 0.738906 0.203496 -0.091496
v 0.746566 0.199980 -0.079643
v 0.743680 0.194504 -0.083633
v 0.745491 0.196712 -0.080860
v 0.741312 0.207362 -0.087469
v 0.744304 0.203295 -0.094819
v 0.753384 0.197686 -0.102054
v 0.753629 0.194770 -0.100350
v 0.748139 0.195143 -0.096353
v 0.747542 0.198421 -0.098405
v 0.743399 0.198909 -0.095289
v 0.748715 0.202689 -0.097819
v 0.757040 0.193665 -0.093280
v 0.759364 0.195632 -0.090791
v 0.760680 0.198840 -0.089984
v 0.732198 0.208579 -0.081700
v 0.761195 0.202085 -0.090855
v 0.760027 0.204586 -0.093512
v 0.749812 0.193894 -0.092913
v 0.755059 0.193381 -0.096919
v 0.754657 0.201570 -0.101357
v 0.757233 0.204551 -0.097670
v 0.762001 0.204034 -0.100556
v 0.759535 0.201081 -0.104189
v 0.764545 0.203748 -0.096278
v 0.765151 0.201379 -0.093569
v 0.764370 0.198322 -0.092727
v 0.758039 0.197104 -0.104613
v 0.758062 0.194743 -0.102674
v 0.758882 0.193690 -0.099316
v 0.762455 0.196936 -0.106831
v 0.764558 0.200672 -0.106565
v 0.777008 0.200447 -0.101686
v 0.776217 0.201666 -0.103246
v 0.773173 0.201921 -0.101870
v 0.773518 0.201207 -0.099733
v 0.770195 0.202657 -0.101160
v 0.768862 0.202739 -0.098751
v 0.771490 0.202607 -0.104971
v 0.768356 0.202779 -0.103573
v 0.774923 0.202493 -0.106814
v 0.773136 0.200101 -0.109771
v 0.769729 0.200673 -0.108227
v 0.767374 0.201563 -0.106419
v 0.779457 0.200128 -0.104422
v 0.778482 0.201604 -0.104950
v 0.765766 0.203261 -0.102398
v 0.768905 0.200745 -0.095955
v 0.773419 0.199656 -0.098122
v 0.777658 0.198622 -0.100821
v 0.779529 0.197814 -0.104195
v 0.772368 0.197379 -0.097614
v 0.776448 0.196515 -0.100596
v 0.778132 0.195908 -0.103644
v 0.770395 0.195133 -0.098017
v 0.774684 0.194746 -0.100990
v 0.767613 0.198142 -0.094885
v 0.765706 0.195651 -0.095294
v 0.776691 0.194863 -0.103167
v 0.778737 0.197111 -0.107534
v 0.778996 0.199527 -0.108342
v 0.777905 0.201970 -0.108436
v 0.768362 0.198825 -0.109348
v 0.772570 0.197991 -0.110773
v 0.767035 0.196338 -0.108742
v 0.772261 0.195795 -0.110029
v 0.775874 0.200304 -0.110488
v 0.776248 0.198368 -0.110574
v 0.762774 0.195464 -0.093445
v 0.760770 0.193726 -0.095719
v 0.763688 0.193658 -0.097644
v 0.768418 0.193336 -0.100099
v 0.762257 0.193475 -0.101306
v 0.761734 0.194590 -0.104622
v 0.766760 0.194233 -0.106834
v 0.767099 0.192985 -0.103675
v 0.772000 0.194127 -0.108129
v 0.772215 0.193233 -0.105556
v 0.773192 0.193424 -0.102740
v 0.775683 0.194760 -0.107834
v 0.776174 0.196208 -0.109573
v 0.777609 0.195373 -0.106230
v 0.776079 0.194302 -0.104778
v 0.775036 0.194001 -0.106248
v 0.725461 0.197816 -0.084015
v 0.726409 0.201270 0.016907
v 0.727748 0.198585 0.013230
v 0.725742 0.188893 0.011318
v 0.722362 0.184753 0.014114
v 0.718753 0.183912 0.018730
v 0.717399 0.186469 0.022590
v 0.718128 0.190857 0.024640
v 0.727850 0.194371 0.011124
v 0.723683 0.201494 0.021344
v 0.720301 0.196895 0.024510
v 0.728503 0.195622 0.030449
v 0.731500 0.200388 0.026795
v 0.725717 0.189382 0.030724
v 0.724285 0.184823 0.027801
v 0.724541 0.182583 0.022949
v 0.733590 0.200423 0.021418
v 0.734057 0.197595 0.016990
v 0.732982 0.192712 0.014539
v 0.740371 0.199551 0.026218
v 0.741134 0.199113 0.032992
v 0.743629 0.185247 0.040890
v 0.744048 0.188963 0.042699
v 0.740556 0.189352 0.040508
v 0.739057 0.185608 0.038853
v 0.738555 0.190411 0.038610
v 0.734776 0.188164 0.036324
v 0.742793 0.194522 0.040696
v 0.740643 0.194507 0.038478
v 0.745742 0.198075 0.038217
v 0.742836 0.197794 0.037216
v 0.746020 0.194225 0.043457
v 0.747245 0.189103 0.044455
v 0.749321 0.192931 0.044603
v 0.748157 0.186517 0.042925
v 0.737049 0.194684 0.035805
v 0.731350 0.183561 0.032006
v 0.738019 0.182466 0.035628
v 0.744173 0.182551 0.038152
v 0.749279 0.184570 0.039509
v 0.738536 0.180791 0.030710
v 0.745442 0.181979 0.033832
v 0.749623 0.184348 0.035612
v 0.740476 0.182353 0.026116
v 0.746595 0.183538 0.030487
v 0.730505 0.181415 0.026541
v 0.731868 0.182464 0.021058
v 0.749456 0.184928 0.032907
v 0.752795 0.188828 0.039165
v 0.752162 0.190546 0.043036
v 0.746874 0.198838 0.034611
v 0.748566 0.197591 0.040586
v 0.750512 0.197643 0.037129
v 0.746868 0.198219 0.030053
v 0.751356 0.196133 0.033556
v 0.750781 0.196224 0.042652
v 0.752762 0.195244 0.040177
v 0.726852 0.183393 0.017832
v 0.730140 0.187131 0.014873
v 0.734984 0.186632 0.018088
v 0.742689 0.186352 0.023156
v 0.738306 0.192305 0.017888
v 0.740057 0.197269 0.021060
v 0.746680 0.195743 0.026127
v 0.745376 0.191498 0.023231
v 0.751061 0.193644 0.030571
v 0.749802 0.190497 0.028763
v 0.748241 0.186653 0.028728
v 0.752589 0.191115 0.033775
v 0.753450 0.193146 0.036824
v 0.751985 0.187765 0.035570
v 0.750780 0.187187 0.032508
v 0.751434 0.189652 0.031819
v 0.722221 0.191512 -0.076810
v 0.725063 0.190975 -0.071748
v 0.718242 0.190866 -0.070131
v 0.709837 0.190329 -0.068668
v 0.700946 0.191924 -0.072488
v 0.711919 0.191371 -0.062745
v 0.720295 0.191754 -0.064424
v 0.729605 0.192475 -0.066183
v 0.706852 0.192699 -0.056485
v 0.037076 0.435072 0.095954
v 0.040414 0.433964 0.093960
v 0.041650 0.428384 0.091143
v 0.039158 0.428031 0.092979
v 0.036047 0.427933 0.094755
v 0.032275 0.428057 0.095900
v 0.026822 0.435184 0.097189
v 0.032290 0.435626 0.097217
v 0.017440 0.429650 0.094186
v 0.019220 0.431091 0.094384
v 0.018174 0.428768 0.094474
v 0.024174 0.428525 0.095735
v 0.020501 0.428845 0.094748
v 0.044189 0.431583 0.090114
v 0.044980 0.430502 0.088904
v 0.042628 0.432798 0.091976
v 0.028150 0.428250 0.096210
v 0.044673 0.429567 0.088618
v 0.043487 0.428890 0.089438
v 0.022276 0.433616 0.095756
v 0.036301 0.430120 0.094804
v 0.032426 0.430257 0.096107
v 0.027688 0.432888 0.096957
v 0.032507 0.432994 0.096621
v 0.024449 0.430196 0.096089
v 0.021998 0.430029 0.095271
v 0.039244 0.429901 0.093074
v 0.028212 0.430357 0.096558
v 0.036765 0.432547 0.095149
v 0.021503 0.431012 0.095243
v 0.023670 0.432044 0.096203
v 0.044203 0.430383 0.089458
v 0.044001 0.429988 0.089341
v 0.016616 0.197915 0.074164
v 0.016615 0.181365 0.084343
v 0.039786 0.431938 0.093346
v 0.043017 0.429865 0.090174
v 0.041429 0.429854 0.091500
v 0.041828 0.431325 0.091676
v 0.043325 0.430780 0.090298
v 0.276972 0.221880 0.019246
v 0.277924 0.205535 0.020379
v 0.278342 0.254138 -0.021181
v 0.273629 0.249755 -0.042156
v 0.059517 -0.072233 0.141570
v 0.105131 -0.032933 -0.053553
v 0.106592 -0.015313 -0.059913
v 0.036938 -0.017127 -0.082984
v 0.055741 -0.020878 -0.080471
v 0.135569 -0.029782 0.048792
v 0.135246 -0.048333 0.053301
v 0.098247 -0.034935 0.102642
v 0.096755 -0.054728 0.106948
v 0.126011 -0.069616 0.079492
v 0.078066 -0.064105 -0.065855
v 0.075133 -0.045031 -0.069658
v 0.091914 -0.047918 -0.060749
v 0.095519 -0.066137 -0.057651
v 0.018324 -0.035479 -0.073501
v 0.018178 -0.014408 -0.080411
v 0.141559 -0.009704 0.021811
v 0.140268 -0.008455 -0.003095
v 0.121951 -0.003319 -0.046208
v 0.108013 0.001789 -0.062451
v 0.075508 0.015411 -0.083858
v 0.092590 0.008556 -0.074507
v 0.085441 -0.014119 0.114917
v 0.069227 0.005019 0.123357
v 0.136606 -0.010935 0.046209
v 0.025469 -0.011681 0.141632
v 0.037839 0.048570 -0.101457
v 0.059864 0.044557 -0.097298
v 0.133157 -0.006503 -0.025931
v 0.032088 0.141261 0.113550
v 0.032408 0.125913 0.123705
v 0.049066 0.129543 0.122850
v 0.048966 0.144524 0.111832
v 0.065216 0.132160 0.121107
v 0.080783 0.133752 0.117639
v 0.094827 0.134339 0.112869
v 0.127293 0.130774 0.094941
v 0.118031 0.132710 0.101405
v 0.142057 0.124466 0.080397
v 0.135228 0.128482 0.088038
v 0.148574 0.114767 0.071788
v 0.153230 0.102692 0.060164
v 0.155863 0.090931 0.045346
v 0.156755 0.104489 0.038498
v 0.152392 0.089071 0.067925
v 0.148230 0.101075 0.079935
v 0.142051 0.109824 0.089762
v 0.018886 0.086549 0.137397
v 0.021664 0.064265 0.136828
v 0.016088 0.213898 0.064953
v 0.480915 0.193218 -0.066851
v 0.600198 0.223605 -0.010991
v 0.031423 0.236900 -0.087642
v 0.015627 0.232876 -0.087108
v 0.000625 0.220858 -0.088143
v 0.000501 0.231599 -0.085595
v 0.098717 0.266477 -0.058457
v 0.086298 0.253841 -0.076001
v 0.068354 0.241891 -0.086012
v 0.049928 0.232700 -0.090484
v 0.125827 0.005315 0.066835
v 0.034166 0.202687 -0.097722
v 0.051919 0.222271 -0.094588
v 0.072356 0.232038 -0.091322
v 0.091458 0.244474 -0.081537
v 0.109612 0.259728 -0.063757
v 0.123252 0.260058 -0.056165
v 0.143615 0.246934 -0.060364
v 0.152781 0.247464 -0.054472
v 0.153566 0.260085 -0.040037
v 0.164671 0.261285 -0.035247
v 0.162870 0.249140 -0.049809
v 0.241958 0.249692 -0.049565
v 0.255177 0.243819 -0.054272
v 0.263054 0.234440 -0.061361
v 0.267159 0.222565 -0.067580
v 0.266707 0.209741 -0.071286
v 0.261445 0.197091 -0.071845
v 0.250717 0.187155 -0.070601
v 0.212204 0.168801 -0.060961
v 0.198806 0.161833 -0.058445
v 0.167602 0.124214 -0.058330
v 0.159137 0.115799 -0.060878
v 0.127241 0.072193 -0.075868
v 0.137499 0.087451 -0.071705
v 0.116845 0.057079 -0.079259
v 0.102814 -0.155313 -0.077298
v 0.095960 -0.137943 -0.070781
v 0.116069 -0.136291 -0.061063
v 0.122916 -0.152978 -0.066650
v 0.022505 -0.103489 -0.065764
v 0.044613 -0.103110 -0.067327
v 0.163650 -0.138577 0.022888
v 0.159233 -0.135711 -0.004570
v 0.148692 -0.134608 -0.028012
v 0.133913 -0.134897 -0.046639
v 0.160578 -0.142900 0.050128
v 0.078829 -0.175254 0.146484
v 0.099415 -0.169472 0.132156
v 0.015758 -0.185200 0.167078
v 0.036121 -0.183236 0.163985
v 0.151481 -0.149269 0.074892
v 0.057312 -0.179935 0.157407
v 0.118977 -0.163018 0.115385
v 0.137250 -0.156392 0.096258
v 0.089175 -0.120841 -0.065634
v 0.069529 -0.121409 -0.070827
v 0.065116 -0.102705 -0.065611
v 0.035606 0.113296 -0.113516
v 0.056186 0.115497 -0.113437
v 0.077136 0.119568 -0.111705
v 0.093595 0.143343 -0.109819
v 0.110450 0.151694 -0.103832
v 0.112886 0.134460 -0.102193
v 0.095989 0.126124 -0.107963
v 0.139187 0.168174 -0.087325
v 0.150445 0.174526 -0.081459
v 0.151832 0.160896 -0.078960
v 0.140820 0.153549 -0.084782
v 0.162493 0.167284 -0.075237
v 0.171414 0.172941 -0.070863
v 0.181335 0.179051 -0.067191
v 0.193167 0.185310 -0.066999
v 0.188630 0.207292 -0.068989
v 0.178067 0.202488 -0.070126
v 0.138336 0.183663 -0.087919
v 0.124582 0.177474 -0.095931
v 0.035279 0.145444 -0.108002
v 0.016375 0.142077 -0.103970
v 0.157682 0.085270 0.026112
v 0.159036 0.081681 0.005164
v 0.158284 0.080778 -0.013813
v 0.156406 0.081994 -0.030137
v 0.154226 0.085535 -0.044394
v 0.150277 0.090567 -0.057158
v 0.145077 0.097685 -0.068136
v 0.152041 0.107223 -0.064347
v 0.140059 0.106976 -0.077169
v 0.148365 0.116196 -0.071760
v 0.135084 0.117455 -0.084623
v 0.130492 0.129614 -0.090358
v 0.127495 0.144354 -0.093884
v 0.125518 0.160321 -0.095964
v 0.092222 0.161683 -0.109635
v 0.108882 0.169683 -0.103748
v 0.073886 0.172810 -0.110156
v 0.073769 0.189722 -0.106598
v 0.074876 0.137085 -0.113291
v 0.074253 0.154746 -0.112756
v 0.069654 0.275160 -0.059320
v 0.053877 0.267607 -0.070309
v 0.238760 0.197700 -0.071643
v 0.248784 0.198470 -0.071944
v 0.242425 0.190370 -0.071125
v 0.236902 0.191691 -0.070889
v 0.251536 0.208397 -0.071448
v 0.238585 0.215773 -0.070309
v 0.251357 0.219286 -0.069185
v 0.239519 0.206359 -0.071592
v 0.248146 0.229533 -0.065238
v 0.236120 0.224909 -0.067608
v 0.242646 0.237794 -0.060775
v 0.232699 0.232670 -0.064062
v 0.229617 0.237736 -0.061098
v 0.234304 0.242947 -0.057273
v 0.197803 0.233213 -0.062556
v 0.209931 0.235828 -0.061788
v 0.221580 0.237078 -0.061231
v 0.205334 0.190478 -0.068490
v 0.217156 0.197087 -0.070215
v 0.228443 0.202359 -0.071205
v 0.227033 0.211438 -0.070420
v 0.215475 0.206218 -0.070242
v 0.203213 0.199971 -0.069201
v 0.034870 0.129312 -0.111261
v 0.054349 0.132946 -0.113902
v 0.161003 0.180137 -0.077235
v 0.169997 0.184433 -0.072929
v 0.179640 0.188803 -0.069104
v 0.190660 0.194909 -0.068255
v 0.168593 0.197460 -0.073197
v 0.159576 0.193439 -0.077592
v 0.149390 0.188728 -0.082067
v 0.054648 0.149790 -0.111777
v 0.016165 0.126400 -0.108402
v 0.165379 0.227839 0.041987
v 0.166503 0.251923 0.030420
v 0.168679 0.267306 0.010197
v 0.167576 0.269470 -0.014301
v 0.000408 0.264679 -0.075136
v 0.402762 0.166210 -0.030389
v -0.001734 0.074195 -0.108119
v -0.002500 0.093999 -0.111273
v 0.000222 0.008331 -0.084660
v -0.000591 0.027686 -0.096769
v 0.041765 -0.080546 -0.067679
v 0.020620 -0.078511 -0.064678
v 0.019141 -0.056016 -0.068036
v -0.001114 -0.122036 -0.073979
v -0.000890 -0.102820 -0.062275
v 0.000364 -0.053709 -0.063291
v 0.000443 -0.032644 -0.068038
v 0.017561 0.050208 -0.103363
v 0.016315 0.111591 -0.113209
v -0.001934 0.125929 -0.106701
v -0.001204 0.140549 -0.101814
v -0.000991 0.156860 -0.099714
v 0.107350 0.106413 0.128989
v 0.107126 0.120207 0.119020
v 0.094968 0.120605 0.124423
v 0.095432 0.106887 0.134258
v 0.126566 0.104300 0.114812
v 0.126780 0.117310 0.105525
v 0.117567 0.119043 0.112496
v 0.117552 0.105569 0.122375
v 0.134759 0.114581 0.097957
v 0.134340 0.101681 0.106792
v 0.107477 0.091573 0.136350
v 0.117875 0.090888 0.129652
v 0.095710 0.092212 0.141577
v 0.133445 0.088487 0.113640
v 0.126383 0.090135 0.121878
v 0.008133 0.316753 0.086598
v 0.007638 0.321135 0.101919
v 0.002088 0.361816 0.116640
v 0.001693 0.366074 0.114830
v 0.002538 0.306162 0.064839
v 0.002907 0.298141 0.059595
v 0.000001 0.344449 0.113141
v 0.000303 0.330852 0.112952
v -0.000427 0.387121 0.118270
v -0.000441 0.383793 0.116920
v -0.000256 0.373236 0.118098
v -0.000163 0.369501 0.116831
v 0.003288 0.288401 0.055401
v 0.002136 0.312417 0.073221
v 0.003327 0.267062 0.048898
v 0.003350 0.256714 0.046520
v 0.013450 0.248089 0.046268
v 0.014357 0.237284 0.050150
v 0.017331 0.105446 0.131835
v 0.016237 0.148547 0.102403
v 0.015728 0.137414 0.115189
v 0.016334 0.164395 0.093191
v 0.015371 0.226603 0.057262
v 0.003371 0.277740 0.051812
v -0.000003 0.357120 0.116206
v 0.000016 0.351791 0.113351
v -0.000382 0.380083 0.116880
v -0.000305 0.376701 0.117495
v 0.001684 0.196441 0.075234
v 0.001040 0.179361 0.085181
v 0.016279 0.121653 0.124137
v 0.002558 0.084523 0.136163
v 0.002955 0.061782 0.135461
v 0.002335 0.212384 0.065533
v 0.003205 0.041519 0.129526
v 0.171834 -0.316811 -0.050896
v 0.153245 -0.333492 -0.069826
v 0.144833 -0.320556 -0.080302
v 0.159328 -0.308152 -0.067228
v 0.168685 -0.265459 -0.048334
v 0.168465 -0.240826 -0.041454
v 0.169059 -0.214335 -0.037288
v 0.124124 -0.328288 -0.092431
v 0.094289 -0.312035 -0.106796
v 0.097476 -0.330349 -0.101496
v 0.153782 -0.216926 -0.061433
v 0.153748 -0.243142 -0.064786
v 0.150317 -0.303328 -0.075573
v 0.152362 -0.288749 -0.073090
v 0.166568 -0.289020 -0.057164
v 0.119951 -0.311346 -0.097219
v 0.138938 -0.308222 -0.085665
v 0.059461 -0.158952 -0.087223
v 0.063651 -0.178027 -0.095356
v 0.035222 -0.177932 -0.097194
v 0.141495 -0.150625 -0.050738
v 0.128847 -0.172115 -0.072450
v 0.001074 -0.309998 -0.100715
v 0.136705 -0.291015 -0.087001
v 0.092030 -0.291200 -0.110882
v 0.117090 -0.291935 -0.099907
v 0.091756 -0.219201 -0.105667
v 0.115088 -0.219376 -0.095232
v 0.114389 -0.244291 -0.099991
v 0.091138 -0.243018 -0.110797
v 0.135596 -0.218905 -0.080738
v 0.133087 -0.194416 -0.076858
v 0.090635 -0.197060 -0.098965
v 0.113042 -0.195788 -0.089935
v 0.108622 -0.174159 -0.084098
v 0.135811 -0.245240 -0.084261
v 0.090612 -0.267594 -0.112916
v 0.061881 -0.266132 -0.118941
v 0.031367 -0.264140 -0.117091
v 0.000827 -0.265387 -0.114268
v 0.000290 -0.242392 -0.114267
v 0.087146 -0.176262 -0.091316
v 0.075422 -0.139123 -0.076609
v 0.082340 -0.157275 -0.083673
v 0.061865 -0.082012 -0.066321
v 0.111951 -0.544244 0.095468
v -0.000575 -0.355605 0.008014
v -0.001405 -0.364028 0.035871
v 0.179792 -0.277280 0.069601
v 0.190851 -0.297174 -0.006071
v 0.180365 -0.292702 -0.035023
v 0.007437 -0.369681 0.081861
v 0.023913 -0.364448 0.105057
v 0.160682 -0.283396 0.095876
v 0.106779 -0.329672 0.129741
v 0.000864 -0.369244 0.059020
v 0.152760 -0.267299 -0.068833
v 0.135741 -0.269658 -0.086314
v 0.115275 -0.269183 -0.101280
v 0.062662 -0.288979 -0.117421
v 0.030760 -0.285791 -0.115970
v 0.001019 -0.285171 -0.110268
v 0.021445 -0.305573 0.120748
v 0.009985 -0.300140 0.128191
v 0.017643 -0.299081 0.129102
v 0.001181 -0.288574 0.136121
v 0.001532 -0.301319 0.126643
v 0.010345 -0.310690 0.116827
v 0.001848 -0.312275 0.114550
v 0.001930 -0.325861 0.103497
v 0.079040 -0.196125 0.144772
v 0.101080 -0.189775 0.131436
v 0.015240 -0.206078 0.163936
v 0.035035 -0.204459 0.160994
v 0.156825 -0.167136 0.075148
v 0.056448 -0.201105 0.154952
v 0.121954 -0.182565 0.115772
v 0.141759 -0.174854 0.096868
v -0.000111 -0.196469 -0.105243
v 0.000199 -0.175031 -0.097932
v -0.003243 -0.206743 0.163622
v 0.000677 0.320647 0.102359
v 0.001342 0.316091 0.086647
v -0.001827 0.504237 0.089472
v -0.001055 0.311489 -0.048687
v -0.000874 0.448896 0.108677
v -0.000085 0.365845 0.114881
v -0.000382 0.389316 0.121095
v 0.003514 0.246137 0.045521
v 0.003398 0.235129 0.049110
v -0.000039 -0.340951 0.006758
v 0.002933 0.224741 0.056980
v 0.000127 -0.341386 -0.006321
v 0.000430 -0.011441 -0.075532
v 0.068321 -0.973111 -0.029582
v 0.066576 -0.971178 -0.044586
v 0.070148 -0.999321 -0.040452
v 0.070034 -1.000563 -0.026282
v 0.085279 -0.965743 -0.073002
v 0.073654 -0.968176 -0.064946
v 0.099892 -0.964928 -0.074720
v 0.113185 -0.965879 -0.069741
v 0.109213 -0.994554 -0.067226
v 0.097942 -0.993904 -0.073439
v 0.121136 -0.966675 -0.060773
v 0.123628 -0.995624 -0.047595
v 0.126781 -0.967478 -0.049193
v 0.130711 -0.969153 -0.031677
v 0.126080 -0.996099 -0.030889
v 0.124567 -0.973094 -0.012096
v 0.120234 -0.999368 -0.011719
v 0.110347 -0.976129 -0.000126
v 0.074791 -0.975511 -0.014691
v 0.074209 -1.002141 -0.010563
v 0.084742 -0.994619 -0.071491
v 0.075639 -0.996883 -0.061420
v 0.072218 -0.998260 -0.050674
v 0.068599 -0.969954 -0.055357
v 0.069933 -1.026750 -0.036685
v 0.065534 -1.027160 -0.021708
v 0.084196 -1.022682 -0.071436
v 0.077864 -1.024676 -0.057944
v 0.106047 -1.021877 -0.065640
v 0.097058 -1.021358 -0.074892
v 0.124297 -1.022697 -0.046643
v 0.114789 -1.022218 -0.055738
v 0.116693 -0.995044 -0.057626
v 0.125081 -1.022483 -0.030858
v 0.118623 -1.024497 -0.008726
v 0.070832 -1.027606 -0.004620
v 0.074251 -1.025927 -0.047014
v 0.124453 -1.114171 0.141377
v 0.123323 -1.109887 0.141010
v 0.118978 -1.109742 0.142080
v 0.117777 -1.114676 0.143028
v 0.086765 -1.114283 0.153542
v 0.085018 -1.104621 0.155887
v 0.076927 -1.106061 0.154050
v 0.075761 -1.117220 0.151927
v 0.104024 -1.114893 0.151467
v 0.104765 -1.117978 0.147979
v 0.109531 -1.118033 0.147112
v 0.111534 -1.114956 0.150129
v 0.144018 -1.110424 0.111689
v 0.143781 -1.114805 0.109259
v 0.147836 -1.114565 0.107324
v 0.149315 -1.110917 0.108496
v 0.131326 -1.113955 0.130163
v 0.131406 -1.118162 0.127168
v 0.135366 -1.117560 0.125407
v 0.137230 -1.114474 0.127079
v 0.087280 -1.100650 0.133123
v 0.073665 -1.099444 0.131148
v 0.074910 -1.104136 0.144810
v 0.086885 -1.101929 0.146598
v 0.068903 -1.112567 0.141144
v 0.067179 -1.109720 0.126076
v 0.074028 -1.117198 0.124712
v 0.075662 -1.117103 0.138351
v 0.086753 -1.117369 0.127398
v 0.087154 -1.117298 0.139726
v 0.093793 -1.110458 0.131263
v 0.095369 -1.110220 0.144814
v 0.112320 -1.109829 0.131670
v 0.107564 -1.102846 0.132958
v 0.109861 -1.106744 0.144423
v 0.115533 -1.112634 0.142414
v 0.096899 -1.103222 0.135099
v 0.101836 -1.106924 0.146035
v 0.093261 -1.112835 0.134164
v 0.098191 -1.117846 0.130212
v 0.101582 -1.117917 0.142127
v 0.096487 -1.113394 0.146390
v 0.107405 -1.117044 0.129215
v 0.110249 -1.117989 0.140231
v 0.124206 -1.102879 0.125099
v 0.113947 -1.103844 0.128035
v 0.116817 -1.108133 0.136958
v 0.124242 -1.107650 0.135368
v 0.112354 -1.115348 0.137201
v 0.110360 -1.113306 0.128055
v 0.115464 -1.117590 0.124906
v 0.117614 -1.118209 0.134788
v 0.124718 -1.116843 0.123075
v 0.124809 -1.118248 0.133629
v 0.128978 -1.109199 0.124753
v 0.128848 -1.112853 0.134540
v 0.142654 -1.108914 0.110855
v 0.139250 -1.102206 0.111789
v 0.138281 -1.107022 0.121223
v 0.140926 -1.112967 0.120062
v 0.131646 -1.102952 0.115882
v 0.132482 -1.106559 0.123445
v 0.127637 -1.111087 0.124754
v 0.128444 -1.108582 0.118171
v 0.130497 -1.116568 0.114055
v 0.129606 -1.118121 0.122063
v 0.138516 -1.116324 0.109986
v 0.136986 -1.118080 0.119754
v 0.152249 -1.101583 0.095551
v 0.151158 -1.104448 0.103497
v 0.152648 -1.109971 0.101809
v 0.153229 -1.108274 0.092296
v 0.145831 -1.101156 0.100625
v 0.145689 -1.104017 0.106651
v 0.141538 -1.108794 0.107105
v 0.143113 -1.106687 0.101990
v 0.142604 -1.114756 0.098461
v 0.141921 -1.115467 0.104466
v 0.148830 -1.114113 0.093881
v 0.148754 -1.115494 0.102016
v 0.090519 -1.099636 0.119428
v 0.073285 -1.095824 0.117092
v 0.077877 -1.117265 0.147462
v 0.066858 -1.107853 0.111896
v 0.084330 -1.117223 0.148040
v 0.089949 -1.117346 0.115731
v 0.074248 -1.116563 0.110351
v 0.092170 -1.110415 0.125650
v 0.109856 -1.109621 0.150045
v 0.109220 -1.117232 0.113420
v 0.109722 -1.111206 0.122596
v 0.105016 -1.109658 0.150859
v 0.108481 -1.099906 0.117370
v 0.125435 -1.100663 0.108036
v 0.119420 -1.118031 0.140230
v 0.123261 -1.118159 0.139460
v 0.126933 -1.117002 0.106337
v 0.129092 -1.107644 0.115847
v 0.136784 -1.109775 0.126780
v 0.140572 -1.116104 0.095222
v 0.143590 -1.106679 0.101973
v 0.133325 -1.109770 0.128326
v 0.141053 -1.099083 0.096509
v 0.148764 -1.107660 0.108128
v 0.149393 -1.114840 0.083828
v 0.154586 -1.107226 0.080863
v 0.145954 -1.106994 0.110125
v 0.152048 -1.098839 0.085340
v 0.083169 -1.003408 0.000426
v 0.083887 -0.977426 -0.003648
v 0.095569 -0.978369 0.001402
v 0.094028 -1.004309 0.004549
v 0.107285 -1.002275 0.001521
v 0.080932 -1.027352 0.007730
v 0.092938 -1.027373 0.011084
v 0.105616 -1.026874 0.005672
v 0.129128 -1.044249 -0.032142
v 0.125789 -1.043111 -0.048791
v 0.115632 -1.042704 -0.059322
v 0.107641 -1.042232 -0.069850
v 0.097185 -1.042330 -0.078324
v 0.069107 -1.048598 0.001229
v 0.078775 -1.046135 0.017414
v 0.092158 -1.044655 0.022713
v 0.106974 -1.044941 0.015534
v 0.068803 -1.090630 0.100926
v 0.086730 -1.088371 0.102224
v 0.082705 -1.079650 0.083491
v 0.068351 -1.089318 0.080114
v 0.104052 -1.090787 0.098445
v 0.100908 -1.079335 0.079719
v 0.120814 -1.091997 0.090487
v 0.117008 -1.082757 0.071795
v 0.136519 -1.093213 0.080370
v 0.131842 -1.086455 0.062496
v 0.150003 -1.095694 0.071261
v 0.145155 -1.092224 0.053193
v 0.155724 -1.105291 0.066406
v 0.152410 -1.101984 0.047890
v 0.062985 -1.106382 0.095368
v 0.064728 -1.104030 0.074717
v 0.072642 -1.117295 0.092260
v 0.074043 -1.117024 0.071935
v 0.088889 -1.117800 0.091455
v 0.089063 -1.117370 0.070272
v 0.147679 -1.114143 0.049640
v 0.149624 -1.116168 0.068657
v 0.106987 -1.117473 0.087184
v 0.106414 -1.116319 0.065926
v 0.123772 -1.118141 0.080916
v 0.122633 -1.116996 0.059881
v 0.137939 -1.118136 0.074245
v 0.136512 -1.117196 0.053963
v 0.078602 -1.072888 0.059948
v 0.097160 -1.066750 0.059692
v 0.112578 -1.071409 0.050776
v 0.127178 -1.077671 0.040536
v 0.140122 -1.086760 0.030909
v 0.148173 -1.097336 0.026155
v 0.126845 -1.065972 0.013368
v 0.135770 -1.083865 0.005727
v 0.141419 -1.095448 0.003606
v 0.137048 -1.093959 -0.019494
v 0.134205 -1.081137 -0.019477
v 0.126901 -1.079909 -0.059435
v 0.130795 -1.079664 -0.041995
v 0.134771 -1.092733 -0.042555
v 0.131233 -1.093910 -0.060858
v 0.129002 -1.064440 -0.013972
v 0.127511 -1.062693 -0.037030
v 0.122648 -1.061520 -0.053633
v 0.116021 -1.094008 -0.082122
v 0.114775 -1.078713 -0.082078
v 0.122326 -1.079704 -0.071580
v 0.125812 -1.094156 -0.072970
v 0.100402 -1.095809 -0.086828
v 0.099416 -1.079881 -0.089192
v 0.083765 -1.083081 -0.078568
v 0.084407 -1.097970 -0.078351
v 0.110571 -1.060115 -0.075594
v 0.116846 -1.061047 -0.065428
v 0.098541 -1.060376 -0.082897
v 0.084612 -1.063334 -0.074537
v 0.076026 -1.085023 -0.060253
v 0.077787 -1.065508 -0.057606
v 0.075456 -1.099305 -0.061539
v 0.069214 -1.087734 0.055916
v 0.069646 -1.100271 0.051345
v 0.110252 -1.057742 0.031463
v 0.093400 -1.055653 0.039384
v 0.075768 -1.062898 0.032588
v 0.068117 -1.084600 0.029755
v 0.072589 -1.098254 0.025627
v 0.067729 -1.085268 0.005129
v 0.073996 -1.097282 0.002572
v 0.077348 -1.110191 0.048314
v 0.080792 -1.104590 0.023159
v 0.081443 -1.103227 0.000379
v 0.068272 -1.085511 -0.015792
v 0.072985 -1.097749 -0.017531
v 0.071474 -1.085009 -0.032716
v 0.073090 -1.098207 -0.033679
v 0.073469 -1.098876 -0.047028
v 0.073980 -1.085157 -0.046024
v 0.071542 -1.067140 -0.033386
v 0.074628 -1.066022 -0.045192
v 0.068304 -1.068496 -0.016413
v 0.067610 -1.066978 0.005954
v 0.144742 -1.109859 0.027186
v 0.140050 -1.105942 0.004456
v 0.134718 -1.103324 -0.018139
v 0.131492 -1.103980 -0.040713
v 0.126251 -1.105118 -0.057894
v 0.120830 -1.105349 -0.068735
v 0.112681 -1.104741 -0.076704
v 0.099798 -1.104748 -0.079053
v 0.087901 -1.106273 -0.073716
v 0.081694 -1.108270 -0.060429
v 0.079654 -1.109042 -0.047857
v 0.080113 -1.105311 -0.019689
v 0.079098 -1.108012 -0.035212
v 0.065273 -1.049652 -0.018343
v 0.068590 -1.048541 -0.034887
v 0.072837 -1.047446 -0.045825
v 0.084346 -1.044461 -0.071236
v 0.077888 -1.045983 -0.056193
v 0.090338 -1.113712 0.045645
v 0.106583 -1.113142 0.041292
v 0.121898 -1.113610 0.035682
v 0.134641 -1.113603 0.030690
v 0.131860 -1.110127 0.007105
v 0.120168 -1.110415 0.010785
v 0.105530 -1.110561 0.015489
v 0.091332 -1.108408 0.020247
v 0.127022 -1.108354 -0.015261
v 0.116614 -1.109511 -0.011725
v 0.103239 -1.109602 -0.008179
v 0.090962 -1.107877 -0.002971
v 0.088752 -1.110213 -0.023253
v 0.099522 -1.110840 -0.028703
v 0.111628 -1.110259 -0.031982
v 0.121684 -1.108616 -0.036446
v 0.117095 -1.108858 -0.052708
v 0.107637 -1.110025 -0.047666
v 0.096678 -1.110968 -0.043946
v 0.087682 -1.111075 -0.039049
v 0.113222 -1.108629 -0.062154
v 0.100089 -1.108242 -0.071809
v 0.108048 -1.108333 -0.068765
v 0.092215 -1.109490 -0.068924
v 0.088824 -1.110554 -0.059647
v 0.087726 -1.111150 -0.049747
v 0.095489 -1.110096 -0.060130
v 0.095811 -1.110582 -0.052948
v 0.105420 -1.109578 -0.056732
v 0.102938 -1.109091 -0.063065
v 0.095912 -1.109382 -0.065495
v 0.099719 -1.108913 -0.066906
v 0.119717 -1.047650 -0.004964
v 0.000135 0.276412 -0.069245
v 0.000683 0.209631 -0.090650
v 0.075582 -0.706027 0.036707
v 0.090421 -0.707618 0.039615
v 0.106580 -0.705677 0.040048
v 0.135230 -0.291334 0.115298
v 0.078003 -0.072774 0.127683
v 0.082995 -0.034209 0.118193
v 0.080219 -0.053714 0.122524
v 0.137187 -0.322397 0.119846
v 0.126622 -0.013077 0.067067
v 0.001204 -0.300887 -0.104596
v -0.000270 0.171444 -0.097439
v 0.107168 0.134017 0.107333
v 0.000065 -0.219003 -0.110859
v 0.075632 0.417053 0.011553
v 0.073359 0.415378 0.010315
v 0.072703 0.412160 0.009428
v 0.072041 0.410368 0.005856
v 0.071669 0.408425 0.002868
v 0.070977 0.407704 0.000569
v 0.074109 0.412845 0.006799
v 0.072480 0.415332 0.003815
v 0.073406 0.415598 0.006590
v 0.074614 0.414611 0.008229
v 0.000831 0.161055 0.093135
v 0.000614 0.145899 0.103047
v 0.000969 0.135763 0.116359
v 0.001279 0.119869 0.124762
v -0.000038 0.361719 0.116871
v -0.005151 -0.126231 0.161194
v -0.004065 -0.111728 0.157582
v 0.000118 -0.075672 -0.059766
v -0.004964 -0.166764 0.166907
v -0.002723 -0.095852 0.155229
v -0.000870 0.051514 -0.104191
v 0.002194 0.103558 0.131823
v -0.004169 -0.186246 0.166806
v -0.001982 0.111767 -0.112645
v -0.001089 -0.073525 0.154438
v 0.000415 -0.271821 0.144490
v 0.002468 -0.012792 0.141845
v -0.045159 0.475934 0.084923
v -0.055236 0.466977 0.075629
v -0.049666 0.458159 0.086346
v -0.038914 0.463153 0.094328
v -0.045457 0.450108 0.093511
v -0.035733 0.452377 0.099807
v -0.061707 0.455374 0.067293
v -0.056596 0.450480 0.078137
v -0.061993 0.414139 0.073737
v -0.060205 0.423307 0.072931
v -0.065352 0.420340 0.064573
v -0.065842 0.408030 0.064905
v -0.060493 0.387744 0.074547
v -0.061409 0.377782 0.064416
v -0.056613 0.370719 0.075550
v -0.054847 0.380854 0.083939
v -0.023552 0.397907 0.105004
v -0.026633 0.403540 0.102908
v -0.032555 0.397912 0.102941
v -0.028663 0.391481 0.104787
v -0.014339 0.408279 0.108628
v -0.010146 0.412142 0.113888
v -0.010511 0.417214 0.108806
v -0.015451 0.412881 0.104844
v -0.018252 0.392692 0.105789
v -0.023428 0.386037 0.104904
v -0.017007 0.399559 0.108220
v -0.018946 0.403530 0.105510
v -0.013396 0.395066 0.118465
v -0.010531 0.396114 0.122822
v -0.011470 0.401538 0.122612
v -0.014689 0.399605 0.116583
v -0.016741 0.393077 0.109955
v -0.013246 0.390249 0.111962
v -0.014481 0.392985 0.114667
v -0.016697 0.396469 0.112288
v -0.013700 0.403995 0.112406
v -0.010460 0.407106 0.118560
v -0.006335 0.409075 0.124561
v -0.007273 0.402110 0.128926
v -0.038655 0.377792 0.099809
v -0.033161 0.374570 0.101911
v -0.028771 0.380228 0.103975
v -0.034042 0.384782 0.103100
v -0.014267 0.387083 0.109195
v -0.016985 0.371992 0.111762
v -0.011583 0.373527 0.115347
v -0.011488 0.377332 0.114729
v -0.017444 0.375890 0.111144
v -0.043261 0.362513 0.092450
v -0.043133 0.353905 0.089711
v -0.036973 0.355364 0.095466
v -0.037242 0.362146 0.097097
v -0.034466 0.349285 0.095302
v -0.040640 0.345463 0.088425
v -0.030435 0.331781 0.091730
v -0.025640 0.339409 0.100795
v -0.030526 0.344038 0.096959
v -0.036053 0.338101 0.089294
v -0.014575 0.345700 0.108326
v -0.019685 0.335355 0.106163
v -0.012874 0.332492 0.110538
v -0.008853 0.344783 0.110966
v -0.016142 0.365794 0.108299
v -0.016475 0.368644 0.110696
v -0.020348 0.367374 0.107330
v -0.019911 0.365372 0.105645
v -0.023734 0.364902 0.103096
v -0.023667 0.365630 0.103798
v -0.025149 0.366247 0.103602
v -0.025326 0.364703 0.102418
v -0.021999 0.365176 0.104264
v -0.022807 0.364084 0.103615
v -0.020787 0.363437 0.105189
v -0.017493 0.363007 0.108184
v -0.004948 0.361942 0.116072
v -0.004080 0.366180 0.114378
v -0.007186 0.366116 0.113330
v -0.008626 0.362186 0.114722
v -0.023783 0.367934 0.105286
v -0.021307 0.369839 0.107939
v -0.022566 0.372863 0.107742
v -0.025937 0.369743 0.104920
v -0.028861 0.371961 0.103886
v -0.030919 0.367771 0.101554
v -0.027497 0.367090 0.102846
v -0.024451 0.362889 0.102359
v -0.027911 0.364030 0.101331
v -0.027091 0.361086 0.100705
v -0.025064 0.358261 0.101929
v -0.022415 0.361300 0.103984
v -0.019317 0.360017 0.107147
v -0.021819 0.355886 0.104746
v -0.017182 0.354112 0.108274
v -0.014930 0.358846 0.111089
v -0.024806 0.376395 0.106245
v -0.031906 0.363057 0.099579
v -0.035793 0.368768 0.099348
v -0.031371 0.358353 0.098705
v -0.029092 0.354037 0.099311
v -0.020467 0.347663 0.104990
v -0.025485 0.350384 0.101557
v -0.022796 0.326338 0.096726
v -0.014422 0.322620 0.100566
v -0.041881 0.443438 0.095563
v -0.033581 0.444422 0.099294
v -0.042159 0.435301 0.092878
v -0.038504 0.436351 0.095241
v -0.039165 0.439128 0.095312
v -0.043805 0.437559 0.091910
v -0.054710 0.426089 0.078400
v -0.056317 0.419503 0.078837
v -0.050537 0.424559 0.082193
v -0.050118 0.428553 0.082975
v -0.043417 0.417701 0.090850
v -0.040936 0.424654 0.091718
v -0.043891 0.425351 0.089026
v -0.047537 0.418735 0.087341
v -0.037320 0.424335 0.093936
v -0.038603 0.417962 0.093559
v -0.033717 0.419157 0.095487
v -0.033227 0.424642 0.095313
v -0.032548 0.439938 0.097029
v -0.033029 0.437005 0.096800
v -0.026799 0.436377 0.096555
v -0.025358 0.439457 0.097009
v -0.016936 0.429064 0.093476
v -0.014021 0.428853 0.095103
v -0.014666 0.433074 0.095240
v -0.017833 0.431618 0.093900
v -0.018213 0.427492 0.094178
v -0.016277 0.425948 0.095492
v -0.036452 0.497902 0.079769
v -0.050790 0.488698 0.070034
v -0.031792 0.482400 0.093516
v -0.060601 0.476143 0.061082
v -0.067369 0.460764 0.054241
v -0.057435 0.360877 0.068325
v -0.050719 0.355710 0.080432
v -0.050139 0.365427 0.085108
v -0.055113 0.350018 0.064030
v -0.048200 0.345114 0.078055
v -0.033539 0.327233 0.077343
v -0.042525 0.335064 0.076936
v -0.060486 0.357420 0.048090
v -0.056531 0.349266 0.042323
v -0.049374 0.339380 0.059767
v -0.060858 0.362353 0.028157
v -0.058049 0.359306 0.020878
v -0.050792 0.340632 0.033450
v -0.035187 0.306490 0.040345
v -0.047085 0.310601 0.028580
v -0.047823 0.298652 0.025283
v -0.036664 0.294729 0.037790
v -0.062263 0.367423 0.054808
v -0.067297 0.429992 0.055525
v -0.068793 0.416496 0.053535
v -0.063065 0.431404 0.066671
v -0.070798 0.488869 0.026100
v -0.076388 0.471407 0.024633
v -0.072530 0.467012 0.040451
v -0.066970 0.484162 0.045250
v -0.043112 0.522857 0.030202
v -0.058539 0.507849 0.028066
v -0.055667 0.500592 0.051668
v -0.040990 0.513006 0.057777
v -0.078049 0.471865 0.008545
v -0.071890 0.489449 0.003760
v -0.072762 0.483182 -0.017141
v -0.078580 0.469364 -0.007747
v -0.059995 0.507678 -0.000053
v -0.060954 0.501166 -0.025687
v -0.058978 0.362501 0.009410
v -0.056051 0.344470 0.014176
v -0.054101 0.328799 0.016070
v -0.046816 0.324717 0.031835
v -0.043624 0.513032 -0.031224
v -0.043338 0.522597 -0.002246
v -0.065590 0.440506 -0.048885
v -0.072491 0.432964 -0.034651
v -0.075971 0.448513 -0.027980
v -0.068513 0.458733 -0.043941
v -0.055014 0.448199 -0.064370
v -0.057531 0.469110 -0.059065
v -0.053524 0.387560 -0.040199
v -0.046204 0.388019 -0.054244
v -0.039823 0.372724 -0.042812
v -0.046259 0.372251 -0.031098
v -0.052332 0.445444 0.086983
v -0.055911 0.439289 0.080651
v -0.051119 0.436846 0.086239
v -0.047572 0.440771 0.090883
v -0.065001 0.443322 0.060076
v -0.060662 0.441376 0.071277
v -0.073541 0.451450 0.035380
v -0.077332 0.456041 0.022298
v -0.079759 0.455861 -0.003018
v -0.079346 0.457165 0.010145
v -0.074845 0.426351 -0.022859
v -0.077043 0.436558 -0.018450
v -0.059642 0.370505 -0.004937
v -0.052670 0.370875 -0.019005
v -0.048887 0.352997 -0.014306
v -0.055643 0.349683 -0.001531
v -0.035381 0.356812 -0.034748
v -0.041404 0.355919 -0.024759
v -0.052456 0.318107 -0.001638
v -0.047050 0.321016 -0.015153
v -0.048207 0.308551 -0.018323
v -0.052101 0.305206 -0.004585
v -0.041531 0.309235 -0.030328
v -0.039744 0.323143 -0.026520
v -0.031983 0.323562 -0.035544
v -0.032690 0.308835 -0.039137
v -0.013441 0.290017 0.051822
v -0.024054 0.292207 0.045834
v -0.026168 0.281997 0.043476
v -0.014433 0.280423 0.048758
v -0.053973 0.294463 -0.008630
v -0.051388 0.298649 -0.023287
v -0.059121 0.386958 -0.026060
v -0.064014 0.387820 -0.015281
v -0.044816 0.298924 -0.035897
v -0.046851 0.335623 -0.013848
v -0.039417 0.338265 -0.024243
v -0.027230 0.356909 -0.042938
v -0.030849 0.372171 -0.052221
v -0.020891 0.408319 0.102931
v -0.023868 0.422539 0.096445
v -0.019714 0.424011 0.096060
v -0.020816 0.426897 0.095078
v -0.024480 0.426181 0.095722
v -0.013688 0.464705 0.105651
v -0.026656 0.465228 0.101247
v -0.024223 0.451683 0.104622
v -0.011578 0.447737 0.106704
v -0.050582 0.393739 0.092527
v -0.044686 0.383731 0.097030
v -0.038816 0.391347 0.101352
v -0.041695 0.400105 0.098469
v -0.047244 0.430071 0.085912
v -0.046326 0.431944 0.088078
v -0.048807 0.432128 0.085614
v -0.041463 0.370584 0.096160
v -0.048154 0.374562 0.091013
v -0.067771 0.401648 0.053263
v -0.057957 0.431984 0.075322
v -0.023175 0.533224 0.033154
v -0.022345 0.521525 0.064350
v -0.023737 0.533237 -0.002095
v -0.023932 0.523440 -0.032821
v -0.041091 0.476812 -0.069706
v -0.022765 0.484836 -0.076076
v -0.022119 0.459254 -0.084613
v -0.039809 0.453975 -0.076277
v -0.034280 0.389130 -0.065288
v -0.022738 0.324944 -0.041736
v -0.023247 0.308889 -0.044550
v -0.020506 0.503251 0.086232
v -0.016683 0.483853 0.099346
v -0.069451 0.446219 0.047425
v -0.061414 0.405617 0.077336
v -0.058142 0.398645 0.083205
v -0.054003 0.409534 0.086926
v -0.056505 0.413652 0.082037
v -0.063953 0.396571 0.068166
v -0.064967 0.387718 0.055620
v -0.065763 0.379403 0.041499
v -0.063621 0.368230 0.034260
v -0.069981 0.474717 -0.036240
v -0.077025 0.462239 -0.021433
v -0.042814 0.497370 -0.054437
v -0.059491 0.487653 -0.046311
v -0.078596 0.451861 -0.015125
v -0.023617 0.506609 -0.058103
v -0.011116 0.381499 0.113647
v -0.009641 0.385412 0.113184
v -0.018190 0.381237 0.109024
v -0.010137 0.357841 0.113916
v -0.011869 0.352906 0.110838
v -0.006759 0.352219 0.112175
v -0.005754 0.357349 0.115329
v -0.013590 0.317835 0.085232
v -0.023125 0.321429 0.081269
v -0.012919 0.299643 0.056278
v -0.022998 0.302051 0.049756
v -0.009658 0.393555 0.117141
v -0.010009 0.392807 0.115066
v -0.008127 0.393033 0.115529
v -0.008183 0.393916 0.117490
v -0.022476 0.366416 0.105126
v -0.006879 0.373710 0.117292
v -0.006996 0.369921 0.115880
v -0.003985 0.369672 0.116540
v -0.003895 0.373328 0.117905
v -0.038294 0.327663 0.056123
v -0.035001 0.318153 0.045438
v -0.052424 0.301654 0.010755
v -0.052963 0.314371 0.013908
v -0.053561 0.332721 -0.000381
v -0.032602 0.340103 -0.033661
v -0.023991 0.341485 -0.040205
v -0.013655 0.342449 -0.044833
v -0.016542 0.357620 -0.048533
v -0.023467 0.318125 0.065985
v -0.023003 0.311411 0.055943
v -0.013029 0.308402 0.062153
v -0.013056 0.314348 0.071423
v -0.004288 0.390913 0.118664
v -0.005198 0.389795 0.116646
v -0.003323 0.387738 0.117498
v -0.002877 0.389938 0.120186
v -0.010805 0.390923 0.113470
v -0.008840 0.388126 0.113387
v -0.008566 0.389986 0.113466
v -0.011597 0.392188 0.115136
v -0.011028 0.393558 0.117744
v -0.006448 0.394315 0.122315
v -0.006269 0.394849 0.127084
v -0.009217 0.394215 0.120693
v -0.006044 0.392115 0.117239
v -0.006331 0.390894 0.115441
v -0.008161 0.391613 0.113944
v -0.009787 0.391846 0.113931
v -0.006764 0.394199 0.120287
v -0.008516 0.394058 0.118996
v -0.005747 0.415010 0.119190
v -0.004270 0.298195 0.059212
v -0.004535 0.306836 0.064812
v -0.023070 0.365176 0.103610
v -0.024363 0.443530 0.100696
v -0.048376 0.407856 0.092488
v -0.028187 0.409369 0.100298
v -0.028558 0.415143 0.098058
v -0.034482 0.412320 0.097145
v -0.034429 0.405140 0.099878
v -0.015633 0.440442 0.100441
v -0.010734 0.434826 0.099310
v -0.006676 0.436799 0.104969
v -0.010147 0.428352 0.099119
v -0.013269 0.423433 0.098284
v -0.011358 0.421085 0.103479
v -0.006662 0.427615 0.106718
v -0.046840 0.435113 0.088726
v -0.044698 0.433674 0.090446
v -0.016498 0.416685 0.101080
v -0.017822 0.420199 0.097883
v -0.022903 0.417706 0.098033
v -0.022101 0.412975 0.100261
v -0.041040 0.409587 0.095549
v -0.052997 0.432132 0.081531
v -0.049875 0.421040 0.083987
v -0.063737 0.383042 -0.001438
v -0.067603 0.393763 -0.008308
v -0.066044 0.376112 0.016674
v -0.065173 0.377714 0.012856
v -0.060473 0.372359 0.015169
v -0.063087 0.371795 0.019545
v -0.078207 0.426422 -0.002041
v -0.077829 0.426790 0.001819
v -0.078316 0.433437 0.002263
v -0.078286 0.432585 -0.005234
v -0.077825 0.429302 0.008303
v -0.076888 0.425462 0.008650
v -0.076755 0.424978 0.011971
v -0.077788 0.432325 0.010425
v -0.075851 0.429806 0.017755
v -0.076763 0.441650 0.020717
v -0.078711 0.443706 0.010424
v -0.070930 0.427878 0.040756
v -0.073541 0.436610 0.030398
v -0.073217 0.424768 0.023819
v -0.071745 0.416356 0.028575
v -0.066574 0.382635 0.027393
v -0.065180 0.375496 0.023934
v -0.061321 0.375717 0.007696
v -0.052276 0.426930 -0.064650
v -0.063213 0.422093 -0.050508
v -0.069157 0.417529 -0.036194
v -0.071971 0.414304 -0.023605
v -0.040172 0.433258 -0.076730
v -0.025794 0.433532 -0.083358
v -0.070700 0.410995 0.041111
v -0.069910 0.405311 0.029802
v -0.059174 0.403739 -0.047420
v -0.049506 0.406674 -0.061815
v -0.064535 0.401816 -0.033079
v -0.068400 0.401827 -0.021088
v -0.036950 0.412907 -0.074013
v -0.020354 0.410192 -0.080100
v -0.019229 0.388937 -0.071280
v -0.070472 0.384867 0.017303
v -0.070989 0.379298 0.018048
v -0.067944 0.377872 0.019576
v -0.068516 0.383455 0.021306
v -0.068674 0.393732 0.028713
v -0.068255 0.395934 0.040354
v -0.005984 0.420987 0.113637
v -0.006047 0.331223 0.112627
v -0.004166 0.344622 0.112619
v -0.006230 0.381318 0.116088
v -0.006715 0.377449 0.116883
v -0.003709 0.376844 0.117510
v -0.003360 0.380510 0.116819
v -0.018763 0.436986 0.096056
v -0.018286 0.372637 -0.059015
v -0.012574 0.326375 -0.044980
v -0.012520 0.310282 -0.047531
v -0.035737 0.297386 -0.045172
v -0.024926 0.296354 -0.050877
v -0.003058 0.384220 0.116691
v -0.005755 0.384812 0.115779
v -0.006189 0.393597 0.119059
v -0.011475 0.369581 0.114096
v -0.006447 0.389582 0.115139
v -0.005721 0.387557 0.115531
v -0.001342 0.387187 0.118244
v -0.001550 0.383872 0.116996
v -0.028664 0.420804 0.096422
v -0.028771 0.425306 0.095869
v -0.004736 0.392646 0.121139
v -0.003652 0.391791 0.123668
v -0.038786 0.284214 0.034722
v -0.048839 0.287351 0.021494
v -0.001880 0.369556 0.116751
v -0.001887 0.373146 0.118084
v -0.071665 0.409699 0.020704
v -0.073330 0.416866 0.018609
v -0.074452 0.412262 0.013731
v -0.072609 0.406184 0.015421
v -0.004578 0.289086 0.054941
v -0.053300 0.290611 0.006344
v -0.013343 0.296634 -0.054290
v -0.046072 0.426619 0.086864
v -0.047073 0.428267 0.085484
v -0.021413 0.434527 0.094979
v -0.013124 0.362509 0.112063
v -0.011424 0.366001 0.111382
v -0.004837 0.312682 0.073698
v -0.001333 0.389382 0.121114
v -0.074980 0.419333 0.005744
v -0.074531 0.415753 0.006511
v -0.077163 0.415041 0.008295
v -0.077448 0.418179 0.008832
v -0.079022 0.421466 0.013328
v -0.080310 0.424666 0.011655
v -0.081408 0.421301 0.010292
v -0.079883 0.418528 0.010986
v -0.075676 0.422161 0.015772
v -0.076784 0.417681 0.013844
v -0.082684 0.425967 0.009916
v -0.082332 0.423337 0.008781
v -0.077754 0.426444 0.005871
v -0.080155 0.427184 0.008537
v -0.081366 0.428863 0.004151
v -0.085070 0.427041 0.006161
v -0.083170 0.428545 -0.001933
v -0.087496 0.426216 0.000920
v -0.083287 0.424820 -0.007285
v -0.088131 0.423122 -0.004567
v -0.069635 0.391373 0.021256
v -0.068695 0.392246 0.014901
v -0.082849 0.418806 -0.009982
v -0.088285 0.418059 -0.007672
v -0.082124 0.411297 -0.011832
v -0.087342 0.411097 -0.009386
v -0.081051 0.402723 -0.011238
v -0.085388 0.403713 -0.009140
v -0.079575 0.395552 -0.008374
v -0.083655 0.396897 -0.006633
v -0.077283 0.386551 -0.003955
v -0.081516 0.390331 -0.002133
v -0.084176 0.421425 -0.003682
v -0.083519 0.424335 0.000113
v -0.076674 0.422797 -0.003908
v -0.082721 0.425001 0.004977
v -0.073706 0.410223 0.000061
v -0.072749 0.408344 0.000384
v -0.074845 0.409366 0.003533
v -0.073247 0.411360 0.001832
v -0.073080 0.404351 0.012044
v -0.072650 0.399031 0.012130
v -0.071928 0.398965 0.015800
v -0.070515 0.395152 0.011597
v -0.069799 0.399636 0.010514
v -0.069878 0.396366 0.010316
v -0.069169 0.403813 0.010010
v -0.070172 0.394954 0.008796
v -0.071052 0.393338 0.009837
v -0.069194 0.395879 0.008172
v -0.068884 0.396766 0.009048
v -0.067985 0.398629 0.008170
v -0.068181 0.401702 0.005831
v -0.071163 0.400829 0.021465
v -0.068088 0.389449 0.001141
v -0.071381 0.397527 -0.003177
v -0.078756 0.385513 0.003681
v -0.075655 0.379719 0.003416
v -0.072966 0.376407 0.015860
v -0.074474 0.375966 0.010459
v -0.075328 0.417756 -0.005084
v -0.074742 0.411268 -0.006585
v -0.066125 0.383454 0.007944
v -0.073664 0.404753 -0.006116
v -0.079734 0.394070 -0.001076
v -0.077259 0.390853 0.003193
v -0.082140 0.398813 -0.004445
v -0.072033 0.390086 0.011859
v -0.074989 0.389676 0.007830
v -0.076506 0.384068 0.009518
v -0.073715 0.384075 0.014073
v -0.075385 0.394569 0.003841
v -0.078548 0.397035 0.001022
v -0.072232 0.396727 0.002939
v -0.075234 0.399267 0.000527
v -0.070882 0.395189 0.006159
v -0.072816 0.393238 0.006945
v -0.068703 0.398644 0.002297
v -0.071719 0.402258 -0.000300
v -0.068689 0.396613 0.006027
v -0.078187 0.402352 -0.000388
v -0.075325 0.405301 -0.000396
v -0.078682 0.408545 0.001080
v -0.080607 0.406074 -0.000481
v -0.080984 0.400524 -0.001570
v -0.082941 0.404799 -0.003101
v -0.082839 0.404545 -0.006618
v -0.083628 0.410198 -0.003895
v -0.083554 0.410985 -0.007097
v -0.082111 0.410073 -0.001125
v -0.080723 0.411020 0.001246
v -0.084392 0.417081 -0.006091
v -0.083718 0.415335 -0.003207
v -0.083443 0.419241 -0.001414
v -0.082819 0.413892 -0.000596
v -0.082342 0.416900 0.000801
v -0.081626 0.413248 0.000934
v -0.080998 0.414923 0.002295
v -0.079741 0.422534 0.007279
v -0.078562 0.420776 0.008666
v -0.081084 0.422764 0.004543
v -0.079649 0.420306 0.004625
v -0.078819 0.421736 0.005817
v -0.077361 0.420684 0.006172
v -0.078621 0.418155 0.005249
v -0.076605 0.416082 0.004247
v -0.017265 0.258968 0.046181
v -0.005915 0.257660 0.046952
v -0.005207 0.267983 0.048633
v -0.015919 0.269472 0.046637
v -0.081063 0.418898 0.002701
v -0.079969 0.416434 0.004009
v -0.082310 0.421722 0.001205
v -0.077662 0.412454 0.002157
v -0.078678 0.414291 0.003436
v -0.079853 0.412738 0.002711
v -0.078841 0.411310 0.002152
v -0.072835 0.408178 0.010945
v -0.070733 0.406699 0.007681
v -0.070679 0.404199 0.003828
v -0.050010 0.246683 0.031236
v -0.046178 0.255350 0.028130
v -0.060278 0.261301 0.016230
v -0.065177 0.254353 0.018842
v -0.061039 0.225944 0.047789
v -0.082354 0.234351 0.033584
v -0.081723 0.213021 0.051754
v -0.063929 0.207817 0.058022
v -0.081192 0.195099 0.066587
v -0.065111 0.191178 0.070162
v -0.078439 0.147011 0.104726
v -0.063116 0.146006 0.108152
v -0.063831 0.161164 0.095940
v -0.079440 0.162317 0.092152
v -0.098231 0.073217 0.139465
v -0.092213 0.055708 0.136483
v -0.079117 0.059962 0.142045
v -0.086732 0.075638 0.143980
v -0.140618 0.168951 0.060761
v -0.142543 0.188084 0.052520
v -0.153489 0.179233 0.051008
v -0.149719 0.159443 0.057795
v -0.092723 0.267074 -0.012038
v -0.088851 0.253266 0.010057
v -0.080853 0.257361 0.005320
v -0.085519 0.270054 -0.014182
v -0.141141 0.084018 0.091644
v -0.136956 0.072345 0.099857
v -0.132924 0.081618 0.107536
v -0.135855 0.093310 0.100363
v -0.108244 0.003334 0.084642
v -0.110451 -0.014401 0.084743
v -0.095680 -0.014292 0.100337
v -0.094195 0.002950 0.099386
v -0.142989 0.022274 0.022716
v -0.145359 0.020924 -0.002846
v -0.144454 0.006837 -0.004656
v -0.143226 0.006844 0.021025
v -0.105397 0.145957 0.095283
v -0.092695 0.146986 0.100216
v -0.094091 0.162268 0.087950
v -0.107414 0.161535 0.083342
v -0.325062 0.215539 0.013769
v -0.325269 0.199424 0.014152
v -0.300701 0.200223 0.015987
v -0.300212 0.216094 0.015151
v -0.147192 -0.078310 0.031186
v -0.146052 -0.075621 0.007083
v -0.148413 -0.092628 0.010443
v -0.148821 -0.095693 0.034635
v -0.190588 0.242041 0.025646
v -0.176562 0.245418 0.026368
v -0.175188 0.262068 0.007430
v -0.188380 0.259324 0.008137
v -0.140585 0.131531 0.072344
v -0.133623 0.138334 0.078285
v -0.137598 0.152870 0.069399
v -0.144675 0.144105 0.064940
v -0.154611 0.048388 -0.005016
v -0.153478 0.049202 0.017639
v -0.156592 0.065280 0.011894
v -0.157806 0.064661 -0.008514
v -0.148933 0.034785 0.021117
v -0.150427 0.033542 -0.003242
v -0.126032 0.142110 0.083729
v -0.116548 0.144164 0.089568
v -0.118973 0.160398 0.078505
v -0.128302 0.158561 0.073799
v -0.085668 0.041069 0.127076
v -0.070100 0.046402 0.134602
v -0.143121 -0.099338 0.058413
v -0.132453 -0.103525 0.079708
v -0.131366 -0.085286 0.076441
v -0.141957 -0.081687 0.055175
v -0.077553 0.018798 0.108550
v -0.079864 0.030694 0.115088
v -0.094084 0.029187 0.106219
v -0.092111 0.017838 0.098435
v -0.118091 -0.107316 0.098369
v -0.101500 -0.110998 0.115631
v -0.099373 -0.091166 0.111382
v -0.116313 -0.088550 0.094925
v -0.080549 0.178304 0.079504
v -0.064709 0.176240 0.083375
v -0.118026 0.071904 0.125576
v -0.114911 0.055108 0.121869
v -0.104314 0.054405 0.129599
v -0.108937 0.072079 0.133042
v -0.158792 0.132239 0.041559
v -0.156610 0.146296 0.052091
v -0.165914 0.166589 0.045700
v -0.168162 0.144660 0.035573
v -0.151226 -0.109381 0.012844
v -0.151595 -0.112293 0.037228
v -0.120609 -0.126251 0.101266
v -0.103850 -0.130551 0.118858
v -0.202761 0.140783 -0.031443
v -0.192405 0.129285 -0.027225
v -0.189884 0.131870 -0.013534
v -0.200657 0.143736 -0.018492
v -0.048311 0.078057 0.144796
v -0.063514 0.086254 0.145693
v -0.068978 0.070226 0.145820
v -0.056119 0.058433 0.141454
v -0.111181 0.040241 0.111584
v -0.107701 0.029758 0.098166
v -0.099309 0.039265 0.119395
v -0.032356 0.069604 0.140099
v -0.041351 0.045083 0.131721
v -0.047975 0.173005 0.086531
v -0.047496 0.159049 0.098889
v -0.047652 0.187987 0.075225
v -0.030645 0.184929 0.079803
v -0.028648 0.200718 0.069685
v -0.045776 0.203891 0.064624
v -0.025632 0.216868 0.061826
v -0.042363 0.220372 0.056376
v -0.033645 0.242068 0.041658
v -0.030666 0.251224 0.038334
v -0.150096 0.133011 0.058349
v -0.146144 0.121657 0.064808
v -0.135032 -0.121548 0.082292
v -0.103525 0.206505 -0.098020
v -0.102924 0.189338 -0.103218
v -0.118312 0.195082 -0.096610
v -0.118798 0.211443 -0.091846
v -0.100995 0.266858 -0.010922
v -0.100166 0.253396 0.012013
v -0.172730 0.150239 -0.070621
v -0.161004 0.144570 -0.072959
v -0.163771 0.133318 -0.067672
v -0.173123 0.140799 -0.065721
v -0.200914 0.142576 -0.051161
v -0.214083 0.151151 -0.054409
v -0.213242 0.158452 -0.060953
v -0.198557 0.149817 -0.056879
v -0.141990 -0.090306 -0.011856
v -0.138702 -0.073433 -0.015705
v -0.123966 0.035049 -0.068098
v -0.134399 0.027519 -0.047761
v -0.142330 0.042253 -0.046902
v -0.134122 0.050945 -0.065857
v -0.017531 0.173762 -0.100310
v -0.017756 0.159149 -0.102701
v -0.035629 0.163032 -0.106329
v -0.034957 0.177928 -0.103438
v -0.068701 0.208004 -0.100857
v -0.067487 0.222206 -0.095151
v -0.049154 0.212471 -0.097562
v -0.050222 0.198968 -0.101572
v -0.086677 0.199613 -0.102872
v -0.086704 0.182318 -0.107657
v -0.156298 0.067491 -0.027113
v -0.152440 0.051631 -0.025891
v -0.163376 0.091469 -0.032008
v -0.163858 0.090180 -0.016426
v -0.167873 0.099716 -0.019189
v -0.167390 0.100194 -0.033264
v -0.079054 0.274594 -0.016113
v -0.077605 0.280056 -0.037519
v -0.085278 0.276473 -0.035486
v -0.045977 0.258175 -0.078518
v -0.045575 0.252050 -0.081772
v -0.057550 0.257950 -0.076819
v -0.056038 0.262766 -0.074075
v -0.041089 0.095623 -0.112782
v -0.020976 0.094104 -0.112420
v -0.020537 0.073568 -0.109197
v -0.041932 0.073568 -0.109145
v -0.171980 0.110665 -0.045584
v -0.180757 0.118448 -0.046421
v -0.178072 0.123895 -0.054080
v -0.169418 0.116069 -0.054659
v -0.163028 0.108903 -0.055319
v -0.157835 0.100670 -0.056432
v -0.161118 0.095007 -0.044978
v -0.165723 0.103667 -0.045160
v -0.141848 0.066081 -0.062154
v -0.148341 0.057886 -0.044947
v -0.153508 0.072741 -0.044261
v -0.148681 0.080245 -0.059983
v -0.016974 0.006078 -0.090033
v -0.035092 0.004501 -0.092575
v -0.036453 0.026822 -0.098576
v -0.017667 0.027586 -0.098379
v -0.208736 0.163024 0.001964
v -0.208296 0.170814 0.015378
v -0.221245 0.175031 0.011092
v -0.223437 0.166542 -0.003702
v -0.220851 0.181204 -0.073046
v -0.231404 0.186585 -0.074620
v -0.230403 0.193303 -0.075616
v -0.219418 0.188357 -0.074622
v -0.244761 0.159627 -0.020170
v -0.240411 0.166879 -0.006945
v -0.260495 0.165378 -0.008798
v -0.264114 0.157849 -0.023102
v -0.108795 0.270425 -0.036962
v -0.109255 0.266958 -0.010973
v -0.101152 0.272330 -0.035397
v -0.230848 0.150986 -0.039594
v -0.246967 0.153316 -0.044084
v -0.246353 0.156077 -0.054526
v -0.229758 0.152620 -0.050279
v -0.324578 0.230879 0.006019
v -0.299996 0.231435 0.007308
v -0.286980 0.155062 -0.038533
v -0.288714 0.157361 -0.050818
v -0.266938 0.155146 -0.048139
v -0.266109 0.154438 -0.036252
v -0.115449 0.019213 -0.068104
v -0.128326 0.012653 -0.049255
v -0.116212 -0.086995 -0.047879
v -0.130799 -0.088580 -0.031653
v -0.126210 -0.071395 -0.035856
v -0.111312 -0.069452 -0.051957
v -0.144265 -0.107594 -0.009225
v -0.119117 -0.105329 -0.044313
v -0.133364 -0.106169 -0.028606
v -0.063299 0.287074 -0.033917
v -0.055345 0.286608 -0.048510
v -0.061078 0.281028 -0.053406
v -0.070562 0.283810 -0.037027
v -0.179919 -0.214657 -0.012184
v -0.180511 -0.241433 -0.016815
v -0.185693 -0.241331 0.011394
v -0.183661 -0.216958 0.017437
v -0.032045 0.270028 -0.071377
v -0.048169 0.275428 -0.064096
v -0.043292 0.282351 -0.058568
v -0.029692 0.278428 -0.065009
v -0.180799 -0.193095 0.018591
v -0.177310 -0.190096 -0.010095
v -0.066111 0.281411 -0.015559
v -0.073095 0.277936 -0.016553
v -0.069786 0.268769 0.000764
v -0.063213 0.274053 0.001112
v -0.055228 0.268863 0.016079
v -0.184304 -0.247424 0.041185
v -0.179825 -0.222598 0.044009
v -0.049888 0.291678 -0.042697
v -0.039329 0.288981 -0.052666
v -0.027155 0.287071 -0.058356
v -0.014176 0.286216 -0.061514
v -0.151313 -0.123919 -0.009294
v -0.157217 -0.125785 0.014230
v -0.126327 -0.343936 -0.085986
v -0.097862 -0.347669 -0.094259
v -0.095636 -0.358213 -0.085602
v -0.129260 -0.358599 -0.076467
v -0.025783 -0.330730 -0.100042
v -0.022073 -0.340300 -0.086134
v -0.059289 -0.351864 -0.087972
v -0.064528 -0.341635 -0.100014
v -0.034414 -0.219829 -0.112219
v -0.064903 -0.220887 -0.112266
v -0.065351 -0.199016 -0.105135
v -0.035464 -0.197813 -0.106037
v -0.125580 -0.122151 -0.046194
v -0.140116 -0.122847 -0.029756
v -0.156360 -0.128793 0.039354
v -0.184421 -0.381789 0.054740
v -0.192644 -0.376794 0.014570
v -0.186545 -0.412453 0.013522
v -0.180558 -0.417790 0.051240
v -0.153853 -0.407319 -0.047221
v -0.159251 -0.378432 -0.052206
v -0.126623 -0.379952 -0.069251
v -0.122121 -0.404675 -0.062857
v -0.085699 -0.134304 0.134406
v -0.105372 -0.150013 0.120784
v -0.087125 -0.154636 0.136472
v -0.028897 -0.144044 0.161873
v -0.049692 -0.140876 0.155455
v -0.048451 -0.162197 0.158750
v -0.027530 -0.164918 0.164663
v -0.026798 -0.273033 0.139754
v -0.012045 -0.272042 0.143310
v -0.015480 -0.251442 0.150182
v -0.032689 -0.250697 0.145699
v -0.170422 -0.228853 0.068350
v -0.152167 -0.233950 0.090158
v -0.151005 -0.215586 0.090159
v -0.167124 -0.208815 0.068998
v -0.020381 -0.346819 -0.067618
v -0.053065 -0.361833 -0.072252
v -0.162616 -0.421543 0.087483
v -0.164635 -0.385001 0.090922
v -0.132469 -0.425354 0.116082
v -0.096707 -0.424578 0.126564
v -0.099787 -0.393153 0.129739
v -0.135029 -0.391178 0.118503
v -0.007877 -0.335365 0.075835
v -0.019815 -0.319377 0.101988
v -0.023961 -0.334000 0.100343
v -0.008478 -0.347536 0.076264
v -0.028847 -0.304399 -0.112939
v -0.028212 -0.319948 -0.107084
v -0.063237 -0.327045 -0.109065
v -0.062669 -0.310666 -0.113857
v -0.102648 -0.104610 -0.056101
v -0.108605 -0.122420 -0.059205
v -0.084810 -0.104074 -0.064049
v -0.099316 -0.085494 -0.059743
v -0.081137 -0.083982 -0.067058
v -0.081676 0.036190 -0.094126
v -0.099760 0.026878 -0.083146
v -0.109033 0.043178 -0.084827
v -0.091554 0.054570 -0.097326
v -0.052731 0.168561 -0.109705
v -0.051471 0.184105 -0.106183
v -0.083478 -0.395311 -0.069231
v -0.040702 -0.379227 -0.059880
v -0.052172 -0.418712 -0.056406
v -0.087574 -0.426775 -0.061779
v -0.148128 -0.436296 -0.043103
v -0.169260 -0.439426 -0.020659
v -0.176599 -0.408305 -0.021837
v -0.179618 -0.445354 0.012286
v -0.174772 -0.450415 0.049602
v -0.128124 -0.457817 0.112296
v -0.092607 -0.456005 0.121160
v -0.012276 -0.417933 0.083545
v -0.032384 -0.421600 0.105427
v -0.030739 -0.447065 0.096600
v -0.012216 -0.441551 0.073148
v -0.065807 -0.272934 0.122907
v -0.101420 -0.256586 0.116757
v -0.101956 -0.278695 0.118520
v -0.071888 -0.295902 0.122302
v -0.032464 -0.122947 0.157953
v -0.049035 -0.119212 0.152688
v -0.067331 -0.137795 0.146924
v -0.065928 -0.116582 0.144229
v -0.083829 -0.114057 0.131656
v -0.041843 -0.032636 0.141574
v -0.062244 -0.033169 0.132119
v -0.061607 -0.052914 0.135862
v -0.041818 -0.052595 0.145751
v -0.042131 -0.012276 0.136733
v -0.062589 -0.012901 0.127827
v -0.040015 0.025420 0.122736
v -0.062377 0.035052 0.123490
v -0.060327 0.021642 0.116870
v -0.031306 0.169436 0.090110
v -0.030935 0.155193 0.101125
v -0.174583 -0.251535 0.066919
v -0.013371 -0.385000 -0.032883
v -0.002004 -0.395041 -0.003196
v -0.006319 -0.422012 -0.011566
v -0.022601 -0.417363 -0.038509
v -0.177055 -0.200470 0.045201
v -0.145595 -0.116500 0.060995
v -0.150059 -0.133604 0.063349
v -0.134165 0.026137 0.052983
v -0.134800 0.007561 0.046255
v -0.077050 0.091059 0.143723
v -0.078115 0.079206 0.145443
v -0.183267 -0.374992 -0.023470
v -0.123265 -0.488533 0.107086
v -0.118297 -0.517486 0.100967
v -0.085183 -0.516352 0.106435
v -0.088918 -0.486863 0.114001
v -0.006871 -0.463335 0.035562
v -0.014001 -0.468553 0.062248
v -0.016729 -0.496516 0.051572
v -0.012042 -0.492096 0.025509
v -0.016143 -0.521505 0.017446
v -0.019858 -0.526194 0.043424
v -0.021294 -0.554403 0.033405
v -0.019081 -0.549245 0.009365
v -0.157117 -0.456187 0.086035
v -0.160957 -0.510950 0.047116
v -0.145379 -0.516274 0.078584
v -0.150737 -0.487069 0.082850
v -0.167499 -0.481734 0.049213
v -0.120487 -0.433572 -0.055983
v -0.002985 -0.436028 0.046667
v -0.001185 -0.413354 0.057701
v -0.022285 -0.486794 -0.022943
v -0.039737 -0.485347 -0.043273
v -0.032040 -0.453258 -0.041148
v -0.013919 -0.454755 -0.017934
v -0.144044 -0.492576 -0.038439
v -0.160631 -0.497231 -0.015599
v -0.164479 -0.468877 -0.017111
v -0.145804 -0.464820 -0.039552
v -0.172606 -0.475318 0.014541
v -0.166166 -0.504086 0.014317
v -0.150187 -0.566880 0.043474
v -0.133856 -0.571531 0.070989
v -0.139812 -0.544479 0.074515
v -0.155187 -0.539429 0.045444
v -0.156784 -0.559530 0.012532
v -0.161134 -0.532184 0.013442
v -0.157115 -0.524986 -0.015417
v -0.153547 -0.552204 -0.015158
v -0.139669 -0.546390 -0.036309
v -0.142119 -0.519652 -0.037736
v -0.120991 -0.516378 -0.052591
v -0.120555 -0.542506 -0.050884
v -0.095402 -0.513961 -0.058694
v -0.069508 -0.512972 -0.055969
v -0.073839 -0.539564 -0.055371
v -0.097632 -0.540247 -0.056840
v -0.034400 -0.542800 -0.032901
v -0.051671 -0.540444 -0.047909
v -0.046013 -0.514007 -0.045873
v -0.028951 -0.516152 -0.027863
v -0.051870 -0.647099 -0.048625
v -0.070559 -0.644602 -0.051915
v -0.065448 -0.617591 -0.051949
v -0.046024 -0.619760 -0.046623
v -0.088215 -0.642762 -0.055790
v -0.106620 -0.642153 -0.056435
v -0.102713 -0.616474 -0.053604
v -0.084745 -0.616616 -0.052884
v -0.134058 -0.622688 -0.032960
v -0.120414 -0.618088 -0.047555
v -0.123383 -0.643731 -0.049675
v -0.136229 -0.648248 -0.034522
v -0.147744 -0.653931 -0.015449
v -0.147734 -0.628784 -0.014342
v -0.147424 -0.660693 0.007823
v -0.150488 -0.636416 0.009747
v -0.136518 -0.642340 0.034439
v -0.133881 -0.666171 0.031766
v -0.023596 -0.633298 0.003600
v -0.027705 -0.660229 -0.002228
v -0.027096 -0.654546 -0.022270
v -0.022112 -0.628093 -0.015810
v -0.050341 -0.642942 0.044907
v -0.068062 -0.645442 0.065343
v -0.068474 -0.669356 0.054434
v -0.053532 -0.668439 0.033425
v -0.153378 -0.585725 0.011493
v -0.145817 -0.593208 0.041459
v -0.136553 -0.572197 -0.034203
v -0.149978 -0.578209 -0.014583
v -0.038580 -0.568337 -0.037822
v -0.056764 -0.566035 -0.049482
v -0.022641 -0.581560 0.023757
v -0.020610 -0.576169 0.000953
v -0.097369 -0.622870 0.077035
v -0.101105 -0.597626 0.080814
v -0.128252 -0.597376 0.067283
v -0.122904 -0.622360 0.063227
v -0.151714 -0.611334 0.010936
v -0.147922 -0.603489 -0.014172
v -0.134294 -0.597234 -0.032805
v -0.119838 -0.593101 -0.047167
v -0.101161 -0.591301 -0.052922
v -0.081492 -0.590920 -0.052830
v -0.061184 -0.591495 -0.050925
v -0.042329 -0.593657 -0.042588
v -0.021081 -0.602183 -0.007877
v -0.023340 -0.607964 0.013415
v -0.093398 -0.669880 0.061795
v -0.094617 -0.647568 0.072168
v -0.119616 -0.645866 0.057678
v -0.118318 -0.668811 0.052195
v -0.093264 -0.690885 0.050745
v -0.071610 -0.691015 0.043672
v -0.092494 -0.669425 -0.059661
v -0.110011 -0.669144 -0.059070
v -0.126198 -0.670686 -0.052033
v -0.149055 -0.678877 -0.018095
v -0.145137 -0.685699 0.006812
v -0.131326 -0.691018 0.029916
v -0.115101 -0.690049 0.045518
v -0.040709 -0.708303 -0.029236
v -0.035403 -0.680895 -0.024723
v -0.035243 -0.685205 -0.007224
v -0.041417 -0.711737 -0.011164
v -0.060246 -0.702303 -0.056526
v -0.076490 -0.699003 -0.066153
v -0.075426 -0.672016 -0.053298
v -0.058954 -0.674673 -0.047170
v -0.095794 -0.697015 -0.070682
v -0.114680 -0.696770 -0.068183
v -0.132087 -0.697227 -0.060336
v -0.150810 -0.705586 -0.020793
v -0.140838 -0.673542 -0.039002
v -0.146131 -0.700060 -0.044075
v -0.144758 -0.712341 0.008062
v -0.124491 -0.746851 0.026516
v -0.122442 -0.718037 0.028893
v -0.146739 -0.740955 0.007201
v -0.100637 -0.841811 0.014633
v -0.125602 -0.839395 0.013787
v -0.123030 -0.872894 0.008323
v -0.101172 -0.875622 0.009703
v -0.044072 -0.739931 -0.015765
v -0.041642 -0.737545 -0.036173
v -0.059625 -0.732073 -0.067425
v -0.077988 -0.728607 -0.077534
v -0.157351 -0.764156 -0.026538
v -0.154203 -0.734148 -0.022307
v -0.150206 -0.728983 -0.047399
v -0.152650 -0.759437 -0.051820
v -0.045068 -0.834535 -0.028140
v -0.042838 -0.833207 -0.047631
v -0.040035 -0.800275 -0.046048
v -0.042627 -0.802182 -0.025061
v -0.076532 -0.760352 -0.084102
v -0.058005 -0.763792 -0.073865
v -0.058625 -0.795916 -0.077595
v -0.076646 -0.793196 -0.087890
v -0.155028 -0.830933 -0.030681
v -0.157877 -0.796370 -0.029237
v -0.153711 -0.792439 -0.054427
v -0.151571 -0.827880 -0.055028
v -0.126288 -0.775739 0.023055
v -0.149226 -0.770303 0.002993
v -0.149301 -0.801177 -0.001399
v -0.127662 -0.806945 0.018527
v -0.098439 -0.777971 0.023807
v -0.100357 -0.808793 0.019581
v -0.056526 -0.904081 -0.045825
v -0.049579 -0.867895 -0.046829
v -0.051367 -0.870404 -0.029034
v -0.058764 -0.907326 -0.030111
v -0.079267 -0.827589 -0.087295
v -0.061267 -0.829704 -0.078154
v -0.066491 -0.865140 -0.073795
v -0.082550 -0.863740 -0.082454
v -0.144362 -0.905454 -0.033192
v -0.150415 -0.867476 -0.032322
v -0.146425 -0.865437 -0.054267
v -0.140209 -0.903273 -0.053237
v -0.120926 -0.909522 0.003286
v -0.143124 -0.869869 -0.007187
v -0.139084 -0.907428 -0.011238
v -0.116829 -0.945763 0.000636
v -0.099948 -0.947551 0.002488
v -0.100828 -0.911510 0.004965
v -0.065710 -0.941520 -0.030288
v -0.062046 -0.939308 -0.044208
v -0.072271 -0.936510 -0.066311
v -0.084946 -0.934277 -0.074079
v -0.084778 -0.899445 -0.077562
v -0.070795 -0.901311 -0.069727
v -0.118525 -0.901688 -0.076924
v -0.101830 -0.899764 -0.080231
v -0.100756 -0.934423 -0.076458
v -0.115813 -0.936440 -0.072722
v -0.132996 -0.937786 -0.051228
v -0.131393 -0.902105 -0.067965
v -0.125990 -0.937104 -0.064322
v -0.138061 -0.939585 -0.032814
v -0.133706 -0.943023 -0.012163
v -0.002469 -0.357713 -0.009271
v 0.001433 -0.369991 0.021229
v -0.000257 -0.378259 0.008518
v -0.007985 -0.364132 -0.021842
v -0.031789 -0.504509 0.077439
v -0.031331 -0.474524 0.087405
v -0.032566 -0.560702 0.057132
v -0.032862 -0.533852 0.068483
v -0.033101 -0.587496 0.046358
v -0.034104 -0.613880 0.035236
v -0.034097 -0.640487 0.024917
v -0.037032 -0.665668 0.015608
v -0.043935 -0.690546 0.010430
v -0.049452 -0.716557 0.008007
v -0.053950 -0.772282 0.000939
v -0.043238 -0.770445 -0.020796
v -0.053247 -0.743474 0.004699
v -0.056531 -0.837042 -0.006323
v -0.054433 -0.803515 -0.002842
v -0.061523 -0.873660 -0.009749
v -0.067374 -0.910540 -0.013467
v -0.073435 -0.944612 -0.015310
v -0.068832 -0.368235 0.128143
v -0.039247 -0.375162 0.117034
v -0.043531 -0.355057 0.119176
v -0.072313 -0.343014 0.127853
v -0.001167 -0.346103 0.045171
v -0.003345 -0.343555 0.058503
v -0.003329 -0.352020 0.058222
v -0.000656 -0.352444 0.043197
v -0.141760 -0.618328 0.038680
v -0.119835 -0.567953 -0.048366
v -0.099350 -0.565899 -0.054228
v -0.077876 -0.565243 -0.053753
v -0.048166 -0.618888 0.057454
v -0.049564 -0.592616 0.066328
v -0.072071 -0.595878 0.079837
v -0.069109 -0.621152 0.073510
v -0.096089 -0.751593 0.027348
v -0.073744 -0.776014 0.015271
v -0.071495 -0.748244 0.019687
v -0.094964 -0.727704 0.031853
v -0.119644 -0.725198 -0.076647
v -0.137544 -0.725810 -0.066370
v -0.099201 -0.757243 -0.087523
v -0.121395 -0.755932 -0.083765
v -0.099141 -0.726255 -0.080160
v -0.053804 -0.541193 0.087848
v -0.080975 -0.544205 0.097854
v -0.076402 -0.570630 0.088419
v -0.051101 -0.566826 0.076950
v -0.120688 -0.054758 -0.039661
v -0.106083 -0.052148 -0.055198
v -0.131806 0.050661 0.095480
v -0.132035 0.039558 0.077302
v -0.120347 0.032951 0.088300
v -0.122162 0.043881 0.103695
v -0.140580 0.049127 0.069664
v -0.139080 0.060098 0.088194
v -0.144341 0.072371 0.080132
v -0.146757 0.061161 0.062942
v -0.162743 0.124584 0.026309
v -0.171145 0.134379 0.020193
v -0.041439 0.007155 0.130593
v -0.019637 0.007069 0.135128
v -0.018897 0.024761 0.127519
v -0.068156 -0.158905 0.149424
v -0.075584 -0.244828 0.129651
v -0.043312 -0.273616 0.133351
v -0.052261 -0.248313 0.138544
v -0.004793 -0.323052 0.100785
v -0.054225 0.000537 -0.090960
v -0.056228 0.023015 -0.095792
v -0.033720 0.191916 -0.100071
v -0.016757 0.187538 -0.097513
v -0.031260 0.216945 -0.093039
v -0.030054 0.228220 -0.089681
v -0.014631 0.223354 -0.089148
v -0.015251 0.212220 -0.091909
v -0.014911 0.276434 -0.068788
v -0.015886 0.266463 -0.074419
v 0.000518 -0.350153 0.027212
v 0.000378 -0.357980 0.039661
v 0.000647 -0.352376 0.017921
v -0.013935 -0.397491 0.092424
v -0.001637 -0.395550 0.068079
v -0.003527 -0.381374 0.075298
v -0.016648 -0.380031 0.098574
v -0.185694 -0.345656 0.058637
v -0.195943 -0.340743 0.019107
v -0.090248 -0.374453 -0.075428
v -0.335679 0.165249 -0.053187
v -0.337626 0.173897 -0.063551
v -0.313769 0.169516 -0.063596
v -0.311708 0.161248 -0.052574
v -0.063400 0.097387 -0.112799
v -0.069901 0.071579 -0.106957
v -0.075083 0.263605 0.002286
v -0.127986 0.267909 -0.007221
v -0.128398 0.257199 0.015668
v -0.118929 0.255997 0.012498
v -0.118096 0.267357 -0.009889
v -0.130786 0.230004 -0.078870
v -0.129501 0.244587 -0.068279
v -0.118658 0.243534 -0.073488
v -0.118961 0.227653 -0.084662
v -0.032438 -0.242595 -0.116627
v -0.063311 -0.244203 -0.117503
v -0.037060 -0.060225 -0.075511
v -0.057082 -0.062717 -0.075472
v -0.053923 -0.043117 -0.080322
v -0.034874 -0.039564 -0.080418
v -0.093170 0.085565 -0.105206
v -0.107209 0.070230 -0.095357
v -0.029810 0.092621 0.139184
v -0.029798 0.110862 0.132064
v -0.046400 0.114430 0.132355
v -0.046229 0.097901 0.140873
v -0.281318 0.192525 -0.075222
v -0.260312 0.180474 -0.073224
v -0.266056 0.170753 -0.068548
v -0.289219 0.177473 -0.071094
v -0.187289 -0.335079 -0.026922
v -0.161575 -0.351546 -0.058777
v -0.135510 -0.023678 -0.029036
v -0.123295 -0.020504 -0.050943
v -0.120333 -0.037876 -0.045558
v -0.132569 -0.040922 -0.024924
v -0.141553 0.022947 -0.025973
v -0.138426 0.008687 -0.028204
v -0.147518 0.036329 -0.025669
v -0.189405 0.131657 -0.046927
v -0.191385 0.128523 -0.038724
v -0.202412 0.139381 -0.042237
v -0.035397 -0.397035 0.112436
v -0.046348 -0.315735 0.116575
v -0.040594 -0.300941 0.118334
v 0.000160 -0.344499 0.031556
v -0.057158 0.281100 0.003169
v -0.051198 0.277416 0.017885
v -0.230117 0.153643 -0.027914
v -0.246960 0.154475 -0.032568
v -0.173922 0.108254 -0.021204
v -0.171405 0.111361 -0.006142
v -0.180312 0.120347 -0.009533
v -0.182750 0.116816 -0.023801
v -0.182731 0.115979 -0.036315
v -0.174048 0.108083 -0.034659
v -0.131276 0.175201 0.063359
v -0.120467 0.178227 0.067675
v -0.121021 0.196340 0.056946
v -0.131892 0.193549 0.054216
v -0.108958 0.178670 0.071695
v -0.095461 0.178661 0.075490
v -0.096247 0.196614 0.062640
v -0.109528 0.197361 0.059582
v -0.071239 0.246856 0.024694
v -0.055288 0.239357 0.039154
v -0.037898 0.233533 0.048887
v -0.022697 0.229610 0.055451
v -0.016260 0.255472 -0.079763
v -0.014965 0.244723 -0.083886
v -0.030928 0.248447 -0.083434
v -0.035200 0.260185 -0.077899
v -0.043372 0.264695 0.028266
v -0.029540 0.261250 0.038996
v -0.018101 0.248638 0.046366
v -0.325819 0.241822 -0.007231
v -0.301512 0.242643 -0.006738
v -0.056766 0.291448 -0.028577
v -0.059040 0.286475 -0.012374
v -0.302630 0.247630 -0.023713
v -0.327276 0.246823 -0.023790
v -0.110862 0.235854 0.030989
v -0.109750 0.254334 0.011723
v -0.120532 0.237042 0.029726
v -0.041161 0.274143 0.030643
v -0.028539 0.271256 0.041151
v -0.194164 -0.304293 0.026223
v -0.183081 -0.308054 0.061376
v -0.139719 -0.064610 0.051621
v -0.144281 -0.061738 0.027483
v -0.020370 -0.032446 0.146470
v -0.020601 -0.052511 0.150829
v -0.004870 0.278740 0.051427
v -0.045321 -0.095966 0.150266
v -0.024712 -0.100008 0.155786
v -0.021941 -0.074503 0.153609
v -0.042802 -0.073593 0.148378
v -0.019153 -0.125040 0.160742
v -0.018455 -0.136346 0.162390
v -0.020422 -0.289380 0.132881
v -0.009294 -0.288460 0.135755
v -0.239383 0.219122 0.023304
v -0.222854 0.219554 0.026796
v -0.219691 0.237875 0.020391
v -0.237289 0.236824 0.016075
v -0.063680 -0.094089 0.141402
v -0.081858 -0.092812 0.127651
v -0.153476 0.121258 0.047495
v -0.157144 0.113483 0.032035
v -0.018673 0.043399 0.130121
v -0.061983 0.102465 0.140354
v -0.062146 0.117311 0.131455
v -0.077161 0.118952 0.128595
v -0.076839 0.105310 0.137995
v 0.000151 -0.347907 0.025877
v -0.220647 0.229067 -0.068484
v -0.208603 0.226015 -0.069845
v -0.211884 0.216059 -0.073313
v -0.224003 0.220671 -0.072125
v 0.002035 -0.390038 0.039536
v 0.001053 -0.406209 0.028467
v -0.015831 -0.349410 -0.046904
v -0.003772 -0.344529 -0.031921
v -0.058627 -0.453303 0.114160
v -0.062199 -0.423380 0.121414
v -0.056736 -0.483759 0.105507
v -0.055025 -0.513336 0.097105
v -0.058044 -0.692505 0.025885
v -0.068547 -0.719461 0.025617
v -0.075947 -0.806930 0.010919
v -0.077699 -0.840109 0.006568
v -0.080437 -0.875718 0.002044
v -0.082791 -0.912535 -0.002290
v -0.085101 -0.947189 -0.003704
v -0.329387 0.245633 -0.040311
v -0.303197 0.246243 -0.041812
v -0.307182 0.238120 -0.055688
v -0.332959 0.238413 -0.053692
v -0.285085 0.157641 -0.025063
v -0.282447 0.164657 -0.010672
v -0.304970 0.164660 -0.012078
v -0.306962 0.158946 -0.026454
v -0.330163 0.160731 -0.027756
v -0.332920 0.160956 -0.041141
v -0.309103 0.157649 -0.040074
v -0.337889 0.186487 -0.070766
v -0.337181 0.200960 -0.073345
v -0.311401 0.197394 -0.074623
v -0.314304 0.182212 -0.071469
v -0.335391 0.227894 -0.063905
v -0.310862 0.226874 -0.065428
v -0.311946 0.213214 -0.072187
v -0.336945 0.215050 -0.070796
v -0.325692 0.184980 0.008696
v -0.326530 0.173190 -0.000839
v -0.302981 0.173705 0.000814
v -0.301608 0.185612 0.010618
v -0.217568 0.253858 0.005483
v -0.235969 0.250977 0.001584
v -0.180969 0.156746 0.027777
v -0.181247 0.172302 0.037290
v -0.194909 0.177634 0.032145
v -0.193769 0.165198 0.020852
v -0.276584 0.232350 0.009862
v -0.255908 0.234409 0.013021
v -0.255723 0.247665 -0.001647
v -0.277993 0.244593 -0.004846
v -0.277968 0.186292 0.013018
v -0.279746 0.174758 0.002732
v -0.257225 0.175134 0.005018
v -0.256103 0.185973 0.016709
v -0.289878 0.165118 -0.062371
v -0.267096 0.160512 -0.059151
v -0.224981 0.200449 0.027937
v -0.240746 0.200520 0.024503
v -0.150641 0.110170 0.053608
v -0.161665 0.091837 0.001630
v -0.165467 0.102173 -0.002386
v -0.123664 0.058051 0.114326
v -0.125114 0.072601 0.118029
v -0.150192 0.053431 0.041014
v -0.153974 0.068622 0.034054
v -0.130908 0.063447 0.107061
v -0.129809 0.073077 0.111693
v -0.079202 0.003822 0.112143
v -0.019500 0.239143 0.049163
v -0.256742 0.217480 0.020099
v -0.256344 0.200455 0.021257
v -0.243260 0.172251 -0.069800
v -0.227370 0.165905 -0.065719
v -0.228258 0.158077 -0.059094
v -0.245588 0.163747 -0.063846
v -0.125219 0.110313 -0.093896
v -0.110649 0.098319 -0.100468
v -0.121684 0.085085 -0.090551
v -0.133949 0.098752 -0.084520
v -0.220400 0.244102 -0.057833
v -0.224227 0.251442 -0.048977
v -0.208312 0.252989 -0.048036
v -0.206781 0.244172 -0.058069
v -0.210977 0.260098 -0.034009
v -0.229227 0.257166 -0.035698
v -0.233725 0.257931 -0.017617
v -0.214806 0.261605 -0.015030
v -0.181777 -0.268335 -0.024943
v -0.190146 -0.269432 0.004373
v -0.138443 -0.139631 0.084705
v -0.122839 -0.145108 0.103434
v -0.103765 -0.235243 0.119390
v -0.022258 -0.349876 0.102056
v -0.006475 -0.359109 0.077731
v -0.001514 -0.429596 0.017821
v -0.188427 -0.270985 0.032639
v -0.006893 -0.458619 0.008764
v -0.013653 -0.488945 0.000921
v -0.065201 -0.485496 -0.055824
v -0.093230 -0.486983 -0.059329
v -0.090943 -0.458120 -0.059776
v -0.059883 -0.454640 -0.055968
v -0.120893 -0.489431 -0.053111
v -0.120741 -0.461581 -0.053662
v -0.106632 -0.571724 0.086715
v -0.099080 -0.791019 -0.091342
v -0.121192 -0.826439 -0.086350
v -0.121770 -0.789411 -0.087631
v -0.100134 -0.826679 -0.090473
v -0.140566 -0.790057 -0.074337
v -0.139979 -0.756355 -0.071905
v -0.146548 -0.834436 -0.003728
v -0.101738 -0.863206 -0.085678
v -0.120530 -0.863929 -0.082379
v -0.139685 -0.826136 -0.074404
v -0.136149 -0.864028 -0.071608
v 0.001385 -0.378496 0.049347
v -0.164641 -0.349845 0.092828
v -0.162138 -0.318442 0.095793
v -0.103100 -0.304835 0.123291
v -0.073435 -0.318940 0.125347
v -0.097667 -0.072560 0.107847
v -0.114653 -0.070751 0.091692
v -0.111495 -0.033121 0.085691
v -0.125862 -0.031399 0.067826
v -0.127332 -0.049644 0.070044
v -0.113033 -0.052276 0.088536
v -0.142630 -0.027877 0.021299
v -0.142344 -0.026083 -0.004744
v -0.140594 -0.043243 -0.001361
v -0.142381 -0.044952 0.023872
v -0.142303 -0.059506 0.002748
v -0.133696 -0.057414 -0.019917
v -0.071920 -0.025481 -0.081290
v -0.089605 -0.029705 -0.073422
v -0.090887 -0.010068 -0.079683
v -0.072936 -0.004550 -0.086759
v -0.031004 -0.292412 0.125967
v -0.001292 -0.360918 0.057990
v -0.065715 -0.394887 0.126246
v -0.102184 -0.362064 0.130439
v -0.135782 -0.357407 0.119156
v -0.227552 0.158995 -0.016230
v -0.152354 0.137377 -0.076113
v -0.155886 0.125812 -0.070567
v -0.248957 0.252981 -0.038242
v -0.253992 0.253788 -0.020485
v -0.238381 0.185512 0.020507
v -0.204648 0.239136 0.023933
v -0.207841 0.218977 0.030825
v -0.192985 0.219967 0.034840
v -0.129107 -0.244408 0.105324
v -0.155820 -0.257523 0.090811
v -0.130736 -0.267506 0.108355
v -0.000960 -0.345887 -0.014920
v -0.046681 -0.335000 0.118561
v -0.018614 -0.518308 -0.005994
v -0.022745 -0.545807 -0.013059
v -0.025736 -0.571695 -0.020445
v -0.028140 -0.597385 -0.027422
v -0.030850 -0.623317 -0.034056
v -0.036476 -0.649472 -0.039332
v -0.044697 -0.676860 -0.039011
v -0.048552 -0.705116 -0.044578
v -0.040436 -0.768537 -0.042066
v -0.046218 -0.766149 -0.059765
v -0.047412 -0.734832 -0.053484
v -0.046276 -0.798366 -0.063565
v -0.049069 -0.831638 -0.063713
v -0.055673 -0.866557 -0.061693
v -0.061362 -0.902135 -0.058970
v -0.064711 -0.937545 -0.056356
v 0.000168 -0.343675 0.011953
v -0.000403 -0.345287 -0.000155
v -0.099722 0.234973 0.032197
v -0.166952 0.117540 0.009969
v -0.175303 0.126375 0.004910
v -0.223392 0.184645 0.024003
v -0.287530 0.224601 -0.067837
v -0.282651 0.236761 -0.059176
v -0.237179 0.175736 0.007667
v -0.181725 0.146174 0.014729
v -0.192996 0.156638 0.008597
v -0.522326 0.243970 -0.022215
v -0.521466 0.247921 -0.035309
v -0.541610 0.244788 -0.033723
v -0.541893 0.240172 -0.021659
v -0.522028 0.234780 -0.012514
v -0.541311 0.231021 -0.013255
v -0.519793 0.176855 -0.029419
v -0.518716 0.185146 -0.018363
v -0.538644 0.185776 -0.022516
v -0.539599 0.178439 -0.033650
v -0.559189 0.216431 -0.010856
v -0.558056 0.205054 -0.012369
v -0.538940 0.206869 -0.009512
v -0.540343 0.219611 -0.009087
v -0.520451 0.178095 -0.057867
v -0.519660 0.187074 -0.067961
v -0.500273 0.183076 -0.065369
v -0.501286 0.174514 -0.054140
v -0.437486 0.179373 -0.008313
v -0.440667 0.169428 -0.018779
v -0.424182 0.170476 -0.012524
v -0.421449 0.180727 -0.002759
v -0.482013 0.251866 -0.023268
v -0.480201 0.252880 -0.037827
v -0.500906 0.250656 -0.036535
v -0.502268 0.247771 -0.022479
v -0.478928 0.214591 -0.002555
v -0.477457 0.199617 -0.004658
v -0.455675 0.202601 -0.003310
v -0.457056 0.217994 -0.002561
v -0.461427 0.254737 -0.025246
v -0.459665 0.253383 -0.039609
v -0.519659 0.209383 -0.006568
v -0.518428 0.196170 -0.010830
v -0.498289 0.197572 -0.007186
v -0.499799 0.212037 -0.004104
v -0.558875 0.185368 -0.061346
v -0.558326 0.194599 -0.069219
v -0.539014 0.190992 -0.069207
v -0.539755 0.181850 -0.060167
v -0.557659 0.195191 -0.017972
v -0.558153 0.186720 -0.026164
v -0.538179 0.195498 -0.014575
v -0.560323 0.238513 -0.056243
v -0.560958 0.242311 -0.044539
v -0.540621 0.244248 -0.046924
v -0.539702 0.239330 -0.059176
v -0.478829 0.176328 -0.019830
v -0.477489 0.186343 -0.010346
v -0.498353 0.185117 -0.014178
v -0.499508 0.176150 -0.024667
v -0.482226 0.243153 -0.010788
v -0.502340 0.238783 -0.011568
v -0.518717 0.239925 -0.061880
v -0.520100 0.246096 -0.048988
v -0.499182 0.247204 -0.050616
v -0.498147 0.238791 -0.062982
v -0.477855 0.222570 -0.071674
v -0.478128 0.206290 -0.071961
v -0.498032 0.210442 -0.073348
v -0.497854 0.225831 -0.071319
v -0.457578 0.177598 -0.014380
v -0.460085 0.169334 -0.026563
v -0.481718 0.171302 -0.049231
v -0.480961 0.179194 -0.061500
v -0.461812 0.174860 -0.056583
v -0.462025 0.167918 -0.042621
v -0.422278 0.238299 -0.005938
v -0.422506 0.250720 -0.016932
v -0.439460 0.250249 -0.014358
v -0.437964 0.237672 -0.005305
v -0.440312 0.255449 -0.028096
v -0.422658 0.254407 -0.031310
v -0.397659 0.245331 -0.048658
v -0.397595 0.234868 -0.056990
v -0.408576 0.235966 -0.055531
v -0.408965 0.247510 -0.047834
v -0.440292 0.211668 -0.071524
v -0.439888 0.194844 -0.067497
v -0.458682 0.200862 -0.070030
v -0.458505 0.217933 -0.071977
v -0.425915 0.176184 -0.056654
v -0.428413 0.166955 -0.044360
v -0.443742 0.170271 -0.050684
v -0.441489 0.180766 -0.061546
v -0.373561 0.167068 -0.043445
v -0.372038 0.164259 -0.031048
v -0.387743 0.164543 -0.031737
v -0.388924 0.168824 -0.044030
v -0.383146 0.172555 -0.004496
v -0.367746 0.172603 -0.003826
v -0.367379 0.183576 0.005677
v -0.382497 0.183580 0.005005
v -0.372169 0.241524 -0.008957
v -0.372476 0.248092 -0.024932
v -0.385468 0.249338 -0.023415
v -0.385656 0.241565 -0.008347
v -0.425441 0.205965 -0.070808
v -0.422402 0.189200 -0.065209
v -0.396541 0.172111 -0.005664
v -0.395466 0.182708 0.003996
v -0.408166 0.181827 0.001379
v -0.409891 0.171235 -0.008110
v -0.394714 0.211230 0.006019
v -0.396478 0.226331 0.001447
v -0.407707 0.224666 0.000241
v -0.407153 0.209551 0.003772
v -0.396851 0.240397 -0.007213
v -0.396894 0.250083 -0.021456
v -0.409206 0.249767 -0.018966
v -0.408955 0.239297 -0.006486
v -0.415504 0.204026 -0.069444
v -0.414924 0.216209 -0.066212
v -0.406583 0.212876 -0.066535
v -0.407446 0.200952 -0.068742
v -0.413744 0.172934 -0.050421
v -0.415114 0.165097 -0.038294
v -0.420314 0.207842 0.000943
v -0.420611 0.193424 0.001792
v -0.407652 0.195167 0.005860
v -0.409320 0.252601 -0.034025
v -0.374982 0.172472 -0.053697
v -0.375756 0.180508 -0.062938
v -0.359769 0.177627 -0.062851
v -0.358742 0.169458 -0.053453
v -0.356881 0.164746 -0.042541
v -0.354532 0.163024 -0.029762
v -0.349773 0.172927 -0.002461
v -0.348932 0.184308 0.007003
v -0.348828 0.198598 0.012036
v -0.348462 0.214058 0.011773
v -0.367769 0.213503 0.009678
v -0.367569 0.197726 0.010769
v -0.350084 0.241351 -0.007736
v -0.351526 0.246909 -0.024245
v -0.373207 0.247311 -0.039246
v -0.354072 0.245809 -0.039922
v -0.399062 0.165148 -0.019306
v -0.385461 0.165788 -0.017537
v -0.518228 0.228097 -0.070226
v -0.518060 0.213994 -0.073532
v -0.538235 0.216572 -0.072609
v -0.539110 0.229298 -0.068038
v -0.557966 0.206401 -0.071867
v -0.538326 0.203319 -0.072871
v -0.521110 0.222894 -0.007067
v -0.501427 0.226238 -0.005200
v -0.560259 0.227700 -0.013765
v -0.421004 0.222956 -0.001353
v -0.436579 0.220923 -0.002580
v -0.397265 0.222807 -0.062566
v -0.386633 0.233016 -0.058209
v -0.387113 0.221087 -0.064767
v -0.425082 0.222045 -0.066001
v -0.440056 0.228831 -0.065491
v -0.439581 0.241393 -0.053009
v -0.421455 0.235129 -0.055149
v -0.398999 0.197903 -0.068372
v -0.398077 0.210506 -0.067702
v -0.388046 0.208349 -0.068984
v -0.388640 0.195225 -0.068729
v -0.369975 0.228763 0.003294
v -0.384420 0.227843 0.002295
v -0.358101 0.228905 -0.062250
v -0.374028 0.231023 -0.059805
v -0.373968 0.240865 -0.050747
v -0.357389 0.238827 -0.052609
v -0.386377 0.243090 -0.049557
v -0.358621 0.217096 -0.068919
v -0.374538 0.219324 -0.066663
v -0.348735 0.229444 0.005352
v -0.375583 0.192785 -0.069013
v -0.375220 0.206404 -0.070103
v -0.359184 0.203842 -0.071545
v -0.359581 0.189759 -0.069824
v -0.518566 0.199758 -0.072758
v -0.498830 0.195920 -0.071236
v -0.427609 0.164104 -0.027984
v -0.443428 0.165153 -0.034916
v -0.413037 0.164475 -0.022570
v -0.520644 0.174029 -0.043923
v -0.540111 0.176848 -0.047583
v -0.480665 0.170186 -0.033495
v -0.500885 0.171702 -0.039155
v -0.477621 0.237419 -0.064195
v -0.401028 0.178035 -0.056156
v -0.402005 0.170616 -0.046157
v -0.411230 0.181586 -0.059894
v -0.351412 0.165620 -0.015280
v -0.369770 0.165975 -0.016745
v -0.414925 0.193758 -0.068229
v -0.328126 0.165102 -0.013540
v -0.422223 0.249261 -0.045522
v -0.397221 0.251443 -0.036120
v -0.385995 0.249461 -0.037756
v -0.561315 0.241874 -0.031971
v -0.480763 0.229931 -0.003835
v -0.435441 0.205727 -0.002130
v -0.435877 0.191298 -0.002868
v -0.399727 0.186368 -0.064307
v -0.389235 0.183342 -0.063247
v -0.389272 0.175261 -0.054229
v -0.382141 0.212914 0.007903
v -0.382478 0.197539 0.009507
v -0.559181 0.179942 -0.050055
v -0.395135 0.196842 0.007879
v -0.438837 0.252714 -0.042629
v -0.015932 0.200227 -0.094671
v -0.143905 0.039637 0.046534
v -0.105848 0.019011 0.086781
v -0.119225 0.021713 0.072106
v -0.157945 0.095941 0.020649
v -0.161376 0.107667 0.015120
v -0.186089 0.137764 0.000693
v -0.196251 0.148787 -0.005089
v -0.150457 0.074614 0.054709
v -0.076935 0.428324 -0.010288
v -0.075148 0.421251 -0.012976
v -0.079073 0.441735 -0.010093
v -0.016196 -0.112697 0.158267
v -0.074605 0.414008 0.002011
v -0.072295 0.406738 -0.001117
v -0.076899 0.410261 0.000954
v -0.074116 0.415027 0.003700
v -0.074206 0.416053 0.004098
v -0.079545 0.443936 0.000047
v -0.072809 0.413073 -0.013590
v -0.070747 0.404179 -0.012163
v -0.077877 0.429847 0.005918
v -0.050372 -0.123791 -0.075994
v -0.026379 -0.123357 -0.076570
v -0.028877 -0.140668 -0.083183
v -0.054941 -0.141421 -0.081904
v -0.031728 -0.159580 -0.091009
v -0.150907 -0.194279 -0.060791
v -0.167013 -0.191065 -0.037327
v -0.161916 -0.170382 -0.035859
v -0.146043 -0.172521 -0.057728
v -0.166849 -0.153963 -0.010694
v -0.155289 -0.152984 -0.034435
v -0.172696 -0.170279 -0.010115
v -0.176601 -0.173826 0.017826
v -0.171158 -0.156772 0.016518
v -0.172963 -0.180430 0.044463
v -0.168490 -0.161895 0.043251
v -0.163838 -0.188654 0.068264
v -0.149513 -0.196622 0.089794
v -0.129794 -0.224309 0.106078
v -0.106027 -0.212181 0.122235
v -0.129254 -0.204520 0.107619
v -0.059093 -0.223665 0.144186
v -0.082072 -0.219253 0.134350
v -0.019201 -0.228460 0.156469
v -0.038394 -0.226935 0.151719
v -0.097491 0.215328 0.048957
v -0.077827 0.273075 -0.054916
v -0.085336 0.269794 -0.054655
v -0.092998 0.273788 -0.034375
v -0.103824 0.223091 -0.090981
v -0.104559 0.239958 -0.080222
v -0.086521 0.231996 -0.088854
v -0.086403 0.216075 -0.096526
v -0.068989 0.265423 -0.068102
v -0.064770 0.267615 -0.067620
v -0.073860 0.261339 -0.069743
v -0.045066 0.244314 -0.084850
v -0.060593 0.252360 -0.079702
v -0.127727 0.267187 -0.032228
v -0.128106 0.258291 -0.053255
v -0.137333 0.258456 -0.049014
v -0.138573 0.267285 -0.028220
v -0.131788 0.214944 -0.085940
v -0.132335 0.199414 -0.090136
v -0.142871 0.203053 -0.085935
v -0.141531 0.217573 -0.081515
v -0.172146 0.267500 -0.015114
v -0.168652 0.261127 -0.035814
v -0.181030 0.262138 -0.033792
v -0.184635 0.266242 -0.013694
v -0.139772 0.231779 -0.074075
v -0.084256 0.104783 -0.111379
v -0.101995 0.113770 -0.106828
v -0.117095 0.122410 -0.101194
v -0.149015 0.149282 -0.080783
v -0.140733 0.141970 -0.085449
v -0.144586 0.129151 -0.080863
v -0.158524 0.156008 -0.078245
v -0.169111 0.159738 -0.074847
v -0.194642 0.197219 0.036804
v -0.180701 0.195445 0.042306
v -0.178367 0.221776 0.037288
v -0.193984 0.167164 -0.067967
v -0.181305 0.160464 -0.068384
v -0.183187 0.153481 -0.064633
v -0.195919 0.161669 -0.065159
v -0.117647 0.267948 -0.035292
v -0.180713 0.251593 -0.048770
v -0.168424 0.249426 -0.050452
v -0.168239 0.238449 -0.060822
v -0.180370 0.241586 -0.059011
v -0.181757 0.229872 -0.066906
v -0.170272 0.226238 -0.069201
v -0.172060 0.213890 -0.074927
v -0.183561 0.217851 -0.072580
v -0.192963 0.174358 -0.071150
v -0.179119 0.168352 -0.071886
v -0.201945 0.256474 0.007690
v -0.149636 0.266944 0.001727
v -0.149039 0.253711 0.023721
v -0.137910 0.256080 0.019929
v -0.138344 0.267831 -0.002960
v -0.213905 0.150685 -0.023603
v -0.210671 0.156062 -0.011340
v -0.215612 0.146803 -0.035398
v -0.186699 0.138420 -0.054628
v -0.215585 0.146881 -0.045926
v -0.209069 0.181818 0.027581
v -0.209840 0.198960 0.031637
v -0.150091 0.230321 0.036969
v -0.138679 0.234393 0.034866
v -0.198509 0.264240 -0.013782
v -0.195097 0.261739 -0.033411
v -0.208580 0.174130 -0.070433
v -0.210527 0.169115 -0.068241
v -0.222942 0.176435 -0.071515
v -0.175430 0.131856 -0.060429
v -0.184662 0.147231 -0.060710
v -0.148728 0.267216 -0.023466
v -0.193520 0.252859 -0.048606
v -0.193529 0.242727 -0.059165
v -0.160100 0.222841 -0.072933
v -0.157733 0.235501 -0.064737
v -0.148615 0.233533 -0.069397
v -0.150856 0.220044 -0.077359
v -0.195911 0.222334 -0.071264
v -0.199201 0.210948 -0.074327
v -0.152956 0.206357 -0.082144
v -0.162233 0.209818 -0.078267
v -0.207056 0.181006 -0.072880
v -0.129148 0.237121 0.031663
v -0.131215 0.215618 0.044024
v -0.121203 0.216790 0.044775
v -0.153086 0.205020 0.046213
v -0.141138 0.211017 0.044963
v -0.167036 0.197844 0.045970
v -0.110516 0.216455 0.047242
v -0.408632 0.190031 -0.066039
v -0.225908 0.172453 -0.069745
v -0.238821 0.178382 -0.072505
v -0.234474 0.182765 -0.073937
v -0.286988 0.210216 -0.073581
v -0.003034 0.351990 0.112998
v -0.002586 0.357192 0.115969
v -0.001859 0.376733 0.117641
v -0.001780 0.380204 0.116966
v -0.406605 0.224262 -0.060778
v -0.414107 0.225272 -0.060453
v -0.458222 0.234023 -0.064768
v -0.478536 0.247173 -0.051597
v -0.458428 0.245539 -0.052491
v -0.461140 0.247426 -0.011680
v -0.459358 0.233828 -0.003338
v -0.456058 0.188778 -0.007017
v -0.459874 0.186177 -0.065413
v -0.598957 0.230965 -0.017498
v -0.600035 0.237391 -0.027095
v -0.619521 0.235084 -0.024019
v -0.618071 0.227776 -0.015367
v -0.636696 0.225102 -0.013380
v -0.635048 0.215097 -0.011365
v -0.616883 0.218085 -0.011879
v -0.633139 0.205981 -0.014232
v -0.615393 0.208194 -0.013409
v -0.631782 0.198670 -0.020485
v -0.631705 0.193959 -0.028166
v -0.614340 0.194279 -0.025857
v -0.614285 0.200062 -0.018608
v -0.596179 0.189186 -0.032028
v -0.614864 0.190395 -0.034644
v -0.615422 0.188239 -0.044132
v -0.596763 0.185262 -0.042264
v -0.633901 0.199042 -0.061497
v -0.634632 0.207123 -0.065024
v -0.616344 0.204560 -0.066296
v -0.615863 0.195668 -0.062041
v -0.598822 0.222587 -0.065595
v -0.597605 0.211948 -0.068418
v -0.617349 0.214772 -0.066551
v -0.618569 0.224784 -0.063541
v -0.636663 0.227532 -0.062392
v -0.637993 0.234583 -0.054770
v -0.619621 0.232685 -0.057056
v -0.561121 0.236937 -0.021160
v -0.580011 0.233995 -0.019632
v -0.579033 0.224411 -0.013285
v -0.595940 0.201490 -0.016531
v -0.577176 0.203325 -0.014569
v -0.577974 0.213544 -0.011941
v -0.596795 0.210818 -0.012613
v -0.558826 0.180483 -0.037165
v -0.577260 0.187797 -0.029300
v -0.577875 0.182968 -0.039898
v -0.595822 0.194567 -0.023283
v -0.576910 0.194888 -0.020803
v -0.596875 0.186142 -0.052996
v -0.615578 0.189877 -0.053975
v -0.600684 0.239112 -0.038509
v -0.600712 0.237114 -0.049742
v -0.620431 0.237067 -0.046902
v -0.620369 0.238051 -0.035560
v -0.578090 0.183099 -0.051661
v -0.580755 0.237746 -0.052972
v -0.580961 0.240546 -0.041642
v -0.599905 0.231135 -0.059279
v -0.579911 0.230540 -0.062206
v -0.638773 0.236724 -0.032621
v -0.638278 0.232971 -0.021190
v -0.580720 0.239425 -0.029617
v -0.596854 0.191973 -0.062243
v -0.597057 0.201304 -0.067648
v -0.577687 0.197964 -0.068470
v -0.577892 0.188664 -0.061859
v -0.558599 0.218474 -0.070306
v -0.577934 0.208872 -0.069860
v -0.578823 0.220260 -0.067749
v -0.635345 0.216998 -0.065518
v -0.559467 0.230203 -0.065413
v -0.714478 0.192142 -0.026321
v -0.705219 0.189508 -0.024783
v -0.710203 0.187593 -0.015395
v -0.719068 0.190850 -0.017442
v -0.690621 0.180118 -0.008409
v -0.682657 0.183966 -0.001120
v -0.692560 0.184520 0.006653
v -0.699020 0.181164 0.000490
v -0.722598 0.192268 -0.009315
v -0.714180 0.188115 -0.007502
v -0.721634 0.196499 -0.003807
v -0.730146 0.202612 -0.006363
v -0.730300 0.196121 -0.009998
v -0.737896 0.205739 -0.007668
v -0.724736 0.212901 -0.008612
v -0.736438 0.214395 -0.011585
v -0.719526 0.223595 -0.031296
v -0.717031 0.224290 -0.041094
v -0.730986 0.222463 -0.041881
v -0.733113 0.221291 -0.031491
v -0.722584 0.218016 -0.059045
v -0.727822 0.220532 -0.050600
v -0.713849 0.222947 -0.049041
v -0.709899 0.220837 -0.056823
v -0.708543 0.194756 -0.039954
v -0.698853 0.193227 -0.040189
v -0.701039 0.192272 -0.034010
v -0.710349 0.194089 -0.034508
v -0.719035 0.198821 0.005690
v -0.715551 0.206644 -0.000601
v -0.720997 0.203201 -0.002099
v -0.720464 0.195591 0.004189
v -0.675067 0.186758 -0.050962
v -0.663622 0.188866 -0.049282
v -0.663951 0.189060 -0.041002
v -0.674461 0.187262 -0.043755
v -0.667819 0.186090 -0.015351
v -0.662833 0.189371 -0.022255
v -0.657821 0.198677 -0.012574
v -0.664505 0.197080 -0.007764
v -0.674307 0.184368 -0.008571
v -0.671082 0.195551 -0.002639
v -0.680132 0.194052 0.002977
v -0.690895 0.192509 0.009925
v -0.662637 0.192100 -0.059412
v -0.670637 0.189728 -0.062640
v -0.786093 0.199516 -0.013683
v -0.786718 0.197725 -0.018935
v -0.781192 0.197921 -0.018279
v -0.780612 0.199707 -0.012970
v -0.670512 0.207749 -0.069754
v -0.672494 0.216856 -0.066953
v -0.665618 0.216397 -0.066818
v -0.663889 0.206861 -0.068213
v -0.678958 0.207954 -0.072234
v -0.681300 0.217208 -0.067497
v -0.788345 0.211650 -0.012669
v -0.787229 0.207498 -0.010211
v -0.781630 0.208398 -0.010280
v -0.782505 0.212576 -0.013022
v -0.727788 0.192626 -0.017575
v -0.723629 0.193335 -0.026073
v -0.745651 0.193967 -0.020435
v -0.734345 0.193533 -0.025078
v -0.736192 0.193957 -0.015856
v -0.744439 0.195529 -0.014256
v -0.727165 0.194907 -0.043885
v -0.717098 0.195318 -0.043693
v -0.720849 0.195183 -0.036950
v -0.731233 0.194653 -0.037107
v -0.714283 0.191907 -0.054690
v -0.723822 0.192296 -0.055410
v -0.722442 0.190149 -0.061485
v -0.714014 0.189899 -0.060304
v -0.743323 0.194511 -0.051282
v -0.752313 0.196933 -0.052271
v -0.750644 0.196909 -0.057023
v -0.742076 0.193925 -0.056373
v -0.659378 0.216743 -0.066901
v -0.657146 0.207150 -0.067175
v -0.713989 0.210464 -0.074872
v -0.709518 0.203479 -0.080082
v -0.718331 0.201441 -0.083749
v -0.722669 0.208942 -0.078454
v -0.675250 0.224281 -0.060616
v -0.668015 0.225049 -0.061087
v -0.789353 0.213807 -0.017574
v -0.783506 0.214876 -0.017990
v -0.681904 0.204490 0.000882
v -0.693311 0.201278 0.008435
v -0.672509 0.206926 -0.004714
v -0.665802 0.208673 -0.008054
v -0.658757 0.210472 -0.009449
v -0.739352 0.193981 -0.029820
v -0.718007 0.194417 -0.033154
v -0.706969 0.194296 -0.043969
v -0.702503 0.186904 -0.070879
v -0.694943 0.187220 -0.070549
v -0.698445 0.186919 -0.061528
v -0.705037 0.187537 -0.064015
v -0.707577 0.194704 -0.081392
v -0.709246 0.189089 -0.077531
v -0.717502 0.188683 -0.079220
v -0.716387 0.193327 -0.083872
v -0.717199 0.201416 0.009271
v -0.709658 0.207157 0.003095
v -0.669477 0.197776 -0.069316
v -0.662590 0.198320 -0.066048
v -0.655876 0.199654 -0.063456
v -0.686467 0.189771 -0.042593
v -0.674131 0.187197 -0.039221
v -0.674999 0.185703 -0.033559
v -0.687689 0.189581 -0.038482
v -0.694863 0.184216 -0.022712
v -0.683134 0.180803 -0.017993
v -0.701058 0.182788 -0.012973
v -0.663371 0.188943 -0.033404
v -0.655276 0.191652 -0.039410
v -0.654964 0.192158 -0.030797
v -0.655457 0.192119 -0.048626
v -0.655479 0.194660 -0.057316
v -0.645984 0.192441 -0.038383
v -0.645425 0.193613 -0.029799
v -0.646508 0.193094 -0.047789
v -0.646979 0.195974 -0.055920
v -0.650384 0.228445 -0.061705
v -0.649151 0.218067 -0.066047
v -0.660394 0.226540 -0.061621
v -0.647651 0.203193 -0.013921
v -0.655238 0.194457 -0.021655
v -0.646008 0.196927 -0.021623
v -0.649610 0.212814 -0.010488
v -0.704938 0.182242 0.006455
v -0.710827 0.182295 0.011228
v -0.715561 0.184015 0.006467
v -0.710920 0.184753 0.001733
v -0.745704 0.207566 -0.009096
v -0.744963 0.200508 -0.009633
v -0.737437 0.198516 -0.009505
v -0.683289 0.186268 -0.056585
v -0.679077 0.188444 -0.066789
v -0.748159 0.194510 -0.025732
v -0.775416 0.213148 -0.013260
v -0.774695 0.208698 -0.010270
v -0.762231 0.208488 -0.010160
v -0.763402 0.213775 -0.013372
v -0.757139 0.198753 -0.029265
v -0.754849 0.196285 -0.024257
v -0.762746 0.196777 -0.023923
v -0.765020 0.200488 -0.028219
v -0.746926 0.194681 -0.062965
v -0.739895 0.192266 -0.062552
v -0.746407 0.216303 -0.032146
v -0.745398 0.218528 -0.021286
v -0.734414 0.220190 -0.020556
v -0.725146 0.193863 -0.049992
v -0.734380 0.193789 -0.050681
v -0.733192 0.192701 -0.055986
v -0.742617 0.194567 -0.032212
v -0.749100 0.195411 -0.030338
v -0.746470 0.195436 -0.036025
v -0.738841 0.194635 -0.036997
v -0.698987 0.206067 -0.077103
v -0.696872 0.194430 -0.078811
v -0.786337 0.203180 -0.010631
v -0.780881 0.203747 -0.010149
v -0.647906 0.207731 -0.065671
v -0.647488 0.200602 -0.061857
v -0.715160 0.194008 -0.049079
v -0.721445 0.220854 -0.020219
v -0.705446 0.192963 -0.048300
v -0.738055 0.208526 -0.069104
v -0.737265 0.202439 -0.073148
v -0.744521 0.202051 -0.071298
v -0.745254 0.208236 -0.069861
v -0.776349 0.202528 -0.027700
v -0.775085 0.198412 -0.023475
v -0.782321 0.199362 -0.023857
v -0.783329 0.203405 -0.027597
v -0.752705 0.195859 -0.019259
v -0.751587 0.197365 -0.013953
v -0.760517 0.198366 -0.013644
v -0.761201 0.196249 -0.018735
v -0.752212 0.202173 -0.010501
v -0.761138 0.203006 -0.010380
v -0.777357 0.208732 -0.028715
v -0.777097 0.214071 -0.024808
v -0.765269 0.213999 -0.025911
v -0.766522 0.207443 -0.029285
v -0.697499 0.223353 -0.054950
v -0.694601 0.220409 -0.062483
v -0.706619 0.217380 -0.064960
v -0.718332 0.214299 -0.067595
v -0.728922 0.210076 -0.069854
v -0.733973 0.215714 -0.061266
v -0.703179 0.213549 -0.071422
v -0.755679 0.207282 -0.034501
v -0.755611 0.212521 -0.028496
v -0.754589 0.212773 -0.035854
v -0.703996 0.190458 -0.054809
v -0.773937 0.203734 -0.010016
v -0.671254 0.226162 -0.019188
v -0.672256 0.231046 -0.030153
v -0.681726 0.229289 -0.031149
v -0.679488 0.224071 -0.018582
v -0.773896 0.197418 -0.018173
v -0.773670 0.199155 -0.012967
v -0.739019 0.192253 -0.068801
v -0.745223 0.194745 -0.068119
v -0.745097 0.196540 -0.071889
v -0.739664 0.195129 -0.073716
v -0.691819 0.216368 -0.068865
v -0.725100 0.199888 -0.086462
v -0.728148 0.207951 -0.081713
v -0.683762 0.223001 -0.060999
v -0.686358 0.226245 -0.053106
v -0.677556 0.228549 -0.051619
v -0.742054 0.216158 -0.051858
v -0.700634 0.225136 -0.047650
v -0.688739 0.227543 -0.045856
v -0.679175 0.230039 -0.043052
v -0.671312 0.231969 -0.041582
v -0.670091 0.230407 -0.051157
v -0.776370 0.215569 -0.018520
v -0.784163 0.213642 -0.024109
v -0.661522 0.232318 -0.051225
v -0.651402 0.234545 -0.052328
v -0.652268 0.235964 -0.042032
v -0.662725 0.234060 -0.041345
v -0.691379 0.227995 -0.037680
v -0.693131 0.227002 -0.029152
v -0.703520 0.225985 -0.039998
v -0.706212 0.225183 -0.030868
v -0.743542 0.219879 -0.042346
v -0.798336 0.208541 -0.026354
v -0.790211 0.208733 -0.027082
v -0.789451 0.203664 -0.027733
v -0.797775 0.204206 -0.027400
v -0.784062 0.208911 -0.027822
v -0.790099 0.212885 -0.023458
v -0.707952 0.221784 -0.019536
v -0.754089 0.198260 -0.035555
v -0.692513 0.221038 -0.016012
v -0.712280 0.216049 -0.008167
v -0.701716 0.214613 -0.004639
v -0.675672 0.216975 -0.009242
v -0.684827 0.213976 -0.004806
v -0.661126 0.220456 -0.012282
v -0.668317 0.218533 -0.011484
v -0.651536 0.222599 -0.012658
v -0.696070 0.209396 0.002928
v -0.793741 0.198645 -0.014642
v -0.794289 0.197438 -0.020168
v -0.663328 0.228080 -0.019559
v -0.653158 0.230445 -0.019791
v -0.706926 0.183578 -0.004516
v -0.694693 0.189372 -0.052183
v -0.696134 0.191581 -0.047356
v -0.687603 0.187619 -0.069472
v -0.691668 0.186360 -0.059318
v -0.653138 0.235110 -0.030565
v -0.632361 0.191504 -0.036828
v -0.632851 0.191339 -0.046124
v -0.638648 0.237052 -0.044124
v -0.794160 0.202084 -0.011248
v -0.755376 0.202516 -0.054029
v -0.753969 0.203200 -0.055965
v -0.699930 0.184634 0.012102
v -0.707744 0.184765 0.016073
v -0.710690 0.195866 0.017929
v -0.708158 0.189795 0.018402
v -0.699371 0.191198 0.015108
v -0.702039 0.198570 0.014107
v -0.685992 0.189180 -0.045851
v -0.685604 0.187979 -0.050328
v -0.688576 0.207533 -0.074604
v -0.686846 0.196413 -0.076284
v -0.753040 0.208290 -0.010212
v -0.745795 0.214449 -0.013222
v -0.753713 0.213851 -0.013985
v -0.764054 0.216277 -0.019375
v -0.757046 0.203145 -0.033891
v -0.759139 0.205406 -0.030422
v -0.678040 0.183291 -0.026496
v -0.690412 0.187533 -0.031807
v -0.716122 0.189493 -0.001421
v -0.719160 0.190137 0.003175
v -0.735773 0.194449 -0.043950
v -0.753220 0.214901 -0.049981
v -0.753255 0.217956 -0.042425
v -0.744035 0.195055 -0.043865
v -0.796503 0.210338 -0.012772
v -0.795345 0.206116 -0.010515
v -0.754338 0.216918 -0.020738
v -0.731311 0.190902 -0.062353
v -0.748465 0.211460 -0.055863
v -0.754787 0.209145 -0.053093
v -0.722588 0.193286 -0.084904
v -0.663770 0.232925 -0.030022
v -0.787991 0.199128 -0.024715
v -0.795724 0.199190 -0.025511
v -0.797898 0.211632 -0.023068
v -0.797135 0.212594 -0.017683
v -0.677799 0.197397 -0.073203
v -0.697427 0.192811 -0.043813
v -0.633302 0.193933 -0.054933
v -0.705200 0.205035 0.009504
v -0.714187 0.200697 0.014361
v -0.751743 0.196561 -0.044204
v -0.732627 0.206741 -0.075854
v -0.741856 0.214287 -0.063134
v -0.747994 0.213664 -0.064618
v -0.752012 0.212364 -0.058485
v -0.755009 0.207760 -0.057040
v -0.804215 0.211090 -0.022993
v -0.803692 0.211976 -0.017712
v -0.803360 0.209839 -0.012837
v -0.801752 0.205609 -0.010846
v -0.799953 0.201733 -0.011874
v -0.804506 0.208275 -0.026056
v -0.803590 0.204200 -0.027019
v -0.801249 0.199463 -0.025281
v -0.809732 0.207673 -0.026152
v -0.810679 0.210441 -0.023023
v -0.815792 0.207409 -0.012489
v -0.810504 0.209391 -0.013083
v -0.813590 0.209866 -0.015183
v -0.817081 0.209238 -0.014849
v -0.821344 0.208663 -0.015212
v -0.820353 0.206210 -0.013342
v -0.812841 0.210835 -0.018004
v -0.817111 0.210627 -0.018435
v -0.816752 0.209863 -0.022218
v -0.821216 0.209630 -0.022672
v -0.821730 0.210360 -0.018935
v -0.813307 0.210420 -0.021175
v -0.809274 0.211368 -0.017774
v -0.824262 0.205944 -0.015429
v -0.824282 0.208304 -0.016008
v -0.825439 0.209408 -0.019216
v -0.826294 0.206679 -0.019601
v -0.807507 0.205277 -0.011183
v -0.813936 0.204301 -0.012020
v -0.819263 0.203331 -0.013643
v -0.823324 0.203065 -0.016116
v -0.813051 0.201109 -0.013567
v -0.818517 0.200906 -0.015539
v -0.821874 0.201006 -0.017783
v -0.812922 0.198668 -0.016826
v -0.818369 0.199417 -0.018193
v -0.804677 0.198633 -0.015631
v -0.805482 0.201583 -0.012286
v -0.820882 0.200134 -0.019149
v -0.825248 0.203875 -0.020312
v -0.815772 0.208741 -0.024804
v -0.820612 0.207943 -0.025059
v -0.815196 0.206631 -0.026502
v -0.820155 0.205712 -0.026281
v -0.824780 0.207422 -0.023910
v -0.824509 0.209385 -0.022592
v -0.799074 0.198547 -0.015316
v -0.799621 0.197751 -0.020718
v -0.805124 0.197736 -0.020841
v -0.813108 0.197767 -0.021629
v -0.806374 0.199710 -0.025239
v -0.808701 0.203929 -0.026987
v -0.814484 0.203687 -0.026898
v -0.813471 0.200037 -0.025688
v -0.819330 0.203075 -0.026322
v -0.818674 0.200629 -0.024958
v -0.818493 0.199260 -0.021730
v -0.822477 0.202510 -0.024486
v -0.823930 0.204843 -0.024518
v -0.823273 0.201793 -0.021077
v -0.821141 0.201122 -0.023869
v -0.821235 0.200518 -0.021503
v -0.792321 0.201120 -0.045093
v -0.791911 0.199822 -0.050206
v -0.784693 0.200476 -0.048529
v -0.785274 0.201605 -0.043560
v -0.792716 0.212797 -0.041968
v -0.792857 0.207602 -0.040175
v -0.786291 0.208699 -0.038923
v -0.786124 0.213761 -0.040999
v -0.791941 0.215127 -0.047496
v -0.785394 0.216201 -0.046758
v -0.778314 0.214268 -0.039594
v -0.778522 0.209042 -0.037602
v -0.764826 0.207776 -0.036264
v -0.764719 0.213477 -0.037419
v -0.761770 0.198788 -0.051043
v -0.763097 0.202803 -0.054058
v -0.792781 0.203593 -0.041582
v -0.785948 0.204397 -0.040209
v -0.776687 0.204199 -0.055172
v -0.776334 0.200581 -0.052028
v -0.784674 0.201304 -0.053225
v -0.784987 0.204505 -0.056456
v -0.762636 0.199684 -0.039376
v -0.761626 0.198193 -0.045245
v -0.764101 0.203283 -0.036852
v -0.777130 0.209454 -0.056066
v -0.777411 0.214546 -0.052789
v -0.763879 0.215010 -0.050770
v -0.764059 0.209216 -0.054301
v -0.777943 0.204418 -0.038763
v -0.776202 0.199780 -0.047037
v -0.777020 0.201087 -0.041969
v -0.777564 0.216803 -0.045651
v -0.785196 0.213756 -0.053792
v -0.801313 0.209029 -0.058097
v -0.792143 0.208969 -0.057489
v -0.792003 0.204373 -0.057899
v -0.801564 0.204717 -0.058986
v -0.785228 0.209088 -0.056777
v -0.791878 0.213252 -0.054170
v -0.802487 0.200443 -0.047245
v -0.802234 0.199551 -0.052443
v -0.802716 0.202762 -0.043701
v -0.764056 0.217620 -0.043569
v -0.802101 0.211482 -0.043574
v -0.802536 0.206426 -0.042270
v -0.791842 0.200732 -0.055039
v -0.801671 0.200635 -0.056986
v -0.801024 0.212747 -0.054847
v -0.801013 0.214194 -0.048641
v -0.808523 0.211986 -0.055738
v -0.808805 0.213296 -0.050052
v -0.809866 0.211002 -0.045093
v -0.809489 0.206168 -0.043860
v -0.808943 0.202799 -0.045273
v -0.808543 0.208890 -0.058720
v -0.808229 0.205121 -0.059569
v -0.807629 0.201164 -0.057795
v -0.815366 0.208727 -0.059773
v -0.816419 0.211624 -0.057209
v -0.828613 0.208748 -0.049379
v -0.823328 0.209402 -0.047601
v -0.824070 0.211236 -0.050194
v -0.828974 0.211415 -0.050939
v -0.817656 0.210963 -0.047074
v -0.820530 0.211801 -0.049954
v -0.819787 0.212505 -0.052824
v -0.823985 0.212855 -0.053870
v -0.823198 0.211816 -0.057482
v -0.828053 0.212030 -0.058689
v -0.829104 0.213408 -0.054849
v -0.819646 0.211995 -0.056069
v -0.832686 0.211521 -0.052168
v -0.832901 0.209089 -0.052329
v -0.815654 0.212912 -0.051704
v -0.815576 0.206437 -0.045182
v -0.822237 0.206070 -0.046873
v -0.827989 0.205770 -0.049655
v -0.832082 0.206151 -0.053202
v -0.821488 0.202753 -0.048479
v -0.827374 0.203137 -0.051165
v -0.830794 0.204088 -0.054276
v -0.820900 0.200373 -0.051833
v -0.826844 0.201537 -0.053873
v -0.813103 0.200506 -0.049836
v -0.814107 0.202877 -0.046511
v -0.829502 0.202947 -0.055304
v -0.834856 0.210463 -0.056554
v -0.833748 0.207446 -0.057212
v -0.834118 0.213538 -0.055574
v -0.822386 0.210150 -0.059223
v -0.827606 0.210053 -0.060327
v -0.821773 0.208565 -0.061054
v -0.827409 0.208505 -0.061817
v -0.832302 0.210690 -0.060149
v -0.831996 0.212563 -0.059056
v -0.808294 0.200599 -0.048654
v -0.807768 0.199833 -0.053429
v -0.812632 0.199563 -0.054588
v -0.820389 0.199637 -0.056597
v -0.812489 0.201244 -0.058779
v -0.814135 0.205288 -0.060492
v -0.820946 0.205561 -0.061507
v -0.820208 0.201906 -0.060354
v -0.826695 0.205925 -0.061767
v -0.826043 0.203003 -0.060672
v -0.826280 0.201310 -0.057587
v -0.830511 0.205840 -0.060698
v -0.831876 0.208323 -0.060916
v -0.831853 0.204981 -0.057631
v -0.829113 0.203887 -0.060070
v -0.829644 0.203207 -0.057769
v -0.780357 0.199791 -0.067902
v -0.778740 0.197041 -0.072118
v -0.773083 0.197758 -0.070351
v -0.774892 0.200206 -0.066123
v -0.780734 0.210566 -0.068246
v -0.781494 0.207750 -0.066374
v -0.775814 0.208233 -0.064059
v -0.774466 0.211669 -0.065809
v -0.779334 0.211584 -0.072724
v -0.772507 0.212566 -0.070749
v -0.768169 0.212238 -0.063618
v -0.769936 0.208087 -0.061766
v -0.760355 0.207356 -0.059119
v -0.758662 0.212283 -0.060791
v -0.781477 0.203893 -0.066254
v -0.775912 0.204164 -0.064189
v -0.764207 0.198660 -0.075545
v -0.764907 0.196730 -0.072648
v -0.771679 0.197455 -0.074608
v -0.771010 0.199370 -0.077286
v -0.757267 0.198517 -0.060937
v -0.754703 0.196134 -0.065038
v -0.759538 0.202492 -0.059271
v -0.764207 0.203675 -0.076647
v -0.764338 0.209721 -0.074654
v -0.753791 0.209040 -0.071968
v -0.753122 0.202667 -0.073280
v -0.770117 0.203610 -0.062059
v -0.766551 0.196794 -0.068230
v -0.768695 0.199473 -0.063988
v -0.765666 0.213022 -0.068942
v -0.771041 0.209403 -0.076192
v -0.787067 0.204256 -0.082259
v -0.777075 0.203946 -0.079959
v -0.776978 0.199156 -0.079582
v -0.786884 0.199955 -0.082356
v -0.770769 0.203837 -0.078409
v -0.777933 0.208976 -0.077700
v -0.789000 0.199022 -0.070979
v -0.787713 0.196762 -0.075193
v -0.790087 0.202871 -0.069402
v -0.755889 0.213449 -0.066451
v -0.752683 0.197294 -0.072562
v -0.790126 0.209230 -0.071071
v -0.790459 0.206447 -0.069381
v -0.777345 0.196713 -0.076698
v -0.786685 0.196917 -0.079806
v -0.787669 0.208525 -0.080018
v -0.788745 0.210708 -0.075163
v -0.794163 0.208338 -0.081905
v -0.795365 0.210119 -0.077058
v -0.796880 0.208841 -0.072956
v -0.796755 0.205659 -0.071373
v -0.795771 0.202222 -0.071528
v -0.793696 0.204325 -0.083984
v -0.793251 0.200618 -0.083747
v -0.792279 0.197422 -0.081227
v -0.798451 0.204176 -0.085561
v -0.800036 0.207786 -0.083406
v -0.813489 0.206748 -0.077310
v -0.808909 0.207037 -0.075690
v -0.808826 0.207957 -0.077802
v -0.813224 0.208261 -0.078953
v -0.803160 0.208461 -0.074952
v -0.805406 0.208657 -0.077215
v -0.803982 0.209297 -0.079793
v -0.808022 0.209431 -0.081114
v -0.806149 0.207668 -0.084314
v -0.810427 0.207732 -0.085666
v -0.812412 0.209481 -0.082410
v -0.803164 0.208489 -0.082770
v -0.816141 0.208482 -0.080245
v -0.816873 0.206818 -0.079689
v -0.800543 0.209614 -0.078688
v -0.802098 0.205195 -0.072788
v -0.807981 0.204396 -0.074405
v -0.813051 0.204051 -0.076656
v -0.816019 0.203945 -0.079538
v -0.806606 0.201264 -0.074924
v -0.811700 0.201163 -0.077228
v -0.814279 0.201287 -0.079825
v -0.805033 0.198578 -0.076757
v -0.810289 0.199076 -0.078908
v -0.798742 0.198921 -0.074821
v -0.800564 0.201771 -0.073043
v -0.812634 0.199903 -0.080396
v -0.817085 0.206914 -0.083790
v -0.816198 0.203786 -0.083851
v -0.816063 0.209277 -0.083439
v -0.804766 0.206130 -0.085970
v -0.809468 0.205822 -0.087074
v -0.803710 0.203519 -0.086795
v -0.808907 0.203478 -0.087622
v -0.813700 0.206325 -0.086859
v -0.813700 0.208050 -0.086010
v -0.794298 0.199093 -0.073212
v -0.792765 0.197190 -0.076844
v -0.797213 0.197240 -0.078166
v -0.803822 0.197063 -0.080274
v -0.796585 0.197551 -0.082311
v -0.797639 0.200616 -0.084833
v -0.803081 0.200592 -0.086265
v -0.802831 0.197796 -0.084131
v -0.808346 0.200931 -0.087039
v -0.808253 0.198629 -0.085292
v -0.809201 0.198000 -0.081943
v -0.812126 0.201305 -0.086331
v -0.813055 0.203749 -0.087024
v -0.814328 0.201283 -0.083393
v -0.811095 0.199620 -0.085227
v -0.812261 0.199569 -0.082775
v -0.752985 0.195991 -0.069353
v -0.755424 0.195394 -0.091717
v -0.753343 0.193252 -0.094162
v -0.749497 0.193684 -0.091377
v -0.751423 0.195708 -0.089066
v -0.756040 0.205153 -0.094045
v -0.757364 0.202500 -0.091375
v -0.753168 0.202991 -0.088227
v -0.751749 0.206059 -0.090851
v -0.753252 0.204847 -0.098309
v -0.748767 0.205843 -0.095333
v -0.746827 0.206242 -0.087014
v -0.748526 0.202787 -0.084371
v -0.740800 0.202204 -0.078835
v -0.738510 0.206440 -0.080719
v -0.727511 0.193044 -0.086091
v -0.728854 0.190932 -0.082550
v -0.735106 0.191372 -0.086140
v -0.732949 0.192690 -0.089404
v -0.756926 0.198823 -0.090821
v -0.752911 0.199059 -0.087807
v -0.741184 0.193250 -0.094371
v -0.743301 0.192200 -0.091215
v -0.747557 0.192889 -0.094352
v -0.745812 0.193746 -0.097392
v -0.731648 0.190619 -0.078858
v -0.735133 0.191922 -0.075600
v -0.739467 0.193953 -0.079995
v -0.737457 0.191965 -0.082858
v -0.740745 0.197310 -0.079045
v -0.740157 0.196729 -0.096160
v -0.741127 0.201909 -0.095306
v -0.731898 0.201818 -0.090273
v -0.731867 0.196364 -0.090944
v -0.748398 0.198652 -0.084449
v -0.745366 0.193036 -0.088093
v -0.747246 0.195271 -0.085562
v -0.743579 0.206363 -0.091583
v -0.746320 0.201792 -0.098605
v -0.755061 0.195980 -0.106028
v -0.749164 0.196623 -0.102330
v -0.749477 0.193284 -0.100661
v -0.755051 0.192990 -0.104542
v -0.745140 0.197011 -0.099248
v -0.750602 0.201100 -0.101560
v -0.761064 0.194856 -0.095182
v -0.758691 0.192671 -0.097644
v -0.762390 0.198107 -0.094544
v -0.734819 0.207632 -0.085664
v -0.761968 0.203955 -0.097700
v -0.762981 0.201390 -0.095232
v -0.751264 0.192422 -0.097316
v -0.756531 0.192012 -0.101201
v -0.756525 0.200191 -0.105220
v -0.759122 0.203682 -0.101735
v -0.761340 0.199841 -0.108170
v -0.763811 0.203283 -0.104677
v -0.766476 0.203256 -0.100383
v -0.767136 0.200840 -0.097727
v -0.766113 0.197681 -0.096986
v -0.759778 0.195643 -0.108718
v -0.759587 0.193071 -0.106884
v -0.760448 0.192274 -0.103539
v -0.764225 0.195771 -0.110418
v -0.766375 0.199873 -0.110185
v -0.779139 0.200207 -0.105554
v -0.775590 0.200942 -0.103714
v -0.775129 0.201579 -0.105783
v -0.778418 0.201450 -0.107036
v -0.770811 0.202362 -0.102840
v -0.772049 0.202384 -0.105054
v -0.770162 0.202323 -0.107349
v -0.773431 0.202273 -0.108694
v -0.771520 0.200168 -0.111449
v -0.775031 0.199711 -0.113004
v -0.776856 0.202174 -0.110325
v -0.769218 0.201113 -0.109999
v -0.780609 0.201497 -0.108564
v -0.781576 0.199949 -0.108109
v -0.767642 0.202710 -0.106396
v -0.770812 0.200303 -0.100092
v -0.775466 0.199331 -0.102236
v -0.779621 0.198400 -0.104772
v -0.781499 0.197551 -0.107876
v -0.774195 0.197084 -0.101743
v -0.778431 0.196336 -0.104606
v -0.780131 0.195705 -0.107513
v -0.772170 0.194749 -0.102335
v -0.776628 0.194515 -0.105132
v -0.767465 0.194904 -0.099809
v -0.769464 0.197612 -0.099254
v -0.778657 0.194650 -0.107176
v -0.780868 0.199208 -0.111762
v -0.780647 0.196824 -0.110988
v -0.779718 0.201652 -0.111763
v -0.770223 0.198224 -0.112528
v -0.774472 0.197546 -0.113947
v -0.768800 0.195484 -0.112107
v -0.773995 0.195189 -0.113321
v -0.778055 0.198066 -0.113828
v -0.777643 0.199907 -0.113686
v -0.764475 0.194787 -0.097657
v -0.762257 0.192781 -0.100064
v -0.765364 0.192806 -0.101987
v -0.770185 0.192857 -0.104318
v -0.763908 0.192249 -0.105380
v -0.763451 0.193230 -0.108555
v -0.768555 0.193227 -0.110532
v -0.768921 0.192103 -0.107581
v -0.773920 0.193514 -0.111690
v -0.774145 0.192648 -0.109346
v -0.775080 0.193123 -0.106788
v -0.777683 0.194409 -0.111332
v -0.778088 0.195887 -0.112894
v -0.779645 0.195142 -0.109818
v -0.777094 0.193598 -0.109921
v -0.778155 0.194056 -0.108588
v -0.727481 0.196138 -0.087907
v -0.726145 0.198530 0.014920
v -0.727720 0.196045 0.011093
v -0.722542 0.181978 0.011652
v -0.725948 0.186280 0.008921
v -0.719004 0.181212 0.016532
v -0.717758 0.188033 0.023282
v -0.717637 0.183813 0.020860
v -0.727978 0.191896 0.008932
v -0.723270 0.198225 0.019621
v -0.719837 0.193755 0.022879
v -0.731455 0.196911 0.024538
v -0.728448 0.192251 0.028175
v -0.726015 0.186045 0.028600
v -0.724994 0.181583 0.025191
v -0.725273 0.179311 0.020119
v -0.733588 0.197505 0.019308
v -0.734258 0.194974 0.014576
v -0.733150 0.190000 0.011808
v -0.740796 0.196442 0.023501
v -0.741576 0.195739 0.030172
v -0.744477 0.181825 0.038045
v -0.740001 0.182461 0.035735
v -0.741422 0.185970 0.037202
v -0.744591 0.185576 0.040017
v -0.735423 0.184715 0.033407
v -0.739361 0.187047 0.035490
v -0.741336 0.191111 0.035199
v -0.743480 0.191195 0.037494
v -0.743498 0.194367 0.034001
v -0.746261 0.195148 0.035303
v -0.746535 0.190957 0.040567
v -0.747945 0.185773 0.041770
v -0.749983 0.189634 0.041775
v -0.749044 0.183043 0.040213
v -0.737647 0.191117 0.032739
v -0.732091 0.180240 0.029212
v -0.738928 0.179291 0.032617
v -0.745094 0.179159 0.035148
v -0.750288 0.181058 0.036584
v -0.739423 0.177362 0.027739
v -0.746329 0.178314 0.030752
v -0.750536 0.180771 0.032538
v -0.741304 0.178658 0.023041
v -0.747592 0.179857 0.027303
v -0.732688 0.178944 0.017992
v -0.731397 0.177910 0.023641
v -0.750433 0.181186 0.029710
v -0.753087 0.187236 0.040201
v -0.753862 0.185330 0.036000
v -0.747467 0.195948 0.031629
v -0.749279 0.194613 0.037583
v -0.751342 0.194615 0.033981
v -0.747651 0.195278 0.026963
v -0.752317 0.192937 0.030269
v -0.753644 0.192112 0.037092
v -0.751392 0.193147 0.039712
v -0.727259 0.180339 0.014975
v -0.730487 0.184353 0.012085
v -0.735683 0.183308 0.014824
v -0.743613 0.182926 0.019864
v -0.738774 0.189300 0.014837
v -0.740574 0.194377 0.018165
v -0.747623 0.192486 0.022841
v -0.746222 0.188075 0.020007
v -0.752074 0.190156 0.027257
v -0.750911 0.186803 0.025318
v -0.749226 0.183035 0.025495
v -0.753664 0.187535 0.030392
v -0.754479 0.189801 0.033514
v -0.753061 0.184249 0.032260
v -0.752470 0.185967 0.028453
v -0.751707 0.183551 0.029218
v -0.723721 0.189279 -0.080736
v -0.726477 0.188617 -0.075626
v -0.719630 0.187776 -0.073878
v -0.711110 0.187086 -0.072277
v -0.702406 0.189006 -0.076219
v -0.712939 0.187988 -0.066091
v -0.721489 0.188671 -0.068011
v -0.730870 0.189887 -0.070044
v -0.707613 0.189082 -0.059545
v -0.041111 0.433796 0.092259
v -0.038017 0.434663 0.094170
v -0.039930 0.427526 0.091699
v -0.042484 0.427985 0.089872
v -0.032894 0.427440 0.094560
v -0.036695 0.427310 0.093468
v -0.033315 0.435256 0.095599
v -0.027823 0.434744 0.095528
v -0.020126 0.430441 0.092987
v -0.018477 0.428944 0.092983
v -0.019227 0.428048 0.093401
v -0.021435 0.428124 0.093575
v -0.025042 0.427893 0.094522
v -0.045534 0.430530 0.087238
v -0.044741 0.431671 0.088422
v -0.043208 0.432770 0.090217
v -0.028913 0.427668 0.095039
v -0.044309 0.428639 0.088126
v -0.045359 0.429480 0.087129
v -0.023288 0.433040 0.094205
v -0.033222 0.429787 0.094785
v -0.037177 0.429655 0.093570
v -0.033523 0.432601 0.095229
v -0.028719 0.432463 0.095455
v -0.023004 0.429468 0.094033
v -0.025480 0.429698 0.094757
v -0.040150 0.429566 0.091816
v -0.029138 0.429926 0.095241
v -0.037737 0.432181 0.093824
v -0.024747 0.431566 0.094812
v -0.022490 0.430460 0.093945
v -0.044774 0.430324 0.087894
v -0.044711 0.429872 0.087882
v -0.013071 0.197940 0.073253
v -0.014412 0.181546 0.083498
v -0.040587 0.431661 0.091965
v -0.043806 0.429701 0.088780
v -0.042269 0.429611 0.090164
v -0.042594 0.431198 0.090172
v -0.044001 0.430722 0.088767
v -0.277031 0.200497 0.017831
v -0.276633 0.216529 0.017037
v -0.277425 0.250035 -0.023291
v -0.273200 0.247480 -0.044673
v -0.062103 -0.072800 0.138676
v -0.105687 -0.034241 -0.061834
v -0.108025 -0.015585 -0.068230
v -0.034471 -0.017586 -0.086850
v -0.053340 -0.021505 -0.085975
v -0.137748 -0.047034 0.048601
v -0.136809 -0.029433 0.046176
v -0.096751 -0.053924 0.104722
v -0.096268 -0.034034 0.101897
v -0.129615 -0.067676 0.073146
v -0.076742 -0.065146 -0.071537
v -0.094830 -0.067459 -0.063781
v -0.090409 -0.048911 -0.066850
v -0.073074 -0.045864 -0.075369
v -0.016659 -0.014849 -0.082631
v -0.016691 -0.036019 -0.075412
v -0.143799 -0.010066 0.020723
v -0.144073 -0.008877 -0.005705
v -0.125612 -0.003368 -0.052102
v -0.110432 0.002455 -0.069561
v -0.093674 0.009400 -0.081803
v -0.075679 0.016579 -0.090097
v -0.080382 -0.013604 0.115284
v -0.061900 0.005307 0.122906
v -0.136727 -0.011143 0.046058
v -0.020288 -0.012243 0.141249
v -0.060946 0.046349 -0.101629
v -0.038783 0.049779 -0.104576
v -0.137647 -0.006857 -0.030255
v -0.030126 0.141626 0.112479
v -0.046957 0.144316 0.110461
v -0.046602 0.129659 0.121895
v -0.029740 0.126257 0.122914
v -0.062498 0.131579 0.120265
v -0.077730 0.132638 0.117228
v -0.091608 0.132701 0.112819
v -0.123961 0.127850 0.095159
v -0.114635 0.130005 0.101561
v -0.138524 0.119973 0.081110
v -0.131723 0.124857 0.088352
v -0.144699 0.110175 0.072642
v -0.149353 0.098699 0.061447
v -0.153855 0.100940 0.038564
v -0.152630 0.087528 0.046902
v -0.147547 0.085637 0.070812
v -0.143533 0.097638 0.082030
v -0.137438 0.106944 0.090828
v -0.015201 0.064730 0.136684
v -0.013369 0.087420 0.136920
v -0.011053 0.213792 0.064195
v -0.479169 0.191354 -0.068717
v -0.597815 0.221245 -0.012506
v -0.014288 0.233873 -0.086645
v -0.029762 0.238533 -0.087003
v -0.080876 0.255731 -0.073432
v -0.093330 0.265609 -0.056955
v -0.062410 0.244865 -0.083284
v -0.045904 0.235297 -0.088441
v -0.122194 0.005212 0.067597
v -0.032577 0.204864 -0.096596
v -0.047743 0.224679 -0.092782
v -0.065578 0.234837 -0.089179
v -0.084777 0.246388 -0.079769
v -0.103934 0.258363 -0.063284
v -0.118004 0.258345 -0.057437
v -0.137939 0.245497 -0.063578
v -0.146687 0.246143 -0.058497
v -0.156309 0.247454 -0.053868
v -0.157401 0.259492 -0.039500
v -0.146913 0.258367 -0.044035
v -0.240009 0.248244 -0.051098
v -0.254481 0.242443 -0.056134
v -0.263360 0.233503 -0.063688
v -0.268072 0.222310 -0.070217
v -0.267590 0.209668 -0.074597
v -0.262279 0.197272 -0.076017
v -0.251427 0.186353 -0.074869
v -0.212755 0.166328 -0.065994
v -0.198452 0.158698 -0.062499
v -0.166757 0.123828 -0.061560
v -0.159705 0.116166 -0.063788
v -0.141855 0.088868 -0.073325
v -0.132666 0.074596 -0.077821
v -0.121450 0.059193 -0.082234
v -0.102086 -0.157052 -0.079484
v -0.121587 -0.155467 -0.068986
v -0.115155 -0.139032 -0.063684
v -0.096090 -0.140120 -0.073393
v -0.045762 -0.103802 -0.070138
v -0.023826 -0.103526 -0.068468
v -0.159290 -0.139147 -0.010169
v -0.164625 -0.141266 0.015391
v -0.132623 -0.138029 -0.050119
v -0.147742 -0.138267 -0.032106
v -0.162882 -0.144826 0.041506
v -0.106589 -0.169924 0.122893
v -0.087276 -0.175385 0.138229
v -0.046300 -0.183299 0.159751
v -0.025349 -0.185246 0.164890
v -0.155396 -0.150779 0.065644
v -0.066986 -0.180016 0.150863
v -0.142612 -0.157785 0.086931
v -0.125493 -0.164233 0.105602
v -0.066106 -0.103913 -0.068592
v -0.071067 -0.123326 -0.073325
v -0.090069 -0.122786 -0.068073
v -0.038539 0.114932 -0.114964
v -0.057715 0.117950 -0.115336
v -0.077501 0.122455 -0.114468
v -0.090774 0.146473 -0.112531
v -0.094776 0.129522 -0.111085
v -0.110796 0.137507 -0.105126
v -0.106325 0.154358 -0.106978
v -0.134053 0.168743 -0.091559
v -0.136569 0.154937 -0.089294
v -0.146433 0.161653 -0.084655
v -0.144689 0.174580 -0.087220
v -0.156450 0.167136 -0.082008
v -0.166444 0.171819 -0.078491
v -0.178204 0.177410 -0.074729
v -0.191582 0.183302 -0.073933
v -0.185410 0.206308 -0.075578
v -0.173770 0.201312 -0.077703
v -0.132750 0.183891 -0.092057
v -0.118557 0.178231 -0.099099
v -0.036329 0.147177 -0.108899
v -0.018364 0.143294 -0.105013
v -0.155751 0.082399 0.027152
v -0.158646 0.078874 0.006226
v -0.160372 0.078040 -0.012843
v -0.159766 0.079844 -0.029745
v -0.157527 0.084440 -0.044849
v -0.153356 0.090937 -0.058164
v -0.153717 0.108050 -0.066693
v -0.148121 0.099093 -0.069652
v -0.149151 0.117774 -0.074874
v -0.142516 0.108988 -0.079308
v -0.136408 0.119813 -0.087085
v -0.129962 0.132042 -0.093125
v -0.124566 0.146665 -0.097313
v -0.120458 0.162088 -0.099445
v -0.103661 0.171759 -0.106228
v -0.088468 0.164302 -0.111146
v -0.069713 0.175072 -0.110592
v -0.068696 0.191936 -0.106001
v -0.071637 0.157758 -0.113693
v -0.073711 0.140348 -0.115394
v -0.067399 0.275152 -0.058117
v -0.052318 0.268514 -0.069870
v -0.240047 0.197703 -0.076394
v -0.238522 0.191208 -0.075728
v -0.243898 0.189965 -0.075688
v -0.249912 0.198521 -0.076355
v -0.252857 0.208946 -0.075431
v -0.239220 0.216156 -0.074087
v -0.240869 0.206858 -0.076051
v -0.252373 0.219575 -0.072484
v -0.248263 0.229356 -0.067983
v -0.235829 0.225087 -0.070764
v -0.241694 0.237304 -0.063059
v -0.231473 0.232632 -0.066915
v -0.232269 0.242206 -0.059177
v -0.227455 0.237288 -0.063455
v -0.194714 0.232377 -0.066134
v -0.206805 0.235112 -0.065061
v -0.218885 0.236591 -0.064105
v -0.205210 0.189677 -0.074809
v -0.217747 0.197146 -0.075696
v -0.229393 0.202920 -0.076203
v -0.227191 0.212030 -0.075071
v -0.215141 0.206356 -0.075271
v -0.202626 0.199732 -0.075417
v -0.036772 0.130839 -0.112780
v -0.054765 0.135339 -0.115721
v -0.155189 0.179524 -0.084070
v -0.165004 0.183577 -0.080881
v -0.175674 0.187573 -0.077059
v -0.188586 0.193847 -0.075463
v -0.163791 0.196641 -0.080778
v -0.154112 0.192809 -0.084299
v -0.143646 0.188674 -0.087745
v -0.053918 0.152089 -0.112588
v -0.018990 0.127497 -0.109799
v -0.163665 0.225435 0.038022
v -0.162225 0.249567 0.026060
v -0.162444 0.265093 0.005562
v -0.160443 0.267845 -0.018587
v -0.401540 0.164596 -0.033978
v -0.017977 -0.056772 -0.070869
v -0.020591 -0.078875 -0.067602
v -0.041152 -0.080975 -0.071142
v -0.018934 0.050808 -0.104864
v -0.019607 0.112608 -0.114017
v -0.102301 0.104434 0.129285
v -0.090497 0.105510 0.134252
v -0.090941 0.118954 0.124378
v -0.102854 0.118058 0.119292
v -0.121363 0.101599 0.116064
v -0.112620 0.103230 0.123277
v -0.113394 0.116539 0.113098
v -0.122382 0.114608 0.106420
v -0.129033 0.098790 0.108382
v -0.130297 0.111927 0.098832
v -0.111366 0.088668 0.130509
v -0.101145 0.089877 0.136877
v -0.089382 0.091193 0.141445
v -0.127143 0.085717 0.115331
v -0.120070 0.087448 0.123094
v -0.005665 0.316443 0.087013
v -0.006416 0.320996 0.102223
v -0.002198 0.361695 0.116658
v -0.001910 0.365893 0.114796
v -0.007578 0.237059 0.050304
v -0.006636 0.247457 0.046876
v -0.013423 0.106140 0.131814
v -0.013799 0.137672 0.114332
v -0.014967 0.149388 0.102395
v -0.015035 0.164585 0.092486
v -0.009555 0.226744 0.056637
v -0.013540 0.122292 0.123891
v -0.171802 -0.319093 -0.051269
v -0.152409 -0.334967 -0.070525
v -0.158736 -0.310792 -0.066947
v -0.143893 -0.322597 -0.080320
v -0.169362 -0.243393 -0.042579
v -0.168921 -0.268972 -0.049045
v -0.169041 -0.216660 -0.039227
v -0.122794 -0.329586 -0.093079
v -0.096202 -0.331619 -0.102559
v -0.093516 -0.313715 -0.108221
v -0.153570 -0.219459 -0.062612
v -0.153621 -0.245121 -0.065429
v -0.149744 -0.306580 -0.075056
v -0.166391 -0.292089 -0.057104
v -0.151956 -0.292187 -0.072856
v -0.119168 -0.313821 -0.097890
v -0.138012 -0.310881 -0.085303
v -0.059635 -0.159785 -0.089198
v -0.035501 -0.177560 -0.098339
v -0.063840 -0.178686 -0.097056
v -0.139984 -0.153860 -0.053953
v -0.127385 -0.174497 -0.074064
v -0.136624 -0.293974 -0.087202
v -0.116489 -0.294184 -0.100672
v -0.091283 -0.292869 -0.111823
v -0.091830 -0.221629 -0.107080
v -0.090798 -0.245383 -0.111837
v -0.114280 -0.247301 -0.100811
v -0.115099 -0.222346 -0.096774
v -0.132398 -0.196859 -0.078848
v -0.135105 -0.221728 -0.082113
v -0.090591 -0.199011 -0.100590
v -0.112689 -0.198112 -0.091704
v -0.107700 -0.176094 -0.085525
v -0.135499 -0.247364 -0.084833
v -0.060810 -0.267988 -0.119853
v -0.090227 -0.269949 -0.113452
v -0.030073 -0.265215 -0.118115
v -0.086914 -0.177623 -0.093002
v -0.081549 -0.158352 -0.085646
v -0.075875 -0.140633 -0.079018
v -0.061740 -0.082556 -0.070416
v -0.112773 -0.545384 0.094169
v 0.001364 -0.363929 0.032991
v -0.000017 -0.355086 0.005604
v -0.179812 -0.279055 0.066945
v -0.192406 -0.299879 -0.007863
v -0.181240 -0.295091 -0.035692
v -0.019921 -0.364932 0.101914
v -0.005204 -0.370234 0.078499
v -0.159809 -0.286023 0.093424
v -0.103311 -0.332488 0.128277
v 0.000233 -0.369560 0.056043
v -0.153500 -0.270457 -0.069181
v -0.135965 -0.272480 -0.086624
v -0.115198 -0.272101 -0.101546
v -0.061397 -0.290720 -0.117896
v -0.028858 -0.286161 -0.115987
v -0.018501 -0.306020 0.119287
v -0.015723 -0.299315 0.127713
v -0.007353 -0.300258 0.126931
v -0.006895 -0.311030 0.115586
v -0.106906 -0.190729 0.123481
v -0.085668 -0.196911 0.137566
v -0.042764 -0.204511 0.157231
v -0.022479 -0.206158 0.161755
v -0.160084 -0.169247 0.067266
v -0.063872 -0.201435 0.149247
v -0.146469 -0.176840 0.088685
v -0.127658 -0.184223 0.107179
v -0.071284 -0.972021 -0.028111
v -0.073401 -0.999419 -0.024354
v -0.073671 -0.997846 -0.040169
v -0.068479 -0.970225 -0.042622
v -0.084215 -0.965755 -0.071433
v -0.072625 -0.967869 -0.063171
v -0.098762 -0.965369 -0.073748
v -0.097276 -0.994162 -0.071854
v -0.108769 -0.995102 -0.065779
v -0.112105 -0.966603 -0.069371
v -0.120961 -0.967425 -0.060136
v -0.123731 -0.996503 -0.045973
v -0.127661 -0.996695 -0.028664
v -0.132099 -0.969693 -0.030789
v -0.127164 -0.968234 -0.048226
v -0.127873 -0.973809 -0.011182
v -0.123348 -0.999920 -0.009484
v -0.112741 -0.976444 -0.000081
v -0.077763 -0.974594 -0.013342
v -0.077413 -1.001084 -0.007909
v -0.083619 -0.994292 -0.070031
v -0.074112 -0.996183 -0.059949
v -0.067350 -0.969581 -0.053018
v -0.073532 -0.996963 -0.050149
v -0.073251 -1.025200 -0.034800
v -0.069166 -1.025366 -0.019345
v -0.082965 -1.021741 -0.070183
v -0.077376 -1.023213 -0.056854
v -0.106331 -1.022126 -0.063372
v -0.096236 -1.021271 -0.072717
v -0.124469 -1.023713 -0.044766
v -0.116785 -0.995755 -0.056662
v -0.115935 -1.022985 -0.054648
v -0.127195 -1.022853 -0.027433
v -0.122123 -1.024192 -0.005680
v -0.073479 -1.025706 -0.001668
v -0.076389 -1.024219 -0.046355
v -0.123593 -1.116001 0.145648
v -0.116735 -1.116790 0.147446
v -0.118118 -1.111601 0.146572
v -0.122518 -1.111808 0.145607
v -0.086886 -1.114517 0.156415
v -0.075472 -1.116995 0.154801
v -0.077277 -1.105904 0.157195
v -0.085448 -1.104736 0.158712
v -0.103984 -1.116267 0.155511
v -0.111771 -1.116414 0.154611
v -0.109291 -1.119920 0.151517
v -0.104353 -1.119503 0.152121
v -0.142815 -1.113163 0.117040
v -0.148115 -1.114233 0.114684
v -0.146442 -1.117247 0.112436
v -0.142707 -1.117686 0.114503
v -0.130526 -1.116270 0.134695
v -0.135960 -1.116928 0.131636
v -0.134077 -1.120026 0.129820
v -0.130475 -1.120467 0.131365
v -0.088297 -1.099300 0.136872
v -0.087943 -1.101350 0.150352
v -0.075298 -1.102684 0.148267
v -0.073778 -1.097092 0.134914
v -0.068513 -1.111010 0.144103
v -0.075455 -1.116602 0.141270
v -0.073378 -1.116055 0.127448
v -0.066866 -1.107564 0.129370
v -0.087673 -1.117707 0.142949
v -0.086845 -1.117239 0.130288
v -0.094826 -1.110230 0.134263
v -0.096683 -1.110685 0.148595
v -0.113211 -1.110619 0.135801
v -0.116271 -1.114000 0.147197
v -0.110918 -1.107587 0.148685
v -0.108634 -1.103083 0.136791
v -0.102856 -1.107680 0.149940
v -0.097698 -1.102948 0.138890
v -0.093466 -1.112587 0.137043
v -0.096450 -1.113902 0.150152
v -0.100749 -1.118960 0.145773
v -0.097770 -1.118045 0.133124
v -0.107003 -1.117974 0.132920
v -0.109982 -1.119400 0.144424
v -0.124313 -1.104320 0.129781
v -0.123672 -1.109692 0.140030
v -0.116388 -1.109705 0.141206
v -0.114456 -1.104613 0.132237
v -0.111439 -1.116804 0.141322
v -0.116433 -1.120160 0.138946
v -0.114456 -1.118443 0.128692
v -0.109994 -1.114096 0.131922
v -0.123830 -1.118036 0.127112
v -0.123573 -1.120733 0.137957
v -0.128664 -1.110682 0.129400
v -0.127956 -1.115337 0.139292
v -0.141546 -1.111127 0.115939
v -0.139569 -1.116014 0.125560
v -0.137095 -1.110449 0.127136
v -0.138764 -1.104815 0.117466
v -0.131570 -1.109375 0.129185
v -0.131367 -1.104831 0.121493
v -0.127111 -1.113301 0.129448
v -0.128649 -1.120102 0.126201
v -0.129433 -1.118025 0.118331
v -0.128071 -1.110539 0.123163
v -0.135332 -1.120631 0.124085
v -0.137023 -1.118170 0.114446
v -0.150926 -1.104566 0.101036
v -0.152306 -1.111145 0.097882
v -0.151110 -1.112629 0.107011
v -0.149383 -1.107274 0.108681
v -0.144464 -1.106633 0.112306
v -0.145024 -1.103598 0.106245
v -0.140442 -1.110792 0.111989
v -0.140714 -1.117672 0.109107
v -0.141503 -1.116652 0.103077
v -0.142203 -1.109023 0.106956
v -0.147272 -1.117857 0.106836
v -0.147704 -1.116186 0.098727
v -0.073059 -1.092964 0.121218
v -0.091393 -1.098175 0.123466
v -0.077873 -1.117102 0.150460
v -0.066190 -1.105275 0.115383
v -0.084680 -1.117834 0.151115
v -0.089557 -1.116792 0.118657
v -0.073305 -1.115107 0.113335
v -0.092792 -1.110116 0.128305
v -0.110499 -1.111087 0.154390
v -0.109944 -1.111548 0.126507
v -0.108532 -1.117689 0.117260
v -0.105900 -1.110954 0.155003
v -0.109169 -1.099509 0.121698
v -0.125679 -1.100755 0.112661
v -0.118261 -1.120188 0.144370
v -0.122016 -1.120467 0.143566
v -0.126199 -1.117801 0.110308
v -0.128854 -1.109589 0.120958
v -0.135639 -1.113144 0.132303
v -0.142958 -1.109173 0.107381
v -0.139765 -1.117400 0.099559
v -0.132440 -1.112020 0.133181
v -0.140855 -1.100178 0.101564
v -0.147227 -1.110562 0.113905
v -0.153775 -1.108802 0.086255
v -0.148675 -1.116533 0.088808
v -0.144672 -1.109685 0.115889
v -0.151701 -1.100821 0.090865
v -0.086495 -0.977048 -0.001190
v -0.085806 -1.002344 0.003531
v -0.098144 -0.978454 0.003197
v -0.109723 -1.002353 0.002076
v -0.096799 -1.003913 0.006418
v -0.083796 -1.025815 0.011181
v -0.108516 -1.026783 0.008041
v -0.096044 -1.026820 0.013329
v -0.126647 -1.043874 -0.047036
v -0.130722 -1.043978 -0.028506
v -0.115985 -1.043134 -0.056630
v -0.096468 -1.041987 -0.076316
v -0.107203 -1.042274 -0.066941
v -0.081874 -1.044365 0.021053
v -0.072518 -1.046236 0.004044
v -0.095430 -1.044029 0.025718
v -0.110860 -1.044320 0.018877
v -0.068233 -1.087896 0.105157
v -0.068611 -1.086600 0.084582
v -0.083373 -1.077253 0.088272
v -0.086934 -1.086731 0.106543
v -0.102031 -1.078426 0.084255
v -0.104760 -1.089956 0.102731
v -0.118504 -1.081706 0.076728
v -0.121453 -1.091593 0.095316
v -0.133449 -1.085469 0.067826
v -0.136891 -1.093503 0.085581
v -0.146199 -1.092481 0.058728
v -0.149982 -1.096735 0.076653
v -0.153743 -1.102332 0.053766
v -0.156117 -1.106067 0.071916
v -0.062319 -1.103682 0.099118
v -0.064167 -1.101389 0.079499
v -0.071318 -1.115420 0.095868
v -0.073097 -1.114659 0.076288
v -0.087883 -1.116457 0.094895
v -0.088349 -1.115579 0.074462
v -0.148400 -1.114677 0.055079
v -0.149300 -1.117128 0.073727
v -0.106060 -1.117110 0.091041
v -0.105810 -1.115298 0.070367
v -0.122893 -1.118600 0.085197
v -0.122226 -1.116643 0.064652
v -0.137244 -1.119177 0.078890
v -0.136474 -1.117418 0.059094
v -0.080013 -1.070364 0.065067
v -0.099202 -1.065674 0.064395
v -0.115586 -1.069650 0.055873
v -0.129495 -1.076682 0.045845
v -0.141187 -1.087155 0.036553
v -0.149322 -1.097519 0.032271
v -0.129434 -1.065143 0.018597
v -0.136262 -1.084115 0.011336
v -0.142399 -1.095735 0.009414
v -0.133560 -1.081552 -0.014121
v -0.136948 -1.094225 -0.013864
v -0.125859 -1.080493 -0.054986
v -0.130530 -1.094709 -0.056058
v -0.133540 -1.093188 -0.037027
v -0.129545 -1.080137 -0.037270
v -0.129394 -1.064212 -0.009168
v -0.127818 -1.062179 -0.033295
v -0.122923 -1.061592 -0.050591
v -0.116277 -1.094908 -0.079080
v -0.125728 -1.095161 -0.069222
v -0.121515 -1.080587 -0.067645
v -0.114084 -1.079541 -0.078820
v -0.098850 -1.080018 -0.086555
v -0.100278 -1.095823 -0.083472
v -0.082832 -1.082037 -0.077025
v -0.083861 -1.097423 -0.076226
v -0.109792 -1.060522 -0.072559
v -0.116763 -1.061422 -0.062293
v -0.097813 -1.060157 -0.080859
v -0.083527 -1.062035 -0.072979
v -0.079964 -1.063569 -0.056464
v -0.078451 -1.083895 -0.058830
v -0.076621 -1.098488 -0.059314
v -0.070084 -1.085045 0.060558
v -0.070032 -1.097648 0.056266
v -0.114183 -1.056531 0.035951
v -0.096271 -1.054440 0.043819
v -0.078289 -1.060930 0.037128
v -0.069931 -1.082186 0.034247
v -0.073988 -1.095930 0.030245
v -0.075918 -1.095425 0.006625
v -0.070292 -1.083054 0.009035
v -0.077361 -1.108040 0.052979
v -0.081702 -1.102980 0.027713
v -0.082814 -1.102054 0.004590
v -0.075064 -1.096311 -0.014123
v -0.071201 -1.083553 -0.012584
v -0.075307 -1.096893 -0.030760
v -0.074300 -1.083036 -0.029555
v -0.076437 -1.083301 -0.043436
v -0.075346 -1.097716 -0.044553
v -0.074153 -1.064042 -0.029925
v -0.076953 -1.063171 -0.042396
v -0.071192 -1.065627 -0.012770
v -0.071110 -1.064521 0.009643
v -0.145491 -1.110197 0.033165
v -0.140572 -1.106427 0.010394
v -0.134918 -1.103792 -0.012601
v -0.130909 -1.104126 -0.035481
v -0.125818 -1.105564 -0.053283
v -0.120469 -1.105913 -0.064438
v -0.099851 -1.104863 -0.075872
v -0.112698 -1.105272 -0.072956
v -0.088045 -1.105930 -0.070830
v -0.082213 -1.107642 -0.057308
v -0.080787 -1.108307 -0.044714
v -0.081495 -1.104582 -0.015951
v -0.080535 -1.107327 -0.031761
v -0.068116 -1.047078 -0.015804
v -0.070972 -1.046306 -0.032979
v -0.075757 -1.045257 -0.044843
v -0.083257 -1.042828 -0.070900
v -0.078891 -1.043915 -0.055779
v -0.090314 -1.112068 0.050366
v -0.106699 -1.112121 0.046365
v -0.122141 -1.113257 0.041082
v -0.135127 -1.113661 0.036390
v -0.132373 -1.110396 0.012984
v -0.120731 -1.110504 0.016352
v -0.106199 -1.110124 0.020582
v -0.092069 -1.107342 0.024956
v -0.127256 -1.108667 -0.009782
v -0.116989 -1.109704 -0.006418
v -0.103988 -1.109662 -0.003301
v -0.091928 -1.107366 0.001514
v -0.089790 -1.109867 -0.019131
v -0.100279 -1.110813 -0.024375
v -0.111759 -1.110325 -0.027330
v -0.121617 -1.108782 -0.031599
v -0.117006 -1.109002 -0.048157
v -0.107710 -1.110066 -0.043356
v -0.097328 -1.110831 -0.039989
v -0.088741 -1.110650 -0.035359
v -0.112957 -1.108849 -0.057721
v -0.100172 -1.108339 -0.068186
v -0.107666 -1.108422 -0.064859
v -0.092323 -1.109351 -0.065667
v -0.089116 -1.110214 -0.056101
v -0.088477 -1.110742 -0.046192
v -0.096244 -1.110428 -0.049025
v -0.095668 -1.109930 -0.056236
v -0.105407 -1.109658 -0.052483
v -0.102810 -1.109130 -0.058904
v -0.096082 -1.109323 -0.061879
v -0.099688 -1.108947 -0.063092
v -0.123237 -1.046518 -0.000211
v -0.093749 -0.707592 0.038027
v -0.079054 -0.705587 0.035440
v -0.110259 -0.705753 0.038165
v -0.132867 -0.294431 0.112996
v -0.080493 -0.072635 0.123979
v -0.080585 -0.033644 0.117949
v -0.079976 -0.053571 0.121006
v -0.134831 -0.325534 0.117662
v -0.124891 -0.013078 0.067539
v -0.103820 0.131829 0.107465
v -0.077786 0.415428 0.011153
v -0.075602 0.412750 0.010125
v -0.074308 0.409776 0.008413
v -0.073585 0.407673 0.005461
v -0.072872 0.405958 0.002436
v -0.071562 0.405457 -0.000495
v -0.075948 0.410684 0.005934
v -0.073710 0.413182 0.003268
v -0.074267 0.414228 0.005187
v -0.076501 0.412810 0.007465

vt 0.521199 0.186239
vt 0.528651 0.187957
vt 0.525266 0.181035
vt 0.533610 0.184214
vt 0.525373 0.191183
vt 0.519281 0.190330
vt 0.534952 0.190724
vt 0.540543 0.188405
vt 0.545413 0.208661
vt 0.544889 0.203216
vt 0.540531 0.206140
vt 0.539912 0.202102
vt 0.535406 0.220679
vt 0.539272 0.225171
vt 0.540787 0.217619
vt 0.545427 0.222224
vt 0.518797 0.216103
vt 0.520975 0.213355
vt 0.516681 0.213166
vt 0.518468 0.210687
vt 0.512593 0.206398
vt 0.508424 0.204901
vt 0.511664 0.208466
vt 0.507602 0.207225
vt 0.516038 0.218381
vt 0.514100 0.215465
vt 0.514665 0.210453
vt 0.513267 0.212303
vt 0.509078 0.212482
vt 0.506170 0.211865
vt 0.507783 0.214255
vt 0.505549 0.213887
vt 0.511156 0.213714
vt 0.509392 0.215197
vt 0.511875 0.215255
vt 0.509598 0.216797
vt 0.510504 0.210308
vt 0.506934 0.209430
vt 0.503077 0.211866
vt 0.503296 0.209153
vt 0.523665 0.222059
vt 0.521189 0.219052
vt 0.520583 0.223386
vt 0.518330 0.220952
vt 0.510870 0.218083
vt 0.510221 0.224338
vt 0.510881 0.222843
vt 0.506836 0.223730
vt 0.507058 0.222337
vt 0.523283 0.228669
vt 0.523448 0.231633
vt 0.527330 0.228547
vt 0.527809 0.232265
vt 0.526777 0.235955
vt 0.522157 0.234207
vt 0.523845 0.239306
vt 0.519536 0.236410
vt 0.519934 0.242003
vt 0.515754 0.238055
vt 0.505265 0.235081
vt 0.506909 0.239739
vt 0.508799 0.234975
vt 0.511089 0.239208
vt 0.512914 0.227304
vt 0.512762 0.226300
vt 0.510453 0.227040
vt 0.510095 0.225685
vt 0.516296 0.227697
vt 0.515999 0.226946
vt 0.515304 0.227570
vt 0.515165 0.227213
vt 0.513302 0.228150
vt 0.514124 0.227426
vt 0.514687 0.227917
vt 0.510899 0.228260
vt 0.504990 0.228311
vt 0.504642 0.226579
vt 0.502825 0.228294
vt 0.502675 0.226500
vt 0.514923 0.226099
vt 0.516228 0.225380
vt 0.513184 0.225234
vt 0.514026 0.224068
vt 0.517368 0.226575
vt 0.517967 0.224566
vt 0.519283 0.226270
vt 0.517482 0.229199
vt 0.517814 0.227931
vt 0.515846 0.228450
vt 0.516070 0.230370
vt 0.514297 0.229089
vt 0.508651 0.229882
vt 0.510279 0.231854
vt 0.511831 0.229569
vt 0.513565 0.231286
vt 0.515649 0.222604
vt 0.522164 0.225809
vt 0.520130 0.228290
vt 0.519962 0.230361
vt 0.518688 0.232143
vt 0.516094 0.233569
vt 0.512562 0.234467
vt 0.508693 0.244720
vt 0.514116 0.243745
vt 0.519121 0.193146
vt 0.523808 0.193624
vt 0.526198 0.196109
vt 0.523107 0.195324
vt 0.525519 0.196975
vt 0.523194 0.196476
vt 0.532396 0.199990
vt 0.533086 0.201637
vt 0.535831 0.200962
vt 0.536577 0.203826
vt 0.530614 0.204228
vt 0.528305 0.201384
vt 0.528008 0.204642
vt 0.526360 0.201660
vt 0.522165 0.201531
vt 0.522612 0.203815
vt 0.524282 0.201699
vt 0.525240 0.204415
vt 0.516095 0.195482
vt 0.517526 0.196562
vt 0.519592 0.194999
vt 0.520346 0.196221
vt 0.514004 0.198566
vt 0.512032 0.198166
vt 0.513891 0.199412
vt 0.512289 0.199581
vt 0.513629 0.200717
vt 0.514582 0.200083
vt 0.516625 0.179194
vt 0.520805 0.172270
vt 0.531225 0.175360
vt 0.539916 0.180117
vt 0.546926 0.185879
vt 0.532889 0.227345
vt 0.534555 0.231591
vt 0.542463 0.229567
vt 0.542835 0.234535
vt 0.533699 0.236306
vt 0.530805 0.241176
vt 0.525613 0.245663
vt 0.541944 0.240215
vt 0.554554 0.235827
vt 0.552537 0.231318
vt 0.557577 0.241118
vt 0.565301 0.229922
vt 0.570142 0.231665
vt 0.538232 0.265751
vt 0.551651 0.262069
vt 0.538516 0.259753
vt 0.552052 0.256137
vt 0.549988 0.226805
vt 0.542950 0.198440
vt 0.548959 0.198777
vt 0.550623 0.204658
vt 0.547526 0.176310
vt 0.553642 0.183100
vt 0.557002 0.173946
vt 0.561613 0.180691
vt 0.528361 0.164175
vt 0.538411 0.169501
vt 0.539758 0.156847
vt 0.549053 0.164760
vt 0.579551 0.180304
vt 0.580998 0.173159
vt 0.569752 0.180062
vt 0.568208 0.172465
vt 0.582894 0.163853
vt 0.565440 0.162581
vt 0.572386 0.238665
vt 0.579264 0.230657
vt 0.553224 0.249262
vt 0.567148 0.246114
vt 0.560687 0.152746
vt 0.584375 0.153993
vt 0.602740 0.182008
vt 0.595085 0.187756
vt 0.610010 0.189402
vt 0.602494 0.193864
vt 0.610542 0.175758
vt 0.618762 0.184741
vt 0.611967 0.225135
vt 0.621647 0.224178
vt 0.615514 0.215848
vt 0.625340 0.214475
vt 0.527776 0.194770
vt 0.531075 0.196364
vt 0.530577 0.192911
vt 0.534686 0.195333
vt 0.539634 0.194371
vt 0.545593 0.193232
vt 0.565148 0.186437
vt 0.558266 0.189050
vt 0.579507 0.185908
vt 0.571606 0.185808
vt 0.592363 0.193055
vt 0.597382 0.197157
vt 0.585849 0.236234
vt 0.597407 0.234946
vt 0.592071 0.226647
vt 0.602696 0.225842
vt 0.616499 0.233498
vt 0.607451 0.234111
vt 0.574916 0.256368
vt 0.586925 0.254509
vt 0.576966 0.250464
vt 0.589224 0.249100
vt 0.608857 0.255118
vt 0.610077 0.249388
vt 0.598183 0.255544
vt 0.600707 0.248996
vt 0.515592 0.269394
vt 0.516168 0.274695
vt 0.526036 0.268002
vt 0.526905 0.273409
vt 0.586162 0.258770
vt 0.574782 0.261271
vt 0.606462 0.217156
vt 0.599398 0.217239
vt 0.597129 0.260198
vt 0.602980 0.242279
vt 0.592622 0.242961
vt 0.630993 0.223814
vt 0.625659 0.233256
vt 0.515892 0.208334
vt 0.517825 0.200898
vt 0.515941 0.200540
vt 0.517631 0.202328
vt 0.515477 0.201602
vt 0.506133 0.192660
vt 0.512826 0.190695
vt 0.506660 0.186441
vt 0.513727 0.185813
vt 0.525784 0.212506
vt 0.523829 0.216243
vt 0.530940 0.215212
vt 0.527140 0.219469
vt 0.530741 0.198471
vt 0.530222 0.199409
vt 0.528969 0.198491
vt 0.525598 0.225069
vt 0.530153 0.223359
vt 0.551203 0.211302
vt 0.537865 0.198333
vt 0.514696 0.160280
vt 0.524140 0.149333
vt 0.585453 0.143859
vt 0.555141 0.143073
vt 0.628902 0.179791
vt 0.640370 0.174998
vt 0.618917 0.169195
vt 0.628189 0.161748
vt 0.635182 0.213671
vt 0.617647 0.255030
vt 0.619183 0.248846
vt 0.508412 0.179018
vt 0.511153 0.170586
vt 0.552257 0.191551
vt 0.535844 0.206594
vt 0.533571 0.208450
vt 0.539373 0.209964
vt 0.536592 0.212931
vt 0.544013 0.213821
vt 0.549972 0.217751
vt 0.557562 0.221598
vt 0.561883 0.226804
vt 0.588670 0.182441
vt 0.593148 0.176209
vt 0.598646 0.168455
vt 0.604178 0.160097
vt 0.587064 0.186976
vt 0.610020 0.150683
vt 0.512182 0.220598
vt 0.507492 0.220704
vt 0.507203 0.219159
vt 0.503247 0.230058
vt 0.504079 0.232237
vt 0.505735 0.230038
vt 0.506971 0.232132
vt 0.518093 0.248754
vt 0.510787 0.250256
vt 0.515011 0.264180
vt 0.525587 0.262763
vt 0.505689 0.216003
vt 0.506078 0.216530
vt 0.506526 0.215755
vt 0.507097 0.216268
vt 0.514238 0.226749
vt 0.502158 0.223676
vt 0.502342 0.225044
vt 0.503938 0.223598
vt 0.504191 0.224985
vt 0.538741 0.253998
vt 0.537407 0.247973
vt 0.564113 0.253156
vt 0.562562 0.259605
vt 0.580572 0.243865
vt 0.612846 0.241644
vt 0.621706 0.241472
vt 0.643411 0.234977
vt 0.634875 0.233635
vt 0.638913 0.242181
vt 0.630786 0.241438
vt 0.513481 0.255081
vt 0.515142 0.259316
vt 0.523068 0.253219
vt 0.525423 0.257694
vt 0.501808 0.217247
vt 0.502358 0.218344
vt 0.503187 0.217155
vt 0.504029 0.217695
vt 0.506711 0.217528
vt 0.506829 0.218147
vt 0.508002 0.216826
vt 0.507081 0.215278
vt 0.508013 0.215968
vt 0.505528 0.214960
vt 0.503933 0.215317
vt 0.502767 0.214277
vt 0.504617 0.216886
vt 0.505144 0.217354
vt 0.507274 0.216721
vt 0.506446 0.217015
vt 0.505561 0.215548
vt 0.504506 0.215697
vt 0.503522 0.206539
vt 0.500000 0.206475
vt 0.500000 0.209124
vt 0.500000 0.211821
vt 0.500000 0.214160
vt 0.506789 0.260125
vt 0.506708 0.264859
vt 0.500000 0.179233
vt 0.500000 0.186931
vt 0.514864 0.227451
vt 0.514502 0.193733
vt 0.529831 0.209191
vt 0.522402 0.210179
vt 0.522843 0.206895
vt 0.519540 0.208080
vt 0.519943 0.205503
vt 0.504474 0.196973
vt 0.510156 0.195275
vt 0.508851 0.197648
vt 0.505091 0.200625
vt 0.509811 0.202979
vt 0.509427 0.199876
vt 0.511918 0.201643
vt 0.527398 0.197693
vt 0.528666 0.197158
vt 0.516686 0.206228
vt 0.517190 0.204190
vt 0.513566 0.204596
vt 0.514541 0.202985
vt 0.526054 0.208247
vt 0.533811 0.198414
vt 0.532397 0.203177
vt 0.594716 0.215301
vt 0.589839 0.221405
vt 0.571561 0.225854
vt 0.575848 0.226330
vt 0.573457 0.223754
vt 0.577867 0.223738
vt 0.584991 0.194973
vt 0.579747 0.194642
vt 0.584656 0.197765
vt 0.581232 0.197158
vt 0.574469 0.195348
vt 0.573389 0.198564
vt 0.576016 0.196390
vt 0.575826 0.197853
vt 0.573345 0.190965
vt 0.567571 0.192311
vt 0.569735 0.196954
vt 0.556831 0.198989
vt 0.563054 0.203597
vt 0.562326 0.194917
vt 0.565883 0.199689
vt 0.568390 0.223713
vt 0.565360 0.220227
vt 0.582491 0.225168
vt 0.652895 0.170064
vt 0.638380 0.153500
vt 0.614454 0.197828
vt 0.623738 0.194452
vt 0.606730 0.200809
vt 0.600553 0.202959
vt 0.634090 0.191219
vt 0.646300 0.188571
vt 0.562213 0.209312
vt 0.556795 0.206702
vt 0.616433 0.206686
vt 0.626126 0.204357
vt 0.608153 0.208745
vt 0.601353 0.209627
vt 0.636429 0.202443
vt 0.645077 0.214461
vt 0.647488 0.202308
vt 0.571091 0.218389
vt 0.568995 0.219544
vt 0.572013 0.220962
vt 0.571053 0.222312
vt 0.557486 0.213915
vt 0.563491 0.214923
vt 0.500000 0.200432
vt 0.504076 0.203876
vt 0.500000 0.203698
vt 0.500000 0.196843
vt 0.549980 0.133902
vt 0.500000 0.144344
vt 0.616286 0.140695
vt 0.586733 0.133624
vt 0.502461 0.235046
vt 0.503289 0.239846
vt 0.504081 0.220755
vt 0.502067 0.220968
vt 0.503993 0.222213
vt 0.502114 0.222372
vt 0.513338 0.196636
vt 0.640643 0.224353
vt 0.627924 0.248781
vt 0.626060 0.254839
vt 0.908011 0.349895
vt 0.910969 0.355336
vt 0.915600 0.347571
vt 0.918579 0.352160
vt 0.502060 0.219585
vt 0.504099 0.219455
vt 0.504463 0.216192
vt 0.506897 0.225188
vt 0.504428 0.218485
vt 0.505165 0.217786
vt 0.500912 0.219697
vt 0.500767 0.218451
vt 0.520067 0.203053
vt 0.519954 0.201217
vt 0.501802 0.215940
vt 0.503094 0.216206
vt 0.500000 0.216232
vt 0.539141 0.271240
vt 0.551942 0.268127
vt 0.500990 0.223741
vt 0.501048 0.225098
vt 0.500000 0.159203
vt 0.655079 0.216756
vt 0.659290 0.203362
vt 0.568739 0.208745
vt 0.570051 0.205608
vt 0.566396 0.206859
vt 0.568019 0.203228
vt 0.507201 0.269998
vt 0.563509 0.264904
vt 0.906658 0.343896
vt 0.923323 0.356581
vt 0.915594 0.360126
vt 0.529724 0.200878
vt 0.530457 0.200185
vt 0.515227 0.197411
vt 0.659480 0.186700
vt 0.507780 0.228307
vt 0.507324 0.226746
vt 0.635580 0.249044
vt 0.506140 0.255872
vt 0.500683 0.217295
vt 0.649399 0.226616
vt 0.575626 0.203990
vt 0.573929 0.203519
vt 0.574506 0.204952
vt 0.573238 0.204790
vt 0.573148 0.202621
vt 0.574593 0.201549
vt 0.572654 0.201053
vt 0.574747 0.199875
vt 0.570998 0.202922
vt 0.570543 0.200323
vt 0.576086 0.201108
vt 0.576477 0.199934
vt 0.576931 0.198759
vt 0.578361 0.197395
vt 0.578778 0.200232
vt 0.579954 0.198731
vt 0.581259 0.201021
vt 0.583085 0.199502
vt 0.583278 0.202502
vt 0.585283 0.201301
vt 0.567534 0.216007
vt 0.570783 0.215264
vt 0.584614 0.204230
vt 0.587246 0.203417
vt 0.585619 0.206385
vt 0.588396 0.206170
vt 0.585711 0.208865
vt 0.588188 0.209226
vt 0.584731 0.211397
vt 0.586885 0.212392
vt 0.582756 0.213970
vt 0.584269 0.215810
vt 0.580231 0.202170
vt 0.581868 0.203337
vt 0.588140 0.199484
vt 0.578224 0.201278
vt 0.576866 0.207446
vt 0.575859 0.207013
vt 0.576140 0.208040
vt 0.574795 0.207402
vt 0.568961 0.212240
vt 0.570325 0.209744
vt 0.570686 0.212021
vt 0.571898 0.213768
vt 0.572386 0.213092
vt 0.571894 0.211757
vt 0.571959 0.210273
vt 0.573570 0.213508
vt 0.573548 0.214314
vt 0.572972 0.212677
vt 0.573521 0.212937
vt 0.573142 0.211907
vt 0.573724 0.210736
vt 0.566194 0.211393
vt 0.591197 0.214027
vt 0.588085 0.218527
vt 0.580448 0.218474
vt 0.579986 0.216277
vt 0.574373 0.221322
vt 0.577066 0.220342
vt 0.590909 0.202196
vt 0.592519 0.205802
vt 0.583246 0.221800
vt 0.592565 0.209722
vt 0.581499 0.212856
vt 0.579110 0.214465
vt 0.583268 0.210927
vt 0.573755 0.218353
vt 0.576809 0.217607
vt 0.573462 0.215794
vt 0.576342 0.215455
vt 0.580109 0.212043
vt 0.578013 0.213283
vt 0.578549 0.211178
vt 0.576847 0.212221
vt 0.575104 0.213117
vt 0.575634 0.214047
vt 0.575387 0.211375
vt 0.576690 0.210070
vt 0.574307 0.212409
vt 0.580698 0.208527
vt 0.579220 0.207688
vt 0.579904 0.209999
vt 0.578203 0.209009
vt 0.584108 0.208825
vt 0.582475 0.208858
vt 0.581614 0.210500
vt 0.582512 0.206988
vt 0.583844 0.206686
vt 0.581092 0.207090
vt 0.579826 0.206725
vt 0.580906 0.203966
vt 0.583057 0.204769
vt 0.581893 0.205340
vt 0.580758 0.205758
vt 0.579918 0.204667
vt 0.579210 0.205339
vt 0.579977 0.205939
vt 0.576325 0.202107
vt 0.574975 0.202576
vt 0.577844 0.202245
vt 0.577493 0.203212
vt 0.576478 0.202787
vt 0.576024 0.203223
vt 0.577140 0.204104
vt 0.576487 0.205110
vt 0.517055 0.280743
vt 0.507659 0.281820
vt 0.517991 0.286508
vt 0.508263 0.287412
vt 0.578090 0.204754
vt 0.578708 0.203859
vt 0.579494 0.202942
vt 0.577816 0.206412
vt 0.578673 0.206678
vt 0.577771 0.205627
vt 0.578793 0.206083
vt 0.570919 0.207942
vt 0.572474 0.208875
vt 0.574506 0.209579
vt 0.545814 0.291986
vt 0.558291 0.287338
vt 0.544662 0.286887
vt 0.557218 0.282728
vt 0.549484 0.315901
vt 0.562872 0.314447
vt 0.548615 0.306410
vt 0.564475 0.302082
vt 0.562065 0.324166
vt 0.549387 0.324747
vt 0.559768 0.340782
vt 0.547458 0.340997
vt 0.558075 0.348473
vt 0.546179 0.348820
vt 0.569880 0.382722
vt 0.561891 0.382384
vt 0.567470 0.390425
vt 0.558012 0.389370
vt 0.624037 0.338612
vt 0.624302 0.330175
vt 0.613449 0.335844
vt 0.613099 0.327849
vt 0.581093 0.277091
vt 0.570802 0.285354
vt 0.582883 0.280111
vt 0.573259 0.289780
vt 0.604966 0.370511
vt 0.599989 0.376097
vt 0.612823 0.373869
vt 0.606280 0.379683
vt 0.595477 0.418798
vt 0.580389 0.419964
vt 0.595663 0.428409
vt 0.580134 0.429609
vt 0.649671 0.414181
vt 0.668361 0.413642
vt 0.651853 0.404877
vt 0.670681 0.405253
vt 0.582844 0.340943
vt 0.571623 0.340814
vt 0.580421 0.348388
vt 0.569574 0.348312
vt 0.681672 0.267513
vt 0.690190 0.270237
vt 0.685231 0.256547
vt 0.694111 0.258850
vt 0.637505 0.469441
vt 0.654944 0.466608
vt 0.639384 0.460517
vt 0.656336 0.457971
vt 0.636580 0.301624
vt 0.631415 0.293421
vt 0.628194 0.302869
vt 0.624641 0.294139
vt 0.617867 0.351694
vt 0.621128 0.345706
vt 0.609058 0.349686
vt 0.612031 0.342998
vt 0.682770 0.380459
vt 0.668499 0.380008
vt 0.677923 0.389222
vt 0.662309 0.388624
vt 0.656840 0.396853
vt 0.673952 0.397372
vt 0.602226 0.341380
vt 0.593115 0.341085
vt 0.600148 0.348856
vt 0.590598 0.348613
vt 0.553652 0.396047
vt 0.565749 0.397493
vt 0.622263 0.463426
vt 0.605900 0.466530
vt 0.620241 0.472884
vt 0.603837 0.476499
vt 0.580075 0.411346
vt 0.578151 0.403774
vt 0.566178 0.411770
vt 0.565355 0.404009
vt 0.589643 0.469374
vt 0.573495 0.471579
vt 0.587675 0.479726
vt 0.571589 0.482673
vt 0.561206 0.332746
vt 0.548620 0.333044
vt 0.584852 0.381733
vt 0.577616 0.382394
vt 0.584738 0.389170
vt 0.576453 0.390186
vt 0.645126 0.348751
vt 0.650560 0.341968
vt 0.634709 0.342776
vt 0.638595 0.333275
vt 0.653301 0.475132
vt 0.635721 0.478336
vt 0.586259 0.490567
vt 0.570322 0.494013
vt 0.711601 0.333117
vt 0.700355 0.332967
vt 0.706586 0.341774
vt 0.695240 0.341989
vt 0.542773 0.391243
vt 0.550280 0.385400
vt 0.536431 0.382439
vt 0.546011 0.378465
vt 0.576712 0.397303
vt 0.586572 0.396193
vt 0.589947 0.402448
vt 0.533882 0.398695
vt 0.525900 0.386831
vt 0.534908 0.341510
vt 0.535767 0.333653
vt 0.536245 0.325703
vt 0.535765 0.317354
vt 0.522794 0.318419
vt 0.523224 0.326731
vt 0.534569 0.308910
vt 0.521654 0.310199
vt 0.532163 0.295312
vt 0.531215 0.289959
vt 0.630709 0.349424
vt 0.627095 0.355143
vt 0.602288 0.486594
vt 0.815784 0.350708
vt 0.806472 0.355210
vt 0.820168 0.358104
vt 0.810983 0.362810
vt 0.580033 0.292428
vt 0.586475 0.282137
vt 0.750566 0.344323
vt 0.742573 0.346710
vt 0.751692 0.350659
vt 0.742279 0.353338
vt 0.729150 0.332900
vt 0.736899 0.332311
vt 0.733730 0.323963
vt 0.741152 0.323536
vt 0.673079 0.456193
vt 0.671244 0.464614
vt 0.719692 0.394204
vt 0.704989 0.395417
vt 0.719270 0.402845
vt 0.703524 0.403826
vt 0.840162 0.388543
vt 0.832921 0.391872
vt 0.846352 0.395443
vt 0.839442 0.398699
vt 0.842562 0.378275
vt 0.850335 0.375116
vt 0.837898 0.370166
vt 0.846020 0.366413
vt 0.824729 0.366145
vt 0.815785 0.370602
vt 0.692672 0.388322
vt 0.696452 0.379990
vt 0.705648 0.362927
vt 0.693963 0.362761
vt 0.703199 0.367741
vt 0.691025 0.367540
vt 0.591677 0.270313
vt 0.580348 0.273812
vt 0.591990 0.267664
vt 0.875982 0.357216
vt 0.872145 0.358533
vt 0.877527 0.362251
vt 0.874038 0.364493
vt 0.789119 0.410008
vt 0.800467 0.416403
vt 0.798985 0.405619
vt 0.808428 0.412138
vt 0.717485 0.357539
vt 0.725713 0.356936
vt 0.719000 0.351066
vt 0.726586 0.350125
vt 0.724748 0.362223
vt 0.715698 0.362660
vt 0.723698 0.367281
vt 0.713643 0.367654
vt 0.721311 0.378256
vt 0.709117 0.378958
vt 0.720202 0.386042
vt 0.706655 0.386959
vt 0.785576 0.427774
vt 0.773527 0.423586
vt 0.779115 0.434555
vt 0.767196 0.431391
vt 0.694614 0.315520
vt 0.683548 0.314567
vt 0.686736 0.323505
vt 0.676613 0.321493
vt 0.763879 0.316651
vt 0.765694 0.311046
vt 0.758818 0.316948
vt 0.761267 0.311446
vt 0.716772 0.296267
vt 0.706956 0.296704
vt 0.711469 0.306245
vt 0.701235 0.306877
vt 0.595375 0.273523
vt 0.598928 0.274297
vt 0.590753 0.283654
vt 0.723338 0.315227
vt 0.731076 0.315556
vt 0.728250 0.306267
vt 0.735505 0.306582
vt 0.672448 0.264206
vt 0.675641 0.253763
vt 0.725305 0.295932
vt 0.732705 0.295997
vt 0.729144 0.285365
vt 0.736832 0.284951
vt 0.702157 0.412126
vt 0.718154 0.411400
vt 0.703752 0.454492
vt 0.689017 0.454982
vt 0.701366 0.462944
vt 0.686707 0.463413
vt 0.669841 0.472981
vt 0.699725 0.471569
vt 0.685178 0.471904
vt 0.888650 0.338512
vt 0.887536 0.347083
vt 0.894180 0.338963
vt 0.893670 0.346490
vt 0.652866 0.526408
vt 0.658836 0.536357
vt 0.670749 0.522882
vt 0.676328 0.533725
vt 0.897842 0.360481
vt 0.895085 0.353709
vt 0.891499 0.362748
vt 0.888480 0.354865
vt 0.650616 0.516085
vt 0.668065 0.512550
vt 0.577425 0.268808
vt 0.579053 0.271344
vt 0.588797 0.263880
vt 0.591078 0.265488
vt 0.566823 0.273915
vt 0.568864 0.277410
vt 0.555460 0.278306
vt 0.637101 0.531604
vt 0.641579 0.542527
vt 0.901063 0.352069
vt 0.899796 0.345422
vt 0.904186 0.358029
vt 0.908689 0.363484
vt 0.914241 0.368478
vt 0.920679 0.364876
vt 0.651806 0.483483
vt 0.668654 0.481241
vt 0.743287 0.574321
vt 0.763289 0.572236
vt 0.744331 0.567070
vt 0.761314 0.567041
vt 0.780137 0.563874
vt 0.783697 0.569110
vt 0.800863 0.558840
vt 0.804475 0.564631
vt 0.783116 0.515671
vt 0.778442 0.507805
vt 0.765810 0.517973
vt 0.761442 0.509985
vt 0.684250 0.480076
vt 0.698868 0.479675
vt 0.634341 0.487010
vt 0.656003 0.601098
vt 0.665909 0.615143
vt 0.678051 0.592707
vt 0.686175 0.607126
vt 0.747485 0.593982
vt 0.744843 0.583378
vt 0.726901 0.597251
vt 0.722843 0.585041
vt 0.554087 0.508054
vt 0.569604 0.504679
vt 0.554783 0.496748
vt 0.512914 0.514108
vt 0.525844 0.512536
vt 0.514115 0.502672
vt 0.527610 0.500869
vt 0.519545 0.560132
vt 0.508882 0.561826
vt 0.516482 0.574043
vt 0.507534 0.574923
vt 0.618822 0.527655
vt 0.602507 0.533186
vt 0.621565 0.537279
vt 0.604187 0.542957
vt 0.788445 0.575350
vt 0.808679 0.571436
vt 0.645105 0.623313
vt 0.633804 0.609275
vt 0.613491 0.617847
vt 0.594099 0.624375
vt 0.624965 0.631325
vt 0.605472 0.637094
vt 0.513204 0.638789
vt 0.524008 0.619150
vt 0.508987 0.633782
vt 0.517520 0.611257
vt 0.796861 0.547617
vt 0.778150 0.550594
vt 0.798556 0.554146
vt 0.779039 0.557204
vt 0.713205 0.479970
vt 0.713663 0.471693
vt 0.727974 0.463455
vt 0.714984 0.463094
vt 0.726954 0.472107
vt 0.752862 0.402839
vt 0.735520 0.402769
vt 0.750320 0.411091
vt 0.734004 0.410899
vt 0.834634 0.381531
vt 0.826705 0.384860
vt 0.768991 0.602625
vt 0.789912 0.599726
vt 0.769626 0.589052
vt 0.796121 0.584447
vt 0.731570 0.609938
vt 0.713611 0.614185
vt 0.706388 0.600877
vt 0.675121 0.628698
vt 0.694511 0.620830
vt 0.636272 0.644311
vt 0.617913 0.649942
vt 0.570648 0.669214
vt 0.583711 0.661950
vt 0.557354 0.658663
vt 0.570615 0.650808
vt 0.550876 0.584992
vt 0.569305 0.571701
vt 0.543984 0.571311
vt 0.566883 0.558716
vt 0.528700 0.488529
vt 0.517452 0.490580
vt 0.555721 0.484853
vt 0.541081 0.486680
vt 0.540259 0.498990
vt 0.529234 0.453260
vt 0.544712 0.452514
vt 0.530838 0.442393
vt 0.546791 0.441833
vt 0.548824 0.431012
vt 0.532551 0.431537
vt 0.551030 0.411305
vt 0.550639 0.402890
vt 0.534356 0.410295
vt 0.522492 0.342574
vt 0.522973 0.334755
vt 0.625363 0.548103
vt 0.540161 0.709480
vt 0.545506 0.697490
vt 0.523761 0.703870
vt 0.530842 0.690726
vt 0.634322 0.521673
vt 0.617451 0.491436
vt 0.618603 0.482319
vt 0.629344 0.403368
vt 0.630120 0.414663
vt 0.555782 0.381155
vt 0.554836 0.375961
vt 0.700091 0.587162
vt 0.647687 0.656448
vt 0.630284 0.662504
vt 0.658059 0.668054
vt 0.641918 0.674468
vt 0.590132 0.699894
vt 0.598881 0.692308
vt 0.575845 0.688305
vt 0.584995 0.680724
vt 0.615240 0.721394
vt 0.625274 0.714948
vt 0.603436 0.710807
vt 0.613171 0.703814
vt 0.655793 0.637487
vt 0.683641 0.642123
vt 0.665721 0.649856
vt 0.692007 0.654081
vt 0.675323 0.661510
vt 0.749800 0.606635
vt 0.547796 0.667656
vt 0.561082 0.677331
vt 0.561798 0.706610
vt 0.555670 0.717749
vt 0.575813 0.716653
vt 0.568198 0.726544
vt 0.735755 0.622346
vt 0.718786 0.627130
vt 0.740438 0.634069
vt 0.724799 0.639195
vt 0.701194 0.634041
vt 0.708510 0.646237
vt 0.700384 0.665748
vt 0.684476 0.672988
vt 0.708696 0.677216
vt 0.693244 0.684401
vt 0.716114 0.657759
vt 0.724091 0.669285
vt 0.737847 0.662015
vt 0.731136 0.650603
vt 0.745290 0.645094
vt 0.750786 0.656225
vt 0.763587 0.651782
vt 0.759646 0.641126
vt 0.776510 0.648611
vt 0.789927 0.646297
vt 0.774106 0.637984
vt 0.789141 0.635711
vt 0.587631 0.726262
vt 0.579096 0.734762
vt 0.598189 0.735423
vt 0.589617 0.742880
vt 0.630266 0.761637
vt 0.622718 0.767652
vt 0.642905 0.770637
vt 0.635821 0.775953
vt 0.797606 0.675892
vt 0.788157 0.679193
vt 0.803349 0.685560
vt 0.794524 0.689440
vt 0.776515 0.699138
vt 0.785999 0.693733
vt 0.769170 0.688258
vt 0.779018 0.683132
vt 0.758441 0.694645
vt 0.765926 0.705416
vt 0.747012 0.701593
vt 0.753875 0.712441
vt 0.739052 0.719839
vt 0.732247 0.709316
vt 0.656451 0.746682
vt 0.647424 0.751131
vt 0.668747 0.756118
vt 0.658903 0.760767
vt 0.689634 0.745054
vt 0.699822 0.737075
vt 0.678769 0.735032
vt 0.690244 0.727281
vt 0.716900 0.688074
vt 0.731749 0.680134
vt 0.744639 0.672968
vt 0.756527 0.667066
vt 0.608293 0.744329
vt 0.599878 0.751069
vt 0.636201 0.725696
vt 0.626263 0.731547
vt 0.695083 0.711812
vt 0.709605 0.705860
vt 0.686629 0.701638
vt 0.701425 0.695311
vt 0.739546 0.690898
vt 0.751493 0.683717
vt 0.762516 0.677689
vt 0.783134 0.669106
vt 0.773000 0.672707
vt 0.793577 0.666280
vt 0.618791 0.753012
vt 0.610729 0.759336
vt 0.636692 0.741537
vt 0.646531 0.736439
vt 0.712070 0.730477
vt 0.725558 0.725170
vt 0.703652 0.721388
vt 0.717853 0.715693
vt 0.720270 0.739213
vt 0.709218 0.745502
vt 0.802682 0.699760
vt 0.810932 0.695153
vt 0.794472 0.704468
vt 0.759394 0.723874
vt 0.773519 0.716062
vt 0.744431 0.731127
vt 0.731453 0.734375
vt 0.693811 0.773534
vt 0.680694 0.764843
vt 0.685017 0.778946
vt 0.671696 0.769815
vt 0.656389 0.779285
vt 0.648751 0.784389
vt 0.669189 0.789266
vt 0.660521 0.794572
vt 0.813596 0.710207
vt 0.822102 0.705046
vt 0.804309 0.715108
vt 0.781067 0.727317
vt 0.793634 0.720574
vt 0.784671 0.709869
vt 0.764694 0.735760
vt 0.773555 0.747268
vt 0.758599 0.755488
vt 0.748109 0.744278
vt 0.798925 0.809747
vt 0.808405 0.803229
vt 0.784562 0.797067
vt 0.795434 0.790129
vt 0.698226 0.789172
vt 0.707307 0.782759
vt 0.671982 0.805710
vt 0.681786 0.800162
vt 0.813934 0.743095
vt 0.802936 0.731871
vt 0.800588 0.749768
vt 0.789686 0.738746
vt 0.734697 0.803973
vt 0.725572 0.810218
vt 0.749010 0.814594
vt 0.740573 0.820261
vt 0.700349 0.827103
vt 0.709411 0.821181
vt 0.685418 0.816438
vt 0.695311 0.810739
vt 0.835309 0.769040
vt 0.824874 0.755286
vt 0.822669 0.774985
vt 0.811580 0.761758
vt 0.770045 0.766284
vt 0.783042 0.777646
vt 0.784953 0.758053
vt 0.796703 0.769501
vt 0.757182 0.773473
vt 0.770624 0.784741
vt 0.785324 0.837232
vt 0.766470 0.825765
vt 0.776769 0.840828
vt 0.757887 0.830376
vt 0.737871 0.845826
vt 0.744567 0.840025
vt 0.717544 0.837225
vt 0.725726 0.830868
vt 0.855451 0.799556
vt 0.845421 0.784117
vt 0.845040 0.804836
vt 0.833858 0.789412
vt 0.833861 0.811044
vt 0.820399 0.796123
vt 0.822997 0.817765
vt 0.814370 0.823718
vt 0.838012 0.832813
vt 0.830888 0.838217
vt 0.795005 0.851510
vt 0.803387 0.848490
vt 0.783426 0.857296
vt 0.764622 0.848712
vt 0.776732 0.861215
vt 0.758243 0.853614
vt 0.879783 0.807286
vt 0.888218 0.804213
vt 0.873148 0.793117
vt 0.882846 0.790298
vt 0.872720 0.810066
vt 0.864483 0.795855
vt 0.865157 0.813681
vt 0.855999 0.818965
vt 0.846415 0.825991
vt 0.512375 0.699093
vt 0.521479 0.684324
vt 0.509583 0.692355
vt 0.516867 0.677309
vt 0.597925 0.673469
vt 0.612244 0.685795
vt 0.625896 0.697574
vt 0.637220 0.708807
vt 0.647841 0.719851
vt 0.668152 0.741720
vt 0.657890 0.730843
vt 0.678703 0.751471
vt 0.691028 0.759751
vt 0.704717 0.767568
vt 0.718061 0.776267
vt 0.731230 0.786180
vt 0.720863 0.793268
vt 0.745116 0.797060
vt 0.760295 0.808529
vt 0.795349 0.833307
vt 0.777157 0.820817
vt 0.813327 0.845407
vt 0.560417 0.608377
vt 0.545283 0.619667
vt 0.566525 0.619570
vt 0.550566 0.629190
vt 0.504836 0.663897
vt 0.507412 0.652418
vt 0.500839 0.662302
vt 0.503751 0.649730
vt 0.724746 0.698655
vt 0.767817 0.662339
vt 0.791169 0.656422
vt 0.779337 0.658933
vt 0.669731 0.724279
vt 0.681755 0.717668
vt 0.660440 0.713634
vt 0.672737 0.707732
vt 0.731363 0.769898
vt 0.743909 0.779871
vt 0.745627 0.763673
vt 0.736205 0.754279
vt 0.814789 0.725985
vt 0.825348 0.720837
vt 0.849835 0.727209
vt 0.835417 0.715396
vt 0.837901 0.732147
vt 0.650279 0.703005
vt 0.663441 0.697084
vt 0.639739 0.692016
vt 0.653080 0.685986
vt 0.706846 0.446251
vt 0.692192 0.446862
vt 0.596193 0.393790
vt 0.602325 0.399958
vt 0.605634 0.389897
vt 0.615067 0.395744
vt 0.624753 0.389858
vt 0.613916 0.384681
vt 0.621466 0.378480
vt 0.632492 0.383124
vt 0.663093 0.346768
vt 0.657304 0.352481
vt 0.517428 0.411114
vt 0.533855 0.420845
vt 0.517028 0.421507
vt 0.539340 0.510662
vt 0.547601 0.553926
vt 0.532080 0.557686
vt 0.527376 0.573770
vt 0.505544 0.613955
vt 0.500000 0.626143
vt 0.500000 0.645955
vt 0.500000 0.660684
vt 0.754421 0.429434
vt 0.760320 0.420717
vt 0.853128 0.392335
vt 0.847448 0.385505
vt 0.866543 0.386285
vt 0.872964 0.383349
vt 0.861812 0.379710
vt 0.868439 0.376949
vt 0.902333 0.366652
vt 0.895980 0.369654
vt 0.506896 0.678811
vt 0.508667 0.666456
vt 0.504682 0.674032
vt 0.538036 0.640319
vt 0.528818 0.651916
vt 0.546046 0.648913
vt 0.537055 0.659011
vt 0.668918 0.578847
vt 0.646513 0.586996
vt 0.766329 0.579963
vt 0.740740 0.273470
vt 0.748870 0.272703
vt 0.744450 0.261691
vt 0.752327 0.261178
vt 0.773271 0.403358
vt 0.788700 0.398678
vt 0.569551 0.280950
vt 0.595310 0.285374
vt 0.592688 0.295451
vt 0.600354 0.287453
vt 0.598451 0.297330
vt 0.825375 0.346219
vt 0.835959 0.341337
vt 0.821951 0.340780
vt 0.832658 0.336443
vt 0.770462 0.526191
vt 0.787895 0.523848
vt 0.758309 0.447935
vt 0.746059 0.447015
vt 0.755638 0.456073
vt 0.742944 0.455410
vt 0.750548 0.394046
vt 0.766814 0.393404
vt 0.523070 0.375710
vt 0.534096 0.373112
vt 0.522165 0.366452
vt 0.533520 0.364835
vt 0.753650 0.284365
vt 0.748753 0.295880
vt 0.762534 0.287052
vt 0.755052 0.297882
vt 0.721188 0.573719
vt 0.694719 0.570830
vt 0.678781 0.439622
vt 0.695406 0.438486
vt 0.681361 0.430546
vt 0.698283 0.429530
vt 0.685767 0.412931
vt 0.687620 0.404673
vt 0.689846 0.396634
vt 0.721171 0.333535
vt 0.723502 0.342003
vt 0.715808 0.342294
vt 0.558971 0.639604
vt 0.529495 0.592679
vt 0.536111 0.601028
vt 0.538045 0.723366
vt 0.523107 0.718877
vt 0.500607 0.672245
vt 0.500000 0.671030
vt 0.553529 0.273489
vt 0.564821 0.269843
vt 0.720434 0.306006
vt 0.714839 0.315105
vt 0.701759 0.350686
vt 0.689885 0.350461
vt 0.697393 0.357527
vt 0.684612 0.356996
vt 0.708271 0.357681
vt 0.711127 0.350898
vt 0.603693 0.333935
vt 0.602949 0.326350
vt 0.593640 0.333138
vt 0.593497 0.325400
vt 0.584071 0.324566
vt 0.573796 0.324131
vt 0.583965 0.332952
vt 0.573080 0.332805
vt 0.559687 0.293096
vt 0.546827 0.298243
vt 0.533118 0.301404
vt 0.520469 0.303290
vt 0.883885 0.365120
vt 0.879115 0.370470
vt 0.890065 0.373079
vt 0.884415 0.376846
vt 0.889594 0.382419
vt 0.895677 0.379045
vt 0.543296 0.281659
vt 0.529824 0.284437
vt 0.518807 0.292201
vt 0.665565 0.250463
vt 0.662505 0.260118
vt 0.900504 0.338335
vt 0.586220 0.262086
vt 0.575572 0.265440
vt 0.654310 0.247496
vt 0.651273 0.256864
vt 0.584955 0.305170
vt 0.592174 0.305845
vt 0.586580 0.294019
vt 0.541336 0.276472
vt 0.528435 0.279062
vt 0.638170 0.572731
vt 0.658418 0.565071
vt 0.641357 0.451708
vt 0.624339 0.454195
vt 0.500000 0.453869
vt 0.514293 0.453906
vt 0.500000 0.443342
vt 0.515311 0.442924
vt 0.500000 0.422229
vt 0.500000 0.412026
vt 0.507392 0.275832
vt 0.528251 0.464400
vt 0.513787 0.465589
vt 0.528069 0.476211
vt 0.513918 0.478415
vt 0.508905 0.491400
vt 0.507774 0.497836
vt 0.513237 0.585464
vt 0.506316 0.585619
vt 0.666139 0.294380
vt 0.657794 0.289206
vt 0.659208 0.300678
vt 0.651261 0.295187
vt 0.557286 0.473129
vt 0.541879 0.474479
vt 0.641336 0.354212
vt 0.653516 0.357789
vt 0.516756 0.400318
vt 0.544511 0.363704
vt 0.544457 0.370979
vt 0.554541 0.369578
vt 0.555232 0.362874
vt 0.500000 0.681555
vt 0.503594 0.674915
vt 0.783937 0.308899
vt 0.783237 0.314583
vt 0.790093 0.308510
vt 0.790463 0.313684
vt 0.539428 0.678144
vt 0.529780 0.670720
vt 0.507037 0.712967
vt 0.500000 0.705211
vt 0.500000 0.714335
vt 0.501755 0.704740
vt 0.586936 0.643117
vt 0.600374 0.655741
vt 0.614265 0.668326
vt 0.627507 0.680369
vt 0.701274 0.753406
vt 0.718224 0.759707
vt 0.757884 0.790979
vt 0.772621 0.802917
vt 0.788547 0.815700
vt 0.805540 0.829152
vt 0.822842 0.842319
vt 0.795632 0.261958
vt 0.793480 0.272197
vt 0.805206 0.263214
vt 0.803343 0.272910
vt 0.724840 0.274356
vt 0.716081 0.274021
vt 0.721006 0.285393
vt 0.711784 0.285413
vt 0.732946 0.274200
vt 0.728741 0.262873
vt 0.736792 0.262444
vt 0.757318 0.272298
vt 0.765961 0.272926
vt 0.760758 0.261057
vt 0.769224 0.261151
vt 0.777649 0.261002
vt 0.775314 0.271953
vt 0.786442 0.261251
vt 0.784424 0.271593
vt 0.698445 0.272156
vt 0.707024 0.273520
vt 0.702564 0.260703
vt 0.711192 0.261917
vt 0.649979 0.283248
vt 0.643962 0.288409
vt 0.666734 0.329055
vt 0.657818 0.323909
vt 0.657968 0.335235
vt 0.649145 0.328989
vt 0.659086 0.269132
vt 0.655270 0.277018
vt 0.668786 0.274173
vt 0.663734 0.282538
vt 0.688125 0.294619
vt 0.696961 0.296252
vt 0.693743 0.283651
vt 0.702371 0.284978
vt 0.740313 0.295970
vt 0.744962 0.284478
vt 0.674481 0.299238
vt 0.667439 0.306066
vt 0.637872 0.359618
vt 0.680629 0.361945
vt 0.677267 0.366874
vt 0.591416 0.380904
vt 0.592391 0.387253
vt 0.653527 0.378518
vt 0.646616 0.386684
vt 0.596588 0.380203
vt 0.599566 0.384253
vt 0.565679 0.420486
vt 0.519419 0.297525
vt 0.680344 0.291622
vt 0.672258 0.287148
vt 0.750076 0.306945
vt 0.743328 0.306484
vt 0.745840 0.315421
vt 0.738582 0.315725
vt 0.745522 0.377260
vt 0.747944 0.385638
vt 0.757868 0.376616
vt 0.761920 0.384994
vt 0.804063 0.309841
vt 0.811876 0.306623
vt 0.801208 0.305043
vt 0.807540 0.301656
vt 0.820637 0.302289
vt 0.830291 0.296512
vt 0.815250 0.297237
vt 0.824366 0.292121
vt 0.666311 0.547871
vt 0.683603 0.544139
vt 0.585439 0.500810
vt 0.601324 0.496304
vt 0.566506 0.546627
vt 0.517723 0.642700
vt 0.528004 0.625900
vt 0.635755 0.281418
vt 0.640604 0.277612
vt 0.552961 0.686755
vt 0.649878 0.552245
vt 0.582770 0.707786
vt 0.568405 0.696842
vt 0.788129 0.613031
vt 0.770016 0.615528
vt 0.788211 0.624941
vt 0.771936 0.627192
vt 0.752533 0.618724
vt 0.756022 0.630243
vt 0.583308 0.751525
vt 0.572484 0.744163
vt 0.677722 0.690817
vt 0.631715 0.782466
vt 0.618845 0.774651
vt 0.594333 0.759117
vt 0.606152 0.766931
vt 0.643288 0.790523
vt 0.653221 0.800811
vt 0.663449 0.812143
vt 0.692698 0.835231
vt 0.676406 0.823739
vt 0.871038 0.757491
vt 0.862336 0.741353
vt 0.859111 0.760558
vt 0.849620 0.745166
vt 0.826211 0.737273
vt 0.837206 0.749827
vt 0.807981 0.782320
vt 0.734913 0.853549
vt 0.755716 0.860631
vt 0.877297 0.774197
vt 0.866482 0.777016
vt 0.847048 0.764289
vt 0.855921 0.780075
vt 0.772907 0.867519
vt 0.522680 0.664023
vt 0.500000 0.721522
vt 0.510261 0.721753
vt 0.616294 0.582896
vt 0.624324 0.595417
vt 0.555479 0.597034
vt 0.572681 0.585704
vt 0.550466 0.730065
vt 0.561732 0.737265
vt 0.591691 0.459545
vt 0.575576 0.461246
vt 0.593480 0.449375
vt 0.609653 0.447051
vt 0.594901 0.438783
vt 0.611140 0.436924
vt 0.643493 0.442682
vt 0.661241 0.441051
vt 0.645662 0.433371
vt 0.663785 0.431909
vt 0.675845 0.448081
vt 0.658699 0.449696
vt 0.741259 0.428418
vt 0.727865 0.428199
vt 0.736962 0.437568
vt 0.723906 0.437357
vt 0.521183 0.587509
vt 0.511950 0.655358
vt 0.575398 0.631010
vt 0.584427 0.611692
vt 0.603977 0.604448
vt 0.705311 0.315262
vt 0.752031 0.356991
vt 0.742370 0.359471
vt 0.809414 0.291637
vt 0.819042 0.287213
vt 0.681679 0.303702
vt 0.642997 0.309522
vt 0.644291 0.299322
vt 0.651778 0.305838
vt 0.815691 0.264343
vt 0.815156 0.272654
vt 0.644600 0.272433
vt 0.588303 0.562603
vt 0.607100 0.554681
vt 0.586438 0.550034
vt 0.502863 0.695718
vt 0.500000 0.699342
vt 0.540805 0.610274
vt 0.606630 0.728236
vt 0.595457 0.718215
vt 0.616997 0.737827
vt 0.627483 0.747097
vt 0.638505 0.756200
vt 0.649929 0.765392
vt 0.663429 0.774560
vt 0.677039 0.784089
vt 0.690052 0.794660
vt 0.711817 0.799711
vt 0.703518 0.805320
vt 0.717611 0.815744
vt 0.751046 0.835132
vt 0.733144 0.825391
vt 0.770287 0.844545
vt 0.788882 0.854130
vt 0.502696 0.682900
vt 0.502779 0.688844
vt 0.576855 0.304126
vt 0.676554 0.349476
vt 0.670785 0.355229
vt 0.674556 0.311075
vt 0.819936 0.561567
vt 0.817494 0.555137
vt 0.791426 0.282258
vt 0.782298 0.281608
vt 0.690562 0.306392
vt 0.675941 0.332080
vt 0.669202 0.339278
vt 0.710119 0.150843
vt 0.702559 0.147880
vt 0.700791 0.158103
vt 0.693091 0.154784
vt 0.717225 0.153654
vt 0.708872 0.161260
vt 0.755470 0.165768
vt 0.746788 0.163882
vt 0.749672 0.173885
vt 0.740708 0.172159
vt 0.724244 0.156469
vt 0.731462 0.159309
vt 0.731887 0.148851
vt 0.738513 0.151495
vt 0.763900 0.185196
vt 0.773176 0.186957
vt 0.769056 0.177325
vt 0.777899 0.178996
vt 0.719392 0.215494
vt 0.728508 0.215818
vt 0.724447 0.208201
vt 0.733887 0.208588
vt 0.841319 0.192012
vt 0.831892 0.191946
vt 0.838993 0.201303
vt 0.829153 0.201238
vt 0.703277 0.193593
vt 0.712867 0.196401
vt 0.710246 0.184244
vt 0.719498 0.187264
vt 0.825663 0.210258
vt 0.835444 0.210625
vt 0.717191 0.175530
vt 0.725843 0.178544
vt 0.724306 0.167327
vt 0.732336 0.170113
vt 0.773690 0.169449
vt 0.782094 0.171011
vt 0.777729 0.161579
vt 0.785779 0.163046
vt 0.738850 0.161828
vt 0.745350 0.153835
vt 0.752844 0.155907
vt 0.817311 0.173529
vt 0.826308 0.173341
vt 0.819028 0.164172
vt 0.697700 0.135076
vt 0.695097 0.144724
vt 0.704575 0.138067
vt 0.743634 0.182309
vt 0.734592 0.180733
vt 0.737485 0.190880
vt 0.728482 0.189467
vt 0.699827 0.169118
vt 0.691727 0.165681
vt 0.690841 0.177695
vt 0.848665 0.201768
vt 0.811483 0.191775
vt 0.822029 0.191999
vt 0.814726 0.182737
vt 0.824568 0.182713
vt 0.801222 0.191236
vt 0.791383 0.190245
vt 0.796940 0.199696
vt 0.786723 0.198536
vt 0.740663 0.200366
vt 0.730912 0.199609
vt 0.751625 0.201247
vt 0.762181 0.202865
vt 0.758142 0.193193
vt 0.768026 0.194899
vt 0.687282 0.199942
vt 0.676573 0.197131
vt 0.682782 0.207689
vt 0.671912 0.205303
vt 0.826132 0.227138
vt 0.836470 0.228806
vt 0.831073 0.219664
vt 0.841275 0.221089
vt 0.811456 0.231902
vt 0.801406 0.231709
vt 0.808148 0.236462
vt 0.798552 0.236119
vt 0.791873 0.207802
vt 0.781352 0.206595
vt 0.786304 0.215479
vt 0.775566 0.214436
vt 0.765715 0.212578
vt 0.755919 0.210382
vt 0.759991 0.219202
vt 0.750041 0.216895
vt 0.746383 0.235658
vt 0.737746 0.235183
vt 0.743721 0.242936
vt 0.735526 0.242755
vt 0.719493 0.234932
vt 0.710718 0.233913
vt 0.717528 0.242295
vt 0.708769 0.241183
vt 0.673753 0.224699
vt 0.662397 0.222613
vt 0.671409 0.230759
vt 0.659834 0.228498
vt 0.781311 0.221897
vt 0.769797 0.221968
vt 0.724743 0.222402
vt 0.715825 0.221963
vt 0.721734 0.228507
vt 0.713032 0.227794
vt 0.698388 0.218951
vt 0.688984 0.216695
vt 0.695266 0.224865
vt 0.686235 0.222076
vt 0.679318 0.214133
vt 0.668314 0.211950
vt 0.676347 0.219663
vt 0.665135 0.217548
vt 0.775871 0.229791
vt 0.783694 0.231005
vt 0.778864 0.226251
vt 0.787018 0.227456
vt 0.744900 0.222799
vt 0.754337 0.224505
vt 0.707225 0.220726
vt 0.702031 0.212594
vt 0.710838 0.214349
vt 0.821791 0.232799
vt 0.831808 0.234828
vt 0.748387 0.250537
vt 0.755875 0.250552
vt 0.751370 0.242843
vt 0.758905 0.243106
vt 0.740801 0.250777
vt 0.732777 0.251055
vt 0.706083 0.249692
vt 0.714832 0.250724
vt 0.700007 0.239473
vt 0.691134 0.237507
vt 0.697477 0.248100
vt 0.688712 0.246211
vt 0.668621 0.240353
vt 0.657406 0.237596
vt 0.810667 0.246800
vt 0.807439 0.254004
vt 0.819791 0.248489
vt 0.817280 0.255954
vt 0.728617 0.235065
vt 0.731243 0.228611
vt 0.807945 0.173671
vt 0.798845 0.173272
vt 0.804837 0.182543
vt 0.795431 0.181829
vt 0.790328 0.172396
vt 0.793571 0.164147
vt 0.708792 0.172357
vt 0.716469 0.164264
vt 0.725289 0.146173
vt 0.697030 0.202867
vt 0.692642 0.210364
vt 0.786731 0.239582
vt 0.795704 0.240328
vt 0.789402 0.235499
vt 0.791846 0.223199
vt 0.802924 0.226062
vt 0.797844 0.216707
vt 0.809948 0.218199
vt 0.769912 0.237871
vt 0.778213 0.238734
vt 0.772823 0.233406
vt 0.780893 0.234525
vt 0.681678 0.234182
vt 0.683898 0.227604
vt 0.789295 0.251810
vt 0.798100 0.252304
vt 0.792726 0.245286
vt 0.801738 0.245797
vt 0.804947 0.240883
vt 0.780585 0.251531
vt 0.783888 0.244773
vt 0.679212 0.243528
vt 0.763970 0.250983
vt 0.772341 0.251270
vt 0.767075 0.243711
vt 0.775413 0.244182
vt 0.782195 0.188757
vt 0.786530 0.180602
vt 0.744879 0.209013
vt 0.739153 0.215895
vt 0.734628 0.222396
vt 0.764653 0.167643
vt 0.759364 0.175564
vt 0.753549 0.183627
vt 0.747402 0.191941
vt 0.807735 0.200486
vt 0.762429 0.226621
vt 0.757741 0.231012
vt 0.749866 0.229695
vt 0.726599 0.242661
vt 0.723742 0.251349
vt 0.772283 0.225913
vt 0.719988 0.262762
vt 0.815411 0.226384
vt 0.814305 0.241856
vt 0.817909 0.237555
vt 0.711826 0.140869
vt 0.833818 0.182569
vt 0.701172 0.181081
vt 0.706459 0.205400
vt 0.715682 0.207105
vt 0.754281 0.236260
vt 0.761827 0.236999
vt 0.765035 0.232315
vt 0.701985 0.232451
vt 0.692919 0.230673
vt 0.769396 0.159836
vt 0.704384 0.226523
vt 0.823621 0.243887
vt 0.827466 0.239693
vt 0.821101 0.218916
vt 0.859853 0.389288
vt 0.864899 0.395064
vt 0.858371 0.398205
vt 0.639277 0.394456
vt 0.609713 0.407394
vt 0.594047 0.409875
vt 0.666629 0.360040
vt 0.662957 0.365244
vt 0.688166 0.333213
vt 0.682356 0.341355
vt 0.639599 0.376077
vt 0.593631 0.199832
vt 0.589687 0.196630
vt 0.586103 0.191126
vt 0.507687 0.484596
vt 0.500000 0.498587
vt 0.500000 0.505902
vt 0.576301 0.206104
vt 0.576583 0.208660
vt 0.578106 0.207235
vt 0.575453 0.205226
vt 0.575463 0.205631
vt 0.579553 0.190590
vt 0.500000 0.726995
vt 0.595716 0.204296
vt 0.596126 0.209389
vt 0.577759 0.196088
vt 0.754068 0.488037
vt 0.769717 0.487229
vt 0.753556 0.481216
vt 0.768383 0.480921
vt 0.785939 0.484546
vt 0.788867 0.489822
vt 0.771575 0.493723
vt 0.702705 0.511526
vt 0.700823 0.502681
vt 0.685543 0.511503
vt 0.684248 0.502662
vt 0.667154 0.503913
vt 0.667451 0.496271
vt 0.684017 0.494817
vt 0.650004 0.498990
vt 0.649745 0.507176
vt 0.632995 0.503445
vt 0.633298 0.512335
vt 0.617603 0.518134
vt 0.601477 0.523844
vt 0.584363 0.529534
vt 0.566987 0.534976
vt 0.585325 0.539195
vt 0.549985 0.540075
vt 0.534751 0.543735
vt 0.521635 0.546434
vt 0.510088 0.548061
vt 0.500000 0.549085
vt 0.500000 0.562812
vt 0.574498 0.314797
vt 0.875823 0.343988
vt 0.879271 0.334704
vt 0.870686 0.342304
vt 0.875052 0.332709
vt 0.833404 0.361519
vt 0.842263 0.356976
vt 0.829248 0.353209
vt 0.839699 0.348015
vt 0.872507 0.351665
vt 0.875708 0.352180
vt 0.867859 0.351486
vt 0.867288 0.359708
vt 0.870056 0.367293
vt 0.852055 0.319815
vt 0.841347 0.327204
vt 0.855644 0.323644
vt 0.844124 0.331106
vt 0.809507 0.339932
vt 0.800001 0.343145
vt 0.812064 0.344584
vt 0.802632 0.348366
vt 0.839810 0.304007
vt 0.829845 0.310671
vt 0.843773 0.307657
vt 0.833352 0.314654
vt 0.819708 0.336593
vt 0.780878 0.391193
vt 0.774717 0.383414
vt 0.769633 0.375948
vt 0.761871 0.354551
vt 0.762878 0.360747
vt 0.752770 0.363274
vt 0.761527 0.348320
vt 0.759481 0.343207
vt 0.633504 0.311668
vt 0.640893 0.320720
vt 0.650283 0.317136
vt 0.748804 0.331747
vt 0.747371 0.339013
vt 0.754331 0.331515
vt 0.753952 0.338198
vt 0.602186 0.275951
vt 0.605942 0.278018
vt 0.626400 0.285041
vt 0.621886 0.285328
vt 0.810455 0.319228
vt 0.813276 0.323822
vt 0.819345 0.315556
vt 0.822795 0.319832
vt 0.801341 0.322139
vt 0.792566 0.324505
vt 0.803321 0.326855
vt 0.794338 0.329515
vt 0.760455 0.330393
vt 0.760838 0.337296
vt 0.637732 0.291638
vt 0.605631 0.289810
vt 0.604496 0.299519
vt 0.611246 0.291968
vt 0.611298 0.301502
vt 0.708464 0.324359
vt 0.697509 0.324592
vt 0.718151 0.324439
vt 0.732194 0.341060
vt 0.726241 0.324253
vt 0.666865 0.318008
vt 0.659378 0.312160
vt 0.605654 0.309294
vt 0.613812 0.311122
vt 0.835254 0.300480
vt 0.825265 0.306785
vt 0.754768 0.316608
vt 0.750994 0.323663
vt 0.755540 0.323845
vt 0.734513 0.348592
vt 0.740681 0.339931
vt 0.630910 0.283663
vt 0.609806 0.280214
vt 0.613533 0.282366
vt 0.815402 0.311504
vt 0.806533 0.314792
vt 0.807192 0.335629
vt 0.817467 0.332438
vt 0.805210 0.331319
vt 0.815359 0.328276
vt 0.782889 0.320460
vt 0.791056 0.319091
vt 0.797685 0.338577
vt 0.795847 0.334143
vt 0.761203 0.323395
vt 0.592593 0.316038
vt 0.598823 0.307158
vt 0.600810 0.316824
vt 0.609093 0.318753
vt 0.619050 0.320662
vt 0.630459 0.321859
vt 0.584461 0.315550
vt 0.768847 0.228472
vt 0.758320 0.310287
vt 0.751219 0.315526
vt 0.754731 0.308565
vt 0.773027 0.283144
vt 0.501464 0.230050
vt 0.501795 0.232210
vt 0.500964 0.221119
vt 0.500975 0.222468
vt 0.792107 0.231758
vt 0.794060 0.228646
vt 0.803248 0.208882
vt 0.814991 0.209805
vt 0.818837 0.201028
vt 0.845654 0.211561
vt 0.682950 0.187474
vt 0.693700 0.190548
vt 0.722163 0.198454
vt 0.771667 0.204891
vt 0.743903 0.120990
vt 0.737349 0.118541
vt 0.735401 0.128704
vt 0.728811 0.126238
vt 0.749837 0.123407
vt 0.752033 0.113232
vt 0.757985 0.115805
vt 0.755190 0.126123
vt 0.763140 0.118630
vt 0.760417 0.128764
vt 0.765777 0.130977
vt 0.768042 0.121671
vt 0.773032 0.124088
vt 0.764942 0.140501
vt 0.771508 0.142591
vt 0.771303 0.133077
vt 0.776994 0.135233
vt 0.789127 0.138778
vt 0.795399 0.139598
vt 0.792767 0.132240
vt 0.798355 0.132923
vt 0.710726 0.110560
vt 0.704984 0.108912
vt 0.703033 0.117290
vt 0.806617 0.147392
vt 0.802174 0.139664
vt 0.799242 0.147622
vt 0.716953 0.112282
vt 0.717258 0.103858
vt 0.723869 0.105421
vt 0.733474 0.138717
vt 0.726935 0.136179
vt 0.718594 0.143538
vt 0.753005 0.136231
vt 0.747388 0.133771
vt 0.745732 0.143842
vt 0.739613 0.141312
vt 0.766261 0.150180
vt 0.758870 0.148211
vt 0.761009 0.157958
vt 0.752022 0.146083
vt 0.758742 0.138445
vt 0.783056 0.137279
vt 0.778404 0.144585
vt 0.730479 0.116214
vt 0.723712 0.114110
vt 0.722225 0.123767
vt 0.715682 0.121465
vt 0.773870 0.152089
vt 0.713679 0.131068
vt 0.707119 0.128575
vt 0.700338 0.125881
vt 0.709079 0.119288
vt 0.737750 0.108891
vt 0.745139 0.110919
vt 0.720455 0.133652
vt 0.781531 0.153808
vt 0.789047 0.155103
vt 0.785367 0.146165
vt 0.792296 0.147222
vt 0.804142 0.155906
vt 0.796431 0.155810
vt 0.801685 0.164599
vt 0.705436 0.100740
vt 0.710744 0.102186
vt 0.812255 0.155514
vt 0.810384 0.164527
vt 0.822335 0.096470
vt 0.815807 0.097663
vt 0.822872 0.100893
vt 0.816393 0.102273
vt 0.800534 0.098918
vt 0.802331 0.093871
vt 0.792946 0.097780
vt 0.795882 0.092673
vt 0.821610 0.092508
vt 0.815365 0.093880
vt 0.826686 0.090592
vt 0.819978 0.089380
vt 0.825203 0.087190
vt 0.777696 0.067711
vt 0.772807 0.067581
vt 0.778166 0.070631
vt 0.773228 0.072882
vt 0.759207 0.066051
vt 0.752218 0.065556
vt 0.756443 0.072345
vt 0.749669 0.072027
vt 0.737609 0.072575
vt 0.743775 0.072159
vt 0.738807 0.066354
vt 0.745792 0.065453
vt 0.823394 0.104963
vt 0.817364 0.106676
vt 0.824177 0.107597
vt 0.818078 0.109571
vt 0.786948 0.072509
vt 0.781007 0.074171
vt 0.787354 0.074496
vt 0.780235 0.077095
vt 0.806519 0.118817
vt 0.803422 0.116026
vt 0.799385 0.120214
vt 0.795944 0.117190
vt 0.788558 0.106470
vt 0.778978 0.104182
vt 0.786865 0.110608
vt 0.776398 0.108081
vt 0.790580 0.102437
vt 0.781995 0.100360
vt 0.785885 0.095830
vt 0.790499 0.090761
vt 0.802300 0.124257
vt 0.807785 0.124161
vt 0.854104 0.078706
vt 0.856698 0.080538
vt 0.857224 0.077319
vt 0.859773 0.079059
vt 0.712581 0.088637
vt 0.718845 0.089645
vt 0.714531 0.085874
vt 0.720883 0.086786
vt 0.716395 0.082108
vt 0.723302 0.083012
vt 0.788695 0.051226
vt 0.790054 0.052517
vt 0.791476 0.049383
vt 0.792660 0.050679
vt 0.828398 0.098874
vt 0.827742 0.094597
vt 0.836348 0.089507
vt 0.832275 0.092137
vt 0.839268 0.091752
vt 0.834599 0.096280
vt 0.837253 0.101906
vt 0.830775 0.103930
vt 0.836933 0.105643
vt 0.830658 0.107583
vt 0.833012 0.115762
vt 0.838585 0.114802
vt 0.831819 0.113075
vt 0.838007 0.111605
vt 0.850037 0.108426
vt 0.856342 0.106843
vt 0.849437 0.105592
vt 0.855718 0.103642
vt 0.710986 0.091516
vt 0.717215 0.092672
vt 0.725210 0.062858
vt 0.718390 0.063452
vt 0.725549 0.067356
vt 0.718827 0.067918
vt 0.727831 0.087479
vt 0.725959 0.090644
vt 0.786316 0.049337
vt 0.789173 0.047473
vt 0.785254 0.088456
vt 0.779098 0.093638
vt 0.774324 0.098254
vt 0.768073 0.105026
vt 0.771026 0.101800
vt 0.839469 0.097102
vt 0.827554 0.102848
vt 0.824442 0.109659
vt 0.828334 0.119047
vt 0.823521 0.119170
vt 0.828376 0.122425
vt 0.823761 0.123608
vt 0.834336 0.127742
vt 0.839858 0.126713
vt 0.834007 0.124358
vt 0.839241 0.123597
vt 0.788892 0.076573
vt 0.781570 0.080069
vt 0.707994 0.088130
vt 0.709407 0.085120
vt 0.706732 0.090990
vt 0.810083 0.111112
vt 0.799764 0.111699
vt 0.810729 0.113086
vt 0.801474 0.114208
vt 0.808542 0.098535
vt 0.808433 0.103414
vt 0.799425 0.103939
vt 0.792186 0.114557
vt 0.790110 0.118934
vt 0.785635 0.116063
vt 0.794333 0.121823
vt 0.797814 0.124949
vt 0.784596 0.121515
vt 0.779908 0.118988
vt 0.789169 0.124219
vt 0.793097 0.126535
vt 0.724072 0.094201
vt 0.721779 0.098551
vt 0.714943 0.096842
vt 0.775274 0.115988
vt 0.780786 0.112600
vt 0.770254 0.112367
vt 0.764198 0.109239
vt 0.809195 0.090772
vt 0.809707 0.087653
vt 0.803607 0.090047
vt 0.805180 0.086629
vt 0.830631 0.088628
vt 0.834528 0.086741
vt 0.829173 0.085394
vt 0.832963 0.083747
vt 0.813532 0.124557
vt 0.813031 0.119639
vt 0.842780 0.093302
vt 0.785573 0.053546
vt 0.780787 0.057552
vt 0.787194 0.054855
vt 0.782633 0.059105
vt 0.852686 0.088700
vt 0.849276 0.087841
vt 0.849115 0.092009
vt 0.845550 0.090668
vt 0.850125 0.111982
vt 0.855077 0.110588
vt 0.762880 0.059701
vt 0.768915 0.062369
vt 0.766111 0.067125
vt 0.844150 0.110096
vt 0.837402 0.108804
vt 0.843474 0.107275
vt 0.842021 0.100216
vt 0.846376 0.097985
vt 0.842442 0.097335
vt 0.845385 0.094975
vt 0.714318 0.063825
vt 0.714187 0.067897
vt 0.712152 0.072580
vt 0.718648 0.072988
vt 0.850575 0.074921
vt 0.852188 0.076845
vt 0.853947 0.073746
vt 0.855329 0.075561
vt 0.708814 0.095305
vt 0.704478 0.094264
vt 0.830971 0.110333
vt 0.764011 0.072890
vt 0.824687 0.111888
vt 0.735586 0.053587
vt 0.732759 0.053501
vt 0.734867 0.057109
vt 0.731417 0.056309
vt 0.862564 0.083809
vt 0.859677 0.082181
vt 0.858763 0.085667
vt 0.855605 0.084112
vt 0.846471 0.086506
vt 0.844112 0.084693
vt 0.842459 0.089302
vt 0.839823 0.087335
vt 0.838134 0.084869
vt 0.842456 0.082389
vt 0.772377 0.051216
vt 0.774580 0.053315
vt 0.777853 0.047864
vt 0.780189 0.049480
vt 0.731280 0.072600
vt 0.736474 0.078608
vt 0.730582 0.078448
vt 0.740131 0.060676
vt 0.732317 0.061268
vt 0.731865 0.066791
vt 0.725596 0.072767
vt 0.765783 0.054372
vt 0.763320 0.055153
vt 0.768729 0.056201
vt 0.825366 0.115065
vt 0.846859 0.076673
vt 0.848513 0.078734
vt 0.758773 0.092462
vt 0.749456 0.089706
vt 0.756342 0.096297
vt 0.748226 0.094255
vt 0.852799 0.082604
vt 0.850545 0.080777
vt 0.851324 0.115415
vt 0.854011 0.118091
vt 0.855182 0.113303
vt 0.856582 0.115000
vt 0.724993 0.078252
vt 0.724180 0.059658
vt 0.717668 0.059846
vt 0.734676 0.088321
vt 0.729369 0.083613
vt 0.735480 0.084076
vt 0.748357 0.058362
vt 0.742045 0.078485
vt 0.741033 0.084165
vt 0.740951 0.089107
vt 0.740146 0.092953
vt 0.733397 0.091831
vt 0.782960 0.051605
vt 0.783711 0.047232
vt 0.728633 0.100160
vt 0.731521 0.095732
vt 0.738574 0.096899
vt 0.735481 0.101550
vt 0.753061 0.084805
vt 0.746984 0.084365
vt 0.754388 0.078543
vt 0.747766 0.078423
vt 0.755222 0.059734
vt 0.872465 0.081350
vt 0.870309 0.079997
vt 0.868458 0.083677
vt 0.865898 0.082166
vt 0.781603 0.045831
vt 0.786757 0.045408
vt 0.762618 0.079066
vt 0.851128 0.095674
vt 0.763310 0.086489
vt 0.773384 0.083167
vt 0.771782 0.078295
vt 0.772111 0.091112
vt 0.767056 0.095479
vt 0.761273 0.102300
vt 0.763755 0.099031
vt 0.757813 0.106757
vt 0.779164 0.086365
vt 0.864041 0.077288
vt 0.861459 0.075587
vt 0.750860 0.104578
vt 0.754202 0.099952
vt 0.809058 0.094231
vt 0.818443 0.113238
vt 0.818709 0.115703
vt 0.818699 0.119421
vt 0.818992 0.124271
vt 0.742993 0.102905
vt 0.778037 0.126258
vt 0.783141 0.128611
vt 0.730733 0.107094
vt 0.859772 0.073786
vt 0.860508 0.105340
vt 0.860347 0.103834
vt 0.798474 0.088898
vt 0.801339 0.085355
vt 0.790592 0.084534
vt 0.794547 0.086928
vt 0.795497 0.080912
vt 0.798557 0.083377
vt 0.811417 0.114646
vt 0.812506 0.116688
vt 0.717827 0.077781
vt 0.711694 0.077256
vt 0.836517 0.082193
vt 0.776963 0.060747
vt 0.774415 0.063729
vt 0.779502 0.062085
vt 0.778040 0.064752
vt 0.777506 0.055620
vt 0.768374 0.053100
vt 0.854939 0.091442
vt 0.852960 0.091693
vt 0.853772 0.093390
vt 0.809281 0.107887
vt 0.799223 0.108237
vt 0.814573 0.088598
vt 0.814569 0.091059
vt 0.842461 0.103905
vt 0.856826 0.090247
vt 0.862125 0.087402
vt 0.753049 0.053721
vt 0.757760 0.055093
vt 0.847575 0.101988
vt 0.803571 0.128241
vt 0.799827 0.128087
vt 0.796186 0.048029
vt 0.795058 0.046760
vt 0.772816 0.058961
vt 0.844591 0.113586
vt 0.750907 0.052153
vt 0.747002 0.054000
vt 0.714459 0.060874
vt 0.748967 0.050176
vt 0.863564 0.104815
vt 0.746282 0.098160
vt 0.867027 0.078741
vt 0.862867 0.080714
vt 0.789217 0.041715
vt 0.785037 0.044033
vt 0.790525 0.042942
vt 0.865404 0.085469
vt 0.792610 0.044933
vt 0.827170 0.128409
vt 0.820311 0.129567
vt 0.858658 0.071982
vt 0.710726 0.081366
vt 0.818279 0.111396
vt 0.788099 0.130689
vt 0.796272 0.128431
vt 0.813885 0.129677
vt 0.808020 0.128968
vt 0.792047 0.078625
vt 0.785832 0.082435
vt 0.852511 0.100157
vt 0.728993 0.058385
vt 0.744874 0.052031
vt 0.740619 0.053251
vt 0.740710 0.056522
vt 0.840877 0.080072
vt 0.858983 0.118558
vt 0.858592 0.116451
vt 0.746457 0.050802
vt 0.795651 0.042713
vt 0.793585 0.040837
vt 0.798202 0.044478
vt 0.798885 0.045875
vt 0.863031 0.072387
vt 0.862413 0.070438
vt 0.792268 0.039722
vt 0.875526 0.079380
vt 0.873254 0.078225
vt 0.869929 0.077199
vt 0.794726 0.037914
vt 0.796669 0.038671
vt 0.803673 0.039477
vt 0.801827 0.040455
vt 0.804625 0.040773
vt 0.801398 0.042089
vt 0.806827 0.039127
vt 0.805464 0.038075
vt 0.801717 0.038242
vt 0.799997 0.039660
vt 0.803579 0.036786
vt 0.801906 0.035475
vt 0.799974 0.036936
vt 0.798768 0.038436
vt 0.798365 0.040850
vt 0.807905 0.037097
vt 0.806640 0.034838
vt 0.806362 0.036888
vt 0.805268 0.035665
vt 0.801425 0.043910
vt 0.804454 0.041843
vt 0.807267 0.039839
vt 0.808866 0.037158
vt 0.874497 0.068691
vt 0.874038 0.067285
vt 0.870701 0.069415
vt 0.870022 0.067823
vt 0.877777 0.067372
vt 0.877304 0.068706
vt 0.875395 0.069862
vt 0.872045 0.070861
vt 0.866253 0.071022
vt 0.867497 0.072746
vt 0.877128 0.069580
vt 0.865857 0.068988
vt 0.807293 0.034231
vt 0.798383 0.036193
vt 0.800810 0.034378
vt 0.797236 0.035867
vt 0.799854 0.034149
vt 0.803737 0.033776
vt 0.803791 0.034796
vt 0.864406 0.074260
vt 0.867010 0.075955
vt 0.869858 0.074450
vt 0.874036 0.072520
vt 0.872622 0.075739
vt 0.875817 0.076568
vt 0.878014 0.077561
vt 0.880328 0.075286
vt 0.878587 0.074623
vt 0.876288 0.073818
vt 0.880253 0.072609
vt 0.878566 0.072093
vt 0.876929 0.071059
vt 0.882072 0.072957
vt 0.880738 0.070986
vt 0.882475 0.070669
vt 0.878447 0.070239
vt 0.879418 0.071072
vt 0.879648 0.069481
vt 0.880925 0.068597
vt 0.803150 0.033308
vt 0.872937 0.091808
vt 0.874332 0.093918
vt 0.877563 0.090757
vt 0.879076 0.092845
vt 0.767819 0.041768
vt 0.770042 0.042452
vt 0.769850 0.039185
vt 0.771993 0.039874
vt 0.763969 0.040648
vt 0.766116 0.037982
vt 0.765948 0.044932
vt 0.763859 0.050592
vt 0.768227 0.045560
vt 0.766185 0.050934
vt 0.864365 0.101278
vt 0.861322 0.100113
vt 0.870945 0.087843
vt 0.872001 0.089917
vt 0.875188 0.087102
vt 0.876436 0.088964
vt 0.877768 0.097669
vt 0.876056 0.095836
vt 0.872536 0.098951
vt 0.870579 0.097189
vt 0.859172 0.098015
vt 0.858277 0.095510
vt 0.858771 0.093449
vt 0.751987 0.047651
vt 0.755107 0.048572
vt 0.754931 0.041579
vt 0.757778 0.042404
vt 0.866232 0.088939
vt 0.867021 0.091203
vt 0.868661 0.095339
vt 0.867600 0.093213
vt 0.761913 0.043972
vt 0.760009 0.038911
vt 0.888090 0.095061
vt 0.882250 0.096579
vt 0.889063 0.096957
vt 0.883457 0.098550
vt 0.757758 0.037806
vt 0.762554 0.036163
vt 0.885512 0.091331
vt 0.883834 0.089279
vt 0.882647 0.087562
vt 0.759385 0.049830
vt 0.867471 0.103309
vt 0.874458 0.101112
vt 0.774851 0.036201
vt 0.772789 0.035622
vt 0.886798 0.093248
vt 0.880755 0.094746
vt 0.764410 0.031400
vt 0.760511 0.034892
vt 0.766116 0.032642
vt 0.879196 0.099636
vt 0.769165 0.034466
vt 0.881344 0.085886
vt 0.859010 0.091208
vt 0.771931 0.031380
vt 0.769072 0.029725
vt 0.775282 0.032618
vt 0.776895 0.033503
vt 0.886595 0.086642
vt 0.885889 0.084919
vt 0.767540 0.028702
vt 0.893416 0.095498
vt 0.892218 0.093917
vt 0.890539 0.092280
vt 0.770304 0.026058
vt 0.772186 0.026597
vt 0.781627 0.024916
vt 0.779644 0.026658
vt 0.783233 0.025829
vt 0.780812 0.027802
vt 0.777809 0.027729
vt 0.777828 0.029551
vt 0.777560 0.025412
vt 0.775976 0.026965
vt 0.779557 0.023575
vt 0.777527 0.022431
vt 0.775544 0.024410
vt 0.774358 0.025970
vt 0.782757 0.023448
vt 0.784311 0.023375
vt 0.774381 0.028624
vt 0.778663 0.031095
vt 0.781195 0.028643
vt 0.783888 0.026215
vt 0.785213 0.023327
vt 0.899174 0.084556
vt 0.899286 0.083110
vt 0.894839 0.084881
vt 0.894520 0.083106
vt 0.903274 0.083970
vt 0.902255 0.085109
vt 0.899574 0.086021
vt 0.895569 0.086639
vt 0.889985 0.085829
vt 0.890680 0.087682
vt 0.901640 0.085910
vt 0.889887 0.083908
vt 0.783167 0.020567
vt 0.782623 0.021162
vt 0.781339 0.022147
vt 0.774027 0.023883
vt 0.776192 0.021586
vt 0.772786 0.023443
vt 0.775333 0.021156
vt 0.779525 0.021276
vt 0.779421 0.020316
vt 0.887546 0.088400
vt 0.888985 0.090390
vt 0.892054 0.089682
vt 0.896827 0.088561
vt 0.893632 0.091462
vt 0.896000 0.092822
vt 0.897620 0.094041
vt 0.900125 0.091388
vt 0.901731 0.092256
vt 0.898335 0.090183
vt 0.903291 0.089649
vt 0.901607 0.088895
vt 0.900375 0.087618
vt 0.904981 0.090081
vt 0.904681 0.087961
vt 0.906564 0.087826
vt 0.902486 0.086917
vt 0.903110 0.087956
vt 0.904126 0.086307
vt 0.905947 0.085614
vt 0.778754 0.020000
vt 0.878887 0.109046
vt 0.875028 0.108928
vt 0.878560 0.111361
vt 0.874487 0.111263
vt 0.746509 0.041984
vt 0.748188 0.041867
vt 0.747450 0.039107
vt 0.748832 0.039312
vt 0.742879 0.041653
vt 0.744301 0.038524
vt 0.744638 0.048877
vt 0.747012 0.048632
vt 0.745729 0.044817
vt 0.747794 0.044585
vt 0.875522 0.104928
vt 0.875469 0.106860
vt 0.879408 0.105201
vt 0.879318 0.107010
vt 0.874461 0.115075
vt 0.874357 0.113320
vt 0.869565 0.114742
vt 0.869338 0.113082
vt 0.861051 0.110611
vt 0.862360 0.108624
vt 0.864371 0.107129
vt 0.733196 0.049291
vt 0.736095 0.049266
vt 0.734553 0.043569
vt 0.737466 0.044080
vt 0.871540 0.104860
vt 0.871427 0.106963
vt 0.869676 0.111111
vt 0.870594 0.108980
vt 0.741789 0.044781
vt 0.738837 0.040826
vt 0.885974 0.117350
vt 0.885632 0.115454
vt 0.879055 0.117442
vt 0.878857 0.115291
vt 0.736271 0.040082
vt 0.740714 0.037601
vt 0.884682 0.111547
vt 0.884752 0.109367
vt 0.885062 0.107465
vt 0.740719 0.049288
vt 0.861724 0.114055
vt 0.862826 0.116454
vt 0.869809 0.117067
vt 0.750817 0.035632
vt 0.749719 0.035235
vt 0.884956 0.113644
vt 0.878536 0.113501
vt 0.741704 0.032713
vt 0.738314 0.036999
vt 0.743674 0.033425
vt 0.874482 0.117235
vt 0.746765 0.034573
vt 0.885309 0.105833
vt 0.865781 0.105062
vt 0.748789 0.031765
vt 0.745826 0.030558
vt 0.751711 0.032491
vt 0.752631 0.033068
vt 0.889045 0.107816
vt 0.889599 0.106232
vt 0.744109 0.029809
vt 0.890663 0.116965
vt 0.890130 0.115351
vt 0.888847 0.113568
vt 0.745843 0.027668
vt 0.747969 0.028017
vt 0.756806 0.025594
vt 0.755328 0.027380
vt 0.758157 0.026097
vt 0.756443 0.028059
vt 0.753779 0.028544
vt 0.753670 0.029969
vt 0.753120 0.026475
vt 0.751749 0.028121
vt 0.754589 0.024776
vt 0.752151 0.023950
vt 0.750587 0.025745
vt 0.749919 0.027329
vt 0.758456 0.024116
vt 0.757291 0.024266
vt 0.750501 0.029550
vt 0.754290 0.031036
vt 0.756549 0.028800
vt 0.758375 0.026536
vt 0.759228 0.024121
vt 0.896501 0.108155
vt 0.900155 0.108634
vt 0.897401 0.106711
vt 0.901368 0.107436
vt 0.902293 0.109523
vt 0.904056 0.108800
vt 0.895809 0.109671
vt 0.899392 0.109832
vt 0.892315 0.108005
vt 0.891599 0.109668
vt 0.901241 0.110106
vt 0.893123 0.106387
vt 0.756723 0.021834
vt 0.756472 0.022436
vt 0.755747 0.023439
vt 0.748803 0.025426
vt 0.750607 0.023365
vt 0.747791 0.025439
vt 0.749977 0.023355
vt 0.753299 0.022230
vt 0.753789 0.022990
vt 0.888489 0.109508
vt 0.888239 0.111517
vt 0.891358 0.111448
vt 0.895810 0.111437
vt 0.891854 0.113424
vt 0.893217 0.115077
vt 0.894159 0.116600
vt 0.897960 0.115893
vt 0.897067 0.114643
vt 0.896068 0.113238
vt 0.900578 0.113954
vt 0.899633 0.112845
vt 0.899288 0.111348
vt 0.901808 0.114828
vt 0.902667 0.112840
vt 0.904413 0.113274
vt 0.901520 0.111199
vt 0.901425 0.112397
vt 0.903266 0.111093
vt 0.905297 0.110999
vt 0.752656 0.022081
vt 0.860856 0.112541
vt 0.863084 0.104906
vt 0.862907 0.126585
vt 0.861451 0.127919
vt 0.865651 0.127754
vt 0.864186 0.129141
vt 0.726256 0.047657
vt 0.728270 0.047687
vt 0.726299 0.045251
vt 0.728198 0.045399
vt 0.722720 0.047702
vt 0.722918 0.045147
vt 0.727250 0.054978
vt 0.729470 0.054105
vt 0.726421 0.050467
vt 0.728602 0.050308
vt 0.846602 0.126089
vt 0.850398 0.127074
vt 0.847171 0.123947
vt 0.851639 0.125358
vt 0.866180 0.123752
vt 0.864566 0.125193
vt 0.868743 0.125020
vt 0.867255 0.126427
vt 0.855697 0.129372
vt 0.859009 0.130903
vt 0.857080 0.127877
vt 0.860212 0.129376
vt 0.848632 0.121869
vt 0.853025 0.123741
vt 0.850595 0.119738
vt 0.854459 0.122094
vt 0.856352 0.121210
vt 0.716621 0.050708
vt 0.716286 0.055561
vt 0.718663 0.050679
vt 0.718392 0.055850
vt 0.861434 0.123967
vt 0.863214 0.122472
vt 0.858388 0.126478
vt 0.859759 0.125075
vt 0.718990 0.047531
vt 0.722727 0.050770
vt 0.865908 0.133807
vt 0.861920 0.132233
vt 0.865216 0.135254
vt 0.860823 0.133793
vt 0.717020 0.047592
vt 0.719329 0.044862
vt 0.867746 0.130629
vt 0.869345 0.129232
vt 0.870728 0.127926
vt 0.723381 0.055821
vt 0.854315 0.131003
vt 0.849037 0.128705
vt 0.728530 0.042483
vt 0.726879 0.042230
vt 0.866679 0.132244
vt 0.862986 0.130677
vt 0.718380 0.041626
vt 0.717460 0.044931
vt 0.720081 0.041591
vt 0.857759 0.132513
vt 0.723626 0.042071
vt 0.872136 0.126702
vt 0.859476 0.120494
vt 0.724432 0.039560
vt 0.721022 0.038944
vt 0.727603 0.039909
vt 0.729072 0.040404
vt 0.873132 0.128980
vt 0.874717 0.127817
vt 0.719208 0.039043
vt 0.868942 0.136142
vt 0.869129 0.134727
vt 0.869461 0.133155
vt 0.720479 0.036856
vt 0.722385 0.036493
vt 0.731352 0.034115
vt 0.730006 0.033949
vt 0.730455 0.035887
vt 0.729186 0.035327
vt 0.728032 0.036550
vt 0.728507 0.037688
vt 0.726914 0.035027
vt 0.725995 0.036415
vt 0.727715 0.033459
vt 0.724352 0.034348
vt 0.725274 0.032746
vt 0.724092 0.035727
vt 0.730126 0.032693
vt 0.731120 0.032209
vt 0.725314 0.037639
vt 0.729647 0.038543
vt 0.730909 0.036450
vt 0.731873 0.034189
vt 0.731327 0.032103
vt 0.878602 0.130718
vt 0.881363 0.132020
vt 0.880012 0.129921
vt 0.882776 0.131396
vt 0.882724 0.133288
vt 0.884319 0.133038
vt 0.877087 0.131637
vt 0.879996 0.132661
vt 0.875591 0.129652
vt 0.873922 0.130740
vt 0.881526 0.133397
vt 0.877104 0.128747
vt 0.729015 0.030689
vt 0.728773 0.030992
vt 0.728306 0.032139
vt 0.722584 0.034101
vt 0.723912 0.032138
vt 0.721759 0.034608
vt 0.723385 0.032197
vt 0.726404 0.031800
vt 0.726010 0.030968
vt 0.871709 0.130149
vt 0.870432 0.131493
vt 0.872607 0.132175
vt 0.875824 0.132922
vt 0.871960 0.133842
vt 0.871873 0.135407
vt 0.872315 0.136887
vt 0.875560 0.136007
vt 0.875951 0.137264
vt 0.875395 0.134531
vt 0.879246 0.136034
vt 0.878946 0.134871
vt 0.879168 0.133635
vt 0.879934 0.137049
vt 0.881738 0.135419
vt 0.882801 0.136150
vt 0.881381 0.134107
vt 0.880920 0.134849
vt 0.882781 0.134467
vt 0.884292 0.134763
vt 0.725865 0.030600
vt 0.846104 0.127664
vt 0.793002 0.071184
vt 0.795155 0.072851
vt 0.815669 0.085355
vt 0.811952 0.084158
vt 0.808315 0.082745
vt 0.805742 0.081125
vt 0.803517 0.079355
vt 0.791090 0.069498
vt 0.785977 0.070672
vt 0.789065 0.068230
vt 0.797814 0.074808
vt 0.800756 0.077107
vt 0.805767 0.073601
vt 0.802702 0.071469
vt 0.808297 0.075930
vt 0.809930 0.078197
vt 0.811615 0.080234
vt 0.799421 0.069843
vt 0.796534 0.068597
vt 0.793602 0.067186
vt 0.803554 0.067174
vt 0.808138 0.067650
vt 0.817917 0.068446
vt 0.815943 0.069683
vt 0.819088 0.069985
vt 0.816669 0.071388
vt 0.814174 0.070295
vt 0.813316 0.072493
vt 0.814413 0.067617
vt 0.812801 0.068661
vt 0.812253 0.065908
vt 0.811310 0.067159
vt 0.816583 0.066256
vt 0.818779 0.065105
vt 0.819551 0.067163
vt 0.821015 0.068165
vt 0.810534 0.070172
vt 0.813816 0.075501
vt 0.817375 0.073334
vt 0.820436 0.071428
vt 0.822927 0.069593
vt 0.819005 0.075292
vt 0.822348 0.072977
vt 0.824534 0.071161
vt 0.821345 0.076992
vt 0.824303 0.074147
vt 0.814830 0.078028
vt 0.816924 0.080103
vt 0.825580 0.072348
vt 0.825414 0.067756
vt 0.822649 0.065863
vt 0.809921 0.065149
vt 0.814168 0.064784
vt 0.812154 0.063669
vt 0.806972 0.064634
vt 0.809850 0.062723
vt 0.814730 0.062708
vt 0.816014 0.063998
vt 0.817569 0.062685
vt 0.814112 0.082047
vt 0.791043 0.066201
vt 0.817539 0.083432
vt 0.820478 0.081668
vt 0.824538 0.078422
vt 0.796649 0.065225
vt 0.793854 0.064368
vt 0.800144 0.066401
vt 0.804182 0.063761
vt 0.801182 0.062613
vt 0.807587 0.061798
vt 0.805409 0.060742
vt 0.798905 0.061709
vt 0.804328 0.059964
vt 0.809967 0.060402
vt 0.812485 0.061316
vt 0.811263 0.059673
vt 0.808162 0.059429
vt 0.807936 0.059934
vt 0.814654 0.060586
vt 0.826915 0.074729
vt 0.827306 0.072018
vt 0.826828 0.069949
vt 0.843530 0.126050
vt 0.843382 0.123371
vt 0.844356 0.120779
vt 0.839465 0.120879
vt 0.833849 0.121581
vt 0.829547 0.124977
vt 0.833720 0.118571
vt 0.839554 0.117981
vt 0.846134 0.117473
vt 0.828857 0.116580
vt 0.716480 0.058350
vt 0.782409 0.071955
vt 0.525382 0.197755
vt 0.523416 0.197325
vt 0.527250 0.200241
vt 0.525697 0.200366
vt 0.523964 0.200469
vt 0.521849 0.200321
vt 0.518361 0.197371
vt 0.520923 0.197114
vt 0.514631 0.199447
vt 0.515298 0.198988
vt 0.515074 0.199782
vt 0.516128 0.199796
vt 0.517911 0.200048
vt 0.529080 0.199221
vt 0.528276 0.198745
vt 0.526966 0.198231
vt 0.519841 0.200202
vt 0.529171 0.199680
vt 0.528490 0.200003
vt 0.516419 0.198031
vt 0.521759 0.199349
vt 0.523832 0.199434
vt 0.519190 0.198269
vt 0.521483 0.198187
vt 0.516801 0.199377
vt 0.517980 0.199345
vt 0.525562 0.199508
vt 0.519728 0.199309
vt 0.523711 0.198339
vt 0.516468 0.199005
vt 0.517402 0.198598
vt 0.528627 0.199474
vt 0.528610 0.199295
vt 0.511138 0.327948
vt 0.511020 0.319367
vt 0.525503 0.198625
vt 0.526925 0.199537
vt 0.527965 0.199521
vt 0.526910 0.198885
vt 0.527942 0.199117
vt 0.677510 0.278284
vt 0.685766 0.281528
vt 0.648253 0.265390
vt 0.802541 0.284186
vt 0.815287 0.280601
vt 0.543094 0.463247
vt 0.713728 0.428704
vt 0.710412 0.437772
vt 0.762073 0.439623
vt 0.749691 0.438284
vt 0.628046 0.434981
vt 0.626283 0.444703
vt 0.579115 0.440227
vt 0.577480 0.450969
vt 0.607914 0.456939
vt 0.733324 0.446336
vt 0.720406 0.446056
vt 0.730161 0.454810
vt 0.717266 0.454480
vt 0.770555 0.449252
vt 0.774107 0.441775
vt 0.647797 0.423640
vt 0.666205 0.422533
vt 0.700620 0.420502
vt 0.716402 0.419769
vt 0.745959 0.419417
vt 0.731317 0.419174
vt 0.550324 0.420770
vt 0.564740 0.430422
vt 0.629309 0.424929
vt 0.516350 0.432032
vt 0.781036 0.416648
vt 0.766789 0.412418
vt 0.683836 0.421361
vt 0.521800 0.358397
vt 0.533686 0.357025
vt 0.522008 0.350442
vt 0.534185 0.349286
vt 0.545174 0.356343
vt 0.556460 0.355874
vt 0.567274 0.355567
vt 0.596368 0.355866
vt 0.587224 0.355584
vt 0.613982 0.357623
vt 0.605129 0.356377
vt 0.623384 0.360919
vt 0.633830 0.365360
vt 0.645107 0.369766
vt 0.649973 0.363307
vt 0.628456 0.371779
vt 0.618684 0.367290
vt 0.609577 0.364169
vt 0.511534 0.377993
vt 0.513503 0.389007
vt 0.510400 0.311031
vt 0.777230 0.196875
vt 0.741542 0.131182
vt 0.592584 0.272368
vt 0.874051 0.374035
vt 0.878955 0.380330
vt 0.877712 0.388701
vt 0.883575 0.385650
vt 0.864110 0.341498
vt 0.860617 0.351522
vt 0.864299 0.369713
vt 0.861668 0.361410
vt 0.611878 0.416796
vt 0.854731 0.382500
vt 0.854047 0.363403
vt 0.857526 0.372194
vt 0.853516 0.341260
vt 0.852372 0.353251
vt 0.848013 0.335297
vt 0.830239 0.332539
vt 0.828019 0.328518
vt 0.838509 0.323087
vt 0.825663 0.324342
vt 0.835949 0.318870
vt 0.802543 0.296756
vt 0.796541 0.292582
vt 0.789006 0.290536
vt 0.780857 0.290163
vt 0.772827 0.291869
vt 0.765337 0.295652
vt 0.759278 0.301868
vt 0.747962 0.322841
vt 0.744875 0.331048
vt 0.733731 0.355342
vt 0.733437 0.361170
vt 0.733803 0.385775
vt 0.733212 0.377762
vt 0.734900 0.394123
vt 0.728376 0.495143
vt 0.727259 0.487888
vt 0.714494 0.494814
vt 0.713464 0.487459
vt 0.753311 0.473109
vt 0.767230 0.473226
vt 0.650658 0.491383
vt 0.667866 0.489039
vt 0.683885 0.487811
vt 0.698916 0.487311
vt 0.633343 0.495171
vt 0.552942 0.518530
vt 0.568583 0.514828
vt 0.511825 0.524639
vt 0.524347 0.523250
vt 0.616809 0.500008
vt 0.538024 0.521307
vt 0.584644 0.510413
vt 0.600850 0.505306
vt 0.726896 0.480404
vt 0.740025 0.480849
vt 0.739988 0.472644
vt 0.808945 0.402163
vt 0.800530 0.395499
vt 0.792748 0.388604
vt 0.791139 0.370912
vt 0.780625 0.373995
vt 0.796211 0.378399
vt 0.786071 0.381445
vt 0.781311 0.349327
vt 0.771713 0.352148
vt 0.783199 0.355616
vt 0.773291 0.358591
vt 0.770650 0.346244
vt 0.769074 0.341170
vt 0.767804 0.335556
vt 0.767270 0.329125
vt 0.784503 0.326408
vt 0.785381 0.331892
vt 0.796923 0.359474
vt 0.793149 0.352113
vt 0.832426 0.401935
vt 0.825726 0.395312
vt 0.658638 0.371740
vt 0.673284 0.373142
vt 0.687177 0.373612
vt 0.699478 0.373577
vt 0.711402 0.372959
vt 0.722427 0.372540
vt 0.733146 0.371861
vt 0.733391 0.366572
vt 0.743597 0.370915
vt 0.742990 0.365253
vt 0.754334 0.369712
vt 0.765466 0.368403
vt 0.776359 0.366243
vt 0.786862 0.363256
vt 0.806048 0.374663
vt 0.801381 0.367173
vt 0.821035 0.377962
vt 0.829680 0.374133
vt 0.802962 0.385507
vt 0.812014 0.381750
vt 0.880912 0.347541
vt 0.881891 0.356200
vt 0.766881 0.301289
vt 0.761987 0.305106
vt 0.767176 0.305952
vt 0.763326 0.307561
vt 0.772965 0.298598
vt 0.778705 0.303471
vt 0.779885 0.297319
vt 0.772763 0.304296
vt 0.786720 0.297423
vt 0.785080 0.303239
vt 0.792893 0.298633
vt 0.794661 0.304038
vt 0.797796 0.301190
vt 0.790691 0.303565
vt 0.798559 0.317207
vt 0.797079 0.312196
vt 0.795513 0.307419
vt 0.767628 0.322453
vt 0.769844 0.315805
vt 0.771709 0.309838
vt 0.777713 0.309135
vt 0.776259 0.315084
vt 0.774842 0.321457
vt 0.818172 0.398824
vt 0.810580 0.392247
vt 0.777786 0.339109
vt 0.779545 0.343792
vt 0.775835 0.334144
vt 0.775329 0.328046
vt 0.786645 0.336593
vt 0.788580 0.341188
vt 0.790757 0.346288
vt 0.818809 0.388473
vt 0.825062 0.405201
vt 0.623554 0.312161
vt 0.619514 0.302899
vt 0.617814 0.293663
vt 0.617561 0.284295
vt 0.846752 0.311682
vt 0.849321 0.315879
vt 0.859860 0.327189
vt 0.864254 0.329965
vt 0.869666 0.331377
vt 0.883610 0.337168
vt 0.901592 0.375706
vt 0.740882 0.228785
vt 0.816333 0.418177
vt 0.809344 0.422238
vt 0.795807 0.432288
vt 0.790084 0.438225
vt 0.753842 0.464485
vt 0.767060 0.464843
vt 0.768271 0.456861
vt 0.781285 0.472208
vt 0.783507 0.479154
vt 0.782494 0.450777
vt 0.780758 0.457494
vt 0.792822 0.421680
vt 0.816813 0.408517
vt 0.831052 0.410843
vt 0.838018 0.407599
vt 0.844849 0.404466
vt 0.574808 0.362302
vt 0.565418 0.362457
vt 0.572748 0.368941
vt 0.564064 0.369082
vt 0.592493 0.362290
vt 0.583878 0.362201
vt 0.588999 0.368575
vt 0.581040 0.368697
vt 0.600924 0.362827
vt 0.596891 0.369025
vt 0.571252 0.375647
vt 0.578995 0.375297
vt 0.563120 0.375719
vt 0.593306 0.375051
vt 0.586307 0.374964
vt 0.505091 0.250801
vt 0.504132 0.245135
vt 0.501265 0.228249
vt 0.501199 0.226538
vt 0.500000 0.265071
vt 0.500000 0.260477
vt 0.500000 0.239995
vt 0.500000 0.234955
vt 0.500000 0.219752
vt 0.500000 0.218485
vt 0.500000 0.225172
vt 0.500000 0.223719
vt 0.500000 0.270570
vt 0.500000 0.256198
vt 0.500000 0.287978
vt 0.500000 0.282477
vt 0.508822 0.292778
vt 0.509271 0.298256
vt 0.510768 0.368536
vt 0.510603 0.344272
vt 0.510327 0.352102
vt 0.510925 0.336273
vt 0.509974 0.304120
vt 0.500000 0.276470
vt 0.500000 0.230002
vt 0.500000 0.232149
vt 0.500000 0.221132
vt 0.500000 0.222391
vt 0.500000 0.328521
vt 0.500000 0.319798
vt 0.510399 0.360205
vt 0.500000 0.379119
vt 0.500000 0.390125
vt 0.500000 0.311405
vt 0.500000 0.401462
vt 0.707939 0.561643
vt 0.726057 0.565548
vt 0.730779 0.559505
vt 0.717811 0.556430
vt 0.693082 0.532220
vt 0.699777 0.541890
vt 0.688242 0.521713
vt 0.745423 0.560688
vt 0.761038 0.552776
vt 0.761090 0.559928
vt 0.705419 0.521415
vt 0.709621 0.531367
vt 0.723560 0.553715
vt 0.719718 0.548531
vt 0.707849 0.550289
vt 0.746048 0.554040
vt 0.733021 0.554328
vt 0.757795 0.502428
vt 0.774172 0.500585
vt 0.755354 0.495020
vt 0.699444 0.494583
vt 0.716042 0.502809
vt 0.815630 0.549878
vt 0.731914 0.547781
vt 0.760354 0.544941
vt 0.745236 0.546658
vt 0.735653 0.520482
vt 0.740053 0.529478
vt 0.750293 0.519429
vt 0.754647 0.527805
vt 0.721178 0.521212
vt 0.718187 0.511607
vt 0.732331 0.511450
vt 0.746464 0.511033
vt 0.730027 0.502952
vt 0.725205 0.530807
vt 0.758266 0.536483
vt 0.774857 0.534537
vt 0.792172 0.532218
vt 0.809743 0.530337
vt 0.806148 0.521062
vt 0.743546 0.502925
vt 0.740512 0.488004
vt 0.741542 0.495224
vt 0.740810 0.464011
vt 0.668019 0.679491
vt 0.713090 0.845485
vt 0.508595 0.684814
vt 0.512888 0.670746
vt 0.630359 0.560515
vt 0.693677 0.553797
vt 0.677465 0.558967
vt 0.523031 0.646526
vt 0.532716 0.632686
vt 0.610984 0.568250
vt 0.577625 0.598999
vt 0.516928 0.658656
vt 0.714543 0.540576
vt 0.728903 0.539907
vt 0.743190 0.538429
vt 0.777092 0.542838
vt 0.795248 0.540466
vt 0.812387 0.538830
vt 0.513207 0.598154
vt 0.505258 0.593980
vt 0.510141 0.592557
vt 0.500000 0.586280
vt 0.500000 0.595172
vt 0.505769 0.602909
vt 0.500000 0.604253
vt 0.500000 0.613859
vt 0.551530 0.528829
vt 0.567530 0.524845
vt 0.510950 0.535689
vt 0.522943 0.534207
vt 0.616883 0.508883
vt 0.536394 0.531981
vt 0.584150 0.520026
vt 0.600968 0.514536
vt 0.792828 0.496450
vt 0.797332 0.503801
vt 0.500000 0.536561
vt 0.500000 0.251222
vt 0.500000 0.245286
vt 0.500000 0.170464
vt 0.633962 0.255099
vt 0.500000 0.192633
vt 0.500000 0.226541
vt 0.500000 0.217333
vt 0.928607 0.360817
vt 0.500000 0.293279
vt 0.500000 0.298662
vt 0.500000 0.686143
vt 0.500000 0.304620
vt 0.500000 0.691980
vt 0.785674 0.444356
vt 0.810725 0.861685
vt 0.823229 0.872271
vt 0.819695 0.859188
vt 0.832467 0.870535
vt 0.798731 0.865890
vt 0.791571 0.868831
vt 0.887350 0.818394
vt 0.897345 0.827207
vt 0.894720 0.815027
vt 0.903281 0.822996
vt 0.881091 0.821901
vt 0.886626 0.835722
vt 0.874993 0.825730
vt 0.878726 0.841832
vt 0.866683 0.831439
vt 0.871743 0.850399
vt 0.858825 0.839453
vt 0.852115 0.846448
vt 0.829926 0.856929
vt 0.843426 0.868750
vt 0.786281 0.874016
vt 0.795468 0.881502
vt 0.801960 0.877452
vt 0.816703 0.873714
vt 0.804640 0.863784
vt 0.809724 0.875444
vt 0.842328 0.882694
vt 0.831842 0.884035
vt 0.817273 0.885802
vt 0.808241 0.887021
vt 0.915000 0.827480
vt 0.910470 0.832901
vt 0.905483 0.837976
vt 0.892031 0.831299
vt 0.900324 0.843159
vt 0.892794 0.849897
vt 0.884913 0.860130
vt 0.854154 0.881207
vt 0.800882 0.889757
vt 0.824482 0.885054
vt 0.976983 0.917987
vt 0.976392 0.919760
vt 0.980000 0.917634
vt 0.978719 0.921465
vt 0.956488 0.943670
vt 0.952896 0.945322
vt 0.962555 0.945907
vt 0.951009 0.950141
vt 0.942127 0.962584
vt 0.940606 0.964442
vt 0.944548 0.962580
vt 0.941874 0.965991
vt 0.898319 0.978576
vt 0.895873 0.978748
vt 0.899556 0.980000
vt 0.895012 0.979785
vt 0.917606 0.976487
vt 0.915361 0.977430
vt 0.919915 0.977332
vt 0.915370 0.978650
vt 0.942237 0.937457
vt 0.948498 0.942457
vt 0.949874 0.935168
vt 0.955561 0.939885
vt 0.935946 0.941044
vt 0.932644 0.945098
vt 0.943672 0.945146
vt 0.940725 0.948004
vt 0.932300 0.950452
vt 0.939906 0.952588
vt 0.957137 0.933035
vt 0.962635 0.938187
vt 0.963494 0.926206
vt 0.970238 0.929417
vt 0.968025 0.924021
vt 0.974748 0.927214
vt 0.959798 0.929156
vt 0.967252 0.932190
vt 0.931162 0.957249
vt 0.938866 0.960303
vt 0.935030 0.955433
vt 0.942738 0.958411
vt 0.936201 0.963576
vt 0.929521 0.960626
vt 0.966440 0.915071
vt 0.965887 0.918747
vt 0.973719 0.916645
vt 0.972680 0.919639
vt 0.927859 0.963674
vt 0.924350 0.965268
vt 0.933065 0.966214
vt 0.930328 0.967966
vt 0.927853 0.970467
vt 0.921436 0.968244
vt 0.969925 0.912671
vt 0.976652 0.914089
vt 0.964887 0.906167
vt 0.971111 0.907742
vt 0.968213 0.903755
vt 0.973885 0.905544
vt 0.965005 0.909271
vt 0.970548 0.910188
vt 0.919866 0.973736
vt 0.916989 0.971403
vt 0.916005 0.974751
vt 0.912108 0.971651
vt 0.907610 0.972913
vt 0.912350 0.975790
vt 0.966559 0.898582
vt 0.968687 0.896369
vt 0.961799 0.897265
vt 0.963651 0.894179
vt 0.962371 0.900325
vt 0.966987 0.900756
vt 0.900934 0.974950
vt 0.897273 0.973348
vt 0.901291 0.977464
vt 0.898082 0.976467
vt 0.892570 0.973565
vt 0.894478 0.976510
vt 0.947642 0.927587
vt 0.935897 0.932459
vt 0.946534 0.950126
vt 0.949924 0.949669
vt 0.928305 0.937757
vt 0.945511 0.952888
vt 0.923653 0.951344
vt 0.924180 0.943115
vt 0.930423 0.953267
vt 0.933148 0.954449
vt 0.973231 0.931545
vt 0.976737 0.931928
vt 0.918473 0.959891
vt 0.924852 0.962089
vt 0.928813 0.964017
vt 0.971320 0.933035
vt 0.955478 0.919986
vt 0.957846 0.933341
vt 0.954190 0.931454
vt 0.957444 0.910778
vt 0.933059 0.969793
vt 0.935708 0.969691
vt 0.967554 0.923025
vt 0.964315 0.921751
vt 0.931570 0.971084
vt 0.909678 0.966976
vt 0.916174 0.970700
vt 0.920517 0.971793
vt 0.974225 0.909281
vt 0.977059 0.908945
vt 0.897747 0.970822
vt 0.901293 0.975068
vt 0.905518 0.976022
vt 0.973825 0.910705
vt 0.957749 0.901981
vt 0.966802 0.911547
vt 0.965395 0.911091
vt 0.969664 0.899747
vt 0.971907 0.899141
vt 0.887578 0.970971
vt 0.889047 0.974752
vt 0.883204 0.973162
vt 0.969622 0.901214
vt 0.956301 0.895472
vt 0.964593 0.902166
vt 0.964062 0.902035
vt 0.932463 0.972566
vt 0.948231 0.954890
vt 0.972407 0.935488
vt 0.972006 0.902262
vt 0.976084 0.912252
vt 0.940692 0.957425
vt 0.935589 0.966737
vt 0.965509 0.935702
vt 0.973670 0.923515
vt 0.926741 0.972914
vt 0.910244 0.977502
vt 0.971133 0.912820
vt 0.891786 0.977562
vt 0.968069 0.903287
vt 0.958323 0.891472
vt 0.853131 0.866533
vt 0.839032 0.854610
vt 0.846240 0.851686
vt 0.860360 0.863755
vt 0.865579 0.858284
vt 0.865464 0.879061
vt 0.879275 0.869461
vt 0.873194 0.875650
vt 0.906350 0.853914
vt 0.912714 0.846483
vt 0.917895 0.840720
vt 0.922454 0.835283
vt 0.926092 0.829459
vt 0.860643 0.892416
vt 0.874657 0.890385
vt 0.883910 0.886484
vt 0.890791 0.878288
vt 0.934041 0.922204
vt 0.920105 0.917294
vt 0.926053 0.928124
vt 0.913169 0.923664
vt 0.940812 0.915297
vt 0.925942 0.909880
vt 0.944222 0.907232
vt 0.930722 0.902423
vt 0.946417 0.899335
vt 0.934621 0.895311
vt 0.948767 0.892654
vt 0.939005 0.888847
vt 0.952265 0.887902
vt 0.944075 0.884084
vt 0.918645 0.934074
vt 0.906816 0.929702
vt 0.913529 0.939779
vt 0.901754 0.936265
vt 0.909186 0.946928
vt 0.896773 0.942445
vt 0.864049 0.967157
vt 0.874376 0.971285
vt 0.869434 0.963347
vt 0.879525 0.967640
vt 0.902570 0.954116
vt 0.890043 0.949080
vt 0.894682 0.960113
vt 0.882595 0.954771
vt 0.886545 0.964219
vt 0.875454 0.959377
vt 0.903701 0.911311
vt 0.910259 0.903449
vt 0.915568 0.895856
vt 0.921313 0.888718
vt 0.928623 0.882752
vt 0.936126 0.879007
vt 0.910287 0.876979
vt 0.923662 0.873348
vt 0.933266 0.872360
vt 0.933461 0.865372
vt 0.925451 0.863762
vt 0.931578 0.855656
vt 0.939102 0.858478
vt 0.938554 0.849580
vt 0.947055 0.853248
vt 0.913066 0.864157
vt 0.919491 0.854260
vt 0.925590 0.847283
vt 0.946961 0.839306
vt 0.943460 0.844813
vt 0.956364 0.842433
vt 0.952416 0.848253
vt 0.950799 0.832174
vt 0.960737 0.835482
vt 0.794441 0.911932
vt 0.793870 0.919315
vt 0.806356 0.911302
vt 0.805638 0.918027
vt 0.930421 0.842166
vt 0.934172 0.837060
vt 0.937076 0.830976
vt 0.809022 0.903027
vt 0.798324 0.903508
vt 0.818870 0.911119
vt 0.820255 0.902809
vt 0.818053 0.917194
vt 0.896993 0.919201
vt 0.891921 0.924989
vt 0.902013 0.887306
vt 0.895539 0.895599
vt 0.884594 0.902424
vt 0.879477 0.914278
vt 0.874883 0.921534
vt 0.862816 0.912474
vt 0.859547 0.919453
vt 0.887504 0.930992
vt 0.871285 0.926974
vt 0.856583 0.924363
vt 0.848895 0.911485
vt 0.846418 0.917866
vt 0.837581 0.910898
vt 0.835928 0.917079
vt 0.827392 0.916892
vt 0.828614 0.910818
vt 0.829199 0.902307
vt 0.837574 0.902436
vt 0.849474 0.902791
vt 0.864438 0.902676
vt 0.852328 0.962246
vt 0.857752 0.958259
vt 0.841633 0.956300
vt 0.846016 0.952934
vt 0.830260 0.951658
vt 0.833643 0.948499
vt 0.816892 0.948440
vt 0.820755 0.944616
vt 0.805647 0.944079
vt 0.810915 0.940347
vt 0.805028 0.936555
vt 0.798237 0.939039
vt 0.793958 0.932494
vt 0.801365 0.931886
vt 0.795438 0.924203
vt 0.802373 0.925932
vt 0.808784 0.922084
vt 0.817993 0.921717
vt 0.825673 0.921937
vt 0.843640 0.922806
vt 0.833717 0.922188
vt 0.847277 0.893411
vt 0.835883 0.893812
vt 0.828074 0.894125
vt 0.810352 0.895179
vt 0.820312 0.894441
vt 0.801812 0.896973
vt 0.882419 0.937054
vt 0.875870 0.943620
vt 0.868985 0.949463
vt 0.862907 0.954241
vt 0.850064 0.949334
vt 0.854973 0.944631
vt 0.861002 0.938601
vt 0.866989 0.932378
vt 0.837671 0.944788
vt 0.842095 0.940486
vt 0.847088 0.934889
vt 0.852583 0.929424
vt 0.839882 0.927221
vt 0.834759 0.931741
vt 0.830425 0.936594
vt 0.825631 0.940548
vt 0.816367 0.936980
vt 0.821379 0.933584
vt 0.825781 0.929474
vt 0.830109 0.926034
vt 0.811054 0.934157
vt 0.807437 0.927466
vt 0.807851 0.931122
vt 0.810969 0.924858
vt 0.817244 0.924822
vt 0.823477 0.925302
vt 0.815742 0.927380
vt 0.820153 0.928300
vt 0.816170 0.931679
vt 0.812496 0.929862
vt 0.812294 0.926836
vt 0.810714 0.928073
vt 0.898251 0.866975
vt 0.908262 0.371897
vt 0.871425 0.391855
vt 0.718533 0.750516
vt 0.727553 0.746713
vt 0.735895 0.741772
vt 0.591051 0.576689
vt 0.559248 0.462228
vt 0.561255 0.451770
vt 0.563277 0.441131
vt 0.596332 0.591221
vt 0.611875 0.426743
vt 0.814530 0.545870
vt 0.851726 0.401291
vt 0.577520 0.355431
vt 0.801893 0.512064
vt 0.572216 0.204016
vt 0.571905 0.205559
vt 0.572225 0.207073
vt 0.573657 0.208022
vt 0.575108 0.208683
vt 0.576274 0.209010
vt 0.573530 0.206641
vt 0.575533 0.206283
vt 0.573156 0.205750
vt 0.574690 0.205637
vt 0.500000 0.337067
vt 0.500000 0.345262
vt 0.500000 0.353130
vt 0.500000 0.361256
vt 0.500000 0.228267
vt 0.500000 0.491485
vt 0.500000 0.483823
vt 0.780389 0.464694
vt 0.500000 0.515475
vt 0.500000 0.475715
vt 0.802397 0.426924
vt 0.500000 0.369606
vt 0.500000 0.525630
vt 0.823671 0.414371
vt 0.500000 0.464810
vt 0.500000 0.575453
vt 0.500000 0.432662
vt 0.466390 0.184214
vt 0.471349 0.187957
vt 0.474734 0.181035
vt 0.478801 0.186239
vt 0.480719 0.190330
vt 0.474627 0.191183
vt 0.459457 0.188405
vt 0.465048 0.190724
vt 0.460088 0.202102
vt 0.455111 0.203216
vt 0.459469 0.206140
vt 0.454587 0.208661
vt 0.454573 0.222224
vt 0.460728 0.225171
vt 0.459213 0.217619
vt 0.464594 0.220679
vt 0.481532 0.210687
vt 0.479025 0.213355
vt 0.483319 0.213166
vt 0.481203 0.216103
vt 0.492398 0.207225
vt 0.491576 0.204901
vt 0.488336 0.208466
vt 0.487407 0.206398
vt 0.485900 0.215465
vt 0.483962 0.218381
vt 0.486733 0.212303
vt 0.485335 0.210453
vt 0.494451 0.213887
vt 0.493830 0.211865
vt 0.492217 0.214255
vt 0.490922 0.212482
vt 0.490402 0.216797
vt 0.490608 0.215197
vt 0.488125 0.215255
vt 0.488844 0.213714
vt 0.493066 0.209430
vt 0.489496 0.210308
vt 0.496704 0.209153
vt 0.496923 0.211866
vt 0.476335 0.222059
vt 0.479417 0.223386
vt 0.478811 0.219052
vt 0.481670 0.220952
vt 0.489130 0.218083
vt 0.489779 0.224338
vt 0.493164 0.223730
vt 0.489119 0.222843
vt 0.492942 0.222337
vt 0.472191 0.232265
vt 0.476552 0.231633
vt 0.472670 0.228547
vt 0.476717 0.228669
vt 0.477843 0.234207
vt 0.473223 0.235955
vt 0.484246 0.238055
vt 0.480464 0.236410
vt 0.480066 0.242003
vt 0.476155 0.239306
vt 0.488911 0.239208
vt 0.493091 0.239739
vt 0.491201 0.234975
vt 0.494735 0.235081
vt 0.489905 0.225685
vt 0.487238 0.226300
vt 0.489547 0.227040
vt 0.487086 0.227304
vt 0.484835 0.227213
vt 0.484001 0.226946
vt 0.484696 0.227570
vt 0.483704 0.227697
vt 0.485313 0.227917
vt 0.486698 0.228150
vt 0.485876 0.227426
vt 0.489101 0.228260
vt 0.497325 0.226500
vt 0.495358 0.226579
vt 0.497175 0.228294
vt 0.495010 0.228311
vt 0.485077 0.226099
vt 0.486816 0.225234
vt 0.483772 0.225380
vt 0.485974 0.224068
vt 0.480717 0.226270
vt 0.482632 0.226575
vt 0.482033 0.224566
vt 0.482186 0.227931
vt 0.484154 0.228450
vt 0.482518 0.229199
vt 0.485703 0.229089
vt 0.483930 0.230370
vt 0.486435 0.231286
vt 0.489721 0.231854
vt 0.488169 0.229569
vt 0.491349 0.229882
vt 0.484351 0.222604
vt 0.477836 0.225809
vt 0.479870 0.228290
vt 0.480038 0.230361
vt 0.481312 0.232143
vt 0.487438 0.234467
vt 0.483906 0.233569
vt 0.485884 0.243745
vt 0.491307 0.244720
vt 0.476192 0.193624
vt 0.480879 0.193146
vt 0.476806 0.196476
vt 0.476893 0.195324
vt 0.474481 0.196975
vt 0.473802 0.196109
vt 0.463423 0.203826
vt 0.466914 0.201637
vt 0.464169 0.200962
vt 0.467604 0.199990
vt 0.473640 0.201660
vt 0.471695 0.201384
vt 0.471992 0.204642
vt 0.469386 0.204228
vt 0.474760 0.204415
vt 0.477388 0.203815
vt 0.475718 0.201699
vt 0.477835 0.201531
vt 0.479654 0.196221
vt 0.482474 0.196562
vt 0.480408 0.194999
vt 0.483905 0.195482
vt 0.487711 0.199581
vt 0.487968 0.198166
vt 0.486109 0.199412
vt 0.485996 0.198566
vt 0.485418 0.200083
vt 0.486371 0.200717
vt 0.468775 0.175360
vt 0.479195 0.172270
vt 0.483375 0.179194
vt 0.460084 0.180117
vt 0.453074 0.185879
vt 0.457537 0.229567
vt 0.465445 0.231591
vt 0.467111 0.227345
vt 0.466301 0.236306
vt 0.457165 0.234535
vt 0.474387 0.245663
vt 0.469195 0.241176
vt 0.447463 0.231318
vt 0.445446 0.235827
vt 0.458056 0.240215
vt 0.429858 0.231665
vt 0.442423 0.241118
vt 0.434699 0.229922
vt 0.447948 0.256137
vt 0.448349 0.262069
vt 0.461484 0.259753
vt 0.461768 0.265751
vt 0.450012 0.226805
vt 0.449377 0.204658
vt 0.451041 0.198777
vt 0.457050 0.198440
vt 0.438387 0.180691
vt 0.446358 0.183100
vt 0.442998 0.173946
vt 0.452474 0.176310
vt 0.450947 0.164760
vt 0.461589 0.169501
vt 0.460242 0.156847
vt 0.471639 0.164175
vt 0.431792 0.172465
vt 0.419002 0.173159
vt 0.430248 0.180062
vt 0.420449 0.180304
vt 0.434560 0.162581
vt 0.417106 0.163853
vt 0.420736 0.230657
vt 0.427614 0.238665
vt 0.432852 0.246114
vt 0.446776 0.249262
vt 0.415625 0.153993
vt 0.439313 0.152746
vt 0.397506 0.193864
vt 0.404915 0.187756
vt 0.389990 0.189402
vt 0.397260 0.182008
vt 0.381238 0.184741
vt 0.389458 0.175758
vt 0.374660 0.214475
vt 0.378353 0.224178
vt 0.384486 0.215848
vt 0.388033 0.225135
vt 0.465314 0.195333
vt 0.468925 0.196364
vt 0.469423 0.192911
vt 0.472224 0.194770
vt 0.454407 0.193232
vt 0.460366 0.194371
vt 0.441734 0.189050
vt 0.434852 0.186437
vt 0.420493 0.185908
vt 0.428394 0.185808
vt 0.402618 0.197157
vt 0.407637 0.193055
vt 0.397304 0.225842
vt 0.402593 0.234946
vt 0.407929 0.226647
vt 0.414151 0.236234
vt 0.392549 0.234111
vt 0.383501 0.233498
vt 0.410776 0.249100
vt 0.413075 0.254509
vt 0.423034 0.250464
vt 0.425084 0.256368
vt 0.399293 0.248996
vt 0.389923 0.249388
vt 0.401817 0.255544
vt 0.391143 0.255118
vt 0.484408 0.269394
vt 0.473964 0.268002
vt 0.483832 0.274695
vt 0.473095 0.273409
vt 0.425218 0.261271
vt 0.413838 0.258770
vt 0.393538 0.217156
vt 0.400602 0.217239
vt 0.402871 0.260198
vt 0.407378 0.242961
vt 0.397020 0.242279
vt 0.374341 0.233256
vt 0.369007 0.223814
vt 0.484108 0.208334
vt 0.484523 0.201602
vt 0.484059 0.200540
vt 0.482369 0.202328
vt 0.482175 0.200898
vt 0.486273 0.185813
vt 0.487174 0.190695
vt 0.493340 0.186441
vt 0.493867 0.192660
vt 0.472860 0.219469
vt 0.476171 0.216243
vt 0.469060 0.215212
vt 0.474216 0.212506
vt 0.471031 0.198491
vt 0.469259 0.198471
vt 0.469778 0.199409
vt 0.474402 0.225069
vt 0.469847 0.223359
vt 0.448797 0.211302
vt 0.462135 0.198333
vt 0.475860 0.149333
vt 0.485304 0.160280
vt 0.444859 0.143073
vt 0.414547 0.143859
vt 0.371811 0.161748
vt 0.359630 0.174998
vt 0.381083 0.169195
vt 0.371098 0.179791
vt 0.364818 0.213671
vt 0.382353 0.255030
vt 0.380817 0.248846
vt 0.488847 0.170586
vt 0.491588 0.179018
vt 0.447743 0.191551
vt 0.463408 0.212931
vt 0.466429 0.208450
vt 0.460627 0.209964
vt 0.464156 0.206594
vt 0.450028 0.217751
vt 0.455987 0.213821
vt 0.442438 0.221598
vt 0.438117 0.226804
vt 0.411330 0.182441
vt 0.406852 0.176209
vt 0.395822 0.160097
vt 0.401354 0.168455
vt 0.412936 0.186976
vt 0.389980 0.150683
vt 0.492797 0.219159
vt 0.492508 0.220704
vt 0.487818 0.220598
vt 0.493029 0.232132
vt 0.495921 0.232237
vt 0.494265 0.230038
vt 0.496753 0.230058
vt 0.489213 0.250256
vt 0.481907 0.248754
vt 0.484989 0.264180
vt 0.474413 0.262763
vt 0.492903 0.216268
vt 0.493922 0.216530
vt 0.493474 0.215755
vt 0.494311 0.216003
vt 0.485762 0.226749
vt 0.495809 0.224985
vt 0.497658 0.225044
vt 0.496062 0.223598
vt 0.497842 0.223676
vt 0.462593 0.247973
vt 0.461259 0.253998
vt 0.437438 0.259605
vt 0.435887 0.253156
vt 0.419428 0.243865
vt 0.387154 0.241644
vt 0.378294 0.241472
vt 0.369214 0.241438
vt 0.365125 0.233635
vt 0.361087 0.242181
vt 0.356589 0.234977
vt 0.474577 0.257694
vt 0.484858 0.259316
vt 0.476932 0.253219
vt 0.486519 0.255081
vt 0.495971 0.217695
vt 0.497642 0.218344
vt 0.496813 0.217155
vt 0.498192 0.217247
vt 0.493171 0.218147
vt 0.491998 0.216826
vt 0.493289 0.217528
vt 0.491987 0.215968
vt 0.492919 0.215278
vt 0.497233 0.214277
vt 0.496067 0.215317
vt 0.494472 0.214960
vt 0.494856 0.217354
vt 0.495383 0.216886
vt 0.493554 0.217015
vt 0.492726 0.216721
vt 0.495494 0.215697
vt 0.494439 0.215548
vt 0.496478 0.206539
vt 0.493211 0.260125
vt 0.493292 0.264859
vt 0.485136 0.227451
vt 0.485498 0.193733
vt 0.470169 0.209191
vt 0.480057 0.205503
vt 0.477157 0.206895
vt 0.480460 0.208080
vt 0.477598 0.210179
vt 0.491149 0.197648
vt 0.495526 0.196973
vt 0.489844 0.195275
vt 0.488082 0.201643
vt 0.490189 0.202979
vt 0.490573 0.199876
vt 0.494909 0.200625
vt 0.471334 0.197158
vt 0.472602 0.197693
vt 0.485459 0.202985
vt 0.482810 0.204190
vt 0.486434 0.204596
vt 0.483314 0.206228
vt 0.473946 0.208247
vt 0.466189 0.198414
vt 0.467603 0.203177
vt 0.410161 0.221405
vt 0.405284 0.215301
vt 0.422133 0.223738
vt 0.424152 0.226330
vt 0.426543 0.223754
vt 0.428439 0.225854
vt 0.418768 0.197158
vt 0.420253 0.194642
vt 0.415344 0.197765
vt 0.415009 0.194973
vt 0.424174 0.197853
vt 0.426611 0.198564
vt 0.423984 0.196390
vt 0.425531 0.195348
vt 0.430265 0.196954
vt 0.432429 0.192311
vt 0.426655 0.190965
vt 0.443169 0.198989
vt 0.437674 0.194917
vt 0.436946 0.203597
vt 0.434117 0.199689
vt 0.434640 0.220227
vt 0.431610 0.223713
vt 0.417509 0.225168
vt 0.361620 0.153500
vt 0.347105 0.170064
vt 0.376262 0.194452
vt 0.385546 0.197828
vt 0.393270 0.200809
vt 0.399447 0.202959
vt 0.365910 0.191219
vt 0.353700 0.188571
vt 0.443205 0.206702
vt 0.437787 0.209312
vt 0.373874 0.204357
vt 0.383567 0.206686
vt 0.391847 0.208745
vt 0.398647 0.209627
vt 0.363571 0.202443
vt 0.352512 0.202308
vt 0.354923 0.214461
vt 0.428909 0.218389
vt 0.427987 0.220962
vt 0.431005 0.219544
vt 0.428947 0.222312
vt 0.436509 0.214923
vt 0.442514 0.213915
vt 0.495924 0.203876
vt 0.450020 0.133902
vt 0.413267 0.133624
vt 0.383714 0.140695
vt 0.496711 0.239846
vt 0.497539 0.235046
vt 0.495919 0.220755
vt 0.496007 0.222213
vt 0.497933 0.220968
vt 0.497886 0.222372
vt 0.486662 0.196636
vt 0.359357 0.224353
vt 0.372076 0.248781
vt 0.373940 0.254839
vt 0.091989 0.349895
vt 0.084400 0.347571
vt 0.089031 0.355336
vt 0.081421 0.352160
vt 0.495901 0.219455
vt 0.497940 0.219585
vt 0.495537 0.216192
vt 0.493103 0.225188
vt 0.494835 0.217786
vt 0.495572 0.218485
vt 0.499233 0.218451
vt 0.499088 0.219697
vt 0.480046 0.201217
vt 0.479933 0.203053
vt 0.496906 0.216206
vt 0.498198 0.215940
vt 0.460859 0.271240
vt 0.448058 0.268127
vt 0.499010 0.223741
vt 0.498952 0.225098
vt 0.340710 0.203362
vt 0.344921 0.216756
vt 0.431981 0.203228
vt 0.429949 0.205608
vt 0.433604 0.206859
vt 0.431261 0.208745
vt 0.492799 0.269998
vt 0.436491 0.264904
vt 0.093342 0.343896
vt 0.076677 0.356581
vt 0.084406 0.360126
vt 0.470276 0.200878
vt 0.469543 0.200185
vt 0.484773 0.197411
vt 0.340520 0.186700
vt 0.492676 0.226746
vt 0.492220 0.228307
vt 0.364420 0.249044
vt 0.493860 0.255872
vt 0.499317 0.217295
vt 0.350601 0.226616
vt 0.424374 0.203990
vt 0.425494 0.204952
vt 0.426071 0.203519
vt 0.426762 0.204790
vt 0.425253 0.199875
vt 0.425407 0.201549
vt 0.427346 0.201053
vt 0.426852 0.202621
vt 0.429457 0.200323
vt 0.429002 0.202922
vt 0.423523 0.199934
vt 0.423914 0.201108
vt 0.421639 0.197395
vt 0.423069 0.198759
vt 0.420046 0.198731
vt 0.421222 0.200232
vt 0.416915 0.199502
vt 0.418741 0.201021
vt 0.414717 0.201301
vt 0.416722 0.202502
vt 0.429217 0.215264
vt 0.432466 0.216007
vt 0.412754 0.203417
vt 0.415386 0.204230
vt 0.414381 0.206385
vt 0.411604 0.206170
vt 0.411812 0.209226
vt 0.414289 0.208865
vt 0.413115 0.212392
vt 0.415269 0.211397
vt 0.415731 0.215810
vt 0.417244 0.213970
vt 0.418132 0.203337
vt 0.419769 0.202170
vt 0.411860 0.199484
vt 0.421776 0.201278
vt 0.423134 0.207446
vt 0.423860 0.208040
vt 0.424141 0.207013
vt 0.425205 0.207402
vt 0.429675 0.209744
vt 0.431039 0.212240
vt 0.429314 0.212021
vt 0.428102 0.213768
vt 0.428106 0.211757
vt 0.427614 0.213092
vt 0.428041 0.210273
vt 0.426452 0.214314
vt 0.426430 0.213508
vt 0.426479 0.212937
vt 0.427028 0.212677
vt 0.426858 0.211907
vt 0.426276 0.210736
vt 0.433806 0.211393
vt 0.411915 0.218527
vt 0.408803 0.214027
vt 0.420014 0.216277
vt 0.419552 0.218474
vt 0.422934 0.220342
vt 0.425627 0.221322
vt 0.409091 0.202196
vt 0.407481 0.205802
vt 0.416754 0.221800
vt 0.407435 0.209722
vt 0.418501 0.212856
vt 0.420890 0.214465
vt 0.416732 0.210927
vt 0.423658 0.215455
vt 0.423191 0.217607
vt 0.426538 0.215794
vt 0.426245 0.218353
vt 0.421987 0.213283
vt 0.419891 0.212043
vt 0.423153 0.212221
vt 0.421451 0.211178
vt 0.424896 0.213117
vt 0.424366 0.214047
vt 0.424613 0.211375
vt 0.423310 0.210070
vt 0.425693 0.212409
vt 0.421797 0.209009
vt 0.420780 0.207688
vt 0.420096 0.209999
vt 0.419302 0.208527
vt 0.418386 0.210500
vt 0.417525 0.208858
vt 0.415892 0.208825
vt 0.416156 0.206686
vt 0.417488 0.206988
vt 0.418908 0.207090
vt 0.420174 0.206725
vt 0.416943 0.204769
vt 0.419094 0.203966
vt 0.418107 0.205340
vt 0.419242 0.205758
vt 0.420082 0.204667
vt 0.420023 0.205939
vt 0.420790 0.205339
vt 0.425025 0.202576
vt 0.423675 0.202107
vt 0.422156 0.202245
vt 0.422507 0.203212
vt 0.423522 0.202787
vt 0.423976 0.203223
vt 0.423513 0.205110
vt 0.422860 0.204104
vt 0.491737 0.287412
vt 0.492341 0.281820
vt 0.482009 0.286508
vt 0.482945 0.280743
vt 0.421292 0.203859
vt 0.421910 0.204754
vt 0.420506 0.202942
vt 0.422184 0.206412
vt 0.422229 0.205627
vt 0.421327 0.206678
vt 0.421207 0.206083
vt 0.429081 0.207942
vt 0.427526 0.208875
vt 0.425494 0.209579
vt 0.454186 0.291986
vt 0.455338 0.286887
vt 0.441709 0.287338
vt 0.442782 0.282728
vt 0.435525 0.302082
vt 0.437128 0.314447
vt 0.451385 0.306410
vt 0.450516 0.315901
vt 0.450613 0.324747
vt 0.437935 0.324166
vt 0.453821 0.348820
vt 0.452542 0.340997
vt 0.441925 0.348473
vt 0.440232 0.340782
vt 0.430120 0.382722
vt 0.432530 0.390425
vt 0.438109 0.382384
vt 0.441988 0.389370
vt 0.386901 0.327849
vt 0.375698 0.330175
vt 0.386551 0.335844
vt 0.375963 0.338612
vt 0.426741 0.289780
vt 0.429198 0.285354
vt 0.417117 0.280111
vt 0.418907 0.277091
vt 0.393720 0.379683
vt 0.400011 0.376097
vt 0.387177 0.373869
vt 0.395034 0.370511
vt 0.404523 0.418798
vt 0.404337 0.428409
vt 0.419611 0.419964
vt 0.419866 0.429609
vt 0.329319 0.405253
vt 0.331639 0.413642
vt 0.348147 0.404877
vt 0.350329 0.414181
vt 0.430426 0.348312
vt 0.428377 0.340814
vt 0.419579 0.348388
vt 0.417156 0.340943
vt 0.305889 0.258850
vt 0.309810 0.270237
vt 0.314769 0.256547
vt 0.318328 0.267513
vt 0.343664 0.457971
vt 0.345056 0.466608
vt 0.360616 0.460517
vt 0.362495 0.469441
vt 0.363420 0.301624
vt 0.371806 0.302869
vt 0.368585 0.293421
vt 0.375359 0.294139
vt 0.382133 0.351694
vt 0.390942 0.349686
vt 0.378872 0.345706
vt 0.387969 0.342998
vt 0.337691 0.388624
vt 0.331501 0.380008
vt 0.322077 0.389222
vt 0.317230 0.380459
vt 0.326048 0.397372
vt 0.343160 0.396853
vt 0.409402 0.348613
vt 0.406885 0.341085
vt 0.399852 0.348856
vt 0.397774 0.341380
vt 0.434251 0.397493
vt 0.446348 0.396047
vt 0.396163 0.476499
vt 0.394100 0.466530
vt 0.379759 0.472884
vt 0.377737 0.463426
vt 0.434645 0.404009
vt 0.421849 0.403774
vt 0.433822 0.411770
vt 0.419925 0.411346
vt 0.428411 0.482673
vt 0.426505 0.471579
vt 0.412325 0.479726
vt 0.410357 0.469374
vt 0.451380 0.333044
vt 0.438794 0.332746
vt 0.415148 0.381733
vt 0.415262 0.389170
vt 0.422384 0.382394
vt 0.423547 0.390186
vt 0.354874 0.348751
vt 0.365291 0.342776
vt 0.349440 0.341968
vt 0.361405 0.333275
vt 0.364279 0.478336
vt 0.346699 0.475132
vt 0.429678 0.494013
vt 0.413741 0.490567
vt 0.288399 0.333117
vt 0.293414 0.341774
vt 0.299645 0.332967
vt 0.304760 0.341989
vt 0.453989 0.378465
vt 0.449720 0.385400
vt 0.463569 0.382439
vt 0.457227 0.391243
vt 0.410053 0.402448
vt 0.413428 0.396193
vt 0.423288 0.397303
vt 0.474100 0.386831
vt 0.466118 0.398695
vt 0.464233 0.333653
vt 0.465092 0.341510
vt 0.463755 0.325703
vt 0.476776 0.326731
vt 0.477206 0.318419
vt 0.464235 0.317354
vt 0.478346 0.310199
vt 0.465431 0.308910
vt 0.467837 0.295312
vt 0.468785 0.289959
vt 0.372905 0.355143
vt 0.369291 0.349424
vt 0.397712 0.486594
vt 0.189017 0.362810
vt 0.193528 0.355210
vt 0.179832 0.358104
vt 0.184216 0.350708
vt 0.413525 0.282137
vt 0.419967 0.292428
vt 0.249434 0.344323
vt 0.248308 0.350659
vt 0.257427 0.346710
vt 0.257721 0.353338
vt 0.270850 0.332900
vt 0.266270 0.323963
vt 0.263101 0.332311
vt 0.258848 0.323536
vt 0.328756 0.464614
vt 0.326921 0.456193
vt 0.296476 0.403826
vt 0.295011 0.395417
vt 0.280730 0.402845
vt 0.280308 0.394204
vt 0.160558 0.398699
vt 0.167079 0.391872
vt 0.153648 0.395443
vt 0.159838 0.388543
vt 0.153980 0.366413
vt 0.149665 0.375116
vt 0.162102 0.370166
vt 0.157438 0.378275
vt 0.184215 0.370602
vt 0.175271 0.366145
vt 0.303548 0.379990
vt 0.307328 0.388322
vt 0.308975 0.367540
vt 0.306037 0.362761
vt 0.296801 0.367741
vt 0.294352 0.362927
vt 0.408010 0.267664
vt 0.408323 0.270313
vt 0.419652 0.273812
vt 0.125962 0.364493
vt 0.127855 0.358533
vt 0.122473 0.362251
vt 0.124018 0.357216
vt 0.191572 0.412138
vt 0.199533 0.416403
vt 0.201015 0.405619
vt 0.210881 0.410008
vt 0.282515 0.357539
vt 0.281000 0.351066
vt 0.274287 0.356936
vt 0.273414 0.350125
vt 0.275252 0.362223
vt 0.276302 0.367281
vt 0.284302 0.362660
vt 0.286357 0.367654
vt 0.293345 0.386959
vt 0.290883 0.378958
vt 0.279798 0.386042
vt 0.278689 0.378256
vt 0.232804 0.431391
vt 0.226473 0.423586
vt 0.220885 0.434555
vt 0.214424 0.427774
vt 0.323387 0.321493
vt 0.316452 0.314567
vt 0.313264 0.323505
vt 0.305386 0.315520
vt 0.238733 0.311446
vt 0.234306 0.311046
vt 0.241182 0.316948
vt 0.236121 0.316651
vt 0.298765 0.306877
vt 0.293044 0.296704
vt 0.288531 0.306245
vt 0.283228 0.296267
vt 0.409247 0.283654
vt 0.401072 0.274297
vt 0.404625 0.273523
vt 0.276662 0.315227
vt 0.271750 0.306267
vt 0.268924 0.315556
vt 0.264495 0.306582
vt 0.324359 0.253763
vt 0.327552 0.264206
vt 0.263168 0.284951
vt 0.267295 0.295997
vt 0.270856 0.285365
vt 0.274695 0.295932
vt 0.281846 0.411400
vt 0.297843 0.412126
vt 0.313293 0.463413
vt 0.310983 0.454982
vt 0.298634 0.462944
vt 0.296248 0.454492
vt 0.330159 0.472981
vt 0.314822 0.471904
vt 0.300275 0.471569
vt 0.106330 0.346490
vt 0.112464 0.347083
vt 0.105820 0.338963
vt 0.111350 0.338512
vt 0.323672 0.533725
vt 0.341164 0.536357
vt 0.329251 0.522882
vt 0.347134 0.526408
vt 0.111520 0.354865
vt 0.104915 0.353709
vt 0.108501 0.362748
vt 0.102158 0.360481
vt 0.349384 0.516085
vt 0.331935 0.512550
vt 0.422575 0.268808
vt 0.411203 0.263880
vt 0.420947 0.271344
vt 0.408922 0.265488
vt 0.431136 0.277410
vt 0.433177 0.273915
vt 0.444540 0.278306
vt 0.362899 0.531604
vt 0.358421 0.542527
vt 0.100204 0.345422
vt 0.098937 0.352069
vt 0.095814 0.358029
vt 0.091311 0.363484
vt 0.085759 0.368478
vt 0.079321 0.364876
vt 0.331346 0.481241
vt 0.348194 0.483483
vt 0.238686 0.567041
vt 0.236711 0.572236
vt 0.255669 0.567070
vt 0.256713 0.574321
vt 0.195525 0.564631
vt 0.216303 0.569110
vt 0.199137 0.558840
vt 0.219863 0.563874
vt 0.216884 0.515671
vt 0.234190 0.517973
vt 0.221558 0.507805
vt 0.238558 0.509985
vt 0.301132 0.479675
vt 0.315750 0.480076
vt 0.365659 0.487010
vt 0.343997 0.601098
vt 0.321949 0.592707
vt 0.334091 0.615143
vt 0.313825 0.607126
vt 0.277157 0.585041
vt 0.255157 0.583378
vt 0.273099 0.597251
vt 0.252515 0.593982
vt 0.430396 0.504679
vt 0.445217 0.496748
vt 0.445913 0.508054
vt 0.472390 0.500869
vt 0.474156 0.512536
vt 0.485885 0.502672
vt 0.487086 0.514108
vt 0.492466 0.574923
vt 0.491118 0.561826
vt 0.483518 0.574043
vt 0.480455 0.560132
vt 0.395813 0.542957
vt 0.397493 0.533186
vt 0.378435 0.537279
vt 0.381178 0.527655
vt 0.191321 0.571436
vt 0.211555 0.575350
vt 0.354895 0.623313
vt 0.366196 0.609275
vt 0.394528 0.637094
vt 0.405901 0.624375
vt 0.375035 0.631325
vt 0.386509 0.617847
vt 0.482480 0.611257
vt 0.475992 0.619150
vt 0.491013 0.633782
vt 0.486796 0.638789
vt 0.203139 0.547617
vt 0.201444 0.554146
vt 0.221850 0.550594
vt 0.220961 0.557204
vt 0.286795 0.479970
vt 0.286337 0.471693
vt 0.285016 0.463094
vt 0.273046 0.472107
vt 0.272026 0.463455
vt 0.265996 0.410899
vt 0.264480 0.402769
vt 0.249680 0.411091
vt 0.247138 0.402839
vt 0.173295 0.384860
vt 0.165366 0.381531
vt 0.203879 0.584447
vt 0.210088 0.599726
vt 0.230374 0.589052
vt 0.231009 0.602625
vt 0.268430 0.609938
vt 0.286389 0.614185
vt 0.293612 0.600877
vt 0.324879 0.628698
vt 0.305489 0.620830
vt 0.382087 0.649942
vt 0.363728 0.644311
vt 0.429385 0.650808
vt 0.416289 0.661950
vt 0.442646 0.658663
vt 0.429352 0.669214
vt 0.433117 0.558716
vt 0.430695 0.571701
vt 0.456016 0.571311
vt 0.449124 0.584992
vt 0.482548 0.490580
vt 0.471300 0.488529
vt 0.459741 0.498990
vt 0.458919 0.486680
vt 0.444279 0.484853
vt 0.453209 0.441833
vt 0.455288 0.452514
vt 0.469162 0.442393
vt 0.470766 0.453260
vt 0.467449 0.431537
vt 0.451176 0.431012
vt 0.449361 0.402890
vt 0.465644 0.410295
vt 0.448970 0.411305
vt 0.477027 0.334755
vt 0.477508 0.342574
vt 0.374637 0.548103
vt 0.469158 0.690726
vt 0.454494 0.697490
vt 0.476239 0.703870
vt 0.459839 0.709480
vt 0.365678 0.521673
vt 0.381397 0.482319
vt 0.382549 0.491436
vt 0.370656 0.403368
vt 0.369880 0.414663
vt 0.445164 0.375961
vt 0.444218 0.381155
vt 0.299909 0.587162
vt 0.352313 0.656448
vt 0.341941 0.668054
vt 0.369716 0.662504
vt 0.358082 0.674468
vt 0.415005 0.680724
vt 0.401119 0.692308
vt 0.424155 0.688305
vt 0.409868 0.699894
vt 0.386829 0.703814
vt 0.374726 0.714948
vt 0.396564 0.710807
vt 0.384760 0.721394
vt 0.344207 0.637487
vt 0.324677 0.661510
vt 0.334279 0.649856
vt 0.307993 0.654081
vt 0.316359 0.642123
vt 0.250200 0.606635
vt 0.438918 0.677331
vt 0.452204 0.667656
vt 0.431802 0.726544
vt 0.444330 0.717749
vt 0.424187 0.716653
vt 0.438202 0.706610
vt 0.275201 0.639195
vt 0.281214 0.627130
vt 0.259562 0.634069
vt 0.264245 0.622346
vt 0.298806 0.634041
vt 0.291490 0.646237
vt 0.306756 0.684401
vt 0.315524 0.672988
vt 0.291304 0.677216
vt 0.299616 0.665748
vt 0.275909 0.669285
vt 0.283886 0.657759
vt 0.268864 0.650603
vt 0.262153 0.662015
vt 0.249214 0.656225
vt 0.254710 0.645094
vt 0.240354 0.641126
vt 0.236413 0.651782
vt 0.210859 0.635711
vt 0.210073 0.646297
vt 0.225894 0.637984
vt 0.223490 0.648611
vt 0.410383 0.742880
vt 0.420904 0.734762
vt 0.401811 0.735423
vt 0.412369 0.726262
vt 0.364179 0.775953
vt 0.377282 0.767652
vt 0.357095 0.770637
vt 0.369734 0.761637
vt 0.205476 0.689440
vt 0.211843 0.679193
vt 0.196651 0.685560
vt 0.202394 0.675892
vt 0.220982 0.683132
vt 0.214001 0.693733
vt 0.230830 0.688258
vt 0.223485 0.699138
vt 0.234074 0.705416
vt 0.241559 0.694645
vt 0.246125 0.712441
vt 0.252988 0.701593
vt 0.267753 0.709316
vt 0.260948 0.719839
vt 0.343549 0.746682
vt 0.331253 0.756118
vt 0.352576 0.751131
vt 0.341097 0.760767
vt 0.309756 0.727281
vt 0.300178 0.737075
vt 0.321231 0.735032
vt 0.310366 0.745054
vt 0.268251 0.680134
vt 0.283100 0.688074
vt 0.243473 0.667066
vt 0.255361 0.672968
vt 0.400122 0.751069
vt 0.391707 0.744329
vt 0.373737 0.731547
vt 0.363799 0.725696
vt 0.304917 0.711812
vt 0.313371 0.701638
vt 0.290395 0.705860
vt 0.298575 0.695311
vt 0.248507 0.683717
vt 0.260454 0.690898
vt 0.237484 0.677689
vt 0.227000 0.672707
vt 0.216866 0.669106
vt 0.206423 0.666280
vt 0.389271 0.759336
vt 0.381209 0.753012
vt 0.363308 0.741537
vt 0.353469 0.736439
vt 0.287930 0.730477
vt 0.296348 0.721388
vt 0.274442 0.725170
vt 0.282147 0.715693
vt 0.290782 0.745502
vt 0.279730 0.739213
vt 0.189068 0.695153
vt 0.197318 0.699760
vt 0.205528 0.704468
vt 0.226481 0.716062
vt 0.240606 0.723874
vt 0.268547 0.734375
vt 0.255569 0.731127
vt 0.328304 0.769815
vt 0.319306 0.764843
vt 0.314983 0.778946
vt 0.306189 0.773534
vt 0.339479 0.794572
vt 0.351249 0.784389
vt 0.330811 0.789266
vt 0.343611 0.779285
vt 0.177898 0.705046
vt 0.186404 0.710207
vt 0.195691 0.715108
vt 0.218933 0.727317
vt 0.206366 0.720574
vt 0.215329 0.709869
vt 0.235306 0.735760
vt 0.251891 0.744278
vt 0.241401 0.755488
vt 0.226445 0.747268
vt 0.204566 0.790129
vt 0.191595 0.803229
vt 0.215438 0.797067
vt 0.201075 0.809747
vt 0.292693 0.782759
vt 0.301774 0.789172
vt 0.318214 0.800162
vt 0.328018 0.805710
vt 0.210314 0.738746
vt 0.197064 0.731871
vt 0.199412 0.749768
vt 0.186066 0.743095
vt 0.259427 0.820261
vt 0.274428 0.810218
vt 0.250990 0.814594
vt 0.265303 0.803973
vt 0.304689 0.810739
vt 0.290589 0.821181
vt 0.314582 0.816438
vt 0.299651 0.827103
vt 0.188420 0.761758
vt 0.175126 0.755286
vt 0.177331 0.774985
vt 0.164691 0.769040
vt 0.229955 0.766284
vt 0.215047 0.758053
vt 0.216958 0.777646
vt 0.203297 0.769501
vt 0.242818 0.773473
vt 0.229376 0.784741
vt 0.242113 0.830376
vt 0.233530 0.825765
vt 0.223231 0.840828
vt 0.214676 0.837232
vt 0.274274 0.830868
vt 0.255433 0.840025
vt 0.282456 0.837225
vt 0.262129 0.845826
vt 0.166142 0.789412
vt 0.154579 0.784117
vt 0.154960 0.804836
vt 0.144549 0.799556
vt 0.179601 0.796123
vt 0.177003 0.817765
vt 0.166139 0.811044
vt 0.161988 0.832813
vt 0.185630 0.823718
vt 0.169112 0.838217
vt 0.196613 0.848490
vt 0.204995 0.851510
vt 0.216574 0.857296
vt 0.223268 0.861215
vt 0.235378 0.848712
vt 0.241757 0.853614
vt 0.117154 0.790298
vt 0.111782 0.804213
vt 0.126852 0.793117
vt 0.120217 0.807286
vt 0.135517 0.795855
vt 0.134843 0.813681
vt 0.127280 0.810066
vt 0.144001 0.818965
vt 0.153585 0.825991
vt 0.483133 0.677309
vt 0.478521 0.684324
vt 0.490417 0.692355
vt 0.487625 0.699093
vt 0.387756 0.685795
vt 0.402075 0.673469
vt 0.362780 0.708807
vt 0.374104 0.697574
vt 0.352159 0.719851
vt 0.342110 0.730843
vt 0.331848 0.741720
vt 0.321297 0.751471
vt 0.295283 0.767568
vt 0.308972 0.759751
vt 0.279137 0.793268
vt 0.268770 0.786180
vt 0.281939 0.776267
vt 0.239705 0.808529
vt 0.254884 0.797060
vt 0.222843 0.820817
vt 0.204651 0.833307
vt 0.186673 0.845407
vt 0.449434 0.629190
vt 0.454717 0.619667
vt 0.433475 0.619570
vt 0.439583 0.608377
vt 0.496249 0.649730
vt 0.492588 0.652418
vt 0.499161 0.662302
vt 0.495164 0.663897
vt 0.275254 0.698655
vt 0.232183 0.662339
vt 0.220663 0.658933
vt 0.208831 0.656422
vt 0.330269 0.724279
vt 0.339560 0.713634
vt 0.318245 0.717668
vt 0.327263 0.707732
vt 0.256091 0.779871
vt 0.254373 0.763673
vt 0.268637 0.769898
vt 0.263795 0.754279
vt 0.174652 0.720837
vt 0.185211 0.725985
vt 0.150165 0.727209
vt 0.162099 0.732147
vt 0.164583 0.715396
vt 0.346920 0.685986
vt 0.336559 0.697084
vt 0.360261 0.692016
vt 0.349721 0.703005
vt 0.307808 0.446862
vt 0.293154 0.446251
vt 0.384933 0.395744
vt 0.397675 0.399958
vt 0.394366 0.389897
vt 0.403807 0.393790
vt 0.375247 0.389858
vt 0.386084 0.384681
vt 0.378534 0.378480
vt 0.367508 0.383124
vt 0.342696 0.352481
vt 0.336907 0.346768
vt 0.466145 0.420845
vt 0.482572 0.411114
vt 0.482972 0.421507
vt 0.460660 0.510662
vt 0.452399 0.553926
vt 0.467920 0.557686
vt 0.472624 0.573770
vt 0.494456 0.613955
vt 0.245579 0.429434
vt 0.239680 0.420717
vt 0.152552 0.385505
vt 0.146872 0.392335
vt 0.131561 0.376949
vt 0.127036 0.383349
vt 0.138188 0.379710
vt 0.133457 0.386285
vt 0.097667 0.366652
vt 0.104020 0.369654
vt 0.491333 0.666456
vt 0.495318 0.674032
vt 0.493104 0.678811
vt 0.462945 0.659011
vt 0.471182 0.651916
vt 0.453954 0.648913
vt 0.461964 0.640319
vt 0.331082 0.578847
vt 0.353487 0.586996
vt 0.233671 0.579963
vt 0.247673 0.261178
vt 0.251130 0.272703
vt 0.255550 0.261691
vt 0.259260 0.273470
vt 0.211300 0.398678
vt 0.226729 0.403358
vt 0.430449 0.280950
vt 0.401549 0.297330
vt 0.407312 0.295451
vt 0.399646 0.287453
vt 0.404690 0.285374
vt 0.167342 0.336443
vt 0.164041 0.341337
vt 0.178049 0.340780
vt 0.174625 0.346219
vt 0.212105 0.523848
vt 0.229538 0.526191
vt 0.257056 0.455410
vt 0.253941 0.447015
vt 0.244362 0.456073
vt 0.241691 0.447935
vt 0.233186 0.393404
vt 0.249452 0.394046
vt 0.476930 0.375710
vt 0.477835 0.366452
vt 0.465904 0.373112
vt 0.466480 0.364835
vt 0.244948 0.297882
vt 0.251247 0.295880
vt 0.237466 0.287052
vt 0.246350 0.284365
vt 0.305281 0.570830
vt 0.278812 0.573719
vt 0.301717 0.429530
vt 0.304594 0.438486
vt 0.318639 0.430546
vt 0.321219 0.439622
vt 0.312380 0.404673
vt 0.314233 0.412931
vt 0.310154 0.396634
vt 0.276498 0.342003
vt 0.278829 0.333535
vt 0.284192 0.342294
vt 0.441029 0.639604
vt 0.463889 0.601028
vt 0.470505 0.592679
vt 0.476893 0.718877
vt 0.461955 0.723366
vt 0.499393 0.672245
vt 0.435179 0.269843
vt 0.446471 0.273489
vt 0.279566 0.306006
vt 0.285161 0.315105
vt 0.315388 0.356996
vt 0.310115 0.350461
vt 0.302607 0.357527
vt 0.298241 0.350686
vt 0.288873 0.350898
vt 0.291729 0.357681
vt 0.396307 0.333935
vt 0.406360 0.333138
vt 0.397051 0.326350
vt 0.406503 0.325400
vt 0.426920 0.332805
vt 0.426204 0.324131
vt 0.416035 0.332952
vt 0.415929 0.324566
vt 0.440313 0.293096
vt 0.453173 0.298243
vt 0.466882 0.301404
vt 0.479531 0.303290
vt 0.115585 0.376846
vt 0.120885 0.370470
vt 0.109935 0.373079
vt 0.116115 0.365120
vt 0.104323 0.379045
vt 0.110406 0.382419
vt 0.456704 0.281659
vt 0.470176 0.284437
vt 0.481193 0.292201
vt 0.334435 0.250463
vt 0.337495 0.260118
vt 0.413780 0.262086
vt 0.099496 0.338335
vt 0.424428 0.265440
vt 0.348727 0.256864
vt 0.345690 0.247496
vt 0.415045 0.305170
vt 0.413420 0.294019
vt 0.407826 0.305845
vt 0.458664 0.276472
vt 0.471565 0.279062
vt 0.341582 0.565071
vt 0.361830 0.572731
vt 0.375661 0.454195
vt 0.358643 0.451708
vt 0.484689 0.442924
vt 0.485707 0.453906
vt 0.492608 0.275832
vt 0.486082 0.478415
vt 0.486213 0.465589
vt 0.471931 0.476211
vt 0.471749 0.464400
vt 0.491095 0.491400
vt 0.492226 0.497836
vt 0.486763 0.585464
vt 0.493684 0.585619
vt 0.333861 0.294380
vt 0.340792 0.300678
vt 0.342206 0.289206
vt 0.348739 0.295187
vt 0.458121 0.474479
vt 0.442714 0.473129
vt 0.358664 0.354212
vt 0.346484 0.357789
vt 0.483244 0.400318
vt 0.455543 0.370979
vt 0.455489 0.363704
vt 0.444768 0.362874
vt 0.445459 0.369578
vt 0.496406 0.674915
vt 0.209537 0.313684
vt 0.216763 0.314583
vt 0.209907 0.308510
vt 0.216063 0.308899
vt 0.470220 0.670720
vt 0.460572 0.678144
vt 0.492963 0.712967
vt 0.498245 0.704740
vt 0.399626 0.655741
vt 0.413064 0.643117
vt 0.372493 0.680369
vt 0.385735 0.668326
vt 0.298726 0.753406
vt 0.281776 0.759707
vt 0.242116 0.790979
vt 0.211453 0.815700
vt 0.227379 0.802917
vt 0.194460 0.829152
vt 0.177158 0.842319
vt 0.196657 0.272910
vt 0.206520 0.272197
vt 0.194794 0.263214
vt 0.204368 0.261958
vt 0.288216 0.285413
vt 0.283919 0.274021
vt 0.278994 0.285393
vt 0.275160 0.274356
vt 0.263208 0.262444
vt 0.267054 0.274200
vt 0.271259 0.262873
vt 0.230776 0.261151
vt 0.234039 0.272926
vt 0.239242 0.261057
vt 0.242682 0.272298
vt 0.215576 0.271593
vt 0.224686 0.271953
vt 0.213558 0.261251
vt 0.222351 0.261002
vt 0.288808 0.261917
vt 0.292976 0.273520
vt 0.297436 0.260703
vt 0.301555 0.272156
vt 0.350021 0.283248
vt 0.356038 0.288409
vt 0.350855 0.328989
vt 0.342182 0.323909
vt 0.342032 0.335235
vt 0.333266 0.329055
vt 0.336266 0.282538
vt 0.344730 0.277018
vt 0.331214 0.274173
vt 0.340914 0.269132
vt 0.297629 0.284978
vt 0.303039 0.296252
vt 0.306257 0.283651
vt 0.311875 0.294619
vt 0.255038 0.284478
vt 0.259687 0.295970
vt 0.332561 0.306066
vt 0.325519 0.299238
vt 0.362128 0.359618
vt 0.322733 0.366874
vt 0.319371 0.361945
vt 0.407609 0.387253
vt 0.408584 0.380904
vt 0.353384 0.386684
vt 0.346473 0.378518
vt 0.403412 0.380203
vt 0.400434 0.384253
vt 0.434321 0.420486
vt 0.480581 0.297525
vt 0.327742 0.287148
vt 0.319656 0.291622
vt 0.249924 0.306945
vt 0.254160 0.315421
vt 0.256672 0.306484
vt 0.261418 0.315725
vt 0.238080 0.384994
vt 0.252056 0.385638
vt 0.242132 0.376616
vt 0.254478 0.377260
vt 0.192460 0.301656
vt 0.188124 0.306623
vt 0.198792 0.305043
vt 0.195937 0.309841
vt 0.179363 0.302289
vt 0.184750 0.297237
vt 0.169709 0.296512
vt 0.175634 0.292121
vt 0.316397 0.544139
vt 0.333689 0.547871
vt 0.398676 0.496304
vt 0.414561 0.500810
vt 0.433494 0.546627
vt 0.471996 0.625900
vt 0.482277 0.642700
vt 0.364245 0.281418
vt 0.359396 0.277612
vt 0.447039 0.686755
vt 0.350122 0.552245
vt 0.431595 0.696842
vt 0.417230 0.707786
vt 0.228064 0.627192
vt 0.229984 0.615528
vt 0.211789 0.624941
vt 0.211871 0.613031
vt 0.243978 0.630243
vt 0.247467 0.618724
vt 0.427516 0.744163
vt 0.416692 0.751525
vt 0.322278 0.690817
vt 0.381155 0.774651
vt 0.368285 0.782466
vt 0.405667 0.759117
vt 0.393848 0.766931
vt 0.356712 0.790523
vt 0.346779 0.800811
vt 0.336551 0.812143
vt 0.323594 0.823739
vt 0.307302 0.835231
vt 0.150380 0.745166
vt 0.137664 0.741353
vt 0.140889 0.760558
vt 0.128962 0.757491
vt 0.162794 0.749827
vt 0.173789 0.737273
vt 0.192019 0.782320
vt 0.244284 0.860631
vt 0.265087 0.853549
vt 0.133518 0.777016
vt 0.122703 0.774197
vt 0.152952 0.764289
vt 0.144079 0.780075
vt 0.227093 0.867519
vt 0.477320 0.664023
vt 0.489739 0.721753
vt 0.375676 0.595417
vt 0.383706 0.582896
vt 0.427319 0.585704
vt 0.444521 0.597034
vt 0.438268 0.737265
vt 0.449534 0.730065
vt 0.424424 0.461246
vt 0.408309 0.459545
vt 0.388860 0.436924
vt 0.390347 0.447051
vt 0.405099 0.438783
vt 0.406520 0.449375
vt 0.336215 0.431909
vt 0.338759 0.441051
vt 0.354338 0.433371
vt 0.356507 0.442682
vt 0.341301 0.449696
vt 0.324155 0.448081
vt 0.276094 0.437357
vt 0.272135 0.428199
vt 0.263038 0.437568
vt 0.258741 0.428418
vt 0.478817 0.587509
vt 0.488050 0.655358
vt 0.424602 0.631010
vt 0.415573 0.611692
vt 0.396023 0.604448
vt 0.294689 0.315262
vt 0.247969 0.356991
vt 0.257630 0.359471
vt 0.190586 0.291637
vt 0.180958 0.287213
vt 0.318321 0.303702
vt 0.348222 0.305838
vt 0.357003 0.309522
vt 0.355709 0.299322
vt 0.184844 0.272654
vt 0.184309 0.264343
vt 0.355400 0.272433
vt 0.392900 0.554681
vt 0.413562 0.550034
vt 0.411697 0.562603
vt 0.497137 0.695718
vt 0.459195 0.610274
vt 0.404543 0.718215
vt 0.393370 0.728236
vt 0.383003 0.737827
vt 0.372517 0.747097
vt 0.361495 0.756200
vt 0.350071 0.765392
vt 0.336571 0.774560
vt 0.322961 0.784089
vt 0.296482 0.805320
vt 0.309948 0.794660
vt 0.288183 0.799711
vt 0.282389 0.815744
vt 0.266856 0.825391
vt 0.248954 0.835132
vt 0.229713 0.844545
vt 0.211118 0.854130
vt 0.497304 0.682900
vt 0.497221 0.688844
vt 0.423145 0.304126
vt 0.329215 0.355229
vt 0.323446 0.349476
vt 0.325444 0.311075
vt 0.182506 0.555137
vt 0.180064 0.561567
vt 0.217702 0.281608
vt 0.208574 0.282258
vt 0.309438 0.306392
vt 0.330798 0.339278
vt 0.324059 0.332080
vt 0.166182 0.182569
vt 0.297441 0.147880
vt 0.299209 0.158103
vt 0.289881 0.150843
vt 0.291128 0.161260
vt 0.282775 0.153654
vt 0.259292 0.172159
vt 0.253212 0.163882
vt 0.250328 0.173885
vt 0.244530 0.165768
vt 0.261487 0.151495
vt 0.268538 0.159309
vt 0.268113 0.148851
vt 0.275756 0.156469
vt 0.222101 0.178996
vt 0.226824 0.186957
vt 0.230944 0.177325
vt 0.236100 0.185196
vt 0.266113 0.208588
vt 0.271492 0.215818
vt 0.275553 0.208201
vt 0.280608 0.215494
vt 0.170847 0.201238
vt 0.168108 0.191946
vt 0.161007 0.201303
vt 0.308273 0.165681
vt 0.280502 0.187264
vt 0.287133 0.196401
vt 0.289754 0.184244
vt 0.296723 0.193593
vt 0.164556 0.210625
vt 0.174337 0.210258
vt 0.267664 0.170113
vt 0.274157 0.178544
vt 0.275694 0.167327
vt 0.282809 0.175530
vt 0.214221 0.163046
vt 0.217906 0.171011
vt 0.222271 0.161579
vt 0.226310 0.169449
vt 0.247156 0.155907
vt 0.254650 0.153835
vt 0.261150 0.161828
vt 0.295425 0.138067
vt 0.173692 0.173341
vt 0.180972 0.164172
vt 0.182689 0.173529
vt 0.271518 0.189467
vt 0.265408 0.180733
vt 0.262515 0.190880
vt 0.256366 0.182309
vt 0.309159 0.177695
vt 0.300173 0.169118
vt 0.175432 0.182713
vt 0.177971 0.191999
vt 0.185274 0.182737
vt 0.188517 0.191775
vt 0.213277 0.198536
vt 0.208617 0.190245
vt 0.203060 0.199696
vt 0.198778 0.191236
vt 0.269088 0.199609
vt 0.259337 0.200366
vt 0.231974 0.194899
vt 0.237819 0.202865
vt 0.241858 0.193193
vt 0.248375 0.201247
vt 0.328088 0.205303
vt 0.323427 0.197131
vt 0.317218 0.207689
vt 0.312718 0.199942
vt 0.158725 0.221089
vt 0.163530 0.228806
vt 0.168927 0.219664
vt 0.173868 0.227138
vt 0.201448 0.236119
vt 0.198594 0.231709
vt 0.191852 0.236462
vt 0.188544 0.231902
vt 0.224434 0.214436
vt 0.218648 0.206595
vt 0.213696 0.215479
vt 0.208127 0.207802
vt 0.249959 0.216895
vt 0.244081 0.210382
vt 0.240009 0.219202
vt 0.234285 0.212578
vt 0.264474 0.242755
vt 0.262254 0.235183
vt 0.256279 0.242936
vt 0.253617 0.235658
vt 0.280507 0.234932
vt 0.282472 0.242295
vt 0.289282 0.233913
vt 0.291231 0.241183
vt 0.340166 0.228498
vt 0.337603 0.222613
vt 0.328591 0.230759
vt 0.326247 0.224699
vt 0.230203 0.221968
vt 0.218689 0.221897
vt 0.286968 0.227794
vt 0.284175 0.221963
vt 0.278266 0.228507
vt 0.275257 0.222402
vt 0.313765 0.222076
vt 0.311016 0.216695
vt 0.304734 0.224865
vt 0.301612 0.218951
vt 0.334865 0.217548
vt 0.331686 0.211950
vt 0.323653 0.219663
vt 0.320682 0.214133
vt 0.212982 0.227456
vt 0.216306 0.231005
vt 0.221136 0.226251
vt 0.224129 0.229791
vt 0.245663 0.224505
vt 0.255100 0.222799
vt 0.289162 0.214349
vt 0.292775 0.220726
vt 0.297969 0.212594
vt 0.168192 0.234828
vt 0.178209 0.232799
vt 0.241095 0.243106
vt 0.244125 0.250552
vt 0.248630 0.242843
vt 0.251613 0.250537
vt 0.267223 0.251055
vt 0.259199 0.250777
vt 0.285168 0.250724
vt 0.293917 0.249692
vt 0.311288 0.246211
vt 0.308866 0.237507
vt 0.302523 0.248100
vt 0.299993 0.239473
vt 0.331379 0.240353
vt 0.342594 0.237596
vt 0.189333 0.246800
vt 0.180209 0.248489
vt 0.192561 0.254004
vt 0.182720 0.255954
vt 0.268757 0.228611
vt 0.271383 0.235065
vt 0.204569 0.181829
vt 0.201155 0.173272
vt 0.195163 0.182543
vt 0.192055 0.173671
vt 0.206429 0.164147
vt 0.209672 0.172396
vt 0.283531 0.164264
vt 0.291208 0.172357
vt 0.274711 0.146173
vt 0.307358 0.210364
vt 0.302970 0.202867
vt 0.204296 0.240328
vt 0.210598 0.235499
vt 0.213269 0.239582
vt 0.208154 0.223199
vt 0.202156 0.216707
vt 0.197076 0.226062
vt 0.190052 0.218199
vt 0.219107 0.234525
vt 0.221787 0.238734
vt 0.227177 0.233406
vt 0.230088 0.237871
vt 0.318322 0.234182
vt 0.316102 0.227604
vt 0.210705 0.251810
vt 0.207274 0.245286
vt 0.201900 0.252304
vt 0.198262 0.245797
vt 0.195053 0.240883
vt 0.219415 0.251531
vt 0.216112 0.244773
vt 0.320788 0.243528
vt 0.224587 0.244182
vt 0.227659 0.251270
vt 0.232925 0.243711
vt 0.236030 0.250983
vt 0.213470 0.180602
vt 0.217805 0.188757
vt 0.260847 0.215895
vt 0.255121 0.209013
vt 0.265372 0.222396
vt 0.240636 0.175564
vt 0.235347 0.167643
vt 0.252598 0.191941
vt 0.246451 0.183627
vt 0.192265 0.200486
vt 0.250134 0.229695
vt 0.242259 0.231012
vt 0.237571 0.226621
vt 0.276258 0.251349
vt 0.273401 0.242661
vt 0.227717 0.225913
vt 0.280012 0.262762
vt 0.184589 0.226384
vt 0.182091 0.237555
vt 0.185695 0.241856
vt 0.288174 0.140869
vt 0.298828 0.181081
vt 0.284318 0.207105
vt 0.293541 0.205400
vt 0.234965 0.232315
vt 0.238173 0.236999
vt 0.245719 0.236260
vt 0.307081 0.230673
vt 0.298015 0.232451
vt 0.230604 0.159836
vt 0.295616 0.226523
vt 0.172534 0.239693
vt 0.176379 0.243887
vt 0.178899 0.218916
vt 0.140147 0.389288
vt 0.135101 0.395064
vt 0.141629 0.398205
vt 0.360723 0.394456
vt 0.405953 0.409875
vt 0.390287 0.407394
vt 0.337043 0.365244
vt 0.333371 0.360040
vt 0.317644 0.341355
vt 0.311834 0.333213
vt 0.360401 0.376077
vt 0.410313 0.196630
vt 0.406369 0.199832
vt 0.413897 0.191126
vt 0.492313 0.484596
vt 0.423699 0.206104
vt 0.423417 0.208660
vt 0.421894 0.207235
vt 0.424537 0.205631
vt 0.424547 0.205226
vt 0.420447 0.190590
vt 0.404284 0.204296
vt 0.403874 0.209389
vt 0.422241 0.196088
vt 0.231617 0.480921
vt 0.230283 0.487229
vt 0.246444 0.481216
vt 0.245932 0.488037
vt 0.228425 0.493723
vt 0.211133 0.489822
vt 0.214061 0.484546
vt 0.297295 0.511526
vt 0.314457 0.511503
vt 0.299177 0.502681
vt 0.315752 0.502662
vt 0.315983 0.494817
vt 0.332549 0.496271
vt 0.332846 0.503913
vt 0.349996 0.498990
vt 0.350255 0.507176
vt 0.367005 0.503445
vt 0.366702 0.512335
vt 0.382397 0.518134
vt 0.398523 0.523844
vt 0.433013 0.534976
vt 0.414675 0.539195
vt 0.415637 0.529534
vt 0.465249 0.543735
vt 0.450015 0.540075
vt 0.489912 0.548061
vt 0.478365 0.546434
vt 0.425502 0.314797
vt 0.124177 0.343988
vt 0.129314 0.342304
vt 0.120729 0.334704
vt 0.124948 0.332709
vt 0.160301 0.348015
vt 0.157737 0.356976
vt 0.170752 0.353209
vt 0.166596 0.361519
vt 0.127493 0.351665
vt 0.124292 0.352180
vt 0.132141 0.351486
vt 0.129944 0.367293
vt 0.132712 0.359708
vt 0.155876 0.331106
vt 0.158653 0.327204
vt 0.144356 0.323644
vt 0.147945 0.319815
vt 0.197368 0.348366
vt 0.199999 0.343145
vt 0.187936 0.344584
vt 0.190493 0.339932
vt 0.166648 0.314654
vt 0.170155 0.310671
vt 0.156227 0.307657
vt 0.160190 0.304007
vt 0.180292 0.336593
vt 0.219122 0.391193
vt 0.225283 0.383414
vt 0.230367 0.375948
vt 0.238129 0.354551
vt 0.237122 0.360747
vt 0.247230 0.363274
vt 0.238473 0.348320
vt 0.240519 0.343207
vt 0.349717 0.317136
vt 0.359107 0.320720
vt 0.366496 0.311668
vt 0.246048 0.338198
vt 0.252629 0.339013
vt 0.245669 0.331515
vt 0.251196 0.331747
vt 0.394058 0.278018
vt 0.397814 0.275951
vt 0.378114 0.285328
vt 0.373600 0.285041
vt 0.177205 0.319832
vt 0.186724 0.323822
vt 0.180655 0.315556
vt 0.189545 0.319228
vt 0.198659 0.322139
vt 0.196679 0.326855
vt 0.207434 0.324505
vt 0.205662 0.329515
vt 0.239162 0.337296
vt 0.239545 0.330393
vt 0.362268 0.291638
vt 0.388702 0.301502
vt 0.395504 0.299519
vt 0.388754 0.291968
vt 0.394369 0.289810
vt 0.291536 0.324359
vt 0.302491 0.324592
vt 0.281849 0.324439
vt 0.267806 0.341060
vt 0.273759 0.324253
vt 0.340622 0.312160
vt 0.333135 0.318008
vt 0.386188 0.311122
vt 0.394346 0.309294
vt 0.174735 0.306785
vt 0.164746 0.300480
vt 0.244460 0.323845
vt 0.249006 0.323663
vt 0.245232 0.316608
vt 0.265487 0.348592
vt 0.259319 0.339931
vt 0.369090 0.283663
vt 0.386467 0.282366
vt 0.390194 0.280214
vt 0.184598 0.311504
vt 0.193467 0.314792
vt 0.184641 0.328276
vt 0.182533 0.332438
vt 0.194790 0.331319
vt 0.192808 0.335629
vt 0.208944 0.319091
vt 0.217111 0.320460
vt 0.202315 0.338577
vt 0.204153 0.334143
vt 0.238797 0.323395
vt 0.399190 0.316824
vt 0.407407 0.316038
vt 0.401177 0.307158
vt 0.380950 0.320662
vt 0.390907 0.318753
vt 0.369541 0.321859
vt 0.415539 0.315550
vt 0.231153 0.228472
vt 0.245269 0.308565
vt 0.241680 0.310287
vt 0.248781 0.315526
vt 0.226973 0.283144
vt 0.498205 0.232210
vt 0.498536 0.230050
vt 0.499036 0.221119
vt 0.499025 0.222468
vt 0.207893 0.231758
vt 0.205940 0.228646
vt 0.196752 0.208882
vt 0.181163 0.201028
vt 0.185009 0.209805
vt 0.154346 0.211561
vt 0.306300 0.190548
vt 0.317050 0.187474
vt 0.277837 0.198454
vt 0.228333 0.204891
vt 0.271189 0.126238
vt 0.262651 0.118541
vt 0.264599 0.128704
vt 0.256097 0.120990
vt 0.242015 0.115805
vt 0.250163 0.123407
vt 0.247967 0.113232
vt 0.236860 0.118630
vt 0.244810 0.126123
vt 0.226968 0.124088
vt 0.234223 0.130977
vt 0.231958 0.121671
vt 0.239583 0.128764
vt 0.235058 0.140501
vt 0.228697 0.133077
vt 0.228492 0.142591
vt 0.223006 0.135233
vt 0.294564 0.100740
vt 0.204601 0.139598
vt 0.207233 0.132240
vt 0.210873 0.138778
vt 0.200758 0.147622
vt 0.295016 0.108912
vt 0.296967 0.117290
vt 0.289274 0.110560
vt 0.276131 0.105421
vt 0.283047 0.112282
vt 0.282742 0.103858
vt 0.281406 0.143538
vt 0.273065 0.136179
vt 0.266526 0.138717
vt 0.246995 0.136231
vt 0.254268 0.143842
vt 0.252612 0.133771
vt 0.260387 0.141312
vt 0.241130 0.148211
vt 0.238991 0.157958
vt 0.233739 0.150180
vt 0.241258 0.138445
vt 0.247978 0.146083
vt 0.221596 0.144585
vt 0.216944 0.137279
vt 0.284318 0.121465
vt 0.276288 0.114110
vt 0.277775 0.123767
vt 0.269521 0.116214
vt 0.226130 0.152089
vt 0.292881 0.128575
vt 0.286321 0.131068
vt 0.290921 0.119288
vt 0.187745 0.155514
vt 0.254861 0.110919
vt 0.262250 0.108891
vt 0.279545 0.133652
vt 0.207704 0.147222
vt 0.210953 0.155103
vt 0.214633 0.146165
vt 0.218469 0.153808
vt 0.203569 0.155810
vt 0.198315 0.164599
vt 0.195858 0.155906
vt 0.289256 0.102186
vt 0.189616 0.164527
vt 0.183607 0.102273
vt 0.184193 0.097663
vt 0.177128 0.100893
vt 0.177665 0.096470
vt 0.199466 0.098918
vt 0.207054 0.097780
vt 0.197669 0.093871
vt 0.204118 0.092673
vt 0.178390 0.092508
vt 0.184635 0.093880
vt 0.174797 0.087190
vt 0.173314 0.090592
vt 0.180022 0.089380
vt 0.222304 0.067711
vt 0.221834 0.070631
vt 0.227193 0.067581
vt 0.226772 0.072882
vt 0.250331 0.072027
vt 0.247782 0.065556
vt 0.243557 0.072345
vt 0.240793 0.066051
vt 0.254208 0.065453
vt 0.256225 0.072159
vt 0.261193 0.066354
vt 0.262391 0.072575
vt 0.181922 0.109571
vt 0.182636 0.106676
vt 0.175823 0.107597
vt 0.176606 0.104963
vt 0.219765 0.077095
vt 0.218993 0.074171
vt 0.212646 0.074496
vt 0.213052 0.072509
vt 0.193481 0.118817
vt 0.200615 0.120214
vt 0.196578 0.116026
vt 0.204056 0.117190
vt 0.211442 0.106470
vt 0.213135 0.110608
vt 0.221022 0.104182
vt 0.223602 0.108081
vt 0.209420 0.102437
vt 0.218005 0.100360
vt 0.214115 0.095830
vt 0.209501 0.090761
vt 0.197700 0.124257
vt 0.192215 0.124161
vt 0.140227 0.079059
vt 0.143302 0.080538
vt 0.142776 0.077319
vt 0.145896 0.078706
vt 0.279117 0.086786
vt 0.281155 0.089645
vt 0.285469 0.085874
vt 0.287419 0.088637
vt 0.276698 0.083012
vt 0.283605 0.082108
vt 0.207340 0.050679
vt 0.209946 0.052517
vt 0.208524 0.049383
vt 0.211305 0.051226
vt 0.172258 0.094597
vt 0.171602 0.098874
vt 0.165401 0.096280
vt 0.167725 0.092137
vt 0.160732 0.091752
vt 0.163652 0.089507
vt 0.169342 0.107583
vt 0.169225 0.103930
vt 0.163067 0.105643
vt 0.162747 0.101906
vt 0.161993 0.111605
vt 0.161415 0.114802
vt 0.168181 0.113075
vt 0.166988 0.115762
vt 0.144282 0.103642
vt 0.143658 0.106843
vt 0.150563 0.105592
vt 0.149963 0.108426
vt 0.282785 0.092672
vt 0.289014 0.091516
vt 0.281173 0.067918
vt 0.281610 0.063452
vt 0.274451 0.067356
vt 0.274790 0.062858
vt 0.272169 0.087479
vt 0.274041 0.090644
vt 0.210827 0.047473
vt 0.213684 0.049337
vt 0.220902 0.093638
vt 0.214746 0.088456
vt 0.225676 0.098254
vt 0.228974 0.101800
vt 0.231927 0.105026
vt 0.160531 0.097102
vt 0.172446 0.102848
vt 0.175558 0.109659
vt 0.176239 0.123608
vt 0.176479 0.119170
vt 0.171624 0.122425
vt 0.171666 0.119047
vt 0.165664 0.127742
vt 0.165993 0.124358
vt 0.160142 0.126713
vt 0.160759 0.123597
vt 0.218430 0.080069
vt 0.211108 0.076573
vt 0.290593 0.085120
vt 0.292006 0.088130
vt 0.293268 0.090990
vt 0.198526 0.114208
vt 0.200236 0.111699
vt 0.189271 0.113086
vt 0.189917 0.111112
vt 0.200575 0.103939
vt 0.191567 0.103414
vt 0.191458 0.098535
vt 0.207814 0.114557
vt 0.209890 0.118934
vt 0.214365 0.116063
vt 0.205667 0.121823
vt 0.202186 0.124949
vt 0.215404 0.121515
vt 0.220092 0.118988
vt 0.210831 0.124219
vt 0.206903 0.126535
vt 0.285057 0.096842
vt 0.278221 0.098551
vt 0.275928 0.094201
vt 0.219214 0.112600
vt 0.229746 0.112367
vt 0.224726 0.115988
vt 0.235802 0.109239
vt 0.194820 0.086629
vt 0.190293 0.087653
vt 0.196393 0.090047
vt 0.190805 0.090772
vt 0.167037 0.083747
vt 0.165472 0.086741
vt 0.170827 0.085394
vt 0.169369 0.088628
vt 0.186969 0.119639
vt 0.186468 0.124557
vt 0.157220 0.093302
vt 0.214427 0.053546
vt 0.212806 0.054855
vt 0.219213 0.057552
vt 0.217367 0.059105
vt 0.154450 0.090668
vt 0.150724 0.087841
vt 0.150885 0.092009
vt 0.147314 0.088700
vt 0.144923 0.110588
vt 0.149875 0.111982
vt 0.237120 0.059701
vt 0.231085 0.062369
vt 0.233889 0.067125
vt 0.156526 0.107275
vt 0.155850 0.110096
vt 0.162598 0.108804
vt 0.154615 0.094975
vt 0.153624 0.097985
vt 0.157558 0.097335
vt 0.157979 0.100216
vt 0.285813 0.067897
vt 0.285682 0.063825
vt 0.287848 0.072580
vt 0.281352 0.072988
vt 0.144671 0.075561
vt 0.147812 0.076845
vt 0.146053 0.073746
vt 0.149425 0.074921
vt 0.203728 0.128431
vt 0.200173 0.128087
vt 0.291186 0.095305
vt 0.169029 0.110333
vt 0.235989 0.072890
vt 0.175313 0.111888
vt 0.268583 0.056309
vt 0.267241 0.053501
vt 0.265133 0.057109
vt 0.264414 0.053587
vt 0.144395 0.084112
vt 0.140323 0.082181
vt 0.141237 0.085667
vt 0.137436 0.083809
vt 0.160177 0.087335
vt 0.155888 0.084693
vt 0.157541 0.089302
vt 0.153529 0.086506
vt 0.157544 0.082389
vt 0.161866 0.084869
vt 0.219811 0.049480
vt 0.225420 0.053315
vt 0.222147 0.047864
vt 0.227623 0.051216
vt 0.269418 0.078448
vt 0.268720 0.072600
vt 0.263526 0.078608
vt 0.268135 0.066791
vt 0.267683 0.061268
vt 0.259869 0.060676
vt 0.274404 0.072767
vt 0.234217 0.054372
vt 0.231271 0.056201
vt 0.236680 0.055153
vt 0.174634 0.115065
vt 0.151487 0.078734
vt 0.153141 0.076673
vt 0.251774 0.094255
vt 0.250544 0.089706
vt 0.243658 0.096297
vt 0.241227 0.092462
vt 0.147201 0.082604
vt 0.149455 0.080777
vt 0.148676 0.115415
vt 0.144818 0.113303
vt 0.145989 0.118091
vt 0.143418 0.115000
vt 0.275007 0.078252
vt 0.282332 0.059846
vt 0.275820 0.059658
vt 0.264520 0.084076
vt 0.265324 0.088321
vt 0.270631 0.083613
vt 0.251643 0.058362
vt 0.257955 0.078485
vt 0.258967 0.084165
vt 0.259049 0.089107
vt 0.266603 0.091831
vt 0.259854 0.092953
vt 0.217040 0.051605
vt 0.216289 0.047232
vt 0.268479 0.095732
vt 0.271367 0.100160
vt 0.264519 0.101550
vt 0.261426 0.096899
vt 0.253016 0.084365
vt 0.246939 0.084805
vt 0.252234 0.078423
vt 0.245612 0.078543
vt 0.244778 0.059734
vt 0.127535 0.081350
vt 0.131542 0.083677
vt 0.129691 0.079997
vt 0.134102 0.082166
vt 0.218397 0.045831
vt 0.213243 0.045408
vt 0.237382 0.079066
vt 0.148872 0.095674
vt 0.236690 0.086489
vt 0.228218 0.078295
vt 0.226616 0.083167
vt 0.232944 0.095479
vt 0.227889 0.091112
vt 0.238727 0.102300
vt 0.236245 0.099031
vt 0.242187 0.106757
vt 0.220836 0.086365
vt 0.138541 0.075587
vt 0.135959 0.077288
vt 0.245798 0.099952
vt 0.249140 0.104578
vt 0.190942 0.094231
vt 0.181291 0.115703
vt 0.181557 0.113238
vt 0.181008 0.124271
vt 0.181301 0.119421
vt 0.257007 0.102905
vt 0.221963 0.126258
vt 0.216859 0.128611
vt 0.269267 0.107094
vt 0.140228 0.073786
vt 0.139653 0.103834
vt 0.139492 0.105340
vt 0.198661 0.085355
vt 0.201526 0.088898
vt 0.201443 0.083377
vt 0.205453 0.086928
vt 0.204503 0.080912
vt 0.209408 0.084534
vt 0.188583 0.114646
vt 0.187494 0.116688
vt 0.282173 0.077781
vt 0.288306 0.077256
vt 0.163483 0.082193
vt 0.221960 0.064752
vt 0.225585 0.063729
vt 0.220498 0.062085
vt 0.223037 0.060747
vt 0.222494 0.055620
vt 0.146228 0.093390
vt 0.147040 0.091693
vt 0.145061 0.091442
vt 0.231626 0.053100
vt 0.200777 0.108237
vt 0.190719 0.107887
vt 0.185431 0.091059
vt 0.185427 0.088598
vt 0.157539 0.103905
vt 0.137875 0.087402
vt 0.143174 0.090247
vt 0.242240 0.055093
vt 0.246951 0.053721
vt 0.152425 0.101988
vt 0.196429 0.128241
vt 0.204942 0.046760
vt 0.203814 0.048029
vt 0.227184 0.058961
vt 0.155409 0.113586
vt 0.252998 0.054000
vt 0.249093 0.052153
vt 0.285541 0.060874
vt 0.136436 0.104815
vt 0.251033 0.050176
vt 0.253718 0.098160
vt 0.137133 0.080714
vt 0.132973 0.078741
vt 0.214963 0.044033
vt 0.209475 0.042942
vt 0.210783 0.041715
vt 0.134596 0.085469
vt 0.207390 0.044933
vt 0.179689 0.129567
vt 0.172830 0.128409
vt 0.141342 0.071982
vt 0.289274 0.081366
vt 0.181721 0.111396
vt 0.211901 0.130689
vt 0.191980 0.128968
vt 0.186115 0.129677
vt 0.214168 0.082435
vt 0.207953 0.078625
vt 0.147489 0.100157
vt 0.271007 0.058385
vt 0.259290 0.056522
vt 0.259381 0.053251
vt 0.255126 0.052031
vt 0.159123 0.080072
vt 0.141408 0.116451
vt 0.141017 0.118558
vt 0.253543 0.050802
vt 0.204349 0.042713
vt 0.206415 0.040837
vt 0.201798 0.044478
vt 0.201115 0.045875
vt 0.136969 0.072387
vt 0.137587 0.070438
vt 0.207732 0.039722
vt 0.124474 0.079380
vt 0.126746 0.078225
vt 0.130071 0.077199
vt 0.205274 0.037914
vt 0.203331 0.038671
vt 0.198602 0.042089
vt 0.198173 0.040455
vt 0.195375 0.040773
vt 0.196327 0.039477
vt 0.194536 0.038075
vt 0.193173 0.039127
vt 0.198283 0.038242
vt 0.200003 0.039660
vt 0.200026 0.036936
vt 0.198094 0.035475
vt 0.196421 0.036786
vt 0.201232 0.038436
vt 0.201635 0.040850
vt 0.192095 0.037097
vt 0.193638 0.036888
vt 0.193360 0.034838
vt 0.194732 0.035665
vt 0.198575 0.043910
vt 0.195546 0.041843
vt 0.192733 0.039839
vt 0.191134 0.037158
vt 0.129978 0.067823
vt 0.125962 0.067285
vt 0.129299 0.069415
vt 0.125503 0.068691
vt 0.122223 0.067372
vt 0.122696 0.068706
vt 0.127955 0.070861
vt 0.124605 0.069862
vt 0.132503 0.072746
vt 0.133747 0.071022
vt 0.122872 0.069580
vt 0.134143 0.068988
vt 0.192707 0.034231
vt 0.201617 0.036193
vt 0.199190 0.034378
vt 0.202764 0.035867
vt 0.200146 0.034149
vt 0.196263 0.033776
vt 0.196209 0.034796
vt 0.135594 0.074260
vt 0.132990 0.075955
vt 0.130142 0.074450
vt 0.125964 0.072520
vt 0.127378 0.075739
vt 0.124183 0.076568
vt 0.121986 0.077561
vt 0.121413 0.074623
vt 0.119672 0.075286
vt 0.123712 0.073818
vt 0.119747 0.072609
vt 0.121434 0.072093
vt 0.123071 0.071059
vt 0.117928 0.072957
vt 0.117525 0.070669
vt 0.119262 0.070986
vt 0.120582 0.071072
vt 0.120352 0.069481
vt 0.121553 0.070239
vt 0.119075 0.068597
vt 0.196850 0.033308
vt 0.120924 0.092845
vt 0.125668 0.093918
vt 0.122437 0.090757
vt 0.127063 0.091808
vt 0.228007 0.039874
vt 0.229958 0.042452
vt 0.230150 0.039185
vt 0.232181 0.041768
vt 0.233884 0.037982
vt 0.236031 0.040648
vt 0.234052 0.044932
vt 0.231773 0.045560
vt 0.236141 0.050592
vt 0.233815 0.050934
vt 0.138678 0.100113
vt 0.135635 0.101278
vt 0.123564 0.088964
vt 0.127999 0.089917
vt 0.124812 0.087102
vt 0.129055 0.087843
vt 0.129421 0.097189
vt 0.123944 0.095836
vt 0.127464 0.098951
vt 0.122232 0.097669
vt 0.140828 0.098015
vt 0.141723 0.095510
vt 0.141229 0.093449
vt 0.242222 0.042404
vt 0.244893 0.048572
vt 0.245069 0.041579
vt 0.248013 0.047651
vt 0.132979 0.091203
vt 0.133768 0.088939
vt 0.131339 0.095339
vt 0.132400 0.093213
vt 0.238087 0.043972
vt 0.239991 0.038911
vt 0.116543 0.098550
vt 0.117750 0.096579
vt 0.110937 0.096957
vt 0.111910 0.095061
vt 0.242242 0.037806
vt 0.237446 0.036163
vt 0.116166 0.089279
vt 0.114488 0.091331
vt 0.117353 0.087562
vt 0.240615 0.049830
vt 0.125542 0.101112
vt 0.132529 0.103309
vt 0.227211 0.035622
vt 0.225149 0.036201
vt 0.119245 0.094746
vt 0.113202 0.093248
vt 0.239489 0.034892
vt 0.233884 0.032642
vt 0.235590 0.031400
vt 0.120804 0.099636
vt 0.230835 0.034466
vt 0.118656 0.085886
vt 0.140990 0.091208
vt 0.228069 0.031380
vt 0.230928 0.029725
vt 0.224718 0.032618
vt 0.223105 0.033503
vt 0.114111 0.084919
vt 0.113405 0.086642
vt 0.232460 0.028702
vt 0.106584 0.095498
vt 0.107782 0.093917
vt 0.109461 0.092280
vt 0.229696 0.026058
vt 0.227814 0.026597
vt 0.219188 0.027802
vt 0.220356 0.026658
vt 0.216767 0.025829
vt 0.218373 0.024916
vt 0.222172 0.029551
vt 0.222191 0.027729
vt 0.222440 0.025412
vt 0.224024 0.026965
vt 0.224456 0.024410
vt 0.222473 0.022431
vt 0.220443 0.023575
vt 0.225642 0.025970
vt 0.217243 0.023448
vt 0.215689 0.023375
vt 0.225619 0.028624
vt 0.221337 0.031095
vt 0.218805 0.028643
vt 0.216112 0.026215
vt 0.214787 0.023327
vt 0.105480 0.083106
vt 0.100714 0.083110
vt 0.105161 0.084881
vt 0.100826 0.084556
vt 0.096726 0.083970
vt 0.097745 0.085109
vt 0.104431 0.086639
vt 0.100426 0.086021
vt 0.109320 0.087682
vt 0.110015 0.085829
vt 0.098360 0.085910
vt 0.110113 0.083908
vt 0.216833 0.020567
vt 0.217377 0.021162
vt 0.218661 0.022147
vt 0.225973 0.023883
vt 0.223808 0.021586
vt 0.227214 0.023443
vt 0.224667 0.021156
vt 0.220579 0.020316
vt 0.220475 0.021276
vt 0.112454 0.088400
vt 0.111015 0.090390
vt 0.107946 0.089682
vt 0.103173 0.088561
vt 0.106368 0.091462
vt 0.104000 0.092822
vt 0.102380 0.094041
vt 0.099875 0.091388
vt 0.098269 0.092256
vt 0.101665 0.090183
vt 0.096709 0.089649
vt 0.098393 0.088895
vt 0.099625 0.087618
vt 0.095019 0.090081
vt 0.093436 0.087826
vt 0.095319 0.087961
vt 0.096890 0.087956
vt 0.095874 0.086307
vt 0.097514 0.086917
vt 0.094053 0.085614
vt 0.221246 0.020000
vt 0.121113 0.109046
vt 0.121440 0.111361
vt 0.124972 0.108928
vt 0.125513 0.111263
vt 0.251168 0.039312
vt 0.251812 0.041867
vt 0.252550 0.039107
vt 0.253491 0.041984
vt 0.255699 0.038524
vt 0.257121 0.041653
vt 0.252206 0.044585
vt 0.252988 0.048632
vt 0.254271 0.044817
vt 0.255362 0.048877
vt 0.120682 0.107010
vt 0.124531 0.106860
vt 0.120592 0.105201
vt 0.124478 0.104928
vt 0.130662 0.113082
vt 0.125643 0.113320
vt 0.130435 0.114742
vt 0.125539 0.115075
vt 0.137640 0.108624
vt 0.138949 0.110611
vt 0.135629 0.107129
vt 0.262534 0.044080
vt 0.263905 0.049266
vt 0.265447 0.043569
vt 0.266804 0.049291
vt 0.128573 0.106963
vt 0.128460 0.104860
vt 0.130324 0.111111
vt 0.129406 0.108980
vt 0.258211 0.044781
vt 0.261163 0.040826
vt 0.114026 0.117350
vt 0.120945 0.117442
vt 0.114368 0.115454
vt 0.121143 0.115291
vt 0.263729 0.040082
vt 0.259286 0.037601
vt 0.115248 0.109367
vt 0.115318 0.111547
vt 0.114938 0.107465
vt 0.259281 0.049288
vt 0.130191 0.117067
vt 0.137174 0.116454
vt 0.138276 0.114055
vt 0.250281 0.035235
vt 0.249183 0.035632
vt 0.121464 0.113501
vt 0.115044 0.113644
vt 0.261686 0.036999
vt 0.256326 0.033425
vt 0.258296 0.032713
vt 0.125518 0.117235
vt 0.253235 0.034573
vt 0.114691 0.105833
vt 0.134219 0.105062
vt 0.251211 0.031765
vt 0.254174 0.030558
vt 0.248289 0.032491
vt 0.247369 0.033068
vt 0.110401 0.106232
vt 0.110955 0.107816
vt 0.255891 0.029809
vt 0.109337 0.116965
vt 0.109870 0.115351
vt 0.111153 0.113568
vt 0.254157 0.027668
vt 0.252031 0.028017
vt 0.243557 0.028059
vt 0.244672 0.027380
vt 0.241843 0.026097
vt 0.243194 0.025594
vt 0.246330 0.029969
vt 0.246221 0.028544
vt 0.246880 0.026475
vt 0.248251 0.028121
vt 0.249413 0.025745
vt 0.247849 0.023950
vt 0.245411 0.024776
vt 0.250081 0.027329
vt 0.242709 0.024266
vt 0.241544 0.024116
vt 0.249499 0.029550
vt 0.245710 0.031036
vt 0.243451 0.028800
vt 0.241625 0.026536
vt 0.240772 0.024121
vt 0.103499 0.108155
vt 0.102599 0.106711
vt 0.099845 0.108634
vt 0.098632 0.107436
vt 0.095944 0.108800
vt 0.097707 0.109523
vt 0.104191 0.109671
vt 0.100608 0.109832
vt 0.107685 0.108005
vt 0.108401 0.109668
vt 0.098759 0.110106
vt 0.106877 0.106387
vt 0.243277 0.021834
vt 0.243528 0.022436
vt 0.244253 0.023439
vt 0.251197 0.025426
vt 0.249393 0.023365
vt 0.252209 0.025439
vt 0.250023 0.023355
vt 0.246701 0.022230
vt 0.246211 0.022990
vt 0.111511 0.109508
vt 0.111761 0.111517
vt 0.108642 0.111448
vt 0.104190 0.111437
vt 0.108146 0.113424
vt 0.106783 0.115077
vt 0.105841 0.116600
vt 0.102933 0.114643
vt 0.102040 0.115893
vt 0.103932 0.113238
vt 0.099422 0.113954
vt 0.100367 0.112845
vt 0.100712 0.111348
vt 0.098192 0.114828
vt 0.095587 0.113274
vt 0.097333 0.112840
vt 0.098575 0.112397
vt 0.096734 0.111093
vt 0.098480 0.111199
vt 0.094703 0.110999
vt 0.247344 0.022081
vt 0.139144 0.112541
vt 0.136916 0.104906
vt 0.135814 0.129141
vt 0.138549 0.127919
vt 0.134349 0.127754
vt 0.137093 0.126585
vt 0.271802 0.045399
vt 0.271730 0.047687
vt 0.273701 0.045251
vt 0.273744 0.047657
vt 0.277082 0.045147
vt 0.277280 0.047702
vt 0.271398 0.050308
vt 0.270530 0.054105
vt 0.273579 0.050467
vt 0.272750 0.054978
vt 0.153398 0.126089
vt 0.152829 0.123947
vt 0.149602 0.127074
vt 0.148361 0.125358
vt 0.132745 0.126427
vt 0.135434 0.125193
vt 0.131257 0.125020
vt 0.133820 0.123752
vt 0.144303 0.129372
vt 0.142920 0.127877
vt 0.140991 0.130903
vt 0.139788 0.129376
vt 0.151368 0.121869
vt 0.149405 0.119738
vt 0.146975 0.123741
vt 0.145541 0.122094
vt 0.143648 0.121210
vt 0.283379 0.050708
vt 0.281337 0.050679
vt 0.283714 0.055561
vt 0.281608 0.055850
vt 0.138566 0.123967
vt 0.136786 0.122472
vt 0.141612 0.126478
vt 0.140241 0.125075
vt 0.281010 0.047531
vt 0.277273 0.050770
vt 0.139177 0.133793
vt 0.138080 0.132233
vt 0.134784 0.135254
vt 0.134092 0.133807
vt 0.282980 0.047592
vt 0.280671 0.044862
vt 0.130655 0.129232
vt 0.132254 0.130629
vt 0.129272 0.127926
vt 0.276619 0.055821
vt 0.145685 0.131003
vt 0.150963 0.128705
vt 0.273121 0.042230
vt 0.271470 0.042483
vt 0.137014 0.130677
vt 0.133321 0.132244
vt 0.282540 0.044931
vt 0.279919 0.041591
vt 0.281620 0.041626
vt 0.142241 0.132513
vt 0.276374 0.042071
vt 0.127864 0.126702
vt 0.140524 0.120494
vt 0.275568 0.039560
vt 0.278978 0.038944
vt 0.272397 0.039909
vt 0.270928 0.040404
vt 0.125283 0.127817
vt 0.126868 0.128980
vt 0.280792 0.039043
vt 0.131058 0.136142
vt 0.130871 0.134727
vt 0.130539 0.133155
vt 0.277615 0.036493
vt 0.279521 0.036856
vt 0.268648 0.034115
vt 0.269545 0.035887
vt 0.269994 0.033949
vt 0.270814 0.035327
vt 0.271493 0.037688
vt 0.271968 0.036550
vt 0.273086 0.035027
vt 0.274005 0.036415
vt 0.275648 0.034348
vt 0.272285 0.033459
vt 0.274726 0.032746
vt 0.275908 0.035727
vt 0.269874 0.032693
vt 0.268880 0.032209
vt 0.274686 0.037639
vt 0.270353 0.038543
vt 0.269091 0.036450
vt 0.268127 0.034189
vt 0.268673 0.032103
vt 0.121398 0.130718
vt 0.119988 0.129921
vt 0.118637 0.132020
vt 0.117224 0.131396
vt 0.115681 0.133038
vt 0.117276 0.133288
vt 0.122913 0.131637
vt 0.120004 0.132661
vt 0.124409 0.129652
vt 0.126078 0.130740
vt 0.118474 0.133397
vt 0.122896 0.128747
vt 0.271227 0.030992
vt 0.270985 0.030689
vt 0.271694 0.032139
vt 0.277416 0.034101
vt 0.276088 0.032138
vt 0.278241 0.034608
vt 0.276615 0.032197
vt 0.273990 0.030968
vt 0.273596 0.031800
vt 0.128291 0.130149
vt 0.129568 0.131493
vt 0.127393 0.132175
vt 0.124176 0.132922
vt 0.128040 0.133842
vt 0.128127 0.135407
vt 0.127685 0.136887
vt 0.124440 0.136007
vt 0.124049 0.137264
vt 0.124605 0.134531
vt 0.120754 0.136034
vt 0.121054 0.134871
vt 0.120832 0.133635
vt 0.120066 0.137049
vt 0.117199 0.136150
vt 0.118262 0.135419
vt 0.119080 0.134849
vt 0.117219 0.134467
vt 0.118619 0.134107
vt 0.115708 0.134763
vt 0.274135 0.030600
vt 0.153896 0.127664
vt 0.204845 0.072851
vt 0.206998 0.071184
vt 0.184331 0.085355
vt 0.188048 0.084158
vt 0.191685 0.082745
vt 0.196483 0.079355
vt 0.194258 0.081125
vt 0.214023 0.070672
vt 0.208910 0.069498
vt 0.210935 0.068230
vt 0.202186 0.074808
vt 0.199244 0.077107
vt 0.197298 0.071469
vt 0.194233 0.073601
vt 0.191703 0.075930
vt 0.190070 0.078197
vt 0.188385 0.080234
vt 0.200579 0.069843
vt 0.203466 0.068597
vt 0.206398 0.067186
vt 0.191862 0.067650
vt 0.196446 0.067174
vt 0.183331 0.071388
vt 0.184057 0.069683
vt 0.180912 0.069985
vt 0.182083 0.068446
vt 0.186684 0.072493
vt 0.185826 0.070295
vt 0.187199 0.068661
vt 0.185587 0.067617
vt 0.188690 0.067159
vt 0.187747 0.065908
vt 0.183417 0.066256
vt 0.180449 0.067163
vt 0.181221 0.065105
vt 0.178985 0.068165
vt 0.189466 0.070172
vt 0.186184 0.075501
vt 0.182625 0.073334
vt 0.179564 0.071428
vt 0.177073 0.069593
vt 0.180995 0.075292
vt 0.177652 0.072977
vt 0.175466 0.071161
vt 0.178655 0.076992
vt 0.175697 0.074147
vt 0.185170 0.078028
vt 0.183076 0.080103
vt 0.174420 0.072348
vt 0.174586 0.067756
vt 0.177351 0.065863
vt 0.190079 0.065149
vt 0.185832 0.064784
vt 0.187846 0.063669
vt 0.193028 0.064634
vt 0.190150 0.062723
vt 0.185270 0.062708
vt 0.183986 0.063998
vt 0.182431 0.062685
vt 0.185888 0.082047
vt 0.208957 0.066201
vt 0.182461 0.083432
vt 0.179522 0.081668
vt 0.175462 0.078422
vt 0.206146 0.064368
vt 0.203351 0.065225
vt 0.199856 0.066401
vt 0.195818 0.063761
vt 0.198818 0.062613
vt 0.192413 0.061798
vt 0.194591 0.060742
vt 0.201095 0.061709
vt 0.195672 0.059964
vt 0.187515 0.061316
vt 0.190033 0.060402
vt 0.188737 0.059673
vt 0.191838 0.059429
vt 0.192064 0.059934
vt 0.185346 0.060586
vt 0.173085 0.074729
vt 0.172694 0.072018
vt 0.173172 0.069949
vt 0.156470 0.126050
vt 0.156618 0.123371
vt 0.155644 0.120779
vt 0.160535 0.120879
vt 0.166151 0.121581
vt 0.170453 0.124977
vt 0.166280 0.118571
vt 0.160446 0.117981
vt 0.153866 0.117473
vt 0.171143 0.116580
vt 0.283520 0.058350
vt 0.217591 0.071955
vt 0.474618 0.197755
vt 0.476584 0.197325
vt 0.474303 0.200366
vt 0.472750 0.200241
vt 0.478151 0.200321
vt 0.476036 0.200469
vt 0.479077 0.197114
vt 0.481639 0.197371
vt 0.484702 0.198988
vt 0.485369 0.199447
vt 0.484926 0.199782
vt 0.483872 0.199796
vt 0.482089 0.200048
vt 0.470920 0.199221
vt 0.471724 0.198745
vt 0.473034 0.198231
vt 0.480159 0.200202
vt 0.471510 0.200003
vt 0.470829 0.199680
vt 0.483581 0.198031
vt 0.478241 0.199349
vt 0.476168 0.199434
vt 0.478517 0.198187
vt 0.480810 0.198269
vt 0.483199 0.199377
vt 0.482020 0.199345
vt 0.474438 0.199508
vt 0.480272 0.199309
vt 0.476289 0.198339
vt 0.482598 0.198598
vt 0.483532 0.199005
vt 0.471390 0.199295
vt 0.471373 0.199474
vt 0.488980 0.319367
vt 0.488862 0.327948
vt 0.474497 0.198625
vt 0.472035 0.199521
vt 0.473075 0.199537
vt 0.473090 0.198885
vt 0.472058 0.199117
vt 0.314234 0.281528
vt 0.322490 0.278284
vt 0.351747 0.265390
vt 0.197459 0.284186
vt 0.184713 0.280601
vt 0.456906 0.463247
vt 0.289588 0.437772
vt 0.286272 0.428704
vt 0.250309 0.438284
vt 0.237927 0.439623
vt 0.373717 0.444703
vt 0.371954 0.434981
vt 0.422520 0.450969
vt 0.420885 0.440227
vt 0.392086 0.456939
vt 0.282734 0.454480
vt 0.279594 0.446056
vt 0.269839 0.454810
vt 0.266676 0.446336
vt 0.225893 0.441775
vt 0.229445 0.449252
vt 0.333795 0.422533
vt 0.352203 0.423640
vt 0.283598 0.419769
vt 0.299380 0.420502
vt 0.268683 0.419174
vt 0.254041 0.419417
vt 0.449676 0.420770
vt 0.435260 0.430422
vt 0.370691 0.424929
vt 0.483650 0.432032
vt 0.233211 0.412418
vt 0.218964 0.416648
vt 0.316164 0.421361
vt 0.465815 0.349286
vt 0.466314 0.357025
vt 0.477992 0.350442
vt 0.478200 0.358397
vt 0.454826 0.356343
vt 0.443540 0.355874
vt 0.432726 0.355567
vt 0.412776 0.355584
vt 0.403632 0.355866
vt 0.394871 0.356377
vt 0.386018 0.357623
vt 0.376616 0.360919
vt 0.366170 0.365360
vt 0.350027 0.363307
vt 0.354893 0.369766
vt 0.371544 0.371779
vt 0.381316 0.367290
vt 0.390423 0.364169
vt 0.486497 0.389007
vt 0.488466 0.377993
vt 0.489600 0.311031
vt 0.222770 0.196875
vt 0.258458 0.131182
vt 0.407416 0.272368
vt 0.121045 0.380330
vt 0.125949 0.374035
vt 0.116425 0.385650
vt 0.122288 0.388701
vt 0.139383 0.351522
vt 0.135890 0.341498
vt 0.138332 0.361410
vt 0.135701 0.369713
vt 0.388122 0.416796
vt 0.145269 0.382500
vt 0.142474 0.372194
vt 0.145953 0.363403
vt 0.147628 0.353251
vt 0.146484 0.341260
vt 0.151987 0.335297
vt 0.169761 0.332539
vt 0.171981 0.328518
vt 0.174337 0.324342
vt 0.161491 0.323087
vt 0.164051 0.318870
vt 0.197457 0.296756
vt 0.203459 0.292582
vt 0.210994 0.290536
vt 0.219143 0.290163
vt 0.227173 0.291869
vt 0.234663 0.295652
vt 0.240722 0.301868
vt 0.252038 0.322841
vt 0.255125 0.331048
vt 0.266269 0.355342
vt 0.266563 0.361170
vt 0.266788 0.377762
vt 0.266197 0.385775
vt 0.265100 0.394123
vt 0.271624 0.495143
vt 0.285506 0.494814
vt 0.272741 0.487888
vt 0.286536 0.487459
vt 0.246689 0.473109
vt 0.232770 0.473226
vt 0.332134 0.489039
vt 0.349342 0.491383
vt 0.301084 0.487311
vt 0.316115 0.487811
vt 0.366657 0.495171
vt 0.431417 0.514828
vt 0.447058 0.518530
vt 0.475653 0.523250
vt 0.488175 0.524639
vt 0.383191 0.500008
vt 0.461976 0.521307
vt 0.399150 0.505306
vt 0.415356 0.510413
vt 0.260012 0.472644
vt 0.259975 0.480849
vt 0.273104 0.480404
vt 0.191055 0.402163
vt 0.199470 0.395499
vt 0.207252 0.388604
vt 0.213929 0.381445
vt 0.219375 0.373995
vt 0.203789 0.378399
vt 0.208861 0.370912
vt 0.226709 0.358591
vt 0.228287 0.352148
vt 0.216801 0.355616
vt 0.218689 0.349327
vt 0.229350 0.346244
vt 0.230926 0.341170
vt 0.232196 0.335556
vt 0.232730 0.329125
vt 0.215497 0.326408
vt 0.214619 0.331892
vt 0.206851 0.352113
vt 0.203077 0.359474
vt 0.174274 0.395312
vt 0.167574 0.401935
vt 0.341362 0.371740
vt 0.326716 0.373142
vt 0.312823 0.373612
vt 0.300522 0.373577
vt 0.288598 0.372959
vt 0.277573 0.372540
vt 0.266854 0.371861
vt 0.266609 0.366572
vt 0.256403 0.370915
vt 0.257010 0.365253
vt 0.245666 0.369712
vt 0.234534 0.368403
vt 0.223641 0.366243
vt 0.213138 0.363256
vt 0.198619 0.367173
vt 0.193952 0.374663
vt 0.178965 0.377962
vt 0.170320 0.374133
vt 0.187986 0.381750
vt 0.197038 0.385507
vt 0.119088 0.347541
vt 0.118109 0.356200
vt 0.236674 0.307561
vt 0.238013 0.305106
vt 0.232824 0.305952
vt 0.233119 0.301289
vt 0.227035 0.298598
vt 0.221295 0.303471
vt 0.227237 0.304296
vt 0.220115 0.297319
vt 0.214920 0.303239
vt 0.213280 0.297423
vt 0.207107 0.298633
vt 0.202204 0.301190
vt 0.209309 0.303565
vt 0.205339 0.304038
vt 0.201441 0.317207
vt 0.202921 0.312196
vt 0.204487 0.307419
vt 0.232372 0.322453
vt 0.230156 0.315805
vt 0.228291 0.309838
vt 0.222287 0.309135
vt 0.223741 0.315084
vt 0.225158 0.321457
vt 0.181828 0.398824
vt 0.189420 0.392247
vt 0.220455 0.343792
vt 0.222214 0.339109
vt 0.224165 0.334144
vt 0.224671 0.328046
vt 0.213355 0.336593
vt 0.211420 0.341188
vt 0.209243 0.346288
vt 0.181191 0.388473
vt 0.174938 0.405201
vt 0.376446 0.312161
vt 0.380486 0.302899
vt 0.382186 0.293663
vt 0.382439 0.284295
vt 0.153248 0.311682
vt 0.150679 0.315879
vt 0.135746 0.329965
vt 0.140140 0.327189
vt 0.130334 0.331377
vt 0.116390 0.337168
vt 0.098408 0.375706
vt 0.259118 0.228785
vt 0.190656 0.422238
vt 0.183667 0.418177
vt 0.209916 0.438225
vt 0.204193 0.432288
vt 0.231729 0.456861
vt 0.232940 0.464843
vt 0.246158 0.464485
vt 0.216493 0.479154
vt 0.218715 0.472208
vt 0.219242 0.457494
vt 0.217506 0.450777
vt 0.207178 0.421680
vt 0.183187 0.408517
vt 0.161982 0.407599
vt 0.168948 0.410843
vt 0.155151 0.404466
vt 0.435936 0.369082
vt 0.434582 0.362457
vt 0.427252 0.368941
vt 0.425192 0.362302
vt 0.418960 0.368697
vt 0.416122 0.362201
vt 0.411001 0.368575
vt 0.407507 0.362290
vt 0.403109 0.369025
vt 0.399076 0.362827
vt 0.421005 0.375297
vt 0.428748 0.375647
vt 0.436880 0.375719
vt 0.406694 0.375051
vt 0.413693 0.374964
vt 0.495868 0.245135
vt 0.494909 0.250801
vt 0.498801 0.226538
vt 0.498735 0.228249
vt 0.490729 0.298256
vt 0.491178 0.292778
vt 0.489232 0.368536
vt 0.489673 0.352102
vt 0.489397 0.344272
vt 0.489075 0.336273
vt 0.490026 0.304120
vt 0.489601 0.360205
vt 0.273943 0.565548
vt 0.292061 0.561643
vt 0.282189 0.556430
vt 0.269221 0.559505
vt 0.306918 0.532220
vt 0.300223 0.541890
vt 0.311758 0.521713
vt 0.254577 0.560688
vt 0.238962 0.552776
vt 0.238910 0.559928
vt 0.294581 0.521415
vt 0.290379 0.531367
vt 0.276440 0.553715
vt 0.280282 0.548531
vt 0.292151 0.550289
vt 0.253952 0.554040
vt 0.266979 0.554328
vt 0.225828 0.500585
vt 0.244646 0.495020
vt 0.242205 0.502428
vt 0.300556 0.494583
vt 0.283958 0.502809
vt 0.184370 0.549878
vt 0.268086 0.547781
vt 0.254764 0.546658
vt 0.239646 0.544941
vt 0.245353 0.527805
vt 0.259947 0.529478
vt 0.249707 0.519429
vt 0.264347 0.520482
vt 0.281813 0.511607
vt 0.278822 0.521212
vt 0.253536 0.511033
vt 0.267669 0.511450
vt 0.269973 0.502952
vt 0.274795 0.530807
vt 0.241734 0.536483
vt 0.225143 0.534537
vt 0.207828 0.532218
vt 0.193852 0.521062
vt 0.190257 0.530337
vt 0.256454 0.502925
vt 0.258458 0.495224
vt 0.259488 0.488004
vt 0.259190 0.464011
vt 0.331981 0.679491
vt 0.286910 0.845485
vt 0.487112 0.670746
vt 0.491405 0.684814
vt 0.369641 0.560515
vt 0.322535 0.558967
vt 0.306323 0.553797
vt 0.467284 0.632686
vt 0.476969 0.646526
vt 0.389016 0.568250
vt 0.422375 0.598999
vt 0.483072 0.658656
vt 0.285457 0.540576
vt 0.271097 0.539907
vt 0.256810 0.538429
vt 0.222908 0.542838
vt 0.204752 0.540466
vt 0.187613 0.538830
vt 0.486793 0.598154
vt 0.489859 0.592557
vt 0.494742 0.593980
vt 0.494231 0.602909
vt 0.432470 0.524845
vt 0.448470 0.528829
vt 0.477057 0.534207
vt 0.489050 0.535689
vt 0.383117 0.508883
vt 0.463606 0.531981
vt 0.399032 0.514536
vt 0.415850 0.520026
vt 0.207172 0.496450
vt 0.202668 0.503801
vt 0.366038 0.255099
vt 0.071393 0.360817
vt 0.214326 0.444356
vt 0.167533 0.870535
vt 0.176771 0.872271
vt 0.180305 0.859188
vt 0.189275 0.861685
vt 0.208429 0.868831
vt 0.201269 0.865890
vt 0.096719 0.822996
vt 0.102655 0.827207
vt 0.105280 0.815027
vt 0.112650 0.818394
vt 0.118909 0.821901
vt 0.113374 0.835722
vt 0.121274 0.841832
vt 0.125007 0.825730
vt 0.133317 0.831439
vt 0.141175 0.839453
vt 0.128257 0.850399
vt 0.147885 0.846448
vt 0.156574 0.868750
vt 0.170074 0.856929
vt 0.198040 0.877452
vt 0.204532 0.881502
vt 0.213719 0.874016
vt 0.195360 0.863784
vt 0.190276 0.875444
vt 0.183297 0.873714
vt 0.168158 0.884035
vt 0.157672 0.882694
vt 0.191759 0.887021
vt 0.182727 0.885802
vt 0.089530 0.832901
vt 0.085000 0.827480
vt 0.107969 0.831299
vt 0.099676 0.843159
vt 0.094517 0.837976
vt 0.107206 0.849897
vt 0.115087 0.860130
vt 0.145846 0.881207
vt 0.199118 0.889757
vt 0.175518 0.885054
vt 0.021281 0.921465
vt 0.023608 0.919760
vt 0.020000 0.917634
vt 0.023017 0.917987
vt 0.048991 0.950141
vt 0.047104 0.945322
vt 0.037445 0.945907
vt 0.043512 0.943670
vt 0.058126 0.965991
vt 0.059394 0.964442
vt 0.055452 0.962580
vt 0.057873 0.962584
vt 0.104988 0.979785
vt 0.104127 0.978748
vt 0.100444 0.980000
vt 0.101681 0.978576
vt 0.084630 0.978650
vt 0.084639 0.977430
vt 0.080085 0.977332
vt 0.082394 0.976487
vt 0.044439 0.939885
vt 0.051502 0.942457
vt 0.050126 0.935168
vt 0.057763 0.937457
vt 0.059275 0.948004
vt 0.067356 0.945098
vt 0.056328 0.945146
vt 0.064054 0.941044
vt 0.060094 0.952588
vt 0.067700 0.950452
vt 0.037365 0.938187
vt 0.042863 0.933035
vt 0.025252 0.927214
vt 0.029762 0.929417
vt 0.031975 0.924021
vt 0.036506 0.926206
vt 0.032748 0.932190
vt 0.040202 0.929156
vt 0.057262 0.958411
vt 0.061134 0.960303
vt 0.064970 0.955433
vt 0.068838 0.957249
vt 0.070479 0.960626
vt 0.063799 0.963576
vt 0.033560 0.915071
vt 0.026281 0.916645
vt 0.034113 0.918747
vt 0.027320 0.919639
vt 0.069672 0.967966
vt 0.075650 0.965268
vt 0.066935 0.966214
vt 0.072141 0.963674
vt 0.078564 0.968244
vt 0.072147 0.970467
vt 0.023348 0.914089
vt 0.030075 0.912671
vt 0.026115 0.905544
vt 0.028889 0.907742
vt 0.031787 0.903755
vt 0.035113 0.906167
vt 0.029452 0.910188
vt 0.034995 0.909271
vt 0.080134 0.973736
vt 0.083995 0.974751
vt 0.083011 0.971403
vt 0.087892 0.971651
vt 0.087650 0.975790
vt 0.092390 0.972913
vt 0.036349 0.894179
vt 0.031313 0.896369
vt 0.038201 0.897265
vt 0.033441 0.898582
vt 0.033013 0.900756
vt 0.037629 0.900325
vt 0.101918 0.976467
vt 0.102727 0.973348
vt 0.098709 0.977464
vt 0.099066 0.974950
vt 0.105522 0.976510
vt 0.107430 0.973565
vt 0.052358 0.927587
vt 0.064103 0.932459
vt 0.050076 0.949669
vt 0.053466 0.950126
vt 0.071695 0.937757
vt 0.054489 0.952888
vt 0.075820 0.943115
vt 0.076347 0.951344
vt 0.066852 0.954449
vt 0.069577 0.953267
vt 0.026769 0.931545
vt 0.023263 0.931928
vt 0.071187 0.964017
vt 0.075148 0.962089
vt 0.081527 0.959891
vt 0.028680 0.933035
vt 0.044522 0.919986
vt 0.045810 0.931454
vt 0.042154 0.933341
vt 0.042556 0.910778
vt 0.064292 0.969691
vt 0.066941 0.969793
vt 0.035685 0.921751
vt 0.032446 0.923025
vt 0.068430 0.971084
vt 0.090322 0.966976
vt 0.079483 0.971793
vt 0.083826 0.970700
vt 0.022941 0.908945
vt 0.025775 0.909281
vt 0.094482 0.976022
vt 0.098707 0.975068
vt 0.102253 0.970822
vt 0.026175 0.910705
vt 0.042251 0.901981
vt 0.034605 0.911091
vt 0.033198 0.911547
vt 0.028093 0.899141
vt 0.030336 0.899747
vt 0.116796 0.973162
vt 0.112422 0.970971
vt 0.110953 0.974752
vt 0.030378 0.901214
vt 0.043699 0.895472
vt 0.035407 0.902166
vt 0.035938 0.902035
vt 0.067537 0.972566
vt 0.051769 0.954890
vt 0.027593 0.935488
vt 0.027994 0.902262
vt 0.023916 0.912252
vt 0.059308 0.957425
vt 0.064411 0.966737
vt 0.034491 0.935702
vt 0.026330 0.923515
vt 0.073259 0.972914
vt 0.089756 0.977502
vt 0.028867 0.912820
vt 0.108214 0.977562
vt 0.031931 0.903287
vt 0.041677 0.891472
vt 0.160968 0.854610
vt 0.146869 0.866533
vt 0.153760 0.851686
vt 0.134421 0.858284
vt 0.139640 0.863755
vt 0.134536 0.879061
vt 0.120725 0.869461
vt 0.126806 0.875650
vt 0.087286 0.846483
vt 0.093650 0.853914
vt 0.082105 0.840720
vt 0.073908 0.829459
vt 0.077546 0.835283
vt 0.125343 0.890385
vt 0.139357 0.892416
vt 0.116090 0.886484
vt 0.109209 0.878288
vt 0.086831 0.923664
vt 0.079895 0.917294
vt 0.073947 0.928124
vt 0.065959 0.922204
vt 0.059188 0.915297
vt 0.074058 0.909880
vt 0.069278 0.902423
vt 0.055778 0.907232
vt 0.065379 0.895311
vt 0.053583 0.899335
vt 0.060995 0.888847
vt 0.051233 0.892654
vt 0.055925 0.884084
vt 0.047735 0.887902
vt 0.093184 0.929702
vt 0.081355 0.934074
vt 0.098246 0.936265
vt 0.086471 0.939779
vt 0.103227 0.942445
vt 0.090814 0.946928
vt 0.120475 0.967640
vt 0.125624 0.971285
vt 0.130566 0.963347
vt 0.135951 0.967157
vt 0.109957 0.949080
vt 0.097430 0.954116
vt 0.117405 0.954771
vt 0.105318 0.960113
vt 0.124546 0.959377
vt 0.113455 0.964219
vt 0.089741 0.903449
vt 0.096299 0.911311
vt 0.084432 0.895856
vt 0.078687 0.888718
vt 0.071377 0.882752
vt 0.063874 0.879007
vt 0.076338 0.873348
vt 0.089713 0.876979
vt 0.066734 0.872360
vt 0.074549 0.863762
vt 0.066539 0.865372
vt 0.052945 0.853248
vt 0.060898 0.858478
vt 0.061446 0.849580
vt 0.068422 0.855656
vt 0.086934 0.864157
vt 0.080509 0.854260
vt 0.074410 0.847283
vt 0.047584 0.848253
vt 0.056540 0.844813
vt 0.043636 0.842433
vt 0.053039 0.839306
vt 0.049201 0.832174
vt 0.039263 0.835482
vt 0.194362 0.918027
vt 0.206130 0.919315
vt 0.193644 0.911302
vt 0.205559 0.911932
vt 0.065828 0.837060
vt 0.069579 0.842166
vt 0.062924 0.830976
vt 0.201676 0.903508
vt 0.190978 0.903027
vt 0.179745 0.902809
vt 0.181130 0.911119
vt 0.181947 0.917194
vt 0.103007 0.919201
vt 0.108079 0.924989
vt 0.097987 0.887306
vt 0.104461 0.895599
vt 0.115406 0.902424
vt 0.120523 0.914278
vt 0.125117 0.921534
vt 0.140453 0.919453
vt 0.137184 0.912474
vt 0.112496 0.930992
vt 0.128715 0.926974
vt 0.143417 0.924363
vt 0.153582 0.917866
vt 0.151105 0.911485
vt 0.164072 0.917079
vt 0.162419 0.910898
vt 0.171386 0.910818
vt 0.172608 0.916892
vt 0.162426 0.902436
vt 0.170801 0.902307
vt 0.150526 0.902791
vt 0.135562 0.902676
vt 0.142248 0.958259
vt 0.147672 0.962246
vt 0.153984 0.952934
vt 0.158367 0.956300
vt 0.166357 0.948499
vt 0.169740 0.951658
vt 0.179245 0.944616
vt 0.183108 0.948440
vt 0.189085 0.940347
vt 0.194353 0.944079
vt 0.201763 0.939039
vt 0.194972 0.936555
vt 0.197627 0.925932
vt 0.198635 0.931886
vt 0.204562 0.924203
vt 0.206042 0.932494
vt 0.191216 0.922084
vt 0.182007 0.921717
vt 0.174327 0.921937
vt 0.166283 0.922188
vt 0.156360 0.922806
vt 0.152723 0.893411
vt 0.164117 0.893812
vt 0.171926 0.894125
vt 0.179688 0.894441
vt 0.189648 0.895179
vt 0.198188 0.896973
vt 0.117581 0.937054
vt 0.124130 0.943620
vt 0.131015 0.949463
vt 0.137093 0.954241
vt 0.149936 0.949334
vt 0.145027 0.944631
vt 0.138998 0.938601
vt 0.133011 0.932378
vt 0.162329 0.944788
vt 0.157905 0.940486
vt 0.152912 0.934889
vt 0.147417 0.929424
vt 0.160118 0.927221
vt 0.165241 0.931741
vt 0.169575 0.936594
vt 0.174369 0.940548
vt 0.183633 0.936980
vt 0.178621 0.933584
vt 0.174219 0.929474
vt 0.169891 0.926034
vt 0.188946 0.934157
vt 0.192149 0.931122
vt 0.192563 0.927466
vt 0.189031 0.924858
vt 0.182756 0.924822
vt 0.176523 0.925302
vt 0.179847 0.928300
vt 0.184258 0.927380
vt 0.183830 0.931679
vt 0.187504 0.929862
vt 0.189286 0.928073
vt 0.187706 0.926836
vt 0.101749 0.866975
vt 0.091738 0.371897
vt 0.128575 0.391855
vt 0.272447 0.746713
vt 0.281467 0.750516
vt 0.264105 0.741772
vt 0.408949 0.576689
vt 0.440752 0.462228
vt 0.436723 0.441131
vt 0.438745 0.451770
vt 0.403668 0.591221
vt 0.388125 0.426743
vt 0.185470 0.545870
vt 0.148274 0.401291
vt 0.422480 0.355431
vt 0.198107 0.512064
vt 0.427784 0.204016
vt 0.427775 0.207073
vt 0.428095 0.205559
vt 0.426343 0.208022
vt 0.424892 0.208683
vt 0.423726 0.209010
vt 0.426470 0.206641
vt 0.424467 0.206283
vt 0.425310 0.205637
vt 0.426844 0.205750
vt 0.219611 0.464694
vt 0.197603 0.426924
vt 0.176329 0.414371
vt 0.304903 0.144724
vt 0.302300 0.135076
vt 0.158681 0.192012
vt 0.151335 0.201768
vt 0.197826 0.139664
vt 0.193383 0.147392
vt 0.201645 0.132923
vt 0.295522 0.094264
vt 0.306909 0.154784
vt 0.299662 0.125881

f 2/1 3/2 1/3
f 1/3 3/2 4/4
f 3/2 2/1 5/5
f 5/5 2/1 6/6
f 3/2 7/7 4/4
f 4/4 7/7 8/8
f 10/9 11/10 9/11
f 9/11 11/10 12/12
f 14/13 15/14 13/15
f 13/15 15/14 16/16
f 18/17 19/18 17/19
f 17/19 19/18 20/20
f 22/21 23/22 21/23
f 21/23 23/22 24/24
f 26/25 18/17 25/26
f 25/26 18/17 17/19
f 27/27 28/28 17/19
f 17/19 28/28 25/26
f 30/29 31/30 29/31
f 29/31 31/30 32/32
f 34/33 35/34 33/35
f 33/35 35/34 36/36
f 21/23 24/24 37/37
f 37/37 24/24 38/38
f 40/39 31/30 39/40
f 39/40 31/30 38/38
f 34/33 33/35 28/28
f 28/28 33/35 25/26
f 41/41 42/42 44/43
f 44/43 42/42 43/44
f 36/36 45/45 33/35
f 33/35 45/45 25/26
f 46/46 47/47 49/48
f 49/48 47/47 48/49
f 51/50 52/51 50/52
f 50/52 52/51 53/53
f 55/54 53/53 54/55
f 54/55 53/53 52/51
f 57/56 58/57 56/58
f 56/58 58/57 59/59
f 61/60 62/61 60/62
f 60/62 62/61 63/63
f 65/64 66/65 64/66
f 64/66 66/65 67/67
f 69/68 70/69 68/70
f 68/70 70/69 71/71
f 65/64 73/72 72/73
f 72/73 73/72 74/74
f 64/66 75/75 65/64
f 65/64 75/75 73/72
f 77/76 78/77 76/78
f 76/78 78/77 79/79
f 80/80 81/81 83/82
f 83/82 81/81 82/83
f 81/81 85/84 84/85
f 84/85 85/84 86/86
f 88/87 89/88 87/89
f 87/89 89/88 69/68
f 88/87 87/89 90/90
f 90/90 87/89 91/91
f 93/92 94/93 92/94
f 92/94 94/93 95/95
f 96/96 84/85 43/44
f 43/44 84/85 44/43
f 51/50 98/97 97/98
f 97/98 98/97 86/86
f 97/98 99/99 51/50
f 51/50 99/99 52/51
f 54/55 52/51 100/100
f 100/100 52/51 99/99
f 58/57 101/101 59/59
f 59/59 101/101 102/102
f 62/61 103/103 63/63
f 63/63 103/103 104/104
f 105/105 106/106 6/6
f 6/6 106/106 5/5
f 108/107 109/108 107/109
f 107/109 109/108 110/110
f 112/111 113/112 111/113
f 111/113 113/112 114/114
f 116/115 117/116 115/117
f 115/117 117/116 118/118
f 120/119 121/120 119/121
f 119/121 121/120 122/122
f 124/123 125/124 123/125
f 123/125 125/124 126/126
f 128/127 129/128 127/129
f 127/129 129/128 130/130
f 130/130 131/131 127/129
f 127/129 131/131 132/132
f 134/133 1/3 133/134
f 133/134 1/3 135/135
f 1/3 4/4 135/135
f 135/135 4/4 136/136
f 4/4 8/8 136/136
f 136/136 8/8 137/137
f 138/138 139/139 15/14
f 15/14 139/139 140/140
f 140/140 139/139 141/141
f 141/141 139/139 142/142
f 144/143 57/56 143/144
f 143/144 57/56 56/58
f 145/145 146/146 141/141
f 141/141 146/146 147/147
f 146/146 149/148 148/149
f 148/149 149/148 150/150
f 152/151 153/152 151/153
f 151/153 153/152 154/154
f 141/141 147/147 140/140
f 140/140 147/147 155/155
f 157/156 11/10 156/157
f 156/157 11/10 158/158
f 160/159 161/160 159/161
f 159/161 161/160 162/162
f 164/163 165/164 163/165
f 163/165 165/164 166/166
f 165/164 160/159 166/166
f 166/166 160/159 159/161
f 168/167 169/168 167/169
f 167/169 169/168 170/170
f 169/168 171/171 170/170
f 170/170 171/171 172/172
f 149/148 173/173 150/150
f 150/150 173/173 174/174
f 175/175 176/176 149/148
f 149/148 176/176 173/173
f 178/177 172/172 177/178
f 177/178 172/172 171/171
f 180/179 181/180 179/181
f 179/181 181/180 182/182
f 184/183 180/179 183/184
f 183/184 180/179 179/181
f 186/185 187/186 185/187
f 185/187 187/186 188/188
f 190/189 191/190 189/191
f 189/191 191/190 192/192
f 7/7 193/193 8/8
f 8/8 193/193 194/194
f 196/195 162/162 195/196
f 195/196 162/162 161/160
f 197/197 168/167 198/198
f 198/198 168/167 167/169
f 181/180 199/199 182/182
f 182/182 199/199 200/200
f 202/201 203/202 201/203
f 201/203 203/202 204/204
f 187/186 186/185 205/205
f 205/205 186/185 206/206
f 208/207 209/208 207/209
f 207/209 209/208 210/210
f 212/211 213/212 211/213
f 211/213 213/212 214/214
f 215/215 216/216 218/217
f 218/217 216/216 217/218
f 220/219 209/208 219/220
f 219/220 209/208 208/207
f 204/204 186/185 221/221
f 221/221 186/185 185/187
f 201/203 204/204 222/222
f 222/222 204/204 221/221
f 223/223 211/213 220/219
f 220/219 211/213 209/208
f 224/224 225/225 214/214
f 214/214 225/225 210/210
f 203/202 206/206 204/204
f 204/204 206/206 186/185
f 227/226 187/186 226/227
f 226/227 187/186 205/205
f 27/27 228/228 21/23
f 21/23 228/228 22/21
f 230/229 231/230 229/231
f 229/231 231/230 232/232
f 234/233 235/234 233/235
f 233/235 235/234 236/236
f 238/237 239/238 237/239
f 237/239 239/238 240/240
f 119/121 122/122 118/118
f 118/118 122/122 115/117
f 112/111 242/241 241/242
f 241/242 242/241 243/243
f 98/97 51/50 244/244
f 244/244 51/50 50/52
f 245/245 138/138 14/13
f 14/13 138/138 15/14
f 11/10 10/9 158/158
f 158/158 10/9 246/246
f 89/88 85/84 69/68
f 69/68 85/84 70/69
f 11/10 157/156 12/12
f 12/12 157/156 247/247
f 249/248 164/163 248/249
f 248/249 164/163 163/165
f 177/178 250/250 178/177
f 178/177 250/250 251/251
f 253/252 254/253 252/254
f 252/254 254/253 255/255
f 187/186 227/226 188/188
f 188/188 227/226 256/256
f 212/211 257/257 213/212
f 213/212 257/257 258/258
f 260/259 134/133 259/260
f 259/260 134/133 133/134
f 165/164 164/163 135/135
f 135/135 164/163 133/134
f 160/159 165/164 136/136
f 136/136 165/164 135/135
f 136/136 137/137 160/159
f 160/159 137/137 161/160
f 137/137 261/261 161/160
f 161/160 261/261 195/196
f 263/262 264/263 262/264
f 262/264 264/263 265/265
f 13/15 16/16 266/266
f 266/266 16/16 267/267
f 268/268 267/267 155/155
f 155/155 267/267 16/16
f 147/147 269/269 155/155
f 155/155 269/269 268/268
f 162/162 196/195 167/169
f 167/169 196/195 198/198
f 167/169 170/170 162/162
f 162/162 170/170 159/161
f 170/170 172/172 159/161
f 159/161 172/172 166/166
f 172/172 178/177 166/166
f 166/166 178/177 163/165
f 178/177 251/251 163/165
f 163/165 251/251 248/249
f 168/167 270/270 169/168
f 169/168 270/270 271/271
f 272/272 273/273 171/171
f 171/171 273/273 177/178
f 271/271 272/272 169/168
f 169/168 272/272 171/171
f 168/167 197/197 270/270
f 270/270 197/197 274/274
f 250/250 177/178 275/275
f 275/275 177/178 273/273
f 277/276 45/45 276/277
f 276/277 45/45 278/278
f 280/279 281/280 279/281
f 279/281 281/280 282/282
f 284/283 104/104 283/284
f 283/284 104/104 103/103
f 285/285 215/215 286/286
f 286/286 215/215 218/217
f 288/287 289/288 287/289
f 287/289 289/288 290/290
f 291/291 80/80 66/65
f 66/65 80/80 83/82
f 293/292 294/293 292/294
f 292/294 294/293 295/295
f 73/72 91/91 74/74
f 74/74 91/91 87/89
f 91/91 73/72 92/94
f 92/94 73/72 75/75
f 279/281 77/76 280/279
f 280/279 77/76 76/78
f 80/80 291/291 70/69
f 70/69 291/291 71/71
f 277/276 47/47 96/96
f 96/96 47/47 82/83
f 297/296 175/175 296/297
f 296/297 175/175 149/148
f 299/298 154/154 298/299
f 298/299 154/154 153/152
f 225/225 300/300 210/210
f 210/210 300/300 207/209
f 224/224 301/301 206/206
f 206/206 301/301 205/205
f 210/210 209/208 214/214
f 214/214 209/208 211/213
f 226/227 205/205 302/302
f 302/302 205/205 301/301
f 304/303 305/304 303/305
f 303/305 305/304 306/306
f 308/307 309/308 307/309
f 307/309 309/308 310/310
f 72/73 291/291 65/64
f 65/64 291/291 66/65
f 66/65 83/82 67/67
f 67/67 83/82 46/46
f 312/311 313/312 311/313
f 311/313 313/312 314/314
f 316/315 317/316 315/317
f 315/317 317/316 36/36
f 29/31 318/318 35/34
f 35/34 318/318 319/319
f 321/320 32/32 320/321
f 320/321 32/32 322/322
f 311/313 314/314 323/323
f 323/323 314/314 324/324
f 315/317 325/325 316/315
f 316/315 325/325 326/326
f 318/318 287/289 319/319
f 319/319 287/289 290/290
f 328/327 321/320 327/328
f 327/328 321/320 320/321
f 329/329 330/330 39/40
f 39/40 330/330 331/331
f 332/332 333/333 40/39
f 40/39 333/333 322/322
f 309/308 334/334 285/285
f 285/285 334/334 335/335
f 236/236 2/1 134/133
f 134/133 2/1 1/3
f 260/259 336/336 233/235
f 233/235 336/336 337/337
f 237/239 14/13 265/265
f 265/265 14/13 13/15
f 84/85 86/86 44/43
f 44/43 86/86 98/97
f 189/191 192/192 7/7
f 7/7 192/192 193/193
f 44/43 98/97 41/41
f 41/41 98/97 244/244
f 237/239 240/240 14/13
f 14/13 240/240 245/245
f 7/7 3/2 189/191
f 189/191 3/2 5/5
f 338/338 71/71 72/73
f 72/73 71/71 291/291
f 262/264 265/265 266/266
f 266/266 265/265 13/15
f 124/123 123/125 339/339
f 339/339 123/125 105/105
f 123/125 109/108 105/105
f 105/105 109/108 106/106
f 189/191 5/5 190/189
f 190/189 5/5 106/106
f 111/113 114/114 12/12
f 12/12 114/114 9/11
f 264/263 340/340 265/265
f 265/265 340/340 237/239
f 342/341 343/342 341/343
f 341/343 343/342 344/344
f 6/6 235/234 105/105
f 105/105 235/234 339/339
f 234/233 346/345 345/346
f 345/346 346/345 347/347
f 349/348 350/349 348/350
f 348/350 350/349 351/351
f 107/109 352/352 108/107
f 108/107 352/352 353/353
f 355/354 356/355 354/356
f 354/356 356/355 357/357
f 237/239 340/340 238/237
f 238/237 340/340 358/358
f 12/12 247/247 111/113
f 111/113 247/247 359/359
f 264/263 263/262 116/115
f 116/115 263/262 360/360
f 361/361 362/362 222/222
f 222/222 362/362 201/203
f 364/363 365/364 363/365
f 363/365 365/364 366/366
f 368/367 369/368 367/369
f 367/369 369/368 370/370
f 372/371 373/372 371/373
f 371/373 373/372 374/374
f 375/375 376/376 372/371
f 372/371 376/376 377/377
f 378/378 379/379 381/380
f 381/380 379/379 380/381
f 382/382 383/383 269/269
f 269/269 383/383 268/268
f 150/150 174/174 365/364
f 365/364 174/174 384/384
f 380/381 377/377 381/380
f 381/380 377/377 376/376
f 271/271 270/270 180/179
f 180/179 270/270 181/180
f 273/273 272/272 252/254
f 252/254 272/272 184/183
f 272/272 271/271 184/183
f 184/183 271/271 180/179
f 181/180 270/270 274/274
f 252/254 255/255 273/273
f 273/273 255/255 275/275
f 254/253 385/385 255/255
f 255/255 385/385 386/386
f 387/387 388/388 179/181
f 179/181 388/388 183/184
f 389/389 387/387 182/182
f 182/182 387/387 179/181
f 182/182 200/200 389/389
f 389/389 200/200 390/390
f 388/388 391/391 183/184
f 183/184 391/391 253/252
f 391/391 392/392 253/252
f 253/252 392/392 254/253
f 394/393 379/379 393/394
f 393/394 379/379 378/378
f 185/187 188/188 395/395
f 395/395 188/188 396/396
f 221/221 185/187 397/397
f 397/397 185/187 395/395
f 222/222 221/221 398/398
f 398/398 221/221 397/397
f 188/188 256/256 396/396
f 396/396 256/256 399/399
f 400/400 401/401 256/256
f 256/256 401/401 399/399
f 402/402 403/403 405/404
f 405/404 403/403 404/405
f 148/149 150/150 364/363
f 364/363 150/150 365/364
f 393/394 406/406 394/393
f 394/393 406/406 407/407
f 158/158 246/246 393/394
f 393/394 246/246 406/406
f 342/341 19/18 238/237
f 238/237 19/18 239/238
f 23/22 22/21 350/349
f 350/349 22/21 354/356
f 244/244 50/52 245/245
f 245/245 50/52 138/138
f 55/54 142/142 53/53
f 53/53 142/142 139/139
f 145/145 144/143 296/297
f 296/297 144/143 143/144
f 355/354 228/228 341/343
f 341/343 228/228 20/20
f 41/41 240/240 42/42
f 42/42 240/240 239/238
f 283/284 308/307 284/283
f 284/283 308/307 307/309
f 349/348 409/408 408/409
f 408/409 409/408 410/410
f 244/244 245/245 41/41
f 41/41 245/245 240/240
f 268/268 383/383 406/406
f 406/406 383/383 407/407
f 346/345 411/411 349/348
f 349/348 411/411 409/408
f 251/251 412/412 248/249
f 248/249 412/412 413/413
f 275/275 414/414 250/250
f 250/250 414/414 415/415
f 25/26 45/45 26/25
f 26/25 45/45 277/276
f 43/44 26/25 96/96
f 96/96 26/25 277/276
f 416/416 417/417 61/60
f 61/60 417/417 62/61
f 329/329 24/24 408/409
f 408/409 24/24 23/22
f 31/30 40/39 32/32
f 32/32 40/39 322/322
f 39/40 38/38 329/329
f 329/329 38/38 24/24
f 37/37 38/38 30/29
f 30/29 38/38 31/30
f 418/418 419/419 421/420
f 421/420 419/419 420/421
f 78/77 295/295 79/79
f 79/79 295/295 294/293
f 124/123 339/339 422/422
f 422/422 339/339 345/346
f 232/232 131/131 357/357
f 357/357 131/131 351/351
f 2/1 236/236 6/6
f 6/6 236/236 235/234
f 252/254 184/183 253/252
f 253/252 184/183 183/184
f 227/226 423/423 256/256
f 256/256 423/423 400/400
f 423/423 227/226 305/304
f 305/304 227/226 226/227
f 424/424 258/258 425/425
f 425/425 258/258 257/257
f 426/426 427/427 212/428
f 212/428 427/427 257/429
f 259/260 133/134 249/248
f 249/248 133/134 164/163
f 419/419 418/418 428/430
f 428/430 418/418 429/431
f 327/328 430/432 328/327
f 328/327 430/432 288/287
f 49/48 431/433 46/46
f 46/46 431/433 67/67
f 306/306 302/302 424/424
f 424/424 302/302 258/258
f 313/312 432/434 314/314
f 314/314 432/434 433/435
f 32/32 321/320 29/31
f 29/31 321/320 318/318
f 324/324 314/314 433/435
f 287/289 318/318 328/327
f 328/327 318/318 321/320
f 134/133 260/259 236/236
f 236/236 260/259 233/235
f 345/346 339/339 234/233
f 234/233 339/339 235/234
f 357/357 351/351 354/356
f 354/356 351/351 350/349
f 408/409 23/22 349/348
f 349/348 23/22 350/349
f 317/316 278/278 36/36
f 36/36 278/278 45/45
f 432/434 313/312 429/431
f 429/431 313/312 428/430
f 435/436 428/430 434/437
f 434/437 428/430 313/312
f 42/42 239/238 18/17
f 18/17 239/238 19/18
f 43/44 42/42 26/25
f 26/25 42/42 18/17
f 121/120 120/119 436/438
f 436/438 120/119 437/439
f 302/302 301/301 258/258
f 258/258 301/301 213/212
f 110/110 109/108 126/126
f 126/126 109/108 123/125
f 238/237 358/358 342/341
f 342/341 358/358 343/342
f 341/343 20/20 342/341
f 342/341 20/20 19/18
f 322/322 438/440 320/321
f 320/321 438/440 439/441
f 320/321 439/441 327/328
f 327/328 439/441 430/432
f 333/333 440/442 322/322
f 322/322 440/442 438/440
f 289/288 288/287 323/323
f 323/323 288/287 430/432
f 115/117 340/340 116/115
f 116/115 340/340 264/263
f 146/146 145/145 149/148
f 149/148 145/145 296/297
f 15/14 140/140 16/16
f 16/16 140/140 155/155
f 441/443 442/444 152/151
f 152/151 442/444 153/152
f 225/225 224/224 203/202
f 203/202 224/224 206/206
f 175/175 297/296 154/154
f 154/154 297/296 151/153
f 293/292 443/445 294/293
f 294/293 443/445 444/446
f 248/249 413/413 249/248
f 249/248 413/413 445/447
f 446/448 447/449 400/400
f 400/400 447/449 401/401
f 388/388 387/387 396/396
f 396/396 387/387 395/395
f 387/387 389/389 395/395
f 395/395 389/389 397/397
f 391/391 388/388 399/399
f 399/399 388/388 396/396
f 401/401 392/392 399/399
f 399/399 392/392 391/391
f 255/255 386/386 275/275
f 275/275 386/386 414/414
f 449/450 450/451 448/452
f 448/452 450/451 451/453
f 335/335 452/454 285/285
f 285/285 452/454 215/215
f 453/455 298/299 442/444
f 442/444 298/299 153/152
f 211/213 223/223 212/211
f 212/428 223/456 426/426
f 425/457 257/429 454/458
f 454/458 257/429 427/427
f 266/266 10/9 262/264
f 262/264 10/9 9/11
f 360/360 113/112 456/459
f 456/459 113/112 455/460
f 8/8 194/194 137/137
f 137/137 194/194 261/261
f 10/9 266/266 246/246
f 246/246 266/266 267/267
f 203/202 202/201 225/225
f 225/225 202/201 300/300
f 262/264 9/11 263/262
f 263/262 9/11 114/114
f 108/107 353/353 190/189
f 190/189 353/353 191/190
f 389/389 390/390 397/397
f 397/397 390/390 398/398
f 457/461 422/422 128/127
f 128/127 422/422 129/128
f 156/157 158/158 378/378
f 378/378 158/158 393/394
f 347/347 346/345 348/350
f 348/350 346/345 349/348
f 447/449 458/462 401/401
f 401/401 458/462 392/392
f 364/363 382/382 148/149
f 148/149 382/382 269/269
f 55/54 54/55 57/56
f 57/56 54/55 58/57
f 75/75 64/66 459/463
f 459/463 64/66 460/464
f 100/100 90/90 101/101
f 101/101 90/90 95/95
f 101/101 58/57 100/100
f 100/100 58/57 54/55
f 142/142 55/54 144/143
f 144/143 55/54 57/56
f 147/147 146/146 269/269
f 269/269 146/146 148/149
f 459/463 93/92 75/75
f 75/75 93/92 92/94
f 144/143 145/145 142/142
f 142/142 145/145 141/141
f 228/228 27/27 20/20
f 20/20 27/27 17/19
f 154/154 299/298 175/175
f 175/175 299/298 176/176
f 214/214 213/212 224/224
f 224/224 213/212 301/301
f 424/424 461/465 306/306
f 306/306 461/465 303/305
f 285/285 286/286 309/308
f 309/308 286/286 310/310
f 462/466 334/334 308/307
f 308/307 334/334 309/308
f 302/302 306/306 226/227
f 226/227 306/306 305/304
f 37/37 28/28 21/23
f 21/23 28/28 27/27
f 29/31 35/34 30/29
f 30/29 35/34 34/33
f 30/29 34/33 37/37
f 37/37 34/33 28/28
f 344/344 436/438 356/355
f 356/355 436/438 229/231
f 325/325 290/290 326/326
f 326/326 290/290 289/288
f 311/313 439/441 312/311
f 312/311 439/441 438/440
f 35/34 319/319 36/36
f 36/36 319/319 315/317
f 439/441 311/313 430/432
f 430/432 311/313 323/323
f 315/317 319/319 325/325
f 325/325 319/319 290/290
f 440/442 463/467 438/440
f 438/440 463/467 312/311
f 341/343 344/344 355/354
f 355/354 344/344 356/355
f 360/360 456/459 116/115
f 116/115 456/459 117/116
f 354/356 22/21 355/354
f 355/354 22/21 228/228
f 326/326 289/288 324/324
f 324/324 289/288 323/323
f 74/74 87/89 68/70
f 68/70 87/89 69/68
f 50/52 53/53 138/138
f 138/138 53/53 139/139
f 268/268 406/406 267/267
f 267/267 406/406 246/246
f 190/189 106/106 108/107
f 108/107 106/106 109/108
f 241/242 455/460 112/111
f 112/111 455/460 113/112
f 358/358 122/122 343/342
f 343/342 122/122 121/120
f 129/128 347/347 130/130
f 130/130 347/347 348/350
f 348/350 351/351 130/130
f 130/130 351/351 131/131
f 229/231 232/232 356/355
f 356/355 232/232 357/357
f 340/340 115/117 358/358
f 358/358 115/117 122/122
f 111/113 359/359 112/111
f 112/111 359/359 242/241
f 125/124 124/123 457/461
f 457/461 124/123 422/422
f 231/230 132/132 232/232
f 232/232 132/132 131/131
f 343/342 121/120 344/344
f 344/344 121/120 436/438
f 263/262 114/114 360/360
f 360/360 114/114 113/112
f 347/347 129/128 345/346
f 345/346 129/128 422/422
f 230/229 229/231 437/439
f 437/439 229/231 436/438
f 464/468 446/448 423/423
f 423/423 446/448 400/400
f 465/469 466/470 468/471
f 468/471 466/470 467/472
f 470/473 471/474 469/475
f 469/475 471/474 472/476
f 469/475 472/476 373/372
f 373/372 472/476 374/374
f 474/477 469/475 473/478
f 473/478 469/475 373/372
f 471/474 475/479 472/476
f 472/476 475/479 476/480
f 472/476 477/481 374/374
f 374/374 477/481 478/482
f 477/481 472/476 476/480
f 479/483 480/484 476/480
f 476/480 480/484 477/481
f 473/478 373/372 377/377
f 377/377 373/372 372/371
f 481/485 482/486 479/483
f 479/483 482/486 480/484
f 483/487 484/488 481/485
f 481/485 484/488 482/486
f 403/403 402/402 485/489
f 485/489 402/402 486/490
f 487/491 488/492 483/487
f 483/487 488/492 484/488
f 487/491 489/493 488/492
f 488/492 489/493 490/494
f 489/493 491/495 490/494
f 490/494 491/495 492/496
f 491/495 493/497 492/496
f 492/496 493/497 494/498
f 493/497 495/499 494/498
f 494/498 495/499 496/500
f 497/501 498/502 481/485
f 481/485 498/502 483/487
f 484/488 499/503 482/486
f 482/486 499/503 367/369
f 370/370 480/484 367/369
f 367/369 480/484 482/486
f 480/484 370/370 477/481
f 477/481 370/370 478/482
f 500/504 497/501 479/483
f 479/483 497/501 481/485
f 451/453 473/478 380/381
f 380/381 473/478 377/377
f 448/452 451/453 379/379
f 379/379 451/453 380/381
f 501/505 502/506 504/507
f 504/507 502/506 503/508
f 449/450 505/509 507/510
f 507/510 505/509 506/511
f 486/490 508/512 505/509
f 505/509 508/512 506/511
f 508/512 509/513 506/511
f 506/511 509/513 510/514
f 511/515 507/510 510/514
f 510/514 507/510 506/511
f 509/513 508/512 512/516
f 512/516 508/512 513/517
f 515/518 509/513 514/519
f 514/519 509/513 512/516
f 509/513 515/518 510/514
f 510/514 515/518 516/520
f 510/514 516/520 511/515
f 511/515 516/520 517/521
f 486/490 505/509 485/489
f 485/489 505/509 518/522
f 505/509 449/450 518/522
f 518/522 449/450 448/452
f 383/383 382/382 403/403
f 403/403 382/382 404/405
f 363/365 404/405 364/363
f 364/363 404/405 382/382
f 403/403 485/489 383/383
f 383/383 485/489 407/407
f 519/523 520/524 361/361
f 361/361 520/524 362/362
f 522/525 496/500 521/526
f 521/526 496/500 495/499
f 450/451 474/477 451/453
f 451/453 474/477 473/478
f 363/365 366/366 523/527
f 523/527 366/366 524/528
f 525/529 499/503 488/492
f 488/492 499/503 484/488
f 488/492 490/494 525/529
f 525/529 490/494 526/530
f 496/500 522/525 520/524
f 520/524 522/525 527/531
f 494/498 496/500 519/523
f 519/523 496/500 520/524
f 492/496 494/498 528/532
f 528/532 494/498 519/523
f 529/533 530/534 495/499
f 495/499 530/534 521/526
f 490/494 492/496 526/530
f 526/530 492/496 528/532
f 529/533 495/499 531/535
f 531/535 495/499 493/497
f 533/536 534/537 532/538
f 532/538 534/537 535/539
f 523/527 524/528 533/536
f 533/536 524/528 534/537
f 486/490 402/402 532/538
f 532/538 402/402 533/536
f 529/533 536/540 530/534
f 530/534 536/540 537/541
f 536/540 538/542 537/541
f 537/541 538/542 539/543
f 540/544 541/545 539/543
f 539/543 541/545 537/541
f 530/534 537/541 535/539
f 535/539 537/541 541/545
f 542/546 539/543 543/547
f 543/547 539/543 538/542
f 539/543 542/546 540/544
f 540/544 542/546 544/548
f 541/545 540/544 513/517
f 513/517 540/544 512/516
f 540/544 544/548 512/516
f 512/516 544/548 514/519
f 546/549 547/550 545/551
f 545/551 547/550 548/552
f 549/553 550/554 531/535
f 531/535 550/554 551/555
f 550/554 549/553 552/556
f 552/556 549/553 553/557
f 546/549 550/554 554/558
f 554/558 550/554 552/556
f 547/550 546/549 555/559
f 555/559 546/549 554/558
f 498/502 556/560 558/561
f 558/561 556/560 557/562
f 559/563 557/562 560/564
f 560/564 557/562 556/560
f 561/565 562/566 560/564
f 560/564 562/566 559/563
f 557/562 559/563 552/556
f 552/556 559/563 554/558
f 559/563 562/566 554/558
f 554/558 562/566 555/559
f 558/561 557/562 553/557
f 553/557 557/562 552/556
f 475/479 471/474 563/567
f 563/567 471/474 564/568
f 565/569 563/567 567/570
f 567/570 563/567 566/571
f 471/474 470/473 564/568
f 564/568 470/473 466/470
f 564/568 466/470 568/572
f 568/572 466/470 465/469
f 568/572 465/469 569/573
f 569/573 465/469 570/574
f 572/575 573/576 571/577
f 571/577 573/576 574/578
f 569/573 575/579 567/570
f 567/570 575/579 576/580
f 577/581 565/569 576/580
f 576/580 565/569 567/570
f 578/582 579/583 581/584
f 581/584 579/583 580/585
f 575/579 561/565 576/580
f 576/580 561/565 560/564
f 556/560 577/581 560/564
f 560/564 577/581 576/580
f 577/581 556/560 497/501
f 497/501 556/560 498/502
f 565/569 577/581 500/504
f 500/504 577/581 497/501
f 563/567 565/569 475/479
f 475/479 565/569 500/504
f 553/557 489/493 558/561
f 558/561 489/493 487/491
f 531/535 493/497 549/553
f 549/553 493/497 491/495
f 489/493 553/557 491/495
f 491/495 553/557 549/553
f 394/393 407/407 518/522
f 518/522 407/407 485/489
f 518/522 448/452 394/393
f 394/393 448/452 379/379
f 545/551 548/552 538/542
f 538/542 548/552 543/547
f 551/555 545/551 536/540
f 536/540 545/551 538/542
f 536/540 529/533 551/555
f 551/555 529/533 531/535
f 507/510 582/586 449/450
f 449/450 582/586 450/451
f 511/515 583/587 507/510
f 507/510 583/587 582/586
f 511/515 517/521 583/587
f 583/587 517/521 584/588
f 585/589 586/590 588/591
f 588/591 586/590 587/592
f 590/593 591/594 589/595
f 589/595 591/594 592/596
f 591/594 590/593 593/597
f 593/597 590/593 594/598
f 596/599 597/600 595/601
f 595/601 597/600 598/602
f 599/603 600/604 602/605
f 602/605 600/604 601/606
f 604/607 605/608 603/609
f 603/609 605/608 606/610
f 608/611 609/612 607/613
f 607/613 609/612 610/614
f 612/615 613/616 611/617
f 611/617 613/616 614/618
f 615/619 616/620 618/621
f 618/621 616/620 617/622
f 620/623 621/624 619/625
f 619/625 621/624 622/626
f 624/627 625/628 623/629
f 623/629 625/628 626/630
f 628/631 629/632 627/633
f 627/633 629/632 630/634
f 632/635 633/636 631/637
f 631/637 633/636 634/638
f 635/639 636/640 638/641
f 638/641 636/640 637/642
f 639/643 640/644 642/645
f 642/645 640/644 641/646
f 644/647 645/648 643/649
f 643/649 645/648 646/650
f 619/625 622/626 647/651
f 647/651 622/626 648/652
f 650/653 651/654 649/655
f 649/655 651/654 652/656
f 601/606 653/657 602/605
f 602/605 653/657 654/658
f 656/659 657/660 655/661
f 655/661 657/660 658/662
f 660/663 661/664 659/665
f 659/665 661/664 662/666
f 664/667 665/668 663/669
f 663/669 665/668 666/670
f 593/597 594/598 667/671
f 667/671 594/598 668/672
f 669/673 670/674 672/675
f 672/675 670/674 671/676
f 673/677 674/678 676/679
f 676/679 674/678 675/680
f 633/636 632/635 677/681
f 677/681 632/635 678/682
f 663/669 666/670 679/683
f 679/683 666/670 680/684
f 681/685 682/686 684/687
f 684/687 682/686 683/688
f 686/689 687/690 685/691
f 685/691 687/690 688/692
f 690/693 661/664 689/694
f 689/694 661/664 691/695
f 693/696 686/689 692/697
f 692/697 686/689 685/691
f 695/698 597/600 694/699
f 694/699 597/600 668/672
f 594/598 696/700 668/672
f 668/672 696/700 694/699
f 697/701 698/702 696/700
f 696/700 698/702 699/703
f 700/704 701/705 697/701
f 697/701 701/705 698/702
f 702/706 585/589 703/707
f 703/707 585/589 588/591
f 671/676 690/693 672/675
f 672/675 690/693 689/694
f 640/644 639/643 704/708
f 704/708 639/643 705/709
f 679/683 706/710 663/669
f 663/669 706/710 658/662
f 708/711 709/712 707/713
f 707/713 709/712 710/714
f 711/715 712/716 610/614
f 610/614 712/716 607/613
f 713/717 714/718 716/719
f 716/719 714/718 715/720
f 717/721 718/722 720/723
f 720/723 718/722 719/724
f 722/725 634/638 721/726
f 721/726 634/638 633/636
f 724/727 725/728 723/729
f 723/729 725/728 726/730
f 728/731 729/732 727/733
f 727/733 729/732 730/734
f 732/735 733/736 731/737
f 731/737 733/736 734/738
f 707/713 710/714 735/739
f 735/739 710/714 736/740
f 643/649 737/741 644/647
f 644/647 737/741 738/742
f 740/743 741/744 739/745
f 739/745 741/744 742/746
f 608/611 744/747 743/748
f 743/748 744/747 745/749
f 747/750 748/751 746/752
f 746/752 748/751 749/753
f 751/754 752/755 750/756
f 750/756 752/755 753/757
f 754/758 755/759 757/760
f 757/760 755/759 756/761
f 758/762 759/763 761/764
f 761/764 759/763 760/765
f 763/766 764/767 762/768
f 762/768 764/767 765/769
f 767/770 768/771 766/772
f 766/772 768/771 769/773
f 771/774 772/775 770/776
f 770/776 772/775 773/777
f 775/778 776/779 774/780
f 774/780 776/779 777/781
f 779/782 780/783 778/784
f 778/784 780/783 781/785
f 783/786 712/716 782/787
f 782/787 712/716 784/788
f 785/789 786/790 788/791
f 788/791 786/790 787/792
f 790/793 628/631 789/794
f 789/794 628/631 627/633
f 792/795 793/796 791/797
f 791/797 793/796 794/798
f 795/799 796/800 726/730
f 726/730 796/800 723/729
f 798/801 799/802 797/803
f 797/803 799/802 800/804
f 721/726 633/636 801/805
f 801/805 633/636 677/681
f 797/803 800/804 802/806
f 802/806 800/804 803/807
f 805/808 806/809 804/810
f 804/810 806/809 807/811
f 809/812 810/813 808/814
f 808/814 810/813 811/815
f 813/816 814/817 812/818
f 812/818 814/817 815/819
f 809/812 808/814 817/820
f 817/820 808/814 816/821
f 818/822 819/823 804/824
f 804/824 819/823 805/825
f 820/826 821/827 818/822
f 818/822 821/827 819/823
f 821/827 820/826 587/592
f 587/592 820/826 822/828
f 809/812 823/829 810/813
f 810/813 823/829 824/830
f 814/817 807/811 815/819
f 815/819 807/811 806/809
f 826/831 426/426 825/832
f 825/832 426/426 223/456
f 426/426 826/831 427/427
f 427/427 826/831 827/833
f 828/834 829/835 454/458
f 454/458 829/835 830/836
f 831/837 832/838 677/681
f 677/681 832/838 801/805
f 834/839 835/840 833/841
f 833/841 835/840 836/842
f 838/843 839/844 837/845
f 837/845 839/844 840/846
f 841/847 842/848 844/849
f 844/849 842/848 843/850
f 845/851 846/852 803/807
f 803/807 846/852 802/806
f 847/853 831/837 678/682
f 678/682 831/837 677/681
f 848/854 849/855 851/856
f 851/856 849/855 850/857
f 853/858 854/859 852/860
f 852/860 854/859 855/861
f 857/862 858/863 856/864
f 856/864 858/863 680/684
f 860/865 861/866 859/867
f 859/867 861/866 862/868
f 864/869 865/870 863/871
f 863/871 865/870 866/872
f 868/873 869/874 867/875
f 867/875 869/874 870/876
f 839/844 871/877 840/846
f 840/846 871/877 872/878
f 849/855 848/854 874/879
f 874/879 848/854 873/880
f 876/881 877/882 875/883
f 875/883 877/882 878/884
f 880/885 881/886 879/887
f 879/887 881/886 882/888
f 883/889 884/890 886/891
f 886/891 884/890 885/892
f 846/852 887/893 802/806
f 802/806 887/893 888/894
f 890/895 891/896 889/897
f 889/897 891/896 888/894
f 893/898 894/899 892/900
f 892/900 894/899 895/901
f 896/902 897/903 728/731
f 728/731 897/903 729/732
f 899/904 900/905 898/906
f 898/906 900/905 901/907
f 902/908 852/860 904/909
f 904/909 852/860 903/910
f 849/855 905/911 850/857
f 850/857 905/911 906/912
f 875/883 878/884 907/913
f 907/913 878/884 908/914
f 910/915 911/916 909/917
f 909/917 911/916 912/918
f 914/919 915/920 913/921
f 913/921 915/920 916/922
f 917/923 918/924 862/868
f 862/868 918/924 859/867
f 919/925 920/926 856/864
f 856/864 920/926 921/927
f 923/928 924/929 922/930
f 922/930 924/929 925/931
f 926/932 927/933 925/931
f 925/931 927/933 922/930
f 929/934 930/935 928/936
f 928/936 930/935 693/696
f 932/937 695/698 931/938
f 931/938 695/698 694/699
f 823/829 867/875 824/830
f 824/830 867/875 933/939
f 935/940 936/941 934/942
f 934/942 936/941 937/943
f 938/944 868/873 823/829
f 823/829 868/873 867/875
f 940/945 847/853 939/946
f 939/946 847/853 678/682
f 632/635 655/661 678/682
f 678/682 655/661 939/946
f 941/947 942/948 619/625
f 619/625 942/948 620/623
f 687/690 943/949 688/692
f 688/692 943/949 944/950
f 851/856 850/857 945/951
f 945/951 850/857 903/910
f 850/857 906/912 903/910
f 903/910 906/912 904/909
f 946/952 947/953 949/954
f 949/954 947/953 948/955
f 951/956 952/957 950/958
f 950/958 952/957 953/959
f 955/960 956/961 954/962
f 954/962 956/961 957/963
f 907/913 958/964 875/883
f 875/883 958/964 874/879
f 960/965 961/966 959/967
f 959/967 961/966 962/968
f 963/969 853/858 902/908
f 902/908 853/858 852/860
f 909/917 964/970 910/915
f 910/915 964/970 965/971
f 967/972 968/973 966/974
f 966/974 968/973 969/975
f 971/976 972/977 970/978
f 970/978 972/977 973/979
f 974/980 960/965 975/981
f 975/981 960/965 959/967
f 977/982 978/983 976/984
f 976/984 978/983 979/985
f 981/986 977/982 980/987
f 980/987 977/982 976/984
f 980/987 982/988 981/986
f 981/986 982/988 983/989
f 985/990 983/989 984/991
f 984/991 983/989 982/988
f 984/991 986/992 985/990
f 985/990 986/992 987/993
f 989/994 990/995 988/996
f 988/996 990/995 991/997
f 993/998 994/999 992/1000
f 992/1000 994/999 995/1001
f 997/1002 998/1003 996/1004
f 996/1004 998/1003 999/1005
f 1001/1006 1002/1007 1000/1008
f 1000/1008 1002/1007 1003/1009
f 1005/1010 1006/1011 1004/1012
f 1004/1012 1006/1011 1007/1013
f 1004/1012 1008/1014 1005/1010
f 1005/1010 1008/1014 1009/1015
f 1008/1014 1010/1016 1009/1015
f 1009/1015 1010/1016 1011/1017
f 1013/1018 1011/1017 1012/1019
f 1012/1019 1011/1017 1010/1016
f 1014/1020 1015/1021 1017/1022
f 1017/1022 1015/1021 1016/1023
f 1019/1024 1020/1025 1018/1026
f 1018/1026 1020/1025 1021/1027
f 1022/1028 1023/1029 976/984
f 976/984 1023/1029 980/987
f 1024/1030 1025/1031 982/988
f 982/988 1025/1031 984/991
f 992/1000 995/1001 1026/1032
f 1026/1032 995/1001 1027/1033
f 956/961 955/960 1028/1034
f 1028/1034 955/960 1029/1035
f 1030/1036 1031/1037 1033/1038
f 1033/1038 1031/1037 1032/1039
f 1010/1016 1008/1014 1034/1040
f 1034/1040 1008/1014 1035/1041
f 1008/1014 1004/1012 1035/1041
f 1035/1041 1004/1012 1036/1042
f 1037/1043 1038/1044 1002/1007
f 1002/1007 1038/1044 1007/1013
f 1002/1007 1001/1006 1037/1043
f 1037/1043 1001/1006 1039/1045
f 1040/1046 1041/1047 997/1002
f 997/1002 1041/1047 998/1003
f 1015/1021 1014/1020 1043/1048
f 1043/1048 1014/1020 1042/1049
f 1044/1050 1045/1051 1047/1052
f 1047/1052 1045/1051 1046/1053
f 1044/1050 1020/1025 1048/1054
f 1048/1054 1020/1025 1049/1055
f 1050/1056 1051/1057 1003/1009
f 1003/1009 1051/1057 1000/1008
f 1052/1058 1050/1056 1006/1011
f 1006/1011 1050/1056 1003/1009
f 1053/1059 1054/1060 1011/1017
f 1011/1017 1054/1060 1009/1015
f 1013/1018 1045/1051 1055/1061
f 1055/1061 1045/1051 1056/1062
f 1058/1063 1059/1064 1057/1065
f 1057/1065 1059/1064 1060/1066
f 1062/1067 1063/1068 1061/1069
f 1061/1069 1063/1068 1064/1070
f 1065/1071 1066/1072 1050/1056
f 1050/1056 1066/1072 1051/1057
f 1067/1073 1065/1071 1052/1058
f 1052/1058 1065/1071 1050/1056
f 1068/1074 1069/1075 1054/1060
f 1054/1060 1069/1075 1070/1076
f 1071/1077 1068/1074 1053/1059
f 1053/1059 1068/1074 1054/1060
f 1073/1078 1071/1077 1072/1079
f 1072/1079 1071/1077 1074/1080
f 1074/1080 1071/1077 1055/1061
f 1055/1061 1071/1077 1053/1059
f 1076/1081 1077/1082 1075/1083
f 1075/1083 1077/1082 1078/1084
f 1079/1085 1080/1086 1057/1065
f 1057/1065 1080/1086 1058/1063
f 1081/1087 1082/1088 1064/1070
f 1064/1070 1082/1088 1061/1069
f 1084/1089 1085/1090 1083/1091
f 1083/1091 1085/1090 1086/1092
f 1088/1093 1089/1094 1087/1095
f 1087/1095 1089/1094 1090/1096
f 1092/1097 1093/1098 1091/1099
f 1091/1099 1093/1098 1094/1100
f 1096/1101 1097/1102 1095/1103
f 1095/1103 1097/1102 1098/1104
f 1099/1105 1100/1106 1102/1107
f 1102/1107 1100/1106 1101/1108
f 1103/1109 1104/1110 1099/1105
f 1099/1105 1104/1110 1100/1106
f 1106/1111 1107/1112 1105/1113
f 1105/1113 1107/1112 1108/1114
f 1110/1115 1111/1116 1109/1117
f 1109/1117 1111/1116 1112/1118
f 1114/1119 1115/1120 1113/1121
f 1113/1121 1115/1120 1116/1122
f 1118/1123 1119/1124 1117/1125
f 1117/1125 1119/1124 1077/1082
f 1117/1125 1120/1126 1122/1127
f 1122/1127 1120/1126 1121/1128
f 1105/1113 1123/1129 1106/1111
f 1106/1111 1123/1129 1124/1130
f 1125/1131 1126/1132 1128/1133
f 1128/1133 1126/1132 1127/1134
f 1130/1135 1131/1136 1129/1137
f 1129/1137 1131/1136 1132/1138
f 1134/1139 1135/1140 1133/1141
f 1133/1141 1135/1140 1114/1119
f 1113/1121 1136/1142 1114/1119
f 1114/1119 1136/1142 1133/1141
f 1118/1123 1137/1143 1113/1121
f 1113/1121 1137/1143 1136/1142
f 1118/1123 1117/1125 1137/1143
f 1137/1143 1117/1125 1122/1127
f 1139/1144 1140/1145 1138/1146
f 1138/1146 1140/1145 1141/1147
f 1143/1148 953/959 1142/1149
f 1142/1149 953/959 952/957
f 1145/1150 957/963 1144/1151
f 1144/1151 957/963 956/961
f 1028/1034 1146/1152 956/961
f 956/961 1146/1152 1144/1151
f 1014/1020 1147/1153 1042/1049
f 1042/1049 1147/1153 1148/1154
f 1014/1020 1017/1022 1147/1153
f 1147/1153 1017/1022 1149/1155
f 1059/1064 1058/1063 1150/1156
f 1150/1156 1058/1063 1151/1157
f 1153/1158 1080/1086 1152/1159
f 1152/1159 1080/1086 1154/1160
f 1156/1161 1088/1093 1155/1162
f 1155/1162 1088/1093 1087/1095
f 1157/1163 1158/1164 1106/1111
f 1106/1111 1158/1164 1107/1112
f 1106/1111 1124/1130 1157/1163
f 1157/1163 1124/1130 1159/1165
f 1161/1166 1162/1167 1160/1168
f 1160/1168 1162/1167 1163/1169
f 1165/1170 1166/1171 1164/1172
f 1164/1172 1166/1171 1167/1173
f 1168/1174 1031/1037 1012/1019
f 1012/1019 1031/1037 1046/1053
f 1024/1030 1023/1029 1035/1041
f 1035/1041 1023/1029 1034/1040
f 1036/1042 1038/1044 1025/1031
f 1025/1031 1038/1044 1169/1175
f 1170/1176 1171/1177 1039/1045
f 1039/1045 1171/1177 1037/1043
f 1028/1034 1029/1035 1042/1049
f 1042/1049 1029/1035 1043/1048
f 1172/1178 1173/1179 1175/1180
f 1175/1180 1173/1179 1174/1181
f 1055/1061 1053/1059 1013/1018
f 1013/1018 1053/1059 1011/1017
f 1005/1010 1009/1015 1070/1076
f 1070/1076 1009/1015 1054/1060
f 996/1004 999/1005 1062/1067
f 1062/1067 999/1005 1063/1068
f 1016/1023 1060/1066 1017/1022
f 1017/1022 1060/1066 1059/1064
f 1017/1022 1059/1064 1149/1155
f 1149/1155 1059/1064 1150/1156
f 1177/1182 1178/1183 1176/1184
f 1176/1184 1178/1183 1103/1109
f 1176/1184 1072/1079 1179/1185
f 1179/1185 1072/1079 1074/1080
f 1073/1078 1102/1107 1086/1092
f 1086/1092 1102/1107 1083/1091
f 1180/1186 1181/1187 1067/1073
f 1067/1073 1181/1187 1065/1071
f 1182/1188 1183/1189 1184/1190
f 1184/1190 1183/1189 1181/1187
f 1186/1191 1187/1192 1185/1193
f 1185/1193 1187/1192 1188/1194
f 1189/1195 1190/1196 798/801
f 798/801 1190/1196 799/802
f 1192/1197 1193/1198 1191/1199
f 1191/1199 1193/1198 1194/1200
f 1195/1201 1196/1202 1194/1200
f 1194/1200 1196/1202 1191/1199
f 1196/1202 1195/1201 1198/1203
f 1198/1203 1195/1201 1197/1204
f 1200/1205 674/678 1199/1206
f 1199/1206 674/678 673/677
f 928/936 1201/1207 1203/1208
f 1203/1208 1201/1207 1202/1209
f 861/866 1204/1210 862/868
f 862/868 1204/1210 921/927
f 1205/1211 1206/1212 913/921
f 913/921 1206/1212 1207/1213
f 882/888 1208/1214 879/887
f 879/887 1208/1214 1209/1215
f 1210/1216 1211/1217 1167/1173
f 1167/1173 1211/1217 1164/1172
f 1212/1218 769/773 1213/1219
f 1213/1219 769/773 768/771
f 727/733 1214/1220 728/731
f 728/731 1214/1220 1215/1221
f 1217/1222 1218/1223 1216/1224
f 1216/1224 1218/1223 1219/1225
f 1220/1226 813/816 1221/1227
f 1221/1227 813/816 812/818
f 827/833 828/834 427/427
f 427/427 828/834 454/458
f 1223/1228 1224/1229 1222/1230
f 1222/1230 1224/1229 1165/1170
f 1226/1231 1227/1232 1225/1233
f 1225/1233 1227/1232 1228/1234
f 851/856 1229/1235 848/854
f 848/854 1229/1235 1230/1236
f 834/839 854/859 835/840
f 835/840 854/859 1231/1237
f 1233/1238 1234/1239 1232/1240
f 1232/1240 1234/1239 1235/1241
f 1237/1242 751/754 1236/1243
f 1236/1243 751/754 750/756
f 743/748 819/823 1238/1244
f 1238/1244 819/823 821/827
f 1240/1245 1241/1246 1239/1247
f 1239/1247 1241/1246 1242/1248
f 1244/1249 1245/1250 1243/1251
f 1243/1251 1245/1250 1246/1252
f 844/849 1247/1253 841/847
f 841/847 1247/1253 1248/1254
f 1250/1255 1251/1256 1249/1257
f 1249/1257 1251/1256 1252/1258
f 1254/1259 893/898 1253/1260
f 1253/1260 893/898 1237/1242
f 1255/1261 1256/1262 1258/1263
f 1258/1263 1256/1262 1257/1264
f 1260/1265 1261/1266 1259/1267
f 1259/1267 1261/1266 1262/1268
f 945/951 903/910 855/861
f 855/861 903/910 852/860
f 855/861 1263/1269 945/951
f 945/951 1263/1269 1264/1270
f 832/838 845/851 801/805
f 801/805 845/851 803/807
f 800/804 721/726 803/807
f 803/807 721/726 801/805
f 721/726 800/804 722/725
f 722/725 800/804 799/802
f 1266/1271 1267/1272 1265/1273
f 1265/1273 1267/1272 1268/1274
f 1270/1275 795/799 1269/1276
f 1269/1276 795/799 726/730
f 725/728 1271/1277 726/730
f 726/730 1271/1277 1269/1276
f 737/741 765/769 738/742
f 738/742 765/769 764/767
f 759/763 740/743 760/765
f 760/765 740/743 739/745
f 717/721 1272/1278 1274/1279
f 1274/1279 1272/1278 1273/1280
f 1163/1169 1226/1231 1275/1281
f 1275/1281 1226/1231 1225/1233
f 1277/1282 882/888 1276/1283
f 1276/1283 882/888 881/886
f 1041/1047 1040/1046 1027/1033
f 1027/1033 1040/1046 1026/1032
f 900/1284 935/940 901/1285
f 901/1285 935/940 934/942
f 1164/1172 1278/1286 1165/1170
f 1165/1170 1278/1286 1222/1230
f 1211/1217 1279/1287 1164/1172
f 1164/1172 1279/1287 1278/1286
f 442/444 1280/1288 453/455
f 453/455 1280/1288 1281/1289
f 788/791 1282/1290 785/789
f 785/789 1282/1290 1283/1291
f 1285/1292 1286/1293 1284/1294
f 1284/1294 1286/1293 1287/1295
f 1284/1294 1288/1296 1285/1292
f 1285/1292 1288/1296 1289/1297
f 757/760 1289/1297 754/758
f 754/758 1289/1297 1288/1296
f 605/608 604/607 675/680
f 675/680 604/607 676/679
f 1290/1298 1291/1299 1293/1300
f 1293/1300 1291/1299 1292/1301
f 1295/1302 1296/1303 1294/1304
f 1294/1304 1296/1303 1297/1305
f 696/700 699/703 694/699
f 694/699 699/703 931/938
f 1298/1306 1299/1307 592/596
f 592/596 1299/1307 589/595
f 1299/1307 1300/1308 589/595
f 589/595 1300/1308 700/704
f 1300/1308 1301/1309 700/704
f 700/704 1301/1309 701/705
f 743/748 745/749 819/823
f 819/823 745/749 805/825
f 1303/1310 1304/1311 1302/1312
f 1302/1312 1304/1311 1305/1313
f 1306/1314 1307/1315 1305/1313
f 1305/1313 1307/1315 1302/1312
f 609/612 1298/1306 610/614
f 610/614 1298/1306 592/596
f 587/592 822/828 588/591
f 588/591 822/828 1308/1316
f 703/707 588/591 1309/1317
f 1309/1317 588/591 1308/1316
f 1310/1318 703/707 571/577
f 571/577 703/707 1309/1317
f 1311/1319 1312/1320 789/794
f 789/794 1312/1320 790/793
f 825/832 223/456 1313/1321
f 1313/1322 223/223 220/219
f 219/220 1314/1323 220/219
f 220/219 1314/1323 1313/1322
f 1315/1324 1316/1325 1311/1319
f 1311/1319 1316/1325 1312/1320
f 1317/1326 1318/1327 1319/1328
f 1319/1328 1318/1327 1241/1246
f 441/443 1320/1329 442/444
f 442/444 1320/1329 1280/1288
f 1321/1330 217/218 572/575
f 572/575 217/218 216/216
f 1323/1331 1230/1236 1322/1332
f 1322/1332 1230/1236 1229/1235
f 1324/1333 1325/1334 631/637
f 631/637 1325/1334 656/659
f 1034/1040 1168/1174 1010/1016
f 1010/1016 1168/1174 1012/1019
f 1327/1335 1328/1336 1326/1337
f 1326/1337 1328/1336 1329/1338
f 1331/1339 1202/1209 1330/1340
f 1330/1340 1202/1209 1201/1207
f 571/577 1309/1317 572/575
f 572/575 1309/1317 1321/1330
f 573/576 572/575 1332/1341
f 1332/1341 572/575 216/216
f 1334/1342 1335/1343 1333/1344
f 1333/1344 1335/1343 1336/1345
f 1337/1346 1338/1347 918/924
f 918/924 1338/1347 859/867
f 1339/1348 863/871 1340/1349
f 1340/1349 863/871 866/872
f 1341/1350 1342/1351 1344/1352
f 1344/1352 1342/1351 1343/1353
f 1345/1354 1346/1355 919/925
f 919/925 1346/1355 920/926
f 1347/1356 1348/1357 673/677
f 673/677 1348/1357 1199/1206
f 693/696 1349/1358 928/936
f 928/936 1349/1358 1201/1207
f 1351/1359 1257/1264 1350/1360
f 1350/1360 1257/1264 1256/1262
f 1350/1360 1352/1361 1351/1359
f 1351/1359 1352/1361 1353/1362
f 653/657 930/935 654/658
f 654/658 930/935 662/666
f 1279/1287 1354/1363 1278/1286
f 1278/1286 1354/1363 1355/1364
f 1357/1365 1358/1366 1356/1367
f 1356/1367 1358/1366 1359/1368
f 937/943 1360/1369 1140/1145
f 1140/1145 1360/1369 1361/1370
f 1225/1233 1228/1234 909/917
f 909/917 1228/1234 964/970
f 901/1285 934/942 1362/1371
f 1362/1371 934/942 1139/1144
f 1364/1372 1365/1373 1363/1374
f 1363/1374 1365/1373 1362/1371
f 1367/1375 912/918 1366/1376
f 1366/1376 912/918 911/916
f 1143/1148 1142/1149 1368/1377
f 1368/1377 1142/1149 1369/1378
f 1144/1151 1186/1191 1145/1150
f 1145/1150 1186/1191 1185/1193
f 1146/1152 1175/1180 1144/1151
f 1144/1151 1175/1180 1186/1191
f 1175/1180 1146/1152 1172/1178
f 1172/1178 1146/1152 1148/1154
f 1147/1153 1018/1026 1148/1154
f 1148/1154 1018/1026 1172/1178
f 1018/1026 1147/1153 1019/1024
f 1019/1024 1147/1153 1149/1155
f 1149/1155 1150/1156 1019/1024
f 1019/1024 1150/1156 1370/1379
f 1150/1156 1151/1157 1370/1379
f 1370/1379 1151/1157 1371/1380
f 1151/1157 1153/1158 1371/1380
f 1371/1380 1153/1158 1177/1182
f 1152/1159 1156/1161 1178/1183
f 1178/1183 1156/1161 1372/1381
f 1155/1162 1158/1164 1373/1382
f 1373/1382 1158/1164 1374/1383
f 1157/1163 1159/1165 1376/1384
f 1376/1384 1159/1165 1375/1385
f 1378/1386 1379/1387 1377/1388
f 1377/1388 1379/1387 1380/1389
f 1382/1390 1383/1391 1381/1392
f 1381/1392 1383/1391 1384/1393
f 1382/1390 1386/1394 1385/1395
f 1385/1395 1386/1394 1387/1396
f 1386/1394 1233/1238 1387/1396
f 1387/1396 1233/1238 1232/1240
f 1389/1397 1390/1398 1388/1399
f 1388/1399 1390/1398 1391/1400
f 1393/1401 1394/1402 1392/1403
f 1392/1403 1394/1402 1395/1404
f 1397/1405 1398/1406 1396/1407
f 1396/1407 1398/1406 1399/1408
f 629/632 1397/1405 630/634
f 630/634 1397/1405 1396/1407
f 1342/1351 1400/1409 1343/1353
f 1343/1353 1400/1409 1401/1410
f 1403/1411 1404/1412 1402/1413
f 1402/1413 1404/1412 1405/1414
f 1407/1415 1408/1416 1406/1417
f 1406/1417 1408/1416 1409/1418
f 1411/1419 1412/1420 1410/1421
f 1410/1421 1412/1420 1413/1422
f 793/796 1414/1423 794/798
f 794/798 1414/1423 1415/1424
f 1417/1425 1341/1350 1416/1426
f 1416/1426 1341/1350 1344/1352
f 704/708 705/709 1347/1356
f 1347/1356 705/709 1418/1427
f 741/744 1419/1428 742/746
f 742/746 1419/1428 1420/1429
f 1422/1430 669/673 1421/1431
f 1421/1431 669/673 672/675
f 645/648 1423/1432 646/650
f 646/650 1423/1432 1424/1433
f 1196/1202 1198/1203 614/618
f 614/618 1198/1203 611/617
f 613/616 1425/1434 614/618
f 614/618 1425/1434 1426/1435
f 1427/1436 616/620 659/665
f 659/665 616/620 660/663
f 614/618 1426/1435 1196/1202
f 1196/1202 1426/1435 1191/1199
f 696/700 594/598 697/701
f 697/701 594/598 590/593
f 697/701 590/593 700/704
f 700/704 590/593 589/595
f 703/707 1310/1318 702/706
f 702/706 1310/1318 1428/1437
f 1421/1431 672/675 1192/1197
f 1192/1197 672/675 689/694
f 1271/1277 648/652 1269/1276
f 1269/1276 648/652 622/626
f 621/624 1270/1275 622/626
f 622/626 1270/1275 1269/1276
f 1429/1438 1430/1439 1417/1425
f 1417/1425 1430/1439 1341/1350
f 1431/1440 1432/1441 1434/1442
f 1434/1442 1432/1441 1433/1443
f 1436/1444 1437/1445 1435/1446
f 1435/1446 1437/1445 1438/1447
f 1440/1448 1441/1449 1439/1450
f 1439/1450 1441/1449 1442/1451
f 1443/1452 1444/1453 1446/1454
f 1446/1454 1444/1453 1445/1455
f 823/829 809/812 938/944
f 938/944 809/812 817/820
f 810/813 1447/1456 811/815
f 811/815 1447/1456 1448/1457
f 1449/1458 1450/1459 679/683
f 679/683 1450/1459 706/710
f 913/921 916/922 1205/1211
f 1205/1211 916/922 1451/1460
f 1275/1281 1225/1233 912/918
f 912/918 1225/1233 909/917
f 1452/1461 1453/1462 880/885
f 880/885 1453/1462 881/886
f 1444/1463 1401/1410 1445/1464
f 1445/1464 1401/1410 1400/1409
f 936/941 1454/1465 937/943
f 937/943 1454/1465 1360/1369
f 824/830 1455/1466 810/813
f 810/813 1455/1466 1447/1456
f 631/637 656/659 632/635
f 632/635 656/659 655/661
f 966/974 1456/1467 967/972
f 967/972 1456/1467 1457/1468
f 1459/1469 1460/1470 1458/1471
f 1458/1471 1460/1470 1461/1472
f 1460/1470 1462/1473 1461/1472
f 1461/1472 1462/1473 1463/1474
f 972/977 974/980 973/979
f 973/979 974/980 975/981
f 990/1475 995/1001 991/1476
f 991/1476 995/1001 994/999
f 1464/1477 1187/1192 1033/1038
f 1033/1038 1187/1192 1174/1181
f 1018/1026 1021/1027 1172/1178
f 1172/1178 1021/1027 1173/1179
f 1000/1478 999/1005 1001/1479
f 1001/1479 999/1005 998/1003
f 976/984 979/985 1022/1028
f 1022/1028 979/985 1032/1039
f 1023/1029 1024/1030 980/987
f 980/987 1024/1030 982/988
f 989/994 986/992 1171/1177
f 1171/1177 986/992 1169/1175
f 1171/1177 1170/1176 989/994
f 989/994 1170/1176 990/995
f 1170/1480 1027/1033 990/1475
f 990/1475 1027/1033 995/1001
f 1041/1047 1039/1481 998/1003
f 998/1003 1039/1481 1001/1479
f 1051/1482 1063/1068 1000/1478
f 1000/1478 1063/1068 999/1005
f 1066/1483 1064/1070 1051/1482
f 1051/1482 1064/1070 1063/1068
f 1183/1484 1081/1087 1066/1483
f 1066/1483 1081/1087 1064/1070
f 1178/1183 1372/1381 1103/1109
f 1103/1109 1372/1381 1104/1110
f 1092/1097 1091/1099 1465/1485
f 1465/1485 1091/1099 1182/1486
f 1467/1487 1465/1488 1466/1489
f 1466/1489 1465/1488 1468/1490
f 1469/1491 1470/1492 1184/1190
f 1184/1190 1470/1492 1468/1490
f 1095/1103 1098/1104 1471/1493
f 1471/1493 1098/1104 1101/1108
f 1076/1081 1374/1383 1120/1126
f 1120/1126 1374/1383 1376/1384
f 1110/1115 1472/1494 1127/1134
f 1127/1134 1472/1494 1132/1495
f 1472/1496 1473/1497 1132/1138
f 1132/1138 1473/1497 1129/1137
f 1474/1498 1475/1499 1466/1489
f 1466/1489 1475/1499 1473/1497
f 1119/1124 1118/1123 1116/1122
f 1116/1122 1118/1123 1113/1121
f 1375/1385 1121/1128 1376/1384
f 1376/1384 1121/1128 1120/1126
f 1127/1134 1132/1495 1128/1133
f 1128/1133 1132/1495 1131/1500
f 1227/1232 1476/1501 1228/1234
f 1228/1234 1476/1501 1361/1370
f 1365/1373 1477/1502 1362/1371
f 1362/1371 1477/1502 872/1503
f 1478/1504 1479/1505 1323/1331
f 1323/1331 1479/1505 1230/1236
f 1480/1506 1481/1507 914/919
f 914/919 1481/1507 915/920
f 913/921 1277/1282 914/919
f 914/919 1277/1282 1276/1283
f 1168/1174 1034/1040 1022/1028
f 1022/1028 1034/1040 1023/1029
f 1035/1041 1036/1042 1024/1030
f 1024/1030 1036/1042 1025/1031
f 1039/1481 1041/1047 1170/1480
f 1170/1480 1041/1047 1027/1033
f 1042/1049 1148/1154 1028/1034
f 1028/1034 1148/1154 1146/1152
f 968/973 1459/1508 969/975
f 969/975 1459/1508 1458/1509
f 1482/1510 1483/1511 664/667
f 664/667 1483/1511 665/668
f 1485/1512 1486/1513 1484/1514
f 1484/1514 1486/1513 1487/1515
f 1489/1516 1490/1517 1488/1518
f 1488/1518 1490/1517 1491/1519
f 1492/1520 1493/1521 722/725
f 722/725 1493/1521 634/638
f 1495/1522 1496/1523 1494/1524
f 1494/1524 1496/1523 1497/1525
f 1498/1526 1207/1213 1339/1348
f 1339/1348 1207/1213 863/871
f 1224/1229 1499/1527 1165/1170
f 1165/1170 1499/1527 1166/1171
f 1160/1168 1163/1169 1500/1528
f 1500/1528 1163/1169 1275/1281
f 1500/1528 877/882 1160/1168
f 1160/1168 877/882 1501/1529
f 876/881 873/880 1502/1530
f 1502/1530 873/880 1479/1505
f 945/951 1264/1270 851/856
f 851/856 1264/1270 1229/1235
f 835/840 1231/1237 839/844
f 839/844 1231/1237 871/877
f 1503/1531 1283/1291 778/784
f 778/784 1283/1291 1282/1290
f 716/719 715/720 1505/1532
f 1505/1532 715/720 1504/1533
f 1446/1454 1445/1455 1507/1534
f 1507/1534 1445/1455 1506/1535
f 779/782 792/795 1381/1392
f 1381/1392 792/795 791/797
f 1430/1439 1409/1418 1341/1350
f 1341/1350 1409/1418 1342/1351
f 1411/1419 1429/1438 1508/1536
f 1508/1536 1429/1438 1417/1425
f 635/639 1510/1537 1509/1538
f 1509/1538 1510/1537 1511/1539
f 1377/1388 1380/1389 1315/1540
f 1315/1540 1380/1389 1316/1541
f 1445/1464 1400/1409 1506/1542
f 1506/1542 1400/1409 1408/1416
f 918/924 917/923 1336/1345
f 1336/1345 917/923 1333/1344
f 1513/1543 1514/1544 1512/1545
f 1512/1545 1514/1544 870/876
f 1515/1546 1516/1547 1363/1374
f 1363/1374 1516/1547 1364/1372
f 1453/1462 1517/1548 881/886
f 881/886 1517/1548 1276/1283
f 992/1000 1518/1549 993/998
f 993/998 1518/1549 1519/1550
f 1520/1551 1029/1035 1518/1549
f 1518/1549 1029/1035 955/960
f 1520/1551 1026/1032 1521/1552
f 1521/1552 1026/1032 1040/1046
f 1522/1553 1015/1021 1521/1552
f 1521/1552 1015/1021 1043/1048
f 996/1004 1523/1554 997/1002
f 997/1002 1523/1554 1522/1553
f 1060/1066 1016/1023 1524/1555
f 1524/1555 1016/1023 1523/1554
f 1061/1069 1525/1556 1062/1067
f 1062/1067 1525/1556 1524/1555
f 1079/1085 1527/1557 1526/1558
f 1526/1558 1527/1557 1528/1559
f 1093/1098 1529/1560 1094/1100
f 1094/1100 1529/1560 1528/1559
f 1111/1116 1530/1561 1112/1118
f 1112/1118 1530/1561 1531/1562
f 1532/1563 1533/1564 1105/1113
f 1105/1113 1533/1564 1123/1129
f 934/942 937/943 1139/1144
f 1139/1144 937/943 1140/1145
f 1138/1146 1363/1374 1139/1144
f 1139/1144 1363/1374 1362/1371
f 1534/1565 1222/1230 1355/1364
f 1355/1364 1222/1230 1278/1286
f 1535/1566 1223/1228 1534/1565
f 1534/1565 1223/1228 1222/1230
f 821/827 587/592 1238/1244
f 1238/1244 587/592 586/590
f 1319/1328 711/715 1317/1326
f 1317/1326 711/715 1536/1567
f 1538/1568 1200/1205 1537/1569
f 1537/1569 1200/1205 1199/1206
f 1508/1536 1417/1425 1539/1570
f 1539/1570 1417/1425 1416/1426
f 1540/1571 1541/1572 840/846
f 840/846 1541/1572 837/845
f 1231/1237 898/906 871/877
f 871/877 898/906 901/907
f 1500/1528 1275/1281 1367/1375
f 1367/1375 1275/1281 912/918
f 1543/1573 1379/1387 1542/1574
f 1542/1574 1379/1387 1395/1404
f 1539/1570 772/775 1508/1536
f 1508/1536 772/775 1544/1575
f 1546/1576 1403/1411 1545/1577
f 1545/1577 1403/1411 1402/1413
f 1548/1578 1549/1579 1547/1580
f 1547/1580 1549/1579 1550/1581
f 1552/1582 1548/1578 1551/1583
f 1551/1583 1548/1578 1547/1580
f 1554/1584 1555/1585 1553/1586
f 1553/1586 1555/1585 1556/1587
f 1558/1588 1559/1589 1557/1590
f 1557/1590 1559/1589 1560/1591
f 1562/1592 1563/1593 1561/1594
f 1561/1594 1563/1593 1564/1595
f 1566/1596 1567/1597 1565/1598
f 1565/1598 1567/1597 1568/1599
f 1570/1600 1571/1601 1569/1602
f 1569/1602 1571/1601 1572/1603
f 1574/1604 1575/1605 1573/1606
f 1573/1606 1575/1605 1576/1607
f 1577/1608 1578/1609 1572/1603
f 1572/1603 1578/1609 1569/1602
f 1580/1610 1581/1611 1579/1612
f 1579/1612 1581/1611 1582/1613
f 1584/1614 1585/1615 1583/1616
f 1583/1616 1585/1615 1586/1617
f 1588/1618 1555/1585 1587/1619
f 1587/1619 1555/1585 1589/1620
f 1591/1621 1592/1622 1590/1623
f 1590/1624 1592/1625 1593/1626
f 1595/1627 1596/1628 1594/1629
f 1594/1629 1596/1628 1597/1630
f 1596/1628 1581/1611 1597/1630
f 1597/1630 1581/1611 1576/1607
f 1599/1631 1570/1632 1598/1633
f 1598/1634 1570/1600 1569/1602
f 1601/1635 1602/1636 1600/1637
f 1600/1637 1602/1636 1603/1638
f 1605/1639 1606/1640 1604/1641
f 1604/1641 1606/1640 1607/1642
f 1608/1643 1609/1644 1568/1599
f 1568/1599 1609/1644 1565/1598
f 1611/1645 1612/1646 1610/1647
f 1610/1647 1612/1646 1613/1648
f 1615/1649 1616/1650 1614/1651
f 1614/1651 1616/1650 1617/1652
f 1619/1653 1617/1654 1618/1655
f 1618/1655 1617/1654 1616/1656
f 1621/1657 1622/1658 1620/1659
f 1620/1659 1622/1658 1623/1660
f 1625/1661 1626/1662 1624/1663
f 1624/1663 1626/1662 1627/1664
f 1629/1665 1630/1666 1628/1667
f 1628/1667 1630/1666 1631/1668
f 1633/1669 1634/1670 1632/1671
f 1632/1671 1634/1670 1635/1672
f 1636/1673 1637/1674 1639/1675
f 1639/1675 1637/1674 1638/1676
f 1641/1677 1642/1678 1640/1679
f 1640/1679 1642/1678 1643/1680
f 1624/1663 1627/1664 1644/1681
f 1644/1681 1627/1664 1645/1682
f 1647/1683 1648/1684 1646/1685
f 1646/1685 1648/1684 1649/1686
f 1651/1687 1652/1688 1650/1689
f 1650/1689 1652/1688 1653/1690
f 1655/1691 1656/1692 1654/1693
f 1654/1693 1656/1692 1657/1694
f 1659/1695 1660/1696 1658/1697
f 1658/1697 1660/1696 1661/1698
f 1662/1699 1663/1700 1631/1668
f 1631/1668 1663/1700 1628/1667
f 1651/1687 1665/1701 1664/1702
f 1664/1702 1665/1701 1666/1703
f 1667/1704 1656/1705 1619/1653
f 1619/1653 1656/1705 1617/1654
f 1669/1706 1670/1707 1668/1708
f 1668/1708 1670/1707 1671/1709
f 1632/1671 1635/1672 1672/1710
f 1672/1710 1635/1672 1673/1711
f 1674/1712 1675/1713 1638/1676
f 1638/1676 1675/1713 1639/1675
f 1677/1714 1678/1715 1676/1716
f 1676/1716 1678/1715 1679/1717
f 1680/1718 1640/1679 1681/1719
f 1681/1719 1640/1679 1643/1680
f 1682/1720 1683/1721 1643/1722
f 1643/1722 1683/1721 1681/1723
f 1670/1707 1669/1706 1235/1241
f 1235/1241 1669/1706 1232/1240
f 1396/1407 1399/1408 1674/1712
f 1674/1712 1399/1408 1675/1713
f 627/633 630/634 1679/1717
f 1679/1717 630/634 1676/1716
f 1681/1719 1315/1324 1680/1718
f 1680/1718 1315/1324 1311/1319
f 1683/1721 1377/1388 1681/1723
f 1681/1723 1377/1388 1315/1540
f 1672/1710 1673/1711 1387/1396
f 1387/1396 1673/1711 1385/1395
f 1636/1673 1684/1724 1646/1685
f 1646/1685 1684/1724 1685/1725
f 1687/1726 1688/1727 1686/1728
f 1686/1728 1688/1727 1689/1729
f 1585/1615 1690/1730 1586/1617
f 1586/1617 1690/1730 1691/1731
f 1599/1631 1692/1732 1551/1583
f 1551/1583 1692/1732 1693/1733
f 1552/1582 1558/1588 1694/1734
f 1694/1734 1558/1588 1557/1590
f 1696/1735 1615/1649 1695/1736
f 1695/1736 1615/1649 1614/1651
f 1698/1737 1699/1738 1697/1739
f 1697/1739 1699/1738 1623/1660
f 1700/1740 1701/1741 1703/1742
f 1703/1742 1701/1741 1702/1743
f 1705/1744 1706/1745 1704/1746
f 1704/1746 1706/1745 1707/1747
f 1708/1748 1709/1749 1640/1679
f 1640/1679 1709/1749 1641/1677
f 1710/1750 1711/1751 1713/1752
f 1713/1752 1711/1751 1712/1753
f 1652/1688 1655/1691 1653/1690
f 1653/1690 1655/1691 1654/1693
f 1714/1754 1699/1738 1712/1753
f 1712/1753 1699/1738 1713/1752
f 1715/1755 1710/1750 1716/1756
f 1716/1756 1710/1750 1713/1752
f 1717/1757 1708/1748 1680/1718
f 1680/1718 1708/1748 1640/1679
f 1393/1401 1392/1403 1715/1755
f 1715/1755 1392/1403 1710/1750
f 1719/1758 1720/1759 1718/1760
f 1718/1760 1720/1759 1721/1761
f 1680/1718 1311/1319 1717/1757
f 1717/1757 1311/1319 789/794
f 1378/1386 1711/1751 1392/1403
f 1392/1403 1711/1751 1710/1750
f 1388/1399 1391/1400 1719/1758
f 1719/1758 1391/1400 1720/1759
f 1723/1762 1606/1640 1722/1763
f 1722/1763 1606/1640 1689/1729
f 1725/1764 1568/1599 1724/1765
f 1724/1765 1568/1599 1567/1597
f 1726/1766 1647/1683 1685/1725
f 1685/1725 1647/1683 1646/1685
f 1728/1767 1554/1584 1727/1768
f 1727/1768 1554/1584 1553/1586
f 1591/1621 1687/1726 1600/1637
f 1600/1637 1687/1726 1686/1728
f 1730/1769 1595/1627 1729/1770
f 1729/1770 1595/1627 1594/1629
f 1601/1635 1605/1639 1731/1771
f 1731/1771 1605/1639 1604/1641
f 1733/1772 1663/1700 1732/1773
f 1732/1773 1663/1700 1734/1774
f 1736/1775 1639/1675 1735/1776
f 1735/1776 1639/1675 1675/1713
f 1658/1697 1644/1681 1737/1777
f 1737/1777 1644/1681 1645/1682
f 1726/1766 1662/1699 1724/1765
f 1724/1765 1662/1699 1631/1668
f 1399/1408 1738/1778 1675/1713
f 1675/1713 1738/1778 1735/1776
f 1621/1657 1667/1704 1739/1779
f 1739/1779 1667/1704 1619/1653
f 1714/1754 1740/1780 1620/1659
f 1620/1659 1740/1780 1741/1781
f 1592/1625 1549/1579 1593/1626
f 1593/1626 1549/1579 1742/1782
f 1602/1636 1571/1601 1603/1638
f 1603/1638 1571/1601 1550/1783
f 1688/1727 1690/1730 1689/1729
f 1689/1729 1690/1730 1722/1763
f 1588/1618 1559/1589 1582/1613
f 1582/1613 1559/1589 1579/1612
f 1673/1711 1735/1776 1385/1395
f 1385/1395 1735/1776 1738/1778
f 1387/1396 1232/1240 1672/1710
f 1672/1710 1232/1240 1669/1706
f 1580/1610 1692/1732 1573/1606
f 1573/1606 1692/1732 1743/1784
f 1377/1388 1683/1721 1378/1386
f 1378/1386 1683/1721 1711/1751
f 1664/1702 1666/1703 1744/1785
f 1744/1785 1666/1703 1745/1786
f 1744/1785 1696/1735 1664/1702
f 1664/1702 1696/1735 1695/1736
f 1746/1787 1747/1788 1732/1773
f 1732/1773 1747/1788 1748/1789
f 1749/1790 1750/1791 1677/1714
f 1677/1714 1750/1791 1678/1715
f 1709/1749 1708/1748 1750/1791
f 1750/1791 1708/1748 1678/1715
f 1668/1708 1632/1671 1669/1706
f 1669/1706 1632/1671 1672/1710
f 1633/1669 1746/1787 1734/1774
f 1734/1774 1746/1787 1732/1773
f 1679/1717 1678/1715 1717/1757
f 1717/1757 1678/1715 1708/1748
f 789/794 627/633 1717/1757
f 1717/1757 627/633 1679/1717
f 1563/1593 1723/1762 1564/1595
f 1564/1595 1723/1762 1722/1763
f 1728/1767 1584/1614 1751/1792
f 1751/1792 1584/1614 1583/1616
f 1674/1712 1676/1716 1396/1407
f 1396/1407 1676/1716 630/634
f 1666/1703 1566/1596 1745/1786
f 1745/1786 1566/1596 1565/1598
f 1627/1664 1629/1665 1645/1682
f 1645/1682 1629/1665 1628/1667
f 1637/1674 1749/1790 1638/1676
f 1638/1676 1749/1790 1677/1714
f 1648/1684 1665/1701 1649/1686
f 1649/1686 1665/1701 1752/1793
f 1740/1780 1642/1794 1741/1781
f 1741/1781 1642/1794 1657/1795
f 1676/1716 1674/1712 1677/1714
f 1677/1714 1674/1712 1638/1676
f 1683/1721 1682/1720 1711/1751
f 1711/1751 1682/1720 1712/1753
f 1618/1655 1753/1796 1619/1653
f 1619/1653 1753/1796 1739/1779
f 1701/1741 1739/1779 1702/1743
f 1702/1743 1739/1779 1753/1796
f 1754/1797 1214/1220 1756/1798
f 1756/1798 1214/1220 1755/1799
f 647/651 1757/1800 619/625
f 619/625 1757/1800 941/947
f 1759/1801 1193/1198 1758/1802
f 1758/1802 1193/1198 691/695
f 1419/1428 1760/1803 1420/1429
f 1420/1429 1760/1803 1761/1804
f 682/686 1762/1805 683/688
f 683/688 1762/1805 1763/1806
f 1412/1420 780/783 1413/1422
f 1413/1422 780/783 1384/1393
f 1383/1391 1398/1406 1384/1393
f 1384/1393 1398/1406 1413/1422
f 1197/1204 1424/1433 1764/1807
f 1764/1807 1424/1433 1423/1432
f 1537/1569 1287/1295 1538/1568
f 1538/1568 1287/1295 1286/1293
f 1634/1670 1684/1724 1635/1672
f 1635/1672 1684/1724 1736/1775
f 1724/1765 1631/1668 1725/1764
f 1725/1764 1631/1668 1630/1666
f 1562/1592 1730/1769 1610/1647
f 1610/1647 1730/1769 1729/1770
f 1735/1776 1673/1711 1736/1775
f 1736/1775 1673/1711 1635/1672
f 1757/1800 1195/1201 941/947
f 941/947 1195/1201 1194/1200
f 1766/1808 200/200 1765/1809
f 1765/1809 200/200 199/199
f 475/479 500/504 476/480
f 476/480 500/504 479/483
f 498/502 558/561 483/487
f 483/487 558/561 487/491
f 545/551 551/555 546/549
f 546/549 551/555 550/554
f 453/455 1281/1289 219/220
f 219/220 1281/1289 1314/1323
f 298/299 453/455 208/207
f 208/207 453/455 219/220
f 368/367 1765/1809 1767/1810
f 1767/1810 1765/1809 199/199
f 523/527 405/404 363/365
f 363/365 405/404 404/405
f 523/527 533/536 405/404
f 405/404 533/536 402/402
f 298/299 208/207 299/298
f 299/298 208/207 207/209
f 299/298 207/209 176/176
f 176/176 207/209 300/300
f 176/176 300/300 173/173
f 173/173 300/300 202/201
f 173/173 202/201 174/174
f 174/174 202/201 201/203
f 1337/1346 918/924 1768/1811
f 1768/1811 918/924 1336/1345
f 1769/1812 1770/1813 1338/1347
f 1338/1347 1770/1813 859/867
f 581/584 570/574 578/582
f 578/582 570/574 1771/1814
f 555/559 562/566 580/585
f 580/585 562/566 561/565
f 504/507 1772/1815 501/505
f 501/505 1772/1815 548/552
f 517/521 542/546 584/588
f 584/588 542/546 543/547
f 515/518 514/519 516/520
f 516/520 514/519 544/548
f 542/546 517/521 544/548
f 544/548 517/521 516/520
f 561/565 575/579 580/585
f 580/585 575/579 581/584
f 575/579 569/573 581/584
f 581/584 569/573 570/574
f 501/505 548/552 1773/1816
f 1773/1816 548/552 547/550
f 1774/1817 1775/1818 570/574
f 570/574 1775/1818 1771/1814
f 369/368 368/367 1776/1819
f 1776/1819 368/367 1767/1810
f 372/371 369/368 375/375
f 375/375 369/368 1776/1819
f 822/828 1280/1288 1308/1316
f 1308/1316 1280/1288 1320/1329
f 820/826 1281/1289 822/828
f 822/828 1281/1289 1280/1288
f 818/822 1314/1323 820/826
f 820/826 1314/1323 1281/1289
f 1314/1323 818/822 1313/1322
f 1313/1322 818/822 804/824
f 807/811 814/817 825/832
f 825/832 814/817 826/831
f 814/817 813/816 826/831
f 826/831 813/816 827/833
f 813/816 1220/1226 827/833
f 827/833 1220/1226 828/834
f 580/585 579/583 555/559
f 555/559 579/583 547/550
f 1477/1502 1540/1820 872/1503
f 872/878 1540/1571 840/846
f 367/369 499/503 368/367
f 368/367 499/503 1765/1809
f 1766/1808 1765/1809 525/529
f 525/529 1765/1809 499/503
f 1777/1821 1766/1808 526/530
f 526/530 1766/1808 525/529
f 520/524 527/531 362/362
f 362/362 527/531 384/384
f 361/361 1778/1822 519/523
f 519/523 1778/1822 528/532
f 371/373 1779/1823 372/371
f 372/371 1779/1823 369/368
f 369/368 1779/1823 370/370
f 370/370 1779/1823 478/482
f 1779/1823 371/373 478/482
f 478/482 371/373 374/374
f 1778/1822 1777/1821 528/532
f 528/532 1777/1821 526/530
f 1781/1824 1782/1825 1780/1826
f 1780/1826 1782/1825 1783/1827
f 431/433 460/464 67/67
f 67/67 460/464 64/66
f 68/70 338/338 74/74
f 74/74 338/338 72/73
f 1785/1828 1782/1825 1784/1829
f 1784/1829 1782/1825 1786/1830
f 1787/1831 1788/1832 1790/1833
f 1790/1833 1788/1832 1789/1834
f 1792/1835 1789/1834 1791/1836
f 1791/1836 1789/1834 1793/1837
f 1791/1836 1794/1838 1792/1835
f 1792/1835 1794/1838 1795/1839
f 1794/1838 1796/1840 1795/1839
f 1795/1839 1796/1840 1797/1841
f 1797/1841 1798/1842 938/944
f 938/944 1798/1842 868/873
f 1798/1842 1799/1843 868/873
f 868/873 1799/1843 869/874
f 1801/1844 1802/1845 1800/1846
f 1800/1846 1802/1845 1451/1460
f 1803/1847 1804/1848 1205/1211
f 1205/1211 1804/1848 1206/1212
f 1805/1849 1806/1850 864/869
f 864/869 1806/1850 865/870
f 1806/1850 1807/1851 865/870
f 865/870 1807/1851 1808/1852
f 68/70 71/71 338/338
f 287/289 328/327 288/287
f 1320/1329 1321/1330 1308/1316
f 1308/1316 1321/1330 1309/1317
f 1320/1329 441/443 1321/1330
f 1321/1330 441/443 217/218
f 441/443 152/151 217/218
f 217/218 152/151 218/217
f 151/153 286/286 152/151
f 152/151 286/286 218/217
f 297/296 310/310 151/153
f 151/153 310/310 286/286
f 296/297 307/309 297/296
f 297/296 307/309 310/310
f 296/297 143/144 307/309
f 307/309 143/144 284/283
f 143/144 56/58 284/283
f 284/283 56/58 104/104
f 56/58 59/59 104/104
f 104/104 59/59 63/63
f 59/59 102/102 63/63
f 63/63 102/102 60/62
f 102/102 94/93 60/62
f 60/62 94/93 282/282
f 93/92 459/463 279/281
f 279/281 459/463 77/76
f 459/463 460/464 77/76
f 77/76 460/464 78/77
f 460/464 431/433 78/77
f 78/77 431/433 295/295
f 431/433 49/48 295/295
f 295/295 49/48 292/294
f 48/49 421/420 49/48
f 49/48 421/420 292/294
f 276/277 278/278 418/418
f 418/418 278/278 429/431
f 317/316 432/434 278/278
f 278/278 432/434 429/431
f 432/434 317/316 433/435
f 433/435 317/316 316/315
f 326/326 324/324 316/315
f 316/315 324/324 433/435
f 1536/1567 592/596 1809/1853
f 1809/1853 592/596 591/594
f 1810/1854 744/1855 1812/1856
f 1812/1856 744/1855 1811/1857
f 1814/1858 1815/1859 1813/1860
f 1813/1860 1815/1859 1816/1861
f 1817/1862 748/751 1818/1863
f 1818/1863 748/751 747/750
f 1812/1856 1819/1864 1810/1854
f 1810/1854 1819/1864 1817/1862
f 1820/1865 1821/1866 748/751
f 748/751 1821/1866 749/753
f 1823/1867 1824/1868 1822/1869
f 1822/1869 1824/1868 1825/1870
f 1827/1871 1828/1872 1826/1873
f 1826/1873 1828/1872 1829/1874
f 1831/1875 1832/1876 1830/1877
f 1830/1877 1832/1876 1833/1878
f 1834/1879 1827/1871 1243/1251
f 1243/1251 1827/1871 1826/1873
f 1313/1321 804/810 825/832
f 825/832 804/810 807/811
f 1835/1880 1253/1260 1236/1243
f 1236/1243 1253/1260 1237/1242
f 1836/1881 1837/1882 1438/1447
f 1438/1447 1837/1882 1435/1446
f 1838/1883 1505/1532 1840/1884
f 1840/1884 1505/1532 1839/1885
f 1841/1886 1842/1887 716/719
f 716/719 1842/1887 713/717
f 1843/1888 1844/1889 1510/1537
f 1510/1537 1844/1889 1845/1890
f 1847/1891 1848/1892 1846/1893
f 1846/1893 1848/1892 1849/1894
f 1850/1895 1240/1245 1822/1896
f 1822/1896 1240/1245 1239/1247
f 636/640 1831/1897 637/642
f 637/642 1831/1897 1830/1898
f 1852/1899 1853/1900 1851/1901
f 1851/1901 1853/1900 1854/1902
f 1855/1903 1856/1904 1858/1905
f 1858/1905 1856/1904 1857/1906
f 1846/1893 1849/1894 1859/1907
f 1859/1907 1849/1894 1860/1908
f 1343/1353 1401/1410 1509/1538
f 1509/1538 1401/1410 1861/1909
f 1509/1538 1861/1909 635/639
f 635/639 1861/1909 636/640
f 1863/1910 1864/1911 1862/1912
f 1862/1912 1864/1911 1865/1913
f 1283/1291 1503/1531 1867/1914
f 1867/1914 1503/1531 1866/1915
f 1868/1916 1867/1914 681/685
f 681/685 1867/1914 682/686
f 1286/1293 1285/1292 683/688
f 683/688 1285/1292 684/687
f 757/760 756/761 1274/1279
f 1274/1279 756/761 1869/1917
f 1274/1279 1869/1917 717/721
f 717/721 1869/1917 718/722
f 1434/1442 1433/1443 719/724
f 719/724 1433/1443 720/723
f 1200/1205 1538/1568 1545/1577
f 1545/1577 1538/1568 1763/1806
f 1285/1292 1289/1297 684/687
f 684/687 1289/1297 1273/1280
f 684/687 1273/1280 681/685
f 681/685 1273/1280 1272/1278
f 785/789 1283/1291 1868/1916
f 1868/1916 1283/1291 1867/1914
f 786/790 785/789 1870/1918
f 1870/1918 785/789 1868/1916
f 1289/1297 757/760 1273/1280
f 1273/1280 757/760 1274/1279
f 1539/1570 1416/1426 1871/1919
f 1871/1919 1416/1426 1872/1920
f 773/777 1871/1919 1403/1411
f 1403/1411 1871/1919 1404/1412
f 675/680 674/678 1405/1414
f 1405/1414 674/678 1402/1413
f 1864/1911 1873/1921 1865/1913
f 1865/1913 1873/1921 1874/1922
f 638/641 1843/1888 635/639
f 635/639 1843/1888 1510/1537
f 1344/1352 1343/1353 1511/1539
f 1511/1539 1343/1353 1509/1538
f 772/775 1539/1570 773/777
f 773/777 1539/1570 1871/1919
f 674/678 1200/1205 1402/1413
f 1402/1413 1200/1205 1545/1577
f 1538/1568 1286/1293 1763/1806
f 1763/1806 1286/1293 683/688
f 1444/1453 1443/1452 1875/1923
f 1875/1923 1443/1452 1876/1924
f 1875/1923 1876/1924 1831/1875
f 1831/1875 1876/1924 1832/1876
f 1416/1426 1344/1352 1872/1920
f 1872/1920 1344/1352 1511/1539
f 1877/1925 1878/1926 774/780
f 774/780 1878/1926 1879/1927
f 1878/1926 1847/1891 1879/1927
f 1879/1927 1847/1891 1846/1893
f 1880/1928 714/718 1881/1929
f 1881/1929 714/718 1848/1892
f 1401/1410 1444/1463 1861/1909
f 1861/1909 1444/1463 1875/1930
f 1861/1909 1875/1930 636/640
f 636/640 1875/1930 1831/1897
f 1823/1931 1863/1910 1882/1932
f 1882/1932 1863/1910 1862/1912
f 1441/1449 1440/1448 1884/1933
f 1884/1933 1440/1448 1883/1934
f 1883/1934 1852/1899 1884/1933
f 1884/1933 1852/1899 1851/1901
f 1886/1935 1887/1936 1885/1937
f 1885/1937 1887/1936 1888/1938
f 1358/1366 1889/1939 1359/1368
f 1359/1368 1889/1939 1890/1940
f 1891/1941 1886/1935 1892/1942
f 1892/1942 1886/1935 1885/1937
f 774/780 1879/1927 775/778
f 775/778 1879/1927 1893/1943
f 1859/1907 1893/1943 1846/1893
f 1846/1893 1893/1943 1879/1927
f 713/717 1842/1887 1849/1894
f 1849/1894 1842/1887 1860/1908
f 1318/1327 1895/1944 1894/1945
f 1894/1945 1895/1944 1896/1946
f 1873/1921 1897/1947 1874/1922
f 1874/1922 1897/1947 1898/1948
f 1898/1948 605/608 1899/1949
f 1899/1949 605/608 675/680
f 1405/1414 1844/1889 675/680
f 675/680 1844/1889 1899/1949
f 1404/1412 1845/1890 1405/1414
f 1405/1414 1845/1890 1844/1889
f 593/597 1296/1303 591/594
f 591/594 1296/1303 1809/1853
f 1295/1302 1292/1301 1900/1950
f 1900/1950 1292/1301 1895/1944
f 606/610 1897/1947 1291/1299
f 1291/1299 1897/1947 1896/1946
f 1510/1537 1845/1890 1511/1539
f 1511/1539 1845/1890 1872/1920
f 1871/1919 1872/1920 1404/1412
f 1404/1412 1872/1920 1845/1890
f 1866/1915 770/776 1762/1805
f 1762/1805 770/776 1546/1576
f 1762/1805 682/686 1866/1915
f 1866/1915 682/686 1867/1914
f 1870/1918 1868/1916 1272/1278
f 1272/1278 1868/1916 681/685
f 1272/1278 717/721 1870/1918
f 1870/1918 717/721 720/723
f 1870/1918 720/723 786/790
f 786/790 720/723 1433/1443
f 786/790 1433/1443 787/792
f 787/792 1433/1443 1432/1441
f 1261/1266 1414/1423 1432/1441
f 1432/1441 1414/1423 787/792
f 1389/1397 1234/1239 1260/1265
f 1260/1265 1234/1239 1415/1424
f 1719/1758 1670/1707 1388/1399
f 1388/1399 1670/1707 1235/1241
f 1718/1760 1671/1709 1719/1758
f 1719/1758 1671/1709 1670/1707
f 1705/1744 1747/1788 1718/1760
f 1718/1760 1747/1788 1671/1709
f 1659/1695 1901/1951 1704/1746
f 1704/1746 1901/1951 1748/1789
f 1877/1925 1903/1952 1902/1953
f 1902/1953 1903/1952 1904/1954
f 1259/1267 1905/1955 1390/1398
f 1390/1398 1905/1955 1394/1402
f 1715/1755 1720/1759 1393/1401
f 1393/1401 1720/1759 1391/1400
f 1716/1756 1721/1761 1715/1755
f 1715/1755 1721/1761 1720/1759
f 1698/1737 1706/1745 1716/1756
f 1716/1756 1706/1745 1721/1761
f 277/276 276/277 47/47
f 47/47 276/277 48/49
f 84/85 96/96 81/81
f 81/81 96/96 82/83
f 80/80 70/69 81/81
f 81/81 70/69 85/84
f 99/99 97/98 88/87
f 88/87 97/98 89/88
f 90/90 100/100 88/87
f 88/87 100/100 99/99
f 101/101 95/95 102/102
f 102/102 95/95 94/93
f 1906/1956 1907/1957 280/279
f 280/279 1907/1957 281/280
f 97/98 86/86 89/88
f 89/88 86/86 85/84
f 60/62 282/282 61/60
f 61/60 282/282 281/280
f 83/82 82/83 46/46
f 46/46 82/83 47/47
f 293/292 292/294 420/421
f 420/421 292/294 421/420
f 419/419 1908/1958 420/421
f 420/421 1908/1958 1909/1959
f 92/94 95/95 91/91
f 91/91 95/95 90/90
f 279/281 282/282 93/92
f 93/92 282/282 94/93
f 276/277 418/418 48/49
f 48/49 418/418 421/420
f 1910/1960 1660/1696 1697/1739
f 1697/1739 1660/1696 1707/1747
f 1703/1742 1624/1663 1700/1740
f 1700/1740 1624/1663 1644/1681
f 1622/1658 1910/1960 1623/1660
f 1623/1660 1910/1960 1697/1739
f 1701/1741 1700/1740 1911/1961
f 1911/1961 1700/1740 1661/1698
f 1700/1740 1644/1681 1661/1698
f 1661/1698 1644/1681 1658/1697
f 1901/1951 1737/1777 1733/1772
f 1733/1772 1737/1777 1645/1682
f 1625/1661 1912/1962 1604/1641
f 1604/1641 1912/1962 1731/1771
f 1912/1962 1913/1963 1731/1771
f 1731/1771 1913/1963 1914/1964
f 1913/1963 1577/1608 1914/1964
f 1914/1964 1577/1608 1572/1603
f 1915/1965 1578/1609 1616/1656
f 1616/1656 1578/1609 1618/1655
f 1915/1966 1916/1967 1598/1633
f 1598/1633 1916/1967 1743/1784
f 1916/1967 1574/1604 1743/1784
f 1743/1784 1574/1604 1573/1606
f 1575/1605 1917/1968 1576/1607
f 1576/1607 1917/1968 1597/1630
f 1917/1968 1609/1644 1597/1630
f 1597/1630 1609/1644 1594/1629
f 1608/1643 1611/1645 1729/1770
f 1729/1770 1611/1645 1610/1647
f 1918/1969 1612/1646 1629/1665
f 1629/1665 1612/1646 1630/1666
f 1626/1662 1918/1969 1627/1664
f 1627/1664 1918/1969 1629/1665
f 1920/1970 1921/1971 1919/1972
f 1919/1972 1921/1971 1922/1973
f 1920/1970 1924/1974 1923/1975
f 1923/1975 1924/1974 1925/1976
f 1926/1977 1927/1978 1924/1974
f 1924/1974 1927/1978 1925/1976
f 1929/1979 1930/1980 1928/1981
f 1928/1981 1930/1980 1931/1982
f 1932/1983 1933/1984 1935/1985
f 1935/1985 1933/1984 1934/1986
f 1937/1987 1938/1988 1936/1989
f 1936/1989 1938/1988 1939/1990
f 1941/1991 1942/1992 1940/1993
f 1940/1994 1942/1995 1943/1996
f 1941/1991 1945/1997 1944/1998
f 1944/1998 1945/1997 1946/1999
f 1947/2000 1948/2001 1694/1734
f 1694/1734 1948/2001 1949/2002
f 1950/2003 1951/2004 1953/2005
f 1953/2005 1951/2004 1952/2006
f 1955/2007 1956/2008 1954/2009
f 1954/2009 1956/2008 1589/1620
f 1958/2010 1956/2008 1957/2011
f 1957/2011 1956/2008 1932/1983
f 1960/2012 1934/1986 1959/2013
f 1959/2013 1934/1986 1933/1984
f 1962/2014 1963/2015 1961/2016
f 1961/2016 1963/2015 1964/2017
f 1965/2018 1955/2007 1751/1792
f 1751/1792 1955/2007 1954/2009
f 1935/1985 1930/1980 1932/1983
f 1932/1983 1930/1980 1957/2011
f 1951/2004 1950/2003 1926/1977
f 1926/1977 1950/2003 1929/1979
f 1966/2019 1967/2020 1593/1626
f 1593/1626 1967/2020 1590/1624
f 1969/2021 1967/2020 1968/2022
f 1968/2022 1967/2020 1964/2017
f 1962/2014 1921/1971 1970/2023
f 1970/2023 1921/1971 1971/2024
f 1963/2015 1945/1997 1964/2017
f 1964/2017 1945/1997 1968/2022
f 1972/2025 1948/2001 1922/1973
f 1922/1973 1948/2001 1919/1972
f 1966/2019 1972/2025 1961/2016
f 1961/2016 1972/2025 1922/1973
f 1958/2010 1953/2005 1587/1619
f 1587/1619 1953/2005 1560/1591
f 1974/2026 1975/2027 1973/2028
f 1973/2028 1975/2027 1976/2029
f 1978/2030 1979/2031 1977/2032
f 1977/2032 1979/2031 1691/1731
f 1979/2031 1975/2027 1691/1731
f 1691/1731 1975/2027 1586/1617
f 1938/1988 1942/1995 1939/1990
f 1939/2033 1942/1992 1980/2034
f 1952/2006 1947/2000 1557/1590
f 1557/1590 1947/2000 1694/1734
f 1969/2035 1978/2030 1981/2036
f 1981/2036 1978/2030 1977/2032
f 1983/2037 1984/2038 1982/2039
f 1982/2039 1984/2038 1985/2040
f 1986/2041 1987/2042 1989/2043
f 1989/2043 1987/2042 1988/2044
f 1990/2045 1991/2046 1983/2037
f 1983/2037 1991/2046 1984/2038
f 1990/2045 1993/2047 1992/2048
f 1992/2048 1993/2047 1994/2049
f 1995/2050 1996/2051 1994/2052
f 1994/2052 1996/2051 1997/2053
f 1999/2054 2000/2055 1998/2056
f 1998/2056 2000/2055 2001/2057
f 2003/2058 2004/2059 2002/2060
f 2002/2060 2004/2059 2005/2061
f 2007/2062 2008/2063 2006/2064
f 2006/2064 2008/2063 2009/2065
f 2011/2066 2012/2067 2010/2068
f 2010/2068 2012/2067 2013/2069
f 2014/2070 2015/2071 2017/2072
f 2017/2072 2015/2071 2016/2073
f 2018/2074 2019/2075 2021/2076
f 2021/2076 2019/2075 2020/2077
f 2022/2078 1989/2043 2024/2079
f 2024/2079 1989/2043 2023/2080
f 1989/2043 1988/2044 2023/2080
f 2023/2080 1988/2044 2025/2081
f 2026/2082 2027/2083 2017/2072
f 2017/2072 2027/2083 2014/2070
f 2029/2084 2030/2085 2028/2086
f 2028/2086 2030/2085 2031/2087
f 2033/2088 2034/2089 2032/2090
f 2032/2090 2034/2089 2035/2091
f 2032/2090 2035/2091 2036/2092
f 2036/2092 2035/2091 2037/2093
f 2039/2094 2040/2095 2038/2096
f 2038/2096 2040/2095 2041/2097
f 1982/2039 2042/2098 1983/2037
f 1983/2037 2042/2098 2043/2099
f 2045/2100 2046/2101 2044/2102
f 2044/2102 2046/2101 2047/2103
f 2049/2104 2050/2105 2048/2106
f 2048/2106 2050/2105 2051/2107
f 2053/2108 2054/2109 2052/2110
f 2052/2110 2054/2109 2055/2111
f 2057/2112 2058/2113 2056/2114
f 2056/2114 2058/2113 2059/2115
f 2060/2116 2061/2117 2033/2088
f 2033/2088 2061/2117 2034/2089
f 2063/2118 2064/2119 2062/2120
f 2062/2120 2064/2119 2065/2121
f 2066/2122 2035/2091 2067/2123
f 2067/2123 2035/2091 2034/2089
f 2069/2124 2039/2094 2068/2125
f 2068/2125 2039/2094 2038/2096
f 2025/2081 2070/2126 2023/2080
f 2023/2080 2070/2126 2071/2127
f 2072/2128 2024/2079 2071/2127
f 2071/2127 2024/2079 2023/2080
f 2074/2129 2020/2077 2073/2130
f 2073/2130 2020/2077 2019/2075
f 2050/2105 2049/2104 2047/2103
f 2047/2103 2049/2104 2075/2131
f 1983/2037 2043/2099 1990/2045
f 1990/2045 2043/2099 1993/2047
f 2006/2064 2050/2105 2007/2062
f 2007/2062 2050/2105 2076/2132
f 2050/2105 2006/2064 2051/2107
f 2051/2107 2006/2064 2077/2133
f 2079/2134 2080/2135 2078/2136
f 2078/2136 2080/2135 2081/2137
f 2082/2138 2083/2139 2085/2140
f 2085/2140 2083/2139 2084/2141
f 2010/2068 2013/2069 2086/2142
f 2086/2142 2013/2069 2087/2143
f 2089/2144 2033/2088 2088/2145
f 2088/2145 2033/2088 2032/2090
f 2090/2146 2060/2116 2089/2144
f 2089/2144 2060/2116 2033/2088
f 2092/2147 2093/2148 2091/2149
f 2091/2149 2093/2148 2094/2150
f 2096/2151 1986/2041 2095/2152
f 2095/2152 1986/2041 2097/2153
f 2097/2153 1986/2041 2022/2078
f 2022/2078 1986/2041 1989/2043
f 2015/2071 2094/2150 2016/2073
f 2016/2073 2094/2150 2098/2154
f 2016/2073 2098/2154 2100/2155
f 2100/2155 2098/2154 2099/2156
f 2017/2072 2016/2073 2101/2157
f 2101/2157 2016/2073 2100/2155
f 2017/2072 2101/2157 2026/2082
f 2026/2082 2101/2157 2102/2158
f 2100/2155 2099/2156 2104/2159
f 2104/2159 2099/2156 2103/2160
f 2104/2159 2105/2161 2100/2155
f 2100/2155 2105/2161 2101/2157
f 2105/2161 2106/2162 2101/2157
f 2101/2157 2106/2162 2102/2158
f 2108/2163 2061/2117 2107/2164
f 2107/2164 2061/2117 2109/2165
f 2111/2166 2112/2167 2110/2168
f 2110/2168 2112/2167 2020/2077
f 2020/2077 2074/2129 2110/2168
f 2110/2168 2074/2129 2113/2169
f 2115/2170 2116/2171 2114/2172
f 2114/2172 2116/2171 2117/2173
f 2118/2174 2119/2175 1995/2176
f 1995/2176 2119/2175 2120/2177
f 2121/2178 2122/2179 2027/2083
f 2027/2083 2122/2179 2014/2070
f 2047/2103 2075/2131 2044/2102
f 2044/2102 2075/2131 2123/2180
f 2124/2181 2125/2182 2127/2183
f 2127/2183 2125/2182 2126/2184
f 2129/2185 2130/2186 2128/2187
f 2128/2187 2130/2186 2131/2188
f 2132/2189 2133/2190 2057/2112
f 2057/2112 2133/2190 2058/2113
f 2134/2191 1999/2054 2136/2192
f 2136/2192 1999/2054 2135/2193
f 2055/2111 2138/2194 2137/2195
f 2137/2195 2138/2194 2139/2196
f 2141/2197 2142/2198 2140/2199
f 2140/2199 2142/2198 2143/2200
f 2083/2201 2082/2202 2064/2119
f 2064/2119 2082/2202 2065/2121
f 2082/2202 2144/2203 2065/2121
f 2065/2121 2144/2203 2145/2204
f 2040/2205 2146/2206 2041/2207
f 2041/2207 2146/2206 2147/2208
f 2060/2116 2090/2146 2148/2209
f 2148/2209 2090/2146 2149/2210
f 2048/2106 2051/2107 2137/2195
f 2137/2195 2051/2107 2150/2211
f 2151/2212 1997/2053 2135/2193
f 2135/2193 1997/2053 1996/2051
f 2152/2213 2150/2211 2077/2133
f 2077/2133 2150/2211 2051/2107
f 2046/2101 2045/2100 2118/2174
f 2118/2174 2045/2100 2119/2175
f 2154/2214 2155/2215 2153/2216
f 2153/2216 2155/2215 2156/2217
f 2158/2218 2159/2219 2157/2220
f 2157/2220 2159/2219 2160/2221
f 2162/2222 2163/2223 2161/2224
f 2161/2224 2163/2223 2164/2225
f 2164/2225 2163/2223 2165/2226
f 2165/2226 2163/2223 2166/2227
f 2168/2228 2169/2229 2167/2230
f 2167/2230 2169/2229 2170/2231
f 2003/2058 2172/2232 2171/2233
f 2171/2233 2172/2232 2173/2234
f 2174/2235 2175/2236 2002/2060
f 2002/2060 2175/2236 2176/2237
f 2145/2204 2177/2238 2065/2121
f 2065/2121 2177/2238 2062/2120
f 2178/2239 2179/2240 2180/2241
f 2180/2241 2179/2240 2134/2191
f 2181/2242 2052/2110 2152/2213
f 2152/2213 2052/2110 2150/2211
f 2040/2205 2127/2243 2146/2206
f 2146/2206 2127/2243 2182/2244
f 2130/2186 2162/2222 2131/2188
f 2131/2188 2162/2222 2161/2224
f 2052/2110 2055/2111 2150/2211
f 2150/2211 2055/2111 2137/2195
f 2184/2245 2185/2246 2183/2247
f 2183/2247 2185/2246 2186/2248
f 2159/2219 2030/2085 2160/2221
f 2160/2221 2030/2085 2187/2249
f 2146/2206 2182/2244 2029/2084
f 2029/2084 2182/2244 2188/2250
f 2189/2251 2190/2252 2192/2253
f 2192/2253 2190/2252 2191/2254
f 2172/2232 2003/2058 2176/2237
f 2176/2237 2003/2058 2002/2060
f 1998/2056 2151/2212 1999/2054
f 1999/2054 2151/2212 2135/2193
f 2177/2238 2172/2232 2062/2120
f 2062/2120 2172/2232 2176/2237
f 2172/2232 2177/2238 2173/2234
f 2173/2234 2177/2238 2193/2255
f 2063/2118 2194/2256 2064/2119
f 2064/2119 2194/2256 2195/2257
f 2066/2122 2197/2258 2196/2259
f 2196/2259 2197/2258 2198/2260
f 2002/2060 2005/2061 2174/2235
f 2174/2235 2005/2061 2199/2261
f 2004/2059 2003/2058 2200/2262
f 2200/2262 2003/2058 2171/2233
f 2198/2260 2201/2263 2171/2233
f 2171/2233 2201/2263 2200/2262
f 2197/2258 2202/2264 2198/2260
f 2198/2260 2202/2264 2201/2263
f 2202/2264 2197/2258 2203/2265
f 2203/2265 2197/2258 2204/2266
f 2196/2259 2198/2260 2173/2234
f 2173/2234 2198/2260 2171/2233
f 2205/2267 2069/2124 2170/2231
f 2170/2231 2069/2124 2206/2268
f 2197/2258 2066/2122 2204/2266
f 2204/2266 2066/2122 2067/2123
f 2107/2164 2207/2269 2108/2163
f 2108/2163 2207/2269 2208/2270
f 2210/2271 2208/2270 2209/2272
f 2209/2272 2208/2270 2207/2269
f 2185/2246 2211/2273 2212/2274
f 2213/2275 2214/2276 2211/2273
f 2211/2273 2214/2276 2212/2274
f 1998/2056 2001/2057 2213/2275
f 2213/2275 2001/2057 2214/2276
f 2134/2191 2215/2277 1999/2054
f 1999/2054 2215/2277 2000/2055
f 2216/2278 2217/2279 2219/2280
f 2219/2280 2217/2279 2218/2281
f 2206/2268 2220/2282 2170/2231
f 2170/2231 2220/2282 2167/2230
f 2069/2124 2068/2125 2206/2268
f 2206/2268 2068/2125 2221/2283
f 2151/2212 1998/2056 2222/2284
f 2222/2284 1998/2056 2213/2275
f 2124/2181 2039/2094 2205/2267
f 2205/2267 2039/2094 2069/2124
f 2142/2198 2223/2285 2143/2200
f 2143/2200 2223/2285 2128/2187
f 2203/2265 2186/2248 2202/2264
f 2202/2264 2186/2248 2185/2246
f 2185/2246 2184/2245 2211/2273
f 2211/2273 2184/2245 2224/2286
f 2224/2286 2225/2287 2222/2284
f 2222/2284 2225/2287 2226/2288
f 2071/2127 2227/2289 2072/2128
f 2072/2128 2227/2289 2228/2290
f 2229/2291 2074/2129 2230/2292
f 2230/2292 2074/2129 2073/2130
f 2074/2129 2229/2291 2113/2169
f 2113/2169 2229/2291 2231/2293
f 2232/2294 2225/2287 2227/2289
f 2227/2289 2225/2287 2224/2286
f 2233/2295 2234/2296 2031/2087
f 2031/2087 2234/2296 2028/2086
f 2236/2297 2231/2293 2235/2298
f 2235/2298 2231/2293 2229/2291
f 2230/2292 2183/2247 2229/2291
f 2229/2291 2183/2247 2235/2298
f 2237/2299 1987/2042 2096/2151
f 2096/2151 1987/2042 1986/2041
f 2152/2213 2238/2300 2181/2242
f 2181/2242 2238/2300 2239/2301
f 2080/2135 2240/2302 2081/2137
f 2081/2137 2240/2302 2241/2303
f 2236/2297 2242/2304 1971/2024
f 1971/2024 2242/2304 1970/2023
f 1925/1976 2113/2169 1923/1975
f 1923/1975 2113/2169 2231/2293
f 2110/2168 1927/1978 2111/2166
f 2111/2166 1927/1978 1928/1981
f 2103/2160 2111/2166 1931/1982
f 1931/1982 2111/2166 1928/1981
f 1931/1982 2243/2305 2103/2160
f 2103/2160 2243/2305 2104/2159
f 2105/2161 2104/2159 2244/2306
f 2244/2306 2104/2159 2243/2305
f 1939/2033 1980/2034 2148/2209
f 2148/2209 1980/2034 2109/2165
f 1980/2034 1944/1998 2109/2165
f 2109/2165 1944/1998 2107/2164
f 1946/1999 2245/2307 2207/2269
f 2207/2269 2245/2307 2209/2272
f 2245/2307 1970/2023 2209/2272
f 2209/2272 1970/2023 2242/2304
f 2231/2293 2236/2297 1923/1975
f 1923/1975 2236/2297 1971/2024
f 2113/2169 1925/1976 2110/2168
f 2110/2168 1925/1976 1927/1978
f 2234/2296 2246/2308 2028/2086
f 2028/2086 2246/2308 2147/2208
f 2247/2309 2248/2310 2058/2113
f 2058/2113 2248/2310 2059/2115
f 2114/2172 2117/2173 2249/2311
f 2249/2311 2117/2173 2250/2312
f 2252/2313 2253/2314 2251/2315
f 2251/2315 2253/2314 2254/2316
f 2094/2150 2015/2071 2091/2149
f 2091/2149 2015/2071 2255/2317
f 2256/2318 2255/2317 2014/2070
f 2014/2070 2255/2317 2015/2071
f 2257/2319 2145/2204 2258/2320
f 2258/2320 2145/2204 2144/2203
f 2131/2188 2161/2224 2123/2180
f 2123/2180 2161/2224 2044/2102
f 2045/2100 2044/2102 2164/2225
f 2164/2225 2044/2102 2161/2224
f 2045/2100 2164/2225 2119/2175
f 2119/2175 2164/2225 2165/2226
f 2259/2321 2120/2177 2165/2226
f 2165/2226 2120/2177 2119/2175
f 2260/2322 2261/2323 2259/2324
f 2259/2324 2261/2323 2120/2325
f 2205/2267 2262/2326 2124/2181
f 2124/2181 2262/2326 2125/2182
f 2180/2241 2263/2327 2178/2239
f 2178/2328 2263/2329 2264/2330
f 2265/2331 2266/2332 2092/2147
f 2092/2147 2266/2332 2093/2148
f 1992/2048 2267/2333 2268/2334
f 2184/2245 2228/2290 2224/2286
f 2224/2286 2228/2290 2227/2289
f 2048/2106 2269/2335 2049/2104
f 2049/2104 2269/2335 2141/2197
f 2129/2185 2168/2336 2157/2220
f 2157/2220 2168/2336 2167/2337
f 2049/2104 2141/2197 2075/2131
f 2075/2131 2141/2197 2140/2199
f 2199/2261 2215/2277 2270/2338
f 2270/2338 2215/2277 2271/2339
f 2142/2198 2141/2197 2272/2340
f 2272/2340 2141/2197 2269/2335
f 2089/2341 2026/2082 2090/2342
f 2090/2342 2026/2082 2102/2158
f 2146/2206 2029/2084 2147/2208
f 2147/2208 2029/2084 2028/2086
f 2111/2166 2103/2160 2112/2167
f 2112/2167 2103/2160 2099/2156
f 2061/2117 2060/2116 2109/2165
f 2109/2165 2060/2116 2148/2209
f 2273/2343 2274/2344 2041/2097
f 2041/2097 2274/2344 2038/2096
f 2260/2322 2275/2345 2261/2323
f 2261/2323 2275/2345 2136/2192
f 2057/2112 2138/2194 2132/2189
f 2132/2189 2138/2194 2276/2346
f 2272/2340 2269/2335 2056/2114
f 2056/2114 2269/2335 2139/2196
f 2277/2347 2278/2348 2270/2338
f 2270/2338 2278/2348 2199/2261
f 2029/2084 2188/2250 2030/2085
f 2030/2085 2188/2250 2187/2249
f 2040/2095 2039/2094 2127/2183
f 2127/2183 2039/2094 2124/2181
f 2064/2119 2195/2257 2083/2201
f 2083/2201 2195/2257 2279/2349
f 2056/2114 2139/2196 2057/2112
f 2057/2112 2139/2196 2138/2194
f 2278/2348 2277/2347 2247/2350
f 2247/2309 2277/2351 2248/2310
f 2062/2120 2176/2237 2063/2118
f 2063/2118 2176/2237 2175/2236
f 2280/2352 2210/2271 2242/2304
f 2242/2304 2210/2271 2209/2272
f 2282/2353 2233/2295 2281/2354
f 2281/2354 2233/2295 2031/2087
f 2216/2355 2219/2356 2283/2357
f 2283/2357 2219/2356 2221/2283
f 2158/2218 2220/2358 2218/2281
f 2218/2281 2220/2358 2219/2280
f 2217/2279 2282/2353 2218/2281
f 2218/2281 2282/2353 2281/2354
f 2220/2358 2158/2218 2167/2337
f 2167/2337 2158/2218 2157/2220
f 2223/2285 2264/2330 2128/2187
f 2128/2187 2264/2330 2263/2329
f 2261/2323 1996/2051 2120/2325
f 2120/2325 1996/2051 1995/2050
f 2213/2275 2211/2273 2222/2284
f 2222/2284 2211/2273 2224/2286
f 2283/2357 2221/2283 2284/2359
f 2284/2359 2221/2283 2068/2125
f 2135/2193 1996/2051 2136/2192
f 2136/2192 1996/2051 2261/2323
f 2144/2360 2081/2137 2258/2361
f 2258/2361 2081/2137 2241/2303
f 2235/2298 2280/2352 2236/2297
f 2236/2297 2280/2352 2242/2304
f 2246/2308 2273/2362 2147/2208
f 2147/2208 2273/2362 2041/2207
f 2036/2092 2285/2363 2032/2090
f 2032/2090 2285/2363 2088/2145
f 2077/2133 2286/2364 2152/2213
f 2152/2213 2286/2364 2238/2300
f 1937/1987 1960/2012 1973/2028
f 1973/2028 1960/2012 1959/2013
f 2070/2126 2232/2294 2071/2127
f 2071/2127 2232/2294 2227/2289
f 2244/2306 2287/2365 2105/2161
f 2105/2161 2287/2365 2106/2162
f 1936/1989 1939/1990 2149/2366
f 2149/2210 1939/2033 2148/2209
f 1944/1998 1946/1999 2107/2164
f 2107/2164 1946/1999 2207/2269
f 2285/2367 2121/2178 2088/2368
f 2088/2368 2121/2178 2027/2083
f 2253/2314 2249/2311 2254/2316
f 2254/2316 2249/2311 2250/2312
f 2006/2064 2009/2065 2077/2133
f 2077/2133 2009/2065 2286/2364
f 2289/2369 2086/2142 2288/2370
f 2288/2370 2086/2142 2087/2143
f 2223/2285 2142/2198 2290/2371
f 2290/2371 2142/2198 2272/2340
f 2128/2187 2131/2188 2143/2200
f 2143/2200 2131/2188 2123/2180
f 2156/2217 2291/2372 2153/2216
f 2153/2216 2291/2372 2175/2236
f 2292/2373 2293/2374 2278/2348
f 2278/2348 2293/2374 2294/2375
f 2075/2131 2140/2199 2123/2180
f 2123/2180 2140/2199 2143/2200
f 2262/2326 2169/2229 2275/2345
f 2275/2345 2169/2229 2180/2241
f 2275/2345 2180/2241 2136/2192
f 2136/2192 2180/2241 2134/2191
f 2274/2344 2284/2359 2038/2096
f 2038/2096 2284/2359 2068/2125
f 2127/2243 2126/2376 2182/2244
f 2182/2244 2126/2376 2166/2227
f 2094/2150 2093/2148 2098/2154
f 2098/2154 2093/2148 2021/2076
f 2098/2154 2021/2076 2099/2156
f 2099/2156 2021/2076 2112/2167
f 2018/2074 2021/2076 2266/2332
f 2266/2332 2021/2076 2093/2148
f 2251/2315 2289/2369 2252/2313
f 2252/2313 2289/2369 2288/2370
f 1997/2053 2151/2212 2226/2288
f 2226/2288 2151/2212 2222/2284
f 2206/2268 2221/2283 2220/2282
f 2220/2282 2221/2283 2219/2356
f 2269/2335 2048/2106 2139/2196
f 2139/2196 2048/2106 2137/2195
f 2159/2219 2158/2218 2281/2354
f 2281/2354 2158/2218 2218/2281
f 2156/2377 2155/2378 2190/2252
f 2190/2252 2155/2378 2191/2254
f 1974/2026 1965/2018 1583/1616
f 1583/1616 1965/2018 1751/1792
f 2088/2368 2027/2083 2089/2341
f 2089/2341 2027/2083 2026/2082
f 2030/2085 2159/2219 2031/2087
f 2031/2087 2159/2219 2281/2354
f 2106/2162 2149/2366 2102/2158
f 2102/2158 2149/2366 2090/2342
f 2287/2365 1936/1989 2106/2162
f 2106/2162 1936/1989 2149/2366
f 2293/2374 2154/2214 2294/2375
f 2294/2375 2154/2214 2153/2216
f 2021/2076 2020/2077 2112/2167
f 2247/2350 2295/2379 2278/2348
f 2278/2348 2295/2379 2292/2373
f 2284/2359 2296/2380 2283/2357
f 2283/2357 2296/2380 2297/2381
f 2298/2382 2296/2380 2274/2344
f 2274/2344 2296/2380 2284/2359
f 2273/2343 2299/2383 2274/2344
f 2274/2344 2299/2383 2298/2382
f 2246/2308 2300/2384 2273/2362
f 2273/2362 2300/2384 2299/2385
f 2283/2357 2297/2381 2216/2355
f 2216/2355 2297/2381 2301/2386
f 2216/2278 2301/2387 2217/2279
f 2217/2279 2301/2387 2302/2388
f 2302/2388 2303/2389 2217/2279
f 2217/2279 2303/2389 2282/2353
f 2304/2390 2301/2386 2305/2391
f 2305/2391 2301/2386 2297/2381
f 2307/2392 2308/2393 2306/2394
f 2306/2394 2308/2393 2309/2395
f 2306/2394 2310/2396 2307/2392
f 2307/2392 2310/2396 2311/2397
f 2307/2392 2312/2398 2308/2393
f 2308/2393 2312/2398 2313/2399
f 2314/2400 2315/2401 2312/2398
f 2312/2398 2315/2401 2316/2402
f 2316/2402 2317/2403 2312/2398
f 2312/2398 2317/2403 2313/2399
f 2317/2403 2305/2391 2313/2399
f 2313/2399 2305/2391 2318/2404
f 2314/2400 2312/2398 2311/2397
f 2311/2397 2312/2398 2307/2392
f 2319/2405 2320/2406 2322/2407
f 2322/2407 2320/2406 2321/2408
f 2322/2407 2311/2397 2319/2405
f 2319/2405 2311/2397 2310/2396
f 2313/2399 2318/2404 2308/2393
f 2308/2393 2318/2404 2309/2395
f 2296/2380 2298/2382 2318/2404
f 2318/2404 2298/2382 2309/2395
f 2309/2395 2298/2382 2323/2409
f 2323/2409 2298/2382 2299/2383
f 2306/2394 2309/2395 2324/2410
f 2324/2410 2309/2395 2323/2409
f 2310/2396 2306/2394 2325/2411
f 2325/2411 2306/2394 2324/2410
f 2296/2380 2318/2404 2297/2381
f 2297/2381 2318/2404 2305/2391
f 2319/2405 2310/2396 2326/2412
f 2326/2412 2310/2396 2325/2411
f 2328/2413 2325/2414 2327/2415
f 2327/2415 2325/2414 2324/2416
f 2325/2414 2328/2413 2326/2417
f 2326/2417 2328/2413 2329/2418
f 2331/2419 2328/2413 2330/2420
f 2330/2420 2328/2413 2327/2415
f 2332/2421 2333/2422 2327/2415
f 2327/2415 2333/2422 2330/2420
f 2328/2413 2331/2419 2329/2418
f 2329/2418 2331/2419 2334/2423
f 2324/2416 2323/2424 2327/2415
f 2327/2415 2323/2424 2332/2421
f 2300/2384 2332/2421 2299/2385
f 2299/2385 2332/2421 2323/2424
f 2326/2412 2335/2425 2319/2405
f 2319/2405 2335/2425 2320/2406
f 2305/2391 2317/2403 2336/2426
f 2336/2426 2317/2403 2316/2402
f 2336/2426 2316/2402 2337/2427
f 2337/2427 2316/2402 2315/2401
f 2338/2428 2304/2390 2336/2426
f 2336/2426 2304/2390 2305/2391
f 2337/2427 2339/2429 2336/2426
f 2336/2426 2339/2429 2338/2428
f 2337/2427 2315/2401 2341/2430
f 2341/2430 2315/2401 2340/2431
f 2342/2432 2300/2384 2234/2296
f 2234/2296 2300/2384 2246/2308
f 2303/2389 2343/2433 2282/2353
f 2282/2353 2343/2433 2233/2295
f 2234/2296 2233/2295 2342/2432
f 2342/2432 2233/2295 2343/2433
f 2342/2432 2343/2433 2333/2422
f 2333/2422 2343/2433 2344/2434
f 2333/2422 2344/2434 2330/2420
f 2330/2420 2344/2434 2345/2435
f 2346/2436 2344/2434 2303/2389
f 2303/2389 2344/2434 2343/2433
f 2332/2421 2300/2384 2333/2422
f 2333/2422 2300/2384 2342/2432
f 2347/2437 2346/2436 2302/2388
f 2302/2388 2346/2436 2303/2389
f 2301/2387 2304/2438 2302/2388
f 2302/2388 2304/2438 2347/2437
f 2304/2438 2338/2439 2347/2437
f 2347/2437 2338/2439 2348/2440
f 2348/2440 2349/2441 2347/2437
f 2347/2437 2349/2441 2346/2436
f 2350/2442 2351/2443 2348/2440
f 2348/2440 2351/2443 2349/2441
f 2349/2441 2345/2435 2346/2436
f 2346/2436 2345/2435 2344/2434
f 2345/2435 2349/2441 2352/2444
f 2352/2444 2349/2441 2351/2443
f 2338/2439 2339/2445 2348/2440
f 2348/2440 2339/2445 2350/2442
f 2350/2442 2339/2445 2353/2446
f 2353/2446 2339/2445 2354/2447
f 2356/2448 2357/2449 2355/2450
f 2355/2450 2357/2449 2353/2446
f 2351/2443 2350/2442 2357/2449
f 2357/2449 2350/2442 2353/2446
f 2353/2446 2354/2447 2355/2450
f 2355/2450 2354/2447 2335/2451
f 2320/2406 2335/2425 2341/2430
f 2341/2430 2335/2425 2354/2452
f 2339/2429 2337/2427 2354/2452
f 2354/2452 2337/2427 2341/2430
f 2352/2444 2331/2419 2345/2435
f 2345/2435 2331/2419 2330/2420
f 2356/2448 2334/2423 2352/2444
f 2352/2444 2334/2423 2331/2419
f 2356/2448 2352/2444 2357/2449
f 2357/2449 2352/2444 2351/2443
f 2355/2450 2329/2418 2356/2448
f 2356/2448 2329/2418 2334/2423
f 2335/2451 2326/2417 2355/2450
f 2355/2450 2326/2417 2329/2418
f 2321/2408 2314/2400 2322/2407
f 2322/2407 2314/2400 2311/2397
f 2321/2408 2320/2406 2340/2431
f 2340/2431 2320/2406 2341/2430
f 2315/2401 2314/2400 2340/2431
f 2340/2431 2314/2400 2321/2408
f 2125/2182 2260/2322 2126/2184
f 2126/2184 2260/2322 2259/2324
f 2157/2220 2160/2221 2129/2185
f 2129/2185 2160/2221 2130/2186
f 2188/2250 2163/2223 2187/2249
f 2187/2249 2163/2223 2162/2222
f 2182/2244 2166/2227 2188/2250
f 2188/2250 2166/2227 2163/2223
f 2180/2241 2169/2229 2263/2327
f 2263/2327 2169/2229 2168/2228
f 2160/2221 2187/2249 2130/2186
f 2130/2186 2187/2249 2162/2222
f 2275/2345 2260/2322 2262/2326
f 2262/2326 2260/2322 2125/2182
f 2128/2187 2263/2329 2129/2185
f 2129/2185 2263/2329 2168/2336
f 2262/2326 2205/2267 2169/2229
f 2169/2229 2205/2267 2170/2231
f 2165/2226 2166/2227 2259/2321
f 2259/2321 2166/2227 2126/2376
f 2359/2453 2360/2454 2358/2455
f 2358/2455 2360/2454 2361/2456
f 2363/2457 2364/2458 2362/2459
f 2362/2459 2364/2458 2365/2460
f 2367/2461 2363/2457 2366/2462
f 2366/2462 2363/2457 2362/2459
f 2368/2463 2369/2464 2371/2465
f 2371/2465 2369/2464 2370/2466
f 2372/2467 2373/2468 2248/2310
f 2248/2310 2373/2468 2059/2115
f 2364/2469 2374/2470 2365/2471
f 2365/2471 2374/2470 2375/2472
f 2377/2473 2378/2474 2376/2475
f 2376/2475 2378/2474 2379/2476
f 2290/2371 2380/2477 2223/2285
f 2223/2285 2380/2477 2381/2478
f 2223/2285 2381/2478 2264/2330
f 2264/2330 2381/2478 2382/2479
f 2384/2480 2385/2481 2383/2482
f 2383/2482 2385/2481 2386/2483
f 2364/2469 2371/2484 2374/2470
f 2374/2470 2371/2484 2387/2485
f 2059/2115 2373/2468 2290/2371
f 2290/2371 2373/2468 2380/2477
f 2378/2474 2360/2454 2379/2476
f 2379/2476 2360/2454 2388/2486
f 2374/2470 2387/2485 2359/2453
f 2359/2453 2387/2485 2389/2487
f 2390/2488 2367/2461 2386/2483
f 2386/2483 2367/2461 2391/2489
f 2393/2490 2394/2491 2392/2492
f 2392/2492 2394/2491 2395/2493
f 2386/2483 2391/2489 2383/2482
f 2383/2482 2391/2489 2396/2494
f 2367/2461 2366/2462 2391/2489
f 2391/2489 2366/2462 2397/2495
f 2363/2457 2367/2461 2368/2463
f 2368/2463 2367/2461 2390/2488
f 2398/2496 2399/2497 2361/2456
f 2361/2456 2399/2497 2358/2455
f 2399/2497 2400/2498 2358/2455
f 2358/2455 2400/2498 2375/2472
f 2390/2488 2401/2499 2368/2463
f 2368/2463 2401/2499 2369/2464
f 2372/2467 2384/2500 2376/2475
f 2376/2475 2384/2500 2383/2501
f 2374/2470 2359/2453 2375/2472
f 2375/2472 2359/2453 2358/2455
f 2402/2502 2403/2503 2365/2460
f 2365/2460 2403/2503 2362/2459
f 2359/2453 2389/2487 2360/2454
f 2360/2454 2389/2487 2388/2486
f 2364/2458 2363/2457 2371/2465
f 2371/2465 2363/2457 2368/2463
f 2405/2504 2398/2496 2404/2505
f 2404/2505 2398/2496 2361/2456
f 2392/2506 2395/2507 2406/2508
f 2406/2508 2395/2507 2397/2495
f 2377/2473 2396/2509 2394/2491
f 2394/2491 2396/2509 2395/2493
f 2394/2491 2393/2490 2404/2505
f 2404/2505 2393/2490 2405/2504
f 2396/2509 2377/2473 2383/2501
f 2383/2501 2377/2473 2376/2475
f 2406/2508 2397/2495 2407/2510
f 2407/2510 2397/2495 2366/2462
f 2400/2498 2402/2511 2375/2472
f 2375/2472 2402/2511 2365/2471
f 2385/2481 2270/2338 2401/2499
f 2401/2499 2270/2338 2271/2339
f 2403/2503 2407/2510 2362/2459
f 2362/2459 2407/2510 2366/2462
f 2371/2484 2370/2512 2387/2485
f 2387/2485 2370/2512 2382/2479
f 2391/2489 2397/2495 2396/2494
f 2396/2494 2397/2495 2395/2507
f 2378/2474 2377/2473 2404/2505
f 2404/2505 2377/2473 2394/2491
f 2360/2454 2378/2474 2361/2456
f 2361/2456 2378/2474 2404/2505
f 2407/2510 2408/2513 2406/2508
f 2406/2508 2408/2513 2409/2514
f 2410/2515 2408/2513 2403/2503
f 2403/2503 2408/2513 2407/2510
f 2411/2516 2410/2515 2402/2502
f 2402/2502 2410/2515 2403/2503
f 2412/2517 2411/2518 2400/2498
f 2400/2498 2411/2518 2402/2511
f 2406/2508 2409/2514 2392/2506
f 2392/2506 2409/2514 2413/2519
f 2392/2492 2413/2520 2393/2490
f 2393/2490 2413/2520 2414/2521
f 2415/2522 2405/2504 2414/2521
f 2414/2521 2405/2504 2393/2490
f 2416/2523 2413/2519 2417/2524
f 2417/2524 2413/2519 2409/2514
f 2419/2525 2420/2526 2418/2527
f 2418/2527 2420/2526 2421/2528
f 2420/2526 2422/2529 2421/2528
f 2421/2528 2422/2529 2423/2530
f 2420/2526 2424/2531 2422/2529
f 2422/2529 2424/2531 2425/2532
f 2426/2533 2427/2534 2424/2531
f 2424/2531 2427/2534 2428/2535
f 2428/2535 2429/2536 2424/2531
f 2424/2531 2429/2536 2425/2532
f 2426/2533 2424/2531 2419/2525
f 2419/2525 2424/2531 2420/2526
f 2419/2525 2418/2527 2431/2537
f 2431/2537 2418/2527 2430/2538
f 2425/2532 2432/2539 2422/2529
f 2422/2529 2432/2539 2423/2530
f 2408/2513 2410/2515 2432/2539
f 2432/2539 2410/2515 2423/2530
f 2423/2530 2410/2515 2433/2540
f 2433/2540 2410/2515 2411/2516
f 2421/2528 2423/2530 2434/2541
f 2434/2541 2423/2530 2433/2540
f 2435/2542 2418/2527 2434/2541
f 2434/2541 2418/2527 2421/2528
f 2429/2536 2417/2524 2425/2532
f 2425/2532 2417/2524 2432/2539
f 2408/2513 2432/2539 2409/2514
f 2409/2514 2432/2539 2417/2524
f 2418/2527 2435/2542 2430/2538
f 2430/2538 2435/2542 2436/2543
f 2438/2544 2435/2545 2437/2546
f 2437/2546 2435/2545 2434/2547
f 2435/2545 2438/2544 2436/2548
f 2436/2548 2438/2544 2439/2549
f 2441/2550 2438/2544 2440/2551
f 2440/2551 2438/2544 2437/2546
f 2442/2552 2443/2553 2437/2546
f 2437/2546 2443/2553 2440/2551
f 2439/2549 2438/2544 2444/2554
f 2444/2554 2438/2544 2441/2550
f 2433/2555 2442/2552 2434/2547
f 2434/2547 2442/2552 2437/2546
f 2412/2517 2442/2552 2411/2518
f 2411/2518 2442/2552 2433/2555
f 2436/2543 2445/2556 2430/2538
f 2430/2538 2445/2556 2446/2557
f 2430/2538 2446/2557 2431/2537
f 2431/2537 2446/2557 2447/2558
f 2417/2524 2429/2536 2448/2559
f 2448/2559 2429/2536 2428/2535
f 2427/2534 2449/2560 2428/2535
f 2428/2535 2449/2560 2448/2559
f 2450/2561 2416/2523 2448/2559
f 2448/2559 2416/2523 2417/2524
f 2451/2562 2450/2561 2449/2560
f 2449/2560 2450/2561 2448/2559
f 2427/2534 2452/2563 2449/2560
f 2449/2560 2452/2563 2453/2564
f 2447/2558 2446/2557 2452/2563
f 2452/2563 2446/2557 2453/2564
f 2454/2565 2412/2517 2399/2497
f 2399/2497 2412/2517 2400/2498
f 2415/2522 2455/2566 2405/2504
f 2405/2504 2455/2566 2398/2496
f 2399/2497 2398/2496 2454/2565
f 2454/2565 2398/2496 2455/2566
f 2454/2565 2455/2566 2443/2553
f 2443/2553 2455/2566 2456/2567
f 2443/2553 2456/2567 2440/2551
f 2440/2551 2456/2567 2457/2568
f 2458/2569 2456/2567 2415/2522
f 2415/2522 2456/2567 2455/2566
f 2443/2553 2442/2552 2454/2565
f 2454/2565 2442/2552 2412/2517
f 2459/2570 2458/2569 2414/2521
f 2414/2521 2458/2569 2415/2522
f 2413/2520 2416/2571 2414/2521
f 2414/2521 2416/2571 2459/2570
f 2459/2570 2416/2571 2460/2572
f 2460/2572 2416/2571 2450/2573
f 2460/2572 2461/2574 2459/2570
f 2459/2570 2461/2574 2458/2569
f 2462/2575 2463/2576 2460/2572
f 2460/2572 2463/2576 2461/2574
f 2461/2574 2457/2568 2458/2569
f 2458/2569 2457/2568 2456/2567
f 2457/2568 2461/2574 2464/2577
f 2464/2577 2461/2574 2463/2576
f 2451/2578 2462/2575 2450/2573
f 2450/2573 2462/2575 2460/2572
f 2462/2575 2451/2578 2465/2579
f 2465/2579 2451/2578 2466/2580
f 2468/2581 2469/2582 2467/2583
f 2467/2583 2469/2582 2465/2579
f 2463/2576 2462/2575 2469/2582
f 2469/2582 2462/2575 2465/2579
f 2465/2579 2466/2580 2467/2583
f 2467/2583 2466/2580 2445/2584
f 2446/2557 2445/2556 2453/2564
f 2453/2564 2445/2556 2466/2585
f 2451/2562 2449/2560 2466/2585
f 2466/2585 2449/2560 2453/2564
f 2464/2577 2441/2550 2457/2568
f 2457/2568 2441/2550 2440/2551
f 2468/2581 2444/2554 2464/2577
f 2464/2577 2444/2554 2441/2550
f 2468/2581 2464/2577 2469/2582
f 2469/2582 2464/2577 2463/2576
f 2467/2583 2439/2549 2468/2581
f 2468/2581 2439/2549 2444/2554
f 2445/2584 2436/2548 2467/2583
f 2467/2583 2436/2548 2439/2549
f 2447/2558 2426/2533 2431/2537
f 2431/2537 2426/2533 2419/2525
f 2427/2534 2426/2533 2452/2563
f 2452/2563 2426/2533 2447/2558
f 2369/2464 2179/2240 2370/2466
f 2370/2466 2179/2240 2178/2239
f 2376/2475 2379/2476 2372/2467
f 2372/2467 2379/2476 2373/2468
f 2389/2487 2381/2478 2388/2486
f 2388/2486 2381/2478 2380/2477
f 2387/2485 2382/2479 2389/2487
f 2389/2487 2382/2479 2381/2478
f 2270/2338 2385/2481 2277/2347
f 2277/2347 2385/2481 2384/2480
f 2379/2476 2388/2486 2373/2468
f 2373/2468 2388/2486 2380/2477
f 2401/2499 2271/2339 2369/2464
f 2369/2464 2271/2339 2179/2240
f 2248/2310 2277/2351 2372/2467
f 2372/2467 2277/2351 2384/2500
f 2401/2499 2390/2488 2385/2481
f 2385/2481 2390/2488 2386/2483
f 2264/2330 2382/2479 2178/2328
f 2178/2328 2382/2479 2370/2512
f 2215/2277 2134/2191 2271/2339
f 2271/2339 2134/2191 2179/2240
f 2005/2061 2000/2055 2199/2261
f 2199/2261 2000/2055 2215/2277
f 2004/2059 2001/2057 2005/2061
f 2005/2061 2001/2057 2000/2055
f 2200/2262 2214/2276 2004/2059
f 2004/2059 2214/2276 2001/2057
f 2470/2586 2471/2587 2473/2588
f 2473/2588 2471/2587 2472/2589
f 2475/2590 2476/2591 2474/2592
f 2474/2592 2476/2591 2477/2593
f 2479/2594 2475/2590 2478/2595
f 2478/2595 2475/2590 2474/2592
f 2481/2596 2482/2597 2480/2598
f 2480/2598 2482/2597 2483/2599
f 2476/2600 2484/2601 2477/2602
f 2477/2602 2484/2601 2485/2603
f 2487/2604 2488/2605 2486/2606
f 2486/2606 2488/2605 2489/2607
f 2133/2190 2490/2608 2058/2113
f 2058/2113 2490/2608 2491/2609
f 2058/2113 2491/2609 2247/2309
f 2247/2309 2491/2609 2492/2610
f 2494/2611 2495/2612 2493/2613
f 2493/2613 2495/2612 2496/2614
f 2476/2600 2483/2615 2484/2601
f 2484/2601 2483/2615 2497/2616
f 2472/2589 2498/2617 2488/2605
f 2488/2605 2498/2617 2489/2607
f 2484/2601 2497/2616 2471/2587
f 2471/2587 2497/2616 2499/2618
f 2500/2619 2479/2594 2496/2614
f 2496/2614 2479/2594 2501/2620
f 2502/2621 2503/2622 2505/2623
f 2505/2623 2503/2622 2504/2624
f 2496/2614 2501/2620 2493/2613
f 2493/2613 2501/2620 2506/2625
f 2479/2594 2478/2595 2501/2620
f 2501/2620 2478/2595 2507/2626
f 2475/2590 2479/2594 2480/2598
f 2480/2598 2479/2594 2500/2619
f 2508/2627 2509/2628 2473/2588
f 2473/2588 2509/2628 2470/2586
f 2509/2628 2510/2629 2470/2586
f 2470/2586 2510/2629 2485/2603
f 2511/2630 2481/2596 2500/2619
f 2500/2619 2481/2596 2480/2598
f 2512/2631 2494/2632 2486/2606
f 2486/2606 2494/2632 2493/2633
f 2485/2603 2484/2601 2470/2586
f 2470/2586 2484/2601 2471/2587
f 2513/2634 2514/2635 2477/2593
f 2477/2593 2514/2635 2474/2592
f 2471/2587 2499/2618 2472/2589
f 2472/2589 2499/2618 2498/2617
f 2476/2591 2475/2590 2483/2599
f 2483/2599 2475/2590 2480/2598
f 2516/2636 2508/2627 2515/2637
f 2515/2637 2508/2627 2473/2588
f 2502/2638 2505/2639 2517/2640
f 2517/2640 2505/2639 2507/2626
f 2504/2624 2487/2604 2505/2623
f 2505/2623 2487/2604 2506/2641
f 2503/2622 2516/2636 2504/2624
f 2504/2624 2516/2636 2515/2637
f 2506/2641 2487/2604 2493/2633
f 2493/2633 2487/2604 2486/2606
f 2517/2640 2507/2626 2518/2642
f 2518/2642 2507/2626 2478/2595
f 2510/2629 2513/2643 2485/2603
f 2485/2603 2513/2643 2477/2602
f 2511/2630 2495/2612 2293/2374
f 2293/2374 2495/2612 2154/2214
f 2514/2635 2518/2642 2474/2592
f 2474/2592 2518/2642 2478/2595
f 2483/2615 2482/2644 2497/2616
f 2497/2616 2482/2644 2492/2610
f 2501/2620 2507/2626 2506/2625
f 2506/2625 2507/2626 2505/2639
f 2488/2605 2487/2604 2515/2637
f 2515/2637 2487/2604 2504/2624
f 2472/2589 2488/2605 2473/2588
f 2473/2588 2488/2605 2515/2637
f 2518/2642 2519/2645 2517/2640
f 2517/2640 2519/2645 2520/2646
f 2521/2647 2519/2645 2514/2635
f 2514/2635 2519/2645 2518/2642
f 2522/2648 2521/2647 2513/2634
f 2513/2634 2521/2647 2514/2635
f 2523/2649 2522/2650 2510/2629
f 2510/2629 2522/2650 2513/2643
f 2517/2640 2520/2646 2502/2638
f 2502/2638 2520/2646 2524/2651
f 2502/2621 2524/2652 2503/2622
f 2503/2622 2524/2652 2525/2653
f 2525/2653 2526/2654 2503/2622
f 2503/2622 2526/2654 2516/2636
f 2527/2655 2524/2651 2528/2656
f 2528/2656 2524/2651 2520/2646
f 2530/2657 2531/2658 2529/2659
f 2529/2659 2531/2658 2532/2660
f 2531/2658 2533/2661 2532/2660
f 2532/2660 2533/2661 2534/2662
f 2531/2658 2535/2663 2533/2661
f 2533/2661 2535/2663 2536/2664
f 2537/2665 2538/2666 2535/2663
f 2535/2663 2538/2666 2539/2667
f 2539/2667 2540/2668 2535/2663
f 2535/2663 2540/2668 2536/2664
f 2537/2665 2535/2663 2530/2657
f 2530/2657 2535/2663 2531/2658
f 2529/2659 2541/2669 2530/2657
f 2530/2657 2541/2669 2542/2670
f 2543/2671 2534/2662 2536/2664
f 2536/2664 2534/2662 2533/2661
f 2519/2645 2521/2647 2543/2671
f 2543/2671 2521/2647 2534/2662
f 2534/2662 2521/2647 2544/2672
f 2544/2672 2521/2647 2522/2648
f 2532/2660 2534/2662 2545/2673
f 2545/2673 2534/2662 2544/2672
f 2529/2659 2532/2660 2546/2674
f 2546/2674 2532/2660 2545/2673
f 2536/2664 2540/2668 2543/2671
f 2543/2671 2540/2668 2528/2656
f 2519/2645 2543/2671 2520/2646
f 2520/2646 2543/2671 2528/2656
f 2541/2669 2529/2659 2547/2675
f 2547/2675 2529/2659 2546/2674
f 2548/2676 2549/2677 2545/2678
f 2545/2678 2549/2677 2546/2679
f 2549/2677 2550/2680 2546/2679
f 2546/2679 2550/2680 2547/2681
f 2551/2682 2552/2683 2548/2676
f 2548/2676 2552/2683 2549/2677
f 2548/2676 2553/2684 2551/2682
f 2551/2682 2553/2684 2554/2685
f 2550/2680 2549/2677 2555/2686
f 2555/2686 2549/2677 2552/2683
f 2545/2678 2544/2687 2548/2676
f 2548/2676 2544/2687 2553/2684
f 2523/2649 2553/2684 2522/2650
f 2522/2650 2553/2684 2544/2687
f 2547/2675 2556/2688 2541/2669
f 2541/2669 2556/2688 2557/2689
f 2541/2669 2557/2689 2542/2670
f 2542/2670 2557/2689 2558/2690
f 2528/2656 2540/2668 2559/2691
f 2559/2691 2540/2668 2539/2667
f 2538/2666 2560/2692 2539/2667
f 2539/2667 2560/2692 2559/2691
f 2561/2693 2527/2655 2559/2691
f 2559/2691 2527/2655 2528/2656
f 2560/2692 2562/2694 2559/2691
f 2559/2691 2562/2694 2561/2693
f 2560/2692 2538/2666 2564/2695
f 2564/2695 2538/2666 2563/2696
f 2558/2690 2557/2689 2563/2696
f 2563/2696 2557/2689 2564/2695
f 2565/2697 2523/2649 2509/2628
f 2509/2628 2523/2649 2510/2629
f 2526/2654 2566/2698 2516/2636
f 2516/2636 2566/2698 2508/2627
f 2509/2628 2508/2627 2565/2697
f 2565/2697 2508/2627 2566/2698
f 2565/2697 2566/2698 2554/2685
f 2554/2685 2566/2698 2567/2699
f 2554/2685 2567/2699 2551/2682
f 2551/2682 2567/2699 2568/2700
f 2569/2701 2567/2699 2526/2654
f 2526/2654 2567/2699 2566/2698
f 2553/2684 2523/2649 2554/2685
f 2554/2685 2523/2649 2565/2697
f 2570/2702 2569/2701 2525/2653
f 2525/2653 2569/2701 2526/2654
f 2524/2652 2527/2703 2525/2653
f 2525/2653 2527/2703 2570/2702
f 2527/2703 2561/2704 2570/2702
f 2570/2702 2561/2704 2571/2705
f 2571/2705 2572/2706 2570/2702
f 2570/2702 2572/2706 2569/2701
f 2573/2707 2574/2708 2571/2705
f 2571/2705 2574/2708 2572/2706
f 2572/2706 2568/2700 2569/2701
f 2569/2701 2568/2700 2567/2699
f 2568/2700 2572/2706 2575/2709
f 2575/2709 2572/2706 2574/2708
f 2562/2710 2573/2707 2561/2704
f 2561/2704 2573/2707 2571/2705
f 2573/2707 2562/2710 2576/2711
f 2576/2711 2562/2710 2577/2712
f 2579/2713 2580/2714 2578/2715
f 2578/2715 2580/2714 2576/2711
f 2574/2708 2573/2707 2580/2714
f 2580/2714 2573/2707 2576/2711
f 2576/2711 2577/2712 2578/2715
f 2578/2715 2577/2712 2556/2716
f 2557/2689 2556/2688 2564/2695
f 2564/2695 2556/2688 2577/2717
f 2562/2694 2560/2692 2577/2717
f 2577/2717 2560/2692 2564/2695
f 2575/2709 2552/2683 2568/2700
f 2568/2700 2552/2683 2551/2682
f 2579/2713 2555/2686 2575/2709
f 2575/2709 2555/2686 2552/2683
f 2579/2713 2575/2709 2580/2714
f 2580/2714 2575/2709 2574/2708
f 2550/2680 2555/2686 2578/2715
f 2578/2715 2555/2686 2579/2713
f 2556/2716 2547/2681 2578/2715
f 2578/2715 2547/2681 2550/2680
f 2558/2690 2537/2665 2542/2670
f 2542/2670 2537/2665 2530/2657
f 2538/2666 2537/2665 2563/2696
f 2563/2696 2537/2665 2558/2690
f 2292/2373 2295/2379 2481/2596
f 2481/2596 2295/2379 2482/2597
f 2486/2606 2489/2607 2512/2631
f 2512/2631 2489/2607 2581/2718
f 2499/2618 2491/2609 2498/2617
f 2498/2617 2491/2609 2490/2608
f 2497/2616 2492/2610 2499/2618
f 2499/2618 2492/2610 2491/2609
f 2155/2215 2154/2214 2494/2611
f 2494/2611 2154/2214 2495/2612
f 2581/2718 2489/2607 2490/2608
f 2490/2608 2489/2607 2498/2617
f 2293/2374 2292/2373 2511/2630
f 2511/2630 2292/2373 2481/2596
f 2191/2254 2155/2378 2512/2631
f 2512/2631 2155/2378 2494/2632
f 2500/2619 2496/2614 2511/2630
f 2511/2630 2496/2614 2495/2612
f 2247/2309 2492/2610 2295/2719
f 2295/2719 2492/2610 2482/2644
f 2583/2720 2584/2721 2582/2722
f 2582/2722 2584/2721 2585/2723
f 2587/2724 2588/2725 2586/2726
f 2586/2726 2588/2725 2589/2727
f 2591/2728 2587/2724 2590/2729
f 2590/2729 2587/2724 2586/2726
f 2593/2730 2594/2731 2592/2732
f 2592/2732 2594/2731 2595/2733
f 2596/2734 2597/2735 2599/2736
f 2599/2736 2597/2735 2598/2737
f 2588/2738 2600/2739 2589/2740
f 2589/2740 2600/2739 2601/2741
f 2602/2742 2603/2743 2605/2744
f 2605/2744 2603/2743 2604/2745
f 2606/2746 2607/2747 2609/2748
f 2609/2748 2607/2747 2608/2749
f 2609/2748 2608/2749 2190/2252
f 2190/2252 2608/2749 2610/2750
f 2611/2751 2612/2752 2614/2753
f 2614/2753 2612/2752 2613/2754
f 2600/2739 2588/2738 2615/2755
f 2615/2755 2588/2738 2595/2756
f 2599/2736 2598/2737 2606/2746
f 2606/2746 2598/2737 2607/2747
f 2584/2721 2616/2757 2604/2745
f 2604/2745 2616/2757 2605/2744
f 2600/2739 2615/2755 2583/2720
f 2583/2720 2615/2755 2617/2758
f 2591/2728 2619/2759 2618/2760
f 2618/2760 2619/2759 2614/2753
f 2621/2761 2622/2762 2620/2763
f 2620/2763 2622/2762 2623/2764
f 2619/2759 2624/2765 2614/2753
f 2614/2753 2624/2765 2611/2751
f 2591/2728 2590/2729 2619/2759
f 2619/2759 2590/2729 2625/2766
f 2587/2724 2591/2728 2592/2732
f 2592/2732 2591/2728 2618/2760
f 2626/2767 2627/2768 2585/2723
f 2585/2723 2627/2768 2582/2722
f 2627/2768 2628/2769 2582/2722
f 2582/2722 2628/2769 2601/2741
f 2629/2770 2593/2730 2618/2760
f 2618/2760 2593/2730 2592/2732
f 2602/2742 2597/2735 2611/2771
f 2611/2771 2597/2735 2612/2772
f 2600/2739 2583/2720 2601/2741
f 2601/2741 2583/2720 2582/2722
f 2630/2773 2631/2774 2589/2727
f 2589/2727 2631/2774 2586/2726
f 2583/2720 2617/2758 2584/2721
f 2584/2721 2617/2758 2616/2757
f 2588/2725 2587/2724 2595/2733
f 2595/2733 2587/2724 2592/2732
f 2633/2775 2626/2767 2632/2776
f 2632/2776 2626/2767 2585/2723
f 2620/2777 2623/2778 2634/2779
f 2634/2779 2623/2778 2625/2766
f 2622/2762 2603/2743 2623/2764
f 2623/2764 2603/2743 2624/2780
f 2621/2761 2633/2775 2622/2762
f 2622/2762 2633/2775 2632/2776
f 2611/2771 2624/2780 2602/2742
f 2602/2742 2624/2780 2603/2743
f 2634/2779 2625/2766 2635/2781
f 2635/2781 2625/2766 2590/2729
f 2628/2769 2630/2782 2601/2741
f 2601/2741 2630/2782 2589/2740
f 2613/2754 2195/2257 2629/2770
f 2629/2770 2195/2257 2194/2256
f 2631/2774 2635/2781 2586/2726
f 2586/2726 2635/2781 2590/2729
f 2595/2756 2594/2783 2615/2755
f 2615/2755 2594/2783 2610/2750
f 2619/2759 2625/2766 2624/2765
f 2624/2765 2625/2766 2623/2778
f 2632/2776 2604/2745 2622/2762
f 2622/2762 2604/2745 2603/2743
f 2585/2723 2584/2721 2632/2776
f 2632/2776 2584/2721 2604/2745
f 2635/2781 2636/2784 2634/2779
f 2634/2779 2636/2784 2637/2785
f 2638/2786 2636/2784 2631/2774
f 2631/2774 2636/2784 2635/2781
f 2639/2787 2638/2786 2630/2773
f 2630/2773 2638/2786 2631/2774
f 2640/2788 2639/2789 2628/2769
f 2628/2769 2639/2789 2630/2782
f 2634/2779 2637/2785 2620/2777
f 2620/2777 2637/2785 2641/2790
f 2620/2763 2641/2791 2621/2761
f 2621/2761 2641/2791 2642/2792
f 2642/2792 2643/2793 2621/2761
f 2621/2761 2643/2793 2633/2775
f 2641/2790 2637/2785 2644/2794
f 2644/2794 2637/2785 2645/2795
f 2646/2796 2647/2797 2649/2798
f 2649/2798 2647/2797 2648/2799
f 2648/2799 2650/2800 2649/2798
f 2649/2798 2650/2800 2651/2801
f 2648/2799 2652/2802 2650/2800
f 2650/2800 2652/2802 2653/2803
f 2652/2802 2654/2804 2656/2805
f 2656/2805 2654/2804 2655/2806
f 2656/2805 2657/2807 2652/2802
f 2652/2802 2657/2807 2653/2803
f 2654/2804 2652/2802 2647/2797
f 2647/2797 2652/2802 2648/2799
f 2647/2797 2646/2796 2659/2808
f 2659/2808 2646/2796 2658/2809
f 2660/2810 2651/2801 2653/2803
f 2653/2803 2651/2801 2650/2800
f 2636/2784 2638/2786 2660/2810
f 2660/2810 2638/2786 2651/2801
f 2651/2801 2638/2786 2661/2811
f 2661/2811 2638/2786 2639/2787
f 2651/2801 2661/2811 2649/2798
f 2649/2798 2661/2811 2662/2812
f 2663/2813 2646/2796 2662/2812
f 2662/2812 2646/2796 2649/2798
f 2653/2803 2657/2807 2660/2810
f 2660/2810 2657/2807 2645/2795
f 2636/2784 2660/2810 2637/2785
f 2637/2785 2660/2810 2645/2795
f 2646/2796 2663/2813 2658/2809
f 2658/2809 2663/2813 2664/2814
f 2665/2815 2666/2816 2662/2817
f 2662/2817 2666/2816 2663/2818
f 2666/2816 2667/2819 2663/2818
f 2663/2818 2667/2819 2664/2820
f 2668/2821 2669/2822 2665/2815
f 2665/2815 2669/2822 2666/2816
f 2665/2815 2670/2823 2668/2821
f 2668/2821 2670/2823 2671/2824
f 2667/2819 2666/2816 2672/2825
f 2672/2825 2666/2816 2669/2822
f 2662/2817 2661/2826 2665/2815
f 2665/2815 2661/2826 2670/2823
f 2640/2788 2670/2823 2639/2789
f 2639/2789 2670/2823 2661/2826
f 2673/2827 2674/2828 2664/2814
f 2664/2814 2674/2828 2658/2809
f 2658/2809 2674/2828 2659/2808
f 2659/2808 2674/2828 2675/2829
f 2645/2795 2657/2807 2676/2830
f 2676/2830 2657/2807 2656/2805
f 2677/2831 2676/2830 2655/2806
f 2655/2806 2676/2830 2656/2805
f 2676/2830 2678/2832 2645/2795
f 2645/2795 2678/2832 2644/2794
f 2677/2831 2679/2833 2676/2830
f 2676/2830 2679/2833 2678/2832
f 2655/2806 2680/2834 2677/2831
f 2677/2831 2680/2834 2681/2835
f 2675/2829 2674/2828 2680/2834
f 2680/2834 2674/2828 2681/2835
f 2682/2836 2640/2788 2627/2768
f 2627/2768 2640/2788 2628/2769
f 2643/2793 2683/2837 2633/2775
f 2633/2775 2683/2837 2626/2767
f 2682/2836 2627/2768 2683/2837
f 2683/2837 2627/2768 2626/2767
f 2683/2837 2684/2838 2682/2836
f 2682/2836 2684/2838 2671/2824
f 2684/2838 2685/2839 2671/2824
f 2671/2824 2685/2839 2668/2821
f 2686/2840 2684/2838 2643/2793
f 2643/2793 2684/2838 2683/2837
f 2670/2823 2640/2788 2671/2824
f 2671/2824 2640/2788 2682/2836
f 2687/2841 2686/2840 2642/2792
f 2642/2792 2686/2840 2643/2793
f 2642/2792 2641/2791 2687/2841
f 2687/2841 2641/2791 2644/2842
f 2687/2841 2644/2842 2688/2843
f 2688/2843 2644/2842 2678/2844
f 2688/2843 2689/2845 2687/2841
f 2687/2841 2689/2845 2686/2840
f 2690/2846 2691/2847 2688/2843
f 2688/2843 2691/2847 2689/2845
f 2689/2845 2685/2839 2686/2840
f 2686/2840 2685/2839 2684/2838
f 2685/2839 2689/2845 2692/2848
f 2692/2848 2689/2845 2691/2847
f 2679/2849 2690/2846 2678/2844
f 2678/2844 2690/2846 2688/2843
f 2690/2846 2679/2849 2693/2850
f 2693/2850 2679/2849 2694/2851
f 2696/2852 2697/2853 2695/2854
f 2695/2854 2697/2853 2693/2850
f 2691/2847 2690/2846 2697/2853
f 2697/2853 2690/2846 2693/2850
f 2693/2850 2694/2851 2695/2854
f 2695/2854 2694/2851 2673/2855
f 2674/2828 2673/2827 2681/2835
f 2681/2835 2673/2827 2694/2856
f 2679/2833 2677/2831 2694/2856
f 2694/2856 2677/2831 2681/2835
f 2685/2839 2692/2848 2668/2821
f 2668/2821 2692/2848 2669/2822
f 2696/2852 2672/2825 2692/2848
f 2692/2848 2672/2825 2669/2822
f 2696/2852 2692/2848 2697/2853
f 2697/2853 2692/2848 2691/2847
f 2695/2854 2667/2819 2696/2852
f 2696/2852 2667/2819 2672/2825
f 2673/2855 2664/2820 2695/2854
f 2695/2854 2664/2820 2667/2819
f 2675/2829 2654/2804 2659/2808
f 2659/2808 2654/2804 2647/2797
f 2655/2806 2654/2804 2680/2834
f 2680/2834 2654/2804 2675/2829
f 2291/2372 2156/2217 2593/2730
f 2593/2730 2156/2217 2594/2731
f 2597/2735 2602/2742 2598/2737
f 2598/2737 2602/2742 2605/2744
f 2616/2757 2617/2758 2607/2747
f 2607/2747 2617/2758 2608/2749
f 2615/2755 2610/2750 2617/2758
f 2617/2758 2610/2750 2608/2749
f 2597/2735 2596/2734 2612/2772
f 2612/2772 2596/2734 2698/2857
f 2598/2737 2605/2744 2607/2747
f 2607/2747 2605/2744 2616/2757
f 2194/2256 2291/2372 2629/2770
f 2629/2770 2291/2372 2593/2730
f 2629/2770 2618/2760 2613/2754
f 2613/2754 2618/2760 2614/2753
f 2190/2252 2610/2750 2156/2377
f 2156/2377 2610/2750 2594/2783
f 2700/2858 2010/2068 2699/2859
f 2699/2859 2010/2068 2086/2142
f 2267/2333 2701/2860 2116/2171
f 2116/2171 2701/2860 2702/2861
f 2116/2171 2702/2861 2117/2173
f 2117/2173 2702/2861 2703/2862
f 2704/2863 2705/2864 2250/2312
f 2250/2312 2705/2864 2254/2316
f 2011/2066 2706/2865 2267/2866
f 2267/2866 2706/2865 2701/2867
f 2699/2859 2086/2142 2707/2868
f 2707/2868 2086/2142 2289/2369
f 2010/2068 2700/2858 2011/2066
f 2011/2066 2700/2858 2706/2865
f 2708/2869 2707/2868 2251/2315
f 2251/2315 2707/2868 2289/2369
f 2703/2862 2704/2863 2117/2173
f 2117/2173 2704/2863 2250/2312
f 2705/2864 2708/2869 2254/2316
f 2254/2316 2708/2869 2251/2315
f 2709/2870 2710/2871 2708/2869
f 2708/2869 2710/2871 2707/2868
f 2711/2872 2709/2870 2705/2864
f 2705/2864 2709/2870 2708/2869
f 2712/2873 2711/2872 2704/2863
f 2704/2863 2711/2872 2705/2864
f 2713/2874 2712/2873 2703/2862
f 2703/2862 2712/2873 2704/2863
f 2707/2868 2710/2871 2699/2859
f 2699/2859 2710/2871 2714/2875
f 2699/2859 2714/2875 2700/2858
f 2700/2858 2714/2875 2715/2876
f 2716/2877 2706/2865 2715/2876
f 2715/2876 2706/2865 2700/2858
f 2714/2875 2710/2871 2717/2878
f 2717/2878 2710/2871 2718/2879
f 2720/2880 2721/2881 2719/2882
f 2719/2882 2721/2881 2722/2883
f 2721/2881 2723/2884 2722/2883
f 2722/2883 2723/2884 2724/2885
f 2721/2881 2725/2886 2723/2884
f 2723/2884 2725/2886 2726/2887
f 2727/2888 2728/2889 2725/2886
f 2725/2886 2728/2889 2726/2887
f 2729/2890 2725/2886 2720/2880
f 2720/2880 2725/2886 2721/2881
f 2731/2891 2729/2890 2730/2892
f 2730/2892 2729/2890 2720/2880
f 2719/2882 2732/2893 2720/2880
f 2720/2880 2732/2893 2730/2892
f 2726/2887 2733/2894 2723/2884
f 2723/2884 2733/2894 2724/2885
f 2709/2870 2711/2872 2733/2894
f 2733/2894 2711/2872 2724/2885
f 2724/2885 2711/2872 2734/2895
f 2734/2895 2711/2872 2712/2873
f 2722/2883 2724/2885 2735/2896
f 2735/2896 2724/2885 2734/2895
f 2719/2882 2722/2883 2736/2897
f 2736/2897 2722/2883 2735/2896
f 2726/2887 2728/2889 2733/2894
f 2733/2894 2728/2889 2718/2879
f 2709/2870 2733/2894 2710/2871
f 2710/2871 2733/2894 2718/2879
f 2732/2893 2719/2882 2737/2898
f 2737/2898 2719/2882 2736/2897
f 2738/2899 2739/2900 2735/2896
f 2735/2896 2739/2900 2736/2897
f 2739/2900 2740/2901 2736/2897
f 2736/2897 2740/2901 2737/2898
f 2741/2902 2742/2903 2738/2899
f 2738/2899 2742/2903 2739/2900
f 2738/2899 2743/2904 2741/2902
f 2741/2902 2743/2904 2744/2905
f 2740/2901 2739/2900 2745/2906
f 2745/2906 2739/2900 2742/2903
f 2735/2896 2734/2895 2738/2899
f 2738/2899 2734/2895 2743/2904
f 2713/2874 2743/2904 2712/2873
f 2712/2873 2743/2904 2734/2895
f 2737/2898 2746/2907 2732/2893
f 2732/2893 2746/2907 2747/2908
f 2732/2893 2747/2908 2730/2892
f 2730/2892 2747/2908 2731/2891
f 2718/2879 2728/2889 2748/2909
f 2748/2909 2728/2889 2727/2888
f 2749/2910 2750/2911 2727/2888
f 2727/2888 2750/2911 2748/2909
f 2748/2909 2751/2912 2718/2879
f 2718/2879 2751/2912 2717/2878
f 2750/2911 2752/2913 2748/2909
f 2748/2909 2752/2913 2751/2912
f 2750/2911 2749/2910 2754/2914
f 2754/2914 2749/2910 2753/2915
f 2731/2891 2747/2916 2753/2915
f 2753/2915 2747/2916 2754/2914
f 2727/2888 2725/2886 2749/2910
f 2749/2910 2725/2886 2729/2890
f 2749/2910 2729/2890 2753/2915
f 2753/2915 2729/2890 2731/2891
f 2702/2861 2755/2917 2703/2862
f 2703/2862 2755/2917 2713/2874
f 2706/2865 2716/2877 2701/2867
f 2701/2867 2716/2877 2756/2918
f 2755/2917 2702/2861 2756/2919
f 2756/2919 2702/2861 2701/2860
f 2756/2919 2757/2920 2755/2917
f 2755/2917 2757/2920 2744/2905
f 2757/2920 2758/2921 2744/2905
f 2744/2905 2758/2921 2741/2902
f 2759/2922 2757/2923 2716/2877
f 2716/2877 2757/2923 2756/2918
f 2743/2904 2713/2874 2744/2905
f 2744/2905 2713/2874 2755/2917
f 2760/2924 2759/2922 2715/2876
f 2715/2876 2759/2922 2716/2877
f 2715/2876 2714/2875 2760/2924
f 2760/2924 2714/2875 2717/2878
f 2760/2924 2717/2878 2761/2925
f 2761/2925 2717/2878 2751/2912
f 2761/2925 2762/2926 2760/2924
f 2760/2924 2762/2926 2759/2922
f 2763/2927 2764/2928 2761/2925
f 2761/2925 2764/2928 2762/2926
f 2762/2926 2758/2929 2759/2922
f 2759/2922 2758/2929 2757/2923
f 2758/2929 2762/2926 2765/2930
f 2765/2930 2762/2926 2764/2928
f 2752/2913 2763/2927 2751/2912
f 2751/2912 2763/2927 2761/2925
f 2763/2927 2752/2913 2766/2931
f 2766/2931 2752/2913 2767/2932
f 2768/2933 2769/2934 2766/2931
f 2766/2931 2769/2934 2770/2935
f 2764/2928 2763/2927 2770/2935
f 2770/2935 2763/2927 2766/2931
f 2766/2931 2767/2932 2768/2933
f 2768/2933 2767/2932 2746/2936
f 2747/2916 2746/2936 2754/2914
f 2754/2914 2746/2936 2767/2932
f 2752/2913 2750/2911 2767/2932
f 2767/2932 2750/2911 2754/2914
f 2758/2921 2765/2937 2741/2902
f 2741/2902 2765/2937 2742/2903
f 2769/2938 2745/2906 2765/2937
f 2765/2937 2745/2906 2742/2903
f 2769/2934 2765/2930 2770/2935
f 2770/2935 2765/2930 2764/2928
f 2768/2939 2740/2901 2769/2938
f 2769/2938 2740/2901 2745/2906
f 2746/2907 2737/2898 2768/2939
f 2768/2939 2737/2898 2740/2901
f 2201/2263 2212/2274 2200/2262
f 2200/2262 2212/2274 2214/2276
f 2201/2263 2202/2264 2212/2274
f 2212/2274 2202/2264 2185/2246
f 2512/2631 2581/2718 2191/2254
f 2191/2254 2581/2718 2192/2253
f 2059/2115 2290/2371 2056/2114
f 2056/2114 2290/2371 2272/2340
f 2174/2235 2199/2261 2294/2375
f 2294/2375 2199/2261 2278/2348
f 2063/2118 2175/2236 2194/2256
f 2194/2256 2175/2236 2291/2372
f 2192/2253 2581/2718 2133/2190
f 2133/2190 2581/2718 2490/2608
f 2133/2190 2132/2189 2192/2253
f 2192/2253 2132/2189 2189/2251
f 2054/2109 2276/2346 2055/2111
f 2055/2111 2276/2346 2138/2194
f 2083/2139 2279/2940 2084/2141
f 2084/2141 2279/2940 2771/2941
f 2771/2941 2279/2940 2599/2736
f 2599/2736 2279/2940 2596/2734
f 2606/2746 2772/2942 2599/2736
f 2599/2736 2772/2942 2771/2941
f 2772/2942 2773/2943 2771/2941
f 2771/2941 2773/2943 2084/2141
f 2773/2943 2774/2944 2084/2141
f 2084/2141 2774/2944 2085/2140
f 2085/2140 2775/2945 2082/2138
f 2082/2138 2775/2945 2144/2360
f 2774/2944 2078/2136 2085/2140
f 2085/2140 2078/2136 2775/2945
f 2078/2136 2774/2944 2079/2134
f 2079/2134 2774/2944 2776/2946
f 2774/2944 2773/2943 2776/2946
f 2776/2946 2773/2943 2777/2947
f 2773/2943 2772/2942 2777/2947
f 2777/2947 2772/2942 2778/2948
f 2190/2252 2189/2251 2609/2748
f 2609/2748 2189/2251 2778/2948
f 2053/2108 2052/2110 2779/2949
f 2779/2949 2052/2110 2181/2242
f 2144/2360 2775/2945 2081/2137
f 2081/2137 2775/2945 2078/2136
f 2294/2375 2153/2216 2174/2235
f 2174/2235 2153/2216 2175/2236
f 2132/2189 2276/2346 2189/2251
f 2189/2251 2276/2346 2778/2948
f 2606/2746 2609/2748 2772/2942
f 2772/2942 2609/2748 2778/2948
f 2195/2257 2613/2754 2698/2950
f 2698/2950 2613/2754 2612/2752
f 2596/2734 2279/2940 2698/2857
f 2698/2950 2279/2349 2195/2257
f 2054/2109 2777/2947 2276/2346
f 2276/2346 2777/2947 2778/2948
f 2777/2947 2054/2109 2776/2946
f 2776/2946 2054/2109 2053/2108
f 2053/2108 2779/2949 2776/2946
f 2776/2946 2779/2949 2079/2134
f 2779/2949 2181/2242 2079/2134
f 2079/2134 2181/2242 2080/2135
f 2181/2242 2239/2301 2080/2135
f 2080/2135 2239/2301 2240/2302
f 2122/2179 2256/2318 2014/2070
f 2042/2098 1982/2039 2076/2132
f 2076/2132 1982/2039 2007/2062
f 1982/2039 1985/2040 2007/2062
f 2007/2062 1985/2040 2008/2063
f 2095/2152 2097/2153 2265/2331
f 2265/2331 2097/2153 2266/2332
f 2076/2132 2050/2105 2042/2098
f 2042/2098 2050/2105 2047/2103
f 2046/2101 2043/2099 2047/2103
f 2047/2103 2043/2099 2042/2098
f 2118/2174 1993/2047 2046/2101
f 2046/2101 1993/2047 2043/2099
f 1995/2176 1994/2049 2118/2174
f 2118/2174 1994/2049 1993/2047
f 2267/2866 1992/2951 2011/2066
f 2011/2066 1992/2951 2012/2067
f 1997/2053 2012/2067 1994/2052
f 1994/2052 2012/2067 1992/2951
f 2226/2288 2013/2069 1997/2053
f 1997/2053 2013/2069 2012/2067
f 2225/2287 2087/2143 2226/2288
f 2226/2288 2087/2143 2013/2069
f 2225/2287 2232/2294 2087/2143
f 2087/2143 2232/2294 2288/2370
f 2232/2294 2070/2126 2288/2370
f 2288/2370 2070/2126 2252/2313
f 2070/2126 2025/2081 2252/2313
f 2252/2313 2025/2081 2253/2314
f 1988/2044 2249/2311 2025/2081
f 2025/2081 2249/2311 2253/2314
f 2116/2171 2115/2170 2267/2333
f 2267/2333 2115/2170 2268/2334
f 2096/2151 1984/2038 2237/2299
f 2237/2299 1984/2038 1991/2046
f 2095/2152 1985/2040 2096/2151
f 2096/2151 1985/2040 1984/2038
f 2265/2331 2008/2063 2095/2152
f 2095/2152 2008/2063 1985/2040
f 2092/2147 2009/2065 2265/2331
f 2265/2331 2009/2065 2008/2063
f 2091/2149 2286/2364 2092/2147
f 2092/2147 2286/2364 2009/2065
f 2255/2317 2238/2300 2091/2149
f 2091/2149 2238/2300 2286/2364
f 2256/2318 2239/2301 2255/2317
f 2255/2317 2239/2301 2238/2300
f 2122/2179 2240/2302 2256/2318
f 2256/2318 2240/2302 2239/2301
f 2121/2178 2241/2303 2122/2179
f 2122/2179 2241/2303 2240/2302
f 2022/2078 2018/2074 2097/2153
f 2097/2153 2018/2074 2266/2332
f 2022/2078 2024/2079 2018/2074
f 2018/2074 2024/2079 2019/2075
f 2024/2079 2072/2128 2019/2075
f 2019/2075 2072/2128 2073/2130
f 2072/2128 2228/2290 2073/2130
f 2073/2130 2228/2290 2230/2292
f 2228/2290 2184/2245 2230/2292
f 2230/2292 2184/2245 2183/2247
f 2121/2178 2285/2367 2241/2303
f 2241/2303 2285/2367 2258/2361
f 2285/2363 2036/2092 2258/2320
f 2258/2320 2036/2092 2257/2319
f 2177/2238 2145/2204 2193/2255
f 2193/2255 2145/2204 2257/2319
f 2173/2234 2193/2255 2196/2259
f 2196/2259 2193/2255 2037/2093
f 2036/2092 2037/2093 2257/2319
f 2257/2319 2037/2093 2193/2255
f 2196/2259 2037/2093 2066/2122
f 2066/2122 2037/2093 2035/2091
f 2061/2117 2108/2163 2034/2089
f 2034/2089 2108/2163 2067/2123
f 2108/2163 2208/2270 2067/2123
f 2067/2123 2208/2270 2204/2266
f 2208/2270 2210/2271 2204/2266
f 2204/2266 2210/2271 2203/2265
f 2210/2271 2280/2352 2203/2265
f 2203/2265 2280/2352 2186/2248
f 2183/2247 2186/2248 2235/2298
f 2235/2298 2186/2248 2280/2352
f 1987/2042 2114/2172 1988/2044
f 1988/2044 2114/2172 2249/2311
f 2237/2299 2115/2170 1987/2042
f 1987/2042 2115/2170 2114/2172
f 1991/2046 2268/2334 2237/2299
f 2237/2299 2268/2334 2115/2170
f 1991/2046 1990/2045 2268/2334
f 2268/2334 1990/2045 1992/2048
f 107/109 110/110 2781/2952
f 2781/2952 110/110 2780/2953
f 117/116 2782/2954 118/118
f 118/118 2782/2954 2783/2955
f 119/121 2784/2956 120/119
f 120/119 2784/2956 2785/2957
f 125/124 2786/2958 126/126
f 126/126 2786/2958 2787/2959
f 127/129 2788/2960 128/127
f 128/127 2788/2960 2789/2961
f 127/129 132/132 2788/2960
f 2788/2960 132/132 2790/2962
f 231/230 230/229 2792/2963
f 2792/2963 230/229 2791/2964
f 118/118 2783/2955 119/121
f 119/121 2783/2955 2784/2956
f 241/242 243/243 2794/2965
f 2794/2965 243/243 2793/2966
f 2781/2952 2795/2967 107/109
f 107/109 2795/2967 352/352
f 120/119 2785/2957 437/439
f 437/439 2785/2957 2796/2968
f 126/126 2787/2959 110/110
f 110/110 2787/2959 2780/2953
f 455/460 2797/2969 456/459
f 456/459 2797/2969 2798/2970
f 128/127 2789/2961 457/461
f 457/461 2789/2961 2799/2971
f 456/459 2798/2970 117/116
f 117/116 2798/2970 2782/2954
f 2794/2965 2797/2969 241/242
f 241/242 2797/2969 455/460
f 457/461 2799/2971 125/124
f 125/124 2799/2971 2786/2958
f 132/132 231/230 2790/2962
f 2790/2962 231/230 2792/2963
f 230/229 437/439 2791/2964
f 2791/2964 437/439 2796/2968
f 2792/2963 2789/2961 2790/2962
f 2790/2962 2789/2961 2788/2960
f 2785/2957 2784/2956 2801/2972
f 2801/2972 2784/2956 2800/2973
f 2786/2958 2802/2974 2787/2959
f 2787/2959 2802/2974 2803/2975
f 2792/2963 2791/2964 2805/2976
f 2805/2976 2791/2964 2804/2977
f 2784/2956 2783/2955 2800/2973
f 2800/2973 2783/2955 2806/2978
f 2785/2957 2801/2972 2796/2968
f 2796/2968 2801/2972 2807/2979
f 2787/2959 2803/2975 2780/2953
f 2780/2953 2803/2975 2808/2980
f 2789/2961 2809/2981 2799/2971
f 2799/2971 2809/2981 2810/2982
f 2799/2971 2810/2982 2786/2958
f 2786/2958 2810/2982 2802/2974
f 2791/2964 2796/2968 2804/2977
f 2804/2977 2796/2968 2807/2979
f 2789/2961 2792/2963 2809/2981
f 2809/2981 2792/2963 2805/2976
f 2812/2983 2797/2969 2811/2984
f 2811/2984 2797/2969 2794/2965
f 2809/2981 2805/2976 2810/2982
f 2810/2982 2805/2976 2804/2977
f 2810/2982 2804/2977 2802/2974
f 2802/2974 2804/2977 2807/2979
f 2802/2974 2807/2979 2803/2975
f 2803/2975 2807/2979 2801/2972
f 2808/2980 2803/2975 2800/2973
f 2800/2973 2803/2975 2801/2972
f 2814/2985 699/703 2813/2986
f 2813/2986 699/703 698/702
f 2808/2980 2815/2987 2780/2953
f 2780/2953 2815/2987 2781/2952
f 2817/2988 2782/2954 2816/2989
f 2816/2989 2782/2954 2798/2970
f 2815/2987 2818/2990 2781/2952
f 2781/2952 2818/2990 2795/2967
f 2797/2969 2812/2983 2798/2970
f 2798/2970 2812/2983 2816/2989
f 2783/2955 2782/2954 2806/2978
f 2806/2978 2782/2954 2817/2988
f 2800/2973 2806/2978 2808/2980
f 2808/2980 2806/2978 2815/2987
f 2794/2965 2793/2966 2811/2984
f 2811/2984 2793/2966 2819/2991
f 174/174 201/203 384/384
f 384/384 201/203 362/362
f 200/200 1766/1808 390/390
f 390/390 1766/1808 1777/1821
f 1777/1821 1778/1822 390/390
f 390/390 1778/1822 398/398
f 1778/1822 361/361 398/398
f 398/398 361/361 222/222
f 2820/2992 2821/2993 628/631
f 628/631 2821/2993 629/632
f 1406/1417 2820/2992 790/793
f 790/793 2820/2992 628/631
f 794/798 1415/1424 1233/1238
f 1233/1238 1415/1424 1234/1239
f 1406/1417 790/793 1407/1415
f 1407/1415 790/793 1312/1320
f 1407/1415 1312/1320 2822/2994
f 2822/2994 1312/1320 1316/1325
f 2823/2995 1380/1389 1543/1573
f 1543/1573 1380/1389 1379/1387
f 1385/1395 1738/1778 1382/1390
f 1382/1390 1738/1778 1383/1391
f 1381/1392 791/797 1382/1390
f 1382/1390 791/797 1386/1394
f 791/797 794/798 1386/1394
f 1386/1394 794/798 1233/1238
f 1259/1267 1390/1398 1260/1265
f 1260/1265 1390/1398 1389/1397
f 1905/1955 1542/1574 1394/1402
f 1394/1402 1542/1574 1395/1404
f 1410/1421 1413/1422 1397/1405
f 1397/1405 1413/1422 1398/1406
f 2821/2993 1410/1421 629/632
f 629/632 1410/1421 1397/1405
f 2823/2995 2822/2996 1380/1389
f 1380/1389 2822/2996 1316/1541
f 1392/1403 1395/1404 1378/1386
f 1378/1386 1395/1404 1379/1387
f 1738/1778 1399/1408 1383/1391
f 1383/1391 1399/1408 1398/1406
f 1388/1399 1235/1241 1389/1397
f 1389/1397 1235/1241 1234/1239
f 1393/1401 1391/1400 1394/1402
f 1394/1402 1391/1400 1390/1398
f 1381/1392 1384/1393 779/782
f 779/782 1384/1393 780/783
f 1282/1290 788/791 792/795
f 792/795 788/791 793/796
f 1431/1440 1262/1268 1432/1441
f 1432/1441 1262/1268 1261/1266
f 1400/1409 1342/1351 1408/1416
f 1408/1416 1342/1351 1409/1418
f 1508/1536 1544/1575 1411/1419
f 1411/1419 1544/1575 1412/1420
f 788/791 787/792 793/796
f 793/796 787/792 1414/1423
f 2821/2993 2820/2992 1429/1438
f 1429/1438 2820/2992 1430/1439
f 2822/2996 2823/2995 1506/1535
f 1506/1535 2823/2995 1507/1534
f 778/784 1282/1290 779/782
f 779/782 1282/1290 792/795
f 2820/2992 1406/1417 1430/1439
f 1430/1439 1406/1417 1409/1418
f 1410/1421 2821/2993 1411/1419
f 1411/1419 2821/2993 1429/1438
f 1407/1415 2822/2994 1408/1416
f 1408/1416 2822/2994 1506/1542
f 1544/1575 781/785 1412/1420
f 1412/1420 781/785 780/783
f 1260/1265 1415/1424 1261/1266
f 1261/1266 1415/1424 1414/1423
f 1334/1342 2824/2997 923/928
f 923/928 2824/2997 924/929
f 2826/2998 1268/1274 2825/2999
f 2825/2999 1268/1274 1267/1272
f 769/773 1212/1218 2827/3000
f 2827/3000 1212/1218 2828/3001
f 1492/1520 1190/1196 1266/1271
f 1266/1271 1190/1196 1267/1272
f 1488/1518 2829/3002 1489/1516
f 1489/1516 2829/3002 2830/3003
f 922/930 1329/1338 923/928
f 923/928 1329/1338 1328/1336
f 1484/1514 2831/3004 1485/1512
f 1485/1512 2831/3004 2832/3005
f 1482/1510 2833/3006 1485/1512
f 1485/1512 2833/3006 1486/1513
f 1324/1333 1493/1521 1489/1516
f 1489/1516 1493/1521 1490/1517
f 1265/1273 1491/1519 1266/1271
f 1266/1271 1491/1519 1490/1517
f 2835/3007 2836/3008 2834/3009
f 2834/3009 2836/3008 2837/3010
f 1250/1255 2838/3011 2827/3000
f 2827/3000 2838/3011 2839/3012
f 1488/1518 1491/1519 2840/3013
f 2840/3013 1491/1519 2841/3014
f 1268/1274 2826/2998 2842/3015
f 2842/3015 2826/2998 2843/3016
f 2844/3017 2845/3018 1495/1522
f 1495/1522 2845/3018 1496/1523
f 1427/1436 2847/3019 2846/3020
f 2846/3020 2847/3019 926/932
f 2829/3002 1488/1518 2848/3021
f 2848/3021 1488/1518 2840/3013
f 1329/1338 922/930 2849/3022
f 2849/3022 922/930 927/933
f 2850/3023 2851/3024 768/771
f 768/771 2851/3024 1213/1219
f 1265/1273 1268/1274 2852/3025
f 2852/3025 1268/1274 2842/3015
f 1491/1519 1265/1273 2841/3014
f 2841/3014 1265/1273 2852/3025
f 2854/3026 2855/3027 2853/3028
f 2853/3028 2855/3027 2856/3029
f 2855/3027 2857/3030 2856/3029
f 2856/3029 2857/3030 598/602
f 2857/3030 2858/3031 598/602
f 598/602 2858/3031 595/601
f 2858/3031 2859/3032 595/601
f 595/601 2859/3032 626/630
f 649/655 652/656 2860/3033
f 2860/3033 652/656 2861/3034
f 639/643 642/645 2862/3035
f 2862/3035 642/645 2863/3036
f 2864/3037 705/709 2862/3035
f 2862/3035 705/709 639/643
f 2865/3038 1418/1427 2864/3037
f 2864/3037 1418/1427 705/709
f 2866/3039 2867/3040 2865/3038
f 2865/3038 2867/3040 1418/1427
f 1760/1803 1348/1357 1761/1804
f 1761/1804 1348/1357 2867/3040
f 1764/1807 2868/3041 1197/1204
f 1197/1204 2868/3041 1198/1203
f 2869/3042 611/617 2868/3041
f 2868/3041 611/617 1198/1203
f 2870/3043 612/615 2869/3042
f 2869/3042 612/615 611/617
f 1352/1361 1350/1360 944/950
f 944/950 1350/1360 688/692
f 1350/1360 1256/1262 688/692
f 688/692 1256/1262 685/691
f 1256/1262 1255/1261 685/691
f 685/691 1255/1261 692/697
f 1255/1261 2871/3044 692/697
f 692/697 2871/3044 2872/3045
f 701/705 2873/3046 698/702
f 698/702 2873/3046 2813/2986
f 2872/3045 1349/1358 692/697
f 692/697 1349/1358 693/696
f 1696/1735 1744/1785 1574/1604
f 1574/1604 1744/1785 1575/1605
f 1753/1796 1618/1655 1577/1608
f 1577/1608 1618/1655 1578/1609
f 1729/1770 1594/1629 1608/1643
f 1608/1643 1594/1629 1609/1644
f 1725/1764 1630/1666 1611/1645
f 1611/1645 1630/1666 1612/1646
f 1604/1641 1607/1642 1625/1661
f 1625/1661 1607/1642 1626/1662
f 1624/1663 1703/1742 1625/1661
f 1625/1661 1703/1742 1912/1962
f 1703/1742 1702/1743 1912/1962
f 1912/1962 1702/1743 1913/1963
f 1702/1743 1753/1796 1913/1963
f 1913/1963 1753/1796 1577/1608
f 1598/1634 1569/1602 1915/1965
f 1915/1965 1569/1602 1578/1609
f 1616/1650 1615/1649 1915/1966
f 1915/1966 1615/1649 1916/1967
f 1615/1649 1696/1735 1916/1967
f 1916/1967 1696/1735 1574/1604
f 1744/1785 1745/1786 1575/1605
f 1575/1605 1745/1786 1917/1968
f 1745/1786 1565/1598 1917/1968
f 1917/1968 1565/1598 1609/1644
f 1568/1599 1725/1764 1608/1643
f 1608/1643 1725/1764 1611/1645
f 2874/3047 1613/1648 1918/1969
f 1918/1969 1613/1648 1612/1646
f 1607/1642 2874/3047 1626/1662
f 1626/1662 2874/3047 1918/1969
f 1610/1647 1613/1648 1562/1592
f 1562/1592 1613/1648 1563/1593
f 1547/1580 1550/1581 1570/1632
f 1570/1600 1550/1783 1571/1601
f 1573/1606 1576/1607 1580/1610
f 1580/1610 1576/1607 1581/1611
f 1553/1586 1556/1587 1595/1627
f 1595/1627 1556/1587 1596/1628
f 1556/1587 1582/1613 1596/1628
f 1596/1628 1582/1613 1581/1611
f 1551/1583 1547/1580 1599/1631
f 1599/1631 1547/1580 1570/1632
f 1731/1771 1914/1964 1601/1635
f 1601/1635 1914/1964 1602/1636
f 1686/1728 1689/1729 1605/1639
f 1605/1639 1689/1729 1606/1640
f 1598/1633 1743/1784 1599/1631
f 1599/1631 1743/1784 1692/1732
f 2874/3047 1607/1642 1723/1762
f 1723/1762 1607/1642 1606/1640
f 1727/1768 1553/1586 1730/1769
f 1730/1769 1553/1586 1595/1627
f 1600/1637 1686/1728 1601/1635
f 1601/1635 1686/1728 1605/1639
f 1914/1964 1572/1603 1602/1636
f 1602/1636 1572/1603 1571/1601
f 1579/1612 1693/1733 1580/1610
f 1580/1610 1693/1733 1692/1732
f 1613/1648 2874/3047 1563/1593
f 1563/1593 2874/3047 1723/1762
f 1561/1594 1727/1768 1562/1592
f 1562/1592 1727/1768 1730/1769
f 1949/2002 1742/1782 1548/1578
f 1548/1578 1742/1782 1549/1579
f 1694/1734 1949/2002 1552/1582
f 1552/1582 1949/2002 1548/1578
f 1954/2009 1589/1620 1554/1584
f 1554/1584 1589/1620 1555/1585
f 1693/1733 1579/1612 1558/1588
f 1558/1588 1579/1612 1559/1589
f 1561/1594 1564/1595 1584/1614
f 1584/1614 1564/1595 1585/1615
f 1582/1613 1556/1587 1588/1618
f 1588/1618 1556/1587 1555/1585
f 1600/1637 1603/1638 1591/1621
f 1591/1621 1603/1638 1592/1622
f 1981/2036 1977/2032 1687/1726
f 1687/1726 1977/2032 1688/1727
f 1564/1595 1722/1763 1585/1615
f 1585/1615 1722/1763 1690/1730
f 1551/1583 1693/1733 1552/1582
f 1552/1582 1693/1733 1558/1588
f 1751/1792 1954/2009 1728/1767
f 1728/1767 1954/2009 1554/1584
f 1590/1623 1981/2036 1591/1621
f 1591/1621 1981/2036 1687/1726
f 1603/1638 1550/1783 1592/1622
f 1592/1625 1550/1581 1549/1579
f 1977/2032 1691/1731 1688/1727
f 1688/1727 1691/1731 1690/1730
f 1587/1619 1560/1591 1588/1618
f 1588/1618 1560/1591 1559/1589
f 1727/1768 1561/1594 1728/1767
f 1728/1767 1561/1594 1584/1614
f 2875/3048 1919/1972 1947/2000
f 1947/2000 1919/1972 1948/2001
f 1557/1590 1560/1591 1952/2006
f 1952/2006 1560/1591 1953/2005
f 1933/1984 1932/1983 1955/2007
f 1955/2007 1932/1983 1956/2008
f 1587/1619 1589/1620 1958/2010
f 1958/2010 1589/1620 1956/2008
f 1959/2013 1933/1984 1965/2018
f 1965/2018 1933/1984 1955/2007
f 1961/2016 1964/2017 1966/2019
f 1966/2019 1964/2017 1967/2020
f 1981/2036 1590/1623 1969/2035
f 1969/2021 1590/1624 1967/2020
f 1742/1782 1949/2002 1972/2025
f 1972/2025 1949/2002 1948/2001
f 1593/1626 1742/1782 1966/2019
f 1966/2019 1742/1782 1972/2025
f 1957/2011 1950/2003 1958/2010
f 1958/2010 1950/2003 1953/2005
f 1583/1616 1586/1617 1974/2026
f 1974/2026 1586/1617 1975/2027
f 1940/1994 1943/1996 1978/2030
f 1978/2030 1943/1996 1979/2031
f 1943/1996 1976/2029 1979/2031
f 1979/2031 1976/2029 1975/2027
f 1951/2004 2875/3048 1952/2006
f 1952/2006 2875/3048 1947/2000
f 1968/2022 1940/1993 1969/2021
f 1969/2035 1940/1994 1978/2030
f 1973/2028 1959/2013 1974/2026
f 1974/2026 1959/2013 1965/2018
f 1923/1975 1971/2024 1920/1970
f 1920/1970 1971/2024 1921/1971
f 1919/1972 2875/3048 1920/1970
f 1920/1970 2875/3048 1924/1974
f 2875/3048 1951/2004 1924/1974
f 1924/1974 1951/2004 1926/1977
f 1950/2003 1957/2011 1929/1979
f 1929/1979 1957/2011 1930/1980
f 2244/2306 2243/2305 1934/1986
f 1934/1986 2243/2305 1935/1985
f 1973/2028 1976/2029 1937/1987
f 1937/1987 1976/2029 1938/1988
f 1944/1998 1980/2034 1941/1991
f 1941/1991 1980/2034 1942/1992
f 1940/1993 1968/2022 1941/1991
f 1941/1991 1968/2022 1945/1997
f 2287/2365 2244/2306 1960/2012
f 1960/2012 2244/2306 1934/1986
f 1970/2023 2245/2307 1962/2014
f 1962/2014 2245/2307 1963/2015
f 2243/2305 1931/1982 1935/1985
f 1935/1985 1931/1982 1930/1980
f 1927/1978 1926/1977 1928/1981
f 1928/1981 1926/1977 1929/1979
f 1961/2016 1922/1973 1962/2014
f 1962/2014 1922/1973 1921/1971
f 2245/2307 1946/1999 1963/2015
f 1963/2015 1946/1999 1945/1997
f 1976/2029 1943/1996 1938/1988
f 1938/1988 1943/1996 1942/1995
f 1936/1989 2287/2365 1937/1987
f 1937/1987 2287/2365 1960/2012
f 743/748 1238/1244 608/611
f 608/611 1238/1244 609/612
f 607/613 1811/3049 608/611
f 608/611 1811/3049 744/747
f 1304/1311 2876/3050 1305/1313
f 1305/1313 2876/3050 2877/3051
f 586/590 585/589 1298/1306
f 1298/1306 585/589 1299/1307
f 585/589 702/706 1299/1307
f 1299/1307 702/706 1300/1308
f 702/706 1428/1437 1300/1308
f 1300/1308 1428/1437 1301/1309
f 1238/1244 586/590 609/612
f 609/612 586/590 1298/1306
f 2878/3052 2879/3053 1218/1223
f 1218/1223 2879/3053 2877/3051
f 2880/3054 2881/3055 1812/1856
f 1812/1856 2881/3055 1819/1864
f 2883/3056 1821/1866 2882/3057
f 2882/3057 1821/1866 1820/1865
f 2840/3013 2841/3014 620/623
f 620/623 2841/3014 621/624
f 2842/3015 2843/3016 795/799
f 795/799 2843/3016 796/800
f 892/900 895/901 2844/3017
f 2844/3017 895/901 2845/3018
f 2848/3021 2840/3013 942/948
f 942/948 2840/3013 620/623
f 2849/3022 927/933 1202/1209
f 1202/1209 927/933 1203/1208
f 2852/3025 2842/3015 1270/1275
f 1270/1275 2842/3015 795/799
f 2841/3014 2852/3025 621/624
f 621/624 2852/3025 1270/1275
f 941/947 1759/1801 942/948
f 942/948 1759/1801 2884/3058
f 659/665 929/934 1427/1436
f 1427/1436 929/934 2847/3019
f 1237/1242 2851/3024 751/754
f 751/754 2851/3024 2850/3023
f 1216/1224 2885/3059 1217/1222
f 1217/1222 2885/3059 1754/1797
f 2887/3060 734/738 2886/3061
f 2886/3061 734/738 733/736
f 2889/3062 1816/1861 2888/3063
f 2888/3063 1816/1861 1815/1859
f 2890/3064 1245/1250 2889/3062
f 2889/3062 1245/1250 1816/1861
f 1824/1868 2891/3065 1825/1870
f 1825/1870 2891/3065 1246/1252
f 2892/3066 2893/3067 2895/3068
f 2895/3068 2893/3067 2894/3069
f 1854/1902 1833/1878 1851/1901
f 1851/1901 1833/1878 1832/1876
f 1851/1901 1832/1876 1884/1933
f 1884/1933 1832/1876 1876/1924
f 1884/1933 1876/1924 1441/1449
f 1441/1449 1876/1924 1443/1452
f 1441/1449 1443/1452 1442/1451
f 1442/1451 1443/1452 1446/1454
f 1442/1451 1446/1454 2896/3070
f 2896/3070 1446/1454 1507/1534
f 2897/3071 2823/2995 2898/3072
f 2898/3072 2823/2995 1543/1573
f 1542/1574 2899/3073 1543/1573
f 1543/1573 2899/3073 2898/3072
f 1542/1574 1905/1955 2899/3073
f 2899/3073 1905/1955 2900/3074
f 1905/1955 1259/1267 2900/3074
f 2900/3074 1259/1267 2901/3075
f 1262/1268 1431/1440 2902/3076
f 2902/3076 1431/1440 1904/1954
f 1431/1440 1434/1442 1904/1954
f 1904/1954 1434/1442 1902/1953
f 1902/1953 1434/1442 2903/3077
f 2903/3077 1434/1442 719/724
f 2903/3077 719/724 2904/3078
f 2904/3078 719/724 718/722
f 1869/1917 1881/1929 718/722
f 718/722 1881/1929 2904/3078
f 1881/1929 1869/1917 1880/1928
f 1880/1928 1869/1917 756/761
f 1880/1928 756/761 2905/3079
f 2905/3079 756/761 755/759
f 2905/3079 755/759 2906/3080
f 2906/3080 755/759 758/762
f 762/768 2907/3081 763/766
f 763/766 2907/3081 2908/3082
f 724/727 723/729 2909/3083
f 2909/3083 723/729 894/899
f 796/800 895/901 723/729
f 723/729 895/901 894/899
f 2843/3016 2845/3018 796/800
f 796/800 2845/3018 895/901
f 2826/2998 1496/1523 2843/3016
f 2843/3016 1496/1523 2845/3018
f 2825/2999 1497/1525 2826/2998
f 2826/2998 1497/1525 1496/1523
f 1189/1195 2836/3008 2825/2999
f 2825/2999 2836/3008 1497/1525
f 797/803 891/896 798/801
f 798/801 891/896 2837/3010
f 802/806 888/894 797/803
f 797/803 888/894 891/896
f 2910/3084 2911/3085 2913/3086
f 2913/3086 2911/3085 2912/3087
f 1780/1826 1783/1827 2915/3088
f 2915/3088 1783/1827 2914/3089
f 2916/3090 2917/3091 831/837
f 831/837 2917/3091 832/838
f 2918/3092 2919/3093 845/851
f 845/851 2919/3093 846/852
f 2920/3094 2916/3090 847/853
f 847/853 2916/3090 831/837
f 2921/3095 2922/3096 857/862
f 857/862 2922/3096 858/863
f 2923/3097 2924/3098 860/865
f 860/865 2924/3098 861/866
f 2919/3093 2912/3087 846/852
f 846/852 2912/3087 887/893
f 2925/3099 2920/3094 940/945
f 940/945 2920/3094 847/853
f 2924/3098 2926/3100 861/866
f 861/866 2926/3100 1204/1210
f 2917/3091 2918/3092 832/838
f 832/838 2918/3092 845/851
f 2927/3101 2928/3102 1449/1458
f 1449/1458 2928/3102 1450/1459
f 2929/3103 2930/3104 889/897
f 889/897 2930/3104 2931/3105
f 2896/3070 1507/1534 2897/3071
f 2897/3071 1507/1534 2823/2995
f 2902/3076 2901/3075 1262/1268
f 1262/1268 2901/3075 1259/1267
f 2932/3106 2933/3107 750/756
f 750/756 2933/3107 1236/1243
f 2933/3107 2934/3108 1236/1243
f 1236/1243 2934/3108 1835/1880
f 2936/3109 2937/3110 2935/3111
f 2935/3111 2937/3110 2938/3112
f 2940/3113 2941/3114 2939/3115
f 2939/3115 2941/3114 2942/3116
f 2943/3117 2944/3118 1841/1886
f 1841/1886 2944/3118 1842/1887
f 2945/3119 1860/1908 2944/3118
f 2944/3118 1860/1908 1842/1887
f 2945/3119 2946/3120 1860/1908
f 1860/1908 2946/3120 1859/1907
f 1889/1939 2947/3121 1890/1940
f 1890/1940 2947/3121 1856/1904
f 1856/1904 2947/3121 1857/1906
f 1857/1906 2947/3121 2948/3122
f 2950/3123 709/712 2949/3124
f 2949/3124 709/712 1829/1874
f 2952/3125 730/734 2951/3126
f 2951/3126 730/734 729/732
f 2866/3039 2953/3127 2867/3040
f 2867/3040 2953/3127 1761/1804
f 2953/3127 2954/3128 1761/1804
f 1761/1804 2954/3128 1420/1429
f 2954/3128 2955/3129 1420/1429
f 1420/1429 2955/3129 742/746
f 2955/3129 2956/3130 742/746
f 742/746 2956/3130 739/745
f 2956/3130 2957/3131 739/745
f 739/745 2957/3131 760/765
f 2957/3131 2958/3132 760/765
f 760/765 2958/3132 761/764
f 2958/3132 2959/3133 761/764
f 761/764 2959/3133 2960/3134
f 2959/3133 2961/3135 2960/3134
f 2960/3134 2961/3135 2962/3136
f 2963/3137 2964/3138 1839/1885
f 1839/1885 2964/3138 1840/1884
f 2964/3138 2965/3139 1840/1884
f 1840/1884 2965/3139 2942/3116
f 2966/3140 2950/3123 2939/3115
f 2939/3115 2950/3123 2949/3124
f 2935/3111 2967/3141 2936/3109
f 2936/3109 2967/3141 2968/3142
f 2969/3143 2970/3144 736/740
f 736/740 2970/3144 735/739
f 734/738 2887/3060 1815/1859
f 1815/1859 2887/3060 2888/3063
f 2887/3060 2882/3057 2888/3063
f 2888/3063 2882/3057 2881/3055
f 1819/1864 1820/1865 1817/1862
f 1817/1862 1820/1865 748/751
f 1195/1201 1757/1800 1197/1204
f 1197/1204 1757/1800 1424/1433
f 1757/1800 647/651 1424/1433
f 1424/1433 647/651 646/650
f 647/651 648/652 646/650
f 646/650 648/652 643/649
f 648/652 1271/1277 643/649
f 643/649 1271/1277 737/741
f 1271/1277 725/728 737/741
f 737/741 725/728 765/769
f 725/728 724/727 765/769
f 765/769 724/727 762/768
f 762/768 724/727 2907/3081
f 2907/3081 724/727 2909/3083
f 1254/1259 1437/1445 2909/3083
f 2909/3083 1437/1445 2907/3081
f 1438/1447 1253/1260 1836/1881
f 1836/1881 1253/1260 1835/1880
f 1836/1881 1835/1880 2938/3112
f 2938/3112 1835/1880 2934/3108
f 2971/3145 2972/3146 2935/3111
f 2935/3111 2972/3146 2967/3141
f 897/903 896/902 2969/3143
f 2969/3143 896/902 2970/3144
f 1815/1859 1814/1858 734/738
f 734/738 1814/1858 731/737
f 728/731 1215/1221 896/902
f 896/902 1215/1221 732/735
f 2885/3059 1216/1224 733/736
f 733/736 1216/1224 2886/3061
f 1216/1224 1219/1225 2886/3061
f 2886/3061 1219/1225 2883/3056
f 2876/3050 1304/1311 1821/1866
f 1821/1866 1304/1311 749/753
f 1304/1311 1303/1310 749/753
f 749/753 1303/1310 746/752
f 1818/1863 2973/3147 1817/1862
f 1817/1862 2973/3147 1810/1854
f 747/750 2974/3148 1818/1863
f 1818/1863 2974/3148 2973/3147
f 747/750 746/752 2974/3148
f 2974/3148 746/752 1303/1310
f 2976/3149 2977/3150 2975/3151
f 2975/3151 2977/3150 2978/3152
f 2976/3149 2979/3153 2901/3075
f 2901/3075 2979/3153 2900/3074
f 2980/3154 2981/3155 2982/3156
f 2982/3156 2981/3155 2979/3153
f 2981/3155 2980/3154 2983/3157
f 2983/3157 2980/3154 2984/3158
f 2985/3159 2897/3071 2983/3157
f 2983/3157 2897/3071 2898/3072
f 2987/3160 2988/3161 2986/3162
f 2986/3162 2988/3161 2985/3159
f 2896/3070 2988/3161 1442/1451
f 1442/1451 2988/3161 1439/1450
f 1903/1952 2977/3150 1904/1954
f 1904/1954 2977/3150 2902/3076
f 1856/1904 1855/1903 1890/1940
f 1890/1940 1855/1903 2989/3163
f 2989/3163 2990/3164 1890/1940
f 1890/1940 2990/3164 1359/1368
f 2990/3164 2991/3165 1359/1368
f 1359/1368 2991/3165 1356/1367
f 2946/3120 2992/3166 1859/1907
f 1859/1907 2992/3166 1893/1943
f 2992/3166 2993/3167 1893/1943
f 1893/1943 2993/3167 775/778
f 2993/3167 2994/3168 775/778
f 775/778 2994/3168 776/779
f 2986/3162 1356/1367 2987/3160
f 2987/3160 1356/1367 2991/3165
f 2975/3151 2978/3152 776/779
f 776/779 2978/3152 777/781
f 2982/3156 2994/3168 2980/3154
f 2980/3154 2994/3168 2995/3169
f 1357/1365 2984/3158 2995/3169
f 2995/3169 2984/3158 2980/3154
f 2995/3169 2996/3170 1357/1365
f 1357/1365 2996/3170 1358/1366
f 2996/3170 2997/3171 1358/1366
f 1358/1366 2997/3171 1889/1939
f 2998/3172 2999/3173 2932/3106
f 2932/3106 2999/3173 2933/3107
f 2999/3173 2971/3145 2933/3107
f 2933/3107 2971/3145 2934/3108
f 1837/1882 1836/1881 2937/3110
f 2937/3110 1836/1881 2938/3112
f 2943/3117 1841/1886 2941/3114
f 2941/3114 1841/1886 1838/1883
f 3001/3174 2944/3118 3000/3175
f 3000/3175 2944/3118 2943/3117
f 3001/3174 3002/3176 2944/3118
f 2944/3118 3002/3176 2945/3119
f 3002/3176 3003/3177 2945/3119
f 2945/3119 3003/3177 2946/3120
f 2997/3171 3003/3177 1889/1939
f 1889/1939 3003/3177 2947/3121
f 2947/3121 3003/3177 2948/3122
f 2948/3122 3003/3177 3002/3176
f 3001/3174 3004/3178 3002/3176
f 3002/3176 3004/3178 2948/3122
f 3000/3175 3005/3179 3001/3174
f 3001/3174 3005/3179 3004/3178
f 2940/3113 3006/3180 3000/3175
f 3000/3175 3006/3180 3005/3179
f 2999/3173 3007/3181 2971/3145
f 2971/3145 3007/3181 2972/3146
f 2998/3172 2951/3126 2999/3173
f 2999/3173 2951/3126 3007/3181
f 3008/3182 2952/3125 2998/3172
f 2998/3172 2952/3125 2951/3126
f 2966/3140 2965/3139 2936/3109
f 2936/3109 2965/3139 2937/3110
f 2935/3111 2938/3112 2971/3145
f 2971/3145 2938/3112 2934/3108
f 3003/3177 2997/3171 2946/3120
f 2946/3120 2997/3171 2992/3166
f 2997/3171 2996/3170 2992/3166
f 2992/3166 2996/3170 2993/3167
f 2996/3170 2995/3169 2993/3167
f 2993/3167 2995/3169 2994/3168
f 1356/1367 2986/3162 1357/1365
f 1357/1365 2986/3162 2984/3158
f 2982/3156 2975/3151 2994/3168
f 2994/3168 2975/3151 776/779
f 1844/1889 1843/1888 1899/1949
f 1899/1949 1843/1888 3009/3183
f 1843/1888 638/641 3009/3183
f 3009/3183 638/641 3010/3184
f 638/641 637/642 3010/3184
f 3010/3184 637/642 3011/3185
f 637/642 1830/1898 3011/3185
f 3011/3185 1830/1898 3012/3186
f 1830/1877 1833/1878 3012/3187
f 3012/3187 1833/1878 2894/3069
f 1833/1878 1854/1902 2894/3069
f 2894/3069 1854/1902 2895/3068
f 1854/1902 1853/1900 2895/3068
f 2895/3068 1853/1900 1888/1938
f 1858/1905 1857/1906 1885/1937
f 1885/1937 1857/1906 1892/1942
f 1899/1949 3009/3183 1898/1948
f 1898/1948 3009/3183 1874/1922
f 3009/3183 3010/3184 1874/1922
f 1874/1922 3010/3184 1865/1913
f 3010/3184 3011/3185 1865/1913
f 1865/1913 3011/3185 1862/1912
f 3011/3185 3012/3186 1862/1912
f 1862/1912 3012/3186 1882/1932
f 3012/3187 2894/3069 1882/3188
f 1882/3188 2894/3069 2893/3067
f 1850/3189 2890/3064 782/3190
f 782/3190 2890/3064 2889/3062
f 783/3191 2880/3054 1811/1857
f 1811/1857 2880/3054 1812/1856
f 744/1855 1810/1854 745/3192
f 745/3192 1810/1854 2973/3147
f 745/3192 2973/3147 805/808
f 805/808 2973/3147 806/809
f 2973/3147 2974/3148 806/809
f 806/809 2974/3148 815/819
f 1303/1310 812/818 2974/3148
f 2974/3148 812/818 815/819
f 1303/1310 1302/1312 812/818
f 812/818 1302/1312 1221/1227
f 1307/1315 3013/3193 1302/1312
f 1302/1312 3013/3193 1221/1227
f 1734/1774 3014/3194 1633/1669
f 1633/1669 3014/3194 1634/1670
f 1646/1685 1649/1686 1636/1673
f 1636/1673 1649/1686 1637/1674
f 1654/1693 1657/1694 1641/1677
f 1641/1677 1657/1694 1642/1678
f 1639/1675 1736/1775 1636/1673
f 1636/1673 1736/1775 1684/1724
f 1716/1756 1713/1752 1698/1737
f 1698/1737 1713/1752 1699/1738
f 1718/1760 1721/1761 1705/1744
f 1705/1744 1721/1761 1706/1745
f 1653/1690 1654/1693 1709/1749
f 1709/1749 1654/1693 1641/1677
f 1620/1659 1623/1660 1714/1754
f 1714/1754 1623/1660 1699/1738
f 1712/1753 1682/1720 1714/1754
f 1714/1754 1682/1720 1740/1780
f 1668/1708 1671/1709 1746/1787
f 1746/1787 1671/1709 1747/1788
f 1752/1793 1650/1689 1749/1790
f 1749/1790 1650/1689 1750/1791
f 1750/1791 1650/1689 1709/1749
f 1709/1749 1650/1689 1653/1690
f 1632/1671 1668/1708 1633/1669
f 1633/1669 1668/1708 1746/1787
f 1649/1686 1752/1793 1637/1674
f 1637/1674 1752/1793 1749/1790
f 1682/1720 1643/1722 1740/1780
f 1740/1780 1643/1722 1642/1794
f 3014/3194 1685/1725 1634/1670
f 1634/1670 1685/1725 1684/1724
f 1704/1746 1748/1789 1705/1744
f 1705/1744 1748/1789 1747/1788
f 1697/1739 1707/1747 1698/1737
f 1698/1737 1707/1747 1706/1745
f 1739/1779 1701/1741 1621/1657
f 1621/1657 1701/1741 1622/1658
f 1567/1597 1566/1596 1647/1683
f 1647/1683 1566/1596 1648/1684
f 1664/1702 1695/1736 1651/1687
f 1651/1687 1695/1736 1652/1688
f 1614/1651 1617/1652 1655/1691
f 1655/1691 1617/1652 1656/1692
f 1704/1746 1707/1747 1659/1695
f 1659/1695 1707/1747 1660/1696
f 3014/3194 1734/1774 1662/1699
f 1662/1699 1734/1774 1663/1700
f 1650/1689 1752/1793 1651/1687
f 1651/1687 1752/1793 1665/1701
f 1741/1781 1657/1795 1667/1704
f 1667/1704 1657/1795 1656/1705
f 1695/1736 1614/1651 1652/1688
f 1652/1688 1614/1651 1655/1691
f 1724/1765 1567/1597 1726/1766
f 1726/1766 1567/1597 1647/1683
f 1645/1682 1628/1667 1733/1772
f 1733/1772 1628/1667 1663/1700
f 1685/1725 3014/3194 1726/1766
f 1726/1766 3014/3194 1662/1699
f 1620/1659 1741/1781 1621/1657
f 1621/1657 1741/1781 1667/1704
f 1566/1596 1666/1703 1648/1684
f 1648/1684 1666/1703 1665/1701
f 1658/1697 1737/1777 1659/1695
f 1659/1695 1737/1777 1901/1951
f 1911/1961 1661/1698 1910/1960
f 1910/1960 1661/1698 1660/1696
f 1701/1741 1911/1961 1622/1658
f 1622/1658 1911/1961 1910/1960
f 1732/1773 1748/1789 1733/1772
f 1733/1772 1748/1789 1901/1951
f 1857/1906 2948/3122 1892/1942
f 1892/1942 2948/3122 3004/3178
f 1892/1942 3004/3178 1891/1941
f 1891/1941 3004/3178 3005/3179
f 1828/1872 3006/3180 1829/1874
f 1829/1874 3006/3180 2949/3124
f 2967/3141 736/740 2968/3142
f 2968/3142 736/740 710/714
f 2972/3146 2969/3143 2967/3141
f 2967/3141 2969/3143 736/740
f 2969/3143 2972/3146 897/903
f 897/903 2972/3146 3007/3181
f 897/903 3007/3181 729/732
f 729/732 3007/3181 2951/3126
f 3016/3195 753/757 3015/3196
f 3015/3196 753/757 752/755
f 3018/3197 767/770 3017/3198
f 3017/3198 767/770 766/772
f 3019/3199 3020/3200 1249/1257
f 1249/1257 3020/3200 3021/3201
f 2915/3088 2914/3089 3019/3199
f 3019/3199 2914/3089 3020/3200
f 3023/3202 2914/3089 3022/3203
f 3022/3203 2914/3089 1783/1827
f 2827/3000 2839/3012 769/773
f 769/773 2839/3012 766/772
f 3025/3204 2838/3011 3024/3205
f 3024/3205 2838/3011 3021/3201
f 768/771 767/770 2850/3023
f 2850/3023 767/770 3026/3206
f 2850/3023 3026/3206 751/754
f 751/754 3026/3206 752/755
f 750/756 753/757 2932/3106
f 2932/3106 753/757 3027/3207
f 3008/3182 2998/3172 3027/3207
f 3027/3207 2998/3172 2932/3106
f 3028/3208 3029/3209 3008/3182
f 3008/3182 3029/3209 2952/3125
f 3029/3209 3030/3210 2952/3125
f 2952/3125 3030/3210 730/734
f 3032/3211 3033/3212 3031/3213
f 3031/3213 3033/3212 3034/3214
f 3036/3215 3037/3216 3035/3217
f 3035/3217 3037/3216 3038/3218
f 2870/3043 3039/3219 612/615
f 612/615 3039/3219 3040/3220
f 3041/3221 3042/3222 3031/3213
f 3031/3213 3042/3222 3038/3218
f 3034/3214 1352/1361 3043/3223
f 3043/3223 1352/1361 944/950
f 612/615 3040/3220 613/616
f 613/616 3040/3220 3044/3224
f 613/616 3044/3224 1425/1434
f 1425/1434 3044/3224 1422/1430
f 3045/3225 3042/3222 669/673
f 669/673 3042/3222 670/674
f 3041/3221 3043/3223 599/603
f 599/603 3043/3223 600/604
f 772/775 771/774 1544/1575
f 1544/1575 771/774 781/785
f 1503/1531 771/774 1866/1915
f 1866/1915 771/774 770/776
f 771/774 1503/1531 781/785
f 781/785 1503/1531 778/784
f 61/60 281/280 416/416
f 416/416 281/280 1907/1957
f 283/284 103/103 3046/3226
f 3046/3226 103/103 3047/3227
f 76/78 79/79 3048/3228
f 3048/3228 79/79 3049/3229
f 280/279 76/78 1906/1956
f 1906/1956 76/78 3048/3228
f 3051/3230 335/335 3050/3231
f 3050/3231 335/335 334/334
f 3053/3232 417/417 3052/3233
f 3052/3233 417/417 416/416
f 3055/3234 435/436 3054/3235
f 3054/3235 435/436 434/437
f 428/430 435/436 419/419
f 419/419 435/436 1908/1958
f 420/421 1909/1959 293/292
f 293/292 1909/1959 443/445
f 79/79 294/293 3049/3229
f 3049/3229 294/293 444/446
f 3057/3236 444/446 3056/3237
f 3056/3237 444/446 443/445
f 3051/3230 3058/3238 335/335
f 335/335 3058/3238 452/454
f 216/216 215/215 1332/1341
f 1332/1341 215/215 452/454
f 308/307 283/284 462/466
f 462/466 283/284 3046/3226
f 3050/3231 334/334 3059/3239
f 3059/3239 334/334 462/466
f 103/103 62/61 3047/3227
f 3047/3227 62/61 417/417
f 313/312 312/311 434/437
f 434/437 312/311 463/467
f 3061/3240 574/578 3060/3241
f 3060/3241 574/578 573/576
f 1310/1318 3062/3242 1428/1437
f 1428/1437 3062/3242 3063/3243
f 1258/1263 3064/3244 1255/1261
f 1255/1261 3064/3244 2871/3044
f 932/937 3065/3245 2853/3028
f 2853/3028 3065/3245 3066/3246
f 699/703 2814/2985 931/938
f 931/938 2814/2985 3067/3247
f 3068/3248 1301/1309 3063/3243
f 3063/3243 1301/1309 1428/1437
f 571/577 574/578 1310/1318
f 1310/1318 574/578 3062/3242
f 3060/3241 573/576 3069/3249
f 3069/3249 573/576 1332/1341
f 3070/3250 3071/3251 1906/1956
f 1906/1956 3071/3251 1907/1957
f 3072/3252 3073/3253 1908/1958
f 1908/1958 3073/3253 1909/1959
f 3075/3254 2814/2985 3074/3255
f 3074/3255 2814/2985 2813/2986
f 2854/3026 3076/3256 1258/1263
f 1258/1263 3076/3256 3064/3244
f 2871/3044 3077/3257 2872/3045
f 2872/3045 3077/3257 3078/3258
f 3074/3255 2813/2986 3079/3259
f 3079/3259 2813/2986 2873/3046
f 2872/3045 3078/3258 1349/1358
f 1349/1358 3078/3258 3080/3260
f 2873/3046 701/705 3068/3248
f 3068/3248 701/705 1301/1309
f 1330/1340 1201/1207 3080/3260
f 3080/3260 1201/1207 1349/1358
f 1264/1270 1263/1269 3081/3261
f 3081/3261 1263/1269 3082/3262
f 3083/3263 3084/3264 3082/3262
f 3082/3262 3084/3264 3081/3261
f 811/815 1448/1457 3086/3265
f 3086/3265 1448/1457 3085/3266
f 808/814 811/815 3087/3267
f 3087/3267 811/815 3086/3265
f 3088/3268 3083/3263 833/841
f 833/841 3083/3263 3082/3262
f 884/890 3089/3269 885/892
f 885/892 3089/3269 3090/3270
f 3087/3267 1790/1833 808/814
f 808/814 1790/1833 816/821
f 1790/1833 3087/3267 1787/1831
f 1787/1831 3087/3267 3091/3271
f 3092/3272 3091/3271 3086/3265
f 3086/3265 3091/3271 3087/3267
f 3093/3273 3094/3274 3084/3264
f 3084/3264 3094/3274 3095/3275
f 3089/3269 3096/3276 3090/3270
f 3090/3270 3096/3276 3088/3268
f 3097/3277 3093/3273 3083/3263
f 3083/3263 3093/3273 3084/3264
f 3099/3278 3100/3279 3098/3280
f 3098/3280 3100/3279 1786/1830
f 3101/3281 1788/1832 2913/3086
f 2913/3086 1788/1832 3102/3282
f 838/843 837/845 885/892
f 885/892 837/845 886/891
f 886/891 837/845 3103/3283
f 3103/3283 837/845 1541/1572
f 3094/3274 3093/3273 3104/3284
f 3104/3284 3093/3273 3097/3277
f 3105/3285 3106/3286 3089/3269
f 3089/3269 3106/3286 3096/3276
f 3108/3287 3109/3288 3107/3289
f 3107/3289 3109/3288 3110/3290
f 3111/3291 3112/3292 3091/3271
f 3091/3271 3112/3292 1787/1831
f 3114/3293 3108/3287 3113/3294
f 3113/3294 3108/3287 3107/3289
f 3114/3293 3115/3295 3112/3292
f 3112/3292 3115/3295 3102/3282
f 3091/3271 3092/3272 3111/3291
f 3111/3291 3092/3272 3116/3296
f 839/844 838/843 835/840
f 835/840 838/843 836/842
f 885/892 3090/3270 838/843
f 838/843 3090/3270 836/842
f 3110/3290 3117/3297 1247/1253
f 1247/1253 3117/3297 3118/3298
f 1247/1253 3118/3298 1248/1254
f 1248/1254 3118/3298 3119/3299
f 3120/3300 3121/3301 3119/3299
f 3119/3299 3121/3301 1248/1254
f 1247/1253 844/849 3110/3290
f 3110/3290 844/849 3107/3289
f 844/849 843/850 3107/3289
f 3107/3289 843/850 3113/3294
f 843/850 3099/3278 3113/3294
f 3113/3294 3099/3278 3122/3302
f 1781/1824 3123/3303 3098/3280
f 3098/3280 3123/3303 3124/3304
f 2915/3088 2931/3105 1780/1826
f 1780/1826 2931/3105 2930/3104
f 3019/3199 3125/3305 2915/3088
f 2915/3088 3125/3305 2931/3105
f 890/895 3125/3305 2834/3009
f 2834/3009 3125/3305 1252/1258
f 3125/3305 3019/3199 1252/1258
f 1252/1258 3019/3199 1249/1257
f 907/913 908/914 946/952
f 946/952 908/914 947/953
f 1185/1193 1188/1194 1369/1378
f 1369/1378 1188/1194 948/955
f 954/962 957/963 951/956
f 951/956 957/963 952/957
f 910/915 965/971 953/959
f 953/959 965/971 950/958
f 905/911 958/964 960/965
f 960/965 958/964 961/966
f 3126/3306 978/983 949/954
f 949/954 978/983 962/968
f 936/941 935/940 967/972
f 967/972 935/940 968/973
f 994/999 993/998 969/975
f 969/975 993/998 966/974
f 902/908 904/909 971/976
f 971/976 904/909 972/977
f 983/989 985/990 973/979
f 973/979 985/990 970/978
f 906/912 905/911 974/980
f 974/980 905/911 960/965
f 977/982 981/986 959/967
f 959/967 981/986 975/981
f 911/916 910/915 1143/1148
f 1143/1148 910/915 953/959
f 952/957 957/963 1142/1149
f 1142/1149 957/963 1145/1150
f 911/916 1143/1148 1366/1376
f 1366/1376 1143/1148 1368/1377
f 1185/1193 1369/1378 1145/1150
f 1145/1150 1369/1378 1142/1149
f 993/998 1519/1550 966/974
f 966/974 1519/1550 1456/1467
f 965/971 1454/1465 950/958
f 950/958 1454/1465 1457/1468
f 900/905 899/904 1459/1469
f 1459/1469 899/904 1460/1470
f 988/996 991/997 1461/1472
f 1461/1472 991/997 1458/1471
f 899/904 963/969 1460/1470
f 1460/1470 963/969 1462/1473
f 985/990 987/993 970/978
f 970/978 987/993 1463/1474
f 904/909 906/912 972/977
f 972/977 906/912 974/980
f 981/986 983/989 975/981
f 975/981 983/989 973/979
f 935/940 900/1284 968/973
f 968/973 900/1284 1459/1508
f 991/1476 994/999 1458/1509
f 1458/1509 994/999 969/975
f 1154/1160 1526/1558 1088/1093
f 1088/1093 1526/1558 1089/1094
f 1109/1117 1112/1118 1092/1097
f 1092/1097 1112/1118 1093/1098
f 1083/1091 1098/1104 1084/1089
f 1084/1089 1098/1104 1097/1102
f 1078/1084 1471/1493 1100/1106
f 1100/1106 1471/1493 1101/1108
f 1075/1083 1078/1084 1104/1110
f 1104/1110 1078/1084 1100/1106
f 1152/1159 1154/1160 1156/1161
f 1156/1161 1154/1160 1088/1093
f 1156/1161 1155/1162 1372/1381
f 1372/1381 1155/1162 1373/1382
f 1372/1381 1373/1382 1104/1110
f 1104/1110 1373/1382 1075/1083
f 1467/3307 1109/1117 1465/1485
f 1465/1485 1109/1117 1092/1097
f 1465/1488 1182/1188 1468/1490
f 1468/1490 1182/1188 1184/1190
f 1474/1498 1470/1492 1096/1101
f 1096/1101 1470/1492 1097/1102
f 1102/1107 1101/1108 1083/1091
f 1083/1091 1101/1108 1098/1104
f 1112/1118 1531/1562 1093/1098
f 1093/1098 1531/1562 1529/1560
f 1102/1107 1073/1078 1099/1105
f 1099/1105 1073/1078 1072/1079
f 1526/1558 1154/1160 1079/1085
f 1079/1085 1154/1160 1080/1086
f 1081/1087 1091/1099 1082/1088
f 1082/1088 1091/1099 1094/1100
f 1069/1075 1068/1074 1085/1090
f 1085/1090 1068/1074 1086/1092
f 1153/1158 1151/1157 1080/1086
f 1080/1086 1151/1157 1058/1063
f 1371/1380 1177/1182 1179/1185
f 1179/1185 1177/1182 1176/1184
f 1099/1105 1072/1079 1103/1109
f 1103/1109 1072/1079 1176/1184
f 1068/1074 1071/1077 1086/1092
f 1086/1092 1071/1077 1073/1078
f 1085/1090 1084/1089 1180/1186
f 1180/1186 1084/1089 1469/1491
f 1066/1072 1065/1071 1183/1189
f 1183/1189 1065/1071 1181/1187
f 1153/1158 1152/1159 1177/1182
f 1177/1182 1152/1159 1178/1183
f 1091/1099 1081/1087 1182/1486
f 1182/1486 1081/1087 1183/1484
f 1057/1065 1525/1556 1079/1085
f 1079/1085 1525/1556 1527/1557
f 1120/1126 1117/1125 1076/1081
f 1076/1081 1117/1125 1077/1082
f 1087/1095 1090/1096 1107/1112
f 1107/1112 1090/1096 1108/1114
f 1127/1134 1126/1132 1110/1115
f 1110/1115 1126/1132 1111/1116
f 1095/1103 1116/1122 1096/1101
f 1096/1101 1116/1122 1115/1120
f 1471/1493 1078/1084 1119/1124
f 1119/1124 1078/1084 1077/1082
f 1087/1095 1107/1112 1155/1162
f 1155/1162 1107/1112 1158/1164
f 1376/1384 1374/1383 1157/1163
f 1157/1163 1374/1383 1158/1164
f 1076/1081 1075/1083 1374/1383
f 1374/1383 1075/1083 1373/1382
f 1109/1117 1467/3307 1110/1115
f 1110/1115 1467/3307 1472/1494
f 1467/1487 1466/1489 1472/1496
f 1472/1496 1466/1489 1473/1497
f 1135/1140 1475/1499 1114/1119
f 1114/1119 1475/1499 1115/1120
f 1471/1493 1119/1124 1095/1103
f 1095/1103 1119/1124 1116/1122
f 1126/1132 1532/1563 1111/1116
f 1111/1116 1532/1563 1530/1561
f 914/919 1276/1283 1480/1506
f 1480/1506 1276/1283 1517/1548
f 3127/3308 3128/3309 1223/1228
f 1223/1228 3128/3309 1224/1229
f 824/830 933/939 1455/1466
f 1455/1466 933/939 3129/3310
f 3131/3311 1448/1457 3130/3312
f 3130/3312 1448/1457 1447/1456
f 3132/3313 3133/3314 1452/1461
f 1452/1461 3133/3314 1453/1462
f 3130/3312 1447/1456 1322/1332
f 1322/1332 1447/1456 1455/1466
f 933/939 1514/1544 3129/3310
f 3129/3310 1514/1544 3134/3315
f 1161/1166 3135/3316 1480/1506
f 1480/1506 3135/3316 1481/1507
f 3128/3309 3136/3317 1224/1229
f 1224/1229 3136/3317 1499/1527
f 3133/3314 1162/1167 1453/1462
f 1453/1462 1162/1167 1517/1548
f 1515/1546 3127/3308 1535/1566
f 1535/1566 3127/3308 1223/1228
f 3095/3275 3085/3266 3131/3311
f 3131/3311 3085/3266 1448/1457
f 3137/3318 3092/3272 3085/3266
f 3085/3266 3092/3272 3086/3265
f 3138/3319 3116/3296 3137/3318
f 3137/3318 3116/3296 3092/3272
f 3110/3290 3109/3288 3117/3297
f 3117/3297 3109/3288 3139/3320
f 3105/3285 3140/3321 3117/3297
f 3117/3297 3140/3321 3118/3298
f 3140/3321 3141/3322 3118/3298
f 3118/3298 3141/3322 3119/3299
f 3142/3323 3120/3300 3141/3322
f 3141/3322 3120/3300 3119/3299
f 1498/1526 3143/3324 1277/1282
f 1277/1282 3143/3324 882/888
f 3144/3325 3145/3326 1340/1349
f 1340/1349 3145/3326 1339/1348
f 1340/1349 3146/3327 3144/3325
f 3144/3325 3146/3327 3147/3328
f 3145/3326 3144/3325 3143/3324
f 3143/3324 3144/3325 3148/3329
f 871/877 901/907 872/878
f 872/1503 901/1285 1362/1371
f 3149/3330 3148/3329 3147/3328
f 3147/3328 3148/3329 3144/3325
f 1208/1214 3150/3331 1209/1215
f 3098/3280 1786/1830 1781/1824
f 1781/1824 1786/1830 1782/1825
f 2930/3104 2929/3103 3123/3303
f 3123/3303 2929/3103 2911/3085
f 1794/1838 1791/1836 2916/3090
f 2916/3090 1791/1836 2917/3091
f 1793/1837 3101/3281 2918/3092
f 2918/3092 3101/3281 2919/3093
f 1796/1840 1794/1838 2920/3094
f 2920/3094 1794/1838 2916/3090
f 3151/3332 3152/3333 2921/3095
f 2921/3095 3152/3333 2922/3096
f 3153/3334 3154/3335 2923/3097
f 2923/3097 3154/3335 2924/3098
f 2919/3093 3101/3281 2912/3087
f 2912/3087 3101/3281 2913/3086
f 3155/3336 1796/1840 2925/3099
f 2925/3099 1796/1840 2920/3094
f 3154/3335 3156/3337 2924/3098
f 2924/3098 3156/3337 2926/3100
f 1791/1836 1793/1837 2917/3091
f 2917/3091 1793/1837 2918/3092
f 3157/3338 3158/3339 2927/3101
f 2927/3101 3158/3339 2928/3102
f 1780/1826 2930/3104 1781/1824
f 1781/1824 2930/3104 3123/3303
f 2825/2999 1267/1272 1189/1195
f 1189/1195 1267/1272 1190/1196
f 2827/3000 2828/3001 1250/1255
f 1250/1255 2828/3001 1251/1256
f 1489/1516 2830/3003 1324/1333
f 1324/1333 2830/3003 1325/1334
f 923/928 1328/1336 1334/1342
f 1334/1342 1328/1336 1335/1343
f 1485/1512 2832/3005 1482/1510
f 1482/1510 2832/3005 1483/1511
f 1266/1271 1490/1517 1492/1520
f 1492/1520 1490/1517 1493/1521
f 1333/1344 1346/1355 1334/1342
f 1334/1342 1346/1355 2824/2997
f 722/725 799/802 1492/1520
f 1492/1520 799/802 1190/1196
f 664/667 657/660 1482/1510
f 1482/1510 657/660 2833/3006
f 631/637 634/638 1324/1333
f 1324/1333 634/638 1493/1521
f 2828/3001 1494/1524 1251/1256
f 1251/1256 1494/1524 2835/3007
f 1249/1257 3021/3201 1250/1255
f 1250/1255 3021/3201 2838/3011
f 798/801 2837/3010 1189/1195
f 1189/1195 2837/3010 2836/3008
f 3100/3279 842/848 3160/3340
f 3160/3340 842/848 3159/3341
f 1788/1832 3101/3281 1789/1834
f 1789/1834 3101/3281 1793/1837
f 1792/1835 816/821 1789/1834
f 1789/1834 816/821 1790/1833
f 817/820 816/821 1795/1839
f 1795/1839 816/821 1792/1835
f 938/944 817/820 1797/1841
f 1797/1841 817/820 1795/1839
f 1796/1840 3155/3336 1797/1841
f 1797/1841 3155/3336 1798/1842
f 3155/3336 3158/3339 1798/1842
f 1798/1842 3158/3339 1799/1843
f 3157/3338 3152/3333 1801/1844
f 1801/1844 3152/3333 1802/1845
f 3151/3332 3156/3337 1803/1847
f 1803/1847 3156/3337 1804/1848
f 3154/3335 3153/3334 1805/1849
f 1805/1849 3153/3334 1806/1850
f 3153/3334 3161/3342 1806/1850
f 1806/1850 3161/3342 1807/1851
f 3099/3278 843/850 3100/3279
f 3100/3279 843/850 842/848
f 1788/1832 1787/1831 3102/3282
f 3102/3282 1787/1831 3112/3292
f 2910/3084 3115/3295 3124/3304
f 3124/3304 3115/3295 3122/3302
f 3099/3278 3098/3280 3122/3302
f 3122/3302 3098/3280 3124/3304
f 416/416 1907/1957 3052/3233
f 3052/3233 1907/1957 3071/3251
f 3046/3226 3047/3227 3163/3343
f 3163/3343 3047/3227 3162/3344
f 249/248 445/447 259/260
f 259/260 445/447 3164/3345
f 425/425 3165/3346 424/424
f 424/424 3165/3346 461/465
f 408/409 410/410 329/329
f 329/329 410/410 330/330
f 39/40 331/331 40/39
f 40/39 331/331 332/332
f 305/304 304/303 423/423
f 423/423 304/303 464/468
f 385/385 254/253 458/462
f 458/462 254/253 392/392
f 250/250 415/415 251/251
f 251/251 415/415 412/412
f 233/235 337/337 234/233
f 234/233 337/337 3166/3347
f 435/436 3055/3234 1908/1958
f 1908/1958 3055/3234 3072/3252
f 443/445 1909/1959 3056/3237
f 3056/3237 1909/1959 3073/3253
f 3167/3348 3049/3229 3057/3236
f 3057/3236 3049/3229 444/446
f 452/454 3058/3238 1332/1341
f 1332/1341 3058/3238 3069/3249
f 234/233 3166/3347 346/345
f 346/345 3166/3347 411/411
f 3046/3226 3163/3343 462/466
f 462/466 3163/3343 3059/3239
f 259/260 3164/3345 260/259
f 260/259 3164/3345 336/336
f 3047/3227 417/417 3162/3344
f 3162/3344 417/417 3053/3232
f 463/467 3168/3349 434/437
f 434/437 3168/3349 3054/3235
f 454/458 830/836 425/457
f 425/457 830/836 3165/3350
f 3062/3242 3169/3351 3063/3243
f 3063/3243 3169/3351 3170/3352
f 1355/1364 1354/1363 1534/1565
f 1534/1565 1354/1363 3171/3353
f 3063/3243 3170/3352 3068/3248
f 3068/3248 3170/3352 3172/3354
f 574/578 3061/3240 3062/3242
f 3062/3242 3061/3240 3169/3351
f 1534/1565 3171/3353 1535/1566
f 1535/1566 3171/3353 3173/3355
f 3079/3259 2873/3046 3172/3354
f 3172/3354 2873/3046 3068/3248
f 2838/3011 3025/3204 2839/3012
f 2839/3012 3025/3204 3174/3356
f 3176/3357 3177/3358 3175/3359
f 3175/3359 3177/3358 3178/3360
f 3180/3361 1125/1131 3179/3362
f 3179/3362 1125/1131 1128/1133
f 3182/3363 3183/3364 3181/3365
f 3181/3365 3183/3364 3184/3366
f 1134/1139 3185/3367 1130/1135
f 1130/1135 3185/3367 3182/3363
f 3186/3368 3187/3369 3189/3370
f 3189/3370 3187/3369 3188/3371
f 3191/3372 3189/3370 3190/3373
f 3190/3373 3189/3370 3188/3371
f 1137/1143 1122/1127 3190/3373
f 3190/3373 1122/1127 3192/3374
f 3175/3359 3178/3360 3193/3375
f 3193/3375 3178/3360 3194/3376
f 3181/3377 3184/3378 3179/3362
f 3179/3362 3184/3378 3195/3379
f 3197/3380 3198/3381 3196/3382
f 3196/3382 3198/3381 3180/3361
f 3200/3383 3178/3360 3199/3384
f 3199/3384 3178/3360 3177/3358
f 3202/3385 3196/3382 3201/3386
f 3201/3386 3196/3382 3195/3379
f 3204/3387 3184/3366 3203/3388
f 3203/3388 3184/3366 3183/3364
f 3206/3389 3207/3390 3205/3391
f 3205/3391 3207/3390 3186/3368
f 3205/3391 3186/3368 3208/3392
f 3208/3392 3186/3368 3189/3370
f 3209/3393 3208/3392 3191/3372
f 3191/3372 3208/3392 3189/3370
f 3210/3394 3194/3376 3200/3383
f 3200/3383 3194/3376 3178/3360
f 3201/3386 3195/3379 3204/3395
f 3204/3395 3195/3379 3184/3378
f 3197/3380 3211/3396 3177/3358
f 3177/3358 3211/3396 3199/3384
f 3213/3397 3214/3398 3212/3399
f 3212/3399 3214/3398 3215/3400
f 3217/3401 3218/3402 3216/3403
f 3216/3403 3218/3402 3219/3404
f 3221/3405 3222/3406 3220/3407
f 3220/3407 3222/3406 3223/3408
f 3225/3409 3226/3410 3224/3411
f 3224/3411 3226/3410 3227/3412
f 3229/3413 3230/3414 3228/3415
f 3228/3415 3230/3414 3231/3416
f 3233/3417 3234/3418 3232/3419
f 3232/3419 3234/3418 3235/3420
f 3237/3421 3238/3422 3236/3423
f 3236/3423 3238/3422 3239/3424
f 3238/3422 3240/3425 3239/3424
f 3239/3424 3240/3425 3241/3426
f 3232/3419 3235/3420 3242/3427
f 3242/3427 3235/3420 3243/3428
f 3245/3429 3246/3430 3244/3431
f 3244/3431 3246/3430 3247/3432
f 3248/3433 3249/3434 3245/3429
f 3245/3429 3249/3434 3246/3430
f 3251/3435 3252/3436 3250/3437
f 3250/3437 3252/3436 3253/3438
f 3255/3439 3252/3436 3254/3440
f 3254/3440 3252/3436 3251/3435
f 3256/3441 3257/3442 3259/3443
f 3259/3443 3257/3442 3258/3444
f 3261/3445 3262/3446 3260/3447
f 3260/3447 3262/3446 3263/3448
f 3265/3449 3263/3448 3264/3450
f 3264/3450 3263/3448 3262/3446
f 3256/3441 3259/3443 3266/3451
f 3266/3451 3259/3443 3267/3452
f 3269/3453 3270/3454 3268/3455
f 3268/3455 3270/3454 3271/3456
f 3269/3453 3272/3457 3270/3454
f 3270/3454 3272/3457 3273/3458
f 3274/3459 3275/3460 3277/3461
f 3277/3461 3275/3460 3276/3462
f 3278/3463 3279/3464 3276/3462
f 3276/3462 3279/3464 3277/3461
f 3281/3465 3282/3466 3280/3467
f 3280/3467 3282/3466 3283/3468
f 3280/3467 3284/3469 3281/3465
f 3281/3465 3284/3469 3285/3470
f 3287/3471 3288/3472 3286/3473
f 3286/3473 3288/3472 3289/3474
f 3290/3475 3291/3476 3288/3472
f 3288/3472 3291/3476 3289/3474
f 3234/3418 3218/3402 3235/3420
f 3235/3420 3218/3402 3217/3401
f 3232/3419 3292/3477 3233/3417
f 3233/3417 3292/3477 3293/3478
f 3239/3424 3294/3479 3236/3423
f 3236/3423 3294/3479 3219/3480
f 3233/3417 3293/3478 3237/3421
f 3237/3421 3293/3478 3295/3481
f 3296/3482 3294/3479 3241/3426
f 3241/3426 3294/3479 3239/3424
f 3240/3425 3238/3422 3297/3483
f 3297/3483 3238/3422 3298/3484
f 3217/3401 3216/3403 3235/3420
f 3235/3420 3216/3403 3243/3428
f 3297/3483 3299/3485 3240/3425
f 3240/3425 3299/3485 3242/3486
f 3246/3430 3300/3487 3247/3432
f 3247/3432 3300/3487 3223/3488
f 3301/3489 3302/3490 3254/3440
f 3254/3440 3302/3490 3244/3491
f 3249/3434 3303/3492 3246/3430
f 3246/3430 3303/3492 3300/3487
f 3245/3429 3304/3493 3248/3433
f 3248/3433 3304/3493 3292/3477
f 3252/3436 3221/3405 3253/3438
f 3253/3438 3221/3405 3220/3407
f 3250/3494 3248/3433 3299/3495
f 3299/3495 3248/3433 3292/3477
f 3222/3406 3221/3405 3255/3439
f 3255/3439 3221/3405 3252/3436
f 3297/3483 3301/3489 3251/3435
f 3251/3435 3301/3489 3254/3440
f 3258/3444 3214/3398 3259/3443
f 3259/3443 3214/3398 3213/3397
f 3257/3442 3256/3441 3304/3493
f 3304/3493 3256/3441 3305/3496
f 3263/3448 3306/3497 3260/3447
f 3260/3447 3306/3497 3215/3498
f 3261/3499 3257/3442 3302/3500
f 3302/3500 3257/3442 3304/3493
f 3307/3501 3306/3497 3265/3449
f 3265/3449 3306/3497 3263/3448
f 3262/3446 3301/3489 3264/3450
f 3264/3450 3301/3489 3308/3502
f 3259/3443 3213/3397 3267/3452
f 3267/3452 3213/3397 3212/3399
f 3308/3502 3309/3503 3264/3450
f 3264/3450 3309/3503 3266/3504
f 3270/3454 3310/3505 3271/3456
f 3271/3456 3310/3505 3231/3506
f 3311/3507 3312/3508 3278/3463
f 3278/3463 3312/3508 3268/3509
f 3270/3454 3273/3458 3310/3505
f 3310/3505 3273/3458 3313/3510
f 3272/3457 3269/3453 3305/3496
f 3305/3496 3269/3453 3314/3511
f 3277/3461 3229/3413 3274/3459
f 3274/3459 3229/3413 3228/3415
f 3275/3512 3272/3457 3309/3513
f 3309/3513 3272/3457 3305/3496
f 3279/3464 3230/3414 3277/3461
f 3277/3461 3230/3414 3229/3413
f 3276/3462 3308/3502 3278/3463
f 3278/3463 3308/3502 3311/3507
f 3281/3465 3315/3514 3282/3466
f 3282/3466 3315/3514 3227/3515
f 3290/3475 3316/3516 3283/3517
f 3283/3517 3316/3516 3317/3518
f 3281/3465 3285/3470 3315/3514
f 3315/3514 3285/3470 3318/3519
f 3284/3469 3280/3467 3314/3511
f 3314/3511 3280/3467 3319/3520
f 3289/3474 3225/3409 3286/3473
f 3286/3473 3225/3409 3224/3411
f 3287/3521 3284/3469 3312/3522
f 3284/3469 3314/3511 3312/3522
f 3291/3476 3226/3410 3289/3474
f 3289/3474 3226/3410 3225/3409
f 3288/3472 3311/3507 3290/3475
f 3290/3475 3311/3507 3316/3516
f 3212/3523 3215/3498 3307/3501
f 3307/3501 3215/3498 3306/3497
f 3294/3479 3296/3482 3219/3480
f 3219/3480 3296/3482 3216/3524
f 3303/3492 3220/3525 3300/3487
f 3300/3487 3220/3525 3223/3488
f 3224/3526 3227/3515 3318/3519
f 3318/3519 3227/3515 3315/3514
f 3228/3527 3231/3506 3313/3510
f 3313/3510 3231/3506 3310/3505
f 3234/3418 3233/3417 3236/3423
f 3236/3423 3233/3417 3237/3421
f 3243/3528 3241/3426 3242/3486
f 3242/3486 3241/3426 3240/3425
f 3247/3529 3255/3439 3244/3491
f 3244/3491 3255/3439 3254/3440
f 3253/3530 3249/3434 3250/3494
f 3250/3494 3249/3434 3248/3433
f 3260/3531 3258/3444 3261/3499
f 3261/3499 3258/3444 3257/3442
f 3266/3504 3267/3532 3264/3450
f 3264/3450 3267/3532 3265/3449
f 3268/3509 3271/3533 3278/3463
f 3278/3463 3271/3533 3279/3464
f 3274/3534 3273/3458 3275/3512
f 3275/3512 3273/3458 3272/3457
f 3283/3517 3282/3535 3290/3475
f 3290/3475 3282/3535 3291/3476
f 3286/3536 3285/3470 3287/3521
f 3287/3521 3285/3470 3284/3469
f 3218/3402 3234/3418 3219/3404
f 3219/3404 3234/3418 3236/3423
f 3295/3481 3298/3484 3237/3421
f 3237/3421 3298/3484 3238/3422
f 3216/3524 3296/3482 3243/3528
f 3243/3528 3296/3482 3241/3426
f 3242/3427 3299/3495 3232/3419
f 3232/3419 3299/3495 3292/3477
f 3223/3408 3222/3406 3247/3529
f 3247/3529 3222/3406 3255/3439
f 3244/3431 3302/3500 3245/3429
f 3245/3429 3302/3500 3304/3493
f 3303/3492 3249/3434 3220/3525
f 3220/3525 3249/3434 3253/3530
f 3297/3483 3251/3435 3299/3485
f 3299/3485 3251/3435 3250/3437
f 3215/3400 3214/3398 3260/3531
f 3260/3531 3214/3398 3258/3444
f 3301/3489 3262/3446 3302/3490
f 3302/3490 3262/3446 3261/3445
f 3212/3523 3307/3501 3267/3532
f 3267/3532 3307/3501 3265/3449
f 3266/3451 3309/3513 3256/3441
f 3256/3441 3309/3513 3305/3496
f 3271/3533 3231/3416 3279/3464
f 3279/3464 3231/3416 3230/3414
f 3268/3455 3312/3522 3269/3453
f 3269/3453 3312/3522 3314/3511
f 3228/3527 3313/3510 3274/3534
f 3274/3534 3313/3510 3273/3458
f 3308/3502 3276/3462 3309/3503
f 3309/3503 3276/3462 3275/3460
f 3282/3535 3227/3412 3291/3476
f 3291/3476 3227/3412 3226/3410
f 3317/3537 3319/3520 3283/3468
f 3283/3468 3319/3520 3280/3467
f 3224/3526 3318/3519 3286/3536
f 3286/3536 3318/3519 3285/3470
f 3312/3508 3311/3507 3287/3471
f 3311/3507 3288/3472 3287/3471
f 3320/3538 3321/3539 3194/3376
f 3194/3376 3321/3539 3193/3375
f 1375/1385 3321/3539 1121/1128
f 1121/1128 3321/3539 3322/3540
f 3323/3541 3324/3542 3322/3540
f 3322/3540 3324/3542 3192/3374
f 3175/3359 1124/1130 3176/3357
f 3176/3357 1124/1130 1123/1129
f 3179/3362 3195/3379 3180/3361
f 3180/3361 3195/3379 3196/3382
f 3181/3365 1131/1136 3182/3363
f 3182/3363 1131/1136 1130/1135
f 3207/3390 3185/3367 3186/3368
f 3186/3368 3185/3367 3187/3369
f 1136/1142 3188/3371 1133/1141
f 1133/1141 3188/3371 3187/3369
f 3190/3373 3188/3371 1137/1143
f 1137/1143 3188/3371 1136/1142
f 3193/3375 1159/1165 3175/3359
f 3175/3359 1159/1165 1124/1130
f 3179/3362 1128/1133 3181/3377
f 3181/3377 1128/1133 1131/1500
f 1533/1564 3198/3381 1123/1129
f 1123/1129 3198/3381 3176/3357
f 3321/3539 1375/1385 3193/3375
f 3193/3375 1375/1385 1159/1165
f 3321/3539 3320/3538 3322/3540
f 3322/3540 3320/3538 3323/3541
f 1122/1127 1121/1128 3192/3374
f 3192/3374 1121/1128 3322/3540
f 3194/3376 3210/3394 3320/3538
f 3320/3538 3210/3394 3325/3543
f 3324/3542 3323/3541 3327/3544
f 3327/3544 3323/3541 3326/3545
f 3320/3538 3325/3543 3323/3541
f 3323/3541 3325/3543 3326/3545
f 3208/3392 3328/3546 3205/3391
f 3205/3391 3328/3546 3329/3547
f 3330/3548 3206/3389 3329/3547
f 3329/3547 3206/3389 3205/3391
f 3203/3388 3331/3549 3204/3387
f 3204/3387 3331/3549 3332/3550
f 3210/3394 3333/3551 3325/3543
f 3325/3543 3333/3551 3334/3552
f 3325/3543 3334/3552 3326/3545
f 3326/3545 3334/3552 3335/3553
f 3327/3544 3326/3545 3336/3554
f 3336/3554 3326/3545 3335/3553
f 3327/3544 3209/3393 3324/3542
f 3324/3542 3209/3393 3191/3372
f 3190/3373 3192/3374 3191/3372
f 3191/3372 3192/3374 3324/3542
f 3338/3555 3339/3556 3337/3557
f 3337/3557 3339/3556 3340/3558
f 3338/3555 3341/3559 3339/3556
f 3339/3556 3341/3559 3342/3560
f 3341/3559 3343/3561 3342/3560
f 3342/3560 3343/3561 3344/3562
f 3343/3561 3345/3563 3344/3562
f 3344/3562 3345/3563 3346/3564
f 3345/3563 3347/3565 3346/3564
f 3346/3564 3347/3565 3348/3566
f 3347/3565 3349/3567 3348/3566
f 3348/3566 3349/3567 3350/3568
f 3337/3557 3340/3558 3351/3569
f 3351/3569 3340/3558 3352/3570
f 3351/3569 3352/3570 3353/3571
f 3353/3571 3352/3570 3354/3572
f 3353/3571 3354/3572 3355/3573
f 3355/3573 3354/3572 3356/3574
f 3350/3575 3349/3576 3357/3577
f 3357/3577 3349/3576 3358/3578
f 3355/3573 3356/3574 3359/3579
f 3359/3579 3356/3574 3360/3580
f 3359/3579 3360/3580 3361/3581
f 3361/3581 3360/3580 3362/3582
f 3361/3581 3362/3582 3363/3583
f 3363/3583 3362/3582 3364/3584
f 3363/3583 3364/3584 3358/3578
f 3358/3578 3364/3584 3357/3577
f 3339/3556 3342/3560 3365/3585
f 3365/3585 3342/3560 3366/3586
f 3342/3560 3344/3562 3366/3586
f 3366/3586 3344/3562 3367/3587
f 3344/3562 3346/3564 3367/3587
f 3367/3587 3346/3564 3368/3588
f 3346/3564 3348/3566 3368/3588
f 3368/3588 3348/3566 3369/3589
f 3348/3566 3350/3568 3369/3589
f 3369/3589 3350/3568 3370/3590
f 3368/3588 3369/3589 3371/3591
f 3371/3591 3369/3589 3372/3592
f 3369/3589 3370/3590 3372/3592
f 3372/3592 3370/3590 3373/3593
f 3373/3593 3374/3594 3372/3592
f 3372/3592 3374/3594 3375/3595
f 3377/3596 3378/3597 3376/3598
f 3376/3598 3378/3597 3379/3599
f 3377/3596 3375/3595 3378/3597
f 3378/3597 3375/3595 3374/3594
f 3375/3595 3380/3600 3372/3592
f 3372/3592 3380/3600 3371/3591
f 3377/3596 3381/3601 3375/3595
f 3375/3595 3381/3601 3380/3600
f 3376/3598 3382/3602 3377/3596
f 3377/3596 3382/3602 3381/3601
f 3384/3603 3385/3604 3383/3605
f 3383/3605 3385/3604 3386/3606
f 3384/3603 3383/3605 3388/3607
f 3388/3607 3383/3605 3387/3608
f 3388/3609 3387/3610 3389/3611
f 3389/3611 3387/3610 3390/3612
f 3392/3613 3385/3604 3391/3614
f 3391/3614 3385/3604 3384/3603
f 3388/3607 3393/3615 3384/3603
f 3384/3603 3393/3615 3391/3614
f 3389/3611 3394/3616 3388/3609
f 3388/3609 3394/3616 3393/3617
f 3389/3611 3395/3618 3394/3616
f 3394/3616 3395/3618 3396/3619
f 3395/3618 3389/3611 3397/3620
f 3397/3620 3389/3611 3390/3612
f 3339/3556 3365/3585 3340/3558
f 3340/3558 3365/3585 3398/3621
f 3340/3558 3398/3621 3352/3570
f 3352/3570 3398/3621 3399/3622
f 3371/3591 3400/3623 3368/3588
f 3368/3588 3400/3623 3367/3587
f 3400/3623 3401/3624 3367/3587
f 3367/3587 3401/3624 3366/3586
f 3366/3586 3401/3624 3365/3585
f 3365/3585 3401/3624 3402/3625
f 3398/3621 3365/3585 3403/3626
f 3403/3626 3365/3585 3402/3625
f 3398/3621 3403/3626 3399/3622
f 3399/3622 3403/3626 3404/3627
f 3403/3626 3405/3628 3404/3627
f 3404/3627 3405/3628 3406/3629
f 3352/3570 3399/3622 3354/3572
f 3354/3572 3399/3622 3407/3630
f 3399/3622 3404/3627 3407/3630
f 3407/3630 3404/3627 3408/3631
f 3404/3627 3406/3629 3408/3631
f 3408/3631 3406/3629 3409/3632
f 3405/3628 3410/3633 3406/3629
f 3406/3629 3410/3633 3411/3634
f 3410/3633 3412/3635 3411/3634
f 3411/3634 3412/3635 3413/3636
f 3397/3620 3414/3637 3395/3618
f 3395/3618 3414/3637 3415/3638
f 3417/3639 3415/3638 3416/3640
f 3416/3640 3415/3638 3412/3635
f 3410/3633 3418/3641 3412/3635
f 3412/3635 3418/3641 3416/3640
f 3410/3633 3405/3628 3418/3641
f 3418/3641 3405/3628 3419/3642
f 3405/3628 3403/3626 3419/3642
f 3419/3642 3403/3626 3402/3625
f 3370/3643 3350/3575 3420/3644
f 3420/3644 3350/3575 3357/3577
f 3373/3645 3370/3643 3421/3646
f 3421/3646 3370/3643 3420/3644
f 3374/3647 3373/3645 3422/3648
f 3422/3648 3373/3645 3421/3646
f 3378/3649 3374/3647 3423/3650
f 3423/3650 3374/3647 3422/3648
f 3378/3649 3423/3650 3379/3651
f 3379/3651 3423/3650 3424/3652
f 3424/3652 3425/3653 3379/3651
f 3379/3651 3425/3653 3386/3654
f 3383/3655 3426/3656 3387/3657
f 3387/3657 3426/3656 3427/3658
f 3387/3657 3427/3658 3390/3612
f 3390/3612 3427/3658 3428/3659
f 3390/3612 3428/3659 3397/3620
f 3397/3620 3428/3659 3429/3660
f 3429/3660 3430/3661 3397/3620
f 3397/3620 3430/3661 3414/3637
f 3411/3634 3413/3636 3431/3662
f 3431/3662 3413/3636 3432/3663
f 3406/3629 3411/3634 3409/3632
f 3409/3632 3411/3634 3431/3662
f 3401/3624 3400/3623 3335/3553
f 3335/3553 3400/3623 3336/3554
f 3401/3624 3335/3553 3402/3625
f 3402/3625 3335/3553 3334/3552
f 3402/3625 3334/3552 3419/3642
f 3419/3642 3334/3552 3333/3551
f 3419/3642 3333/3551 3418/3641
f 3418/3641 3333/3551 3433/3664
f 3418/3641 3433/3664 3416/3640
f 3416/3640 3433/3664 3434/3665
f 3435/3666 3417/3639 3434/3665
f 3434/3665 3417/3639 3416/3640
f 3394/3616 3396/3619 3436/3667
f 3436/3667 3396/3619 3437/3668
f 3393/3617 3394/3616 3332/3669
f 3332/3669 3394/3616 3436/3667
f 3393/3615 3332/3550 3391/3614
f 3391/3614 3332/3550 3331/3549
f 3330/3548 3392/3613 3331/3549
f 3331/3549 3392/3613 3391/3614
f 3382/3602 3329/3547 3381/3601
f 3381/3601 3329/3547 3328/3546
f 3354/3572 3407/3630 3356/3574
f 3356/3574 3407/3630 3438/3670
f 3356/3574 3438/3670 3360/3580
f 3360/3580 3438/3670 3439/3671
f 3360/3580 3439/3671 3362/3582
f 3362/3582 3439/3671 3440/3672
f 3362/3582 3440/3672 3364/3584
f 3364/3584 3440/3672 3441/3673
f 3364/3584 3441/3673 3357/3577
f 3357/3577 3441/3673 3420/3644
f 3421/3646 3420/3644 3442/3674
f 3442/3674 3420/3644 3441/3673
f 3442/3674 3441/3673 3443/3675
f 3443/3675 3441/3673 3440/3672
f 3443/3675 3440/3672 3444/3676
f 3444/3676 3440/3672 3439/3671
f 3444/3676 3439/3671 3445/3677
f 3445/3677 3439/3671 3438/3670
f 3445/3677 3438/3670 3408/3631
f 3408/3631 3438/3670 3407/3630
f 3422/3648 3421/3646 3446/3678
f 3446/3678 3421/3646 3442/3674
f 3446/3678 3442/3674 3447/3679
f 3447/3679 3442/3674 3443/3675
f 3447/3679 3443/3675 3448/3680
f 3448/3680 3443/3675 3444/3676
f 3448/3680 3444/3676 3449/3681
f 3449/3681 3444/3676 3445/3677
f 3449/3681 3445/3677 3409/3632
f 3409/3632 3445/3677 3408/3631
f 3409/3632 3431/3662 3449/3681
f 3449/3681 3431/3662 3450/3682
f 3449/3681 3450/3682 3448/3680
f 3448/3680 3450/3682 3451/3683
f 3451/3683 3452/3684 3448/3680
f 3448/3680 3452/3684 3447/3679
f 3447/3679 3452/3684 3446/3678
f 3446/3678 3452/3684 3453/3685
f 3446/3678 3453/3685 3422/3648
f 3422/3648 3453/3685 3423/3650
f 3424/3652 3423/3650 3454/3686
f 3454/3686 3423/3650 3453/3685
f 3452/3684 3455/3687 3453/3685
f 3453/3685 3455/3687 3454/3686
f 3452/3684 3451/3683 3455/3687
f 3455/3687 3451/3683 3456/3688
f 3450/3682 3457/3689 3451/3683
f 3451/3683 3457/3689 3456/3688
f 3431/3662 3432/3663 3450/3682
f 3450/3682 3432/3663 3457/3689
f 3454/3686 3458/3690 3424/3652
f 3424/3652 3458/3690 3425/3653
f 3427/3658 3426/3656 3459/3691
f 3459/3691 3426/3656 3460/3692
f 3428/3659 3427/3658 3461/3693
f 3461/3693 3427/3658 3459/3691
f 3428/3659 3461/3693 3429/3660
f 3429/3660 3461/3693 3462/3694
f 3462/3694 3463/3695 3429/3660
f 3429/3660 3463/3695 3430/3661
f 3464/3696 3465/3697 3462/3694
f 3462/3694 3465/3697 3463/3695
f 3455/3687 3466/3698 3454/3686
f 3454/3686 3466/3698 3458/3690
f 3465/3697 3464/3696 3466/3698
f 3466/3698 3464/3696 3467/3699
f 3461/3693 3459/3691 3468/3700
f 3468/3700 3459/3691 3469/3701
f 3468/3700 3469/3701 3464/3696
f 3464/3696 3469/3701 3467/3699
f 3464/3696 3462/3694 3468/3700
f 3468/3700 3462/3694 3461/3693
f 3459/3691 3460/3692 3469/3701
f 3469/3701 3460/3692 3467/3699
f 3295/3481 3351/3569 3298/3484
f 3298/3484 3351/3569 3353/3571
f 3353/3571 3355/3573 3298/3484
f 3298/3484 3355/3573 3297/3483
f 3297/3483 3355/3573 3301/3489
f 3301/3489 3355/3573 3359/3579
f 3301/3489 3359/3579 3308/3502
f 3308/3502 3359/3579 3361/3581
f 3308/3502 3361/3581 3311/3507
f 3311/3507 3361/3581 3363/3583
f 3311/3507 3363/3583 3316/3516
f 3316/3516 3363/3583 3358/3578
f 3316/3516 3358/3578 3317/3518
f 3317/3518 3358/3578 3349/3576
f 3349/3567 3347/3565 3317/3537
f 3317/3537 3347/3565 3319/3520
f 3347/3565 3345/3563 3319/3520
f 3319/3520 3345/3563 3314/3511
f 3345/3563 3343/3561 3314/3511
f 3314/3511 3343/3561 3305/3496
f 3343/3561 3341/3559 3305/3496
f 3305/3496 3341/3559 3304/3493
f 3304/3493 3341/3559 3292/3477
f 3292/3477 3341/3559 3338/3555
f 3292/3477 3338/3555 3293/3478
f 3293/3478 3338/3555 3337/3557
f 3293/3478 3337/3557 3295/3481
f 3295/3481 3337/3557 3351/3569
f 3437/3668 3202/3385 3436/3667
f 3436/3667 3202/3385 3201/3386
f 3436/3667 3201/3386 3332/3669
f 3332/3669 3201/3386 3204/3395
f 3433/3664 3200/3383 3434/3665
f 3434/3665 3200/3383 3199/3384
f 3211/3396 3435/3666 3199/3384
f 3199/3384 3435/3666 3434/3665
f 3333/3551 3210/3394 3433/3664
f 3433/3664 3210/3394 3200/3383
f 3380/3600 3470/3702 3371/3591
f 3400/3623 3371/3591 3336/3554
f 3336/3554 3371/3591 3470/3702
f 3381/3601 3328/3546 3380/3600
f 3380/3600 3328/3546 3470/3702
f 3470/3702 3328/3546 3209/3393
f 3209/3393 3328/3546 3208/3392
f 3336/3554 3470/3702 3327/3544
f 3327/3544 3470/3702 3209/3393
f 1545/1577 1763/1806 1546/1576
f 1546/1576 1763/1806 1762/1805
f 1403/1411 1546/1576 773/777
f 773/777 1546/1576 770/776
f 1221/1227 3013/3193 1220/1226
f 1220/1226 3013/3193 3471/3703
f 1305/1313 2877/3051 1306/1314
f 1306/1314 2877/3051 2879/3053
f 1220/1226 3471/3703 828/834
f 828/834 3471/3703 829/835
f 1217/1222 1754/1797 3472/3704
f 3472/3704 1754/1797 1756/1798
f 1049/1055 3473/3705 1048/1054
f 1048/1054 3473/3705 3474/3706
f 1371/1380 1179/1185 3473/3705
f 3473/3705 1179/1185 3474/3706
f 1074/1080 3475/3707 1179/1185
f 1179/1185 3475/3707 3474/3706
f 3474/3706 3475/3707 1048/1054
f 1048/1054 3475/3707 1056/1062
f 919/925 666/670 1345/1354
f 1345/1354 666/670 665/668
f 856/864 680/684 919/925
f 919/925 680/684 666/670
f 679/683 680/684 1449/1458
f 1449/1458 680/684 858/863
f 1367/1375 878/884 1500/1528
f 1500/1528 878/884 877/882
f 1366/1376 908/914 1367/1375
f 1367/1375 908/914 878/884
f 1512/1545 916/922 1513/1543
f 1513/1543 916/922 915/920
f 947/953 1368/1377 948/955
f 948/955 1368/1377 1369/1378
f 1047/1052 1021/1027 1044/1050
f 1044/1050 1021/1027 1020/1025
f 1370/1379 1049/1055 1019/1024
f 1019/1024 1049/1055 1020/1025
f 1173/1179 1030/1036 1174/1181
f 1174/1181 1030/1036 1033/1038
f 3126/3306 1188/1194 1464/1477
f 1464/1477 1188/1194 1187/1192
f 1800/1846 1451/1460 1512/1545
f 1512/1545 1451/1460 916/922
f 1175/1180 1174/1181 1186/1191
f 1186/1191 1174/1181 1187/1192
f 1030/1036 1173/1179 1047/1052
f 1047/1052 1173/1179 1021/1027
f 1513/1543 915/920 3476/3708
f 3476/3708 915/920 1481/1507
f 1345/1354 665/668 3477/3709
f 3477/3709 665/668 1483/1511
f 1502/1530 1501/1529 876/881
f 876/881 1501/1529 877/882
f 1205/1211 1451/1460 1803/1847
f 1803/1847 1451/1460 1802/1845
f 3479/3710 2832/3005 3478/3711
f 3478/3711 2832/3005 2831/3004
f 1449/1458 858/863 2927/3101
f 2927/3101 858/863 2922/3096
f 908/914 1366/1376 947/953
f 947/953 1366/1376 1368/1377
f 949/954 948/955 3126/3306
f 3126/3306 948/955 1188/1194
f 3480/3712 3135/3316 1502/1530
f 1502/1530 3135/3316 1501/1529
f 2927/3101 2922/3096 3157/3338
f 3157/3338 2922/3096 3152/3333
f 3477/3709 1483/1511 3479/3710
f 3479/3710 1483/1511 2832/3005
f 1803/1847 1802/1845 3151/3332
f 3151/3332 1802/1845 3152/3333
f 663/669 658/662 664/667
f 664/667 658/662 657/660
f 655/661 658/662 939/946
f 939/946 658/662 706/710
f 1512/1545 870/876 1800/1846
f 1800/1846 870/876 869/874
f 875/883 874/879 876/881
f 876/881 874/879 873/880
f 849/855 874/879 905/911
f 905/911 874/879 958/964
f 949/954 962/968 946/952
f 946/952 962/968 961/966
f 978/983 3126/3306 979/985
f 979/985 3126/3306 1464/1477
f 1031/1037 1168/1174 1032/1039
f 1032/1039 1168/1174 1022/1028
f 1045/1051 1013/1018 1046/1053
f 1046/1053 1013/1018 1012/1019
f 1045/1051 1044/1050 1056/1062
f 1056/1062 1044/1050 1048/1054
f 1047/1052 1046/1053 1030/1036
f 1030/1036 1046/1053 1031/1037
f 939/946 706/710 940/945
f 940/945 706/710 1450/1459
f 979/985 1464/1477 1032/1039
f 1032/1039 1464/1477 1033/1038
f 3480/3712 1478/1504 3476/3708
f 3476/3708 1478/1504 3134/3315
f 2829/3002 1487/1515 2830/3003
f 2830/3003 1487/1515 1486/1513
f 848/854 1230/1236 873/880
f 873/880 1230/1236 1479/1505
f 867/875 870/876 933/939
f 933/939 870/876 1514/1544
f 1800/1846 869/874 1801/1844
f 1801/1844 869/874 1799/1843
f 2830/3003 1486/1513 1325/1334
f 1325/1334 1486/1513 2833/3006
f 940/945 1450/1459 2925/3099
f 2925/3099 1450/1459 2928/3102
f 946/952 961/966 907/913
f 907/913 961/966 958/964
f 959/967 962/968 977/982
f 977/982 962/968 978/983
f 3476/3708 3134/3315 1513/1543
f 1513/1543 3134/3315 1514/1544
f 2925/3099 2928/3102 3155/3336
f 3155/3336 2928/3102 3158/3339
f 1325/1334 2833/3006 656/659
f 656/659 2833/3006 657/660
f 1801/1844 1799/1843 3157/3338
f 3157/3338 1799/1843 3158/3339
f 1074/1080 1055/1061 3475/3707
f 3475/3707 1055/1061 1056/1062
f 1371/1380 3473/3705 1370/1379
f 1370/1379 3473/3705 1049/1055
f 2884/3058 615/619 3481/3713
f 3481/3713 615/619 618/621
f 3478/3711 2831/3004 2846/3020
f 2846/3020 2831/3004 617/622
f 2831/3004 1484/1514 617/622
f 617/622 1484/1514 618/621
f 1484/1514 1487/1515 618/621
f 618/621 1487/1515 3481/3713
f 2848/3021 3481/3713 2829/3002
f 2829/3002 3481/3713 1487/1515
f 1480/1506 1517/1548 1161/1166
f 1161/1166 1517/1548 1162/1167
f 3129/3310 1323/1331 1455/1466
f 1455/1466 1323/1331 1322/1332
f 3129/3310 3134/3315 1323/1331
f 1323/1331 3134/3315 1478/1504
f 1535/1566 3173/3355 1515/1546
f 1515/1546 3173/3355 1516/1547
f 3085/3266 3095/3275 3137/3318
f 3137/3318 3095/3275 3094/3274
f 3137/3318 3094/3274 3138/3319
f 3138/3319 3094/3274 3104/3284
f 3117/3297 3139/3320 3105/3285
f 3105/3285 3139/3320 3106/3286
f 1138/1146 1141/1147 3127/3308
f 3127/3308 1141/1147 3128/3309
f 3081/3261 3131/3311 1264/1270
f 1264/1270 3131/3311 3130/3312
f 1227/1232 1226/1231 3132/3313
f 3132/3313 1226/1231 3133/3314
f 1264/1270 3130/3312 1229/1235
f 1229/1235 3130/3312 1322/1332
f 1160/1168 1501/1529 1161/1166
f 1161/1166 1501/1529 3135/3316
f 1141/1147 1476/1501 3128/3309
f 3128/3309 1476/1501 3136/3317
f 1226/1231 1163/1169 3133/3314
f 3133/3314 1163/1169 1162/1167
f 1363/1374 1138/1146 1515/1546
f 1515/1546 1138/1146 3127/3308
f 3084/3264 3095/3275 3081/3261
f 3081/3261 3095/3275 3131/3311
f 3089/3269 884/890 3105/3285
f 3105/3285 884/890 3140/3321
f 884/890 883/889 3140/3321
f 3140/3321 883/889 3141/3322
f 883/889 3482/3714 3141/3322
f 3141/3322 3482/3714 3142/3323
f 3476/3708 1481/1507 3480/3712
f 3480/3712 1481/1507 3135/3316
f 1502/1530 1479/1505 3480/3712
f 3480/3712 1479/1505 1478/1504
f 3168/3349 463/467 440/442
f 714/718 1880/1928 715/720
f 715/720 1880/1928 2905/3079
f 896/902 732/735 2970/3144
f 2970/3144 732/735 731/737
f 1263/1269 834/839 3082/3262
f 3082/3262 834/839 833/841
f 898/906 1231/1237 853/858
f 853/858 1231/1237 854/859
f 3125/3305 890/895 2931/3105
f 2931/3105 890/895 889/897
f 1237/1242 893/898 2851/3024
f 2851/3024 893/898 892/900
f 898/906 853/858 899/904
f 899/904 853/858 963/969
f 988/996 987/993 989/994
f 989/994 987/993 986/992
f 1002/1007 1007/1013 1003/1009
f 1003/1009 1007/1013 1006/1011
f 1038/1044 1036/1042 1007/1013
f 1007/1013 1036/1042 1004/1012
f 1070/1076 1052/1058 1005/1010
f 1005/1010 1052/1058 1006/1011
f 1069/1075 1067/1073 1070/1076
f 1070/1076 1067/1073 1052/1058
f 1130/1135 1129/1137 1134/1139
f 1134/1139 1129/1137 1135/1140
f 879/887 1167/1173 880/885
f 880/885 1167/1173 1166/1171
f 1171/1177 1169/1175 1037/1043
f 1037/1043 1169/1175 1038/1044
f 1085/1090 1180/1186 1069/1075
f 1069/1075 1180/1186 1067/1073
f 1209/1215 1210/1216 879/887
f 879/887 1210/1216 1167/1173
f 2885/3059 1215/1221 1754/1797
f 1754/1797 1215/1221 1214/1220
f 1263/1269 855/861 834/839
f 834/839 855/861 854/859
f 708/711 1244/1249 1826/1873
f 1826/1873 1244/1249 1243/1251
f 2909/3083 894/899 1254/1259
f 1254/1259 894/899 893/898
f 1228/1234 1361/1370 964/970
f 964/970 1361/1370 1360/1369
f 2908/3082 2907/3081 1436/1444
f 1436/1444 2907/3081 1437/1445
f 2990/3164 1440/1448 2991/3165
f 2991/3165 1440/1448 1439/1450
f 964/970 1360/1369 965/971
f 965/971 1360/1369 1454/1465
f 950/958 1457/1468 951/956
f 951/956 1457/1468 1456/1467
f 970/978 1463/1474 971/976
f 971/976 1463/1474 1462/1473
f 1025/1031 1169/1175 984/991
f 984/991 1169/1175 986/992
f 1084/1089 1097/1102 1469/1491
f 1469/1491 1097/1102 1470/1492
f 1096/1101 1115/1120 1474/1498
f 1474/1498 1115/1120 1475/1499
f 1140/1145 1361/1370 1141/1147
f 1141/1147 1361/1370 1476/1501
f 1212/1218 1495/1522 2828/3001
f 2828/3001 1495/1522 1494/1524
f 880/885 1166/1171 1452/1461
f 1452/1461 1166/1171 1499/1527
f 715/720 2905/3079 1504/1533
f 1504/1533 2905/3079 2906/3080
f 954/962 1519/1550 955/960
f 955/960 1519/1550 1518/1549
f 1026/1032 1520/1551 992/1000
f 992/1000 1520/1551 1518/1549
f 1029/1035 1520/1551 1043/1048
f 1043/1048 1520/1551 1521/1552
f 997/1002 1522/1553 1040/1046
f 1040/1046 1522/1553 1521/1552
f 1015/1021 1522/1553 1016/1023
f 1016/1023 1522/1553 1523/1554
f 1523/1554 996/1004 1524/1555
f 1524/1555 996/1004 1062/1067
f 1057/1065 1060/1066 1525/1556
f 1525/1556 1060/1066 1524/1555
f 1094/1100 1528/1559 1082/1088
f 1082/1088 1528/1559 1527/1557
f 1526/1558 1528/1559 1089/1094
f 1089/1094 1528/1559 1529/1560
f 1090/1096 1531/1562 1108/1114
f 1108/1114 1531/1562 1530/1561
f 1125/1131 1533/1564 1126/1132
f 1126/1132 1533/1564 1532/1563
f 3483/3715 1755/1799 727/733
f 727/733 1755/1799 1214/1220
f 735/739 1814/1858 707/713
f 707/713 1814/1858 1813/1860
f 2891/3065 1834/1879 1246/1252
f 1246/1252 1834/1879 1243/1251
f 2904/3078 1881/1929 1847/1891
f 1847/1891 1881/1929 1848/1892
f 1852/1899 1855/1903 1853/1900
f 1853/1900 1855/1903 1858/1905
f 1902/1953 2903/3077 1877/1925
f 1877/1925 2903/3077 1878/1926
f 2903/3077 2904/3078 1878/1926
f 1878/1926 2904/3078 1847/1891
f 714/718 713/717 1848/1892
f 1848/1892 713/717 1849/1894
f 1440/1448 2990/3164 1883/1934
f 1883/1934 2990/3164 2989/3163
f 1883/1934 2989/3163 1852/1899
f 1852/1899 2989/3163 1855/1903
f 2895/3068 1888/1938 2892/3066
f 2892/3066 1888/1938 1887/1936
f 774/780 777/781 1877/1925
f 1877/1925 777/781 1903/1952
f 1251/1256 2835/3007 1252/1258
f 1252/1258 2835/3007 2834/3009
f 1213/1219 2844/3017 1212/1218
f 1212/1218 2844/3017 1495/1522
f 2851/3024 892/900 1213/1219
f 1213/1219 892/900 2844/3017
f 3123/3303 2911/3085 3124/3304
f 3124/3304 2911/3085 2910/3084
f 887/893 2929/3103 888/894
f 888/894 2929/3103 889/897
f 1435/1446 2963/3137 1436/1444
f 1436/1444 2963/3137 2961/3135
f 1253/1260 1438/1447 1254/1259
f 1254/1259 1438/1447 1437/1445
f 2970/3144 731/737 735/739
f 735/739 731/737 1814/1858
f 733/736 732/735 2885/3059
f 2885/3059 732/735 1215/1221
f 2901/3075 2902/3076 2976/3149
f 2976/3149 2902/3076 2977/3150
f 2975/3151 2982/3156 2976/3149
f 2976/3149 2982/3156 2979/3153
f 2899/3073 2900/3074 2981/3155
f 2981/3155 2900/3074 2979/3153
f 2899/3073 2981/3155 2898/3072
f 2898/3072 2981/3155 2983/3157
f 2986/3162 2985/3159 2984/3158
f 2984/3158 2985/3159 2983/3157
f 2897/3071 2985/3159 2896/3070
f 2896/3070 2985/3159 2988/3161
f 2991/3165 1439/1450 2987/3160
f 2987/3160 1439/1450 2988/3161
f 777/781 2978/3152 1903/1952
f 1903/1952 2978/3152 2977/3150
f 1885/1937 1888/1938 1858/1905
f 1858/1905 1888/1938 1853/1900
f 3090/3270 3088/3268 836/842
f 836/842 3088/3268 833/841
f 3083/3263 3088/3268 3097/3277
f 3097/3277 3088/3268 3096/3276
f 3097/3277 3096/3276 3104/3284
f 3104/3284 3096/3276 3106/3286
f 3111/3291 3116/3296 3108/3287
f 3108/3287 3116/3296 3109/3288
f 3112/3292 3111/3291 3114/3293
f 3114/3293 3111/3291 3108/3287
f 3113/3294 3122/3302 3114/3293
f 3114/3293 3122/3302 3115/3295
f 891/896 890/895 2837/3010
f 2837/3010 890/895 2834/3009
f 951/956 1456/1467 954/962
f 954/962 1456/1467 1519/1550
f 967/972 1457/1468 936/941
f 936/941 1457/1468 1454/1465
f 971/976 1462/1473 902/908
f 902/908 1462/1473 963/969
f 1461/1472 1463/1474 988/996
f 988/996 1463/1474 987/993
f 1466/1489 1468/1490 1474/1498
f 1474/1498 1468/1490 1470/1492
f 1089/1094 1529/1560 1090/1096
f 1090/1096 1529/1560 1531/1562
f 1184/1190 1181/1187 1469/1491
f 1469/1491 1181/1187 1180/1186
f 1082/1088 1527/1557 1061/1069
f 1061/1069 1527/1557 1525/1556
f 1129/1137 1473/1497 1135/1140
f 1135/1140 1473/1497 1475/1499
f 1108/1114 1530/1561 1105/1113
f 1105/1113 1530/1561 1532/1563
f 1452/1461 1499/1527 3132/3313
f 3132/3313 1499/1527 3136/3317
f 3109/3288 3116/3296 3139/3320
f 3139/3320 3116/3296 3138/3319
f 2912/3087 2911/3085 887/893
f 887/893 2911/3085 2929/3103
f 2836/3008 2835/3007 1497/1525
f 1497/1525 2835/3007 1494/1524
f 2913/3086 3102/3282 2910/3084
f 2910/3084 3102/3282 3115/3295
f 1133/1141 3187/3369 1134/1139
f 1134/1139 3187/3369 3185/3367
f 3177/3358 3176/3357 3197/3380
f 3197/3380 3176/3357 3198/3381
f 3203/3388 3183/3364 3206/3389
f 3206/3389 3183/3364 3207/3390
f 3196/3382 3202/3385 3197/3380
f 3197/3380 3202/3385 3211/3396
f 3183/3364 3182/3363 3207/3390
f 3207/3390 3182/3363 3185/3367
f 1125/1131 3180/3361 1533/1564
f 1533/1564 3180/3361 3198/3381
f 3331/3549 3203/3388 3330/3548
f 3330/3548 3203/3388 3206/3389
f 3376/3598 3379/3599 3385/3604
f 3385/3604 3379/3599 3386/3606
f 3382/3602 3376/3598 3392/3613
f 3392/3613 3376/3598 3385/3604
f 3412/3635 3415/3638 3413/3636
f 3413/3636 3415/3638 3414/3637
f 3417/3639 3396/3619 3415/3638
f 3415/3638 3396/3619 3395/3618
f 3383/3655 3386/3654 3426/3656
f 3426/3656 3386/3654 3425/3653
f 3413/3636 3414/3637 3432/3663
f 3432/3663 3414/3637 3430/3661
f 3437/3668 3396/3619 3435/3666
f 3435/3666 3396/3619 3417/3639
f 3329/3547 3382/3602 3330/3548
f 3330/3548 3382/3602 3392/3613
f 3426/3656 3425/3653 3460/3692
f 3460/3692 3425/3653 3458/3690
f 3432/3663 3430/3661 3457/3689
f 3457/3689 3430/3661 3463/3695
f 3457/3689 3463/3695 3456/3688
f 3456/3688 3463/3695 3465/3697
f 3460/3692 3458/3690 3467/3699
f 3467/3699 3458/3690 3466/3698
f 3466/3698 3455/3687 3465/3697
f 3465/3697 3455/3687 3456/3688
f 3202/3385 3437/3668 3211/3396
f 3211/3396 3437/3668 3435/3666
f 3104/3284 3106/3286 3138/3319
f 3138/3319 3106/3286 3139/3320
f 3132/3313 3136/3317 1227/1232
f 1227/1232 3136/3317 1476/1501
f 943/949 687/690 600/604
f 600/604 687/690 601/606
f 596/599 625/628 667/671
f 667/671 625/628 1297/1305
f 687/690 686/689 601/606
f 601/606 686/689 653/657
f 1319/1328 784/788 711/715
f 711/715 784/788 712/716
f 1811/3049 607/613 783/786
f 783/786 607/613 712/716
f 862/868 921/927 917/923
f 917/923 921/927 920/926
f 3478/3711 925/931 3479/3710
f 3479/3710 925/931 924/929
f 2846/3020 926/932 3478/3711
f 3478/3711 926/932 925/931
f 659/665 662/666 929/934
f 929/934 662/666 930/935
f 856/864 921/927 857/862
f 857/862 921/927 1204/1210
f 1206/1212 864/869 1207/1213
f 1207/1213 864/869 863/871
f 2876/3050 1219/1225 2877/3051
f 2877/3051 1219/1225 1218/1223
f 667/671 1297/1305 593/597
f 593/597 1297/1305 1296/1303
f 917/923 920/926 1333/1344
f 1333/1344 920/926 1346/1355
f 686/689 693/696 653/657
f 653/657 693/696 930/935
f 1277/1282 913/921 1498/1526
f 1498/1526 913/921 1207/1213
f 592/596 1536/1567 610/614
f 610/614 1536/1567 711/715
f 864/869 1206/1212 1805/1849
f 1805/1849 1206/1212 1804/1848
f 1317/1326 1536/1567 1900/1950
f 1900/1950 1536/1567 1809/1853
f 1900/1950 1809/1853 1295/1302
f 1295/1302 1809/1853 1296/1303
f 3479/3710 924/929 3477/3709
f 3477/3709 924/929 2824/2997
f 927/933 926/932 1203/1208
f 1203/1208 926/932 2847/3019
f 3484/3716 2859/3032 3032/3211
f 3032/3211 2859/3032 3033/3212
f 3472/3704 2878/3052 1217/1222
f 1217/1222 2878/3052 1218/1223
f 2889/3062 2888/3063 2880/3054
f 2880/3054 2888/3063 2881/3055
f 2886/3061 2883/3056 2887/3060
f 2887/3060 2883/3056 2882/3057
f 929/934 928/936 2847/3019
f 2847/3019 928/936 1203/1208
f 857/862 1204/1210 2921/3095
f 2921/3095 1204/1210 2926/3100
f 1820/1865 1819/1864 2882/3057
f 2882/3057 1819/1864 2881/3055
f 1821/1866 2883/3056 2876/3050
f 2876/3050 2883/3056 1219/1225
f 782/3190 2889/3062 783/3191
f 783/3191 2889/3062 2880/3054
f 1352/1361 3034/3214 1353/1362
f 1353/1362 3034/3214 3033/3212
f 3031/3213 3034/3214 3041/3221
f 3041/3221 3034/3214 3043/3223
f 944/950 943/949 3043/3223
f 3043/3223 943/949 600/604
f 1339/1348 3145/3326 1498/1526
f 1498/1526 3145/3326 3143/3324
f 1208/1214 882/888 3148/3329
f 3148/3329 882/888 3143/3324
f 2921/3095 2926/3100 3151/3332
f 3151/3332 2926/3100 3156/3337
f 3477/3709 2824/2997 1345/1354
f 1345/1354 2824/2997 1346/1355
f 1805/1849 1804/1848 3154/3335
f 3154/3335 1804/1848 3156/3337
f 886/891 3103/3283 883/889
f 883/889 3103/3283 3482/3714
f 841/847 1248/1254 3485/3717
f 3485/3717 1248/1254 3121/3301
f 2811/2984 2819/2991 2812/2983
f 2812/2983 2819/2991 2816/2989
f 2818/2990 2815/2987 2817/2988
f 2817/2988 2815/2987 2806/2978
f 2817/2988 2816/2989 2818/2990
f 2818/2990 2816/2989 2819/2991
f 2793/2966 2795/2967 2819/2991
f 2819/2991 2795/2967 2818/2990
f 243/243 352/352 2793/2966
f 2793/2966 352/352 2795/2967
f 242/241 353/353 243/243
f 243/243 353/353 352/352
f 359/359 191/190 242/241
f 242/241 191/190 353/353
f 247/247 192/192 359/359
f 359/359 192/192 191/190
f 157/156 193/193 247/247
f 247/247 193/193 192/192
f 156/157 194/194 157/156
f 157/156 194/194 193/193
f 378/378 261/261 156/157
f 156/157 261/261 194/194
f 378/378 381/380 261/261
f 261/261 381/380 195/196
f 195/196 381/380 196/195
f 196/195 381/380 376/376
f 196/195 376/376 198/198
f 198/198 376/376 375/375
f 375/375 1776/1819 198/198
f 198/198 1776/1819 197/197
f 1776/1819 1767/1810 197/197
f 197/197 1767/1810 274/274
f 181/180 274/274 199/199
f 199/199 274/274 1767/1810
f 568/572 566/571 564/568
f 564/568 566/571 563/567
f 568/572 569/573 566/571
f 566/571 569/573 567/570
f 501/505 1773/1816 1771/1814
f 1771/1814 1773/1816 578/582
f 547/550 579/583 1773/1816
f 1773/1816 579/583 578/582
f 3486/3718 470/473 474/477
f 474/477 470/473 469/475
f 450/451 582/586 3487/3719
f 3487/3719 582/586 3488/3720
f 582/586 583/587 3488/3720
f 3488/3720 583/587 3489/3721
f 583/587 584/588 3489/3721
f 3489/3721 584/588 3490/3722
f 3490/3722 584/588 3491/3723
f 3491/3723 584/588 543/547
f 470/473 3486/3718 466/470
f 466/470 3486/3718 467/472
f 3489/3721 3490/3722 503/508
f 503/508 3490/3722 504/507
f 503/508 3492/3724 3489/3721
f 3489/3721 3492/3724 3488/3720
f 3492/3724 503/508 3493/3725
f 3493/3725 503/508 502/506
f 3495/3726 3492/3724 3494/3727
f 3494/3727 3492/3724 3493/3725
f 3487/3719 3488/3720 3495/3726
f 3495/3726 3488/3720 3492/3724
f 468/471 1774/1817 465/469
f 465/469 1774/1817 570/574
f 3494/3727 3493/3725 1775/1818
f 1775/1818 3493/3725 1771/1814
f 3490/3722 3491/3723 504/507
f 504/507 3491/3723 1772/1815
f 3491/3723 543/547 1772/1815
f 1772/1815 543/547 548/552
f 450/451 3487/3719 474/477
f 474/477 3487/3719 3486/3718
f 3495/3726 467/472 3487/3719
f 3487/3719 467/472 3486/3718
f 3494/3727 468/471 3495/3726
f 3495/3726 468/471 467/472
f 468/471 3494/3727 1774/1817
f 1774/1817 3494/3727 1775/1818
f 501/505 1771/1814 502/506
f 502/506 1771/1814 3493/3725
f 527/531 366/366 384/384
f 384/384 366/366 365/364
f 522/525 524/528 527/531
f 527/531 524/528 366/366
f 521/526 534/537 522/525
f 522/525 534/537 524/528
f 530/534 535/539 521/526
f 521/526 535/539 534/537
f 508/512 486/490 513/517
f 513/517 486/490 532/538
f 513/517 532/538 541/545
f 541/545 532/538 535/539
f 667/671 668/672 596/599
f 596/599 668/672 597/600
f 1294/1304 1297/1305 624/627
f 624/627 1297/1305 625/628
f 603/609 641/646 604/607
f 604/607 641/646 640/644
f 1290/1298 1293/1300 650/653
f 650/653 1293/1300 651/654
f 1758/1802 691/695 660/663
f 660/663 691/695 661/664
f 602/605 671/676 599/603
f 599/603 671/676 670/674
f 654/658 662/666 690/693
f 690/693 662/666 661/664
f 2856/3029 598/602 695/698
f 695/698 598/602 597/600
f 602/605 654/658 671/676
f 671/676 654/658 690/693
f 604/607 640/644 676/679
f 676/679 640/644 704/708
f 1826/1873 1829/1874 708/711
f 708/711 1829/1874 709/712
f 1288/1296 1284/1294 740/743
f 740/743 1284/1294 741/744
f 755/759 754/758 758/762
f 758/762 754/758 759/763
f 2853/3028 2856/3029 932/937
f 932/937 2856/3029 695/698
f 689/694 691/695 1192/1197
f 1192/1197 691/695 1193/1198
f 784/788 1319/1328 1240/1245
f 1240/1245 1319/1328 1241/1246
f 1813/1860 1816/1861 1244/1249
f 1244/1249 1816/1861 1245/1250
f 754/758 1288/1296 759/763
f 759/763 1288/1296 740/743
f 1894/1945 1242/1248 1318/1327
f 1318/1327 1242/1248 1241/1246
f 2867/3040 1348/1357 1418/1427
f 1418/1427 1348/1357 1347/1356
f 676/679 704/708 673/677
f 673/677 704/708 1347/1356
f 1284/1294 1287/1295 741/744
f 741/744 1287/1295 1419/1428
f 1421/1431 1426/1435 1422/1430
f 1422/1430 1426/1435 1425/1434
f 1758/1802 660/663 615/619
f 615/619 660/663 616/620
f 1192/1197 1191/1199 1421/1431
f 1421/1431 1191/1199 1426/1435
f 2962/3136 1839/1885 1504/1533
f 1504/1533 1839/1885 1505/1532
f 941/947 1194/1200 1759/1801
f 1759/1801 1194/1200 1193/1198
f 1287/1295 1537/1569 1419/1428
f 1419/1428 1537/1569 1760/1803
f 1882/3188 2893/3067 1823/1867
f 1823/1867 2893/3067 1824/1868
f 1886/1935 1891/1941 1827/1871
f 1827/1871 1891/1941 1828/1872
f 1887/1936 1886/1935 1834/1879
f 1834/1879 1886/1935 1827/1871
f 1841/1886 716/719 1838/1883
f 1838/1883 716/719 1505/1532
f 782/787 784/788 1850/1895
f 1850/1895 784/788 1240/1245
f 1239/1247 1242/1248 1863/1910
f 1863/1910 1242/1248 1864/1911
f 1242/1248 1894/1945 1864/1911
f 1864/1911 1894/1945 1873/1921
f 1822/1896 1239/1247 1823/1931
f 1823/1931 1239/1247 1863/1910
f 1318/1327 1317/1326 1895/1944
f 1895/1944 1317/1326 1900/1950
f 1894/1945 1896/1946 1873/1921
f 1873/1921 1896/1946 1897/1947
f 1291/1299 1896/1946 1292/1301
f 1292/1301 1896/1946 1895/1944
f 605/608 1898/1948 606/610
f 606/610 1898/1948 1897/1947
f 1258/1263 1257/1264 2854/3026
f 2854/3026 1257/1264 2855/3027
f 1257/1264 1351/1359 2855/3027
f 2855/3027 1351/1359 2857/3030
f 1351/1359 1353/1362 2857/3030
f 2857/3030 1353/1362 2858/3031
f 1353/1362 3033/3212 2858/3031
f 2858/3031 3033/3212 2859/3032
f 2860/3033 2861/3034 3036/3215
f 3036/3215 2861/3034 3037/3216
f 2862/3035 2863/3036 2870/3043
f 2870/3043 2863/3036 3039/3219
f 2870/3043 2869/3042 2862/3035
f 2862/3035 2869/3042 2864/3037
f 2868/3041 2865/3038 2869/3042
f 2869/3042 2865/3038 2864/3037
f 1764/1807 2866/3039 2868/3041
f 2868/3041 2866/3039 2865/3038
f 1537/1569 1199/1206 1760/1803
f 1760/1803 1199/1206 1348/1357
f 615/619 2884/3058 1758/1802
f 1758/1802 2884/3058 1759/1801
f 1825/1870 1246/1252 2890/3064
f 2890/3064 1246/1252 1245/1250
f 2893/3067 2892/3066 1824/1868
f 1824/1868 2892/3066 2891/3065
f 761/764 2960/3134 758/762
f 758/762 2960/3134 2906/3080
f 3000/3175 2943/3117 2940/3113
f 2940/3113 2943/3117 2941/3114
f 2968/3142 710/714 2950/3123
f 2950/3123 710/714 709/712
f 1764/1807 1423/1432 2866/3039
f 2866/3039 1423/1432 2953/3127
f 1423/1432 645/648 2953/3127
f 2953/3127 645/648 2954/3128
f 645/648 644/647 2954/3128
f 2954/3128 644/647 2955/3129
f 644/647 738/742 2955/3129
f 2955/3129 738/742 2956/3130
f 738/742 764/767 2956/3130
f 2956/3130 764/767 2957/3131
f 764/767 763/766 2957/3131
f 2957/3131 763/766 2958/3132
f 763/766 2908/3082 2958/3132
f 2958/3132 2908/3082 2959/3133
f 2908/3082 1436/1444 2959/3133
f 2959/3133 1436/1444 2961/3135
f 1837/1882 2964/3138 1435/1446
f 1435/1446 2964/3138 2963/3137
f 1837/1882 2937/3110 2964/3138
f 2964/3138 2937/3110 2965/3139
f 2936/3109 2968/3142 2966/3140
f 2966/3140 2968/3142 2950/3123
f 1840/1884 2942/3116 1838/1883
f 1838/1883 2942/3116 2941/3114
f 2939/3115 2949/3124 2940/3113
f 2940/3113 2949/3124 3006/3180
f 2939/3115 2942/3116 2966/3140
f 2966/3140 2942/3116 2965/3139
f 1822/1869 1825/1870 1850/3189
f 1850/3189 1825/1870 2890/3064
f 1891/1941 3005/3179 1828/1872
f 1828/1872 3005/3179 3006/3180
f 3035/3217 3038/3218 3045/3225
f 3045/3225 3038/3218 3042/3222
f 3045/3225 3044/3224 3035/3217
f 3035/3217 3044/3224 3040/3220
f 669/673 1422/1430 3045/3225
f 3045/3225 1422/1430 3044/3224
f 599/603 670/674 3041/3221
f 3041/3221 670/674 3042/3222
f 931/938 3067/3247 932/937
f 932/937 3067/3247 3065/3245
f 2853/3028 3066/3246 2854/3026
f 2854/3026 3066/3246 3076/3256
f 3067/3247 3496/3728 3065/3245
f 3065/3245 3496/3728 3497/3729
f 3066/3246 3498/3730 3076/3256
f 3076/3256 3498/3730 3499/3731
f 707/713 1813/1860 708/711
f 708/711 1813/1860 1244/1249
f 2960/3134 2962/3136 2906/3080
f 2906/3080 2962/3136 1504/1533
f 2892/3066 1887/1936 2891/3065
f 2891/3065 1887/1936 1834/1879
f 1839/1885 2962/3136 2963/3137
f 2963/3137 2962/3136 2961/3135
f 595/601 626/630 596/599
f 596/599 626/630 625/628
f 623/629 626/630 3484/3716
f 3484/3716 626/630 2859/3032
f 1291/1299 1290/1298 606/610
f 606/610 1290/1298 603/609
f 1290/1298 650/653 603/609
f 603/609 650/653 641/646
f 641/646 650/653 642/645
f 642/645 650/653 649/655
f 2860/3033 2863/3036 649/655
f 649/655 2863/3036 642/645
f 3036/3215 3039/3219 2860/3033
f 2860/3033 3039/3219 2863/3036
f 3035/3217 3040/3220 3036/3215
f 3036/3215 3040/3220 3039/3219
f 1294/1304 1293/1300 1295/1302
f 1295/1302 1293/1300 1292/1301
f 624/627 651/654 1294/1304
f 1294/1304 651/654 1293/1300
f 623/629 652/656 624/627
f 624/627 652/656 651/654
f 3484/3716 2861/3034 623/629
f 623/629 2861/3034 652/656
f 3032/3211 3037/3216 3484/3716
f 3484/3716 3037/3216 2861/3034
f 3031/3213 3038/3218 3032/3211
f 3032/3211 3038/3218 3037/3216
f 3481/3713 2848/3021 2884/3058
f 2884/3058 2848/3021 942/948
f 2846/3020 617/622 1427/1436
f 1427/1436 617/622 616/620
f 3049/3229 3167/3348 3048/3228
f 3048/3228 3167/3348 3500/3732
f 1906/1956 3048/3228 3070/3250
f 3070/3250 3048/3228 3500/3732
f 1337/1346 1768/1811 3501/3733
f 3501/3733 1768/1811 3502/3734
f 3020/3200 3503/3735 3021/3201
f 3021/3201 3503/3735 3024/3205
f 2914/3089 3023/3202 3020/3200
f 3020/3200 3023/3202 3503/3735
f 859/867 1770/1813 860/865
f 860/865 1770/1813 3504/3736
f 1336/1345 3505/3737 1768/1811
f 1768/1811 3505/3737 3502/3734
f 3065/3245 3497/3729 3066/3246
f 3066/3246 3497/3729 3498/3730
f 2814/2985 3075/3254 3067/3247
f 3067/3247 3075/3254 3496/3728
f 2839/3012 3174/3356 766/772
f 766/772 3174/3356 3017/3198
f 1337/1346 3501/3733 1338/1347
f 1338/1347 3501/3733 1769/1812
f 767/770 3018/3197 3026/3206
f 3026/3206 3018/3197 3506/3738
f 3076/3256 3499/3731 3064/3244
f 3064/3244 3499/3731 3507/3739
f 727/733 730/734 3483/3715
f 3483/3715 730/734 3030/3210
f 3064/3244 3507/3739 2871/3044
f 2871/3044 3507/3739 3077/3257
f 3100/3279 3160/3340 1786/1830
f 1786/1830 3160/3340 1784/1829
f 3026/3206 3506/3738 752/755
f 752/755 3506/3738 3015/3196
f 860/865 3504/3736 2923/3097
f 2923/3097 3504/3736 3508/3740
f 753/757 3016/3195 3027/3207
f 3027/3207 3016/3195 3509/3741
f 3027/3207 3509/3741 3008/3182
f 3008/3182 3509/3741 3028/3208
f 1782/1825 1785/1828 1783/1827
f 1783/1827 1785/1828 3022/3203
f 2923/3097 3508/3740 3153/3334
f 3153/3334 3508/3740 3161/3342
f 3148/3329 3149/3330 1208/1214
f 1208/1214 3149/3330 3150/3331
f 1335/1343 1328/1336 3510/3742
f 3510/3742 1328/1336 1327/1335
f 1336/1345 1335/1343 3505/3737
f 3505/3737 1335/1343 3510/3742
f 866/872 3511/3743 1340/1349
f 1340/1349 3511/3743 3146/3327
f 865/870 1808/1852 866/872
f 866/872 1808/1852 3511/3743
f 842/848 841/847 3159/3341
f 3159/3341 841/847 3485/3717
f 2849/3022 3512/3744 1329/1338
f 1329/1338 3512/3744 1326/1337
f 1202/1209 1331/1339 2849/3022
f 2849/3022 1331/1339 3512/3744
f 3514/3745 3515/3746 3513/3747
f 3513/3747 3515/3746 3516/3748
f 3518/3749 3516/3748 3517/3750
f 3517/3750 3516/3748 3515/3746
f 3519/3751 3520/3752 3514/3745
f 3514/3745 3520/3752 3515/3746
f 3522/3753 3523/3754 3521/3755
f 3521/3755 3523/3754 3524/3756
f 3526/3757 3527/3758 3525/3759
f 3525/3759 3527/3758 3528/3760
f 3530/3761 3531/3762 3529/3763
f 3529/3763 3531/3762 3532/3764
f 3534/3765 3535/3766 3533/3767
f 3533/3767 3535/3766 3536/3768
f 3529/3763 3532/3764 3537/3769
f 3537/3769 3532/3764 3538/3770
f 3537/3769 3539/3771 3529/3763
f 3529/3763 3539/3771 3540/3772
f 3542/3773 3543/3774 3541/3775
f 3541/3775 3543/3774 3544/3776
f 3546/3777 3547/3778 3545/3779
f 3545/3779 3547/3778 3548/3780
f 3550/3781 3534/3765 3549/3782
f 3549/3782 3534/3765 3533/3767
f 3550/3781 3543/3774 3551/3783
f 3551/3783 3543/3774 3552/3784
f 3537/3769 3545/3779 3539/3771
f 3539/3771 3545/3779 3548/3780
f 3553/3785 3554/3786 3556/3787
f 3556/3787 3554/3786 3555/3788
f 3537/3769 3557/3789 3545/3779
f 3545/3779 3557/3789 3546/3777
f 3558/3790 3559/3791 3561/3792
f 3561/3792 3559/3791 3560/3793
f 3563/3794 3564/3795 3562/3796
f 3562/3796 3564/3795 3565/3797
f 3564/3795 3563/3794 3566/3798
f 3566/3798 3563/3794 3567/3799
f 3569/3800 3570/3801 3568/3802
f 3568/3802 3570/3801 3571/3803
f 3573/3804 3574/3805 3572/3806
f 3572/3806 3574/3805 3575/3807
f 3577/3808 3578/3809 3576/3810
f 3576/3810 3578/3809 3579/3811
f 3581/3812 3582/3813 3580/3814
f 3580/3814 3582/3813 3583/3815
f 3585/3816 3586/3817 3584/3818
f 3584/3818 3586/3817 3579/3811
f 3586/3817 3587/3819 3579/3811
f 3579/3811 3587/3819 3576/3810
f 3589/3820 3590/3821 3588/3822
f 3588/3822 3590/3821 3591/3823
f 3592/3824 3593/3825 3595/3826
f 3595/3826 3593/3825 3594/3827
f 3597/3828 3598/3829 3596/3830
f 3596/3830 3598/3829 3595/3826
f 3583/3815 3600/3831 3599/3832
f 3599/3832 3600/3831 3601/3833
f 3603/3834 3599/3832 3602/3835
f 3602/3835 3599/3832 3601/3833
f 3605/3836 3606/3837 3604/3838
f 3604/3838 3606/3837 3607/3839
f 3608/3840 3555/3788 3596/3830
f 3596/3830 3555/3788 3554/3786
f 3597/3828 3610/3841 3609/3842
f 3609/3842 3610/3841 3565/3797
f 3564/3795 3611/3843 3565/3797
f 3565/3797 3611/3843 3609/3842
f 3611/3843 3564/3795 3612/3844
f 3612/3844 3564/3795 3566/3798
f 3613/3845 3614/3846 3569/3800
f 3569/3800 3614/3846 3570/3801
f 3615/3847 3616/3848 3573/3804
f 3573/3804 3616/3848 3574/3805
f 3517/3750 3617/3849 3518/3749
f 3518/3749 3617/3849 3618/3850
f 3620/3851 3621/3852 3619/3853
f 3619/3853 3621/3852 3622/3854
f 3624/3855 3625/3856 3623/3857
f 3623/3857 3625/3856 3626/3858
f 3628/3859 3629/3860 3627/3861
f 3627/3861 3629/3860 3630/3862
f 3632/3863 3633/3864 3631/3865
f 3631/3865 3633/3864 3634/3866
f 3636/3867 3637/3868 3635/3869
f 3635/3869 3637/3868 3638/3870
f 3640/3871 3641/3872 3639/3873
f 3639/3873 3641/3872 3642/3874
f 3643/3875 3644/3876 3639/3873
f 3639/3873 3644/3876 3640/3871
f 3646/3877 3513/3747 3645/3878
f 3645/3878 3513/3747 3647/3879
f 3648/3880 3514/3745 3646/3877
f 3646/3877 3514/3745 3513/3747
f 3649/3881 3519/3751 3648/3880
f 3648/3880 3519/3751 3514/3745
f 3650/3882 3651/3883 3527/3758
f 3527/3758 3651/3883 3652/3884
f 3654/3885 3651/3883 3653/3886
f 3653/3886 3651/3883 3650/3882
f 3568/3802 3571/3803 3655/3887
f 3655/3887 3571/3803 3656/3888
f 3657/3889 3658/3890 3653/3886
f 3653/3886 3658/3890 3659/3891
f 3661/3892 3662/3893 3660/3894
f 3660/3894 3662/3893 3658/3890
f 3664/3895 3665/3896 3663/3897
f 3663/3897 3665/3896 3666/3898
f 3667/3899 3657/3889 3650/3882
f 3650/3882 3657/3889 3653/3886
f 3669/3900 3523/3754 3668/3901
f 3668/3901 3523/3754 3670/3902
f 3672/3903 3673/3904 3671/3905
f 3671/3905 3673/3904 3674/3906
f 3676/3907 3677/3908 3675/3909
f 3675/3909 3677/3908 3678/3910
f 3671/3905 3674/3906 3676/3907
f 3676/3907 3674/3906 3677/3908
f 3680/3911 3681/3912 3679/3913
f 3679/3913 3681/3912 3682/3914
f 3683/3915 3684/3916 3680/3911
f 3680/3911 3684/3916 3681/3912
f 3685/3917 3686/3918 3661/3892
f 3661/3892 3686/3918 3662/3893
f 3686/3918 3687/3919 3662/3893
f 3662/3893 3687/3919 3688/3920
f 3684/3916 3683/3915 3689/3921
f 3689/3921 3683/3915 3690/3922
f 3692/3923 3693/3924 3691/3925
f 3691/3925 3693/3924 3694/3926
f 3691/3925 3694/3926 3695/3927
f 3695/3927 3694/3926 3696/3928
f 3698/3929 3699/3930 3697/3931
f 3697/3931 3699/3930 3700/3932
f 3702/3933 3703/3934 3701/3935
f 3701/3935 3703/3934 3704/3936
f 3705/3937 3706/3938 3519/3751
f 3519/3751 3706/3938 3520/3752
f 3673/3904 3672/3903 3707/3939
f 3707/3939 3672/3903 3708/3940
f 3709/3941 3710/3942 3682/3914
f 3682/3914 3710/3942 3679/3913
f 3711/3943 3712/3944 3692/3923
f 3692/3923 3712/3944 3693/3924
f 3714/3945 3715/3946 3713/3947
f 3713/3947 3715/3946 3716/3948
f 3718/3949 3700/3932 3717/3950
f 3717/3950 3700/3932 3699/3930
f 3720/3951 3721/3952 3719/3953
f 3719/3953 3721/3952 3722/3954
f 3724/3955 3725/3956 3723/3957
f 3723/3957 3725/3956 3726/3958
f 3727/3959 3728/3960 3730/3961
f 3730/3961 3728/3960 3729/3962
f 3722/3954 3721/3952 3731/3963
f 3731/3963 3721/3952 3732/3964
f 3697/3931 3700/3932 3733/3965
f 3733/3965 3700/3932 3714/3945
f 3733/3965 3714/3945 3734/3966
f 3734/3966 3714/3945 3713/3947
f 3721/3952 3723/3957 3732/3964
f 3732/3964 3723/3957 3735/3967
f 3720/3951 3736/3968 3724/3955
f 3724/3955 3736/3968 3737/3969
f 3700/3932 3718/3949 3714/3945
f 3714/3945 3718/3949 3715/3946
f 3717/3950 3699/3930 3738/3970
f 3738/3970 3699/3930 3739/3971
f 3536/3768 3740/3972 3533/3767
f 3533/3767 3740/3972 3540/3772
f 3742/3973 3743/3974 3741/3975
f 3741/3975 3743/3974 3744/3976
f 3746/3977 3747/3978 3745/3979
f 3745/3979 3747/3978 3748/3980
f 3750/3981 3751/3982 3749/3983
f 3749/3983 3751/3982 3752/3984
f 3627/3861 3632/3863 3628/3859
f 3628/3859 3632/3863 3631/3865
f 3754/3985 3755/3986 3753/3987
f 3753/3987 3755/3986 3626/3858
f 3562/3796 3565/3797 3756/3988
f 3756/3988 3565/3797 3610/3841
f 3527/3758 3652/3884 3528/3760
f 3528/3760 3652/3884 3757/3989
f 3758/3990 3524/3756 3669/3900
f 3669/3900 3524/3756 3523/3754
f 3582/3813 3598/3829 3583/3815
f 3583/3815 3598/3829 3600/3831
f 3759/3991 3670/3902 3522/3753
f 3522/3753 3670/3902 3523/3754
f 3675/3909 3678/3910 3760/3992
f 3760/3992 3678/3910 3761/3993
f 3762/3994 3763/3995 3690/3922
f 3690/3922 3763/3995 3689/3921
f 3765/3996 3766/3997 3764/3998
f 3764/3998 3766/3997 3767/3999
f 3768/4000 3739/3971 3698/3929
f 3698/3929 3739/3971 3699/3930
f 3726/3958 3725/3956 3770/4001
f 3770/4001 3725/3956 3769/4002
f 3645/3878 3647/3879 3771/4003
f 3771/4003 3647/3879 3772/4004
f 3645/3878 3678/3910 3646/3877
f 3646/3877 3678/3910 3677/3908
f 3646/3877 3677/3908 3648/3880
f 3648/3880 3677/3908 3674/3906
f 3673/3904 3649/3881 3674/3906
f 3674/3906 3649/3881 3648/3880
f 3707/3939 3773/4005 3673/3904
f 3673/3904 3773/4005 3649/3881
f 3775/4006 3776/4007 3774/4008
f 3774/4008 3776/4007 3777/4009
f 3779/4010 3526/3757 3778/4011
f 3778/4011 3526/3757 3525/3759
f 3526/3757 3779/4010 3667/3899
f 3667/3899 3779/4010 3780/4012
f 3780/4012 3781/4013 3667/3899
f 3667/3899 3781/4013 3657/3889
f 3672/3903 3679/3913 3708/3940
f 3708/3940 3679/3913 3710/3942
f 3671/3905 3680/3911 3672/3903
f 3672/3903 3680/3911 3679/3913
f 3676/3907 3683/3915 3671/3905
f 3671/3905 3683/3915 3680/3911
f 3675/3909 3690/3922 3676/3907
f 3676/3907 3690/3922 3683/3915
f 3760/3992 3762/3994 3675/3909
f 3675/3909 3762/3994 3690/3922
f 3682/3914 3681/3912 3783/4014
f 3783/4014 3681/3912 3782/4015
f 3689/3921 3784/4016 3684/3916
f 3684/3916 3784/4016 3785/4017
f 3684/3916 3785/4017 3681/3912
f 3681/3912 3785/4017 3782/4015
f 3786/4018 3709/3941 3783/4014
f 3783/4014 3709/3941 3682/3914
f 3784/4016 3689/3921 3787/4019
f 3787/4019 3689/3921 3763/3995
f 3789/4020 3557/3789 3788/4021
f 3788/4021 3557/3789 3790/4022
f 3792/4023 3793/4024 3791/4025
f 3791/4025 3793/4024 3794/4026
f 3616/3848 3615/3847 3795/4027
f 3795/4027 3615/3847 3796/4028
f 3797/4029 3798/4030 3727/3959
f 3727/3959 3798/4030 3728/3960
f 3800/4031 3801/4032 3799/4033
f 3799/4033 3801/4032 3802/4034
f 3803/4035 3578/3809 3592/3824
f 3592/3824 3578/3809 3593/3825
f 3805/4036 3806/4037 3804/4038
f 3804/4038 3806/4037 3807/4039
f 3599/3832 3603/3834 3585/3816
f 3585/3816 3603/3834 3586/3817
f 3587/3819 3586/3817 3604/3838
f 3604/3838 3586/3817 3603/3834
f 3588/3822 3591/3823 3794/4026
f 3794/4026 3591/3823 3791/4025
f 3581/3812 3803/4035 3582/3813
f 3582/3813 3803/4035 3592/3824
f 3594/3827 3561/3792 3608/3840
f 3608/3840 3561/3792 3790/4022
f 3662/3893 3688/3920 3808/4040
f 3808/4040 3688/3920 3809/4041
f 3665/3896 3664/3895 3810/4042
f 3810/4042 3664/3895 3811/4043
f 3719/3953 3812/4044 3720/3951
f 3720/3951 3812/4044 3736/3968
f 3717/3950 3813/4045 3718/3949
f 3718/3949 3813/4045 3737/3969
f 3723/3957 3721/3952 3724/3955
f 3724/3955 3721/3952 3720/3951
f 3813/4045 3717/3950 3814/4046
f 3814/4046 3717/3950 3738/3970
f 3815/4047 3816/4048 303/4049
f 303/4049 3816/4048 304/4050
f 3818/4051 3819/4052 3817/4053
f 3817/4053 3819/4052 3820/4054
f 3578/3809 3803/4035 3579/3811
f 3579/3811 3803/4035 3584/3818
f 3558/3790 3593/3825 3577/3808
f 3577/3808 3593/3825 3578/3809
f 3822/4055 3823/4056 3821/4057
f 3821/4057 3823/4056 3824/4058
f 3546/3777 3826/4059 3825/4060
f 3825/4060 3826/4059 3827/4061
f 3828/4062 3829/4063 3547/3778
f 3547/3778 3829/4063 3541/3775
f 3831/4064 3542/3773 3830/4065
f 3830/4065 3542/3773 3832/4066
f 3834/4067 3822/4055 3833/4068
f 3833/4068 3822/4055 3821/4057
f 3835/4069 3836/4070 3827/4061
f 3827/4061 3836/4070 3825/4060
f 3800/4031 3799/4033 3828/4062
f 3828/4062 3799/4033 3829/4063
f 3830/4065 3832/4066 3837/4071
f 3837/4071 3832/4066 3838/4072
f 331/331 330/330 3551/3783
f 3551/3783 330/330 3839/4073
f 3831/4064 333/333 3552/3784
f 3552/3784 333/333 332/332
f 3819/4052 3797/4029 3841/4074
f 3841/4074 3797/4029 3840/4075
f 3513/3747 3516/3748 3647/3879
f 3647/3879 3516/3748 3746/3977
f 337/337 336/336 3745/3979
f 3745/3979 336/336 3772/4004
f 3525/3759 3528/3760 3775/4006
f 3775/4006 3528/3760 3749/3983
f 3610/3841 3597/3828 3554/3786
f 3554/3786 3597/3828 3596/3830
f 3706/3938 3702/3933 3520/3752
f 3520/3752 3702/3933 3701/3935
f 3756/3988 3610/3841 3553/3785
f 3553/3785 3610/3841 3554/3786
f 3757/3989 3750/3981 3528/3760
f 3528/3760 3750/3981 3749/3983
f 3517/3750 3515/3746 3701/3935
f 3701/3935 3515/3746 3520/3752
f 3842/4076 3584/3818 3581/3812
f 3581/3812 3584/3818 3803/4035
f 3525/3759 3775/4006 3778/4011
f 3778/4011 3775/4006 3774/4008
f 3638/3870 3843/4077 3635/3869
f 3635/3869 3843/4077 3618/3850
f 3617/3849 3621/3852 3618/3850
f 3618/3850 3621/3852 3635/3869
f 3617/3849 3517/3750 3704/3936
f 3704/3936 3517/3750 3701/3935
f 3521/3755 3624/3855 3522/3753
f 3522/3753 3624/3855 3623/3857
f 3749/3983 3844/4078 3775/4006
f 3775/4006 3844/4078 3776/4007
f 3846/4079 3847/4080 3845/4081
f 3845/4081 3847/4080 3848/4082
f 3843/4077 3747/3978 3618/3850
f 3618/3850 3747/3978 3518/3749
f 3850/4083 3851/4084 3849/4085
f 3849/4085 3851/4084 3748/3980
f 3853/4086 3854/4087 3852/4088
f 3852/4088 3854/4087 3855/4089
f 3856/4090 3857/4091 3622/3854
f 3622/3854 3857/4091 3619/3853
f 3859/4092 3860/4093 3858/4094
f 3858/4094 3860/4093 3861/4095
f 3862/4096 3844/4078 3752/3984
f 3752/3984 3844/4078 3749/3983
f 3863/4097 3759/3991 3623/3857
f 3623/3857 3759/3991 3522/3753
f 3864/4098 3777/4009 3630/3862
f 3630/3862 3777/4009 3776/4007
f 3713/3947 3865/4099 3734/3966
f 3734/3966 3865/4099 3866/4100
f 3868/4101 3869/4102 3867/4103
f 3867/4103 3869/4102 3870/4104
f 3872/4105 3873/4106 3871/4107
f 3871/4107 3873/4106 3874/4108
f 3876/4109 3877/4110 3875/4111
f 3875/4111 3877/4110 3878/4112
f 3879/4113 3880/4114 3878/4112
f 3878/4112 3880/4114 3881/4115
f 3882/4116 3883/4117 3885/4118
f 3885/4118 3883/4117 3884/4119
f 3780/4012 3886/4120 3781/4013
f 3781/4013 3886/4120 3887/4121
f 3888/4122 3685/3917 3869/4102
f 3869/4102 3685/3917 3661/3892
f 3880/4114 3879/4113 3883/4117
f 3883/4117 3879/4113 3884/4119
f 3693/3924 3783/4014 3694/3926
f 3694/3926 3783/4014 3782/4015
f 3696/3928 3785/4017 3764/3998
f 3764/3998 3785/4017 3784/4016
f 3694/3926 3782/4015 3696/3928
f 3696/3928 3782/4015 3785/4017
f 3693/3924 3786/4018 3783/4014
f 3787/4019 3765/3996 3784/4016
f 3784/4016 3765/3996 3764/3998
f 386/4123 385/4124 3765/3996
f 3765/3996 385/4124 3766/3997
f 3695/3927 3889/4125 3691/3925
f 3691/3925 3889/4125 3890/4126
f 3691/3925 3890/4126 3692/3923
f 3692/3923 3890/4126 3891/4127
f 3892/4128 3711/3943 3891/4127
f 3891/4127 3711/3943 3692/3923
f 3767/3999 3893/4129 3695/3927
f 3695/3927 3893/4129 3889/4125
f 3766/3997 3894/4130 3767/3999
f 3767/3999 3894/4130 3893/4129
f 3882/4116 3885/4118 3895/4131
f 3895/4131 3885/4118 3896/4132
f 3898/4133 3698/3929 3897/4134
f 3897/4134 3698/3929 3697/3931
f 3897/4134 3697/3931 3899/4135
f 3899/4135 3697/3931 3733/3965
f 3899/4135 3733/3965 3900/4136
f 3900/4136 3733/3965 3734/3966
f 3901/4137 3768/4000 3898/4133
f 3898/4133 3768/4000 3698/3929
f 3901/4137 3902/4138 3768/4000
f 3768/4000 3902/4138 3903/4139
f 3904/4140 3905/4141 3907/4142
f 3907/4142 3905/4141 3906/4143
f 3869/4102 3661/3892 3870/4104
f 3870/4104 3661/3892 3660/3894
f 3908/4144 3909/4145 3896/4132
f 3896/4132 3909/4145 3895/4131
f 3909/4145 3758/3990 3895/4131
f 3895/4131 3758/3990 3669/3900
f 3751/3982 3531/3762 3752/3984
f 3752/3984 3531/3762 3848/4082
f 3858/4094 3536/3768 3854/4087
f 3854/4087 3536/3768 3535/3766
f 3652/3884 3562/3796 3757/3989
f 3757/3989 3562/3796 3756/3988
f 3651/3883 3654/3885 3563/3794
f 3563/3794 3654/3885 3567/3799
f 3655/3887 3656/3888 3808/4040
f 3808/4040 3656/3888 3659/3891
f 3530/3761 3740/3972 3845/4081
f 3845/4081 3740/3972 3861/4095
f 3751/3982 3750/3981 3556/3787
f 3556/3787 3750/3981 3553/3785
f 3817/4053 3820/4054 3796/4028
f 3796/4028 3820/4054 3795/4027
f 410/410 409/408 3910/4146
f 3910/4146 409/408 3855/4089
f 3750/3981 3757/3989 3553/3785
f 3553/3785 3757/3989 3756/3988
f 3908/4144 3886/4120 3909/4145
f 3909/4145 3886/4120 3780/4012
f 409/408 411/411 3855/4089
f 3855/4089 411/411 3851/4084
f 413/413 412/4147 3760/3992
f 3760/3992 412/4147 3762/3994
f 415/4148 414/4149 3763/3995
f 3763/3995 414/4149 3787/4019
f 3790/4022 3557/3789 3538/3770
f 3538/3770 3557/3789 3537/3769
f 3555/3788 3608/3840 3538/3770
f 3538/3770 3608/3840 3790/4022
f 3574/3805 3911/4150 3575/3807
f 3575/3807 3911/4150 3912/4151
f 3535/3766 3534/3765 3910/4146
f 3910/4146 3534/3765 3839/4073
f 3831/4064 3552/3784 3542/3773
f 3542/3773 3552/3784 3543/3774
f 3534/3765 3550/3781 3839/4073
f 3839/4073 3550/3781 3551/3783
f 3543/3774 3550/3781 3544/3776
f 3544/3776 3550/3781 3549/3782
f 3913/4152 3914/4153 3916/4154
f 3916/4154 3914/4153 3915/4155
f 3806/4037 3805/4036 3589/3820
f 3589/3820 3805/4036 3590/3821
f 3849/4085 3843/4077 3917/4156
f 3917/4156 3843/4077 3638/3870
f 3853/4086 3644/3876 3859/4092
f 3859/4092 3644/3876 3742/3973
f 3747/3978 3746/3977 3518/3749
f 3518/3749 3746/3977 3516/3748
f 3695/3927 3696/3928 3767/3999
f 3767/3999 3696/3928 3764/3998
f 3903/4139 3918/4157 3768/4000
f 3768/4000 3918/4157 3739/3971
f 3738/3970 3739/3971 3816/4048
f 3816/4048 3739/3971 3918/4157
f 3919/4158 3920/4159 3769/4002
f 3769/4002 3920/4159 3770/4001
f 3921/4160 3726/4161 3922/4162
f 3922/4162 3726/4161 3770/4163
f 3678/3910 3645/3878 3761/3993
f 3761/3993 3645/3878 3771/4003
f 3924/4164 3913/4152 3923/4165
f 3923/4165 3913/4152 3916/4154
f 3802/4034 3925/4166 3838/4072
f 3838/4072 3925/4166 3837/4071
f 3577/3808 3926/4167 3558/3790
f 3558/3790 3926/4167 3559/3791
f 3815/4047 3919/4158 3814/4046
f 3814/4046 3919/4158 3769/4002
f 3927/4168 3928/4169 3822/4055
f 3822/4055 3928/4169 3823/4056
f 3829/4063 3832/4066 3541/3775
f 3541/3775 3832/4066 3542/3773
f 3834/4067 3927/4168 3822/4055
f 3832/4066 3829/4063 3838/4072
f 3838/4072 3829/4063 3799/4033
f 3745/3979 3772/4004 3746/3977
f 3746/3977 3772/4004 3647/3879
f 3849/4085 3748/3980 3843/4077
f 3843/4077 3748/3980 3747/3978
f 3854/4087 3853/4086 3858/4094
f 3858/4094 3853/4086 3859/4092
f 3854/4087 3535/3766 3855/4089
f 3855/4089 3535/3766 3910/4146
f 3557/3789 3789/4020 3546/3777
f 3546/3777 3789/4020 3826/4059
f 3923/4165 3823/4056 3924/4164
f 3924/4164 3823/4056 3928/4169
f 3823/4056 3923/4165 3929/4170
f 3929/4170 3923/4165 3930/4171
f 3531/3762 3751/3982 3532/3764
f 3532/3764 3751/3982 3556/3787
f 3532/3764 3556/3787 3538/3770
f 3538/3770 3556/3787 3555/3788
f 3932/4172 3634/3866 3931/4173
f 3931/4173 3634/3866 3633/3864
f 3814/4046 3769/4002 3813/4045
f 3813/4045 3769/4002 3725/3956
f 3620/3851 3636/3867 3621/3852
f 3621/3852 3636/3867 3635/3869
f 3847/4080 3862/4096 3848/4082
f 3848/4082 3862/4096 3752/3984
f 3531/3762 3530/3761 3848/4082
f 3848/4082 3530/3761 3845/4081
f 3933/4174 3934/4175 3830/4065
f 3830/4065 3934/4175 3831/4064
f 3925/4166 3933/4174 3837/4071
f 3837/4071 3933/4174 3830/4065
f 3934/4175 440/442 3831/4064
f 3831/4064 440/442 333/333
f 3925/4166 3802/4034 3833/4068
f 3833/4068 3802/4034 3801/4032
f 3776/4007 3844/4078 3630/3862
f 3630/3862 3844/4078 3627/3861
f 3808/4040 3659/3891 3662/3893
f 3662/3893 3659/3891 3658/3890
f 3667/3899 3650/3882 3526/3757
f 3526/3757 3650/3882 3527/3758
f 3935/4176 3666/3898 3936/4177
f 3936/4177 3666/3898 3665/3896
f 3718/3949 3737/3969 3715/3946
f 3715/3946 3737/3969 3736/3968
f 3663/3897 3809/4041 3664/3895
f 3664/3895 3809/4041 3688/3920
f 3807/4039 3806/4037 3938/4178
f 3938/4178 3806/4037 3937/4179
f 445/447 413/413 3761/3993
f 3761/3993 413/413 3760/3992
f 3902/4138 447/4180 3903/4139
f 3903/4139 447/4180 446/4181
f 3897/4134 3890/4126 3898/4133
f 3898/4133 3890/4126 3889/4125
f 3899/4135 3891/4127 3897/4134
f 3897/4134 3891/4127 3890/4126
f 3898/4133 3889/4125 3901/4137
f 3901/4137 3889/4125 3893/4129
f 3893/4129 3894/4130 3901/4137
f 3901/4137 3894/4130 3902/4138
f 414/4149 386/4123 3787/4019
f 3787/4019 386/4123 3765/3996
f 3940/4182 3941/4183 3939/4184
f 3939/4184 3941/4183 3942/4185
f 3840/4075 3797/4029 3943/4186
f 3943/4186 3797/4029 3727/3959
f 3665/3896 3810/4042 3936/4177
f 3936/4177 3810/4042 3944/4187
f 3921/4160 3735/4188 3726/4161
f 3726/3958 3735/3967 3723/3957
f 3920/4189 3945/4190 3770/4163
f 3770/4163 3945/4190 3922/4162
f 3521/3755 3524/3756 3774/4008
f 3774/4008 3524/3756 3778/4011
f 3864/4098 3946/4191 3625/3856
f 3625/3856 3946/4191 3947/4192
f 3773/4005 3705/3937 3649/3881
f 3649/3881 3705/3937 3519/3751
f 3779/4010 3778/4011 3758/3990
f 3758/3990 3778/4011 3524/3756
f 3812/4044 3716/3948 3736/3968
f 3736/3968 3716/3948 3715/3946
f 3624/3855 3521/3755 3777/4009
f 3777/4009 3521/3755 3774/4008
f 3703/3934 3856/4090 3704/3936
f 3704/3936 3856/4090 3622/3854
f 3900/4136 3892/4128 3899/4135
f 3899/4135 3892/4128 3891/4127
f 3641/3872 3917/4156 3642/3874
f 3642/3874 3917/4156 3948/4193
f 3895/4131 3669/3900 3882/4116
f 3882/4116 3669/3900 3668/3901
f 3855/4089 3851/4084 3852/4088
f 3852/4088 3851/4084 3850/4083
f 3894/4130 458/4194 3902/4138
f 3902/4138 458/4194 447/4180
f 3781/4013 3887/4121 3660/3894
f 3660/3894 3887/4121 3870/4104
f 3570/3801 3566/3798 3571/3803
f 3571/3803 3566/3798 3567/3799
f 3950/4195 3576/3810 3949/4196
f 3949/4196 3576/3810 3587/3819
f 3605/3836 3602/3835 3614/3846
f 3614/3846 3602/3835 3612/3844
f 3614/3846 3612/3844 3570/3801
f 3570/3801 3612/3844 3566/3798
f 3571/3803 3567/3799 3656/3888
f 3656/3888 3567/3799 3654/3885
f 3660/3894 3658/3890 3781/4013
f 3781/4013 3658/3890 3657/3889
f 3604/3838 3607/3839 3587/3819
f 3587/3819 3607/3839 3949/4196
f 3653/3886 3659/3891 3654/3885
f 3654/3885 3659/3891 3656/3888
f 3529/3763 3540/3772 3530/3761
f 3530/3761 3540/3772 3740/3972
f 3687/3919 3811/4043 3688/3920
f 3688/3920 3811/4043 3664/3895
f 3813/4045 3725/3956 3737/3969
f 3737/3969 3725/3956 3724/3955
f 3919/4158 3815/4047 461/4197
f 461/4197 3815/4047 303/4049
f 3818/4051 3798/4030 3819/4052
f 3819/4052 3798/4030 3797/4029
f 3819/4052 3841/4074 3820/4054
f 3820/4054 3841/4074 3951/4198
f 3816/4048 3815/4047 3738/3970
f 3738/3970 3815/4047 3814/4046
f 3540/3772 3539/3771 3533/3767
f 3533/3767 3539/3771 3549/3782
f 3548/3780 3547/3778 3544/3776
f 3544/3776 3547/3778 3541/3775
f 3539/3771 3548/3780 3549/3782
f 3549/3782 3548/3780 3544/3776
f 3741/3975 3931/4173 3860/4093
f 3860/4093 3931/4173 3846/4079
f 3801/4032 3800/4031 3835/4069
f 3835/4069 3800/4031 3836/4070
f 3934/4175 3933/4174 3824/4058
f 3824/4058 3933/4174 3821/4057
f 3825/4060 3828/4062 3546/3777
f 3546/3777 3828/4062 3547/3778
f 3833/4068 3821/4057 3925/4166
f 3925/4166 3821/4057 3933/4174
f 3800/4031 3828/4062 3836/4070
f 3836/4070 3828/4062 3825/4060
f 3824/4058 3952/4199 3934/4175
f 3934/4175 3952/4199 440/442
f 3860/4093 3846/4079 3861/4095
f 3861/4095 3846/4079 3845/4081
f 3629/3860 3946/4191 3630/3862
f 3630/3862 3946/4191 3864/4098
f 3740/3972 3536/3768 3861/4095
f 3861/4095 3536/3768 3858/4094
f 3833/4068 3801/4032 3834/4067
f 3834/4067 3801/4032 3835/4069
f 3583/3815 3599/3832 3580/3814
f 3580/3814 3599/3832 3585/3816
f 3651/3883 3563/3794 3652/3884
f 3652/3884 3563/3794 3562/3796
f 3758/3990 3909/4145 3779/4010
f 3779/4010 3909/4145 3780/4012
f 3621/3852 3617/3849 3622/3854
f 3622/3854 3617/3849 3704/3936
f 3625/3856 3947/4192 3626/3858
f 3626/3858 3947/4192 3753/3987
f 3633/3864 3632/3863 3847/4080
f 3847/4080 3632/3863 3862/4096
f 3852/4088 3850/4083 3640/3871
f 3640/3871 3850/4083 3641/3872
f 3644/3876 3853/4086 3640/3871
f 3640/3871 3853/4086 3852/4088
f 3859/4092 3742/3973 3860/4093
f 3860/4093 3742/3973 3741/3975
f 3632/3863 3627/3861 3862/4096
f 3862/4096 3627/3861 3844/4078
f 3755/3986 3863/4097 3626/3858
f 3626/3858 3863/4097 3623/3857
f 3917/4156 3638/3870 3948/4193
f 3948/4193 3638/3870 3637/3868
f 3644/3876 3643/3875 3742/3973
f 3742/3973 3643/3875 3743/3974
f 3931/4173 3633/3864 3846/4079
f 3846/4079 3633/3864 3847/4080
f 3625/3856 3624/3855 3864/4098
f 3864/4098 3624/3855 3777/4009
f 3917/4156 3641/3872 3849/4085
f 3849/4085 3641/3872 3850/4083
f 3744/3976 3932/4172 3741/3975
f 3741/3975 3932/4172 3931/4173
f 3903/4139 446/4181 3918/4157
f 3918/4157 446/4181 464/4200
f 3953/4201 3954/4202 3956/4203
f 3956/4203 3954/4202 3955/4204
f 3958/4205 3959/4206 3957/4207
f 3957/4207 3959/4206 3960/4208
f 3876/4109 3958/4205 3877/4110
f 3877/4110 3958/4205 3957/4207
f 3877/4110 3957/4207 3961/4209
f 3961/4209 3957/4207 3962/4210
f 3963/4211 3964/4212 3958/4205
f 3958/4205 3964/4212 3959/4206
f 3965/4213 3966/4214 3876/4109
f 3876/4109 3966/4214 3958/4205
f 3966/4214 3963/4211 3958/4205
f 3966/4214 3967/4215 3963/4211
f 3963/4211 3967/4215 3968/4216
f 3878/4112 3877/4110 3879/4113
f 3879/4113 3877/4110 3961/4209
f 3967/4215 3969/4217 3968/4216
f 3968/4216 3969/4217 3970/4218
f 3969/4217 3971/4219 3970/4218
f 3970/4218 3971/4219 3972/4220
f 3974/4221 3904/4140 3973/4222
f 3973/4222 3904/4140 3907/4142
f 3971/4219 3975/4223 3972/4220
f 3972/4220 3975/4223 3976/4224
f 3976/4224 3975/4223 3978/4225
f 3978/4225 3975/4223 3977/4226
f 3979/4227 3980/4228 3977/4226
f 3977/4226 3980/4228 3978/4225
f 3981/4229 3982/4230 3979/4227
f 3979/4227 3982/4230 3980/4228
f 3983/4231 3984/4232 3981/4229
f 3981/4229 3984/4232 3982/4230
f 3972/4220 3985/4233 3970/4218
f 3970/4218 3985/4233 3986/4234
f 3871/4107 3987/4235 3969/4217
f 3969/4217 3987/4235 3971/4219
f 3872/4105 3871/4107 3967/4215
f 3967/4215 3871/4107 3969/4217
f 3965/4213 3872/4105 3966/4214
f 3966/4214 3872/4105 3967/4215
f 3970/4218 3986/4234 3968/4216
f 3968/4216 3986/4234 3988/4236
f 3879/4113 3961/4209 3884/4119
f 3884/4119 3961/4209 3940/4182
f 3884/4119 3940/4182 3885/4118
f 3885/4118 3940/4182 3939/4184
f 3989/4237 3990/4238 3992/4239
f 3992/4239 3990/4238 3991/4240
f 3942/4185 3993/4241 3995/4242
f 3995/4242 3993/4241 3994/4243
f 3994/4243 3996/4244 3995/4242
f 3995/4242 3996/4244 3974/4221
f 3997/4245 3998/4246 3994/4243
f 3994/4243 3998/4246 3996/4244
f 3999/4247 3997/4245 3993/4241
f 3993/4241 3997/4245 3994/4243
f 4001/4248 3996/4244 4000/4249
f 4000/4249 3996/4244 3998/4246
f 4000/4249 3998/4246 4002/4250
f 4002/4250 3998/4246 4003/4251
f 4004/4252 4003/4251 3997/4245
f 3997/4245 4003/4251 3998/4246
f 3997/4245 3999/4247 4004/4252
f 4004/4252 3999/4247 4005/4253
f 4006/4254 3995/4242 3973/4222
f 3973/4222 3995/4242 3974/4221
f 3939/4184 3942/4185 4006/4254
f 4006/4254 3942/4185 3995/4242
f 3906/4143 3887/4121 3907/4142
f 3907/4142 3887/4121 3886/4120
f 3887/4121 3906/4143 3870/4104
f 3870/4104 3906/4143 3867/4103
f 3908/4144 3973/4222 3886/4120
f 3886/4120 3973/4222 3907/4142
f 3865/4099 4007/4255 3866/4100
f 3866/4100 4007/4255 4008/4256
f 3984/4232 3983/4231 4009/4257
f 4009/4257 3983/4231 4010/4258
f 3961/4209 3962/4210 3940/4182
f 3940/4182 3962/4210 3941/4183
f 4012/4259 3868/4101 4011/4260
f 4011/4260 3868/4101 3867/4103
f 4013/4261 3975/4223 3987/4235
f 3987/4235 3975/4223 3971/4219
f 4014/4262 3977/4226 4013/4261
f 4013/4261 3977/4226 3975/4223
f 4015/4263 4010/4258 4007/4255
f 4007/4255 4010/4258 3983/4231
f 4007/4255 3983/4231 4008/4256
f 4008/4256 3983/4231 3981/4229
f 4008/4256 3981/4229 4016/4264
f 4016/4264 3981/4229 3979/4227
f 4017/4265 3984/4232 4018/4266
f 4018/4266 3984/4232 4009/4257
f 3977/4226 4014/4262 3979/4227
f 3979/4227 4014/4262 4016/4264
f 3982/4230 3984/4232 4019/4267
f 4019/4267 3984/4232 4017/4265
f 4021/4268 4022/4269 4020/4270
f 4020/4270 4022/4269 4023/4271
f 4022/4269 4012/4259 4023/4271
f 4023/4271 4012/4259 4011/4260
f 4023/4271 3904/4140 4020/4270
f 4020/4270 3904/4140 3974/4221
f 4024/4272 4025/4273 4018/4266
f 4018/4266 4025/4273 4017/4265
f 4026/4274 4027/4275 4024/4272
f 4024/4272 4027/4275 4025/4273
f 4028/4276 4026/4274 4029/4277
f 4029/4277 4026/4274 4024/4272
f 4018/4266 4021/4268 4024/4272
f 4024/4272 4021/4268 4029/4277
f 4030/4278 4031/4279 4026/4274
f 4026/4274 4031/4279 4027/4275
f 4032/4280 4030/4278 4028/4276
f 4028/4276 4030/4278 4026/4274
f 4029/4277 4001/4248 4028/4276
f 4028/4276 4001/4248 4000/4249
f 4028/4276 4000/4249 4032/4280
f 4032/4280 4000/4249 4002/4250
f 4034/4281 4035/4282 4033/4283
f 4033/4283 4035/4282 4036/4284
f 4037/4285 4038/4286 4019/4267
f 4019/4267 4038/4286 4039/4287
f 4041/4288 4039/4287 4040/4289
f 4040/4289 4039/4287 4038/4286
f 4040/4289 4038/4286 4042/4290
f 4042/4290 4038/4286 4036/4284
f 4042/4290 4036/4284 4043/4291
f 4043/4291 4036/4284 4035/4282
f 3985/4233 4044/4292 4046/4293
f 4046/4293 4044/4292 4045/4294
f 4047/4295 4048/4296 4045/4294
f 4045/4294 4048/4296 4046/4293
f 4047/4295 4049/4297 4048/4296
f 4048/4296 4049/4297 4050/4298
f 4042/4290 4047/4295 4040/4289
f 4040/4289 4047/4295 4045/4294
f 4043/4291 4049/4297 4042/4290
f 4042/4290 4049/4297 4047/4295
f 4040/4289 4045/4294 4041/4288
f 4041/4288 4045/4294 4044/4292
f 4052/4299 3959/4206 4051/4300
f 4051/4300 3959/4206 3964/4212
f 4053/4301 4054/4302 4051/4300
f 4051/4300 4054/4302 4055/4303
f 3956/4203 3960/4208 4052/4299
f 4052/4299 3960/4208 3959/4206
f 3953/4201 3956/4203 4056/4304
f 4056/4304 3956/4203 4052/4299
f 4058/4305 3953/4201 4057/4306
f 4057/4306 3953/4201 4056/4304
f 4060/4307 4061/4308 4059/4309
f 4059/4309 4061/4308 4062/4310
f 4063/4311 4064/4312 4054/4302
f 4054/4302 4064/4312 4057/4306
f 4054/4302 4053/4301 4063/4311
f 4063/4311 4053/4301 4065/4313
f 4066/4314 4067/4315 4069/4316
f 4069/4316 4067/4315 4068/4317
f 4048/4296 4050/4298 4063/4311
f 4063/4311 4050/4298 4064/4312
f 4063/4311 4065/4313 4048/4296
f 4048/4296 4065/4313 4046/4293
f 3985/4233 4046/4293 3986/4234
f 3986/4234 4046/4293 4065/4313
f 3986/4234 4065/4313 3988/4236
f 3988/4236 4065/4313 4053/4301
f 3988/4236 4053/4301 3964/4212
f 3964/4212 4053/4301 4051/4300
f 3976/4224 3978/4225 4044/4292
f 4044/4292 3978/4225 4041/4288
f 3980/4228 3982/4230 4039/4287
f 4039/4287 3982/4230 4019/4267
f 4039/4287 4041/4288 3980/4228
f 3980/4228 4041/4288 3978/4225
f 3973/4222 3908/4144 4006/4254
f 4006/4254 3908/4144 3896/4132
f 3885/4118 3939/4184 3896/4132
f 3896/4132 3939/4184 4006/4254
f 4031/4279 4034/4281 4027/4275
f 4027/4275 4034/4281 4033/4283
f 4027/4275 4033/4283 4025/4273
f 4025/4273 4033/4283 4037/4285
f 4019/4267 4017/4265 4037/4285
f 4037/4285 4017/4265 4025/4273
f 3993/4241 3942/4185 4070/4318
f 4070/4318 3942/4185 3941/4183
f 3999/4247 3993/4241 4071/4319
f 4071/4319 3993/4241 4070/4318
f 3999/4247 4071/4319 4005/4253
f 4005/4253 4071/4319 4072/4320
f 4073/4321 4074/4322 4076/4323
f 4076/4323 4074/4322 4075/4324
f 4078/4325 4079/4326 4077/4327
f 4077/4327 4079/4326 4080/4328
f 4082/4329 4080/4328 4081/4330
f 4081/4330 4080/4328 4079/4326
f 4084/4331 4085/4332 4083/4333
f 4083/4333 4085/4332 4086/4334
f 4087/4335 4088/4336 4090/4337
f 4090/4337 4088/4336 4089/4338
f 4092/4339 4093/4340 4091/4341
f 4091/4341 4093/4340 4094/4342
f 4096/4343 4097/4344 4095/4345
f 4095/4345 4097/4344 4098/4346
f 4100/4347 4101/4348 4099/4349
f 4099/4349 4101/4348 4102/4350
f 4103/4351 4104/4352 4106/4353
f 4106/4353 4104/4352 4105/4354
f 4108/4355 4109/4356 4107/4357
f 4107/4357 4109/4356 4110/4358
f 4112/4359 4113/4360 4111/4361
f 4111/4361 4113/4360 4114/4362
f 4116/4363 4117/4364 4115/4365
f 4115/4365 4117/4364 4118/4366
f 4120/4367 4121/4368 4119/4369
f 4119/4369 4121/4368 4122/4370
f 4123/4371 4124/4372 4126/4373
f 4126/4373 4124/4372 4125/4374
f 4127/4375 4128/4376 4130/4377
f 4130/4377 4128/4376 4129/4378
f 4132/4379 4133/4380 4131/4381
f 4131/4381 4133/4380 4134/4382
f 4136/4383 4108/4355 4135/4384
f 4135/4384 4108/4355 4107/4357
f 4138/4385 4139/4386 4137/4387
f 4137/4387 4139/4386 4140/4388
f 4141/4389 4142/4390 4088/4336
f 4088/4336 4142/4390 4089/4338
f 4144/4391 4145/4392 4143/4393
f 4143/4393 4145/4392 4146/4394
f 4148/4395 4149/4396 4147/4397
f 4147/4397 4149/4396 4150/4398
f 4152/4399 4153/4400 4151/4401
f 4151/4401 4153/4400 4154/4402
f 4156/4403 4082/4329 4155/4404
f 4155/4404 4082/4329 4081/4330
f 4157/4405 4158/4406 4160/4407
f 4160/4407 4158/4406 4159/4408
f 4161/4409 4162/4410 4164/4411
f 4164/4411 4162/4410 4163/4412
f 4166/4413 4122/4370 4165/4414
f 4165/4414 4122/4370 4121/4368
f 4168/4415 4152/4399 4167/4416
f 4167/4416 4152/4399 4151/4401
f 4169/4417 4170/4418 4172/4419
f 4172/4419 4170/4418 4171/4420
f 4174/4421 4175/4422 4173/4423
f 4173/4423 4175/4422 4176/4424
f 4178/4425 4149/4396 4177/4426
f 4177/4426 4149/4396 4179/4427
f 4173/4423 4176/4424 4180/4428
f 4180/4428 4176/4424 4181/4429
f 4156/4403 4085/4332 4182/4430
f 4182/4430 4085/4332 4183/4431
f 4182/4430 4184/4432 4156/4403
f 4156/4403 4184/4432 4082/4329
f 4185/4433 4186/4434 4184/4432
f 4184/4432 4186/4434 4187/4435
f 4186/4434 4188/4436 4187/4435
f 4187/4435 4188/4436 4189/4437
f 4190/4438 4191/4439 4073/4321
f 4073/4321 4191/4439 4074/4322
f 4177/4426 4179/4427 4158/4406
f 4158/4406 4179/4427 4159/4408
f 4193/4440 4127/4375 4192/4441
f 4192/4441 4127/4375 4130/4377
f 4144/4391 4194/4442 4151/4401
f 4151/4401 4194/4442 4167/4416
f 4196/4443 4197/4444 4195/4445
f 4195/4445 4197/4444 4198/4446
f 4095/4345 4199/4447 4096/4343
f 4096/4343 4199/4447 4200/4448
f 4201/4449 4202/4450 4204/4451
f 4204/4451 4202/4450 4203/4452
f 4205/4453 4206/4454 4208/4455
f 4208/4455 4206/4454 4207/4456
f 4121/4368 4120/4367 4209/4457
f 4209/4457 4120/4367 4210/4458
f 4212/4459 4213/4460 4211/4461
f 4211/4461 4213/4460 4214/4462
f 4216/4463 4217/4464 4215/4465
f 4215/4465 4217/4464 4218/4466
f 4220/4467 4221/4468 4219/4469
f 4219/4469 4221/4468 4222/4470
f 4224/4471 4196/4443 4223/4472
f 4223/4472 4196/4443 4195/4445
f 4225/4473 4226/4474 4134/4382
f 4134/4382 4226/4474 4131/4381
f 4228/4475 4229/4476 4227/4477
f 4227/4477 4229/4476 4230/4478
f 4232/4479 4233/4480 4231/4481
f 4231/4481 4233/4480 4098/4346
f 4235/4482 4236/4483 4234/4484
f 4234/4484 4236/4483 4237/4485
f 4239/4486 4240/4487 4238/4488
f 4238/4488 4240/4487 4241/4489
f 4242/4490 4243/4491 4245/4492
f 4245/4492 4243/4491 4244/4493
f 4246/4494 4247/4495 4249/4496
f 4249/4496 4247/4495 4248/4497
f 4251/4498 4252/4499 4250/4500
f 4250/4500 4252/4499 4253/4501
f 4255/4502 4256/4503 4254/4504
f 4254/4504 4256/4503 4257/4505
f 4259/4506 4260/4507 4258/4508
f 4258/4508 4260/4507 4261/4509
f 4263/4510 4264/4511 4262/4512
f 4262/4512 4264/4511 4265/4513
f 4267/4514 4268/4515 4266/4516
f 4266/4516 4268/4515 4269/4517
f 4271/4518 4199/4447 4270/4519
f 4270/4519 4199/4447 4272/4520
f 4273/4521 4274/4522 4276/4523
f 4276/4523 4274/4522 4275/4524
f 4115/4365 4118/4366 4277/4525
f 4277/4525 4118/4366 4278/4526
f 4280/4527 4281/4528 4279/4529
f 4279/4529 4281/4528 4282/4530
f 4211/4461 4283/4531 4212/4459
f 4212/4459 4283/4531 4284/4532
f 4286/4533 4287/4534 4285/4535
f 4285/4535 4287/4534 4288/4536
f 4165/4414 4121/4368 4289/4537
f 4289/4537 4121/4368 4209/4457
f 4291/4538 4286/4533 4290/4539
f 4290/4539 4286/4533 4285/4535
f 4293/4540 4294/4541 4292/4542
f 4292/4542 4294/4541 4295/4543
f 4297/4544 4298/4545 4296/4546
f 4296/4546 4298/4545 4299/4547
f 4301/4548 4302/4549 4300/4550
f 4300/4550 4302/4549 4303/4551
f 4299/4547 4304/4552 4296/4546
f 4296/4546 4304/4552 4305/4553
f 4306/4554 4292/4555 4307/4556
f 4307/4556 4292/4555 4295/4557
f 4307/4556 4308/4558 4306/4554
f 4306/4554 4308/4558 4309/4559
f 4310/4560 4309/4559 4075/4324
f 4075/4324 4309/4559 4308/4558
f 4299/4547 4298/4545 4312/4561
f 4312/4561 4298/4545 4311/4562
f 4302/4549 4301/4548 4293/4540
f 4293/4540 4301/4548 4294/4541
f 3735/4188 3921/4160 4313/4563
f 4313/4563 3921/4160 4314/4564
f 4315/4565 4314/4564 3922/4162
f 3922/4162 4314/4564 3921/4160
f 4316/4566 3945/4190 829/4567
f 829/4567 3945/4190 830/4568
f 4289/4537 4317/4569 4165/4414
f 4165/4414 4317/4569 4318/4570
f 4320/4571 4321/4572 4319/4573
f 4319/4573 4321/4572 4322/4574
f 4324/4575 4325/4576 4323/4577
f 4323/4577 4325/4576 4326/4578
f 4327/4579 4328/4580 4330/4581
f 4330/4581 4328/4580 4329/4582
f 4290/4539 4331/4583 4291/4538
f 4291/4538 4331/4583 4332/4584
f 4165/4414 4318/4570 4166/4413
f 4166/4413 4318/4570 4333/4585
f 4334/4586 4335/4587 4337/4588
f 4337/4588 4335/4587 4336/4589
f 4339/4590 4340/4591 4338/4592
f 4338/4592 4340/4591 4341/4593
f 4168/4415 4343/4594 4342/4595
f 4342/4595 4343/4594 4344/4596
f 4346/4597 4347/4598 4345/4599
f 4345/4599 4347/4598 4348/4600
f 4350/4601 4351/4602 4349/4603
f 4349/4603 4351/4602 4352/4604
f 4354/4605 4355/4606 4353/4607
f 4353/4607 4355/4606 4356/4608
f 4357/4609 4358/4610 4324/4575
f 4324/4575 4358/4610 4325/4576
f 4337/4588 4359/4611 4334/4586
f 4334/4586 4359/4611 4360/4612
f 4362/4613 4363/4614 4361/4615
f 4361/4615 4363/4614 4364/4616
f 4366/4617 4367/4618 4365/4619
f 4365/4619 4367/4618 4368/4620
f 4369/4621 4370/4622 4372/4623
f 4372/4623 4370/4622 4371/4624
f 4331/4583 4290/4539 4374/4625
f 4374/4625 4290/4539 4373/4626
f 4373/4626 4376/4627 4375/4628
f 4375/4628 4376/4627 4377/4629
f 4379/4630 4380/4631 4378/4632
f 4378/4632 4380/4631 4381/4633
f 4217/4464 4382/4634 4218/4466
f 4218/4466 4382/4634 4383/4635
f 4385/4636 4386/4637 4384/4638
f 4384/4638 4386/4637 4387/4639
f 4388/4640 4389/4641 4338/4592
f 4338/4592 4389/4641 4390/4642
f 4337/4588 4336/4589 4392/4643
f 4392/4643 4336/4589 4391/4644
f 4394/4645 4362/4613 4393/4646
f 4393/4646 4362/4613 4361/4615
f 4396/4647 4397/4648 4395/4649
f 4395/4649 4397/4648 4398/4650
f 4400/4651 4401/4652 4399/4653
f 4399/4653 4401/4652 4402/4654
f 4345/4599 4403/4655 4346/4597
f 4346/4597 4403/4655 4404/4656
f 4405/4657 4406/4658 4342/4595
f 4342/4595 4406/4658 4407/4659
f 4409/4660 4410/4661 4408/4662
f 4408/4662 4410/4661 4411/4663
f 4408/4662 4412/4664 4409/4660
f 4409/4660 4412/4664 4413/4665
f 4181/4429 4415/4666 4414/4667
f 4414/4667 4415/4666 4416/4668
f 4182/4430 4183/4431 4417/4669
f 4417/4669 4183/4431 4418/4670
f 4419/4671 4353/4607 4311/4562
f 4311/4562 4353/4607 4312/4561
f 4421/4672 4422/4673 4420/4674
f 4420/4674 4422/4673 4423/4675
f 4353/4607 4356/4608 4312/4561
f 4312/4561 4356/4608 4424/4676
f 4166/4413 4333/4585 4425/4677
f 4425/4677 4333/4585 4426/4678
f 4425/4677 4143/4393 4166/4413
f 4166/4413 4143/4393 4122/4370
f 4427/4679 4107/4357 4428/4680
f 4428/4680 4107/4357 4110/4358
f 4429/4681 4430/4682 4174/4421
f 4174/4421 4430/4682 4175/4422
f 4335/4587 4431/4683 4336/4589
f 4336/4589 4431/4683 4390/4642
f 4336/4589 4390/4642 4391/4644
f 4391/4644 4390/4642 4389/4641
f 4432/4684 4433/4685 4435/4686
f 4435/4686 4433/4685 4434/4687
f 4437/4688 4438/4689 4436/4690
f 4436/4690 4438/4689 4439/4691
f 4441/4692 4442/4693 4440/4694
f 4440/4694 4442/4693 4443/4695
f 4359/4611 4444/4696 4361/4615
f 4361/4615 4444/4696 4393/4646
f 4446/4697 4447/4698 4445/4699
f 4445/4699 4447/4698 4448/4700
f 4338/4592 4341/4593 4388/4640
f 4388/4640 4341/4593 4449/4701
f 4450/4702 4451/4703 4398/4650
f 4398/4650 4451/4703 4395/4649
f 4453/4704 4454/4705 4452/4706
f 4452/4706 4454/4705 4455/4707
f 4457/4708 4458/4709 4456/4710
f 4456/4710 4458/4709 4459/4711
f 4460/4712 4461/4713 4448/4700
f 4448/4700 4461/4713 4445/4699
f 4463/4714 4464/4715 4462/4716
f 4462/4716 4464/4715 4465/4717
f 4462/4716 4465/4717 4466/4718
f 4466/4718 4465/4717 4467/4719
f 4468/4720 4469/4721 4467/4719
f 4467/4719 4469/4721 4466/4718
f 4469/4721 4468/4720 4470/4722
f 4470/4722 4468/4720 4471/4723
f 4472/4724 4473/4725 4471/4723
f 4471/4723 4473/4725 4470/4722
f 4475/4726 4476/4727 4474/4728
f 4474/4728 4476/4727 4477/4729
f 4479/4730 4480/4731 4478/4732
f 4478/4732 4480/4731 4481/4733
f 4483/4734 4484/4735 4482/4736
f 4482/4736 4484/4735 4485/4737
f 4487/4738 4488/4739 4486/4740
f 4486/4740 4488/4739 4489/4741
f 4491/4742 4492/4743 4490/4744
f 4490/4744 4492/4743 4493/4745
f 4494/4746 4495/4747 4493/4745
f 4493/4745 4495/4747 4490/4744
f 4496/4748 4497/4749 4494/4746
f 4494/4746 4497/4749 4495/4747
f 4497/4749 4496/4748 4498/4750
f 4498/4750 4496/4748 4499/4751
f 4500/4752 4501/4753 4503/4754
f 4503/4754 4501/4753 4502/4755
f 4505/4756 4506/4757 4504/4758
f 4504/4758 4506/4757 4507/4759
f 4466/4718 4508/4760 4462/4716
f 4462/4716 4508/4760 4509/4761
f 4470/4722 4510/4762 4469/4721
f 4469/4721 4510/4762 4511/4763
f 4513/4764 4479/4730 4512/4765
f 4512/4765 4479/4730 4478/4732
f 4515/4766 4443/4695 4514/4767
f 4514/4767 4443/4695 4442/4693
f 4516/4768 4517/4769 4519/4770
f 4519/4770 4517/4769 4518/4771
f 4521/4772 4495/4747 4520/4773
f 4520/4773 4495/4747 4497/4749
f 4522/4774 4490/4744 4521/4772
f 4521/4772 4490/4744 4495/4747
f 4491/4742 4523/4775 4488/4739
f 4488/4739 4523/4775 4524/4776
f 4525/4777 4489/4741 4524/4776
f 4524/4776 4489/4741 4488/4739
f 4484/4735 4526/4778 4485/4737
f 4485/4737 4526/4778 4527/4779
f 4503/4754 4528/4780 4500/4752
f 4500/4752 4528/4780 4529/4781
f 4530/4782 4531/4783 4533/4784
f 4533/4784 4531/4783 4532/4785
f 4535/4786 4506/4757 4534/4787
f 4534/4787 4506/4757 4530/4782
f 4486/4740 4536/4788 4487/4738
f 4487/4738 4536/4788 4537/4789
f 4487/4738 4537/4789 4492/4743
f 4492/4743 4537/4789 4538/4790
f 4494/4746 4539/4791 4496/4748
f 4496/4748 4539/4791 4540/4792
f 4542/4793 4533/4784 4541/4794
f 4541/4794 4533/4784 4499/4751
f 4544/4795 4545/4796 4543/4797
f 4543/4797 4545/4796 4546/4798
f 4548/4799 4549/4800 4547/4801
f 4547/4801 4549/4800 4550/4802
f 4536/4788 4551/4803 4537/4789
f 4537/4789 4551/4803 4552/4804
f 4537/4789 4552/4804 4538/4790
f 4538/4790 4552/4804 4553/4805
f 4554/4806 4539/4791 4556/4807
f 4556/4807 4539/4791 4555/4808
f 4557/4809 4540/4792 4554/4806
f 4554/4806 4540/4792 4539/4791
f 4559/4810 4557/4809 4558/4811
f 4558/4811 4557/4809 4560/4812
f 4540/4792 4557/4809 4541/4794
f 4541/4794 4557/4809 4559/4810
f 4562/4813 4563/4814 4561/4815
f 4561/4815 4563/4814 4564/4816
f 4546/4798 4565/4817 4543/4797
f 4543/4797 4565/4817 4566/4818
f 4547/4801 4567/4819 4548/4799
f 4548/4799 4567/4819 4568/4820
f 4570/4821 4571/4822 4569/4823
f 4569/4823 4571/4822 4572/4824
f 4574/4825 4575/4826 4573/4827
f 4573/4827 4575/4826 4576/4828
f 4578/4829 4579/4830 4577/4831
f 4577/4831 4579/4830 4580/4832
f 4582/4833 4583/4834 4581/4835
f 4581/4835 4583/4834 4584/4836
f 4585/4837 4586/4838 4588/4839
f 4588/4839 4586/4838 4587/4840
f 4589/4841 4585/4837 4590/4842
f 4590/4842 4585/4837 4588/4839
f 4592/4843 4593/4844 4591/4845
f 4591/4845 4593/4844 4594/4846
f 4596/4847 4597/4848 4595/4849
f 4595/4849 4597/4848 4598/4850
f 4600/4851 4601/4852 4599/4853
f 4599/4853 4601/4852 4602/4854
f 4563/4814 4604/4855 4603/4856
f 4603/4856 4604/4855 4605/4857
f 4603/4856 4606/4858 4608/4859
f 4608/4859 4606/4858 4607/4860
f 4609/4861 4610/4862 4594/4846
f 4594/4846 4610/4862 4591/4845
f 4611/4863 4612/4864 4614/4865
f 4614/4865 4612/4864 4613/4866
f 4616/4867 4617/4868 4615/4869
f 4615/4869 4617/4868 4618/4870
f 4602/4854 4620/4871 4619/4872
f 4619/4872 4620/4871 4621/4873
f 4619/4872 4622/4874 4602/4854
f 4602/4854 4622/4874 4599/4853
f 4605/4857 4599/4853 4623/4875
f 4623/4875 4599/4853 4622/4874
f 4605/4857 4623/4875 4603/4856
f 4603/4856 4623/4875 4606/4858
f 4625/4876 4626/4877 4624/4878
f 4624/4878 4626/4877 4627/4879
f 4438/4689 4437/4688 4628/4880
f 4628/4880 4437/4688 4629/4881
f 4442/4693 4441/4692 4630/4882
f 4630/4882 4441/4692 4631/4883
f 4630/4882 4632/4884 4442/4693
f 4442/4693 4632/4884 4514/4767
f 4633/4885 4634/4886 4529/4781
f 4529/4781 4634/4886 4500/4752
f 4500/4752 4634/4886 4501/4753
f 4501/4753 4634/4886 4635/4887
f 4637/4888 4546/4798 4636/4889
f 4636/4889 4546/4798 4545/4796
f 4639/4890 4565/4817 4638/4891
f 4638/4891 4565/4817 4640/4892
f 4573/4827 4576/4828 4641/4893
f 4641/4893 4576/4828 4642/4894
f 4593/4844 4643/4895 4594/4846
f 4594/4846 4643/4895 4644/4896
f 4645/4897 4609/4861 4644/4896
f 4644/4896 4609/4861 4594/4846
f 4647/4898 4648/4899 4646/4900
f 4646/4900 4648/4899 4649/4901
f 4651/4902 4652/4903 4650/4904
f 4650/4904 4652/4903 4653/4905
f 4654/4906 4498/4750 4519/4770
f 4519/4770 4498/4750 4532/4785
f 4520/4773 4508/4760 4521/4772
f 4521/4772 4508/4760 4511/4763
f 4522/4774 4510/4762 4523/4775
f 4523/4775 4510/4762 4655/4907
f 4524/4776 4656/4908 4525/4777
f 4525/4777 4656/4908 4657/4909
f 4514/4767 4529/4781 4515/4766
f 4515/4766 4529/4781 4528/4780
f 4658/4910 4659/4911 4661/4912
f 4661/4912 4659/4911 4660/4913
f 4496/4748 4540/4792 4499/4751
f 4499/4751 4540/4792 4541/4794
f 4493/4745 4555/4808 4494/4746
f 4494/4746 4555/4808 4539/4791
f 4549/4800 4483/4734 4550/4802
f 4550/4802 4483/4734 4482/4736
f 4545/4796 4544/4795 4501/4753
f 4501/4753 4544/4795 4502/4755
f 4636/4889 4545/4796 4635/4887
f 4635/4887 4545/4796 4501/4753
f 4589/4841 4663/4914 4662/4915
f 4662/4915 4663/4914 4664/4916
f 4662/4915 4665/4917 4558/4811
f 4558/4811 4665/4917 4559/4810
f 4569/4823 4586/4838 4570/4821
f 4570/4821 4586/4838 4560/4812
f 4552/4804 4666/4918 4553/4805
f 4553/4805 4666/4918 4667/4919
f 4668/4920 4669/4921 4670/4922
f 4670/4922 4669/4921 4666/4918
f 4672/4923 4673/4924 4671/4925
f 4671/4925 4673/4924 4674/4926
f 4287/4534 4675/4927 4288/4536
f 4288/4536 4675/4927 4676/4928
f 4678/4929 4679/4930 4677/4931
f 4677/4931 4679/4930 4680/4932
f 4681/4933 4678/4929 4682/4934
f 4682/4934 4678/4929 4677/4931
f 4682/4934 4683/4935 4681/4933
f 4681/4933 4683/4935 4684/4936
f 4161/4409 4164/4411 4685/4937
f 4685/4937 4164/4411 4686/4938
f 4414/4667 4687/4939 4689/4940
f 4689/4940 4687/4939 4688/4941
f 4405/4657 4690/4942 4346/4597
f 4346/4597 4690/4942 4347/4598
f 4691/4943 4399/4653 4693/4944
f 4693/4944 4399/4653 4692/4945
f 1209/1215 4694/4946 4365/4619
f 4365/4619 4694/4946 4366/4617
f 4650/4904 1211/1217 4651/4902
f 4651/4902 1211/1217 1210/1216
f 4695/4947 4696/4948 4255/4502
f 4255/4502 4696/4948 4256/4503
f 4697/4949 4698/4950 4218/4466
f 4218/4466 4698/4950 4215/4465
f 4700/4951 4701/4952 4699/4953
f 4699/4953 4701/4952 4702/4954
f 4703/4955 4704/4956 4303/4551
f 4303/4551 4704/4956 4300/4550
f 4315/4565 3922/4162 4316/4566
f 4316/4566 3922/4162 3945/4190
f 4653/4905 4706/4957 4705/4958
f 4705/4958 4706/4957 4707/4959
f 4709/4960 4710/4961 4708/4962
f 4708/4962 4710/4961 4711/4963
f 4335/4587 4334/4586 4713/4964
f 4713/4964 4334/4586 4712/4965
f 4714/4966 4340/4591 4321/4572
f 4321/4572 4340/4591 4322/4574
f 4716/4967 4717/4968 4715/4969
f 4715/4969 4717/4968 4718/4970
f 4238/4488 4241/4489 4719/4971
f 4719/4971 4241/4489 4720/4972
f 4231/4481 4721/4973 4307/4556
f 4307/4556 4721/4973 4308/4558
f 4723/4974 4724/4975 4722/4976
f 4722/4976 4724/4975 4725/4977
f 4727/4978 4728/4979 4726/4980
f 4726/4980 4728/4979 4729/4981
f 4730/4982 4731/4983 4327/4579
f 4327/4579 4731/4983 4328/4580
f 4733/4984 4734/4985 4732/4986
f 4732/4986 4734/4985 4735/4987
f 4720/4972 4381/4633 4736/4988
f 4736/4988 4381/4633 4737/4989
f 4738/4990 4739/4991 4741/4992
f 4741/4992 4739/4991 4740/4993
f 4743/4994 4744/4995 4742/4996
f 4742/4996 4744/4995 4745/4997
f 4338/4592 4390/4642 4339/4590
f 4339/4590 4390/4642 4431/4683
f 4746/4998 4747/4999 4431/4683
f 4431/4683 4747/4999 4339/4590
f 4291/4538 4332/4584 4289/4537
f 4289/4537 4332/4584 4317/4569
f 4289/4537 4209/4457 4291/4538
f 4291/4538 4209/4457 4286/4533
f 4287/4534 4286/4533 4210/4458
f 4210/4458 4286/4533 4209/4457
f 4749/5000 4750/5001 4748/5002
f 4748/5002 4750/5001 4751/5003
f 4212/4459 4284/4532 4752/5004
f 4752/5004 4284/4532 4753/5005
f 4752/5004 4754/5006 4212/4459
f 4212/4459 4754/5006 4213/4460
f 4252/4499 4251/4498 4225/4473
f 4225/4473 4251/4498 4226/4474
f 4227/4477 4230/4478 4248/4497
f 4248/4497 4230/4478 4249/4496
f 4205/4453 4755/5007 4757/5008
f 4757/5008 4755/5007 4756/5009
f 4708/4962 4711/4963 4758/5010
f 4758/5010 4711/4963 4647/4898
f 4367/4618 4366/4617 4759/5011
f 4759/5011 4366/4617 4760/5012
f 4526/4778 4513/4764 4527/4779
f 4527/4779 4513/4764 4512/4765
f 4420/4674 4423/4675 4385/5013
f 4385/5013 4423/4675 4386/5014
f 4705/4958 4761/5015 4653/4905
f 4653/4905 4761/5015 4650/4904
f 4761/5015 1279/1287 4650/4904
f 4650/4904 1279/1287 1211/1217
f 4762/5016 4763/5017 3944/4187
f 3944/4187 4763/5017 3936/4177
f 4274/4522 4273/4521 4765/5018
f 4765/5018 4273/4521 4764/5019
f 4767/5020 4768/5021 4766/5022
f 4766/5022 4768/5021 4769/5023
f 4770/5024 4771/5025 4769/5023
f 4769/5023 4771/5025 4766/5022
f 4771/5025 4770/5024 4242/4490
f 4242/4490 4770/5024 4243/4491
f 4093/4340 4163/4412 4094/4342
f 4094/4342 4163/4412 4162/4410
f 4772/5026 4773/5027 4775/5028
f 4775/5028 4773/5027 4774/5029
f 4777/5030 4778/5031 4776/5032
f 4776/5032 4778/5031 4779/5033
f 4417/4669 4185/4433 4182/4430
f 4182/4430 4185/4433 4184/4432
f 4780/5034 4078/4325 4781/5035
f 4781/5035 4078/4325 4077/4327
f 4781/5035 4077/4327 4782/5036
f 4782/5036 4077/4327 4189/4437
f 4188/4436 4783/5037 4189/4437
f 4189/4437 4783/5037 4782/5036
f 4295/4557 4232/4479 4307/4556
f 4307/4556 4232/4479 4231/4481
f 4785/5038 4786/5039 4784/5040
f 4784/5040 4786/5039 4787/5041
f 4784/5040 1307/5042 4785/5038
f 4785/5038 1307/5042 1306/5043
f 4078/4325 4780/5034 4096/4343
f 4096/4343 4780/5034 4097/4344
f 4075/4324 4074/4322 4310/4560
f 4310/4560 4074/4322 4788/5044
f 4788/5044 4074/4322 4789/5045
f 4789/5045 4074/4322 4191/4439
f 4789/5045 4191/4439 4059/4309
f 4059/4309 4191/4439 4790/5046
f 4791/5047 4277/4525 4792/5048
f 4792/5048 4277/4525 4278/4526
f 3732/3964 3735/3967 4793/5049
f 4793/5050 3735/4188 4313/4563
f 4793/5049 4794/5051 3732/3964
f 3732/3964 4794/5051 3731/3963
f 4792/5048 4795/5052 4791/5047
f 4791/5047 4795/5052 4796/5053
f 4797/5054 4798/5055 4799/5056
f 4799/5056 4798/5055 4724/4975
f 4763/5017 4800/5057 3936/4177
f 3936/4177 4800/5057 3935/4176
f 4801/5058 4062/4310 3729/3962
f 3729/3962 4062/4310 3730/3961
f 4713/4964 4712/4965 4802/5059
f 4802/5059 4712/4965 4803/5060
f 4146/4394 4804/5061 4119/4369
f 4119/4369 4804/5061 4805/5062
f 4498/4750 4654/4906 4497/4749
f 4497/4749 4654/4906 4520/4773
f 4806/5063 4807/5064 1326/1337
f 1326/1337 4807/5064 1327/1335
f 4689/4940 4688/4941 1330/1340
f 1330/1340 4688/4941 1331/1339
f 4801/5058 4789/5045 4062/4310
f 4062/4310 4789/5045 4059/4309
f 3730/3961 4062/4310 4808/5065
f 4808/5065 4062/4310 4061/4308
f 4810/5066 4811/5067 4809/5068
f 4809/5068 4811/5067 4812/5069
f 4813/5070 4403/4655 4814/5071
f 4814/5071 4403/4655 4345/4599
f 4815/5072 4816/5073 4349/4603
f 4349/4603 4816/5073 4350/4601
f 4817/5074 4818/5075 4820/5076
f 4820/5076 4818/5075 4819/5077
f 4406/4658 4821/5078 4407/4659
f 4407/4659 4821/5078 4822/5079
f 4823/5080 4161/4409 4824/5081
f 4824/5081 4161/4409 4685/4937
f 4181/4429 4414/4667 4825/5082
f 4825/5082 4414/4667 4689/4940
f 4741/4992 4740/4993 4826/5083
f 4826/5083 4740/4993 4827/5084
f 4828/5085 4829/5086 4827/5084
f 4827/5084 4829/5086 4826/5083
f 4142/4390 4141/4389 4415/4666
f 4415/4666 4141/4389 4148/4395
f 4830/5087 1354/1363 4761/5015
f 4761/5015 1354/1363 1279/1287
f 4832/5088 4833/5089 4831/5090
f 4831/5090 4833/5089 4834/5091
f 4835/5092 4836/5093 4626/4877
f 4626/4877 4836/5093 4421/4672
f 4451/4703 4709/4960 4395/4649
f 4395/4649 4709/4960 4708/4962
f 4627/4879 4420/4674 4837/5094
f 4837/5094 4420/4674 4385/5013
f 4837/5094 1365/1373 4838/5095
f 4838/5095 1365/1373 1364/1372
f 4397/4648 4396/4647 4839/5096
f 4839/5096 4396/4647 4840/5097
f 4842/5098 4628/4880 4841/5099
f 4841/5099 4628/4880 4629/4881
f 4671/4925 4674/4926 4631/4883
f 4631/4883 4674/4926 4630/4882
f 4674/4926 4659/4911 4630/4882
f 4630/4882 4659/4911 4632/4884
f 4633/4885 4632/4884 4658/4910
f 4658/4910 4632/4884 4659/4911
f 4658/4910 4504/4758 4633/4885
f 4633/4885 4504/4758 4634/4886
f 4635/4887 4634/4886 4507/4759
f 4507/4759 4634/4886 4504/4758
f 4843/5100 4636/4889 4507/4759
f 4507/4759 4636/4889 4635/4887
f 4844/5101 4637/4888 4843/5100
f 4843/5100 4637/4888 4636/4889
f 4637/4888 4844/5101 4640/4892
f 4640/4892 4844/5101 4664/4916
f 4638/4891 4663/4914 4642/4894
f 4642/4894 4663/4914 4845/5102
f 4847/5103 4643/4895 4846/5104
f 4846/5104 4643/4895 4641/4893
f 4644/4896 4848/5105 4645/4897
f 4645/4897 4848/5105 4849/5106
f 4851/5107 4852/5108 4850/5109
f 4850/5109 4852/5108 4853/5110
f 4855/5111 4856/5112 4854/5113
f 4854/5113 4856/5112 4857/5114
f 4859/5115 4860/5116 4858/5117
f 4858/5117 4860/5116 4857/5114
f 4715/4969 4718/4970 4859/5115
f 4859/5115 4718/4970 4860/5116
f 4862/5118 4863/5119 4861/5120
f 4861/5120 4863/5119 4864/5121
f 4866/5122 4867/5123 4865/5124
f 4865/5124 4867/5123 4868/5125
f 4870/5126 4871/5127 4869/5128
f 4869/5128 4871/5127 4872/5129
f 4869/5128 4872/5129 4116/4363
f 4116/4363 4872/5129 4117/4364
f 4820/5076 4819/5077 4874/5130
f 4874/5130 4819/5077 4873/5131
f 4876/5132 4877/5133 4875/5134
f 4875/5134 4877/5133 4878/5135
f 4880/5136 4881/5137 4879/5138
f 4879/5138 4881/5137 4882/5139
f 4884/5140 4885/5141 4883/5142
f 4883/5142 4885/5141 4886/5143
f 4887/5144 4888/5145 4280/4527
f 4280/4527 4888/5145 4281/4528
f 4818/5075 4817/5074 4889/5146
f 4889/5146 4817/5074 4890/5147
f 4891/5148 4193/4440 4823/5080
f 4823/5080 4193/4440 4192/4441
f 4892/5149 4893/5150 4228/4475
f 4228/4475 4893/5150 4229/4476
f 4158/4406 4157/4405 4894/5151
f 4894/5151 4157/4405 4895/5152
f 4896/5153 4897/5154 4132/4379
f 4132/4379 4897/5154 4133/4380
f 4099/4349 4683/4935 4100/4347
f 4100/4347 4683/4935 4682/4934
f 4101/4348 4100/4347 4899/5155
f 4899/5155 4100/4347 4898/5156
f 4150/4398 4106/4353 4147/4397
f 4147/4397 4106/4353 4900/5157
f 4100/4347 4682/4934 4898/5156
f 4898/5156 4682/4934 4677/4931
f 4080/4328 4082/4329 4187/4435
f 4187/4435 4082/4329 4184/4432
f 4077/4327 4080/4328 4189/4437
f 4189/4437 4080/4328 4187/4435
f 4191/4439 4190/4438 4790/5046
f 4790/5046 4190/4438 4901/5158
f 4177/4426 4158/4406 4680/4932
f 4680/4932 4158/4406 4894/5151
f 4108/4355 4136/4383 4752/5004
f 4752/5004 4136/4383 4754/5006
f 4752/5004 4753/5005 4108/4355
f 4108/4355 4753/5005 4109/4356
f 4817/5074 4902/5159 4890/5147
f 4890/5147 4902/5159 4903/5160
f 4904/5161 4905/5162 4907/5163
f 4907/5163 4905/5162 4906/5164
f 4909/5165 4910/5166 4908/5167
f 4908/5167 4910/5166 4911/5168
f 4913/5169 4914/5170 4912/5171
f 4912/5171 4914/5170 4915/5172
f 4916/5173 4917/5174 4919/5175
f 4919/5175 4917/5174 4918/5176
f 4312/4561 4424/4676 4299/4547
f 4299/4547 4424/4676 4304/4552
f 4920/5177 4921/5178 4297/4544
f 4297/4544 4921/5178 4298/4545
f 4194/4442 4922/5179 4167/4416
f 4167/4416 4922/5179 4923/5180
f 4924/5181 4400/4651 4691/4943
f 4691/4943 4400/4651 4399/4653
f 4395/4649 4708/4962 4396/4647
f 4396/4647 4708/4962 4758/5010
f 4367/4618 4925/5182 4368/4620
f 4368/4620 4925/5182 4926/5183
f 4919/5184 4918/5185 4873/5131
f 4873/5131 4918/5185 4874/5130
f 4836/5093 4927/5186 4421/4672
f 4421/4672 4927/5186 4422/4673
f 4921/5178 4928/5187 4298/4545
f 4298/4545 4928/5187 4311/4562
f 4143/4393 4146/4394 4122/4370
f 4122/4370 4146/4394 4119/4369
f 4929/5188 4930/5189 4455/4707
f 4455/4707 4930/5189 4452/4706
f 4932/5190 4933/5191 4931/5192
f 4931/5192 4933/5191 4934/5193
f 4935/5194 4936/5195 4932/5190
f 4932/5190 4936/5195 4933/5191
f 4461/4713 4460/4712 4457/4708
f 4457/4708 4460/4712 4458/4709
f 4480/4731 4479/4730 4475/5196
f 4475/5196 4479/4730 4476/5197
f 4660/4913 4673/4924 4517/4769
f 4517/4769 4673/4924 4937/5198
f 4661/4912 4505/4756 4658/4910
f 4658/4910 4505/4756 4504/4758
f 4484/4735 4483/4734 4489/5199
f 4489/5199 4483/4734 4486/5200
f 4462/4716 4509/4761 4463/4714
f 4463/4714 4509/4761 4518/4771
f 4469/4721 4511/4763 4466/4718
f 4466/4718 4511/4763 4508/4760
f 4655/4907 4473/4725 4656/4908
f 4656/4908 4473/4725 4477/4729
f 4476/4727 4657/4909 4477/4729
f 4477/4729 4657/4909 4656/4908
f 4479/4730 4513/4764 4476/5197
f 4476/5197 4513/4764 4657/5201
f 4489/5199 4525/5202 4484/4735
f 4484/4735 4525/5202 4526/4778
f 4483/4734 4549/4800 4486/5200
f 4486/5200 4549/4800 4536/5203
f 4549/4800 4548/4799 4536/5203
f 4536/5203 4548/4799 4551/5204
f 4548/4799 4568/4820 4551/5204
f 4551/5204 4568/4820 4670/5205
f 4663/4914 4589/4841 4845/5102
f 4845/5102 4589/4841 4590/4842
f 4668/5206 4577/4831 4938/5207
f 4938/5207 4577/4831 4580/4832
f 4940/5208 4938/5209 4939/5210
f 4939/5210 4938/5209 4941/5211
f 4940/5208 4942/5212 4669/4921
f 4669/4921 4942/5212 4943/5213
f 4587/4840 4582/4833 4944/5214
f 4944/5214 4582/4833 4581/4835
f 4848/5105 4847/5103 4608/4859
f 4608/4859 4847/5103 4564/4816
f 4616/5215 4945/5216 4613/4866
f 4613/4866 4945/5216 4598/4850
f 4615/4869 4946/5217 4616/4867
f 4616/4867 4946/5217 4945/5218
f 4947/5219 4939/5210 4948/5220
f 4948/5220 4939/5210 4946/5217
f 4599/4853 4605/4857 4600/4851
f 4600/4851 4605/4857 4604/4855
f 4608/4859 4607/4860 4848/5105
f 4848/5105 4607/4860 4849/5106
f 4613/4866 4612/4864 4616/5215
f 4616/5215 4612/4864 4617/5221
f 4835/5092 4949/5222 4709/4960
f 4709/4960 4949/5222 4710/4961
f 4357/5223 1477/1502 4837/5094
f 4837/5094 1477/1502 1365/1373
f 4712/4965 4950/5224 4803/5060
f 4803/5060 4950/5224 4951/5225
f 4401/4652 4952/5226 4402/4654
f 4402/4654 4952/5226 4953/5227
f 4759/5011 4760/5012 4402/4654
f 4402/4654 4760/5012 4399/4653
f 4508/4760 4520/4773 4509/4761
f 4509/4761 4520/4773 4654/4906
f 4510/4762 4522/4774 4511/4763
f 4511/4763 4522/4774 4521/4772
f 4513/4764 4526/4778 4657/5201
f 4657/5201 4526/4778 4525/5202
f 4632/4884 4633/4885 4514/4767
f 4514/4767 4633/4885 4529/4781
f 4931/5228 4934/5229 4453/4704
f 4453/4704 4934/5229 4454/4705
f 4153/4400 4954/5230 4154/4402
f 4154/4402 4954/5230 4955/5231
f 4957/5232 4958/5233 4956/5234
f 4956/5234 4958/5233 4959/5235
f 4961/5236 4962/5237 4960/5238
f 4960/5238 4962/5237 4963/5239
f 4120/4367 4964/5240 4210/4458
f 4210/4458 4964/5240 4965/5241
f 4967/5242 4968/5243 4966/5244
f 4966/5244 4968/5243 4969/5245
f 4349/4603 4692/4945 4815/5072
f 4815/5072 4692/4945 4970/5246
f 4652/4903 4971/5247 4653/4905
f 4653/4905 4971/5247 4706/4957
f 4758/5010 4647/4898 4972/5248
f 4972/5248 4647/4898 4646/4900
f 4973/5249 4363/4614 4646/4900
f 4646/4900 4363/4614 4972/5248
f 4950/5224 4360/4612 4974/5250
f 4974/5250 4360/4612 4364/4616
f 4431/4683 4335/4587 4746/4998
f 4746/4998 4335/4587 4713/4964
f 4358/4610 4714/4966 4325/4576
f 4325/4576 4714/4966 4321/4572
f 4765/5018 4764/5019 4266/4516
f 4266/4516 4764/5019 4975/5251
f 4202/4450 4976/5252 4203/4452
f 4203/4452 4976/5252 4977/5253
f 4917/5174 4978/5254 4918/5176
f 4918/5176 4978/5254 4979/5255
f 4279/4529 4282/4530 4854/5113
f 4854/5113 4282/4530 4269/4517
f 4820/5076 4880/5136 4817/5074
f 4817/5074 4880/5136 4902/5159
f 4890/5147 4903/5160 4980/5256
f 4980/5256 4903/5160 4886/5143
f 4982/5257 4983/5258 4981/5259
f 4981/5259 4983/5258 4123/4371
f 4795/5260 4851/5107 4796/5261
f 4796/5261 4851/5107 4850/5109
f 4918/5185 4979/5262 4874/5130
f 4874/5130 4979/5262 4881/5137
f 4809/5068 4404/4656 4810/5066
f 4810/5066 4404/4656 4403/4655
f 4354/4605 4985/5263 4984/5264
f 4984/5264 4985/5263 4986/5265
f 1364/1372 1516/1547 4838/5095
f 4838/5095 1516/1547 4987/5266
f 4759/5011 4988/5267 4367/4618
f 4367/4618 4988/5267 4925/5182
f 4989/5268 4990/5269 4481/4733
f 4481/4733 4990/5269 4478/4732
f 4443/4695 4515/4766 4990/5269
f 4990/5269 4515/4766 4991/5270
f 4527/4779 4512/4765 4992/5271
f 4992/5271 4512/4765 4991/5270
f 4528/4780 4503/4754 4992/5271
f 4992/5271 4503/4754 4993/5272
f 4993/5272 4994/5273 4485/4737
f 4485/4737 4994/5273 4482/4736
f 4544/4795 4995/5274 4502/4755
f 4502/4755 4995/5274 4994/5273
f 4995/5274 4996/5275 4550/4802
f 4550/4802 4996/5275 4547/4801
f 4998/5276 4999/5277 4997/5278
f 4997/5278 4999/5277 4566/4818
f 4998/5276 5000/5279 4578/4829
f 4578/4829 5000/5279 4579/4830
f 5001/5280 5002/5281 4596/4847
f 4596/4847 5002/5281 4597/4848
f 5003/5282 4591/4845 5004/5283
f 5004/5283 4591/4845 4610/4862
f 4626/4877 4421/4672 4627/4879
f 4627/4879 4421/4672 4420/4674
f 4837/5094 4838/5095 4627/4879
f 4627/4879 4838/5095 4624/4878
f 4761/5015 4705/4958 4830/5087
f 4830/5087 4705/4958 5005/5284
f 4705/4958 4707/4959 5005/5284
f 5005/5284 4707/4959 5006/5285
f 4308/4558 4721/4973 4075/4324
f 4075/4324 4721/4973 4076/4323
f 5007/5286 4200/4448 4797/5054
f 4797/5054 4200/4448 4798/5055
f 4685/4937 4686/4938 5008/5287
f 5008/5287 4686/4938 5009/5288
f 4889/5146 4890/5147 5010/5289
f 5010/5289 4890/5147 4980/5256
f 4323/4577 1541/5290 4324/4575
f 4324/4575 1541/5290 1540/5291
f 4385/4636 4384/4638 4358/4610
f 4358/4610 4384/4638 4714/4966
f 4396/4647 4758/5010 4840/5097
f 4840/5097 4758/5010 4972/5248
f 4866/5122 4852/5108 5011/5292
f 5011/5292 4852/5108 5012/5293
f 5013/5294 4260/4507 4980/5256
f 4980/5256 4260/4507 5010/5289
f 4875/5134 4878/5135 5014/5295
f 5014/5295 4878/5135 5015/5296
f 5017/7404 5018/5298 5016/5299
f 5016/5299 5018/5298 5019/5300
f 5016/5299 5019/5300 5020/5301
f 5020/5301 5019/5300 5021/5302
f 5023/5303 5024/5304 5022/5305
f 5022/5305 5024/5304 5025/5306
f 5027/5307 5028/5308 5026/5309
f 5026/5309 5028/5308 5029/5310
f 5031/5311 5032/5312 5030/5313
f 5030/5313 5032/5312 5033/5314
f 5035/5315 5036/5316 5034/5317
f 5034/5317 5036/5316 5037/5318
f 5039/5319 5040/5320 5038/5321
f 5038/5321 5040/5320 5041/7398
f 5043/5323 5044/5324 5042/5325
f 5042/5325 5044/5324 5045/5326
f 5038/5321 5046/5327 5039/5319
f 5039/5319 5046/5327 5047/5328
f 5049/5329 5050/5330 5048/5331
f 5048/5331 5050/5330 5051/5332
f 5053/5333 5054/5334 5052/5335
f 5052/5335 5054/5334 5055/5336
f 5057/5337 5024/5304 5056/5338
f 5056/5338 5024/5304 5058/5339
f 5060/5340 5061/7396 5059/7397
f 5059/5342 5061/5341 5062/5343
f 5064/5344 5065/5345 5063/5346
f 5063/5346 5065/5345 5066/5347
f 5043/5323 5050/5330 5064/5344
f 5064/5344 5050/5330 5065/5345
f 5038/5321 5041/7398 5067/7399
f 5067/5348 5041/5322 5068/5349
f 5070/5350 5071/5351 5069/5352
f 5069/5352 5071/5351 5072/5353
f 5074/5354 5075/5355 5073/5356
f 5073/5356 5075/5355 5076/5357
f 5034/5317 5077/5358 5035/5315
f 5035/5315 5077/5358 5078/5359
f 5080/5360 5081/5361 5079/5362
f 5079/5362 5081/5361 5082/5363
f 5084/5364 5085/5365 5083/5366
f 5083/5366 5085/5365 5086/5367
f 5085/5368 5084/5369 5087/5370
f 5087/5370 5084/5369 5088/5371
f 5090/5372 5091/5373 5089/5374
f 5089/5374 5091/5373 5092/5375
f 5094/5376 5095/5377 5093/5378
f 5093/5378 5095/5377 5096/5379
f 5098/5380 5099/5381 5097/5382
f 5097/5382 5099/5381 5100/5383
f 5102/5384 5103/5385 5101/5386
f 5101/5386 5103/5385 5104/5387
f 5105/5388 5106/5389 5108/5390
f 5108/5390 5106/5389 5107/5391
f 5110/5392 5111/5393 5109/5394
f 5109/5394 5111/5393 5112/5395
f 5114/5396 5094/5376 5113/5397
f 5113/5397 5094/5376 5093/5378
f 5116/5398 5117/5399 5115/5400
f 5115/5400 5117/5399 5118/5401
f 5120/5402 5121/5403 5119/5404
f 5119/5404 5121/5403 5122/5405
f 5124/5406 5125/5407 5123/5408
f 5123/5408 5125/5407 5126/5409
f 5128/5410 5129/5411 5127/5412
f 5127/5412 5129/5411 5130/5413
f 5097/5382 5131/5414 5098/5380
f 5098/5380 5131/5414 5132/5415
f 5134/5416 5135/5417 5133/5418
f 5133/5418 5135/5417 5122/5405
f 5084/5369 5125/5419 5088/5371
f 5088/5371 5125/5419 5136/5420
f 5138/5421 5139/5422 5137/5423
f 5137/5423 5139/5422 5140/5424
f 5142/5425 5102/5384 5141/5426
f 5141/5426 5102/5384 5101/5386
f 5106/5389 5143/5427 5107/5391
f 5107/5391 5143/5427 5144/5428
f 5146/5429 5147/5430 5145/5431
f 5145/5431 5147/5430 5148/5432
f 5149/5433 5150/5434 5109/5394
f 5109/5394 5150/5434 5110/5392
f 5151/5435 5110/5436 5152/5437
f 5152/5437 5110/5436 5150/5438
f 4715/4969 5140/5424 4716/4967
f 4716/4967 5140/5424 5139/5422
f 5143/5427 4870/5126 5144/5428
f 5144/5428 4870/5126 4869/5128
f 4115/4365 5146/5429 4116/4363
f 4116/4363 5146/5429 5145/5431
f 4791/5047 4796/5053 5149/5433
f 5149/5433 4796/5053 5150/5434
f 4796/5261 4850/5109 5150/5438
f 5150/5438 4850/5109 5152/5437
f 4858/5117 5142/5425 4859/5115
f 4859/5115 5142/5425 5141/5426
f 5153/5439 5154/5440 5115/5400
f 5115/5400 5154/5440 5105/5388
f 5156/5441 5157/5442 5155/5443
f 5155/5443 5157/5442 5158/5444
f 5159/5445 5160/5446 5053/5333
f 5053/5333 5160/5446 5054/5334
f 5161/5447 5162/5448 5020/5301
f 5020/5301 5162/5448 5068/5349
f 5026/5309 5029/5310 5163/5449
f 5163/5449 5029/5310 5021/5302
f 5083/5366 5086/5367 5164/5450
f 5164/5450 5086/5367 5165/5451
f 5090/5372 5167/5452 5166/5453
f 5166/5453 5167/5452 5168/5454
f 5169/5455 5170/5456 5172/5457
f 5172/5457 5170/5456 5171/5458
f 5174/5459 5175/5460 5173/5461
f 5173/5461 5175/5460 5176/5462
f 5177/5463 5109/5394 5178/5464
f 5178/5464 5109/5394 5112/5395
f 5179/5465 5180/5466 5182/5467
f 5182/5467 5180/5466 5181/5468
f 5123/5408 5126/5409 5120/5402
f 5120/5402 5126/5409 5121/5403
f 5180/5466 5167/5452 5181/5468
f 5181/5468 5167/5452 5183/5469
f 5184/5470 5185/5471 5179/5465
f 5179/5465 5185/5471 5180/5466
f 5186/5472 5149/5433 5177/5463
f 5177/5463 5149/5433 5109/5394
f 4868/5125 5184/5470 4865/5124
f 4865/5124 5184/5470 5179/5465
f 5188/5473 5189/5474 5187/5475
f 5187/5475 5189/5474 5190/5476
f 4277/4525 4791/5047 5186/5472
f 5186/5472 4791/5047 5149/5433
f 5179/5465 5182/5467 4865/5124
f 4865/5124 5182/5467 4853/5110
f 5189/5474 4862/5118 5190/5476
f 5190/5476 4862/5118 4861/5120
f 5156/5441 5075/5355 5191/5477
f 5191/5477 5075/5355 5192/5478
f 5036/5316 5035/5315 5193/5479
f 5193/5479 5035/5315 5194/5480
f 5115/5400 5118/5401 5153/5439
f 5153/5439 5118/5401 5195/5481
f 5022/5305 5025/5306 5196/5482
f 5196/5482 5025/5306 5197/5483
f 5155/5443 5158/5444 5069/5352
f 5069/5352 5158/5444 5062/5343
f 5063/5346 5066/5347 5198/5484
f 5198/5484 5066/5347 5199/5485
f 5073/5356 5076/5357 5200/5486
f 5200/5486 5076/5357 5072/5353
f 5202/5487 5131/5414 5201/5488
f 5201/5488 5131/5414 5203/5489
f 5143/5427 5106/5389 5204/5490
f 5204/5490 5106/5389 5205/5491
f 5114/5396 5113/5397 5206/5492
f 5206/5492 5113/5397 5127/5412
f 5098/5380 5132/5415 5193/5479
f 5193/5479 5132/5415 5195/5481
f 5204/5490 5207/5493 5143/5427
f 5143/5427 5207/5493 4870/5126
f 5088/5371 5136/5420 5208/5494
f 5208/5494 5136/5420 5092/5375
f 5209/5495 5210/5496 5089/5374
f 5089/5374 5210/5496 5183/5469
f 5211/5497 5018/5298 5060/5340
f 5060/5340 5018/5298 5061/7396
f 5017/5297 5040/5320 5070/5350
f 5070/5350 5040/5320 5071/5351
f 5191/5477 5160/5446 5156/5441
f 5156/5441 5160/5446 5157/5442
f 5048/5331 5028/5308 5049/5329
f 5049/5329 5028/5308 5058/5339
f 5207/5493 5204/5490 4858/5117
f 4858/5117 5204/5490 5142/5425
f 4859/5115 5141/5426 4715/4969
f 4715/4969 5141/5426 5140/5424
f 5212/5498 5162/5448 5042/5325
f 5042/5325 5162/5448 5051/5332
f 5182/5467 5152/5437 4853/5110
f 4853/5110 5152/5437 4850/5109
f 5214/5499 5134/5416 5213/5500
f 5213/5500 5134/5416 5133/5418
f 5164/5450 5165/5451 5133/5418
f 5133/5418 5165/5451 5213/5500
f 5215/5501 5216/5502 5201/5488
f 5201/5488 5216/5502 5217/5503
f 5147/5430 5218/5504 5148/5432
f 5148/5432 5218/5504 5219/5505
f 5147/5430 5177/5463 5218/5504
f 5218/5504 5177/5463 5178/5464
f 5141/5426 5101/5386 5140/5424
f 5140/5424 5101/5386 5137/5423
f 5201/5488 5217/5503 5202/5487
f 5202/5487 5217/5503 5104/5387
f 5146/5429 5186/5472 5147/5430
f 5147/5430 5186/5472 5177/5463
f 4277/4525 5186/5472 4115/4365
f 4115/4365 5186/5472 5146/5429
f 5191/5477 5192/5478 5031/5311
f 5031/5311 5192/5478 5032/5312
f 5052/5335 5055/5336 5220/5506
f 5220/5506 5055/5336 5197/5483
f 4116/4363 5145/5431 4869/5128
f 4869/5128 5145/5431 5144/5428
f 5034/5317 5037/5318 5214/5499
f 5214/5499 5037/5318 5134/5416
f 5097/5382 5100/5383 5114/5396
f 5114/5396 5100/5383 5094/5376
f 5108/5390 5107/5391 5219/5505
f 5219/5505 5107/5391 5148/5432
f 5221/5507 5135/5417 5116/5398
f 5116/5398 5135/5417 5117/5399
f 5124/5508 5111/5509 5209/5495
f 5209/5495 5111/5509 5210/5496
f 5107/5391 5144/5428 5148/5432
f 5148/5432 5144/5428 5145/5431
f 5152/5437 5182/5467 5151/5435
f 5151/5435 5182/5467 5181/5468
f 5208/5494 5222/5510 5088/5371
f 5088/5371 5222/5510 5087/5370
f 5222/5510 5208/5494 5171/5458
f 5171/5458 5208/5494 5172/5457
f 5223/5511 1756/5512 4698/4950
f 4698/4950 1756/5512 1755/5513
f 4427/4679 5224/5514 4107/4357
f 4107/4357 5224/5514 4135/4384
f 4178/4425 4679/4930 5225/5515
f 5225/5515 4679/4930 5226/5516
f 5227/5517 5228/5518 4892/5149
f 4892/5149 5228/5518 4893/5150
f 5229/5519 5230/5520 4171/4420
f 4171/4420 5230/5520 4172/4419
f 4855/5111 4268/4515 4884/5140
f 4884/5140 4268/4515 4885/5141
f 4884/5140 4871/5127 4855/5111
f 4855/5111 4871/5127 4856/5112
f 4684/4936 5231/5521 4896/5153
f 4896/5153 5231/5521 4897/5154
f 4768/5021 4767/5020 5009/5288
f 5009/5288 4767/5020 5008/5287
f 5205/5491 5154/5440 5102/5384
f 5102/5384 5154/5440 5103/5385
f 5099/5381 5098/5380 5194/5480
f 5194/5480 5098/5380 5193/5479
f 5198/5484 5199/5485 5079/5362
f 5079/5362 5199/5485 5033/5314
f 5102/5384 5142/5425 5205/5491
f 5205/5491 5142/5425 5204/5490
f 5224/5514 4427/4679 4681/4933
f 4681/4933 4427/4679 4678/4929
f 3712/3944 3711/3943 5232/5522
f 5232/5522 3711/3943 5233/5523
f 3968/4216 3988/4236 3963/4211
f 3963/4211 3988/4236 3964/4212
f 3976/4224 4044/4292 3972/4220
f 3972/4220 4044/4292 3985/4233
f 4038/4286 4037/4285 4036/4284
f 4036/4284 4037/4285 4033/4283
f 4794/5051 4762/5016 3731/3963
f 3731/3963 4762/5016 3944/4187
f 3731/3963 3944/4187 3722/3954
f 3722/3954 3944/4187 3810/4042
f 3874/4108 5234/5524 5232/5522
f 5232/5522 5234/5524 3712/3944
f 3906/4143 3905/4141 3867/4103
f 3867/4103 3905/4141 4011/4260
f 3904/4140 4023/4271 3905/4141
f 3905/4141 4023/4271 4011/4260
f 3719/3953 3722/3954 3811/4043
f 3811/4043 3722/3954 3810/4042
f 3812/4044 3719/3953 3687/3919
f 3687/3919 3719/3953 3811/4043
f 3716/3948 3812/4044 3686/3918
f 3686/3918 3812/4044 3687/3919
f 3713/3947 3716/3948 3685/3917
f 3685/3917 3716/3948 3686/3918
f 4810/5066 4403/4655 5235/5525
f 5235/5525 4403/4655 4813/5070
f 4345/4599 1770/1813 4814/5071
f 4814/5071 1770/1813 1769/1812
f 4067/4315 4066/4314 4058/4305
f 4058/4305 4066/4314 5236/5526
f 4043/4291 4068/4317 4049/4297
f 4049/4297 4068/4317 4050/4298
f 4034/4281 5237/5527 3989/4237
f 3989/4237 5237/5527 3990/4238
f 4031/4279 4030/4278 4072/4320
f 4072/4320 4030/4278 4005/4253
f 4003/4251 4004/4252 4002/4250
f 4002/4250 4004/4252 4032/4280
f 4004/4252 4005/4253 4032/4280
f 4032/4280 4005/4253 4030/4278
f 4067/4315 4064/4312 4068/4317
f 4068/4317 4064/4312 4050/4298
f 4058/4305 4057/4306 4067/4315
f 4067/4315 4057/4306 4064/4312
f 4035/4282 4034/4281 5238/5528
f 5238/5528 4034/4281 3989/4237
f 5236/5526 5239/5529 4058/4305
f 4058/4305 5239/5529 5240/5530
f 5234/5524 3874/4108 5241/5531
f 5241/5531 3874/4108 3873/4106
f 5241/5531 3873/4106 3881/4115
f 3881/4115 3873/4106 3878/4112
f 4800/5057 4763/5017 4788/5044
f 4788/5044 4763/5017 4310/4560
f 4763/5017 4762/5016 4310/4560
f 4310/4560 4762/5016 4309/4559
f 4762/5016 4794/5051 4309/4559
f 4309/4559 4794/5051 4306/4554
f 4794/5051 4793/5049 4306/4554
f 4306/4554 4793/5049 4292/4555
f 4293/4540 4313/4563 4302/4549
f 4302/4549 4313/4563 4314/4564
f 4302/4549 4314/4564 4303/4551
f 4303/4551 4314/4564 4315/4565
f 4303/4551 4315/4565 4703/4955
f 4703/4955 4315/4565 4316/4566
f 4035/4282 4069/4316 4043/4291
f 4043/4291 4069/4316 4068/4317
f 4324/4575 1540/5291 4357/4609
f 4357/5223 1540/1820 1477/1502
f 5232/5522 3987/4235 3874/4108
f 3874/4108 3987/4235 3871/4107
f 3987/4235 5232/5522 4013/4261
f 4013/4261 5232/5522 5233/5523
f 4013/4261 5233/5523 4014/4262
f 4014/4262 5233/5523 5242/5532
f 3888/4122 4015/4263 3865/4099
f 3865/4099 4015/4263 4007/4255
f 3866/4100 4008/4256 5243/5533
f 5243/5533 4008/4256 4016/4264
f 3873/4106 5244/5534 3878/4112
f 3878/4112 5244/5534 3875/4111
f 3965/4213 5244/5534 3872/4105
f 3872/4105 5244/5534 3873/4106
f 3876/4109 3875/4111 3965/4213
f 3965/4213 3875/4111 5244/5534
f 5243/5533 4016/4264 5242/5532
f 5242/5532 4016/4264 4014/4262
f 5246/5535 5247/5536 5245/5537
f 5245/5537 5247/5536 5248/5538
f 3576/3810 3950/4195 3577/3808
f 3577/3808 3950/4195 3926/4167
f 3584/3818 3842/4076 3585/3816
f 3585/3816 3842/4076 3580/3814
f 5249/5539 5247/5536 1784/5540
f 1784/5540 5247/5536 1785/5541
f 5250/5542 5251/5543 5253/5544
f 5253/5544 5251/5543 5252/5545
f 5255/5546 5252/5545 5254/5547
f 5254/5547 5252/5545 5256/5548
f 5254/5547 5256/5548 5258/5549
f 5258/5549 5256/5548 5257/5550
f 5258/5549 5257/5550 5260/5551
f 5260/5551 5257/5550 5259/5552
f 4356/4608 5261/5553 4424/4676
f 4424/4676 5261/5553 5259/5552
f 4355/4606 5262/5554 4356/4608
f 4356/4608 5262/5554 5261/5553
f 4924/5181 5264/5555 5263/5556
f 5263/5556 5264/5555 5265/5557
f 4693/4944 5266/5558 4691/4943
f 4691/4943 5266/5558 5267/5559
f 4351/4602 5268/5560 4352/4604
f 4352/4604 5268/5560 5269/5561
f 1808/1852 1807/1851 4351/4602
f 4351/4602 1807/1851 5268/5560
f 3580/3814 3842/4076 3581/3812
f 3799/4033 3802/4034 3838/4072
f 4800/5057 4788/5044 4801/5058
f 4801/5058 4788/5044 4789/5045
f 3729/3962 3935/4176 4801/5058
f 4801/5058 3935/4176 4800/5057
f 3728/3960 3666/3898 3729/3962
f 3729/3962 3666/3898 3935/4176
f 3728/3960 3798/4030 3666/3898
f 3666/3898 3798/4030 3663/3897
f 3798/4030 3818/4051 3663/3897
f 3663/3897 3818/4051 3809/4041
f 3818/4051 3817/4053 3809/4041
f 3809/4041 3817/4053 3808/4040
f 3796/4028 3655/3887 3817/4053
f 3817/4053 3655/3887 3808/4040
f 3615/3847 3568/3802 3796/4028
f 3796/4028 3568/3802 3655/3887
f 3573/3804 3569/3800 3615/3847
f 3615/3847 3569/3800 3568/3802
f 3572/3806 3613/3845 3573/3804
f 3573/3804 3613/3845 3569/3800
f 3792/4023 3606/3837 3572/3806
f 3572/3806 3606/3837 3613/3845
f 3607/3839 3791/4025 3949/4196
f 3949/4196 3791/4025 3591/3823
f 3590/3821 3950/4195 3591/3823
f 3591/3823 3950/4195 3949/4196
f 3805/4036 3926/4167 3590/3821
f 3590/3821 3926/4167 3950/4195
f 3804/4038 3559/3791 3805/4036
f 3805/4036 3559/3791 3926/4167
f 3804/4038 3914/4153 3559/3791
f 3559/3791 3914/4153 3560/3793
f 3924/4164 3789/4020 3913/4152
f 3913/4152 3789/4020 3788/4021
f 3924/4164 3928/4169 3789/4020
f 3789/4020 3928/4169 3826/4059
f 3928/4169 3927/4168 3826/4059
f 3826/4059 3927/4168 3827/4061
f 3927/4168 3834/4067 3827/4061
f 3827/4061 3834/4067 3835/4069
f 4079/4326 4078/4325 5270/5562
f 5270/5562 4078/4325 5007/5286
f 5271/5563 5272/5564 4233/5565
f 4233/5565 5272/5564 5273/5566
f 5275/5567 5276/5568 5274/5569
f 5274/5569 5276/5568 5277/5570
f 5278/5571 5279/5572 4236/4483
f 4236/4483 5279/5572 4237/4485
f 5278/5571 5280/5573 5271/5563
f 5271/5563 5280/5573 5272/5564
f 4235/4482 5281/5574 4236/4483
f 4236/4483 5281/5574 5282/5575
f 5284/5576 5285/5577 5283/5578
f 5283/5578 5285/5577 5286/5579
f 5288/5580 5289/5581 5287/5582
f 5287/5582 5289/5581 5290/5583
f 5292/5584 5293/5585 5291/5586
f 5291/5586 5293/5585 5294/5587
f 5287/5582 5290/5583 4726/4980
f 4726/4980 5290/5583 5295/5588
f 4293/4540 4292/4542 4313/4563
f 4313/4563 4292/4542 4793/5050
f 4720/4972 4736/4988 4719/4971
f 4719/4971 4736/4988 5296/5589
f 5297/5590 4909/5165 5298/5591
f 5298/5591 4909/5165 4908/5167
f 5299/5592 5300/5593 4976/5252
f 4976/5252 5300/5593 5301/5594
f 5302/5595 4202/4450 5303/5596
f 5303/5596 4202/4450 4201/4449
f 5304/5597 5305/5598 4983/5258
f 4983/5258 5305/5598 5306/5599
f 5308/5600 5309/5601 5307/5602
f 5307/5602 5309/5601 5310/5603
f 4722/4976 4725/4977 5283/5604
f 5283/5604 4725/4977 5311/5605
f 5291/5606 5294/5607 4125/4374
f 4125/4374 5294/5607 4126/4373
f 5313/5608 5314/5609 5312/5610
f 5312/5610 5314/5609 5315/5611
f 5316/5612 5317/5613 5319/5614
f 5319/5614 5317/5613 5318/5615
f 5321/5616 5308/5600 5320/5617
f 5320/5617 5308/5600 5307/5602
f 4819/5077 4981/5259 4873/5131
f 4873/5131 4981/5259 5322/5618
f 4981/5259 4123/4371 5322/5618
f 5322/5618 4123/4371 4126/4373
f 5324/5619 5325/5620 5323/5621
f 5323/5621 5325/5620 5326/5622
f 4764/5019 5327/5623 4975/5251
f 4975/5251 5327/5623 5328/5624
f 4172/4419 5327/5623 4169/4417
f 4169/4417 5327/5623 5329/5625
f 4768/5021 4171/4420 4769/5023
f 4769/5023 4171/4420 4170/4418
f 4243/4491 4755/5007 4244/4493
f 4244/4493 4755/5007 5330/5626
f 4755/5007 4205/4453 5330/5626
f 5330/5626 4205/4453 4208/4455
f 4206/4454 4906/5164 4207/4456
f 4207/4456 4906/5164 4905/5162
f 4686/4938 5014/5295 5009/5288
f 5009/5288 5014/5295 5229/5519
f 4756/5009 4770/5024 4170/4418
f 4170/4418 4770/5024 4769/5023
f 4170/4418 4169/4417 4756/5009
f 4756/5009 4169/4417 4757/5008
f 4273/4521 5329/5625 4764/5019
f 4764/5019 5329/5625 5327/5623
f 4276/4523 5331/5627 4273/4521
f 4273/4521 5331/5627 5329/5625
f 4770/5024 4756/5009 4243/4491
f 4243/4491 4756/5009 4755/5007
f 5333/5628 4889/5146 5332/5629
f 5332/5629 4889/5146 5010/5289
f 4877/5133 5332/5629 4878/5135
f 4878/5135 5332/5629 4259/4506
f 4875/5134 4164/4411 4876/5132
f 4876/5132 4164/4411 4163/4412
f 5334/5630 5335/5631 5324/5619
f 5324/5619 5335/5631 5325/5620
f 4983/5258 5306/5599 4123/4371
f 4123/4371 5306/5599 4124/4372
f 4818/5075 4982/5257 4819/5077
f 4819/5077 4982/5257 4981/5259
f 5332/5629 5010/5289 4259/4506
f 4259/4506 5010/5289 4260/4507
f 5014/5295 4686/4938 4875/5134
f 4875/5134 4686/4938 4164/4411
f 4171/4420 4768/5021 5229/5519
f 5229/5519 4768/5021 5009/5288
f 5337/5632 4916/5173 5336/5633
f 5336/5633 4916/5173 4919/5175
f 5293/5585 5337/5632 5294/5587
f 5294/5587 5337/5632 5336/5633
f 4982/5257 4818/5075 5333/5628
f 5333/5628 4818/5075 4889/5146
f 5338/5634 5339/5635 4262/4512
f 4262/4512 5339/5635 5340/5636
f 5307/5602 5310/5603 5338/5634
f 5338/5634 5310/5603 5339/5635
f 5341/5637 5342/5638 4204/4451
f 4204/4451 5342/5638 5309/5601
f 5336/5639 4919/5184 5322/5618
f 5322/5618 4919/5184 4873/5131
f 5294/5607 5336/5639 4126/4373
f 4126/4373 5336/5639 5322/5618
f 5323/5621 5326/5622 5343/5640
f 5343/5640 5326/5622 5286/5641
f 4914/5170 5344/5642 4915/5172
f 4915/5172 5344/5642 5345/5643
f 5312/5610 5315/5611 5344/5642
f 5344/5642 5315/5611 5345/5643
f 5347/5644 5348/5645 5346/5646
f 5346/5646 5348/5645 5349/5647
f 5350/5648 5351/5649 4832/5088
f 4832/5088 5351/5649 4833/5089
f 5352/5650 5353/5651 5349/5647
f 5349/5647 5353/5651 5346/5646
f 5354/5652 5338/5634 4265/4513
f 4265/4513 5338/5634 4262/4512
f 5320/5617 5307/5602 5354/5652
f 5354/5652 5307/5602 5338/5634
f 4201/4449 5308/5600 5303/5596
f 5303/5596 5308/5600 5321/5616
f 5356/5653 5357/5654 5355/5655
f 5355/5655 5357/5654 4799/5056
f 5358/5656 5359/5657 5334/5630
f 5334/5630 5359/5657 5335/5631
f 5358/5656 5360/5658 4093/4340
f 4093/4340 5360/5658 4163/4412
f 5360/5658 5305/5598 4163/4412
f 4163/4412 5305/5598 4876/5132
f 5305/5598 5304/5597 4876/5132
f 4876/5132 5304/5597 4877/5133
f 5270/5562 4778/5031 4079/4326
f 4079/4326 4778/5031 4081/4330
f 4779/5033 5361/5659 4774/5029
f 4774/5029 5361/5659 5357/5654
f 5356/5653 5359/5657 4775/5028
f 4775/5028 5359/5657 4092/4339
f 5333/5628 5304/5597 4982/5257
f 4982/5257 5304/5597 4983/5258
f 5332/5629 4877/5133 5333/5628
f 5333/5628 4877/5133 5304/5597
f 5015/5296 4258/4508 5230/5520
f 5230/5520 4258/4508 5328/5624
f 5327/5623 4172/4419 5328/5624
f 5328/5624 4172/4419 5230/5520
f 4169/4417 5329/5625 4757/5008
f 4757/5008 5329/5625 5331/5627
f 4757/5008 5331/5627 4205/4453
f 4205/4453 5331/5627 4206/4454
f 5331/5627 4276/4523 4206/4454
f 4206/4454 4276/4523 4906/5164
f 4276/4523 4275/4524 4906/5164
f 4906/5164 4275/4524 4907/5163
f 4275/4524 4888/5145 4907/5163
f 4907/5163 4888/5145 4744/4995
f 4887/5144 4717/4968 4745/4997
f 4745/4997 4717/4968 4864/5121
f 4716/4967 5139/5422 4861/5120
f 4861/5120 5139/5422 5190/5476
f 5139/5422 5138/5421 5190/5476
f 5190/5476 5138/5421 5187/5475
f 5138/5421 5216/5502 5187/5475
f 5187/5475 5216/5502 5176/5462
f 5215/5501 5362/5660 5173/5461
f 5173/5461 5362/5660 5130/5413
f 5364/5661 5365/5662 5363/5663
f 5363/5663 5365/5662 5340/5636
f 4742/4996 4863/5119 5366/5664
f 5366/5664 4863/5119 4867/5123
f 4862/5118 5189/5474 4868/5125
f 4868/5125 5189/5474 5184/5470
f 5189/5474 5188/5473 5184/5470
f 5184/5470 5188/5473 5185/5471
f 5188/5473 5175/5460 5185/5471
f 5185/5471 5175/5460 5168/5454
f 3560/3793 3788/4021 3561/3792
f 3561/3792 3788/4021 3790/4022
f 3596/3830 3595/3826 3608/3840
f 3608/3840 3595/3826 3594/3827
f 3598/3829 3582/3813 3595/3826
f 3595/3826 3582/3813 3592/3824
f 3600/3831 3609/3842 3601/3833
f 3601/3833 3609/3842 3611/3843
f 3602/3835 3601/3833 3612/3844
f 3612/3844 3601/3833 3611/3843
f 3606/3837 3605/3836 3613/3845
f 3613/3845 3605/3836 3614/3846
f 3793/4024 5367/5665 3794/4026
f 3794/4026 5367/5665 5368/5666
f 3598/3829 3597/3828 3600/3831
f 3600/3831 3597/3828 3609/3842
f 3793/4024 3792/4023 3575/3807
f 3575/3807 3792/4023 3572/3806
f 3561/3792 3594/3827 3558/3790
f 3558/3790 3594/3827 3593/3825
f 3807/4039 3915/4155 3804/4038
f 3804/4038 3915/4155 3914/4153
f 3916/4154 3915/4155 5370/5667
f 5370/5667 3915/4155 5369/5668
f 3602/3835 3605/3836 3603/3834
f 3603/3834 3605/3836 3604/3838
f 3606/3837 3792/4023 3607/3839
f 3607/3839 3792/4023 3791/4025
f 3914/4153 3913/4152 3560/3793
f 3560/3793 3913/4152 3788/4021
f 5174/5459 5129/5411 5166/5453
f 5166/5453 5129/5411 5371/5669
f 5170/5456 5169/5455 5093/5378
f 5093/5378 5169/5455 5113/5397
f 5166/5453 5371/5669 5090/5372
f 5090/5372 5371/5669 5091/5373
f 5128/5410 5169/5455 5372/5670
f 5372/5670 5169/5455 5172/5457
f 5127/5412 5113/5397 5128/5410
f 5128/5410 5113/5397 5169/5455
f 5114/5396 5206/5492 5203/5489
f 5203/5489 5206/5492 5362/5660
f 5200/5486 5373/5671 5073/5356
f 5073/5356 5373/5671 5096/5379
f 5374/5672 5375/5673 5200/5486
f 5200/5486 5375/5673 5373/5671
f 5039/5319 5047/5328 5374/5672
f 5374/5672 5047/5328 5375/5673
f 5087/5370 5046/5327 5085/5368
f 5085/5368 5046/5327 5376/5674
f 5212/5498 5377/5675 5067/5348
f 5067/5348 5377/5675 5376/5676
f 5042/5325 5045/5326 5212/5498
f 5212/5498 5045/5326 5377/5675
f 5064/5344 5378/5677 5043/5323
f 5043/5323 5378/5677 5044/5324
f 5063/5346 5077/5358 5064/5344
f 5064/5344 5077/5358 5378/5677
f 5079/5362 5082/5363 5198/5484
f 5198/5484 5082/5363 5078/5359
f 5099/5381 5081/5361 5100/5383
f 5100/5383 5081/5361 5379/5678
f 5100/5383 5379/5678 5094/5376
f 5094/5376 5379/5678 5095/5377
f 5381/5679 5382/5680 5380/5681
f 5380/5681 5382/5680 5383/5682
f 5385/5683 5386/5684 5384/5685
f 5384/5685 5386/5684 5383/5682
f 5385/5683 5387/5686 5386/5684
f 5386/5684 5387/5686 5388/5687
f 5390/5688 5391/5689 5389/5690
f 5389/5690 5391/5689 5392/5691
f 5393/5692 5394/5693 5396/5694
f 5396/5694 5394/5693 5395/5695
f 5398/7402 5399/5697 5397/5698
f 5397/5698 5399/5697 5400/5699
f 5402/5700 5403/7400 5401/7401
f 5401/5702 5403/5701 5404/5703
f 5406/5704 5407/5705 5405/5706
f 5405/5706 5407/5705 5404/5703
f 5408/5707 5409/5708 5163/5449
f 5163/5449 5409/5708 5410/5709
f 5411/5710 5412/5711 5414/5712
f 5414/5712 5412/5711 5413/5713
f 5057/5337 5416/5714 5415/5715
f 5415/5715 5416/5714 5417/5716
f 5393/5692 5416/5714 5418/5717
f 5418/5717 5416/5714 5419/5718
f 5396/5694 5395/5695 5420/5719
f 5420/5719 5395/5695 5421/5720
f 5423/5721 5424/5722 5422/5723
f 5422/5723 5424/5722 5425/5724
f 5415/5715 5417/5716 5220/5506
f 5220/5506 5417/5716 5426/5725
f 5418/5717 5391/5689 5393/5692
f 5393/5692 5391/5689 5394/5693
f 5414/5712 5388/5687 5411/5710
f 5411/5710 5388/5687 5392/5691
f 5059/7397 5427/5726 5060/5340
f 5060/5340 5427/5726 5428/5727
f 5423/5721 5427/5726 5429/5728
f 5429/5728 5427/5726 5430/7405
f 5432/5730 5382/5680 5431/5731
f 5431/5731 5382/5680 5425/5724
f 5429/5728 5407/5705 5423/5721
f 5423/5721 5407/5705 5424/5722
f 5380/5681 5409/5708 5381/5679
f 5381/5679 5409/5708 5433/5732
f 5381/5679 5433/5732 5422/5723
f 5422/5723 5433/5732 5428/5727
f 5027/5307 5412/5711 5056/5338
f 5056/5338 5412/5711 5419/5718
f 5435/5733 5436/5734 5434/5735
f 5434/5735 5436/5734 5437/5736
f 5159/5445 5439/5737 5438/5738
f 5438/5738 5439/5737 5440/5739
f 5053/5333 5436/5734 5159/5445
f 5159/5445 5436/5734 5439/5737
f 5441/5740 5403/5701 5398/5696
f 5398/7402 5403/7400 5399/5697
f 5163/5449 5410/5709 5026/5309
f 5026/5309 5410/5709 5413/5713
f 5438/5738 5440/5739 5442/5741
f 5442/5741 5440/5739 5430/5729
f 5444/5742 5445/5743 5443/5744
f 5443/5744 5445/5743 5446/5745
f 5447/5746 5448/5747 5450/5748
f 5450/5748 5448/5747 5449/5749
f 5451/5750 5446/5745 5452/5751
f 5452/5751 5446/5745 5445/5743
f 5454/5752 5455/5753 5453/5754
f 5453/5754 5455/5753 5451/5750
f 5456/5755 5454/5756 5458/5757
f 5458/5757 5454/5756 5457/5758
f 5460/5759 5461/5760 5459/5761
f 5459/5761 5461/5760 5462/5762
f 5464/5763 5465/5764 5463/5765
f 5463/5765 5465/5764 5466/5766
f 5468/5767 5469/5768 5467/5769
f 5467/5769 5469/5768 5470/5770
f 5472/5771 5473/5772 5471/5773
f 5471/5773 5473/5772 5474/5774
f 5475/5775 5476/5776 5478/5777
f 5478/5777 5476/5776 5477/5778
f 5479/5779 5480/5780 5482/5781
f 5482/5781 5480/5780 5481/5782
f 5483/5783 5484/5784 5448/5747
f 5448/5747 5484/5784 5485/5785
f 5448/5747 5485/5785 5449/5749
f 5449/5749 5485/5785 5486/5786
f 5487/5787 5476/5776 5488/5788
f 5488/5788 5476/5776 5475/5775
f 5490/5789 5491/5790 5489/5791
f 5489/5791 5491/5790 5492/5792
f 5494/5793 5495/5794 5493/5795
f 5493/5795 5495/5794 5496/5796
f 5498/5797 5494/5793 5497/5798
f 5497/5798 5494/5793 5493/5795
f 5500/5799 5501/5800 5499/5801
f 5499/5801 5501/5800 5502/5802
f 5503/5803 5504/5804 5446/5745
f 5446/5745 5504/5804 5443/5744
f 5506/5805 5507/5806 5505/5807
f 5505/5807 5507/5806 5508/5808
f 5510/5809 5511/5810 5509/5811
f 5509/5811 5511/5810 5512/5812
f 5514/5813 5515/5814 5513/5815
f 5513/5815 5515/5814 5516/5816
f 5518/5817 5519/5818 5517/5819
f 5517/5819 5519/5818 5520/5820
f 5495/5794 5521/5821 5496/5796
f 5496/5796 5521/5821 5522/5822
f 5524/5823 5525/5824 5523/5825
f 5523/5825 5525/5824 5526/5826
f 5527/5827 5528/5828 5494/5793
f 5494/5793 5528/5828 5495/5794
f 5499/5801 5502/5802 5529/5829
f 5529/5829 5502/5802 5530/5830
f 5531/5831 5532/5832 5485/5785
f 5485/5785 5532/5832 5486/5786
f 5485/5785 5484/5784 5531/5831
f 5531/5831 5484/5784 5533/5833
f 5482/5781 5481/5782 5534/5834
f 5534/5834 5481/5782 5535/5835
f 5536/5836 5512/5812 5506/5805
f 5506/5805 5512/5812 5511/5810
f 5455/5753 5503/5803 5451/5750
f 5451/5750 5503/5803 5446/5745
f 5467/5769 5470/5770 5511/5810
f 5511/5810 5470/5770 5537/5837
f 5538/5838 5467/5769 5510/5809
f 5510/5809 5467/5769 5511/5810
f 5540/5839 5541/5840 5539/5841
f 5539/5841 5541/5840 5542/5842
f 5543/5843 5544/5844 5546/5845
f 5546/5845 5544/5844 5545/5846
f 5548/5847 5472/5771 5547/5848
f 5547/5848 5472/5771 5471/5773
f 5493/5795 5496/5796 5549/5849
f 5549/5849 5496/5796 5550/5850
f 5496/5796 5522/5822 5550/5850
f 5550/5850 5522/5822 5551/5851
f 5553/5852 5554/5853 5552/5854
f 5552/5854 5554/5853 5555/5855
f 5557/5856 5447/5746 5556/5857
f 5556/5857 5447/5746 5558/5858
f 5557/5856 5483/5783 5447/5746
f 5447/5746 5483/5783 5448/5747
f 5478/5777 5477/5778 5553/5852
f 5553/5852 5477/5778 5559/5859
f 5477/5778 5560/5860 5559/5859
f 5559/5859 5560/5860 5561/5861
f 5476/5776 5562/5862 5477/5778
f 5477/5778 5562/5862 5560/5860
f 5476/5776 5487/5787 5562/5862
f 5562/5862 5487/5787 5563/5863
f 5560/5860 5564/5864 5561/5861
f 5561/5861 5564/5864 5565/5865
f 5564/5864 5560/5860 5566/5866
f 5566/5866 5560/5860 5562/5862
f 5563/5863 5567/5867 5562/5862
f 5562/5862 5567/5867 5566/5866
f 5569/5868 5521/5821 5568/5869
f 5568/5869 5521/5821 5570/5870
f 5481/5782 5572/5871 5571/5872
f 5571/5872 5572/5871 5573/5873
f 5574/5874 5535/5835 5571/5872
f 5571/5872 5535/5835 5481/5782
f 5576/5875 5577/5876 5575/5877
f 5575/5877 5577/5876 5578/5878
f 5579/5879 5580/5880 5456/5881
f 5456/5881 5580/5880 5581/5882
f 5475/5775 5582/5883 5488/5788
f 5488/5788 5582/5883 5583/5884
f 5584/5885 5536/5836 5505/5807
f 5505/5807 5536/5836 5506/5805
f 5585/5886 5586/5887 5588/5888
f 5588/5888 5586/5887 5587/5889
f 5590/5890 5591/5891 5589/5892
f 5589/5892 5591/5891 5592/5893
f 5519/5818 5593/5894 5520/5820
f 5520/5820 5593/5894 5594/5895
f 5595/5896 5596/5897 5462/5762
f 5462/5762 5596/5897 5597/5898
f 5599/5899 5600/5900 5598/5901
f 5598/5901 5600/5900 5514/5813
f 5602/5902 5603/5903 5601/5904
f 5601/5904 5603/5903 5604/5905
f 5524/5823 5543/5906 5525/5824
f 5525/5824 5543/5906 5546/5907
f 5543/5906 5524/5823 5606/5908
f 5606/5908 5524/5823 5605/5909
f 5607/5910 5608/5911 5500/5912
f 5500/5912 5608/5911 5501/5913
f 5610/7403 5551/5851 5609/5916
f 5609/5916 5551/5851 5522/5822
f 5611/5917 5510/5809 5598/5901
f 5598/5901 5510/5809 5509/5811
f 5612/5918 5597/5898 5457/5758
f 5457/5758 5597/5898 5458/5757
f 5510/5809 5611/5917 5538/5838
f 5538/5838 5611/5917 5613/5919
f 5580/5880 5508/5808 5581/5882
f 5581/5882 5508/5808 5507/5806
f 5615/5920 5616/5921 5614/5922
f 5614/5922 5616/5921 5617/5923
f 5619/5924 5620/5925 5618/5926
f 5618/5926 5620/5925 5621/5927
f 5623/5928 5624/5929 5622/5930
f 5622/5930 5624/5929 5625/5931
f 5627/5932 5624/5929 5626/5933
f 5626/5933 5624/5929 5623/5928
f 5629/5934 5630/5935 5628/5936
f 5628/5936 5630/5935 5631/5937
f 5633/5938 5634/5939 5632/5940
f 5632/5940 5634/5939 5466/5766
f 5635/5941 5636/5942 5463/5765
f 5463/5765 5636/5942 5637/5943
f 5523/5825 5638/5944 5524/5823
f 5524/5823 5638/5944 5605/5909
f 5639/5945 5640/5946 5641/5947
f 5641/5947 5640/5946 5595/5896
f 5611/5917 5513/5815 5613/5919
f 5613/5919 5513/5815 5642/5948
f 5643/5949 5586/5950 5608/5911
f 5608/5911 5586/5950 5501/5913
f 5622/5930 5625/5931 5590/5890
f 5590/5890 5625/5931 5591/5891
f 5598/5901 5514/5813 5611/5917
f 5611/5917 5514/5813 5513/5815
f 5645/5951 5646/5952 5644/5953
f 5644/5953 5646/5952 5647/5954
f 5620/5925 5619/5924 5491/5790
f 5491/5790 5619/5924 5648/5955
f 5649/5956 5643/5949 5492/5792
f 5492/5792 5643/5949 5608/5911
f 5650/5957 5651/5958 5653/5959
f 5653/5959 5651/5958 5652/5960
f 5463/5765 5466/5766 5635/5941
f 5635/5941 5466/5766 5634/5939
f 5597/5898 5612/5918 5462/5762
f 5462/5762 5612/5918 5459/5761
f 5635/5941 5634/5939 5523/5825
f 5523/5825 5634/5939 5638/5944
f 5654/5961 5638/5944 5633/5938
f 5633/5938 5638/5944 5634/5939
f 5655/5962 5656/5963 5525/5824
f 5525/5824 5656/5963 5526/5826
f 5658/5964 5659/5965 5657/5966
f 5657/5966 5659/5965 5527/5827
f 5660/5967 5464/5763 5637/5943
f 5637/5943 5464/5763 5463/5765
f 5632/5940 5466/5766 5661/5968
f 5661/5968 5466/5766 5465/5764
f 5661/5968 5662/5969 5632/5940
f 5632/5940 5662/5969 5658/5964
f 5662/5969 5663/5970 5658/5964
f 5658/5964 5663/5970 5659/5965
f 5665/5971 5659/5965 5664/5972
f 5664/5972 5659/5965 5663/5970
f 5632/5940 5658/5964 5633/5938
f 5633/5938 5658/5964 5657/5966
f 5666/5973 5629/5934 5530/5830
f 5530/5830 5629/5934 5667/5974
f 5528/5828 5527/5827 5665/5971
f 5665/5971 5527/5827 5659/5965
f 5668/5975 5669/5976 5570/5870
f 5570/5870 5669/5976 5568/5869
f 5669/5976 5668/5975 5670/5977
f 5670/5977 5668/5975 5671/5978
f 5646/5952 5672/5979 5673/5980
f 5672/5979 5674/5981 5673/5980
f 5673/5980 5674/5981 5675/5982
f 5674/5981 5460/5759 5675/5982
f 5675/5982 5460/5759 5459/5761
f 5461/5760 5676/5983 5462/5762
f 5462/5762 5676/5983 5595/5896
f 5677/5984 5678/5985 5680/5986
f 5680/5986 5678/5985 5679/5987
f 5628/5936 5681/5988 5629/5934
f 5629/5934 5681/5988 5667/5974
f 5682/5989 5529/5829 5667/5974
f 5667/5974 5529/5829 5530/5830
f 5675/5982 5459/5761 5683/5990
f 5683/5990 5459/5761 5612/5918
f 5585/5886 5666/5973 5502/5802
f 5502/5802 5666/5973 5530/5830
f 5589/5892 5684/5991 5602/5902
f 5602/5902 5684/5991 5603/5903
f 5646/5952 5645/5951 5663/5970
f 5663/5970 5645/5951 5664/5972
f 5685/5992 5647/5954 5673/5980
f 5673/5980 5647/5954 5646/5952
f 5686/5993 5687/5994 5683/5990
f 5683/5990 5687/5994 5685/5992
f 5688/5995 5689/5996 5533/5833
f 5533/5833 5689/5996 5531/5831
f 5690/5997 5691/5998 5535/5835
f 5535/5835 5691/5998 5534/5834
f 5692/5999 5690/5997 5574/5874
f 5574/5874 5690/5997 5535/5835
f 5685/5992 5687/5994 5689/5996
f 5689/5996 5687/5994 5693/6000
f 5489/5791 5694/6001 5490/5789
f 5490/5789 5694/6001 5695/6002
f 5690/5997 5692/5999 5696/6003
f 5696/6003 5692/5999 5697/6004
f 5696/6003 5644/5953 5690/5997
f 5690/5997 5644/5953 5691/5998
f 5447/5746 5450/5748 5558/5858
f 5558/5858 5450/5748 5698/6005
f 5699/6006 5700/6007 5642/5948
f 5642/5948 5700/6007 5613/5919
f 5701/6008 5702/6009 5540/5839
f 5540/5839 5702/6009 5541/5840
f 5431/5731 5703/6010 5432/5730
f 5432/5730 5703/6010 5697/6004
f 5385/5683 5384/5685 5574/5874
f 5574/5874 5384/5685 5692/5999
f 5389/5690 5387/5686 5573/5873
f 5573/5873 5387/5686 5571/5872
f 5565/5865 5390/5688 5573/5873
f 5573/5873 5390/5688 5389/5690
f 5390/5688 5565/5865 5704/6011
f 5704/6011 5565/5865 5564/5864
f 5566/5866 5705/6012 5564/5864
f 5564/5864 5705/6012 5704/6011
f 5569/5868 5441/5740 5609/5916
f 5609/5916 5441/5740 5398/5696
f 5568/5869 5405/5706 5569/5868
f 5569/5868 5405/5706 5441/5740
f 5670/5977 5706/6013 5669/5976
f 5669/5976 5706/6013 5406/5704
f 5703/6010 5431/5731 5670/5977
f 5670/5977 5431/5731 5706/6013
f 5432/5730 5697/6004 5384/5685
f 5384/5685 5697/6004 5692/5999
f 5574/5874 5571/5872 5385/5683
f 5385/5683 5571/5872 5387/5686
f 5607/5910 5707/6014 5489/5791
f 5489/5791 5707/6014 5694/6001
f 5518/5817 5708/6015 5519/5818
f 5519/5818 5708/6015 5709/6016
f 5711/6017 5576/5875 5710/6018
f 5710/6018 5576/5875 5575/5877
f 5713/6019 5714/6020 5712/6021
f 5712/6021 5714/6020 5715/6022
f 5553/5852 5552/5854 5478/5777
f 5478/5777 5552/5854 5716/6023
f 5717/6024 5475/5775 5716/6023
f 5716/6023 5475/5775 5478/5777
f 5718/6025 5719/6026 5605/5909
f 5605/5909 5719/6026 5606/5908
f 5505/5807 5622/5930 5584/5885
f 5584/5885 5622/5930 5590/5890
f 5508/5808 5623/5928 5505/5807
f 5505/5807 5623/5928 5622/5930
f 5626/5933 5623/5928 5580/5880
f 5580/5880 5623/5928 5508/5808
f 5580/5880 5579/5879 5626/5933
f 5626/5933 5579/5879 5720/6027
f 5579/6028 5721/6029 5720/6030
f 5720/6030 5721/6029 5722/6031
f 5666/5973 5585/5886 5723/6032
f 5723/6032 5585/5886 5588/5888
f 5724/6033 5725/6034 5639/6035
f 5639/5945 5725/6036 5640/5946
f 5554/5853 5726/6037 5555/5855
f 5555/5855 5726/6037 5727/6038
f 5453/5754 5728/6039 5729/6040
f 5689/5996 5688/5995 5685/5992
f 5685/5992 5688/5995 5647/5954
f 5604/5905 5730/6041 5512/5812
f 5512/5812 5730/6041 5509/5811
f 5628/6042 5631/6043 5618/5926
f 5618/5926 5631/6043 5592/5893
f 5601/5904 5604/5905 5536/5836
f 5536/5836 5604/5905 5512/5812
f 5732/6044 5676/5983 5731/6045
f 5731/6045 5676/5983 5660/5967
f 5730/6041 5604/5905 5733/6046
f 5733/6046 5604/5905 5603/5903
f 5563/5863 5487/5787 5551/5915
f 5551/5915 5487/5787 5550/6047
f 5489/5791 5492/5792 5607/5910
f 5607/5910 5492/5792 5608/5911
f 5573/5873 5572/5871 5565/5865
f 5565/5865 5572/5871 5561/5861
f 5609/5916 5522/5822 5569/5868
f 5569/5868 5522/5822 5521/5821
f 5499/5801 5734/6048 5500/5799
f 5500/5799 5734/6048 5735/6049
f 5596/5897 5736/6050 5721/6029
f 5721/6029 5736/6050 5722/6031
f 5737/6051 5600/5900 5594/5895
f 5594/5895 5600/5900 5520/5820
f 5599/5899 5730/6041 5517/5819
f 5517/5819 5730/6041 5733/6046
f 5660/5967 5738/6052 5731/6045
f 5731/6045 5738/6052 5739/6053
f 5648/5955 5649/5956 5491/5790
f 5491/5790 5649/5956 5492/5792
f 5501/5800 5586/5887 5502/5802
f 5502/5802 5586/5887 5585/5886
f 5525/5824 5546/5907 5655/5962
f 5655/5962 5546/5907 5740/6054
f 5600/5900 5599/5899 5520/5820
f 5520/5820 5599/5899 5517/5819
f 5708/6015 5739/6055 5709/6016
f 5709/6056 5739/6053 5738/6052
f 5636/5942 5635/5941 5526/5826
f 5526/5826 5635/5941 5523/5825
f 5670/5977 5671/5978 5703/6010
f 5703/6010 5671/5978 5741/6057
f 5490/5789 5695/6002 5742/6058
f 5742/6058 5695/6002 5743/6059
f 5682/5989 5678/6060 5744/6061
f 5744/6061 5678/6060 5677/6062
f 5678/5985 5681/6063 5679/5987
f 5679/5987 5681/6063 5621/5927
f 5742/6058 5743/6059 5679/5987
f 5679/5987 5743/6059 5680/5986
f 5618/5926 5621/5927 5628/6042
f 5628/6042 5621/5927 5681/6063
f 5725/6034 5724/6033 5589/5892
f 5589/5892 5724/6033 5684/5991
f 5456/5755 5458/5757 5579/6028
f 5579/6028 5458/5757 5721/6029
f 5675/5982 5683/5990 5673/5980
f 5673/5980 5683/5990 5685/5992
f 5529/5829 5682/5989 5745/6064
f 5745/6064 5682/5989 5744/6061
f 5721/6029 5458/5757 5596/5897
f 5596/5897 5458/5757 5597/5898
f 5701/6008 5540/5839 5719/6065
f 5719/6065 5540/5839 5606/6066
f 5703/6010 5741/6057 5697/6004
f 5697/6004 5741/6057 5696/6003
f 5500/5912 5735/6067 5607/5910
f 5607/5910 5735/6067 5707/6014
f 5549/5849 5746/6068 5493/5795
f 5493/5795 5746/6068 5497/5798
f 5700/6007 5747/6069 5613/5919
f 5613/5919 5747/6069 5538/5838
f 5420/5719 5421/5720 5434/5735
f 5434/5735 5421/5720 5400/5699
f 5689/5996 5693/6000 5531/5831
f 5531/5831 5693/6000 5532/5832
f 5705/6012 5566/5866 5748/6070
f 5748/6070 5566/5866 5567/5867
f 5609/5916 5398/5696 5610/7403
f 5610/5914 5398/7402 5397/5698
f 5669/5976 5406/5704 5568/5869
f 5568/5869 5406/5704 5405/5706
f 5488/5788 5583/5884 5549/6071
f 5549/6071 5583/5884 5746/6072
f 5714/6020 5713/6019 5710/6018
f 5710/6018 5713/6019 5711/6017
f 5747/6069 5468/5767 5538/5838
f 5538/5838 5468/5767 5467/5769
f 5548/5847 5547/5848 5749/6073
f 5749/6073 5547/5848 5750/6074
f 5733/6046 5603/5903 5751/6075
f 5751/6075 5603/5903 5684/5991
f 5589/5892 5602/5902 5590/5890
f 5590/5890 5602/5902 5584/5885
f 5636/5942 5752/6076 5614/5922
f 5614/5922 5752/6076 5615/5920
f 5753/6077 5754/6078 5738/6052
f 5738/6052 5754/6078 5755/6079
f 5602/5902 5601/5904 5584/5885
f 5584/5885 5601/5904 5536/5836
f 5723/6032 5736/6050 5630/5935
f 5630/5935 5736/6050 5640/5946
f 5595/5896 5640/5946 5596/5897
f 5596/5897 5640/5946 5736/6050
f 5734/6048 5499/5801 5745/6064
f 5745/6064 5499/5801 5529/5829
f 5627/5932 5587/6080 5643/5949
f 5643/5949 5587/6080 5586/5950
f 5553/5852 5559/5859 5554/5853
f 5554/5853 5559/5859 5480/5780
f 5559/5859 5561/5861 5480/5780
f 5480/5780 5561/5861 5572/5871
f 5554/5853 5480/5780 5726/6037
f 5726/6037 5480/5780 5479/5779
f 5749/6073 5750/6074 5715/6022
f 5715/6022 5750/6074 5712/6021
f 5683/5990 5612/5918 5686/5993
f 5686/5993 5612/5918 5457/5758
f 5678/6060 5682/5989 5681/5988
f 5681/5988 5682/5989 5667/5974
f 5598/5901 5509/5811 5599/5899
f 5599/5899 5509/5811 5730/6041
f 5679/5987 5621/5927 5742/6058
f 5742/6058 5621/5927 5620/5925
f 5652/5960 5616/6081 5653/5959
f 5653/5959 5616/6081 5615/6082
f 5220/5506 5426/5725 5052/5335
f 5052/5335 5426/5725 5437/5736
f 5487/5787 5488/5788 5550/6047
f 5550/6047 5488/5788 5549/6071
f 5742/6058 5620/5925 5490/5789
f 5490/5789 5620/5925 5491/5790
f 5551/5915 5610/5914 5563/5863
f 5563/5863 5610/5914 5567/5867
f 5610/5914 5397/5698 5567/5867
f 5567/5867 5397/5698 5748/6070
f 5614/5922 5617/5923 5753/6077
f 5753/6077 5617/5923 5754/6078
f 5480/5780 5572/5871 5481/5782
f 5755/6079 5756/6083 5738/6052
f 5738/6052 5756/6083 5709/6056
f 5745/6064 5744/6061 5758/6084
f 5758/6084 5744/6061 5757/6085
f 5745/6064 5758/6084 5734/6048
f 5734/6048 5758/6084 5759/6086
f 5735/6049 5734/6048 5760/6087
f 5760/6087 5734/6048 5759/6086
f 5707/6014 5735/6067 5761/6088
f 5761/6088 5735/6067 5760/6089
f 5744/6061 5677/6062 5757/6085
f 5757/6085 5677/6062 5762/6090
f 5677/5984 5680/5986 5762/6091
f 5762/6091 5680/5986 5763/6092
f 5763/6092 5680/5986 5764/6093
f 5764/6093 5680/5986 5743/6059
f 5765/6094 5766/6095 5762/6090
f 5762/6090 5766/6095 5757/6085
f 5768/6096 5769/6097 5767/6098
f 5767/6098 5769/6097 5770/6099
f 5771/6100 5772/6101 5770/6099
f 5770/6099 5772/6101 5767/6098
f 5770/6099 5769/6097 5774/6102
f 5774/6102 5769/6097 5773/6103
f 5775/6104 5776/6105 5774/6102
f 5774/6102 5776/6105 5777/6106
f 5773/6103 5778/6107 5774/6102
f 5774/6102 5778/6107 5775/6104
f 5779/6108 5766/6095 5773/6103
f 5773/6103 5766/6095 5778/6107
f 5777/6106 5771/6100 5774/6102
f 5774/6102 5771/6100 5770/6099
f 5780/6109 5781/6110 5783/6111
f 5783/6111 5781/6110 5782/6112
f 5781/6110 5780/6109 5771/6100
f 5771/6100 5780/6109 5772/6101
f 5773/6103 5769/6097 5779/6108
f 5779/6108 5769/6097 5768/6096
f 5768/6096 5759/6086 5779/6108
f 5779/6108 5759/6086 5758/6084
f 5768/6096 5784/6113 5759/6086
f 5759/6086 5784/6113 5760/6087
f 5767/6098 5785/6114 5768/6096
f 5768/6096 5785/6114 5784/6113
f 5785/6114 5767/6098 5786/6115
f 5786/6115 5767/6098 5772/6101
f 5766/6095 5779/6108 5757/6085
f 5757/6085 5779/6108 5758/6084
f 5780/6109 5787/6116 5772/6101
f 5772/6101 5787/6116 5786/6115
f 5785/6117 5786/6118 5788/6119
f 5788/6119 5786/6118 5789/6120
f 5786/6118 5787/6121 5789/6120
f 5789/6120 5787/6121 5790/6122
f 5788/6119 5789/6120 5791/6123
f 5791/6123 5789/6120 5792/6124
f 5791/6123 5793/6125 5788/6119
f 5788/6119 5793/6125 5794/6126
f 5795/6127 5792/6124 5790/6122
f 5790/6122 5792/6124 5789/6120
f 5785/6117 5788/6119 5784/6128
f 5784/6128 5788/6119 5794/6126
f 5784/6128 5794/6126 5760/6089
f 5760/6089 5794/6126 5761/6088
f 5787/6116 5780/6109 5796/6129
f 5796/6129 5780/6109 5783/6111
f 5775/6104 5778/6107 5797/6130
f 5797/6130 5778/6107 5766/6095
f 5797/6130 5798/6131 5775/6104
f 5775/6104 5798/6131 5776/6105
f 5766/6095 5765/6094 5797/6130
f 5797/6130 5765/6094 5799/6132
f 5798/6131 5797/6130 5800/6133
f 5800/6133 5797/6130 5799/6132
f 5798/6131 5801/6134 5776/6105
f 5776/6105 5801/6134 5802/6135
f 5707/6014 5761/6088 5694/6001
f 5694/6001 5761/6088 5803/6136
f 5695/6002 5804/6137 5743/6059
f 5743/6059 5804/6137 5764/6093
f 5804/6137 5695/6002 5803/6136
f 5803/6136 5695/6002 5694/6001
f 5803/6136 5793/6125 5804/6137
f 5804/6137 5793/6125 5805/6138
f 5793/6125 5791/6123 5805/6138
f 5805/6138 5791/6123 5806/6139
f 5804/6137 5805/6138 5764/6093
f 5764/6093 5805/6138 5807/6140
f 5803/6136 5761/6088 5793/6125
f 5793/6125 5761/6088 5794/6126
f 5808/6141 5763/6092 5807/6140
f 5807/6140 5763/6092 5764/6093
f 5808/6141 5765/6142 5763/6092
f 5763/6092 5765/6142 5762/6091
f 5809/6143 5799/6144 5808/6141
f 5808/6141 5799/6144 5765/6142
f 5809/6143 5808/6141 5810/6145
f 5810/6145 5808/6141 5807/6140
f 5811/6146 5809/6143 5812/6147
f 5812/6147 5809/6143 5810/6145
f 5805/6138 5806/6139 5807/6140
f 5807/6140 5806/6139 5810/6145
f 5806/6139 5813/6148 5810/6145
f 5810/6145 5813/6148 5812/6147
f 5799/6144 5809/6143 5800/6149
f 5800/6149 5809/6143 5811/6146
f 5815/6150 5800/6149 5814/6151
f 5814/6151 5800/6149 5811/6146
f 5814/6151 5817/6152 5816/6153
f 5816/6153 5817/6152 5818/6154
f 5814/6151 5811/6146 5817/6152
f 5817/6152 5811/6146 5812/6147
f 5814/6151 5816/6153 5815/6150
f 5815/6150 5816/6153 5796/6155
f 5815/6156 5796/6129 5801/6134
f 5801/6134 5796/6129 5783/6111
f 5801/6134 5798/6131 5815/6156
f 5815/6156 5798/6131 5800/6133
f 5791/6123 5792/6124 5806/6139
f 5806/6139 5792/6124 5813/6148
f 5818/6154 5813/6148 5795/6127
f 5795/6127 5813/6148 5792/6124
f 5818/6154 5817/6152 5813/6148
f 5813/6148 5817/6152 5812/6147
f 5816/6153 5818/6154 5790/6122
f 5790/6122 5818/6154 5795/6127
f 5790/6122 5787/6121 5816/6153
f 5816/6153 5787/6121 5796/6155
f 5771/6100 5777/6106 5781/6110
f 5781/6110 5777/6106 5782/6112
f 5782/6112 5802/6135 5783/6111
f 5783/6111 5802/6135 5801/6134
f 5782/6112 5777/6106 5802/6135
f 5802/6135 5777/6106 5776/6105
f 5588/5888 5587/5889 5722/6031
f 5722/6031 5587/5889 5720/6030
f 5591/5891 5619/5924 5592/5893
f 5592/5893 5619/5924 5618/5926
f 5625/5931 5624/5929 5648/5955
f 5648/5955 5624/5929 5649/5956
f 5624/5929 5627/5932 5649/5956
f 5649/5956 5627/5932 5643/5949
f 5631/5937 5630/5935 5725/6036
f 5725/6036 5630/5935 5640/5946
f 5625/5931 5648/5955 5591/5891
f 5591/5891 5648/5955 5619/5924
f 5588/5888 5722/6031 5723/6032
f 5723/6032 5722/6031 5736/6050
f 5631/6043 5725/6034 5592/5893
f 5592/5893 5725/6034 5589/5892
f 5723/6032 5630/5935 5666/5973
f 5666/5973 5630/5935 5629/5934
f 5587/6080 5627/5932 5720/6027
f 5720/6027 5627/5932 5626/5933
f 5820/6157 5821/6158 5819/6159
f 5819/6159 5821/6158 5822/6160
f 5824/6161 5825/6162 5823/6163
f 5823/6163 5825/6162 5826/6164
f 5823/6163 5826/6164 5827/6165
f 5827/6165 5826/6164 5828/6166
f 5829/6167 5830/6168 5832/6169
f 5832/6169 5830/6168 5831/6170
f 5518/5817 5833/6171 5708/6015
f 5708/6015 5833/6171 5834/6172
f 5835/6173 5836/6174 5824/6175
f 5824/6175 5836/6174 5825/6176
f 5838/6177 5839/6178 5837/6179
f 5837/6179 5839/6178 5840/6180
f 5751/6075 5684/5991 5842/6181
f 5842/6181 5684/5991 5841/6182
f 5843/6183 5841/6182 5724/6033
f 5724/6033 5841/6182 5684/5991
f 5845/6184 5846/6185 5844/6186
f 5844/6186 5846/6185 5847/6187
f 5848/6188 5830/6189 5836/6174
f 5836/6174 5830/6189 5825/6176
f 5518/5817 5751/6075 5833/6171
f 5833/6171 5751/6075 5842/6181
f 5839/6178 5838/6177 5821/6158
f 5821/6158 5838/6177 5849/6190
f 5850/6191 5848/6188 5822/6160
f 5822/6160 5848/6188 5836/6174
f 5851/6192 5845/6184 5828/6166
f 5828/6166 5845/6184 5852/6193
f 5854/6194 5855/6195 5853/6196
f 5853/6196 5855/6195 5856/6197
f 5845/6184 5844/6186 5852/6193
f 5852/6193 5844/6186 5857/6198
f 5858/6199 5827/6165 5852/6193
f 5852/6193 5827/6165 5828/6166
f 5851/6192 5828/6166 5829/6167
f 5829/6167 5828/6166 5826/6164
f 5819/6159 5859/6200 5820/6157
f 5820/6157 5859/6200 5860/6201
f 5835/6173 5861/6202 5819/6159
f 5819/6159 5861/6202 5859/6200
f 5851/6192 5829/6167 5862/6203
f 5862/6203 5829/6167 5832/6169
f 5844/6204 5847/6205 5837/6179
f 5837/6179 5847/6205 5834/6172
f 5819/6159 5822/6160 5835/6173
f 5835/6173 5822/6160 5836/6174
f 5823/6163 5863/6206 5824/6161
f 5824/6161 5863/6206 5864/6207
f 5849/6190 5850/6191 5821/6158
f 5821/6158 5850/6191 5822/6160
f 5825/6162 5830/6168 5826/6164
f 5826/6164 5830/6168 5829/6167
f 5820/6157 5860/6201 5865/6208
f 5865/6208 5860/6201 5866/6209
f 5858/6199 5854/6210 5867/6211
f 5867/6211 5854/6210 5853/6212
f 5854/6194 5857/6213 5855/6195
f 5855/6195 5857/6213 5840/6180
f 5855/6195 5865/6208 5856/6197
f 5856/6197 5865/6208 5866/6209
f 5837/6179 5840/6180 5844/6204
f 5844/6204 5840/6180 5857/6213
f 5827/6165 5858/6199 5868/6214
f 5868/6214 5858/6199 5867/6211
f 5824/6175 5864/6215 5835/6173
f 5835/6173 5864/6215 5861/6202
f 5732/6044 5731/6045 5862/6203
f 5862/6203 5731/6045 5846/6185
f 5863/6206 5823/6163 5868/6214
f 5868/6214 5823/6163 5827/6165
f 5843/6183 5831/6216 5848/6188
f 5848/6188 5831/6216 5830/6189
f 5854/6210 5858/6199 5857/6198
f 5857/6198 5858/6199 5852/6193
f 5855/6195 5840/6180 5865/6208
f 5865/6208 5840/6180 5839/6178
f 5865/6208 5839/6178 5820/6157
f 5820/6157 5839/6178 5821/6158
f 5868/6214 5867/6211 5870/6217
f 5870/6217 5867/6211 5869/6218
f 5868/6214 5870/6217 5863/6206
f 5863/6206 5870/6217 5871/6219
f 5863/6206 5871/6219 5864/6207
f 5864/6207 5871/6219 5872/6220
f 5864/6215 5872/6221 5861/6202
f 5861/6202 5872/6221 5873/6222
f 5867/6211 5853/6212 5869/6218
f 5869/6218 5853/6212 5874/6223
f 5853/6196 5856/6197 5874/6224
f 5874/6224 5856/6197 5875/6225
f 5856/6197 5866/6209 5875/6225
f 5875/6225 5866/6209 5876/6226
f 5877/6227 5878/6228 5874/6223
f 5874/6223 5878/6228 5869/6218
f 5880/6229 5881/6230 5879/6231
f 5879/6231 5881/6230 5882/6232
f 5883/6233 5884/6234 5880/6229
f 5880/6229 5884/6234 5881/6230
f 5881/6230 5884/6234 5886/6235
f 5886/6235 5884/6234 5885/6236
f 5887/6237 5888/6238 5886/6235
f 5886/6235 5888/6238 5889/6239
f 5885/6236 5890/6240 5886/6235
f 5886/6235 5890/6240 5887/6237
f 5889/6239 5882/6232 5886/6235
f 5886/6235 5882/6232 5881/6230
f 5882/6232 5891/6241 5879/6231
f 5879/6231 5891/6241 5892/6242
f 5885/6236 5884/6234 5893/6243
f 5893/6243 5884/6234 5883/6233
f 5883/6233 5871/6219 5893/6243
f 5893/6243 5871/6219 5870/6217
f 5883/6233 5894/6244 5871/6219
f 5871/6219 5894/6244 5872/6220
f 5880/6229 5895/6245 5883/6233
f 5883/6233 5895/6245 5894/6244
f 5896/6246 5895/6245 5879/6231
f 5879/6231 5895/6245 5880/6229
f 5893/6243 5878/6228 5885/6236
f 5885/6236 5878/6228 5890/6240
f 5878/6228 5893/6243 5869/6218
f 5869/6218 5893/6243 5870/6217
f 5897/6247 5896/6246 5892/6242
f 5892/6242 5896/6246 5879/6231
f 5895/6248 5896/6249 5898/6250
f 5898/6250 5896/6249 5899/6251
f 5896/6249 5897/6252 5899/6251
f 5899/6251 5897/6252 5900/6253
f 5898/6250 5899/6251 5901/6254
f 5901/6254 5899/6251 5902/6255
f 5901/6254 5903/6256 5898/6250
f 5898/6250 5903/6256 5904/6257
f 5900/6253 5905/6258 5899/6251
f 5899/6251 5905/6258 5902/6255
f 5898/6250 5904/6257 5895/6248
f 5895/6248 5904/6257 5894/6259
f 5894/6259 5904/6257 5872/6221
f 5872/6221 5904/6257 5873/6222
f 5897/6247 5892/6242 5907/6260
f 5907/6260 5892/6242 5906/6261
f 5892/6242 5891/6241 5906/6261
f 5906/6261 5891/6241 5908/6262
f 5887/6237 5890/6240 5909/6263
f 5909/6263 5890/6240 5878/6228
f 5888/6238 5887/6237 5910/6264
f 5910/6264 5887/6237 5909/6263
f 5878/6228 5877/6227 5909/6263
f 5909/6263 5877/6227 5911/6265
f 5909/6263 5911/6265 5910/6264
f 5910/6264 5911/6265 5912/6266
f 5913/6267 5914/6268 5910/6264
f 5910/6264 5914/6268 5888/6238
f 5908/6262 5914/6268 5906/6261
f 5906/6261 5914/6268 5913/6267
f 5861/6202 5873/6222 5859/6200
f 5859/6200 5873/6222 5915/6269
f 5860/6201 5916/6270 5866/6209
f 5866/6209 5916/6270 5876/6226
f 5916/6270 5860/6201 5915/6269
f 5915/6269 5860/6201 5859/6200
f 5915/6269 5903/6256 5916/6270
f 5916/6270 5903/6256 5917/6271
f 5903/6256 5901/6254 5917/6271
f 5917/6271 5901/6254 5918/6272
f 5916/6270 5917/6271 5876/6226
f 5876/6226 5917/6271 5919/6273
f 5903/6256 5915/6269 5904/6257
f 5904/6257 5915/6269 5873/6222
f 5920/6274 5875/6225 5919/6273
f 5919/6273 5875/6225 5876/6226
f 5920/6274 5877/6275 5875/6225
f 5875/6225 5877/6275 5874/6224
f 5920/6274 5921/6276 5877/6275
f 5877/6275 5921/6276 5911/6277
f 5921/6276 5920/6274 5922/6278
f 5922/6278 5920/6274 5919/6273
f 5923/6279 5921/6276 5924/6280
f 5924/6280 5921/6276 5922/6278
f 5917/6271 5918/6272 5919/6273
f 5919/6273 5918/6272 5922/6278
f 5918/6272 5925/6281 5922/6278
f 5922/6278 5925/6281 5924/6280
f 5921/6276 5923/6279 5911/6277
f 5911/6277 5923/6279 5912/6282
f 5927/6283 5912/6282 5926/6284
f 5926/6284 5912/6282 5923/6279
f 5926/6284 5929/6285 5928/6286
f 5928/6286 5929/6285 5930/6287
f 5926/6284 5923/6279 5929/6285
f 5929/6285 5923/6279 5924/6280
f 5926/6284 5928/6286 5927/6283
f 5927/6283 5928/6286 5907/6288
f 5927/6289 5907/6260 5913/6267
f 5913/6267 5907/6260 5906/6261
f 5913/6267 5910/6264 5927/6289
f 5927/6289 5910/6264 5912/6266
f 5901/6254 5902/6255 5918/6272
f 5918/6272 5902/6255 5925/6281
f 5930/6287 5925/6281 5905/6258
f 5905/6258 5925/6281 5902/6255
f 5930/6287 5929/6285 5925/6281
f 5925/6281 5929/6285 5924/6280
f 5928/6286 5930/6287 5900/6253
f 5900/6253 5930/6287 5905/6258
f 5900/6253 5897/6252 5928/6286
f 5928/6286 5897/6252 5907/6288
f 5882/6232 5889/6239 5891/6241
f 5891/6241 5889/6239 5908/6262
f 5908/6262 5889/6239 5914/6268
f 5914/6268 5889/6239 5888/6238
f 5832/6169 5831/6170 5641/5947
f 5641/5947 5831/6170 5639/5945
f 5833/6171 5838/6177 5834/6172
f 5834/6172 5838/6177 5837/6179
f 5842/6181 5841/6182 5849/6190
f 5849/6190 5841/6182 5850/6191
f 5841/6182 5843/6183 5850/6191
f 5850/6191 5843/6183 5848/6188
f 5847/6187 5846/6185 5739/6053
f 5739/6053 5846/6185 5731/6045
f 5842/6181 5849/6190 5833/6171
f 5833/6171 5849/6190 5838/6177
f 5862/6203 5832/6169 5732/6044
f 5732/6044 5832/6169 5641/5947
f 5847/6205 5739/6055 5834/6172
f 5834/6172 5739/6055 5708/6015
f 5862/6203 5846/6185 5851/6192
f 5851/6192 5846/6185 5845/6184
f 5831/6216 5843/6183 5639/6035
f 5639/6035 5843/6183 5724/6033
f 5676/5983 5732/6044 5595/5896
f 5595/5896 5732/6044 5641/5947
f 5676/5983 5461/5760 5660/5967
f 5660/5967 5461/5760 5464/5763
f 5461/5760 5460/5759 5464/5763
f 5464/5763 5460/5759 5465/5764
f 5460/5759 5674/5981 5465/5764
f 5465/5764 5674/5981 5661/5968
f 5931/6290 5932/6291 5934/6292
f 5934/6292 5932/6291 5933/6293
f 5936/6294 5937/6295 5935/6296
f 5935/6296 5937/6295 5938/6297
f 5935/6296 5938/6297 5939/6298
f 5939/6298 5938/6297 5940/6299
f 5942/6300 5943/6301 5941/6302
f 5941/6302 5943/6301 5944/6303
f 5945/6304 5946/6305 5936/6306
f 5936/6306 5946/6305 5937/6307
f 5948/6308 5949/6309 5947/6310
f 5947/6310 5949/6309 5950/6311
f 5951/6312 5952/6313 5519/5818
f 5519/5818 5952/6313 5593/5894
f 5953/6314 5951/6312 5709/6016
f 5709/6016 5951/6312 5519/5818
f 5955/6315 5956/6316 5954/6317
f 5954/6317 5956/6316 5957/6318
f 5958/6319 5942/6320 5946/6305
f 5946/6305 5942/6320 5937/6307
f 5948/6308 5959/6321 5949/6309
f 5949/6309 5959/6321 5933/6293
f 5960/6322 5958/6319 5934/6292
f 5934/6292 5958/6319 5946/6305
f 5961/6323 5955/6315 5940/6299
f 5940/6299 5955/6315 5962/6324
f 5963/6325 5964/6326 5966/6327
f 5966/6327 5964/6326 5965/6328
f 5955/6315 5954/6317 5962/6324
f 5962/6324 5954/6317 5967/6329
f 5968/6330 5939/6298 5962/6324
f 5962/6324 5939/6298 5940/6299
f 5961/6323 5940/6299 5941/6302
f 5941/6302 5940/6299 5938/6297
f 5931/6290 5969/6331 5932/6291
f 5932/6291 5969/6331 5970/6332
f 5945/6304 5971/6333 5931/6290
f 5931/6290 5971/6333 5969/6331
f 5941/6302 5944/6303 5961/6323
f 5961/6323 5944/6303 5972/6334
f 5954/6335 5957/6336 5947/6310
f 5947/6310 5957/6336 5973/6337
f 5945/6304 5931/6290 5946/6305
f 5946/6305 5931/6290 5934/6292
f 5935/6296 5974/6338 5936/6294
f 5936/6294 5974/6338 5975/6339
f 5959/6321 5960/6322 5933/6293
f 5933/6293 5960/6322 5934/6292
f 5937/6295 5942/6300 5938/6297
f 5938/6297 5942/6300 5941/6302
f 5932/6291 5970/6332 5976/6340
f 5976/6340 5970/6332 5977/6341
f 5968/6330 5964/6342 5978/6343
f 5978/6343 5964/6342 5963/6344
f 5965/6328 5964/6326 5950/6311
f 5950/6311 5964/6326 5967/6345
f 5976/6340 5977/6341 5965/6328
f 5965/6328 5977/6341 5966/6327
f 5947/6310 5950/6311 5954/6335
f 5954/6335 5950/6311 5967/6345
f 5939/6298 5968/6330 5979/6346
f 5979/6346 5968/6330 5978/6343
f 5936/6306 5975/6347 5945/6304
f 5945/6304 5975/6347 5971/6333
f 5972/6334 5754/6078 5956/6316
f 5956/6316 5754/6078 5617/5923
f 5974/6338 5935/6296 5979/6346
f 5979/6346 5935/6296 5939/6298
f 5953/6314 5943/6348 5958/6319
f 5958/6319 5943/6348 5942/6320
f 5964/6342 5968/6330 5967/6329
f 5967/6329 5968/6330 5962/6324
f 5965/6328 5950/6311 5976/6340
f 5976/6340 5950/6311 5949/6309
f 5976/6340 5949/6309 5932/6291
f 5932/6291 5949/6309 5933/6293
f 5979/6346 5978/6343 5981/6349
f 5981/6349 5978/6343 5980/6350
f 5979/6346 5981/6349 5974/6338
f 5974/6338 5981/6349 5982/6351
f 5974/6338 5982/6351 5975/6339
f 5975/6339 5982/6351 5983/6352
f 5975/6347 5983/6353 5971/6333
f 5971/6333 5983/6353 5984/6354
f 5978/6343 5963/6344 5980/6350
f 5980/6350 5963/6344 5985/6355
f 5963/6325 5966/6327 5985/6356
f 5985/6356 5966/6327 5986/6357
f 5986/6357 5966/6327 5987/6358
f 5987/6358 5966/6327 5977/6341
f 5988/6359 5989/6360 5985/6355
f 5985/6355 5989/6360 5980/6350
f 5991/6361 5992/6362 5990/6363
f 5990/6363 5992/6362 5993/6364
f 5994/6365 5995/6366 5991/6361
f 5991/6361 5995/6366 5992/6362
f 5992/6362 5995/6366 5997/6367
f 5997/6367 5995/6366 5996/6368
f 5998/6369 5999/6370 5997/6367
f 5997/6367 5999/6370 6000/6371
f 5996/6368 6001/6372 5997/6367
f 5997/6367 6001/6372 5998/6369
f 6000/6371 5993/6364 5997/6367
f 5997/6367 5993/6364 5992/6362
f 6002/6373 6003/6374 5993/6364
f 5993/6364 6003/6374 5990/6363
f 5995/6366 5994/6365 5996/6368
f 5996/6368 5994/6365 6004/6375
f 5994/6365 5982/6351 6004/6375
f 6004/6375 5982/6351 5981/6349
f 5994/6365 6005/6376 5982/6351
f 5982/6351 6005/6376 5983/6352
f 5991/6361 6006/6377 5994/6365
f 5994/6365 6006/6377 6005/6376
f 6006/6377 5991/6361 6007/6378
f 6007/6378 5991/6361 5990/6363
f 5996/6368 6004/6375 6001/6372
f 6001/6372 6004/6375 5989/6360
f 5989/6360 6004/6375 5980/6350
f 5980/6350 6004/6375 5981/6349
f 6003/6374 6008/6379 5990/6363
f 5990/6363 6008/6379 6007/6378
f 6009/6380 6006/6381 6010/6382
f 6010/6382 6006/6381 6007/6383
f 6008/6384 6011/6385 6007/6383
f 6007/6383 6011/6385 6010/6382
f 6012/6386 6009/6380 6013/6387
f 6013/6387 6009/6380 6010/6382
f 6009/6380 6012/6386 6015/6388
f 6015/6388 6012/6386 6014/6389
f 6011/6385 6016/6390 6010/6382
f 6010/6382 6016/6390 6013/6387
f 6006/6381 6009/6380 6005/6391
f 6005/6391 6009/6380 6015/6388
f 6005/6391 6015/6388 5983/6353
f 5983/6353 6015/6388 5984/6354
f 6008/6379 6003/6374 6018/6392
f 6018/6392 6003/6374 6017/6393
f 6003/6374 6002/6373 6017/6393
f 6017/6393 6002/6373 6019/6394
f 5998/6369 6001/6372 6020/6395
f 6020/6395 6001/6372 5989/6360
f 5999/6370 5998/6369 6021/6396
f 6021/6396 5998/6369 6020/6395
f 5989/6360 5988/6359 6020/6395
f 6020/6395 5988/6359 6022/6397
f 6021/6396 6020/6395 6023/6398
f 6023/6398 6020/6395 6022/6397
f 6021/6396 6024/6399 5999/6370
f 5999/6370 6024/6399 6025/6400
f 6019/6394 6025/6400 6017/6393
f 6017/6393 6025/6400 6024/6399
f 5971/6333 5984/6354 5969/6331
f 5969/6331 5984/6354 6026/6401
f 5970/6332 6027/6402 5977/6341
f 5977/6341 6027/6402 5987/6358
f 6027/6402 5970/6332 6026/6401
f 6026/6401 5970/6332 5969/6331
f 6026/6401 6014/6389 6027/6402
f 6027/6402 6014/6389 6028/6403
f 6014/6389 6012/6386 6028/6403
f 6028/6403 6012/6386 6029/6404
f 6027/6402 6028/6403 5987/6358
f 5987/6358 6028/6403 6030/6405
f 6026/6401 5984/6354 6014/6389
f 6014/6389 5984/6354 6015/6388
f 6031/6406 5986/6357 6030/6405
f 6030/6405 5986/6357 5987/6358
f 6031/6406 5988/6407 5986/6357
f 5986/6357 5988/6407 5985/6356
f 6032/6408 6022/6409 6031/6406
f 6031/6406 6022/6409 5988/6407
f 6032/6408 6031/6406 6033/6410
f 6033/6410 6031/6406 6030/6405
f 6034/6411 6032/6408 6035/6412
f 6035/6412 6032/6408 6033/6410
f 6028/6403 6029/6404 6030/6405
f 6030/6405 6029/6404 6033/6410
f 6029/6404 6036/6413 6033/6410
f 6033/6410 6036/6413 6035/6412
f 6032/6408 6034/6411 6022/6409
f 6022/6409 6034/6411 6023/6414
f 6038/6415 6023/6414 6037/6416
f 6037/6416 6023/6414 6034/6411
f 6037/6416 6040/6417 6039/6418
f 6039/6418 6040/6417 6041/6419
f 6037/6416 6034/6411 6040/6417
f 6040/6417 6034/6411 6035/6412
f 6037/6416 6039/6418 6038/6415
f 6038/6415 6039/6418 6018/6420
f 6038/6421 6018/6392 6024/6399
f 6024/6399 6018/6392 6017/6393
f 6024/6399 6021/6396 6038/6421
f 6038/6421 6021/6396 6023/6398
f 6012/6386 6013/6387 6029/6404
f 6029/6404 6013/6387 6036/6413
f 6041/6419 6036/6413 6016/6390
f 6016/6390 6036/6413 6013/6387
f 6041/6419 6040/6417 6036/6413
f 6036/6413 6040/6417 6035/6412
f 6041/6419 6016/6390 6039/6418
f 6039/6418 6016/6390 6011/6385
f 6011/6385 6008/6384 6039/6418
f 6039/6418 6008/6384 6018/6420
f 5993/6364 6000/6371 6002/6373
f 6002/6373 6000/6371 6019/6394
f 6019/6394 6000/6371 6025/6400
f 6025/6400 6000/6371 5999/6370
f 5943/6301 5756/6083 5944/6303
f 5944/6303 5756/6083 5755/6079
f 6042/6422 5948/6308 5973/6337
f 5973/6337 5948/6308 5947/6310
f 5952/6313 5951/6312 5959/6321
f 5959/6321 5951/6312 5960/6322
f 5951/6312 5953/6314 5960/6322
f 5960/6322 5953/6314 5958/6319
f 5616/5921 5957/6318 5617/5923
f 5617/5923 5957/6318 5956/6316
f 6042/6422 5952/6313 5948/6308
f 5948/6308 5952/6313 5959/6321
f 5944/6303 5755/6079 5972/6334
f 5972/6334 5755/6079 5754/6078
f 5957/6336 5616/6081 5973/6337
f 5973/6337 5616/6081 5652/5960
f 5956/6316 5955/6315 5972/6334
f 5972/6334 5955/6315 5961/6323
f 5943/6348 5953/6314 5756/6423
f 5756/6423 5953/6314 5709/6016
f 6044/6424 6045/6425 6043/6426
f 6043/6426 6045/6425 6046/6427
f 6048/6428 6049/6429 6047/6430
f 6047/6430 6049/6429 6050/6431
f 6047/6430 6050/6431 6051/6432
f 6051/6432 6050/6431 6052/6433
f 6054/6434 6055/6435 6053/6436
f 6053/6436 6055/6435 6056/6437
f 6057/6438 6058/6439 6060/6440
f 6060/6440 6058/6439 6059/6441
f 6061/6442 6062/6443 6048/6444
f 6048/6444 6062/6443 6049/6445
f 6063/6446 6064/6447 6066/6448
f 6066/6448 6064/6447 6065/6449
f 6067/6450 6068/6451 6070/6452
f 6070/6452 6068/6451 6069/6453
f 6071/6454 6069/6453 5653/5959
f 5653/5959 6069/6453 6068/6451
f 6072/6455 6073/6456 6075/6457
f 6075/6457 6073/6456 6074/6458
f 6062/6443 6076/6459 6049/6445
f 6049/6445 6076/6459 6054/6460
f 6058/6439 6067/6450 6059/6441
f 6059/6441 6067/6450 6070/6452
f 6064/6447 6077/6461 6065/6449
f 6065/6449 6077/6461 6045/6425
f 6078/6462 6076/6459 6046/6427
f 6046/6427 6076/6459 6062/6443
f 6073/6456 6080/6463 6079/6464
f 6079/6464 6080/6463 6052/6433
f 6082/6465 6083/6466 6081/6467
f 6081/6467 6083/6466 6084/6468
f 6072/6455 6085/6469 6073/6456
f 6073/6456 6085/6469 6080/6463
f 6086/6470 6051/6432 6080/6463
f 6080/6463 6051/6432 6052/6433
f 6079/6464 6052/6433 6053/6436
f 6053/6436 6052/6433 6050/6431
f 6043/6426 6087/6471 6044/6424
f 6044/6424 6087/6471 6088/6472
f 6061/6442 6089/6473 6043/6426
f 6043/6426 6089/6473 6087/6471
f 6053/6436 6056/6437 6079/6464
f 6079/6464 6056/6437 6090/6474
f 6063/6446 6072/6475 6060/6440
f 6060/6440 6072/6475 6075/6476
f 6043/6426 6046/6427 6061/6442
f 6061/6442 6046/6427 6062/6443
f 6047/6430 6091/6477 6048/6428
f 6048/6428 6091/6477 6092/6478
f 6077/6461 6078/6462 6045/6425
f 6045/6425 6078/6462 6046/6427
f 6049/6429 6054/6434 6050/6431
f 6050/6431 6054/6434 6053/6436
f 6044/6424 6088/6472 6093/6479
f 6093/6479 6088/6472 6094/6480
f 6086/6470 6082/6481 6095/6482
f 6095/6482 6082/6481 6081/6483
f 6083/6466 6082/6465 6066/6448
f 6066/6448 6082/6465 6085/6484
f 6093/6479 6094/6480 6083/6466
f 6083/6466 6094/6480 6084/6468
f 6072/6475 6063/6446 6085/6484
f 6085/6484 6063/6446 6066/6448
f 6051/6432 6086/6470 6096/6485
f 6096/6485 6086/6470 6095/6482
f 6048/6444 6092/6486 6061/6442
f 6061/6442 6092/6486 6089/6473
f 5656/5963 5655/5962 6090/6474
f 6090/6474 5655/5962 6074/6458
f 6091/6477 6047/6430 6096/6485
f 6096/6485 6047/6430 6051/6432
f 6071/6454 6055/6487 6076/6459
f 6076/6459 6055/6487 6054/6460
f 6082/6481 6086/6470 6085/6469
f 6085/6469 6086/6470 6080/6463
f 6093/6479 6083/6466 6065/6449
f 6065/6449 6083/6466 6066/6448
f 6044/6424 6093/6479 6045/6425
f 6045/6425 6093/6479 6065/6449
f 6096/6485 6095/6482 6098/6488
f 6098/6488 6095/6482 6097/6489
f 6096/6485 6098/6488 6091/6477
f 6091/6477 6098/6488 6099/6490
f 6091/6477 6099/6490 6092/6478
f 6092/6478 6099/6490 6100/6491
f 6092/6486 6100/6492 6089/6473
f 6089/6473 6100/6492 6101/6493
f 6095/6482 6081/6483 6097/6489
f 6097/6489 6081/6483 6102/6494
f 6081/6467 6084/6468 6102/6495
f 6102/6495 6084/6468 6103/6496
f 6103/6496 6084/6468 6104/6497
f 6104/6497 6084/6468 6094/6480
f 6106/6498 6097/6489 6105/6499
f 6105/6499 6097/6489 6102/6494
f 6107/6500 6108/6501 6110/6502
f 6110/6502 6108/6501 6109/6503
f 6111/6504 6112/6505 6108/6501
f 6108/6501 6112/6505 6109/6503
f 6109/6503 6112/6505 6114/6506
f 6114/6506 6112/6505 6113/6507
f 6114/6506 6115/6508 6117/6509
f 6117/6509 6115/6508 6116/6510
f 6113/6507 6118/6511 6114/6506
f 6114/6506 6118/6511 6115/6508
f 6117/6509 6110/6502 6114/6506
f 6114/6506 6110/6502 6109/6503
f 6110/6502 6119/6512 6107/6500
f 6107/6500 6119/6512 6120/6513
f 6112/6505 6111/6504 6113/6507
f 6113/6507 6111/6504 6121/6514
f 6111/6504 6099/6490 6121/6514
f 6121/6514 6099/6490 6098/6488
f 6111/6504 6122/6515 6099/6490
f 6099/6490 6122/6515 6100/6491
f 6123/6516 6122/6515 6108/6501
f 6108/6501 6122/6515 6111/6504
f 6124/6517 6123/6516 6107/6500
f 6107/6500 6123/6516 6108/6501
f 6113/6507 6121/6514 6118/6511
f 6118/6511 6121/6514 6106/6498
f 6106/6498 6121/6514 6097/6489
f 6097/6489 6121/6514 6098/6488
f 6125/6518 6124/6517 6120/6513
f 6120/6513 6124/6517 6107/6500
f 6126/6519 6123/6520 6127/6521
f 6127/6521 6123/6520 6124/6522
f 6125/6523 6128/6524 6124/6522
f 6124/6522 6128/6524 6127/6521
f 6129/6525 6126/6519 6130/6526
f 6130/6526 6126/6519 6127/6521
f 6126/6519 6129/6525 6132/6527
f 6132/6527 6129/6525 6131/6528
f 6128/6524 6133/6529 6127/6521
f 6127/6521 6133/6529 6130/6526
f 6123/6520 6126/6519 6122/6530
f 6122/6530 6126/6519 6132/6527
f 6122/6530 6132/6527 6100/6492
f 6100/6492 6132/6527 6101/6493
f 6120/6513 6134/6531 6125/6518
f 6125/6518 6134/6531 6135/6532
f 6120/6513 6119/6512 6134/6531
f 6134/6531 6119/6512 6136/6533
f 6115/6508 6118/6511 6137/6534
f 6137/6534 6118/6511 6106/6498
f 6115/6508 6137/6534 6116/6510
f 6116/6510 6137/6534 6138/6535
f 6137/6534 6106/6498 6139/6536
f 6139/6536 6106/6498 6105/6499
f 6138/6535 6137/6534 6140/6537
f 6140/6537 6137/6534 6139/6536
f 6141/6538 6142/6539 6138/6535
f 6138/6535 6142/6539 6116/6510
f 6136/6533 6142/6539 6134/6531
f 6134/6531 6142/6539 6141/6538
f 6089/6473 6101/6493 6087/6471
f 6087/6471 6101/6493 6143/6540
f 6088/6472 6144/6541 6094/6480
f 6094/6480 6144/6541 6104/6497
f 6143/6540 6144/6541 6087/6471
f 6087/6471 6144/6541 6088/6472
f 6131/6528 6145/6542 6143/6540
f 6143/6540 6145/6542 6144/6541
f 6129/6525 6146/6543 6131/6528
f 6131/6528 6146/6543 6145/6542
f 6144/6541 6145/6542 6104/6497
f 6104/6497 6145/6542 6147/6544
f 6143/6540 6101/6493 6131/6528
f 6131/6528 6101/6493 6132/6527
f 6148/6545 6103/6496 6147/6544
f 6147/6544 6103/6496 6104/6497
f 6103/6496 6148/6545 6102/6495
f 6102/6495 6148/6545 6105/6546
f 6148/6545 6149/6547 6105/6546
f 6105/6546 6149/6547 6139/6548
f 6149/6547 6148/6545 6150/6549
f 6150/6549 6148/6545 6147/6544
f 6151/6550 6149/6547 6152/6551
f 6152/6551 6149/6547 6150/6549
f 6145/6542 6146/6543 6147/6544
f 6147/6544 6146/6543 6150/6549
f 6146/6543 6153/6552 6150/6549
f 6150/6549 6153/6552 6152/6551
f 6149/6547 6151/6550 6139/6548
f 6139/6548 6151/6550 6140/6553
f 6155/6554 6140/6553 6154/6555
f 6154/6555 6140/6553 6151/6550
f 6154/6555 6157/6556 6156/6557
f 6156/6557 6157/6556 6158/6558
f 6154/6555 6151/6550 6157/6556
f 6157/6556 6151/6550 6152/6551
f 6154/6555 6156/6557 6155/6554
f 6155/6554 6156/6557 6135/6559
f 6155/6560 6135/6532 6141/6538
f 6141/6538 6135/6532 6134/6531
f 6141/6538 6138/6535 6155/6560
f 6155/6560 6138/6535 6140/6537
f 6146/6543 6129/6525 6153/6552
f 6153/6552 6129/6525 6130/6526
f 6158/6558 6153/6552 6133/6529
f 6133/6529 6153/6552 6130/6526
f 6158/6558 6157/6556 6153/6552
f 6153/6552 6157/6556 6152/6551
f 6156/6557 6158/6558 6128/6524
f 6128/6524 6158/6558 6133/6529
f 6128/6524 6125/6523 6156/6557
f 6156/6557 6125/6523 6135/6559
f 6110/6502 6117/6509 6119/6512
f 6119/6512 6117/6509 6136/6533
f 6136/6533 6117/6509 6142/6539
f 6142/6539 6117/6509 6116/6510
f 6055/6435 5615/5920 6056/6437
f 6056/6437 5615/5920 5752/6076
f 6060/6440 6059/6441 6063/6446
f 6063/6446 6059/6441 6064/6447
f 6077/6461 6070/6452 6078/6462
f 6078/6462 6070/6452 6069/6453
f 6069/6453 6071/6454 6078/6462
f 6078/6462 6071/6454 6076/6459
f 6159/6561 6057/6438 6075/6476
f 6075/6476 6057/6438 6060/6440
f 6059/6441 6070/6452 6064/6447
f 6064/6447 6070/6452 6077/6461
f 6056/6437 5752/6076 6090/6474
f 6090/6474 5752/6076 5656/5963
f 6090/6474 6074/6458 6079/6464
f 6079/6464 6074/6458 6073/6456
f 6055/6487 6071/6454 5615/6082
f 5615/6082 6071/6454 5653/5959
f 5547/5848 5471/5773 6160/6562
f 6160/6562 5471/5773 6161/6563
f 5729/6040 5577/5876 6163/6564
f 6163/6564 5577/5876 6162/6565
f 5577/5876 5576/5875 6162/6565
f 6162/6565 5576/5875 6164/6566
f 5713/6019 6165/6567 5711/6017
f 5711/6017 6165/6567 6166/6568
f 5474/5774 5729/6569 6167/6570
f 6167/6570 5729/6569 6163/6571
f 5750/6074 5547/5848 6168/6572
f 6168/6572 5547/5848 6160/6562
f 5471/5773 5474/5774 6161/6563
f 6161/6563 5474/5774 6167/6570
f 6169/6573 5712/6021 6168/6572
f 6168/6572 5712/6021 5750/6074
f 5711/6017 6166/6568 5576/5875
f 5576/5875 6166/6568 6164/6566
f 6165/6567 5713/6019 6169/6573
f 6169/6573 5713/6019 5712/6021
f 6168/6572 6170/6574 6169/6573
f 6169/6573 6170/6574 6171/6575
f 6169/6573 6171/6575 6165/6567
f 6165/6567 6171/6575 6172/6576
f 6165/6567 6172/6576 6166/6568
f 6166/6568 6172/6576 6173/6577
f 6166/6568 6173/6577 6164/6566
f 6164/6566 6173/6577 6174/6578
f 6168/6572 6160/6562 6170/6574
f 6170/6574 6160/6562 6175/6579
f 6160/6562 6161/6563 6175/6579
f 6175/6579 6161/6563 6176/6580
f 6161/6563 6167/6570 6176/6580
f 6176/6580 6167/6570 6177/6581
f 6179/6582 6170/6574 6178/6583
f 6178/6583 6170/6574 6175/6579
f 6181/6584 6182/6585 6180/6586
f 6180/6586 6182/6585 6183/6587
f 6184/6588 6185/6589 6181/6584
f 6181/6584 6185/6589 6182/6585
f 6186/6590 6187/6591 6185/6589
f 6185/6589 6187/6591 6182/6585
f 6186/6590 6188/6592 6187/6591
f 6187/6591 6188/6592 6189/6593
f 6190/6594 6183/6587 6187/6591
f 6187/6591 6183/6587 6182/6585
f 6183/6587 6190/6594 6191/6595
f 6191/6595 6190/6594 6192/6596
f 6191/6595 6193/6597 6183/6587
f 6183/6587 6193/6597 6180/6586
f 6186/6590 6185/6589 6194/6598
f 6194/6598 6185/6589 6184/6588
f 6184/6588 6172/6576 6194/6598
f 6194/6598 6172/6576 6171/6575
f 6184/6588 6195/6599 6172/6576
f 6172/6576 6195/6599 6173/6577
f 6181/6584 6196/6600 6184/6588
f 6184/6588 6196/6600 6195/6599
f 6196/6600 6181/6584 6197/6601
f 6197/6601 6181/6584 6180/6586
f 6186/6590 6194/6598 6188/6592
f 6188/6592 6194/6598 6179/6582
f 6179/6582 6194/6598 6170/6574
f 6170/6574 6194/6598 6171/6575
f 6193/6597 6198/6602 6180/6586
f 6180/6586 6198/6602 6197/6601
f 6199/6603 6196/6600 6200/6604
f 6200/6604 6196/6600 6197/6601
f 6198/6602 6201/6605 6197/6601
f 6197/6601 6201/6605 6200/6604
f 6202/6606 6199/6603 6203/6607
f 6203/6607 6199/6603 6200/6604
f 6199/6603 6202/6606 6205/6608
f 6205/6608 6202/6606 6204/6609
f 6201/6605 6206/6610 6200/6604
f 6200/6604 6206/6610 6203/6607
f 6196/6600 6199/6603 6195/6599
f 6195/6599 6199/6603 6205/6608
f 6195/6599 6205/6608 6173/6577
f 6173/6577 6205/6608 6174/6578
f 6198/6602 6193/6597 6208/6611
f 6208/6611 6193/6597 6207/6612
f 6193/6597 6191/6595 6207/6612
f 6207/6612 6191/6595 6192/6596
f 6189/6593 6188/6592 6209/6613
f 6209/6613 6188/6592 6179/6582
f 6210/6614 6189/6593 6211/6615
f 6211/6615 6189/6593 6209/6613
f 6209/6613 6179/6582 6212/6616
f 6212/6616 6179/6582 6178/6583
f 6211/6615 6209/6613 6213/6617
f 6213/6617 6209/6613 6212/6616
f 6211/6615 6214/6618 6210/6614
f 6210/6614 6214/6618 6215/6619
f 6192/6596 6215/6619 6207/6620
f 6207/6620 6215/6619 6214/6618
f 6190/6594 6187/6591 6210/6614
f 6210/6614 6187/6591 6189/6593
f 6192/6596 6190/6594 6215/6619
f 6215/6619 6190/6594 6210/6614
f 6162/6565 6164/6566 6216/6621
f 6216/6621 6164/6566 6174/6578
f 6167/6570 6163/6571 6177/6581
f 6177/6581 6163/6571 6217/6622
f 6216/6621 6217/6623 6162/6565
f 6162/6565 6217/6623 6163/6564
f 6204/6609 6218/6624 6216/6621
f 6216/6621 6218/6624 6217/6623
f 6202/6606 6219/6625 6204/6609
f 6204/6609 6219/6625 6218/6624
f 6217/6622 6218/6626 6177/6581
f 6177/6581 6218/6626 6220/6627
f 6216/6621 6174/6578 6204/6609
f 6204/6609 6174/6578 6205/6608
f 6221/6628 6176/6580 6220/6627
f 6220/6627 6176/6580 6177/6581
f 6176/6580 6221/6628 6175/6579
f 6175/6579 6221/6628 6178/6583
f 6221/6628 6222/6629 6178/6583
f 6178/6583 6222/6629 6212/6616
f 6222/6629 6221/6628 6223/6630
f 6223/6630 6221/6628 6220/6627
f 6224/6631 6222/6629 6225/6632
f 6225/6632 6222/6629 6223/6630
f 6218/6626 6219/6633 6220/6627
f 6220/6627 6219/6633 6223/6630
f 6219/6633 6226/6634 6223/6630
f 6223/6630 6226/6634 6225/6632
f 6222/6629 6224/6631 6212/6616
f 6212/6616 6224/6631 6213/6617
f 6228/6635 6213/6617 6227/6636
f 6227/6636 6213/6617 6224/6631
f 6229/6637 6227/6636 6231/6638
f 6231/6638 6227/6636 6230/6639
f 6227/6636 6224/6631 6230/6639
f 6230/6639 6224/6631 6225/6632
f 6227/6636 6229/6637 6228/6635
f 6228/6635 6229/6637 6208/6640
f 6228/6635 6208/6640 6214/6618
f 6214/6618 6208/6640 6207/6620
f 6214/6618 6211/6615 6228/6635
f 6228/6635 6211/6615 6213/6617
f 6219/6625 6202/6606 6226/6641
f 6226/6641 6202/6606 6203/6607
f 6231/6642 6226/6641 6206/6610
f 6206/6610 6226/6641 6203/6607
f 6231/6638 6230/6639 6226/6634
f 6226/6634 6230/6639 6225/6632
f 6229/6643 6231/6642 6201/6605
f 6201/6605 6231/6642 6206/6610
f 6201/6605 6198/6602 6229/6643
f 6229/6643 6198/6602 6208/6611
f 5674/5981 5672/5979 5661/5968
f 5661/5968 5672/5979 5662/5969
f 5662/5969 5672/5979 5663/5970
f 5663/5970 5672/5979 5646/5952
f 5651/5958 6042/6422 5652/5960
f 5652/5960 6042/6422 5973/6337
f 5518/5817 5517/5819 5751/6075
f 5751/6075 5517/5819 5733/6046
f 5738/6052 5660/5967 5753/6077
f 5753/6077 5660/5967 5637/5943
f 5752/6076 5636/5942 5656/5963
f 5656/5963 5636/5942 5526/5826
f 5952/6313 6042/6422 5593/5894
f 5593/5894 6042/6422 5651/5958
f 5593/5894 5651/5958 5594/5895
f 5594/5895 5651/5958 5650/5957
f 5600/5900 5737/6051 5514/5813
f 5514/5813 5737/6051 5515/5814
f 5546/5845 5545/5846 5740/6644
f 5740/6644 5545/5846 6232/6645
f 6232/6645 6058/6439 5740/6644
f 5740/6644 6058/6439 6057/6438
f 6067/6450 6058/6439 6233/6646
f 6233/6646 6058/6439 6232/6645
f 6233/6646 6232/6645 6234/6647
f 6234/6647 6232/6645 5545/5846
f 6234/6647 5545/5846 6235/6648
f 6235/6648 5545/5846 5544/5844
f 5606/6066 6236/6649 5543/5843
f 5543/5843 6236/6649 5544/5844
f 6235/6648 5544/5844 5539/5841
f 5539/5841 5544/5844 6236/6649
f 6237/6650 6235/6648 5542/5842
f 5542/5842 6235/6648 5539/5841
f 6235/6648 6237/6650 6234/6647
f 6234/6647 6237/6650 6238/6651
f 6234/6647 6238/6651 6233/6646
f 6233/6646 6238/6651 6239/6652
f 5653/5959 6068/6451 5650/5957
f 5650/5957 6068/6451 6239/6652
f 5642/5948 5513/5815 6240/6653
f 6240/6653 5513/5815 5516/5816
f 5539/5841 6236/6649 5540/5839
f 5540/5839 6236/6649 5606/6066
f 5636/5942 5614/5922 5637/5943
f 5637/5943 5614/5922 5753/6077
f 6239/6652 5737/6051 5650/5957
f 5650/5957 5737/6051 5594/5895
f 6239/6652 6068/6451 6233/6646
f 6233/6646 6068/6451 6067/6450
f 6075/6457 6074/6458 6159/6654
f 6159/6654 6074/6458 5655/5962
f 6057/6438 6159/6561 5740/6644
f 5740/6054 6159/6654 5655/5962
f 5515/5814 5737/6051 6238/6651
f 6238/6651 5737/6051 6239/6652
f 6238/6651 6237/6650 5515/5814
f 5515/5814 6237/6650 5516/5816
f 5542/5842 6240/6653 6237/6650
f 6237/6650 6240/6653 5516/5816
f 6240/6653 5542/5842 5642/5948
f 5642/5948 5542/5842 5541/5840
f 5702/6009 5699/6006 5541/5840
f 5541/5840 5699/6006 5642/5948
f 5582/5883 5475/5775 5717/6024
f 5470/5770 5443/5744 5537/5837
f 5537/5837 5443/5744 5504/5804
f 5469/5768 5444/5742 5470/5770
f 5470/5770 5444/5742 5443/5744
f 5726/6037 5557/5856 5727/6038
f 5727/6038 5557/5856 5556/5857
f 5537/5837 5504/5804 5511/5810
f 5511/5810 5504/5804 5506/5805
f 5504/5804 5503/5803 5506/5805
f 5506/5805 5503/5803 5507/5806
f 5503/5803 5455/5753 5507/5806
f 5507/5806 5455/5753 5581/5882
f 5455/5753 5454/5752 5581/5882
f 5581/5882 5454/5752 5456/5881
f 5473/5772 5453/6655 5474/5774
f 5474/5774 5453/6655 5729/6569
f 5457/5758 5454/5756 5473/5772
f 5473/5772 5454/5756 5453/6655
f 5473/5772 5472/5771 5457/5758
f 5457/5758 5472/5771 5686/5993
f 5472/5771 5548/5847 5686/5993
f 5686/5993 5548/5847 5687/5994
f 5749/6073 5693/6000 5548/5847
f 5548/5847 5693/6000 5687/5994
f 5715/6022 5532/5832 5749/6073
f 5749/6073 5532/5832 5693/6000
f 5714/6020 5486/5786 5715/6022
f 5715/6022 5486/5786 5532/5832
f 5714/6020 5710/6018 5486/5786
f 5486/5786 5710/6018 5449/5749
f 5728/6039 5578/5878 5729/6040
f 5729/6040 5578/5878 5577/5876
f 5452/5751 5445/5743 5698/6005
f 5698/6005 5445/5743 5558/5858
f 5445/5743 5444/5742 5558/5858
f 5558/5858 5444/5742 5556/5857
f 5444/5742 5469/5768 5556/5857
f 5556/5857 5469/5768 5727/6038
f 5469/5768 5468/5767 5727/6038
f 5727/6038 5468/5767 5555/5855
f 5468/5767 5747/6069 5555/5855
f 5555/5855 5747/6069 5552/5854
f 5747/6069 5700/6007 5552/5854
f 5552/5854 5700/6007 5716/6023
f 5700/6007 5699/6006 5716/6023
f 5716/6023 5699/6006 5717/6024
f 5699/6006 5702/6009 5717/6024
f 5717/6024 5702/6009 5582/5883
f 5702/6009 5701/6008 5582/5883
f 5582/5883 5701/6008 5583/5884
f 5726/6037 5479/5779 5557/5856
f 5557/5856 5479/5779 5483/5783
f 5483/5783 5479/5779 5484/5784
f 5484/5784 5479/5779 5482/5781
f 5534/5834 5533/5833 5482/5781
f 5482/5781 5533/5833 5484/5784
f 5691/5998 5688/5995 5534/5834
f 5534/5834 5688/5995 5533/5833
f 5644/5953 5647/5954 5691/5998
f 5691/5998 5647/5954 5688/5995
f 5719/6065 5746/6072 5701/6008
f 5701/6008 5746/6072 5583/5884
f 5718/6025 5497/5798 5719/6026
f 5719/6026 5497/5798 5746/6068
f 5718/6025 5605/5909 5654/5961
f 5654/5961 5605/5909 5638/5944
f 5498/5797 5654/5961 5657/5966
f 5657/5966 5654/5961 5633/5938
f 5497/5798 5718/6025 5498/5797
f 5498/5797 5718/6025 5654/5961
f 5657/5966 5527/5827 5498/5797
f 5498/5797 5527/5827 5494/5793
f 5528/5828 5570/5870 5495/5794
f 5495/5794 5570/5870 5521/5821
f 5665/5971 5668/5975 5528/5828
f 5528/5828 5668/5975 5570/5870
f 5664/5972 5671/5978 5665/5971
f 5665/5971 5671/5978 5668/5975
f 5645/5951 5741/6057 5664/5972
f 5664/5972 5741/6057 5671/5978
f 5644/5953 5696/6003 5645/5951
f 5645/5951 5696/6003 5741/6057
f 5710/6018 5575/5877 5449/5749
f 5449/5749 5575/5877 5450/5748
f 5575/5877 5578/5878 5450/5748
f 5450/5748 5578/5878 5698/6005
f 5578/5878 5728/6039 5698/6005
f 5698/6005 5728/6039 5452/5751
f 5452/5751 5728/6039 5451/5750
f 5451/5750 5728/6039 5453/5754
f 3619/3853 6241/6656 3620/3851
f 3620/3851 6241/6656 6242/6657
f 6243/6658 6244/6659 3628/3859
f 3628/3859 6244/6659 3629/3860
f 6245/6660 6246/6661 3634/3866
f 3634/3866 6246/6661 3631/3865
f 6247/6662 6248/6663 3636/3867
f 3636/3867 6248/6663 3637/3868
f 6249/6664 6250/6665 3642/3874
f 3642/3874 6250/6665 3639/3873
f 3639/3873 6250/6665 3643/3875
f 3643/3875 6250/6665 6251/6666
f 3743/3974 6252/6667 3744/3976
f 3744/3976 6252/6667 6253/6668
f 6246/6661 6243/6658 3631/3865
f 3631/3865 6243/6658 3628/3859
f 3753/3987 6254/6669 3754/3985
f 3754/3985 6254/6669 6255/6670
f 3857/4091 6256/6671 3619/3853
f 3619/3853 6256/6671 6241/6656
f 6257/6672 6245/6660 3932/4172
f 3932/4172 6245/6660 3634/3866
f 6242/6657 6247/6662 3620/3851
f 3620/3851 6247/6662 3636/3867
f 6258/6673 6259/6674 3946/4191
f 3946/4191 6259/6674 3947/4192
f 6260/6675 6249/6664 3948/4193
f 3948/4193 6249/6664 3642/3874
f 6244/6659 6258/6673 3629/3860
f 3629/3860 6258/6673 3946/4191
f 3947/4192 6259/6674 3753/3987
f 3753/3987 6259/6674 6254/6669
f 6248/6663 6260/6675 3637/3868
f 3637/3868 6260/6675 3948/4193
f 3643/3875 6251/6666 3743/3974
f 3743/3974 6251/6666 6252/6667
f 3744/3976 6253/6668 3932/4172
f 3932/4172 6253/6668 6257/6672
f 6250/6665 6249/6664 6251/6666
f 6251/6666 6249/6664 6252/6667
f 6245/6660 6261/6676 6246/6661
f 6246/6661 6261/6676 6262/6677
f 6263/6678 6264/6679 6247/6662
f 6247/6662 6264/6679 6248/6663
f 6252/6667 6265/6680 6253/6668
f 6253/6668 6265/6680 6266/6681
f 6246/6661 6262/6677 6243/6658
f 6243/6658 6262/6677 6267/6682
f 6268/6683 6261/6676 6257/6672
f 6257/6672 6261/6676 6245/6660
f 6269/6684 6263/6678 6242/6657
f 6242/6657 6263/6678 6247/6662
f 6270/6685 6271/6686 6260/6675
f 6260/6675 6271/6686 6249/6664
f 6264/6679 6270/6685 6248/6663
f 6248/6663 6270/6685 6260/6675
f 6253/6668 6266/6681 6257/6672
f 6257/6672 6266/6681 6268/6683
f 6249/6664 6271/6686 6252/6667
f 6252/6667 6271/6686 6265/6680
f 6254/6669 6259/6674 6272/6687
f 6272/6687 6259/6674 6273/6688
f 6266/6681 6265/6680 6270/6685
f 6270/6685 6265/6680 6271/6686
f 6268/6683 6266/6681 6264/6679
f 6264/6679 6266/6681 6270/6685
f 6261/6676 6268/6683 6263/6678
f 6263/6678 6268/6683 6264/6679
f 6269/6684 6262/6677 6263/6678
f 6263/6678 6262/6677 6261/6676
f 4186/4434 4185/4433 6274/6689
f 6274/6689 4185/4433 6275/6690
f 6241/6656 6276/6691 6242/6657
f 6242/6657 6276/6691 6269/6684
f 6258/6673 6244/6659 6277/6692
f 6277/6692 6244/6659 6278/6693
f 6256/6671 6279/6694 6241/6656
f 6241/6656 6279/6694 6276/6691
f 6259/6674 6258/6673 6273/6688
f 6273/6688 6258/6673 6277/6692
f 6243/6658 6267/6682 6244/6659
f 6244/6659 6267/6682 6278/6693
f 6276/6691 6267/6682 6269/6684
f 6269/6684 6267/6682 6262/6677
f 6254/6669 6272/6687 6255/6670
f 6255/6670 6272/6687 6280/6695
f 3865/4099 3713/3947 3888/4122
f 3888/4122 3713/3947 3685/3917
f 5242/5532 5233/5523 3892/4128
f 3892/4128 5233/5523 3711/3943
f 3900/4136 5243/5533 3892/4128
f 3892/4128 5243/5533 5242/5532
f 3734/3966 3866/4100 3900/4136
f 3900/4136 3866/4100 5243/5533
f 4117/4364 6281/6696 4118/4366
f 4118/4366 6281/6696 6282/6697
f 4118/4366 6282/6697 4278/4526
f 4278/4526 6282/6697 4879/5138
f 4717/4968 4887/5144 4718/4970
f 4718/4970 4887/5144 4280/4527
f 4792/5048 4278/4526 4882/5139
f 4882/5139 4278/4526 4879/5138
f 4795/5052 4792/5048 6283/6698
f 6283/6698 4792/5048 4882/5139
f 4852/5108 4851/5107 5012/5293
f 5012/5293 4851/5107 6284/6699
f 4856/5112 5207/5493 4857/5114
f 4857/5114 5207/5493 4858/5117
f 4860/5116 4279/4529 4857/5114
f 4857/5114 4279/4529 4854/5113
f 4718/4970 4280/4527 4860/5116
f 4860/5116 4280/4527 4279/4529
f 4864/5121 4863/5119 4745/4997
f 4745/4997 4863/5119 4742/4996
f 5366/5664 4867/5123 5011/5292
f 5011/5292 4867/5123 4866/5122
f 4871/5127 4884/5140 4872/5129
f 4872/5129 4884/5140 4883/5142
f 4872/5129 4883/5142 4117/4364
f 4117/4364 4883/5142 6281/6696
f 6284/6699 4851/5107 6283/6700
f 6283/6700 4851/5107 4795/5260
f 4852/5108 4866/5122 4853/5110
f 4853/5110 4866/5122 4865/5124
f 4871/5127 4870/5126 4856/5112
f 4856/5112 4870/5126 5207/5493
f 4717/4968 4716/4967 4864/5121
f 4864/5121 4716/4967 4861/5120
f 4868/5125 4867/5123 4862/5118
f 4862/5118 4867/5123 4863/5119
f 4268/4515 4855/5111 4269/4517
f 4269/4517 4855/5111 4854/5113
f 4281/4528 4274/4522 4282/4530
f 4282/4530 4274/4522 4765/5018
f 4744/4995 4743/4994 4907/5163
f 4907/5163 4743/4994 4904/5161
f 4874/5130 4881/5137 4820/5076
f 4820/5076 4881/5137 4880/5136
f 4885/5141 5013/5294 4886/5143
f 4886/5143 5013/5294 4980/5256
f 4888/5145 4275/4524 4281/4528
f 4281/4528 4275/4524 4274/4522
f 4902/5159 6282/6697 4903/5160
f 4903/5160 6282/6697 6281/6696
f 6283/6700 4979/5255 6284/6699
f 6284/6699 4979/5255 4978/5254
f 4282/4530 4765/5018 4269/4517
f 4269/4517 4765/5018 4266/4516
f 4880/5136 4879/5138 4902/5159
f 4902/5159 4879/5138 6282/6697
f 4903/5160 6281/6696 4886/5143
f 4886/5143 6281/6696 4883/5142
f 4882/5139 4881/5137 6283/6698
f 6283/6698 4881/5137 4979/5262
f 5013/5294 4885/5141 4267/4514
f 4267/4514 4885/5141 4268/4515
f 4888/5145 4887/5144 4744/4995
f 4744/4995 4887/5144 4745/4997
f 4410/4661 6285/6701 4411/4663
f 4411/4663 6285/6701 4812/5069
f 4750/5001 4749/5000 6286/6702
f 6286/6702 4749/5000 6287/6703
f 6289/6704 4695/4947 6288/6705
f 6288/6705 4695/4947 4255/4502
f 4750/5001 4675/4927 4751/5003
f 4751/5003 4675/4927 4965/5241
f 6290/6706 6291/6707 4963/5239
f 4963/5239 6291/6707 4960/5238
f 4807/5064 4806/5063 4411/4663
f 4411/4663 4806/5063 4408/4662
f 6292/6708 6293/6709 4959/5235
f 4959/5235 6293/6709 4956/5234
f 4958/5233 6294/6710 4959/5235
f 4959/5235 6294/6710 4955/5231
f 4962/5237 4964/5240 4963/5239
f 4963/5239 4964/5240 4805/5062
f 4962/5237 4961/5236 4751/5003
f 4751/5003 4961/5236 4748/5002
f 6296/6711 6297/6712 6295/6713
f 6295/6713 6297/6712 6298/6714
f 6299/6715 6300/6716 6288/6705
f 6288/6705 6300/6716 4735/4987
f 6302/6717 4961/5236 6301/6718
f 6301/6718 4961/5236 4960/5238
f 6304/6719 6287/6703 6303/6720
f 6303/6720 6287/6703 4749/5000
f 4968/5243 6305/6721 4969/5245
f 4969/5245 6305/6721 6306/6722
f 4413/4665 6308/6723 6307/6724
f 6307/6724 6308/6723 4900/5157
f 6301/6718 4960/5238 6309/6725
f 6309/6725 4960/5238 6291/6707
f 4412/4664 4408/4662 6310/6726
f 6310/6726 4408/4662 4806/5063
f 4696/4948 6311/6727 4256/4503
f 4256/4503 6311/6727 6312/6728
f 6303/6720 4749/5000 6313/6729
f 6313/6729 4749/5000 4748/5002
f 6313/6729 4748/5002 6302/6717
f 6302/6717 4748/5002 4961/5236
f 6315/6730 6316/6731 6314/6732
f 6314/6732 6316/6731 6317/6733
f 4084/4331 6318/6734 6315/6730
f 6315/6730 6318/6734 6316/6731
f 4083/4333 6319/6735 4084/4331
f 4084/4331 6319/6735 6318/6734
f 4112/4359 6320/6736 4083/4333
f 4083/4333 6320/6736 6319/6735
f 6322/6737 4138/4385 6321/6738
f 6321/6738 4138/4385 4137/4387
f 6324/6739 4128/4376 6323/6740
f 6323/6740 4128/4376 4127/4375
f 4127/4375 4193/4440 6323/6740
f 6323/6740 4193/4440 6325/6741
f 4193/4440 4891/5148 6325/6741
f 6325/6741 4891/5148 6326/6742
f 4891/5148 6327/6743 6326/6742
f 6326/6742 6327/6743 6328/6744
f 6327/6743 4824/5081 5227/5517
f 5227/5517 4824/5081 5228/5518
f 5231/5521 4684/4936 6329/6745
f 6329/6745 4684/4936 4683/4935
f 4683/4935 4099/4349 6329/6745
f 6329/6745 4099/4349 6330/6746
f 4099/4349 4102/4350 6330/6746
f 6330/6746 4102/4350 6331/6747
f 4174/4421 4826/5083 4429/4681
f 4429/4681 4826/5083 4829/5086
f 4173/4423 4741/4992 4174/4421
f 4174/4421 4741/4992 4826/5083
f 4180/4428 4738/4990 4173/4423
f 4173/4423 4738/4990 4741/4992
f 6332/6748 6333/6749 4180/4428
f 4180/4428 6333/6749 4738/4990
f 6274/6689 6334/6750 4186/4434
f 4186/4434 6334/6750 4188/4436
f 4181/4429 4825/5082 4180/4428
f 4180/4428 4825/5082 6332/6748
f 5044/5324 5213/5500 5045/5326
f 5045/5326 5213/5500 5165/5451
f 5046/5327 5087/5370 5047/5328
f 5047/5328 5087/5370 5222/5510
f 5077/5358 5063/5346 5078/5359
f 5078/5359 5063/5346 5198/5484
f 5081/5361 5099/5381 5082/5363
f 5082/5363 5099/5381 5194/5480
f 5095/5377 5074/5354 5096/5379
f 5096/5379 5074/5354 5073/5356
f 5373/5671 5170/5456 5096/5379
f 5096/5379 5170/5456 5093/5378
f 5375/5673 5171/5458 5373/5671
f 5373/5671 5171/5458 5170/5456
f 5047/5328 5222/5510 5375/5673
f 5375/5673 5222/5510 5171/5458
f 5046/5327 5038/5321 5376/5674
f 5376/5674 5038/5321 5067/7399
f 5377/5675 5086/5367 5376/5676
f 5376/5676 5086/5367 5085/5365
f 5045/5326 5165/5451 5377/5675
f 5377/5675 5165/5451 5086/5367
f 5378/5677 5214/5499 5044/5324
f 5044/5324 5214/5499 5213/5500
f 5077/5358 5034/5317 5378/5677
f 5378/5677 5034/5317 5214/5499
f 5082/5363 5194/5480 5078/5359
f 5078/5359 5194/5480 5035/5315
f 5081/5361 5080/5360 5379/5678
f 5379/5678 5080/5360 6335/6751
f 5379/5678 6335/6751 5095/5377
f 5095/5377 6335/6751 5074/5354
f 5032/5312 5080/5360 5033/5314
f 5033/5314 5080/5360 5079/5362
f 5040/5320 5017/5297 5041/7398
f 5041/5322 5017/7404 5016/5299
f 5050/5330 5043/5323 5051/5332
f 5051/5332 5043/5323 5042/5325
f 5065/5345 5023/5303 5066/5347
f 5066/5347 5023/5303 5022/5305
f 5050/5330 5049/5329 5065/5345
f 5065/5345 5049/5329 5023/5303
f 5041/5322 5016/5299 5068/5349
f 5068/5349 5016/5299 5020/5301
f 5071/5351 5374/5672 5072/5353
f 5072/5353 5374/5672 5200/5486
f 5075/5355 5156/5441 5076/5357
f 5076/5357 5156/5441 5155/5443
f 5162/5448 5212/5498 5068/5349
f 5068/5349 5212/5498 5067/5348
f 5075/5355 5074/5354 5192/5478
f 5192/5478 5074/5354 6335/6751
f 5066/5347 5022/5305 5199/5485
f 5199/5485 5022/5305 5196/5482
f 5076/5357 5155/5443 5072/5353
f 5072/5353 5155/5443 5069/5352
f 5040/5320 5039/5319 5071/5351
f 5071/5351 5039/5319 5374/5672
f 5162/5448 5161/5447 5051/5332
f 5051/5332 5161/5447 5048/5331
f 5192/5478 6335/6751 5032/5312
f 5032/5312 6335/6751 5080/5360
f 5199/5485 5196/5482 5033/5314
f 5033/5314 5196/5482 5030/5313
f 5018/5298 5211/5497 5019/5300
f 5019/5300 5211/5497 5408/5707
f 5019/5300 5408/5707 5021/5302
f 5021/5302 5408/5707 5163/5449
f 5024/5304 5057/5337 5025/5306
f 5025/5306 5057/5337 5415/5715
f 5028/5308 5048/5331 5029/5310
f 5029/5310 5048/5331 5161/5447
f 5054/5334 5031/5311 5055/5336
f 5055/5336 5031/5311 5030/5313
f 5024/5304 5023/5303 5058/5339
f 5058/5339 5023/5303 5049/5329
f 5061/5341 5070/5350 5062/5343
f 5062/5343 5070/5350 5069/5352
f 5157/5442 5438/5738 5158/5444
f 5158/5444 5438/5738 5442/5741
f 5160/5446 5191/5477 5054/5334
f 5054/5334 5191/5477 5031/5311
f 5029/5310 5161/5447 5021/5302
f 5021/5302 5161/5447 5020/5301
f 5025/5306 5415/5715 5197/5483
f 5197/5483 5415/5715 5220/5506
f 5158/5444 5442/5741 5062/5343
f 5062/5343 5442/5741 5059/5342
f 5018/5298 5017/7404 5061/7396
f 5061/5341 5017/5297 5070/5350
f 5160/5446 5159/5445 5157/5442
f 5157/5442 5159/5445 5438/5738
f 5028/5308 5027/5307 5058/5339
f 5058/5339 5027/5307 5056/5338
f 5055/5336 5030/5313 5197/5483
f 5197/5483 5030/5313 5196/5482
f 5409/5708 5380/5681 5410/5709
f 5410/5709 5380/5681 6336/6752
f 5026/5309 5413/5713 5027/5307
f 5027/5307 5413/5713 5412/5711
f 5396/5694 5417/5716 5393/5692
f 5393/5692 5417/5716 5416/5714
f 5416/5714 5057/5337 5419/5718
f 5419/5718 5057/5337 5056/5338
f 5417/5716 5396/5694 5426/5725
f 5426/5725 5396/5694 5420/5719
f 5427/5726 5423/5721 5428/5727
f 5428/5727 5423/5721 5422/5723
f 5427/5726 5059/7397 5430/7405
f 5430/5729 5059/5342 5442/5741
f 5409/5708 5408/5707 5433/5732
f 5433/5732 5408/5707 5211/5497
f 5433/5732 5211/5497 5428/5727
f 5428/5727 5211/5497 5060/5340
f 5412/5711 5411/5710 5419/5718
f 5419/5718 5411/5710 5418/5717
f 5436/5734 5053/5333 5437/5736
f 5437/5736 5053/5333 5052/5335
f 5439/5737 5402/5700 5440/5739
f 5440/5739 5402/5700 5401/7401
f 5436/5734 5435/5733 5439/5737
f 5439/5737 5435/5733 5402/5700
f 5410/5709 6336/6752 5413/5713
f 5413/5713 6336/6752 5414/5712
f 5440/5739 5401/7401 5430/5729
f 5430/7405 5401/5702 5429/5728
f 5426/5725 5420/5719 5437/5736
f 5437/5736 5420/5719 5434/5735
f 5382/5680 5432/5730 5383/5682
f 5383/5682 5432/5730 5384/5685
f 5386/5684 6336/6752 5383/5682
f 5383/5682 6336/6752 5380/5681
f 6336/6752 5386/5684 5414/5712
f 5414/5712 5386/5684 5388/5687
f 5391/5689 5418/5717 5392/5691
f 5392/5691 5418/5717 5411/5710
f 5705/6012 5395/5695 5704/6011
f 5704/6011 5395/5695 5394/5693
f 5399/5697 5435/5733 5400/5699
f 5400/5699 5435/5733 5434/5735
f 5403/5701 5441/5740 5404/5703
f 5404/5703 5441/5740 5405/5706
f 5407/5705 5429/5728 5404/5703
f 5404/5703 5429/5728 5401/5702
f 5395/5695 5705/6012 5421/5720
f 5421/5720 5705/6012 5748/6070
f 5424/5722 5706/6013 5425/5724
f 5425/5724 5706/6013 5431/5731
f 5391/5689 5390/5688 5394/5693
f 5394/5693 5390/5688 5704/6011
f 5392/5691 5388/5687 5389/5690
f 5389/5690 5388/5687 5387/5686
f 5382/5680 5381/5679 5425/5724
f 5425/5724 5381/5679 5422/5723
f 5407/5705 5406/5704 5424/5722
f 5424/5722 5406/5704 5706/6013
f 5403/7400 5402/5700 5399/5697
f 5399/5697 5402/5700 5435/5733
f 5421/5720 5748/6070 5400/5699
f 5400/5699 5748/6070 5397/5698
f 4097/4344 4721/4973 4098/4346
f 4098/4346 4721/4973 4231/4481
f 4233/4480 5273/6753 4098/4346
f 4098/4346 5273/6753 4095/4345
f 6337/6754 6338/6755 4785/5038
f 4785/5038 6338/6755 4786/5039
f 4076/4323 4780/5034 4073/4321
f 4073/4321 4780/5034 4781/5035
f 4782/5036 4190/4438 4781/5035
f 4781/5035 4190/4438 4073/4321
f 4783/5037 4901/5158 4782/5036
f 4782/5036 4901/5158 4190/4438
f 4780/5034 4076/4323 4097/4344
f 4097/4344 4076/4323 4721/4973
f 6337/6754 2879/6756 4701/4952
f 4701/4952 2879/6756 2878/6757
f 5280/5573 6339/6758 5272/5564
f 5272/5564 6339/6758 6340/6759
f 5282/5575 5281/5574 6341/6760
f 6341/6760 5281/5574 6342/6761
f 4109/4356 6302/6717 4110/4358
f 4110/4358 6302/6717 6301/6718
f 4283/4531 6304/6719 4284/4532
f 4284/4532 6304/6719 6303/6720
f 6305/6721 4379/4630 6306/6722
f 6306/6722 4379/4630 4378/4632
f 4110/4358 6301/6718 4428/4680
f 4428/4680 6301/6718 6309/6725
f 6310/6726 4688/4941 4412/4664
f 4412/4664 4688/4941 4687/4939
f 4284/4532 6303/6720 4753/5005
f 4753/5005 6303/6720 6313/6729
f 4753/5005 6313/6729 4109/4356
f 4109/4356 6313/6729 6302/6717
f 6343/6762 5226/5516 4428/4680
f 4428/4680 5226/5516 4427/4679
f 4147/4397 4900/5157 4416/4668
f 4416/4668 4900/5157 6308/6723
f 6312/6728 6311/6727 4241/4489
f 4241/4489 6311/6727 4720/4972
f 5223/5511 6344/6763 4702/4954
f 4702/4954 6344/6763 4699/4953
f 4221/4468 4220/4467 6345/6764
f 6345/6764 4220/4467 6346/6765
f 5276/5568 5275/5567 6347/6766
f 6347/6766 5275/5567 6348/6767
f 5275/5567 4728/4979 6348/6767
f 6348/6767 4728/4979 6349/6768
f 4727/4978 6350/6769 5284/5576
f 5284/5576 6350/6769 5285/5577
f 6351/6770 6352/6771 6354/6772
f 6354/6772 6352/6771 6353/6773
f 5313/5608 5312/5610 5292/5584
f 5292/5584 5312/5610 5293/5585
f 5312/5610 5344/5642 5293/5585
f 5293/5585 5344/5642 5337/5632
f 5344/5642 4914/5170 5337/5632
f 5337/5632 4914/5170 4916/5173
f 4914/5170 4913/5169 4916/5173
f 4916/5173 4913/5169 4917/5174
f 4913/5169 6355/6774 4917/5174
f 4917/5174 6355/6774 4978/5254
f 6356/6775 6357/6776 6284/6699
f 6284/6699 6357/6776 5012/5293
f 6357/6776 6358/6777 5012/5293
f 5012/5293 6358/6777 5011/5292
f 5011/5292 6358/6777 5366/5664
f 5366/5664 6358/6777 6359/6778
f 6360/6779 4742/4996 6359/6778
f 6359/6778 4742/4996 5366/5664
f 4743/4994 6361/6780 4904/5161
f 4904/5161 6361/6780 5364/5661
f 5363/5663 4905/5162 5364/5661
f 5364/5661 4905/5162 4904/5161
f 5363/5663 6362/6781 4905/5162
f 4905/5162 6362/6781 4207/4456
f 6362/6781 6363/6782 4207/4456
f 4207/4456 6363/6782 4208/4455
f 6363/6782 5342/5638 4208/4455
f 4208/4455 5342/5638 5330/5626
f 5342/5638 5341/5637 5330/5626
f 5330/5626 5341/5637 4244/4493
f 5341/5637 6364/6783 4244/4493
f 4244/4493 6364/6783 4245/4492
f 6364/6783 6365/6784 4245/4492
f 4245/4492 6365/6784 4246/4494
f 6366/6785 6367/6786 4253/4501
f 4253/4501 6367/6786 4250/4500
f 4214/4462 6368/6787 4211/4461
f 4211/4461 6368/6787 4380/4631
f 4380/4631 4379/4630 4211/4461
f 4211/4461 4379/4630 4283/4531
f 4379/4630 6305/6721 4283/4531
f 4283/4531 6305/6721 6304/6719
f 6305/6721 4968/5243 6304/6719
f 6304/6719 4968/5243 6287/6703
f 4968/5243 4967/5242 6287/6703
f 6287/6703 4967/5242 6286/6702
f 4967/5242 6297/6712 6286/6702
f 6286/6702 6297/6712 4676/4928
f 6296/6711 4376/4627 4288/4536
f 4288/4536 4376/4627 4285/4535
f 4376/4627 4373/4626 4285/4535
f 4285/4535 4373/4626 4290/4539
f 6369/6788 6370/6789 6372/6790
f 6372/6790 6370/6789 6371/6791
f 5245/5537 6373/6792 5246/5535
f 5246/5535 6373/6792 6374/6793
f 4317/4569 6375/6794 4318/4570
f 4318/4570 6375/6794 6376/6795
f 4331/4583 6377/6796 4332/4584
f 4332/4584 6377/6796 6378/6797
f 6379/6798 4333/4585 6376/6795
f 6376/6795 4333/4585 4318/4570
f 4343/4594 6380/6799 4344/4596
f 4344/4596 6380/6799 6381/6800
f 4347/4598 6382/6801 4348/4600
f 4348/4600 6382/6801 6383/6802
f 4374/4625 6371/6791 4331/4583
f 4331/4583 6371/6791 6377/6796
f 4333/4585 6379/6798 4426/4678
f 4426/4678 6379/6798 6384/6803
f 4690/4942 6385/6804 4347/4598
f 4347/4598 6385/6804 6382/6801
f 4332/4584 6378/6797 4317/4569
f 4317/4569 6378/6797 6375/6794
f 4922/5179 6386/6805 4923/5180
f 4923/5180 6386/6805 6387/6806
f 6388/6807 6389/6808 4375/4628
f 4375/4628 6389/6808 6390/6809
f 6355/6774 6356/6775 4978/5254
f 4978/5254 6356/6775 6284/6699
f 4742/4996 6360/6779 4743/4994
f 4743/4994 6360/6779 6361/6780
f 6391/6810 4238/4488 6392/6811
f 6392/6811 4238/4488 4719/4971
f 6392/6811 4719/4971 6393/6812
f 6393/6812 4719/4971 5296/5589
f 6395/6813 6396/6814 6394/6815
f 6394/6815 6396/6814 6397/6816
f 6399/6817 6400/6818 6398/6819
f 6398/6819 6400/6818 6401/6820
f 6402/6821 5302/5595 6403/6822
f 6403/6822 5302/5595 5303/5596
f 5303/5596 5321/5616 6403/6822
f 6403/6822 5321/5616 6404/6823
f 5320/5617 6405/6824 5321/5616
f 5321/5616 6405/6824 6404/6823
f 5319/5614 6406/6825 5350/5648
f 5350/5648 6406/6825 5351/5649
f 5319/5614 5318/5615 6406/6825
f 6406/6825 5318/5615 6407/6826
f 5288/5580 4197/4444 6408/6827
f 6408/6827 4197/4444 6409/6828
f 4217/4464 4216/4463 6410/6829
f 6410/6829 4216/4463 6411/6830
f 5227/5517 6412/6831 6327/6743
f 6327/6743 6412/6831 6328/6744
f 4892/5149 6413/6832 5227/5517
f 5227/5517 6413/6832 6412/6831
f 4228/4475 6414/6833 4892/5149
f 4892/5149 6414/6833 6413/6832
f 4227/4477 6415/6834 4228/4475
f 4228/4475 6415/6834 6414/6833
f 4248/4497 6416/6835 4227/4477
f 4227/4477 6416/6835 6415/6834
f 4247/4495 6417/6836 4248/4497
f 4248/4497 6417/6836 6416/6835
f 6417/6836 4247/4495 6419/6837
f 6419/6837 4247/4495 6418/6838
f 6419/6837 6418/6838 6421/6839
f 6421/6839 6418/6838 6420/6840
f 6422/6841 5301/5594 6423/6842
f 6423/6842 5301/5594 5300/5593
f 6423/6842 5300/5593 6424/6843
f 6424/6843 5300/5593 6399/6817
f 6408/6827 6409/6828 6398/6819
f 6398/6819 6409/6828 6425/6844
f 6426/6845 6427/6846 6397/6816
f 6397/6816 6427/6846 6394/6815
f 6428/6847 4224/4471 6429/6848
f 6429/6848 4224/4471 4223/4472
f 6347/6766 6346/6765 5276/5568
f 5276/5568 6346/6765 4220/4467
f 6346/6765 6347/6766 6341/6760
f 6341/6760 6347/6766 6339/6758
f 5280/5573 5278/5571 5282/5575
f 5282/5575 5278/5571 4236/4483
f 4896/5153 5224/5514 4684/4936
f 4684/4936 5224/5514 4681/4933
f 4132/4379 4135/4384 4896/5153
f 4896/5153 4135/4384 5224/5514
f 4131/4381 4136/4383 4132/4379
f 4132/4379 4136/4383 4135/4384
f 4226/4474 4754/5006 4131/4381
f 4131/4381 4754/5006 4136/4383
f 4251/4498 4213/4460 4226/4474
f 4226/4474 4213/4460 4754/5006
f 4250/4500 4214/4462 4251/4498
f 4251/4498 4214/4462 4213/4460
f 4250/4500 6367/6786 4214/4462
f 4214/4462 6367/6786 6368/6787
f 6367/6786 4910/5166 6368/6787
f 6368/6787 4910/5166 4737/4989
f 4909/5165 5297/5590 4736/4988
f 4736/4988 5297/5590 5296/5589
f 5297/5590 6395/6813 5296/5589
f 5296/5589 6395/6813 6393/6812
f 6427/6846 6430/6849 6394/6815
f 6394/6815 6430/6849 6431/6850
f 6429/6848 4383/4635 6428/6847
f 6428/6847 4383/4635 4382/4634
f 4219/4469 5277/5570 4220/4467
f 4220/4467 5277/5570 5276/5568
f 4222/4470 4697/4949 4383/4635
f 4383/4635 4697/4949 4218/4466
f 6345/6764 4699/4953 4221/4468
f 4221/4468 4699/4953 6344/6763
f 6342/6761 4700/4951 6345/6764
f 6345/6764 4700/4951 4699/4953
f 4235/4482 4786/5039 5281/5574
f 5281/5574 4786/5039 6338/6755
f 4234/4484 4787/5041 4235/4482
f 4235/4482 4787/5041 4786/5039
f 5279/5572 5278/5571 6432/6851
f 6432/6851 5278/5571 5271/5563
f 4237/4485 5279/5572 6433/6852
f 6433/6852 5279/5572 6432/6851
f 4787/5041 4234/4484 6433/6852
f 6433/6852 4234/4484 4237/4485
f 6435/6853 6436/6854 6434/6855
f 6434/6855 6436/6854 6437/6856
f 6359/6778 6438/6857 6360/6779
f 6360/6779 6438/6857 6437/6856
f 6439/6858 6440/6859 6441/6860
f 6441/6860 6440/6859 6438/6857
f 6443/6861 6439/6858 6442/6862
f 6442/6862 6439/6858 6441/6860
f 6357/6776 6356/6775 6442/6862
f 6442/6862 6356/6775 6444/6863
f 6444/6863 6446/6864 6445/6865
f 6445/6865 6446/6864 6447/6866
f 4912/5171 6446/6864 4913/5169
f 4913/5169 6446/6864 6355/6774
f 6361/6780 6436/6854 5364/5661
f 5364/5661 6436/6854 5365/5662
f 5319/5614 5350/5648 5316/5612
f 5316/5612 5350/5648 6448/6867
f 4832/5088 6449/6868 5350/5648
f 5350/5648 6449/6868 6448/6867
f 4831/5090 6450/6869 4832/5088
f 4832/5088 6450/6869 6449/6868
f 5354/5652 6451/6870 5320/5617
f 5320/5617 6451/6870 6405/6824
f 4265/4513 6452/6871 5354/5652
f 5354/5652 6452/6871 6451/6870
f 4264/4511 6453/6872 4265/4513
f 4265/4513 6453/6872 6452/6871
f 6450/6869 4831/5090 6447/6866
f 6447/6866 4831/5090 6445/6865
f 4263/4510 6435/6853 4264/4511
f 4264/4511 6435/6853 6434/6855
f 6454/6873 6453/6872 6439/6858
f 6439/6858 6453/6872 6440/6859
f 6439/6858 6443/6861 6454/6873
f 6454/6873 6443/6861 4834/5091
f 4833/5089 6455/6874 4834/5091
f 4834/5091 6455/6874 6454/6873
f 5351/5649 6456/6875 4833/5089
f 4833/5089 6456/6875 6455/6874
f 6457/6876 6391/6810 6458/6877
f 6458/6877 6391/6810 6392/6811
f 6458/6877 6392/6811 6431/6850
f 6431/6850 6392/6811 6393/6812
f 5298/5591 6396/6814 5297/5590
f 5297/5590 6396/6814 6395/6813
f 6402/6821 6400/6818 5302/5595
f 5302/5595 6400/6818 5299/5592
f 6402/6821 6403/6822 6459/6878
f 6459/6878 6403/6822 6460/6879
f 6460/6879 6403/6822 6461/6880
f 6461/6880 6403/6822 6404/6823
f 6405/6824 6462/6881 6404/6823
f 6404/6823 6462/6881 6461/6880
f 6406/6825 6462/6881 5351/5649
f 5351/5649 6462/6881 6456/6875
f 6406/6825 6407/6826 6462/6881
f 6462/6881 6407/6826 6461/6880
f 6407/6826 6463/6882 6461/6880
f 6461/6880 6463/6882 6460/6879
f 6463/6882 6464/6883 6460/6879
f 6460/6879 6464/6883 6459/6878
f 6464/6883 6465/6884 6459/6878
f 6459/6878 6465/6884 6401/6820
f 6430/6849 6466/6885 6431/6850
f 6431/6850 6466/6885 6458/6877
f 6466/6885 6410/6829 6458/6877
f 6458/6877 6410/6829 6457/6876
f 6410/6829 6411/6830 6457/6876
f 6457/6876 6411/6830 6467/6886
f 6396/6814 6424/6843 6397/6816
f 6397/6816 6424/6843 6425/6844
f 6393/6812 6395/6813 6431/6850
f 6431/6850 6395/6813 6394/6815
f 6451/6870 6456/6875 6405/6824
f 6405/6824 6456/6875 6462/6881
f 6452/6871 6455/6874 6451/6870
f 6451/6870 6455/6874 6456/6875
f 6453/6872 6454/6873 6452/6871
f 6452/6871 6454/6873 6455/6874
f 6443/6861 6445/6865 4834/5091
f 4834/5091 6445/6865 4831/5090
f 6440/6859 6453/6872 6434/6855
f 6434/6855 6453/6872 4264/4511
f 6468/6887 5306/5599 5360/5658
f 5360/5658 5306/5599 5305/5598
f 6469/6888 4124/4372 6468/6887
f 6468/6887 4124/4372 5306/5599
f 6470/6889 4125/4374 6469/6888
f 6469/6888 4125/4374 4124/4372
f 6471/6890 5291/5606 6470/6889
f 6470/6889 5291/5606 4125/4374
f 6353/6773 5292/5584 6471/6891
f 6471/6891 5292/5584 5291/5586
f 5292/5584 6353/6773 5313/5608
f 5313/5608 6353/6773 6352/6771
f 5347/5644 5314/5609 6352/6771
f 6352/6771 5314/5609 5313/5608
f 5353/5651 5318/5615 5346/5646
f 5346/5646 5318/5615 5317/5613
f 5334/5630 6468/6887 5358/5656
f 5358/5656 6468/6887 5360/5658
f 5324/5619 6469/6888 5334/5630
f 5334/5630 6469/6888 6468/6887
f 5323/5621 6470/6889 5324/5619
f 5324/5619 6470/6889 6469/6888
f 5343/5640 6471/6890 5323/5621
f 5323/5621 6471/6890 6470/6889
f 6354/6772 6353/6773 5343/6892
f 5343/6892 6353/6773 6471/6891
f 6348/6767 6349/6768 4270/6893
f 4270/6893 6349/6768 5311/6894
f 5272/5564 6340/6759 5273/5566
f 5273/5566 6340/6759 4272/6895
f 6432/6851 5271/5563 4232/6896
f 4232/6896 5271/5563 4233/5565
f 4294/4541 6432/6851 4295/4543
f 4295/4543 6432/6851 4232/6896
f 6432/6851 4294/4541 6433/6852
f 6433/6852 4294/4541 4301/4548
f 4301/4548 4300/4550 6433/6852
f 6433/6852 4300/4550 4787/5041
f 4704/4956 4784/5040 4300/4550
f 4300/4550 4784/5040 4787/5041
f 4704/4956 3013/6897 4784/5040
f 4784/5040 3013/6897 1307/5042
f 5103/5385 6472/6898 5104/5387
f 5104/5387 6472/6898 5202/5487
f 5108/5390 5116/5398 5105/5388
f 5105/5388 5116/5398 5115/5400
f 5111/5393 5124/5406 5112/5395
f 5112/5395 5124/5406 5123/5408
f 5154/5440 5205/5491 5105/5388
f 5105/5388 5205/5491 5106/5389
f 5167/5452 5180/5466 5168/5454
f 5168/5454 5180/5466 5185/5471
f 5175/5460 5188/5473 5176/5462
f 5176/5462 5188/5473 5187/5475
f 5112/5395 5123/5408 5178/5464
f 5178/5464 5123/5408 5120/5402
f 5167/5452 5090/5372 5183/5469
f 5183/5469 5090/5372 5089/5374
f 5210/5496 5151/5435 5183/5469
f 5183/5469 5151/5435 5181/5468
f 5216/5502 5138/5421 5217/5503
f 5217/5503 5138/5421 5137/5423
f 5218/5504 5119/5404 5219/5505
f 5219/5505 5119/5404 5221/5507
f 5218/5504 5178/5464 5119/5404
f 5119/5404 5178/5464 5120/5402
f 5217/5503 5137/5423 5104/5387
f 5104/5387 5137/5423 5101/5386
f 5116/5398 5108/5390 5221/5507
f 5221/5507 5108/5390 5219/5505
f 5111/5509 5110/5436 5210/5496
f 5210/5496 5110/5436 5151/5435
f 5154/5440 5153/5439 5103/5385
f 5103/5385 5153/5439 6472/6898
f 5216/5502 5215/5501 5176/5462
f 5176/5462 5215/5501 5173/5461
f 5175/5460 5174/5459 5168/5454
f 5168/5454 5174/5459 5166/5453
f 5091/5373 5172/5457 5092/5375
f 5092/5375 5172/5457 5208/5494
f 5117/5399 5037/5318 5118/5401
f 5118/5401 5037/5318 5036/5316
f 5121/5403 5164/5450 5122/5405
f 5122/5405 5164/5450 5133/5418
f 5125/5407 5084/5364 5126/5409
f 5126/5409 5084/5364 5083/5366
f 5129/5411 5174/5459 5130/5413
f 5130/5413 5174/5459 5173/5461
f 5131/5414 5202/5487 5132/5415
f 5132/5415 5202/5487 6472/6898
f 5135/5417 5221/5507 5122/5405
f 5122/5405 5221/5507 5119/5404
f 5125/5419 5124/5508 5136/5420
f 5136/5420 5124/5508 5209/5495
f 5126/5409 5083/5366 5121/5403
f 5121/5403 5083/5366 5164/5450
f 5118/5401 5036/5316 5195/5481
f 5195/5481 5036/5316 5193/5479
f 5131/5414 5097/5382 5203/5489
f 5203/5489 5097/5382 5114/5396
f 5132/5415 6472/6898 5195/5481
f 5195/5481 6472/6898 5153/5439
f 5136/5420 5209/5495 5092/5375
f 5092/5375 5209/5495 5089/5374
f 5135/5417 5134/5416 5117/5399
f 5117/5399 5134/5416 5037/5318
f 5362/5660 5206/5492 5130/5413
f 5130/5413 5206/5492 5127/5412
f 5372/5670 5371/5669 5128/5410
f 5128/5410 5371/5669 5129/5411
f 5371/5669 5372/5670 5091/5373
f 5091/5373 5372/5670 5172/5457
f 5362/5660 5215/5501 5203/5489
f 5203/5489 5215/5501 5201/5488
f 6463/6882 6407/6826 5353/5651
f 5353/5651 6407/6826 5318/5615
f 6464/6883 6463/6882 5352/5650
f 5352/5650 6463/6882 5353/5651
f 6408/6827 6465/6884 5288/5580
f 5288/5580 6465/6884 5289/5581
f 4196/4443 4224/4471 6426/6845
f 6426/6845 4224/4471 6427/6846
f 6430/6849 6427/6846 6428/6847
f 6428/6847 6427/6846 4224/4471
f 6466/6885 6430/6849 4382/4634
f 4382/4634 6430/6849 6428/6847
f 6410/6829 6466/6885 4217/4464
f 4217/4464 6466/6885 4382/4634
f 4240/4487 4239/4486 3015/6899
f 3015/6899 4239/4486 3016/6900
f 4254/4504 4257/4505 3017/6901
f 3017/6901 4257/4505 3018/6902
f 6473/6903 6474/6904 4732/4986
f 4732/4986 6474/6904 6475/6905
f 6474/6904 6374/6793 6475/6905
f 6475/6905 6374/6793 6373/6792
f 5246/5535 6374/6793 3022/6906
f 3022/6906 6374/6793 3023/6907
f 4254/4504 6299/6715 4255/4502
f 4255/4502 6299/6715 6288/6705
f 6473/6903 6300/6716 3024/6908
f 3024/6908 6300/6716 3025/6909
f 6476/6910 4257/4505 6312/6728
f 6312/6728 4257/4505 4256/4503
f 4240/4487 6476/6910 4241/4489
f 4241/4489 6476/6910 6312/6728
f 6477/6911 4239/4486 6391/6810
f 6391/6810 4239/4486 4238/4488
f 6467/6886 6477/6911 6457/6876
f 6457/6876 6477/6911 6391/6810
f 6411/6830 3029/6912 6467/6886
f 6467/6886 3029/6912 3028/6913
f 4216/4463 3030/6914 6411/6830
f 6411/6830 3030/6914 3029/6912
f 6479/6915 6480/6916 6478/6917
f 6478/6917 6480/6916 6481/6918
f 6483/6919 6484/6920 6482/6921
f 6482/6921 6484/6920 6485/6922
f 6486/6923 6487/6924 4102/4350
f 4102/4350 6487/6924 6331/6747
f 6483/6919 6488/6925 6478/6917
f 6478/6917 6488/6925 6489/6926
f 4429/4681 4829/5086 6490/6927
f 6490/6927 4829/5086 6479/6915
f 6491/6928 6486/6923 4101/4348
f 4101/4348 6486/6923 4102/4350
f 4895/5152 6491/6928 4899/5155
f 4899/5155 6491/6928 4101/4348
f 4160/4407 6488/6925 4157/4405
f 4157/4405 6488/6925 6492/6929
f 6489/6926 4087/4335 6490/6927
f 6490/6927 4087/4335 4090/4337
f 4267/4514 4261/4509 5013/5294
f 5013/5294 4261/4509 4260/4507
f 4258/4508 4261/4509 5328/5624
f 5328/5624 4261/4509 4975/5251
f 4261/4509 4267/4514 4975/5251
f 4975/5251 4267/4514 4266/4516
f 5367/5665 3793/4024 3912/4151
f 3912/4151 3793/4024 3575/3807
f 6494/6930 3616/3848 6493/6931
f 6493/6931 3616/3848 3795/4027
f 6496/6932 3589/3820 6495/6933
f 6495/6933 3589/3820 3588/3822
f 6495/6933 3588/3822 5368/5666
f 5368/5666 3588/3822 3794/4026
f 3841/4074 3840/4075 3050/3231
f 3050/3231 3840/4075 3051/3230
f 3912/4151 3911/4150 3052/3233
f 3052/3233 3911/4150 3053/3232
f 3929/4170 3930/4171 3054/3235
f 3054/3235 3930/4171 3055/3234
f 5370/5667 3930/4171 3916/4154
f 3916/4154 3930/4171 3923/4165
f 3938/4178 5369/5668 3807/4039
f 3807/4039 5369/5668 3915/4155
f 3589/3820 6496/6932 3806/4037
f 3806/4037 6496/6932 3937/4179
f 3938/4178 3937/4179 3056/3237
f 3056/3237 3937/4179 3057/3236
f 3051/3230 3840/4075 3058/3238
f 3058/3238 3840/4075 3943/4186
f 3730/3961 4808/5065 3727/3959
f 3727/3959 4808/5065 3943/4186
f 3820/4054 3951/4198 3795/4027
f 3795/4027 3951/4198 6493/6931
f 3951/4198 3841/4074 3059/3239
f 3059/3239 3841/4074 3050/3231
f 3911/4150 3574/3805 6494/6930
f 6494/6930 3574/3805 3616/3848
f 3823/4056 3929/4170 3824/4058
f 3824/4058 3929/4170 3952/4199
f 4061/4308 4060/4307 3060/3241
f 3060/3241 4060/4307 3061/3240
f 6497/6934 6498/6935 4901/5158
f 4901/5158 6498/6935 4790/5046
f 6333/6749 6499/6936 4738/4990
f 4738/4990 6499/6936 4739/4991
f 6500/6937 6501/6938 6314/6732
f 6314/6732 6501/6938 4418/4670
f 6502/6939 6275/6690 4417/4669
f 4417/4669 6275/6690 4185/4433
f 6503/6940 6497/6934 4783/5037
f 4783/5037 6497/6934 4901/5158
f 6498/6935 4060/4307 4790/5046
f 4790/5046 4060/4307 4059/4309
f 4808/5065 4061/4308 3069/3249
f 3069/3249 4061/4308 3060/3241
f 5367/5665 3071/3251 5368/5666
f 5368/5666 3071/3251 3070/3250
f 5369/5668 3073/3253 5370/5667
f 5370/5667 3073/3253 3072/3252
f 6274/6689 6275/6690 3074/3255
f 3074/3255 6275/6690 3075/3254
f 6499/6936 6504/6941 4739/4991
f 4739/4991 6504/6941 6317/6733
f 6333/6749 6332/6748 3077/3257
f 3077/3257 6332/6748 3078/3258
f 6334/6750 6274/6689 3079/3259
f 3079/3259 6274/6689 3074/3255
f 6332/6748 4825/5082 3078/3258
f 3078/3258 4825/5082 3080/3260
f 6334/6750 6503/6940 4188/4436
f 4188/4436 6503/6940 4783/5037
f 4825/5082 4689/4940 3080/3260
f 3080/3260 4689/4940 1330/1340
f 6506/6942 4747/4999 6505/6943
f 6505/6943 4747/4999 4746/4998
f 6505/6943 6507/6944 6506/6942
f 6506/6942 6507/6944 6508/6945
f 4297/4544 6509/6946 4920/5177
f 4920/5177 6509/6946 6510/6947
f 4296/4546 6511/6948 4297/4544
f 4297/4544 6511/6948 6509/6946
f 6506/6942 6508/6945 4319/4573
f 4319/4573 6508/6945 6512/6949
f 4372/4623 4371/4624 6514/6950
f 6514/6950 4371/4624 6513/6951
f 6511/6948 4296/4546 5251/5543
f 5251/5543 4296/4546 4305/4553
f 5251/5543 5250/5542 6511/6948
f 6511/6948 5250/5542 6515/6952
f 6516/6953 6509/6946 6515/6952
f 6515/6952 6509/6946 6511/6948
f 6517/6954 6507/6944 6519/6955
f 6519/6955 6507/6944 6518/6956
f 6512/6949 6520/6957 6513/6951
f 6513/6951 6520/6957 6514/6950
f 6507/6944 6517/6954 6508/6945
f 6508/6945 6517/6954 6521/6958
f 5249/5539 6523/6959 6522/6960
f 6522/6960 6523/6959 6524/6961
f 6525/6962 6370/6789 5253/5544
f 5253/5544 6370/6789 6526/6963
f 4370/4622 4323/4577 4371/4624
f 4371/4624 4323/4577 4326/4578
f 4370/4622 3103/6964 4323/4577
f 4323/4577 3103/6964 1541/5290
f 6521/6958 6517/6954 6527/6965
f 6527/6965 6517/6954 6519/6955
f 6520/6957 6528/6966 6514/6950
f 6514/6950 6528/6966 6529/6967
f 6531/6968 6532/6969 6530/6970
f 6530/6970 6532/6969 6533/6971
f 5250/5542 6534/6972 6515/6952
f 6515/6952 6534/6972 6535/6973
f 6530/6970 6533/6971 6536/6974
f 6536/6974 6533/6971 6537/6975
f 6526/6963 6538/6976 6534/6972
f 6534/6972 6538/6976 6537/6975
f 6515/6952 6535/6973 6516/6953
f 6516/6953 6535/6973 6539/6977
f 4325/4576 4321/4572 4326/4578
f 4326/4578 4321/4572 4320/4571
f 4371/4624 4326/4578 6513/6951
f 6513/6951 4326/4578 4320/4571
f 6531/6968 4731/4983 6541/6978
f 6541/6978 4731/4983 6540/6979
f 4731/4983 4730/4982 6540/6979
f 6540/6979 4730/4982 6542/6980
f 4730/4982 3121/6981 6542/6980
f 6542/6980 3121/6981 3120/6982
f 6530/6970 4328/4580 6531/6968
f 6531/6968 4328/4580 4731/4983
f 4328/4580 6530/6970 4329/4582
f 4329/4582 6530/6970 6536/6974
f 4329/4582 6536/6974 6524/6961
f 6524/6961 6536/6974 6543/6983
f 6544/6984 6545/6985 6522/6960
f 6522/6960 6545/6985 5248/5538
f 6389/6808 6388/6807 5245/5537
f 5245/5537 6388/6807 6373/6792
f 6388/6807 6546/6986 6373/6792
f 6373/6792 6546/6986 6475/6905
f 4733/4984 6546/6986 6295/6713
f 6295/6713 6546/6986 4377/4629
f 4732/4986 6475/6905 4733/4984
f 4733/4984 6475/6905 6546/6986
f 4393/4646 4432/4684 4394/4645
f 4394/4645 4432/4684 4435/4686
f 4434/4687 4672/4923 4842/5098
f 4842/5098 4672/4923 4671/4925
f 4440/4694 4439/4691 4441/4692
f 4441/4692 4439/4691 4438/4689
f 4436/4690 4450/4702 4437/4688
f 4437/4688 4450/4702 4398/4650
f 4447/4698 4444/4696 4448/4700
f 4448/4700 4444/4696 4392/4643
f 4446/4697 4464/4715 4433/4685
f 4433/4685 4464/4715 6547/6987
f 4454/4705 4423/4675 4455/4707
f 4455/4707 4423/4675 4422/4673
f 4452/4706 4481/4733 4453/4704
f 4453/4704 4481/4733 4480/4731
f 4458/4709 4389/4641 4459/4711
f 4459/4711 4389/4641 4388/4640
f 4456/4710 4471/4723 4457/4708
f 4457/4708 4471/4723 4468/4720
f 4391/4644 4460/4712 4392/4643
f 4392/4643 4460/4712 4448/4700
f 4461/4713 4467/4719 4445/4699
f 4445/4699 4467/4719 4465/4717
f 4437/4688 4398/4650 4629/4881
f 4629/4881 4398/4650 4397/4648
f 4438/4689 4628/4880 4441/4692
f 4441/4692 4628/4880 4631/4883
f 4841/5099 4629/4881 4839/5096
f 4839/5096 4629/4881 4397/4648
f 4628/4880 4842/5098 4631/4883
f 4631/4883 4842/5098 4671/4925
f 4930/5189 4989/5268 4452/4706
f 4452/4706 4989/5268 4481/4733
f 4929/5188 4927/5186 4436/4690
f 4436/4690 4927/5186 4450/4702
f 4933/5191 4387/4639 4934/5193
f 4934/5193 4387/4639 4386/4637
f 4931/5192 4475/4726 4932/5190
f 4932/5190 4475/4726 4474/4728
f 4936/5195 4449/4701 4933/5191
f 4933/5191 4449/4701 4387/4639
f 4935/5194 4472/4724 4456/4710
f 4456/4710 4472/4724 4471/4723
f 4389/4641 4458/4709 4391/4644
f 4391/4644 4458/4709 4460/4712
f 4457/4708 4468/4720 4461/4713
f 4461/4713 4468/4720 4467/4719
f 4934/5229 4386/5014 4454/4705
f 4454/4705 4386/5014 4423/4675
f 4453/4704 4480/4731 4931/5228
f 4931/5228 4480/4731 4475/5196
f 4575/4826 4997/5278 4576/4828
f 4576/4828 4997/5278 4639/4890
f 4579/4830 4596/4847 4580/4832
f 4580/4832 4596/4847 4595/4849
f 4583/4834 4582/4833 4572/4824
f 4572/4824 4582/4833 4569/4823
f 4587/4840 4944/5214 4588/4839
f 4588/4839 4944/5214 4562/4813
f 4588/4839 4562/4813 4590/4842
f 4590/4842 4562/4813 4561/4815
f 4576/4828 4639/4890 4642/4894
f 4642/4894 4639/4890 4638/4891
f 4642/4894 4845/5102 4641/4893
f 4641/4893 4845/5102 4846/5104
f 4845/5102 4590/4842 4846/5104
f 4846/5104 4590/4842 4561/4815
f 4941/6988 4938/5207 4595/4849
f 4595/4849 4938/5207 4580/4832
f 4938/5209 4940/5208 4668/4920
f 4668/4920 4940/5208 4669/4921
f 4583/4834 4942/5212 4584/4836
f 4584/4836 4942/5212 4947/5219
f 4582/4833 4587/4840 4569/4823
f 4569/4823 4587/4840 4586/4838
f 5000/5279 5001/5280 4579/4830
f 4579/4830 5001/5280 4596/4847
f 4558/4811 4560/4812 4585/4837
f 4585/4837 4560/4812 4586/4838
f 4565/4817 4639/4890 4566/4818
f 4566/4818 4639/4890 4997/5278
f 4568/4820 4567/4819 4577/4831
f 4577/4831 4567/4819 4578/4829
f 4570/4821 4554/4806 4571/4822
f 4571/4822 4554/4806 4556/4807
f 4640/4892 4565/4817 4637/4888
f 4637/4888 4565/4817 4546/4798
f 4662/4915 4664/4916 4665/4917
f 4665/4917 4664/4916 4844/5101
f 4662/4915 4558/4811 4589/4841
f 4589/4841 4558/4811 4585/4837
f 4554/4806 4570/4821 4557/4809
f 4557/4809 4570/4821 4560/4812
f 4571/4822 4667/4919 4572/4824
f 4572/4824 4667/4919 4943/5213
f 4551/4803 4670/4922 4552/4804
f 4552/4804 4670/4922 4666/4918
f 4640/4892 4664/4916 4638/4891
f 4638/4891 4664/4916 4663/4914
f 4670/5205 4568/4820 4668/5206
f 4668/5206 4568/4820 4577/4831
f 4999/5277 4996/5275 4566/4818
f 4566/4818 4996/5275 4543/4797
f 4608/4859 4564/4816 4603/4856
f 4603/4856 4564/4816 4563/4814
f 4573/4827 4593/4844 4574/4825
f 4574/4825 4593/4844 4592/4843
f 4597/4848 4614/4865 4598/4850
f 4598/4850 4614/4865 4613/4866
f 4601/4852 4600/4851 4584/4836
f 4584/4836 4600/4851 4581/4835
f 4563/4814 4562/4813 4604/4855
f 4604/4855 4562/4813 4944/5214
f 4643/4895 4593/4844 4641/4893
f 4641/4893 4593/4844 4573/4827
f 4643/4895 4847/5103 4644/4896
f 4644/4896 4847/5103 4848/5105
f 4564/4816 4847/5103 4561/4815
f 4561/4815 4847/5103 4846/5104
f 4945/5216 4941/6988 4598/4850
f 4598/4850 4941/6988 4595/4849
f 4941/5211 4945/5218 4939/5210
f 4939/5210 4945/5218 4946/5217
f 4601/4852 4948/5220 4602/4854
f 4602/4854 4948/5220 4620/4871
f 4600/4851 4604/4855 4581/4835
f 4581/4835 4604/4855 4944/5214
f 5002/5281 5003/5282 4597/4848
f 4597/4848 5003/5282 4614/4865
f 4988/5267 4759/5011 4953/5227
f 4953/5227 4759/5011 4402/4654
f 4706/4957 6548/6989 4707/4959
f 4707/4959 6548/6989 6549/6990
f 4311/4562 4928/5187 4419/4671
f 4419/4671 4928/5187 6550/6991
f 4921/5178 4920/5177 6551/6992
f 6551/6992 4920/5177 6552/6993
f 4925/5182 6553/6994 4926/5183
f 4926/5183 6553/6994 6554/6995
f 4928/5187 4921/5178 4802/5059
f 4802/5059 4921/5178 6551/6992
f 6555/6996 4985/5263 6550/6991
f 6550/6991 4985/5263 4419/4671
f 4952/5226 6556/6997 4953/5227
f 4953/5227 6556/6997 4649/4901
f 4971/5247 6557/6998 4706/4957
f 4706/4957 6557/6998 6548/6989
f 4988/5267 4648/4899 4925/5182
f 4925/5182 4648/4899 6553/6994
f 4707/4959 6549/6990 5006/5285
f 5006/5285 6549/6990 4987/5266
f 4920/5177 6510/6947 6552/6993
f 6552/6993 6510/6947 6518/6956
f 6558/6999 6510/6947 6516/6953
f 6516/6953 6510/6947 6509/6946
f 6559/7000 6558/6999 6539/6977
f 6539/6977 6558/6999 6516/6953
f 6531/6968 6541/6978 6532/6969
f 6532/6969 6541/6978 6560/7001
f 6540/6979 6561/7002 6541/6978
f 6541/6978 6561/7002 6529/6967
f 6542/6980 6562/7003 6540/6979
f 6540/6979 6562/7003 6561/7002
f 6542/6980 3120/6982 6562/7003
f 6562/7003 3120/6982 3142/7004
f 4366/4617 6563/7005 4760/5012
f 4760/5012 6563/7005 4970/5246
f 4815/5072 6564/7006 4816/5073
f 4816/5073 6564/7006 6565/7007
f 3147/3328 3146/3327 6565/7007
f 6565/7007 3146/3327 4816/5073
f 6564/7006 6563/7005 6565/7007
f 6565/7007 6563/7005 6566/7008
f 4837/5094 4385/5013 4357/5223
f 4357/4609 4385/4636 4358/4610
f 6565/7007 6566/7008 3147/3328
f 3147/3328 6566/7008 3149/3330
f 4694/4946 1209/1215 3150/3331
f 5247/5536 5249/5539 5248/5538
f 5248/5538 5249/5539 6522/6960
f 6372/6790 6390/6809 6545/6985
f 6545/6985 6390/6809 6389/6808
f 6375/6794 5254/5547 6376/6795
f 6376/6795 5254/5547 5258/5549
f 6377/6796 6525/6962 6378/6797
f 6378/6797 6525/6962 5255/5546
f 5260/5551 6379/6798 5258/5549
f 5258/5549 6379/6798 6376/6795
f 6380/6799 6567/7009 6381/6800
f 6381/6800 6567/7009 6568/7010
f 6382/6801 6569/7011 6383/6802
f 6383/6802 6569/7011 6570/7012
f 6377/6796 6371/6791 6525/6962
f 6525/6962 6371/6791 6370/6789
f 6379/6798 5260/5551 6384/6803
f 6384/6803 5260/5551 6571/7013
f 6385/6804 6572/7014 6382/6801
f 6382/6801 6572/7014 6569/7011
f 6378/6797 5255/5546 6375/6794
f 6375/6794 5255/5546 5254/5547
f 6386/6805 6573/7015 6387/6806
f 6387/6806 6573/7015 6574/7016
f 6545/6985 6389/6808 5248/5538
f 5248/5538 6389/6808 5245/5537
f 4675/4927 4750/5001 4676/4928
f 4676/4928 4750/5001 6286/6702
f 4734/4985 6289/6704 4735/4987
f 4735/4987 6289/6704 6288/6705
f 4804/5061 6290/6706 4805/5062
f 4805/5062 6290/6706 4963/5239
f 4811/5067 4807/5064 4812/5069
f 4812/5069 4807/5064 4411/4663
f 4954/5230 6292/6708 4955/5231
f 4955/5231 6292/6708 4959/5235
f 4964/5240 4962/5237 4965/5241
f 4965/5241 4962/5237 4751/5003
f 6285/6701 4821/5078 4812/5069
f 4812/5069 4821/5078 4809/5068
f 4675/4927 4287/4534 4965/5241
f 4965/5241 4287/4534 4210/4458
f 6294/6710 4145/4392 4955/5231
f 4955/5231 4145/4392 4154/4402
f 4964/5240 4120/4367 4805/5062
f 4805/5062 4120/4367 4119/4369
f 6298/6714 4966/5244 4734/4985
f 4734/4985 4966/5244 6289/6704
f 6300/6716 6473/6903 4735/4987
f 4735/4987 6473/6903 4732/4986
f 6297/6712 6296/6711 4676/4928
f 4676/4928 6296/6711 4288/4536
f 6523/6959 3160/7017 4330/4581
f 4330/4581 3160/7017 3159/7018
f 5253/5544 5252/5545 6525/6962
f 6525/6962 5252/5545 5255/5546
f 5256/5548 5252/5545 4305/4553
f 4305/4553 5252/5545 5251/5543
f 4304/4552 5257/5550 4305/4553
f 4305/4553 5257/5550 5256/5548
f 4424/4676 5259/5552 4304/4552
f 4304/4552 5259/5552 5257/5550
f 5261/5553 6571/7013 5259/5552
f 5259/5552 6571/7013 5260/5551
f 5262/5554 6573/7015 5261/5553
f 5261/5553 6573/7015 6571/7013
f 5264/5555 6567/7009 5265/5557
f 5265/5557 6567/7009 6574/7016
f 5266/5558 6572/7014 5267/5559
f 5267/5559 6572/7014 6568/7010
f 5268/5560 6570/7012 5269/5561
f 5269/5561 6570/7012 6569/7011
f 1807/1851 3161/3342 5268/5560
f 5268/5560 3161/3342 6570/7012
f 6524/6961 6523/6959 4329/4582
f 4329/4582 6523/6959 4330/4581
f 5253/5544 6526/6963 5250/5542
f 5250/5542 6526/6963 6534/6972
f 6543/6983 6538/6976 6544/6984
f 6544/6984 6538/6976 6369/6788
f 6524/6961 6543/6983 6522/6960
f 6522/6960 6543/6983 6544/6984
f 3071/3251 5367/5665 3052/3233
f 3052/3233 5367/5665 3912/4151
f 6493/6931 3163/3343 6494/6930
f 6494/6930 3163/3343 3162/3344
f 3164/3345 445/447 3771/4003
f 3771/4003 445/447 3761/3993
f 461/4197 3165/7019 3919/4158
f 3919/4158 3165/7019 3920/4159
f 330/330 410/410 3839/4073
f 3839/4073 410/410 3910/4146
f 332/332 331/331 3552/3784
f 3552/3784 331/331 3551/3783
f 464/4200 304/4050 3918/4157
f 3918/4157 304/4050 3816/4048
f 385/4124 458/4194 3766/3997
f 3766/3997 458/4194 3894/4130
f 412/4147 415/4148 3762/3994
f 3762/3994 415/4148 3763/3995
f 3166/3347 337/337 3748/3980
f 3748/3980 337/337 3745/3979
f 3072/3252 3055/3234 5370/5667
f 5370/5667 3055/3234 3930/4171
f 3073/3253 5369/5668 3056/3237
f 3056/3237 5369/5668 3938/4178
f 3167/3348 3057/3236 6496/6932
f 6496/6932 3057/3236 3937/4179
f 3069/3249 3058/3238 4808/5065
f 4808/5065 3058/3238 3943/4186
f 411/411 3166/3347 3851/4084
f 3851/4084 3166/3347 3748/3980
f 3059/3239 3163/3343 3951/4198
f 3951/4198 3163/3343 6493/6931
f 336/336 3164/3345 3772/4004
f 3772/4004 3164/3345 3771/4003
f 3053/3232 3911/4150 3162/3344
f 3162/3344 3911/4150 6494/6930
f 3054/3235 3168/3349 3929/4170
f 3929/4170 3168/3349 3952/4199
f 3165/7020 830/4568 3920/4189
f 3920/4189 830/4568 3945/4190
f 3170/3352 3169/3351 6497/6934
f 6497/6934 3169/3351 6498/6935
f 3171/3353 1354/1363 5005/5284
f 5005/5284 1354/1363 4830/5087
f 3172/3354 3170/3352 6503/6940
f 6503/6940 3170/3352 6497/6934
f 3169/3351 3061/3240 6498/6935
f 6498/6935 3061/3240 4060/4307
f 3173/3355 3171/3353 5006/5285
f 5006/5285 3171/3353 5005/5284
f 3079/3259 3172/3354 6334/6750
f 6334/6750 3172/3354 6503/6940
f 3174/7021 3025/6909 6299/6715
f 6299/6715 3025/6909 6300/6716
f 6576/7022 6577/7023 6575/7024
f 6575/7024 6577/7023 6578/7025
f 4612/4864 4611/4863 6579/7026
f 6579/7026 4611/4863 6580/7027
f 6582/7028 6583/7029 6581/7030
f 6581/7030 6583/7029 6584/7031
f 6584/7031 6585/7032 4618/4870
f 4618/4870 6585/7032 4621/4873
f 6586/7033 6587/7034 6589/7035
f 6589/7035 6587/7034 6588/7036
f 6588/7036 6587/7034 6590/7037
f 6590/7037 6587/7034 6591/7038
f 6592/7039 4606/4858 6590/7037
f 6590/7037 4606/4858 4623/4875
f 6594/7040 6576/7022 6593/7041
f 6593/7041 6576/7022 6575/7024
f 6595/7042 6582/7043 6579/7026
f 6579/7026 6582/7043 6581/7044
f 6580/7027 6597/7045 6596/7046
f 6596/7046 6597/7045 6598/7047
f 6577/7023 6576/7022 6599/7048
f 6599/7048 6576/7022 6600/7049
f 6595/7042 6596/7046 6601/7050
f 6601/7050 6596/7046 6602/7051
f 6583/7029 6582/7028 6603/7052
f 6603/7052 6582/7028 6604/7053
f 6586/7033 6606/7054 6605/7055
f 6605/7055 6606/7054 6607/7056
f 6587/7034 6586/7033 6608/7057
f 6608/7057 6586/7033 6605/7055
f 6587/7034 6608/7057 6591/7038
f 6591/7038 6608/7057 6609/7058
f 6576/7022 6594/7040 6600/7049
f 6600/7049 6594/7040 6610/7059
f 6582/7043 6595/7042 6604/7060
f 6604/7060 6595/7042 6601/7050
f 6599/7048 6611/7061 6577/7023
f 6577/7023 6611/7061 6598/7047
f 6613/7062 6614/7063 6612/7064
f 6612/7064 6614/7063 6615/7065
f 6617/7066 6618/7067 6616/7068
f 6616/7068 6618/7067 6619/7069
f 6621/7070 6622/7071 6620/7072
f 6620/7072 6622/7071 6623/7073
f 6625/7074 6626/7075 6624/7076
f 6624/7076 6626/7075 6627/7077
f 6629/7078 6630/7079 6628/7080
f 6628/7080 6630/7079 6631/7081
f 6633/7082 6634/7083 6632/7084
f 6632/7084 6634/7083 6635/7085
f 6637/7086 6638/7087 6636/7088
f 6636/7088 6638/7087 6639/7089
f 6640/7090 6641/7091 6637/7086
f 6637/7086 6641/7091 6638/7087
f 6643/7092 6633/7082 6642/7093
f 6642/7093 6633/7082 6632/7084
f 6645/7094 6646/7095 6644/7096
f 6644/7096 6646/7095 6647/7097
f 6646/7095 6648/7098 6647/7097
f 6647/7097 6648/7098 6649/7099
f 6651/7100 6652/7101 6650/7102
f 6650/7102 6652/7101 6653/7103
f 6653/7103 6652/7101 6654/7104
f 6654/7104 6652/7101 6655/7105
f 6656/7106 6657/7107 6659/7108
f 6659/7108 6657/7107 6658/7109
f 6661/7110 6662/7111 6660/7112
f 6660/7112 6662/7111 6663/7113
f 6662/7111 6661/7110 6664/7114
f 6664/7114 6661/7110 6665/7115
f 6667/7116 6657/7107 6666/7117
f 6666/7117 6657/7107 6656/7106
f 6669/7118 6670/7119 6668/7120
f 6668/7120 6670/7119 6671/7121
f 6672/7122 6673/7123 6670/7119
f 6670/7119 6673/7123 6671/7121
f 6674/7124 6675/7125 6677/7126
f 6677/7126 6675/7125 6676/7127
f 6675/7125 6678/7128 6676/7127
f 6676/7127 6678/7128 6679/7129
f 6681/7130 6682/7131 6680/7132
f 6680/7132 6682/7131 6683/7133
f 6684/7134 6685/7135 6683/7133
f 6683/7133 6685/7135 6680/7132
f 6687/7136 6688/7137 6686/7138
f 6686/7138 6688/7137 6689/7139
f 6687/7136 6690/7140 6688/7137
f 6688/7137 6690/7140 6691/7141
f 6619/7069 6618/7067 6633/7082
f 6633/7082 6618/7067 6634/7083
f 6632/7084 6635/7085 6693/7142
f 6693/7142 6635/7085 6692/7143
f 6617/7144 6694/7145 6636/7088
f 6636/7088 6694/7145 6637/7086
f 6695/7146 6692/7143 6639/7089
f 6639/7089 6692/7143 6635/7085
f 6637/7086 6694/7145 6640/7090
f 6640/7090 6694/7145 6696/7147
f 6698/7148 6638/7087 6697/7149
f 6697/7149 6638/7087 6641/7091
f 6643/7092 6616/7068 6633/7082
f 6633/7082 6616/7068 6619/7069
f 6642/7150 6699/7151 6641/7091
f 6641/7091 6699/7151 6697/7149
f 6646/7095 6645/7094 6700/7152
f 6700/7152 6645/7094 6621/7153
f 6644/7154 6701/7155 6654/7104
f 6654/7104 6701/7155 6702/7156
f 6700/7152 6703/7157 6646/7095
f 6646/7095 6703/7157 6648/7098
f 6693/7142 6704/7158 6649/7099
f 6649/7099 6704/7158 6647/7097
f 6620/7072 6623/7073 6651/7100
f 6651/7100 6623/7073 6652/7101
f 6693/7142 6649/7099 6699/7159
f 6699/7159 6649/7099 6650/7160
f 6652/7101 6623/7073 6655/7105
f 6655/7105 6623/7073 6622/7071
f 6654/7104 6702/7156 6653/7103
f 6653/7103 6702/7156 6697/7149
f 6615/7065 6614/7063 6657/7107
f 6657/7107 6614/7063 6658/7109
f 6705/7161 6656/7106 6704/7158
f 6704/7158 6656/7106 6659/7108
f 6613/7162 6706/7163 6660/7112
f 6660/7112 6706/7163 6661/7110
f 6704/7158 6659/7108 6701/7164
f 6701/7164 6659/7108 6663/7165
f 6661/7110 6706/7163 6665/7115
f 6665/7115 6706/7163 6707/7166
f 6708/7167 6702/7156 6664/7114
f 6664/7114 6702/7156 6662/7111
f 6612/7064 6615/7065 6667/7116
f 6667/7116 6615/7065 6657/7107
f 6666/7168 6709/7169 6664/7114
f 6664/7114 6709/7169 6708/7167
f 6629/7170 6710/7171 6669/7118
f 6669/7118 6710/7171 6670/7119
f 6668/7172 6711/7173 6679/7129
f 6679/7129 6711/7173 6712/7174
f 6713/7175 6672/7122 6710/7171
f 6710/7171 6672/7122 6670/7119
f 6714/7176 6671/7121 6705/7161
f 6705/7161 6671/7121 6673/7123
f 6628/7080 6631/7081 6674/7124
f 6674/7124 6631/7081 6675/7125
f 6705/7161 6673/7123 6709/7177
f 6709/7177 6673/7123 6677/7178
f 6631/7081 6630/7079 6675/7125
f 6675/7125 6630/7079 6678/7128
f 6712/7174 6708/7167 6679/7129
f 6679/7129 6708/7167 6676/7127
f 6625/7179 6715/7180 6682/7131
f 6682/7131 6715/7180 6683/7133
f 6716/7181 6717/7182 6681/7183
f 6681/7183 6717/7182 6691/7141
f 6718/7184 6684/7134 6715/7180
f 6715/7180 6684/7134 6683/7133
f 6719/7185 6680/7132 6714/7176
f 6714/7176 6680/7132 6685/7135
f 6624/7076 6627/7077 6686/7138
f 6686/7138 6627/7077 6687/7136
f 6689/7186 6711/7187 6685/7135
f 6685/7135 6711/7187 6714/7176
f 6627/7077 6626/7075 6687/7136
f 6687/7136 6626/7075 6690/7140
f 6717/7182 6712/7174 6691/7141
f 6691/7141 6712/7174 6688/7137
f 6612/7188 6707/7166 6613/7162
f 6613/7162 6707/7166 6706/7163
f 6616/7189 6696/7147 6617/7144
f 6617/7144 6696/7147 6694/7145
f 6703/7157 6700/7152 6620/7190
f 6620/7190 6700/7152 6621/7153
f 6715/7180 6625/7179 6718/7184
f 6718/7184 6625/7179 6624/7191
f 6710/7171 6629/7170 6713/7175
f 6713/7175 6629/7170 6628/7192
f 6639/7089 6635/7085 6636/7088
f 6636/7088 6635/7085 6634/7083
f 6641/7091 6640/7090 6642/7150
f 6642/7150 6640/7090 6643/7193
f 6654/7104 6655/7105 6644/7154
f 6644/7154 6655/7105 6645/7194
f 6651/7195 6650/7160 6648/7098
f 6648/7098 6650/7160 6649/7099
f 6659/7108 6658/7109 6663/7165
f 6663/7165 6658/7109 6660/7196
f 6665/7115 6667/7197 6664/7114
f 6664/7114 6667/7197 6666/7168
f 6678/7128 6669/7198 6679/7129
f 6679/7129 6669/7198 6668/7172
f 6673/7123 6672/7122 6677/7178
f 6677/7178 6672/7122 6674/7199
f 6690/7140 6682/7200 6691/7141
f 6691/7141 6682/7200 6681/7183
f 6685/7135 6684/7134 6689/7186
f 6689/7186 6684/7134 6686/7201
f 6636/7088 6634/7083 6617/7066
f 6617/7066 6634/7083 6618/7067
f 6638/7087 6698/7148 6639/7089
f 6639/7089 6698/7148 6695/7146
f 6640/7090 6696/7147 6643/7193
f 6643/7193 6696/7147 6616/7189
f 6693/7142 6699/7159 6632/7084
f 6632/7084 6699/7159 6642/7093
f 6655/7105 6622/7071 6645/7194
f 6645/7194 6622/7071 6621/7070
f 6704/7158 6701/7164 6647/7097
f 6647/7097 6701/7164 6644/7096
f 6651/7195 6648/7098 6620/7190
f 6620/7190 6648/7098 6703/7157
f 6650/7102 6653/7103 6699/7151
f 6699/7151 6653/7103 6697/7149
f 6613/7062 6660/7196 6614/7063
f 6614/7063 6660/7196 6658/7109
f 6663/7113 6662/7111 6701/7155
f 6701/7155 6662/7111 6702/7156
f 6665/7115 6707/7166 6667/7197
f 6667/7197 6707/7166 6612/7188
f 6705/7161 6709/7177 6656/7106
f 6656/7106 6709/7177 6666/7117
f 6630/7079 6629/7078 6678/7128
f 6678/7128 6629/7078 6669/7198
f 6714/7176 6711/7187 6671/7121
f 6671/7121 6711/7187 6668/7120
f 6672/7122 6713/7175 6674/7199
f 6674/7199 6713/7175 6628/7192
f 6677/7126 6676/7127 6709/7169
f 6709/7169 6676/7127 6708/7167
f 6626/7075 6625/7074 6690/7140
f 6690/7140 6625/7074 6682/7200
f 6680/7132 6719/7185 6681/7130
f 6681/7130 6719/7185 6716/7202
f 6684/7134 6718/7184 6686/7201
f 6686/7201 6718/7184 6624/7191
f 6711/7173 6689/7139 6712/7174
f 6689/7139 6688/7137 6712/7174
f 6593/7041 6720/7203 6594/7040
f 6594/7040 6720/7203 6721/7204
f 6722/7205 6720/7203 4607/4860
f 4607/4860 6720/7203 4849/5106
f 6592/7039 6723/7206 6722/7205
f 6722/7205 6723/7206 6724/7207
f 4610/4862 4609/4861 6578/7025
f 6578/7025 4609/4861 6575/7024
f 6596/7046 6595/7042 6580/7027
f 6580/7027 6595/7042 6579/7026
f 4618/4870 4617/4868 6584/7031
f 6584/7031 4617/4868 6581/7030
f 6589/7035 6585/7032 6586/7033
f 6586/7033 6585/7032 6606/7054
f 4622/4874 4619/4872 6588/7036
f 6588/7036 4619/4872 6589/7035
f 4622/4874 6588/7036 4623/4875
f 4623/4875 6588/7036 6590/7037
f 4609/4861 4645/4897 6575/7024
f 6575/7024 4645/4897 6593/7041
f 4617/5221 4612/4864 6581/7044
f 6581/7044 4612/4864 6579/7026
f 5004/5283 4610/4862 6597/7045
f 6597/7045 4610/4862 6578/7025
f 4645/4897 4849/5106 6593/7041
f 6593/7041 4849/5106 6720/7203
f 6724/7207 6721/7204 6722/7205
f 6722/7205 6721/7204 6720/7203
f 6722/7205 4607/4860 6592/7039
f 6592/7039 4607/4860 4606/4858
f 6725/7208 6610/7059 6721/7204
f 6721/7204 6610/7059 6594/7040
f 6723/7206 6726/7209 6724/7207
f 6724/7207 6726/7209 6727/7210
f 6727/7210 6725/7208 6724/7207
f 6724/7207 6725/7208 6721/7204
f 6728/7211 6729/7212 6605/7055
f 6605/7055 6729/7212 6608/7057
f 6605/7055 6607/7056 6728/7211
f 6728/7211 6607/7056 6730/7213
f 6731/7214 6732/7215 6604/7053
f 6604/7053 6732/7215 6603/7052
f 6733/7216 6734/7217 6725/7208
f 6725/7208 6734/7217 6610/7059
f 6735/7218 6733/7216 6727/7210
f 6727/7210 6733/7216 6725/7208
f 6735/7218 6727/7210 6736/7219
f 6736/7219 6727/7210 6726/7209
f 6591/7038 6609/7058 6723/7206
f 6723/7206 6609/7058 6726/7209
f 6723/7206 6592/7039 6591/7038
f 6591/7038 6592/7039 6590/7037
f 6738/7220 6739/7221 6737/7222
f 6737/7222 6739/7221 6740/7223
f 6740/7223 6739/7221 6742/7224
f 6742/7224 6739/7221 6741/7225
f 6743/7226 6744/7227 6741/7225
f 6741/7225 6744/7227 6742/7224
f 6745/7228 6746/7229 6743/7226
f 6743/7226 6746/7229 6744/7227
f 6747/7230 6748/7231 6745/7228
f 6745/7228 6748/7231 6746/7229
f 6749/7232 6750/7233 6747/7230
f 6747/7230 6750/7233 6748/7231
f 6752/7234 6738/7220 6751/7235
f 6751/7235 6738/7220 6737/7222
f 6754/7236 6752/7234 6753/7237
f 6753/7237 6752/7234 6751/7235
f 6756/7238 6754/7236 6755/7239
f 6755/7239 6754/7236 6753/7237
f 6758/7240 6750/7241 6757/7242
f 6757/7242 6750/7241 6749/7243
f 6760/7244 6756/7238 6759/7245
f 6759/7245 6756/7238 6755/7239
f 6762/7246 6760/7244 6761/7247
f 6761/7247 6760/7244 6759/7245
f 6764/7248 6762/7246 6763/7249
f 6763/7249 6762/7246 6761/7247
f 6757/7242 6764/7248 6758/7240
f 6758/7240 6764/7248 6763/7249
f 6766/7250 6741/7225 6765/7251
f 6765/7251 6741/7225 6739/7221
f 6767/7252 6743/7226 6766/7250
f 6766/7250 6743/7226 6741/7225
f 6768/7253 6745/7228 6767/7252
f 6767/7252 6745/7228 6743/7226
f 6769/7254 6747/7230 6768/7253
f 6768/7253 6747/7230 6745/7228
f 6770/7255 6749/7232 6769/7254
f 6769/7254 6749/7232 6747/7230
f 6772/7256 6769/7254 6771/7257
f 6771/7257 6769/7254 6768/7253
f 6773/7258 6770/7255 6772/7256
f 6772/7256 6770/7255 6769/7254
f 6774/7259 6775/7260 6772/7256
f 6772/7256 6775/7260 6773/7258
f 6777/7261 6778/7262 6776/7263
f 6776/7263 6778/7262 6779/7264
f 6775/7260 6774/7259 6778/7262
f 6778/7262 6774/7259 6779/7264
f 6771/7257 6780/7265 6772/7256
f 6772/7256 6780/7265 6774/7259
f 6780/7265 6781/7266 6774/7259
f 6774/7259 6781/7266 6779/7264
f 6781/7266 6782/7267 6779/7264
f 6779/7264 6782/7267 6776/7263
f 6784/7268 6785/7269 6783/7270
f 6783/7270 6785/7269 6786/7271
f 6786/7271 6787/7272 6783/7270
f 6783/7270 6787/7272 6788/7273
f 6790/7274 6788/7275 6789/7276
f 6789/7276 6788/7275 6787/7277
f 6786/7271 6785/7269 6791/7278
f 6791/7278 6785/7269 6792/7279
f 6791/7278 6793/7280 6786/7271
f 6786/7271 6793/7280 6787/7272
f 6793/7281 6794/7282 6787/7277
f 6787/7277 6794/7282 6789/7276
f 6795/7283 6796/7284 6794/7282
f 6794/7282 6796/7284 6789/7276
f 6790/7274 6789/7276 6797/7285
f 6797/7285 6789/7276 6796/7284
f 6798/7286 6765/7251 6738/7220
f 6738/7220 6765/7251 6739/7221
f 6799/7287 6798/7286 6752/7234
f 6752/7234 6798/7286 6738/7220
f 6767/7252 6800/7288 6768/7253
f 6768/7253 6800/7288 6771/7257
f 6766/7250 6801/7289 6767/7252
f 6767/7252 6801/7289 6800/7288
f 6802/7290 6801/7289 6765/7251
f 6765/7251 6801/7289 6766/7250
f 6798/7286 6803/7291 6765/7251
f 6765/7251 6803/7291 6802/7290
f 6804/7292 6803/7291 6799/7287
f 6799/7287 6803/7291 6798/7286
f 6805/7293 6806/7294 6804/7292
f 6804/7292 6806/7294 6803/7291
f 6807/7295 6799/7287 6754/7236
f 6754/7236 6799/7287 6752/7234
f 6808/7296 6804/7292 6807/7295
f 6807/7295 6804/7292 6799/7287
f 6809/7297 6805/7293 6808/7296
f 6808/7296 6805/7293 6804/7292
f 6810/7298 6811/7299 6805/7293
f 6805/7293 6811/7299 6806/7294
f 6812/7300 6813/7301 6810/7298
f 6810/7298 6813/7301 6811/7299
f 6814/7302 6815/7303 6796/7284
f 6796/7284 6815/7303 6797/7285
f 6813/7301 6814/7302 6816/7304
f 6816/7304 6814/7302 6817/7305
f 6816/7304 6818/7306 6813/7301
f 6813/7301 6818/7306 6811/7299
f 6819/7307 6806/7294 6818/7306
f 6818/7306 6806/7294 6811/7299
f 6802/7290 6803/7291 6819/7307
f 6819/7307 6803/7291 6806/7294
f 6757/7242 6749/7243 6820/7308
f 6820/7308 6749/7243 6770/7309
f 6820/7308 6770/7309 6821/7310
f 6821/7310 6770/7309 6773/7311
f 6821/7310 6773/7311 6822/7312
f 6822/7312 6773/7311 6775/7313
f 6822/7312 6775/7313 6823/7314
f 6823/7314 6775/7313 6778/7315
f 6824/7316 6823/7314 6777/7317
f 6777/7317 6823/7314 6778/7315
f 6784/7318 6825/7319 6777/7317
f 6777/7317 6825/7319 6824/7316
f 6826/7320 6827/7321 6788/7322
f 6788/7322 6827/7321 6783/7323
f 6828/7324 6826/7320 6790/7274
f 6790/7274 6826/7320 6788/7322
f 6829/7325 6828/7324 6797/7285
f 6797/7285 6828/7324 6790/7274
f 6815/7303 6830/7326 6797/7285
f 6797/7285 6830/7326 6829/7325
f 6832/7327 6812/7300 6831/7328
f 6831/7328 6812/7300 6810/7298
f 6831/7328 6810/7298 6809/7297
f 6809/7297 6810/7298 6805/7293
f 6736/7219 6800/7288 6735/7218
f 6735/7218 6800/7288 6801/7289
f 6733/7216 6735/7218 6802/7290
f 6802/7290 6735/7218 6801/7289
f 6734/7217 6733/7216 6819/7307
f 6819/7307 6733/7216 6802/7290
f 6833/7329 6734/7217 6818/7306
f 6818/7306 6734/7217 6819/7307
f 6834/7330 6833/7329 6816/7304
f 6816/7304 6833/7329 6818/7306
f 6816/7304 6817/7305 6834/7330
f 6834/7330 6817/7305 6835/7331
f 6837/7332 6795/7283 6836/7333
f 6836/7333 6795/7283 6794/7282
f 6836/7333 6794/7282 6731/7334
f 6731/7334 6794/7282 6793/7281
f 6732/7215 6731/7214 6791/7278
f 6791/7278 6731/7214 6793/7280
f 6791/7278 6792/7279 6732/7215
f 6732/7215 6792/7279 6730/7213
f 6729/7212 6728/7211 6781/7266
f 6781/7266 6728/7211 6782/7267
f 6838/7335 6807/7295 6756/7238
f 6756/7238 6807/7295 6754/7236
f 6839/7336 6838/7335 6760/7244
f 6760/7244 6838/7335 6756/7238
f 6840/7337 6839/7336 6762/7246
f 6762/7246 6839/7336 6760/7244
f 6841/7338 6840/7337 6764/7248
f 6764/7248 6840/7337 6762/7246
f 6820/7308 6841/7338 6757/7242
f 6757/7242 6841/7338 6764/7248
f 6841/7338 6820/7308 6842/7339
f 6842/7339 6820/7308 6821/7310
f 6840/7337 6841/7338 6843/7340
f 6843/7340 6841/7338 6842/7339
f 6839/7336 6840/7337 6844/7341
f 6844/7341 6840/7337 6843/7340
f 6838/7335 6839/7336 6845/7342
f 6845/7342 6839/7336 6844/7341
f 6807/7295 6838/7335 6808/7296
f 6808/7296 6838/7335 6845/7342
f 6842/7339 6821/7310 6846/7343
f 6846/7343 6821/7310 6822/7312
f 6843/7340 6842/7339 6847/7344
f 6847/7344 6842/7339 6846/7343
f 6844/7341 6843/7340 6848/7345
f 6848/7345 6843/7340 6847/7344
f 6845/7342 6844/7341 6849/7346
f 6849/7346 6844/7341 6848/7345
f 6808/7296 6845/7342 6809/7297
f 6809/7297 6845/7342 6849/7346
f 6850/7347 6831/7328 6849/7346
f 6849/7346 6831/7328 6809/7297
f 6851/7348 6850/7347 6848/7345
f 6848/7345 6850/7347 6849/7346
f 6847/7344 6852/7349 6848/7345
f 6848/7345 6852/7349 6851/7348
f 6853/7350 6852/7349 6846/7343
f 6846/7343 6852/7349 6847/7344
f 6846/7343 6822/7312 6853/7350
f 6853/7350 6822/7312 6823/7314
f 6853/7350 6823/7314 6854/7351
f 6854/7351 6823/7314 6824/7316
f 6854/7351 6855/7352 6853/7350
f 6853/7350 6855/7352 6852/7349
f 6856/7353 6851/7348 6855/7352
f 6855/7352 6851/7348 6852/7349
f 6856/7353 6857/7354 6851/7348
f 6851/7348 6857/7354 6850/7347
f 6857/7354 6832/7327 6850/7347
f 6850/7347 6832/7327 6831/7328
f 6825/7319 6858/7355 6824/7316
f 6824/7316 6858/7355 6854/7351
f 6860/7356 6827/7321 6859/7357
f 6859/7357 6827/7321 6826/7320
f 6859/7357 6826/7320 6861/7358
f 6861/7358 6826/7320 6828/7324
f 6862/7359 6861/7358 6829/7325
f 6829/7325 6861/7358 6828/7324
f 6830/7326 6863/7360 6829/7325
f 6829/7325 6863/7360 6862/7359
f 6863/7360 6864/7361 6862/7359
f 6862/7359 6864/7361 6865/7362
f 6858/7355 6866/7363 6854/7351
f 6854/7351 6866/7363 6855/7352
f 6867/7364 6865/7362 6866/7363
f 6866/7363 6865/7362 6864/7361
f 6869/7365 6859/7357 6868/7366
f 6868/7366 6859/7357 6861/7358
f 6867/7364 6869/7365 6865/7362
f 6865/7362 6869/7365 6868/7366
f 6861/7358 6862/7359 6868/7366
f 6868/7366 6862/7359 6865/7362
f 6867/7364 6860/7356 6869/7365
f 6869/7365 6860/7356 6859/7357
f 6753/7237 6751/7235 6698/7148
f 6698/7148 6751/7235 6695/7146
f 6697/7149 6755/7239 6698/7148
f 6698/7148 6755/7239 6753/7237
f 6759/7245 6755/7239 6702/7156
f 6702/7156 6755/7239 6697/7149
f 6761/7247 6759/7245 6708/7167
f 6708/7167 6759/7245 6702/7156
f 6763/7249 6761/7247 6712/7174
f 6712/7174 6761/7247 6708/7167
f 6758/7240 6763/7249 6717/7182
f 6717/7182 6763/7249 6712/7174
f 6750/7241 6758/7240 6716/7181
f 6716/7181 6758/7240 6717/7182
f 6719/7185 6748/7231 6716/7202
f 6716/7202 6748/7231 6750/7233
f 6714/7176 6746/7229 6719/7185
f 6719/7185 6746/7229 6748/7231
f 6705/7161 6744/7227 6714/7176
f 6714/7176 6744/7227 6746/7229
f 6704/7158 6742/7224 6705/7161
f 6705/7161 6742/7224 6744/7227
f 6740/7223 6742/7224 6693/7142
f 6693/7142 6742/7224 6704/7158
f 6737/7222 6740/7223 6692/7143
f 6692/7143 6740/7223 6693/7142
f 6751/7235 6737/7222 6695/7146
f 6695/7146 6737/7222 6692/7143
f 6601/7050 6602/7051 6836/7333
f 6836/7333 6602/7051 6837/7332
f 6604/7060 6601/7050 6731/7334
f 6731/7334 6601/7050 6836/7333
f 6599/7048 6600/7049 6834/7330
f 6834/7330 6600/7049 6833/7329
f 6834/7330 6835/7331 6599/7048
f 6599/7048 6835/7331 6611/7061
f 6600/7049 6610/7059 6833/7329
f 6833/7329 6610/7059 6734/7217
f 6780/7265 6771/7257 6870/7367
f 6870/7367 6771/7257 6736/7219
f 6736/7219 6771/7257 6800/7288
f 6870/7367 6729/7212 6780/7265
f 6780/7265 6729/7212 6781/7266
f 6608/7057 6729/7212 6609/7058
f 6609/7058 6729/7212 6870/7367
f 6609/7058 6870/7367 6726/7209
f 6726/7209 6870/7367 6736/7219
f 5014/5295 5015/5296 5229/5519
f 5229/5519 5015/5296 5230/5520
f 4258/4508 5015/5296 4259/4506
f 4259/4506 5015/5296 4878/5135
f 3471/7368 3013/6897 4703/4955
f 4703/4955 3013/6897 4704/4956
f 2879/6756 6337/6754 1306/5043
f 1306/5043 6337/6754 4785/5038
f 829/4567 3471/7368 4316/4566
f 4316/4566 3471/7368 4703/4955
f 4702/4954 3472/7369 5223/5511
f 5223/5511 3472/7369 1756/5512
f 6871/7370 6872/7371 4534/4787
f 4534/4787 6872/7371 4535/4786
f 6871/7370 4665/4917 6872/7371
f 6872/7371 4665/4917 4844/5101
f 6871/7370 6873/7372 4665/4917
f 4665/4917 6873/7372 4559/4810
f 6871/7370 4534/4787 6873/7372
f 6873/7372 4534/4787 4542/4793
f 4153/4400 4152/4399 4822/5079
f 4822/5079 4152/4399 4407/4659
f 4152/4399 4168/4415 4407/4659
f 4407/4659 4168/4415 4342/4595
f 4343/4594 4168/4415 4923/5180
f 4923/5180 4168/4415 4167/4416
f 4363/4614 4362/4613 4972/5248
f 4972/5248 4362/4613 4840/5097
f 4362/4613 4394/4645 4840/5097
f 4840/5097 4394/4645 4839/5096
f 4401/4652 4400/4651 4986/5265
f 4986/5265 4400/4651 4984/5264
f 4435/4686 4434/4687 4841/5099
f 4841/5099 4434/4687 4842/5098
f 4506/4757 4505/4756 4530/4782
f 4530/4782 4505/4756 4531/4783
f 4506/4757 4535/4786 4507/4759
f 4507/4759 4535/4786 4843/5100
f 4661/4912 4660/4913 4516/4768
f 4516/4768 4660/4913 4517/4769
f 4673/4924 4672/4923 4937/5198
f 4937/5198 4672/4923 6547/6987
f 4400/4651 4924/5181 4984/5264
f 4984/5264 4924/5181 5263/5556
f 4673/4924 4660/4913 4674/4926
f 4674/4926 4660/4913 4659/4911
f 4505/4756 4661/4912 4531/4783
f 4531/4783 4661/4912 4516/4768
f 4952/5226 4401/4652 6874/7373
f 6874/7373 4401/4652 4986/5265
f 4954/5230 4153/4400 6875/7374
f 6875/7374 4153/4400 4822/5079
f 4363/4614 4973/5249 4364/4616
f 4364/4616 4973/5249 4974/5250
f 5264/5555 4924/5181 5267/5559
f 5267/5559 4924/5181 4691/4943
f 6293/6709 6292/6708 6876/7375
f 6876/7375 6292/6708 6877/7376
f 6380/6799 4343/4594 6387/6806
f 6387/6806 4343/4594 4923/5180
f 4394/4645 4435/4686 4839/5096
f 4839/5096 4435/4686 4841/5099
f 4672/4923 4434/4687 6547/6987
f 6547/6987 4434/4687 4433/4685
f 4973/5249 6556/6997 4974/5250
f 4974/5250 6556/6997 6878/7377
f 6567/7009 6380/6799 6574/7016
f 6574/7016 6380/6799 6387/6806
f 6292/6708 4954/5230 6877/7376
f 6877/7376 4954/5230 6875/7374
f 6567/7009 5264/5555 6568/7010
f 6568/7010 5264/5555 5267/5559
f 4145/4392 4144/4391 4154/4402
f 4154/4402 4144/4391 4151/4401
f 4194/4442 4144/4391 4425/4677
f 4425/4677 4144/4391 4143/4393
f 4355/4606 4354/4605 5263/5556
f 5263/5556 4354/4605 4984/5264
f 4360/4612 4359/4611 4364/4616
f 4364/4616 4359/4611 4361/4615
f 4444/4696 4359/4611 4392/4643
f 4392/4643 4359/4611 4337/4588
f 4447/4698 4446/4697 4432/4684
f 4432/4684 4446/4697 4433/4685
f 4464/4715 4463/4714 6547/6987
f 6547/6987 4463/4714 4937/5198
f 4519/4770 4518/4771 4654/4906
f 4654/4906 4518/4771 4509/4761
f 4533/4784 4532/4785 4499/4751
f 4499/4751 4532/4785 4498/4750
f 4533/4784 4542/4793 4530/4782
f 4530/4782 4542/4793 4534/4787
f 4519/4770 4532/4785 4516/4768
f 4516/4768 4532/4785 4531/4783
f 4922/5179 4194/4442 4426/4678
f 4426/4678 4194/4442 4425/4677
f 4463/4714 4518/4771 4937/5198
f 4937/5198 4518/4771 4517/4769
f 6555/6996 4951/5225 6874/7373
f 6874/7373 4951/5225 6878/7377
f 4958/5233 4957/5232 6290/6706
f 6290/6706 4957/5232 6291/6707
f 4334/4586 4360/4612 4712/4965
f 4712/4965 4360/4612 4950/5224
f 4985/5263 4354/4605 4419/4671
f 4419/4671 4354/4605 4353/4607
f 5262/5554 4355/4606 5265/5557
f 5265/5557 4355/4606 5263/5556
f 6294/6710 4958/5233 4804/5061
f 4804/5061 4958/5233 6290/6706
f 6386/6805 4922/5179 6384/6803
f 6384/6803 4922/5179 4426/4678
f 4444/4696 4447/4698 4393/4646
f 4393/4646 4447/4698 4432/4684
f 4464/4715 4446/4697 4465/4717
f 4465/4717 4446/4697 4445/4699
f 4985/5263 6555/6996 4986/5265
f 4986/5265 6555/6996 6874/7373
f 6573/7015 6386/6805 6571/7013
f 6571/7013 6386/6805 6384/6803
f 4145/4392 6294/6710 4146/4394
f 4146/4394 6294/6710 4804/5061
f 6573/7015 5262/5554 6574/7016
f 6574/7016 5262/5554 5265/5557
f 4542/4793 4541/4794 6873/7372
f 6873/7372 4541/4794 4559/4810
f 4535/4786 6872/7371 4843/5100
f 4843/5100 6872/7371 4844/5101
f 4104/4352 4103/4351 6879/7378
f 6879/7378 4103/4351 6343/6762
f 4105/4354 6293/6709 6307/6724
f 6307/6724 6293/6709 6876/7375
f 4104/4352 4956/5234 4105/4354
f 4105/4354 4956/5234 6293/6709
f 4956/5234 4104/4352 4957/5232
f 4957/5232 4104/4352 6879/7378
f 4957/5232 6879/7378 6291/6707
f 6291/6707 6879/7378 6309/6725
f 4648/4899 4988/5267 4649/4901
f 4649/4901 4988/5267 4953/5227
f 4802/5059 4803/5060 4928/5187
f 4928/5187 4803/5060 6550/6991
f 6550/6991 4803/5060 6555/6996
f 6555/6996 4803/5060 4951/5225
f 1516/1547 3173/3355 4987/5266
f 4987/5266 3173/3355 5006/5285
f 6519/6955 6518/6956 6558/6999
f 6558/6999 6518/6956 6510/6947
f 6527/6965 6519/6955 6559/7000
f 6559/7000 6519/6955 6558/6999
f 6528/6966 6560/7001 6529/6967
f 6529/6967 6560/7001 6541/6978
f 6548/6989 4625/4876 6549/6990
f 6549/6990 4625/4876 4624/4878
f 6551/6992 6552/6993 4746/4998
f 4746/4998 6552/6993 6505/6943
f 6553/6994 4711/4963 6554/6995
f 6554/6995 4711/4963 4710/4961
f 4802/5059 6551/6992 4713/4964
f 4713/4964 6551/6992 4746/4998
f 6556/6997 4973/5249 4649/4901
f 4649/4901 4973/5249 4646/4900
f 6557/6998 4949/5222 6548/6989
f 6548/6989 4949/5222 4625/4876
f 4648/4899 4647/4898 6553/6994
f 6553/6994 4647/4898 4711/4963
f 6549/6990 4624/4878 4987/5266
f 4987/5266 4624/4878 4838/5095
f 6552/6993 6518/6956 6505/6943
f 6505/6943 6518/6956 6507/6944
f 6561/7002 4372/4623 6529/6967
f 6529/6967 4372/4623 6514/6950
f 6562/7003 4369/4621 6561/7002
f 6561/7002 4369/4621 4372/4623
f 3142/7004 3482/7379 6562/7003
f 6562/7003 3482/7379 4369/4621
f 6556/6997 4952/5226 6878/7377
f 6878/7377 4952/5226 6874/7373
f 4951/5225 4950/5224 6878/7377
f 6878/7377 4950/5224 4974/5250
f 3168/3349 440/442 3952/4199
f 4204/4451 4203/4452 5341/5637
f 5341/5637 4203/4452 6364/6783
f 4219/4469 4222/4470 6429/6848
f 6429/6848 4222/4470 4383/4635
f 4319/4573 4322/4574 6506/6942
f 6506/6942 4322/4574 4747/4999
f 4340/4591 4714/4966 4341/4593
f 4341/4593 4714/4966 4384/4638
f 4375/4628 4377/4629 6388/6807
f 6388/6807 4377/4629 6546/6986
f 4378/4632 4381/4633 6311/6727
f 6311/6727 4381/4633 4720/4972
f 4449/4701 4341/4593 4387/4639
f 4387/4639 4341/4593 4384/4638
f 4473/4725 4472/4724 4477/4729
f 4477/4729 4472/4724 4474/4728
f 4492/4743 4491/4742 4487/4738
f 4487/4738 4491/4742 4488/4739
f 4523/4775 4491/4742 4522/4774
f 4522/4774 4491/4742 4490/4744
f 4492/4743 4538/4790 4493/4745
f 4493/4745 4538/4790 4555/4808
f 4538/4790 4553/4805 4555/4808
f 4555/4808 4553/4805 4556/4807
f 4620/4871 4615/4869 4621/4873
f 4621/4873 4615/4869 4618/4870
f 4652/4903 4651/4902 4368/4620
f 4368/4620 4651/4902 4365/4619
f 4523/4775 4655/4907 4524/4776
f 4524/4776 4655/4907 4656/4908
f 4553/4805 4667/4919 4556/4807
f 4556/4807 4667/4919 4571/4822
f 4651/4902 1210/1216 4365/4619
f 4365/4619 1210/1216 1209/1215
f 4698/4950 4697/4949 5223/5511
f 5223/5511 4697/4949 6344/6763
f 4340/4591 4339/4590 4322/4574
f 4322/4574 4339/4590 4747/4999
f 4726/4980 4729/4981 5287/5582
f 5287/5582 4729/4981 4198/4446
f 4381/4633 4380/4631 4737/4989
f 4737/4989 4380/4631 6368/6787
f 4836/5093 4835/5092 4451/4703
f 4451/4703 4835/5092 4709/4960
f 4910/5166 6367/6786 4911/5168
f 4911/5168 6367/6786 6366/6785
f 4912/5171 4915/5172 6450/6869
f 6450/6869 4915/5172 6449/6868
f 4927/5186 4836/5093 4450/4702
f 4450/4702 4836/5093 4451/4703
f 4930/5189 4929/5188 4439/4691
f 4439/4691 4929/5188 4436/4690
f 4936/5195 4935/5194 4459/4711
f 4459/4711 4935/5194 4456/4710
f 4473/4725 4655/4907 4470/4722
f 4470/4722 4655/4907 4510/4762
f 4942/5212 4583/4834 4943/5213
f 4943/5213 4583/4834 4572/4824
f 4948/5220 4601/4852 4947/5219
f 4947/5219 4601/4852 4584/4836
f 4949/5222 4835/5092 4625/4876
f 4625/4876 4835/5092 4626/4877
f 4966/5244 4969/5245 6289/6704
f 6289/6704 4969/5245 4695/4947
f 4971/5247 4652/4903 4926/5183
f 4926/5183 4652/4903 4368/4620
f 4203/4452 4977/5253 6364/6783
f 6364/6783 4977/5253 6365/6784
f 4990/5269 4989/5268 4443/4695
f 4443/4695 4989/5268 4440/4694
f 4990/5269 4991/5270 4478/4732
f 4478/4732 4991/5270 4512/4765
f 4992/5271 4991/5270 4528/4780
f 4528/4780 4991/5270 4515/4766
f 4992/5271 4993/5272 4527/4779
f 4527/4779 4993/5272 4485/4737
f 4994/5273 4993/5272 4502/4755
f 4502/4755 4993/5272 4503/4754
f 4994/5273 4995/5274 4482/4736
f 4482/4736 4995/5274 4550/4802
f 4543/4797 4996/5275 4544/4795
f 4544/4795 4996/5275 4995/5274
f 4999/5277 4998/5276 4567/4819
f 4567/4819 4998/5276 4578/4829
f 5000/5279 4998/5276 4575/4826
f 4575/4826 4998/5276 4997/5278
f 5002/5281 5001/5280 4592/4843
f 4592/4843 5001/5280 4574/4825
f 5003/5282 5004/5283 4614/4865
f 4614/4865 5004/5283 4611/4863
f 3483/7380 4215/4465 1755/5513
f 1755/5513 4215/4465 4698/4950
f 5274/5569 5277/5570 4195/4445
f 4195/4445 5277/5570 4223/4472
f 4726/4980 5295/5588 4727/4978
f 4727/4978 5295/5588 6350/6769
f 5309/5601 5342/5638 5310/5603
f 5310/5603 5342/5638 6363/6782
f 5315/5611 5314/5609 5316/5612
f 5316/5612 5314/5609 5317/5613
f 5339/5635 6362/6781 5340/5636
f 5340/5636 6362/6781 5363/5663
f 5310/5603 6363/6782 5339/5635
f 5339/5635 6363/6782 6362/6781
f 4204/4451 5309/5601 4201/4449
f 4201/4449 5309/5601 5308/5600
f 4915/5172 5345/5643 6449/6868
f 6449/6868 5345/5643 6448/6867
f 5345/5643 5315/5611 6448/6867
f 6448/6867 5315/5611 5316/5612
f 5348/5645 5347/5644 6351/6770
f 6351/6770 5347/5644 6352/6771
f 5365/5662 4263/4510 5340/5636
f 5340/5636 4263/4510 4262/4512
f 6295/6713 6298/6714 4733/4984
f 4733/4984 6298/6714 4734/4985
f 4969/5245 6306/6722 4695/4947
f 4695/4947 6306/6722 4696/4948
f 6306/6722 4378/4632 4696/4948
f 4696/4948 4378/4632 6311/6727
f 6369/6788 6372/6790 6544/6984
f 6544/6984 6372/6790 6545/6985
f 4375/4628 6390/6809 4373/4626
f 4373/4626 6390/6809 4374/4625
f 6421/6839 6422/6841 4911/5168
f 4911/5168 6422/6841 4908/5167
f 4910/5166 4909/5165 4737/4989
f 4737/4989 4909/5165 4736/4988
f 5277/5570 4219/4469 4223/4472
f 4223/4472 4219/4469 6429/6848
f 4697/4949 4222/4470 6344/6763
f 6344/6763 4222/4470 4221/4468
f 6436/6854 6361/6780 6437/6856
f 6437/6856 6361/6780 6360/6779
f 6438/6857 6440/6859 6437/6856
f 6437/6856 6440/6859 6434/6855
f 6438/6857 6359/6778 6441/6860
f 6441/6860 6359/6778 6358/6777
f 6442/6862 6441/6860 6357/6776
f 6357/6776 6441/6860 6358/6777
f 6442/6862 6444/6863 6443/6861
f 6443/6861 6444/6863 6445/6865
f 6446/6864 6444/6863 6355/6774
f 6355/6774 6444/6863 6356/6775
f 6446/6864 4912/5171 6447/6866
f 6447/6866 4912/5171 6450/6869
f 6436/6854 6435/6853 5365/5662
f 5365/5662 6435/6853 4263/4510
f 5314/5609 5347/5644 5317/5613
f 5317/5613 5347/5644 5346/5646
f 4319/4573 6512/6949 4320/4571
f 4320/4571 6512/6949 6513/6951
f 6520/6957 6512/6949 6521/6958
f 6521/6958 6512/6949 6508/6945
f 6528/6966 6520/6957 6527/6965
f 6527/6965 6520/6957 6521/6958
f 6532/6969 6539/6977 6533/6971
f 6533/6971 6539/6977 6535/6973
f 6533/6971 6535/6973 6537/6975
f 6537/6975 6535/6973 6534/6972
f 6538/6976 6543/6983 6537/6975
f 6537/6975 6543/6983 6536/6974
f 6295/6713 4377/4629 6296/6711
f 6296/6711 4377/4629 4376/4627
f 4989/5268 4930/5189 4440/4694
f 4440/4694 4930/5189 4439/4691
f 4927/5186 4929/5188 4422/4673
f 4422/4673 4929/5188 4455/4707
f 4449/4701 4936/5195 4388/4640
f 4388/4640 4936/5195 4459/4711
f 4472/4724 4935/5194 4474/4728
f 4474/4728 4935/5194 4932/5190
f 4942/5212 4940/5208 4947/5219
f 4947/5219 4940/5208 4939/5210
f 5001/5280 5000/5279 4574/4825
f 4574/4825 5000/5279 4575/4826
f 4669/4921 4943/5213 4666/4918
f 4666/4918 4943/5213 4667/4919
f 4996/5275 4999/5277 4547/4801
f 4547/4801 4999/5277 4567/4819
f 4948/5220 4946/5217 4620/4871
f 4620/4871 4946/5217 4615/4869
f 5003/5282 5002/5281 4591/4845
f 4591/4845 5002/5281 4592/4843
f 6557/6998 4971/5247 6554/6995
f 6554/6995 4971/5247 4926/5183
f 6532/6969 6560/7001 6539/6977
f 6539/6977 6560/7001 6559/7000
f 6390/6809 6372/6790 4374/4625
f 4374/4625 6372/6790 6371/6791
f 4966/5244 6298/6714 4967/5242
f 4967/5242 6298/6714 6297/6712
f 6538/6976 6526/6963 6369/6788
f 6369/6788 6526/6963 6370/6789
f 6585/7032 6589/7035 4621/4873
f 4621/4873 6589/7035 4619/4872
f 6597/7045 6578/7025 6598/7047
f 6598/7047 6578/7025 6577/7023
f 6606/7054 6583/7029 6607/7056
f 6607/7056 6583/7029 6603/7052
f 6611/7061 6602/7051 6598/7047
f 6598/7047 6602/7051 6596/7046
f 6585/7032 6584/7031 6606/7054
f 6606/7054 6584/7031 6583/7029
f 6597/7045 6580/7027 5004/5283
f 5004/5283 6580/7027 4611/4863
f 6607/7056 6603/7052 6730/7213
f 6730/7213 6603/7052 6732/7215
f 6776/7263 6785/7269 6777/7261
f 6777/7261 6785/7269 6784/7268
f 6785/7269 6776/7263 6792/7279
f 6792/7279 6776/7263 6782/7267
f 6815/7303 6814/7302 6812/7300
f 6812/7300 6814/7302 6813/7301
f 6817/7305 6814/7302 6795/7283
f 6795/7283 6814/7302 6796/7284
f 6825/7319 6784/7318 6827/7321
f 6827/7321 6784/7318 6783/7323
f 6830/7326 6815/7303 6832/7327
f 6832/7327 6815/7303 6812/7300
f 6817/7305 6795/7283 6835/7331
f 6835/7331 6795/7283 6837/7332
f 6792/7279 6782/7267 6730/7213
f 6730/7213 6782/7267 6728/7211
f 6858/7355 6825/7319 6860/7356
f 6860/7356 6825/7319 6827/7321
f 6863/7360 6830/7326 6857/7354
f 6857/7354 6830/7326 6832/7327
f 6864/7361 6863/7360 6856/7353
f 6856/7353 6863/7360 6857/7354
f 6866/7363 6858/7355 6867/7364
f 6867/7364 6858/7355 6860/7356
f 6866/7363 6864/7361 6855/7352
f 6855/7352 6864/7361 6856/7353
f 6835/7331 6837/7332 6611/7061
f 6611/7061 6837/7332 6602/7051
f 6560/7001 6528/6966 6559/7000
f 6559/7000 6528/6966 6527/6965
f 4949/5222 6557/6998 4710/4961
f 4710/4961 6557/6998 6554/6995
f 4430/4682 4090/4337 4175/4422
f 4175/4422 4090/4337 4089/4338
f 4777/5030 4113/4360 4155/4404
f 4155/4404 4113/4360 4086/4334
f 4175/4422 4089/4338 4176/4424
f 4176/4424 4089/4338 4142/4390
f 4199/4447 4271/4518 4200/4448
f 4200/4448 4271/4518 4798/5055
f 4199/4447 4095/4345 4272/4520
f 4272/4520 4095/4345 5273/6753
f 4406/4658 4405/4657 4404/4656
f 4404/4656 4405/4657 4346/4597
f 4410/4661 4409/4660 6877/7376
f 6877/7376 4409/4660 6876/7375
f 4409/4660 4413/4665 6876/7375
f 6876/7375 4413/4665 6307/6724
f 4415/4666 4148/4395 4416/4668
f 4416/4668 4148/4395 4147/4397
f 4690/4942 4405/4657 4344/4596
f 4344/4596 4405/4657 4342/4595
f 4693/4944 4692/4945 4352/4604
f 4352/4604 4692/4945 4349/4603
f 4701/4952 4700/4951 6337/6754
f 6337/6754 4700/4951 6338/6755
f 4778/5031 4777/5030 4081/4330
f 4081/4330 4777/5030 4155/4404
f 4821/5078 4406/4658 4809/5068
f 4809/5068 4406/4658 4404/4656
f 4176/4424 4142/4390 4181/4429
f 4181/4429 4142/4390 4415/4666
f 4760/5012 4970/5246 4399/4653
f 4399/4653 4970/5246 4692/4945
f 4200/4448 5007/5286 4096/4343
f 4096/4343 5007/5286 4078/4325
f 5266/5558 4693/4944 5269/5561
f 5269/5561 4693/4944 4352/4604
f 5270/5562 5007/5286 5361/5659
f 5361/5659 5007/5286 4797/5054
f 4778/5031 5270/5562 4779/5033
f 4779/5033 5270/5562 5361/5659
f 6285/6701 4410/4661 6875/7374
f 6875/7374 4410/4661 6877/7376
f 6308/6723 4413/4665 4687/4939
f 4687/4939 4413/4665 4412/4664
f 6480/6916 6320/6736 6481/6918
f 6481/6918 6320/6736 6880/7381
f 4701/4952 2878/6757 4702/4954
f 4702/4954 2878/6757 3472/7369
f 6339/6758 6347/6766 6340/6759
f 6340/6759 6347/6766 6348/6767
f 6341/6760 6342/6761 6346/6765
f 6346/6765 6342/6761 6345/6764
f 4416/4668 6308/6723 4414/4667
f 4414/4667 6308/6723 4687/4939
f 6385/6804 4690/4942 6381/6800
f 6381/6800 4690/4942 4344/4596
f 5282/5575 6341/6760 5280/5573
f 5280/5573 6341/6760 6339/6758
f 4700/4951 6342/6761 6338/6755
f 6338/6755 6342/6761 5281/5574
f 6340/6759 6348/6767 4272/6895
f 4272/6895 6348/6767 4270/6893
f 6480/6916 6479/6915 4828/5085
f 4828/5085 6479/6915 4829/5086
f 6490/6927 6479/6915 6489/6926
f 6489/6926 6479/6915 6478/6917
f 4090/4337 4430/4682 6490/6927
f 6490/6927 4430/4682 4429/4681
f 6563/7005 6564/7006 4970/5246
f 4970/5246 6564/7006 4815/5072
f 4694/4946 6566/7008 4366/4617
f 4366/4617 6566/7008 6563/7005
f 6572/7014 6385/6804 6568/7010
f 6568/7010 6385/6804 6381/6800
f 4821/5078 6285/6701 4822/5079
f 4822/5079 6285/6701 6875/7374
f 6572/7014 5266/5558 6569/7011
f 6569/7011 5266/5558 5269/5561
f 3482/7379 3103/6964 4369/4621
f 4369/4621 3103/6964 4370/4622
f 3121/6981 4730/4982 3485/7382
f 3485/7382 4730/4982 4327/4579
f 6277/6692 6280/6695 6273/6688
f 6273/6688 6280/6695 6272/6687
f 6267/6682 6276/6691 6278/6693
f 6278/6693 6276/6691 6279/6694
f 6278/6693 6279/6694 6277/6692
f 6277/6692 6279/6694 6280/6695
f 6279/6694 6256/6671 6280/6695
f 6280/6695 6256/6671 6255/6670
f 6256/6671 3857/4091 6255/6670
f 6255/6670 3857/4091 3754/3985
f 3857/4091 3856/4090 3754/3985
f 3754/3985 3856/4090 3755/3986
f 3856/4090 3703/3934 3755/3986
f 3755/3986 3703/3934 3863/4097
f 3703/3934 3702/3933 3863/4097
f 3863/4097 3702/3933 3759/3991
f 3702/3933 3706/3938 3759/3991
f 3759/3991 3706/3938 3670/3902
f 3706/3938 3705/3937 3670/3902
f 3670/3902 3705/3937 3668/3901
f 3705/3937 3773/4005 3668/3901
f 3668/3901 3773/4005 3882/4116
f 3882/4116 3773/4005 3883/4117
f 3883/4117 3773/4005 3707/3939
f 3707/3939 3708/3940 3883/4117
f 3883/4117 3708/3940 3880/4114
f 3708/3940 3710/3942 3880/4114
f 3880/4114 3710/3942 3881/4115
f 3709/3941 5241/5531 3710/3942
f 3710/3942 5241/5531 3881/4115
f 5241/5531 3709/3941 5234/5524
f 5234/5524 3709/3941 3786/4018
f 3693/3924 3712/3944 3786/4018
f 3786/4018 3712/3944 5234/5524
f 4051/4300 4055/4303 4052/4299
f 4052/4299 4055/4303 4056/4304
f 4056/4304 4055/4303 4057/4306
f 4057/4306 4055/4303 4054/4302
f 4066/4314 5238/5528 5236/5526
f 5236/5526 5238/5528 3989/4237
f 4066/4314 4069/4316 5238/5528
f 5238/5528 4069/4316 4035/4282
f 6881/7383 3962/4210 3960/4208
f 3960/4208 3962/4210 3957/4207
f 6883/7384 4070/4318 6882/7385
f 6882/7385 4070/4318 3941/4183
f 4070/4318 6883/7384 4071/4319
f 4071/4319 6883/7384 6884/7386
f 4071/4319 6884/7386 4072/4320
f 4072/4320 6884/7386 6885/7387
f 6885/7387 6886/7388 4072/4320
f 4072/4320 6886/7388 4031/4279
f 3955/4204 6881/7383 3956/4203
f 3956/4203 6881/7383 3960/4208
f 6884/7386 3991/4240 6885/7387
f 6885/7387 3991/4240 3990/4238
f 6883/7384 6887/7389 6884/7386
f 6884/7386 6887/7389 3991/4240
f 6887/7389 6888/7390 3991/4240
f 3991/4240 6888/7390 3992/4239
f 6888/7390 6887/7389 6889/7391
f 6889/7391 6887/7389 6890/7392
f 6887/7389 6883/7384 6890/7392
f 6890/7392 6883/7384 6882/7385
f 4058/4305 5240/5530 3953/4201
f 3953/4201 5240/5530 3954/4202
f 5236/5526 6888/7390 5239/5529
f 5239/5529 6888/7390 6889/7391
f 5237/5527 6886/7388 3990/4238
f 3990/4238 6886/7388 6885/7387
f 4034/4281 4031/4279 5237/5527
f 5237/5527 4031/4279 6886/7388
f 6881/7383 6882/7385 3962/4210
f 3962/4210 6882/7385 3941/4183
f 6881/7383 3955/4204 6882/7385
f 6882/7385 3955/4204 6890/7392
f 3955/4204 3954/4202 6890/7392
f 6890/7392 3954/4202 6889/7391
f 5239/5529 6889/7391 5240/5530
f 5240/5530 6889/7391 3954/4202
f 6888/7390 5236/5526 3992/4239
f 3992/4239 5236/5526 3989/4237
f 3869/4102 3868/4101 3888/4122
f 3888/4122 3868/4101 4015/4263
f 3868/4101 4012/4259 4015/4263
f 4015/4263 4012/4259 4010/4258
f 4012/4259 4022/4269 4010/4258
f 4010/4258 4022/4269 4009/4257
f 4022/4269 4021/4268 4009/4257
f 4009/4257 4021/4268 4018/4266
f 4020/4270 3974/4221 4001/4248
f 4001/4248 3974/4221 3996/4244
f 4021/4268 4020/4270 4029/4277
f 4029/4277 4020/4270 4001/4248
f 4085/4332 4156/4403 4086/4334
f 4086/4334 4156/4403 4155/4404
f 4113/4360 4777/5030 4114/4362
f 4114/4362 4777/5030 4776/5032
f 4130/4377 4129/4378 4094/4342
f 4094/4342 4129/4378 4091/4341
f 4139/4386 4773/5027 4140/4388
f 4140/4388 4773/5027 4772/5026
f 4149/4396 4178/4425 4150/4398
f 4150/4398 4178/4425 5225/5515
f 4160/4407 4159/4408 4087/4335
f 4087/4335 4159/4408 4088/4336
f 4149/4396 4148/4395 4179/4427
f 4179/4427 4148/4395 4141/4389
f 4085/4332 4084/4331 4183/4431
f 4183/4431 4084/4331 6315/6730
f 4179/4427 4141/4389 4159/4408
f 4159/4408 4141/4389 4088/4336
f 4192/4441 4130/4377 4162/4410
f 4162/4410 4130/4377 4094/4342
f 4197/4444 5288/5580 4198/4446
f 4198/4446 5288/5580 5287/5582
f 4229/4476 4766/5022 4230/4478
f 4230/4478 4766/5022 4771/5025
f 4245/4492 4246/4494 4242/4490
f 4242/4490 4246/4494 4249/4496
f 4183/4431 6315/6730 4418/4670
f 4418/4670 6315/6730 6314/6732
f 4679/4930 4178/4425 4680/4932
f 4680/4932 4178/4425 4177/4426
f 4724/4975 4798/5055 4725/4977
f 4725/4977 4798/5055 4271/4518
f 4728/4979 5275/5567 4729/4981
f 4729/4981 5275/5567 5274/5569
f 4230/4478 4771/5025 4249/4496
f 4249/4496 4771/5025 4242/4490
f 4724/4975 4723/4974 4799/5056
f 4799/5056 4723/4974 5355/5655
f 4823/5080 4824/5081 4891/5148
f 4891/5148 4824/5081 6327/6743
f 4823/5080 4192/4441 4161/4409
f 4161/4409 4192/4441 4162/4410
f 4893/5150 4767/5020 4229/4476
f 4229/4476 4767/5020 4766/5022
f 4894/5151 4895/5152 4898/5156
f 4898/5156 4895/5152 4899/5155
f 4106/4353 4150/4398 4103/4351
f 4103/4351 4150/4398 5225/5515
f 4680/4932 4894/5151 4677/4931
f 4677/4931 4894/5151 4898/5156
f 6420/6840 4977/5253 5301/5594
f 5301/5594 4977/5253 4976/5252
f 4679/4930 4678/4929 5226/5516
f 5226/5516 4678/4929 4427/4679
f 5228/5518 5008/5287 4893/5150
f 4893/5150 5008/5287 4767/5020
f 5285/5577 6354/6772 5286/5579
f 5286/5579 6354/6772 5343/6892
f 5289/5581 5352/5650 5290/5583
f 5290/5583 5352/5650 5349/5647
f 5290/5583 5349/5647 5295/5588
f 5295/5588 5349/5647 5348/5645
f 5302/5595 5299/5592 4202/4450
f 4202/4450 5299/5592 4976/5252
f 4725/4977 4271/4518 5311/5605
f 5311/5605 4271/4518 4270/4519
f 5325/5620 4723/4974 5326/5622
f 5326/5622 4723/4974 4722/4976
f 5335/5631 5355/5655 5325/5620
f 5325/5620 5355/5655 4723/4974
f 5326/5622 4722/4976 5286/5641
f 5286/5641 4722/4976 5283/5604
f 4799/5056 5357/5654 4797/5054
f 4797/5054 5357/5654 5361/5659
f 5359/5657 5356/5653 5335/5631
f 5335/5631 5356/5653 5355/5655
f 4775/5028 4774/5029 5356/5653
f 5356/5653 4774/5029 5357/5654
f 5359/5657 5358/5656 4092/4339
f 4092/4339 5358/5656 4093/4340
f 6316/6731 4740/4993 6317/6733
f 6317/6733 4740/4993 4739/4991
f 6318/6734 4827/5084 6316/6731
f 6316/6731 4827/5084 4740/4993
f 6319/6735 4828/5085 6318/6734
f 6318/6734 4828/5085 4827/5084
f 6320/6736 6480/6916 6319/6735
f 6319/6735 6480/6916 4828/5085
f 6484/6920 6322/6737 6485/6922
f 6485/6922 6322/6737 6321/6738
f 6487/6924 6324/6739 6331/6747
f 6331/6747 6324/6739 6323/6740
f 6331/6747 6323/6740 6330/6746
f 6330/6746 6323/6740 6325/6741
f 6325/6741 6326/6742 6330/6746
f 6330/6746 6326/6742 6329/6745
f 6326/6742 6328/6744 6329/6745
f 6329/6745 6328/6744 5231/5521
f 4824/5081 4685/4937 5228/5518
f 5228/5518 4685/4937 5008/5287
f 5226/5516 6343/6762 5225/5515
f 5225/5515 6343/6762 4103/4351
f 4728/4979 4727/4978 6349/6768
f 6349/6768 4727/4978 5284/5576
f 6350/6769 6351/6770 5285/5577
f 5285/5577 6351/6770 6354/6772
f 4247/4495 4246/4494 6418/6838
f 6418/6838 4246/4494 6365/6784
f 6400/6818 6402/6821 6401/6820
f 6401/6820 6402/6821 6459/6878
f 4197/4444 4196/4443 6409/6828
f 6409/6828 4196/4443 6426/6845
f 6412/6831 4897/5154 6328/6744
f 6328/6744 4897/5154 5231/5521
f 6413/6832 4133/4380 6412/6831
f 6412/6831 4133/4380 4897/5154
f 6414/6833 4134/4382 6413/6832
f 6413/6832 4134/4382 4133/4380
f 6415/6834 4225/4473 6414/6833
f 6414/6833 4225/4473 4134/4382
f 6416/6835 4252/4499 6415/6834
f 6415/6834 4252/4499 4225/4473
f 6417/6836 4253/4501 6416/6835
f 6416/6835 4253/4501 4252/4499
f 4253/4501 6417/6836 6366/6785
f 6366/6785 6417/6836 6419/6837
f 6366/6785 6419/6837 4911/5168
f 4911/5168 6419/6837 6421/6839
f 6422/6841 6423/6842 4908/5167
f 4908/5167 6423/6842 5298/5591
f 5298/5591 6423/6842 6396/6814
f 6396/6814 6423/6842 6424/6843
f 6409/6828 6426/6845 6425/6844
f 6425/6844 6426/6845 6397/6816
f 5300/5593 5299/5592 6399/6817
f 6399/6817 5299/5592 6400/6818
f 6465/6884 6408/6827 6401/6820
f 6401/6820 6408/6827 6398/6819
f 6424/6843 6399/6817 6425/6844
f 6425/6844 6399/6817 6398/6819
f 6349/6768 5284/5576 5311/6894
f 5311/6894 5284/5576 5283/5578
f 6465/6884 6464/6883 5289/5581
f 5289/5581 6464/6883 5352/5650
f 6488/6925 6483/6919 6492/6929
f 6492/6929 6483/6919 6482/6921
f 6486/6923 6491/6928 6482/6921
f 6482/6921 6491/6928 6492/6929
f 6491/6928 4895/5152 6492/6929
f 6492/6929 4895/5152 4157/4405
f 6488/6925 4160/4407 6489/6926
f 6489/6926 4160/4407 4087/4335
f 6501/6938 6502/6939 4418/4670
f 4418/4670 6502/6939 4417/4669
f 6504/6941 6500/6937 6317/6733
f 6317/6733 6500/6937 6314/6732
f 3497/3729 3496/3728 6501/6938
f 6501/6938 3496/3728 6502/6939
f 3499/3731 3498/3730 6504/6941
f 6504/6941 3498/3730 6500/6937
f 4729/4981 5274/5569 4198/4446
f 4198/4446 5274/5569 4195/4445
f 6418/6838 6365/6784 6420/6840
f 6420/6840 6365/6784 4977/5253
f 5295/5588 5348/5645 6350/6769
f 6350/6769 5348/5645 6351/6770
f 5301/5594 6422/6841 6420/6840
f 6420/6840 6422/6841 6421/6839
f 4113/4360 4112/4359 4086/4334
f 4086/4334 4112/4359 4083/4333
f 6320/6736 4112/4359 6880/7381
f 6880/7381 4112/4359 4111/4361
f 4091/4341 4772/5026 4092/4339
f 4092/4339 4772/5026 4775/5028
f 4129/4378 4140/4388 4091/4341
f 4091/4341 4140/4388 4772/5026
f 4137/4387 4140/4388 4128/4376
f 4128/4376 4140/4388 4129/4378
f 4128/4376 6324/6739 4137/4387
f 4137/4387 6324/6739 6321/6738
f 6324/6739 6487/6924 6321/6738
f 6321/6738 6487/6924 6485/6922
f 6487/6924 6486/6923 6485/6922
f 6485/6922 6486/6923 6482/6921
f 4774/5029 4773/5027 4779/5033
f 4779/5033 4773/5027 4776/5032
f 4773/5027 4139/4386 4776/5032
f 4776/5032 4139/4386 4114/4362
f 4139/4386 4138/4385 4114/4362
f 4114/4362 4138/4385 4111/4361
f 4138/4385 6322/6737 4111/4361
f 4111/4361 6322/6737 6880/7381
f 6322/6737 6484/6920 6880/7381
f 6880/7381 6484/6920 6481/6918
f 6484/6920 6483/6919 6481/6918
f 6481/6918 6483/6919 6478/6917
f 6879/7378 6343/6762 6309/6725
f 6309/6725 6343/6762 4428/4680
f 4106/4353 4105/4354 4900/5157
f 4900/5157 4105/4354 6307/6724
f 3500/3732 3167/3348 6495/6933
f 6495/6933 3167/3348 6496/6932
f 3500/3732 6495/6933 3070/3250
f 3070/3250 6495/6933 5368/5666
f 3502/3734 5235/5525 3501/3733
f 3501/3733 5235/5525 4813/5070
f 3024/6908 3503/7393 6473/6903
f 6473/6903 3503/7393 6474/6904
f 3503/7393 3023/6907 6474/6904
f 6474/6904 3023/6907 6374/6793
f 3504/3736 1770/1813 4348/4600
f 4348/4600 1770/1813 4345/4599
f 3502/3734 3505/3737 5235/5525
f 5235/5525 3505/3737 4810/5066
f 3498/3730 3497/3729 6500/6937
f 6500/6937 3497/3729 6501/6938
f 3496/3728 3075/3254 6502/6939
f 6502/6939 3075/3254 6275/6690
f 6299/6715 4254/4504 3174/7021
f 3174/7021 4254/4504 3017/6901
f 1769/1812 3501/3733 4814/5071
f 4814/5071 3501/3733 4813/5070
f 3506/7394 3018/6902 6476/6910
f 6476/6910 3018/6902 4257/4505
f 3507/3739 3499/3731 6499/6936
f 6499/6936 3499/3731 6504/6941
f 3030/6914 4216/4463 3483/7380
f 3483/7380 4216/4463 4215/4465
f 3077/3257 3507/3739 6333/6749
f 6333/6749 3507/3739 6499/6936
f 1784/5540 3160/7017 5249/5539
f 5249/5539 3160/7017 6523/6959
f 3015/6899 3506/7394 4240/4487
f 4240/4487 3506/7394 6476/6910
f 3508/3740 3504/3736 6383/6802
f 6383/6802 3504/3736 4348/4600
f 3509/7395 3016/6900 6477/6911
f 6477/6911 3016/6900 4239/4486
f 3028/6913 3509/7395 6467/6886
f 6467/6886 3509/7395 6477/6911
f 3022/6906 1785/5541 5246/5535
f 5246/5535 1785/5541 5247/5536
f 3161/3342 3508/3740 6570/7012
f 6570/7012 3508/3740 6383/6802
f 3150/3331 3149/3330 4694/4946
f 4694/4946 3149/3330 6566/7008
f 1327/1335 4807/5064 3510/3742
f 3510/3742 4807/5064 4811/5067
f 3510/3742 4811/5067 3505/3737
f 3505/3737 4811/5067 4810/5066
f 3146/3327 3511/3743 4816/5073
f 4816/5073 3511/3743 4350/4601
f 3511/3743 1808/1852 4350/4601
f 4350/4601 1808/1852 4351/4602
f 3485/7382 4327/4579 3159/7018
f 3159/7018 4327/4579 4330/4581
f 1326/1337 3512/3744 4806/5063
f 4806/5063 3512/3744 6310/6726
f 3512/3744 1331/1339 6310/6726
f 6310/6726 1331/1339 4688/4941

